{
"type": "FeatureCollection",
"name": "La_Banque_Postale",
"crs": { "type": "name", "properties": { "name": "urn:ogc:def:crs:OGC:1.3:CRS84" } },
"features": [
{ "type": "Feature", "properties": { "codgeo": "30334", "value": 60, "isochrone_group": 1.0, "nb_agences": 1 }, "geometry": { "type": "Polygon", "coordinates": [ [ [ 4.409884, 44.010497 ], [ 4.414819, 44.009704 ], [ 4.414894, 44.009719 ], [ 4.417697, 44.011078 ], [ 4.41799, 44.011286 ], [ 4.417878, 44.011521 ], [ 4.417519, 44.011844 ], [ 4.414698, 44.014032 ], [ 4.41436, 44.014156 ], [ 4.409811, 44.01085 ], [ 4.409884, 44.010497 ] ] ] } },
{ "type": "Feature", "properties": { "codgeo": "30334", "value": 120, "isochrone_group": 2.0, "nb_agences": 1 }, "geometry": { "type": "Polygon", "coordinates": [ [ [ 4.404347, 44.010024 ], [ 4.405191, 44.011484 ], [ 4.407459, 44.012332 ], [ 4.409853, 44.016315 ], [ 4.409973, 44.016654 ], [ 4.412295, 44.016224 ], [ 4.4135, 44.015958 ], [ 4.415704, 44.015369 ], [ 4.419038, 44.012599 ], [ 4.421362, 44.011546 ], [ 4.42154, 44.011233 ], [ 4.420349, 44.009897 ], [ 4.417224, 44.006815 ], [ 4.415869, 44.00591 ], [ 4.415515, 44.005977 ], [ 4.413145, 44.006803 ], [ 4.412858, 44.00702 ], [ 4.409297, 44.008469 ], [ 4.404836, 44.007357 ], [ 4.404508, 44.007207 ], [ 4.404427, 44.007386 ], [ 4.404408, 44.007635 ], [ 4.404347, 44.010024 ] ], [ [ 4.414819, 44.009704 ], [ 4.414894, 44.009719 ], [ 4.417697, 44.011078 ], [ 4.41799, 44.011286 ], [ 4.417878, 44.011521 ], [ 4.417519, 44.011844 ], [ 4.414698, 44.014032 ], [ 4.41436, 44.014156 ], [ 4.409811, 44.01085 ], [ 4.409884, 44.010497 ], [ 4.414819, 44.009704 ] ] ] } },
{ "type": "Feature", "properties": { "codgeo": "30334", "value": 180, "isochrone_group": 3.0, "nb_agences": 1 }, "geometry": { "type": "Polygon", "coordinates": [ [ [ 4.401922, 44.019465 ], [ 4.40215, 44.019745 ], [ 4.410947, 44.018527 ], [ 4.413227, 44.018717 ], [ 4.416084, 44.0185 ], [ 4.422648, 44.013898 ], [ 4.422722, 44.013597 ], [ 4.423041, 44.010339 ], [ 4.42254, 44.009558 ], [ 4.417543, 44.003564 ], [ 4.415924, 44.002017 ], [ 4.41558, 44.002122 ], [ 4.41183, 44.004746 ], [ 4.40354, 44.002738 ], [ 4.401206, 44.003067 ], [ 4.399603, 44.003358 ], [ 4.399567, 44.003716 ], [ 4.402274, 44.010647 ], [ 4.401922, 44.019465 ] ], [ [ 4.404427, 44.007386 ], [ 4.404508, 44.007207 ], [ 4.404836, 44.007357 ], [ 4.409297, 44.008469 ], [ 4.412858, 44.00702 ], [ 4.413145, 44.006803 ], [ 4.415515, 44.005977 ], [ 4.415869, 44.00591 ], [ 4.417224, 44.006815 ], [ 4.420349, 44.009897 ], [ 4.42154, 44.011233 ], [ 4.421362, 44.011546 ], [ 4.419038, 44.012599 ], [ 4.415704, 44.015369 ], [ 4.4135, 44.015958 ], [ 4.412295, 44.016224 ], [ 4.409973, 44.016654 ], [ 4.409853, 44.016315 ], [ 4.407459, 44.012332 ], [ 4.405191, 44.011484 ], [ 4.404347, 44.010024 ], [ 4.404408, 44.007635 ], [ 4.404427, 44.007386 ] ] ] } },
{ "type": "Feature", "properties": { "codgeo": "30334", "value": 240, "isochrone_group": 4.0, "nb_agences": 1 }, "geometry": { "type": "Polygon", "coordinates": [ [ [ 4.393826, 44.022555 ], [ 4.393957, 44.022891 ], [ 4.402798, 44.023973 ], [ 4.404453, 44.024484 ], [ 4.412919, 44.025765 ], [ 4.413276, 44.025808 ], [ 4.416714, 44.021843 ], [ 4.419245, 44.017735 ], [ 4.424974, 44.017095 ], [ 4.428955, 44.017599 ], [ 4.429168, 44.017398 ], [ 4.429382, 44.017111 ], [ 4.429534, 44.016809 ], [ 4.429596, 44.016623 ], [ 4.429623, 44.016452 ], [ 4.429627, 44.016127 ], [ 4.429578, 44.015939 ], [ 4.429512, 44.015811 ], [ 4.429397, 44.015675 ], [ 4.429301, 44.015601 ], [ 4.429161, 44.015511 ], [ 4.428995, 44.015435 ], [ 4.428709, 44.015349 ], [ 4.422766, 44.008745 ], [ 4.42246, 44.007681 ], [ 4.421466, 44.005427 ], [ 4.41797, 44.001769 ], [ 4.416479, 43.997136 ], [ 4.416216, 43.996891 ], [ 4.413283, 43.996085 ], [ 4.412931, 43.996159 ], [ 4.412985, 43.996415 ], [ 4.413289, 43.998373 ], [ 4.41082, 44.003169 ], [ 4.403504, 44.00159 ], [ 4.403419, 44.001457 ], [ 4.403354, 44.001415 ], [ 4.399699, 43.99783 ], [ 4.399348, 43.99775 ], [ 4.393443, 43.996521 ], [ 4.393132, 43.996702 ], [ 4.389833, 44.001863 ], [ 4.389782, 44.002219 ], [ 4.391527, 44.004969 ], [ 4.391719, 44.005273 ], [ 4.392122, 44.005018 ], [ 4.399306, 44.010231 ], [ 4.399287, 44.01059 ], [ 4.396589, 44.016621 ], [ 4.393826, 44.022555 ] ], [ [ 4.399567, 44.003716 ], [ 4.399603, 44.003358 ], [ 4.401206, 44.003067 ], [ 4.40354, 44.002738 ], [ 4.41183, 44.004746 ], [ 4.41558, 44.002122 ], [ 4.415924, 44.002017 ], [ 4.417543, 44.003564 ], [ 4.42254, 44.009558 ], [ 4.423041, 44.010339 ], [ 4.422722, 44.013597 ], [ 4.422648, 44.013898 ], [ 4.416084, 44.0185 ], [ 4.413227, 44.018717 ], [ 4.410947, 44.018527 ], [ 4.40215, 44.019745 ], [ 4.401922, 44.019465 ], [ 4.402274, 44.010647 ], [ 4.399567, 44.003716 ] ] ] } },
{ "type": "Feature", "properties": { "codgeo": "30334", "value": 300, "isochrone_group": 5.0, "nb_agences": 1 }, "geometry": { "type": "MultiPolygon", "coordinates": [ [ [ [ 4.401283, 43.996223 ], [ 4.401134, 43.995895 ], [ 4.400618, 43.996129 ], [ 4.400102, 43.996363 ], [ 4.392383, 43.992416 ], [ 4.38578, 43.9904 ], [ 4.385574, 43.990695 ], [ 4.385363, 43.999595 ], [ 4.38171, 44.001046 ], [ 4.381224, 44.001095 ], [ 4.380734, 44.001144 ], [ 4.380331, 44.001194 ], [ 4.379929, 44.001243 ], [ 4.379973, 44.001601 ], [ 4.381687, 44.001782 ], [ 4.382047, 44.001774 ], [ 4.387156, 44.009029 ], [ 4.387338, 44.00934 ], [ 4.389896, 44.010763 ], [ 4.390137, 44.010964 ], [ 4.39157, 44.012215 ], [ 4.391777, 44.012452 ], [ 4.392056, 44.012723 ], [ 4.392324, 44.012983 ], [ 4.394686, 44.016782 ], [ 4.392979, 44.021962 ], [ 4.388661, 44.024329 ], [ 4.388497, 44.024377 ], [ 4.388382, 44.02445 ], [ 4.38685, 44.025279 ], [ 4.38698, 44.025615 ], [ 4.389133, 44.025586 ], [ 4.389475, 44.025474 ], [ 4.396599, 44.02472 ], [ 4.40106, 44.026044 ], [ 4.40657, 44.028182 ], [ 4.410658, 44.031347 ], [ 4.410993, 44.031479 ], [ 4.414796, 44.027731 ], [ 4.415067, 44.027495 ], [ 4.417556, 44.024124 ], [ 4.417754, 44.023824 ], [ 4.418924, 44.022471 ], [ 4.418998, 44.022323 ], [ 4.41903, 44.022207 ], [ 4.420744, 44.01921 ], [ 4.428794, 44.022212 ], [ 4.429059, 44.022456 ], [ 4.43421, 44.020804 ], [ 4.434286, 44.020452 ], [ 4.429512, 44.015811 ], [ 4.429578, 44.015939 ], [ 4.429627, 44.016127 ], [ 4.429623, 44.016452 ], [ 4.429596, 44.016623 ], [ 4.429534, 44.016809 ], [ 4.429382, 44.017111 ], [ 4.429168, 44.017398 ], [ 4.428955, 44.017599 ], [ 4.424974, 44.017095 ], [ 4.419245, 44.017735 ], [ 4.416714, 44.021843 ], [ 4.413276, 44.025808 ], [ 4.412919, 44.025765 ], [ 4.404453, 44.024484 ], [ 4.402798, 44.023973 ], [ 4.393957, 44.022891 ], [ 4.393826, 44.022555 ], [ 4.396589, 44.016621 ], [ 4.399287, 44.01059 ], [ 4.399306, 44.010231 ], [ 4.392122, 44.005018 ], [ 4.391719, 44.005273 ], [ 4.391527, 44.004969 ], [ 4.389782, 44.002219 ], [ 4.389833, 44.001863 ], [ 4.393132, 43.996702 ], [ 4.393443, 43.996521 ], [ 4.399348, 43.99775 ], [ 4.399699, 43.99783 ], [ 4.403354, 44.001415 ], [ 4.403419, 44.001457 ], [ 4.403504, 44.00159 ], [ 4.406461544473551, 44.002228321859448 ], [ 4.401283, 43.996223 ] ] ], [ [ [ 4.422146, 44.006433 ], [ 4.422094, 44.006252 ], [ 4.421917, 44.005939 ], [ 4.420009, 44.002124 ], [ 4.419417, 43.997492 ], [ 4.423041, 43.99305 ], [ 4.42303, 43.99269 ], [ 4.423015, 43.99261 ], [ 4.42267, 43.992508 ], [ 4.419529, 43.991842 ], [ 4.413306, 43.987431 ], [ 4.412989, 43.987259 ], [ 4.411644, 43.988213 ], [ 4.411575, 43.988566 ], [ 4.410758, 43.991115 ], [ 4.410677, 43.991465 ], [ 4.411608, 43.994725 ], [ 4.411758, 43.997421 ], [ 4.411715, 43.997758 ], [ 4.406729138172675, 44.00228607615837 ], [ 4.41082, 44.003169 ], [ 4.413289, 43.998373 ], [ 4.412985, 43.996415 ], [ 4.412931, 43.996159 ], [ 4.413283, 43.996085 ], [ 4.416216, 43.996891 ], [ 4.416479, 43.997136 ], [ 4.41797, 44.001769 ], [ 4.421466, 44.005427 ], [ 4.42246, 44.007681 ], [ 4.422146, 44.006433 ] ] ] ] } },
{ "type": "Feature", "properties": { "codgeo": "30334", "value": 360, "isochrone_group": 6.0, "nb_agences": 1 }, "geometry": { "type": "Polygon", "coordinates": [ [ [ 4.423237, 43.998002 ], [ 4.427807, 43.993914 ], [ 4.428501, 43.991883 ], [ 4.428436, 43.991722 ], [ 4.426842, 43.990446 ], [ 4.422221, 43.98747 ], [ 4.419272, 43.984322 ], [ 4.414026, 43.981701 ], [ 4.41257, 43.981097 ], [ 4.412481, 43.981066 ], [ 4.410549, 43.983555 ], [ 4.407945, 43.989671 ], [ 4.402593, 43.993477 ], [ 4.40199, 43.993744 ], [ 4.401419, 43.993944 ], [ 4.393452, 43.98982 ], [ 4.393072, 43.988893 ], [ 4.392047, 43.988809 ], [ 4.383779, 43.98601 ], [ 4.377239, 43.984215 ], [ 4.375208, 43.987187 ], [ 4.376818, 43.988288 ], [ 4.37994, 43.992873 ], [ 4.375327, 43.998236 ], [ 4.374817, 43.998274 ], [ 4.374392, 43.99837 ], [ 4.371329, 43.998233 ], [ 4.370808, 43.998249 ], [ 4.370347, 43.998259 ], [ 4.369847, 43.998323 ], [ 4.368893, 43.998525 ], [ 4.369637, 44.002047 ], [ 4.372337, 44.003047 ], [ 4.37252, 44.003132 ], [ 4.377529, 44.00444 ], [ 4.383534, 44.010676 ], [ 4.383446, 44.011467 ], [ 4.38694, 44.012331 ], [ 4.391799, 44.018181 ], [ 4.385884, 44.021673 ], [ 4.382482, 44.02285 ], [ 4.377736, 44.027066 ], [ 4.377174, 44.029357 ], [ 4.377271, 44.029517 ], [ 4.379024, 44.030428 ], [ 4.383022, 44.030432 ], [ 4.383522, 44.030431 ], [ 4.390253, 44.030158 ], [ 4.391002, 44.030075 ], [ 4.391426, 44.030025 ], [ 4.391726, 44.029976 ], [ 4.400225, 44.029861 ], [ 4.401062, 44.0301 ], [ 4.406607, 44.03718 ], [ 4.40573, 44.039402 ], [ 4.409078, 44.040725 ], [ 4.410933, 44.037696 ], [ 4.411452, 44.036071 ], [ 4.416938, 44.030978 ], [ 4.4173, 44.030861 ], [ 4.420518, 44.02675 ], [ 4.426383, 44.026079 ], [ 4.426674, 44.026077 ], [ 4.428196, 44.025418 ], [ 4.428543, 44.025266 ], [ 4.437316, 44.026332 ], [ 4.438152, 44.026897 ], [ 4.445405, 44.022643 ], [ 4.445347, 44.019043 ], [ 4.44387, 44.019067 ], [ 4.441192, 44.019122 ], [ 4.440206, 44.01916 ], [ 4.439595, 44.019236 ], [ 4.431795, 44.015202 ], [ 4.430231, 44.014275 ], [ 4.430042, 44.014151 ], [ 4.429653, 44.013954 ], [ 4.428903, 44.013717 ], [ 4.428088, 44.013567 ], [ 4.425557479446886, 44.011846956969087 ], [ 4.428709, 44.015349 ], [ 4.428995, 44.015435 ], [ 4.429161, 44.015511 ], [ 4.429301, 44.015601 ], [ 4.429397, 44.015675 ], [ 4.429512, 44.015811 ], [ 4.434286, 44.020452 ], [ 4.43421, 44.020804 ], [ 4.429059, 44.022456 ], [ 4.428794, 44.022212 ], [ 4.420744, 44.01921 ], [ 4.41903, 44.022207 ], [ 4.418998, 44.022323 ], [ 4.418924, 44.022471 ], [ 4.417754, 44.023824 ], [ 4.417556, 44.024124 ], [ 4.415067, 44.027495 ], [ 4.414796, 44.027731 ], [ 4.410993, 44.031479 ], [ 4.410658, 44.031347 ], [ 4.40657, 44.028182 ], [ 4.40106, 44.026044 ], [ 4.396599, 44.02472 ], [ 4.389475, 44.025474 ], [ 4.389133, 44.025586 ], [ 4.38698, 44.025615 ], [ 4.38685, 44.025279 ], [ 4.388382, 44.02445 ], [ 4.388497, 44.024377 ], [ 4.388661, 44.024329 ], [ 4.392979, 44.021962 ], [ 4.394686, 44.016782 ], [ 4.392324, 44.012983 ], [ 4.392056, 44.012723 ], [ 4.391777, 44.012452 ], [ 4.39157, 44.012215 ], [ 4.390137, 44.010964 ], [ 4.389896, 44.010763 ], [ 4.387338, 44.00934 ], [ 4.387156, 44.009029 ], [ 4.382047, 44.001774 ], [ 4.381687, 44.001782 ], [ 4.379973, 44.001601 ], [ 4.379929, 44.001243 ], [ 4.380331, 44.001194 ], [ 4.380734, 44.001144 ], [ 4.381224, 44.001095 ], [ 4.38171, 44.001046 ], [ 4.385363, 43.999595 ], [ 4.385574, 43.990695 ], [ 4.38578, 43.9904 ], [ 4.392383, 43.992416 ], [ 4.400102, 43.996363 ], [ 4.400618, 43.996129 ], [ 4.401134, 43.995895 ], [ 4.401283, 43.996223 ], [ 4.406607, 44.002397 ], [ 4.411715, 43.997758 ], [ 4.411758, 43.997421 ], [ 4.411608, 43.994725 ], [ 4.410677, 43.991465 ], [ 4.410758, 43.991115 ], [ 4.411575, 43.988566 ], [ 4.411644, 43.988213 ], [ 4.412989, 43.987259 ], [ 4.413306, 43.987431 ], [ 4.419529, 43.991842 ], [ 4.42267, 43.992508 ], [ 4.423015, 43.99261 ], [ 4.42303, 43.99269 ], [ 4.423041, 43.99305 ], [ 4.419417, 43.997492 ], [ 4.420009, 44.002124 ], [ 4.420761442806182, 44.003628491250289 ], [ 4.423237, 43.998002 ] ] ] } },
{ "type": "Feature", "properties": { "codgeo": "30334", "value": 420, "isochrone_group": 7.0, "nb_agences": 1 }, "geometry": { "type": "MultiPolygon", "coordinates": [ [ [ [ 4.386586, 44.018223 ], [ 4.386147, 44.018549 ], [ 4.38549, 44.019075 ], [ 4.383116, 44.020766 ], [ 4.380566, 44.022609 ], [ 4.378478, 44.024418 ], [ 4.378234, 44.024627 ], [ 4.373532, 44.027635 ], [ 4.372964, 44.027827 ], [ 4.371731, 44.028629 ], [ 4.371204, 44.028956 ], [ 4.366738, 44.031376 ], [ 4.368017, 44.034741 ], [ 4.371365, 44.033468 ], [ 4.380096, 44.032383 ], [ 4.380157, 44.032379 ], [ 4.384677, 44.032027 ], [ 4.385112, 44.032002 ], [ 4.385784, 44.031905 ], [ 4.393579, 44.032556 ], [ 4.395025, 44.033263 ], [ 4.403337, 44.035991 ], [ 4.403563, 44.037046 ], [ 4.403581, 44.040599 ], [ 4.402271, 44.046282 ], [ 4.403652, 44.04743 ], [ 4.406086, 44.04813 ], [ 4.406329, 44.048175 ], [ 4.406349, 44.048176 ], [ 4.409108, 44.044179 ], [ 4.410567, 44.040888 ], [ 4.413719, 44.0358 ], [ 4.419891, 44.030544 ], [ 4.427202, 44.027674 ], [ 4.430718, 44.026903 ], [ 4.437353, 44.027294 ], [ 4.440263, 44.029413 ], [ 4.442429, 44.030544 ], [ 4.444352, 44.031799 ], [ 4.444503, 44.031782 ], [ 4.445932, 44.029715 ], [ 4.450832, 44.023653 ], [ 4.454113, 44.02393 ], [ 4.454415, 44.024003 ], [ 4.457387, 44.024438 ], [ 4.457939, 44.02088 ], [ 4.454773, 44.019063 ], [ 4.447188, 44.01611 ], [ 4.445244, 44.015976 ], [ 4.444163, 44.01704 ], [ 4.439595, 44.019236 ], [ 4.440206, 44.01916 ], [ 4.441192, 44.019122 ], [ 4.44387, 44.019067 ], [ 4.445347, 44.019043 ], [ 4.445405, 44.022643 ], [ 4.438152, 44.026897 ], [ 4.437316, 44.026332 ], [ 4.428543, 44.025266 ], [ 4.428196, 44.025418 ], [ 4.426674, 44.026077 ], [ 4.426383, 44.026079 ], [ 4.420518, 44.02675 ], [ 4.4173, 44.030861 ], [ 4.416938, 44.030978 ], [ 4.411452, 44.036071 ], [ 4.410933, 44.037696 ], [ 4.409078, 44.040725 ], [ 4.40573, 44.039402 ], [ 4.406607, 44.03718 ], [ 4.401062, 44.0301 ], [ 4.400225, 44.029861 ], [ 4.391726, 44.029976 ], [ 4.391426, 44.030025 ], [ 4.391002, 44.030075 ], [ 4.390253, 44.030158 ], [ 4.383522, 44.030431 ], [ 4.383022, 44.030432 ], [ 4.379024, 44.030428 ], [ 4.377271, 44.029517 ], [ 4.377174, 44.029357 ], [ 4.377736, 44.027066 ], [ 4.382482, 44.02285 ], [ 4.385884, 44.021673 ], [ 4.391799, 44.018181 ], [ 4.38694, 44.012331 ], [ 4.386930138355289, 44.012328561402121 ], [ 4.386586, 44.018223 ] ] ], [ [ [ 4.383731, 43.984628 ], [ 4.383502, 43.98342 ], [ 4.383071, 43.980794 ], [ 4.382943, 43.980733 ], [ 4.380284, 43.97987 ], [ 4.372042, 43.98077 ], [ 4.369671, 43.980617 ], [ 4.36879, 43.982314 ], [ 4.368472, 43.984012 ], [ 4.369505, 43.984665 ], [ 4.369735, 43.984723 ], [ 4.371974, 43.985108 ], [ 4.372529, 43.993365 ], [ 4.370622, 43.994925 ], [ 4.368664, 43.996835 ], [ 4.363677, 43.999643 ], [ 4.36083, 43.99992 ], [ 4.358469, 44.000993 ], [ 4.359199, 44.004519 ], [ 4.366943, 44.005154 ], [ 4.367197, 44.005186 ], [ 4.370773, 44.004674 ], [ 4.371175, 44.004657 ], [ 4.37171, 44.0046 ], [ 4.377692, 44.005486 ], [ 4.377999, 44.005587 ], [ 4.378751119078339, 44.005709131485858 ], [ 4.377529, 44.00444 ], [ 4.37252, 44.003132 ], [ 4.372337, 44.003047 ], [ 4.369637, 44.002047 ], [ 4.368893, 43.998525 ], [ 4.369847, 43.998323 ], [ 4.370347, 43.998259 ], [ 4.370808, 43.998249 ], [ 4.371329, 43.998233 ], [ 4.374392, 43.99837 ], [ 4.374817, 43.998274 ], [ 4.375327, 43.998236 ], [ 4.37994, 43.992873 ], [ 4.376818, 43.988288 ], [ 4.375208, 43.987187 ], [ 4.377239, 43.984215 ], [ 4.383779, 43.98601 ], [ 4.384753923812517, 43.986340044962638 ], [ 4.383731, 43.984628 ] ] ], [ [ [ 4.423906, 44.000454 ], [ 4.428933, 43.996024 ], [ 4.429, 43.995998 ], [ 4.429847, 43.995312 ], [ 4.433655, 43.992591 ], [ 4.434091, 43.989925 ], [ 4.433934, 43.989765 ], [ 4.432982, 43.989054 ], [ 4.426454, 43.985958 ], [ 4.420685, 43.982314 ], [ 4.415165, 43.979454 ], [ 4.415011, 43.979434 ], [ 4.408209, 43.978392 ], [ 4.406024, 43.976582 ], [ 4.403727, 43.979354 ], [ 4.405911, 43.981164 ], [ 4.405484, 43.988728 ], [ 4.403898, 43.991959 ], [ 4.395599, 43.988908 ], [ 4.393262, 43.988915 ], [ 4.393074305840105, 43.988898625036256 ], [ 4.393452, 43.98982 ], [ 4.401419, 43.993944 ], [ 4.40199, 43.993744 ], [ 4.402593, 43.993477 ], [ 4.407945, 43.989671 ], [ 4.410549, 43.983555 ], [ 4.412481, 43.981066 ], [ 4.41257, 43.981097 ], [ 4.414026, 43.981701 ], [ 4.419272, 43.984322 ], [ 4.422221, 43.98747 ], [ 4.426842, 43.990446 ], [ 4.428436, 43.991722 ], [ 4.428501, 43.991883 ], [ 4.427807, 43.993914 ], [ 4.423237, 43.998002 ], [ 4.420235, 44.004825 ], [ 4.4215655825901, 44.007828367838897 ], [ 4.423906, 44.000454 ] ] ] ] } },
{ "type": "Feature", "properties": { "codgeo": "30334", "value": 480, "isochrone_group": 8.0, "nb_agences": 1 }, "geometry": { "type": "MultiPolygon", "coordinates": [ [ [ [ 4.371742, 44.026854 ], [ 4.371293, 44.026601 ], [ 4.370112, 44.025763 ], [ 4.36901, 44.025078 ], [ 4.368989, 44.025065 ], [ 4.363824, 44.030898 ], [ 4.360234, 44.034235 ], [ 4.359675, 44.034668 ], [ 4.358426, 44.035893 ], [ 4.358247, 44.036107 ], [ 4.357829, 44.036913 ], [ 4.357586, 44.03765 ], [ 4.35772, 44.038438 ], [ 4.358095, 44.038965 ], [ 4.360348, 44.039392 ], [ 4.360413, 44.039343 ], [ 4.365257, 44.03579 ], [ 4.369675, 44.034111 ], [ 4.371365, 44.033468 ], [ 4.368017, 44.034741 ], [ 4.366738, 44.031376 ], [ 4.371204, 44.028956 ], [ 4.371731, 44.028629 ], [ 4.372964, 44.027827 ], [ 4.373532, 44.027635 ], [ 4.374264223228658, 44.027166576462832 ], [ 4.371742, 44.026854 ] ] ], [ [ [ 4.383116, 44.020766 ], [ 4.38549, 44.019075 ], [ 4.386147, 44.018549 ], [ 4.386586, 44.018223 ], [ 4.386673832912934, 44.016718588462595 ], [ 4.383116, 44.020766 ] ] ], [ [ [ 4.386939758200104, 44.012163791670098 ], [ 4.387109, 44.009265 ], [ 4.384912, 44.008187 ], [ 4.386939758200104, 44.012163791670098 ] ] ], [ [ [ 4.366865, 44.008128 ], [ 4.367302, 44.007871 ], [ 4.367731, 44.007554 ], [ 4.370401, 44.005919 ], [ 4.377166, 44.009352 ], [ 4.377599, 44.009174 ], [ 4.377975, 44.008975 ], [ 4.384912, 44.008187 ], [ 4.38456, 44.007962 ], [ 4.380567, 44.006004 ], [ 4.377999, 44.005587 ], [ 4.377692, 44.005486 ], [ 4.37171, 44.0046 ], [ 4.371175, 44.004657 ], [ 4.370773, 44.004674 ], [ 4.367197, 44.005186 ], [ 4.366943, 44.005154 ], [ 4.359744162413066, 44.004563702754709 ], [ 4.366865, 44.008128 ] ] ], [ [ [ 4.385957, 43.984268 ], [ 4.38575, 43.980674 ], [ 4.377729, 43.977609 ], [ 4.371291, 43.973208 ], [ 4.368506, 43.975489 ], [ 4.359619, 43.975397 ], [ 4.357972, 43.978598 ], [ 4.359027, 43.979141 ], [ 4.360676, 43.980182 ], [ 4.361019, 43.980318 ], [ 4.365906, 43.9842 ], [ 4.368185, 43.992251 ], [ 4.36425, 43.995143 ], [ 4.363029, 43.99853 ], [ 4.354826, 43.998032 ], [ 4.353906, 43.99647 ], [ 4.353712, 43.996231 ], [ 4.353386, 43.995861 ], [ 4.352249, 43.994748 ], [ 4.349731, 43.99732 ], [ 4.347864, 44.000834 ], [ 4.348298, 44.004407 ], [ 4.349481, 44.004387 ], [ 4.351148, 44.00448 ], [ 4.356421, 44.005419 ], [ 4.358457, 44.004809 ], [ 4.359297292188234, 44.004527059857885 ], [ 4.359199, 44.004519 ], [ 4.358469, 44.000993 ], [ 4.36083, 43.99992 ], [ 4.363677, 43.999643 ], [ 4.368664, 43.996835 ], [ 4.370622, 43.994925 ], [ 4.372529, 43.993365 ], [ 4.371974, 43.985108 ], [ 4.369735, 43.984723 ], [ 4.369505, 43.984665 ], [ 4.368472, 43.984012 ], [ 4.36879, 43.982314 ], [ 4.369671, 43.980617 ], [ 4.372042, 43.98077 ], [ 4.380284, 43.97987 ], [ 4.382943, 43.980733 ], [ 4.383071, 43.980794 ], [ 4.383502, 43.98342 ], [ 4.383731, 43.984628 ], [ 4.385395, 43.987413 ], [ 4.392047, 43.988809 ], [ 4.385957, 43.984268 ] ] ], [ [ [ 4.404247, 43.979785 ], [ 4.40281, 43.988627 ], [ 4.398978, 43.989 ], [ 4.398065, 43.988909 ], [ 4.397738, 43.988886 ], [ 4.397318, 43.98887 ], [ 4.396254, 43.988907 ], [ 4.395701419151387, 43.988945652829344 ], [ 4.403898, 43.991959 ], [ 4.405484, 43.988728 ], [ 4.405911, 43.981164 ], [ 4.404227796279365, 43.97976903720955 ], [ 4.404247, 43.979785 ] ] ], [ [ [ 4.406545, 43.977013 ], [ 4.405234, 43.974679 ], [ 4.397397, 43.971144 ], [ 4.395317, 43.974082 ], [ 4.39741, 43.975565 ], [ 4.399517, 43.977156 ], [ 4.402399, 43.978289 ], [ 4.402659, 43.978465 ], [ 4.403727609321849, 43.979353264675595 ], [ 4.406024, 43.976582 ], [ 4.408209, 43.978392 ], [ 4.406545, 43.977013 ] ] ], [ [ [ 4.426016, 44.000526 ], [ 4.43137, 43.996939 ], [ 4.431737, 43.996703 ], [ 4.438209, 43.992417 ], [ 4.438311, 43.992389 ], [ 4.443029, 43.990418 ], [ 4.442148, 43.986928 ], [ 4.440722, 43.987288 ], [ 4.434696, 43.987383 ], [ 4.430812, 43.985801 ], [ 4.425902, 43.980595 ], [ 4.425726, 43.980368 ], [ 4.419661, 43.97543 ], [ 4.416089, 43.97588 ], [ 4.408209, 43.978392 ], [ 4.415011, 43.979434 ], [ 4.415165, 43.979454 ], [ 4.420685, 43.982314 ], [ 4.426454, 43.985958 ], [ 4.432982, 43.989054 ], [ 4.433934, 43.989765 ], [ 4.434091, 43.989925 ], [ 4.433655, 43.992591 ], [ 4.429847, 43.995312 ], [ 4.429, 43.995998 ], [ 4.428933, 43.996024 ], [ 4.423906, 44.000454 ], [ 4.423372918600292, 44.002133674024336 ], [ 4.426016, 44.000526 ] ] ], [ [ [ 4.422832007527332, 44.003838018387569 ], [ 4.421341, 44.008536 ], [ 4.422393, 44.009696 ], [ 4.422832007527332, 44.003838018387569 ] ] ], [ [ [ 4.441572, 44.035673 ], [ 4.441561, 44.035945 ], [ 4.442641, 44.037406 ], [ 4.442863, 44.037471 ], [ 4.442941, 44.037492 ], [ 4.44372, 44.037684 ], [ 4.448801, 44.03624 ], [ 4.449186, 44.034996 ], [ 4.449253, 44.034226 ], [ 4.455141, 44.028086 ], [ 4.459681, 44.027794 ], [ 4.460062, 44.027789 ], [ 4.460818, 44.02762 ], [ 4.466725, 44.026544 ], [ 4.466912, 44.026467 ], [ 4.467534, 44.026047 ], [ 4.468547, 44.023196 ], [ 4.466244, 44.01714 ], [ 4.465504, 44.016169 ], [ 4.465337, 44.016085 ], [ 4.461108, 44.016364 ], [ 4.460344, 44.016383 ], [ 4.457385, 44.017021 ], [ 4.451075, 44.016153 ], [ 4.448086, 44.015117 ], [ 4.444489, 44.015252 ], [ 4.442381, 44.016047 ], [ 4.440501, 44.016399 ], [ 4.435026205949093, 44.018726562073773 ], [ 4.435378, 44.019044 ], [ 4.439595, 44.019236 ], [ 4.444163, 44.01704 ], [ 4.445244, 44.015976 ], [ 4.447188, 44.01611 ], [ 4.454773, 44.019063 ], [ 4.457939, 44.02088 ], [ 4.457387, 44.024438 ], [ 4.454415, 44.024003 ], [ 4.454113, 44.02393 ], [ 4.450832, 44.023653 ], [ 4.445932, 44.029715 ], [ 4.444503, 44.031782 ], [ 4.444352, 44.031799 ], [ 4.442429, 44.030544 ], [ 4.440263, 44.029413 ], [ 4.439756074157858, 44.029043867402244 ], [ 4.441572, 44.035673 ] ] ], [ [ [ 4.380049, 44.035808 ], [ 4.380678, 44.035647 ], [ 4.382134, 44.03524 ], [ 4.390375, 44.03681 ], [ 4.392192, 44.045394 ], [ 4.392263, 44.046015 ], [ 4.392358, 44.046337 ], [ 4.393134, 44.04706 ], [ 4.393449, 44.04716 ], [ 4.393995, 44.047328 ], [ 4.394383, 44.047424 ], [ 4.395061, 44.04749 ], [ 4.399527, 44.055056 ], [ 4.402862, 44.056411 ], [ 4.40328, 44.055382 ], [ 4.404565, 44.052113 ], [ 4.409952, 44.049322 ], [ 4.412325, 44.049314 ], [ 4.414998, 44.049591 ], [ 4.415667, 44.04962 ], [ 4.41634, 44.049074 ], [ 4.416567, 44.04885 ], [ 4.416831, 44.048216 ], [ 4.416854, 44.04807 ], [ 4.415821, 44.046023 ], [ 4.414968, 44.037623 ], [ 4.418186, 44.033338 ], [ 4.420995, 44.031086 ], [ 4.428457, 44.030381 ], [ 4.430834, 44.027959 ], [ 4.438018595137011, 44.027778672197712 ], [ 4.437353, 44.027294 ], [ 4.430718, 44.026903 ], [ 4.427202, 44.027674 ], [ 4.419891, 44.030544 ], [ 4.413719, 44.0358 ], [ 4.410567, 44.040888 ], [ 4.409108, 44.044179 ], [ 4.406349, 44.048176 ], [ 4.406329, 44.048175 ], [ 4.406086, 44.04813 ], [ 4.403652, 44.04743 ], [ 4.402271, 44.046282 ], [ 4.403581, 44.040599 ], [ 4.403563, 44.037046 ], [ 4.403337, 44.035991 ], [ 4.395025, 44.033263 ], [ 4.393579, 44.032556 ], [ 4.385784, 44.031905 ], [ 4.385112, 44.032002 ], [ 4.384677, 44.032027 ], [ 4.380157, 44.032379 ], [ 4.380096, 44.032383 ], [ 4.371365, 44.033468 ], [ 4.380049, 44.035808 ] ] ] ] } },
{ "type": "Feature", "properties": { "codgeo": "30334", "value": 540, "isochrone_group": 9.0, "nb_agences": 1 }, "geometry": { "type": "MultiPolygon", "coordinates": [ [ [ [ 4.376672, 43.974927 ], [ 4.372847, 43.97291 ], [ 4.370853, 43.971342 ], [ 4.368904, 43.968642 ], [ 4.368169, 43.967746 ], [ 4.367727, 43.967518 ], [ 4.365859, 43.966811 ], [ 4.365418, 43.966896 ], [ 4.364246, 43.968129 ], [ 4.35609, 43.971897 ], [ 4.350467, 43.971533 ], [ 4.349225, 43.971262 ], [ 4.348459, 43.97478 ], [ 4.351354, 43.977269 ], [ 4.353705, 43.979743 ], [ 4.35383, 43.979864 ], [ 4.360204, 43.983499 ], [ 4.36401, 43.985854 ], [ 4.362844, 43.992515 ], [ 4.355896, 43.996525 ], [ 4.350959, 43.99244 ], [ 4.349056, 43.992066 ], [ 4.348548, 43.991897 ], [ 4.346297, 43.991537 ], [ 4.344912, 43.990985 ], [ 4.344394, 43.990985 ], [ 4.341261, 43.991138 ], [ 4.341436, 43.994734 ], [ 4.33839, 44.001438 ], [ 4.336812, 44.003448 ], [ 4.336823, 44.003537 ], [ 4.338625, 44.005031 ], [ 4.338716, 44.005025 ], [ 4.344478, 44.004807 ], [ 4.352712, 44.006964 ], [ 4.360677, 44.010988 ], [ 4.364356, 44.011421 ], [ 4.364945, 44.010759 ], [ 4.365359, 44.010321 ], [ 4.374036, 44.011138 ], [ 4.376668, 44.010939 ], [ 4.377152, 44.010943 ], [ 4.377564, 44.010929 ], [ 4.384912, 44.008187 ], [ 4.377975, 44.008975 ], [ 4.377599, 44.009174 ], [ 4.377166, 44.009352 ], [ 4.370401, 44.005919 ], [ 4.367731, 44.007554 ], [ 4.367302, 44.007871 ], [ 4.366865, 44.008128 ], [ 4.359521, 44.004452 ], [ 4.358457, 44.004809 ], [ 4.356421, 44.005419 ], [ 4.351148, 44.00448 ], [ 4.349481, 44.004387 ], [ 4.348298, 44.004407 ], [ 4.347864, 44.000834 ], [ 4.349731, 43.99732 ], [ 4.352249, 43.994748 ], [ 4.353386, 43.995861 ], [ 4.353712, 43.996231 ], [ 4.353906, 43.99647 ], [ 4.354826, 43.998032 ], [ 4.363029, 43.99853 ], [ 4.36425, 43.995143 ], [ 4.368185, 43.992251 ], [ 4.365906, 43.9842 ], [ 4.361019, 43.980318 ], [ 4.360676, 43.980182 ], [ 4.359027, 43.979141 ], [ 4.357972, 43.978598 ], [ 4.359619, 43.975397 ], [ 4.368506, 43.975489 ], [ 4.371291, 43.973208 ], [ 4.377729, 43.977609 ], [ 4.378597511158064, 43.977940877159874 ], [ 4.376672, 43.974927 ] ] ], [ [ [ 4.426169, 44.003679 ], [ 4.42796, 44.001349 ], [ 4.432942, 43.99811 ], [ 4.436663, 43.996002 ], [ 4.437097, 43.995885 ], [ 4.440771, 43.99207 ], [ 4.445467, 43.991748 ], [ 4.451968, 43.988289 ], [ 4.451676, 43.984826 ], [ 4.451614, 43.984815 ], [ 4.45122, 43.984768 ], [ 4.450621, 43.984775 ], [ 4.449066, 43.98486 ], [ 4.446554, 43.985866 ], [ 4.444721, 43.986322 ], [ 4.442504, 43.986838 ], [ 4.436849, 43.986028 ], [ 4.433342, 43.982678 ], [ 4.432849, 43.982074 ], [ 4.427354, 43.978147 ], [ 4.422034, 43.971327 ], [ 4.42265, 43.969336 ], [ 4.422638, 43.968572 ], [ 4.422552, 43.968178 ], [ 4.419087, 43.968574 ], [ 4.418565, 43.970184 ], [ 4.417671, 43.972208 ], [ 4.417484, 43.972628 ], [ 4.416639, 43.974053 ], [ 4.408794, 43.975129 ], [ 4.403162, 43.969504 ], [ 4.400899, 43.967658 ], [ 4.400343, 43.968069 ], [ 4.391602, 43.968244 ], [ 4.390182, 43.966905 ], [ 4.388816, 43.965587 ], [ 4.386317, 43.968178 ], [ 4.387683, 43.969496 ], [ 4.388958, 43.970886 ], [ 4.3894, 43.971109 ], [ 4.389901, 43.971417 ], [ 4.392903, 43.973827 ], [ 4.387952, 43.98081 ], [ 4.387271, 43.980793 ], [ 4.386181, 43.980673 ], [ 4.385751004671509, 43.980691443427091 ], [ 4.385957, 43.984268 ], [ 4.392047, 43.988809 ], [ 4.393262, 43.988915 ], [ 4.394467, 43.989032 ], [ 4.396254, 43.988907 ], [ 4.397318, 43.98887 ], [ 4.397738, 43.988886 ], [ 4.398065, 43.988909 ], [ 4.398978, 43.989 ], [ 4.40281, 43.988627 ], [ 4.404247, 43.979785 ], [ 4.402659, 43.978465 ], [ 4.402399, 43.978289 ], [ 4.399517, 43.977156 ], [ 4.39741, 43.975565 ], [ 4.395317, 43.974082 ], [ 4.397397, 43.971144 ], [ 4.405234, 43.974679 ], [ 4.406545, 43.977013 ], [ 4.408209, 43.978392 ], [ 4.416089, 43.97588 ], [ 4.419661, 43.97543 ], [ 4.425726, 43.980368 ], [ 4.425902, 43.980595 ], [ 4.430812, 43.985801 ], [ 4.434696, 43.987383 ], [ 4.440722, 43.987288 ], [ 4.442148, 43.986928 ], [ 4.443029, 43.990418 ], [ 4.438311, 43.992389 ], [ 4.438209, 43.992417 ], [ 4.431737, 43.996703 ], [ 4.43137, 43.996939 ], [ 4.426016, 44.000526 ], [ 4.42294, 44.002397 ], [ 4.422393, 44.009696 ], [ 4.426169, 44.003679 ] ] ], [ [ [ 4.440019, 44.033722 ], [ 4.439746, 44.037311 ], [ 4.441625, 44.03947 ], [ 4.442585, 44.040013 ], [ 4.443199, 44.040244 ], [ 4.450754, 44.042062 ], [ 4.453841, 44.042662 ], [ 4.455898, 44.039708 ], [ 4.455369, 44.034237 ], [ 4.460019, 44.030708 ], [ 4.461165, 44.030564 ], [ 4.465352, 44.029709 ], [ 4.469311, 44.029911 ], [ 4.473698, 44.031059 ], [ 4.475337, 44.031925 ], [ 4.477018, 44.028741 ], [ 4.478575, 44.020445 ], [ 4.478478, 44.020166 ], [ 4.476643, 44.019236 ], [ 4.471319, 44.016691 ], [ 4.468704, 44.013916 ], [ 4.467997, 44.013521 ], [ 4.466801, 44.013533 ], [ 4.463088, 44.014166 ], [ 4.458238, 44.014836 ], [ 4.454668, 44.015298 ], [ 4.44794, 44.013755 ], [ 4.444697, 44.012192 ], [ 4.437781, 44.016603 ], [ 4.430231, 44.014275 ], [ 4.430607, 44.014597 ], [ 4.430934, 44.015034 ], [ 4.431125, 44.01546 ], [ 4.43467, 44.018878 ], [ 4.440501, 44.016399 ], [ 4.442381, 44.016047 ], [ 4.444489, 44.015252 ], [ 4.448086, 44.015117 ], [ 4.451075, 44.016153 ], [ 4.457385, 44.017021 ], [ 4.460344, 44.016383 ], [ 4.461108, 44.016364 ], [ 4.465337, 44.016085 ], [ 4.465504, 44.016169 ], [ 4.466244, 44.01714 ], [ 4.468547, 44.023196 ], [ 4.467534, 44.026047 ], [ 4.466912, 44.026467 ], [ 4.466725, 44.026544 ], [ 4.460818, 44.02762 ], [ 4.460062, 44.027789 ], [ 4.459681, 44.027794 ], [ 4.455141, 44.028086 ], [ 4.449253, 44.034226 ], [ 4.449186, 44.034996 ], [ 4.448801, 44.03624 ], [ 4.44372, 44.037684 ], [ 4.442941, 44.037492 ], [ 4.442863, 44.037471 ], [ 4.442641, 44.037406 ], [ 4.441561, 44.035945 ], [ 4.441572, 44.035673 ], [ 4.4394, 44.027744 ], [ 4.440019, 44.033722 ] ] ], [ [ [ 4.374968, 44.036234 ], [ 4.376523, 44.038407 ], [ 4.378274, 44.039399 ], [ 4.382872, 44.04525 ], [ 4.383378, 44.045962 ], [ 4.384205, 44.046071 ], [ 4.386548, 44.046639 ], [ 4.386715, 44.046688 ], [ 4.391389, 44.048237 ], [ 4.391868, 44.048271 ], [ 4.395841, 44.049851 ], [ 4.396591, 44.058036 ], [ 4.396531, 44.058626 ], [ 4.395522, 44.062081 ], [ 4.396218, 44.062285 ], [ 4.39655, 44.062355 ], [ 4.397433, 44.062365 ], [ 4.398032, 44.062243 ], [ 4.398721, 44.061858 ], [ 4.403698, 44.058872 ], [ 4.403916, 44.058042 ], [ 4.404088, 44.057267 ], [ 4.404302, 44.056374 ], [ 4.404819, 44.054918 ], [ 4.413097, 44.052227 ], [ 4.417835, 44.05222 ], [ 4.420215, 44.051911 ], [ 4.425394, 44.05108 ], [ 4.426568, 44.050885 ], [ 4.426557, 44.04935 ], [ 4.426488, 44.048975 ], [ 4.425978, 44.047333 ], [ 4.421876, 44.046028 ], [ 4.417888, 44.042537 ], [ 4.420965, 44.035556 ], [ 4.421388, 44.034665 ], [ 4.42161, 44.034237 ], [ 4.429451, 44.031713 ], [ 4.430484, 44.032517 ], [ 4.43061, 44.032571 ], [ 4.432019, 44.029258 ], [ 4.4394, 44.027744 ], [ 4.430834, 44.027959 ], [ 4.428457, 44.030381 ], [ 4.420995, 44.031086 ], [ 4.418186, 44.033338 ], [ 4.414968, 44.037623 ], [ 4.415821, 44.046023 ], [ 4.416854, 44.04807 ], [ 4.416831, 44.048216 ], [ 4.416567, 44.04885 ], [ 4.41634, 44.049074 ], [ 4.415667, 44.04962 ], [ 4.414998, 44.049591 ], [ 4.412325, 44.049314 ], [ 4.409952, 44.049322 ], [ 4.404565, 44.052113 ], [ 4.40328, 44.055382 ], [ 4.402862, 44.056411 ], [ 4.399527, 44.055056 ], [ 4.395061, 44.04749 ], [ 4.394383, 44.047424 ], [ 4.393995, 44.047328 ], [ 4.393449, 44.04716 ], [ 4.393134, 44.04706 ], [ 4.392358, 44.046337 ], [ 4.392263, 44.046015 ], [ 4.392192, 44.045394 ], [ 4.390375, 44.03681 ], [ 4.382134, 44.03524 ], [ 4.380678, 44.035647 ], [ 4.380049, 44.035808 ], [ 4.371365, 44.033468 ], [ 4.369675, 44.034111 ], [ 4.374968, 44.036234 ] ] ], [ [ [ 4.367001, 44.024776 ], [ 4.366801, 44.024658 ], [ 4.365891, 44.024595 ], [ 4.365243, 44.024549 ], [ 4.360789, 44.031305 ], [ 4.355978, 44.036834 ], [ 4.353359, 44.037245 ], [ 4.352751, 44.037285 ], [ 4.35117, 44.037496 ], [ 4.351353, 44.041091 ], [ 4.355591, 44.041128 ], [ 4.35751, 44.041073 ], [ 4.361349, 44.040378 ], [ 4.362649, 44.038523 ], [ 4.365257, 44.03579 ], [ 4.360413, 44.039343 ], [ 4.360348, 44.039392 ], [ 4.358095, 44.038965 ], [ 4.35772, 44.038438 ], [ 4.357586, 44.03765 ], [ 4.357829, 44.036913 ], [ 4.358247, 44.036107 ], [ 4.358426, 44.035893 ], [ 4.359675, 44.034668 ], [ 4.360234, 44.034235 ], [ 4.363824, 44.030898 ], [ 4.368752779143572, 44.025331771782298 ], [ 4.367001, 44.024776 ] ] ], [ [ [ 4.387674, 44.014061 ], [ 4.383116, 44.020766 ], [ 4.388312, 44.014855 ], [ 4.384912, 44.008187 ], [ 4.387674, 44.014061 ] ] ] ] } },
{ "type": "Feature", "properties": { "codgeo": "30334", "value": 600, "isochrone_group": 10.0, "nb_agences": 1 }, "geometry": { "type": "MultiPolygon", "coordinates": [ [ [ [ 4.350616, 44.006591 ], [ 4.352682, 44.009439 ], [ 4.359545, 44.014051 ], [ 4.359801, 44.0144 ], [ 4.361909, 44.015415 ], [ 4.361681, 44.024247 ], [ 4.357925, 44.031304 ], [ 4.352805, 44.033306 ], [ 4.351618, 44.033863 ], [ 4.344347, 44.037411 ], [ 4.342149, 44.037472 ], [ 4.341439, 44.041002 ], [ 4.347194, 44.044464 ], [ 4.347591, 44.044684 ], [ 4.348435, 44.045041 ], [ 4.355714, 44.044107 ], [ 4.356968, 44.043909 ], [ 4.357798, 44.043712 ], [ 4.363385, 44.040899 ], [ 4.364959, 44.037732 ], [ 4.372238, 44.036602 ], [ 4.372983, 44.043031 ], [ 4.373419, 44.046604 ], [ 4.379394, 44.047992 ], [ 4.380561, 44.048275 ], [ 4.380796, 44.048308 ], [ 4.381329, 44.048205 ], [ 4.381502, 44.048161 ], [ 4.381538, 44.048139 ], [ 4.383378, 44.047081 ], [ 4.385924315175312, 44.046487803678865 ], [ 4.384205, 44.046071 ], [ 4.383378, 44.045962 ], [ 4.382872, 44.04525 ], [ 4.378274, 44.039399 ], [ 4.376523, 44.038407 ], [ 4.374968, 44.036234 ], [ 4.369675, 44.034111 ], [ 4.365257, 44.03579 ], [ 4.362649, 44.038523 ], [ 4.361349, 44.040378 ], [ 4.35751, 44.041073 ], [ 4.355591, 44.041128 ], [ 4.351353, 44.041091 ], [ 4.35117, 44.037496 ], [ 4.352751, 44.037285 ], [ 4.353359, 44.037245 ], [ 4.355978, 44.036834 ], [ 4.360789, 44.031305 ], [ 4.365243, 44.024549 ], [ 4.365891, 44.024595 ], [ 4.366801, 44.024658 ], [ 4.367001, 44.024776 ], [ 4.370112, 44.025763 ], [ 4.371293, 44.026601 ], [ 4.371742, 44.026854 ], [ 4.376527, 44.027447 ], [ 4.380566, 44.022609 ], [ 4.383116, 44.020766 ], [ 4.387674, 44.014061 ], [ 4.384912, 44.008187 ], [ 4.377564, 44.010929 ], [ 4.377152, 44.010943 ], [ 4.376668, 44.010939 ], [ 4.374036, 44.011138 ], [ 4.365359, 44.010321 ], [ 4.364945, 44.010759 ], [ 4.364356, 44.011421 ], [ 4.360677, 44.010988 ], [ 4.352712, 44.006964 ], [ 4.349600493684346, 44.00614890173393 ], [ 4.350616, 44.006591 ] ] ], [ [ [ 4.347027, 43.970591 ], [ 4.344732, 43.969894 ], [ 4.342438, 43.969196 ], [ 4.340114, 43.968489 ], [ 4.338627, 43.968066 ], [ 4.338033, 43.967925 ], [ 4.3372, 43.971427 ], [ 4.337793, 43.971569 ], [ 4.339126, 43.971951 ], [ 4.34139, 43.97264 ], [ 4.345132, 43.979104 ], [ 4.349946, 43.981361 ], [ 4.348056, 43.989373 ], [ 4.343307, 43.989754 ], [ 4.340823, 43.990135 ], [ 4.338054, 43.990701 ], [ 4.333972, 43.99016 ], [ 4.333662, 43.990164 ], [ 4.332471, 43.990201 ], [ 4.331318, 43.990476 ], [ 4.331509, 43.993351 ], [ 4.330263, 44.002231 ], [ 4.330056, 44.003306 ], [ 4.329999, 44.00363 ], [ 4.329977, 44.004093 ], [ 4.329997, 44.004339 ], [ 4.330333, 44.006723 ], [ 4.330427, 44.007122 ], [ 4.333931, 44.006293 ], [ 4.339451, 44.008523 ], [ 4.3399, 44.008462 ], [ 4.340906, 44.007979 ], [ 4.345326941466121, 44.005029390908717 ], [ 4.344478, 44.004807 ], [ 4.338716, 44.005025 ], [ 4.338625, 44.005031 ], [ 4.336823, 44.003537 ], [ 4.336812, 44.003448 ], [ 4.33839, 44.001438 ], [ 4.341436, 43.994734 ], [ 4.341261, 43.991138 ], [ 4.344394, 43.990985 ], [ 4.344912, 43.990985 ], [ 4.346297, 43.991537 ], [ 4.348548, 43.991897 ], [ 4.349056, 43.992066 ], [ 4.350959, 43.99244 ], [ 4.355896, 43.996525 ], [ 4.362844, 43.992515 ], [ 4.36401, 43.985854 ], [ 4.360204, 43.983499 ], [ 4.35383, 43.979864 ], [ 4.353705, 43.979743 ], [ 4.351354, 43.977269 ], [ 4.348459, 43.97478 ], [ 4.349225, 43.971262 ], [ 4.349250676433937, 43.971267602506934 ], [ 4.347027, 43.970591 ] ] ], [ [ [ 4.371364, 43.967483 ], [ 4.371422, 43.966948 ], [ 4.371406, 43.966543 ], [ 4.370333, 43.964205 ], [ 4.370582, 43.9605 ], [ 4.370543, 43.960409 ], [ 4.370503, 43.96033 ], [ 4.369019, 43.959556 ], [ 4.368905, 43.959568 ], [ 4.368468, 43.95967 ], [ 4.364067, 43.963105 ], [ 4.359616, 43.967667 ], [ 4.35471, 43.971038 ], [ 4.349343861637275, 43.971287935188165 ], [ 4.350467, 43.971533 ], [ 4.35609, 43.971897 ], [ 4.364246, 43.968129 ], [ 4.365418, 43.966896 ], [ 4.365859, 43.966811 ], [ 4.367727, 43.967518 ], [ 4.368169, 43.967746 ], [ 4.368904, 43.968642 ], [ 4.370853, 43.971342 ], [ 4.371603318631859, 43.971932019866969 ], [ 4.371364, 43.967483 ] ] ], [ [ [ 4.389912, 43.965047 ], [ 4.389259, 43.964016 ], [ 4.385491, 43.959598 ], [ 4.385229, 43.959171 ], [ 4.384591, 43.958139 ], [ 4.381245, 43.959467 ], [ 4.381473, 43.960042 ], [ 4.381767, 43.960563 ], [ 4.382198, 43.966178 ], [ 4.378465, 43.974028 ], [ 4.376590486652081, 43.974884016360051 ], [ 4.376672, 43.974927 ], [ 4.379163, 43.978826 ], [ 4.379633, 43.979179 ], [ 4.384028, 43.980724 ], [ 4.384549, 43.980743 ], [ 4.386181, 43.980673 ], [ 4.387271, 43.980793 ], [ 4.387952, 43.98081 ], [ 4.392903, 43.973827 ], [ 4.389901, 43.971417 ], [ 4.3894, 43.971109 ], [ 4.388958, 43.970886 ], [ 4.387683, 43.969496 ], [ 4.386317, 43.968178 ], [ 4.388816, 43.965587 ], [ 4.390182, 43.966905 ], [ 4.391602, 43.968244 ], [ 4.393185140614714, 43.9682123045867 ], [ 4.389912, 43.965047 ] ] ], [ [ [ 4.408588, 43.972987 ], [ 4.406042, 43.971062 ], [ 4.404338, 43.966465 ], [ 4.403131, 43.964095 ], [ 4.4018, 43.963995 ], [ 4.400773, 43.965964 ], [ 4.396994729834306, 43.968136034352931 ], [ 4.400343, 43.968069 ], [ 4.400899, 43.967658 ], [ 4.403162, 43.969504 ], [ 4.408794, 43.975129 ], [ 4.416639, 43.974053 ], [ 4.417484, 43.972628 ], [ 4.408588, 43.972987 ] ] ], [ [ [ 4.425055, 43.966118 ], [ 4.425696, 43.96573 ], [ 4.426529, 43.964999 ], [ 4.424155, 43.962293 ], [ 4.421016, 43.962808 ], [ 4.42067, 43.962889 ], [ 4.420544, 43.962933 ], [ 4.419502, 43.963356 ], [ 4.419409, 43.963446 ], [ 4.418181, 43.965568 ], [ 4.417563, 43.966389 ], [ 4.417671, 43.972208 ], [ 4.418565, 43.970184 ], [ 4.419087, 43.968574 ], [ 4.422552, 43.968178 ], [ 4.422638, 43.968572 ], [ 4.42265, 43.969336 ], [ 4.425055, 43.966118 ] ] ], [ [ [ 4.43173, 44.000871 ], [ 4.431766, 44.000868 ], [ 4.432132, 44.000786 ], [ 4.435167, 43.998828 ], [ 4.437217, 43.997372 ], [ 4.441443, 43.995509 ], [ 4.449021, 43.995625 ], [ 4.449316, 43.995622 ], [ 4.452304, 43.992692 ], [ 4.454591, 43.991095 ], [ 4.455569, 43.990165 ], [ 4.458932, 43.987364 ], [ 4.461758, 43.986186 ], [ 4.462021, 43.98604 ], [ 4.460839, 43.98264 ], [ 4.460324, 43.982819 ], [ 4.457625, 43.983672 ], [ 4.45119, 43.980553 ], [ 4.44879, 43.980419 ], [ 4.448489, 43.980778 ], [ 4.44713, 43.982391 ], [ 4.445269, 43.985653 ], [ 4.438188, 43.984491 ], [ 4.433957, 43.978753 ], [ 4.427444, 43.975728 ], [ 4.42265, 43.969336 ], [ 4.422034, 43.971327 ], [ 4.427354, 43.978147 ], [ 4.432849, 43.982074 ], [ 4.433342, 43.982678 ], [ 4.436849, 43.986028 ], [ 4.442504, 43.986838 ], [ 4.444721, 43.986322 ], [ 4.446554, 43.985866 ], [ 4.449066, 43.98486 ], [ 4.450621, 43.984775 ], [ 4.45122, 43.984768 ], [ 4.451614, 43.984815 ], [ 4.451676, 43.984826 ], [ 4.451968, 43.988289 ], [ 4.445467, 43.991748 ], [ 4.440771, 43.99207 ], [ 4.437097, 43.995885 ], [ 4.436663, 43.996002 ], [ 4.432942, 43.99811 ], [ 4.42796, 44.001349 ], [ 4.427826751234252, 44.001522349873916 ], [ 4.43173, 44.000871 ] ] ], [ [ [ 4.422393, 44.009696 ], [ 4.427434, 44.013532 ], [ 4.427647, 44.013534 ], [ 4.422393, 44.009696 ] ] ], [ [ [ 4.393921, 44.057986 ], [ 4.393353, 44.057924 ], [ 4.39258, 44.057937 ], [ 4.391377, 44.058048 ], [ 4.391706, 44.061632 ], [ 4.394982, 44.067381 ], [ 4.398506, 44.068114 ], [ 4.398702, 44.067172 ], [ 4.40268, 44.061449 ], [ 4.405583, 44.060753 ], [ 4.40629, 44.060624 ], [ 4.407227, 44.060525 ], [ 4.406852, 44.056945 ], [ 4.414909, 44.054879 ], [ 4.415746, 44.05513 ], [ 4.424166, 44.053149 ], [ 4.429939, 44.052161 ], [ 4.431106, 44.051811 ], [ 4.431413, 44.051718 ], [ 4.435409, 44.049873 ], [ 4.436068, 44.049598 ], [ 4.443419, 44.046244 ], [ 4.444432, 44.046041 ], [ 4.444993, 44.045913 ], [ 4.451435, 44.044541 ], [ 4.456902, 44.047337 ], [ 4.457612, 44.047573 ], [ 4.458609, 44.047259 ], [ 4.460392, 44.046455 ], [ 4.461784, 44.044156 ], [ 4.463809, 44.037843 ], [ 4.471149, 44.03514 ], [ 4.472078, 44.035218 ], [ 4.47289, 44.035167 ], [ 4.477134, 44.035106 ], [ 4.484479, 44.033439 ], [ 4.487275, 44.033829 ], [ 4.487771, 44.030263 ], [ 4.486887, 44.022253 ], [ 4.487167, 44.020706 ], [ 4.487355, 44.018684 ], [ 4.479647, 44.015823 ], [ 4.474293, 44.013977 ], [ 4.467114, 44.010301 ], [ 4.467051, 44.010301 ], [ 4.462475, 44.009989 ], [ 4.454925, 44.012787 ], [ 4.448706, 44.011697 ], [ 4.445943, 44.009501 ], [ 4.445852, 44.009584 ], [ 4.445498, 44.010005 ], [ 4.445196, 44.010654 ], [ 4.444663965305796, 44.012213069409519 ], [ 4.444697, 44.012192 ], [ 4.44794, 44.013755 ], [ 4.454668, 44.015298 ], [ 4.458238, 44.014836 ], [ 4.463088, 44.014166 ], [ 4.466801, 44.013533 ], [ 4.467997, 44.013521 ], [ 4.468704, 44.013916 ], [ 4.471319, 44.016691 ], [ 4.476643, 44.019236 ], [ 4.478478, 44.020166 ], [ 4.478575, 44.020445 ], [ 4.477018, 44.028741 ], [ 4.475337, 44.031925 ], [ 4.473698, 44.031059 ], [ 4.469311, 44.029911 ], [ 4.465352, 44.029709 ], [ 4.461165, 44.030564 ], [ 4.460019, 44.030708 ], [ 4.455369, 44.034237 ], [ 4.455898, 44.039708 ], [ 4.453841, 44.042662 ], [ 4.450754, 44.042062 ], [ 4.443199, 44.040244 ], [ 4.442585, 44.040013 ], [ 4.441625, 44.03947 ], [ 4.439746, 44.037311 ], [ 4.440019, 44.033722 ], [ 4.4394, 44.027744 ], [ 4.432019, 44.029258 ], [ 4.43061, 44.032571 ], [ 4.430484, 44.032517 ], [ 4.429451, 44.031713 ], [ 4.42161, 44.034237 ], [ 4.421388, 44.034665 ], [ 4.420965, 44.035556 ], [ 4.417888, 44.042537 ], [ 4.421876, 44.046028 ], [ 4.425978, 44.047333 ], [ 4.426488, 44.048975 ], [ 4.426557, 44.04935 ], [ 4.426568, 44.050885 ], [ 4.425394, 44.05108 ], [ 4.420215, 44.051911 ], [ 4.417835, 44.05222 ], [ 4.413097, 44.052227 ], [ 4.404819, 44.054918 ], [ 4.404302, 44.056374 ], [ 4.404088, 44.057267 ], [ 4.403916, 44.058042 ], [ 4.403698, 44.058872 ], [ 4.398721, 44.061858 ], [ 4.398032, 44.062243 ], [ 4.397433, 44.062365 ], [ 4.39655, 44.062355 ], [ 4.396218, 44.062285 ], [ 4.395522, 44.062081 ], [ 4.396531, 44.058626 ], [ 4.396591, 44.058036 ], [ 4.396435023149192, 44.056333772634851 ], [ 4.393921, 44.057986 ] ] ] ] } },
{ "type": "Feature", "properties": { "codgeo": "30334", "value": 660, "isochrone_group": 11.0, "nb_agences": 1 }, "geometry": { "type": "MultiPolygon", "coordinates": [ [ [ [ 4.325076, 44.003642 ], [ 4.32503, 44.007241 ], [ 4.328423, 44.008503 ], [ 4.333834, 44.011905 ], [ 4.337195, 44.013194 ], [ 4.341064, 44.010269 ], [ 4.341997, 44.009755 ], [ 4.344368, 44.008757 ], [ 4.351253, 44.011031 ], [ 4.356877, 44.015869 ], [ 4.356995, 44.016034 ], [ 4.359153, 44.023594 ], [ 4.358068, 44.027027 ], [ 4.351609, 44.032138 ], [ 4.346772, 44.030909 ], [ 4.345805, 44.03037 ], [ 4.344195, 44.029972 ], [ 4.343945, 44.029891 ], [ 4.341843, 44.031619 ], [ 4.335063, 44.036407 ], [ 4.334042, 44.036284 ], [ 4.332271, 44.036019 ], [ 4.330267, 44.035746 ], [ 4.330196, 44.035736 ], [ 4.328742, 44.036257 ], [ 4.328732, 44.036268 ], [ 4.329695, 44.039301 ], [ 4.329766, 44.039311 ], [ 4.331784, 44.039586 ], [ 4.333509, 44.039845 ], [ 4.337066, 44.040348 ], [ 4.339356, 44.048141 ], [ 4.340505, 44.051552 ], [ 4.342012, 44.051045 ], [ 4.342318, 44.05092 ], [ 4.34564, 44.049577 ], [ 4.347129, 44.046786 ], [ 4.347591, 44.046236 ], [ 4.348894538914879, 44.044982034572541 ], [ 4.348435, 44.045041 ], [ 4.347591, 44.044684 ], [ 4.347194, 44.044464 ], [ 4.341439, 44.041002 ], [ 4.342149, 44.037472 ], [ 4.344347, 44.037411 ], [ 4.351618, 44.033863 ], [ 4.352805, 44.033306 ], [ 4.357925, 44.031304 ], [ 4.361681, 44.024247 ], [ 4.361909, 44.015415 ], [ 4.359801, 44.0144 ], [ 4.359545, 44.014051 ], [ 4.352682, 44.009439 ], [ 4.350616, 44.006591 ], [ 4.345999, 44.004581 ], [ 4.340906, 44.007979 ], [ 4.3399, 44.008462 ], [ 4.339451, 44.008523 ], [ 4.333931, 44.006293 ], [ 4.330427, 44.007122 ], [ 4.330333, 44.006723 ], [ 4.329997, 44.004339 ], [ 4.329977, 44.004093 ], [ 4.329999, 44.00363 ], [ 4.330056, 44.003306 ], [ 4.330263, 44.002231 ], [ 4.331347574998152, 43.994501444635958 ], [ 4.330834, 43.994522 ], [ 4.327289, 43.995199 ], [ 4.326467572703208, 43.995399876607877 ], [ 4.329999, 44.000923 ], [ 4.325076, 44.003642 ] ] ], [ [ [ 4.356961, 44.046758 ], [ 4.358695, 44.048503 ], [ 4.359276, 44.048599 ], [ 4.366776, 44.05096 ], [ 4.374745, 44.051437 ], [ 4.379872, 44.051564 ], [ 4.385267, 44.058039 ], [ 4.385165, 44.058855 ], [ 4.385732, 44.059491 ], [ 4.386827, 44.060327 ], [ 4.39099, 44.067026 ], [ 4.390374, 44.070573 ], [ 4.391717, 44.07571 ], [ 4.395146, 44.076805 ], [ 4.396719, 44.07625 ], [ 4.399005, 44.073469 ], [ 4.398737, 44.070402 ], [ 4.398702, 44.067172 ], [ 4.398506, 44.068114 ], [ 4.394982, 44.067381 ], [ 4.391706, 44.061632 ], [ 4.391377, 44.058048 ], [ 4.39258, 44.057937 ], [ 4.393353, 44.057924 ], [ 4.393921, 44.057986 ], [ 4.399945, 44.054027 ], [ 4.395061, 44.04749 ], [ 4.394383, 44.047424 ], [ 4.393995, 44.047328 ], [ 4.391731, 44.046617 ], [ 4.390386, 44.046212 ], [ 4.386885, 44.046264 ], [ 4.383378, 44.047081 ], [ 4.381538, 44.048139 ], [ 4.381502, 44.048161 ], [ 4.381329, 44.048205 ], [ 4.380796, 44.048308 ], [ 4.380561, 44.048275 ], [ 4.379394, 44.047992 ], [ 4.373419, 44.046604 ], [ 4.372983, 44.043031 ], [ 4.372238, 44.036602 ], [ 4.364959, 44.037732 ], [ 4.363385, 44.040899 ], [ 4.357798, 44.043712 ], [ 4.356968, 44.043909 ], [ 4.355714, 44.044107 ], [ 4.349830388940116, 44.044861951604602 ], [ 4.356961, 44.046758 ] ] ], [ [ [ 4.403332891420197, 44.061292467988814 ], [ 4.40268, 44.061449 ], [ 4.400458531492172, 44.064644943758275 ], [ 4.403332891420197, 44.061292467988814 ] ] ], [ [ [ 4.406733, 44.061701 ], [ 4.409928, 44.06336 ], [ 4.410747, 44.061784 ], [ 4.411157, 44.060858 ], [ 4.41153, 44.059772 ], [ 4.411622, 44.059063 ], [ 4.411978886795638, 44.055630348377839 ], [ 4.406852, 44.056945 ], [ 4.407227, 44.060525 ], [ 4.40629, 44.060624 ], [ 4.405583, 44.060753 ], [ 4.404597264178427, 44.060989332115689 ], [ 4.406733, 44.061701 ] ] ], [ [ [ 4.423049, 44.055269 ], [ 4.423851, 44.054832 ], [ 4.424248, 44.054549 ], [ 4.432889, 44.055978 ], [ 4.435097, 44.05632 ], [ 4.435545, 44.055333 ], [ 4.437685, 44.051902 ], [ 4.442505, 44.047706 ], [ 4.445616, 44.046409 ], [ 4.447675, 44.046041 ], [ 4.45127, 44.045845 ], [ 4.456421, 44.051964 ], [ 4.458784, 44.053131 ], [ 4.464168, 44.054532 ], [ 4.466256, 44.051599 ], [ 4.470534, 44.044832 ], [ 4.477268, 44.039438 ], [ 4.478017, 44.039717 ], [ 4.478567, 44.039795 ], [ 4.479488, 44.040003 ], [ 4.480248, 44.040152 ], [ 4.481154, 44.040251 ], [ 4.483153, 44.037257 ], [ 4.489763, 44.035587 ], [ 4.490688, 44.035603 ], [ 4.493583, 44.035974 ], [ 4.497401, 44.031706 ], [ 4.496975, 44.02967 ], [ 4.496578, 44.028201 ], [ 4.4964, 44.020217 ], [ 4.496474, 44.019804 ], [ 4.496301, 44.017426 ], [ 4.495938, 44.017415 ], [ 4.493401, 44.017348 ], [ 4.490112, 44.01755 ], [ 4.48231, 44.015492 ], [ 4.476346, 44.011343 ], [ 4.474918, 44.008641 ], [ 4.474457, 44.00856 ], [ 4.46755, 44.008262 ], [ 4.461878, 44.00763 ], [ 4.461291, 44.007514 ], [ 4.457028, 44.005622 ], [ 4.453077, 43.999577 ], [ 4.452878, 43.999033 ], [ 4.452687, 43.994492 ], [ 4.458059, 43.990054 ], [ 4.459722, 43.989884 ], [ 4.460065, 43.989854 ], [ 4.460543, 43.989798 ], [ 4.467543, 43.98551 ], [ 4.468533, 43.985323 ], [ 4.473685, 43.981166 ], [ 4.472358, 43.977819 ], [ 4.472164, 43.977896 ], [ 4.470194, 43.978842 ], [ 4.468511, 43.979566 ], [ 4.465561, 43.980604 ], [ 4.464382, 43.981108 ], [ 4.462491, 43.982018 ], [ 4.46215, 43.982169 ], [ 4.457472884835673, 43.983598270831763 ], [ 4.457625, 43.983672 ], [ 4.460324, 43.982819 ], [ 4.460839, 43.98264 ], [ 4.462021, 43.98604 ], [ 4.461758, 43.986186 ], [ 4.458932, 43.987364 ], [ 4.455569, 43.990165 ], [ 4.454591, 43.991095 ], [ 4.452304, 43.992692 ], [ 4.449316, 43.995622 ], [ 4.449021, 43.995625 ], [ 4.441443, 43.995509 ], [ 4.437217, 43.997372 ], [ 4.435167, 43.998828 ], [ 4.432132, 44.000786 ], [ 4.431766, 44.000868 ], [ 4.43173, 44.000871 ], [ 4.426097, 44.001811 ], [ 4.424298, 44.002826 ], [ 4.422393, 44.009696 ], [ 4.427647, 44.013534 ], [ 4.428088, 44.013567 ], [ 4.428903, 44.013717 ], [ 4.429653, 44.013954 ], [ 4.430042, 44.014151 ], [ 4.430231, 44.014275 ], [ 4.430607, 44.014597 ], [ 4.430934, 44.015034 ], [ 4.431125, 44.01546 ], [ 4.438248, 44.018546 ], [ 4.441109, 44.016375 ], [ 4.444607, 44.01238 ], [ 4.445196, 44.010654 ], [ 4.445498, 44.010005 ], [ 4.445852, 44.009584 ], [ 4.445943, 44.009501 ], [ 4.448706, 44.011697 ], [ 4.454925, 44.012787 ], [ 4.462475, 44.009989 ], [ 4.467051, 44.010301 ], [ 4.467114, 44.010301 ], [ 4.474293, 44.013977 ], [ 4.479647, 44.015823 ], [ 4.487355, 44.018684 ], [ 4.487167, 44.020706 ], [ 4.486887, 44.022253 ], [ 4.487771, 44.030263 ], [ 4.487275, 44.033829 ], [ 4.484479, 44.033439 ], [ 4.477134, 44.035106 ], [ 4.47289, 44.035167 ], [ 4.472078, 44.035218 ], [ 4.471149, 44.03514 ], [ 4.463809, 44.037843 ], [ 4.461784, 44.044156 ], [ 4.460392, 44.046455 ], [ 4.458609, 44.047259 ], [ 4.457612, 44.047573 ], [ 4.456902, 44.047337 ], [ 4.451435, 44.044541 ], [ 4.444993, 44.045913 ], [ 4.444432, 44.046041 ], [ 4.443419, 44.046244 ], [ 4.436068, 44.049598 ], [ 4.435409, 44.049873 ], [ 4.431413, 44.051718 ], [ 4.431106, 44.051811 ], [ 4.429939, 44.052161 ], [ 4.424166, 44.053149 ], [ 4.420449123715637, 44.054023481225556 ], [ 4.423049, 44.055269 ] ] ], [ [ [ 4.451707, 43.979009 ], [ 4.45033, 43.977268 ], [ 4.449483, 43.976255 ], [ 4.445666, 43.977972 ], [ 4.439153, 43.978381 ], [ 4.436257, 43.978335 ], [ 4.431405, 43.976436 ], [ 4.429016, 43.975403 ], [ 4.425588, 43.972655 ], [ 4.42777, 43.965529 ], [ 4.429627, 43.964529 ], [ 4.429602, 43.961996 ], [ 4.429615, 43.960038 ], [ 4.428032, 43.956086 ], [ 4.427235, 43.955833 ], [ 4.426425, 43.955837 ], [ 4.424484, 43.956698 ], [ 4.417629, 43.962461 ], [ 4.417181, 43.962503 ], [ 4.415288, 43.962824 ], [ 4.414441, 43.963025 ], [ 4.407564, 43.963284 ], [ 4.405957, 43.963211 ], [ 4.405663, 43.963209 ], [ 4.399603, 43.962814 ], [ 4.398129, 43.96369 ], [ 4.390998, 43.959377 ], [ 4.390048, 43.955904 ], [ 4.383076, 43.953422 ], [ 4.380887, 43.950574 ], [ 4.3773, 43.950878 ], [ 4.370271, 43.954602 ], [ 4.366798, 43.953657 ], [ 4.366378, 43.954682 ], [ 4.362946, 43.960834 ], [ 4.359386, 43.964449 ], [ 4.354398, 43.967328 ], [ 4.3531, 43.96774 ], [ 4.347027, 43.970591 ], [ 4.349321, 43.971289 ], [ 4.35471, 43.971038 ], [ 4.359616, 43.967667 ], [ 4.364067, 43.963105 ], [ 4.368468, 43.95967 ], [ 4.368905, 43.959568 ], [ 4.369019, 43.959556 ], [ 4.370503, 43.96033 ], [ 4.370543, 43.960409 ], [ 4.370582, 43.9605 ], [ 4.370333, 43.964205 ], [ 4.371406, 43.966543 ], [ 4.371422, 43.966948 ], [ 4.371364, 43.967483 ], [ 4.371696, 43.973655 ], [ 4.376273, 43.975029 ], [ 4.378465, 43.974028 ], [ 4.382198, 43.966178 ], [ 4.381767, 43.960563 ], [ 4.381473, 43.960042 ], [ 4.381245, 43.959467 ], [ 4.384591, 43.958139 ], [ 4.385229, 43.959171 ], [ 4.385491, 43.959598 ], [ 4.389259, 43.964016 ], [ 4.389912, 43.965047 ], [ 4.394556, 43.969538 ], [ 4.400773, 43.965964 ], [ 4.4018, 43.963995 ], [ 4.403131, 43.964095 ], [ 4.404338, 43.966465 ], [ 4.406042, 43.971062 ], [ 4.408588, 43.972987 ], [ 4.417484, 43.972628 ], [ 4.417671, 43.972208 ], [ 4.417563, 43.966389 ], [ 4.418181, 43.965568 ], [ 4.419409, 43.963446 ], [ 4.419502, 43.963356 ], [ 4.420544, 43.962933 ], [ 4.42067, 43.962889 ], [ 4.421016, 43.962808 ], [ 4.424155, 43.962293 ], [ 4.426529, 43.964999 ], [ 4.425696, 43.96573 ], [ 4.425055, 43.966118 ], [ 4.42265, 43.969336 ], [ 4.427444, 43.975728 ], [ 4.433957, 43.978753 ], [ 4.438188, 43.984491 ], [ 4.445269, 43.985653 ], [ 4.44713, 43.982391 ], [ 4.448489, 43.980778 ], [ 4.44879, 43.980419 ], [ 4.45119, 43.980553 ], [ 4.456166230332046, 43.982964944429789 ], [ 4.451707, 43.979009 ] ] ], [ [ [ 4.341736, 43.964769 ], [ 4.336959157694705, 43.964521317915612 ], [ 4.336101, 43.966352 ], [ 4.332503, 43.966472 ], [ 4.332496, 43.966265 ], [ 4.332310772008415, 43.964952347143239 ], [ 4.332306, 43.964953 ], [ 4.331049, 43.966613 ], [ 4.330186, 43.970108 ], [ 4.3314, 43.972868 ], [ 4.334662, 43.974389 ], [ 4.34178, 43.978051 ], [ 4.341798, 43.981651 ], [ 4.335152, 43.984465 ], [ 4.334542, 43.984291 ], [ 4.33397, 43.984144 ], [ 4.333611, 43.984129 ], [ 4.333019, 43.984066 ], [ 4.332057, 43.984413 ], [ 4.327482948136113, 43.988740911325849 ], [ 4.332367, 43.989687 ], [ 4.33595, 43.989344 ], [ 4.337986, 43.990691 ], [ 4.33798586239164, 43.990691969513449 ], [ 4.338054, 43.990701 ], [ 4.340823, 43.990135 ], [ 4.343307, 43.989754 ], [ 4.348056, 43.989373 ], [ 4.349946, 43.981361 ], [ 4.345132, 43.979104 ], [ 4.34139, 43.97264 ], [ 4.339126, 43.971951 ], [ 4.337793, 43.971569 ], [ 4.3372, 43.971427 ], [ 4.338033, 43.967925 ], [ 4.338627, 43.968066 ], [ 4.340114, 43.968489 ], [ 4.342438, 43.969196 ], [ 4.344732, 43.969894 ], [ 4.347027, 43.970591 ], [ 4.341736, 43.964769 ] ] ] ] } },
{ "type": "Feature", "properties": { "codgeo": "30334", "value": 720, "isochrone_group": 12.0, "nb_agences": 1 }, "geometry": { "type": "MultiPolygon", "coordinates": [ [ [ [ 4.326012, 44.009585 ], [ 4.330766, 44.013927 ], [ 4.331623, 44.017225 ], [ 4.334116, 44.019823 ], [ 4.334888, 44.027179 ], [ 4.335696, 44.028542 ], [ 4.33196, 44.035831 ], [ 4.328659, 44.034395 ], [ 4.327425, 44.034418 ], [ 4.324265, 44.035946 ], [ 4.317995, 44.037092 ], [ 4.316097, 44.037346 ], [ 4.316573, 44.040914 ], [ 4.322289, 44.041534 ], [ 4.324949, 44.039743 ], [ 4.326338, 44.039369 ], [ 4.326615, 44.039331 ], [ 4.330637, 44.039888 ], [ 4.330513, 44.048623 ], [ 4.329864, 44.052695 ], [ 4.33039, 44.056257 ], [ 4.331902, 44.056033 ], [ 4.332225, 44.055964 ], [ 4.334268, 44.055488 ], [ 4.34249, 44.056741 ], [ 4.343043, 44.056787 ], [ 4.344992, 44.05511 ], [ 4.34776, 44.053119 ], [ 4.349998, 44.050299 ], [ 4.357772, 44.053551 ], [ 4.359996, 44.055004 ], [ 4.360521, 44.055171 ], [ 4.362508, 44.054412 ], [ 4.370601, 44.05317 ], [ 4.371696, 44.053972 ], [ 4.3756, 44.055647 ], [ 4.380524, 44.054743 ], [ 4.384767, 44.060541 ], [ 4.385354, 44.067685 ], [ 4.385541, 44.068603 ], [ 4.387492, 44.075911 ], [ 4.389005, 44.08453 ], [ 4.389775, 44.086637 ], [ 4.390573, 44.086722 ], [ 4.392458, 44.085548 ], [ 4.392489, 44.085441 ], [ 4.393058, 44.083545 ], [ 4.397673, 44.079875 ], [ 4.402563, 44.082395 ], [ 4.406059, 44.081537 ], [ 4.405545, 44.079445 ], [ 4.404359, 44.07729 ], [ 4.402385, 44.076239 ], [ 4.400007, 44.071604 ], [ 4.407505, 44.06768 ], [ 4.40849, 44.066091 ], [ 4.409475, 44.064501 ], [ 4.409919280263384, 44.063355472286979 ], [ 4.406733, 44.061701 ], [ 4.403816, 44.060729 ], [ 4.398742, 44.066647 ], [ 4.398702, 44.067172 ], [ 4.398737, 44.070402 ], [ 4.399005, 44.073469 ], [ 4.396719, 44.07625 ], [ 4.395146, 44.076805 ], [ 4.391717, 44.07571 ], [ 4.390374, 44.070573 ], [ 4.39099, 44.067026 ], [ 4.386827, 44.060327 ], [ 4.385732, 44.059491 ], [ 4.385165, 44.058855 ], [ 4.385267, 44.058039 ], [ 4.379872, 44.051564 ], [ 4.374745, 44.051437 ], [ 4.366776, 44.05096 ], [ 4.359276, 44.048599 ], [ 4.358695, 44.048503 ], [ 4.356961, 44.046758 ], [ 4.349195, 44.044693 ], [ 4.347591, 44.046236 ], [ 4.347129, 44.046786 ], [ 4.34564, 44.049577 ], [ 4.342318, 44.05092 ], [ 4.342012, 44.051045 ], [ 4.340505, 44.051552 ], [ 4.339356, 44.048141 ], [ 4.337066, 44.040348 ], [ 4.333509, 44.039845 ], [ 4.331784, 44.039586 ], [ 4.329766, 44.039311 ], [ 4.329695, 44.039301 ], [ 4.328732, 44.036268 ], [ 4.328742, 44.036257 ], [ 4.330196, 44.035736 ], [ 4.330267, 44.035746 ], [ 4.332271, 44.036019 ], [ 4.334042, 44.036284 ], [ 4.335063, 44.036407 ], [ 4.341843, 44.031619 ], [ 4.343945, 44.029891 ], [ 4.344195, 44.029972 ], [ 4.345805, 44.03037 ], [ 4.346772, 44.030909 ], [ 4.351609, 44.032138 ], [ 4.358068, 44.027027 ], [ 4.359153, 44.023594 ], [ 4.356995, 44.016034 ], [ 4.356877, 44.015869 ], [ 4.351253, 44.011031 ], [ 4.344368, 44.008757 ], [ 4.341997, 44.009755 ], [ 4.341064, 44.010269 ], [ 4.337195, 44.013194 ], [ 4.333834, 44.011905 ], [ 4.328423, 44.008503 ], [ 4.325935459947787, 44.007577778795785 ], [ 4.32501, 44.007718 ], [ 4.320747, 44.007878 ], [ 4.320534033486182, 44.00797380047063 ], [ 4.32355, 44.008718 ], [ 4.326012, 44.009585 ] ] ], [ [ [ 4.419213, 44.054611 ], [ 4.422332, 44.05641 ], [ 4.427924, 44.056141 ], [ 4.431665, 44.058613 ], [ 4.433478, 44.05939 ], [ 4.438044, 44.062415 ], [ 4.438219, 44.062531 ], [ 4.440399, 44.05987 ], [ 4.442535, 44.056632 ], [ 4.450258, 44.052031 ], [ 4.453093, 44.052549 ], [ 4.453684, 44.052754 ], [ 4.459764, 44.057169 ], [ 4.463241, 44.056237 ], [ 4.469474, 44.057066 ], [ 4.473229, 44.058512 ], [ 4.47437, 44.058725 ], [ 4.475175, 44.058819 ], [ 4.476481, 44.056968 ], [ 4.476172, 44.056319 ], [ 4.475593, 44.055243 ], [ 4.473676, 44.054513 ], [ 4.473175, 44.054172 ], [ 4.472655, 44.053722 ], [ 4.474339, 44.044946 ], [ 4.474778, 44.044767 ], [ 4.480032, 44.044012 ], [ 4.480343, 44.044067 ], [ 4.481116, 44.044126 ], [ 4.485, 44.042162 ], [ 4.485236, 44.04207 ], [ 4.484008, 44.038406 ], [ 4.491795107148392, 44.03574487797998 ], [ 4.490688, 44.035603 ], [ 4.489763, 44.035587 ], [ 4.483153, 44.037257 ], [ 4.481154, 44.040251 ], [ 4.480248, 44.040152 ], [ 4.479488, 44.040003 ], [ 4.478567, 44.039795 ], [ 4.478017, 44.039717 ], [ 4.477268, 44.039438 ], [ 4.470534, 44.044832 ], [ 4.466256, 44.051599 ], [ 4.464168, 44.054532 ], [ 4.458784, 44.053131 ], [ 4.456421, 44.051964 ], [ 4.45127, 44.045845 ], [ 4.447675, 44.046041 ], [ 4.445616, 44.046409 ], [ 4.442505, 44.047706 ], [ 4.437685, 44.051902 ], [ 4.435545, 44.055333 ], [ 4.435097, 44.05632 ], [ 4.432889, 44.055978 ], [ 4.424248, 44.054549 ], [ 4.423851, 44.054832 ], [ 4.423049, 44.055269 ], [ 4.415835, 44.051813 ], [ 4.412015, 44.055283 ], [ 4.411622, 44.059063 ], [ 4.419213, 44.054611 ] ] ], [ [ [ 4.495373, 44.037826 ], [ 4.496064, 44.037706 ], [ 4.498836, 44.03681 ], [ 4.504335, 44.030609 ], [ 4.506514, 44.030095 ], [ 4.508666, 44.027208 ], [ 4.504895, 44.01992 ], [ 4.503444, 44.017399 ], [ 4.501477, 44.016308 ], [ 4.500716, 44.015986 ], [ 4.49788, 44.016433 ], [ 4.489867, 44.01605 ], [ 4.484729, 44.014634 ], [ 4.479572, 44.011535 ], [ 4.475277, 44.006738 ], [ 4.474978, 44.00675 ], [ 4.472139, 44.006912 ], [ 4.466018, 44.006393 ], [ 4.465527, 44.006408 ], [ 4.457028, 44.005622 ], [ 4.461291, 44.007514 ], [ 4.461878, 44.00763 ], [ 4.46755, 44.008262 ], [ 4.474457, 44.00856 ], [ 4.474918, 44.008641 ], [ 4.476346, 44.011343 ], [ 4.48231, 44.015492 ], [ 4.490112, 44.01755 ], [ 4.493401, 44.017348 ], [ 4.495938, 44.017415 ], [ 4.496301, 44.017426 ], [ 4.496474, 44.019804 ], [ 4.4964, 44.020217 ], [ 4.496578, 44.028201 ], [ 4.496975, 44.02967 ], [ 4.497401, 44.031706 ], [ 4.493583, 44.035974 ], [ 4.493035039171792, 44.035903777731527 ], [ 4.495373, 44.037826 ] ] ], [ [ [ 4.455388, 44.000823 ], [ 4.454238, 43.998762 ], [ 4.453959, 43.998197 ], [ 4.453193, 43.995456 ], [ 4.458408, 43.990102 ], [ 4.459722, 43.989884 ], [ 4.458059, 43.990054 ], [ 4.452687, 43.994492 ], [ 4.452878, 43.999033 ], [ 4.453077, 43.999577 ], [ 4.457028, 44.005622 ], [ 4.455388, 44.000823 ] ] ], [ [ [ 4.460787, 43.989755 ], [ 4.46107, 43.989684 ], [ 4.462314, 43.989326 ], [ 4.464075, 43.988828 ], [ 4.470572, 43.986672 ], [ 4.47129, 43.986566 ], [ 4.471861, 43.986424 ], [ 4.473634, 43.983506 ], [ 4.479196, 43.979622 ], [ 4.480753, 43.979189 ], [ 4.479788, 43.97572 ], [ 4.478578, 43.975116 ], [ 4.477551, 43.975305 ], [ 4.477541, 43.975307 ], [ 4.476599, 43.975474 ], [ 4.472164, 43.977896 ], [ 4.472358, 43.977819 ], [ 4.473685, 43.981166 ], [ 4.468533, 43.985323 ], [ 4.467543, 43.98551 ], [ 4.460563071279465, 43.989785704907668 ], [ 4.460787, 43.989755 ] ] ], [ [ [ 4.454619, 43.977911 ], [ 4.450928, 43.973532 ], [ 4.449545, 43.973632 ], [ 4.448879, 43.973754 ], [ 4.447296, 43.975466 ], [ 4.438744, 43.97647 ], [ 4.432068, 43.97363 ], [ 4.431072, 43.966474 ], [ 4.431467, 43.963779 ], [ 4.432094, 43.961475 ], [ 4.432153, 43.960819 ], [ 4.432189, 43.95885 ], [ 4.433338, 43.95257 ], [ 4.432041, 43.952145 ], [ 4.431452, 43.952021 ], [ 4.43102, 43.951977 ], [ 4.422658, 43.949856 ], [ 4.421867, 43.949574 ], [ 4.42148, 43.949502 ], [ 4.420092, 43.953413 ], [ 4.420159, 43.953769 ], [ 4.417755, 43.961883 ], [ 4.414159, 43.962056 ], [ 4.407564, 43.963284 ], [ 4.414441, 43.963025 ], [ 4.415288, 43.962824 ], [ 4.417181, 43.962503 ], [ 4.417629, 43.962461 ], [ 4.424484, 43.956698 ], [ 4.426425, 43.955837 ], [ 4.427235, 43.955833 ], [ 4.428032, 43.956086 ], [ 4.429615, 43.960038 ], [ 4.429602, 43.961996 ], [ 4.429627, 43.964529 ], [ 4.42777, 43.965529 ], [ 4.425588, 43.972655 ], [ 4.429016, 43.975403 ], [ 4.431405, 43.976436 ], [ 4.436257, 43.978335 ], [ 4.439153, 43.978381 ], [ 4.445666, 43.977972 ], [ 4.449483, 43.976255 ], [ 4.45033, 43.977268 ], [ 4.451707, 43.979009 ], [ 4.457032, 43.983733 ], [ 4.46215, 43.982169 ], [ 4.462491, 43.982018 ], [ 4.454619, 43.977911 ] ] ], [ [ [ 4.3993, 43.962538 ], [ 4.396117, 43.95607 ], [ 4.395872, 43.954973 ], [ 4.395513, 43.954667 ], [ 4.390961, 43.954082 ], [ 4.384662, 43.948035 ], [ 4.379156, 43.943079 ], [ 4.378295, 43.942238 ], [ 4.376274, 43.942607 ], [ 4.37293, 43.944243 ], [ 4.371983, 43.947716 ], [ 4.365259, 43.950887 ], [ 4.364529, 43.951549 ], [ 4.362241, 43.954329 ], [ 4.356604, 43.959577 ], [ 4.356245, 43.963159 ], [ 4.356721772294613, 43.965986752919761 ], [ 4.359386, 43.964449 ], [ 4.362946, 43.960834 ], [ 4.366378, 43.954682 ], [ 4.366798, 43.953657 ], [ 4.370271, 43.954602 ], [ 4.3773, 43.950878 ], [ 4.380887, 43.950574 ], [ 4.383076, 43.953422 ], [ 4.390048, 43.955904 ], [ 4.390998, 43.959377 ], [ 4.398129, 43.96369 ], [ 4.399603, 43.962814 ], [ 4.405663, 43.963209 ], [ 4.3993, 43.962538 ] ] ], [ [ [ 4.347398, 43.965408 ], [ 4.345645, 43.962263 ], [ 4.3406237743601, 43.960635400783787 ], [ 4.340375846303601, 43.964698475230485 ], [ 4.341736, 43.964769 ], [ 4.347027, 43.970591 ], [ 4.349429800051859, 43.969462993586717 ], [ 4.347398, 43.965408 ] ] ], [ [ [ 4.330066, 43.970078 ], [ 4.326080352315751, 43.969041376357431 ], [ 4.326951, 43.97004 ], [ 4.330925, 43.97806 ], [ 4.32578, 43.984113 ], [ 4.324642299284422, 43.985331358602124 ], [ 4.330912, 43.984396 ], [ 4.332781, 43.984041 ], [ 4.334381, 43.983518 ], [ 4.335677796989966, 43.984242370940443 ], [ 4.341798, 43.981651 ], [ 4.34178, 43.978051 ], [ 4.334662, 43.974389 ], [ 4.3314, 43.972868 ], [ 4.330445136026807, 43.970697139566717 ], [ 4.330066, 43.970078 ] ] ] ] } },
{ "type": "Feature", "properties": { "codgeo": "30334", "value": 780, "isochrone_group": 13.0, "nb_agences": 1 }, "geometry": { "type": "MultiPolygon", "coordinates": [ [ [ [ 4.510642, 44.020726 ], [ 4.512171, 44.019226 ], [ 4.51144, 44.018524 ], [ 4.510821, 44.018019 ], [ 4.510314, 44.017716 ], [ 4.509146, 44.017209 ], [ 4.502274, 44.014194 ], [ 4.499934, 44.013054 ], [ 4.495343, 44.013613 ], [ 4.488223, 44.012505 ], [ 4.48761, 44.012698 ], [ 4.484237, 44.012894 ], [ 4.479507, 44.007806 ], [ 4.479031, 44.006647 ], [ 4.47832, 44.005443 ], [ 4.474826, 44.00559 ], [ 4.471483, 44.005074 ], [ 4.470764, 44.00484 ], [ 4.47018, 44.004779 ], [ 4.466639, 44.004867 ], [ 4.463, 44.005285 ], [ 4.456903049410228, 44.005256367146146 ], [ 4.457028, 44.005622 ], [ 4.465527, 44.006408 ], [ 4.466018, 44.006393 ], [ 4.472139, 44.006912 ], [ 4.474978, 44.00675 ], [ 4.475277, 44.006738 ], [ 4.479572, 44.011535 ], [ 4.484729, 44.014634 ], [ 4.489867, 44.01605 ], [ 4.49788, 44.016433 ], [ 4.500716, 44.015986 ], [ 4.501477, 44.016308 ], [ 4.503444, 44.017399 ], [ 4.504895, 44.01992 ], [ 4.508666, 44.027208 ], [ 4.506514, 44.030095 ], [ 4.504335, 44.030609 ], [ 4.498836, 44.03681 ], [ 4.496064, 44.037706 ], [ 4.495373, 44.037826 ], [ 4.492803, 44.035713 ], [ 4.49238, 44.035545 ], [ 4.484008, 44.038406 ], [ 4.485236, 44.04207 ], [ 4.485, 44.042162 ], [ 4.482338236728761, 44.043507958564568 ], [ 4.483457, 44.043306 ], [ 4.483895, 44.04316 ], [ 4.48476, 44.042804 ], [ 4.484905, 44.042623 ], [ 4.486979, 44.040472 ], [ 4.494535, 44.037907 ], [ 4.495228, 44.037848 ], [ 4.499585, 44.038095 ], [ 4.502578, 44.036094 ], [ 4.510852, 44.033424 ], [ 4.511278, 44.03347 ], [ 4.511863, 44.033473 ], [ 4.513818, 44.033422 ], [ 4.516423829268287, 44.033354829268305 ], [ 4.515777, 44.033371 ], [ 4.51484, 44.032405 ], [ 4.514577, 44.031944 ], [ 4.515687726929997, 44.029772533850632 ], [ 4.513724, 44.029823 ], [ 4.509695, 44.021871 ], [ 4.510642, 44.020726 ] ] ], [ [ [ 4.458408, 43.990102 ], [ 4.453193, 43.995456 ], [ 4.453306491266539, 43.995862109088229 ], [ 4.458408, 43.990102 ] ] ], [ [ [ 4.464605, 43.989741 ], [ 4.467104, 43.98966 ], [ 4.473731, 43.987204 ], [ 4.473869, 43.987165 ], [ 4.481131, 43.982431 ], [ 4.484112, 43.982374 ], [ 4.485077, 43.982359 ], [ 4.485882, 43.982002 ], [ 4.486953, 43.980666 ], [ 4.493358, 43.975672 ], [ 4.495008, 43.975265 ], [ 4.494146, 43.97177 ], [ 4.492497, 43.972177 ], [ 4.490986, 43.972589 ], [ 4.485841, 43.972948 ], [ 4.480551, 43.969434 ], [ 4.477364, 43.967761 ], [ 4.476996, 43.968463 ], [ 4.476796, 43.969077 ], [ 4.476794, 43.969868 ], [ 4.471692, 43.976932 ], [ 4.468511, 43.979566 ], [ 4.470194, 43.978842 ], [ 4.472164, 43.977896 ], [ 4.476599, 43.975474 ], [ 4.477541, 43.975307 ], [ 4.477551, 43.975305 ], [ 4.478578, 43.975116 ], [ 4.479788, 43.97572 ], [ 4.480753, 43.979189 ], [ 4.479196, 43.979622 ], [ 4.473634, 43.983506 ], [ 4.471861, 43.986424 ], [ 4.47129, 43.986566 ], [ 4.470572, 43.986672 ], [ 4.464075, 43.988828 ], [ 4.462314, 43.989326 ], [ 4.46107, 43.989684 ], [ 4.460787, 43.989755 ], [ 4.464605, 43.989741 ] ] ], [ [ [ 4.458526, 43.977606 ], [ 4.457416, 43.974635 ], [ 4.45575, 43.971444 ], [ 4.448598, 43.97165 ], [ 4.446538, 43.972094 ], [ 4.438052, 43.97474 ], [ 4.434761087933227, 43.974775651547382 ], [ 4.438744, 43.97647 ], [ 4.447296, 43.975466 ], [ 4.448879, 43.973754 ], [ 4.449545, 43.973632 ], [ 4.450928, 43.973532 ], [ 4.454619, 43.977911 ], [ 4.462491, 43.982018 ], [ 4.464382, 43.981108 ], [ 4.465561, 43.980604 ], [ 4.458526, 43.977606 ] ] ], [ [ [ 4.431393, 43.967672 ], [ 4.433802, 43.965669 ], [ 4.433884, 43.965624 ], [ 4.434171, 43.965366 ], [ 4.434666, 43.964908 ], [ 4.435118, 43.964087 ], [ 4.435247, 43.96389 ], [ 4.437556, 43.958806 ], [ 4.441549, 43.957079 ], [ 4.442317, 43.955099 ], [ 4.442862, 43.953727 ], [ 4.442552, 43.953605 ], [ 4.438901, 43.952696 ], [ 4.434379, 43.952499 ], [ 4.427366, 43.947592 ], [ 4.42602, 43.947487 ], [ 4.425565, 43.947474 ], [ 4.417463, 43.94935 ], [ 4.416938, 43.949441 ], [ 4.414709, 43.950145 ], [ 4.412518, 43.950858 ], [ 4.412041, 43.954427 ], [ 4.403381, 43.955933 ], [ 4.402969, 43.955154 ], [ 4.402772, 43.954977 ], [ 4.40221, 43.954705 ], [ 4.40182, 43.954693 ], [ 4.394908, 43.949 ], [ 4.390031, 43.945648 ], [ 4.383893, 43.940332 ], [ 4.383593, 43.939299 ], [ 4.377979, 43.939415 ], [ 4.375569, 43.940836 ], [ 4.367379, 43.942477 ], [ 4.364191, 43.942283 ], [ 4.363462, 43.945809 ], [ 4.359832, 43.952101 ], [ 4.356218, 43.954579 ], [ 4.349375, 43.95962 ], [ 4.345601, 43.953948 ], [ 4.344042675886432, 43.952762259487756 ], [ 4.34159260857558, 43.953270577045451 ], [ 4.341555, 43.95332 ], [ 4.339033, 43.955139 ], [ 4.336228597294397, 43.955050013823261 ], [ 4.335922534218577, 43.957086475303868 ], [ 4.336344, 43.957183 ], [ 4.338608, 43.959982 ], [ 4.345645, 43.962263 ], [ 4.347398, 43.965408 ], [ 4.350390412765992, 43.971380149948409 ], [ 4.350515595797727, 43.971490766369385 ], [ 4.356738, 43.966083 ], [ 4.356245, 43.963159 ], [ 4.356604, 43.959577 ], [ 4.362241, 43.954329 ], [ 4.364529, 43.951549 ], [ 4.365259, 43.950887 ], [ 4.371983, 43.947716 ], [ 4.37293, 43.944243 ], [ 4.376274, 43.942607 ], [ 4.378295, 43.942238 ], [ 4.379156, 43.943079 ], [ 4.384662, 43.948035 ], [ 4.390961, 43.954082 ], [ 4.395513, 43.954667 ], [ 4.395872, 43.954973 ], [ 4.396117, 43.95607 ], [ 4.3993, 43.962538 ], [ 4.405663, 43.963209 ], [ 4.405957, 43.963211 ], [ 4.407564, 43.963284 ], [ 4.414159, 43.962056 ], [ 4.417755, 43.961883 ], [ 4.420159, 43.953769 ], [ 4.420092, 43.953413 ], [ 4.42148, 43.949502 ], [ 4.421867, 43.949574 ], [ 4.422658, 43.949856 ], [ 4.43102, 43.951977 ], [ 4.431452, 43.952021 ], [ 4.432041, 43.952145 ], [ 4.433338, 43.95257 ], [ 4.432189, 43.95885 ], [ 4.432153, 43.960819 ], [ 4.432094, 43.961475 ], [ 4.431467, 43.963779 ], [ 4.431072, 43.966474 ], [ 4.432068, 43.97363 ], [ 4.434380955394253, 43.974613941479873 ], [ 4.431393, 43.967672 ] ] ], [ [ [ 4.323893, 44.010307 ], [ 4.323187, 44.010305 ], [ 4.322660695960251, 44.010352896014105 ], [ 4.324371, 44.011175 ], [ 4.330681, 44.017181 ], [ 4.330465, 44.018251 ], [ 4.330378, 44.019227 ], [ 4.330604, 44.020589 ], [ 4.331407, 44.024792 ], [ 4.328812, 44.033329 ], [ 4.32678, 44.033164 ], [ 4.318582, 44.032624 ], [ 4.315281, 44.034059 ], [ 4.311877, 44.039018 ], [ 4.308596, 44.040438 ], [ 4.306082, 44.040764 ], [ 4.306168, 44.044363 ], [ 4.308399, 44.044309 ], [ 4.309119, 44.044275 ], [ 4.309727, 44.04417 ], [ 4.310401, 44.043941 ], [ 4.310881, 44.04371 ], [ 4.311708, 44.043244 ], [ 4.313643, 44.042155 ], [ 4.320305, 44.043493 ], [ 4.32175, 44.046629 ], [ 4.321942, 44.049453 ], [ 4.32045, 44.054598 ], [ 4.320551, 44.058197 ], [ 4.323012, 44.059333 ], [ 4.329306, 44.057653 ], [ 4.33707, 44.056946 ], [ 4.343461, 44.058414 ], [ 4.345273, 44.057973 ], [ 4.350978, 44.057038 ], [ 4.351696, 44.056992 ], [ 4.358485, 44.056248 ], [ 4.360981, 44.056678 ], [ 4.362643, 44.056458 ], [ 4.371187, 44.056929 ], [ 4.373553, 44.057771 ], [ 4.374055, 44.057926 ], [ 4.375584, 44.057867 ], [ 4.379796, 44.057501 ], [ 4.384903489602438, 44.062202127291016 ], [ 4.384767, 44.060541 ], [ 4.380524, 44.054743 ], [ 4.3756, 44.055647 ], [ 4.371696, 44.053972 ], [ 4.370601, 44.05317 ], [ 4.362508, 44.054412 ], [ 4.360521, 44.055171 ], [ 4.359996, 44.055004 ], [ 4.357772, 44.053551 ], [ 4.349998, 44.050299 ], [ 4.34776, 44.053119 ], [ 4.344992, 44.05511 ], [ 4.343043, 44.056787 ], [ 4.34249, 44.056741 ], [ 4.334268, 44.055488 ], [ 4.332225, 44.055964 ], [ 4.331902, 44.056033 ], [ 4.33039, 44.056257 ], [ 4.329864, 44.052695 ], [ 4.330513, 44.048623 ], [ 4.330637, 44.039888 ], [ 4.326615, 44.039331 ], [ 4.326338, 44.039369 ], [ 4.324949, 44.039743 ], [ 4.322289, 44.041534 ], [ 4.316573, 44.040914 ], [ 4.316097, 44.037346 ], [ 4.317995, 44.037092 ], [ 4.324265, 44.035946 ], [ 4.327425, 44.034418 ], [ 4.328659, 44.034395 ], [ 4.33196, 44.035831 ], [ 4.335696, 44.028542 ], [ 4.334888, 44.027179 ], [ 4.334116, 44.019823 ], [ 4.331623, 44.017225 ], [ 4.330766, 44.013927 ], [ 4.326462676907917, 44.009996619506552 ], [ 4.323893, 44.010307 ] ] ], [ [ [ 4.385095, 44.06582 ], [ 4.383685, 44.06843 ], [ 4.382871, 44.069655 ], [ 4.381398, 44.07294 ], [ 4.384285, 44.080862 ], [ 4.384947, 44.08321 ], [ 4.385823, 44.086158 ], [ 4.386818, 44.093612 ], [ 4.388726, 44.094817 ], [ 4.38986, 44.094821 ], [ 4.390375, 44.094164 ], [ 4.39051, 44.093294 ], [ 4.391387, 44.089996 ], [ 4.392685, 44.086639 ], [ 4.398737, 44.083561 ], [ 4.404024, 44.088516 ], [ 4.407531, 44.0877 ], [ 4.407127, 44.085965 ], [ 4.410299, 44.078659 ], [ 4.410099, 44.076484 ], [ 4.408219, 44.069128 ], [ 4.409475, 44.064501 ], [ 4.40849, 44.066091 ], [ 4.407505, 44.06768 ], [ 4.400007, 44.071604 ], [ 4.402385, 44.076239 ], [ 4.404359, 44.07729 ], [ 4.405545, 44.079445 ], [ 4.406059, 44.081537 ], [ 4.402563, 44.082395 ], [ 4.397673, 44.079875 ], [ 4.393058, 44.083545 ], [ 4.392489, 44.085441 ], [ 4.392458, 44.085548 ], [ 4.390573, 44.086722 ], [ 4.389775, 44.086637 ], [ 4.389005, 44.08453 ], [ 4.387492, 44.075911 ], [ 4.385541, 44.068603 ], [ 4.385354, 44.067685 ], [ 4.385137529432072, 44.065050475745672 ], [ 4.385095, 44.06582 ] ] ], [ [ [ 4.420349, 44.05856 ], [ 4.424686, 44.059978 ], [ 4.42607, 44.059889 ], [ 4.426998, 44.059621 ], [ 4.430263, 44.058868 ], [ 4.437094791839097, 44.061786144396265 ], [ 4.433478, 44.05939 ], [ 4.431665, 44.058613 ], [ 4.427924, 44.056141 ], [ 4.422332, 44.05641 ], [ 4.419213, 44.054611 ], [ 4.411622, 44.059063 ], [ 4.41153, 44.059772 ], [ 4.420349, 44.05856 ] ] ], [ [ [ 4.438308, 44.063157 ], [ 4.438543, 44.063616 ], [ 4.43986, 44.065952 ], [ 4.440542, 44.067169 ], [ 4.441277, 44.068088 ], [ 4.441861, 44.068469 ], [ 4.442067, 44.068598 ], [ 4.444211, 44.070103 ], [ 4.446266, 44.067147 ], [ 4.44595, 44.060024 ], [ 4.446952, 44.056365 ], [ 4.455497, 44.055659 ], [ 4.455566, 44.059258 ], [ 4.461173, 44.062267 ], [ 4.461521, 44.062278 ], [ 4.470335, 44.061412 ], [ 4.475086, 44.062528 ], [ 4.478056, 44.062991 ], [ 4.479944, 44.061924 ], [ 4.479989, 44.061805 ], [ 4.481153, 44.058405 ], [ 4.481593, 44.056735 ], [ 4.479288, 44.055459 ], [ 4.477821, 44.055217 ], [ 4.473339, 44.050786 ], [ 4.478222, 44.045562 ], [ 4.48057204845928, 44.044084482353313 ], [ 4.480343, 44.044067 ], [ 4.480032, 44.044012 ], [ 4.474778, 44.044767 ], [ 4.474339, 44.044946 ], [ 4.472655, 44.053722 ], [ 4.473175, 44.054172 ], [ 4.473676, 44.054513 ], [ 4.475593, 44.055243 ], [ 4.476172, 44.056319 ], [ 4.476481, 44.056968 ], [ 4.475175, 44.058819 ], [ 4.47437, 44.058725 ], [ 4.473229, 44.058512 ], [ 4.469474, 44.057066 ], [ 4.463241, 44.056237 ], [ 4.459764, 44.057169 ], [ 4.453684, 44.052754 ], [ 4.453093, 44.052549 ], [ 4.450258, 44.052031 ], [ 4.442535, 44.056632 ], [ 4.440399, 44.05987 ], [ 4.438219, 44.062531 ], [ 4.438044, 44.062415 ], [ 4.43767893510946, 44.062173142511199 ], [ 4.438308, 44.063157 ] ] ] ] } },
{ "type": "Feature", "properties": { "codgeo": "30334", "value": 840, "isochrone_group": 14.0, "nb_agences": 1 }, "geometry": { "type": "MultiPolygon", "coordinates": [ [ [ [ 4.513159, 44.016378 ], [ 4.51243, 44.015108 ], [ 4.511325, 44.014846 ], [ 4.503266, 44.012571 ], [ 4.495492, 44.011187 ], [ 4.487299, 44.010554 ], [ 4.483279, 44.006004 ], [ 4.482123, 44.004506 ], [ 4.480818, 44.004144 ], [ 4.474762, 44.0051 ], [ 4.471792, 44.003066 ], [ 4.46987, 44.003364 ], [ 4.468066, 44.003572 ], [ 4.466271, 44.003301 ], [ 4.463157, 44.004802 ], [ 4.459661, 44.004627 ], [ 4.453203, 43.999407 ], [ 4.453601, 44.00061 ], [ 4.456399, 44.005254 ], [ 4.463, 44.005285 ], [ 4.466639, 44.004867 ], [ 4.47018, 44.004779 ], [ 4.470764, 44.00484 ], [ 4.471483, 44.005074 ], [ 4.474826, 44.00559 ], [ 4.47832, 44.005443 ], [ 4.479031, 44.006647 ], [ 4.479507, 44.007806 ], [ 4.484237, 44.012894 ], [ 4.48761, 44.012698 ], [ 4.488223, 44.012505 ], [ 4.495343, 44.013613 ], [ 4.499934, 44.013054 ], [ 4.502274, 44.014194 ], [ 4.509146, 44.017209 ], [ 4.510314, 44.017716 ], [ 4.510821, 44.018019 ], [ 4.51144, 44.018524 ], [ 4.512171, 44.019226 ], [ 4.510642, 44.020726 ], [ 4.509695, 44.021871 ], [ 4.510889275709266, 44.024228130910906 ], [ 4.513488, 44.023347 ], [ 4.51429, 44.02422 ], [ 4.514725, 44.02468 ], [ 4.515162, 44.025247 ], [ 4.520772007533083, 44.023891188110504 ], [ 4.520575, 44.023741 ], [ 4.520301, 44.020152 ], [ 4.513159, 44.016378 ] ] ], [ [ [ 4.464734, 43.992034 ], [ 4.467922, 43.991566 ], [ 4.474149, 43.98795 ], [ 4.474191, 43.987929 ], [ 4.475051, 43.987553 ], [ 4.47577, 43.987275 ], [ 4.477748, 43.985573 ], [ 4.480353, 43.984247 ], [ 4.484746, 43.983664 ], [ 4.485428, 43.983735 ], [ 4.485809, 43.983687 ], [ 4.486493, 43.983533 ], [ 4.49334, 43.98189 ], [ 4.495637, 43.981291 ], [ 4.495735, 43.981258 ], [ 4.496341, 43.978433 ], [ 4.500587, 43.972485 ], [ 4.50295, 43.971092 ], [ 4.501122, 43.967991 ], [ 4.498759, 43.969384 ], [ 4.495065, 43.97151 ], [ 4.488187, 43.966001 ], [ 4.485234, 43.963652 ], [ 4.481635, 43.963715 ], [ 4.479629, 43.965092 ], [ 4.478867, 43.96584 ], [ 4.477867, 43.967088 ], [ 4.475052, 43.97013 ], [ 4.474246, 43.970759 ], [ 4.470344, 43.977377 ], [ 4.468511, 43.979566 ], [ 4.471692, 43.976932 ], [ 4.476794, 43.969868 ], [ 4.476796, 43.969077 ], [ 4.476996, 43.968463 ], [ 4.477364, 43.967761 ], [ 4.480551, 43.969434 ], [ 4.485841, 43.972948 ], [ 4.490986, 43.972589 ], [ 4.492497, 43.972177 ], [ 4.494146, 43.97177 ], [ 4.495008, 43.975265 ], [ 4.493358, 43.975672 ], [ 4.486953, 43.980666 ], [ 4.485882, 43.982002 ], [ 4.485077, 43.982359 ], [ 4.484112, 43.982374 ], [ 4.481131, 43.982431 ], [ 4.473869, 43.987165 ], [ 4.473731, 43.987204 ], [ 4.467104, 43.98966 ], [ 4.464605, 43.989741 ], [ 4.460787, 43.989755 ], [ 4.460065, 43.989854 ], [ 4.459722, 43.989884 ], [ 4.458408, 43.990102 ], [ 4.464734, 43.992034 ] ] ], [ [ [ 4.461491, 43.974261 ], [ 4.462536, 43.970816 ], [ 4.462036, 43.970665 ], [ 4.461411, 43.970557 ], [ 4.460235, 43.970392 ], [ 4.459951, 43.970359 ], [ 4.45945, 43.970373 ], [ 4.45855, 43.970581 ], [ 4.457608, 43.970737 ], [ 4.456655, 43.971051 ], [ 4.455892, 43.971376 ], [ 4.448598, 43.97165 ], [ 4.45575, 43.971444 ], [ 4.457416, 43.974635 ], [ 4.458526, 43.977606 ], [ 4.465561, 43.980604 ], [ 4.468511, 43.979566 ], [ 4.461491, 43.974261 ] ] ], [ [ [ 4.44653, 43.971741 ], [ 4.446352, 43.971754 ], [ 4.438309, 43.972622 ], [ 4.436451, 43.965896 ], [ 4.437858, 43.963654 ], [ 4.43972, 43.960572 ], [ 4.447499, 43.959508 ], [ 4.451877, 43.956548 ], [ 4.452203, 43.952963 ], [ 4.451568, 43.952905 ], [ 4.449605, 43.952965 ], [ 4.441832, 43.952031 ], [ 4.438526, 43.950464 ], [ 4.430632, 43.947926 ], [ 4.427777, 43.945733 ], [ 4.423430499886816, 43.947968238732699 ], [ 4.425565, 43.947474 ], [ 4.42602, 43.947487 ], [ 4.427366, 43.947592 ], [ 4.434379, 43.952499 ], [ 4.438901, 43.952696 ], [ 4.442552, 43.953605 ], [ 4.442862, 43.953727 ], [ 4.442317, 43.955099 ], [ 4.441549, 43.957079 ], [ 4.437556, 43.958806 ], [ 4.435247, 43.96389 ], [ 4.435118, 43.964087 ], [ 4.434666, 43.964908 ], [ 4.434171, 43.965366 ], [ 4.433884, 43.965624 ], [ 4.433802, 43.965669 ], [ 4.431393, 43.967672 ], [ 4.434452, 43.974779 ], [ 4.438052, 43.97474 ], [ 4.446538, 43.972094 ], [ 4.448598, 43.97165 ], [ 4.44653, 43.971741 ] ] ], [ [ [ 4.407845, 43.948866 ], [ 4.407336, 43.948686 ], [ 4.406599, 43.948513 ], [ 4.40573, 43.949426 ], [ 4.398421, 43.950159 ], [ 4.396689, 43.945927 ], [ 4.393784, 43.942781 ], [ 4.393261, 43.942553 ], [ 4.392764, 43.942414 ], [ 4.39164, 43.942003 ], [ 4.387271, 43.934473 ], [ 4.38734, 43.933701 ], [ 4.387244, 43.933007 ], [ 4.387113, 43.932668 ], [ 4.386617, 43.93167 ], [ 4.383393, 43.933271 ], [ 4.377979, 43.939415 ], [ 4.383593, 43.939299 ], [ 4.383893, 43.940332 ], [ 4.390031, 43.945648 ], [ 4.394908, 43.949 ], [ 4.40182, 43.954693 ], [ 4.40221, 43.954705 ], [ 4.402772, 43.954977 ], [ 4.402969, 43.955154 ], [ 4.403381, 43.955933 ], [ 4.412041, 43.954427 ], [ 4.412518, 43.950858 ], [ 4.414709, 43.950145 ], [ 4.415245446946586, 43.949975570367712 ], [ 4.407845, 43.948866 ] ] ], [ [ [ 4.369598, 43.941203 ], [ 4.361923524162883, 43.941624206431605 ], [ 4.364274913004241, 43.942288106374797 ], [ 4.367379, 43.942477 ], [ 4.375569, 43.940836 ], [ 4.377979, 43.939415 ], [ 4.369598, 43.941203 ] ] ], [ [ [ 4.362092, 43.946131 ], [ 4.361655, 43.946128 ], [ 4.359467, 43.946405 ], [ 4.358791018465263, 43.952814766530999 ], [ 4.359832, 43.952101 ], [ 4.363182336302894, 43.946293750408316 ], [ 4.362092, 43.946131 ] ] ], [ [ [ 4.323652, 44.014211 ], [ 4.322685, 44.014284 ], [ 4.323732, 44.014205 ], [ 4.329802, 44.02047 ], [ 4.329092, 44.023999 ], [ 4.329171, 44.025256 ], [ 4.329223, 44.026093 ], [ 4.323133, 44.032332 ], [ 4.316347, 44.028806 ], [ 4.313651, 44.029788 ], [ 4.313025, 44.030194 ], [ 4.306231, 44.035999 ], [ 4.300345, 44.042335 ], [ 4.297873, 44.043164 ], [ 4.297094, 44.043601 ], [ 4.297133, 44.04396 ], [ 4.298602, 44.04687 ], [ 4.300462, 44.046734 ], [ 4.306242521923485, 44.0443611962421 ], [ 4.306168, 44.044363 ], [ 4.306082, 44.040764 ], [ 4.308596, 44.040438 ], [ 4.311877, 44.039018 ], [ 4.315281, 44.034059 ], [ 4.318582, 44.032624 ], [ 4.32678, 44.033164 ], [ 4.328812, 44.033329 ], [ 4.331407, 44.024792 ], [ 4.330604, 44.020589 ], [ 4.330378, 44.019227 ], [ 4.330465, 44.018251 ], [ 4.330681, 44.017181 ], [ 4.325381929160999, 44.01213722512535 ], [ 4.323652, 44.014211 ] ] ], [ [ [ 4.316299, 44.049067 ], [ 4.311393, 44.05636 ], [ 4.310345, 44.056345 ], [ 4.309973, 44.056345 ], [ 4.30937, 44.056399 ], [ 4.308844, 44.056505 ], [ 4.308423, 44.056644 ], [ 4.308028, 44.056807 ], [ 4.307612, 44.057015 ], [ 4.306934, 44.05743 ], [ 4.306111, 44.057971 ], [ 4.307864, 44.061116 ], [ 4.315091, 44.064311 ], [ 4.315645, 44.064345 ], [ 4.316487, 44.064217 ], [ 4.319301, 44.063357 ], [ 4.320063, 44.063143 ], [ 4.320641, 44.062861 ], [ 4.321389, 44.061995 ], [ 4.321607, 44.061085 ], [ 4.322729727694558, 44.059202702828529 ], [ 4.320551, 44.058197 ], [ 4.32045, 44.054598 ], [ 4.321942, 44.049453 ], [ 4.32175, 44.046629 ], [ 4.320305, 44.043493 ], [ 4.313643, 44.042155 ], [ 4.311708, 44.043244 ], [ 4.310881, 44.04371 ], [ 4.310401, 44.043941 ], [ 4.309727, 44.04417 ], [ 4.309119, 44.044275 ], [ 4.316299, 44.049067 ] ] ], [ [ [ 4.330774, 44.059579 ], [ 4.331348, 44.059557 ], [ 4.331679, 44.059521 ], [ 4.339814, 44.059336 ], [ 4.344409, 44.058437 ], [ 4.349312, 44.058695 ], [ 4.349505, 44.058718 ], [ 4.350839, 44.058133 ], [ 4.352863406804142, 44.056864065007765 ], [ 4.351696, 44.056992 ], [ 4.350978, 44.057038 ], [ 4.345273, 44.057973 ], [ 4.343461, 44.058414 ], [ 4.33707, 44.056946 ], [ 4.329306, 44.057653 ], [ 4.324127523867382, 44.05903524339098 ], [ 4.330774, 44.059579 ] ] ], [ [ [ 4.359704220591218, 44.056458042008906 ], [ 4.358485, 44.056248 ], [ 4.354432279548999, 44.056692133748044 ], [ 4.359704220591218, 44.056458042008906 ] ] ], [ [ [ 4.37117, 44.057253 ], [ 4.371321, 44.058003 ], [ 4.37162, 44.058521 ], [ 4.372482, 44.059169 ], [ 4.373274, 44.05932 ], [ 4.374056, 44.059474 ], [ 4.376764, 44.058544 ], [ 4.379405, 44.059133 ], [ 4.382634345869719, 44.060113521271319 ], [ 4.379796, 44.057501 ], [ 4.375584, 44.057867 ], [ 4.374055, 44.057926 ], [ 4.373553, 44.057771 ], [ 4.371187, 44.056929 ], [ 4.368669621427848, 44.056790225970566 ], [ 4.37117, 44.057253 ] ] ], [ [ [ 4.381601, 44.068552 ], [ 4.378997, 44.068516 ], [ 4.376981, 44.068065 ], [ 4.376196, 44.071579 ], [ 4.378212, 44.072029 ], [ 4.380359, 44.073678 ], [ 4.378637, 44.081903 ], [ 4.378368, 44.085493 ], [ 4.384493, 44.090402 ], [ 4.384687, 44.09326 ], [ 4.384502, 44.101746 ], [ 4.38739, 44.103896 ], [ 4.388655, 44.102197 ], [ 4.388834, 44.101942 ], [ 4.389066, 44.101522 ], [ 4.389253, 44.100965 ], [ 4.393798, 44.095421 ], [ 4.396414, 44.092947 ], [ 4.405046, 44.092741 ], [ 4.405809, 44.095913 ], [ 4.409309, 44.095072 ], [ 4.409051, 44.089669 ], [ 4.408641, 44.086093 ], [ 4.413584, 44.081458 ], [ 4.415417, 44.07836 ], [ 4.415009, 44.073805 ], [ 4.415054, 44.073451 ], [ 4.411342, 44.070524 ], [ 4.409947, 44.063284 ], [ 4.409475, 44.064501 ], [ 4.408219, 44.069128 ], [ 4.410099, 44.076484 ], [ 4.410299, 44.078659 ], [ 4.407127, 44.085965 ], [ 4.407531, 44.0877 ], [ 4.404024, 44.088516 ], [ 4.398737, 44.083561 ], [ 4.392685, 44.086639 ], [ 4.391387, 44.089996 ], [ 4.39051, 44.093294 ], [ 4.390375, 44.094164 ], [ 4.38986, 44.094821 ], [ 4.388726, 44.094817 ], [ 4.386818, 44.093612 ], [ 4.385823, 44.086158 ], [ 4.384947, 44.08321 ], [ 4.384285, 44.080862 ], [ 4.381398, 44.07294 ], [ 4.382871, 44.069655 ], [ 4.383685, 44.06843 ], [ 4.385095, 44.06582 ], [ 4.385276, 44.062545 ], [ 4.382832553251307, 44.060295958868537 ], [ 4.381601, 44.068552 ] ] ], [ [ [ 4.415739341077768, 44.05919350795029 ], [ 4.41153, 44.059772 ], [ 4.411157, 44.060858 ], [ 4.410747, 44.061784 ], [ 4.409947, 44.063284 ], [ 4.415739341077768, 44.05919350795029 ] ] ], [ [ [ 4.419594, 44.059696 ], [ 4.425207, 44.062376 ], [ 4.425546, 44.062787 ], [ 4.426654, 44.063854 ], [ 4.426826, 44.063899 ], [ 4.429693, 44.061719 ], [ 4.438308, 44.063157 ], [ 4.437558, 44.061984 ], [ 4.430263, 44.058868 ], [ 4.426998, 44.059621 ], [ 4.42607, 44.059889 ], [ 4.424686, 44.059978 ], [ 4.420349, 44.05856 ], [ 4.416613095397533, 44.059073427415605 ], [ 4.419594, 44.059696 ] ] ], [ [ [ 4.438791, 44.067289 ], [ 4.444556, 44.073151 ], [ 4.44498, 44.073868 ], [ 4.445943, 44.074923 ], [ 4.446008, 44.074957 ], [ 4.449012, 44.072974 ], [ 4.450605, 44.065194 ], [ 4.459028, 44.065887 ], [ 4.462596, 44.065406 ], [ 4.47035, 44.062623 ], [ 4.472618, 44.063994 ], [ 4.476591, 44.065458 ], [ 4.477718, 44.065962 ], [ 4.483591, 44.064307 ], [ 4.484449, 44.060811 ], [ 4.484726, 44.055735 ], [ 4.48448, 44.055524 ], [ 4.484271, 44.055326 ], [ 4.483579, 44.054634 ], [ 4.48229, 44.053929 ], [ 4.480566, 44.046617 ], [ 4.487027, 44.045446 ], [ 4.487819, 44.045886 ], [ 4.488234, 44.046047 ], [ 4.489097, 44.046284 ], [ 4.489843, 44.045434 ], [ 4.4908, 44.043341 ], [ 4.493387413404838, 44.038296565857152 ], [ 4.486979, 44.040472 ], [ 4.484905, 44.042623 ], [ 4.48476, 44.042804 ], [ 4.483895, 44.04316 ], [ 4.483457, 44.043306 ], [ 4.481147, 44.043723 ], [ 4.478222, 44.045562 ], [ 4.473339, 44.050786 ], [ 4.477821, 44.055217 ], [ 4.479288, 44.055459 ], [ 4.481593, 44.056735 ], [ 4.481153, 44.058405 ], [ 4.479989, 44.061805 ], [ 4.479944, 44.061924 ], [ 4.478056, 44.062991 ], [ 4.475086, 44.062528 ], [ 4.470335, 44.061412 ], [ 4.461521, 44.062278 ], [ 4.461173, 44.062267 ], [ 4.455566, 44.059258 ], [ 4.455497, 44.055659 ], [ 4.446952, 44.056365 ], [ 4.44595, 44.060024 ], [ 4.446266, 44.067147 ], [ 4.444211, 44.070103 ], [ 4.442067, 44.068598 ], [ 4.441861, 44.068469 ], [ 4.441277, 44.068088 ], [ 4.440542, 44.067169 ], [ 4.43986, 44.065952 ], [ 4.438543, 44.063616 ], [ 4.438308, 44.063157 ], [ 4.438791, 44.067289 ] ] ], [ [ [ 4.321618, 44.014533 ], [ 4.321968, 44.014437 ], [ 4.322685, 44.014284 ], [ 4.322197, 44.01427 ], [ 4.321621, 44.014096 ], [ 4.321276, 44.013994 ], [ 4.320514, 44.013686 ], [ 4.320348711411595, 44.013652010883192 ], [ 4.320453, 44.0137 ], [ 4.321618, 44.014533 ] ] ], [ [ [ 4.518341598235131, 44.037497043971733 ], [ 4.518425, 44.037533 ], [ 4.518459941712247, 44.037505742499988 ], [ 4.518341598235131, 44.037497043971733 ] ] ] ] } },
{ "type": "Feature", "properties": { "codgeo": "30334", "value": 900, "isochrone_group": 15.0, "nb_agences": 1 }, "geometry": { "type": "MultiPolygon", "coordinates": [ [ [ [ 4.511088, 44.011522 ], [ 4.508956, 44.010485 ], [ 4.50204, 44.012128 ], [ 4.498379, 44.009926 ], [ 4.498033, 44.009532 ], [ 4.497944, 44.009434 ], [ 4.497871, 44.009357 ], [ 4.492311, 44.00918 ], [ 4.487572, 44.00516 ], [ 4.485425, 44.003351 ], [ 4.482402, 44.002086 ], [ 4.473656, 44.00124 ], [ 4.470159, 43.993048 ], [ 4.472755, 43.989087 ], [ 4.479131, 43.987685 ], [ 4.481098, 43.986021 ], [ 4.483458708905411, 43.983834837857543 ], [ 4.480353, 43.984247 ], [ 4.477748, 43.985573 ], [ 4.47577, 43.987275 ], [ 4.475051, 43.987553 ], [ 4.474191, 43.987929 ], [ 4.474149, 43.98795 ], [ 4.467922, 43.991566 ], [ 4.464734, 43.992034 ], [ 4.458408, 43.990102 ], [ 4.453193, 43.995456 ], [ 4.453102, 43.996093 ], [ 4.453203, 43.999407 ], [ 4.459661, 44.004627 ], [ 4.463157, 44.004802 ], [ 4.466271, 44.003301 ], [ 4.468066, 44.003572 ], [ 4.46987, 44.003364 ], [ 4.471792, 44.003066 ], [ 4.474762, 44.0051 ], [ 4.480818, 44.004144 ], [ 4.482123, 44.004506 ], [ 4.483279, 44.006004 ], [ 4.487299, 44.010554 ], [ 4.495492, 44.011187 ], [ 4.503266, 44.012571 ], [ 4.511325, 44.014846 ], [ 4.51243, 44.015108 ], [ 4.513159, 44.016378 ], [ 4.520301, 44.020152 ], [ 4.520500609104078, 44.022766587863273 ], [ 4.523231, 44.021498 ], [ 4.523295, 44.02061 ], [ 4.523277942266867, 44.01864297403705 ], [ 4.515444, 44.01512 ], [ 4.513788, 44.013738 ], [ 4.511088, 44.011522 ] ] ], [ [ [ 4.494141, 43.983011 ], [ 4.495815, 43.983306 ], [ 4.496012, 43.983326 ], [ 4.496209, 43.983317 ], [ 4.499777, 43.980812 ], [ 4.503322, 43.978881 ], [ 4.504513, 43.978462 ], [ 4.503319, 43.975065 ], [ 4.507698, 43.968936 ], [ 4.510906, 43.96824 ], [ 4.511373, 43.967192 ], [ 4.511258, 43.964657 ], [ 4.510818, 43.964399 ], [ 4.510746, 43.964363 ], [ 4.509864, 43.963924 ], [ 4.509026, 43.96394 ], [ 4.508351, 43.964209 ], [ 4.504205, 43.966554 ], [ 4.502206, 43.967447 ], [ 4.501464, 43.967797 ], [ 4.501124912042714, 43.967995939958676 ], [ 4.50295, 43.971092 ], [ 4.500587, 43.972485 ], [ 4.496341, 43.978433 ], [ 4.495735, 43.981258 ], [ 4.495637, 43.981291 ], [ 4.49334, 43.98189 ], [ 4.491481893902496, 43.982335869478334 ], [ 4.494141, 43.983011 ] ] ], [ [ [ 4.488727, 43.965912 ], [ 4.486558, 43.960046 ], [ 4.486304, 43.958272 ], [ 4.486284, 43.958127 ], [ 4.486161, 43.957629 ], [ 4.486035, 43.957185 ], [ 4.485738, 43.956885 ], [ 4.485492, 43.956766 ], [ 4.485237, 43.956768 ], [ 4.482718, 43.958617 ], [ 4.48211, 43.96068 ], [ 4.479629, 43.965092 ], [ 4.481635, 43.963715 ], [ 4.485234, 43.963652 ], [ 4.488187, 43.966001 ], [ 4.495065, 43.97151 ], [ 4.488727, 43.965912 ] ] ], [ [ [ 4.468455, 43.968126 ], [ 4.466406, 43.969359 ], [ 4.465729, 43.969657 ], [ 4.464207, 43.970131 ], [ 4.460235, 43.970392 ], [ 4.461411, 43.970557 ], [ 4.462036, 43.970665 ], [ 4.462536, 43.970816 ], [ 4.461491, 43.974261 ], [ 4.468511, 43.979566 ], [ 4.470344, 43.977377 ], [ 4.474246, 43.970759 ], [ 4.475052, 43.97013 ], [ 4.476608744809957, 43.968447720173387 ], [ 4.468455, 43.968126 ] ] ], [ [ [ 4.438616, 43.972412 ], [ 4.438754, 43.971785 ], [ 4.438758, 43.971204 ], [ 4.439149, 43.967819 ], [ 4.441238, 43.964276 ], [ 4.441964, 43.96375 ], [ 4.450451, 43.961634 ], [ 4.451043, 43.961954 ], [ 4.451468, 43.96206 ], [ 4.451941, 43.962155 ], [ 4.453471, 43.96016 ], [ 4.458216, 43.956014 ], [ 4.45915, 43.955439 ], [ 4.46055, 43.954495 ], [ 4.460728, 43.950899 ], [ 4.460232, 43.950875 ], [ 4.458497, 43.950861 ], [ 4.457937, 43.950943 ], [ 4.457801, 43.950979 ], [ 4.448902, 43.950911 ], [ 4.44592, 43.950554 ], [ 4.438542, 43.948642 ], [ 4.433517, 43.943284 ], [ 4.432864, 43.943225 ], [ 4.430323, 43.943035 ], [ 4.427945, 43.945542 ], [ 4.420625, 43.949411 ], [ 4.427777, 43.945733 ], [ 4.430632, 43.947926 ], [ 4.438526, 43.950464 ], [ 4.441832, 43.952031 ], [ 4.449605, 43.952965 ], [ 4.451568, 43.952905 ], [ 4.452203, 43.952963 ], [ 4.451877, 43.956548 ], [ 4.447499, 43.959508 ], [ 4.43972, 43.960572 ], [ 4.437858, 43.963654 ], [ 4.436451, 43.965896 ], [ 4.438309, 43.972622 ], [ 4.438621368976063, 43.972588289161862 ], [ 4.438616, 43.972412 ] ] ], [ [ [ 4.406161, 43.948341 ], [ 4.405778, 43.948247 ], [ 4.405198, 43.948159 ], [ 4.400333, 43.946373 ], [ 4.395712, 43.941999 ], [ 4.39531, 43.941516 ], [ 4.394159, 43.941566 ], [ 4.390972798381722, 43.940853073658587 ], [ 4.39164, 43.942003 ], [ 4.392764, 43.942414 ], [ 4.393261, 43.942553 ], [ 4.393784, 43.942781 ], [ 4.396689, 43.945927 ], [ 4.398421, 43.950159 ], [ 4.40573, 43.949426 ], [ 4.406599, 43.948513 ], [ 4.407336, 43.948686 ], [ 4.406161, 43.948341 ] ] ], [ [ [ 4.389556, 43.932001 ], [ 4.390476, 43.931546 ], [ 4.391571, 43.9307 ], [ 4.391889, 43.930269 ], [ 4.39212, 43.929648 ], [ 4.393125, 43.927585 ], [ 4.393345, 43.927204 ], [ 4.390919, 43.924485 ], [ 4.390739, 43.924643 ], [ 4.389617, 43.925783 ], [ 4.384126, 43.930741 ], [ 4.383352, 43.931662 ], [ 4.383234, 43.932796 ], [ 4.377979, 43.939415 ], [ 4.383393, 43.933271 ], [ 4.386617, 43.93167 ], [ 4.387113, 43.932668 ], [ 4.387244, 43.933007 ], [ 4.38734, 43.933701 ], [ 4.387271, 43.934473 ], [ 4.390966416604895, 43.940842074624591 ], [ 4.389556, 43.932001 ] ] ], [ [ [ 4.369604, 43.94026 ], [ 4.3681, 43.939785 ], [ 4.363531899336166, 43.940556202232848 ], [ 4.365490321458393, 43.941428446096573 ], [ 4.369598, 43.941203 ], [ 4.377979, 43.939415 ], [ 4.369604, 43.94026 ] ] ], [ [ [ 4.321312, 44.015309 ], [ 4.320824, 44.015603 ], [ 4.320683, 44.015648 ], [ 4.326061, 44.02058 ], [ 4.326904, 44.02408 ], [ 4.327048, 44.025445 ], [ 4.326251738570866, 44.029136957316318 ], [ 4.329223, 44.026093 ], [ 4.329171, 44.025256 ], [ 4.329092, 44.023999 ], [ 4.329802, 44.02047 ], [ 4.324054886791528, 44.014538259596186 ], [ 4.321312, 44.015309 ] ] ], [ [ [ 4.320765077143448, 44.031101629237831 ], [ 4.323133, 44.032332 ], [ 4.324801581212947, 44.030622594714679 ], [ 4.320765077143448, 44.031101629237831 ] ] ], [ [ [ 4.316047, 44.028311 ], [ 4.315708, 44.027919 ], [ 4.315097, 44.027208 ], [ 4.314836, 44.026973 ], [ 4.313697, 44.025611 ], [ 4.312414, 44.026183 ], [ 4.312413, 44.026184 ], [ 4.31161, 44.026543 ], [ 4.310804, 44.026873 ], [ 4.306001, 44.033886 ], [ 4.304235, 44.03501 ], [ 4.296389425663783, 44.035460820132805 ], [ 4.296396, 44.035468 ], [ 4.296437, 44.035881 ], [ 4.296227, 44.037855 ], [ 4.294541, 44.038941 ], [ 4.293856189011787, 44.038692041042118 ], [ 4.290396, 44.046678 ], [ 4.290117, 44.046792 ], [ 4.288991, 44.047176 ], [ 4.288325, 44.048734 ], [ 4.289923, 44.050653 ], [ 4.29098, 44.051165 ], [ 4.294559, 44.049355 ], [ 4.300447, 44.052107 ], [ 4.298456, 44.057952 ], [ 4.296554, 44.06003 ], [ 4.296544, 44.060126 ], [ 4.29666, 44.060418 ], [ 4.297878, 44.061505 ], [ 4.300034, 44.062586 ], [ 4.300407, 44.062473 ], [ 4.305455, 44.061689 ], [ 4.308854, 44.067436 ], [ 4.308831, 44.067867 ], [ 4.308893, 44.069749 ], [ 4.308998, 44.070291 ], [ 4.309282, 44.070881 ], [ 4.309637, 44.071305 ], [ 4.309757, 44.071412 ], [ 4.310931, 44.072411 ], [ 4.313264, 44.06967 ], [ 4.315799, 44.067003 ], [ 4.320641, 44.062861 ], [ 4.320063, 44.063143 ], [ 4.319301, 44.063357 ], [ 4.316487, 44.064217 ], [ 4.315645, 44.064345 ], [ 4.315091, 44.064311 ], [ 4.307864, 44.061116 ], [ 4.306111, 44.057971 ], [ 4.306934, 44.05743 ], [ 4.307612, 44.057015 ], [ 4.308028, 44.056807 ], [ 4.308423, 44.056644 ], [ 4.308844, 44.056505 ], [ 4.30937, 44.056399 ], [ 4.309973, 44.056345 ], [ 4.310345, 44.056345 ], [ 4.311393, 44.05636 ], [ 4.316299, 44.049067 ], [ 4.309119, 44.044275 ], [ 4.308399, 44.044309 ], [ 4.306243, 44.044361 ], [ 4.300462, 44.046734 ], [ 4.298602, 44.04687 ], [ 4.297133, 44.04396 ], [ 4.297094, 44.043601 ], [ 4.297873, 44.043164 ], [ 4.300345, 44.042335 ], [ 4.306231, 44.035999 ], [ 4.313025, 44.030194 ], [ 4.313651, 44.029788 ], [ 4.316328195075513, 44.028812849568205 ], [ 4.316047, 44.028311 ] ] ], [ [ [ 4.326281734163005, 44.059211482056725 ], [ 4.32289, 44.058934 ], [ 4.321607, 44.061085 ], [ 4.326281734163005, 44.059211482056725 ] ] ], [ [ [ 4.336836, 44.062033 ], [ 4.337918, 44.062085 ], [ 4.338423, 44.061976 ], [ 4.344435, 44.061273 ], [ 4.349454, 44.059168 ], [ 4.350814, 44.058769 ], [ 4.351155, 44.058602 ], [ 4.353352988877471, 44.056740057848181 ], [ 4.353039, 44.056754 ], [ 4.350839, 44.058133 ], [ 4.349505, 44.058718 ], [ 4.349312, 44.058695 ], [ 4.344409, 44.058437 ], [ 4.339814, 44.059336 ], [ 4.33249448716214, 44.059502454809447 ], [ 4.336836, 44.062033 ] ] ], [ [ [ 4.372135, 44.067447 ], [ 4.371971, 44.068037 ], [ 4.371824, 44.070477 ], [ 4.371746, 44.07862 ], [ 4.370728, 44.079982 ], [ 4.368706, 44.083465 ], [ 4.36849, 44.084151 ], [ 4.368138, 44.08603 ], [ 4.368648, 44.086208 ], [ 4.369238, 44.086329 ], [ 4.370499, 44.086587 ], [ 4.375039, 44.087285 ], [ 4.380894, 44.093416 ], [ 4.380967, 44.093561 ], [ 4.381778, 44.095987 ], [ 4.381164, 44.103325 ], [ 4.378453, 44.10468 ], [ 4.377908, 44.105045 ], [ 4.37749, 44.105417 ], [ 4.377196, 44.105715 ], [ 4.375657, 44.107224 ], [ 4.378178, 44.109794 ], [ 4.385932, 44.105711 ], [ 4.387863, 44.105084 ], [ 4.388163, 44.104982 ], [ 4.389411, 44.104416 ], [ 4.389721, 44.104202 ], [ 4.389253, 44.100965 ], [ 4.389066, 44.101522 ], [ 4.388834, 44.101942 ], [ 4.388655, 44.102197 ], [ 4.38739, 44.103896 ], [ 4.384502, 44.101746 ], [ 4.384687, 44.09326 ], [ 4.384493, 44.090402 ], [ 4.378368, 44.085493 ], [ 4.378637, 44.081903 ], [ 4.380359, 44.073678 ], [ 4.378212, 44.072029 ], [ 4.376196, 44.071579 ], [ 4.376981, 44.068065 ], [ 4.378997, 44.068516 ], [ 4.381601, 44.068552 ], [ 4.38285, 44.060179 ], [ 4.379405, 44.059133 ], [ 4.376764, 44.058544 ], [ 4.374056, 44.059474 ], [ 4.373274, 44.05932 ], [ 4.372482, 44.059169 ], [ 4.37162, 44.058521 ], [ 4.372135, 44.067447 ] ] ], [ [ [ 4.396194, 44.097509 ], [ 4.397928, 44.09883 ], [ 4.398414, 44.099105 ], [ 4.406946, 44.099907 ], [ 4.407583, 44.101109 ], [ 4.408065, 44.102549 ], [ 4.408938, 44.104029 ], [ 4.412039, 44.102201 ], [ 4.412756, 44.098589 ], [ 4.412583, 44.094994 ], [ 4.415006, 44.08897 ], [ 4.418844, 44.083797 ], [ 4.420527, 44.080614 ], [ 4.420441, 44.076343 ], [ 4.421246, 44.072834 ], [ 4.427783, 44.066792 ], [ 4.428629, 44.067421 ], [ 4.428943, 44.06762 ], [ 4.429776, 44.068096 ], [ 4.438463, 44.067081 ], [ 4.438786499812208, 44.067250501499053 ], [ 4.438308, 44.063157 ], [ 4.429693, 44.061719 ], [ 4.426826, 44.063899 ], [ 4.426654, 44.063854 ], [ 4.425546, 44.062787 ], [ 4.425207, 44.062376 ], [ 4.419594, 44.059696 ], [ 4.41607, 44.05896 ], [ 4.409947, 44.063284 ], [ 4.411342, 44.070524 ], [ 4.415054, 44.073451 ], [ 4.415009, 44.073805 ], [ 4.415417, 44.07836 ], [ 4.413584, 44.081458 ], [ 4.408641, 44.086093 ], [ 4.409051, 44.089669 ], [ 4.409309, 44.095072 ], [ 4.405809, 44.095913 ], [ 4.405046, 44.092741 ], [ 4.396414, 44.092947 ], [ 4.393798, 44.095421 ], [ 4.389253, 44.100965 ], [ 4.396194, 44.097509 ] ] ], [ [ [ 4.447053, 44.080427 ], [ 4.450653, 44.080504 ], [ 4.450942, 44.078937 ], [ 4.451002, 44.078562 ], [ 4.450914, 44.077577 ], [ 4.450573, 44.074685 ], [ 4.450495, 44.07379 ], [ 4.453077, 44.066583 ], [ 4.45943, 44.068087 ], [ 4.460646, 44.068602 ], [ 4.463027, 44.067955 ], [ 4.471972, 44.067749 ], [ 4.479014, 44.069968 ], [ 4.483151, 44.069099 ], [ 4.489697, 44.066478 ], [ 4.493128, 44.065389 ], [ 4.492827, 44.064438 ], [ 4.492576, 44.063927 ], [ 4.492242, 44.063517 ], [ 4.491903, 44.063228 ], [ 4.49135, 44.062847 ], [ 4.491076, 44.062681 ], [ 4.490547, 44.062421 ], [ 4.49022, 44.062288 ], [ 4.486923, 44.059433 ], [ 4.484617578236618, 44.057721819028593 ], [ 4.484449, 44.060811 ], [ 4.483591, 44.064307 ], [ 4.477718, 44.065962 ], [ 4.476591, 44.065458 ], [ 4.472618, 44.063994 ], [ 4.47035, 44.062623 ], [ 4.462596, 44.065406 ], [ 4.459028, 44.065887 ], [ 4.450605, 44.065194 ], [ 4.449012, 44.072974 ], [ 4.446008, 44.074957 ], [ 4.445943, 44.074923 ], [ 4.44498, 44.073868 ], [ 4.447053, 44.080427 ] ] ], [ [ [ 4.487819, 44.045886 ], [ 4.487027, 44.045446 ], [ 4.480566, 44.046617 ], [ 4.481787154627185, 44.051796282270288 ], [ 4.487819, 44.045886 ] ] ], [ [ [ 4.490117, 44.047978 ], [ 4.490556, 44.048396 ], [ 4.490939, 44.048631 ], [ 4.49164, 44.04891 ], [ 4.492422, 44.049077 ], [ 4.492675, 44.049153 ], [ 4.495726, 44.044014 ], [ 4.496024, 44.039763 ], [ 4.499123, 44.034969 ], [ 4.494471, 44.036184 ], [ 4.4908, 44.043341 ], [ 4.489843, 44.045434 ], [ 4.489097, 44.046284 ], [ 4.488234, 44.046047 ], [ 4.487819, 44.045886 ], [ 4.490117, 44.047978 ] ] ], [ [ [ 4.501894635916299, 44.032650440407721 ], [ 4.501894635916297, 44.032650440407721 ], [ 4.499123, 44.034969 ], [ 4.501894635916299, 44.032650440407721 ] ] ], [ [ [ 4.35393787699253, 43.939516952108796 ], [ 4.355076, 43.939414 ], [ 4.355253068116441, 43.939418826132851 ], [ 4.354892, 43.93927 ], [ 4.35393787699253, 43.939516952108796 ] ] ], [ [ [ 4.320683, 44.015648 ], [ 4.3188, 44.015241 ], [ 4.318521063153449, 44.015231222197229 ], [ 4.31867, 44.015298 ], [ 4.320683, 44.015648 ] ] ], [ [ [ 4.519083, 44.040058 ], [ 4.522683, 44.040058 ], [ 4.523902358236143, 44.038734048436751 ], [ 4.521256112324758, 44.035324492194086 ], [ 4.518425, 44.037533 ], [ 4.516574, 44.036735 ], [ 4.516068, 44.036491 ], [ 4.519083, 44.040058 ] ] ], [ [ [ 4.51075017656472, 44.033499517833448 ], [ 4.51535, 44.035882 ], [ 4.510750176564725, 44.033499517833448 ], [ 4.51075017656472, 44.033499517833448 ] ] ] ] } },
{ "type": "Feature", "properties": { "codgeo": "30334", "value": 960, "isochrone_group": 16.0, "nb_agences": 1 }, "geometry": { "type": "MultiPolygon", "coordinates": [ [ [ [ 4.510814, 44.008518 ], [ 4.510456, 44.008532 ], [ 4.510017, 44.008613 ], [ 4.503841, 44.009008 ], [ 4.498316, 44.008011 ], [ 4.493182, 44.004429 ], [ 4.489587, 44.004618 ], [ 4.486833366971783, 44.004537649209105 ], [ 4.487572, 44.00516 ], [ 4.492311, 44.00918 ], [ 4.497871, 44.009357 ], [ 4.497944, 44.009434 ], [ 4.498033, 44.009532 ], [ 4.498379, 44.009926 ], [ 4.50204, 44.012128 ], [ 4.508956, 44.010485 ], [ 4.511088, 44.011522 ], [ 4.513788, 44.013738 ], [ 4.515444, 44.01512 ], [ 4.523278, 44.018643 ], [ 4.523280297644356, 44.018642979576498 ], [ 4.523276, 44.018068 ], [ 4.522856, 44.016745 ], [ 4.523047, 44.014235 ], [ 4.523168, 44.013889 ], [ 4.523745, 44.013778 ], [ 4.523841, 44.013779 ], [ 4.524694, 44.013844 ], [ 4.524994452332264, 44.013925913758946 ], [ 4.524486, 44.013602 ], [ 4.516637, 44.012991 ], [ 4.511743, 44.008635 ], [ 4.511567, 44.008589 ], [ 4.510814, 44.008518 ] ] ], [ [ [ 4.477249, 44.001343 ], [ 4.477148, 44.001231 ], [ 4.472803, 43.995438 ], [ 4.472787, 43.994815 ], [ 4.479523, 43.98923 ], [ 4.481801, 43.988964 ], [ 4.481945, 43.988618 ], [ 4.482088, 43.987944 ], [ 4.482087, 43.987451 ], [ 4.484371, 43.98299 ], [ 4.481098, 43.986021 ], [ 4.479131, 43.987685 ], [ 4.472755, 43.989087 ], [ 4.470159, 43.993048 ], [ 4.473656, 44.00124 ], [ 4.477734961115661, 44.001634557638226 ], [ 4.477249, 44.001343 ] ] ], [ [ [ 4.491788, 43.983346 ], [ 4.492133, 43.983297 ], [ 4.498336, 43.984134 ], [ 4.498504, 43.984189 ], [ 4.500609, 43.983115 ], [ 4.503464, 43.981937 ], [ 4.509909, 43.976838 ], [ 4.510905, 43.976547 ], [ 4.51188, 43.976247 ], [ 4.512987, 43.975606 ], [ 4.513308, 43.975333 ], [ 4.513761, 43.974963 ], [ 4.519427, 43.968479 ], [ 4.521112, 43.967581 ], [ 4.521035, 43.965259 ], [ 4.520349, 43.960194 ], [ 4.519753, 43.958916 ], [ 4.519689, 43.958839 ], [ 4.517864, 43.958238 ], [ 4.517493, 43.958484 ], [ 4.509302, 43.961018 ], [ 4.504158, 43.961604 ], [ 4.50397, 43.962113 ], [ 4.503828, 43.962631 ], [ 4.498759, 43.969384 ], [ 4.501464, 43.967797 ], [ 4.502206, 43.967447 ], [ 4.504205, 43.966554 ], [ 4.508351, 43.964209 ], [ 4.509026, 43.96394 ], [ 4.509864, 43.963924 ], [ 4.510746, 43.964363 ], [ 4.510818, 43.964399 ], [ 4.511258, 43.964657 ], [ 4.511373, 43.967192 ], [ 4.510906, 43.96824 ], [ 4.507698, 43.968936 ], [ 4.503319, 43.975065 ], [ 4.504513, 43.978462 ], [ 4.503322, 43.978881 ], [ 4.499777, 43.980812 ], [ 4.496209, 43.983317 ], [ 4.496012, 43.983326 ], [ 4.495815, 43.983306 ], [ 4.494141, 43.983011 ], [ 4.488812, 43.981658 ], [ 4.484371, 43.98299 ], [ 4.491788, 43.983346 ] ] ], [ [ [ 4.488615, 43.960229 ], [ 4.488955, 43.957623 ], [ 4.488607, 43.956845 ], [ 4.488439, 43.956634 ], [ 4.487879, 43.956243 ], [ 4.487803, 43.956195 ], [ 4.487709, 43.956146 ], [ 4.481571, 43.953664 ], [ 4.481156, 43.95351 ], [ 4.480703, 43.953562 ], [ 4.479845, 43.953808 ], [ 4.478251, 43.956224 ], [ 4.470504, 43.952298 ], [ 4.466481, 43.950258 ], [ 4.461583, 43.951021 ], [ 4.456729, 43.948287 ], [ 4.455427, 43.947376 ], [ 4.455193, 43.947375 ], [ 4.447531, 43.947516 ], [ 4.444801, 43.946365 ], [ 4.43914, 43.944234 ], [ 4.437823, 43.943667 ], [ 4.437361, 43.943497 ], [ 4.435761, 43.943197 ], [ 4.434431, 43.943126 ], [ 4.429665, 43.94291 ], [ 4.428718, 43.942858 ], [ 4.427946, 43.942945 ], [ 4.427248, 43.943134 ], [ 4.424415, 43.94403 ], [ 4.417463, 43.94935 ], [ 4.420625, 43.949411 ], [ 4.427945, 43.945542 ], [ 4.430323, 43.943035 ], [ 4.432864, 43.943225 ], [ 4.433517, 43.943284 ], [ 4.438542, 43.948642 ], [ 4.44592, 43.950554 ], [ 4.448902, 43.950911 ], [ 4.457801, 43.950979 ], [ 4.457937, 43.950943 ], [ 4.458497, 43.950861 ], [ 4.460232, 43.950875 ], [ 4.460728, 43.950899 ], [ 4.46055, 43.954495 ], [ 4.45915, 43.955439 ], [ 4.458216, 43.956014 ], [ 4.453471, 43.96016 ], [ 4.451941, 43.962155 ], [ 4.451468, 43.96206 ], [ 4.451043, 43.961954 ], [ 4.450451, 43.961634 ], [ 4.441964, 43.96375 ], [ 4.441238, 43.964276 ], [ 4.439149, 43.967819 ], [ 4.438758, 43.971204 ], [ 4.438754, 43.971785 ], [ 4.438616, 43.972412 ], [ 4.438731, 43.976188 ], [ 4.447151, 43.978527 ], [ 4.448733, 43.975723 ], [ 4.448879, 43.973754 ], [ 4.449545, 43.973632 ], [ 4.451489, 43.973396 ], [ 4.452169, 43.973172 ], [ 4.45354, 43.972527 ], [ 4.454177, 43.972192 ], [ 4.454654, 43.972016 ], [ 4.455892, 43.971376 ], [ 4.456655, 43.971051 ], [ 4.457608, 43.970737 ], [ 4.45855, 43.970581 ], [ 4.45945, 43.970373 ], [ 4.459951, 43.970359 ], [ 4.460235, 43.970392 ], [ 4.464207, 43.970131 ], [ 4.465729, 43.969657 ], [ 4.466406, 43.969359 ], [ 4.468455, 43.968126 ], [ 4.476996, 43.968463 ], [ 4.477867, 43.967088 ], [ 4.478867, 43.96584 ], [ 4.479629, 43.965092 ], [ 4.48211, 43.96068 ], [ 4.482718, 43.958617 ], [ 4.485237, 43.956768 ], [ 4.485492, 43.956766 ], [ 4.485738, 43.956885 ], [ 4.486035, 43.957185 ], [ 4.486161, 43.957629 ], [ 4.486284, 43.958127 ], [ 4.486304, 43.958272 ], [ 4.486558, 43.960046 ], [ 4.488727, 43.965912 ], [ 4.488615, 43.960229 ] ] ], [ [ [ 4.400512, 43.942874 ], [ 4.400374, 43.942762 ], [ 4.399623, 43.942226 ], [ 4.399103, 43.941955 ], [ 4.394344, 43.938589 ], [ 4.391889, 43.930269 ], [ 4.391571, 43.9307 ], [ 4.390476, 43.931546 ], [ 4.389556, 43.932001 ], [ 4.390968, 43.940852 ], [ 4.394159, 43.941566 ], [ 4.39531, 43.941516 ], [ 4.395712, 43.941999 ], [ 4.400333, 43.946373 ], [ 4.405198, 43.948159 ], [ 4.405778, 43.948247 ], [ 4.406161, 43.948341 ], [ 4.407336, 43.948686 ], [ 4.400512, 43.942874 ] ] ], [ [ [ 4.39473, 43.927116 ], [ 4.394799695439183, 43.927061886018521 ], [ 4.394314, 43.927331 ], [ 4.39403, 43.927433 ], [ 4.39401177458516, 43.927416014181382 ], [ 4.393603, 43.927531 ], [ 4.393139535033671, 43.927559827964416 ], [ 4.393125, 43.927585 ], [ 4.39212, 43.929648 ], [ 4.391889, 43.930269 ], [ 4.39473, 43.927116 ] ] ], [ [ [ 4.389273658298867, 43.92408934297378 ], [ 4.389219534489589, 43.926141884356319 ], [ 4.389617, 43.925783 ], [ 4.389967485781709, 43.925426891451743 ], [ 4.389273658298867, 43.92408934297378 ] ] ], [ [ [ 4.318458, 44.015351 ], [ 4.315166, 44.015301 ], [ 4.314921727149958, 44.015351818346829 ], [ 4.315241, 44.015617 ], [ 4.315313, 44.015832 ], [ 4.315645, 44.015982 ], [ 4.316071, 44.024721 ], [ 4.315205, 44.024973 ], [ 4.313036, 44.025121 ], [ 4.310647, 44.026937 ], [ 4.308728, 44.02777 ], [ 4.308495, 44.027841 ], [ 4.302641343419056, 44.029542124930728 ], [ 4.304313, 44.034187 ], [ 4.304153, 44.034801 ], [ 4.304057324462398, 44.035020209540562 ], [ 4.304235, 44.03501 ], [ 4.306001, 44.033886 ], [ 4.310804, 44.026873 ], [ 4.31161, 44.026543 ], [ 4.312413, 44.026184 ], [ 4.312414, 44.026183 ], [ 4.313697, 44.025611 ], [ 4.314836, 44.026973 ], [ 4.315097, 44.027208 ], [ 4.315708, 44.027919 ], [ 4.316047, 44.028311 ], [ 4.316753, 44.029571 ], [ 4.317897, 44.031442 ], [ 4.325961, 44.030485 ], [ 4.327048, 44.025445 ], [ 4.326904, 44.02408 ], [ 4.326061, 44.02058 ], [ 4.320683, 44.015648 ], [ 4.318691245615126, 44.015301693971843 ], [ 4.318458, 44.015351 ] ] ], [ [ [ 4.289386, 44.039233 ], [ 4.28857980451928, 44.042557568882849 ], [ 4.289514, 44.045568 ], [ 4.287713541566863, 44.0461298425123 ], [ 4.287447, 44.047229 ], [ 4.288408, 44.048132 ], [ 4.288506405671442, 44.048309630576426 ], [ 4.288991, 44.047176 ], [ 4.290117, 44.046792 ], [ 4.290396, 44.046678 ], [ 4.292883682051038, 44.040936542902664 ], [ 4.289386, 44.039233 ] ] ], [ [ [ 4.287942, 44.050795 ], [ 4.284252, 44.052586 ], [ 4.282827, 44.053256 ], [ 4.279834158779452, 44.05393396013708 ], [ 4.279716, 44.055114 ], [ 4.279729, 44.055245 ], [ 4.279843, 44.055745 ], [ 4.280048, 44.056432 ], [ 4.280914, 44.057066 ], [ 4.2813, 44.057154 ], [ 4.281528, 44.057165 ], [ 4.285737, 44.056944 ], [ 4.291858, 44.062531 ], [ 4.292252, 44.062538 ], [ 4.293434, 44.06246 ], [ 4.299759, 44.062933 ], [ 4.307129, 44.067794 ], [ 4.307061, 44.068555 ], [ 4.307089, 44.068996 ], [ 4.30894, 44.077494 ], [ 4.309489, 44.077857 ], [ 4.309888, 44.07806 ], [ 4.31046, 44.078205 ], [ 4.310966, 44.078217 ], [ 4.313541, 44.077435 ], [ 4.31499, 44.076097 ], [ 4.316064, 44.072594 ], [ 4.316132, 44.071126 ], [ 4.319882254172319, 44.063510055187585 ], [ 4.315799, 44.067003 ], [ 4.313264, 44.06967 ], [ 4.310931, 44.072411 ], [ 4.309757, 44.071412 ], [ 4.309637, 44.071305 ], [ 4.309282, 44.070881 ], [ 4.308998, 44.070291 ], [ 4.308893, 44.069749 ], [ 4.308831, 44.067867 ], [ 4.308854, 44.067436 ], [ 4.305455, 44.061689 ], [ 4.300407, 44.062473 ], [ 4.300034, 44.062586 ], [ 4.297878, 44.061505 ], [ 4.29666, 44.060418 ], [ 4.296544, 44.060126 ], [ 4.296554, 44.06003 ], [ 4.298456, 44.057952 ], [ 4.300447, 44.052107 ], [ 4.294559, 44.049355 ], [ 4.29098, 44.051165 ], [ 4.289923, 44.050653 ], [ 4.288487069120192, 44.048928624932202 ], [ 4.287942, 44.050795 ] ] ], [ [ [ 4.334336, 44.061472 ], [ 4.33517, 44.062032 ], [ 4.335612, 44.06218 ], [ 4.336299, 44.062264 ], [ 4.341297, 44.063415 ], [ 4.341479, 44.06343 ], [ 4.342566, 44.063497 ], [ 4.342888, 44.063508 ], [ 4.344735, 44.062941 ], [ 4.346028, 44.061924 ], [ 4.350814, 44.058769 ], [ 4.349454, 44.059168 ], [ 4.344435, 44.061273 ], [ 4.338423, 44.061976 ], [ 4.337918, 44.062085 ], [ 4.336836, 44.062033 ], [ 4.329795, 44.057929 ], [ 4.334336, 44.061472 ] ] ], [ [ [ 4.369229, 44.061055 ], [ 4.369271, 44.066183 ], [ 4.368528, 44.069471 ], [ 4.368289, 44.076522 ], [ 4.366317, 44.079534 ], [ 4.36032, 44.083778 ], [ 4.359771, 44.084024 ], [ 4.359382, 44.084291 ], [ 4.359497, 44.086511 ], [ 4.359842, 44.087771 ], [ 4.366156, 44.089383 ], [ 4.366277, 44.089394 ], [ 4.366373, 44.0894 ], [ 4.368763, 44.089506 ], [ 4.372667, 44.090189 ], [ 4.373571, 44.090091 ], [ 4.378259, 44.091436 ], [ 4.380383, 44.095984 ], [ 4.376241, 44.10346 ], [ 4.375867, 44.103658 ], [ 4.37488, 44.105221 ], [ 4.37331, 44.109758 ], [ 4.371737, 44.112113 ], [ 4.370286, 44.114488 ], [ 4.369648, 44.115522 ], [ 4.37045, 44.116714 ], [ 4.370678, 44.11687 ], [ 4.371153, 44.117106 ], [ 4.372711, 44.117413 ], [ 4.373349, 44.116379 ], [ 4.377719, 44.111551 ], [ 4.378915, 44.110442 ], [ 4.38686, 44.108099 ], [ 4.388243, 44.108256 ], [ 4.39036, 44.105344 ], [ 4.39203, 44.103444 ], [ 4.398605, 44.100702 ], [ 4.404578, 44.104962 ], [ 4.406188, 44.109007 ], [ 4.411418, 44.110401 ], [ 4.414879, 44.10941 ], [ 4.417024, 44.104861 ], [ 4.419626, 44.097254 ], [ 4.417963, 44.094062 ], [ 4.422547, 44.08672 ], [ 4.424778, 44.083895 ], [ 4.425192, 44.077447 ], [ 4.426018, 44.073944 ], [ 4.4334, 44.071047 ], [ 4.434932, 44.070869 ], [ 4.435385, 44.070559 ], [ 4.440802, 44.068555 ], [ 4.439904, 44.067941 ], [ 4.439089, 44.067409 ], [ 4.438463, 44.067081 ], [ 4.429776, 44.068096 ], [ 4.428943, 44.06762 ], [ 4.428629, 44.067421 ], [ 4.427783, 44.066792 ], [ 4.421246, 44.072834 ], [ 4.420441, 44.076343 ], [ 4.420527, 44.080614 ], [ 4.418844, 44.083797 ], [ 4.415006, 44.08897 ], [ 4.412583, 44.094994 ], [ 4.412756, 44.098589 ], [ 4.412039, 44.102201 ], [ 4.408938, 44.104029 ], [ 4.408065, 44.102549 ], [ 4.407583, 44.101109 ], [ 4.406946, 44.099907 ], [ 4.398414, 44.099105 ], [ 4.397928, 44.09883 ], [ 4.396194, 44.097509 ], [ 4.389253, 44.100965 ], [ 4.389721, 44.104202 ], [ 4.389411, 44.104416 ], [ 4.388163, 44.104982 ], [ 4.387863, 44.105084 ], [ 4.385932, 44.105711 ], [ 4.378178, 44.109794 ], [ 4.375657, 44.107224 ], [ 4.377196, 44.105715 ], [ 4.37749, 44.105417 ], [ 4.377908, 44.105045 ], [ 4.378453, 44.10468 ], [ 4.381164, 44.103325 ], [ 4.381778, 44.095987 ], [ 4.380967, 44.093561 ], [ 4.380894, 44.093416 ], [ 4.375039, 44.087285 ], [ 4.370499, 44.086587 ], [ 4.369238, 44.086329 ], [ 4.368648, 44.086208 ], [ 4.368138, 44.08603 ], [ 4.36849, 44.084151 ], [ 4.368706, 44.083465 ], [ 4.370728, 44.079982 ], [ 4.371746, 44.07862 ], [ 4.371824, 44.070477 ], [ 4.371971, 44.068037 ], [ 4.372135, 44.067447 ], [ 4.37162, 44.058521 ], [ 4.371321, 44.058003 ], [ 4.37117, 44.057253 ], [ 4.36259, 44.055665 ], [ 4.361687, 44.05637 ], [ 4.369229, 44.061055 ] ] ], [ [ [ 4.445308, 44.076614 ], [ 4.445308, 44.080214 ], [ 4.445803, 44.0839 ], [ 4.451522, 44.087923 ], [ 4.454498, 44.085897 ], [ 4.454211, 44.082195 ], [ 4.45345, 44.079821 ], [ 4.453463, 44.076221 ], [ 4.460288, 44.070834 ], [ 4.460712, 44.070842 ], [ 4.462731, 44.071107 ], [ 4.46362, 44.069369 ], [ 4.472087, 44.06803 ], [ 4.472823, 44.070013 ], [ 4.473549, 44.070731 ], [ 4.473696, 44.07081 ], [ 4.474076, 44.070821 ], [ 4.481006, 44.071161 ], [ 4.481747, 44.071136 ], [ 4.487051, 44.071096 ], [ 4.493808, 44.070462 ], [ 4.50061, 44.071655 ], [ 4.501834, 44.069613 ], [ 4.501875, 44.069494 ], [ 4.502167, 44.068409 ], [ 4.497164, 44.064261 ], [ 4.492543, 44.061675 ], [ 4.490863, 44.058491 ], [ 4.485724, 44.053158 ], [ 4.49164, 44.04891 ], [ 4.490939, 44.048631 ], [ 4.490556, 44.048396 ], [ 4.490117, 44.047978 ], [ 4.487819, 44.045886 ], [ 4.481567, 44.052012 ], [ 4.481767, 44.055606 ], [ 4.486923, 44.059433 ], [ 4.49022, 44.062288 ], [ 4.490547, 44.062421 ], [ 4.491076, 44.062681 ], [ 4.49135, 44.062847 ], [ 4.491903, 44.063228 ], [ 4.492242, 44.063517 ], [ 4.492576, 44.063927 ], [ 4.492827, 44.064438 ], [ 4.493128, 44.065389 ], [ 4.489697, 44.066478 ], [ 4.483151, 44.069099 ], [ 4.479014, 44.069968 ], [ 4.471972, 44.067749 ], [ 4.463027, 44.067955 ], [ 4.460646, 44.068602 ], [ 4.45943, 44.068087 ], [ 4.453077, 44.066583 ], [ 4.450495, 44.07379 ], [ 4.450573, 44.074685 ], [ 4.450914, 44.077577 ], [ 4.451002, 44.078562 ], [ 4.450942, 44.078937 ], [ 4.450653, 44.080504 ], [ 4.447053, 44.080427 ], [ 4.44498, 44.073868 ], [ 4.444556, 44.073151 ], [ 4.445308, 44.076614 ] ] ], [ [ [ 4.492784, 44.049182 ], [ 4.494127, 44.049449 ], [ 4.495062, 44.049421 ], [ 4.496138, 44.049217 ], [ 4.498282, 44.049265 ], [ 4.500057, 44.046133 ], [ 4.501323, 44.042764 ], [ 4.500023, 44.039407 ], [ 4.499123, 44.034969 ], [ 4.496024, 44.039763 ], [ 4.495726, 44.044014 ], [ 4.492676324956559, 44.04915076828852 ], [ 4.492784, 44.049182 ] ] ], [ [ [ 4.500627589752943, 44.033710363905818 ], [ 4.500627589752941, 44.033710363905818 ], [ 4.499123, 44.034969 ], [ 4.500627589752943, 44.033710363905818 ] ] ], [ [ [ 4.352216, 43.938212 ], [ 4.350131, 43.938516 ], [ 4.348740959048918, 43.939116629482058 ], [ 4.351169, 43.939797 ], [ 4.35145, 43.939742 ], [ 4.35393787699253, 43.939516952108796 ], [ 4.354813948017105, 43.939290201904385 ], [ 4.352665, 43.938275 ], [ 4.352216, 43.938212 ] ] ], [ [ [ 4.394950490052619, 43.926944803796012 ], [ 4.395061, 43.926859 ], [ 4.395053376345374, 43.926856288921918 ], [ 4.394950490052619, 43.926944803796012 ] ] ], [ [ [ 4.395397, 43.926484 ], [ 4.395422291234238, 43.926436408049113 ], [ 4.395272350066061, 43.926623118229863 ], [ 4.395397, 43.926484 ] ] ], [ [ [ 4.395693, 43.925927 ], [ 4.395700818847953, 43.925877334677807 ], [ 4.395577310478893, 43.926144699538035 ], [ 4.395693, 43.925927 ] ] ], [ [ [ 4.39576699943028, 43.925456955618863 ], [ 4.395818, 43.925133 ], [ 4.395806009594952, 43.925072217869783 ], [ 4.395775657608008, 43.925371564341035 ], [ 4.39576699943028, 43.925456955618863 ] ] ], [ [ [ 4.51748, 44.044402 ], [ 4.518047, 44.044204 ], [ 4.518232, 44.044169 ], [ 4.523976, 44.040976 ], [ 4.523167676989717, 44.039531748698963 ], [ 4.522683, 44.040058 ], [ 4.519083, 44.040058 ], [ 4.516068, 44.036491 ], [ 4.51535, 44.035882 ], [ 4.517033, 44.042538 ], [ 4.516805, 44.043696 ], [ 4.517038834775979, 44.044556851413191 ], [ 4.51748, 44.044402 ] ] ] ] } },
{ "type": "Feature", "properties": { "codgeo": "30334", "value": 1020, "isochrone_group": 17.0, "nb_agences": 1 }, "geometry": { "type": "MultiPolygon", "coordinates": [ [ [ [ 4.502384, 44.007718 ], [ 4.497964, 44.005614 ], [ 4.493304, 44.00107 ], [ 4.493219, 44.000931 ], [ 4.491073, 43.999149 ], [ 4.490802, 43.99933 ], [ 4.490453, 43.999618 ], [ 4.490166, 43.999927 ], [ 4.48977, 44.000693 ], [ 4.482356, 44.004407 ], [ 4.489587, 44.004618 ], [ 4.493182, 44.004429 ], [ 4.498316, 44.008011 ], [ 4.503841, 44.009008 ], [ 4.510017, 44.008613 ], [ 4.510456, 44.008532 ], [ 4.510814, 44.008518 ], [ 4.511567, 44.008589 ], [ 4.511743, 44.008635 ], [ 4.516637, 44.012991 ], [ 4.520021075884856, 44.013254431056907 ], [ 4.523165, 44.011973 ], [ 4.52361, 44.010745 ], [ 4.523983, 44.010286 ], [ 4.524494, 44.009813 ], [ 4.525338600709267, 44.010166252148515 ], [ 4.524714, 44.009548 ], [ 4.516287, 44.008045 ], [ 4.514481, 44.008007 ], [ 4.508391, 44.00618 ], [ 4.502384, 44.007718 ] ] ], [ [ [ 4.47919, 44.001957 ], [ 4.477815, 43.994995 ], [ 4.481373, 43.990918 ], [ 4.481705, 43.990131 ], [ 4.481857, 43.98954 ], [ 4.489203, 43.984366 ], [ 4.489282, 43.984364 ], [ 4.490481, 43.983871 ], [ 4.498897, 43.985567 ], [ 4.500991, 43.9851 ], [ 4.501076, 43.985043 ], [ 4.509559, 43.982247 ], [ 4.511927, 43.980231 ], [ 4.51746, 43.976688 ], [ 4.520714, 43.970635 ], [ 4.523941, 43.969293 ], [ 4.523954, 43.969288 ], [ 4.525192, 43.967824 ], [ 4.525732, 43.964773 ], [ 4.526689, 43.959141 ], [ 4.526475, 43.955547 ], [ 4.523764, 43.955691 ], [ 4.523143, 43.955738 ], [ 4.520413, 43.955936 ], [ 4.518412, 43.956583 ], [ 4.517432, 43.956848 ], [ 4.515929, 43.957241 ], [ 4.512444, 43.957831 ], [ 4.5061, 43.957184 ], [ 4.50574, 43.95712 ], [ 4.502785, 43.957703 ], [ 4.501591, 43.961099 ], [ 4.498759, 43.969384 ], [ 4.503828, 43.962631 ], [ 4.50397, 43.962113 ], [ 4.504158, 43.961604 ], [ 4.509302, 43.961018 ], [ 4.517493, 43.958484 ], [ 4.517864, 43.958238 ], [ 4.519689, 43.958839 ], [ 4.519753, 43.958916 ], [ 4.520349, 43.960194 ], [ 4.521035, 43.965259 ], [ 4.521112, 43.967581 ], [ 4.519427, 43.968479 ], [ 4.513761, 43.974963 ], [ 4.513308, 43.975333 ], [ 4.512987, 43.975606 ], [ 4.51188, 43.976247 ], [ 4.510905, 43.976547 ], [ 4.509909, 43.976838 ], [ 4.503464, 43.981937 ], [ 4.500609, 43.983115 ], [ 4.498504, 43.984189 ], [ 4.498336, 43.984134 ], [ 4.492133, 43.983297 ], [ 4.491788, 43.983346 ], [ 4.484371, 43.98299 ], [ 4.482087, 43.987451 ], [ 4.482088, 43.987944 ], [ 4.481945, 43.988618 ], [ 4.481801, 43.988964 ], [ 4.479523, 43.98923 ], [ 4.472787, 43.994815 ], [ 4.472803, 43.995438 ], [ 4.477148, 44.001231 ], [ 4.477249, 44.001343 ], [ 4.482356, 44.004407 ], [ 4.47919, 44.001957 ] ] ], [ [ [ 4.490793, 43.958191 ], [ 4.491377, 43.957388 ], [ 4.491419, 43.957274 ], [ 4.489147, 43.953795 ], [ 4.487573216489656, 43.953404351131027 ], [ 4.487567, 43.95342 ], [ 4.486724, 43.954069 ], [ 4.48614, 43.954268 ], [ 4.484092515049745, 43.954683615567532 ], [ 4.487709, 43.956146 ], [ 4.487803, 43.956195 ], [ 4.487879, 43.956243 ], [ 4.488439, 43.956634 ], [ 4.488607, 43.956845 ], [ 4.488955, 43.957623 ], [ 4.488615, 43.960229 ], [ 4.488727, 43.965912 ], [ 4.490793, 43.958191 ] ] ], [ [ [ 4.481452, 43.952902 ], [ 4.481427, 43.952854 ], [ 4.481101168224225, 43.951797841520133 ], [ 4.480707, 43.9517 ], [ 4.478371, 43.951545 ], [ 4.472321, 43.951578 ], [ 4.464695, 43.947423 ], [ 4.457629, 43.945981 ], [ 4.452997, 43.944704 ], [ 4.450538, 43.947334 ], [ 4.450264328008577, 43.947465699915277 ], [ 4.455193, 43.947375 ], [ 4.455427, 43.947376 ], [ 4.456729, 43.948287 ], [ 4.461583, 43.951021 ], [ 4.466481, 43.950258 ], [ 4.470504, 43.952298 ], [ 4.478251, 43.956224 ], [ 4.479845, 43.953808 ], [ 4.480703, 43.953562 ], [ 4.481156, 43.95351 ], [ 4.481571, 43.953664 ], [ 4.481922864748206, 43.953806282226303 ], [ 4.481452, 43.952902 ] ] ], [ [ [ 4.424198, 43.943671 ], [ 4.423259, 43.943984 ], [ 4.420794, 43.944735 ], [ 4.414949480865711, 43.949931195319053 ], [ 4.415295, 43.949983 ], [ 4.416938, 43.949441 ], [ 4.417463, 43.94935 ], [ 4.424415, 43.94403 ], [ 4.427248, 43.943134 ], [ 4.427946, 43.942945 ], [ 4.424198, 43.943671 ] ] ], [ [ [ 4.402815, 43.943052 ], [ 4.398836, 43.939594 ], [ 4.396212, 43.937598 ], [ 4.391918245374684, 43.93031858115917 ], [ 4.391907203094942, 43.930330690325839 ], [ 4.394344, 43.938589 ], [ 4.399103, 43.941955 ], [ 4.399623, 43.942226 ], [ 4.400374, 43.942762 ], [ 4.400512, 43.942874 ], [ 4.407336, 43.948686 ], [ 4.407845, 43.948866 ], [ 4.402815, 43.943052 ] ] ], [ [ [ 4.312335, 44.014856 ], [ 4.310845724408692, 44.015583470935724 ], [ 4.313408, 44.015995 ], [ 4.312347, 44.02375 ], [ 4.305294447851517, 44.026185712454755 ], [ 4.305181347012226, 44.028803977180388 ], [ 4.308495, 44.027841 ], [ 4.308728, 44.02777 ], [ 4.310647, 44.026937 ], [ 4.313036, 44.025121 ], [ 4.315205, 44.024973 ], [ 4.316071, 44.024721 ], [ 4.315645, 44.015982 ], [ 4.315313, 44.015832 ], [ 4.315241, 44.015617 ], [ 4.31453213581079, 44.015028231560898 ], [ 4.312335, 44.014856 ] ] ], [ [ [ 4.284373, 44.058729 ], [ 4.283049, 44.059399 ], [ 4.278635, 44.058982 ], [ 4.270166, 44.057998 ], [ 4.269694, 44.054429 ], [ 4.269732759030887, 44.054175324320319 ], [ 4.269502, 44.054461 ], [ 4.268422, 44.054702 ], [ 4.2676, 44.054957 ], [ 4.266916, 44.055207 ], [ 4.268154, 44.058588 ], [ 4.270725, 44.058087 ], [ 4.27717, 44.059988 ], [ 4.277864, 44.059762 ], [ 4.286606, 44.061247 ], [ 4.287947, 44.062123 ], [ 4.291494, 44.06249 ], [ 4.291836868457284, 44.062511711986737 ], [ 4.286205531425566, 44.057371656440878 ], [ 4.284373, 44.058729 ] ] ], [ [ [ 4.299448, 44.064651 ], [ 4.302181, 44.065656 ], [ 4.303162, 44.073429 ], [ 4.30252, 44.074226 ], [ 4.302438, 44.074338 ], [ 4.302223, 44.074952 ], [ 4.302231, 44.075122 ], [ 4.303297, 44.077027 ], [ 4.311195, 44.079365 ], [ 4.313933, 44.079091 ], [ 4.317115, 44.077407 ], [ 4.319075, 44.074962 ], [ 4.31901, 44.071159 ], [ 4.320641, 44.062861 ], [ 4.320063, 44.063143 ], [ 4.316132, 44.071126 ], [ 4.316064, 44.072594 ], [ 4.31499, 44.076097 ], [ 4.313541, 44.077435 ], [ 4.310966, 44.078217 ], [ 4.31046, 44.078205 ], [ 4.309888, 44.07806 ], [ 4.309489, 44.077857 ], [ 4.30894, 44.077494 ], [ 4.307089, 44.068996 ], [ 4.307061, 44.068555 ], [ 4.307129, 44.067794 ], [ 4.299759, 44.062933 ], [ 4.293434, 44.06246 ], [ 4.292252, 44.062538 ], [ 4.299448, 44.064651 ] ] ], [ [ [ 4.332891, 44.061697 ], [ 4.33326, 44.062571 ], [ 4.333639, 44.063351 ], [ 4.334006, 44.063957 ], [ 4.334644, 44.064602 ], [ 4.341199, 44.065282 ], [ 4.344836, 44.065425 ], [ 4.347261, 44.061559 ], [ 4.350814, 44.058769 ], [ 4.346028, 44.061924 ], [ 4.344735, 44.062941 ], [ 4.342888, 44.063508 ], [ 4.342566, 44.063497 ], [ 4.341479, 44.06343 ], [ 4.341297, 44.063415 ], [ 4.336299, 44.062264 ], [ 4.335612, 44.06218 ], [ 4.33517, 44.062032 ], [ 4.334336, 44.061472 ], [ 4.329795, 44.057929 ], [ 4.329604, 44.05788 ], [ 4.332891, 44.061697 ] ] ], [ [ [ 4.363673, 44.073322 ], [ 4.362453, 44.076709 ], [ 4.360119, 44.082048 ], [ 4.357169, 44.084112 ], [ 4.353563, 44.086381 ], [ 4.351844, 44.086924 ], [ 4.351145, 44.087855 ], [ 4.351073, 44.087966 ], [ 4.350963, 44.088272 ], [ 4.350802, 44.088822 ], [ 4.350927, 44.089243 ], [ 4.351046, 44.089511 ], [ 4.351793, 44.090523 ], [ 4.352481, 44.090566 ], [ 4.356278, 44.091167 ], [ 4.357584, 44.091401 ], [ 4.366292, 44.092343 ], [ 4.367153, 44.091968 ], [ 4.367824, 44.091715 ], [ 4.368742, 44.0913 ], [ 4.370091, 44.090729 ], [ 4.370807, 44.090458 ], [ 4.374983022775947, 44.090496113189793 ], [ 4.373571, 44.090091 ], [ 4.372667, 44.090189 ], [ 4.368763, 44.089506 ], [ 4.366373, 44.0894 ], [ 4.366277, 44.089394 ], [ 4.366156, 44.089383 ], [ 4.359842, 44.087771 ], [ 4.359497, 44.086511 ], [ 4.359382, 44.084291 ], [ 4.359771, 44.084024 ], [ 4.36032, 44.083778 ], [ 4.366317, 44.079534 ], [ 4.368289, 44.076522 ], [ 4.368528, 44.069471 ], [ 4.368670899373439, 44.06883862699884 ], [ 4.363673, 44.073322 ] ] ], [ [ [ 4.375044, 44.102848 ], [ 4.37331, 44.109758 ], [ 4.37488, 44.105221 ], [ 4.375867, 44.103658 ], [ 4.376241, 44.10346 ], [ 4.377018116385173, 44.102057363086537 ], [ 4.375044, 44.102848 ] ] ], [ [ [ 4.370504, 44.112513 ], [ 4.367853, 44.114949 ], [ 4.366776, 44.120327 ], [ 4.364339, 44.123719 ], [ 4.362535, 44.125233 ], [ 4.363916, 44.128558 ], [ 4.364683, 44.128239 ], [ 4.365186, 44.127991 ], [ 4.365581, 44.127749 ], [ 4.367887, 44.125988 ], [ 4.369854, 44.122193 ], [ 4.377453, 44.119005 ], [ 4.378749, 44.11915 ], [ 4.379744, 44.118486 ], [ 4.379972, 44.115764 ], [ 4.378915, 44.110442 ], [ 4.377719, 44.111551 ], [ 4.373349, 44.116379 ], [ 4.372711, 44.117413 ], [ 4.371153, 44.117106 ], [ 4.370678, 44.11687 ], [ 4.37045, 44.116714 ], [ 4.369648, 44.115522 ], [ 4.370286, 44.114488 ], [ 4.371737, 44.112113 ], [ 4.37331, 44.109758 ], [ 4.370504, 44.112513 ] ] ], [ [ [ 4.388669, 44.108844 ], [ 4.389028, 44.109188 ], [ 4.389793, 44.109753 ], [ 4.390538, 44.11005 ], [ 4.390808, 44.110097 ], [ 4.399351, 44.107499 ], [ 4.400293, 44.109004 ], [ 4.401247, 44.112475 ], [ 4.408833, 44.114204 ], [ 4.413104, 44.114829 ], [ 4.416699, 44.115023 ], [ 4.422324, 44.110584 ], [ 4.425755, 44.10305 ], [ 4.426515, 44.101394 ], [ 4.426508, 44.100871 ], [ 4.424408, 44.094746 ], [ 4.426911, 44.089649 ], [ 4.427587, 44.088923 ], [ 4.427725, 44.08879 ], [ 4.429765, 44.087254 ], [ 4.430456, 44.086815 ], [ 4.43146, 44.078898 ], [ 4.439002, 44.074313 ], [ 4.440783, 44.081566 ], [ 4.444642, 44.085128 ], [ 4.447849, 44.085978 ], [ 4.453139, 44.091069 ], [ 4.453845, 44.094612 ], [ 4.457445, 44.09457 ], [ 4.459088, 44.086441 ], [ 4.459579, 44.082875 ], [ 4.456477, 44.076212 ], [ 4.463485, 44.07129 ], [ 4.463999, 44.071364 ], [ 4.464494, 44.071419 ], [ 4.465103, 44.071379 ], [ 4.465969, 44.07123 ], [ 4.466623, 44.071161 ], [ 4.47475, 44.073297 ], [ 4.478324, 44.073732 ], [ 4.486526, 44.072965 ], [ 4.492493, 44.071295 ], [ 4.495009, 44.070866 ], [ 4.50344071842124, 44.073954896845741 ], [ 4.503171, 44.073672 ], [ 4.501631, 44.072397 ], [ 4.503926, 44.069623 ], [ 4.504006053255968, 44.069397677398328 ], [ 4.503466, 44.069242 ], [ 4.501962, 44.06549 ], [ 4.501864, 44.06489 ], [ 4.50155, 44.064523 ], [ 4.496389, 44.057817 ], [ 4.500298, 44.049836 ], [ 4.501301, 44.049852 ], [ 4.502326, 44.049971 ], [ 4.503171, 44.050155 ], [ 4.504429, 44.050195 ], [ 4.505298, 44.050193 ], [ 4.505287, 44.046593 ], [ 4.504419, 44.046595 ], [ 4.502635, 44.046344 ], [ 4.501886, 44.046243 ], [ 4.500133046845284, 44.045930628892762 ], [ 4.500057, 44.046133 ], [ 4.498282, 44.049265 ], [ 4.496138, 44.049217 ], [ 4.495062, 44.049421 ], [ 4.494127, 44.049449 ], [ 4.492784, 44.049182 ], [ 4.492422, 44.049077 ], [ 4.49164, 44.04891 ], [ 4.485724, 44.053158 ], [ 4.490863, 44.058491 ], [ 4.492543, 44.061675 ], [ 4.497164, 44.064261 ], [ 4.502167, 44.068409 ], [ 4.501875, 44.069494 ], [ 4.501834, 44.069613 ], [ 4.50061, 44.071655 ], [ 4.493808, 44.070462 ], [ 4.487051, 44.071096 ], [ 4.481747, 44.071136 ], [ 4.481006, 44.071161 ], [ 4.474076, 44.070821 ], [ 4.473696, 44.07081 ], [ 4.473549, 44.070731 ], [ 4.472823, 44.070013 ], [ 4.472087, 44.06803 ], [ 4.46362, 44.069369 ], [ 4.462731, 44.071107 ], [ 4.460712, 44.070842 ], [ 4.460288, 44.070834 ], [ 4.453463, 44.076221 ], [ 4.45345, 44.079821 ], [ 4.454211, 44.082195 ], [ 4.454498, 44.085897 ], [ 4.451522, 44.087923 ], [ 4.445803, 44.0839 ], [ 4.445308, 44.080214 ], [ 4.445308, 44.076614 ], [ 4.444556, 44.073151 ], [ 4.440802, 44.068555 ], [ 4.435385, 44.070559 ], [ 4.434932, 44.070869 ], [ 4.4334, 44.071047 ], [ 4.426018, 44.073944 ], [ 4.425192, 44.077447 ], [ 4.424778, 44.083895 ], [ 4.422547, 44.08672 ], [ 4.417963, 44.094062 ], [ 4.419626, 44.097254 ], [ 4.417024, 44.104861 ], [ 4.414879, 44.10941 ], [ 4.411418, 44.110401 ], [ 4.406188, 44.109007 ], [ 4.404578, 44.104962 ], [ 4.398605, 44.100702 ], [ 4.39203, 44.103444 ], [ 4.39036, 44.105344 ], [ 4.388243, 44.108256 ], [ 4.388073713189875, 44.108236782336085 ], [ 4.388669, 44.108844 ] ] ], [ [ [ 4.27337538975818, 44.043875037458513 ], [ 4.273391883744338, 44.043707348599249 ], [ 4.27338, 44.043751 ], [ 4.27337538975818, 44.043875037458513 ] ] ], [ [ [ 4.386934359180157, 43.9112184677751 ], [ 4.38734474849792, 43.910603499998615 ], [ 4.387344, 43.910603 ], [ 4.388345475762831, 43.909103947009655 ], [ 4.388513419353577, 43.908852354840597 ], [ 4.388, 43.909621 ], [ 4.386962, 43.911174 ], [ 4.386934359180157, 43.9112184677751 ] ] ], [ [ [ 4.386925058572849, 43.911233430331038 ], [ 4.386392, 43.912091 ], [ 4.386313343826125, 43.912277047420559 ], [ 4.386925058572849, 43.911233430331038 ] ] ], [ [ [ 4.386156646912074, 43.912647686560902 ], [ 4.386069, 43.912855 ], [ 4.386037606854345, 43.913005747762213 ], [ 4.386156646912074, 43.912647686560902 ] ] ], [ [ [ 4.385914133758405, 43.91359865721811 ], [ 4.385862, 43.913849 ], [ 4.385856430721302, 43.913957829183737 ], [ 4.385914133758405, 43.91359865721811 ] ] ], [ [ [ 4.385792787365919, 43.915201482947964 ], [ 4.38574, 43.916233 ], [ 4.385747717258836, 43.916365957345064 ], [ 4.385792787365919, 43.915201482947964 ] ] ], [ [ [ 4.38575883501572, 43.91655750041371 ], [ 4.385775, 43.916836 ], [ 4.385837573303029, 43.917064378138264 ], [ 4.38575883501572, 43.91655750041371 ] ] ], [ [ [ 4.38594231529356, 43.917446662269597 ], [ 4.385992, 43.917628 ], [ 4.386324298129501, 43.918319448633113 ], [ 4.38594231529356, 43.917446662269597 ] ] ], [ [ [ 4.386653263778673, 43.919003963014212 ], [ 4.386685, 43.91907 ], [ 4.386749335322995, 43.919154320338222 ], [ 4.3867031406343, 43.919082023074495 ], [ 4.386653263778673, 43.919003963014212 ] ] ], [ [ [ 4.388887227580508, 43.926603960891221 ], [ 4.388956285939451, 43.926527324225781 ], [ 4.388748069377677, 43.925678891549104 ], [ 4.388887227580508, 43.926603960891221 ] ] ], [ [ [ 4.545821, 44.016692 ], [ 4.543383, 44.014043 ], [ 4.539654, 44.015187 ], [ 4.538402, 44.016007 ], [ 4.531716013748134, 44.0172300803195 ], [ 4.53286356015622, 44.018173562307588 ], [ 4.536922, 44.017553 ], [ 4.540045, 44.019345 ], [ 4.539437, 44.020404 ], [ 4.539006, 44.020982 ], [ 4.5388401462165, 44.022696443604737 ], [ 4.539205, 44.022883 ], [ 4.5396, 44.023105 ], [ 4.540615, 44.023698 ], [ 4.541262, 44.02434 ], [ 4.542109319958849, 44.025328315436909 ], [ 4.542595, 44.019359 ], [ 4.543588, 44.019233 ], [ 4.544661, 44.018604 ], [ 4.545233, 44.01761 ], [ 4.545821, 44.016692 ] ] ], [ [ [ 4.553483, 44.039676 ], [ 4.554129, 44.04002 ], [ 4.55594, 44.041055 ], [ 4.556907009219656, 44.040396367736228 ], [ 4.555949, 44.040105 ], [ 4.553035, 44.039469 ], [ 4.552853138224002, 44.039258783082509 ], [ 4.552966, 44.039439 ], [ 4.553483, 44.039676 ] ] ], [ [ [ 4.515919, 44.044914 ], [ 4.516386, 44.044786 ], [ 4.517038834775979, 44.044556851413191 ], [ 4.516805, 44.043696 ], [ 4.517033, 44.042538 ], [ 4.515069988889996, 44.04503343620128 ], [ 4.515919, 44.044914 ] ] ], [ [ [ 4.503478, 44.073994 ], [ 4.503454359092172, 44.073969203998949 ], [ 4.503516043670406, 44.074034789869124 ], [ 4.503478, 44.073994 ] ] ] ] } },
{ "type": "Feature", "properties": { "codgeo": "30334", "value": 1080, "isochrone_group": 18.0, "nb_agences": 1 }, "geometry": { "type": "MultiPolygon", "coordinates": [ [ [ [ 4.548725, 44.032667 ], [ 4.552853138224002, 44.039258783082509 ], [ 4.553035, 44.039469 ], [ 4.548725, 44.032667 ] ] ], [ [ [ 4.560116886857391, 44.038210112494752 ], [ 4.559263, 44.037888 ], [ 4.558606, 44.038062 ], [ 4.557016, 44.038831 ], [ 4.553035, 44.039469 ], [ 4.555949, 44.040105 ], [ 4.556907009219656, 44.040396367736228 ], [ 4.560116886857391, 44.038210112494752 ] ] ], [ [ [ 4.54857, 44.029536 ], [ 4.547133704640141, 44.029678851357389 ], [ 4.548323, 44.03021 ], [ 4.548885, 44.030629 ], [ 4.54857, 44.029536 ] ] ], [ [ [ 4.546728, 44.015357 ], [ 4.54704, 44.014273 ], [ 4.547185, 44.01323 ], [ 4.547267, 44.011536 ], [ 4.547123, 44.010364 ], [ 4.546718, 44.008414 ], [ 4.546465, 44.007967 ], [ 4.546025, 44.007363 ], [ 4.543043, 44.007134 ], [ 4.542974, 44.00724 ], [ 4.542705, 44.008533 ], [ 4.539654, 44.015187 ], [ 4.543383, 44.014043 ], [ 4.545821, 44.016692 ], [ 4.545233, 44.01761 ], [ 4.546042, 44.016447 ], [ 4.546728, 44.015357 ] ] ], [ [ [ 4.543728, 44.01937 ], [ 4.544661, 44.018604 ], [ 4.543588, 44.019233 ], [ 4.542595, 44.019359 ], [ 4.54221030530779, 44.024087141513199 ], [ 4.543728, 44.01937 ] ] ], [ [ [ 4.529420333130532, 44.013583000933998 ], [ 4.528706, 44.010156 ], [ 4.528431, 44.007945 ], [ 4.528427, 44.008367 ], [ 4.528479, 44.010243 ], [ 4.529420333130532, 44.013583000933998 ] ] ], [ [ [ 4.528252094566401, 44.006605317695474 ], [ 4.528377, 44.007195 ], [ 4.528296, 44.006611 ], [ 4.528252094566401, 44.006605317695474 ] ] ], [ [ [ 4.516871, 44.006553 ], [ 4.513688122033487, 44.007769136610051 ], [ 4.514481, 44.008007 ], [ 4.516287, 44.008045 ], [ 4.523919808075958, 44.009406351671799 ], [ 4.524548, 44.006692 ], [ 4.526164471762373, 44.006335134541246 ], [ 4.521002, 44.005667 ], [ 4.520514, 44.005705 ], [ 4.518528, 44.005953 ], [ 4.517731, 44.006117 ], [ 4.516871, 44.006553 ] ] ], [ [ [ 4.507838, 44.005423 ], [ 4.507514, 44.005345 ], [ 4.504255, 44.005074 ], [ 4.499265, 44.005229 ], [ 4.495237, 43.998731 ], [ 4.493114, 43.995824 ], [ 4.491714, 43.996322 ], [ 4.489936, 43.997715 ], [ 4.481229, 43.997085 ], [ 4.481814, 43.993532 ], [ 4.481997664397565, 43.9894409260015 ], [ 4.481857, 43.98954 ], [ 4.481705, 43.990131 ], [ 4.481373, 43.990918 ], [ 4.477815, 43.994995 ], [ 4.47919, 44.001957 ], [ 4.482356, 44.004407 ], [ 4.48977, 44.000693 ], [ 4.490166, 43.999927 ], [ 4.490453, 43.999618 ], [ 4.490802, 43.99933 ], [ 4.491073, 43.999149 ], [ 4.493219, 44.000931 ], [ 4.493304, 44.00107 ], [ 4.497964, 44.005614 ], [ 4.502384, 44.007718 ], [ 4.508391, 44.00618 ], [ 4.511332398286469, 44.007062419485933 ], [ 4.507838, 44.005423 ] ] ], [ [ [ 4.49852, 43.986424 ], [ 4.501979, 43.987423 ], [ 4.507768, 43.985113 ], [ 4.509449, 43.985058 ], [ 4.510284, 43.984698 ], [ 4.512894, 43.983429 ], [ 4.517973, 43.982118 ], [ 4.518867, 43.980645 ], [ 4.521927, 43.972585 ], [ 4.52396, 43.971589 ], [ 4.529667, 43.970376 ], [ 4.530129, 43.967726 ], [ 4.530596, 43.961169 ], [ 4.535491, 43.956758 ], [ 4.534123, 43.953428 ], [ 4.525521, 43.954081 ], [ 4.524661, 43.953956 ], [ 4.522249, 43.953516 ], [ 4.515014, 43.955516 ], [ 4.508205, 43.954218 ], [ 4.504636, 43.954691 ], [ 4.5015, 43.955835 ], [ 4.494061, 43.95396 ], [ 4.488736591140367, 43.950855976720362 ], [ 4.488853, 43.951297 ], [ 4.488936, 43.951611 ], [ 4.487914584561147, 43.953489086452088 ], [ 4.489147, 43.953795 ], [ 4.491419, 43.957274 ], [ 4.491377, 43.957388 ], [ 4.490793, 43.958191 ], [ 4.488727, 43.965912 ], [ 4.495065, 43.97151 ], [ 4.498759, 43.969384 ], [ 4.501591, 43.961099 ], [ 4.502785, 43.957703 ], [ 4.50574, 43.95712 ], [ 4.5061, 43.957184 ], [ 4.512444, 43.957831 ], [ 4.515929, 43.957241 ], [ 4.517432, 43.956848 ], [ 4.518412, 43.956583 ], [ 4.520413, 43.955936 ], [ 4.523143, 43.955738 ], [ 4.523764, 43.955691 ], [ 4.526475, 43.955547 ], [ 4.526689, 43.959141 ], [ 4.525732, 43.964773 ], [ 4.525192, 43.967824 ], [ 4.523954, 43.969288 ], [ 4.523941, 43.969293 ], [ 4.520714, 43.970635 ], [ 4.51746, 43.976688 ], [ 4.511927, 43.980231 ], [ 4.509559, 43.982247 ], [ 4.501076, 43.985043 ], [ 4.500991, 43.9851 ], [ 4.498897, 43.985567 ], [ 4.494052858013005, 43.984590804086295 ], [ 4.49852, 43.986424 ] ] ], [ [ [ 4.478195323557234, 43.950625785365254 ], [ 4.474165225777487, 43.951567940586678 ], [ 4.478054870070959, 43.951546724345086 ], [ 4.478195323557234, 43.950625785365254 ] ] ], [ [ [ 4.463922, 43.946292 ], [ 4.462742, 43.945835 ], [ 4.459874075342759, 43.946439165672821 ], [ 4.464467181844269, 43.947376507814795 ], [ 4.463922, 43.946292 ] ] ], [ [ [ 4.437823, 43.943667 ], [ 4.438416, 43.944183 ], [ 4.438655, 43.944375 ], [ 4.437823, 43.943667 ] ] ], [ [ [ 4.421498, 43.940851 ], [ 4.418608, 43.942998 ], [ 4.414709, 43.950145 ], [ 4.420794, 43.944735 ], [ 4.423259, 43.943984 ], [ 4.424198, 43.943671 ], [ 4.427946, 43.942945 ], [ 4.428718, 43.942858 ], [ 4.429665, 43.94291 ], [ 4.421498, 43.940851 ] ] ], [ [ [ 4.403709, 43.940885 ], [ 4.399517, 43.937321 ], [ 4.395959, 43.936769 ], [ 4.39191931261264, 43.93031741080646 ], [ 4.391918245374685, 43.93031858115917 ], [ 4.396212, 43.937598 ], [ 4.398836, 43.939594 ], [ 4.402815, 43.943052 ], [ 4.407845, 43.948866 ], [ 4.403709, 43.940885 ] ] ], [ [ [ 4.308648, 44.016657 ], [ 4.305988, 44.021979 ], [ 4.3069318394427, 44.025620212901117 ], [ 4.312347, 44.02375 ], [ 4.313408, 44.015995 ], [ 4.310845724408692, 44.015583470935724 ], [ 4.308648, 44.016657 ] ] ], [ [ [ 4.283009, 44.060964 ], [ 4.281349282558233, 44.060354043536826 ], [ 4.279598406263874, 44.060056622889711 ], [ 4.273576, 44.061366 ], [ 4.270138, 44.060299 ], [ 4.262658, 44.062429 ], [ 4.261822, 44.062957 ], [ 4.260684, 44.063421 ], [ 4.260272, 44.06359 ], [ 4.259746, 44.063556 ], [ 4.259495, 44.063482 ], [ 4.25891, 44.060257 ], [ 4.261053, 44.056088 ], [ 4.263698, 44.056031 ], [ 4.263843062974482, 44.055807940202712 ], [ 4.263418, 44.055886 ], [ 4.260795, 44.056033 ], [ 4.255617, 44.061687 ], [ 4.257224, 44.064909 ], [ 4.260614, 44.063828 ], [ 4.266308, 44.061747 ], [ 4.272596, 44.06265 ], [ 4.280844, 44.061916 ], [ 4.286844, 44.064026 ], [ 4.291555, 44.064198 ], [ 4.297552, 44.066897 ], [ 4.297802, 44.071782 ], [ 4.296937, 44.075277 ], [ 4.298324, 44.081259 ], [ 4.300008, 44.08444 ], [ 4.301106, 44.083859 ], [ 4.301388, 44.083687 ], [ 4.301942, 44.083256 ], [ 4.31035, 44.08031 ], [ 4.313853, 44.081144 ], [ 4.3166, 44.08117 ], [ 4.321188, 44.077548 ], [ 4.321837, 44.070245 ], [ 4.321389, 44.061995 ], [ 4.320641, 44.062861 ], [ 4.31901, 44.071159 ], [ 4.319075, 44.074962 ], [ 4.317115, 44.077407 ], [ 4.313933, 44.079091 ], [ 4.311195, 44.079365 ], [ 4.303297, 44.077027 ], [ 4.302231, 44.075122 ], [ 4.302223, 44.074952 ], [ 4.302438, 44.074338 ], [ 4.30252, 44.074226 ], [ 4.303162, 44.073429 ], [ 4.302181, 44.065656 ], [ 4.299448, 44.064651 ], [ 4.292252, 44.062538 ], [ 4.291494, 44.06249 ], [ 4.287947, 44.062123 ], [ 4.287041904479415, 44.061531751919439 ], [ 4.283009, 44.060964 ] ] ], [ [ [ 4.334756, 44.06498 ], [ 4.335093, 44.065459 ], [ 4.335438, 44.065814 ], [ 4.341593184879616, 44.065297498608139 ], [ 4.341199, 44.065282 ], [ 4.334644, 44.064602 ], [ 4.334006, 44.063957 ], [ 4.334756, 44.06498 ] ] ], [ [ [ 4.347871, 44.061441 ], [ 4.348761, 44.060778 ], [ 4.348958, 44.060541 ], [ 4.351155, 44.058602 ], [ 4.350814, 44.058769 ], [ 4.347261, 44.061559 ], [ 4.346875036623707, 44.0621743131599 ], [ 4.347871, 44.061441 ] ] ], [ [ [ 4.36998, 44.064569 ], [ 4.369676, 44.067937 ], [ 4.371858, 44.064234 ], [ 4.37148, 44.058579 ], [ 4.36998, 44.064569 ] ] ], [ [ [ 4.362583, 44.071479 ], [ 4.358609, 44.071104 ], [ 4.358118, 44.070973 ], [ 4.357497, 44.071409 ], [ 4.357135, 44.071672 ], [ 4.356854, 44.071933 ], [ 4.357191, 44.074452 ], [ 4.357766, 44.079685 ], [ 4.351258, 44.084636 ], [ 4.351063, 44.084673 ], [ 4.345454, 44.087313 ], [ 4.344943, 44.08744 ], [ 4.344563, 44.087576 ], [ 4.342974, 44.088104 ], [ 4.341407, 44.088468 ], [ 4.341944, 44.092028 ], [ 4.342459, 44.09195 ], [ 4.342797, 44.091882 ], [ 4.351595, 44.092239 ], [ 4.354323, 44.093612 ], [ 4.363264, 44.093465 ], [ 4.365777, 44.093442 ], [ 4.368254, 44.092647 ], [ 4.370807, 44.090458 ], [ 4.370091, 44.090729 ], [ 4.368742, 44.0913 ], [ 4.367824, 44.091715 ], [ 4.367153, 44.091968 ], [ 4.366292, 44.092343 ], [ 4.357584, 44.091401 ], [ 4.356278, 44.091167 ], [ 4.352481, 44.090566 ], [ 4.351793, 44.090523 ], [ 4.351046, 44.089511 ], [ 4.350927, 44.089243 ], [ 4.350802, 44.088822 ], [ 4.350963, 44.088272 ], [ 4.351073, 44.087966 ], [ 4.351145, 44.087855 ], [ 4.351844, 44.086924 ], [ 4.353563, 44.086381 ], [ 4.357169, 44.084112 ], [ 4.360119, 44.082048 ], [ 4.362453, 44.076709 ], [ 4.363673, 44.073322 ], [ 4.369676, 44.067937 ], [ 4.362583, 44.071479 ] ] ], [ [ [ 4.375989, 44.100068 ], [ 4.374891, 44.100575 ], [ 4.375044, 44.102848 ], [ 4.378212963525995, 44.101578824808584 ], [ 4.375989, 44.100068 ] ] ], [ [ [ 4.367798, 44.111028 ], [ 4.36707, 44.110928 ], [ 4.366573, 44.110892 ], [ 4.366316, 44.114483 ], [ 4.365520480796503, 44.12207452611338 ], [ 4.366776, 44.120327 ], [ 4.367853, 44.114949 ], [ 4.370504, 44.112513 ], [ 4.37331, 44.109758 ], [ 4.374086910260846, 44.106662008130073 ], [ 4.367798, 44.111028 ] ] ], [ [ [ 4.362229, 44.125383 ], [ 4.361347, 44.126021 ], [ 4.360957, 44.126537 ], [ 4.360727, 44.12703 ], [ 4.360608, 44.127526 ], [ 4.360587, 44.128007 ], [ 4.360644, 44.128429 ], [ 4.360748, 44.128798 ], [ 4.361062, 44.129632 ], [ 4.361398, 44.13037 ], [ 4.363458, 44.134462 ], [ 4.363576, 44.134604 ], [ 4.364807, 44.135409 ], [ 4.370473, 44.133615 ], [ 4.370446, 44.130015 ], [ 4.371888, 44.123776 ], [ 4.375043, 44.121294 ], [ 4.381759, 44.119865 ], [ 4.382526, 44.119975 ], [ 4.386719, 44.116282 ], [ 4.393108, 44.111262 ], [ 4.39583, 44.112924 ], [ 4.402189, 44.114678 ], [ 4.405777, 44.114856 ], [ 4.40992, 44.121125 ], [ 4.410819, 44.121962 ], [ 4.411153, 44.122044 ], [ 4.411416, 44.122033 ], [ 4.412188, 44.121996 ], [ 4.412568, 44.121912 ], [ 4.413014, 44.121708 ], [ 4.4178, 44.118027 ], [ 4.42017, 44.114348 ], [ 4.427429, 44.111897 ], [ 4.427971, 44.111946 ], [ 4.429018, 44.111949 ], [ 4.42945, 44.111914 ], [ 4.429907, 44.111826 ], [ 4.432304, 44.111469 ], [ 4.434114, 44.111068 ], [ 4.433336, 44.107553 ], [ 4.428532, 44.102647 ], [ 4.427808, 44.099121 ], [ 4.42927, 44.090407 ], [ 4.429863, 44.089994 ], [ 4.429985, 44.089664 ], [ 4.429797, 44.088942 ], [ 4.429626, 44.088445 ], [ 4.428927640698943, 44.087884482297248 ], [ 4.427725, 44.08879 ], [ 4.427587, 44.088923 ], [ 4.426911, 44.089649 ], [ 4.424408, 44.094746 ], [ 4.426508, 44.100871 ], [ 4.426515, 44.101394 ], [ 4.425755, 44.10305 ], [ 4.422324, 44.110584 ], [ 4.416699, 44.115023 ], [ 4.413104, 44.114829 ], [ 4.408833, 44.114204 ], [ 4.401247, 44.112475 ], [ 4.400293, 44.109004 ], [ 4.399351, 44.107499 ], [ 4.390808, 44.110097 ], [ 4.390538, 44.11005 ], [ 4.389793, 44.109753 ], [ 4.389028, 44.109188 ], [ 4.388669, 44.108844 ], [ 4.387721, 44.107877 ], [ 4.3871, 44.107374 ], [ 4.378915, 44.110442 ], [ 4.379972, 44.115764 ], [ 4.379744, 44.118486 ], [ 4.378749, 44.11915 ], [ 4.377453, 44.119005 ], [ 4.369854, 44.122193 ], [ 4.367887, 44.125988 ], [ 4.365581, 44.127749 ], [ 4.365186, 44.127991 ], [ 4.364683, 44.128239 ], [ 4.363916, 44.128558 ], [ 4.362535, 44.125233 ], [ 4.364339, 44.123719 ], [ 4.362229, 44.125383 ] ] ], [ [ [ 4.434758, 44.078542 ], [ 4.437811, 44.080449 ], [ 4.439779, 44.081131 ], [ 4.440539, 44.081479 ], [ 4.444927, 44.086349 ], [ 4.445413, 44.087059 ], [ 4.446277, 44.088 ], [ 4.451607, 44.093962 ], [ 4.452238, 44.098852 ], [ 4.452385, 44.099695 ], [ 4.45295, 44.10149 ], [ 4.456384, 44.100409 ], [ 4.460051, 44.09863 ], [ 4.4606, 44.092308 ], [ 4.466882, 44.087434 ], [ 4.467338, 44.083863 ], [ 4.474747, 44.078773 ], [ 4.477589, 44.076796 ], [ 4.477902, 44.07622 ], [ 4.481524449959937, 44.073432713835743 ], [ 4.478324, 44.073732 ], [ 4.47475, 44.073297 ], [ 4.466623, 44.071161 ], [ 4.465969, 44.07123 ], [ 4.465103, 44.071379 ], [ 4.464494, 44.071419 ], [ 4.463999, 44.071364 ], [ 4.463485, 44.07129 ], [ 4.456477, 44.076212 ], [ 4.459579, 44.082875 ], [ 4.459088, 44.086441 ], [ 4.457445, 44.09457 ], [ 4.453845, 44.094612 ], [ 4.453139, 44.091069 ], [ 4.447849, 44.085978 ], [ 4.444642, 44.085128 ], [ 4.440783, 44.081566 ], [ 4.439002, 44.074313 ], [ 4.433885089988665, 44.077423717634851 ], [ 4.434758, 44.078542 ] ] ], [ [ [ 4.487566, 44.074904 ], [ 4.488148, 44.075396 ], [ 4.494082, 44.07397 ], [ 4.496472, 44.073343 ], [ 4.50293805258592, 44.077446341419005 ], [ 4.500281750407114, 44.072797632591012 ], [ 4.495009, 44.070866 ], [ 4.492493, 44.071295 ], [ 4.486526, 44.072965 ], [ 4.484311262243731, 44.073172108492933 ], [ 4.487566, 44.074904 ] ] ], [ [ [ 4.512524, 44.07034 ], [ 4.515151, 44.067171 ], [ 4.515408, 44.066473 ], [ 4.515693, 44.065813 ], [ 4.515950742323041, 44.065350435830894 ], [ 4.51595, 44.06535 ], [ 4.50784, 44.066064 ], [ 4.506064, 44.06392 ], [ 4.502009, 44.059303 ], [ 4.500739, 44.055935 ], [ 4.498601, 44.056741 ], [ 4.498293, 44.056871 ], [ 4.497947, 44.057053 ], [ 4.496545433805586, 44.057497609311255 ], [ 4.496389, 44.057817 ], [ 4.50155, 44.064523 ], [ 4.501864, 44.06489 ], [ 4.501962, 44.06549 ], [ 4.503466, 44.069242 ], [ 4.508404890798489, 44.070665699721481 ], [ 4.512524, 44.07034 ] ] ], [ [ [ 4.320405, 43.927184 ], [ 4.320775, 43.927826 ], [ 4.326515, 43.93226 ], [ 4.320423466685383, 43.926841427336413 ], [ 4.320405, 43.927184 ] ] ], [ [ [ 4.389561, 43.907283 ], [ 4.390001, 43.906526 ], [ 4.391418945813408, 43.903866101647644 ], [ 4.388267625667201, 43.909219443332553 ], [ 4.388326, 43.909132 ], [ 4.389561, 43.907283 ] ] ], [ [ [ 4.387641999997472, 43.910156615388424 ], [ 4.386962, 43.911174 ], [ 4.387639245201584, 43.910160742005722 ], [ 4.387641999997472, 43.910156615388424 ] ] ], [ [ [ 4.515069988889996, 44.04503343620128 ], [ 4.517033, 44.042538 ], [ 4.514412, 44.045126 ], [ 4.515069988889996, 44.04503343620128 ] ] ] ] } },
{ "type": "Feature", "properties": { "codgeo": "30334", "value": 1140, "isochrone_group": 19.0, "nb_agences": 1 }, "geometry": { "type": "MultiPolygon", "coordinates": [ [ [ [ 4.563208952879125, 44.036104099023277 ], [ 4.55968, 44.035424 ], [ 4.557822, 44.038231 ], [ 4.553035, 44.039469 ], [ 4.557016, 44.038831 ], [ 4.558606, 44.038062 ], [ 4.559263, 44.037888 ], [ 4.560116886857391, 44.038210112494752 ], [ 4.563208952879125, 44.036104099023277 ] ] ], [ [ [ 4.544661, 44.018604 ], [ 4.543728, 44.01937 ], [ 4.541689846227833, 44.025704778541687 ], [ 4.545036, 44.028742 ], [ 4.547133704640141, 44.029678851357389 ], [ 4.548565634604817, 44.029536434174368 ], [ 4.548277, 44.028549 ], [ 4.548109, 44.028243 ], [ 4.547765, 44.027725 ], [ 4.54723, 44.02693 ], [ 4.544661, 44.018604 ] ] ], [ [ [ 4.554765, 44.011407 ], [ 4.555398, 44.007863 ], [ 4.554663, 44.007648 ], [ 4.553343, 44.007432 ], [ 4.55128, 44.007 ], [ 4.550229, 44.006714 ], [ 4.549587, 44.006582 ], [ 4.547468, 44.006293 ], [ 4.546841, 44.006243 ], [ 4.546293, 44.006224 ], [ 4.545356, 44.006235 ], [ 4.544606, 44.006258 ], [ 4.54377, 44.006494 ], [ 4.543083764285028, 44.007137130456513 ], [ 4.546025, 44.007363 ], [ 4.546465, 44.007967 ], [ 4.546718, 44.008414 ], [ 4.547123, 44.010364 ], [ 4.547267, 44.011536 ], [ 4.547185, 44.01323 ], [ 4.54704, 44.014273 ], [ 4.546728, 44.015357 ], [ 4.554765, 44.011407 ] ] ], [ [ [ 4.506374, 44.002393 ], [ 4.502205, 44.003804 ], [ 4.497315, 43.997671 ], [ 4.497413, 43.995124 ], [ 4.497592, 43.994499 ], [ 4.497569, 43.993638 ], [ 4.497369, 43.992871 ], [ 4.494203, 43.99335 ], [ 4.485812, 43.993275 ], [ 4.485628, 43.993059 ], [ 4.482087, 43.987451 ], [ 4.481814, 43.993532 ], [ 4.481229, 43.997085 ], [ 4.489936, 43.997715 ], [ 4.491714, 43.996322 ], [ 4.493114, 43.995824 ], [ 4.495237, 43.998731 ], [ 4.499265, 44.005229 ], [ 4.504255, 44.005074 ], [ 4.507514, 44.005345 ], [ 4.507838, 44.005423 ], [ 4.508251663979037, 44.005617073122806 ], [ 4.507794, 44.004738 ], [ 4.506993, 44.003308 ], [ 4.506533, 44.002549 ], [ 4.506374, 44.002393 ] ] ], [ [ [ 4.506407, 43.985724 ], [ 4.509613, 43.987151 ], [ 4.511502, 43.98781 ], [ 4.511983, 43.988014 ], [ 4.512516, 43.988101 ], [ 4.512713, 43.988075 ], [ 4.515198, 43.986305 ], [ 4.521565, 43.98282 ], [ 4.521886, 43.982781 ], [ 4.523773, 43.982147 ], [ 4.524857, 43.981123 ], [ 4.525509, 43.980493 ], [ 4.53098, 43.973483 ], [ 4.537682, 43.972924 ], [ 4.539234, 43.969675 ], [ 4.536923, 43.967216 ], [ 4.532103, 43.960418 ], [ 4.536994, 43.956567 ], [ 4.538634, 43.956724 ], [ 4.539515, 43.956778 ], [ 4.540437, 43.956404 ], [ 4.540529, 43.95632 ], [ 4.540172, 43.952917 ], [ 4.539492, 43.952446 ], [ 4.537469, 43.952369 ], [ 4.535258, 43.953083 ], [ 4.534439, 43.953308 ], [ 4.533647513241641, 43.953464095425865 ], [ 4.534123, 43.953428 ], [ 4.535491, 43.956758 ], [ 4.530596, 43.961169 ], [ 4.530129, 43.967726 ], [ 4.529667, 43.970376 ], [ 4.52396, 43.971589 ], [ 4.521927, 43.972585 ], [ 4.518867, 43.980645 ], [ 4.517973, 43.982118 ], [ 4.512894, 43.983429 ], [ 4.510284, 43.984698 ], [ 4.509449, 43.985058 ], [ 4.507768, 43.985113 ], [ 4.506367260229098, 43.985671940900133 ], [ 4.506407, 43.985724 ] ] ], [ [ [ 4.525241, 43.952652 ], [ 4.525174, 43.952621 ], [ 4.525096, 43.952612 ], [ 4.524995, 43.952642 ], [ 4.524471, 43.952923 ], [ 4.52327647894004, 43.953703433969167 ], [ 4.524661, 43.953956 ], [ 4.525521, 43.954081 ], [ 4.528118412075867, 43.95388382375198 ], [ 4.525241, 43.952652 ] ] ], [ [ [ 4.510332, 43.954108 ], [ 4.509956, 43.953639 ], [ 4.509008, 43.953144 ], [ 4.507152, 43.952788 ], [ 4.502107, 43.952683 ], [ 4.498634, 43.953631 ], [ 4.491854508821848, 43.952673660020515 ], [ 4.494061, 43.95396 ], [ 4.5015, 43.955835 ], [ 4.504636, 43.954691 ], [ 4.508205, 43.954218 ], [ 4.51478792969056, 43.955472904205962 ], [ 4.510332, 43.954108 ] ] ], [ [ [ 4.490506148393128, 43.951831287263879 ], [ 4.490510819385173, 43.951890316103459 ], [ 4.490783241527431, 43.9520491327334 ], [ 4.490506148393128, 43.951831287263879 ] ] ], [ [ [ 4.420937, 43.940264 ], [ 4.419663, 43.939474 ], [ 4.418255, 43.938908 ], [ 4.417723, 43.93958 ], [ 4.41583, 43.941568 ], [ 4.414721888276332, 43.95004638916496 ], [ 4.414764616097112, 43.950043053796847 ], [ 4.418608, 43.942998 ], [ 4.421498, 43.940851 ], [ 4.426419932196167, 43.942091878950897 ], [ 4.420937, 43.940264 ] ] ], [ [ [ 4.278608, 44.062897 ], [ 4.271567130417199, 44.064159129861949 ], [ 4.272103, 44.064945 ], [ 4.272268, 44.064917 ], [ 4.272483, 44.064832 ], [ 4.277772, 44.063051 ], [ 4.283177, 44.063237 ], [ 4.288972, 44.06685 ], [ 4.291452, 44.072854 ], [ 4.291972, 44.074171 ], [ 4.292434, 44.075396 ], [ 4.295938, 44.083656 ], [ 4.29209, 44.0867 ], [ 4.290835, 44.088267 ], [ 4.290884, 44.088493 ], [ 4.291373, 44.089384 ], [ 4.292142, 44.090163 ], [ 4.292618, 44.090583 ], [ 4.298345, 44.089794 ], [ 4.298921, 44.089038 ], [ 4.298974, 44.088852 ], [ 4.301942, 44.083256 ], [ 4.301388, 44.083687 ], [ 4.301106, 44.083859 ], [ 4.300008, 44.08444 ], [ 4.298324, 44.081259 ], [ 4.296937, 44.075277 ], [ 4.297802, 44.071782 ], [ 4.297552, 44.066897 ], [ 4.291555, 44.064198 ], [ 4.286844, 44.064026 ], [ 4.283982238414394, 44.063019613842407 ], [ 4.278608, 44.062897 ] ] ], [ [ [ 4.31695, 44.081385 ], [ 4.317599, 44.08168 ], [ 4.318147, 44.081864 ], [ 4.318456, 44.081936 ], [ 4.318967, 44.081965 ], [ 4.320045, 44.081679 ], [ 4.321893, 44.081421 ], [ 4.321959, 44.080998 ], [ 4.321992, 44.080014 ], [ 4.322727, 44.075141 ], [ 4.323945, 44.071909 ], [ 4.32383, 44.071714 ], [ 4.323259, 44.071332 ], [ 4.322334, 44.070506 ], [ 4.321389, 44.061995 ], [ 4.321837, 44.070245 ], [ 4.321188, 44.077548 ], [ 4.3166, 44.08117 ], [ 4.316478201541067, 44.081168847193325 ], [ 4.31695, 44.081385 ] ] ], [ [ [ 4.335341, 44.065857 ], [ 4.335675, 44.066456 ], [ 4.335953, 44.066831 ], [ 4.336677, 44.067444 ], [ 4.337596, 44.06818 ], [ 4.339466, 44.06748 ], [ 4.342767, 44.065199 ], [ 4.335438, 44.065814 ], [ 4.335093, 44.065459 ], [ 4.335341, 44.065857 ] ] ], [ [ [ 4.368913, 44.061494 ], [ 4.368917, 44.062301 ], [ 4.369037, 44.063149 ], [ 4.369676, 44.067937 ], [ 4.36998, 44.064569 ], [ 4.37148, 44.058579 ], [ 4.371321, 44.058003 ], [ 4.37117, 44.057253 ], [ 4.36259, 44.055665 ], [ 4.361687, 44.05637 ], [ 4.368913, 44.061494 ] ] ], [ [ [ 4.362066, 44.069581 ], [ 4.361831, 44.069439 ], [ 4.360317, 44.069773 ], [ 4.354672, 44.070309 ], [ 4.354126, 44.070161 ], [ 4.352878, 44.069811 ], [ 4.352403, 44.069759 ], [ 4.352013, 44.06977 ], [ 4.351573, 44.069813 ], [ 4.351927, 44.073396 ], [ 4.352901, 44.081572 ], [ 4.351193, 44.083144 ], [ 4.348301, 44.08473 ], [ 4.342387, 44.086468 ], [ 4.340298, 44.087578 ], [ 4.338156, 44.088214 ], [ 4.337284, 44.088399 ], [ 4.336811, 44.088637 ], [ 4.334228, 44.089824 ], [ 4.333639, 44.090036 ], [ 4.332511, 44.090337 ], [ 4.331628, 44.090614 ], [ 4.332507, 44.094105 ], [ 4.339923, 44.093541 ], [ 4.342133, 44.092822 ], [ 4.349926, 44.093597 ], [ 4.355059, 44.095304 ], [ 4.356424, 44.095829 ], [ 4.357126, 44.095789 ], [ 4.363821, 44.095968 ], [ 4.364208, 44.095909 ], [ 4.365428, 44.095696 ], [ 4.372214, 44.101126 ], [ 4.373112, 44.104612 ], [ 4.367798, 44.111028 ], [ 4.375016, 44.106017 ], [ 4.375044, 44.102848 ], [ 4.374891, 44.100575 ], [ 4.375989, 44.100068 ], [ 4.379014, 44.102123 ], [ 4.386143, 44.097755 ], [ 4.382746, 44.092648 ], [ 4.379032, 44.090913 ], [ 4.378623, 44.090869 ], [ 4.377736, 44.090628 ], [ 4.377162, 44.090516 ], [ 4.370807, 44.090458 ], [ 4.368254, 44.092647 ], [ 4.365777, 44.093442 ], [ 4.363264, 44.093465 ], [ 4.354323, 44.093612 ], [ 4.351595, 44.092239 ], [ 4.342797, 44.091882 ], [ 4.342459, 44.09195 ], [ 4.341944, 44.092028 ], [ 4.341407, 44.088468 ], [ 4.342974, 44.088104 ], [ 4.344563, 44.087576 ], [ 4.344943, 44.08744 ], [ 4.345454, 44.087313 ], [ 4.351063, 44.084673 ], [ 4.351258, 44.084636 ], [ 4.357766, 44.079685 ], [ 4.357191, 44.074452 ], [ 4.356854, 44.071933 ], [ 4.357135, 44.071672 ], [ 4.357497, 44.071409 ], [ 4.358118, 44.070973 ], [ 4.358609, 44.071104 ], [ 4.362583, 44.071479 ], [ 4.369676, 44.067937 ], [ 4.362066, 44.069581 ] ] ], [ [ [ 4.36621, 44.110409 ], [ 4.364341, 44.109616 ], [ 4.363023, 44.110191 ], [ 4.362333, 44.110552 ], [ 4.362772, 44.113285 ], [ 4.363169, 44.113449 ], [ 4.365882202793835, 44.118622664767408 ], [ 4.366316, 44.114483 ], [ 4.366573, 44.110892 ], [ 4.36707, 44.110928 ], [ 4.367798, 44.111028 ], [ 4.36621, 44.110409 ] ] ], [ [ [ 4.35509, 44.12953 ], [ 4.354756, 44.129677 ], [ 4.35367, 44.130693 ], [ 4.353059, 44.131292 ], [ 4.353058, 44.131334 ], [ 4.35412, 44.138216 ], [ 4.354201, 44.138933 ], [ 4.357778, 44.138526 ], [ 4.364555, 44.137227 ], [ 4.365379, 44.136587 ], [ 4.373043, 44.133434 ], [ 4.375326, 44.132985 ], [ 4.382907, 44.133276 ], [ 4.383933, 44.129825 ], [ 4.381852, 44.129207 ], [ 4.381255, 44.129042 ], [ 4.380499, 44.128909 ], [ 4.378756066300378, 44.120503950604039 ], [ 4.375043, 44.121294 ], [ 4.371888, 44.123776 ], [ 4.370446, 44.130015 ], [ 4.370473, 44.133615 ], [ 4.364807, 44.135409 ], [ 4.363576, 44.134604 ], [ 4.363458, 44.134462 ], [ 4.361398, 44.13037 ], [ 4.361062, 44.129632 ], [ 4.360748, 44.128798 ], [ 4.360644, 44.128429 ], [ 4.360587, 44.128007 ], [ 4.360608, 44.127526 ], [ 4.360727, 44.12703 ], [ 4.360957, 44.126537 ], [ 4.361347, 44.126021 ], [ 4.35509, 44.12953 ] ] ], [ [ [ 4.382804, 44.119995 ], [ 4.384195, 44.120348 ], [ 4.385474, 44.12073 ], [ 4.38589, 44.120895 ], [ 4.391905, 44.11727 ], [ 4.400653, 44.117938 ], [ 4.407339, 44.122872 ], [ 4.408894, 44.128547 ], [ 4.411251, 44.128388 ], [ 4.412455, 44.127962 ], [ 4.41333, 44.126898 ], [ 4.414953, 44.121784 ], [ 4.419431, 44.119297 ], [ 4.421021, 44.117983 ], [ 4.422344, 44.114835 ], [ 4.427971, 44.111946 ], [ 4.427429, 44.111897 ], [ 4.42017, 44.114348 ], [ 4.4178, 44.118027 ], [ 4.413014, 44.121708 ], [ 4.412568, 44.121912 ], [ 4.412188, 44.121996 ], [ 4.411416, 44.122033 ], [ 4.411153, 44.122044 ], [ 4.410819, 44.121962 ], [ 4.40992, 44.121125 ], [ 4.405777, 44.114856 ], [ 4.402189, 44.114678 ], [ 4.39583, 44.112924 ], [ 4.393108, 44.111262 ], [ 4.386719, 44.116282 ], [ 4.382540508930522, 44.11996222120667 ], [ 4.382804, 44.119995 ] ] ], [ [ [ 4.436366, 44.112467 ], [ 4.436407, 44.112469 ], [ 4.437309, 44.112205 ], [ 4.441658, 44.110821 ], [ 4.442171, 44.110624 ], [ 4.44088, 44.107264 ], [ 4.438591, 44.106883 ], [ 4.436741, 44.10681 ], [ 4.431621, 44.100769 ], [ 4.429889, 44.0922 ], [ 4.431988, 44.089449 ], [ 4.431169, 44.085943 ], [ 4.436637, 44.081373 ], [ 4.440539, 44.081479 ], [ 4.439779, 44.081131 ], [ 4.437811, 44.080449 ], [ 4.434758, 44.078542 ], [ 4.430674, 44.07331 ], [ 4.427783, 44.066792 ], [ 4.427325, 44.066461 ], [ 4.426708, 44.065165 ], [ 4.425546, 44.062787 ], [ 4.425207, 44.062376 ], [ 4.424843, 44.060987 ], [ 4.424307, 44.059497 ], [ 4.423907, 44.058508 ], [ 4.423965, 44.056766 ], [ 4.418141, 44.051531 ], [ 4.415835, 44.051813 ], [ 4.412477, 44.052458 ], [ 4.404318, 44.056206 ], [ 4.404302, 44.056374 ], [ 4.404088, 44.057267 ], [ 4.403916, 44.058042 ], [ 4.403677, 44.058836 ], [ 4.398524, 44.063536 ], [ 4.400564, 44.068636 ], [ 4.399989, 44.07219 ], [ 4.407289, 44.075795 ], [ 4.409533, 44.074606 ], [ 4.410543, 44.073715 ], [ 4.410844, 44.073412 ], [ 4.411135, 44.07316 ], [ 4.411646, 44.072664 ], [ 4.413908, 44.071112 ], [ 4.416162, 44.071649 ], [ 4.41926, 44.079894 ], [ 4.419792, 44.080225 ], [ 4.420475, 44.08059 ], [ 4.420734, 44.080709 ], [ 4.421845, 44.081408 ], [ 4.42351, 44.082893 ], [ 4.424765, 44.083886 ], [ 4.425964, 44.084645 ], [ 4.427184, 44.086485 ], [ 4.429626, 44.088445 ], [ 4.429797, 44.088942 ], [ 4.429985, 44.089664 ], [ 4.429863, 44.089994 ], [ 4.42927, 44.090407 ], [ 4.427808, 44.099121 ], [ 4.428532, 44.102647 ], [ 4.433336, 44.107553 ], [ 4.434114, 44.111068 ], [ 4.432304, 44.111469 ], [ 4.429907, 44.111826 ], [ 4.42945, 44.111914 ], [ 4.436366, 44.112467 ] ] ], [ [ [ 4.447208, 44.091428 ], [ 4.44826, 44.09487 ], [ 4.449928, 44.098591 ], [ 4.453099, 44.10195 ], [ 4.453643, 44.104382 ], [ 4.454423, 44.107897 ], [ 4.456564, 44.108828 ], [ 4.456905, 44.108789 ], [ 4.458799, 44.107828 ], [ 4.46044, 44.106363 ], [ 4.460447, 44.106067 ], [ 4.460433, 44.105799 ], [ 4.460428, 44.105766 ], [ 4.460604, 44.102067 ], [ 4.467555, 44.097636 ], [ 4.468185, 44.097574 ], [ 4.468786, 44.097454 ], [ 4.469741, 44.097247 ], [ 4.469127, 44.0937 ], [ 4.472713, 44.088179 ], [ 4.478672, 44.082153 ], [ 4.479585, 44.0801 ], [ 4.483632, 44.07537 ], [ 4.488365, 44.076867 ], [ 4.491766, 44.075686 ], [ 4.491884, 44.075649 ], [ 4.494685, 44.075007 ], [ 4.499754215581561, 44.078147624168253 ], [ 4.499034, 44.075256 ], [ 4.49645901734339, 44.073346405910343 ], [ 4.494082, 44.07397 ], [ 4.488148, 44.075396 ], [ 4.487566, 44.074904 ], [ 4.482864, 44.072402 ], [ 4.477902, 44.07622 ], [ 4.477589, 44.076796 ], [ 4.474747, 44.078773 ], [ 4.467338, 44.083863 ], [ 4.466882, 44.087434 ], [ 4.4606, 44.092308 ], [ 4.460051, 44.09863 ], [ 4.456384, 44.100409 ], [ 4.45295, 44.10149 ], [ 4.452385, 44.099695 ], [ 4.452238, 44.098852 ], [ 4.451607, 44.093962 ], [ 4.446277, 44.088 ], [ 4.445735320918092, 44.087410046277711 ], [ 4.447208, 44.091428 ] ] ], [ [ [ 4.497678, 44.048991 ], [ 4.497657, 44.045391 ], [ 4.493842070474711, 44.038134194641053 ], [ 4.492755, 44.041505 ], [ 4.491193, 44.043041 ], [ 4.49016, 44.043472 ], [ 4.489054, 44.043778 ], [ 4.487918, 44.043882 ], [ 4.480012, 44.046384 ], [ 4.478483, 44.045651 ], [ 4.477745, 44.045367 ], [ 4.477381, 44.045263 ], [ 4.47672, 44.045018 ], [ 4.474339, 44.044946 ], [ 4.472617, 44.053404 ], [ 4.476606, 44.055182 ], [ 4.47715, 44.05516 ], [ 4.477821, 44.055217 ], [ 4.479288, 44.055459 ], [ 4.487034, 44.059424 ], [ 4.488309, 44.059362 ], [ 4.491394, 44.058304 ], [ 4.491993, 44.058208 ], [ 4.49274, 44.058172 ], [ 4.494533, 44.058136 ], [ 4.497423594454707, 44.057219036381255 ], [ 4.497678, 44.048991 ] ] ], [ [ [ 4.400578, 43.93748 ], [ 4.400269, 43.933894 ], [ 4.395397, 43.926484 ], [ 4.395272350066066, 43.926623118229848 ], [ 4.395156, 43.926768 ], [ 4.39191931261264, 43.93031741080646 ], [ 4.395959, 43.936769 ], [ 4.399517, 43.937321 ], [ 4.400569001752188, 43.93821540225305 ], [ 4.400578, 43.93748 ] ] ], [ [ [ 4.414339837748231, 43.950076212336839 ], [ 4.407845, 43.948866 ], [ 4.414339837748221, 43.950076212336839 ], [ 4.414339837748231, 43.950076212336839 ] ] ], [ [ [ 4.371858948028834, 43.940817980319629 ], [ 4.377979, 43.939415 ], [ 4.371858948028833, 43.940817980319629 ], [ 4.371858948028834, 43.940817980319629 ] ] ], [ [ [ 4.320423466685383, 43.926841427336413 ], [ 4.320507974976788, 43.926916599595025 ], [ 4.320433151074413, 43.926661773712794 ], [ 4.320423466685383, 43.926841427336413 ] ] ], [ [ [ 4.247988, 44.063613 ], [ 4.248997, 44.063524 ], [ 4.254387, 44.056993 ], [ 4.254404, 44.056751 ], [ 4.254372582512323, 44.056234116874634 ], [ 4.253152, 44.056932 ], [ 4.247988, 44.063613 ] ] ], [ [ [ 4.244708, 44.06403 ], [ 4.243594, 44.064115 ], [ 4.243614, 44.067138 ], [ 4.243868, 44.067705 ], [ 4.244982, 44.06762 ], [ 4.246971, 44.067386 ], [ 4.252294, 44.067119 ], [ 4.247137, 44.067364 ], [ 4.246648016434248, 44.06379711987924 ], [ 4.246547, 44.063811 ], [ 4.244708, 44.06403 ] ] ], [ [ [ 4.256511, 44.06526 ], [ 4.252975, 44.066881 ], [ 4.252294, 44.067119 ], [ 4.25301, 44.066869 ], [ 4.256511, 44.06526 ] ] ], [ [ [ 4.485886964729595, 43.946596683852469 ], [ 4.485886, 43.946601 ], [ 4.485895491213415, 43.946608202717478 ], [ 4.485886964729595, 43.946596683852469 ] ] ], [ [ [ 4.386037606854346, 43.913005747762213 ], [ 4.386069, 43.912855 ], [ 4.386037606854345, 43.913005747762213 ], [ 4.386037606854346, 43.913005747762213 ] ] ], [ [ [ 4.386156646912074, 43.912647686560902 ], [ 4.386069, 43.912855 ], [ 4.386156646912071, 43.912647686560923 ], [ 4.386156646912074, 43.912647686560902 ] ] ], [ [ [ 4.385837573303028, 43.917064378138264 ], [ 4.385775, 43.916836 ], [ 4.385837573303029, 43.917064378138264 ], [ 4.385837573303028, 43.917064378138264 ] ] ], [ [ [ 4.386324298129492, 43.918319448633078 ], [ 4.385992, 43.917628 ], [ 4.386324298129501, 43.918319448633113 ], [ 4.386324298129492, 43.918319448633078 ] ] ], [ [ [ 4.386749335322995, 43.919154320338222 ], [ 4.386749335322986, 43.919154320338215 ], [ 4.386685, 43.91907 ], [ 4.386749335322995, 43.919154320338222 ] ] ], [ [ [ 4.387155, 43.919686 ], [ 4.387003857323762, 43.919487906620091 ], [ 4.387003857323738, 43.919487906620049 ], [ 4.387155, 43.919686 ] ] ], [ [ [ 4.387236225077391, 43.919765522455549 ], [ 4.387236225077375, 43.919765522455549 ], [ 4.387155, 43.919686 ], [ 4.387236225077391, 43.919765522455549 ] ] ] ] } },
{ "type": "Feature", "properties": { "codgeo": "30334", "value": 1200, "isochrone_group": 20.0, "nb_agences": 1 }, "geometry": { "type": "MultiPolygon", "coordinates": [ [ [ [ 4.548885, 44.030629 ], [ 4.54901, 44.031005 ], [ 4.548725, 44.032667 ], [ 4.553035, 44.039469 ], [ 4.557822, 44.038231 ], [ 4.55968, 44.035424 ], [ 4.563208952879125, 44.036104099023277 ], [ 4.563306, 44.036038 ], [ 4.563218386647631, 44.035267550082608 ], [ 4.563167, 44.035277 ], [ 4.558627, 44.035105 ], [ 4.558281, 44.035083 ], [ 4.55516, 44.035028 ], [ 4.548885, 44.030629 ] ] ], [ [ [ 4.555306, 44.011619 ], [ 4.556072, 44.011822 ], [ 4.559025, 44.012024 ], [ 4.561401, 44.011941 ], [ 4.564270248989811, 44.012168940337858 ], [ 4.563547, 44.011942 ], [ 4.563529, 44.011921 ], [ 4.558572398316246, 44.00806705815863 ], [ 4.554663, 44.007648 ], [ 4.555398, 44.007863 ], [ 4.554765, 44.011407 ], [ 4.554691845375105, 44.011442953809649 ], [ 4.555306, 44.011619 ] ] ], [ [ [ 4.534135, 44.009495 ], [ 4.53413067237945, 44.009480670213243 ], [ 4.533834, 44.009585 ], [ 4.533275, 44.009794 ], [ 4.532493, 44.009939 ], [ 4.532252, 44.009998 ], [ 4.530958171041417, 44.018433688365121 ], [ 4.537264, 44.017079 ], [ 4.537863, 44.016479 ], [ 4.538402, 44.016007 ], [ 4.539654, 44.015187 ], [ 4.542705, 44.008533 ], [ 4.534135, 44.009495 ] ] ], [ [ [ 4.500163, 43.9967 ], [ 4.50065, 43.996486 ], [ 4.499206, 43.993189 ], [ 4.498022, 43.989398 ], [ 4.505376010521447, 43.984373403783103 ], [ 4.505207, 43.984152 ], [ 4.499562, 43.982707 ], [ 4.498903, 43.982425 ], [ 4.492829, 43.983155 ], [ 4.491502, 43.983544 ], [ 4.490858, 43.983736 ], [ 4.490481, 43.983871 ], [ 4.489833, 43.98383 ], [ 4.482087, 43.987451 ], [ 4.485628, 43.993059 ], [ 4.485812, 43.993275 ], [ 4.494203, 43.99335 ], [ 4.497369, 43.992871 ], [ 4.497569, 43.993638 ], [ 4.497592, 43.994499 ], [ 4.497413, 43.995124 ], [ 4.497315, 43.997671 ], [ 4.497509609068926, 43.997915077181943 ], [ 4.497728, 43.997604 ], [ 4.498818, 43.997199 ], [ 4.499394, 43.99698 ], [ 4.500163, 43.9967 ] ] ], [ [ [ 4.510491, 43.988155 ], [ 4.510799, 43.988439 ], [ 4.511097, 43.988686 ], [ 4.513811, 43.990713 ], [ 4.514152, 43.991095 ], [ 4.514676, 43.991593 ], [ 4.515212, 43.991989 ], [ 4.515527, 43.992187 ], [ 4.517443, 43.989139 ], [ 4.521693, 43.984578 ], [ 4.522198, 43.984364 ], [ 4.526941, 43.98227 ], [ 4.527789, 43.982156 ], [ 4.528614, 43.982025 ], [ 4.529161, 43.981596 ], [ 4.529353, 43.981422 ], [ 4.529985, 43.980748 ], [ 4.534528, 43.976533 ], [ 4.542747, 43.97491 ], [ 4.546318, 43.974366 ], [ 4.546913, 43.97432 ], [ 4.547134980927777, 43.974302756404953 ], [ 4.546854, 43.970714 ], [ 4.547547327896302, 43.970659335514085 ], [ 4.547547, 43.970659 ], [ 4.546633, 43.970731 ], [ 4.545248, 43.970722 ], [ 4.544699, 43.970705 ], [ 4.539922, 43.970039 ], [ 4.539422, 43.969767 ], [ 4.535755, 43.964201 ], [ 4.536994, 43.956567 ], [ 4.532103, 43.960418 ], [ 4.536923, 43.967216 ], [ 4.539234, 43.969675 ], [ 4.537682, 43.972924 ], [ 4.53098, 43.973483 ], [ 4.525509, 43.980493 ], [ 4.524857, 43.981123 ], [ 4.523773, 43.982147 ], [ 4.521886, 43.982781 ], [ 4.521565, 43.98282 ], [ 4.515198, 43.986305 ], [ 4.512713, 43.988075 ], [ 4.512516, 43.988101 ], [ 4.511983, 43.988014 ], [ 4.511502, 43.98781 ], [ 4.509613, 43.987151 ], [ 4.509416064763686, 43.98706334354889 ], [ 4.510491, 43.988155 ] ] ], [ [ [ 4.541246, 43.956547 ], [ 4.543069, 43.956388 ], [ 4.545827, 43.95625 ], [ 4.546931, 43.955786 ], [ 4.547793, 43.955319 ], [ 4.547824, 43.955239 ], [ 4.547948, 43.95452 ], [ 4.547775, 43.953758 ], [ 4.547425, 43.952938 ], [ 4.546167, 43.952268 ], [ 4.546048, 43.952294 ], [ 4.542847, 43.952795 ], [ 4.535842, 43.950391 ], [ 4.535009, 43.950717 ], [ 4.534289, 43.951314 ], [ 4.529191, 43.954343 ], [ 4.534439, 43.953308 ], [ 4.535258, 43.953083 ], [ 4.537469, 43.952369 ], [ 4.539492, 43.952446 ], [ 4.540172, 43.952917 ], [ 4.540529, 43.95632 ], [ 4.540437, 43.956404 ], [ 4.54007084385879, 43.956552527545348 ], [ 4.541246, 43.956547 ] ] ], [ [ [ 4.518168188274886, 43.956508317571824 ], [ 4.518412, 43.956583 ], [ 4.520943, 43.955228 ], [ 4.518168188274886, 43.956508317571824 ] ] ], [ [ [ 4.488038410917619, 43.948913335293859 ], [ 4.48795356295806, 43.949788944090258 ], [ 4.488, 43.949861 ], [ 4.491517, 43.952626 ], [ 4.488038410917619, 43.948913335293859 ] ] ], [ [ [ 4.417705, 43.938501 ], [ 4.417205, 43.938273 ], [ 4.416557, 43.938133 ], [ 4.414368, 43.937786 ], [ 4.413082, 43.938265 ], [ 4.413321, 43.941231 ], [ 4.413589, 43.941829 ], [ 4.414695991340155, 43.950048410700653 ], [ 4.414721888276332, 43.95004638916496 ], [ 4.41583, 43.941568 ], [ 4.417723, 43.93958 ], [ 4.418255, 43.938908 ], [ 4.419663, 43.939474 ], [ 4.417705, 43.938501 ] ] ], [ [ [ 4.280271, 44.063884 ], [ 4.279487, 44.063755 ], [ 4.27136, 44.065796 ], [ 4.270861, 44.066108 ], [ 4.276117, 44.064651 ], [ 4.281819, 44.065621 ], [ 4.284861, 44.066936 ], [ 4.287923, 44.072617 ], [ 4.287911, 44.074162 ], [ 4.287934, 44.074211 ], [ 4.290558, 44.075706 ], [ 4.291158, 44.076257 ], [ 4.29131, 44.076381 ], [ 4.29469, 44.081888 ], [ 4.291378, 44.085565 ], [ 4.290657, 44.086135 ], [ 4.289118, 44.087179 ], [ 4.288004, 44.088473 ], [ 4.287948, 44.088696 ], [ 4.289562, 44.090751 ], [ 4.293103, 44.098239 ], [ 4.293236, 44.098666 ], [ 4.293559, 44.099387 ], [ 4.294891, 44.099209 ], [ 4.295453, 44.098998 ], [ 4.295675, 44.098897 ], [ 4.296196, 44.098524 ], [ 4.296844, 44.097915 ], [ 4.297691, 44.096098 ], [ 4.297872, 44.095255 ], [ 4.297998, 44.094629 ], [ 4.29972, 44.089817 ], [ 4.3018, 44.086785 ], [ 4.308305, 44.082331 ], [ 4.314274, 44.080159 ], [ 4.308008, 44.079588 ], [ 4.302374, 44.082814 ], [ 4.301942, 44.083256 ], [ 4.298974, 44.088852 ], [ 4.298921, 44.089038 ], [ 4.298345, 44.089794 ], [ 4.292618, 44.090583 ], [ 4.292142, 44.090163 ], [ 4.291373, 44.089384 ], [ 4.290884, 44.088493 ], [ 4.290835, 44.088267 ], [ 4.29209, 44.0867 ], [ 4.295938, 44.083656 ], [ 4.292434, 44.075396 ], [ 4.291972, 44.074171 ], [ 4.291452, 44.072854 ], [ 4.288972, 44.06685 ], [ 4.28449149877156, 44.064056548586997 ], [ 4.280271, 44.063884 ] ] ], [ [ [ 4.317743, 44.08215 ], [ 4.319432, 44.084012 ], [ 4.319698, 44.084358 ], [ 4.322256, 44.092585 ], [ 4.323542, 44.095948 ], [ 4.323736, 44.095953 ], [ 4.3242, 44.095969 ], [ 4.324909, 44.09596 ], [ 4.32573, 44.095865 ], [ 4.326583, 44.095632 ], [ 4.332158, 44.094159 ], [ 4.34074, 44.095241 ], [ 4.341296, 44.095384 ], [ 4.341735, 44.095427 ], [ 4.347186, 44.095439 ], [ 4.354254, 44.097637 ], [ 4.354401, 44.097658 ], [ 4.357794, 44.096982 ], [ 4.363044, 44.097036 ], [ 4.365428, 44.095696 ], [ 4.364208, 44.095909 ], [ 4.363821, 44.095968 ], [ 4.357126, 44.095789 ], [ 4.356424, 44.095829 ], [ 4.355059, 44.095304 ], [ 4.349926, 44.093597 ], [ 4.342133, 44.092822 ], [ 4.339923, 44.093541 ], [ 4.332507, 44.094105 ], [ 4.331628, 44.090614 ], [ 4.332511, 44.090337 ], [ 4.333639, 44.090036 ], [ 4.334228, 44.089824 ], [ 4.336811, 44.088637 ], [ 4.337284, 44.088399 ], [ 4.338156, 44.088214 ], [ 4.340298, 44.087578 ], [ 4.342387, 44.086468 ], [ 4.348301, 44.08473 ], [ 4.351193, 44.083144 ], [ 4.352901, 44.081572 ], [ 4.351927, 44.073396 ], [ 4.351573, 44.069813 ], [ 4.352013, 44.06977 ], [ 4.352403, 44.069759 ], [ 4.352878, 44.069811 ], [ 4.354126, 44.070161 ], [ 4.354672, 44.070309 ], [ 4.360317, 44.069773 ], [ 4.361831, 44.069439 ], [ 4.362066, 44.069581 ], [ 4.369676, 44.067937 ], [ 4.369037, 44.063149 ], [ 4.368917, 44.062301 ], [ 4.368913, 44.061494 ], [ 4.361687, 44.05637 ], [ 4.354046, 44.056153 ], [ 4.353039, 44.056754 ], [ 4.351155, 44.058602 ], [ 4.350814, 44.058769 ], [ 4.347871, 44.061441 ], [ 4.347111, 44.061561 ], [ 4.346028, 44.061924 ], [ 4.342767, 44.065199 ], [ 4.339466, 44.06748 ], [ 4.337596, 44.06818 ], [ 4.336677, 44.067444 ], [ 4.335953, 44.066831 ], [ 4.335675, 44.066456 ], [ 4.335341, 44.065857 ], [ 4.335093, 44.065459 ], [ 4.334756, 44.06498 ], [ 4.334006, 44.063957 ], [ 4.333639, 44.063351 ], [ 4.33326, 44.062571 ], [ 4.332891, 44.061697 ], [ 4.329604, 44.05788 ], [ 4.321607, 44.061085 ], [ 4.321389, 44.061995 ], [ 4.322334, 44.070506 ], [ 4.323259, 44.071332 ], [ 4.32383, 44.071714 ], [ 4.323945, 44.071909 ], [ 4.322727, 44.075141 ], [ 4.321992, 44.080014 ], [ 4.321959, 44.080998 ], [ 4.321893, 44.081421 ], [ 4.320045, 44.081679 ], [ 4.318967, 44.081965 ], [ 4.318456, 44.081936 ], [ 4.318147, 44.081864 ], [ 4.317599, 44.08168 ], [ 4.31695, 44.081385 ], [ 4.314274, 44.080159 ], [ 4.317743, 44.08215 ] ] ], [ [ [ 4.368105, 44.107783 ], [ 4.365326, 44.108408 ], [ 4.361869, 44.109413 ], [ 4.360759, 44.10969 ], [ 4.360168, 44.111731 ], [ 4.36072, 44.113289 ], [ 4.362267, 44.114656 ], [ 4.365476, 44.122499 ], [ 4.366776, 44.120327 ], [ 4.363169, 44.113449 ], [ 4.362772, 44.113285 ], [ 4.362333, 44.110552 ], [ 4.363023, 44.110191 ], [ 4.364341, 44.109616 ], [ 4.36621, 44.110409 ], [ 4.367798, 44.111028 ], [ 4.371124760718224, 44.107011346486999 ], [ 4.368105, 44.107783 ] ] ], [ [ [ 4.355256, 44.128164 ], [ 4.352833, 44.127734 ], [ 4.351797, 44.127994 ], [ 4.348915, 44.128869 ], [ 4.347889, 44.129035 ], [ 4.347774, 44.129085 ], [ 4.345775, 44.130534 ], [ 4.3465, 44.134061 ], [ 4.347056, 44.133946 ], [ 4.354244, 44.139184 ], [ 4.354383, 44.139729 ], [ 4.354701, 44.140595 ], [ 4.35509, 44.141287 ], [ 4.355376, 44.141671 ], [ 4.355792, 44.142172 ], [ 4.35638, 44.142773 ], [ 4.357063, 44.143348 ], [ 4.357712, 44.143836 ], [ 4.358826, 44.144514 ], [ 4.362112, 44.146424 ], [ 4.365071, 44.144373 ], [ 4.365746, 44.137516 ], [ 4.370739435704987, 44.134381695488287 ], [ 4.365379, 44.136587 ], [ 4.364555, 44.137227 ], [ 4.357778, 44.138526 ], [ 4.354201, 44.138933 ], [ 4.35412, 44.138216 ], [ 4.353058, 44.131334 ], [ 4.353059, 44.131292 ], [ 4.35367, 44.130693 ], [ 4.354756, 44.129677 ], [ 4.35509, 44.12953 ], [ 4.361347, 44.126021 ], [ 4.355256, 44.128164 ] ] ], [ [ [ 4.38307, 44.133323 ], [ 4.383651, 44.133461 ], [ 4.384293, 44.133568 ], [ 4.385124, 44.133633 ], [ 4.386029, 44.133615 ], [ 4.390414, 44.133833 ], [ 4.391054, 44.133922 ], [ 4.393098, 44.134159 ], [ 4.395107, 44.134392 ], [ 4.396287, 44.134552 ], [ 4.404109, 44.130675 ], [ 4.411251, 44.128388 ], [ 4.408894, 44.128547 ], [ 4.407339, 44.122872 ], [ 4.400653, 44.117938 ], [ 4.391905, 44.11727 ], [ 4.38589, 44.120895 ], [ 4.385474, 44.12073 ], [ 4.384195, 44.120348 ], [ 4.382804, 44.119995 ], [ 4.381759, 44.119865 ], [ 4.378692, 44.120195 ], [ 4.380499, 44.128909 ], [ 4.381255, 44.129042 ], [ 4.381852, 44.129207 ], [ 4.383933, 44.129825 ], [ 4.382907, 44.133276 ], [ 4.375326, 44.132985 ], [ 4.38307, 44.133323 ] ] ], [ [ [ 4.41585, 44.127327 ], [ 4.420672, 44.120427 ], [ 4.422569, 44.119568 ], [ 4.423952, 44.117978 ], [ 4.42551, 44.115254 ], [ 4.433594, 44.11351 ], [ 4.439259, 44.113345 ], [ 4.439509, 44.113186 ], [ 4.444367, 44.110672 ], [ 4.446406, 44.11036 ], [ 4.447684, 44.110051 ], [ 4.454639, 44.114532 ], [ 4.456361, 44.116458 ], [ 4.457367, 44.116881 ], [ 4.457951, 44.116203 ], [ 4.45847, 44.114806 ], [ 4.462106, 44.109228 ], [ 4.462233668127991, 44.109203339965582 ], [ 4.462063, 44.109201 ], [ 4.459731, 44.108793 ], [ 4.458497, 44.108925 ], [ 4.457943, 44.108942 ], [ 4.457378914110542, 44.108548539883721 ], [ 4.456905, 44.108789 ], [ 4.456564, 44.108828 ], [ 4.454423, 44.107897 ], [ 4.453643, 44.104382 ], [ 4.453099, 44.10195 ], [ 4.449928, 44.098591 ], [ 4.44826, 44.09487 ], [ 4.447208, 44.091428 ], [ 4.444197, 44.083213 ], [ 4.441968, 44.081899 ], [ 4.440539, 44.081479 ], [ 4.436637, 44.081373 ], [ 4.431169, 44.085943 ], [ 4.431988, 44.089449 ], [ 4.429889, 44.0922 ], [ 4.431621, 44.100769 ], [ 4.436741, 44.10681 ], [ 4.438591, 44.106883 ], [ 4.44088, 44.107264 ], [ 4.442171, 44.110624 ], [ 4.441658, 44.110821 ], [ 4.437309, 44.112205 ], [ 4.436407, 44.112469 ], [ 4.436366, 44.112467 ], [ 4.42945, 44.111914 ], [ 4.429018, 44.111949 ], [ 4.427971, 44.111946 ], [ 4.422344, 44.114835 ], [ 4.421021, 44.117983 ], [ 4.419431, 44.119297 ], [ 4.414953, 44.121784 ], [ 4.41333, 44.126898 ], [ 4.412455, 44.127962 ], [ 4.411251, 44.128388 ], [ 4.41585, 44.127327 ] ] ], [ [ [ 4.466078, 44.103417 ], [ 4.46768, 44.102981 ], [ 4.473896, 44.096635 ], [ 4.472796, 44.095518 ], [ 4.47275, 44.09539 ], [ 4.473722, 44.093039 ], [ 4.474205, 44.093005 ], [ 4.476756, 44.092593 ], [ 4.47954591328936, 44.091506328978369 ], [ 4.478964, 44.085936 ], [ 4.478783, 44.085172 ], [ 4.478608, 44.083519 ], [ 4.484059, 44.077438 ], [ 4.48911, 44.078885 ], [ 4.490675, 44.07948 ], [ 4.491276, 44.079432 ], [ 4.495794935247478, 44.077679078545131 ], [ 4.494451805179254, 44.075060449152055 ], [ 4.491884, 44.075649 ], [ 4.491766, 44.075686 ], [ 4.488365, 44.076867 ], [ 4.483632, 44.07537 ], [ 4.479585, 44.0801 ], [ 4.478672, 44.082153 ], [ 4.472713, 44.088179 ], [ 4.469127, 44.0937 ], [ 4.469741, 44.097247 ], [ 4.468786, 44.097454 ], [ 4.468185, 44.097574 ], [ 4.467555, 44.097636 ], [ 4.460604, 44.102067 ], [ 4.460518282649064, 44.103868525460889 ], [ 4.466078, 44.103417 ] ] ], [ [ [ 4.395693, 43.925927 ], [ 4.395577310478886, 43.926144699538042 ], [ 4.39547, 43.926377 ], [ 4.395422291234238, 43.926436408049113 ], [ 4.395397, 43.926484 ], [ 4.396281891916763, 43.927829863937461 ], [ 4.395693, 43.925927 ] ] ], [ [ [ 4.339163, 43.935988 ], [ 4.340828, 43.93611 ], [ 4.338347, 43.935868 ], [ 4.339163, 43.935988 ] ] ], [ [ [ 4.323606, 43.919652 ], [ 4.323590322320272, 43.919630547811217 ], [ 4.322094, 43.923139 ], [ 4.321383887489861, 43.928296349674227 ], [ 4.323376030063684, 43.929835227753017 ], [ 4.323169, 43.923226 ], [ 4.323606, 43.919652 ] ] ], [ [ [ 4.248494, 44.070556 ], [ 4.253057, 44.068561 ], [ 4.255745, 44.066167 ], [ 4.258432, 44.064306 ], [ 4.255679, 44.066093 ], [ 4.25299, 44.068487 ], [ 4.246975, 44.06922 ], [ 4.240649, 44.070027 ], [ 4.238282, 44.06941 ], [ 4.233796, 44.068822 ], [ 4.231978123959218, 44.069319987545015 ], [ 4.239978, 44.07135 ], [ 4.248494, 44.070556 ] ] ], [ [ [ 4.269861, 44.066598 ], [ 4.270377806217095, 44.06634476495362 ], [ 4.268491, 44.063308 ], [ 4.261822, 44.062957 ], [ 4.26885, 44.066859 ], [ 4.269861, 44.066598 ] ] ], [ [ [ 4.471502, 43.93717 ], [ 4.471506090438413, 43.937173259764748 ], [ 4.471502127486588, 43.937169837319139 ], [ 4.471502, 43.93717 ] ] ], [ [ [ 4.38566799558498, 43.893705165562899 ], [ 4.385713, 43.893775 ], [ 4.385743380293871, 43.893815275589581 ], [ 4.38566799558498, 43.893705165562899 ] ] ], [ [ [ 4.385858203960962, 43.893967498965381 ], [ 4.386063, 43.894239 ], [ 4.386121569925908, 43.894303725057689 ], [ 4.385858203960962, 43.893967498965381 ] ] ], [ [ [ 4.386418484736349, 43.8946318427382 ], [ 4.386672, 43.894912 ], [ 4.386726847989957, 43.894962805904541 ], [ 4.386418484736349, 43.8946318427382 ] ] ], [ [ [ 4.387035707965181, 43.895248904090202 ], [ 4.387554, 43.895729 ], [ 4.387649054824201, 43.895797451751761 ], [ 4.387035707965181, 43.895248904090202 ] ] ], [ [ [ 4.388663498107167, 43.896838537753098 ], [ 4.389997326556387, 43.900093983459655 ], [ 4.388839117030349, 43.897020995419382 ], [ 4.388663498107167, 43.896838537753098 ] ] ] ] } }
]
}
