{
"type": "FeatureCollection",
"name": "Credit_Agricole",
"crs": { "type": "name", "properties": { "name": "urn:ogc:def:crs:OGC:1.3:CRS84" } },
"features": [
{ "type": "Feature", "properties": { "codgeo": "48127", "value": 60, "isochrone_group": 1.0, "nb_agences": 1 }, "geometry": { "type": "Polygon", "coordinates": [ [ [ 3.475163, 44.634827 ], [ 3.475166, 44.629618 ], [ 3.475182, 44.629267 ], [ 3.475541, 44.629283 ], [ 3.476894, 44.631458 ], [ 3.481648, 44.630486 ], [ 3.481907, 44.630326 ], [ 3.482183, 44.630557 ], [ 3.484786, 44.633446 ], [ 3.484823, 44.633679 ], [ 3.479127, 44.635506 ], [ 3.478805, 44.635667 ], [ 3.476143, 44.636179 ], [ 3.475837, 44.635989 ], [ 3.475691, 44.635862 ], [ 3.475434, 44.63561 ], [ 3.475163, 44.634827 ] ] ] } },
{ "type": "Feature", "properties": { "codgeo": "48127", "value": 120, "isochrone_group": 2.0, "nb_agences": 1 }, "geometry": { "type": "Polygon", "coordinates": [ [ [ 3.471082, 44.64406 ], [ 3.471408, 44.644214 ], [ 3.475429, 44.642133 ], [ 3.47889, 44.640037 ], [ 3.482233, 44.638347 ], [ 3.482331, 44.638001 ], [ 3.485563, 44.634233 ], [ 3.487331, 44.633863 ], [ 3.487854, 44.633779 ], [ 3.488377, 44.633695 ], [ 3.49131, 44.632885 ], [ 3.491567, 44.632814 ], [ 3.491828, 44.632616 ], [ 3.492601, 44.631438 ], [ 3.492371, 44.631161 ], [ 3.489393, 44.631974 ], [ 3.486114, 44.627962 ], [ 3.486148, 44.627604 ], [ 3.485567, 44.62755 ], [ 3.484986, 44.627496 ], [ 3.484355, 44.627463 ], [ 3.483732, 44.62743 ], [ 3.482927, 44.627368 ], [ 3.481208, 44.627104 ], [ 3.480645, 44.626958 ], [ 3.476977, 44.624712 ], [ 3.476721, 44.618809 ], [ 3.476422, 44.618608 ], [ 3.475819, 44.619506 ], [ 3.470911, 44.621506 ], [ 3.47063, 44.621731 ], [ 3.470923, 44.622097 ], [ 3.471215, 44.622463 ], [ 3.471337, 44.622584 ], [ 3.473411, 44.625817 ], [ 3.472799, 44.631647 ], [ 3.472478, 44.636898 ], [ 3.472172, 44.642613 ], [ 3.471817, 44.643004 ], [ 3.471452, 44.643407 ], [ 3.471283, 44.643636 ], [ 3.471183, 44.643848 ], [ 3.471082, 44.64406 ] ], [ [ 3.475166, 44.629618 ], [ 3.475182, 44.629267 ], [ 3.475541, 44.629283 ], [ 3.476894, 44.631458 ], [ 3.481648, 44.630486 ], [ 3.481907, 44.630326 ], [ 3.482183, 44.630557 ], [ 3.484786, 44.633446 ], [ 3.484823, 44.633679 ], [ 3.479127, 44.635506 ], [ 3.478805, 44.635667 ], [ 3.476143, 44.636179 ], [ 3.475837, 44.635989 ], [ 3.475691, 44.635862 ], [ 3.475434, 44.63561 ], [ 3.475163, 44.634827 ], [ 3.475166, 44.629618 ] ] ] } },
{ "type": "Feature", "properties": { "codgeo": "48127", "value": 180, "isochrone_group": 3.0, "nb_agences": 1 }, "geometry": { "type": "Polygon", "coordinates": [ [ [ 3.477866, 44.621799 ], [ 3.480442, 44.615481 ], [ 3.481975, 44.613866 ], [ 3.482177, 44.613706 ], [ 3.482415, 44.613445 ], [ 3.482675, 44.613078 ], [ 3.482937, 44.612709 ], [ 3.482949, 44.612691 ], [ 3.482653, 44.612487 ], [ 3.474026, 44.614633 ], [ 3.47395, 44.614985 ], [ 3.466594, 44.619906 ], [ 3.461813, 44.61881 ], [ 3.460324, 44.618867 ], [ 3.460254, 44.619221 ], [ 3.461516, 44.619757 ], [ 3.463752, 44.620168 ], [ 3.463985, 44.620208 ], [ 3.464194, 44.620243 ], [ 3.464408, 44.620253 ], [ 3.464599, 44.62026 ], [ 3.466593, 44.620266 ], [ 3.468409, 44.628578 ], [ 3.468259, 44.628906 ], [ 3.466469, 44.636831 ], [ 3.466785, 44.645675 ], [ 3.466349, 44.646081 ], [ 3.464488, 44.651842 ], [ 3.464704, 44.65213 ], [ 3.466093, 44.651091 ], [ 3.467482, 44.650052 ], [ 3.46779, 44.649801 ], [ 3.468092, 44.649555 ], [ 3.468624, 44.649143 ], [ 3.469159, 44.648728 ], [ 3.469357, 44.64856 ], [ 3.469548, 44.648398 ], [ 3.469707, 44.648203 ], [ 3.469842, 44.648034 ], [ 3.470017, 44.647734 ], [ 3.47742, 44.645726 ], [ 3.479616, 44.647836 ], [ 3.479974, 44.647796 ], [ 3.48531, 44.644108 ], [ 3.486621, 44.641171 ], [ 3.491032, 44.633713 ], [ 3.497385, 44.632356 ], [ 3.497833, 44.632389 ], [ 3.498281, 44.632421 ], [ 3.499052, 44.631315 ], [ 3.501384, 44.627451 ], [ 3.501181, 44.627153 ], [ 3.499548, 44.627788 ], [ 3.490924, 44.62665 ], [ 3.490734, 44.62665 ], [ 3.49056, 44.626705 ], [ 3.486167, 44.627606 ], [ 3.486147976779193, 44.62760424450142 ], [ 3.486114, 44.627962 ], [ 3.489393, 44.631974 ], [ 3.492371, 44.631161 ], [ 3.492601, 44.631438 ], [ 3.491828, 44.632616 ], [ 3.491567, 44.632814 ], [ 3.49131, 44.632885 ], [ 3.488377, 44.633695 ], [ 3.487854, 44.633779 ], [ 3.487331, 44.633863 ], [ 3.485563, 44.634233 ], [ 3.482331, 44.638001 ], [ 3.482233, 44.638347 ], [ 3.47889, 44.640037 ], [ 3.475429, 44.642133 ], [ 3.471408, 44.644214 ], [ 3.471082, 44.64406 ], [ 3.471183, 44.643848 ], [ 3.471283, 44.643636 ], [ 3.471452, 44.643407 ], [ 3.471817, 44.643004 ], [ 3.472172, 44.642613 ], [ 3.472478, 44.636898 ], [ 3.472799, 44.631647 ], [ 3.473411, 44.625817 ], [ 3.471337, 44.622584 ], [ 3.471215, 44.622463 ], [ 3.470923, 44.622097 ], [ 3.47063, 44.621731 ], [ 3.470911, 44.621506 ], [ 3.475819, 44.619506 ], [ 3.476422, 44.618608 ], [ 3.476721, 44.618809 ], [ 3.476977, 44.624712 ], [ 3.480645, 44.626958 ], [ 3.481208, 44.627104 ], [ 3.482927, 44.627368 ], [ 3.483732, 44.62743 ], [ 3.484355, 44.627463 ], [ 3.477866, 44.621799 ] ] ] } },
{ "type": "Feature", "properties": { "codgeo": "48127", "value": 240, "isochrone_group": 4.0, "nb_agences": 1 }, "geometry": { "type": "MultiPolygon", "coordinates": [ [ [ [ 3.465325, 44.645594 ], [ 3.460327, 44.652908 ], [ 3.459958, 44.65299 ], [ 3.459603, 44.653103 ], [ 3.459188, 44.653285 ], [ 3.458761, 44.653471 ], [ 3.457003, 44.65407 ], [ 3.456691, 44.654205 ], [ 3.456486, 44.654354 ], [ 3.45575, 44.655023 ], [ 3.455007, 44.655698 ], [ 3.454755, 44.655954 ], [ 3.454503, 44.656209 ], [ 3.45476, 44.656462 ], [ 3.460758, 44.653181 ], [ 3.463926, 44.652475 ], [ 3.464246, 44.652381 ], [ 3.464463, 44.652269 ], [ 3.464646, 44.65217 ], [ 3.464702443148687, 44.65212792419824 ], [ 3.464488, 44.651842 ], [ 3.466349, 44.646081 ], [ 3.466785, 44.645675 ], [ 3.466551567830094, 44.639141854080236 ], [ 3.465325, 44.645594 ] ] ], [ [ [ 3.482373, 44.618971 ], [ 3.482639, 44.618728 ], [ 3.486129, 44.614695 ], [ 3.486085, 44.614338 ], [ 3.484547, 44.607216 ], [ 3.48585, 44.602638 ], [ 3.485586, 44.602394 ], [ 3.482172, 44.604615 ], [ 3.48207, 44.60496 ], [ 3.478233, 44.610871 ], [ 3.470017, 44.612856 ], [ 3.468416, 44.612032 ], [ 3.460575, 44.61438 ], [ 3.46023, 44.614483 ], [ 3.451604, 44.6166 ], [ 3.450752, 44.616282 ], [ 3.4499, 44.615963 ], [ 3.449774, 44.616301 ], [ 3.452443, 44.618294 ], [ 3.452624, 44.618373 ], [ 3.453493, 44.618788 ], [ 3.453758, 44.618914 ], [ 3.453975, 44.618991 ], [ 3.454176, 44.619061 ], [ 3.461059, 44.624336 ], [ 3.462834, 44.626683 ], [ 3.464742, 44.633176 ], [ 3.461718, 44.636226 ], [ 3.461506, 44.636312 ], [ 3.461239, 44.636461 ], [ 3.461415, 44.636776 ], [ 3.462539, 44.636518 ], [ 3.464764, 44.636302 ], [ 3.466475189573843, 44.637004229718578 ], [ 3.466469, 44.636831 ], [ 3.468259, 44.628906 ], [ 3.468409, 44.628578 ], [ 3.466593, 44.620266 ], [ 3.464599, 44.62026 ], [ 3.464408, 44.620253 ], [ 3.464194, 44.620243 ], [ 3.463985, 44.620208 ], [ 3.463752, 44.620168 ], [ 3.461516, 44.619757 ], [ 3.460254, 44.619221 ], [ 3.460324, 44.618867 ], [ 3.461813, 44.61881 ], [ 3.466594, 44.619906 ], [ 3.47395, 44.614985 ], [ 3.474026, 44.614633 ], [ 3.482653, 44.612487 ], [ 3.482949, 44.612691 ], [ 3.482937, 44.612709 ], [ 3.482675, 44.613078 ], [ 3.482415, 44.613445 ], [ 3.482177, 44.613706 ], [ 3.481975, 44.613866 ], [ 3.480442, 44.615481 ], [ 3.477866, 44.621799 ], [ 3.484355, 44.627463 ], [ 3.484986, 44.627496 ], [ 3.482373, 44.618971 ] ] ], [ [ [ 3.475399, 44.647554 ], [ 3.479826, 44.653386 ], [ 3.480254, 44.654404 ], [ 3.48061, 44.654353 ], [ 3.484695, 44.653057 ], [ 3.487038, 44.650726 ], [ 3.490071, 44.642417 ], [ 3.491223, 44.634706 ], [ 3.498905, 44.633457 ], [ 3.502333, 44.633537 ], [ 3.502688, 44.633532 ], [ 3.502868, 44.633434 ], [ 3.50293, 44.633214 ], [ 3.50301, 44.629798 ], [ 3.506847, 44.623894 ], [ 3.507022, 44.623765 ], [ 3.508105, 44.622815 ], [ 3.50847, 44.622507 ], [ 3.508841, 44.622193 ], [ 3.509043, 44.622005 ], [ 3.509216, 44.621805 ], [ 3.509645, 44.621234 ], [ 3.509371, 44.621 ], [ 3.506061, 44.62301 ], [ 3.498442, 44.624948 ], [ 3.496834, 44.623753 ], [ 3.494325, 44.624611 ], [ 3.490734, 44.62665 ], [ 3.490924, 44.62665 ], [ 3.499548, 44.627788 ], [ 3.501181, 44.627153 ], [ 3.501384, 44.627451 ], [ 3.499052, 44.631315 ], [ 3.498281, 44.632421 ], [ 3.497833, 44.632389 ], [ 3.497385, 44.632356 ], [ 3.491032, 44.633713 ], [ 3.486621, 44.641171 ], [ 3.48531, 44.644108 ], [ 3.479974, 44.647796 ], [ 3.479616, 44.647836 ], [ 3.47742, 44.645726 ], [ 3.470017, 44.647734 ], [ 3.469842, 44.648034 ], [ 3.469707, 44.648203 ], [ 3.469548, 44.648398 ], [ 3.469357, 44.64856 ], [ 3.469159, 44.648728 ], [ 3.475399, 44.647554 ] ] ], [ [ [ 3.466076, 44.651104 ], [ 3.467482, 44.650052 ], [ 3.466093, 44.651091 ], [ 3.465965438777046, 44.651186418366208 ], [ 3.466076, 44.651104 ] ] ] ] } },
{ "type": "Feature", "properties": { "codgeo": "48127", "value": 300, "isochrone_group": 5.0, "nb_agences": 1 }, "geometry": { "type": "MultiPolygon", "coordinates": [ [ [ [ 3.449235, 44.656894 ], [ 3.448602, 44.662297 ], [ 3.448559, 44.662654 ], [ 3.449465, 44.663174 ], [ 3.449587, 44.663216 ], [ 3.454333, 44.662434 ], [ 3.454465, 44.662099 ], [ 3.457942277953046, 44.654721244087362 ], [ 3.45476, 44.656462 ], [ 3.454503, 44.656209 ], [ 3.454755, 44.655954 ], [ 3.455007, 44.655698 ], [ 3.45575, 44.655023 ], [ 3.456486, 44.654354 ], [ 3.449235, 44.656894 ] ] ], [ [ [ 3.45675, 44.625654 ], [ 3.460291, 44.631094 ], [ 3.454863, 44.636735 ], [ 3.454898, 44.637093 ], [ 3.455741, 44.637494 ], [ 3.456092, 44.637571 ], [ 3.461924, 44.639321 ], [ 3.465325, 44.645594 ], [ 3.466923, 44.637188 ], [ 3.464764, 44.636302 ], [ 3.462539, 44.636518 ], [ 3.461415, 44.636776 ], [ 3.461239, 44.636461 ], [ 3.461506, 44.636312 ], [ 3.461718, 44.636226 ], [ 3.464742, 44.633176 ], [ 3.462834, 44.626683 ], [ 3.461059, 44.624336 ], [ 3.454176, 44.619061 ], [ 3.453975, 44.618991 ], [ 3.453758, 44.618914 ], [ 3.453493, 44.618788 ], [ 3.452624, 44.618373 ], [ 3.452443, 44.618294 ], [ 3.45675, 44.625654 ] ] ], [ [ [ 3.449884, 44.615958 ], [ 3.449622, 44.61588 ], [ 3.449333, 44.615796 ], [ 3.448993, 44.615753 ], [ 3.442938, 44.612516 ], [ 3.442579, 44.612503 ], [ 3.436498, 44.612822 ], [ 3.436467, 44.613181 ], [ 3.442924, 44.616468 ], [ 3.443283, 44.616459 ], [ 3.447013, 44.61619 ], [ 3.452443, 44.618294 ], [ 3.449774, 44.616301 ], [ 3.44989968330504, 44.615963849546802 ], [ 3.449884, 44.615958 ] ] ], [ [ [ 3.47819, 44.610866 ], [ 3.477995, 44.610842 ], [ 3.477628, 44.610853 ], [ 3.475356, 44.610553 ], [ 3.475102, 44.610508 ], [ 3.474835, 44.610462 ], [ 3.473456, 44.61014 ], [ 3.473071, 44.610002 ], [ 3.472452, 44.609874 ], [ 3.466181, 44.609252 ], [ 3.465694, 44.609359 ], [ 3.465532, 44.609395 ], [ 3.457699, 44.610639 ], [ 3.457343, 44.610691 ], [ 3.45075, 44.616281 ], [ 3.450574835539891, 44.616215667297205 ], [ 3.450752, 44.616282 ], [ 3.451604, 44.6166 ], [ 3.46023, 44.614483 ], [ 3.460575, 44.61438 ], [ 3.468416, 44.612032 ], [ 3.470017, 44.612856 ], [ 3.478231379634027, 44.610871391483272 ], [ 3.47819, 44.610866 ] ] ], [ [ [ 3.488255, 44.601545 ], [ 3.489028, 44.600954 ], [ 3.489204, 44.600761 ], [ 3.490099, 44.599843 ], [ 3.489776, 44.593982 ], [ 3.489432, 44.593874 ], [ 3.487859, 44.596227 ], [ 3.487418, 44.596786 ], [ 3.487224, 44.597083 ], [ 3.479325, 44.601314 ], [ 3.479326, 44.601674 ], [ 3.482202547606211, 44.604595127055248 ], [ 3.485586, 44.602394 ], [ 3.48585, 44.602638 ], [ 3.484547, 44.607216 ], [ 3.484809896987612, 44.608433394243022 ], [ 3.488255, 44.601545 ] ] ], [ [ [ 3.477249, 44.656687 ], [ 3.477172, 44.657039 ], [ 3.477414, 44.658459 ], [ 3.477468, 44.658588 ], [ 3.477644, 44.658812 ], [ 3.47782, 44.659036 ], [ 3.480526, 44.658744 ], [ 3.486956, 44.658487 ], [ 3.488974, 44.657871 ], [ 3.489202, 44.657723 ], [ 3.489327, 44.657545 ], [ 3.491889, 44.653017 ], [ 3.491467, 44.652291 ], [ 3.490292, 44.645118 ], [ 3.495071, 44.643365 ], [ 3.496019, 44.642803 ], [ 3.501542, 44.636472 ], [ 3.504703, 44.634595 ], [ 3.506469, 44.633454 ], [ 3.508067, 44.627034 ], [ 3.510463, 44.620378 ], [ 3.517267, 44.615136 ], [ 3.517567, 44.614972 ], [ 3.517394, 44.614656 ], [ 3.512945, 44.61404 ], [ 3.512586, 44.614065 ], [ 3.506573, 44.620623 ], [ 3.50643, 44.621189 ], [ 3.506286, 44.621754 ], [ 3.497364, 44.621079 ], [ 3.496424, 44.619383 ], [ 3.496121, 44.619189 ], [ 3.494775, 44.620301 ], [ 3.494483, 44.620512 ], [ 3.493245, 44.623807 ], [ 3.486167, 44.627606 ], [ 3.486397, 44.627643 ], [ 3.488947, 44.627424 ], [ 3.49056, 44.626705 ], [ 3.490734, 44.62665 ], [ 3.494325, 44.624611 ], [ 3.496834, 44.623753 ], [ 3.498442, 44.624948 ], [ 3.506061, 44.62301 ], [ 3.509371, 44.621 ], [ 3.509645, 44.621234 ], [ 3.509216, 44.621805 ], [ 3.509043, 44.622005 ], [ 3.508841, 44.622193 ], [ 3.50847, 44.622507 ], [ 3.508105, 44.622815 ], [ 3.507022, 44.623765 ], [ 3.506847, 44.623894 ], [ 3.50301, 44.629798 ], [ 3.50293, 44.633214 ], [ 3.502868, 44.633434 ], [ 3.502688, 44.633532 ], [ 3.502333, 44.633537 ], [ 3.498905, 44.633457 ], [ 3.491223, 44.634706 ], [ 3.490071, 44.642417 ], [ 3.487038, 44.650726 ], [ 3.484695, 44.653057 ], [ 3.48061, 44.654353 ], [ 3.480254, 44.654404 ], [ 3.479826, 44.653386 ], [ 3.47858283017879, 44.651748284527365 ], [ 3.477249, 44.656687 ] ] ], [ [ [ 3.473786, 44.648056 ], [ 3.476642507772117, 44.649192160679235 ], [ 3.475399, 44.647554 ], [ 3.469159, 44.648728 ], [ 3.468624, 44.649143 ], [ 3.473786, 44.648056 ] ] ] ] } },
{ "type": "Feature", "properties": { "codgeo": "48127", "value": 360, "isochrone_group": 6.0, "nb_agences": 1 }, "geometry": { "type": "MultiPolygon", "coordinates": [ [ [ [ 3.449663, 44.653535 ], [ 3.449317, 44.653634 ], [ 3.446482, 44.654904 ], [ 3.446199, 44.655126 ], [ 3.441283, 44.658101 ], [ 3.440954, 44.658248 ], [ 3.439292, 44.662388 ], [ 3.439147, 44.662718 ], [ 3.440077, 44.668999 ], [ 3.44019, 44.669341 ], [ 3.442166, 44.668802 ], [ 3.442353, 44.668711 ], [ 3.442539, 44.66862 ], [ 3.445275, 44.667205 ], [ 3.452004, 44.669308 ], [ 3.45234, 44.669179 ], [ 3.453527, 44.667303 ], [ 3.457846, 44.662738 ], [ 3.462049, 44.662526 ], [ 3.462408, 44.662503 ], [ 3.463206, 44.661551 ], [ 3.463321, 44.66121 ], [ 3.464246, 44.652381 ], [ 3.463926, 44.652475 ], [ 3.463596, 44.652517 ], [ 3.461233, 44.653026 ], [ 3.460758, 44.653181 ], [ 3.458717, 44.653901 ], [ 3.458494, 44.654017 ], [ 3.45822, 44.654132 ], [ 3.454465, 44.662099 ], [ 3.454333, 44.662434 ], [ 3.449587, 44.663216 ], [ 3.449465, 44.663174 ], [ 3.448559, 44.662654 ], [ 3.448602, 44.662297 ], [ 3.449235, 44.656894 ], [ 3.456486, 44.654354 ], [ 3.456691, 44.654205 ], [ 3.457003, 44.65407 ], [ 3.449663, 44.653535 ] ] ], [ [ [ 3.450616, 44.626031 ], [ 3.450714, 44.626377 ], [ 3.451341, 44.6262 ], [ 3.458116, 44.631118 ], [ 3.450381, 44.635683 ], [ 3.450077, 44.635876 ], [ 3.450194, 44.636059 ], [ 3.451407, 44.637388 ], [ 3.455398, 44.639462 ], [ 3.455735, 44.63959 ], [ 3.460253, 44.640636 ], [ 3.460574, 44.640797 ], [ 3.465102548057519, 44.645919532914647 ], [ 3.465325, 44.645594 ], [ 3.461924, 44.639321 ], [ 3.456092, 44.637571 ], [ 3.455741, 44.637494 ], [ 3.454898, 44.637093 ], [ 3.454863, 44.636735 ], [ 3.460291, 44.631094 ], [ 3.45675, 44.625654 ], [ 3.452443, 44.618294 ], [ 3.450616, 44.626031 ] ] ], [ [ [ 3.441247, 44.619691 ], [ 3.441164, 44.619941 ], [ 3.441102, 44.620345 ], [ 3.441039, 44.620748 ], [ 3.441395, 44.620803 ], [ 3.447013, 44.61619 ], [ 3.443283, 44.616459 ], [ 3.442924, 44.616468 ], [ 3.437406620508416, 44.613659323154906 ], [ 3.441247, 44.619691 ] ] ], [ [ [ 3.443085, 44.611756 ], [ 3.442825, 44.610681 ], [ 3.442482, 44.61057 ], [ 3.434027, 44.612685 ], [ 3.427284, 44.613969 ], [ 3.427224, 44.614324 ], [ 3.428755, 44.614583 ], [ 3.430285, 44.614842 ], [ 3.432628, 44.615325 ], [ 3.436846573208205, 44.613374225512672 ], [ 3.436467, 44.613181 ], [ 3.436498, 44.612822 ], [ 3.442579, 44.612503 ], [ 3.442938, 44.612516 ], [ 3.447767897953887, 44.615098061053139 ], [ 3.443085, 44.611756 ] ] ], [ [ [ 3.467014, 44.607719 ], [ 3.466997, 44.606687 ], [ 3.466645, 44.60661 ], [ 3.459565, 44.609077 ], [ 3.456652, 44.607428 ], [ 3.456484, 44.607272 ], [ 3.456306, 44.607108 ], [ 3.456161, 44.606991 ], [ 3.455993, 44.606859 ], [ 3.45536, 44.606497 ], [ 3.454728, 44.606136 ], [ 3.454549, 44.606448 ], [ 3.454429, 44.610887 ], [ 3.448806075265369, 44.615653070129483 ], [ 3.448993, 44.615753 ], [ 3.449333, 44.615796 ], [ 3.449622, 44.61588 ], [ 3.449884, 44.615958 ], [ 3.45075, 44.616281 ], [ 3.457343, 44.610691 ], [ 3.457699, 44.610639 ], [ 3.465532, 44.609395 ], [ 3.465694, 44.609359 ], [ 3.466181, 44.609252 ], [ 3.468081887892771, 44.609440542859069 ], [ 3.467014, 44.607719 ] ] ], [ [ [ 3.477133, 44.601109 ], [ 3.476698, 44.600959 ], [ 3.475593, 44.600406 ], [ 3.475235, 44.600374 ], [ 3.475121, 44.601184 ], [ 3.475128, 44.601339 ], [ 3.475267, 44.601512 ], [ 3.475959, 44.60175 ], [ 3.476786, 44.601676 ], [ 3.477194, 44.601686 ], [ 3.477609, 44.601696 ], [ 3.477901, 44.601676 ], [ 3.479326189216587, 44.601674192148984 ], [ 3.479326, 44.601674 ], [ 3.479325, 44.601314 ], [ 3.479428576902961, 44.601258520334675 ], [ 3.477133, 44.601109 ] ] ], [ [ [ 3.492994, 44.601292 ], [ 3.493138, 44.600962 ], [ 3.492478, 44.600491 ], [ 3.489785, 44.593946 ], [ 3.494222, 44.589639 ], [ 3.494485, 44.589394 ], [ 3.493002, 44.586463 ], [ 3.492213, 44.585159 ], [ 3.491921, 44.584949 ], [ 3.491841, 44.58506 ], [ 3.488053, 44.590142 ], [ 3.485085, 44.594167 ], [ 3.480795658466957, 44.600526260289442 ], [ 3.487224, 44.597083 ], [ 3.487418, 44.596786 ], [ 3.487859, 44.596227 ], [ 3.489432, 44.593874 ], [ 3.489776, 44.593982 ], [ 3.490099, 44.599843 ], [ 3.489204, 44.600761 ], [ 3.489028, 44.600954 ], [ 3.488255, 44.601545 ], [ 3.487954223901046, 44.602146394019577 ], [ 3.492994, 44.601292 ] ] ], [ [ [ 3.524782, 44.614487 ], [ 3.528008, 44.61416 ], [ 3.528038, 44.613801 ], [ 3.521156, 44.610228 ], [ 3.520481, 44.610736 ], [ 3.512202, 44.61216 ], [ 3.506937, 44.613735 ], [ 3.50668, 44.613795 ], [ 3.506422, 44.613855 ], [ 3.497787, 44.614805 ], [ 3.497427, 44.614792 ], [ 3.49279, 44.619189 ], [ 3.492519, 44.619426 ], [ 3.489716595337673, 44.625700813126898 ], [ 3.493245, 44.623807 ], [ 3.494483, 44.620512 ], [ 3.494775, 44.620301 ], [ 3.496121, 44.619189 ], [ 3.496424, 44.619383 ], [ 3.497364, 44.621079 ], [ 3.506286, 44.621754 ], [ 3.50643, 44.621189 ], [ 3.506573, 44.620623 ], [ 3.512586, 44.614065 ], [ 3.512945, 44.61404 ], [ 3.517394, 44.614656 ], [ 3.517567, 44.614972 ], [ 3.517267, 44.615136 ], [ 3.524782, 44.614487 ] ] ], [ [ [ 3.497453, 44.65493 ], [ 3.49761, 44.654607 ], [ 3.496996, 44.654307 ], [ 3.497261, 44.645565 ], [ 3.499091, 44.643316 ], [ 3.499712, 44.642629 ], [ 3.501462, 44.63826 ], [ 3.508143, 44.633272 ], [ 3.508632, 44.633065 ], [ 3.509128, 44.632855 ], [ 3.509369, 44.632739 ], [ 3.511394, 44.63191 ], [ 3.512201, 44.631496 ], [ 3.512072, 44.63116 ], [ 3.511561, 44.623861 ], [ 3.511656, 44.623448 ], [ 3.515012328515048, 44.616873064656687 ], [ 3.510463, 44.620378 ], [ 3.508067, 44.627034 ], [ 3.506469, 44.633454 ], [ 3.504703, 44.634595 ], [ 3.501542, 44.636472 ], [ 3.496019, 44.642803 ], [ 3.495071, 44.643365 ], [ 3.490292, 44.645118 ], [ 3.491467, 44.652291 ], [ 3.491889, 44.653017 ], [ 3.489327, 44.657545 ], [ 3.489202, 44.657723 ], [ 3.497453, 44.65493 ] ] ], [ [ [ 3.474116, 44.657028 ], [ 3.47403, 44.657377 ], [ 3.474368, 44.658598 ], [ 3.475386, 44.662174 ], [ 3.476041, 44.662653 ], [ 3.477698, 44.662477 ], [ 3.478996, 44.66245 ], [ 3.479626, 44.662479 ], [ 3.487766, 44.666185 ], [ 3.487857, 44.666368 ], [ 3.488009, 44.666545 ], [ 3.488355, 44.666803 ], [ 3.488701, 44.667062 ], [ 3.488917, 44.666774 ], [ 3.487885, 44.663416 ], [ 3.489202, 44.657723 ], [ 3.488974, 44.657871 ], [ 3.486956, 44.658487 ], [ 3.480526, 44.658744 ], [ 3.47782, 44.659036 ], [ 3.477644, 44.658812 ], [ 3.477468, 44.658588 ], [ 3.477414, 44.658459 ], [ 3.477172, 44.657039 ], [ 3.477249, 44.656687 ], [ 3.479018, 44.650137 ], [ 3.473786, 44.648056 ], [ 3.474116, 44.657028 ] ] ] ] } },
{ "type": "Feature", "properties": { "codgeo": "48127", "value": 420, "isochrone_group": 7.0, "nb_agences": 1 }, "geometry": { "type": "MultiPolygon", "coordinates": [ [ [ [ 3.449069, 44.651912 ], [ 3.448847, 44.6517 ], [ 3.448641, 44.651564 ], [ 3.440139, 44.651198 ], [ 3.439813, 44.651045 ], [ 3.439721, 44.65124 ], [ 3.43963, 44.651435 ], [ 3.43962, 44.651625 ], [ 3.433863, 44.658454 ], [ 3.426489, 44.662574 ], [ 3.426544, 44.66293 ], [ 3.42729, 44.662815 ], [ 3.428036, 44.662701 ], [ 3.428314, 44.662634 ], [ 3.428578, 44.662571 ], [ 3.428807, 44.662494 ], [ 3.429021, 44.662421 ], [ 3.429844, 44.662164 ], [ 3.430671, 44.661906 ], [ 3.437361, 44.664385 ], [ 3.436779, 44.671502 ], [ 3.435357, 44.672918 ], [ 3.434259, 44.673607 ], [ 3.433958, 44.673799 ], [ 3.433711, 44.673991 ], [ 3.433447, 44.67424 ], [ 3.43314, 44.674585 ], [ 3.43283, 44.674935 ], [ 3.43206, 44.675852 ], [ 3.431291, 44.67677 ], [ 3.431566, 44.677001 ], [ 3.432336, 44.676083 ], [ 3.435206, 44.673516 ], [ 3.435415, 44.673342 ], [ 3.435591, 44.673192 ], [ 3.437033, 44.671757 ], [ 3.439659, 44.670369 ], [ 3.446325, 44.671442 ], [ 3.446431, 44.671502 ], [ 3.453154, 44.672051 ], [ 3.4553, 44.67455 ], [ 3.455657, 44.674505 ], [ 3.457376, 44.673 ], [ 3.457406, 44.672641 ], [ 3.453786, 44.670341 ], [ 3.454948575200035, 44.665800455247002 ], [ 3.453527, 44.667303 ], [ 3.45234, 44.669179 ], [ 3.452004, 44.669308 ], [ 3.445275, 44.667205 ], [ 3.442539, 44.66862 ], [ 3.442353, 44.668711 ], [ 3.442166, 44.668802 ], [ 3.44019, 44.669341 ], [ 3.440077, 44.668999 ], [ 3.439147, 44.662718 ], [ 3.439292, 44.662388 ], [ 3.440954, 44.658248 ], [ 3.441283, 44.658101 ], [ 3.446199, 44.655126 ], [ 3.446482, 44.654904 ], [ 3.449317, 44.653634 ], [ 3.449663, 44.653535 ], [ 3.457003, 44.65407 ], [ 3.449069, 44.651912 ] ] ], [ [ [ 3.432734, 44.615354 ], [ 3.433022, 44.615391 ], [ 3.433285, 44.615373 ], [ 3.435507, 44.615496 ], [ 3.438624, 44.623937 ], [ 3.438631, 44.624297 ], [ 3.438956, 44.624291 ], [ 3.439281, 44.624285 ], [ 3.440038, 44.624298 ], [ 3.444951, 44.626077 ], [ 3.446362, 44.63352 ], [ 3.445638, 44.635501 ], [ 3.445461, 44.635815 ], [ 3.446355, 44.637649 ], [ 3.447017, 44.638699 ], [ 3.447347, 44.638842 ], [ 3.454922, 44.641577 ], [ 3.455202, 44.641803 ], [ 3.460037, 44.640831 ], [ 3.4654, 44.646256 ], [ 3.460574, 44.640797 ], [ 3.460253, 44.640636 ], [ 3.455735, 44.63959 ], [ 3.455398, 44.639462 ], [ 3.451407, 44.637388 ], [ 3.450194, 44.636059 ], [ 3.450077, 44.635876 ], [ 3.450381, 44.635683 ], [ 3.458116, 44.631118 ], [ 3.451341, 44.6262 ], [ 3.450714, 44.626377 ], [ 3.450616, 44.626031 ], [ 3.452443, 44.618294 ], [ 3.448708, 44.616406 ], [ 3.447013, 44.61619 ], [ 3.441395, 44.620803 ], [ 3.441039, 44.620748 ], [ 3.441102, 44.620345 ], [ 3.441164, 44.619941 ], [ 3.441247, 44.619691 ], [ 3.437139, 44.613239 ], [ 3.432630433345569, 44.615323874759738 ], [ 3.432734, 44.615354 ] ] ], [ [ [ 3.425843, 44.609713 ], [ 3.425542, 44.609515 ], [ 3.417268, 44.608158 ], [ 3.417052, 44.608446 ], [ 3.417918, 44.614566 ], [ 3.418175, 44.614817 ], [ 3.426892, 44.614268 ], [ 3.427556826084395, 44.614380304347414 ], [ 3.427224, 44.614324 ], [ 3.427284, 44.613969 ], [ 3.434027, 44.612685 ], [ 3.434243192709198, 44.612630919860436 ], [ 3.425843, 44.609713 ] ] ], [ [ [ 3.454086, 44.602669 ], [ 3.453841, 44.602405 ], [ 3.453517, 44.602706 ], [ 3.453194, 44.603007 ], [ 3.453058, 44.603229 ], [ 3.453129, 44.60369 ], [ 3.453219, 44.604014 ], [ 3.453335, 44.60428 ], [ 3.453442, 44.604521 ], [ 3.451907, 44.611297 ], [ 3.443437, 44.608256 ], [ 3.443225, 44.607965 ], [ 3.442823, 44.608258 ], [ 3.44242, 44.60855 ], [ 3.435021138783778, 44.612436318329074 ], [ 3.442482, 44.61057 ], [ 3.442825, 44.610681 ], [ 3.443085, 44.611756 ], [ 3.448687, 44.615754 ], [ 3.454429, 44.610887 ], [ 3.454549, 44.606448 ], [ 3.454728, 44.606136 ], [ 3.45536, 44.606497 ], [ 3.455993, 44.606859 ], [ 3.456161, 44.606991 ], [ 3.454086, 44.602669 ] ] ], [ [ [ 3.475976, 44.599985 ], [ 3.475874, 44.599956 ], [ 3.475639, 44.599979 ], [ 3.475493, 44.600033 ], [ 3.475363, 44.60011 ], [ 3.473311, 44.601881 ], [ 3.468992, 44.605348 ], [ 3.464556, 44.604672 ], [ 3.464341, 44.604961 ], [ 3.456161, 44.606991 ], [ 3.456306, 44.607108 ], [ 3.456484, 44.607272 ], [ 3.456652, 44.607428 ], [ 3.459565, 44.609077 ], [ 3.466645, 44.60661 ], [ 3.466997, 44.606687 ], [ 3.467014, 44.607719 ], [ 3.47027, 44.612968 ], [ 3.47819, 44.610866 ], [ 3.478497, 44.610906 ], [ 3.478804, 44.610946 ], [ 3.48423, 44.606654 ], [ 3.480266, 44.601673 ], [ 3.477901, 44.601676 ], [ 3.477609, 44.601696 ], [ 3.477194, 44.601686 ], [ 3.476786, 44.601676 ], [ 3.475959, 44.60175 ], [ 3.475267, 44.601512 ], [ 3.475128, 44.601339 ], [ 3.475121, 44.601184 ], [ 3.475235, 44.600374 ], [ 3.475593, 44.600406 ], [ 3.476698, 44.600959 ], [ 3.477133, 44.601109 ], [ 3.480265, 44.601313 ], [ 3.475976, 44.599985 ] ] ], [ [ [ 3.497489, 44.584006 ], [ 3.497588, 44.58366 ], [ 3.496889, 44.579836 ], [ 3.496528, 44.579396 ], [ 3.49617, 44.579431 ], [ 3.494692, 44.580586 ], [ 3.492052, 44.582605 ], [ 3.491799, 44.582861 ], [ 3.484825, 44.588464 ], [ 3.484655, 44.588403 ], [ 3.484456, 44.588334 ], [ 3.484111, 44.588271 ], [ 3.483393, 44.5881 ], [ 3.483003, 44.587989 ], [ 3.482904, 44.588335 ], [ 3.485083, 44.594161 ], [ 3.480265, 44.601313 ], [ 3.485085, 44.594167 ], [ 3.488053, 44.590142 ], [ 3.491841, 44.58506 ], [ 3.491921, 44.584949 ], [ 3.492213, 44.585159 ], [ 3.493002, 44.586463 ], [ 3.493673243158001, 44.587789644434331 ], [ 3.497489, 44.584006 ] ] ], [ [ [ 3.493393, 44.601435 ], [ 3.493808, 44.601582 ], [ 3.494012, 44.601617 ], [ 3.494241, 44.601655 ], [ 3.494463, 44.601659 ], [ 3.494665, 44.601645 ], [ 3.494857, 44.601632 ], [ 3.495321, 44.601544 ], [ 3.496065, 44.601351 ], [ 3.498165, 44.60034 ], [ 3.498084, 44.599989 ], [ 3.4977, 44.600077 ], [ 3.497249, 44.600178 ], [ 3.496979, 44.600278 ], [ 3.49674, 44.600369 ], [ 3.492478, 44.600491 ], [ 3.493138, 44.600962 ], [ 3.492994, 44.601292 ], [ 3.48729, 44.602259 ], [ 3.493393, 44.601435 ] ] ], [ [ [ 3.512098, 44.610626 ], [ 3.511827, 44.610863 ], [ 3.505321, 44.613858 ], [ 3.504924, 44.613908 ], [ 3.504526, 44.613958 ], [ 3.49809, 44.613481 ], [ 3.49774, 44.613398 ], [ 3.497587, 44.614045 ], [ 3.490566, 44.618884 ], [ 3.49024, 44.618927 ], [ 3.489913, 44.618971 ], [ 3.489961, 44.619327 ], [ 3.486683250803172, 44.627572202285563 ], [ 3.488947, 44.627424 ], [ 3.492519, 44.619426 ], [ 3.49279, 44.619189 ], [ 3.497427, 44.614792 ], [ 3.497787, 44.614805 ], [ 3.506422, 44.613855 ], [ 3.50668, 44.613795 ], [ 3.506937, 44.613735 ], [ 3.512202, 44.61216 ], [ 3.520481, 44.610736 ], [ 3.520532822847491, 44.610696998508857 ], [ 3.512098, 44.610626 ] ] ], [ [ [ 3.525077, 44.61664 ], [ 3.525286, 44.616881 ], [ 3.52549, 44.617116 ], [ 3.525788, 44.617488 ], [ 3.52611, 44.617885 ], [ 3.526448, 44.618172 ], [ 3.526785, 44.618459 ], [ 3.527018, 44.618185 ], [ 3.535229, 44.615203 ], [ 3.536361, 44.615596 ], [ 3.537002, 44.615801 ], [ 3.537917, 44.616118 ], [ 3.538212, 44.616237 ], [ 3.538387, 44.616298 ], [ 3.538577, 44.616364 ], [ 3.539228, 44.616531 ], [ 3.539879, 44.616698 ], [ 3.539968, 44.61635 ], [ 3.537765, 44.615668 ], [ 3.536029, 44.615058 ], [ 3.533849, 44.614193 ], [ 3.532758, 44.613683 ], [ 3.532476, 44.613586 ], [ 3.532148, 44.613552 ], [ 3.531817, 44.613555 ], [ 3.531504, 44.61356 ], [ 3.531123, 44.613563 ], [ 3.530741, 44.613566 ], [ 3.530513, 44.613586 ], [ 3.530299, 44.613605 ], [ 3.524027, 44.60733 ], [ 3.523968, 44.607045 ], [ 3.523616, 44.607117 ], [ 3.5217, 44.609712 ], [ 3.521467, 44.609942 ], [ 3.52053541783061, 44.610695045543785 ], [ 3.521156, 44.610228 ], [ 3.528038, 44.613801 ], [ 3.528008, 44.61416 ], [ 3.524782, 44.614487 ], [ 3.5219825767147, 44.614728759908466 ], [ 3.525077, 44.61664 ] ] ], [ [ [ 3.51662, 44.631542 ], [ 3.516787, 44.631539 ], [ 3.516879, 44.631487 ], [ 3.517436, 44.631169 ], [ 3.517674, 44.631035 ], [ 3.517499, 44.630721 ], [ 3.516756, 44.622158 ], [ 3.516807, 44.621802 ], [ 3.520371458024548, 44.614867897104737 ], [ 3.517267, 44.615136 ], [ 3.516814, 44.615303 ], [ 3.516386, 44.615459 ], [ 3.516115, 44.615539 ], [ 3.515604, 44.615714 ], [ 3.511656, 44.623448 ], [ 3.511561, 44.623861 ], [ 3.512072, 44.63116 ], [ 3.512201, 44.631496 ], [ 3.511394, 44.63191 ], [ 3.509369, 44.632739 ], [ 3.51662, 44.631542 ] ] ], [ [ [ 3.501126, 44.642337 ], [ 3.501285, 44.642175 ], [ 3.501451, 44.641883 ], [ 3.502788, 44.63989 ], [ 3.508632, 44.633065 ], [ 3.508143, 44.633272 ], [ 3.501462, 44.63826 ], [ 3.499712, 44.642629 ], [ 3.499091, 44.643316 ], [ 3.497261, 44.645565 ], [ 3.497202113326605, 44.647507593580471 ], [ 3.501126, 44.642337 ] ] ], [ [ [ 3.496664, 44.656729 ], [ 3.500358, 44.657211 ], [ 3.501087, 44.656433 ], [ 3.500989, 44.656086 ], [ 3.497897, 44.654817 ], [ 3.497147025534705, 44.64932486707778 ], [ 3.496996, 44.654307 ], [ 3.49761, 44.654607 ], [ 3.497453, 44.65493 ], [ 3.489202, 44.657723 ], [ 3.496664, 44.656729 ] ] ], [ [ [ 3.461918, 44.663514 ], [ 3.462278, 44.663514 ], [ 3.467263, 44.664167 ], [ 3.468776, 44.665031 ], [ 3.4761, 44.666722 ], [ 3.47646, 44.666731 ], [ 3.485038, 44.667492 ], [ 3.485523, 44.668129 ], [ 3.486185, 44.668785 ], [ 3.48708, 44.66995 ], [ 3.493836, 44.673628 ], [ 3.494115, 44.673401 ], [ 3.498516, 44.669624 ], [ 3.498581, 44.66927 ], [ 3.498074, 44.669178 ], [ 3.497568, 44.669086 ], [ 3.496719, 44.668963 ], [ 3.494074, 44.667977 ], [ 3.487885, 44.663416 ], [ 3.488917, 44.666774 ], [ 3.488701, 44.667062 ], [ 3.488355, 44.666803 ], [ 3.488009, 44.666545 ], [ 3.487857, 44.666368 ], [ 3.487766, 44.666185 ], [ 3.479626, 44.662479 ], [ 3.478996, 44.66245 ], [ 3.477698, 44.662477 ], [ 3.476041, 44.662653 ], [ 3.475386, 44.662174 ], [ 3.474368, 44.658598 ], [ 3.47403, 44.657377 ], [ 3.474116, 44.657028 ], [ 3.473786, 44.648056 ], [ 3.469159, 44.648728 ], [ 3.468624, 44.649143 ], [ 3.468092, 44.649555 ], [ 3.46779, 44.649801 ], [ 3.467482, 44.650052 ], [ 3.466076, 44.651104 ], [ 3.464646, 44.65217 ], [ 3.464463, 44.652269 ], [ 3.464246, 44.652381 ], [ 3.463321, 44.66121 ], [ 3.463206, 44.661551 ], [ 3.462408, 44.662503 ], [ 3.462049, 44.662526 ], [ 3.457846, 44.662738 ], [ 3.457754108345872, 44.66283512558487 ], [ 3.461918, 44.663514 ] ] ] ] } },
{ "type": "Feature", "properties": { "codgeo": "48127", "value": 480, "isochrone_group": 8.0, "nb_agences": 1 }, "geometry": { "type": "MultiPolygon", "coordinates": [ [ [ [ 3.43289, 44.657691 ], [ 3.432587, 44.657488 ], [ 3.432323, 44.65737 ], [ 3.432072, 44.657258 ], [ 3.431171, 44.656766 ], [ 3.430197, 44.656252 ], [ 3.429849, 44.656227 ], [ 3.429611, 44.656224 ], [ 3.429364, 44.656221 ], [ 3.428992, 44.656233 ], [ 3.428619, 44.656245 ], [ 3.425215, 44.659244 ], [ 3.417204, 44.661057 ], [ 3.416383, 44.661192 ], [ 3.416428, 44.661549 ], [ 3.419931, 44.664584 ], [ 3.420203, 44.66482 ], [ 3.422032, 44.665625 ], [ 3.42578, 44.666647 ], [ 3.426138, 44.666606 ], [ 3.430671, 44.661906 ], [ 3.429844, 44.662164 ], [ 3.429021, 44.662421 ], [ 3.428807, 44.662494 ], [ 3.428578, 44.662571 ], [ 3.428314, 44.662634 ], [ 3.428036, 44.662701 ], [ 3.42729, 44.662815 ], [ 3.426544, 44.66293 ], [ 3.426489, 44.662574 ], [ 3.433863, 44.658454 ], [ 3.434645123955056, 44.657526238233622 ], [ 3.43289, 44.657691 ] ] ], [ [ [ 3.43452, 44.624663 ], [ 3.434028, 44.624742 ], [ 3.433727, 44.624847 ], [ 3.433444, 44.62504 ], [ 3.433209, 44.625276 ], [ 3.433464, 44.62553 ], [ 3.43504, 44.624946 ], [ 3.435311, 44.624888 ], [ 3.435572, 44.624832 ], [ 3.435789, 44.62477 ], [ 3.435995, 44.624712 ], [ 3.436187, 44.624631 ], [ 3.438102, 44.624276 ], [ 3.438601, 44.624297 ], [ 3.439708, 44.62453 ], [ 3.439573, 44.633429 ], [ 3.439359, 44.633718 ], [ 3.43983, 44.634067 ], [ 3.44262, 44.638679 ], [ 3.442887, 44.63892 ], [ 3.445272, 44.641353 ], [ 3.438891, 44.647347 ], [ 3.4382, 44.646993 ], [ 3.437867, 44.646857 ], [ 3.434919, 44.645869 ], [ 3.434684, 44.646141 ], [ 3.435351, 44.646716 ], [ 3.436017, 44.647291 ], [ 3.43962, 44.651625 ], [ 3.43963, 44.651435 ], [ 3.439721, 44.65124 ], [ 3.439813, 44.651045 ], [ 3.440139, 44.651198 ], [ 3.448641, 44.651564 ], [ 3.448847, 44.6517 ], [ 3.449069, 44.651912 ], [ 3.457003, 44.65407 ], [ 3.45758, 44.653922 ], [ 3.458761, 44.653471 ], [ 3.459188, 44.653285 ], [ 3.459603, 44.653103 ], [ 3.459958, 44.65299 ], [ 3.460327, 44.652908 ], [ 3.46112, 44.652684 ], [ 3.4654, 44.646256 ], [ 3.460037, 44.640831 ], [ 3.455202, 44.641803 ], [ 3.454922, 44.641577 ], [ 3.447347, 44.638842 ], [ 3.447017, 44.638699 ], [ 3.446355, 44.637649 ], [ 3.445461, 44.635815 ], [ 3.445638, 44.635501 ], [ 3.446362, 44.63352 ], [ 3.444951, 44.626077 ], [ 3.440038, 44.624298 ], [ 3.439281, 44.624285 ], [ 3.438956, 44.624291 ], [ 3.438631, 44.624297 ], [ 3.438624, 44.623937 ], [ 3.435967428395057, 44.616742864319114 ], [ 3.43452, 44.624663 ] ] ], [ [ [ 3.435694245487184, 44.616003070631152 ], [ 3.435507, 44.615496 ], [ 3.433285, 44.615373 ], [ 3.435694245487184, 44.616003070631152 ] ] ], [ [ [ 3.431173, 44.604382 ], [ 3.431237, 44.604028 ], [ 3.430258, 44.603632 ], [ 3.421601, 44.605328 ], [ 3.42126, 44.605441 ], [ 3.41436, 44.606118 ], [ 3.411496, 44.604235 ], [ 3.411247, 44.603975 ], [ 3.408316, 44.60387 ], [ 3.408275, 44.604227 ], [ 3.411724, 44.606025 ], [ 3.412023, 44.60617 ], [ 3.412256, 44.606215 ], [ 3.412452, 44.60625 ], [ 3.415952, 44.607619 ], [ 3.417851, 44.614707 ], [ 3.414463, 44.617801 ], [ 3.414212, 44.618058 ], [ 3.414321, 44.620474 ], [ 3.41464, 44.622779 ], [ 3.414999, 44.622805 ], [ 3.416265, 44.619725 ], [ 3.418084, 44.615779 ], [ 3.422974636205796, 44.614514717072744 ], [ 3.418175, 44.614817 ], [ 3.417918, 44.614566 ], [ 3.417052, 44.608446 ], [ 3.417268, 44.608158 ], [ 3.425542, 44.609515 ], [ 3.425843, 44.609713 ], [ 3.434301, 44.612651 ], [ 3.434601, 44.612657 ], [ 3.431173, 44.604382 ] ] ], [ [ [ 3.443571, 44.60796 ], [ 3.443337, 44.607268 ], [ 3.443243, 44.60705 ], [ 3.443072, 44.60691 ], [ 3.442774, 44.606725 ], [ 3.442611, 44.606671 ], [ 3.442385, 44.606657 ], [ 3.442363, 44.607017 ], [ 3.439774326417632, 44.60993966381924 ], [ 3.44242, 44.60855 ], [ 3.442823, 44.608258 ], [ 3.443225, 44.607965 ], [ 3.443437, 44.608256 ], [ 3.445883103049373, 44.60913422896968 ], [ 3.443571, 44.60796 ] ] ], [ [ [ 3.450617342649454, 44.610833971900455 ], [ 3.451907, 44.611297 ], [ 3.453442, 44.604521 ], [ 3.453335, 44.60428 ], [ 3.450617342649454, 44.610833971900455 ] ] ], [ [ [ 3.45452, 44.602194 ], [ 3.454551, 44.601927 ], [ 3.454529, 44.600601 ], [ 3.45455, 44.600242 ], [ 3.453653, 44.598691 ], [ 3.453306, 44.598784 ], [ 3.453278, 44.599883 ], [ 3.453058, 44.603229 ], [ 3.453194, 44.603007 ], [ 3.453517, 44.602706 ], [ 3.453841, 44.602405 ], [ 3.454086, 44.602669 ], [ 3.456161, 44.606991 ], [ 3.45452, 44.602194 ] ] ], [ [ [ 3.470504, 44.600728 ], [ 3.463743, 44.603139 ], [ 3.463531, 44.60343 ], [ 3.463429, 44.604135 ], [ 3.456161, 44.606991 ], [ 3.464341, 44.604961 ], [ 3.464556, 44.604672 ], [ 3.468992, 44.605348 ], [ 3.473311, 44.601881 ], [ 3.475363, 44.60011 ], [ 3.475493, 44.600033 ], [ 3.470504, 44.600728 ] ] ], [ [ [ 3.48295, 44.587974 ], [ 3.482771, 44.58794 ], [ 3.482581, 44.587904 ], [ 3.48222, 44.587858 ], [ 3.48159, 44.58784 ], [ 3.478281, 44.587111 ], [ 3.477963, 44.586976 ], [ 3.477704, 44.58692 ], [ 3.4774, 44.586902 ], [ 3.477114, 44.586929 ], [ 3.477147, 44.587288 ], [ 3.477246, 44.588573 ], [ 3.477362, 44.588914 ], [ 3.477644, 44.588818 ], [ 3.477948, 44.588664 ], [ 3.480569, 44.588157 ], [ 3.485083, 44.594161 ], [ 3.482904, 44.588335 ], [ 3.483002966934075, 44.587989115563758 ], [ 3.48295, 44.587974 ] ] ], [ [ [ 3.483382899749491, 44.588097125313318 ], [ 3.483393, 44.5881 ], [ 3.484111, 44.588271 ], [ 3.483382899749491, 44.588097125313318 ] ] ], [ [ [ 3.497949, 44.584675 ], [ 3.498239, 44.584461 ], [ 3.504287, 44.578513 ], [ 3.504352, 44.57816 ], [ 3.503844, 44.577997 ], [ 3.503552, 44.577957 ], [ 3.503189, 44.578024 ], [ 3.502864, 44.578173 ], [ 3.50228, 44.578413 ], [ 3.501938, 44.5786 ], [ 3.496856, 44.578951 ], [ 3.493789, 44.573141 ], [ 3.493891, 44.572612 ], [ 3.493902, 44.572429 ], [ 3.493912, 44.572219 ], [ 3.493856, 44.571606 ], [ 3.4938, 44.570992 ], [ 3.493442, 44.571025 ], [ 3.491855, 44.57503 ], [ 3.491836, 44.575263 ], [ 3.491088, 44.580634 ], [ 3.491173, 44.580996 ], [ 3.491258, 44.581357 ], [ 3.491428, 44.581918 ], [ 3.491595, 44.582467 ], [ 3.487269985018667, 44.586499668044219 ], [ 3.491799, 44.582861 ], [ 3.492052, 44.582605 ], [ 3.494692, 44.580586 ], [ 3.49617, 44.579431 ], [ 3.496528, 44.579396 ], [ 3.496889, 44.579836 ], [ 3.497588, 44.58366 ], [ 3.497489, 44.584006 ], [ 3.492736, 44.588719 ], [ 3.492653, 44.58892 ], [ 3.497949, 44.584675 ] ] ], [ [ [ 3.512138, 44.609516 ], [ 3.511893, 44.609244 ], [ 3.511478, 44.608706 ], [ 3.511132, 44.608609 ], [ 3.504526, 44.613958 ], [ 3.504924, 44.613908 ], [ 3.505321, 44.613858 ], [ 3.511827, 44.610863 ], [ 3.512098, 44.610626 ], [ 3.517256296707964, 44.610669418976421 ], [ 3.512138, 44.609516 ] ] ], [ [ [ 3.523922, 44.606956 ], [ 3.522947, 44.605243 ], [ 3.52193, 44.6037 ], [ 3.52117, 44.602466 ], [ 3.520833, 44.602593 ], [ 3.520975, 44.60297 ], [ 3.521116, 44.603348 ], [ 3.519897638288604, 44.610691651964252 ], [ 3.520533, 44.610697 ], [ 3.521467, 44.609942 ], [ 3.5217, 44.609712 ], [ 3.523616, 44.607117 ], [ 3.523948127808747, 44.607049064766393 ], [ 3.523922, 44.606956 ] ] ], [ [ [ 3.539264, 44.616541 ], [ 3.541758, 44.617657 ], [ 3.542051, 44.61782 ], [ 3.542262, 44.617908 ], [ 3.544094, 44.618731 ], [ 3.549913, 44.615129 ], [ 3.549902, 44.614769 ], [ 3.549644, 44.614777 ], [ 3.549385, 44.614784 ], [ 3.549094, 44.614812 ], [ 3.548814, 44.614839 ], [ 3.54855, 44.614882 ], [ 3.548297, 44.614924 ], [ 3.540312, 44.615047 ], [ 3.532758, 44.613683 ], [ 3.533849, 44.614193 ], [ 3.536029, 44.615058 ], [ 3.537765, 44.615668 ], [ 3.539968, 44.61635 ], [ 3.539879, 44.616698 ], [ 3.539228, 44.616531 ], [ 3.538577, 44.616364 ], [ 3.539264, 44.616541 ] ] ], [ [ [ 3.519178, 44.632691 ], [ 3.519529, 44.632773 ], [ 3.521682, 44.631912 ], [ 3.522102, 44.631412 ], [ 3.522138, 44.631176 ], [ 3.521986, 44.630896 ], [ 3.522001, 44.622267 ], [ 3.528486, 44.620161 ], [ 3.529867, 44.62037 ], [ 3.530136, 44.620405 ], [ 3.53068, 44.620501 ], [ 3.53097, 44.620564 ], [ 3.538577, 44.616364 ], [ 3.538387, 44.616298 ], [ 3.538212, 44.616237 ], [ 3.537917, 44.616118 ], [ 3.537002, 44.615801 ], [ 3.536361, 44.615596 ], [ 3.535229, 44.615203 ], [ 3.527018, 44.618185 ], [ 3.526785, 44.618459 ], [ 3.526448, 44.618172 ], [ 3.52611, 44.617885 ], [ 3.525788, 44.617488 ], [ 3.52549, 44.617116 ], [ 3.525286, 44.616881 ], [ 3.525077, 44.61664 ], [ 3.520814, 44.614007 ], [ 3.516807, 44.621802 ], [ 3.516756, 44.622158 ], [ 3.517499, 44.630721 ], [ 3.517674, 44.631035 ], [ 3.517436, 44.631169 ], [ 3.516879, 44.631487 ], [ 3.516787, 44.631539 ], [ 3.51662, 44.631542 ], [ 3.513257919487234, 44.63209701453232 ], [ 3.519178, 44.632691 ] ] ], [ [ [ 3.46932, 44.665727 ], [ 3.469575, 44.665967 ], [ 3.470126, 44.666449 ], [ 3.470392, 44.666675 ], [ 3.470663, 44.666906 ], [ 3.470861, 44.667062 ], [ 3.471097, 44.667241 ], [ 3.471428, 44.667386 ], [ 3.475112, 44.670914 ], [ 3.475451, 44.671035 ], [ 3.483543, 44.670456 ], [ 3.490196, 44.67237 ], [ 3.493886, 44.674572 ], [ 3.49519, 44.680232 ], [ 3.49517, 44.680622 ], [ 3.495149, 44.681011 ], [ 3.495509, 44.68103 ], [ 3.498121, 44.677606 ], [ 3.501301, 44.669438 ], [ 3.501749, 44.669227 ], [ 3.502211, 44.669006 ], [ 3.50257, 44.668791 ], [ 3.502957, 44.668555 ], [ 3.503197, 44.668333 ], [ 3.506043, 44.666015 ], [ 3.506252, 44.665805 ], [ 3.506161, 44.665675 ], [ 3.506006, 44.665542 ], [ 3.501547, 44.658299 ], [ 3.503919, 44.656393 ], [ 3.504111, 44.656088 ], [ 3.504024, 44.655935 ], [ 3.503305, 44.655648 ], [ 3.503039, 44.655598 ], [ 3.502589, 44.655575 ], [ 3.497755, 44.648228 ], [ 3.503732, 44.642835 ], [ 3.504814, 44.642531 ], [ 3.506462, 44.637545 ], [ 3.510887879323477, 44.632488262370671 ], [ 3.509369, 44.632739 ], [ 3.509128, 44.632855 ], [ 3.508632, 44.633065 ], [ 3.502788, 44.63989 ], [ 3.501451, 44.641883 ], [ 3.501285, 44.642175 ], [ 3.501126, 44.642337 ], [ 3.497069, 44.647683 ], [ 3.496953, 44.647904 ], [ 3.497897, 44.654817 ], [ 3.500989, 44.656086 ], [ 3.501087, 44.656433 ], [ 3.500358, 44.657211 ], [ 3.496664, 44.656729 ], [ 3.489202, 44.657723 ], [ 3.487838, 44.663226 ], [ 3.487885, 44.663416 ], [ 3.494074, 44.667977 ], [ 3.496719, 44.668963 ], [ 3.497568, 44.669086 ], [ 3.498074, 44.669178 ], [ 3.498581, 44.66927 ], [ 3.498516, 44.669624 ], [ 3.494115, 44.673401 ], [ 3.493836, 44.673628 ], [ 3.48708, 44.66995 ], [ 3.486185, 44.668785 ], [ 3.485523, 44.668129 ], [ 3.485038, 44.667492 ], [ 3.47646, 44.666731 ], [ 3.4761, 44.666722 ], [ 3.468776, 44.665031 ], [ 3.467263, 44.664167 ], [ 3.46932, 44.665727 ] ] ], [ [ [ 3.43861, 44.671955 ], [ 3.447327, 44.672284 ], [ 3.448963, 44.675276 ], [ 3.456499, 44.680084 ], [ 3.456791, 44.680294 ], [ 3.457307, 44.679717 ], [ 3.457554, 44.679448 ], [ 3.4578, 44.679179 ], [ 3.457977, 44.678923 ], [ 3.458138, 44.678687 ], [ 3.458347, 44.678167 ], [ 3.458441, 44.67787 ], [ 3.458528, 44.677594 ], [ 3.459244, 44.675387 ], [ 3.461313, 44.670912 ], [ 3.461291, 44.670553 ], [ 3.467263, 44.664167 ], [ 3.462278, 44.663514 ], [ 3.461918, 44.663514 ], [ 3.4576, 44.66281 ], [ 3.455449, 44.663846 ], [ 3.453786, 44.670341 ], [ 3.457406, 44.672641 ], [ 3.457376, 44.673 ], [ 3.455657, 44.674505 ], [ 3.4553, 44.67455 ], [ 3.453154, 44.672051 ], [ 3.446431, 44.671502 ], [ 3.446325, 44.671442 ], [ 3.439659, 44.670369 ], [ 3.437033, 44.671757 ], [ 3.435591, 44.673192 ], [ 3.435415, 44.673342 ], [ 3.435206, 44.673516 ], [ 3.43861, 44.671955 ] ] ], [ [ [ 3.431084, 44.677026 ], [ 3.426027, 44.678993 ], [ 3.425267, 44.679334 ], [ 3.425194, 44.679687 ], [ 3.425257, 44.682078 ], [ 3.425358, 44.682423 ], [ 3.427569, 44.682843 ], [ 3.427794, 44.682561 ], [ 3.431202, 44.678641 ], [ 3.431362, 44.678501 ], [ 3.431503, 44.678303 ], [ 3.435206, 44.673516 ], [ 3.432336, 44.676083 ], [ 3.431566, 44.677001 ], [ 3.431294399549232, 44.676772855621365 ], [ 3.431084, 44.677026 ] ] ], [ [ [ 3.437134504665507, 44.66715470325704 ], [ 3.437361, 44.664385 ], [ 3.43591795724928, 44.663850276086855 ], [ 3.437134504665507, 44.66715470325704 ] ] ] ] } },
{ "type": "Feature", "properties": { "codgeo": "48127", "value": 540, "isochrone_group": 9.0, "nb_agences": 1 }, "geometry": { "type": "MultiPolygon", "coordinates": [ [ [ [ 3.430218, 44.625862 ], [ 3.429872, 44.625864 ], [ 3.429527, 44.62593 ], [ 3.429201, 44.626095 ], [ 3.428592, 44.626444 ], [ 3.428206, 44.626623 ], [ 3.427848, 44.626865 ], [ 3.427491, 44.627107 ], [ 3.427692, 44.627405 ], [ 3.42805, 44.627163 ], [ 3.431185, 44.626428 ], [ 3.434988, 44.633074 ], [ 3.435214, 44.633176 ], [ 3.435441, 44.633278 ], [ 3.435627, 44.633333 ], [ 3.436301, 44.633357 ], [ 3.44236, 44.638774 ], [ 3.442491, 44.638962 ], [ 3.437406, 44.646305 ], [ 3.43566, 44.645585 ], [ 3.43537, 44.645401 ], [ 3.43333, 44.644837 ], [ 3.433031, 44.644812 ], [ 3.432687, 44.644879 ], [ 3.431445, 44.64523 ], [ 3.431268, 44.645294 ], [ 3.431069, 44.645369 ], [ 3.429973, 44.645713 ], [ 3.427165, 44.64624 ], [ 3.426364, 44.646446 ], [ 3.426327, 44.646804 ], [ 3.426421, 44.646881 ], [ 3.423424, 44.655341 ], [ 3.415286, 44.656889 ], [ 3.414926, 44.656875 ], [ 3.410496, 44.66138 ], [ 3.406539, 44.662616 ], [ 3.406319, 44.662652 ], [ 3.406088, 44.66269 ], [ 3.40548, 44.66283 ], [ 3.404873, 44.662969 ], [ 3.404954, 44.66332 ], [ 3.405561, 44.663181 ], [ 3.407432, 44.662904 ], [ 3.408281, 44.662835 ], [ 3.408567, 44.662777 ], [ 3.40883, 44.662722 ], [ 3.409162, 44.662573 ], [ 3.416195, 44.668015 ], [ 3.416533, 44.66814 ], [ 3.423593, 44.669742 ], [ 3.42095, 44.678156 ], [ 3.420545, 44.678925 ], [ 3.420451, 44.679189 ], [ 3.420478, 44.679379 ], [ 3.418576, 44.685786 ], [ 3.416045, 44.687582 ], [ 3.416173, 44.687919 ], [ 3.416399, 44.687833 ], [ 3.416625, 44.687747 ], [ 3.416913, 44.687618 ], [ 3.417671, 44.687309 ], [ 3.418064, 44.687162 ], [ 3.418457, 44.687014 ], [ 3.427385, 44.68602 ], [ 3.428557, 44.686758 ], [ 3.432123, 44.689163 ], [ 3.432476, 44.689091 ], [ 3.432456, 44.687616 ], [ 3.432386, 44.687434 ], [ 3.43194, 44.680398 ], [ 3.437206, 44.674064 ], [ 3.43754, 44.673929 ], [ 3.438524, 44.672031 ], [ 3.439223770438869, 44.671978165134142 ], [ 3.43861, 44.671955 ], [ 3.435206, 44.673516 ], [ 3.431503, 44.678303 ], [ 3.431362, 44.678501 ], [ 3.431202, 44.678641 ], [ 3.427794, 44.682561 ], [ 3.427569, 44.682843 ], [ 3.425358, 44.682423 ], [ 3.425257, 44.682078 ], [ 3.425194, 44.679687 ], [ 3.425267, 44.679334 ], [ 3.426027, 44.678993 ], [ 3.431084, 44.677026 ], [ 3.43197, 44.67596 ], [ 3.43283, 44.674935 ], [ 3.43314, 44.674585 ], [ 3.433447, 44.67424 ], [ 3.433711, 44.673991 ], [ 3.433958, 44.673799 ], [ 3.434259, 44.673607 ], [ 3.435357, 44.672918 ], [ 3.436779, 44.671502 ], [ 3.43821, 44.670076 ], [ 3.43513, 44.66171 ], [ 3.434915, 44.661683 ], [ 3.434378, 44.661581 ], [ 3.433846, 44.661479 ], [ 3.430671, 44.661906 ], [ 3.426138, 44.666606 ], [ 3.42578, 44.666647 ], [ 3.422032, 44.665625 ], [ 3.420203, 44.66482 ], [ 3.419931, 44.664584 ], [ 3.416428, 44.661549 ], [ 3.416383, 44.661192 ], [ 3.417204, 44.661057 ], [ 3.425215, 44.659244 ], [ 3.428619, 44.656245 ], [ 3.428992, 44.656233 ], [ 3.429364, 44.656221 ], [ 3.429611, 44.656224 ], [ 3.429849, 44.656227 ], [ 3.430197, 44.656252 ], [ 3.431171, 44.656766 ], [ 3.432072, 44.657258 ], [ 3.432323, 44.65737 ], [ 3.432587, 44.657488 ], [ 3.43289, 44.657691 ], [ 3.438653, 44.65715 ], [ 3.43962, 44.651625 ], [ 3.436017, 44.647291 ], [ 3.435351, 44.646716 ], [ 3.434684, 44.646141 ], [ 3.434919, 44.645869 ], [ 3.437867, 44.646857 ], [ 3.4382, 44.646993 ], [ 3.438891, 44.647347 ], [ 3.445272, 44.641353 ], [ 3.442887, 44.63892 ], [ 3.44262, 44.638679 ], [ 3.43983, 44.634067 ], [ 3.439359, 44.633718 ], [ 3.439573, 44.633429 ], [ 3.439708, 44.62453 ], [ 3.438601, 44.624297 ], [ 3.438102, 44.624276 ], [ 3.436187, 44.624631 ], [ 3.435995, 44.624712 ], [ 3.435789, 44.62477 ], [ 3.435572, 44.624832 ], [ 3.435311, 44.624888 ], [ 3.43504, 44.624946 ], [ 3.433464, 44.62553 ], [ 3.433209, 44.625276 ], [ 3.433444, 44.62504 ], [ 3.433727, 44.624847 ], [ 3.430218, 44.625862 ] ] ], [ [ [ 3.412966, 44.616331 ], [ 3.412709, 44.616583 ], [ 3.410686, 44.621807 ], [ 3.410726, 44.622165 ], [ 3.412291, 44.628204 ], [ 3.412463, 44.62852 ], [ 3.413304, 44.628503 ], [ 3.413611, 44.628315 ], [ 3.414541, 44.626783 ], [ 3.414689, 44.626508 ], [ 3.418929, 44.621235 ], [ 3.418803, 44.620898 ], [ 3.418084, 44.615779 ], [ 3.416265, 44.619725 ], [ 3.414999, 44.622805 ], [ 3.41464, 44.622779 ], [ 3.414321, 44.620474 ], [ 3.414212, 44.618058 ], [ 3.414463, 44.617801 ], [ 3.417851, 44.614707 ], [ 3.412966, 44.616331 ] ] ], [ [ [ 3.441564, 44.606037 ], [ 3.441376, 44.605912 ], [ 3.441121, 44.606037 ], [ 3.440755, 44.606823 ], [ 3.432282, 44.603898 ], [ 3.432878, 44.599928 ], [ 3.433211, 44.599433 ], [ 3.433543, 44.598938 ], [ 3.433244, 44.598738 ], [ 3.429387, 44.60158 ], [ 3.421386, 44.604652 ], [ 3.420594, 44.603502 ], [ 3.419883, 44.602308 ], [ 3.419726, 44.602047 ], [ 3.419516, 44.60173 ], [ 3.419169, 44.601451 ], [ 3.411147, 44.600714 ], [ 3.40393, 44.597553 ], [ 3.403571, 44.59757 ], [ 3.397999, 44.604633 ], [ 3.397795, 44.604734 ], [ 3.397559, 44.604869 ], [ 3.39731, 44.605012 ], [ 3.397081, 44.60517 ], [ 3.396853, 44.605329 ], [ 3.397058, 44.605625 ], [ 3.399692, 44.605888 ], [ 3.400239, 44.605709 ], [ 3.400787, 44.605529 ], [ 3.401021, 44.605389 ], [ 3.401216, 44.605267 ], [ 3.408222, 44.604219 ], [ 3.411724, 44.606025 ], [ 3.408275, 44.604227 ], [ 3.408316, 44.60387 ], [ 3.411247, 44.603975 ], [ 3.411496, 44.604235 ], [ 3.41436, 44.606118 ], [ 3.42126, 44.605441 ], [ 3.421601, 44.605328 ], [ 3.430258, 44.603632 ], [ 3.431237, 44.604028 ], [ 3.431173, 44.604382 ], [ 3.434601, 44.612657 ], [ 3.43717, 44.61288 ], [ 3.442363, 44.607017 ], [ 3.442385, 44.606657 ], [ 3.442611, 44.606671 ], [ 3.442774, 44.606725 ], [ 3.441564, 44.606037 ] ] ], [ [ [ 3.469616, 44.600212 ], [ 3.469443, 44.600133 ], [ 3.469197, 44.600079 ], [ 3.468415, 44.599845 ], [ 3.468063, 44.599921 ], [ 3.462313, 44.60241 ], [ 3.457661, 44.600562 ], [ 3.45326, 44.597605 ], [ 3.453041, 44.597376 ], [ 3.452775, 44.597283 ], [ 3.452503, 44.597227 ], [ 3.448979, 44.596542 ], [ 3.448811, 44.59686 ], [ 3.449093, 44.59701 ], [ 3.449375, 44.597159 ], [ 3.453058, 44.603229 ], [ 3.453278, 44.599883 ], [ 3.453306, 44.598784 ], [ 3.453653, 44.598691 ], [ 3.45455, 44.600242 ], [ 3.454529, 44.600601 ], [ 3.454551, 44.601927 ], [ 3.45452, 44.602194 ], [ 3.456161, 44.606991 ], [ 3.463429, 44.604135 ], [ 3.463531, 44.60343 ], [ 3.463743, 44.603139 ], [ 3.470504, 44.600728 ], [ 3.474878538938129, 44.600118598404094 ], [ 3.469616, 44.600212 ] ] ], [ [ [ 3.47941, 44.584951 ], [ 3.474669, 44.583969 ], [ 3.474393, 44.584201 ], [ 3.471305, 44.588869 ], [ 3.471509, 44.589165 ], [ 3.473535, 44.589329 ], [ 3.473843, 44.589299 ], [ 3.47408, 44.589264 ], [ 3.474949, 44.589215 ], [ 3.475204, 44.589209 ], [ 3.477038, 44.58898 ], [ 3.477341, 44.58892 ], [ 3.477361673622508, 44.58891304056273 ], [ 3.477246, 44.588573 ], [ 3.477147, 44.587288 ], [ 3.477114, 44.586929 ], [ 3.4774, 44.586902 ], [ 3.477704, 44.58692 ], [ 3.477963, 44.586976 ], [ 3.478281, 44.587111 ], [ 3.48159, 44.58784 ], [ 3.48222, 44.587858 ], [ 3.482581, 44.587904 ], [ 3.482771, 44.58794 ], [ 3.48295, 44.587974 ], [ 3.47941, 44.584951 ] ] ], [ [ [ 3.490154, 44.578596 ], [ 3.49001, 44.578768 ], [ 3.489902, 44.57896 ], [ 3.491258, 44.581357 ], [ 3.491173, 44.580996 ], [ 3.491088, 44.580634 ], [ 3.491714814436734, 44.576133170668847 ], [ 3.490154, 44.578596 ] ] ], [ [ [ 3.494507, 44.570828 ], [ 3.49913, 44.56557 ], [ 3.499194, 44.565529 ], [ 3.499612, 44.564957 ], [ 3.499336, 44.564726 ], [ 3.497185, 44.566026 ], [ 3.490491, 44.567309 ], [ 3.490164, 44.567459 ], [ 3.490269, 44.567691 ], [ 3.490375, 44.567922 ], [ 3.492086680357248, 44.574445324618267 ], [ 3.493442, 44.571025 ], [ 3.4938, 44.570992 ], [ 3.493856, 44.571606 ], [ 3.493912, 44.572219 ], [ 3.493902, 44.572429 ], [ 3.493891, 44.572612 ], [ 3.494507, 44.570828 ] ] ], [ [ [ 3.493891, 44.572612 ], [ 3.493789, 44.573141 ], [ 3.493958178676599, 44.573461485200859 ], [ 3.493891, 44.572612 ] ] ], [ [ [ 3.495167477515726, 44.575752331713851 ], [ 3.496856, 44.578951 ], [ 3.501938, 44.5786 ], [ 3.50228, 44.578413 ], [ 3.495167477515726, 44.575752331713851 ] ] ], [ [ [ 3.507049, 44.582629 ], [ 3.507241, 44.582752 ], [ 3.50747, 44.582893 ], [ 3.507638, 44.582948 ], [ 3.507821, 44.582975 ], [ 3.508385, 44.582975 ], [ 3.508969, 44.582973 ], [ 3.50935, 44.582927 ], [ 3.509571, 44.582857 ], [ 3.509745, 44.582769 ], [ 3.509993, 44.58257 ], [ 3.510241, 44.582372 ], [ 3.506991, 44.577655 ], [ 3.506785, 44.577359 ], [ 3.503552, 44.577957 ], [ 3.503844, 44.577997 ], [ 3.504352, 44.57816 ], [ 3.504287, 44.578513 ], [ 3.498239, 44.584461 ], [ 3.507049, 44.582629 ] ] ], [ [ [ 3.511429, 44.608525 ], [ 3.511286, 44.608402 ], [ 3.510688, 44.60795 ], [ 3.510381, 44.607672 ], [ 3.509873, 44.607152 ], [ 3.509645, 44.60688 ], [ 3.509451, 44.606686 ], [ 3.509257, 44.606491 ], [ 3.509002, 44.606746 ], [ 3.504526, 44.613958 ], [ 3.511132, 44.608609 ], [ 3.511478, 44.608706 ], [ 3.511893, 44.609244 ], [ 3.512138, 44.609516 ], [ 3.511429, 44.608525 ] ] ], [ [ [ 3.52097, 44.602958 ], [ 3.521116, 44.603348 ], [ 3.520975, 44.60297 ], [ 3.520961437724543, 44.602933993113751 ], [ 3.52097, 44.602958 ] ] ], [ [ [ 3.521088, 44.598326 ], [ 3.520728, 44.59831 ], [ 3.520574, 44.5996 ], [ 3.520509, 44.600108 ], [ 3.520446, 44.600602 ], [ 3.520449, 44.60081 ], [ 3.520453, 44.600992 ], [ 3.520812, 44.602515 ], [ 3.520839011425569, 44.602590734566633 ], [ 3.52117, 44.602466 ], [ 3.52193, 44.6037 ], [ 3.522947, 44.605243 ], [ 3.521088, 44.598326 ] ] ], [ [ [ 3.540129, 44.614411 ], [ 3.532476, 44.613586 ], [ 3.532758, 44.613683 ], [ 3.540312, 44.615047 ], [ 3.548297, 44.614924 ], [ 3.54855, 44.614882 ], [ 3.540129, 44.614411 ] ] ], [ [ [ 3.543765, 44.620161 ], [ 3.543854, 44.620367 ], [ 3.544033, 44.620458 ], [ 3.544249, 44.620473 ], [ 3.54991, 44.616601 ], [ 3.555528, 44.616136 ], [ 3.555886, 44.616098 ], [ 3.559485, 44.611983 ], [ 3.559665, 44.611671 ], [ 3.559364, 44.611497 ], [ 3.559065, 44.611358 ], [ 3.558845, 44.611295 ], [ 3.55857, 44.611251 ], [ 3.558353, 44.611246 ], [ 3.558162, 44.611243 ], [ 3.55796, 44.611249 ], [ 3.557768, 44.611256 ], [ 3.557443, 44.61129 ], [ 3.557201, 44.611348 ], [ 3.556983, 44.611401 ], [ 3.556758, 44.611492 ], [ 3.556571, 44.611585 ], [ 3.54855, 44.614882 ], [ 3.548814, 44.614839 ], [ 3.549094, 44.614812 ], [ 3.549385, 44.614784 ], [ 3.549644, 44.614777 ], [ 3.549902, 44.614769 ], [ 3.549913, 44.615129 ], [ 3.544094, 44.618731 ], [ 3.542262, 44.617908 ], [ 3.542051, 44.61782 ], [ 3.541758, 44.617657 ], [ 3.543765, 44.620161 ] ] ], [ [ [ 3.519579, 44.635837 ], [ 3.519929, 44.635753 ], [ 3.526005, 44.630751 ], [ 3.527631, 44.629619 ], [ 3.527432, 44.62932 ], [ 3.532261, 44.62179 ], [ 3.532484, 44.621861 ], [ 3.532856, 44.621849 ], [ 3.533215, 44.621821 ], [ 3.534203, 44.620706 ], [ 3.541758, 44.617657 ], [ 3.539264, 44.616541 ], [ 3.538577, 44.616364 ], [ 3.53097, 44.620564 ], [ 3.53068, 44.620501 ], [ 3.530136, 44.620405 ], [ 3.529867, 44.62037 ], [ 3.528486, 44.620161 ], [ 3.522001, 44.622267 ], [ 3.521986, 44.630896 ], [ 3.522138, 44.631176 ], [ 3.522102, 44.631412 ], [ 3.521682, 44.631912 ], [ 3.519529, 44.632773 ], [ 3.519178, 44.632691 ], [ 3.51452746689809, 44.632224393325707 ], [ 3.519579, 44.635837 ] ] ], [ [ [ 3.505899, 44.642628 ], [ 3.506676, 44.642671 ], [ 3.507376, 44.642733 ], [ 3.507615, 44.642721 ], [ 3.509747, 44.642681 ], [ 3.510149, 44.64274 ], [ 3.5102, 44.642384 ], [ 3.508121, 44.639227 ], [ 3.511394, 44.63191 ], [ 3.506462, 44.637545 ], [ 3.504814, 44.642531 ], [ 3.503732, 44.642835 ], [ 3.505899, 44.642628 ] ] ], [ [ [ 3.447475, 44.676021 ], [ 3.4474, 44.676311 ], [ 3.447326, 44.676602 ], [ 3.447675, 44.676691 ], [ 3.453028, 44.678324 ], [ 3.456606, 44.680604 ], [ 3.456896, 44.680778 ], [ 3.461745, 44.683964 ], [ 3.46204, 44.683757 ], [ 3.461155, 44.680537 ], [ 3.461136, 44.68036 ], [ 3.461074, 44.680068 ], [ 3.461487, 44.675183 ], [ 3.461495, 44.674957 ], [ 3.461504, 44.67473 ], [ 3.462022, 44.672182 ], [ 3.462882, 44.670539 ], [ 3.471183, 44.670924 ], [ 3.472146, 44.67168 ], [ 3.474897, 44.67329 ], [ 3.475708, 44.674052 ], [ 3.476049, 44.674284 ], [ 3.476396, 44.674518 ], [ 3.476675, 44.674694 ], [ 3.476954, 44.67487 ], [ 3.485808, 44.674063 ], [ 3.486011, 44.674245 ], [ 3.486214, 44.674427 ], [ 3.491066, 44.681336 ], [ 3.493846, 44.687781 ], [ 3.493895, 44.688026 ], [ 3.494098, 44.688369 ], [ 3.494842, 44.689687 ], [ 3.495191, 44.689601 ], [ 3.498796, 44.68399 ], [ 3.498675, 44.683817 ], [ 3.498554, 44.683644 ], [ 3.498397, 44.683458 ], [ 3.50067, 44.675436 ], [ 3.503006, 44.675477 ], [ 3.503187, 44.675529 ], [ 3.503287, 44.675184 ], [ 3.507177, 44.669377 ], [ 3.515537, 44.667382 ], [ 3.51569, 44.667056 ], [ 3.514024, 44.665567 ], [ 3.510203, 44.662245 ], [ 3.505592, 44.654843 ], [ 3.50524, 44.65477 ], [ 3.50251549642649, 44.655463284908024 ], [ 3.502589, 44.655575 ], [ 3.503039, 44.655598 ], [ 3.503305, 44.655648 ], [ 3.504024, 44.655935 ], [ 3.504111, 44.656088 ], [ 3.503919, 44.656393 ], [ 3.501547, 44.658299 ], [ 3.506006, 44.665542 ], [ 3.506161, 44.665675 ], [ 3.506252, 44.665805 ], [ 3.506043, 44.666015 ], [ 3.503197, 44.668333 ], [ 3.502957, 44.668555 ], [ 3.50257, 44.668791 ], [ 3.502211, 44.669006 ], [ 3.501749, 44.669227 ], [ 3.501301, 44.669438 ], [ 3.498121, 44.677606 ], [ 3.495509, 44.68103 ], [ 3.495149, 44.681011 ], [ 3.49517, 44.680622 ], [ 3.49519, 44.680232 ], [ 3.493886, 44.674572 ], [ 3.490196, 44.67237 ], [ 3.483543, 44.670456 ], [ 3.475451, 44.671035 ], [ 3.475112, 44.670914 ], [ 3.471428, 44.667386 ], [ 3.471097, 44.667241 ], [ 3.470861, 44.667062 ], [ 3.470663, 44.666906 ], [ 3.470392, 44.666675 ], [ 3.470126, 44.666449 ], [ 3.469575, 44.665967 ], [ 3.46932, 44.665727 ], [ 3.467263, 44.664167 ], [ 3.461291, 44.670553 ], [ 3.461313, 44.670912 ], [ 3.459244, 44.675387 ], [ 3.458528, 44.677594 ], [ 3.458441, 44.67787 ], [ 3.458347, 44.678167 ], [ 3.458138, 44.678687 ], [ 3.457977, 44.678923 ], [ 3.4578, 44.679179 ], [ 3.457554, 44.679448 ], [ 3.457307, 44.679717 ], [ 3.456791, 44.680294 ], [ 3.456499, 44.680084 ], [ 3.448963, 44.675276 ], [ 3.447327, 44.672284 ], [ 3.446528900311286, 44.672253877848163 ], [ 3.447475, 44.676021 ] ] ] ] } },
{ "type": "Feature", "properties": { "codgeo": "48127", "value": 600, "isochrone_group": 10.0, "nb_agences": 1 }, "geometry": { "type": "MultiPolygon", "coordinates": [ [ [ [ 3.492244, 44.564271 ], [ 3.490433, 44.564186 ], [ 3.489116, 44.56552 ], [ 3.489489, 44.566346 ], [ 3.49002, 44.567219 ], [ 3.490375, 44.567922 ], [ 3.490269, 44.567691 ], [ 3.490164, 44.567459 ], [ 3.490491, 44.567309 ], [ 3.497185, 44.566026 ], [ 3.499336, 44.564726 ], [ 3.499612, 44.564957 ], [ 3.499194, 44.565529 ], [ 3.49913, 44.56557 ], [ 3.494507, 44.570828 ], [ 3.493891, 44.572612 ], [ 3.494108, 44.575356 ], [ 3.496085747306974, 44.576095840126946 ], [ 3.495028, 44.572175 ], [ 3.499455, 44.565668 ], [ 3.499554, 44.565615 ], [ 3.500769, 44.564983 ], [ 3.502669, 44.56423 ], [ 3.503515, 44.563988 ], [ 3.50497, 44.56385 ], [ 3.50499, 44.56349 ], [ 3.504983008525234, 44.563177157591817 ], [ 3.504952, 44.563201 ], [ 3.504743, 44.563318 ], [ 3.504196, 44.563306 ], [ 3.50412, 44.563302 ], [ 3.503631, 44.563162 ], [ 3.502646, 44.560564 ], [ 3.502206757393524, 44.559609082703552 ], [ 3.499307, 44.562069 ], [ 3.492244, 44.564271 ] ] ], [ [ [ 3.488432, 44.577778 ], [ 3.488076, 44.577833 ], [ 3.481047, 44.582968 ], [ 3.472116, 44.581993 ], [ 3.470745, 44.581239 ], [ 3.470506, 44.581507 ], [ 3.467552, 44.589489 ], [ 3.46768, 44.589826 ], [ 3.466842, 44.598773 ], [ 3.458788, 44.60064 ], [ 3.458521, 44.600556 ], [ 3.458176, 44.600492 ], [ 3.45326, 44.597605 ], [ 3.457661, 44.600562 ], [ 3.462313, 44.60241 ], [ 3.468063, 44.599921 ], [ 3.468415, 44.599845 ], [ 3.469197, 44.600079 ], [ 3.469443, 44.600133 ], [ 3.469616, 44.600212 ], [ 3.475363, 44.60011 ], [ 3.475493, 44.600033 ], [ 3.475639, 44.599979 ], [ 3.475874, 44.599956 ], [ 3.475976, 44.599985 ], [ 3.480265, 44.601313 ], [ 3.485083, 44.594161 ], [ 3.480569, 44.588157 ], [ 3.477948, 44.588664 ], [ 3.477644, 44.588818 ], [ 3.477341, 44.58892 ], [ 3.477038, 44.58898 ], [ 3.475204, 44.589209 ], [ 3.474949, 44.589215 ], [ 3.47408, 44.589264 ], [ 3.473843, 44.589299 ], [ 3.473535, 44.589329 ], [ 3.471509, 44.589165 ], [ 3.471305, 44.588869 ], [ 3.474393, 44.584201 ], [ 3.474669, 44.583969 ], [ 3.47941, 44.584951 ], [ 3.48295, 44.587974 ], [ 3.483374, 44.588095 ], [ 3.484111, 44.588271 ], [ 3.484456, 44.588334 ], [ 3.484655, 44.588403 ], [ 3.484825, 44.588464 ], [ 3.485056, 44.588564 ], [ 3.491595, 44.582467 ], [ 3.491428, 44.581918 ], [ 3.491258, 44.581357 ], [ 3.489902, 44.57896 ], [ 3.49001, 44.578768 ], [ 3.490154, 44.578596 ], [ 3.492291, 44.575224 ], [ 3.488432, 44.577778 ] ] ], [ [ [ 3.447727, 44.593701 ], [ 3.447397, 44.593558 ], [ 3.438513, 44.592981 ], [ 3.434426, 44.595329 ], [ 3.428919, 44.599573 ], [ 3.428624, 44.599778 ], [ 3.420594, 44.603502 ], [ 3.421386, 44.604652 ], [ 3.429387, 44.60158 ], [ 3.433244, 44.598738 ], [ 3.433543, 44.598938 ], [ 3.433211, 44.599433 ], [ 3.432878, 44.599928 ], [ 3.432282, 44.603898 ], [ 3.440755, 44.606823 ], [ 3.441121, 44.606037 ], [ 3.441376, 44.605912 ], [ 3.441564, 44.606037 ], [ 3.442774, 44.606725 ], [ 3.443072, 44.60691 ], [ 3.443243, 44.60705 ], [ 3.443337, 44.607268 ], [ 3.443571, 44.60796 ], [ 3.450376, 44.611416 ], [ 3.453335, 44.60428 ], [ 3.453219, 44.604014 ], [ 3.453129, 44.60369 ], [ 3.453058, 44.603229 ], [ 3.449375, 44.597159 ], [ 3.449093, 44.59701 ], [ 3.448811, 44.59686 ], [ 3.448979, 44.596542 ], [ 3.452503, 44.597227 ], [ 3.452775, 44.597283 ], [ 3.447727, 44.593701 ] ] ], [ [ [ 3.418976, 44.599301 ], [ 3.418924, 44.598937 ], [ 3.418712, 44.598865 ], [ 3.417048, 44.599065 ], [ 3.416853, 44.599081 ], [ 3.416657, 44.599096 ], [ 3.410995, 44.599478 ], [ 3.406264, 44.592214 ], [ 3.405026, 44.590417 ], [ 3.404667, 44.590392 ], [ 3.404636, 44.59083 ], [ 3.404383, 44.592629 ], [ 3.404349, 44.592911 ], [ 3.404331, 44.593532 ], [ 3.404314, 44.594136 ], [ 3.403617, 44.597168 ], [ 3.403568, 44.597397 ], [ 3.39828, 44.603543 ], [ 3.392042, 44.6022 ], [ 3.391775, 44.60201 ], [ 3.391153, 44.601666 ], [ 3.390532, 44.601322 ], [ 3.390357, 44.601637 ], [ 3.38881, 44.607283 ], [ 3.388741, 44.607636 ], [ 3.389153, 44.607716 ], [ 3.389565, 44.607796 ], [ 3.389848, 44.607804 ], [ 3.390968, 44.607793 ], [ 3.391249, 44.60779 ], [ 3.396303, 44.608009 ], [ 3.39664, 44.607882 ], [ 3.40016212123105, 44.605734157769007 ], [ 3.399692, 44.605888 ], [ 3.397058, 44.605625 ], [ 3.396853, 44.605329 ], [ 3.397081, 44.60517 ], [ 3.39731, 44.605012 ], [ 3.397559, 44.604869 ], [ 3.397795, 44.604734 ], [ 3.397999, 44.604633 ], [ 3.403571, 44.59757 ], [ 3.40393, 44.597553 ], [ 3.411147, 44.600714 ], [ 3.419169, 44.601451 ], [ 3.419516, 44.60173 ], [ 3.419726, 44.602047 ], [ 3.418976, 44.599301 ] ] ], [ [ [ 3.411163, 44.614317 ], [ 3.410891, 44.614553 ], [ 3.406626, 44.622295 ], [ 3.406488, 44.622397 ], [ 3.406702, 44.622687 ], [ 3.405364, 44.631545 ], [ 3.404522, 44.632836 ], [ 3.404659, 44.633169 ], [ 3.405799, 44.632782 ], [ 3.406147, 44.63269 ], [ 3.408717, 44.631162 ], [ 3.414389, 44.630306 ], [ 3.414662, 44.630072 ], [ 3.414689, 44.626508 ], [ 3.414541, 44.626783 ], [ 3.413611, 44.628315 ], [ 3.413304, 44.628503 ], [ 3.412463, 44.62852 ], [ 3.412291, 44.628204 ], [ 3.410726, 44.622165 ], [ 3.410686, 44.621807 ], [ 3.412709, 44.616583 ], [ 3.412966, 44.616331 ], [ 3.417851, 44.614707 ], [ 3.415952, 44.607619 ], [ 3.41539, 44.607202 ], [ 3.412763, 44.606273 ], [ 3.412452, 44.60625 ], [ 3.412256, 44.606215 ], [ 3.412023, 44.60617 ], [ 3.411724, 44.606025 ], [ 3.411163, 44.614317 ] ] ], [ [ [ 3.418897, 44.621055 ], [ 3.418084, 44.615779 ], [ 3.418803, 44.620898 ], [ 3.418866059917316, 44.621066660255025 ], [ 3.418897, 44.621055 ] ] ], [ [ [ 3.42783, 44.626877 ], [ 3.427271, 44.62724 ], [ 3.427071, 44.627358 ], [ 3.426519, 44.627717 ], [ 3.425954, 44.628084 ], [ 3.425732, 44.628256 ], [ 3.425492, 44.628443 ], [ 3.423737, 44.629402 ], [ 3.423708, 44.629761 ], [ 3.424399, 44.630244 ], [ 3.42915, 44.631833 ], [ 3.429448, 44.631896 ], [ 3.429746, 44.63196 ], [ 3.430105, 44.63201 ], [ 3.430835, 44.632153 ], [ 3.431164, 44.632214 ], [ 3.431892, 44.632301 ], [ 3.432469, 44.632396 ], [ 3.433754, 44.632769 ], [ 3.433989, 44.632829 ], [ 3.435441, 44.633278 ], [ 3.435214, 44.633176 ], [ 3.434988, 44.633074 ], [ 3.431185, 44.626428 ], [ 3.42805, 44.627163 ], [ 3.427692, 44.627405 ], [ 3.427491, 44.627107 ], [ 3.427848, 44.626865 ], [ 3.428206, 44.626623 ], [ 3.42783, 44.626877 ] ] ], [ [ [ 3.425247, 44.64504 ], [ 3.424933, 44.644865 ], [ 3.418555, 44.645893 ], [ 3.418288, 44.646135 ], [ 3.416899, 44.64722 ], [ 3.416688, 44.647512 ], [ 3.412486, 44.655151 ], [ 3.412536, 44.655508 ], [ 3.407590872486661, 44.6622874393749 ], [ 3.410496, 44.66138 ], [ 3.414926, 44.656875 ], [ 3.415286, 44.656889 ], [ 3.423424, 44.655341 ], [ 3.426421, 44.646881 ], [ 3.426327, 44.646804 ], [ 3.426364, 44.646446 ], [ 3.427165, 44.64624 ], [ 3.429973, 44.645713 ], [ 3.431069, 44.645369 ], [ 3.425247, 44.64504 ] ] ], [ [ [ 3.403006, 44.661993 ], [ 3.402793, 44.661899 ], [ 3.402597, 44.661855 ], [ 3.400943, 44.661437 ], [ 3.40041, 44.661242 ], [ 3.400111, 44.661162 ], [ 3.397489, 44.66002 ], [ 3.397186, 44.659876 ], [ 3.395371, 44.659079 ], [ 3.39381, 44.659415 ], [ 3.393762, 44.659772 ], [ 3.394251, 44.659926 ], [ 3.395001, 44.659941 ], [ 3.398143, 44.660872 ], [ 3.401933, 44.666847 ], [ 3.40221, 44.667077 ], [ 3.407057, 44.666821 ], [ 3.411553, 44.670559 ], [ 3.415163, 44.672088 ], [ 3.415497, 44.672222 ], [ 3.418551, 44.6714 ], [ 3.418876, 44.671376 ], [ 3.419198, 44.671328 ], [ 3.419521, 44.671277 ], [ 3.422207, 44.671219 ], [ 3.422784, 44.670711 ], [ 3.423348840449947, 44.670519282805209 ], [ 3.423593, 44.669742 ], [ 3.416533, 44.66814 ], [ 3.416195, 44.668015 ], [ 3.409162, 44.662573 ], [ 3.40883, 44.662722 ], [ 3.408567, 44.662777 ], [ 3.408281, 44.662835 ], [ 3.407432, 44.662904 ], [ 3.405561, 44.663181 ], [ 3.404954, 44.66332 ], [ 3.404873, 44.662969 ], [ 3.40548, 44.66283 ], [ 3.406088, 44.66269 ], [ 3.406319, 44.662652 ], [ 3.406539, 44.662616 ], [ 3.403006, 44.661993 ] ] ], [ [ [ 3.414159, 44.687943 ], [ 3.413472, 44.688034 ], [ 3.41255, 44.688069 ], [ 3.409994, 44.687772 ], [ 3.408355, 44.689025 ], [ 3.408155, 44.689158 ], [ 3.406471, 44.690357 ], [ 3.405447, 44.69097 ], [ 3.405211, 44.691126 ], [ 3.40541, 44.691426 ], [ 3.41376, 44.690093 ], [ 3.421324, 44.688753 ], [ 3.429438, 44.691498 ], [ 3.433113, 44.694905 ], [ 3.434629, 44.697016 ], [ 3.434989, 44.697019 ], [ 3.439651, 44.690521 ], [ 3.439867, 44.690233 ], [ 3.439622, 44.69005 ], [ 3.4394, 44.689921 ], [ 3.439201, 44.689839 ], [ 3.438978, 44.689783 ], [ 3.438756, 44.68976 ], [ 3.438536, 44.689781 ], [ 3.438352, 44.689801 ], [ 3.433014, 44.687466 ], [ 3.434495, 44.681396 ], [ 3.434542, 44.681039 ], [ 3.436822, 44.676073 ], [ 3.445359, 44.677865 ], [ 3.44607, 44.677828 ], [ 3.446288, 44.677781 ], [ 3.446465, 44.677739 ], [ 3.453015, 44.678358 ], [ 3.453179994391351, 44.67842085500623 ], [ 3.453028, 44.678324 ], [ 3.447675, 44.676691 ], [ 3.447326, 44.676602 ], [ 3.4474, 44.676311 ], [ 3.447475, 44.676021 ], [ 3.446325, 44.671442 ], [ 3.438524, 44.672031 ], [ 3.43754, 44.673929 ], [ 3.437206, 44.674064 ], [ 3.43194, 44.680398 ], [ 3.432386, 44.687434 ], [ 3.432456, 44.687616 ], [ 3.432476, 44.689091 ], [ 3.432123, 44.689163 ], [ 3.428557, 44.686758 ], [ 3.427385, 44.68602 ], [ 3.418457, 44.687014 ], [ 3.418064, 44.687162 ], [ 3.417671, 44.687309 ], [ 3.416913, 44.687618 ], [ 3.416625, 44.687747 ], [ 3.416399, 44.687833 ], [ 3.416173, 44.687919 ], [ 3.416045, 44.687582 ], [ 3.418576, 44.685786 ], [ 3.414159, 44.687943 ] ] ], [ [ [ 3.462615, 44.687261 ], [ 3.46297, 44.687201 ], [ 3.465426, 44.685413 ], [ 3.464585, 44.684615 ], [ 3.464212, 44.684306 ], [ 3.461617, 44.677478 ], [ 3.461678, 44.677151 ], [ 3.461727, 44.676488 ], [ 3.461732, 44.67629 ], [ 3.461736, 44.676109 ], [ 3.461709, 44.675963 ], [ 3.462022, 44.672182 ], [ 3.461504, 44.67473 ], [ 3.461495, 44.674957 ], [ 3.461487, 44.675183 ], [ 3.461074, 44.680068 ], [ 3.461136, 44.68036 ], [ 3.461155, 44.680537 ], [ 3.46204, 44.683757 ], [ 3.461745, 44.683964 ], [ 3.456896, 44.680778 ], [ 3.462615, 44.687261 ] ] ], [ [ [ 3.471784, 44.671805 ], [ 3.47328, 44.673616 ], [ 3.473784, 44.67412 ], [ 3.474005, 44.674273 ], [ 3.474215, 44.674369 ], [ 3.478455, 44.676467 ], [ 3.478651, 44.676602 ], [ 3.47958, 44.677137 ], [ 3.481201, 44.677309 ], [ 3.487807, 44.680165 ], [ 3.488039, 44.680343 ], [ 3.488256, 44.680435 ], [ 3.49280740742041, 44.685373183749832 ], [ 3.491066, 44.681336 ], [ 3.486214, 44.674427 ], [ 3.486011, 44.674245 ], [ 3.485808, 44.674063 ], [ 3.476954, 44.67487 ], [ 3.476675, 44.674694 ], [ 3.476396, 44.674518 ], [ 3.476049, 44.674284 ], [ 3.475708, 44.674052 ], [ 3.474897, 44.67329 ], [ 3.472146, 44.67168 ], [ 3.471183, 44.670924 ], [ 3.471784, 44.671805 ] ] ], [ [ [ 3.493342, 44.691681 ], [ 3.493293, 44.691925 ], [ 3.493269, 44.692208 ], [ 3.493261, 44.692567 ], [ 3.493335, 44.692885 ], [ 3.493533, 44.693157 ], [ 3.493705, 44.693344 ], [ 3.49391, 44.69356 ], [ 3.497134, 44.696803 ], [ 3.497232, 44.696894 ], [ 3.497383, 44.697 ], [ 3.497676, 44.69679 ], [ 3.497244, 44.695675 ], [ 3.49708, 44.695095 ], [ 3.496967, 44.694859 ], [ 3.496832, 44.694705 ], [ 3.495148, 44.690603 ], [ 3.499902, 44.686063 ], [ 3.501567, 44.686161 ], [ 3.50175, 44.686179 ], [ 3.501949, 44.686197 ], [ 3.502786, 44.686256 ], [ 3.502832, 44.685899 ], [ 3.504836, 44.678875 ], [ 3.506819, 44.676959 ], [ 3.506955, 44.676626 ], [ 3.510002, 44.670589 ], [ 3.517922, 44.670157 ], [ 3.518114, 44.670241 ], [ 3.518373, 44.670339 ], [ 3.522435, 44.671304 ], [ 3.522594, 44.670981 ], [ 3.518347, 44.665594 ], [ 3.515747, 44.660444 ], [ 3.515513, 44.66017 ], [ 3.512615, 44.660909 ], [ 3.509227, 44.660425 ], [ 3.506824, 44.652699 ], [ 3.506583, 44.652432 ], [ 3.506369, 44.652625 ], [ 3.506275, 44.652746 ], [ 3.502159, 44.655554 ], [ 3.50524, 44.65477 ], [ 3.505592, 44.654843 ], [ 3.510203, 44.662245 ], [ 3.514024, 44.665567 ], [ 3.51569, 44.667056 ], [ 3.515537, 44.667382 ], [ 3.507177, 44.669377 ], [ 3.503287, 44.675184 ], [ 3.503187, 44.675529 ], [ 3.503006, 44.675477 ], [ 3.50067, 44.675436 ], [ 3.498397, 44.683458 ], [ 3.498554, 44.683644 ], [ 3.498675, 44.683817 ], [ 3.498796, 44.68399 ], [ 3.495191, 44.689601 ], [ 3.494842, 44.689687 ], [ 3.494098, 44.688369 ], [ 3.493895, 44.688026 ], [ 3.493846, 44.687781 ], [ 3.493807162490568, 44.687690961241621 ], [ 3.493342, 44.691681 ] ] ], [ [ [ 3.512047, 44.644264 ], [ 3.512228, 44.644381 ], [ 3.512945, 44.644927 ], [ 3.513272, 44.645201 ], [ 3.513528, 44.645302 ], [ 3.513805, 44.64541 ], [ 3.514155, 44.645503 ], [ 3.514506, 44.645595 ], [ 3.519577, 44.63873 ], [ 3.51971, 44.638268 ], [ 3.519857, 44.637661 ], [ 3.519875, 44.637526 ], [ 3.525519809080226, 44.63115042807452 ], [ 3.519929, 44.635753 ], [ 3.519579, 44.635837 ], [ 3.513302, 44.631348 ], [ 3.511394, 44.63191 ], [ 3.508121, 44.639227 ], [ 3.5102, 44.642384 ], [ 3.510149, 44.64274 ], [ 3.509747, 44.642681 ], [ 3.507615, 44.642721 ], [ 3.512047, 44.644264 ] ] ], [ [ [ 3.531348, 44.629214 ], [ 3.531549, 44.629177 ], [ 3.532598, 44.628708 ], [ 3.533535, 44.628305 ], [ 3.537188, 44.622684 ], [ 3.544264, 44.620473 ], [ 3.547053, 44.620708 ], [ 3.548044, 44.620926 ], [ 3.556125, 44.6172 ], [ 3.556629, 44.617297 ], [ 3.557126, 44.617392 ], [ 3.557491, 44.617478 ], [ 3.557848, 44.617561 ], [ 3.558803, 44.61783 ], [ 3.559761, 44.618099 ], [ 3.560583, 44.61839 ], [ 3.567008, 44.614936 ], [ 3.572619, 44.611509 ], [ 3.572559, 44.611154 ], [ 3.564745, 44.610649 ], [ 3.563547, 44.610572 ], [ 3.562349, 44.610494 ], [ 3.557768, 44.611256 ], [ 3.55796, 44.611249 ], [ 3.558162, 44.611243 ], [ 3.558353, 44.611246 ], [ 3.55857, 44.611251 ], [ 3.558845, 44.611295 ], [ 3.559065, 44.611358 ], [ 3.559364, 44.611497 ], [ 3.559665, 44.611671 ], [ 3.559485, 44.611983 ], [ 3.555886, 44.616098 ], [ 3.555528, 44.616136 ], [ 3.54991, 44.616601 ], [ 3.544249, 44.620473 ], [ 3.544033, 44.620458 ], [ 3.543854, 44.620367 ], [ 3.543765, 44.620161 ], [ 3.541758, 44.617657 ], [ 3.534203, 44.620706 ], [ 3.533215, 44.621821 ], [ 3.532856, 44.621849 ], [ 3.532484, 44.621861 ], [ 3.532261, 44.62179 ], [ 3.527432, 44.62932 ], [ 3.527631, 44.629619 ], [ 3.526005, 44.630751 ], [ 3.531348, 44.629214 ] ] ], [ [ [ 3.521376, 44.597141 ], [ 3.52141, 44.596639 ], [ 3.521078, 44.59394 ], [ 3.521017, 44.592709 ], [ 3.520657, 44.592727 ], [ 3.520718, 44.593958 ], [ 3.520779, 44.595189 ], [ 3.520738, 44.598245 ], [ 3.52073012142962, 44.59831009428575 ], [ 3.521088, 44.598326 ], [ 3.522947, 44.605243 ], [ 3.521376, 44.597141 ] ] ], [ [ [ 3.509450999998872, 44.606685999998859 ], [ 3.509451, 44.606686 ], [ 3.509645, 44.60688 ], [ 3.509450999998872, 44.606685999998859 ] ] ], [ [ [ 3.509202, 44.606445 ], [ 3.509052, 44.606364 ], [ 3.508475, 44.60615 ], [ 3.50832, 44.606475 ], [ 3.504526, 44.613958 ], [ 3.509002, 44.606746 ], [ 3.509253355932202, 44.606494644067787 ], [ 3.509202, 44.606445 ] ] ], [ [ [ 3.511306, 44.582672 ], [ 3.511555, 44.582642 ], [ 3.511828, 44.582607 ], [ 3.513085, 44.582384 ], [ 3.513963, 44.582264 ], [ 3.51601, 44.582405 ], [ 3.516257, 44.582431 ], [ 3.516526, 44.582459 ], [ 3.519222, 44.583249 ], [ 3.519564, 44.583136 ], [ 3.519489, 44.58291 ], [ 3.519415, 44.582685 ], [ 3.519322, 44.582508 ], [ 3.519116, 44.582349 ], [ 3.518922, 44.582271 ], [ 3.518528, 44.582199 ], [ 3.518166, 44.582135 ], [ 3.517821, 44.58211 ], [ 3.517495, 44.582086 ], [ 3.515175, 44.581805 ], [ 3.511423, 44.58024 ], [ 3.508253, 44.575712 ], [ 3.508007, 44.57545 ], [ 3.507692, 44.575744 ], [ 3.507377, 44.576038 ], [ 3.503552, 44.577957 ], [ 3.506785, 44.577359 ], [ 3.506991, 44.577655 ], [ 3.510241, 44.582372 ], [ 3.509993, 44.58257 ], [ 3.509745, 44.582769 ], [ 3.509571, 44.582857 ], [ 3.50935, 44.582927 ], [ 3.511306, 44.582672 ] ] ] ] } },
{ "type": "Feature", "properties": { "codgeo": "48127", "value": 660, "isochrone_group": 11.0, "nb_agences": 1 }, "geometry": { "type": "MultiPolygon", "coordinates": [ [ [ [ 3.490838, 44.562691 ], [ 3.488679, 44.564247 ], [ 3.488271, 44.564732 ], [ 3.487997, 44.56524 ], [ 3.487871, 44.566277 ], [ 3.487922, 44.56656 ], [ 3.488495, 44.567767 ], [ 3.488902, 44.568596 ], [ 3.489542, 44.576944 ], [ 3.4829, 44.578621 ], [ 3.479354, 44.578 ], [ 3.471794, 44.579906 ], [ 3.470095, 44.578234 ], [ 3.4698, 44.578049 ], [ 3.467467, 44.577346 ], [ 3.465291, 44.577127 ], [ 3.464854, 44.5807 ], [ 3.462686, 44.587545 ], [ 3.462028, 44.588744 ], [ 3.462289, 44.590056 ], [ 3.46351, 44.591333 ], [ 3.464847, 44.591899 ], [ 3.465424, 44.591953 ], [ 3.467037, 44.59177 ], [ 3.467490640722329, 44.591847715342858 ], [ 3.46768, 44.589826 ], [ 3.467552, 44.589489 ], [ 3.470506, 44.581507 ], [ 3.470745, 44.581239 ], [ 3.472116, 44.581993 ], [ 3.481047, 44.582968 ], [ 3.488076, 44.577833 ], [ 3.488432, 44.577778 ], [ 3.492291, 44.575224 ], [ 3.490997, 44.568435 ], [ 3.490713, 44.568212 ], [ 3.490375, 44.567922 ], [ 3.49002, 44.567219 ], [ 3.489489, 44.566346 ], [ 3.489116, 44.56552 ], [ 3.490433, 44.564186 ], [ 3.492244, 44.564271 ], [ 3.496180150676296, 44.563043843863909 ], [ 3.49822575628683, 44.558740887884625 ], [ 3.496248, 44.560731 ], [ 3.490838, 44.562691 ] ] ], [ [ [ 3.455307, 44.598599 ], [ 3.45504, 44.597833 ], [ 3.454519, 44.596585 ], [ 3.453584, 44.59585 ], [ 3.451212, 44.590362 ], [ 3.451153, 44.59007 ], [ 3.450591, 44.589041 ], [ 3.45028, 44.589002 ], [ 3.449481, 44.588967 ], [ 3.447673, 44.589151 ], [ 3.440167, 44.585955 ], [ 3.436567, 44.585882 ], [ 3.436559, 44.586283 ], [ 3.436611, 44.586885 ], [ 3.430373, 44.593276 ], [ 3.429719, 44.593918 ], [ 3.426338, 44.597817 ], [ 3.426428, 44.598319 ], [ 3.426587, 44.598964 ], [ 3.426696, 44.599627 ], [ 3.426624884458032, 44.600705111616207 ], [ 3.428624, 44.599778 ], [ 3.428919, 44.599573 ], [ 3.434426, 44.595329 ], [ 3.438513, 44.592981 ], [ 3.447397, 44.593558 ], [ 3.447727, 44.593701 ], [ 3.452775, 44.597283 ], [ 3.453041, 44.597376 ], [ 3.45326, 44.597605 ], [ 3.455375758604073, 44.598847513240429 ], [ 3.455307, 44.598599 ] ] ], [ [ [ 3.412512, 44.598672 ], [ 3.412526, 44.598124 ], [ 3.412244, 44.597375 ], [ 3.411732, 44.596553 ], [ 3.410017, 44.587745 ], [ 3.405488, 44.582387 ], [ 3.402076, 44.583535 ], [ 3.402268, 44.584104 ], [ 3.402804, 44.586404 ], [ 3.403082, 44.590042 ], [ 3.40299, 44.591156 ], [ 3.402805, 44.592266 ], [ 3.40274, 44.592722 ], [ 3.402695, 44.594091 ], [ 3.40212, 44.596549 ], [ 3.401979, 44.597079 ], [ 3.398074, 44.60286 ], [ 3.393548, 44.60147 ], [ 3.392986, 44.600884 ], [ 3.39256, 44.600593 ], [ 3.389922, 44.597824 ], [ 3.387277, 44.595381 ], [ 3.383352, 44.594611 ], [ 3.382678, 44.594416 ], [ 3.380339, 44.59487 ], [ 3.380865, 44.598432 ], [ 3.383322, 44.604883 ], [ 3.383068, 44.608474 ], [ 3.387115, 44.609361 ], [ 3.390586, 44.610314 ], [ 3.395705, 44.610468 ], [ 3.398896, 44.610604 ], [ 3.399031, 44.610221 ], [ 3.402464, 44.60626 ], [ 3.40781, 44.605786 ], [ 3.41046, 44.607039 ], [ 3.411416, 44.607672 ], [ 3.411609574349828, 44.607716296775827 ], [ 3.411724, 44.606025 ], [ 3.408222, 44.604219 ], [ 3.406896, 44.603871 ], [ 3.401876, 44.604751 ], [ 3.401612, 44.60485 ], [ 3.39664, 44.607882 ], [ 3.396303, 44.608009 ], [ 3.391249, 44.60779 ], [ 3.390968, 44.607793 ], [ 3.389848, 44.607804 ], [ 3.389565, 44.607796 ], [ 3.389153, 44.607716 ], [ 3.388741, 44.607636 ], [ 3.38881, 44.607283 ], [ 3.390357, 44.601637 ], [ 3.390532, 44.601322 ], [ 3.391153, 44.601666 ], [ 3.391775, 44.60201 ], [ 3.392042, 44.6022 ], [ 3.39828, 44.603543 ], [ 3.403568, 44.597397 ], [ 3.403617, 44.597168 ], [ 3.404314, 44.594136 ], [ 3.404331, 44.593532 ], [ 3.404349, 44.592911 ], [ 3.404383, 44.592629 ], [ 3.404636, 44.59083 ], [ 3.404667, 44.590392 ], [ 3.405026, 44.590417 ], [ 3.406264, 44.592214 ], [ 3.410995, 44.599478 ], [ 3.412870588789586, 44.59935145903961 ], [ 3.412512, 44.598672 ] ] ], [ [ [ 3.40726, 44.620554 ], [ 3.406123, 44.620828 ], [ 3.405939, 44.620867 ], [ 3.404908, 44.621064 ], [ 3.404635, 44.62111 ], [ 3.404193, 44.621197 ], [ 3.403122, 44.621416 ], [ 3.402096, 44.621664 ], [ 3.401385, 44.628904 ], [ 3.40118, 44.629616 ], [ 3.397915, 44.635622 ], [ 3.397627, 44.636075 ], [ 3.39708, 44.637197 ], [ 3.397397, 44.638018 ], [ 3.397679, 44.638791 ], [ 3.397889, 44.63913 ], [ 3.399651, 44.639529 ], [ 3.399915, 44.639304 ], [ 3.402594, 44.63732 ], [ 3.403895, 44.636767 ], [ 3.405803, 44.634451 ], [ 3.406404, 44.634112 ], [ 3.40712, 44.633546 ], [ 3.40778, 44.633163 ], [ 3.409117, 44.632732 ], [ 3.410177, 44.632227 ], [ 3.410987, 44.631605 ], [ 3.411571, 44.631021 ], [ 3.412089566867103, 44.630653023053902 ], [ 3.408717, 44.631162 ], [ 3.406147, 44.63269 ], [ 3.405799, 44.632782 ], [ 3.404659, 44.633169 ], [ 3.404522, 44.632836 ], [ 3.405364, 44.631545 ], [ 3.406702, 44.622687 ], [ 3.406488, 44.622397 ], [ 3.406626, 44.622295 ], [ 3.40760786245541, 44.620512683674143 ], [ 3.40726, 44.620554 ] ] ], [ [ [ 3.420528, 44.631162 ], [ 3.421147, 44.63137 ], [ 3.421814, 44.631495 ], [ 3.425261, 44.633927 ], [ 3.424554, 44.641703 ], [ 3.418197, 44.641507 ], [ 3.417756, 44.641186 ], [ 3.417437, 44.64103 ], [ 3.417167, 44.640952 ], [ 3.412781, 44.641246 ], [ 3.41204, 44.642023 ], [ 3.411758, 44.642535 ], [ 3.411443, 44.643731 ], [ 3.411371, 44.644408 ], [ 3.411341, 44.644734 ], [ 3.411873, 44.646201 ], [ 3.410886, 44.654073 ], [ 3.409114, 44.65521 ], [ 3.408698, 44.655741 ], [ 3.403149, 44.660318 ], [ 3.39984, 44.657346 ], [ 3.397194, 44.654905 ], [ 3.390849, 44.654265 ], [ 3.387439, 44.656986 ], [ 3.384353, 44.658688 ], [ 3.381635, 44.660235 ], [ 3.382339, 44.663765 ], [ 3.383527, 44.663528 ], [ 3.388883, 44.663618 ], [ 3.392479, 44.663791 ], [ 3.397566, 44.669668 ], [ 3.400257, 44.672059 ], [ 3.408747, 44.67403 ], [ 3.414774, 44.676062 ], [ 3.418463, 44.68363 ], [ 3.411185, 44.684428 ], [ 3.410752, 44.684307 ], [ 3.410602, 44.68426 ], [ 3.410576, 44.684253 ], [ 3.40928, 44.684799 ], [ 3.404148, 44.686728 ], [ 3.400235, 44.691462 ], [ 3.396633, 44.692117 ], [ 3.394386, 44.694964 ], [ 3.394675, 44.695306 ], [ 3.395763, 44.696312 ], [ 3.396547, 44.696799 ], [ 3.397177, 44.696932 ], [ 3.39998, 44.697438 ], [ 3.403152, 44.695735 ], [ 3.406312, 44.692772 ], [ 3.406538, 44.692622 ], [ 3.408504, 44.691448 ], [ 3.41262964583668, 44.690273450550855 ], [ 3.40541, 44.691426 ], [ 3.405211, 44.691126 ], [ 3.405447, 44.69097 ], [ 3.406471, 44.690357 ], [ 3.408155, 44.689158 ], [ 3.408355, 44.689025 ], [ 3.409994, 44.687772 ], [ 3.41255, 44.688069 ], [ 3.413472, 44.688034 ], [ 3.414159, 44.687943 ], [ 3.418576, 44.685786 ], [ 3.419596, 44.684789 ], [ 3.419905, 44.684618 ], [ 3.420172, 44.684479 ], [ 3.422003, 44.683571 ], [ 3.422167, 44.683454 ], [ 3.422374, 44.683343 ], [ 3.422684, 44.683237 ], [ 3.42401, 44.682627 ], [ 3.426546, 44.67982 ], [ 3.428516, 44.679402 ], [ 3.431084, 44.677026 ], [ 3.426016, 44.669614 ], [ 3.422784, 44.670711 ], [ 3.422207, 44.671219 ], [ 3.419521, 44.671277 ], [ 3.419198, 44.671328 ], [ 3.418876, 44.671376 ], [ 3.418551, 44.6714 ], [ 3.415497, 44.672222 ], [ 3.415163, 44.672088 ], [ 3.411553, 44.670559 ], [ 3.407057, 44.666821 ], [ 3.40221, 44.667077 ], [ 3.401933, 44.666847 ], [ 3.398143, 44.660872 ], [ 3.395001, 44.659941 ], [ 3.394251, 44.659926 ], [ 3.393762, 44.659772 ], [ 3.39381, 44.659415 ], [ 3.395371, 44.659079 ], [ 3.397186, 44.659876 ], [ 3.397489, 44.66002 ], [ 3.400111, 44.661162 ], [ 3.40041, 44.661242 ], [ 3.400943, 44.661437 ], [ 3.402597, 44.661855 ], [ 3.402793, 44.661899 ], [ 3.403006, 44.661993 ], [ 3.406539, 44.662616 ], [ 3.407403, 44.662545 ], [ 3.412536, 44.655508 ], [ 3.412486, 44.655151 ], [ 3.416688, 44.647512 ], [ 3.416899, 44.64722 ], [ 3.418288, 44.646135 ], [ 3.418555, 44.645893 ], [ 3.424933, 44.644865 ], [ 3.425247, 44.64504 ], [ 3.431069, 44.645369 ], [ 3.431268, 44.645294 ], [ 3.431445, 44.64523 ], [ 3.432687, 44.644879 ], [ 3.433031, 44.644812 ], [ 3.43333, 44.644837 ], [ 3.43537, 44.645401 ], [ 3.43566, 44.645585 ], [ 3.437406, 44.646305 ], [ 3.442491, 44.638962 ], [ 3.44236, 44.638774 ], [ 3.436301, 44.633357 ], [ 3.435627, 44.633333 ], [ 3.435441, 44.633278 ], [ 3.433989, 44.632829 ], [ 3.433754, 44.632769 ], [ 3.432469, 44.632396 ], [ 3.431892, 44.632301 ], [ 3.431164, 44.632214 ], [ 3.430835, 44.632153 ], [ 3.430105, 44.63201 ], [ 3.429746, 44.63196 ], [ 3.429448, 44.631896 ], [ 3.42915, 44.631833 ], [ 3.424399, 44.630244 ], [ 3.423708, 44.629761 ], [ 3.423737, 44.629402 ], [ 3.425492, 44.628443 ], [ 3.425732, 44.628256 ], [ 3.425954, 44.628084 ], [ 3.426519, 44.627717 ], [ 3.427071, 44.627358 ], [ 3.427271, 44.62724 ], [ 3.42783, 44.626877 ], [ 3.428206, 44.626623 ], [ 3.428592, 44.626444 ], [ 3.429201, 44.626095 ], [ 3.429527, 44.62593 ], [ 3.429872, 44.625864 ], [ 3.430218, 44.625862 ], [ 3.433727, 44.624847 ], [ 3.434028, 44.624742 ], [ 3.43452, 44.624663 ], [ 3.436084, 44.616105 ], [ 3.433285, 44.615373 ], [ 3.433022, 44.615391 ], [ 3.432734, 44.615354 ], [ 3.432153, 44.615185 ], [ 3.430858, 44.61492 ], [ 3.430574, 44.614881 ], [ 3.430285, 44.614842 ], [ 3.428591, 44.614555 ], [ 3.426892, 44.614268 ], [ 3.426416, 44.614172 ], [ 3.425931, 44.614074 ], [ 3.425624, 44.613994 ], [ 3.42531, 44.613911 ], [ 3.425055, 44.613832 ], [ 3.424791, 44.61375 ], [ 3.424543, 44.613657 ], [ 3.42428, 44.613559 ], [ 3.418084, 44.615779 ], [ 3.418897, 44.621055 ], [ 3.418629, 44.621156 ], [ 3.414779, 44.625674 ], [ 3.414689, 44.626508 ], [ 3.414662753317412, 44.629972562101536 ], [ 3.420528, 44.631162 ] ] ], [ [ [ 3.420051, 44.692102 ], [ 3.427777, 44.695441 ], [ 3.430765, 44.701057 ], [ 3.438805, 44.704885 ], [ 3.441014, 44.70354 ], [ 3.441808, 44.7029 ], [ 3.446252, 44.697323 ], [ 3.447091, 44.693822 ], [ 3.444063, 44.690807 ], [ 3.442829, 44.68998 ], [ 3.442371, 44.689708 ], [ 3.441855, 44.689472 ], [ 3.437586, 44.682553 ], [ 3.436444, 44.679139 ], [ 3.437269719809608, 44.676166980777644 ], [ 3.436822, 44.676073 ], [ 3.434542, 44.681039 ], [ 3.434495, 44.681396 ], [ 3.433014, 44.687466 ], [ 3.438352, 44.689801 ], [ 3.438536, 44.689781 ], [ 3.438756, 44.68976 ], [ 3.438978, 44.689783 ], [ 3.439201, 44.689839 ], [ 3.4394, 44.689921 ], [ 3.439622, 44.69005 ], [ 3.439867, 44.690233 ], [ 3.439651, 44.690521 ], [ 3.434989, 44.697019 ], [ 3.434629, 44.697016 ], [ 3.433113, 44.694905 ], [ 3.429438, 44.691498 ], [ 3.421324, 44.688753 ], [ 3.413785805676671, 44.69008842839677 ], [ 3.420051, 44.692102 ] ] ], [ [ [ 3.455201, 44.681451 ], [ 3.455736, 44.681971 ], [ 3.458698, 44.685575 ], [ 3.460014, 44.687718 ], [ 3.460638, 44.68984 ], [ 3.460867, 44.690704 ], [ 3.461249, 44.691789 ], [ 3.464398, 44.692086 ], [ 3.464525, 44.691749 ], [ 3.46461, 44.690718 ], [ 3.466159, 44.685494 ], [ 3.466205, 44.684615 ], [ 3.46498, 44.68288 ], [ 3.462798391736018, 44.680586494325063 ], [ 3.464212, 44.684306 ], [ 3.464585, 44.684615 ], [ 3.465426, 44.685413 ], [ 3.46297, 44.687201 ], [ 3.462615, 44.687261 ], [ 3.456896, 44.680778 ], [ 3.456606, 44.680604 ], [ 3.453351, 44.678486 ], [ 3.453015, 44.678358 ], [ 3.450697506024726, 44.678138987973931 ], [ 3.455201, 44.681451 ] ] ], [ [ [ 3.46189, 44.676336 ], [ 3.461739573639103, 44.675593674346821 ], [ 3.461709, 44.675963 ], [ 3.461736, 44.676109 ], [ 3.461732, 44.67629 ], [ 3.461727, 44.676488 ], [ 3.461678, 44.677151 ], [ 3.461617, 44.677478 ], [ 3.462089340888218, 44.678720829897792 ], [ 3.46189, 44.676336 ] ] ], [ [ [ 3.46345294515279, 44.670565480410048 ], [ 3.462882, 44.670539 ], [ 3.462472685281452, 44.671320981491363 ], [ 3.46345294515279, 44.670565480410048 ] ] ], [ [ [ 3.470592, 44.67153 ], [ 3.470553, 44.672858 ], [ 3.472124, 44.67445 ], [ 3.472845, 44.67544 ], [ 3.474256, 44.67681 ], [ 3.475003, 44.677559 ], [ 3.478182, 44.678129 ], [ 3.478398, 44.678202 ], [ 3.483534, 44.679273 ], [ 3.483917, 44.679448 ], [ 3.48576072424998, 44.679280324925507 ], [ 3.481201, 44.677309 ], [ 3.47958, 44.677137 ], [ 3.478651, 44.676602 ], [ 3.478455, 44.676467 ], [ 3.474215, 44.674369 ], [ 3.474005, 44.674273 ], [ 3.473784, 44.67412 ], [ 3.47328, 44.673616 ], [ 3.471784, 44.671805 ], [ 3.471183, 44.670924 ], [ 3.47050104692118, 44.670892371047401 ], [ 3.470592, 44.67153 ] ] ], [ [ [ 3.491991, 44.68566 ], [ 3.491982, 44.68612 ], [ 3.489664, 44.691932 ], [ 3.489987, 44.695367 ], [ 3.490027, 44.695487 ], [ 3.49054, 44.695887 ], [ 3.490867, 44.696116 ], [ 3.496131, 44.698082 ], [ 3.500598, 44.701548 ], [ 3.501231, 44.702015 ], [ 3.501738, 44.702331 ], [ 3.502739, 44.702876 ], [ 3.506276, 44.704765 ], [ 3.508615, 44.702029 ], [ 3.507353, 44.70095 ], [ 3.507003, 44.70071 ], [ 3.503928, 44.695434 ], [ 3.508463, 44.688847 ], [ 3.508426, 44.688163 ], [ 3.509176, 44.679591 ], [ 3.510204, 44.676141 ], [ 3.517275, 44.671642 ], [ 3.518327, 44.671959 ], [ 3.521409, 44.672604 ], [ 3.522073, 44.672889 ], [ 3.522426, 44.672977 ], [ 3.52331, 44.673196 ], [ 3.525265, 44.673259 ], [ 3.526497, 44.672837 ], [ 3.530259, 44.670791 ], [ 3.53081, 44.670471 ], [ 3.531713, 44.669819 ], [ 3.532052, 44.669452 ], [ 3.532213, 44.669239 ], [ 3.529347, 44.667061 ], [ 3.522695, 44.665191 ], [ 3.519689, 44.663209 ], [ 3.516235957286677, 44.661412511548619 ], [ 3.518347, 44.665594 ], [ 3.522594, 44.670981 ], [ 3.522435, 44.671304 ], [ 3.518373, 44.670339 ], [ 3.518114, 44.670241 ], [ 3.517922, 44.670157 ], [ 3.510002, 44.670589 ], [ 3.506955, 44.676626 ], [ 3.506819, 44.676959 ], [ 3.504836, 44.678875 ], [ 3.502832, 44.685899 ], [ 3.502786, 44.686256 ], [ 3.501949, 44.686197 ], [ 3.50175, 44.686179 ], [ 3.501567, 44.686161 ], [ 3.499902, 44.686063 ], [ 3.495148, 44.690603 ], [ 3.496832, 44.694705 ], [ 3.496967, 44.694859 ], [ 3.49708, 44.695095 ], [ 3.497244, 44.695675 ], [ 3.497676, 44.69679 ], [ 3.497383, 44.697 ], [ 3.497232, 44.696894 ], [ 3.497134, 44.696803 ], [ 3.49391, 44.69356 ], [ 3.493705, 44.693344 ], [ 3.493533, 44.693157 ], [ 3.493335, 44.692885 ], [ 3.493261, 44.692567 ], [ 3.493269, 44.692208 ], [ 3.493293, 44.691925 ], [ 3.493342, 44.691681 ], [ 3.493818, 44.687598 ], [ 3.493622, 44.686257 ], [ 3.488256, 44.680435 ], [ 3.488039, 44.680343 ], [ 3.487807, 44.680165 ], [ 3.487090588314633, 44.679855270697324 ], [ 3.491991, 44.68566 ] ] ], [ [ [ 3.511916, 44.659165 ], [ 3.511756, 44.658006 ], [ 3.511673, 44.657831 ], [ 3.509005, 44.652339 ], [ 3.515596, 44.647775 ], [ 3.516271, 44.647819 ], [ 3.51754, 44.647894 ], [ 3.51871, 44.648108 ], [ 3.518963, 44.648183 ], [ 3.519946, 44.648516 ], [ 3.520091, 44.648526 ], [ 3.520548, 44.644951 ], [ 3.5199, 44.64471 ], [ 3.518242, 44.644363 ], [ 3.517625, 44.644272 ], [ 3.516987, 44.644216 ], [ 3.515764808495384, 44.643890854797704 ], [ 3.514506, 44.645595 ], [ 3.514155, 44.645503 ], [ 3.513805, 44.64541 ], [ 3.513528, 44.645302 ], [ 3.513272, 44.645201 ], [ 3.512945, 44.644927 ], [ 3.512228, 44.644381 ], [ 3.512047, 44.644264 ], [ 3.507615, 44.642721 ], [ 3.507376, 44.642733 ], [ 3.506676, 44.642671 ], [ 3.505899, 44.642628 ], [ 3.503732, 44.642835 ], [ 3.497755, 44.648228 ], [ 3.497618, 44.648561 ], [ 3.502159, 44.655554 ], [ 3.506275, 44.652746 ], [ 3.506369, 44.652625 ], [ 3.506583, 44.652432 ], [ 3.506824, 44.652699 ], [ 3.509227, 44.660425 ], [ 3.512615, 44.660909 ], [ 3.514395468551355, 44.660454974375625 ], [ 3.511916, 44.659165 ] ] ], [ [ [ 3.524832, 44.632591 ], [ 3.525424, 44.632546 ], [ 3.526322, 44.632374 ], [ 3.531512, 44.630826 ], [ 3.5323, 44.630599 ], [ 3.532369, 44.630575 ], [ 3.534729, 44.629753 ], [ 3.540861, 44.625367 ], [ 3.542919, 44.625378 ], [ 3.549685, 44.623655 ], [ 3.551842, 44.620772 ], [ 3.559563, 44.623365 ], [ 3.559767, 44.623494 ], [ 3.560702, 44.623521 ], [ 3.561257, 44.623194 ], [ 3.567813, 44.619775 ], [ 3.571322, 44.618968 ], [ 3.57816, 44.613457 ], [ 3.579132, 44.613783 ], [ 3.582089, 44.608104 ], [ 3.579467, 44.605637 ], [ 3.573074, 44.609329 ], [ 3.568389, 44.609737 ], [ 3.564849, 44.609033 ], [ 3.562307, 44.608868 ], [ 3.557978, 44.608652 ], [ 3.555847, 44.610136 ], [ 3.548031, 44.613326 ], [ 3.546693, 44.613613 ], [ 3.546189, 44.613726 ], [ 3.545732, 44.613873 ], [ 3.538372, 44.614166 ], [ 3.53668, 44.613575 ], [ 3.534585, 44.61275 ], [ 3.533578, 44.612286 ], [ 3.532983, 44.612047 ], [ 3.53229, 44.611938 ], [ 3.525614, 44.607005 ], [ 3.525093, 44.605837 ], [ 3.524541, 44.604817 ], [ 3.522953, 44.597723 ], [ 3.522989, 44.596277 ], [ 3.526837, 44.588565 ], [ 3.527067, 44.584972 ], [ 3.519993, 44.580987 ], [ 3.519493, 44.580755 ], [ 3.518446, 44.58054 ], [ 3.51262, 44.577487 ], [ 3.509351746770152, 44.57728144018148 ], [ 3.511423, 44.58024 ], [ 3.515175, 44.581805 ], [ 3.517495, 44.582086 ], [ 3.517821, 44.58211 ], [ 3.518166, 44.582135 ], [ 3.518528, 44.582199 ], [ 3.518922, 44.582271 ], [ 3.519116, 44.582349 ], [ 3.519322, 44.582508 ], [ 3.519415, 44.582685 ], [ 3.519489, 44.58291 ], [ 3.519564, 44.583136 ], [ 3.519222, 44.583249 ], [ 3.516526, 44.582459 ], [ 3.516257, 44.582431 ], [ 3.51601, 44.582405 ], [ 3.513963, 44.582264 ], [ 3.513085, 44.582384 ], [ 3.511828, 44.582607 ], [ 3.511555, 44.582642 ], [ 3.511306, 44.582672 ], [ 3.50935, 44.582927 ], [ 3.508969, 44.582973 ], [ 3.508385, 44.582975 ], [ 3.507821, 44.582975 ], [ 3.507638, 44.582948 ], [ 3.50747, 44.582893 ], [ 3.507241, 44.582752 ], [ 3.507049, 44.582629 ], [ 3.498239, 44.584461 ], [ 3.497949, 44.584675 ], [ 3.492653, 44.58892 ], [ 3.492538, 44.589104 ], [ 3.492394, 44.589259 ], [ 3.492112, 44.589513 ], [ 3.491839, 44.589758 ], [ 3.490653, 44.591321 ], [ 3.489826, 44.593678 ], [ 3.489785, 44.593946 ], [ 3.489685, 44.594272 ], [ 3.492478, 44.600491 ], [ 3.49674, 44.600369 ], [ 3.496979, 44.600278 ], [ 3.497249, 44.600178 ], [ 3.497325, 44.600164 ], [ 3.49739, 44.600518 ], [ 3.496065, 44.601351 ], [ 3.495321, 44.601544 ], [ 3.494857, 44.601632 ], [ 3.494665, 44.601645 ], [ 3.494463, 44.601659 ], [ 3.494241, 44.601655 ], [ 3.494012, 44.601617 ], [ 3.493808, 44.601582 ], [ 3.493393, 44.601435 ], [ 3.48729, 44.602259 ], [ 3.484547, 44.607216 ], [ 3.484505, 44.607738 ], [ 3.484479, 44.60844 ], [ 3.484452, 44.609149 ], [ 3.484411, 44.609508 ], [ 3.484267, 44.609984 ], [ 3.484129, 44.610426 ], [ 3.483977, 44.610882 ], [ 3.483826, 44.611335 ], [ 3.48347, 44.611902 ], [ 3.483134, 44.612429 ], [ 3.482675, 44.613078 ], [ 3.482415, 44.613445 ], [ 3.482177, 44.613706 ], [ 3.480852, 44.615425 ], [ 3.480399, 44.616493 ], [ 3.480245, 44.616956 ], [ 3.48009, 44.617419 ], [ 3.476321, 44.619405 ], [ 3.479932, 44.626896 ], [ 3.480275, 44.626921 ], [ 3.480645, 44.626958 ], [ 3.481208, 44.627104 ], [ 3.481944, 44.627277 ], [ 3.482119, 44.627306 ], [ 3.482927, 44.627368 ], [ 3.483732, 44.62743 ], [ 3.484355, 44.627463 ], [ 3.484986, 44.627496 ], [ 3.485571, 44.627551 ], [ 3.486167, 44.627606 ], [ 3.486397, 44.627643 ], [ 3.48664, 44.627681 ], [ 3.489961, 44.619327 ], [ 3.489913, 44.618971 ], [ 3.49024, 44.618927 ], [ 3.490566, 44.618884 ], [ 3.497587, 44.614045 ], [ 3.49774, 44.613398 ], [ 3.49809, 44.613481 ], [ 3.504526, 44.613958 ], [ 3.50832, 44.606475 ], [ 3.508475, 44.60615 ], [ 3.509052, 44.606364 ], [ 3.509202, 44.606445 ], [ 3.509442, 44.606677 ], [ 3.509645, 44.60688 ], [ 3.509873, 44.607152 ], [ 3.510381, 44.607672 ], [ 3.510688, 44.60795 ], [ 3.511286, 44.608402 ], [ 3.511429, 44.608525 ], [ 3.512138, 44.609516 ], [ 3.519806, 44.611244 ], [ 3.521116, 44.603348 ], [ 3.52097, 44.602958 ], [ 3.520812, 44.602515 ], [ 3.520453, 44.600992 ], [ 3.520449, 44.60081 ], [ 3.520446, 44.600602 ], [ 3.520509, 44.600108 ], [ 3.520574, 44.5996 ], [ 3.520738, 44.598245 ], [ 3.520779, 44.595189 ], [ 3.520718, 44.593958 ], [ 3.520657, 44.592727 ], [ 3.521017, 44.592709 ], [ 3.521078, 44.59394 ], [ 3.52141, 44.596639 ], [ 3.521376, 44.597141 ], [ 3.522947, 44.605243 ], [ 3.523922, 44.606956 ], [ 3.524027, 44.60733 ], [ 3.530299, 44.613605 ], [ 3.530513, 44.613586 ], [ 3.530741, 44.613566 ], [ 3.531123, 44.613563 ], [ 3.531504, 44.61356 ], [ 3.531817, 44.613555 ], [ 3.532148, 44.613552 ], [ 3.532476, 44.613586 ], [ 3.540129, 44.614411 ], [ 3.54855, 44.614882 ], [ 3.556571, 44.611585 ], [ 3.556758, 44.611492 ], [ 3.556983, 44.611401 ], [ 3.557201, 44.611348 ], [ 3.557443, 44.61129 ], [ 3.557768, 44.611256 ], [ 3.562349, 44.610494 ], [ 3.563547, 44.610572 ], [ 3.564745, 44.610649 ], [ 3.572559, 44.611154 ], [ 3.572619, 44.611509 ], [ 3.567008, 44.614936 ], [ 3.560583, 44.61839 ], [ 3.559761, 44.618099 ], [ 3.558803, 44.61783 ], [ 3.557848, 44.617561 ], [ 3.557491, 44.617478 ], [ 3.557126, 44.617392 ], [ 3.556629, 44.617297 ], [ 3.556125, 44.6172 ], [ 3.548044, 44.620926 ], [ 3.547053, 44.620708 ], [ 3.544264, 44.620473 ], [ 3.537188, 44.622684 ], [ 3.533535, 44.628305 ], [ 3.532598, 44.628708 ], [ 3.531549, 44.629177 ], [ 3.531348, 44.629214 ], [ 3.526005, 44.630751 ], [ 3.525792, 44.630843 ], [ 3.52422080368672, 44.632617599452693 ], [ 3.524832, 44.632591 ] ] ], [ [ [ 3.505167, 44.576648 ], [ 3.504434, 44.576488 ], [ 3.503739, 44.576348 ], [ 3.502857, 44.576438 ], [ 3.501883, 44.576846 ], [ 3.50174, 44.576886 ], [ 3.495525, 44.572073 ], [ 3.49612186336898, 44.57056719133908 ], [ 3.495028, 44.572175 ], [ 3.496856, 44.578951 ], [ 3.501938, 44.5786 ], [ 3.50228, 44.578413 ], [ 3.502864, 44.578173 ], [ 3.503189, 44.578024 ], [ 3.503552, 44.577957 ], [ 3.505658647537627, 44.576900096307256 ], [ 3.505167, 44.576648 ] ] ], [ [ [ 3.498663420673189, 44.567822597335983 ], [ 3.497676580355256, 44.568281999690164 ], [ 3.497358418457886, 44.568749648090012 ], [ 3.498663420673189, 44.567822597335983 ] ] ], [ [ [ 3.505903, 44.565693 ], [ 3.507091, 44.565881 ], [ 3.507981, 44.566183 ], [ 3.509072, 44.566522 ], [ 3.509637, 44.566596 ], [ 3.510056, 44.566641 ], [ 3.511521, 44.563353 ], [ 3.511256, 44.563235 ], [ 3.508542600151867, 44.55696406659041 ], [ 3.507438, 44.560371 ], [ 3.507187, 44.56142 ], [ 3.507045, 44.56166 ], [ 3.504985812194064, 44.563565380506866 ], [ 3.50497, 44.56385 ], [ 3.504644893564987, 44.563880834837157 ], [ 3.502348061176747, 44.566006109495163 ], [ 3.503879, 44.565566 ], [ 3.505903, 44.565693 ] ] ] ] } },
{ "type": "Feature", "properties": { "codgeo": "48127", "value": 720, "isochrone_group": 12.0, "nb_agences": 1 }, "geometry": { "type": "MultiPolygon", "coordinates": [ [ [ [ 3.376883, 44.608684 ], [ 3.376963, 44.609031 ], [ 3.379047, 44.610632 ], [ 3.387236, 44.612817 ], [ 3.390777, 44.612169 ], [ 3.396935, 44.61372 ], [ 3.399217, 44.622417 ], [ 3.39829, 44.622639 ], [ 3.394034, 44.629098 ], [ 3.390538, 44.629956 ], [ 3.390931, 44.631747 ], [ 3.391158, 44.63256 ], [ 3.391927, 44.63993 ], [ 3.392583, 44.64347 ], [ 3.390126, 44.651178 ], [ 3.384944, 44.653236 ], [ 3.383899, 44.653418 ], [ 3.383425, 44.653612 ], [ 3.382664, 44.654196 ], [ 3.38036, 44.656198 ], [ 3.374032, 44.662225 ], [ 3.373356, 44.662449 ], [ 3.372832, 44.662634 ], [ 3.371721, 44.663062 ], [ 3.373014, 44.666422 ], [ 3.376152, 44.668621 ], [ 3.383882, 44.666713 ], [ 3.386913, 44.666786 ], [ 3.390389, 44.667723 ], [ 3.396044, 44.67351 ], [ 3.396788, 44.675287 ], [ 3.400352, 44.67478 ], [ 3.405519, 44.676678 ], [ 3.408539, 44.684692 ], [ 3.408305563740569, 44.685165268032812 ], [ 3.40928, 44.684799 ], [ 3.410576, 44.684253 ], [ 3.410602, 44.68426 ], [ 3.410752, 44.684307 ], [ 3.411185, 44.684428 ], [ 3.418463, 44.68363 ], [ 3.414774, 44.676062 ], [ 3.408747, 44.67403 ], [ 3.400257, 44.672059 ], [ 3.397566, 44.669668 ], [ 3.392479, 44.663791 ], [ 3.388883, 44.663618 ], [ 3.383527, 44.663528 ], [ 3.382339, 44.663765 ], [ 3.381635, 44.660235 ], [ 3.384353, 44.658688 ], [ 3.387439, 44.656986 ], [ 3.390849, 44.654265 ], [ 3.397194, 44.654905 ], [ 3.39984, 44.657346 ], [ 3.403149, 44.660318 ], [ 3.408698, 44.655741 ], [ 3.409114, 44.65521 ], [ 3.410886, 44.654073 ], [ 3.411873, 44.646201 ], [ 3.411341, 44.644734 ], [ 3.411371, 44.644408 ], [ 3.411443, 44.643731 ], [ 3.411758, 44.642535 ], [ 3.41204, 44.642023 ], [ 3.412781, 44.641246 ], [ 3.417167, 44.640952 ], [ 3.417437, 44.64103 ], [ 3.417756, 44.641186 ], [ 3.418197, 44.641507 ], [ 3.424554, 44.641703 ], [ 3.425261, 44.633927 ], [ 3.421814, 44.631495 ], [ 3.421147, 44.63137 ], [ 3.420528, 44.631162 ], [ 3.413585, 44.629754 ], [ 3.412883, 44.63009 ], [ 3.411571, 44.631021 ], [ 3.410987, 44.631605 ], [ 3.410177, 44.632227 ], [ 3.409117, 44.632732 ], [ 3.40778, 44.633163 ], [ 3.40712, 44.633546 ], [ 3.406404, 44.634112 ], [ 3.405803, 44.634451 ], [ 3.403895, 44.636767 ], [ 3.402594, 44.63732 ], [ 3.399915, 44.639304 ], [ 3.399651, 44.639529 ], [ 3.397889, 44.63913 ], [ 3.397679, 44.638791 ], [ 3.397397, 44.638018 ], [ 3.39708, 44.637197 ], [ 3.397627, 44.636075 ], [ 3.397915, 44.635622 ], [ 3.40118, 44.629616 ], [ 3.401385, 44.628904 ], [ 3.402096, 44.621664 ], [ 3.403122, 44.621416 ], [ 3.404193, 44.621197 ], [ 3.404635, 44.62111 ], [ 3.404908, 44.621064 ], [ 3.405939, 44.620867 ], [ 3.406123, 44.620828 ], [ 3.40726, 44.620554 ], [ 3.409247, 44.620318 ], [ 3.409614, 44.620269 ], [ 3.413767, 44.617923 ], [ 3.415009, 44.616294 ], [ 3.412172, 44.607845 ], [ 3.411416, 44.607672 ], [ 3.41046, 44.607039 ], [ 3.40781, 44.605786 ], [ 3.402464, 44.60626 ], [ 3.399031, 44.610221 ], [ 3.398896, 44.610604 ], [ 3.395705, 44.610468 ], [ 3.390586, 44.610314 ], [ 3.387115, 44.609361 ], [ 3.383068, 44.608474 ], [ 3.383322, 44.604883 ], [ 3.380865, 44.598432 ], [ 3.380339, 44.59487 ], [ 3.382678, 44.594416 ], [ 3.383352, 44.594611 ], [ 3.387277, 44.595381 ], [ 3.389922, 44.597824 ], [ 3.39256, 44.600593 ], [ 3.392986, 44.600884 ], [ 3.393548, 44.60147 ], [ 3.398074, 44.60286 ], [ 3.401979, 44.597079 ], [ 3.40212, 44.596549 ], [ 3.402695, 44.594091 ], [ 3.40274, 44.592722 ], [ 3.393768, 44.59319 ], [ 3.390178, 44.592917 ], [ 3.383455, 44.59165 ], [ 3.378847, 44.590018 ], [ 3.377687, 44.589378 ], [ 3.3769, 44.588916 ], [ 3.375078, 44.59202 ], [ 3.372868242149862, 44.594426283127063 ], [ 3.374812, 44.595926 ], [ 3.3786, 44.59533 ], [ 3.37971, 44.598755 ], [ 3.376186, 44.601622 ], [ 3.375504, 44.601802 ], [ 3.375196, 44.601867 ], [ 3.374711, 44.601915 ], [ 3.374166046729613, 44.60192456511907 ], [ 3.377159, 44.607702 ], [ 3.376776, 44.608104 ], [ 3.376883, 44.608684 ] ] ], [ [ [ 3.39594, 44.691809 ], [ 3.39513, 44.691775 ], [ 3.394421, 44.692007 ], [ 3.392315, 44.692476 ], [ 3.391154, 44.695467 ], [ 3.390646, 44.696513 ], [ 3.389687, 44.698393 ], [ 3.38889, 44.70046 ], [ 3.391812, 44.702563 ], [ 3.392992, 44.701245 ], [ 3.400491, 44.699802 ], [ 3.40405, 44.700268 ], [ 3.404076, 44.700241 ], [ 3.404391, 44.699871 ], [ 3.404712, 44.69922 ], [ 3.404821, 44.698736 ], [ 3.404833, 44.698177 ], [ 3.408504, 44.691448 ], [ 3.406538, 44.692622 ], [ 3.406312, 44.692772 ], [ 3.403152, 44.695735 ], [ 3.39998, 44.697438 ], [ 3.397177, 44.696932 ], [ 3.396547, 44.696799 ], [ 3.395763, 44.696312 ], [ 3.394675, 44.695306 ], [ 3.394386, 44.694964 ], [ 3.396633, 44.692117 ], [ 3.399034385819707, 44.691680323789043 ], [ 3.39594, 44.691809 ] ] ], [ [ [ 3.422156, 44.693968 ], [ 3.424995, 44.696182 ], [ 3.428324, 44.702671 ], [ 3.428646, 44.704406 ], [ 3.43143, 44.706689 ], [ 3.439951, 44.707446 ], [ 3.440718, 44.708934 ], [ 3.4412, 44.709829 ], [ 3.441529, 44.710683 ], [ 3.445046, 44.711448 ], [ 3.446768, 44.709011 ], [ 3.44689, 44.708759 ], [ 3.447201, 44.707556 ], [ 3.447163, 44.707493 ], [ 3.446851, 44.707041 ], [ 3.44631, 44.70643 ], [ 3.445164, 44.704499 ], [ 3.449946, 44.697401 ], [ 3.451585, 44.697899 ], [ 3.455343, 44.697098 ], [ 3.456328, 44.697115 ], [ 3.463681, 44.694289 ], [ 3.468327, 44.692542 ], [ 3.471813, 44.691417 ], [ 3.472109, 44.691311 ], [ 3.481038, 44.690457 ], [ 3.483457, 44.691775 ], [ 3.487831, 44.696433 ], [ 3.488146, 44.696714 ], [ 3.493117, 44.6993 ], [ 3.501231, 44.702015 ], [ 3.500598, 44.701548 ], [ 3.496131, 44.698082 ], [ 3.490867, 44.696116 ], [ 3.49054, 44.695887 ], [ 3.490027, 44.695487 ], [ 3.489987, 44.695367 ], [ 3.489664, 44.691932 ], [ 3.491982, 44.68612 ], [ 3.491991, 44.68566 ], [ 3.486545, 44.679209 ], [ 3.483917, 44.679448 ], [ 3.483534, 44.679273 ], [ 3.478398, 44.678202 ], [ 3.478182, 44.678129 ], [ 3.475003, 44.677559 ], [ 3.474256, 44.67681 ], [ 3.472845, 44.67544 ], [ 3.472124, 44.67445 ], [ 3.470553, 44.672858 ], [ 3.470592, 44.67153 ], [ 3.470402, 44.670198 ], [ 3.469075, 44.667681 ], [ 3.46866, 44.667303 ], [ 3.468205, 44.666903 ], [ 3.461157, 44.672335 ], [ 3.461123, 44.672551 ], [ 3.46189, 44.676336 ], [ 3.462192, 44.679949 ], [ 3.46498, 44.68288 ], [ 3.466205, 44.684615 ], [ 3.466159, 44.685494 ], [ 3.46461, 44.690718 ], [ 3.464525, 44.691749 ], [ 3.464398, 44.692086 ], [ 3.461249, 44.691789 ], [ 3.460867, 44.690704 ], [ 3.460638, 44.68984 ], [ 3.460014, 44.687718 ], [ 3.458698, 44.685575 ], [ 3.455736, 44.681971 ], [ 3.455201, 44.681451 ], [ 3.449641, 44.677362 ], [ 3.447425, 44.675065 ], [ 3.44552, 44.672847 ], [ 3.438176, 44.672905 ], [ 3.436444, 44.679139 ], [ 3.437586, 44.682553 ], [ 3.441855, 44.689472 ], [ 3.442371, 44.689708 ], [ 3.442829, 44.68998 ], [ 3.444063, 44.690807 ], [ 3.447091, 44.693822 ], [ 3.446252, 44.697323 ], [ 3.441808, 44.7029 ], [ 3.441014, 44.70354 ], [ 3.438805, 44.704885 ], [ 3.430765, 44.701057 ], [ 3.427777, 44.695441 ], [ 3.420051, 44.692102 ], [ 3.41734782411171, 44.691233225956253 ], [ 3.422156, 44.693968 ] ] ], [ [ [ 3.508043, 44.707517 ], [ 3.508387, 44.707835 ], [ 3.508712, 44.708067 ], [ 3.512382, 44.70989 ], [ 3.512769, 44.710035 ], [ 3.513019, 44.710114 ], [ 3.515055, 44.707145 ], [ 3.514993, 44.707102 ], [ 3.514782, 44.70696 ], [ 3.511231, 44.703269 ], [ 3.508906, 44.701923 ], [ 3.506712, 44.695362 ], [ 3.511443, 44.691364 ], [ 3.511895, 44.691233 ], [ 3.512573, 44.690878 ], [ 3.512971, 44.690501 ], [ 3.510839, 44.687601 ], [ 3.508737850821475, 44.684598753011102 ], [ 3.508426, 44.688163 ], [ 3.508463, 44.688847 ], [ 3.503928, 44.695434 ], [ 3.507003, 44.70071 ], [ 3.507353, 44.70095 ], [ 3.508615, 44.702029 ], [ 3.506276, 44.704765 ], [ 3.502739, 44.702876 ], [ 3.501738, 44.702331 ], [ 3.508043, 44.707517 ] ] ], [ [ [ 3.512457, 44.675497 ], [ 3.518327, 44.671959 ], [ 3.517275, 44.671642 ], [ 3.510204, 44.676141 ], [ 3.509591865164636, 44.678195343562265 ], [ 3.512457, 44.675497 ] ] ], [ [ [ 3.536761, 44.669649 ], [ 3.537221, 44.669624 ], [ 3.540462, 44.669262 ], [ 3.541294, 44.665759 ], [ 3.540844, 44.665652 ], [ 3.540257, 44.665575 ], [ 3.539613, 44.66559 ], [ 3.538284, 44.665661 ], [ 3.537751, 44.66572 ], [ 3.534021, 44.665657 ], [ 3.533559, 44.665587 ], [ 3.533147, 44.665554 ], [ 3.532604, 44.665586 ], [ 3.531563, 44.665725 ], [ 3.525804, 44.664115 ], [ 3.523677, 44.661305 ], [ 3.523611, 44.661261 ], [ 3.522473, 44.661531 ], [ 3.521854, 44.6617 ], [ 3.521199, 44.662019 ], [ 3.520836, 44.662206 ], [ 3.520336, 44.662549 ], [ 3.519133714356955, 44.662920105732603 ], [ 3.519689, 44.663209 ], [ 3.522695, 44.665191 ], [ 3.529347, 44.667061 ], [ 3.532213, 44.669239 ], [ 3.532052, 44.669452 ], [ 3.531713, 44.669819 ], [ 3.53081, 44.670471 ], [ 3.530259, 44.670791 ], [ 3.529293542535118, 44.671316073358092 ], [ 3.536761, 44.669649 ] ] ], [ [ [ 3.511589, 44.652391 ], [ 3.518963, 44.648183 ], [ 3.51871, 44.648108 ], [ 3.51754, 44.647894 ], [ 3.516271, 44.647819 ], [ 3.515596, 44.647775 ], [ 3.509005, 44.652339 ], [ 3.50972708941644, 44.65382539995317 ], [ 3.511589, 44.652391 ] ] ], [ [ [ 3.520851, 44.648413 ], [ 3.523071, 44.648312 ], [ 3.524351, 44.647634 ], [ 3.524802, 44.646426 ], [ 3.52478, 44.645688 ], [ 3.524708, 44.645187 ], [ 3.523249, 44.644094 ], [ 3.522072, 44.643535 ], [ 3.520724, 44.643896 ], [ 3.517625, 44.644272 ], [ 3.518242, 44.644363 ], [ 3.5199, 44.64471 ], [ 3.520548, 44.644951 ], [ 3.520094437923422, 44.648499105960099 ], [ 3.520851, 44.648413 ] ] ], [ [ [ 3.5436, 44.62574 ], [ 3.545792682213454, 44.624646200642367 ], [ 3.542919, 44.625378 ], [ 3.540861, 44.625367 ], [ 3.5436, 44.62574 ] ] ], [ [ [ 3.558838, 44.6242 ], [ 3.56092, 44.625874 ], [ 3.561102, 44.625758 ], [ 3.561616, 44.625334 ], [ 3.561948, 44.624959 ], [ 3.569452, 44.622263 ], [ 3.571521, 44.622816 ], [ 3.572098, 44.622731 ], [ 3.572728, 44.622565 ], [ 3.573201, 44.619499 ], [ 3.573998664971694, 44.616810775569036 ], [ 3.571322, 44.618968 ], [ 3.567813, 44.619775 ], [ 3.561257, 44.623194 ], [ 3.560702, 44.623521 ], [ 3.559767, 44.623494 ], [ 3.559563, 44.623365 ], [ 3.558908743662759, 44.62314527630069 ], [ 3.558838, 44.6242 ] ] ], [ [ [ 3.581277, 44.61453 ], [ 3.583367, 44.615079 ], [ 3.584888, 44.615533 ], [ 3.590742, 44.609115 ], [ 3.591259, 44.605552 ], [ 3.587381, 44.604348 ], [ 3.586781, 44.604162 ], [ 3.579486, 44.60313 ], [ 3.576654, 44.603497 ], [ 3.57655, 44.604379 ], [ 3.570373528063937, 44.609564174503717 ], [ 3.573074, 44.609329 ], [ 3.579467, 44.605637 ], [ 3.582089, 44.608104 ], [ 3.579132, 44.613783 ], [ 3.57816, 44.613457 ], [ 3.575207536001348, 44.615836501184056 ], [ 3.581277, 44.61453 ] ] ], [ [ [ 3.562067, 44.607978 ], [ 3.560385, 44.607224 ], [ 3.560054, 44.607108 ], [ 3.557485, 44.606391 ], [ 3.554916, 44.605675 ], [ 3.553949, 44.609143 ], [ 3.548031, 44.613326 ], [ 3.555847, 44.610136 ], [ 3.557978, 44.608652 ], [ 3.562307, 44.608868 ], [ 3.564849, 44.609033 ], [ 3.562067, 44.607978 ] ] ], [ [ [ 3.526844, 44.590462 ], [ 3.527403, 44.591015 ], [ 3.527789, 44.591254 ], [ 3.528632, 44.591554 ], [ 3.529868, 44.59134 ], [ 3.530395, 44.591105 ], [ 3.53052, 44.586617 ], [ 3.529286, 44.580936 ], [ 3.527468, 44.580433 ], [ 3.526892, 44.580326 ], [ 3.526326, 44.580326 ], [ 3.525562, 44.580555 ], [ 3.519493, 44.580755 ], [ 3.519993, 44.580987 ], [ 3.527067, 44.584972 ], [ 3.526837, 44.588565 ], [ 3.526082281207702, 44.59007757570847 ], [ 3.526844, 44.590462 ] ] ], [ [ [ 3.507255, 44.567972 ], [ 3.510738, 44.567552 ], [ 3.512665, 44.567616 ], [ 3.513549, 44.567852 ], [ 3.514425, 44.567966 ], [ 3.515568, 44.56802 ], [ 3.516264, 44.567998 ], [ 3.516759, 44.56726 ], [ 3.517183, 44.566466 ], [ 3.517242, 44.564832 ], [ 3.513845, 44.560694 ], [ 3.512269585689734, 44.557131701758763 ], [ 3.509745781402635, 44.559744736571105 ], [ 3.511256, 44.563235 ], [ 3.511521, 44.563353 ], [ 3.510056, 44.566641 ], [ 3.509637, 44.566596 ], [ 3.509072, 44.566522 ], [ 3.507981, 44.566183 ], [ 3.507091, 44.565881 ], [ 3.506785452345932, 44.56583264734094 ], [ 3.50048403155503, 44.567054380296796 ], [ 3.500071374964945, 44.567282534575092 ], [ 3.49628745136684, 44.572663455097114 ], [ 3.50174, 44.576886 ], [ 3.501883, 44.576846 ], [ 3.502857, 44.576438 ], [ 3.503739, 44.576348 ], [ 3.504434, 44.576488 ], [ 3.505167, 44.576648 ], [ 3.507255, 44.567972 ] ] ], [ [ [ 3.496736027610683, 44.556683505265418 ], [ 3.494716, 44.557573 ], [ 3.494306, 44.557872 ], [ 3.488679, 44.564247 ], [ 3.490838, 44.562691 ], [ 3.496248, 44.560731 ], [ 3.497143133237531, 44.559830274509842 ], [ 3.496736027610683, 44.556683505265418 ] ] ], [ [ [ 3.483253, 44.573773 ], [ 3.479661, 44.574021 ], [ 3.479554, 44.575731 ], [ 3.471794, 44.579906 ], [ 3.479354, 44.578 ], [ 3.4829, 44.578621 ], [ 3.489542, 44.576944 ], [ 3.488902, 44.568596 ], [ 3.488495, 44.567767 ], [ 3.487922, 44.56656 ], [ 3.487871, 44.566277 ], [ 3.483253, 44.573773 ] ] ], [ [ [ 3.461575, 44.57515 ], [ 3.459575, 44.578143 ], [ 3.457729, 44.585916 ], [ 3.450766, 44.585721 ], [ 3.449955, 44.585482 ], [ 3.448657, 44.584981 ], [ 3.448275, 44.584858 ], [ 3.440044, 44.583452 ], [ 3.439878, 44.580838 ], [ 3.439307, 44.579664 ], [ 3.438453, 44.577532 ], [ 3.437485, 44.577949 ], [ 3.43617, 44.578487 ], [ 3.436058, 44.578663 ], [ 3.435662, 44.579399 ], [ 3.435572, 44.58077 ], [ 3.435513, 44.581555 ], [ 3.435588, 44.58217 ], [ 3.435987, 44.583575 ], [ 3.436559, 44.586283 ], [ 3.436567, 44.585882 ], [ 3.440167, 44.585955 ], [ 3.447673, 44.589151 ], [ 3.449481, 44.588967 ], [ 3.45028, 44.589002 ], [ 3.450591, 44.589041 ], [ 3.451153, 44.59007 ], [ 3.451212, 44.590362 ], [ 3.453584, 44.59585 ], [ 3.454519, 44.596585 ], [ 3.45504, 44.597833 ], [ 3.455307, 44.598599 ], [ 3.456077, 44.601382 ], [ 3.4561, 44.602549 ], [ 3.457755, 44.606242 ], [ 3.458283, 44.606793 ], [ 3.466953, 44.606417 ], [ 3.468975, 44.61046 ], [ 3.471194, 44.611622 ], [ 3.471448, 44.611743 ], [ 3.472186, 44.612074 ], [ 3.474241, 44.613026 ], [ 3.474893, 44.613163 ], [ 3.478553, 44.613181 ], [ 3.479313, 44.612901 ], [ 3.482238, 44.609838 ], [ 3.47658, 44.603411 ], [ 3.474044, 44.60079 ], [ 3.474611, 44.600319 ], [ 3.470594, 44.592326 ], [ 3.469547, 44.5922 ], [ 3.467037, 44.59177 ], [ 3.465424, 44.591953 ], [ 3.464847, 44.591899 ], [ 3.46351, 44.591333 ], [ 3.462289, 44.590056 ], [ 3.462028, 44.588744 ], [ 3.462686, 44.587545 ], [ 3.464854, 44.5807 ], [ 3.465291, 44.577127 ], [ 3.467467, 44.577346 ], [ 3.461575, 44.57515 ] ] ], [ [ [ 3.434324584342643, 44.589227494784588 ], [ 3.436611, 44.586885 ], [ 3.436559, 44.586283 ], [ 3.434324584342643, 44.589227494784588 ] ] ], [ [ [ 3.42679, 44.595547 ], [ 3.425848, 44.596355 ], [ 3.426258, 44.597849 ], [ 3.426587, 44.598964 ], [ 3.426428, 44.598319 ], [ 3.426338, 44.597817 ], [ 3.429719, 44.593918 ], [ 3.429897277912323, 44.593742993242017 ], [ 3.42679, 44.595547 ] ] ], [ [ [ 3.411625, 44.593859 ], [ 3.412255, 44.593501 ], [ 3.412979, 44.592886 ], [ 3.413448, 44.592453 ], [ 3.412136, 44.590815 ], [ 3.411195, 44.589161 ], [ 3.410486, 44.588147 ], [ 3.410029873387114, 44.587811115914704 ], [ 3.411604788621896, 44.595899660164257 ], [ 3.411625, 44.593859 ] ] ], [ [ [ 3.407418, 44.579089 ], [ 3.407382, 44.57855 ], [ 3.406996, 44.575396 ], [ 3.406993, 44.575386 ], [ 3.404545, 44.574327 ], [ 3.404406, 44.574405 ], [ 3.402382, 44.578648 ], [ 3.401139, 44.580846 ], [ 3.400979, 44.583679 ], [ 3.401277, 44.584829 ], [ 3.403082, 44.590042 ], [ 3.402804, 44.586404 ], [ 3.402268, 44.584104 ], [ 3.402076, 44.583535 ], [ 3.405488, 44.582387 ], [ 3.409473291747964, 44.587101769968108 ], [ 3.407418, 44.579089 ] ] ], [ [ [ 3.501583553763126, 44.543567537453299 ], [ 3.501385375027093, 44.543132608280935 ], [ 3.50148, 44.543384 ], [ 3.501583553763126, 44.543567537453299 ] ] ] ] } },
{ "type": "Feature", "properties": { "codgeo": "48127", "value": 780, "isochrone_group": 13.0, "nb_agences": 1 }, "geometry": { "type": "MultiPolygon", "coordinates": [ [ [ [ 3.387206, 44.671316 ], [ 3.394865610336062, 44.672304104158222 ], [ 3.390389, 44.667723 ], [ 3.386913, 44.666786 ], [ 3.383882, 44.666713 ], [ 3.379214825908732, 44.667865001056427 ], [ 3.379714414663254, 44.66958734360972 ], [ 3.384694, 44.671215 ], [ 3.384945, 44.671481 ], [ 3.386417, 44.671906 ], [ 3.386687, 44.671741 ], [ 3.387206, 44.671316 ] ] ], [ [ [ 3.396805, 44.676822 ], [ 3.397029, 44.67744 ], [ 3.39734, 44.677981 ], [ 3.397756, 44.678612 ], [ 3.398449, 44.679468 ], [ 3.396698, 44.687599 ], [ 3.396036, 44.688 ], [ 3.394985, 44.688745 ], [ 3.394454, 44.689307 ], [ 3.393199, 44.690948 ], [ 3.392717, 44.69153 ], [ 3.389508, 44.695222 ], [ 3.388778, 44.695797 ], [ 3.387144, 44.69803 ], [ 3.385596, 44.700523 ], [ 3.384253301003127, 44.704816534276254 ], [ 3.384729, 44.704782 ], [ 3.387811, 44.706642 ], [ 3.387611, 44.706974 ], [ 3.387456409849982, 44.708042222283133 ], [ 3.390565, 44.707174 ], [ 3.395186, 44.702836 ], [ 3.401077, 44.704476 ], [ 3.402126, 44.704629 ], [ 3.402642, 44.703991 ], [ 3.403269, 44.702942 ], [ 3.403844, 44.701705 ], [ 3.403994, 44.70134 ], [ 3.404104, 44.700949 ], [ 3.404712, 44.69922 ], [ 3.404391, 44.699871 ], [ 3.404076, 44.700241 ], [ 3.40405, 44.700268 ], [ 3.400491, 44.699802 ], [ 3.392992, 44.701245 ], [ 3.391812, 44.702563 ], [ 3.38889, 44.70046 ], [ 3.389687, 44.698393 ], [ 3.390646, 44.696513 ], [ 3.391154, 44.695467 ], [ 3.392315, 44.692476 ], [ 3.394421, 44.692007 ], [ 3.39513, 44.691775 ], [ 3.39594, 44.691809 ], [ 3.400966, 44.6916 ], [ 3.401493, 44.691416 ], [ 3.404303, 44.689784 ], [ 3.404554, 44.689618 ], [ 3.408247, 44.685284 ], [ 3.408539, 44.684692 ], [ 3.405519, 44.676678 ], [ 3.400352, 44.67478 ], [ 3.396788, 44.675287 ], [ 3.396044, 44.67351 ], [ 3.396697, 44.676213 ], [ 3.396805, 44.676822 ] ] ], [ [ [ 3.421718, 44.697224 ], [ 3.424675, 44.699277 ], [ 3.426498, 44.706611 ], [ 3.426114, 44.708548 ], [ 3.426116, 44.708678 ], [ 3.430479, 44.71021 ], [ 3.431154, 44.710347 ], [ 3.431528, 44.710331 ], [ 3.431911, 44.710278 ], [ 3.439877, 44.713736 ], [ 3.440137, 44.7159 ], [ 3.440592, 44.716619 ], [ 3.441131, 44.717072 ], [ 3.444132, 44.719046 ], [ 3.444295, 44.719038 ], [ 3.445345, 44.718582 ], [ 3.445517, 44.718428 ], [ 3.445748, 44.71493 ], [ 3.449304, 44.706704 ], [ 3.450559, 44.706296 ], [ 3.452242, 44.700885 ], [ 3.460653, 44.698777 ], [ 3.463562, 44.696791 ], [ 3.463732, 44.696523 ], [ 3.46403, 44.694523 ], [ 3.464123956176962, 44.694122438561948 ], [ 3.463681, 44.694289 ], [ 3.456328, 44.697115 ], [ 3.455343, 44.697098 ], [ 3.451585, 44.697899 ], [ 3.449946, 44.697401 ], [ 3.445164, 44.704499 ], [ 3.44631, 44.70643 ], [ 3.446851, 44.707041 ], [ 3.447163, 44.707493 ], [ 3.447201, 44.707556 ], [ 3.44689, 44.708759 ], [ 3.446768, 44.709011 ], [ 3.445046, 44.711448 ], [ 3.441529, 44.710683 ], [ 3.4412, 44.709829 ], [ 3.440718, 44.708934 ], [ 3.439951, 44.707446 ], [ 3.43143, 44.706689 ], [ 3.428646, 44.704406 ], [ 3.428324, 44.702671 ], [ 3.424995, 44.696182 ], [ 3.422156, 44.693968 ], [ 3.417489720281968, 44.691313933062709 ], [ 3.421796, 44.695986 ], [ 3.421718, 44.697224 ] ] ], [ [ [ 3.486391, 44.697474 ], [ 3.487675, 44.698804 ], [ 3.488547, 44.699594 ], [ 3.492609, 44.702617 ], [ 3.494646, 44.704487 ], [ 3.494908, 44.70434 ], [ 3.502836874721264, 44.703234848422596 ], [ 3.501738, 44.702331 ], [ 3.501231, 44.702015 ], [ 3.493117, 44.6993 ], [ 3.488146, 44.696714 ], [ 3.487831, 44.696433 ], [ 3.483457, 44.691775 ], [ 3.481038, 44.690457 ], [ 3.480422369177415, 44.690515881030628 ], [ 3.484564, 44.694401 ], [ 3.486391, 44.697474 ] ] ], [ [ [ 3.520032, 44.715521 ], [ 3.520322, 44.715615 ], [ 3.521233, 44.715495 ], [ 3.521423, 44.715469 ], [ 3.522396, 44.714878 ], [ 3.522435, 44.714641 ], [ 3.522521, 44.712609 ], [ 3.522187, 44.71192 ], [ 3.521631, 44.711338 ], [ 3.521525, 44.711238 ], [ 3.517679, 44.706554 ], [ 3.515908, 44.706287 ], [ 3.514279, 44.705816 ], [ 3.512775855232332, 44.704874761943842 ], [ 3.514782, 44.70696 ], [ 3.514993, 44.707102 ], [ 3.515055, 44.707145 ], [ 3.513019, 44.710114 ], [ 3.512769, 44.710035 ], [ 3.512382, 44.70989 ], [ 3.509493480148894, 44.708455184826008 ], [ 3.516436, 44.712812 ], [ 3.520032, 44.715521 ] ] ], [ [ [ 3.511895, 44.691233 ], [ 3.511443, 44.691364 ], [ 3.506712, 44.695362 ], [ 3.508906, 44.701923 ], [ 3.509154035245891, 44.702066593738053 ], [ 3.508678, 44.694811 ], [ 3.511895, 44.691233 ] ] ], [ [ [ 3.514227, 44.689923 ], [ 3.515451, 44.689052 ], [ 3.517248, 44.687757 ], [ 3.516416, 44.684254 ], [ 3.51395, 44.677604 ], [ 3.521409, 44.672604 ], [ 3.518327, 44.671959 ], [ 3.512457, 44.675497 ], [ 3.506376, 44.681224 ], [ 3.510839, 44.687601 ], [ 3.512971, 44.690501 ], [ 3.512573, 44.690878 ], [ 3.51371, 44.690179 ], [ 3.514227, 44.689923 ] ] ], [ [ [ 3.543893, 44.672124 ], [ 3.546939, 44.670205 ], [ 3.548523, 44.668884 ], [ 3.548784, 44.668425 ], [ 3.548825, 44.667198 ], [ 3.548473, 44.666492 ], [ 3.547968, 44.665978 ], [ 3.547211, 44.665532 ], [ 3.546915, 44.665354 ], [ 3.546084, 44.664972 ], [ 3.543341, 44.663438 ], [ 3.538284, 44.665661 ], [ 3.539613, 44.66559 ], [ 3.540257, 44.665575 ], [ 3.540844, 44.665652 ], [ 3.541294, 44.665759 ], [ 3.540462, 44.669262 ], [ 3.537221, 44.669624 ], [ 3.536761, 44.669649 ], [ 3.542856, 44.672372 ], [ 3.543893, 44.672124 ] ] ], [ [ [ 3.527465, 44.659691 ], [ 3.52639, 44.659818 ], [ 3.525871, 44.659849 ], [ 3.525428, 44.659957 ], [ 3.524705, 44.66037 ], [ 3.523986, 44.660774 ], [ 3.521854, 44.6617 ], [ 3.522473, 44.661531 ], [ 3.523611, 44.661261 ], [ 3.523677, 44.661305 ], [ 3.525804, 44.664115 ], [ 3.531563, 44.665725 ], [ 3.532604, 44.665586 ], [ 3.533147, 44.665554 ], [ 3.533559, 44.665587 ], [ 3.534021, 44.665657 ], [ 3.537751, 44.66572 ], [ 3.538284, 44.665661 ], [ 3.532895, 44.66284 ], [ 3.527465, 44.659691 ] ] ], [ [ [ 3.519946, 44.648516 ], [ 3.518963, 44.648183 ], [ 3.511589, 44.652391 ], [ 3.507016, 44.655914 ], [ 3.513777, 44.652953 ], [ 3.519946, 44.648516 ] ] ], [ [ [ 3.526209, 44.643882 ], [ 3.526124, 44.643329 ], [ 3.525938, 44.641806 ], [ 3.524668, 44.641153 ], [ 3.526322, 44.632374 ], [ 3.525424, 44.632546 ], [ 3.524832, 44.632591 ], [ 3.523798, 44.632636 ], [ 3.523159, 44.632528 ], [ 3.519364, 44.633206 ], [ 3.517512, 44.632988 ], [ 3.516206, 44.633108 ], [ 3.515191, 44.632877 ], [ 3.514228, 44.63286 ], [ 3.511871, 44.641401 ], [ 3.512694, 44.642021 ], [ 3.513226, 44.642516 ], [ 3.515194, 44.643739 ], [ 3.516987, 44.644216 ], [ 3.517625, 44.644272 ], [ 3.520724, 44.643896 ], [ 3.522072, 44.643535 ], [ 3.523249, 44.644094 ], [ 3.524708, 44.645187 ], [ 3.52478, 44.645688 ], [ 3.524802, 44.646426 ], [ 3.524351, 44.647634 ], [ 3.526036, 44.644975 ], [ 3.526209, 44.643882 ] ] ], [ [ [ 3.558683, 44.624734 ], [ 3.558991, 44.625896 ], [ 3.560719, 44.626525 ], [ 3.562102, 44.625764 ], [ 3.569452, 44.622263 ], [ 3.561948, 44.624959 ], [ 3.561616, 44.625334 ], [ 3.561102, 44.625758 ], [ 3.56092, 44.625874 ], [ 3.558838, 44.6242 ], [ 3.558915, 44.623052 ], [ 3.5508, 44.619992 ], [ 3.558718, 44.623532 ], [ 3.558683, 44.624734 ] ] ], [ [ [ 3.577931, 44.620639 ], [ 3.578055, 44.618377 ], [ 3.586146, 44.61686 ], [ 3.586264, 44.616867 ], [ 3.587695, 44.616105 ], [ 3.590322, 44.613955 ], [ 3.59401, 44.609735 ], [ 3.599209, 44.609065 ], [ 3.601288, 44.606126 ], [ 3.601074, 44.603825 ], [ 3.598957, 44.600914 ], [ 3.598422, 44.601197 ], [ 3.597815, 44.601548 ], [ 3.597257, 44.602007 ], [ 3.595558, 44.603292 ], [ 3.595071, 44.603569 ], [ 3.594621, 44.603878 ], [ 3.587381, 44.604348 ], [ 3.591259, 44.605552 ], [ 3.590742, 44.609115 ], [ 3.584888, 44.615533 ], [ 3.583367, 44.615079 ], [ 3.581277, 44.61453 ], [ 3.574225, 44.616048 ], [ 3.573201, 44.619499 ], [ 3.572728, 44.622565 ], [ 3.572098, 44.622731 ], [ 3.578125, 44.621977 ], [ 3.577931, 44.620639 ] ] ], [ [ [ 3.584317, 44.602018 ], [ 3.580919, 44.601675 ], [ 3.574411, 44.600136 ], [ 3.571998, 44.602807 ], [ 3.566452, 44.606729 ], [ 3.56313, 44.605342 ], [ 3.554768, 44.605381 ], [ 3.551337, 44.606471 ], [ 3.546189, 44.613726 ], [ 3.546693, 44.613613 ], [ 3.546992, 44.613563 ], [ 3.548031, 44.613326 ], [ 3.553949, 44.609143 ], [ 3.554916, 44.605675 ], [ 3.557485, 44.606391 ], [ 3.560054, 44.607108 ], [ 3.560385, 44.607224 ], [ 3.562067, 44.607978 ], [ 3.564849, 44.609033 ], [ 3.568389, 44.609737 ], [ 3.570095, 44.609798 ], [ 3.57655, 44.604379 ], [ 3.576654, 44.603497 ], [ 3.579486, 44.60313 ], [ 3.586781, 44.604162 ], [ 3.587381, 44.604348 ], [ 3.584999, 44.602126 ], [ 3.584317, 44.602018 ] ] ], [ [ [ 3.531471, 44.593876 ], [ 3.534142, 44.591463 ], [ 3.535932, 44.58367 ], [ 3.537291, 44.580002 ], [ 3.537555, 44.57948 ], [ 3.537733, 44.578832 ], [ 3.537789, 44.578325 ], [ 3.535137, 44.578055 ], [ 3.534211, 44.577932 ], [ 3.531977, 44.579406 ], [ 3.526892, 44.580326 ], [ 3.527468, 44.580433 ], [ 3.529286, 44.580936 ], [ 3.53052, 44.586617 ], [ 3.530395, 44.591105 ], [ 3.529868, 44.59134 ], [ 3.528632, 44.591554 ], [ 3.527789, 44.591254 ], [ 3.531143, 44.593514 ], [ 3.531471, 44.593876 ] ] ], [ [ [ 3.520054, 44.571676 ], [ 3.520234, 44.56808 ], [ 3.51886, 44.566636 ], [ 3.51782, 44.56531 ], [ 3.51631026726137, 44.560604064728125 ], [ 3.515805, 44.561267 ], [ 3.515146177887182, 44.562279008565554 ], [ 3.517242, 44.564832 ], [ 3.517183, 44.566466 ], [ 3.516759, 44.56726 ], [ 3.516264, 44.567998 ], [ 3.515568, 44.56802 ], [ 3.514425, 44.567966 ], [ 3.513549, 44.567852 ], [ 3.512665, 44.567616 ], [ 3.510738, 44.567552 ], [ 3.507255, 44.567972 ], [ 3.505167, 44.576648 ], [ 3.50599, 44.57707 ], [ 3.507292, 44.578005 ], [ 3.507694, 44.57835 ], [ 3.512447, 44.580435 ], [ 3.512816, 44.580422 ], [ 3.514895, 44.580166 ], [ 3.515604, 44.580242 ], [ 3.51761, 44.580471 ], [ 3.518446, 44.58054 ], [ 3.519448, 44.571646 ], [ 3.520054, 44.571676 ] ] ], [ [ [ 3.480726, 44.569979 ], [ 3.479765, 44.569635 ], [ 3.47835, 44.572945 ], [ 3.478333, 44.573707 ], [ 3.473942112550735, 44.578750282229478 ], [ 3.479554, 44.575731 ], [ 3.479661, 44.574021 ], [ 3.483253, 44.573773 ], [ 3.487871, 44.566277 ], [ 3.487997, 44.56524 ], [ 3.480726, 44.569979 ] ] ], [ [ [ 3.456355, 44.573651 ], [ 3.455209, 44.573799 ], [ 3.454332, 44.574129 ], [ 3.445982, 44.574523 ], [ 3.437279, 44.574385 ], [ 3.434182, 44.576347 ], [ 3.432299, 44.578505 ], [ 3.430485, 44.581615 ], [ 3.432724, 44.584062 ], [ 3.436060529575114, 44.586939880272695 ], [ 3.436559, 44.586283 ], [ 3.435987, 44.583575 ], [ 3.435588, 44.58217 ], [ 3.435513, 44.581555 ], [ 3.435572, 44.58077 ], [ 3.435662, 44.579399 ], [ 3.436058, 44.578663 ], [ 3.43617, 44.578487 ], [ 3.437485, 44.577949 ], [ 3.438453, 44.577532 ], [ 3.439307, 44.579664 ], [ 3.439878, 44.580838 ], [ 3.440044, 44.583452 ], [ 3.448275, 44.584858 ], [ 3.448657, 44.584981 ], [ 3.449955, 44.585482 ], [ 3.450766, 44.585721 ], [ 3.457729, 44.585916 ], [ 3.459575, 44.578143 ], [ 3.461575, 44.57515 ], [ 3.467467, 44.577346 ], [ 3.462615, 44.572476 ], [ 3.456355, 44.573651 ] ] ], [ [ [ 3.426663, 44.592089 ], [ 3.424767, 44.595101 ], [ 3.424779, 44.595157 ], [ 3.426258, 44.597849 ], [ 3.425848, 44.596355 ], [ 3.42679, 44.595547 ], [ 3.429992, 44.593688 ], [ 3.431197, 44.593349 ], [ 3.427062, 44.592334 ], [ 3.426663, 44.592089 ] ] ], [ [ [ 3.414852, 44.59302 ], [ 3.413766, 44.590306 ], [ 3.410486, 44.588147 ], [ 3.411195, 44.589161 ], [ 3.412136, 44.590815 ], [ 3.413448, 44.592453 ], [ 3.412979, 44.592886 ], [ 3.412255, 44.593501 ], [ 3.411625, 44.593859 ], [ 3.411537, 44.602744 ], [ 3.412046, 44.603087 ], [ 3.412121, 44.595366 ], [ 3.414852, 44.59302 ] ] ], [ [ [ 3.409568, 44.587471 ], [ 3.410486, 44.588147 ], [ 3.40850560935704, 44.583329158897989 ], [ 3.409568, 44.587471 ] ] ], [ [ [ 3.407418, 44.579089 ], [ 3.407985424049492, 44.581301162038542 ], [ 3.407382, 44.57855 ], [ 3.407418, 44.579089 ] ] ], [ [ [ 3.404560529154212, 44.574333717881643 ], [ 3.404878067543146, 44.574471084366103 ], [ 3.404692, 44.574267 ], [ 3.404560529154212, 44.574333717881643 ] ] ], [ [ [ 3.39801, 44.577629 ], [ 3.399547, 44.580885 ], [ 3.399554, 44.585254 ], [ 3.392573, 44.587247 ], [ 3.392435, 44.587217 ], [ 3.391006, 44.588178 ], [ 3.383319, 44.590801 ], [ 3.375666, 44.587977 ], [ 3.373371, 44.586165 ], [ 3.370406, 44.582929 ], [ 3.367483, 44.58503 ], [ 3.365512260693917, 44.586960744057961 ], [ 3.369765, 44.588286 ], [ 3.370697, 44.588286 ], [ 3.371665, 44.589092 ], [ 3.372643, 44.593354 ], [ 3.373627814464992, 44.593599158089098 ], [ 3.375078, 44.59202 ], [ 3.3769, 44.588916 ], [ 3.377687, 44.589378 ], [ 3.378847, 44.590018 ], [ 3.383455, 44.59165 ], [ 3.390178, 44.592917 ], [ 3.393768, 44.59319 ], [ 3.40274, 44.592722 ], [ 3.402805, 44.592266 ], [ 3.40299, 44.591156 ], [ 3.403082, 44.590042 ], [ 3.401277, 44.584829 ], [ 3.400979, 44.583679 ], [ 3.401139, 44.580846 ], [ 3.402382, 44.578648 ], [ 3.404401507987717, 44.574414416802441 ], [ 3.398804, 44.577255 ], [ 3.39801, 44.577629 ] ] ], [ [ [ 3.373236, 44.601677 ], [ 3.372486, 44.601307 ], [ 3.371544, 44.600841 ], [ 3.370069179140631, 44.599627062017518 ], [ 3.369898, 44.599545 ], [ 3.369762, 44.599415 ], [ 3.369738430287353, 44.599354819735964 ], [ 3.368887, 44.598654 ], [ 3.368593, 44.598313 ], [ 3.365194668546923, 44.596237609736392 ], [ 3.366878, 44.599421 ], [ 3.367194, 44.603007 ], [ 3.368569, 44.610294 ], [ 3.369098, 44.612244 ], [ 3.370733, 44.61359 ], [ 3.375676, 44.6121 ], [ 3.376212, 44.612105 ], [ 3.376651, 44.612059 ], [ 3.378642, 44.610768 ], [ 3.379031547002162, 44.610620128479113 ], [ 3.376963, 44.609031 ], [ 3.376883, 44.608684 ], [ 3.376776, 44.608104 ], [ 3.377159, 44.607702 ], [ 3.37416717496502, 44.601926743003588 ], [ 3.37377, 44.60183 ], [ 3.373236, 44.601677 ] ] ], [ [ [ 3.387391, 44.614506 ], [ 3.387591, 44.615048 ], [ 3.38787, 44.615629 ], [ 3.391116, 44.614071 ], [ 3.396192, 44.62124 ], [ 3.393799, 44.623929 ], [ 3.38766, 44.625435 ], [ 3.384871, 44.625647 ], [ 3.384099, 44.625962 ], [ 3.384276, 44.627161 ], [ 3.384505, 44.627813 ], [ 3.384561, 44.627917 ], [ 3.385159, 44.628623 ], [ 3.386056, 44.629402 ], [ 3.386602, 44.629848 ], [ 3.387386, 44.630241 ], [ 3.387425, 44.638957 ], [ 3.385903, 44.642219 ], [ 3.387218, 44.642833 ], [ 3.389411, 44.644425 ], [ 3.392020972898445, 44.645233168456983 ], [ 3.392583, 44.64347 ], [ 3.391927, 44.63993 ], [ 3.391158, 44.63256 ], [ 3.390931, 44.631747 ], [ 3.390538, 44.629956 ], [ 3.394034, 44.629098 ], [ 3.39829, 44.622639 ], [ 3.399217, 44.622417 ], [ 3.396935, 44.61372 ], [ 3.390777, 44.612169 ], [ 3.387236, 44.612817 ], [ 3.380719143138771, 44.61107816348251 ], [ 3.387231, 44.613443 ], [ 3.387391, 44.614506 ] ] ], [ [ [ 3.381841, 44.651517 ], [ 3.381662, 44.6509 ], [ 3.379858, 44.650238 ], [ 3.378879, 44.650379 ], [ 3.378205, 44.651906 ], [ 3.377879, 44.656288 ], [ 3.372832, 44.662634 ], [ 3.373356, 44.662449 ], [ 3.374032, 44.662225 ], [ 3.38036, 44.656198 ], [ 3.382664, 44.654196 ], [ 3.383425, 44.653612 ], [ 3.383472303877588, 44.653592639341248 ], [ 3.382817, 44.65353 ], [ 3.381841, 44.651517 ] ] ], [ [ [ 3.366437, 44.663388 ], [ 3.366895, 44.66356 ], [ 3.371961284383024, 44.663686404893248 ], [ 3.371721, 44.663062 ], [ 3.372832, 44.662634 ], [ 3.370722, 44.663247 ], [ 3.366437, 44.663388 ] ] ], [ [ [ 3.492037, 44.558662 ], [ 3.49156, 44.559069 ], [ 3.49134, 44.559328 ], [ 3.488679, 44.564247 ], [ 3.489273264432949, 44.563573739690774 ], [ 3.493796, 44.5583 ], [ 3.493977610426891, 44.557812315187391 ], [ 3.493488, 44.557971 ], [ 3.492898, 44.558211 ], [ 3.492037, 44.558662 ] ] ], [ [ [ 3.364003, 44.664176 ], [ 3.363289, 44.665076 ], [ 3.36556879296234, 44.668054507724044 ], [ 3.365594, 44.667952 ], [ 3.363412, 44.664922 ], [ 3.364003, 44.664176 ] ] ] ] } },
{ "type": "Feature", "properties": { "codgeo": "48127", "value": 840, "isochrone_group": 14.0, "nb_agences": 1 }, "geometry": { "type": "MultiPolygon", "coordinates": [ [ [ [ 3.355425, 44.663013 ], [ 3.355409173115609, 44.663245927630527 ], [ 3.355605, 44.663025 ], [ 3.358446522377493, 44.662486446800969 ], [ 3.355425, 44.663013 ] ] ], [ [ [ 3.360812, 44.662178 ], [ 3.360089, 44.662205 ], [ 3.359939609406052, 44.662220857102135 ], [ 3.36589, 44.66331 ], [ 3.360812, 44.662178 ] ] ], [ [ [ 3.392973, 44.711341 ], [ 3.393715, 44.711142 ], [ 3.394417, 44.710663 ], [ 3.395306, 44.710063 ], [ 3.39963, 44.70758 ], [ 3.405086, 44.706735 ], [ 3.406832, 44.703587 ], [ 3.404833, 44.698177 ], [ 3.404821, 44.698736 ], [ 3.404712, 44.69922 ], [ 3.404104, 44.700949 ], [ 3.403994, 44.70134 ], [ 3.403844, 44.701705 ], [ 3.403269, 44.702942 ], [ 3.402642, 44.703991 ], [ 3.402126, 44.704629 ], [ 3.401077, 44.704476 ], [ 3.395186, 44.702836 ], [ 3.390565, 44.707174 ], [ 3.389843577717524, 44.707375491631559 ], [ 3.388014, 44.709052 ], [ 3.387649100576228, 44.712804422683654 ], [ 3.389852, 44.712 ], [ 3.392973, 44.711341 ] ] ], [ [ [ 3.382593, 44.700472 ], [ 3.381802, 44.699789 ], [ 3.381178, 44.699091 ], [ 3.3807, 44.698504 ], [ 3.379592724518599, 44.697762779941314 ], [ 3.379837445372538, 44.703861252582477 ], [ 3.383627286039309, 44.70186841218306 ], [ 3.382593, 44.700472 ] ] ], [ [ [ 3.420671, 44.697472 ], [ 3.419424, 44.700537 ], [ 3.422963, 44.706446 ], [ 3.423314, 44.710029 ], [ 3.428294, 44.714131 ], [ 3.428416, 44.714155 ], [ 3.429018, 44.714144 ], [ 3.429805, 44.713883 ], [ 3.433633, 44.712608 ], [ 3.43866, 44.718492 ], [ 3.436755, 44.72163 ], [ 3.437214, 44.721929 ], [ 3.442029, 44.7246 ], [ 3.442479, 44.724819 ], [ 3.443471, 44.725173 ], [ 3.44928, 44.719424 ], [ 3.450088, 44.718481 ], [ 3.450133, 44.7177 ], [ 3.449296, 44.71618 ], [ 3.448426, 44.715552 ], [ 3.449406, 44.706945 ], [ 3.452678, 44.707059 ], [ 3.453514, 44.707288 ], [ 3.45449, 44.707133 ], [ 3.455619, 44.705813 ], [ 3.463258, 44.702564 ], [ 3.463347, 44.702418 ], [ 3.463544, 44.701993 ], [ 3.4639, 44.701162 ], [ 3.464585, 44.699821 ], [ 3.464599, 44.69938 ], [ 3.464594, 44.699227 ], [ 3.462572, 44.697962 ], [ 3.462338210662318, 44.697626491792583 ], [ 3.460653, 44.698777 ], [ 3.452242, 44.700885 ], [ 3.450559, 44.706296 ], [ 3.449304, 44.706704 ], [ 3.445748, 44.71493 ], [ 3.445517, 44.718428 ], [ 3.445345, 44.718582 ], [ 3.444295, 44.719038 ], [ 3.444132, 44.719046 ], [ 3.441131, 44.717072 ], [ 3.440592, 44.716619 ], [ 3.440137, 44.7159 ], [ 3.439877, 44.713736 ], [ 3.431911, 44.710278 ], [ 3.431528, 44.710331 ], [ 3.431154, 44.710347 ], [ 3.430479, 44.71021 ], [ 3.426116, 44.708678 ], [ 3.426114, 44.708548 ], [ 3.426498, 44.706611 ], [ 3.424675, 44.699277 ], [ 3.421718, 44.697224 ], [ 3.421796, 44.695986 ], [ 3.42142865425666, 44.695587450900909 ], [ 3.42072, 44.697352 ], [ 3.420671, 44.697472 ] ] ], [ [ [ 3.489686, 44.703906 ], [ 3.488759, 44.705214 ], [ 3.488667, 44.705399 ], [ 3.491691, 44.70728 ], [ 3.498118, 44.704929 ], [ 3.505685121208745, 44.705336024760989 ], [ 3.503338, 44.703165 ], [ 3.494908, 44.70434 ], [ 3.494646, 44.704487 ], [ 3.492609, 44.702617 ], [ 3.48949389908013, 44.700298696188874 ], [ 3.490008, 44.703332 ], [ 3.489686, 44.703906 ] ] ], [ [ [ 3.513707, 44.716846 ], [ 3.522231, 44.718968 ], [ 3.522876, 44.719335 ], [ 3.523234, 44.719474 ], [ 3.526736, 44.719398 ], [ 3.526758, 44.718845 ], [ 3.526713, 44.71835 ], [ 3.526493, 44.712335 ], [ 3.524016, 44.709722 ], [ 3.519927, 44.705544 ], [ 3.519588, 44.705444 ], [ 3.517962, 44.705695 ], [ 3.517411, 44.705784 ], [ 3.51401218454109, 44.705648925697318 ], [ 3.514279, 44.705816 ], [ 3.515908, 44.706287 ], [ 3.517679, 44.706554 ], [ 3.521525, 44.711238 ], [ 3.521631, 44.711338 ], [ 3.522187, 44.71192 ], [ 3.522521, 44.712609 ], [ 3.522435, 44.714641 ], [ 3.522396, 44.714878 ], [ 3.521423, 44.715469 ], [ 3.521233, 44.715495 ], [ 3.520322, 44.715615 ], [ 3.520032, 44.715521 ], [ 3.516436, 44.712812 ], [ 3.509294, 44.70833 ], [ 3.508712, 44.708067 ], [ 3.508387, 44.707835 ], [ 3.512327, 44.713521 ], [ 3.513707, 44.716846 ] ] ], [ [ [ 3.509604, 44.697612 ], [ 3.514227, 44.689923 ], [ 3.51371, 44.690179 ], [ 3.512573, 44.690878 ], [ 3.511895, 44.691233 ], [ 3.508678, 44.694811 ], [ 3.509191, 44.70263 ], [ 3.511086632675143, 44.703817005837848 ], [ 3.50928, 44.701197 ], [ 3.509604, 44.697612 ] ] ], [ [ [ 3.52015, 44.686843 ], [ 3.521439, 44.686473 ], [ 3.523394, 44.685888 ], [ 3.522362, 44.682439 ], [ 3.516728, 44.67673 ], [ 3.522426, 44.672977 ], [ 3.522073, 44.672889 ], [ 3.521409, 44.672604 ], [ 3.51395, 44.677604 ], [ 3.516416, 44.684254 ], [ 3.517248, 44.687757 ], [ 3.515451, 44.689052 ], [ 3.518655, 44.687324 ], [ 3.52015, 44.686843 ] ] ], [ [ [ 3.539727, 44.674888 ], [ 3.54665, 44.677243 ], [ 3.552552, 44.673268 ], [ 3.55602, 44.672306 ], [ 3.555058, 44.668837 ], [ 3.552508, 44.665346 ], [ 3.550402, 44.662426 ], [ 3.549648, 44.66297 ], [ 3.541474, 44.660816 ], [ 3.541061, 44.6597 ], [ 3.537685, 44.66095 ], [ 3.532339, 44.660253 ], [ 3.529421, 44.658204 ], [ 3.528727, 44.658627 ], [ 3.528255, 44.65888 ], [ 3.525871, 44.659849 ], [ 3.52639, 44.659818 ], [ 3.527465, 44.659691 ], [ 3.532895, 44.66284 ], [ 3.538284, 44.665661 ], [ 3.543341, 44.663438 ], [ 3.546084, 44.664972 ], [ 3.546915, 44.665354 ], [ 3.547211, 44.665532 ], [ 3.547968, 44.665978 ], [ 3.548473, 44.666492 ], [ 3.548825, 44.667198 ], [ 3.548784, 44.668425 ], [ 3.548523, 44.668884 ], [ 3.546939, 44.670205 ], [ 3.543893, 44.672124 ], [ 3.542856, 44.672372 ], [ 3.536761, 44.669649 ], [ 3.530259, 44.670791 ], [ 3.52894, 44.671395 ], [ 3.536499, 44.673294 ], [ 3.539727, 44.674888 ] ] ], [ [ [ 3.517419, 44.652959 ], [ 3.523071, 44.648312 ], [ 3.520851, 44.648413 ], [ 3.519946, 44.648516 ], [ 3.513777, 44.652953 ], [ 3.507016, 44.655914 ], [ 3.514178, 44.65424 ], [ 3.517419, 44.652959 ] ] ], [ [ [ 3.528354, 44.646975 ], [ 3.528907, 44.646881 ], [ 3.529178, 44.643911 ], [ 3.528924, 44.643566 ], [ 3.52802, 44.642956 ], [ 3.526238, 44.641658 ], [ 3.524668, 44.641153 ], [ 3.525938, 44.641806 ], [ 3.526124, 44.643329 ], [ 3.526209, 44.643882 ], [ 3.526036, 44.644975 ], [ 3.524351, 44.647634 ], [ 3.527895, 44.646997 ], [ 3.528354, 44.646975 ] ] ], [ [ [ 3.558718, 44.623532 ], [ 3.558633797158948, 44.623494354375183 ], [ 3.55871513719461, 44.62363031691654 ], [ 3.558718, 44.623532 ] ] ], [ [ [ 3.558927, 44.627979 ], [ 3.560735, 44.629512 ], [ 3.561162, 44.629417 ], [ 3.56242, 44.628967 ], [ 3.562487, 44.628749 ], [ 3.56257, 44.628208 ], [ 3.562476, 44.627375 ], [ 3.569452, 44.622263 ], [ 3.562102, 44.625764 ], [ 3.560719, 44.626525 ], [ 3.558991, 44.625896 ], [ 3.558921654175273, 44.625634377115809 ], [ 3.5588, 44.626514 ], [ 3.558927, 44.627979 ] ] ], [ [ [ 3.578554, 44.620671 ], [ 3.579239, 44.620692 ], [ 3.582158, 44.61943 ], [ 3.587695, 44.616105 ], [ 3.586264, 44.616867 ], [ 3.586146, 44.61686 ], [ 3.578055, 44.618377 ], [ 3.577931, 44.620639 ], [ 3.577943452163849, 44.620724881418703 ], [ 3.578214, 44.620668 ], [ 3.578554, 44.620671 ] ] ], [ [ [ 3.605157, 44.612876 ], [ 3.608326, 44.611169 ], [ 3.607382, 44.607695 ], [ 3.60982, 44.599327 ], [ 3.610267, 44.599034 ], [ 3.610649, 44.598797 ], [ 3.61133, 44.598446 ], [ 3.609681, 44.595245 ], [ 3.60345, 44.59779 ], [ 3.60128, 44.599329 ], [ 3.600796, 44.599658 ], [ 3.599638, 44.600472 ], [ 3.598422, 44.601197 ], [ 3.598957, 44.600914 ], [ 3.601074, 44.603825 ], [ 3.601288, 44.606126 ], [ 3.599209, 44.609065 ], [ 3.59401, 44.609735 ], [ 3.593824184808524, 44.609947619335138 ], [ 3.600298, 44.609661 ], [ 3.605157, 44.612876 ] ] ], [ [ [ 3.584422, 44.601787 ], [ 3.580919, 44.601675 ], [ 3.584317, 44.602018 ], [ 3.584999, 44.602126 ], [ 3.587381, 44.604348 ], [ 3.594621, 44.603878 ], [ 3.595071, 44.603569 ], [ 3.595558, 44.603292 ], [ 3.587855, 44.602871 ], [ 3.584422, 44.601787 ] ] ], [ [ [ 3.572493, 44.597188 ], [ 3.571872, 44.59676 ], [ 3.571347, 44.596451 ], [ 3.569214, 44.59935 ], [ 3.570309, 44.600795 ], [ 3.570699, 44.601416 ], [ 3.56944471685071, 44.604612621440921 ], [ 3.571998, 44.602807 ], [ 3.574411, 44.600136 ], [ 3.580919, 44.601675 ], [ 3.57308, 44.597936 ], [ 3.572493, 44.597188 ] ] ], [ [ [ 3.554475, 44.60222 ], [ 3.551353, 44.604012 ], [ 3.551253, 44.605811 ], [ 3.551368957873754, 44.606460847250837 ], [ 3.554768, 44.605381 ], [ 3.557762836082372, 44.6053670322163 ], [ 3.555136, 44.603371 ], [ 3.554475, 44.60222 ] ] ], [ [ [ 3.496280023555501, 44.585966906090938 ], [ 3.494317, 44.589073 ], [ 3.496280023555506, 44.585966906090938 ], [ 3.496280023555501, 44.585966906090938 ] ] ], [ [ [ 3.480414, 44.566851 ], [ 3.477849, 44.568196 ], [ 3.476728, 44.568663 ], [ 3.476362, 44.569045 ], [ 3.46851, 44.571212 ], [ 3.465719, 44.569707 ], [ 3.465263, 44.569657 ], [ 3.463989, 44.570645 ], [ 3.463348, 44.571038 ], [ 3.461564083637694, 44.572673256665453 ], [ 3.462615, 44.572476 ], [ 3.467467, 44.577346 ], [ 3.46884, 44.577812 ], [ 3.4698, 44.578049 ], [ 3.470095, 44.578234 ], [ 3.471794, 44.579906 ], [ 3.472491, 44.580417 ], [ 3.478333, 44.573707 ], [ 3.47835, 44.572945 ], [ 3.479765, 44.569635 ], [ 3.480726, 44.569979 ], [ 3.487997, 44.56524 ], [ 3.488271, 44.564732 ], [ 3.480414, 44.566851 ] ] ], [ [ [ 3.452011, 44.571568 ], [ 3.451965, 44.571632 ], [ 3.451498, 44.572137 ], [ 3.451077, 44.572453 ], [ 3.449724, 44.572256 ], [ 3.449371, 44.571968 ], [ 3.44892, 44.56971 ], [ 3.448919, 44.569571 ], [ 3.448931, 44.568979 ], [ 3.449006012646596, 44.568563798421039 ], [ 3.448139, 44.568419 ], [ 3.44134, 44.571625 ], [ 3.437642, 44.572013 ], [ 3.435553, 44.574945 ], [ 3.428019, 44.574996 ], [ 3.425223, 44.577263 ], [ 3.426004, 44.581791 ], [ 3.425621, 44.58537 ], [ 3.422934, 44.590775 ], [ 3.421952, 44.591995 ], [ 3.413766, 44.590306 ], [ 3.414852, 44.59302 ], [ 3.412121, 44.595366 ], [ 3.412046, 44.603087 ], [ 3.414307, 44.604424 ], [ 3.414833, 44.604568 ], [ 3.415433, 44.604834 ], [ 3.415925, 44.605139 ], [ 3.41713, 44.606027 ], [ 3.425837, 44.606107 ], [ 3.426321, 44.605312 ], [ 3.426696, 44.599627 ], [ 3.426587, 44.598964 ], [ 3.426258, 44.597849 ], [ 3.424779, 44.595157 ], [ 3.424767, 44.595101 ], [ 3.426663, 44.592089 ], [ 3.427062, 44.592334 ], [ 3.431197, 44.593349 ], [ 3.436776, 44.587557 ], [ 3.432724, 44.584062 ], [ 3.430485, 44.581615 ], [ 3.432299, 44.578505 ], [ 3.434182, 44.576347 ], [ 3.437279, 44.574385 ], [ 3.445982, 44.574523 ], [ 3.454332, 44.574129 ], [ 3.455209, 44.573799 ], [ 3.456355, 44.573651 ], [ 3.459153728426827, 44.573125679568449 ], [ 3.4534807557884, 44.569723400752672 ], [ 3.452011, 44.571568 ] ] ], [ [ [ 3.407382, 44.57855 ], [ 3.408344, 44.582936 ], [ 3.410486, 44.588147 ], [ 3.413766, 44.590306 ], [ 3.411761, 44.585403 ], [ 3.407382, 44.57855 ] ] ], [ [ [ 3.398044, 44.574559 ], [ 3.397223, 44.574866 ], [ 3.396657, 44.57534 ], [ 3.396252, 44.576009 ], [ 3.396045, 44.576605 ], [ 3.398355206411467, 44.578360289574327 ], [ 3.39801, 44.577629 ], [ 3.398804, 44.577255 ], [ 3.404692, 44.574267 ], [ 3.398673, 44.574445 ], [ 3.398044, 44.574559 ] ] ], [ [ [ 3.399547, 44.580885 ], [ 3.399420185185674, 44.580616353913186 ], [ 3.399548129796738, 44.581590154564061 ], [ 3.399547, 44.580885 ] ] ], [ [ [ 3.399554, 44.585254 ], [ 3.399553265106938, 44.584795321744416 ], [ 3.396378685068076, 44.586160518071814 ], [ 3.399554, 44.585254 ] ] ], [ [ [ 3.392003, 44.586043 ], [ 3.390557, 44.585893 ], [ 3.390302, 44.585976 ], [ 3.389996, 44.58609 ], [ 3.389413, 44.586298 ], [ 3.382991, 44.587659 ], [ 3.38019, 44.587362 ], [ 3.372618481659387, 44.585343701736853 ], [ 3.373371, 44.586165 ], [ 3.375666, 44.587977 ], [ 3.383319, 44.590801 ], [ 3.391006, 44.588178 ], [ 3.392435, 44.587217 ], [ 3.392573, 44.587247 ], [ 3.394192809258525, 44.586784561975037 ], [ 3.393691, 44.586684 ], [ 3.392003, 44.586043 ] ] ], [ [ [ 3.36982, 44.58016 ], [ 3.368977, 44.578224 ], [ 3.368956242211772, 44.578188256101242 ], [ 3.369935590841445, 44.583267121670261 ], [ 3.370406, 44.582929 ], [ 3.37210593138087, 44.584784304535745 ], [ 3.369996, 44.580669 ], [ 3.36982, 44.58016 ] ] ], [ [ [ 3.360928945518278, 44.598011623009477 ], [ 3.360925, 44.600175 ], [ 3.360519, 44.600553 ], [ 3.362747, 44.603152 ], [ 3.364303, 44.611608 ], [ 3.366968, 44.613438 ], [ 3.370317, 44.614758 ], [ 3.374248, 44.616442 ], [ 3.378179, 44.623248 ], [ 3.37914, 44.625367 ], [ 3.380175, 44.626245 ], [ 3.382855, 44.630327 ], [ 3.383628, 44.638649 ], [ 3.381835, 44.639604 ], [ 3.381399, 44.641476 ], [ 3.377693, 44.648715 ], [ 3.375373, 44.651469 ], [ 3.374275, 44.656846 ], [ 3.373811, 44.658412 ], [ 3.366552589228289, 44.66331 ], [ 3.368807425531772, 44.66331 ], [ 3.370722, 44.663247 ], [ 3.372832, 44.662634 ], [ 3.377879, 44.656288 ], [ 3.378205, 44.651906 ], [ 3.378879, 44.650379 ], [ 3.379858, 44.650238 ], [ 3.381662, 44.6509 ], [ 3.381841, 44.651517 ], [ 3.382817, 44.65353 ], [ 3.390841, 44.654297 ], [ 3.392339, 44.653436 ], [ 3.392521, 44.645388 ], [ 3.389411, 44.644425 ], [ 3.387218, 44.642833 ], [ 3.385903, 44.642219 ], [ 3.387425, 44.638957 ], [ 3.387386, 44.630241 ], [ 3.386602, 44.629848 ], [ 3.386056, 44.629402 ], [ 3.385159, 44.628623 ], [ 3.384561, 44.627917 ], [ 3.384505, 44.627813 ], [ 3.384276, 44.627161 ], [ 3.384099, 44.625962 ], [ 3.384871, 44.625647 ], [ 3.38766, 44.625435 ], [ 3.393799, 44.623929 ], [ 3.396192, 44.62124 ], [ 3.391116, 44.614071 ], [ 3.38787, 44.615629 ], [ 3.387591, 44.615048 ], [ 3.387391, 44.614506 ], [ 3.387231, 44.613443 ], [ 3.37924, 44.610541 ], [ 3.378642, 44.610768 ], [ 3.376651, 44.612059 ], [ 3.376212, 44.612105 ], [ 3.375676, 44.6121 ], [ 3.370733, 44.61359 ], [ 3.369098, 44.612244 ], [ 3.368569, 44.610294 ], [ 3.367194, 44.603007 ], [ 3.366878, 44.599421 ], [ 3.366262455678081, 44.598256928718818 ], [ 3.361841, 44.597588 ], [ 3.360928945518278, 44.598011623009477 ] ] ], [ [ [ 3.384679177340151, 44.67331658406065 ], [ 3.386283, 44.67327 ], [ 3.389818, 44.672591 ], [ 3.397029, 44.67744 ], [ 3.396805, 44.676822 ], [ 3.396697, 44.676213 ], [ 3.396044, 44.67351 ], [ 3.395702, 44.672412 ], [ 3.387206, 44.671316 ], [ 3.386687, 44.671741 ], [ 3.386417, 44.671906 ], [ 3.385771167873099, 44.671719533523145 ], [ 3.385915, 44.672126 ], [ 3.384679177340151, 44.67331658406065 ] ] ], [ [ [ 3.394985, 44.688745 ], [ 3.396036, 44.688 ], [ 3.396698, 44.687599 ], [ 3.398449, 44.679468 ], [ 3.397756, 44.678612 ], [ 3.39734, 44.677981 ], [ 3.397029, 44.67744 ], [ 3.397469, 44.680311 ], [ 3.394985, 44.688745 ] ] ], [ [ [ 3.384649280202959, 44.694474844413868 ], [ 3.384969, 44.694821 ], [ 3.388093, 44.69661 ], [ 3.388139681037807, 44.696669317161913 ], [ 3.388778, 44.695797 ], [ 3.389508, 44.695222 ], [ 3.392717, 44.69153 ], [ 3.393199, 44.690948 ], [ 3.385234, 44.694342 ], [ 3.384649280202959, 44.694474844413868 ] ] ], [ [ [ 3.531137, 44.596927 ], [ 3.53453, 44.597346 ], [ 3.53508, 44.596152 ], [ 3.534921, 44.595018 ], [ 3.539963, 44.587965 ], [ 3.540814, 44.584467 ], [ 3.539109, 44.576276 ], [ 3.54119, 44.573251 ], [ 3.538836, 44.570527 ], [ 3.537638, 44.571028 ], [ 3.536983, 44.57131 ], [ 3.536325, 44.571862 ], [ 3.535881, 44.57239 ], [ 3.535517, 44.57309 ], [ 3.535492, 44.574189 ], [ 3.53485, 44.576302 ], [ 3.534568, 44.576791 ], [ 3.534286, 44.577565 ], [ 3.533525160517945, 44.57838451897787 ], [ 3.534211, 44.577932 ], [ 3.535137, 44.578055 ], [ 3.537789, 44.578325 ], [ 3.537733, 44.578832 ], [ 3.537555, 44.57948 ], [ 3.537291, 44.580002 ], [ 3.535932, 44.58367 ], [ 3.534142, 44.591463 ], [ 3.531471, 44.593876 ], [ 3.531143, 44.593514 ], [ 3.527789, 44.591254 ], [ 3.527403, 44.591015 ], [ 3.530952, 44.596951 ], [ 3.531137, 44.596927 ] ] ], [ [ [ 3.526319, 44.570733 ], [ 3.525484, 44.568155 ], [ 3.52534, 44.567982 ], [ 3.518810826354875, 44.565662059577136 ], [ 3.51886, 44.566636 ], [ 3.520234, 44.56808 ], [ 3.520054, 44.571676 ], [ 3.519448, 44.571646 ], [ 3.518446, 44.58054 ], [ 3.519493, 44.580755 ], [ 3.519993, 44.580987 ], [ 3.525176, 44.5808 ], [ 3.525562, 44.580555 ], [ 3.526326, 44.580326 ], [ 3.526892, 44.580326 ], [ 3.528023465830147, 44.580121290351258 ], [ 3.525003, 44.574084 ], [ 3.526319, 44.570733 ] ] ], [ [ [ 3.488679, 44.564247 ], [ 3.491011438053244, 44.559935364230036 ], [ 3.491061, 44.559775 ], [ 3.490878860886415, 44.558789200450889 ], [ 3.488857, 44.561626 ], [ 3.488271, 44.564732 ], [ 3.488679, 44.564247 ] ] ], [ [ [ 3.368567, 44.577518 ], [ 3.368542517204934, 44.577492788049533 ], [ 3.368608534332298, 44.577589520094151 ], [ 3.368567, 44.577518 ] ] ] ] } },
{ "type": "Feature", "properties": { "codgeo": "48127", "value": 900, "isochrone_group": 15.0, "nb_agences": 1 }, "geometry": { "type": "MultiPolygon", "coordinates": [ [ [ [ 3.345991, 44.660904 ], [ 3.344409, 44.660656 ], [ 3.34434357578122, 44.66107379882623 ], [ 3.346118, 44.660928 ], [ 3.346318586888608, 44.660933118834556 ], [ 3.345991, 44.660904 ] ] ], [ [ [ 3.352869, 44.661085 ], [ 3.352494127753912, 44.661090714239407 ], [ 3.352858, 44.6611 ], [ 3.360715, 44.660637 ], [ 3.361741, 44.659592 ], [ 3.352869, 44.661085 ] ] ], [ [ [ 3.399743, 44.708861 ], [ 3.408186, 44.708856 ], [ 3.40952, 44.709733 ], [ 3.409855, 44.709964 ], [ 3.410213, 44.710158 ], [ 3.412111, 44.711319 ], [ 3.412558, 44.711557 ], [ 3.413024, 44.711738 ], [ 3.413362, 44.711836 ], [ 3.417832, 44.709481 ], [ 3.423799, 44.713302 ], [ 3.42551, 44.71606 ], [ 3.425863, 44.716264 ], [ 3.427193, 44.716679 ], [ 3.433813, 44.719086 ], [ 3.436231, 44.721144 ], [ 3.436782617032368, 44.721584508006522 ], [ 3.43866, 44.718492 ], [ 3.433633, 44.712608 ], [ 3.429805, 44.713883 ], [ 3.429018, 44.714144 ], [ 3.428416, 44.714155 ], [ 3.428294, 44.714131 ], [ 3.423314, 44.710029 ], [ 3.422963, 44.706446 ], [ 3.419424, 44.700537 ], [ 3.420671, 44.697472 ], [ 3.42072, 44.697352 ], [ 3.42192, 44.694364 ], [ 3.415945, 44.689638 ], [ 3.414886, 44.689833 ], [ 3.413935, 44.689979 ], [ 3.413548, 44.690012 ], [ 3.410889, 44.690379 ], [ 3.408504, 44.691448 ], [ 3.404833, 44.698177 ], [ 3.406832, 44.703587 ], [ 3.405086, 44.706735 ], [ 3.39963, 44.70758 ], [ 3.395306, 44.710063 ], [ 3.394417, 44.710663 ], [ 3.393715, 44.711142 ], [ 3.392973, 44.711341 ], [ 3.387458, 44.71801 ], [ 3.388751480665271, 44.721363642597602 ], [ 3.393363, 44.715672 ], [ 3.394106, 44.713343 ], [ 3.399743, 44.708861 ] ] ], [ [ [ 3.448715, 44.730966 ], [ 3.449254, 44.731442 ], [ 3.449606604292069, 44.731628672860509 ], [ 3.450115, 44.729679 ], [ 3.451579171207931, 44.729303891582546 ], [ 3.45182, 44.728634 ], [ 3.449923, 44.724218 ], [ 3.45247, 44.717372 ], [ 3.451978, 44.715645 ], [ 3.45449, 44.707133 ], [ 3.453514, 44.707288 ], [ 3.452678, 44.707059 ], [ 3.449406, 44.706945 ], [ 3.448426, 44.715552 ], [ 3.449296, 44.71618 ], [ 3.450133, 44.7177 ], [ 3.450088, 44.718481 ], [ 3.44928, 44.719424 ], [ 3.443471, 44.725173 ], [ 3.442479, 44.724819 ], [ 3.442029, 44.7246 ], [ 3.448034, 44.730071 ], [ 3.448715, 44.730966 ] ] ], [ [ [ 3.463636, 44.706812 ], [ 3.463785, 44.706465 ], [ 3.468348, 44.699234 ], [ 3.468735, 44.698931 ], [ 3.46652, 44.696093 ], [ 3.465857, 44.695889 ], [ 3.465224, 44.695717 ], [ 3.464638, 44.695693 ], [ 3.460229, 44.694241 ], [ 3.460577, 44.695099 ], [ 3.462572, 44.697962 ], [ 3.464594, 44.699227 ], [ 3.464599, 44.69938 ], [ 3.464585, 44.699821 ], [ 3.4639, 44.701162 ], [ 3.463544, 44.701993 ], [ 3.463347, 44.702418 ], [ 3.463258, 44.702564 ], [ 3.455619, 44.705813 ], [ 3.45449, 44.707133 ], [ 3.460431, 44.706368 ], [ 3.463636, 44.706812 ] ] ], [ [ [ 3.488833, 44.707607 ], [ 3.489423, 44.70813 ], [ 3.490002, 44.70839 ], [ 3.49046, 44.7085 ], [ 3.491127, 44.708579 ], [ 3.491805, 44.708407 ], [ 3.499309, 44.708032 ], [ 3.500338, 44.708221 ], [ 3.500702, 44.708129 ], [ 3.501094, 44.708052 ], [ 3.50127, 44.707926 ], [ 3.501635, 44.707695 ], [ 3.508387, 44.707835 ], [ 3.508043, 44.707517 ], [ 3.50667, 44.705389 ], [ 3.498118, 44.704929 ], [ 3.491691, 44.70728 ], [ 3.488696009303934, 44.705417044477748 ], [ 3.488477, 44.706123 ], [ 3.488833, 44.707607 ] ] ], [ [ [ 3.50588, 44.716782 ], [ 3.504773, 44.717421 ], [ 3.504507, 44.71776 ], [ 3.504171, 44.718329 ], [ 3.50438, 44.72074 ], [ 3.505206, 44.721521 ], [ 3.506699, 44.720892 ], [ 3.51107, 44.7192 ], [ 3.517538, 44.719989 ], [ 3.524431, 44.72427 ], [ 3.524836, 44.724433 ], [ 3.52542, 44.724613 ], [ 3.525526, 44.72464 ], [ 3.526232, 44.724801 ], [ 3.534441594396131, 44.724505462535639 ], [ 3.53441, 44.724418 ], [ 3.535400501284816, 44.723337934275129 ], [ 3.536696, 44.721643 ], [ 3.535258, 44.720543 ], [ 3.534845, 44.720292 ], [ 3.534413, 44.720115 ], [ 3.53404, 44.720023 ], [ 3.52892, 44.716078 ], [ 3.529428, 44.709707 ], [ 3.526844, 44.707201 ], [ 3.524468, 44.708328 ], [ 3.524063, 44.708526 ], [ 3.522788966762316, 44.708468259509154 ], [ 3.524016, 44.709722 ], [ 3.526493, 44.712335 ], [ 3.526713, 44.71835 ], [ 3.526758, 44.718845 ], [ 3.526736, 44.719398 ], [ 3.523234, 44.719474 ], [ 3.522876, 44.719335 ], [ 3.522231, 44.718968 ], [ 3.513707, 44.716846 ], [ 3.512327, 44.713521 ], [ 3.508387, 44.707835 ], [ 3.507555, 44.715713 ], [ 3.50588, 44.716782 ] ] ], [ [ [ 3.511067, 44.69848 ], [ 3.513301296379661, 44.691462635547644 ], [ 3.509604, 44.697612 ], [ 3.50928, 44.701197 ], [ 3.512303, 44.705581 ], [ 3.515524674557504, 44.705709034443068 ], [ 3.51297, 44.701125 ], [ 3.511067, 44.69848 ] ] ], [ [ [ 3.522788724928828, 44.683865137867762 ], [ 3.523370599164671, 44.685809793138525 ], [ 3.524069, 44.68557 ], [ 3.522788724928828, 44.683865137867762 ] ] ], [ [ [ 3.526963, 44.67247 ], [ 3.526497, 44.672837 ], [ 3.52894, 44.671395 ], [ 3.526963, 44.67247 ] ] ], [ [ [ 3.542606, 44.677552 ], [ 3.542842, 44.678897 ], [ 3.542982, 44.679122 ], [ 3.546372, 44.680273 ], [ 3.546526, 44.679877 ], [ 3.552552, 44.673268 ], [ 3.54665, 44.677243 ], [ 3.541951802651461, 44.675644812110953 ], [ 3.542721, 44.676763 ], [ 3.542606, 44.677552 ] ] ], [ [ [ 3.563783, 44.673844 ], [ 3.564197, 44.6739 ], [ 3.56468, 44.670333 ], [ 3.562879, 44.669835 ], [ 3.558206, 44.662922 ], [ 3.556595, 44.662493 ], [ 3.555934, 44.662344 ], [ 3.554209, 44.662141 ], [ 3.552161, 44.661954 ], [ 3.551521, 44.661987 ], [ 3.550771, 44.662217 ], [ 3.550420679200603, 44.662451898986596 ], [ 3.552508, 44.665346 ], [ 3.555058, 44.668837 ], [ 3.55602, 44.672306 ], [ 3.554296658562081, 44.672784043386173 ], [ 3.56184, 44.673281 ], [ 3.563783, 44.673844 ] ] ], [ [ [ 3.542462, 44.656506 ], [ 3.541458, 44.65597 ], [ 3.537859, 44.656056 ], [ 3.531316, 44.658828 ], [ 3.531041584537047, 44.659341963576573 ], [ 3.532339, 44.660253 ], [ 3.537685, 44.66095 ], [ 3.541061, 44.6597 ], [ 3.541474, 44.660816 ], [ 3.549648, 44.66297 ], [ 3.541888, 44.659557 ], [ 3.542462, 44.656506 ] ] ], [ [ [ 3.518195, 44.654085 ], [ 3.523071, 44.648312 ], [ 3.517419, 44.652959 ], [ 3.514178, 44.65424 ], [ 3.507016, 44.655914 ], [ 3.507891, 44.662031 ], [ 3.512701, 44.664164 ], [ 3.513535, 44.664008 ], [ 3.514435, 44.663798 ], [ 3.514474178322468, 44.663795833890823 ], [ 3.515569, 44.656546 ], [ 3.518195, 44.654085 ] ] ], [ [ [ 3.530208, 44.647971 ], [ 3.53062, 44.64805 ], [ 3.531363, 44.648057 ], [ 3.53194, 44.647899 ], [ 3.532622, 44.647555 ], [ 3.532941, 44.647271 ], [ 3.532992, 44.647218 ], [ 3.535013, 44.644401 ], [ 3.534668, 44.644044 ], [ 3.53462, 44.643997 ], [ 3.534029, 44.64343 ], [ 3.532243, 44.643697 ], [ 3.529706, 44.643463 ], [ 3.526238, 44.641658 ], [ 3.52802, 44.642956 ], [ 3.528924, 44.643566 ], [ 3.529178, 44.643911 ], [ 3.528907, 44.646881 ], [ 3.528354, 44.646975 ], [ 3.527895, 44.646997 ], [ 3.524351, 44.647634 ], [ 3.529411, 44.647675 ], [ 3.530208, 44.647971 ] ] ], [ [ [ 3.555946, 44.632551 ], [ 3.561504, 44.634126 ], [ 3.561632, 44.634166 ], [ 3.562828, 44.630746 ], [ 3.56257, 44.628208 ], [ 3.562487, 44.628749 ], [ 3.56242, 44.628967 ], [ 3.561162, 44.629417 ], [ 3.560735, 44.629512 ], [ 3.558927, 44.627979 ], [ 3.5588, 44.626514 ], [ 3.559108, 44.624287 ], [ 3.55582, 44.618791 ], [ 3.5508, 44.619992 ], [ 3.548643, 44.622875 ], [ 3.554332, 44.629333 ], [ 3.555946, 44.632551 ] ] ], [ [ [ 3.591936, 44.612134 ], [ 3.592129321806284, 44.611869107993101 ], [ 3.590322, 44.613955 ], [ 3.591337, 44.61281 ], [ 3.591936, 44.612134 ] ] ], [ [ [ 3.593793, 44.609949 ], [ 3.59218165361906, 44.611808710055321 ], [ 3.598942045652034, 44.609721033028791 ], [ 3.593793, 44.609949 ] ] ], [ [ [ 3.604147, 44.61629 ], [ 3.609756, 44.617923 ], [ 3.615749, 44.61549 ], [ 3.615576, 44.611894 ], [ 3.611052, 44.606647 ], [ 3.611925, 44.598061 ], [ 3.612495, 44.597578 ], [ 3.614696, 44.596405 ], [ 3.615194, 44.596177 ], [ 3.615573, 44.595949 ], [ 3.616173, 44.595525 ], [ 3.616611, 44.595164 ], [ 3.618136, 44.594054 ], [ 3.618568, 44.593768 ], [ 3.618979, 44.593418 ], [ 3.619576, 44.592764 ], [ 3.620115, 44.592176 ], [ 3.620451, 44.591597 ], [ 3.619051, 44.58937 ], [ 3.618688, 44.589391 ], [ 3.617942, 44.589583 ], [ 3.617335, 44.589794 ], [ 3.614923, 44.591821 ], [ 3.612053, 44.593567 ], [ 3.603985, 44.594928 ], [ 3.599638, 44.600472 ], [ 3.600796, 44.599658 ], [ 3.60128, 44.599329 ], [ 3.60345, 44.59779 ], [ 3.609681, 44.595245 ], [ 3.61133, 44.598446 ], [ 3.610649, 44.598797 ], [ 3.610267, 44.599034 ], [ 3.60982, 44.599327 ], [ 3.607382, 44.607695 ], [ 3.608326, 44.611169 ], [ 3.605157, 44.612876 ], [ 3.600298, 44.609661 ], [ 3.599995795200652, 44.609674379705204 ], [ 3.60276, 44.612968 ], [ 3.604147, 44.61629 ] ] ], [ [ [ 3.586711, 44.599199 ], [ 3.584187, 44.598857 ], [ 3.579572058894356, 44.601032543973211 ], [ 3.580919, 44.601675 ], [ 3.584422, 44.601787 ], [ 3.587855, 44.602871 ], [ 3.595558, 44.603292 ], [ 3.597257, 44.602007 ], [ 3.588506, 44.600057 ], [ 3.586711, 44.599199 ] ] ], [ [ [ 3.567205, 44.59292 ], [ 3.564612, 44.595418 ], [ 3.566149, 44.597012 ], [ 3.566976, 44.597711 ], [ 3.567719, 44.598246 ], [ 3.568303, 44.598637 ], [ 3.569091, 44.599252 ], [ 3.570309, 44.600795 ], [ 3.569214, 44.59935 ], [ 3.571347, 44.596451 ], [ 3.571872, 44.59676 ], [ 3.572493, 44.597188 ], [ 3.57308, 44.597936 ], [ 3.576652130536512, 44.599639813761442 ], [ 3.572471, 44.595742 ], [ 3.567205, 44.59292 ] ] ], [ [ [ 3.553904, 44.601088 ], [ 3.552872, 44.599631 ], [ 3.552431, 44.599159 ], [ 3.549803, 44.601619 ], [ 3.551253, 44.605811 ], [ 3.551353, 44.604012 ], [ 3.554475, 44.60222 ], [ 3.555136, 44.603371 ], [ 3.554326, 44.601727 ], [ 3.553904, 44.601088 ] ] ], [ [ [ 3.534071, 44.602297 ], [ 3.535459, 44.603153 ], [ 3.537348, 44.600088 ], [ 3.536288, 44.599208 ], [ 3.534921, 44.595018 ], [ 3.53508, 44.596152 ], [ 3.53453, 44.597346 ], [ 3.531137, 44.596927 ], [ 3.530952, 44.596951 ], [ 3.527403, 44.591015 ], [ 3.526844, 44.590462 ], [ 3.520327, 44.587173 ], [ 3.519545, 44.586727 ], [ 3.511501, 44.58428 ], [ 3.509825, 44.584476 ], [ 3.509151, 44.584583 ], [ 3.507821, 44.584595 ], [ 3.507389, 44.584549 ], [ 3.506939, 44.584423 ], [ 3.506176, 44.583994 ], [ 3.505652, 44.583601 ], [ 3.498978701912718, 44.584616979428979 ], [ 3.498625132645336, 44.584721623442483 ], [ 3.497048683804036, 44.585954353745151 ], [ 3.496537, 44.589187 ], [ 3.496825, 44.590645 ], [ 3.496604, 44.591211 ], [ 3.496521, 44.591363 ], [ 3.49403, 44.592914 ], [ 3.493481435783412, 44.593509875796059 ], [ 3.494833, 44.599652 ], [ 3.495235, 44.601386 ], [ 3.494877, 44.603252 ], [ 3.494574, 44.603276 ], [ 3.494206, 44.603275 ], [ 3.493531, 44.603178 ], [ 3.48612, 44.607867 ], [ 3.486071, 44.609211 ], [ 3.486021, 44.609692 ], [ 3.485676, 44.610908 ], [ 3.485362, 44.611848 ], [ 3.4845, 44.6133 ], [ 3.483735, 44.614383 ], [ 3.483373, 44.614799 ], [ 3.482785, 44.615287 ], [ 3.482307, 44.615595 ], [ 3.481811, 44.615839 ], [ 3.478867, 44.618304 ], [ 3.482243, 44.625691 ], [ 3.483817, 44.625812 ], [ 3.485135, 44.625883 ], [ 3.48642, 44.626006 ], [ 3.489959, 44.625201 ], [ 3.490734, 44.62503 ], [ 3.493069, 44.623849 ], [ 3.493526, 44.623598 ], [ 3.495798, 44.621481 ], [ 3.497912, 44.622126 ], [ 3.506828, 44.621302 ], [ 3.50793, 44.620195 ], [ 3.509272, 44.618419 ], [ 3.510193, 44.61656 ], [ 3.510524, 44.615902 ], [ 3.511114, 44.615207 ], [ 3.511769, 44.614835 ], [ 3.518832, 44.60995 ], [ 3.52114, 44.606239 ], [ 3.524541, 44.604817 ], [ 3.525093, 44.605837 ], [ 3.525614, 44.607005 ], [ 3.530833, 44.600504 ], [ 3.534071, 44.602297 ] ] ], [ [ [ 3.543347, 44.590133 ], [ 3.54747, 44.587413 ], [ 3.548426, 44.587262 ], [ 3.548426, 44.583662 ], [ 3.548097, 44.583662 ], [ 3.546275, 44.583722 ], [ 3.545621, 44.583667 ], [ 3.544733, 44.583888 ], [ 3.542673, 44.584308 ], [ 3.539515590331308, 44.578229302876103 ], [ 3.540814, 44.584467 ], [ 3.539963, 44.587965 ], [ 3.534921, 44.595018 ], [ 3.541738, 44.591504 ], [ 3.543347, 44.590133 ] ] ], [ [ [ 3.54248, 44.572384 ], [ 3.546171, 44.570219 ], [ 3.546713, 44.570005 ], [ 3.547563, 44.569588 ], [ 3.548069, 44.569194 ], [ 3.548754, 44.568514 ], [ 3.546295, 44.565885 ], [ 3.542982, 44.566852 ], [ 3.542234, 44.566983 ], [ 3.54106, 44.568305 ], [ 3.540552, 44.56886 ], [ 3.539319, 44.56995 ], [ 3.537638, 44.571028 ], [ 3.538836, 44.570527 ], [ 3.54119, 44.573251 ], [ 3.541147366398893, 44.573312973399013 ], [ 3.541807, 44.572796 ], [ 3.54248, 44.572384 ] ] ], [ [ [ 3.528321, 44.580716 ], [ 3.531615, 44.580442 ], [ 3.534286, 44.577565 ], [ 3.534568, 44.576791 ], [ 3.528034127370816, 44.580142600579634 ], [ 3.528321, 44.580716 ] ] ], [ [ [ 3.525003, 44.574084 ], [ 3.525374485862305, 44.574826523881498 ], [ 3.525051297323054, 44.573961017986676 ], [ 3.525003, 44.574084 ] ] ], [ [ [ 3.526858, 44.568003 ], [ 3.527704, 44.566613 ], [ 3.527893, 44.564555 ], [ 3.525778, 44.563839 ], [ 3.52545, 44.563806 ], [ 3.524889, 44.564213 ], [ 3.519762226454917, 44.559551103345129 ], [ 3.519678, 44.559842 ], [ 3.520947811724437, 44.566421371399954 ], [ 3.52534, 44.567982 ], [ 3.525484, 44.568155 ], [ 3.525984425090369, 44.569700025009553 ], [ 3.526261, 44.569004 ], [ 3.526858, 44.568003 ] ] ], [ [ [ 3.487661955181347, 44.564764256008225 ], [ 3.485053406561371, 44.561060269961949 ], [ 3.47808, 44.56486 ], [ 3.475983, 44.563323 ], [ 3.469279, 44.565396 ], [ 3.468717, 44.56575 ], [ 3.467925, 44.56625 ], [ 3.467505, 44.566527 ], [ 3.466571, 44.567626 ], [ 3.466181, 44.568227 ], [ 3.465533, 44.569224 ], [ 3.463989, 44.570645 ], [ 3.465263, 44.569657 ], [ 3.465719, 44.569707 ], [ 3.46851, 44.571212 ], [ 3.476362, 44.569045 ], [ 3.476728, 44.568663 ], [ 3.477849, 44.568196 ], [ 3.480414, 44.566851 ], [ 3.487572763025773, 44.564920311588182 ], [ 3.487624, 44.564836 ], [ 3.487661955181347, 44.564764256008225 ] ] ], [ [ [ 3.455221852999207, 44.570767597249656 ], [ 3.460068, 44.573674 ], [ 3.455365201082687, 44.57053086513735 ], [ 3.455221852999207, 44.570767597249656 ] ] ], [ [ [ 3.440184, 44.568997 ], [ 3.439934, 44.568562 ], [ 3.439475, 44.568046 ], [ 3.438918, 44.567545 ], [ 3.438461, 44.567051 ], [ 3.435819, 44.569496 ], [ 3.434963, 44.570298 ], [ 3.43326, 44.573469 ], [ 3.426122, 44.57252 ], [ 3.425204, 44.571779 ], [ 3.42462, 44.571401 ], [ 3.422666, 44.574425 ], [ 3.424217, 44.575853 ], [ 3.423771, 44.58357 ], [ 3.423288, 44.584032 ], [ 3.422642, 44.584813 ], [ 3.414115, 44.586071 ], [ 3.412707, 44.584241 ], [ 3.41253, 44.583965 ], [ 3.407382, 44.57855 ], [ 3.411761, 44.585403 ], [ 3.413766, 44.590306 ], [ 3.421952, 44.591995 ], [ 3.422934, 44.590775 ], [ 3.425621, 44.58537 ], [ 3.426004, 44.581791 ], [ 3.425223, 44.577263 ], [ 3.428019, 44.574996 ], [ 3.435553, 44.574945 ], [ 3.437642, 44.572013 ], [ 3.44134, 44.571625 ], [ 3.444074183275344, 44.570335723403339 ], [ 3.444029027142682, 44.570104216078718 ], [ 3.440184, 44.568997 ] ] ], [ [ [ 3.394916, 44.577662 ], [ 3.394393, 44.57901 ], [ 3.389782, 44.583795 ], [ 3.388826, 44.584592 ], [ 3.380662, 44.583751 ], [ 3.372805855463083, 44.580816347320891 ], [ 3.375290657287916, 44.5860560089898 ], [ 3.38019, 44.587362 ], [ 3.382991, 44.587659 ], [ 3.389413, 44.586298 ], [ 3.389996, 44.58609 ], [ 3.390302, 44.585976 ], [ 3.390557, 44.585893 ], [ 3.392003, 44.586043 ], [ 3.393691, 44.586684 ], [ 3.394694, 44.586885 ], [ 3.399947, 44.584626 ], [ 3.399209, 44.579009 ], [ 3.396045, 44.576605 ], [ 3.396252, 44.576009 ], [ 3.396657, 44.57534 ], [ 3.395337, 44.576922 ], [ 3.394916, 44.577662 ] ] ], [ [ [ 3.360142, 44.600356 ], [ 3.359834, 44.600496 ], [ 3.359332937301649, 44.600552286778886 ], [ 3.359347, 44.602035 ], [ 3.357345, 44.603393 ], [ 3.356639, 44.603721 ], [ 3.359028, 44.611773 ], [ 3.360346, 44.611975 ], [ 3.360757, 44.612033 ], [ 3.361125, 44.612064 ], [ 3.367220805949704, 44.613537642834778 ], [ 3.366968, 44.613438 ], [ 3.364303, 44.611608 ], [ 3.362747, 44.603152 ], [ 3.360519, 44.600553 ], [ 3.360925, 44.600175 ], [ 3.360925747208346, 44.59976529632425 ], [ 3.360488, 44.600157 ], [ 3.360142, 44.600356 ] ] ], [ [ [ 3.371889, 44.625378 ], [ 3.371394, 44.626155 ], [ 3.371164, 44.626784 ], [ 3.370731, 44.627887 ], [ 3.373996, 44.629403 ], [ 3.376589, 44.637497 ], [ 3.375854, 44.641793 ], [ 3.375751, 44.642057 ], [ 3.372515, 44.649764 ], [ 3.371865, 44.650285 ], [ 3.371179, 44.650965 ], [ 3.371936, 44.658098 ], [ 3.36642850804874, 44.661117980004576 ], [ 3.368292608849528, 44.662135828907616 ], [ 3.373811, 44.658412 ], [ 3.374275, 44.656846 ], [ 3.375373, 44.651469 ], [ 3.377693, 44.648715 ], [ 3.381399, 44.641476 ], [ 3.381835, 44.639604 ], [ 3.383628, 44.638649 ], [ 3.382855, 44.630327 ], [ 3.380175, 44.626245 ], [ 3.37914, 44.625367 ], [ 3.378179, 44.623248 ], [ 3.374248, 44.616442 ], [ 3.372442, 44.62486 ], [ 3.371889, 44.625378 ] ] ], [ [ [ 3.379519, 44.675167 ], [ 3.378172289169345, 44.675687534129089 ], [ 3.377373, 44.678437 ], [ 3.377458, 44.678801 ], [ 3.376667747045399, 44.679269372957734 ], [ 3.375777, 44.68472 ], [ 3.378616, 44.687819 ], [ 3.386237, 44.691017 ], [ 3.386982, 44.690935 ], [ 3.387538, 44.69102 ], [ 3.387734, 44.691077 ], [ 3.38904364629702, 44.692718655425971 ], [ 3.393199, 44.690948 ], [ 3.394454, 44.689307 ], [ 3.394985, 44.688745 ], [ 3.397469, 44.680311 ], [ 3.397029, 44.67744 ], [ 3.389818, 44.672591 ], [ 3.386283, 44.67327 ], [ 3.385815245567393, 44.673283586228337 ], [ 3.380069, 44.674822 ], [ 3.379519, 44.675167 ] ] ], [ [ [ 3.44896, 44.563714 ], [ 3.4487460244131, 44.565115882759699 ], [ 3.449823, 44.564374 ], [ 3.450207, 44.563859 ], [ 3.450265223917846, 44.562430502641057 ], [ 3.450244, 44.562441 ], [ 3.44941, 44.563173 ], [ 3.44896, 44.563714 ] ] ] ] } },
{ "type": "Feature", "properties": { "codgeo": "48127", "value": 960, "isochrone_group": 16.0, "nb_agences": 1 }, "geometry": { "type": "MultiPolygon", "coordinates": [ [ [ [ 3.340154, 44.657757 ], [ 3.343738, 44.658095 ], [ 3.348736, 44.661148 ], [ 3.343742, 44.658058 ], [ 3.339673, 44.656439 ], [ 3.339206, 44.656252 ], [ 3.337718, 44.655839 ], [ 3.337243563218308, 44.657549832843756 ], [ 3.340154, 44.657757 ] ] ], [ [ [ 3.354739, 44.659334 ], [ 3.35515, 44.659021 ], [ 3.362666, 44.656319 ], [ 3.355163, 44.65901 ], [ 3.354739, 44.659334 ] ] ], [ [ [ 3.391009, 44.719529 ], [ 3.39736, 44.717512 ], [ 3.399192, 44.717792 ], [ 3.399494, 44.717674 ], [ 3.399868, 44.714876 ], [ 3.399072, 44.710721 ], [ 3.405537216592617, 44.708857568626904 ], [ 3.399743, 44.708861 ], [ 3.398244603183418, 44.710052380970723 ], [ 3.393372, 44.715686 ], [ 3.393291308186412, 44.715760483675432 ], [ 3.388257211786461, 44.721973680548459 ], [ 3.389933, 44.724427 ], [ 3.391119, 44.725385 ], [ 3.392137935390588, 44.726441358727143 ], [ 3.391276, 44.725531 ], [ 3.391009, 44.719529 ] ] ], [ [ [ 3.394455, 44.728565 ], [ 3.393050641997156, 44.727324008099792 ], [ 3.393078, 44.72735 ], [ 3.394454259875797, 44.728565836945485 ], [ 3.394455, 44.728565 ] ] ], [ [ [ 3.392283212886651, 44.72659197195761 ], [ 3.392317, 44.726627 ], [ 3.392775339429105, 44.727062452571936 ], [ 3.392283212886651, 44.72659197195761 ] ] ], [ [ [ 3.41513, 44.713253 ], [ 3.420383, 44.717074 ], [ 3.42156, 44.717422 ], [ 3.42378, 44.718267 ], [ 3.431114, 44.720803 ], [ 3.432302842358244, 44.722358702685717 ], [ 3.432559, 44.722085 ], [ 3.433211, 44.7216 ], [ 3.433617, 44.721364 ], [ 3.434654606594423, 44.723146437391087 ], [ 3.441355914928565, 44.724226623006068 ], [ 3.437214, 44.721929 ], [ 3.436231, 44.721144 ], [ 3.433813, 44.719086 ], [ 3.427193, 44.716679 ], [ 3.425863, 44.716264 ], [ 3.42551, 44.71606 ], [ 3.423799, 44.713302 ], [ 3.417832, 44.709481 ], [ 3.413362, 44.711836 ], [ 3.413024, 44.711738 ], [ 3.412558, 44.711557 ], [ 3.414538, 44.712898 ], [ 3.41513, 44.713253 ] ] ], [ [ [ 3.45662, 44.723295 ], [ 3.455041, 44.72006 ], [ 3.452187051237457, 44.718132528947102 ], [ 3.450032312065018, 44.723924183589681 ], [ 3.456648, 44.728868 ], [ 3.459275177111711, 44.731213664015783 ], [ 3.45662, 44.723295 ] ] ], [ [ [ 3.460686, 44.711318 ], [ 3.463066, 44.708617 ], [ 3.466268, 44.703797 ], [ 3.467871, 44.700574 ], [ 3.46762923741101, 44.700373025264284 ], [ 3.463785, 44.706465 ], [ 3.463636, 44.706812 ], [ 3.460431, 44.706368 ], [ 3.45449, 44.707133 ], [ 3.453432098504348, 44.710717736278241 ], [ 3.460524, 44.711175 ], [ 3.460686, 44.711318 ] ] ], [ [ [ 3.463619, 44.686313 ], [ 3.463144, 44.686347 ], [ 3.460229, 44.694241 ], [ 3.463848, 44.686265 ], [ 3.463619, 44.686313 ] ] ], [ [ [ 3.500327, 44.711405 ], [ 3.49934, 44.717797 ], [ 3.499008, 44.721382 ], [ 3.499203, 44.724718 ], [ 3.502137, 44.726803 ], [ 3.509017, 44.725572 ], [ 3.510963, 44.725134 ], [ 3.518825, 44.722962 ], [ 3.520906, 44.723477 ], [ 3.524836, 44.724433 ], [ 3.524431, 44.72427 ], [ 3.517538, 44.719989 ], [ 3.51107, 44.7192 ], [ 3.506699, 44.720892 ], [ 3.505206, 44.721521 ], [ 3.50438, 44.72074 ], [ 3.504171, 44.718329 ], [ 3.504507, 44.71776 ], [ 3.504773, 44.717421 ], [ 3.50588, 44.716782 ], [ 3.507555, 44.715713 ], [ 3.508387, 44.707835 ], [ 3.501635, 44.707695 ], [ 3.50127, 44.707926 ], [ 3.501094, 44.708052 ], [ 3.500702, 44.708129 ], [ 3.500338, 44.708221 ], [ 3.499309, 44.708032 ], [ 3.491805, 44.708407 ], [ 3.491127, 44.708579 ], [ 3.495559, 44.709324 ], [ 3.500327, 44.711405 ] ] ], [ [ [ 3.531818701479145, 44.724599884145846 ], [ 3.531729860238219, 44.724603082344657 ], [ 3.535524, 44.727106 ], [ 3.531818701479145, 44.724599884145846 ] ] ], [ [ [ 3.535038, 44.720399 ], [ 3.535110147911587, 44.720453143161784 ], [ 3.535258, 44.720543 ], [ 3.531483, 44.714205 ], [ 3.532419, 44.707689 ], [ 3.532875, 44.704676 ], [ 3.529342, 44.703983 ], [ 3.522473, 44.70801 ], [ 3.516340405481372, 44.70717275851716 ], [ 3.516914, 44.708202 ], [ 3.524063, 44.708526 ], [ 3.524468, 44.708328 ], [ 3.526844, 44.707201 ], [ 3.529428, 44.709707 ], [ 3.52892, 44.716078 ], [ 3.533308196191222, 44.719459139448112 ], [ 3.533612, 44.719597 ], [ 3.535038, 44.720399 ] ] ], [ [ [ 3.542964, 44.681111 ], [ 3.543005, 44.681523 ], [ 3.544709, 44.684136 ], [ 3.546349, 44.684363 ], [ 3.546841, 44.680796 ], [ 3.549568368321939, 44.67654029036845 ], [ 3.546526, 44.679877 ], [ 3.546372, 44.680273 ], [ 3.542982, 44.679122 ], [ 3.542842, 44.678897 ], [ 3.542893, 44.679626 ], [ 3.542964, 44.681111 ] ] ], [ [ [ 3.562162, 44.676295 ], [ 3.569752, 44.673104 ], [ 3.570853, 44.672416 ], [ 3.573684, 44.669439 ], [ 3.57394, 44.668883 ], [ 3.57077, 44.667372 ], [ 3.570668, 44.667381 ], [ 3.562985, 44.664326 ], [ 3.562094, 44.662851 ], [ 3.560955, 44.662441 ], [ 3.555934, 44.662344 ], [ 3.556595, 44.662493 ], [ 3.558206, 44.662922 ], [ 3.562879, 44.669835 ], [ 3.56468, 44.670333 ], [ 3.564197, 44.6739 ], [ 3.563783, 44.673844 ], [ 3.56184, 44.673281 ], [ 3.554296, 44.672784 ], [ 3.56129, 44.67687 ], [ 3.562162, 44.676295 ] ] ], [ [ [ 3.524351, 44.647634 ], [ 3.523071, 44.648312 ], [ 3.529411, 44.647675 ], [ 3.524351, 44.647634 ] ] ], [ [ [ 3.534529, 44.650378 ], [ 3.534781, 44.650573 ], [ 3.537642, 44.648388 ], [ 3.537419, 44.648096 ], [ 3.535636, 44.645252 ], [ 3.535494, 44.645001 ], [ 3.53515, 44.644551 ], [ 3.533732, 44.642203 ], [ 3.533334, 44.641607 ], [ 3.532717, 44.64112 ], [ 3.532278, 44.640901 ], [ 3.526238, 44.641658 ], [ 3.529706, 44.643463 ], [ 3.532243, 44.643697 ], [ 3.534029, 44.64343 ], [ 3.53462, 44.643997 ], [ 3.534668, 44.644044 ], [ 3.535013, 44.644401 ], [ 3.532992, 44.647218 ], [ 3.532941, 44.647271 ], [ 3.532622, 44.647555 ], [ 3.53194, 44.647899 ], [ 3.531363, 44.648057 ], [ 3.53062, 44.64805 ], [ 3.530208, 44.647971 ], [ 3.534029, 44.649946 ], [ 3.534529, 44.650378 ] ] ], [ [ [ 3.548327, 44.632539 ], [ 3.548775, 44.633146 ], [ 3.550613, 44.633614 ], [ 3.559136, 44.635236 ], [ 3.562359, 44.63684 ], [ 3.567032, 44.635603 ], [ 3.568236, 44.635424 ], [ 3.567799, 44.63185 ], [ 3.566151, 44.631127 ], [ 3.56565, 44.6309 ], [ 3.562476, 44.627375 ], [ 3.56257, 44.628208 ], [ 3.562828, 44.630746 ], [ 3.561632, 44.634166 ], [ 3.561504, 44.634126 ], [ 3.555946, 44.632551 ], [ 3.554332, 44.629333 ], [ 3.548643, 44.622875 ], [ 3.546188, 44.624449 ], [ 3.5436, 44.62574 ], [ 3.548218, 44.632301 ], [ 3.548327, 44.632539 ] ] ], [ [ [ 3.602661, 44.616911 ], [ 3.610045, 44.621901 ], [ 3.610494, 44.622218 ], [ 3.610827, 44.622411 ], [ 3.612606, 44.619509 ], [ 3.612893, 44.619043 ], [ 3.617514, 44.615285 ], [ 3.622447, 44.616495 ], [ 3.623267, 44.61712 ], [ 3.625449, 44.614256 ], [ 3.624629, 44.613631 ], [ 3.623897, 44.613108 ], [ 3.62206, 44.611878 ], [ 3.6216, 44.611647 ], [ 3.62123, 44.611521 ], [ 3.619341, 44.611376 ], [ 3.61878, 44.611378 ], [ 3.611535, 44.606779 ], [ 3.611925, 44.598061 ], [ 3.611052, 44.606647 ], [ 3.615576, 44.611894 ], [ 3.615749, 44.61549 ], [ 3.609756, 44.617923 ], [ 3.604147, 44.61629 ], [ 3.60276, 44.612968 ], [ 3.59981, 44.609453 ], [ 3.597232186631345, 44.610249054684715 ], [ 3.601274, 44.613589 ], [ 3.602661, 44.616911 ] ] ], [ [ [ 3.622963, 44.591846 ], [ 3.625114, 44.591144 ], [ 3.626298, 44.590896 ], [ 3.627061, 44.590423 ], [ 3.627538, 44.589889 ], [ 3.629842, 44.587452 ], [ 3.628135, 44.584282 ], [ 3.619764, 44.585421 ], [ 3.61725, 44.587721 ], [ 3.612053, 44.593567 ], [ 3.614923, 44.591821 ], [ 3.617335, 44.589794 ], [ 3.617942, 44.589583 ], [ 3.618688, 44.589391 ], [ 3.619051, 44.58937 ], [ 3.620451, 44.591597 ], [ 3.620115, 44.592176 ], [ 3.619576, 44.592764 ], [ 3.618979, 44.593418 ], [ 3.618568, 44.593768 ], [ 3.622001, 44.592316 ], [ 3.622963, 44.591846 ] ] ], [ [ [ 3.602518, 44.594793 ], [ 3.598919, 44.594889 ], [ 3.598948, 44.595954 ], [ 3.599151, 44.596793 ], [ 3.597257, 44.602007 ], [ 3.597815, 44.601548 ], [ 3.598422, 44.601197 ], [ 3.599116, 44.60081 ], [ 3.599638, 44.600472 ], [ 3.603974687493533, 44.594941152182173 ], [ 3.603633, 44.594904 ], [ 3.602518, 44.594793 ] ] ], [ [ [ 3.588255, 44.597861 ], [ 3.585359, 44.596842 ], [ 3.580292, 44.598375 ], [ 3.573395, 44.593396 ], [ 3.570139, 44.59186 ], [ 3.56359, 44.589388 ], [ 3.561738, 44.592475 ], [ 3.562088, 44.593032 ], [ 3.563084, 44.594034 ], [ 3.563356, 44.594332 ], [ 3.564572, 44.595373 ], [ 3.564613711405273, 44.595416351295661 ], [ 3.567205, 44.59292 ], [ 3.572471, 44.595742 ], [ 3.578625, 44.601479 ], [ 3.584187, 44.598857 ], [ 3.586711, 44.599199 ], [ 3.588506, 44.600057 ], [ 3.592152115363013, 44.600869469998621 ], [ 3.588624, 44.59836 ], [ 3.588255, 44.597861 ] ] ], [ [ [ 3.539323, 44.604753 ], [ 3.540748, 44.602829 ], [ 3.539731, 44.60206 ], [ 3.538272, 44.600926 ], [ 3.537332776618971, 44.600112700721482 ], [ 3.535459, 44.603153 ], [ 3.534071, 44.602297 ], [ 3.530833, 44.600504 ], [ 3.525614, 44.607005 ], [ 3.530728, 44.611946 ], [ 3.531482, 44.61194 ], [ 3.53229, 44.611938 ], [ 3.532983, 44.612047 ], [ 3.533578, 44.612286 ], [ 3.534585, 44.61275 ], [ 3.53498, 44.612958 ], [ 3.535771, 44.613298 ], [ 3.53668, 44.613575 ], [ 3.536964, 44.61371 ], [ 3.538372, 44.614166 ], [ 3.538869, 44.614369 ], [ 3.539066499661558, 44.61437546207749 ], [ 3.538768, 44.605835 ], [ 3.539323, 44.604753 ] ] ], [ [ [ 3.549682, 44.587685 ], [ 3.552606, 44.587676 ], [ 3.554016, 44.587308 ], [ 3.554389, 44.587229 ], [ 3.554694, 44.584449 ], [ 3.553637, 44.583708 ], [ 3.553249, 44.583559 ], [ 3.550144, 44.581704 ], [ 3.549489, 44.58101 ], [ 3.548083, 44.582008 ], [ 3.545621, 44.583667 ], [ 3.546275, 44.583722 ], [ 3.548097, 44.583662 ], [ 3.548426, 44.583662 ], [ 3.548426, 44.587262 ], [ 3.54747, 44.587413 ], [ 3.5473170542991, 44.587513900389617 ], [ 3.549515, 44.587657 ], [ 3.549682, 44.587685 ] ] ], [ [ [ 3.548301, 44.570821 ], [ 3.552084, 44.570181 ], [ 3.552799, 44.569175 ], [ 3.553089, 44.56855 ], [ 3.553162, 44.567681 ], [ 3.553042, 44.564183 ], [ 3.552737, 44.563852 ], [ 3.551769, 44.563207 ], [ 3.54748, 44.562118 ], [ 3.545112, 44.561915 ], [ 3.544948, 44.562065 ], [ 3.538903, 44.566434 ], [ 3.538368, 44.56661 ], [ 3.537805, 44.56683 ], [ 3.537614, 44.566922 ], [ 3.5305, 44.56142 ], [ 3.528341, 44.559618 ], [ 3.524595070378004, 44.553011060155427 ], [ 3.524064, 44.553178 ], [ 3.52056406687435, 44.560280235836792 ], [ 3.521175922640302, 44.560836610781685 ], [ 3.52204, 44.561439 ], [ 3.522276956362182, 44.561837806832145 ], [ 3.524889, 44.564213 ], [ 3.52545, 44.563806 ], [ 3.525778, 44.563839 ], [ 3.527893, 44.564555 ], [ 3.527704, 44.566613 ], [ 3.526858, 44.568003 ], [ 3.526364550050196, 44.568830375878974 ], [ 3.527902, 44.571836 ], [ 3.528106, 44.572123 ], [ 3.525172, 44.574209 ], [ 3.525150205201348, 44.574225895422934 ], [ 3.527468, 44.580433 ], [ 3.534568, 44.576791 ], [ 3.53485, 44.576302 ], [ 3.535492, 44.574189 ], [ 3.535517, 44.57309 ], [ 3.535881, 44.57239 ], [ 3.536325, 44.571862 ], [ 3.536983, 44.57131 ], [ 3.537638, 44.571028 ], [ 3.539319, 44.56995 ], [ 3.540552, 44.56886 ], [ 3.54106, 44.568305 ], [ 3.542234, 44.566983 ], [ 3.542982, 44.566852 ], [ 3.546295, 44.565885 ], [ 3.548754, 44.568514 ], [ 3.548069, 44.569194 ], [ 3.547563, 44.569588 ], [ 3.546713, 44.570005 ], [ 3.546171, 44.570219 ], [ 3.54248, 44.572384 ], [ 3.548227, 44.570808 ], [ 3.548301, 44.570821 ] ] ], [ [ [ 3.480069, 44.56054 ], [ 3.479793743112937, 44.560403859431524 ], [ 3.478199, 44.561158 ], [ 3.47114, 44.562043 ], [ 3.468717, 44.56575 ], [ 3.469279, 44.565396 ], [ 3.475983, 44.563323 ], [ 3.47808, 44.56486 ], [ 3.483876045534636, 44.561701800614067 ], [ 3.480703, 44.56061 ], [ 3.480069, 44.56054 ] ] ], [ [ [ 3.457075988511002, 44.567660303401887 ], [ 3.457771249244171, 44.572138957252399 ], [ 3.460068, 44.573674 ], [ 3.460878, 44.573116 ], [ 3.461356, 44.572864 ], [ 3.46283, 44.571695 ], [ 3.463348, 44.571038 ], [ 3.463989, 44.570645 ], [ 3.457740076776142, 44.566504198324942 ], [ 3.457075988511002, 44.567660303401887 ] ] ], [ [ [ 3.43979, 44.567054 ], [ 3.439481, 44.565261 ], [ 3.438653, 44.563823 ], [ 3.437541, 44.563487 ], [ 3.437351, 44.563448 ], [ 3.437222, 44.563457 ], [ 3.435361, 44.565279 ], [ 3.431245, 44.571151 ], [ 3.423082, 44.569938 ], [ 3.421596, 44.568478 ], [ 3.42092, 44.568062 ], [ 3.419032, 44.571127 ], [ 3.42049, 44.572436 ], [ 3.421714, 44.573506 ], [ 3.420615, 44.582134 ], [ 3.412964, 44.582763 ], [ 3.411814, 44.579352 ], [ 3.405859, 44.575547 ], [ 3.407009, 44.57717 ], [ 3.407382, 44.57855 ], [ 3.41253, 44.583965 ], [ 3.412707, 44.584241 ], [ 3.414115, 44.586071 ], [ 3.422642, 44.584813 ], [ 3.423288, 44.584032 ], [ 3.423771, 44.58357 ], [ 3.424217, 44.575853 ], [ 3.422666, 44.574425 ], [ 3.42462, 44.571401 ], [ 3.425204, 44.571779 ], [ 3.426122, 44.57252 ], [ 3.43326, 44.573469 ], [ 3.434963, 44.570298 ], [ 3.435819, 44.569496 ], [ 3.438461, 44.567051 ], [ 3.438918, 44.567545 ], [ 3.439475, 44.568046 ], [ 3.439934, 44.568562 ], [ 3.440184, 44.568997 ], [ 3.443006271722525, 44.569809702879255 ], [ 3.44329289542444, 44.568994057326343 ], [ 3.43979, 44.567054 ] ] ], [ [ [ 3.382665, 44.582138 ], [ 3.377762645506305, 44.579001415430149 ], [ 3.378135, 44.580399 ], [ 3.380252927001545, 44.583598191307999 ], [ 3.380662, 44.583751 ], [ 3.388826, 44.584592 ], [ 3.389782, 44.583795 ], [ 3.394393, 44.57901 ], [ 3.394916, 44.577662 ], [ 3.395337, 44.576922 ], [ 3.38966, 44.580659 ], [ 3.382665, 44.582138 ] ] ], [ [ [ 3.366617, 44.63202 ], [ 3.366385, 44.632364 ], [ 3.369368, 44.63438 ], [ 3.369784, 44.63393 ], [ 3.373327, 44.632209 ], [ 3.374119, 44.631834 ], [ 3.374762513200028, 44.631795656321259 ], [ 3.373996, 44.629403 ], [ 3.370731, 44.627887 ], [ 3.371164, 44.626784 ], [ 3.371394, 44.626155 ], [ 3.371889, 44.625378 ], [ 3.368218, 44.628712 ], [ 3.366617, 44.63202 ] ] ], [ [ [ 3.37127209459098, 44.650872719647403 ], [ 3.371865, 44.650285 ], [ 3.372515, 44.649764 ], [ 3.375751, 44.642057 ], [ 3.375854, 44.641793 ], [ 3.375921901628386, 44.641396121910816 ], [ 3.373321, 44.643283 ], [ 3.37127209459098, 44.650872719647403 ] ] ], [ [ [ 3.367228, 44.653739 ], [ 3.363127, 44.65608 ], [ 3.366255, 44.656319 ], [ 3.366421, 44.65664 ], [ 3.366444, 44.657025 ], [ 3.368370659157781, 44.660053020206711 ], [ 3.371936, 44.658098 ], [ 3.371179, 44.650965 ], [ 3.37121276467906, 44.650931530638857 ], [ 3.368349, 44.652715 ], [ 3.367228, 44.653739 ] ] ], [ [ [ 3.366395, 44.691037 ], [ 3.369255, 44.69117 ], [ 3.370092, 44.69098 ], [ 3.373190723620706, 44.687971549112888 ], [ 3.372657, 44.68555 ], [ 3.368521, 44.681748 ], [ 3.363497123874343, 44.681811585071003 ], [ 3.361356, 44.68618 ], [ 3.366395, 44.691037 ] ] ], [ [ [ 3.353262, 44.606093 ], [ 3.355331, 44.611093 ], [ 3.356495, 44.613928 ], [ 3.356736, 44.613937 ], [ 3.357856, 44.613597 ], [ 3.361459305080949, 44.612144817252251 ], [ 3.361125, 44.612064 ], [ 3.360757, 44.612033 ], [ 3.360346, 44.611975 ], [ 3.359028, 44.611773 ], [ 3.356639, 44.603721 ], [ 3.357345, 44.603393 ], [ 3.359347, 44.602035 ], [ 3.359341704572279, 44.601476671826006 ], [ 3.355007066654622, 44.601154203274277 ], [ 3.354693, 44.60171 ], [ 3.352824, 44.604848 ], [ 3.353013, 44.605557 ], [ 3.353262, 44.606093 ] ] ], [ [ [ 3.536785974366435, 44.721720370892967 ], [ 3.536873882352959, 44.721798588235309 ], [ 3.53684, 44.721762 ], [ 3.536785974366435, 44.721720370892967 ] ] ] ] } },
{ "type": "Feature", "properties": { "codgeo": "48127", "value": 1020, "isochrone_group": 17.0, "nb_agences": 1 }, "geometry": { "type": "MultiPolygon", "coordinates": [ [ [ [ 3.331527, 44.658726 ], [ 3.331969, 44.65776 ], [ 3.337343244392982, 44.657190379626556 ], [ 3.337718, 44.655839 ], [ 3.339206, 44.656252 ], [ 3.339673, 44.656439 ], [ 3.340495840077793, 44.656766396924517 ], [ 3.341568, 44.655144 ], [ 3.342941, 44.654043 ], [ 3.334108, 44.655002 ], [ 3.333606, 44.654915 ], [ 3.330194, 44.654193 ], [ 3.328287, 44.654062 ], [ 3.326924, 44.655698 ], [ 3.327412, 44.657555 ], [ 3.330692684786968, 44.659863761507744 ], [ 3.331527, 44.658726 ] ] ], [ [ [ 3.34596, 44.657037 ], [ 3.34542, 44.653478 ], [ 3.344769, 44.653577 ], [ 3.344700309624194, 44.653589665759334 ], [ 3.345358, 44.657128 ], [ 3.349246408917987, 44.660993763488726 ], [ 3.350637900320499, 44.660573279496688 ], [ 3.34596, 44.657037 ] ] ], [ [ [ 3.410213, 44.710158 ], [ 3.409855, 44.709964 ], [ 3.40952, 44.709733 ], [ 3.408595, 44.709075 ], [ 3.408186, 44.708856 ], [ 3.407826, 44.708595 ], [ 3.407496, 44.708293 ], [ 3.399555705722462, 44.710581584343046 ], [ 3.399592002371385, 44.713435333986311 ], [ 3.399868, 44.714876 ], [ 3.399494, 44.717674 ], [ 3.399192, 44.717792 ], [ 3.400296, 44.717818 ], [ 3.40094, 44.717509 ], [ 3.40245, 44.714241 ], [ 3.410213, 44.710158 ] ] ], [ [ [ 3.420097, 44.720661 ], [ 3.420865, 44.720988 ], [ 3.423726341512754, 44.71824657593617 ], [ 3.42156, 44.717422 ], [ 3.420383, 44.717074 ], [ 3.41513, 44.713253 ], [ 3.414538, 44.712898 ], [ 3.412558, 44.711557 ], [ 3.412111, 44.711319 ], [ 3.411699, 44.711023 ], [ 3.413233, 44.712697 ], [ 3.414272, 44.716144 ], [ 3.419344, 44.720341 ], [ 3.420097, 44.720661 ] ] ], [ [ [ 3.467066, 44.709542 ], [ 3.470189, 44.701874 ], [ 3.469479, 44.70137 ], [ 3.468701, 44.700915 ], [ 3.465506, 44.698608 ], [ 3.467871, 44.700574 ], [ 3.466268, 44.703797 ], [ 3.463066, 44.708617 ], [ 3.460686, 44.711318 ], [ 3.460524, 44.711175 ], [ 3.452304, 44.710645 ], [ 3.449296, 44.71618 ], [ 3.455041, 44.72006 ], [ 3.45662, 44.723295 ], [ 3.457511696020651, 44.725954348470822 ], [ 3.458267729871163, 44.725819493985817 ], [ 3.46065, 44.721765 ], [ 3.460939, 44.718177 ], [ 3.466585, 44.71311 ], [ 3.467066, 44.709542 ] ] ], [ [ [ 3.492920020600661, 44.729041804990175 ], [ 3.493431, 44.728447 ], [ 3.494184, 44.727477 ], [ 3.494482, 44.727116 ], [ 3.494741, 44.726863 ], [ 3.495158, 44.726532 ], [ 3.496195, 44.725952 ], [ 3.496668, 44.725808 ], [ 3.497236, 44.725731 ], [ 3.497514, 44.725731 ], [ 3.497514, 44.729331 ], [ 3.497871059254864, 44.730254458214695 ], [ 3.500893, 44.728624 ], [ 3.506988, 44.730705 ], [ 3.510577, 44.730984 ], [ 3.513554, 44.730849 ], [ 3.516043, 44.728248 ], [ 3.524455, 44.725503 ], [ 3.529699376701316, 44.723828150955562 ], [ 3.52542, 44.724613 ], [ 3.524836, 44.724433 ], [ 3.520906, 44.723477 ], [ 3.518825, 44.722962 ], [ 3.510963, 44.725134 ], [ 3.509017, 44.725572 ], [ 3.502137, 44.726803 ], [ 3.499203, 44.724718 ], [ 3.499008, 44.721382 ], [ 3.49934, 44.717797 ], [ 3.500327, 44.711405 ], [ 3.495559, 44.709324 ], [ 3.491127, 44.708579 ], [ 3.49046, 44.7085 ], [ 3.490002, 44.70839 ], [ 3.489423, 44.70813 ], [ 3.488833, 44.707607 ], [ 3.491073, 44.710482 ], [ 3.494588, 44.718456 ], [ 3.492974, 44.72067 ], [ 3.492920020600661, 44.729041804990175 ] ] ], [ [ [ 3.492858, 44.729114 ], [ 3.492888559373499, 44.729078427395947 ], [ 3.492287, 44.729718 ], [ 3.492287545019478, 44.729718511994292 ], [ 3.492858, 44.729114 ] ] ], [ [ [ 3.532286, 44.713806 ], [ 3.535379, 44.706617 ], [ 3.533936, 44.703319 ], [ 3.529453, 44.703421 ], [ 3.524416, 44.704543 ], [ 3.523928, 44.7051 ], [ 3.523341, 44.705818 ], [ 3.514782, 44.70696 ], [ 3.522473, 44.70801 ], [ 3.529342, 44.703983 ], [ 3.532875, 44.704676 ], [ 3.532419, 44.707689 ], [ 3.531483, 44.714205 ], [ 3.535258, 44.720543 ], [ 3.536307826118081, 44.721351936812859 ], [ 3.536717, 44.721659 ], [ 3.536768118112753, 44.721666487032728 ], [ 3.533859, 44.717801 ], [ 3.532286, 44.713806 ] ] ], [ [ [ 3.552552, 44.673268 ], [ 3.552139, 44.673356 ], [ 3.55157, 44.673417 ], [ 3.546841, 44.680796 ], [ 3.546349474967991, 44.684359556482079 ], [ 3.546771, 44.684417 ], [ 3.548839, 44.684839 ], [ 3.549559, 44.681312 ], [ 3.552552, 44.673268 ] ] ], [ [ [ 3.561402, 44.678326 ], [ 3.562429, 44.67846 ], [ 3.563231, 44.678524 ], [ 3.563679, 44.678538 ], [ 3.569752, 44.673104 ], [ 3.562162, 44.676295 ], [ 3.56129, 44.67687 ], [ 3.554296, 44.672784 ], [ 3.552552, 44.673268 ], [ 3.55846, 44.676969 ], [ 3.559023, 44.677568 ], [ 3.559916, 44.678019 ], [ 3.561402, 44.678326 ] ] ], [ [ [ 3.582559, 44.670841 ], [ 3.582789, 44.670509 ], [ 3.581894, 44.667746 ], [ 3.581392, 44.667614 ], [ 3.580109, 44.667397 ], [ 3.573677, 44.666331 ], [ 3.572899, 44.666154 ], [ 3.567656, 44.664264 ], [ 3.564578, 44.662397 ], [ 3.560955, 44.662441 ], [ 3.562094, 44.662851 ], [ 3.562985, 44.664326 ], [ 3.570668, 44.667381 ], [ 3.57077, 44.667372 ], [ 3.57394, 44.668883 ], [ 3.573684, 44.669439 ], [ 3.570853, 44.672416 ], [ 3.569752, 44.673104 ], [ 3.577907, 44.671583 ], [ 3.57902, 44.671485 ], [ 3.581422, 44.671315 ], [ 3.582559, 44.670841 ] ] ], [ [ [ 3.54004, 44.647737 ], [ 3.53515, 44.644551 ], [ 3.535494, 44.645001 ], [ 3.535636, 44.645252 ], [ 3.537419, 44.648096 ], [ 3.537642, 44.648388 ], [ 3.534781, 44.650573 ], [ 3.534529, 44.650378 ], [ 3.534029, 44.649946 ], [ 3.530208, 44.647971 ], [ 3.529411, 44.647675 ], [ 3.523071, 44.648312 ], [ 3.520851, 44.648413 ], [ 3.519946, 44.648516 ], [ 3.512074, 44.652416 ], [ 3.507016, 44.655914 ], [ 3.507891, 44.662031 ], [ 3.512701, 44.664164 ], [ 3.513636, 44.664295 ], [ 3.514028, 44.664463 ], [ 3.514347, 44.664638 ], [ 3.517211, 44.666323 ], [ 3.521222, 44.667963 ], [ 3.52737, 44.664715 ], [ 3.527803, 44.664173 ], [ 3.529258, 44.662915 ], [ 3.529827, 44.662522 ], [ 3.537528, 44.660125 ], [ 3.541127, 44.660006 ], [ 3.539764, 44.651529 ], [ 3.539819, 44.65132 ], [ 3.541166, 44.648213 ], [ 3.54004, 44.647737 ] ] ], [ [ [ 3.548218, 44.632301 ], [ 3.5436, 44.62574 ], [ 3.540861, 44.625367 ], [ 3.540236840958114, 44.625813438610216 ], [ 3.544099, 44.630819 ], [ 3.548775, 44.633146 ], [ 3.548327, 44.632539 ], [ 3.548218, 44.632301 ] ] ], [ [ [ 3.561447, 44.638799 ], [ 3.566262761414424, 44.63580662682012 ], [ 3.562359, 44.63684 ], [ 3.559136, 44.635236 ], [ 3.550613, 44.633614 ], [ 3.558196, 44.637374 ], [ 3.559818, 44.638068 ], [ 3.559847, 44.63808 ], [ 3.561447, 44.638799 ] ] ], [ [ [ 3.574529, 44.633497 ], [ 3.57108, 44.632319 ], [ 3.570477, 44.631862 ], [ 3.569402, 44.631641 ], [ 3.566151, 44.631127 ], [ 3.567799, 44.63185 ], [ 3.568236, 44.635424 ], [ 3.567032, 44.635603 ], [ 3.566660879873244, 44.635701240016438 ], [ 3.570723, 44.637 ], [ 3.571287, 44.637434 ], [ 3.574472, 44.637097 ], [ 3.574529, 44.633497 ] ] ], [ [ [ 3.601995, 44.617172 ], [ 3.605599505248691, 44.618896799186224 ], [ 3.602661, 44.616911 ], [ 3.601274, 44.613589 ], [ 3.594784, 44.608226 ], [ 3.590322, 44.613955 ], [ 3.5984, 44.614778 ], [ 3.599553, 44.618188 ], [ 3.600163, 44.617982 ], [ 3.601995, 44.617172 ] ] ], [ [ [ 3.614235, 44.625823 ], [ 3.616447, 44.622982 ], [ 3.623213552583539, 44.617079262639898 ], [ 3.622447, 44.616495 ], [ 3.617514, 44.615285 ], [ 3.612893, 44.619043 ], [ 3.612606, 44.619509 ], [ 3.610827, 44.622411 ], [ 3.610494, 44.622218 ], [ 3.610045, 44.621901 ], [ 3.609781594614779, 44.621722994464754 ], [ 3.611024, 44.623517 ], [ 3.61274, 44.624726 ], [ 3.613476, 44.625271 ], [ 3.614235, 44.625823 ] ] ], [ [ [ 3.626439, 44.619219 ], [ 3.627327, 44.619442 ], [ 3.627819, 44.619537 ], [ 3.628432, 44.619612 ], [ 3.628959, 44.619631 ], [ 3.631656, 44.619736 ], [ 3.633525, 44.61988 ], [ 3.633801, 44.616291 ], [ 3.631932, 44.616147 ], [ 3.624629, 44.613631 ], [ 3.625449, 44.614256 ], [ 3.623267, 44.61712 ], [ 3.623249977159087, 44.617107025273697 ], [ 3.624549, 44.618185 ], [ 3.625441, 44.618841 ], [ 3.625973, 44.61908 ], [ 3.626439, 44.619219 ] ] ], [ [ [ 3.616173, 44.595525 ], [ 3.615573, 44.595949 ], [ 3.615194, 44.596177 ], [ 3.614696, 44.596405 ], [ 3.612495, 44.597578 ], [ 3.611925, 44.598061 ], [ 3.611535, 44.606779 ], [ 3.61878, 44.611378 ], [ 3.619341, 44.611376 ], [ 3.62123, 44.611521 ], [ 3.614666, 44.606237 ], [ 3.614868, 44.602643 ], [ 3.616611, 44.595164 ], [ 3.616173, 44.595525 ] ] ], [ [ [ 3.63002, 44.582439 ], [ 3.62944, 44.582814 ], [ 3.628958, 44.583242 ], [ 3.627663580831483, 44.584346143642698 ], [ 3.628135, 44.584282 ], [ 3.629842, 44.587452 ], [ 3.627538, 44.589889 ], [ 3.630126, 44.587272 ], [ 3.634562404994493, 44.585631044021341 ], [ 3.631962, 44.585476 ], [ 3.630168, 44.582355 ], [ 3.630168159082083, 44.582353915466776 ], [ 3.63002, 44.582439 ] ] ], [ [ [ 3.616648, 44.586406 ], [ 3.612053, 44.593567 ], [ 3.61725, 44.587721 ], [ 3.619764, 44.585421 ], [ 3.626387655190677, 44.584519752447477 ], [ 3.619575, 44.581062 ], [ 3.615995, 44.581435 ], [ 3.616295, 44.584313 ], [ 3.616648, 44.586406 ] ] ], [ [ [ 3.598969300208971, 44.594887658288386 ], [ 3.602518, 44.594793 ], [ 3.603633, 44.594904 ], [ 3.60424, 44.59497 ], [ 3.608835780427307, 44.594144724185398 ], [ 3.602227, 44.591885 ], [ 3.598733, 44.59275 ], [ 3.59898, 44.594352 ], [ 3.598969300208971, 44.594887658288386 ] ] ], [ [ [ 3.587776, 44.594921 ], [ 3.586841, 44.59444 ], [ 3.585132, 44.595883 ], [ 3.583288469645071, 44.597468430438937 ], [ 3.585359, 44.596842 ], [ 3.588255, 44.597861 ], [ 3.588624, 44.59836 ], [ 3.5886355896345, 44.598368243449286 ], [ 3.588692, 44.597279 ], [ 3.588752, 44.596466 ], [ 3.588731, 44.595772 ], [ 3.587776, 44.594921 ] ] ], [ [ [ 3.57004047592222, 44.591822810884068 ], [ 3.570139, 44.59186 ], [ 3.573337588897817, 44.593368916629927 ], [ 3.573625, 44.592667 ], [ 3.5729, 44.590903 ], [ 3.572749, 44.590447 ], [ 3.57004047592222, 44.591822810884068 ] ] ], [ [ [ 3.553459, 44.580724 ], [ 3.551011, 44.573529 ], [ 3.554024, 44.568267 ], [ 3.55539, 44.564936 ], [ 3.555143, 44.564835 ], [ 3.551769, 44.563207 ], [ 3.552737, 44.563852 ], [ 3.553042, 44.564183 ], [ 3.553162, 44.567681 ], [ 3.553089, 44.56855 ], [ 3.552799, 44.569175 ], [ 3.552084, 44.570181 ], [ 3.548301, 44.570821 ], [ 3.548227, 44.570808 ], [ 3.54248, 44.572384 ], [ 3.541807, 44.572796 ], [ 3.540836, 44.573557 ], [ 3.539109, 44.576276 ], [ 3.538862, 44.576971 ], [ 3.542673, 44.584308 ], [ 3.544733, 44.583888 ], [ 3.545621, 44.583667 ], [ 3.548083, 44.582008 ], [ 3.549489, 44.58101 ], [ 3.550144, 44.581704 ], [ 3.553249, 44.583559 ], [ 3.553637, 44.583708 ], [ 3.554694, 44.584449 ], [ 3.554389, 44.587229 ], [ 3.554016, 44.587308 ], [ 3.552606, 44.587676 ], [ 3.549682, 44.587685 ], [ 3.549515, 44.587657 ], [ 3.546781, 44.587479 ], [ 3.544548, 44.587899 ], [ 3.541688, 44.589288 ], [ 3.534921, 44.595018 ], [ 3.536288, 44.599208 ], [ 3.538272, 44.600926 ], [ 3.539731, 44.60206 ], [ 3.540748, 44.602829 ], [ 3.539323, 44.604753 ], [ 3.538768, 44.605835 ], [ 3.539069, 44.614447 ], [ 3.540517, 44.61482 ], [ 3.543459, 44.614696 ], [ 3.543973, 44.614536 ], [ 3.54512, 44.614181 ], [ 3.545732, 44.613873 ], [ 3.546189, 44.613726 ], [ 3.546693, 44.613613 ], [ 3.546992, 44.613563 ], [ 3.548031, 44.613326 ], [ 3.54866, 44.613226 ], [ 3.549338, 44.613165 ], [ 3.555348, 44.61048 ], [ 3.555847, 44.610136 ], [ 3.556139, 44.609995 ], [ 3.556596, 44.609828 ], [ 3.557272, 44.609679 ], [ 3.557712, 44.609637 ], [ 3.558188, 44.609623 ], [ 3.561418, 44.609005 ], [ 3.562307, 44.608868 ], [ 3.564849, 44.609033 ], [ 3.567425, 44.60976 ], [ 3.570699, 44.601416 ], [ 3.570309, 44.600795 ], [ 3.569091, 44.599252 ], [ 3.568303, 44.598637 ], [ 3.567719, 44.598246 ], [ 3.566976, 44.597711 ], [ 3.566149, 44.597012 ], [ 3.564572, 44.595373 ], [ 3.563356, 44.594332 ], [ 3.563084, 44.594034 ], [ 3.562088, 44.593032 ], [ 3.561738, 44.592475 ], [ 3.56359, 44.589388 ], [ 3.568190545808283, 44.591124532178661 ], [ 3.563548, 44.58759 ], [ 3.560195, 44.586278 ], [ 3.556013, 44.582219 ], [ 3.553459, 44.580724 ] ] ], [ [ [ 3.543026, 44.563294 ], [ 3.54293831622141, 44.563517491055194 ], [ 3.543821856863322, 44.56287891552757 ], [ 3.543547, 44.562578 ], [ 3.543073, 44.561807 ], [ 3.542914706978876, 44.561441697022353 ], [ 3.543026, 44.563294 ] ] ], [ [ [ 3.54748, 44.562118 ], [ 3.551769, 44.563207 ], [ 3.55064445326681, 44.562274221105127 ], [ 3.545933, 44.561608 ], [ 3.545480812548554, 44.561946616954117 ], [ 3.54748, 44.562118 ] ] ], [ [ [ 3.527867127916986, 44.552889507399321 ], [ 3.526440210127902, 44.552432707529292 ], [ 3.526434, 44.552433 ], [ 3.524595070378004, 44.553011060155427 ], [ 3.528341, 44.559618 ], [ 3.5305, 44.56142 ], [ 3.533324997262215, 44.563604865748772 ], [ 3.53327, 44.561232 ], [ 3.5333, 44.56114 ], [ 3.53011, 44.559598 ], [ 3.527867127916986, 44.552889507399321 ] ] ], [ [ [ 3.47294, 44.559723 ], [ 3.469099, 44.560683 ], [ 3.465417942801058, 44.557520268134574 ], [ 3.462008, 44.559042 ], [ 3.461446, 44.559945 ], [ 3.459576, 44.563436 ], [ 3.459213, 44.56394 ], [ 3.457740076776142, 44.566504198324942 ], [ 3.463989, 44.570645 ], [ 3.465533, 44.569224 ], [ 3.466181, 44.568227 ], [ 3.466571, 44.567626 ], [ 3.467505, 44.566527 ], [ 3.467925, 44.56625 ], [ 3.468717, 44.56575 ], [ 3.47114, 44.562043 ], [ 3.478199, 44.561158 ], [ 3.479557364779234, 44.560515640751994 ], [ 3.478959, 44.559991 ], [ 3.477979601936895, 44.558921151073072 ], [ 3.473814, 44.559312 ], [ 3.47294, 44.559723 ] ] ], [ [ [ 3.414853, 44.567507 ], [ 3.415807, 44.570476 ], [ 3.412396, 44.578605 ], [ 3.40939293063694, 44.577805036284389 ], [ 3.411814, 44.579352 ], [ 3.412964, 44.582763 ], [ 3.420615, 44.582134 ], [ 3.421714, 44.573506 ], [ 3.42049, 44.572436 ], [ 3.419032, 44.571127 ], [ 3.42092, 44.568062 ], [ 3.421596, 44.568478 ], [ 3.423082, 44.569938 ], [ 3.421478, 44.56722 ], [ 3.418586, 44.565076 ], [ 3.416875, 44.564529 ], [ 3.414853, 44.567507 ] ] ], [ [ [ 3.38966, 44.580659 ], [ 3.393458864185516, 44.578158320862926 ], [ 3.386675, 44.580469 ], [ 3.38398714197312, 44.5794928246114 ], [ 3.385633661891859, 44.581510315805851 ], [ 3.38966, 44.580659 ] ] ], [ [ [ 3.374167547035816, 44.616817001690201 ], [ 3.372442, 44.62486 ], [ 3.374167547035816, 44.616817001690201 ], [ 3.374167547035816, 44.616817001690201 ] ] ], [ [ [ 3.362267, 44.63823 ], [ 3.367862, 44.644285 ], [ 3.36734, 44.650747 ], [ 3.364306, 44.653259 ], [ 3.364217245946131, 44.653424602076129 ], [ 3.364552, 44.653347 ], [ 3.364998, 44.653507 ], [ 3.366620298141937, 44.654085898329605 ], [ 3.367228, 44.653739 ], [ 3.368349, 44.652715 ], [ 3.371265, 44.650899 ], [ 3.373321, 44.643283 ], [ 3.376348, 44.641087 ], [ 3.377577, 44.640537 ], [ 3.381787, 44.63678 ], [ 3.3786, 44.631567 ], [ 3.374119, 44.631834 ], [ 3.373327, 44.632209 ], [ 3.369784, 44.63393 ], [ 3.369368, 44.63438 ], [ 3.366385, 44.632364 ], [ 3.366617, 44.63202 ], [ 3.368218, 44.628712 ], [ 3.371889, 44.625378 ], [ 3.363067, 44.626515 ], [ 3.361116, 44.62954 ], [ 3.362092, 44.636676 ], [ 3.362267, 44.63823 ] ] ], [ [ [ 3.433984, 44.561844 ], [ 3.434015, 44.56263 ], [ 3.434248, 44.563216 ], [ 3.434845873166781, 44.566013894257686 ], [ 3.435361, 44.565279 ], [ 3.437222, 44.563457 ], [ 3.437351, 44.563448 ], [ 3.437541, 44.563487 ], [ 3.438653, 44.563823 ], [ 3.439121192995815, 44.564636117787401 ], [ 3.43919615949849, 44.56452963330144 ], [ 3.43869, 44.56323 ], [ 3.437888, 44.560695 ], [ 3.437751, 44.559734 ], [ 3.434187, 44.560239 ], [ 3.433984, 44.561844 ] ] ], [ [ [ 3.351996, 44.603603 ], [ 3.352006, 44.603648 ], [ 3.353377, 44.611085 ], [ 3.353415, 44.611428 ], [ 3.354214, 44.612853 ], [ 3.35446, 44.613188 ], [ 3.355404, 44.61383 ], [ 3.356129, 44.61413 ], [ 3.356631, 44.614257 ], [ 3.357208, 44.614288 ], [ 3.357697, 44.61421 ], [ 3.358398, 44.613873 ], [ 3.359133, 44.613547 ], [ 3.362637095579959, 44.613387226861583 ], [ 3.360961444530755, 44.612345462072916 ], [ 3.357856, 44.613597 ], [ 3.356736, 44.613937 ], [ 3.356495, 44.613928 ], [ 3.355331, 44.611093 ], [ 3.353262, 44.606093 ], [ 3.353013, 44.605557 ], [ 3.352824, 44.604848 ], [ 3.354693, 44.60171 ], [ 3.356512965911921, 44.598489247080643 ], [ 3.35498294050205, 44.599944131242616 ], [ 3.354523, 44.600987 ], [ 3.354386, 44.601108 ], [ 3.353353570353993, 44.601800201598088 ], [ 3.351996, 44.603603 ] ] ] ] } },
{ "type": "Feature", "properties": { "codgeo": "48127", "value": 1080, "isochrone_group": 18.0, "nb_agences": 1 }, "geometry": { "type": "MultiPolygon", "coordinates": [ [ [ [ 3.334108, 44.655002 ], [ 3.334680261890718, 44.654939869449443 ], [ 3.329722289251406, 44.651638236865821 ], [ 3.330699125368517, 44.654299887607287 ], [ 3.333606, 44.654915 ], [ 3.334108, 44.655002 ] ] ], [ [ [ 3.352886, 44.661738 ], [ 3.350403, 44.654095 ], [ 3.349798, 44.650572 ], [ 3.349619, 44.650596 ], [ 3.349339, 44.650656 ], [ 3.348878, 44.650785 ], [ 3.348765287164773, 44.650824640531042 ], [ 3.349964, 44.654215 ], [ 3.352886, 44.661738 ] ] ], [ [ [ 3.360715, 44.660637 ], [ 3.360361, 44.655543 ], [ 3.361772662782316, 44.652248788330979 ], [ 3.359392, 44.654789 ], [ 3.359826, 44.655196 ], [ 3.360715, 44.660637 ] ] ], [ [ [ 3.468826, 44.737912 ], [ 3.4687512966226, 44.738185719351819 ], [ 3.470237, 44.73827 ], [ 3.470292127225703, 44.738264170358441 ], [ 3.469474, 44.737775 ], [ 3.468826, 44.737912 ] ] ], [ [ [ 3.492920020600661, 44.729041804990175 ], [ 3.492974, 44.72067 ], [ 3.494588, 44.718456 ], [ 3.491073, 44.710482 ], [ 3.488833, 44.707607 ], [ 3.488477, 44.706123 ], [ 3.488759, 44.705214 ], [ 3.489686, 44.703906 ], [ 3.490008, 44.703332 ], [ 3.488585, 44.694936 ], [ 3.484175, 44.692088 ], [ 3.483457, 44.691775 ], [ 3.481038, 44.690457 ], [ 3.479365, 44.689524 ], [ 3.477352, 44.688495 ], [ 3.477261, 44.684888 ], [ 3.476258, 44.676424 ], [ 3.475534, 44.67589 ], [ 3.474799, 44.675394 ], [ 3.473864, 44.674538 ], [ 3.471745, 44.673487 ], [ 3.471498, 44.67336 ], [ 3.470553, 44.672858 ], [ 3.470592, 44.67153 ], [ 3.470402, 44.670198 ], [ 3.469075, 44.667681 ], [ 3.46866, 44.667303 ], [ 3.468205, 44.666903 ], [ 3.461157, 44.672335 ], [ 3.461123, 44.672551 ], [ 3.46189, 44.676336 ], [ 3.462192, 44.679949 ], [ 3.46498, 44.68288 ], [ 3.466205, 44.684615 ], [ 3.466159, 44.685494 ], [ 3.463848, 44.686265 ], [ 3.460229, 44.694241 ], [ 3.464641, 44.697606 ], [ 3.464861, 44.697889 ], [ 3.465506, 44.698608 ], [ 3.468701, 44.700915 ], [ 3.469479, 44.70137 ], [ 3.470189, 44.701874 ], [ 3.467066, 44.709542 ], [ 3.466585, 44.71311 ], [ 3.460939, 44.718177 ], [ 3.46065, 44.721765 ], [ 3.456795, 44.728326 ], [ 3.456999651523975, 44.728528333205922 ], [ 3.461351, 44.724075 ], [ 3.460997, 44.72313 ], [ 3.460891, 44.722462 ], [ 3.460814, 44.72197 ], [ 3.463833, 44.720008 ], [ 3.463956, 44.720198 ], [ 3.465557, 44.722491 ], [ 3.465715, 44.726088 ], [ 3.47461, 44.727379 ], [ 3.475258, 44.726582 ], [ 3.475878, 44.725771 ], [ 3.476321, 44.7251 ], [ 3.477033, 44.724537 ], [ 3.477695, 44.72416 ], [ 3.480907, 44.721057 ], [ 3.481282, 44.720807 ], [ 3.482566, 44.720531 ], [ 3.483595, 44.721044 ], [ 3.484013, 44.721631 ], [ 3.484504, 44.722734 ], [ 3.483171, 44.72434 ], [ 3.482796, 44.72488 ], [ 3.482305, 44.725405 ], [ 3.48558947454079, 44.732186964220972 ], [ 3.487457, 44.731767 ], [ 3.492913731151333, 44.729049126216509 ], [ 3.492920020600661, 44.729041804990175 ] ] ], [ [ [ 3.519145358387053, 44.734494399125801 ], [ 3.519177, 44.734367 ], [ 3.524314, 44.727585 ], [ 3.530620327044147, 44.723871145622496 ], [ 3.530368988182341, 44.723705342432787 ], [ 3.529699376701316, 44.723828150955562 ], [ 3.524455, 44.725503 ], [ 3.516043, 44.728248 ], [ 3.513554, 44.730849 ], [ 3.512654109926324, 44.730889807913989 ], [ 3.514901, 44.734418 ], [ 3.515744, 44.735451 ], [ 3.51799331618527, 44.735509527019275 ], [ 3.519145358387053, 44.734494399125801 ] ] ], [ [ [ 3.537542, 44.707004 ], [ 3.539934, 44.704314 ], [ 3.538512, 44.70305 ], [ 3.537908, 44.702693 ], [ 3.531859, 44.70051 ], [ 3.531253, 44.70029 ], [ 3.525549, 44.702808 ], [ 3.525277, 44.703118 ], [ 3.525145, 44.703295 ], [ 3.525027, 44.703452 ], [ 3.524651, 44.704102 ], [ 3.523928, 44.7051 ], [ 3.524416, 44.704543 ], [ 3.529453, 44.703421 ], [ 3.533936, 44.703319 ], [ 3.535379, 44.706617 ], [ 3.532286, 44.713806 ], [ 3.533859, 44.717801 ], [ 3.53684, 44.721762 ], [ 3.537380273765638, 44.722027422809759 ], [ 3.541899199285054, 44.722498453071914 ], [ 3.536341, 44.717321 ], [ 3.535265, 44.711711 ], [ 3.537542, 44.707004 ] ] ], [ [ [ 3.55846, 44.676969 ], [ 3.552552, 44.673268 ], [ 3.552452568785502, 44.673535231770607 ], [ 3.55846, 44.676969 ] ] ], [ [ [ 3.566137, 44.680703 ], [ 3.566685, 44.680078 ], [ 3.56699, 44.679355 ], [ 3.567034, 44.678519 ], [ 3.570511070434981, 44.672962424753941 ], [ 3.569752, 44.673104 ], [ 3.563679, 44.678538 ], [ 3.563231, 44.678524 ], [ 3.562429, 44.67846 ], [ 3.561402, 44.678326 ], [ 3.559916, 44.678019 ], [ 3.561821, 44.679214 ], [ 3.563116, 44.679666 ], [ 3.565957, 44.680837 ], [ 3.566137, 44.680703 ] ] ], [ [ [ 3.5931, 44.667667 ], [ 3.592721, 44.667151 ], [ 3.591954, 44.666618 ], [ 3.591339, 44.666449 ], [ 3.590837, 44.666429 ], [ 3.588132, 44.666878 ], [ 3.587861, 44.666935 ], [ 3.583927, 44.667334 ], [ 3.583511, 44.667387 ], [ 3.580109, 44.667397 ], [ 3.581392, 44.667614 ], [ 3.581894, 44.667746 ], [ 3.582789, 44.670509 ], [ 3.582559, 44.670841 ], [ 3.581422, 44.671315 ], [ 3.57902, 44.671485 ], [ 3.577907, 44.671583 ], [ 3.576741040370816, 44.67180046469602 ], [ 3.580042, 44.67397 ], [ 3.583588, 44.673347 ], [ 3.590923, 44.670028 ], [ 3.5931, 44.667667 ] ] ], [ [ [ 3.565401, 44.658978 ], [ 3.563222, 44.66004 ], [ 3.555934, 44.662344 ], [ 3.560955, 44.662441 ], [ 3.564578, 44.662397 ], [ 3.567656, 44.664264 ], [ 3.572899, 44.666154 ], [ 3.573677, 44.666331 ], [ 3.567765, 44.661349 ], [ 3.56672, 44.659745 ], [ 3.566014, 44.659254 ], [ 3.565401, 44.658978 ] ] ], [ [ [ 3.541165636451777, 44.648213838562981 ], [ 3.539819, 44.65132 ], [ 3.539764, 44.651529 ], [ 3.541127, 44.660006 ], [ 3.542453, 44.652599 ], [ 3.543703, 44.649223 ], [ 3.542462, 44.648763 ], [ 3.541165636451777, 44.648213838562981 ] ] ], [ [ [ 3.540236840958114, 44.625813438610216 ], [ 3.539843, 44.625303 ], [ 3.534729, 44.629753 ], [ 3.540236840958114, 44.625813438610216 ] ] ], [ [ [ 3.578531, 44.637171 ], [ 3.578882, 44.633588 ], [ 3.578694, 44.63357 ], [ 3.577772, 44.63359 ], [ 3.577157, 44.633546 ], [ 3.576474, 44.633534 ], [ 3.575751, 44.633536 ], [ 3.575335, 44.633511 ], [ 3.57108, 44.632319 ], [ 3.574529, 44.633497 ], [ 3.574472, 44.637097 ], [ 3.571287, 44.637434 ], [ 3.570723, 44.637 ], [ 3.56651, 44.635653 ], [ 3.565353248949738, 44.636371771243176 ], [ 3.571474, 44.637568 ], [ 3.574144, 44.639238 ], [ 3.575671, 44.640397 ], [ 3.578531, 44.637171 ] ] ], [ [ [ 3.599441, 44.619689 ], [ 3.60747, 44.623506 ], [ 3.607713, 44.624342 ], [ 3.608032, 44.624904 ], [ 3.6154, 44.627938 ], [ 3.619369, 44.629167 ], [ 3.621517, 44.626278 ], [ 3.627327, 44.619442 ], [ 3.626439, 44.619219 ], [ 3.625973, 44.61908 ], [ 3.625441, 44.618841 ], [ 3.624549, 44.618185 ], [ 3.623215, 44.617078 ], [ 3.616447, 44.622982 ], [ 3.614235, 44.625823 ], [ 3.613476, 44.625271 ], [ 3.61274, 44.624726 ], [ 3.611024, 44.623517 ], [ 3.609596, 44.621455 ], [ 3.609304, 44.621023 ], [ 3.609092, 44.620568 ], [ 3.601995, 44.617172 ], [ 3.600163, 44.617982 ], [ 3.599553, 44.618188 ], [ 3.5984, 44.614778 ], [ 3.590322, 44.613955 ], [ 3.597048, 44.617503 ], [ 3.597304, 44.618221 ], [ 3.597528, 44.61986 ], [ 3.599441, 44.619689 ] ] ], [ [ [ 3.641255, 44.623968 ], [ 3.641519, 44.623703 ], [ 3.641847, 44.623221 ], [ 3.642082, 44.622249 ], [ 3.641975, 44.621515 ], [ 3.641669, 44.620872 ], [ 3.641323, 44.62045 ], [ 3.640516, 44.619817 ], [ 3.639862, 44.619368 ], [ 3.635875, 44.617091 ], [ 3.635419, 44.616779 ], [ 3.634903, 44.616534 ], [ 3.634056, 44.616327 ], [ 3.633799900563503, 44.61630529665792 ], [ 3.633525, 44.61988 ], [ 3.631656, 44.619736 ], [ 3.635069, 44.620997 ], [ 3.635479, 44.621219 ], [ 3.637942, 44.623056 ], [ 3.641255, 44.623968 ] ] ], [ [ [ 3.618136, 44.594054 ], [ 3.616611, 44.595164 ], [ 3.614868, 44.602643 ], [ 3.614666, 44.606237 ], [ 3.62123, 44.611521 ], [ 3.6216, 44.611647 ], [ 3.62206, 44.611878 ], [ 3.618455, 44.605509 ], [ 3.618355, 44.60191 ], [ 3.618568, 44.593768 ], [ 3.618136, 44.594054 ] ] ], [ [ [ 3.628958, 44.583242 ], [ 3.629057659324663, 44.583153505827894 ], [ 3.629151, 44.583049 ], [ 3.630203542019817, 44.579473986587878 ], [ 3.628958, 44.583242 ] ] ], [ [ [ 3.627061, 44.590423 ], [ 3.635221108244412, 44.58689023984585 ], [ 3.633783, 44.586561 ], [ 3.627297, 44.590187 ], [ 3.627212009514345, 44.590253945323546 ], [ 3.627061, 44.590423 ] ] ], [ [ [ 3.615431, 44.578421 ], [ 3.616003, 44.581418 ], [ 3.616004613650929, 44.581433998354242 ], [ 3.619575, 44.581062 ], [ 3.627039195243087, 44.5848504405783 ], [ 3.62703996631661, 44.584849833553932 ], [ 3.619523, 44.58066 ], [ 3.619065, 44.578063 ], [ 3.615474, 44.577811 ], [ 3.615431, 44.578421 ] ] ], [ [ [ 3.598923, 44.590427 ], [ 3.598648, 44.591138 ], [ 3.598584, 44.591706 ], [ 3.598707, 44.592631 ], [ 3.59898, 44.594352 ], [ 3.598733, 44.59275 ], [ 3.602227, 44.591885 ], [ 3.610372, 44.59467 ], [ 3.61131, 44.593996 ], [ 3.612053, 44.593567 ], [ 3.603926, 44.5902 ], [ 3.60135, 44.587686 ], [ 3.599518, 44.589562 ], [ 3.598923, 44.590427 ] ] ], [ [ [ 3.583213, 44.593432 ], [ 3.583702, 44.596998 ], [ 3.577755470345482, 44.600923410538158 ], [ 3.578625, 44.601479 ], [ 3.585132, 44.595883 ], [ 3.586841, 44.59444 ], [ 3.587776, 44.594921 ], [ 3.588731, 44.595772 ], [ 3.588752, 44.596466 ], [ 3.588692, 44.597279 ], [ 3.589537, 44.594756 ], [ 3.586657, 44.592596 ], [ 3.583822, 44.593348 ], [ 3.583213, 44.593432 ] ] ], [ [ [ 3.564215, 44.582931 ], [ 3.559473, 44.582672 ], [ 3.556284, 44.581 ], [ 3.556399682520984, 44.573089472357488 ], [ 3.555849, 44.572856 ], [ 3.55633, 44.569289 ], [ 3.556241, 44.566476 ], [ 3.554777372017655, 44.566429897371286 ], [ 3.554024, 44.568267 ], [ 3.551011, 44.573529 ], [ 3.553459, 44.580724 ], [ 3.556013, 44.582219 ], [ 3.560195, 44.586278 ], [ 3.563548, 44.58759 ], [ 3.569481, 44.592107 ], [ 3.572749, 44.590447 ], [ 3.5729, 44.590903 ], [ 3.573625, 44.592667 ], [ 3.573189, 44.589704 ], [ 3.568265, 44.582577 ], [ 3.565047, 44.582948 ], [ 3.564215, 44.582931 ] ] ], [ [ [ 3.532430612405033, 44.560719750573213 ], [ 3.5333, 44.56114 ], [ 3.53327, 44.561232 ], [ 3.533394, 44.566582 ], [ 3.54106, 44.568305 ], [ 3.542676385070627, 44.564185109059558 ], [ 3.539844, 44.561501 ], [ 3.534000300746659, 44.556806700149799 ], [ 3.532430612405033, 44.560719750573213 ] ] ], [ [ [ 3.465608263490489, 44.557683789991657 ], [ 3.469099, 44.560683 ], [ 3.47294, 44.559723 ], [ 3.473814, 44.559312 ], [ 3.475144129489153, 44.559187196984389 ], [ 3.473827, 44.557607 ], [ 3.468858, 44.556588 ], [ 3.467548, 44.55663 ], [ 3.465608263490489, 44.557683789991657 ] ] ], [ [ [ 3.410433, 44.5632 ], [ 3.411265, 44.564604 ], [ 3.412019, 44.568458 ], [ 3.412519, 44.568725 ], [ 3.412838, 44.568919 ], [ 3.412877, 44.577359 ], [ 3.405859, 44.575547 ], [ 3.407009, 44.57717 ], [ 3.412396, 44.578605 ], [ 3.415807, 44.570476 ], [ 3.414853, 44.567507 ], [ 3.416875, 44.564529 ], [ 3.418586, 44.565076 ], [ 3.421478, 44.56722 ], [ 3.423082, 44.569938 ], [ 3.424071, 44.570785 ], [ 3.425204, 44.571779 ], [ 3.422753, 44.56447 ], [ 3.41967, 44.562613 ], [ 3.41353, 44.561365 ], [ 3.410433, 44.5632 ] ] ], [ [ [ 3.381187, 44.569348 ], [ 3.385107, 44.576422 ], [ 3.388122, 44.578388 ], [ 3.389450502316905, 44.579523625045084 ], [ 3.394916, 44.577662 ], [ 3.395337, 44.576922 ], [ 3.395891, 44.576314 ], [ 3.396657, 44.57534 ], [ 3.389083, 44.577175 ], [ 3.386494, 44.574674 ], [ 3.380788, 44.56783 ], [ 3.381187, 44.569348 ] ] ], [ [ [ 3.358793, 44.625299 ], [ 3.359018, 44.625815 ], [ 3.359536, 44.6272 ], [ 3.360651, 44.634187 ], [ 3.359917, 44.6426 ], [ 3.360777, 44.644183 ], [ 3.361142, 44.645493 ], [ 3.361854, 44.652162 ], [ 3.361786556807273, 44.652233963146735 ], [ 3.365566305775155, 44.652215529958077 ], [ 3.36734, 44.650747 ], [ 3.367862, 44.644285 ], [ 3.362267, 44.63823 ], [ 3.362092, 44.636676 ], [ 3.361116, 44.62954 ], [ 3.363067, 44.626515 ], [ 3.363625410742506, 44.626443030717034 ], [ 3.362469, 44.624482 ], [ 3.362085, 44.623669 ], [ 3.361636, 44.623091 ], [ 3.358793, 44.625299 ] ] ], [ [ [ 3.353415, 44.611428 ], [ 3.353377, 44.611085 ], [ 3.353063630736374, 44.609385126029473 ], [ 3.351662472000097, 44.608716209762292 ], [ 3.351481, 44.609499 ], [ 3.351543, 44.609971 ], [ 3.351969, 44.610784 ], [ 3.35446, 44.613188 ], [ 3.354214, 44.612853 ], [ 3.353415, 44.611428 ] ] ] ] } },
{ "type": "Feature", "properties": { "codgeo": "48127", "value": 1140, "isochrone_group": 19.0, "nb_agences": 1 }, "geometry": { "type": "MultiPolygon", "coordinates": [ [ [ [ 3.335427521129635, 44.644616237476349 ], [ 3.33542, 44.644612 ], [ 3.335162, 44.644678 ], [ 3.335427521129635, 44.644616237476349 ] ] ], [ [ [ 3.471470414207763, 44.738139567847028 ], [ 3.470237, 44.73827 ], [ 3.46874763657955, 44.738199130052195 ], [ 3.468079215978479, 44.740648278404429 ], [ 3.468339, 44.740678 ], [ 3.469205, 44.740401 ], [ 3.476516948527313, 44.73936688399521 ], [ 3.471470414207763, 44.738139567847028 ] ] ], [ [ [ 3.563021, 44.682781 ], [ 3.565732, 44.68098 ], [ 3.565947066055512, 44.680832905438585 ], [ 3.563116, 44.679666 ], [ 3.561821, 44.679214 ], [ 3.559916, 44.678019 ], [ 3.559023, 44.677568 ], [ 3.55846, 44.676969 ], [ 3.559375, 44.68152 ], [ 3.559455, 44.682174 ], [ 3.5595, 44.682265 ], [ 3.563021, 44.682781 ] ] ], [ [ [ 3.583398, 44.678851 ], [ 3.585798, 44.675324 ], [ 3.592661, 44.670381 ], [ 3.596832, 44.66987 ], [ 3.599047, 44.66882 ], [ 3.599999, 44.668316 ], [ 3.598577, 44.665008 ], [ 3.595818, 44.665869 ], [ 3.594416, 44.66613 ], [ 3.590837, 44.666429 ], [ 3.591339, 44.666449 ], [ 3.591954, 44.666618 ], [ 3.592721, 44.667151 ], [ 3.5931, 44.667667 ], [ 3.590923, 44.670028 ], [ 3.583588, 44.673347 ], [ 3.580042, 44.67397 ], [ 3.57608, 44.671366 ], [ 3.570853, 44.672416 ], [ 3.570335708826498, 44.673242663532818 ], [ 3.577788, 44.675013 ], [ 3.579004, 44.676225 ], [ 3.582884, 44.678523 ], [ 3.583398, 44.678851 ] ] ], [ [ [ 3.565401, 44.658978 ], [ 3.566014, 44.659254 ], [ 3.56672, 44.659745 ], [ 3.567765, 44.661349 ], [ 3.573677, 44.666331 ], [ 3.574140771252015, 44.666407862586247 ], [ 3.570746, 44.660299 ], [ 3.569209, 44.657043 ], [ 3.568681, 44.657292 ], [ 3.565401, 44.658978 ] ] ], [ [ [ 3.578121, 44.642648 ], [ 3.582472, 44.638188 ], [ 3.582979, 44.637751 ], [ 3.583654, 44.637195 ], [ 3.583229, 44.63362 ], [ 3.582802, 44.633671 ], [ 3.582333, 44.633765 ], [ 3.579304, 44.633681 ], [ 3.578880439853439, 44.633603925940541 ], [ 3.578531, 44.637171 ], [ 3.575671, 44.640397 ], [ 3.574144, 44.639238 ], [ 3.571474, 44.637568 ], [ 3.571029226924441, 44.637481074336989 ], [ 3.574175, 44.642423 ], [ 3.574454, 44.643028 ], [ 3.574574, 44.643264 ], [ 3.578121, 44.642648 ] ] ], [ [ [ 3.597528, 44.61986 ], [ 3.597304, 44.618221 ], [ 3.597048, 44.617503 ], [ 3.590322, 44.613955 ], [ 3.587695, 44.616105 ], [ 3.587636, 44.616111 ], [ 3.595518, 44.61978 ], [ 3.596218, 44.620227 ], [ 3.599441, 44.619689 ], [ 3.597528, 44.61986 ] ] ], [ [ [ 3.616069, 44.633403 ], [ 3.624813, 44.632378 ], [ 3.626252, 44.629078 ], [ 3.625006, 44.628535 ], [ 3.62464, 44.628315 ], [ 3.622386, 44.626761 ], [ 3.627327, 44.619442 ], [ 3.621517, 44.626278 ], [ 3.619369, 44.629167 ], [ 3.6154, 44.627938 ], [ 3.608032, 44.624904 ], [ 3.607713, 44.624342 ], [ 3.608074, 44.626067 ], [ 3.608204, 44.626569 ], [ 3.613125, 44.631331 ], [ 3.616069, 44.633403 ] ] ], [ [ [ 3.64051, 44.626783 ], [ 3.641688, 44.626863 ], [ 3.647944, 44.628 ], [ 3.64895, 44.628302 ], [ 3.649571, 44.627717 ], [ 3.649984, 44.624853 ], [ 3.648978, 44.624552 ], [ 3.641323, 44.62045 ], [ 3.641669, 44.620872 ], [ 3.641975, 44.621515 ], [ 3.642082, 44.622249 ], [ 3.641847, 44.623221 ], [ 3.641519, 44.623703 ], [ 3.641255, 44.623968 ], [ 3.637942, 44.623056 ], [ 3.635479, 44.621219 ], [ 3.638088, 44.623829 ], [ 3.638553, 44.62458 ], [ 3.639, 44.624985 ], [ 3.64051, 44.626783 ] ] ], [ [ [ 3.622523, 44.602791 ], [ 3.622095, 44.602522 ], [ 3.621941, 44.602426 ], [ 3.620989, 44.602036 ], [ 3.618663578897112, 44.594094413185175 ], [ 3.618557850651731, 44.594155962411293 ], [ 3.618355, 44.60191 ], [ 3.618455, 44.605509 ], [ 3.62206, 44.611878 ], [ 3.623897, 44.613108 ], [ 3.622498, 44.604389 ], [ 3.622571, 44.604274 ], [ 3.623115, 44.603197 ], [ 3.622523, 44.602791 ] ] ], [ [ [ 3.615687, 44.574387 ], [ 3.615448, 44.577402 ], [ 3.615431, 44.578421 ], [ 3.615474, 44.577811 ], [ 3.619065, 44.578063 ], [ 3.619523, 44.58066 ], [ 3.62703996631661, 44.584849833553932 ], [ 3.627469655324235, 44.584511562713409 ], [ 3.628958, 44.583242 ], [ 3.630426413014293, 44.578799757310165 ], [ 3.623823, 44.573332 ], [ 3.616176, 44.573829 ], [ 3.615862882750012, 44.573975814651988 ], [ 3.615687, 44.574387 ] ] ], [ [ [ 3.601787, 44.587328 ], [ 3.601386857388353, 44.587721970292833 ], [ 3.603926, 44.5902 ], [ 3.612053, 44.593567 ], [ 3.612433, 44.593395 ], [ 3.61262948447505, 44.593069204034137 ], [ 3.605746, 44.5894 ], [ 3.604101, 44.586197 ], [ 3.602666, 44.586834 ], [ 3.601787, 44.587328 ] ] ], [ [ [ 3.581814, 44.592225 ], [ 3.579877, 44.59526 ], [ 3.573000021147253, 44.596548628142301 ], [ 3.57308, 44.597936 ], [ 3.577085, 44.601366 ], [ 3.583702, 44.596998 ], [ 3.583213, 44.593432 ], [ 3.583822, 44.593348 ], [ 3.586657, 44.592596 ], [ 3.589537, 44.594756 ], [ 3.588692, 44.597279 ], [ 3.588595, 44.599152 ], [ 3.595558, 44.603292 ], [ 3.597257, 44.602007 ], [ 3.599151, 44.596793 ], [ 3.598948, 44.595954 ], [ 3.59898, 44.594352 ], [ 3.598707, 44.592631 ], [ 3.598584, 44.591706 ], [ 3.598648, 44.591138 ], [ 3.590087, 44.591995 ], [ 3.589568, 44.590604 ], [ 3.586195, 44.591863 ], [ 3.581814, 44.592225 ] ] ], [ [ [ 3.571799, 44.582086 ], [ 3.566593, 44.58121 ], [ 3.558596, 44.578909 ], [ 3.56019, 44.573649 ], [ 3.560341532095535, 44.573230602176757 ], [ 3.559794, 44.573209 ], [ 3.556375797167559, 44.574722785211598 ], [ 3.556284, 44.581 ], [ 3.559473, 44.582672 ], [ 3.564215, 44.582931 ], [ 3.565047, 44.582948 ], [ 3.568265, 44.582577 ], [ 3.570561560529261, 44.585901042829413 ], [ 3.57231, 44.58565 ], [ 3.575271, 44.585225 ], [ 3.574759, 44.581662 ], [ 3.571799, 44.582086 ] ] ], [ [ [ 3.358398, 44.613873 ], [ 3.357697, 44.61421 ], [ 3.357208, 44.614288 ], [ 3.356631, 44.614257 ], [ 3.356129, 44.61413 ], [ 3.355404, 44.61383 ], [ 3.35446, 44.613188 ], [ 3.357011, 44.621761 ], [ 3.357049, 44.625389 ], [ 3.357023, 44.625868 ], [ 3.357033, 44.626058 ], [ 3.359712651782884, 44.628306965028735 ], [ 3.359536, 44.6272 ], [ 3.359018, 44.625815 ], [ 3.358793, 44.625299 ], [ 3.361636, 44.623091 ], [ 3.362085, 44.623669 ], [ 3.362469, 44.624482 ], [ 3.364037, 44.627141 ], [ 3.371394, 44.626155 ], [ 3.371889, 44.625378 ], [ 3.372442, 44.62486 ], [ 3.374248, 44.616442 ], [ 3.367971, 44.613719 ], [ 3.36716, 44.613181 ], [ 3.35894546722551, 44.613564930463703 ], [ 3.358398, 44.613873 ] ] ], [ [ [ 3.355406, 44.644155 ], [ 3.350996, 44.647029 ], [ 3.350957351026993, 44.647088228935708 ], [ 3.353973, 44.649055 ], [ 3.360114, 44.651085 ], [ 3.361704731241528, 44.650763863272104 ], [ 3.361142, 44.645493 ], [ 3.360777, 44.644183 ], [ 3.359917, 44.6426 ], [ 3.360358211997835, 44.637542893000294 ], [ 3.358592, 44.639379 ], [ 3.357629, 44.639773 ], [ 3.35723, 44.639912 ], [ 3.355406, 44.644155 ] ] ], [ [ [ 3.423243, 44.559704 ], [ 3.422357, 44.558942 ], [ 3.421239, 44.560063 ], [ 3.412308, 44.559115 ], [ 3.408959, 44.557752 ], [ 3.406784, 44.560621 ], [ 3.407188, 44.566515 ], [ 3.404692, 44.574267 ], [ 3.404824474435273, 44.574412301865593 ], [ 3.406943, 44.575239 ], [ 3.406996, 44.575396 ], [ 3.407052183169103, 44.575855071801435 ], [ 3.412877, 44.577359 ], [ 3.412838, 44.568919 ], [ 3.412519, 44.568725 ], [ 3.412019, 44.568458 ], [ 3.411265, 44.564604 ], [ 3.410433, 44.5632 ], [ 3.41353, 44.561365 ], [ 3.41967, 44.562613 ], [ 3.422753, 44.56447 ], [ 3.423979008241433, 44.56812601560042 ], [ 3.423788, 44.562605 ], [ 3.424906, 44.561484 ], [ 3.42378, 44.56022 ], [ 3.423243, 44.559704 ] ] ], [ [ [ 3.380788, 44.56783 ], [ 3.382014109298524, 44.569300643539968 ], [ 3.388672, 44.572303 ], [ 3.389226, 44.572194 ], [ 3.389633, 44.572183 ], [ 3.389796, 44.572193 ], [ 3.390139, 44.572488 ], [ 3.390827, 44.573476 ], [ 3.390131, 44.575615 ], [ 3.390932603771187, 44.576726885011851 ], [ 3.396657, 44.57534 ], [ 3.397223, 44.574866 ], [ 3.398044, 44.574559 ], [ 3.389832, 44.571727 ], [ 3.387998, 44.571086 ], [ 3.380636, 44.566899 ], [ 3.380788, 44.56783 ] ] ], [ [ [ 3.425373537718561, 44.571915849073456 ], [ 3.425204, 44.571779 ], [ 3.425373537718561, 44.571915849073456 ], [ 3.425373537718561, 44.571915849073456 ] ] ], [ [ [ 3.351745819633001, 44.610358071271435 ], [ 3.351969, 44.610784 ], [ 3.351745819633002, 44.610358071271435 ], [ 3.351745819633001, 44.610358071271435 ] ] ], [ [ [ 3.563276943267401, 44.722807445021836 ], [ 3.565166, 44.723083 ], [ 3.567064, 44.723473 ], [ 3.568338966459291, 44.724467469371739 ], [ 3.570367, 44.721548 ], [ 3.567995, 44.71884 ], [ 3.563057, 44.718612 ], [ 3.557707015376199, 44.721508109127001 ], [ 3.55846406416851, 44.722278227491302 ], [ 3.562986, 44.721888 ], [ 3.563276943267401, 44.722807445021836 ] ] ], [ [ [ 3.543065166835434, 44.722597802841918 ], [ 3.54182745736142, 44.72243162559348 ], [ 3.542735, 44.723277 ], [ 3.543065166835434, 44.722597802841918 ] ] ], [ [ [ 3.538512, 44.70305 ], [ 3.539934, 44.704314 ], [ 3.537542, 44.707004 ], [ 3.535265, 44.711711 ], [ 3.535368754985744, 44.712251953039065 ], [ 3.537673, 44.71139 ], [ 3.541487, 44.707491 ], [ 3.543272, 44.706914 ], [ 3.542165, 44.703488 ], [ 3.537908, 44.702693 ], [ 3.538512, 44.70305 ] ] ], [ [ [ 3.531253, 44.70029 ], [ 3.531859, 44.70051 ], [ 3.529028, 44.698702 ], [ 3.526992, 44.70167 ], [ 3.526825159210566, 44.702244646407387 ], [ 3.531253, 44.70029 ] ] ] ] } },
{ "type": "Feature", "properties": { "codgeo": "48127", "value": 1200, "isochrone_group": 20.0, "nb_agences": 1 }, "geometry": { "type": "MultiPolygon", "coordinates": [ [ [ [ 3.321727307169236, 44.634565521636368 ], [ 3.323936276291696, 44.634587025753937 ], [ 3.321575298189836, 44.634425668109401 ], [ 3.321727307169236, 44.634565521636368 ] ] ], [ [ [ 3.34009, 44.641618 ], [ 3.334835370804905, 44.643634437785146 ], [ 3.335622, 44.644571 ], [ 3.336451, 44.64439 ], [ 3.339569, 44.642314 ], [ 3.34009, 44.641618 ] ] ], [ [ [ 3.468079215978479, 44.740648278404429 ], [ 3.4680035241325, 44.740925619586882 ], [ 3.469205, 44.740401 ], [ 3.468339, 44.740678 ], [ 3.468079215978479, 44.740648278404429 ] ] ], [ [ [ 3.574911, 44.715651 ], [ 3.575385474364931, 44.715063495297478 ], [ 3.574953, 44.715185 ], [ 3.574495, 44.715352 ], [ 3.573936, 44.715669 ], [ 3.569172, 44.718227 ], [ 3.568732, 44.718409 ], [ 3.568378, 44.718582 ], [ 3.568007625070388, 44.718854413444618 ], [ 3.570367, 44.721548 ], [ 3.568338966459289, 44.724467469371739 ], [ 3.569010344059332, 44.724991141547768 ], [ 3.5704, 44.723825 ], [ 3.572725, 44.722048 ], [ 3.577821, 44.71829 ], [ 3.57772152749576, 44.717493104803474 ], [ 3.577663, 44.717282 ], [ 3.576426, 44.716494 ], [ 3.575478, 44.716076 ], [ 3.574911, 44.715651 ] ] ], [ [ [ 3.554899750407889, 44.717615089754297 ], [ 3.556446573888073, 44.722190424377324 ], [ 3.558130398717459, 44.721278918868506 ], [ 3.554899750407889, 44.717615089754297 ] ] ], [ [ [ 3.525073, 44.699724 ], [ 3.525007012206187, 44.70513076134435 ], [ 3.525804240725561, 44.705760975607461 ], [ 3.526992, 44.70167 ], [ 3.529028, 44.698702 ], [ 3.531859, 44.70051 ], [ 3.528698, 44.698481 ], [ 3.52508, 44.698575 ], [ 3.525032, 44.699009 ], [ 3.525073, 44.699724 ] ] ], [ [ [ 3.548807, 44.711386 ], [ 3.549622457476517, 44.711537489234516 ], [ 3.546231, 44.706402 ], [ 3.545174, 44.70296 ], [ 3.543543, 44.703185 ], [ 3.537908, 44.702693 ], [ 3.542165, 44.703488 ], [ 3.543272, 44.706914 ], [ 3.541487, 44.707491 ], [ 3.537673, 44.71139 ], [ 3.534441, 44.712599 ], [ 3.5346401525752, 44.71453543581076 ], [ 3.536284, 44.717324 ], [ 3.543854, 44.717175 ], [ 3.548707, 44.711593 ], [ 3.548807, 44.711386 ] ] ], [ [ [ 3.556786, 44.684316 ], [ 3.556886, 44.685188 ], [ 3.557031, 44.685608 ], [ 3.557621, 44.686772 ], [ 3.557657, 44.686817 ], [ 3.558817, 44.687489 ], [ 3.55929, 44.687417 ], [ 3.562249, 44.683991 ], [ 3.565732, 44.68098 ], [ 3.563021, 44.682781 ], [ 3.5595, 44.682265 ], [ 3.559455, 44.682174 ], [ 3.559375, 44.68152 ], [ 3.55846, 44.676969 ], [ 3.557745, 44.682265 ], [ 3.557071, 44.683058 ], [ 3.556797, 44.683933 ], [ 3.556786, 44.684316 ] ] ], [ [ [ 3.577788, 44.675013 ], [ 3.569752, 44.673104 ], [ 3.567034, 44.678519 ], [ 3.56699, 44.679355 ], [ 3.566685, 44.680078 ], [ 3.574544, 44.675719 ], [ 3.582884, 44.678523 ], [ 3.579004, 44.676225 ], [ 3.577788, 44.675013 ] ] ], [ [ [ 3.588849, 44.677197 ], [ 3.589082, 44.677446 ], [ 3.590530348495605, 44.678881601375153 ], [ 3.590849, 44.67787 ], [ 3.593161340281654, 44.67031970201775 ], [ 3.592661, 44.670381 ], [ 3.585798, 44.675324 ], [ 3.583415720791494, 44.678824957820162 ], [ 3.583812, 44.67905 ], [ 3.585880020899435, 44.680169869344084 ], [ 3.586223, 44.679659 ], [ 3.588849, 44.677197 ] ] ], [ [ [ 3.60766, 44.662917 ], [ 3.603949, 44.662433 ], [ 3.603463, 44.662405 ], [ 3.602651, 44.662599 ], [ 3.602273, 44.662795 ], [ 3.598369527370231, 44.665072745898613 ], [ 3.598577, 44.665008 ], [ 3.599999, 44.668316 ], [ 3.599047, 44.66882 ], [ 3.600794, 44.668206 ], [ 3.606511, 44.666941 ], [ 3.608371, 44.666446 ], [ 3.60766, 44.662917 ] ] ], [ [ [ 3.594416, 44.66613 ], [ 3.595818, 44.665869 ], [ 3.597453510532202, 44.66535860689806 ], [ 3.594416, 44.66613 ] ] ], [ [ [ 3.572884, 44.655809 ], [ 3.572129, 44.655955 ], [ 3.570041, 44.656773 ], [ 3.569528, 44.656919 ], [ 3.569215440746436, 44.657056644157699 ], [ 3.570746, 44.660299 ], [ 3.574287, 44.666671 ], [ 3.57907, 44.667531 ], [ 3.576033, 44.659266 ], [ 3.575499, 44.655706 ], [ 3.57367, 44.655783 ], [ 3.572884, 44.655809 ] ] ], [ [ [ 3.566032, 44.635617 ], [ 3.562837, 44.63588 ], [ 3.571029226924441, 44.637481074336989 ], [ 3.570723, 44.637 ], [ 3.56651, 44.635653 ], [ 3.566032, 44.635617 ] ] ], [ [ [ 3.586742, 44.639442 ], [ 3.587529, 44.639086 ], [ 3.588925, 44.637486 ], [ 3.590408, 44.634205 ], [ 3.589714, 44.633892 ], [ 3.58871, 44.633573 ], [ 3.587951, 44.633416 ], [ 3.587133, 44.633303 ], [ 3.586722, 44.633285 ], [ 3.586327, 44.633313 ], [ 3.585741, 44.633436 ], [ 3.584447, 44.633616 ], [ 3.583452, 44.633607 ], [ 3.583230052489419, 44.633628853293338 ], [ 3.583654, 44.637195 ], [ 3.582979, 44.637751 ], [ 3.582472, 44.638188 ], [ 3.581939695551261, 44.638733639586611 ], [ 3.584957, 44.639523 ], [ 3.585814, 44.639662 ], [ 3.586418, 44.63956 ], [ 3.586742, 44.639442 ] ] ], [ [ [ 3.607425, 44.629375 ], [ 3.610892, 44.634007 ], [ 3.612237, 44.637346 ], [ 3.613206, 44.636956 ], [ 3.613531, 44.636802 ], [ 3.613924, 44.63655 ], [ 3.614294, 44.6362 ], [ 3.61463, 44.635667 ], [ 3.615862, 44.633651 ], [ 3.617750569347229, 44.633205880994858 ], [ 3.616069, 44.633403 ], [ 3.613125, 44.631331 ], [ 3.608204, 44.626569 ], [ 3.608074, 44.626067 ], [ 3.607713, 44.624342 ], [ 3.60747, 44.623506 ], [ 3.599441, 44.619689 ], [ 3.596218, 44.620227 ], [ 3.595518, 44.61978 ], [ 3.596519, 44.620895 ], [ 3.600066, 44.620282 ], [ 3.606701, 44.625849 ], [ 3.607425, 44.629375 ] ] ], [ [ [ 3.629592, 44.63256 ], [ 3.629049, 44.631378 ], [ 3.627624, 44.629919 ], [ 3.626531, 44.629214 ], [ 3.62624769970003, 44.629087861702502 ], [ 3.624813, 44.632378 ], [ 3.624128073865572, 44.632458289259816 ], [ 3.626038, 44.63458 ], [ 3.629628, 44.634849 ], [ 3.629708, 44.633785 ], [ 3.629592, 44.63256 ] ] ], [ [ [ 3.637956, 44.626448 ], [ 3.638685, 44.6266 ], [ 3.640242, 44.626777 ], [ 3.644539, 44.628263 ], [ 3.644885, 44.628347 ], [ 3.645407, 44.628438 ], [ 3.652846, 44.630579 ], [ 3.653227, 44.630738 ], [ 3.653717, 44.630885 ], [ 3.654435, 44.631013 ], [ 3.654946, 44.631043 ], [ 3.655368, 44.631037 ], [ 3.657827, 44.631025 ], [ 3.658808, 44.630265 ], [ 3.658203, 44.627445 ], [ 3.657704, 44.626839 ], [ 3.653364, 44.624042 ], [ 3.653235, 44.624061 ], [ 3.650332, 44.624346 ], [ 3.647990656586622, 44.624022923229042 ], [ 3.648978, 44.624552 ], [ 3.649984, 44.624853 ], [ 3.649571, 44.627717 ], [ 3.64895, 44.628302 ], [ 3.647944, 44.628 ], [ 3.641688, 44.626863 ], [ 3.64051, 44.626783 ], [ 3.639, 44.624985 ], [ 3.638553, 44.62458 ], [ 3.638088, 44.623829 ], [ 3.635479, 44.621219 ], [ 3.635069, 44.620997 ], [ 3.631656, 44.619736 ], [ 3.636113, 44.625281 ], [ 3.636883, 44.625928 ], [ 3.637366, 44.626233 ], [ 3.637956, 44.626448 ] ] ], [ [ [ 3.62532, 44.603024 ], [ 3.622045, 44.6006 ], [ 3.622635712134413, 44.594966999973153 ], [ 3.620802, 44.595673 ], [ 3.620624, 44.596299 ], [ 3.620237, 44.59704 ], [ 3.619557292051015, 44.597146548813612 ], [ 3.620989, 44.602036 ], [ 3.621941, 44.602426 ], [ 3.622095, 44.602522 ], [ 3.622523, 44.602791 ], [ 3.623115, 44.603197 ], [ 3.622571, 44.604274 ], [ 3.622498, 44.604389 ], [ 3.623897, 44.613108 ], [ 3.624629, 44.613631 ], [ 3.625515, 44.614308 ], [ 3.626688586249997, 44.614772095114027 ], [ 3.625684, 44.60754 ], [ 3.626718, 44.606341 ], [ 3.626421, 44.605718 ], [ 3.62532, 44.603024 ] ] ], [ [ [ 3.615687, 44.574387 ], [ 3.615862882750012, 44.573975814651988 ], [ 3.615722029325994, 44.574041858111521 ], [ 3.615687, 44.574387 ] ] ], [ [ [ 3.602666, 44.586834 ], [ 3.604101, 44.586197 ], [ 3.605746, 44.5894 ], [ 3.612791728953104, 44.593155687572455 ], [ 3.614582182902248, 44.592056197541709 ], [ 3.614923, 44.591821 ], [ 3.616648, 44.586406 ], [ 3.616555, 44.585349 ], [ 3.616295, 44.584313 ], [ 3.616003, 44.581418 ], [ 3.609435, 44.585459 ], [ 3.60572, 44.585265 ], [ 3.605289, 44.585321 ], [ 3.602666, 44.586834 ] ] ], [ [ [ 3.578196, 44.581106 ], [ 3.576706, 44.581384 ], [ 3.568856, 44.579087 ], [ 3.566297, 44.579606 ], [ 3.561964570845443, 44.576224026898906 ], [ 3.559150922096068, 44.577077826709342 ], [ 3.558596, 44.578909 ], [ 3.566593, 44.58121 ], [ 3.571799, 44.582086 ], [ 3.574759, 44.581662 ], [ 3.575271, 44.585225 ], [ 3.57231, 44.58565 ], [ 3.56935, 44.586075 ], [ 3.568741, 44.594515 ], [ 3.56927, 44.594937 ], [ 3.569806, 44.595313 ], [ 3.570303, 44.595644 ], [ 3.571148, 44.596275 ], [ 3.571872, 44.59676 ], [ 3.579877, 44.59526 ], [ 3.581814, 44.592225 ], [ 3.586195, 44.591863 ], [ 3.589568, 44.590604 ], [ 3.590087, 44.591995 ], [ 3.598648, 44.591138 ], [ 3.598923, 44.590427 ], [ 3.59005, 44.589271 ], [ 3.586594, 44.58884 ], [ 3.578857, 44.584645 ], [ 3.578196, 44.581106 ] ] ], [ [ [ 3.428742, 44.558687 ], [ 3.425792, 44.556624 ], [ 3.419782, 44.558899 ], [ 3.412824, 44.558423 ], [ 3.406242931260668, 44.554979010662755 ], [ 3.408898, 44.557706 ], [ 3.40895888052212, 44.557752157600916 ], [ 3.408959, 44.557752 ], [ 3.412308, 44.559115 ], [ 3.421239, 44.560063 ], [ 3.422357, 44.558942 ], [ 3.423243, 44.559704 ], [ 3.42378, 44.56022 ], [ 3.424906, 44.561484 ], [ 3.423788, 44.562605 ], [ 3.423806911781225, 44.563151637351311 ], [ 3.426151, 44.561009 ], [ 3.427315, 44.560362 ], [ 3.428033, 44.559701 ], [ 3.428742, 44.558687 ] ] ], [ [ [ 3.404692, 44.574267 ], [ 3.407188, 44.566515 ], [ 3.406911268393833, 44.562477732458539 ], [ 3.402326487888835, 44.563004807816654 ], [ 3.403179, 44.564638 ], [ 3.404119, 44.565549 ], [ 3.404692, 44.574267 ] ] ], [ [ [ 3.33041391035475, 44.582795838316301 ], [ 3.326532, 44.57897 ], [ 3.326287138936844, 44.578875533447807 ], [ 3.325648, 44.578637 ], [ 3.325503442686971, 44.578598923132006 ], [ 3.329019, 44.586686 ], [ 3.329519, 44.586866 ], [ 3.329619851821674, 44.587175286656787 ], [ 3.332245012327046, 44.586045181263202 ], [ 3.332031513658366, 44.584849375752334 ], [ 3.33041391035475, 44.582795838316301 ] ] ], [ [ [ 3.35632, 44.62041 ], [ 3.356483, 44.622109 ], [ 3.357021770548726, 44.622789303967821 ], [ 3.357011, 44.621761 ], [ 3.35446, 44.613188 ], [ 3.35632, 44.62041 ] ] ], [ [ [ 3.351355, 44.641518 ], [ 3.350671, 44.641672 ], [ 3.344559503578941, 44.640629977074646 ], [ 3.344798, 44.642376 ], [ 3.352209, 44.64357 ], [ 3.354575, 44.643439 ], [ 3.354696, 44.64349 ], [ 3.35545465365741, 44.64404182156337 ], [ 3.35723, 44.639912 ], [ 3.357629, 44.639773 ], [ 3.357019, 44.639969 ], [ 3.35645, 44.640168 ], [ 3.351906, 44.641483 ], [ 3.351355, 44.641518 ] ] ] ] } }
]
}
