{
"type": "FeatureCollection",
"name": "Others",
"crs": { "type": "name", "properties": { "name": "urn:ogc:def:crs:OGC:1.3:CRS84" } },
"features": [
{ "type": "Feature", "properties": { "codgeo": "81218", "value": 60, "isochrone_group": 1.0, "nb_agences": 1 }, "geometry": { "type": "Polygon", "coordinates": [ [ [ 2.165183, 43.892205 ], [ 2.166763, 43.889934 ], [ 2.16825, 43.889666 ], [ 2.172206, 43.891968 ], [ 2.172319, 43.892309 ], [ 2.172116, 43.892376 ], [ 2.170554, 43.892907 ], [ 2.16602, 43.892997 ], [ 2.165297, 43.892443 ], [ 2.165228, 43.892375 ], [ 2.165183, 43.892252 ], [ 2.165183, 43.892205 ] ] ] } },
{ "type": "Feature", "properties": { "codgeo": "81218", "value": 120, "isochrone_group": 2.0, "nb_agences": 1 }, "geometry": { "type": "Polygon", "coordinates": [ [ [ 2.160753, 43.89674 ], [ 2.161402, 43.89773 ], [ 2.165066, 43.896153 ], [ 2.168544, 43.894346 ], [ 2.171449, 43.894622 ], [ 2.171808, 43.894649 ], [ 2.173618, 43.893894 ], [ 2.177644, 43.893049 ], [ 2.180638, 43.892549 ], [ 2.180824, 43.892286 ], [ 2.180969, 43.892062 ], [ 2.180956, 43.891702 ], [ 2.180587, 43.891697 ], [ 2.178608, 43.891875 ], [ 2.174889, 43.891385 ], [ 2.173982, 43.891527 ], [ 2.169302, 43.888087 ], [ 2.168981, 43.887925 ], [ 2.16758, 43.888089 ], [ 2.166352, 43.888328 ], [ 2.165543, 43.888506 ], [ 2.16342, 43.889201 ], [ 2.161876, 43.889803 ], [ 2.160525, 43.89504 ], [ 2.160753, 43.89674 ] ], [ [ 2.166763, 43.889934 ], [ 2.16825, 43.889666 ], [ 2.172206, 43.891968 ], [ 2.172319, 43.892309 ], [ 2.172116, 43.892376 ], [ 2.170554, 43.892907 ], [ 2.16602, 43.892997 ], [ 2.165297, 43.892443 ], [ 2.165228, 43.892375 ], [ 2.165183, 43.892252 ], [ 2.165183, 43.892205 ], [ 2.166763, 43.889934 ] ] ] } },
{ "type": "Feature", "properties": { "codgeo": "81218", "value": 180, "isochrone_group": 3.0, "nb_agences": 1 }, "geometry": { "type": "Polygon", "coordinates": [ [ [ 2.173192, 43.886331 ], [ 2.173017, 43.886016 ], [ 2.169898, 43.882784 ], [ 2.169664, 43.88251 ], [ 2.168877, 43.882758 ], [ 2.168658, 43.883044 ], [ 2.167804, 43.884192 ], [ 2.160881, 43.887777 ], [ 2.15566, 43.888971 ], [ 2.152933, 43.895146 ], [ 2.153146, 43.895437 ], [ 2.154476, 43.897095 ], [ 2.15876, 43.904327 ], [ 2.158964, 43.904331 ], [ 2.159133, 43.904221 ], [ 2.160647, 43.902475 ], [ 2.16391, 43.899257 ], [ 2.164205, 43.899052 ], [ 2.171893, 43.895408 ], [ 2.172859, 43.896332 ], [ 2.173051, 43.896364 ], [ 2.178902, 43.898227 ], [ 2.179258, 43.898174 ], [ 2.179331, 43.896678 ], [ 2.18707, 43.892925 ], [ 2.190526, 43.889198 ], [ 2.190439, 43.888849 ], [ 2.184807, 43.887909 ], [ 2.184479, 43.888059 ], [ 2.178792887783372, 43.891858370376227 ], [ 2.180587, 43.891697 ], [ 2.180956, 43.891702 ], [ 2.180969, 43.892062 ], [ 2.180824, 43.892286 ], [ 2.180638, 43.892549 ], [ 2.177644, 43.893049 ], [ 2.173618, 43.893894 ], [ 2.171808, 43.894649 ], [ 2.171449, 43.894622 ], [ 2.168544, 43.894346 ], [ 2.165066, 43.896153 ], [ 2.161402, 43.89773 ], [ 2.160753, 43.89674 ], [ 2.160525, 43.89504 ], [ 2.161876, 43.889803 ], [ 2.16342, 43.889201 ], [ 2.165543, 43.888506 ], [ 2.166352, 43.888328 ], [ 2.16758, 43.888089 ], [ 2.168981, 43.887925 ], [ 2.169302, 43.888087 ], [ 2.173982, 43.891527 ], [ 2.174889, 43.891385 ], [ 2.178608, 43.891875 ], [ 2.178754726588134, 43.891861802762669 ], [ 2.173192, 43.886331 ] ] ] } },
{ "type": "Feature", "properties": { "codgeo": "81218", "value": 240, "isochrone_group": 4.0, "nb_agences": 1 }, "geometry": { "type": "Polygon", "coordinates": [ [ [ 2.149726, 43.898217 ], [ 2.150788, 43.900661 ], [ 2.150968, 43.900972 ], [ 2.156219, 43.905611 ], [ 2.156441, 43.90986 ], [ 2.156534, 43.910731 ], [ 2.156815, 43.911613 ], [ 2.15717, 43.911553 ], [ 2.157384, 43.911019 ], [ 2.157486, 43.910674 ], [ 2.161533, 43.904123 ], [ 2.164324, 43.900522 ], [ 2.171873, 43.898522 ], [ 2.179098, 43.901964 ], [ 2.179334, 43.902089 ], [ 2.17957, 43.902213 ], [ 2.179714, 43.902256 ], [ 2.183957, 43.901167 ], [ 2.189677, 43.895394 ], [ 2.189926, 43.895134 ], [ 2.193266, 43.888758 ], [ 2.198392, 43.887016 ], [ 2.198538, 43.886687 ], [ 2.198501, 43.885693 ], [ 2.198335, 43.885374 ], [ 2.194, 43.885333 ], [ 2.187451, 43.8881 ], [ 2.182967, 43.884527 ], [ 2.182613, 43.884461 ], [ 2.177078, 43.877408 ], [ 2.177245, 43.877148 ], [ 2.177411, 43.876888 ], [ 2.177108, 43.876694 ], [ 2.172285, 43.878081 ], [ 2.166195, 43.879612 ], [ 2.165845, 43.879698 ], [ 2.161459, 43.885255 ], [ 2.155104, 43.884088 ], [ 2.15476, 43.883983 ], [ 2.154679, 43.884069 ], [ 2.1529, 43.886207 ], [ 2.151408, 43.891146 ], [ 2.149726, 43.898217 ] ], [ [ 2.160881, 43.887777 ], [ 2.167804, 43.884192 ], [ 2.168658, 43.883044 ], [ 2.168877, 43.882758 ], [ 2.169664, 43.88251 ], [ 2.169898, 43.882784 ], [ 2.173017, 43.886016 ], [ 2.173192, 43.886331 ], [ 2.178768, 43.891875 ], [ 2.184479, 43.888059 ], [ 2.184807, 43.887909 ], [ 2.190439, 43.888849 ], [ 2.190526, 43.889198 ], [ 2.18707, 43.892925 ], [ 2.179331, 43.896678 ], [ 2.179258, 43.898174 ], [ 2.178902, 43.898227 ], [ 2.173051, 43.896364 ], [ 2.172859, 43.896332 ], [ 2.171893, 43.895408 ], [ 2.164205, 43.899052 ], [ 2.16391, 43.899257 ], [ 2.160647, 43.902475 ], [ 2.159133, 43.904221 ], [ 2.158964, 43.904331 ], [ 2.15876, 43.904327 ], [ 2.154476, 43.897095 ], [ 2.153146, 43.895437 ], [ 2.152933, 43.895146 ], [ 2.15566, 43.888971 ], [ 2.160881, 43.887777 ] ] ] } },
{ "type": "Feature", "properties": { "codgeo": "81218", "value": 300, "isochrone_group": 5.0, "nb_agences": 1 }, "geometry": { "type": "MultiPolygon", "coordinates": [ [ [ [ 2.162258, 43.916198 ], [ 2.162369, 43.915856 ], [ 2.160024, 43.914324 ], [ 2.161776, 43.906658 ], [ 2.162064, 43.906443 ], [ 2.163616, 43.903658 ], [ 2.171006, 43.900845 ], [ 2.172831, 43.9005 ], [ 2.17662, 43.900996 ], [ 2.181032, 43.907287 ], [ 2.18125, 43.907574 ], [ 2.182984, 43.90657 ], [ 2.187502, 43.901562 ], [ 2.191926, 43.896954 ], [ 2.19214, 43.896664 ], [ 2.191604, 43.894147 ], [ 2.193896739303095, 43.888543651996478 ], [ 2.193266, 43.888758 ], [ 2.189926, 43.895134 ], [ 2.189677, 43.895394 ], [ 2.183957, 43.901167 ], [ 2.179714, 43.902256 ], [ 2.17957, 43.902213 ], [ 2.179334, 43.902089 ], [ 2.179098, 43.901964 ], [ 2.171873, 43.898522 ], [ 2.164324, 43.900522 ], [ 2.161533, 43.904123 ], [ 2.157486, 43.910674 ], [ 2.157384, 43.911019 ], [ 2.15717, 43.911553 ], [ 2.156815, 43.911613 ], [ 2.156534, 43.910731 ], [ 2.156441, 43.90986 ], [ 2.156219, 43.905611 ], [ 2.150968, 43.900972 ], [ 2.150788, 43.900661 ], [ 2.149726, 43.898217 ], [ 2.151408, 43.891146 ], [ 2.1529, 43.886207 ], [ 2.154679, 43.884069 ], [ 2.15476, 43.883983 ], [ 2.155104, 43.884088 ], [ 2.161459, 43.885255 ], [ 2.165845, 43.879698 ], [ 2.166195, 43.879612 ], [ 2.172285, 43.878081 ], [ 2.177108, 43.876694 ], [ 2.177411, 43.876888 ], [ 2.177245, 43.877148 ], [ 2.177078, 43.877408 ], [ 2.182613, 43.884461 ], [ 2.182967, 43.884527 ], [ 2.187451, 43.8881 ], [ 2.183575, 43.880791 ], [ 2.183385, 43.880486 ], [ 2.180503, 43.876074 ], [ 2.179886, 43.873471 ], [ 2.179634, 43.873213 ], [ 2.177429, 43.872512 ], [ 2.173, 43.873684 ], [ 2.16863, 43.876462 ], [ 2.163079, 43.87792 ], [ 2.156148, 43.873771 ], [ 2.155802, 43.87387 ], [ 2.154862, 43.877385 ], [ 2.15327, 43.882185 ], [ 2.150981, 43.886361 ], [ 2.14482, 43.892332 ], [ 2.144842, 43.892691 ], [ 2.146038, 43.896685 ], [ 2.14408, 43.902636 ], [ 2.144305, 43.902917 ], [ 2.146727, 43.903905 ], [ 2.154006, 43.906801 ], [ 2.154419, 43.909191 ], [ 2.152835985274475, 43.912406265535822 ], [ 2.154169, 43.912535 ], [ 2.154405, 43.912646 ], [ 2.154896, 43.912966 ], [ 2.15681105536018, 43.915229177381917 ], [ 2.157849, 43.915482 ], [ 2.162258, 43.916198 ] ] ], [ [ [ 2.201506, 43.890133 ], [ 2.201767, 43.890381 ], [ 2.20549, 43.889 ], [ 2.207392, 43.887896 ], [ 2.205884, 43.879419 ], [ 2.205601, 43.879196 ], [ 2.198838, 43.881205 ], [ 2.196485, 43.881685 ], [ 2.196161, 43.881841 ], [ 2.19565, 43.882676 ], [ 2.195353, 43.883176 ], [ 2.194743, 43.884094 ], [ 2.194408, 43.884546 ], [ 2.194196, 43.884953 ], [ 2.193964746413188, 43.885347894896114 ], [ 2.194, 43.885333 ], [ 2.198335, 43.885374 ], [ 2.198501, 43.885693 ], [ 2.198538, 43.886687 ], [ 2.198392, 43.887016 ], [ 2.194760197547619, 43.888250217688665 ], [ 2.201506, 43.890133 ] ] ] ] } },
{ "type": "Feature", "properties": { "codgeo": "81218", "value": 360, "isochrone_group": 6.0, "nb_agences": 1 }, "geometry": { "type": "MultiPolygon", "coordinates": [ [ [ [ 2.168535, 43.916402 ], [ 2.168616, 43.915084 ], [ 2.168625, 43.914725 ], [ 2.164145, 43.90771 ], [ 2.17034, 43.903332 ], [ 2.175102, 43.908467 ], [ 2.176873, 43.909963 ], [ 2.180455, 43.910495 ], [ 2.180803, 43.910401 ], [ 2.185668, 43.906383 ], [ 2.185701, 43.906024 ], [ 2.187561778208338, 43.901499735537072 ], [ 2.187502, 43.901562 ], [ 2.182984, 43.90657 ], [ 2.18125, 43.907574 ], [ 2.181032, 43.907287 ], [ 2.17662, 43.900996 ], [ 2.172831, 43.9005 ], [ 2.171006, 43.900845 ], [ 2.163616, 43.903658 ], [ 2.162064, 43.906443 ], [ 2.161776, 43.906658 ], [ 2.160219867316865, 43.91346696869229 ], [ 2.162587, 43.914364 ], [ 2.163212, 43.914594 ], [ 2.163802, 43.914841 ], [ 2.164533, 43.915199 ], [ 2.16525, 43.915613 ], [ 2.167291, 43.916902 ], [ 2.16736, 43.916958 ], [ 2.168166639969246, 43.91808101860309 ], [ 2.168653, 43.917679 ], [ 2.168535, 43.916402 ] ] ], [ [ [ 2.193533, 43.899186 ], [ 2.193836, 43.898992 ], [ 2.193642, 43.898689 ], [ 2.19339, 43.898227 ], [ 2.192458, 43.897043 ], [ 2.192203, 43.896735 ], [ 2.193726322924178, 43.888960141684294 ], [ 2.191604, 43.894147 ], [ 2.19214, 43.896664 ], [ 2.191926, 43.896954 ], [ 2.187621432636949, 43.901437600002012 ], [ 2.193533, 43.899186 ] ] ], [ [ [ 2.20141, 43.890526 ], [ 2.201563, 43.894076 ], [ 2.201703, 43.894408 ], [ 2.202736, 43.894021 ], [ 2.206688, 43.889995 ], [ 2.2125, 43.887443 ], [ 2.212827, 43.887355 ], [ 2.213171, 43.887262 ], [ 2.213484, 43.88714 ], [ 2.213699, 43.886997 ], [ 2.214146, 43.886493 ], [ 2.214614, 43.885959 ], [ 2.215227, 43.88525 ], [ 2.214995, 43.884974 ], [ 2.210529, 43.885157 ], [ 2.210207, 43.876364 ], [ 2.211652, 43.875406 ], [ 2.212436, 43.87492 ], [ 2.21322, 43.874434 ], [ 2.21303, 43.874128 ], [ 2.212246, 43.874614 ], [ 2.211462, 43.8751 ], [ 2.210008, 43.876064 ], [ 2.201567, 43.878015 ], [ 2.196118, 43.877247 ], [ 2.195887, 43.877523 ], [ 2.193907, 43.881165 ], [ 2.193983, 43.881517 ], [ 2.193606, 43.885923 ], [ 2.193724, 43.885759 ], [ 2.194196, 43.884953 ], [ 2.194408, 43.884546 ], [ 2.194743, 43.884094 ], [ 2.195353, 43.883176 ], [ 2.19565, 43.882676 ], [ 2.196161, 43.881841 ], [ 2.196485, 43.881685 ], [ 2.198838, 43.881205 ], [ 2.205601, 43.879196 ], [ 2.205884, 43.879419 ], [ 2.207392, 43.887896 ], [ 2.20549, 43.889 ], [ 2.201767, 43.890381 ], [ 2.201506, 43.890133 ], [ 2.194093, 43.888064 ], [ 2.20141, 43.890526 ] ] ], [ [ [ 2.183744, 43.876507 ], [ 2.183977, 43.876232 ], [ 2.18452, 43.873645 ], [ 2.186404, 43.868396 ], [ 2.186606, 43.868098 ], [ 2.186324, 43.866924 ], [ 2.186003, 43.866762 ], [ 2.180873, 43.868237 ], [ 2.172706, 43.869545 ], [ 2.172482, 43.869712 ], [ 2.172257, 43.869879 ], [ 2.172014, 43.870153 ], [ 2.168331, 43.87257 ], [ 2.167774, 43.873622 ], [ 2.161652, 43.87655 ], [ 2.156818, 43.872449 ], [ 2.156755, 43.868405 ], [ 2.157191, 43.867331 ], [ 2.157592, 43.866372 ], [ 2.157647, 43.866215 ], [ 2.157596, 43.866012 ], [ 2.157463, 43.86601 ], [ 2.157319, 43.866066 ], [ 2.157296, 43.866116 ], [ 2.155318, 43.87029 ], [ 2.151481, 43.876416 ], [ 2.151293, 43.876722 ], [ 2.152238, 43.882931 ], [ 2.150981, 43.886361 ], [ 2.15327, 43.882185 ], [ 2.154862, 43.877385 ], [ 2.155802, 43.87387 ], [ 2.156148, 43.873771 ], [ 2.163079, 43.87792 ], [ 2.16863, 43.876462 ], [ 2.173, 43.873684 ], [ 2.177429, 43.872512 ], [ 2.179634, 43.873213 ], [ 2.179886, 43.873471 ], [ 2.180503, 43.876074 ], [ 2.183090922068216, 43.880035801583965 ], [ 2.183744, 43.876507 ] ] ], [ [ [ 2.142359, 43.890466 ], [ 2.141104, 43.888052 ], [ 2.140879, 43.887771 ], [ 2.139521, 43.887822 ], [ 2.138914, 43.888453 ], [ 2.139079, 43.888773 ], [ 2.141298, 43.893781 ], [ 2.14311, 43.896062 ], [ 2.143283, 43.896378 ], [ 2.142885344164033, 43.901516512847444 ], [ 2.143921, 43.900691 ], [ 2.144486527712506, 43.901400429817606 ], [ 2.146038, 43.896685 ], [ 2.144842, 43.892691 ], [ 2.14482, 43.892332 ], [ 2.145276185321157, 43.891889883046169 ], [ 2.142359, 43.890466 ] ] ], [ [ [ 2.151277, 43.91088 ], [ 2.153439793003534, 43.911179870006961 ], [ 2.154419, 43.909191 ], [ 2.154006, 43.906801 ], [ 2.146727, 43.903905 ], [ 2.146329074279277, 43.903742675222098 ], [ 2.151277, 43.91088 ] ] ] ] } },
{ "type": "Feature", "properties": { "codgeo": "81218", "value": 420, "isochrone_group": 7.0, "nb_agences": 1 }, "geometry": { "type": "MultiPolygon", "coordinates": [ [ [ [ 2.180711, 43.912591 ], [ 2.182564, 43.912602 ], [ 2.1831, 43.912606 ], [ 2.18387, 43.912271 ], [ 2.187825, 43.907606 ], [ 2.188636, 43.905992 ], [ 2.192485, 43.901277 ], [ 2.195942, 43.900271 ], [ 2.201943, 43.89993 ], [ 2.204468, 43.89753 ], [ 2.205867, 43.895136 ], [ 2.212412, 43.889086 ], [ 2.212922, 43.889008 ], [ 2.213744, 43.888777 ], [ 2.218288, 43.887815 ], [ 2.223547, 43.885549 ], [ 2.223638, 43.881951 ], [ 2.221116, 43.881699 ], [ 2.220685, 43.881615 ], [ 2.218388, 43.873072 ], [ 2.220936, 43.872106 ], [ 2.220966, 43.872094 ], [ 2.221841, 43.869496 ], [ 2.221775, 43.869385 ], [ 2.219691, 43.868727 ], [ 2.216773, 43.86931 ], [ 2.21454, 43.870681 ], [ 2.213613, 43.871141 ], [ 2.212901, 43.871696 ], [ 2.210609, 43.873723 ], [ 2.20255, 43.873002 ], [ 2.196129, 43.874265 ], [ 2.190393, 43.868068 ], [ 2.191171, 43.864553 ], [ 2.187814, 43.863051 ], [ 2.18562, 43.862766 ], [ 2.185215, 43.86277 ], [ 2.180098, 43.865168 ], [ 2.172068, 43.865422 ], [ 2.165062, 43.86004 ], [ 2.162765, 43.858305 ], [ 2.160134, 43.855847 ], [ 2.159461, 43.856568 ], [ 2.159104, 43.856999 ], [ 2.158691, 43.857809 ], [ 2.15386, 43.86359 ], [ 2.150398, 43.864 ], [ 2.149891, 43.864144 ], [ 2.149228, 43.866181 ], [ 2.149493, 43.868184 ], [ 2.14807, 43.875872 ], [ 2.149756, 43.879053 ], [ 2.151909, 43.881143 ], [ 2.15201291764089, 43.881452125536804 ], [ 2.151293, 43.876722 ], [ 2.151481, 43.876416 ], [ 2.155318, 43.87029 ], [ 2.157296, 43.866116 ], [ 2.157319, 43.866066 ], [ 2.157463, 43.86601 ], [ 2.157596, 43.866012 ], [ 2.157647, 43.866215 ], [ 2.157592, 43.866372 ], [ 2.157191, 43.867331 ], [ 2.156755, 43.868405 ], [ 2.156818, 43.872449 ], [ 2.161652, 43.87655 ], [ 2.167774, 43.873622 ], [ 2.168331, 43.87257 ], [ 2.172014, 43.870153 ], [ 2.172257, 43.869879 ], [ 2.172482, 43.869712 ], [ 2.172706, 43.869545 ], [ 2.180873, 43.868237 ], [ 2.186003, 43.866762 ], [ 2.186324, 43.866924 ], [ 2.186606, 43.868098 ], [ 2.186404, 43.868396 ], [ 2.18452, 43.873645 ], [ 2.183977, 43.876232 ], [ 2.183744, 43.876507 ], [ 2.182606, 43.882656 ], [ 2.182751, 43.883111 ], [ 2.182869, 43.883513 ], [ 2.187451, 43.8881 ], [ 2.193606, 43.885923 ], [ 2.193983, 43.881517 ], [ 2.193907, 43.881165 ], [ 2.195887, 43.877523 ], [ 2.196118, 43.877247 ], [ 2.201567, 43.878015 ], [ 2.210008, 43.876064 ], [ 2.211462, 43.8751 ], [ 2.212246, 43.874614 ], [ 2.21303, 43.874128 ], [ 2.21322, 43.874434 ], [ 2.212436, 43.87492 ], [ 2.211652, 43.875406 ], [ 2.210207, 43.876364 ], [ 2.210529, 43.885157 ], [ 2.214995, 43.884974 ], [ 2.215227, 43.88525 ], [ 2.214614, 43.885959 ], [ 2.214146, 43.886493 ], [ 2.213699, 43.886997 ], [ 2.213484, 43.88714 ], [ 2.213171, 43.887262 ], [ 2.212827, 43.887355 ], [ 2.2125, 43.887443 ], [ 2.206688, 43.889995 ], [ 2.202736, 43.894021 ], [ 2.201703, 43.894408 ], [ 2.201563, 43.894076 ], [ 2.20141, 43.890526 ], [ 2.194093, 43.888064 ], [ 2.193878, 43.888186 ], [ 2.192203, 43.896735 ], [ 2.192458, 43.897043 ], [ 2.19339, 43.898227 ], [ 2.193642, 43.898689 ], [ 2.193836, 43.898992 ], [ 2.193533, 43.899186 ], [ 2.187581, 43.901453 ], [ 2.185701, 43.906024 ], [ 2.185668, 43.906383 ], [ 2.180803, 43.910401 ], [ 2.180455, 43.910495 ], [ 2.176873, 43.909963 ], [ 2.175102, 43.908467 ], [ 2.17034, 43.903332 ], [ 2.164145, 43.90771 ], [ 2.167402497808662, 43.912810747126727 ], [ 2.16889, 43.912401 ], [ 2.170486, 43.911559 ], [ 2.171347, 43.910976 ], [ 2.173365, 43.913957 ], [ 2.174015328442645, 43.918236294325695 ], [ 2.179202, 43.912924 ], [ 2.180711, 43.912591 ] ] ], [ [ [ 2.14728, 43.890809 ], [ 2.144364, 43.887646 ], [ 2.143628, 43.885832 ], [ 2.143179, 43.885371 ], [ 2.142807, 43.885108 ], [ 2.14235, 43.884812 ], [ 2.137681, 43.88307 ], [ 2.135584, 43.881951 ], [ 2.134743, 43.882427 ], [ 2.129871, 43.889115 ], [ 2.130013, 43.892712 ], [ 2.131351, 43.892659 ], [ 2.132864, 43.892621 ], [ 2.13331, 43.892662 ], [ 2.134026, 43.892569 ], [ 2.134556, 43.892357 ], [ 2.141474035415042, 43.894002598665388 ], [ 2.141298, 43.893781 ], [ 2.139079, 43.888773 ], [ 2.138914, 43.888453 ], [ 2.139521, 43.887822 ], [ 2.140879, 43.887771 ], [ 2.141104, 43.888052 ], [ 2.142359, 43.890466 ], [ 2.146057, 43.892271 ], [ 2.149663573618561, 43.888228170808432 ], [ 2.14728, 43.890809 ] ] ], [ [ [ 2.14178942442118, 43.900776114387149 ], [ 2.142973413083954, 43.900378485348419 ], [ 2.143283, 43.896378 ], [ 2.14311, 43.896062 ], [ 2.141770878833776, 43.894376274072755 ], [ 2.14178942442118, 43.900776114387149 ] ] ], [ [ [ 2.175547, 43.928348 ], [ 2.175121129035126, 43.926137588164188 ], [ 2.17544, 43.928463 ], [ 2.175524, 43.928872 ], [ 2.175563992758871, 43.929157281679942 ], [ 2.175564, 43.929156 ], [ 2.175547, 43.928348 ] ] ] ] } },
{ "type": "Feature", "properties": { "codgeo": "81218", "value": 480, "isochrone_group": 8.0, "nb_agences": 1 }, "geometry": { "type": "MultiPolygon", "coordinates": [ [ [ [ 2.135425, 43.904543 ], [ 2.135035035290352, 43.904928119567707 ], [ 2.136753, 43.905192 ], [ 2.136798, 43.905176 ], [ 2.137158871842811, 43.904936099118643 ], [ 2.138237, 43.903451 ], [ 2.139018, 43.902871 ], [ 2.141356954457195, 43.902145291968409 ], [ 2.141395, 43.90212 ], [ 2.141791621882123, 43.901534429495911 ], [ 2.14177, 43.894073 ], [ 2.134556, 43.892357 ], [ 2.134422640299764, 43.892410343880087 ], [ 2.134378, 43.892442 ], [ 2.13420485514016, 43.892497457943954 ], [ 2.134026, 43.892569 ], [ 2.133951134474329, 43.892578724153466 ], [ 2.133841, 43.892614 ], [ 2.133383314466782, 43.892882678119427 ], [ 2.136104, 43.901072 ], [ 2.135425, 43.904543 ] ] ], [ [ [ 2.182832, 43.918259 ], [ 2.182954055930355, 43.918547865701839 ], [ 2.185352, 43.91279 ], [ 2.187583489368922, 43.907890866521882 ], [ 2.18387, 43.912271 ], [ 2.1831, 43.912606 ], [ 2.182564, 43.912602 ], [ 2.18156061718721, 43.912596043599066 ], [ 2.182832, 43.918259 ] ] ], [ [ [ 2.196053, 43.904059 ], [ 2.203484, 43.902381 ], [ 2.204942, 43.902352 ], [ 2.205591, 43.902095 ], [ 2.206296, 43.900892 ], [ 2.209902, 43.893484 ], [ 2.214189087202171, 43.888682771591448 ], [ 2.213744, 43.888777 ], [ 2.212922, 43.889008 ], [ 2.212412, 43.889086 ], [ 2.205867, 43.895136 ], [ 2.204468, 43.89753 ], [ 2.201943, 43.89993 ], [ 2.195942, 43.900271 ], [ 2.192485, 43.901277 ], [ 2.188636, 43.905992 ], [ 2.187920649444435, 43.907415644632152 ], [ 2.196053, 43.904059 ] ] ], [ [ [ 2.219905, 43.888529 ], [ 2.220317, 43.88869 ], [ 2.223263, 43.890101 ], [ 2.224209, 43.888955 ], [ 2.229641, 43.883076 ], [ 2.229343, 43.880571 ], [ 2.229188, 43.880414 ], [ 2.227872, 43.87994 ], [ 2.226566, 43.871486 ], [ 2.229569, 43.867655 ], [ 2.23013, 43.86707 ], [ 2.227532, 43.864578 ], [ 2.219729, 43.864488 ], [ 2.218423, 43.866231 ], [ 2.218112, 43.866874 ], [ 2.21454, 43.870681 ], [ 2.216773, 43.86931 ], [ 2.219691, 43.868727 ], [ 2.221775, 43.869385 ], [ 2.221841, 43.869496 ], [ 2.220966, 43.872094 ], [ 2.220936, 43.872106 ], [ 2.218388, 43.873072 ], [ 2.220685, 43.881615 ], [ 2.221116, 43.881699 ], [ 2.223638, 43.881951 ], [ 2.223547, 43.885549 ], [ 2.218288, 43.887815 ], [ 2.214969862004527, 43.888517475517546 ], [ 2.219905, 43.888529 ] ] ], [ [ [ 2.207031, 43.86893 ], [ 2.20119, 43.866689 ], [ 2.193717, 43.862045 ], [ 2.191535, 43.857568 ], [ 2.191052, 43.85655 ], [ 2.191033, 43.856511 ], [ 2.189445, 43.85736 ], [ 2.187817, 43.85813 ], [ 2.180407, 43.86175 ], [ 2.176824, 43.860324 ], [ 2.175077, 43.859125 ], [ 2.168979, 43.852735 ], [ 2.169121, 43.851886 ], [ 2.161264, 43.850247 ], [ 2.15738, 43.849965 ], [ 2.155912, 43.853253 ], [ 2.157545, 43.856996 ], [ 2.151121, 43.86263 ], [ 2.149705, 43.861635 ], [ 2.1434, 43.861597 ], [ 2.14239, 43.86126 ], [ 2.141576, 43.861101 ], [ 2.140888, 43.864635 ], [ 2.143253, 43.866746 ], [ 2.144972, 43.87285 ], [ 2.140597, 43.87604 ], [ 2.140225, 43.876308 ], [ 2.139735, 43.876777 ], [ 2.135207, 43.879025 ], [ 2.133053, 43.880098 ], [ 2.130847, 43.881408 ], [ 2.130554, 43.881675 ], [ 2.130165, 43.882068 ], [ 2.130051, 43.88219 ], [ 2.128375, 43.884005 ], [ 2.12809247442806, 43.884448368595365 ], [ 2.129881, 43.883937 ], [ 2.132158744901782, 43.885974516029748 ], [ 2.134743, 43.882427 ], [ 2.135584, 43.881951 ], [ 2.137681, 43.88307 ], [ 2.14235, 43.884812 ], [ 2.142807, 43.885108 ], [ 2.143179, 43.885371 ], [ 2.143628, 43.885832 ], [ 2.144364, 43.887646 ], [ 2.14728, 43.890809 ], [ 2.153056, 43.884555 ], [ 2.151909, 43.881143 ], [ 2.149756, 43.879053 ], [ 2.14807, 43.875872 ], [ 2.149493, 43.868184 ], [ 2.149228, 43.866181 ], [ 2.149891, 43.864144 ], [ 2.150398, 43.864 ], [ 2.15386, 43.86359 ], [ 2.158691, 43.857809 ], [ 2.159104, 43.856999 ], [ 2.159461, 43.856568 ], [ 2.160134, 43.855847 ], [ 2.162765, 43.858305 ], [ 2.165062, 43.86004 ], [ 2.172068, 43.865422 ], [ 2.180098, 43.865168 ], [ 2.185215, 43.86277 ], [ 2.18562, 43.862766 ], [ 2.187814, 43.863051 ], [ 2.191171, 43.864553 ], [ 2.190393, 43.868068 ], [ 2.196129, 43.874265 ], [ 2.20255, 43.873002 ], [ 2.210609, 43.873723 ], [ 2.212901, 43.871696 ], [ 2.213613, 43.871141 ], [ 2.21454, 43.870681 ], [ 2.207031, 43.86893 ] ] ], [ [ [ 2.170541, 43.942788 ], [ 2.170093384273689, 43.943150634671895 ], [ 2.170097, 43.943155 ], [ 2.170541, 43.942788 ] ] ] ] } },
{ "type": "Feature", "properties": { "codgeo": "81218", "value": 540, "isochrone_group": 9.0, "nb_agences": 1 }, "geometry": { "type": "MultiPolygon", "coordinates": [ [ [ [ 2.125438, 43.887145 ], [ 2.126042899040235, 43.886486995968582 ], [ 2.124333017274683, 43.88741334463797 ], [ 2.125438, 43.887145 ] ] ], [ [ [ 2.19652, 43.904252 ], [ 2.198302, 43.905997 ], [ 2.201722, 43.906492 ], [ 2.203983, 43.906556 ], [ 2.205175, 43.905928 ], [ 2.205238, 43.905868 ], [ 2.207221, 43.903951 ], [ 2.209294, 43.901988 ], [ 2.211621, 43.895814 ], [ 2.22031, 43.893563 ], [ 2.225132, 43.891226 ], [ 2.226167, 43.890434 ], [ 2.226441, 43.88901 ], [ 2.23081, 43.882024 ], [ 2.233656, 43.880884 ], [ 2.233704, 43.88086 ], [ 2.234323, 43.87823 ], [ 2.234269, 43.878162 ], [ 2.235374, 43.870358 ], [ 2.240343, 43.869626 ], [ 2.241314, 43.866159 ], [ 2.235784, 43.860061 ], [ 2.232346, 43.858992 ], [ 2.228333, 43.860489 ], [ 2.219433, 43.861403 ], [ 2.215591, 43.860911 ], [ 2.208176, 43.864084 ], [ 2.204825, 43.86277 ], [ 2.197842, 43.859937 ], [ 2.197199, 43.855791 ], [ 2.194915, 43.853008 ], [ 2.186713, 43.851329 ], [ 2.184684, 43.851176 ], [ 2.184557, 43.851222 ], [ 2.183297, 43.852468 ], [ 2.177493, 43.85712 ], [ 2.173313, 43.85386 ], [ 2.174581, 43.847891 ], [ 2.172575, 43.844902 ], [ 2.165303, 43.84274 ], [ 2.164014, 43.841628 ], [ 2.16389, 43.841599 ], [ 2.161777, 43.843464 ], [ 2.154942, 43.844607 ], [ 2.154282, 43.844456 ], [ 2.152252, 43.844333 ], [ 2.1521, 43.844323 ], [ 2.150787, 43.847339 ], [ 2.152753, 43.85055 ], [ 2.154445, 43.858083 ], [ 2.148274, 43.860793 ], [ 2.14239, 43.86126 ], [ 2.1434, 43.861597 ], [ 2.149705, 43.861635 ], [ 2.151121, 43.86263 ], [ 2.157545, 43.856996 ], [ 2.155912, 43.853253 ], [ 2.15738, 43.849965 ], [ 2.161264, 43.850247 ], [ 2.169121, 43.851886 ], [ 2.168979, 43.852735 ], [ 2.175077, 43.859125 ], [ 2.176824, 43.860324 ], [ 2.180407, 43.86175 ], [ 2.187817, 43.85813 ], [ 2.189445, 43.85736 ], [ 2.191033, 43.856511 ], [ 2.191052, 43.85655 ], [ 2.191535, 43.857568 ], [ 2.193717, 43.862045 ], [ 2.20119, 43.866689 ], [ 2.207031, 43.86893 ], [ 2.21454, 43.870681 ], [ 2.218112, 43.866874 ], [ 2.218423, 43.866231 ], [ 2.219729, 43.864488 ], [ 2.227532, 43.864578 ], [ 2.23013, 43.86707 ], [ 2.229569, 43.867655 ], [ 2.226566, 43.871486 ], [ 2.227872, 43.87994 ], [ 2.229188, 43.880414 ], [ 2.229343, 43.880571 ], [ 2.229641, 43.883076 ], [ 2.224209, 43.888955 ], [ 2.223263, 43.890101 ], [ 2.220317, 43.88869 ], [ 2.219905, 43.888529 ], [ 2.214338, 43.888516 ], [ 2.209902, 43.893484 ], [ 2.206296, 43.900892 ], [ 2.205591, 43.902095 ], [ 2.204942, 43.902352 ], [ 2.203484, 43.902381 ], [ 2.196091736707618, 43.90405025283335 ], [ 2.19652, 43.904252 ] ] ], [ [ [ 2.141227, 43.861064 ], [ 2.133535, 43.858281 ], [ 2.131128, 43.860958 ], [ 2.13263, 43.86231 ], [ 2.133044, 43.862709 ], [ 2.135215, 43.864428 ], [ 2.136004, 43.864902 ], [ 2.136643, 43.865114 ], [ 2.137024, 43.865201 ], [ 2.13772, 43.865292 ], [ 2.141509, 43.867718 ], [ 2.141414, 43.873751 ], [ 2.13327, 43.875263 ], [ 2.132758, 43.875337 ], [ 2.131814, 43.87627 ], [ 2.129237, 43.878775 ], [ 2.128492, 43.879559 ], [ 2.128164039894058, 43.883921093527583 ], [ 2.128313, 43.883648 ], [ 2.128609, 43.883341 ], [ 2.129531, 43.88253 ], [ 2.130718, 43.881495 ], [ 2.130749241592857, 43.88149708359969 ], [ 2.130847, 43.881408 ], [ 2.133053, 43.880098 ], [ 2.135207, 43.879025 ], [ 2.139735, 43.876777 ], [ 2.140225, 43.876308 ], [ 2.140597, 43.87604 ], [ 2.144972, 43.87285 ], [ 2.143253, 43.866746 ], [ 2.140888, 43.864635 ], [ 2.14157188761452, 43.861122123794004 ], [ 2.141227, 43.861064 ] ] ], [ [ [ 2.188767878650533, 43.909373394375748 ], [ 2.187772, 43.907477 ], [ 2.187581655115757, 43.907894893541318 ], [ 2.188767878650533, 43.909373394375748 ] ] ], [ [ [ 2.191831532889311, 43.912808817576334 ], [ 2.191938, 43.912954 ], [ 2.191832, 43.912809 ], [ 2.191831532889311, 43.912808817576334 ] ] ], [ [ [ 2.185756, 43.925734 ], [ 2.185760359039958, 43.925754143739397 ], [ 2.18579853113655, 43.925648189787402 ], [ 2.185756, 43.925734 ] ] ], [ [ [ 2.159819, 43.95039 ], [ 2.159613894794965, 43.950595895083886 ], [ 2.159614, 43.950596 ], [ 2.159819, 43.95039 ] ] ] ] } },
{ "type": "Feature", "properties": { "codgeo": "81218", "value": 600, "isochrone_group": 10.0, "nb_agences": 1 }, "geometry": { "type": "MultiPolygon", "coordinates": [ [ [ [ 2.207339, 43.908697 ], [ 2.208222, 43.908597 ], [ 2.210188, 43.906719 ], [ 2.210063, 43.906229 ], [ 2.211319, 43.900052 ], [ 2.21575, 43.897079 ], [ 2.219347, 43.896947 ], [ 2.226023, 43.893619 ], [ 2.230919, 43.890011 ], [ 2.231162, 43.889685 ], [ 2.231636, 43.888985 ], [ 2.235909, 43.88268 ], [ 2.240709, 43.878992 ], [ 2.245422, 43.876292 ], [ 2.251972, 43.87531 ], [ 2.253324, 43.874572 ], [ 2.253379, 43.874507 ], [ 2.253105, 43.871894 ], [ 2.250847, 43.870318 ], [ 2.245447, 43.865867 ], [ 2.242268, 43.864178 ], [ 2.241166, 43.856414 ], [ 2.239811, 43.855173 ], [ 2.237018, 43.852902 ], [ 2.234849, 43.85267 ], [ 2.22846, 43.857092 ], [ 2.226702, 43.858003 ], [ 2.220604, 43.859361 ], [ 2.217068, 43.858687 ], [ 2.212618, 43.858841 ], [ 2.20693, 43.85884 ], [ 2.201427, 43.851955 ], [ 2.202202, 43.850093 ], [ 2.202174, 43.849771 ], [ 2.201269, 43.848358 ], [ 2.197099, 43.8469 ], [ 2.197079, 43.846906 ], [ 2.196666, 43.847095 ], [ 2.196575, 43.847161 ], [ 2.195958, 43.847918 ], [ 2.195606, 43.848999 ], [ 2.195087, 43.850555 ], [ 2.186433, 43.849335 ], [ 2.186366, 43.846818 ], [ 2.186312, 43.845128 ], [ 2.187198, 43.842804 ], [ 2.184091, 43.840986 ], [ 2.177728, 43.839876 ], [ 2.174242, 43.838979 ], [ 2.167231, 43.83785 ], [ 2.165118, 43.83401 ], [ 2.165049, 43.833754 ], [ 2.163491, 43.833372 ], [ 2.16299, 43.833355 ], [ 2.161574, 43.834694 ], [ 2.15968, 43.837603 ], [ 2.159538, 43.83782 ], [ 2.153474, 43.843584 ], [ 2.147203, 43.840249 ], [ 2.146697, 43.840471 ], [ 2.146188, 43.840712 ], [ 2.144215, 43.842258 ], [ 2.14513, 43.844563 ], [ 2.145805, 43.845322 ], [ 2.147397, 43.846711 ], [ 2.149018, 43.849434 ], [ 2.151131, 43.852143 ], [ 2.148312, 43.859807 ], [ 2.144966, 43.858889 ], [ 2.14065851053563, 43.860858317969402 ], [ 2.141227, 43.861064 ], [ 2.14239, 43.86126 ], [ 2.148274, 43.860793 ], [ 2.154445, 43.858083 ], [ 2.152753, 43.85055 ], [ 2.150787, 43.847339 ], [ 2.1521, 43.844323 ], [ 2.152252, 43.844333 ], [ 2.154282, 43.844456 ], [ 2.154942, 43.844607 ], [ 2.161777, 43.843464 ], [ 2.16389, 43.841599 ], [ 2.164014, 43.841628 ], [ 2.165303, 43.84274 ], [ 2.172575, 43.844902 ], [ 2.174581, 43.847891 ], [ 2.173313, 43.85386 ], [ 2.177493, 43.85712 ], [ 2.183297, 43.852468 ], [ 2.184557, 43.851222 ], [ 2.184684, 43.851176 ], [ 2.186713, 43.851329 ], [ 2.194915, 43.853008 ], [ 2.197199, 43.855791 ], [ 2.197842, 43.859937 ], [ 2.204825, 43.86277 ], [ 2.208176, 43.864084 ], [ 2.215591, 43.860911 ], [ 2.219433, 43.861403 ], [ 2.228333, 43.860489 ], [ 2.232346, 43.858992 ], [ 2.235784, 43.860061 ], [ 2.241314, 43.866159 ], [ 2.240343, 43.869626 ], [ 2.235374, 43.870358 ], [ 2.234269, 43.878162 ], [ 2.234323, 43.87823 ], [ 2.233704, 43.88086 ], [ 2.233656, 43.880884 ], [ 2.23081, 43.882024 ], [ 2.226441, 43.88901 ], [ 2.226167, 43.890434 ], [ 2.225132, 43.891226 ], [ 2.22031, 43.893563 ], [ 2.211621, 43.895814 ], [ 2.209294, 43.901988 ], [ 2.207221, 43.903951 ], [ 2.205238, 43.905868 ], [ 2.205175, 43.905928 ], [ 2.203983, 43.906556 ], [ 2.201722, 43.906492 ], [ 2.20074440487441, 43.906350505968696 ], [ 2.202315, 43.908585 ], [ 2.199478, 43.912645 ], [ 2.19381784511708, 43.91729958345303 ], [ 2.199629, 43.912754 ], [ 2.207339, 43.908697 ] ] ], [ [ [ 2.132577, 43.857471 ], [ 2.132136, 43.857236 ], [ 2.131549, 43.857054 ], [ 2.127813, 43.85598 ], [ 2.123481, 43.857125 ], [ 2.123825, 43.860708 ], [ 2.129259, 43.865378 ], [ 2.129568, 43.865604 ], [ 2.129822, 43.865561 ], [ 2.129877, 43.865553 ], [ 2.132431, 43.865784 ], [ 2.134965, 43.874104 ], [ 2.134066, 43.874706 ], [ 2.133433, 43.875174 ], [ 2.133289688139956, 43.875259344736293 ], [ 2.141414, 43.873751 ], [ 2.141509, 43.867718 ], [ 2.13772, 43.865292 ], [ 2.137024, 43.865201 ], [ 2.136643, 43.865114 ], [ 2.136004, 43.864902 ], [ 2.135215, 43.864428 ], [ 2.133044, 43.862709 ], [ 2.13263, 43.86231 ], [ 2.131128, 43.860958 ], [ 2.133519122251545, 43.858298658800429 ], [ 2.132577, 43.857471 ] ] ], [ [ [ 2.130488290158692, 43.877483758883947 ], [ 2.130556368696936, 43.877492493757913 ], [ 2.131814, 43.87627 ], [ 2.130488290158692, 43.877483758883947 ] ] ], [ [ [ 2.196129, 43.907177 ], [ 2.196336, 43.907033 ], [ 2.197014, 43.906602 ], [ 2.197671, 43.906232 ], [ 2.198541839685707, 43.906031713638718 ], [ 2.198302, 43.905997 ], [ 2.19652, 43.904252 ], [ 2.194376, 43.903242 ], [ 2.189259011152528, 43.906523412442304 ], [ 2.196129, 43.907177 ] ] ], [ [ [ 2.192007848778675, 43.925533025860972 ], [ 2.192783, 43.927309 ], [ 2.193156512295897, 43.927894047137698 ], [ 2.193007, 43.927191 ], [ 2.192007848778675, 43.925533025860972 ] ] ], [ [ [ 2.17673393369615, 43.938421741091275 ], [ 2.175800017321573, 43.939040015522082 ], [ 2.1808657223792, 43.940353902732838 ], [ 2.17673393369615, 43.938421741091275 ] ] ] ] } },
{ "type": "Feature", "properties": { "codgeo": "81218", "value": 660, "isochrone_group": 11.0, "nb_agences": 1 }, "geometry": { "type": "MultiPolygon", "coordinates": [ [ [ [ 2.121446, 43.861 ], [ 2.127065, 43.867899 ], [ 2.129983, 43.870008 ], [ 2.129676374769383, 43.872878207876802 ], [ 2.132113, 43.874305 ], [ 2.133989, 43.874761 ], [ 2.133991263769052, 43.8747612552229 ], [ 2.134066, 43.874706 ], [ 2.134965, 43.874104 ], [ 2.132431, 43.865784 ], [ 2.129877, 43.865553 ], [ 2.129822, 43.865561 ], [ 2.129568, 43.865604 ], [ 2.129259, 43.865378 ], [ 2.123825, 43.860708 ], [ 2.123481, 43.857125 ], [ 2.127813, 43.85598 ], [ 2.131549, 43.857054 ], [ 2.12603, 43.852817 ], [ 2.123999, 43.851999 ], [ 2.12383, 43.851964 ], [ 2.121315, 43.854034 ], [ 2.114247, 43.858991 ], [ 2.113659, 43.859469 ], [ 2.115408, 43.862616 ], [ 2.11568847662938, 43.862459969082316 ], [ 2.11577, 43.862081 ], [ 2.115774, 43.861756 ], [ 2.116181, 43.860921 ], [ 2.116407, 43.860729 ], [ 2.118457113408106, 43.861469721797597 ], [ 2.120049, 43.861094 ], [ 2.121446, 43.861 ] ] ], [ [ [ 2.206181704581321, 43.914897557515069 ], [ 2.206195, 43.914862 ], [ 2.211893, 43.910301 ], [ 2.214448, 43.910826 ], [ 2.214635, 43.910416 ], [ 2.214831, 43.909875 ], [ 2.218907, 43.902285 ], [ 2.219512, 43.901233 ], [ 2.219907, 43.898449 ], [ 2.219882, 43.897802 ], [ 2.227293, 43.893274 ], [ 2.228437, 43.893822 ], [ 2.229133, 43.893824 ], [ 2.229633, 43.893685 ], [ 2.230809, 43.893173 ], [ 2.231108, 43.892883 ], [ 2.239268, 43.889988 ], [ 2.240646, 43.89029 ], [ 2.242773, 43.889169 ], [ 2.242727, 43.888776 ], [ 2.242453, 43.887797 ], [ 2.243966, 43.881925 ], [ 2.247408, 43.879737 ], [ 2.252967, 43.877312 ], [ 2.259843, 43.879672 ], [ 2.262702, 43.880402 ], [ 2.265446, 43.879136 ], [ 2.265586, 43.878248 ], [ 2.26525, 43.875542 ], [ 2.263111, 43.874765 ], [ 2.25662, 43.871021 ], [ 2.252434, 43.865951 ], [ 2.252155, 43.862825 ], [ 2.252147, 43.862358 ], [ 2.252093, 43.861862 ], [ 2.250741, 43.85913 ], [ 2.244471, 43.854544 ], [ 2.241867, 43.852058 ], [ 2.234364, 43.848208 ], [ 2.228634, 43.850973 ], [ 2.228548, 43.851025 ], [ 2.222341, 43.855117 ], [ 2.219231, 43.853304 ], [ 2.21862, 43.854351 ], [ 2.218158, 43.855079 ], [ 2.21759, 43.856066 ], [ 2.211867, 43.858265 ], [ 2.209728, 43.851136 ], [ 2.210463, 43.848473 ], [ 2.208246, 43.845637 ], [ 2.20581, 43.844577 ], [ 2.204127, 43.844417 ], [ 2.200333, 43.844393 ], [ 2.199916, 43.844511 ], [ 2.196453, 43.845374 ], [ 2.193901, 43.846873 ], [ 2.188671, 43.840459 ], [ 2.189061, 43.839492 ], [ 2.190455, 43.837442 ], [ 2.190943, 43.836755 ], [ 2.191423, 43.835643 ], [ 2.191476, 43.83549 ], [ 2.191978, 43.834245 ], [ 2.188632, 43.832916 ], [ 2.18822, 43.833805 ], [ 2.186725, 43.836228 ], [ 2.186434, 43.836614 ], [ 2.178362, 43.838081 ], [ 2.177215, 43.835602 ], [ 2.176977, 43.834758 ], [ 2.175298, 43.833146 ], [ 2.174516, 43.832088 ], [ 2.168351, 43.826889 ], [ 2.165728, 43.824423 ], [ 2.164022, 43.826237 ], [ 2.163116, 43.82723 ], [ 2.162712, 43.827792 ], [ 2.16221, 43.828722 ], [ 2.16171, 43.829911 ], [ 2.161661652723101, 43.834611113703232 ], [ 2.16299, 43.833355 ], [ 2.163491, 43.833372 ], [ 2.165049, 43.833754 ], [ 2.165118, 43.83401 ], [ 2.167231, 43.83785 ], [ 2.174242, 43.838979 ], [ 2.177728, 43.839876 ], [ 2.184091, 43.840986 ], [ 2.187198, 43.842804 ], [ 2.186312, 43.845128 ], [ 2.186366, 43.846818 ], [ 2.186433, 43.849335 ], [ 2.195087, 43.850555 ], [ 2.195606, 43.848999 ], [ 2.195958, 43.847918 ], [ 2.196575, 43.847161 ], [ 2.196666, 43.847095 ], [ 2.197079, 43.846906 ], [ 2.197099, 43.8469 ], [ 2.201269, 43.848358 ], [ 2.202174, 43.849771 ], [ 2.202202, 43.850093 ], [ 2.201427, 43.851955 ], [ 2.20693, 43.85884 ], [ 2.212618, 43.858841 ], [ 2.217068, 43.858687 ], [ 2.220604, 43.859361 ], [ 2.226702, 43.858003 ], [ 2.22846, 43.857092 ], [ 2.234849, 43.85267 ], [ 2.237018, 43.852902 ], [ 2.239811, 43.855173 ], [ 2.241166, 43.856414 ], [ 2.242268, 43.864178 ], [ 2.245447, 43.865867 ], [ 2.250847, 43.870318 ], [ 2.253105, 43.871894 ], [ 2.253379, 43.874507 ], [ 2.253324, 43.874572 ], [ 2.251972, 43.87531 ], [ 2.245422, 43.876292 ], [ 2.240709, 43.878992 ], [ 2.235909, 43.88268 ], [ 2.231636, 43.888985 ], [ 2.231162, 43.889685 ], [ 2.230919, 43.890011 ], [ 2.226023, 43.893619 ], [ 2.219347, 43.896947 ], [ 2.21575, 43.897079 ], [ 2.211319, 43.900052 ], [ 2.210063, 43.906229 ], [ 2.210188, 43.906719 ], [ 2.208222, 43.908597 ], [ 2.20799169662862, 43.908623081922016 ], [ 2.206181704581321, 43.914897557515069 ] ] ], [ [ [ 2.157166, 43.837924 ], [ 2.156961, 43.83797 ], [ 2.147988, 43.838363 ], [ 2.145582, 43.835686 ], [ 2.141853, 43.835154 ], [ 2.138901, 43.834859 ], [ 2.138321, 43.83525 ], [ 2.138268, 43.835485 ], [ 2.138301, 43.835849 ], [ 2.140503, 43.8384 ], [ 2.142193, 43.842534 ], [ 2.142295, 43.843285 ], [ 2.142413, 43.843802 ], [ 2.14271, 43.844572 ], [ 2.145965, 43.850445 ], [ 2.148247, 43.854159 ], [ 2.148521, 43.855697 ], [ 2.144994476268599, 43.858896812676207 ], [ 2.148312, 43.859807 ], [ 2.151131, 43.852143 ], [ 2.149018, 43.849434 ], [ 2.147397, 43.846711 ], [ 2.145805, 43.845322 ], [ 2.14513, 43.844563 ], [ 2.144215, 43.842258 ], [ 2.146188, 43.840712 ], [ 2.146697, 43.840471 ], [ 2.147203, 43.840249 ], [ 2.153474, 43.843584 ], [ 2.159538, 43.83782 ], [ 2.15968, 43.837603 ], [ 2.161302028792554, 43.835111721352952 ], [ 2.157166, 43.837924 ] ] ], [ [ [ 2.204596, 43.917332 ], [ 2.206152, 43.914977 ], [ 2.204569, 43.917285 ], [ 2.203552, 43.918975 ], [ 2.203551966774005, 43.919006755745983 ], [ 2.203565, 43.91897 ], [ 2.204596, 43.917332 ] ] ], [ [ [ 2.194096, 43.939571 ], [ 2.194557952439773, 43.939925691714976 ], [ 2.194436888282041, 43.938686981759666 ], [ 2.194096, 43.939571 ] ] ], [ [ [ 2.177442667321082, 43.939466068125135 ], [ 2.175481262385337, 43.938957340350655 ], [ 2.171128, 43.942133 ], [ 2.170541, 43.942788 ], [ 2.174017, 43.940405 ], [ 2.177442667321082, 43.939466068125135 ] ] ], [ [ [ 2.161976919587304, 43.958128868560159 ], [ 2.161715, 43.959178 ], [ 2.161277, 43.960072 ], [ 2.162119, 43.958944 ], [ 2.161976919587304, 43.958128868560159 ] ] ], [ [ [ 2.159989, 43.960332 ], [ 2.160979636726721, 43.960186092265054 ], [ 2.159166693355104, 43.959897157024805 ], [ 2.159889, 43.960314 ], [ 2.159989, 43.960332 ] ] ] ] } },
{ "type": "Feature", "properties": { "codgeo": "81218", "value": 720, "isochrone_group": 12.0, "nb_agences": 1 }, "geometry": { "type": "MultiPolygon", "coordinates": [ [ [ [ 2.21379, 43.914326 ], [ 2.217296, 43.910659 ], [ 2.220265, 43.902548 ], [ 2.221151, 43.901757 ], [ 2.221492, 43.9012 ], [ 2.221076, 43.898765 ], [ 2.22279315385195, 43.896023332527101 ], [ 2.219882, 43.897802 ], [ 2.219907, 43.898449 ], [ 2.219512, 43.901233 ], [ 2.218907, 43.902285 ], [ 2.214831, 43.909875 ], [ 2.214635, 43.910416 ], [ 2.214448, 43.910826 ], [ 2.212481779792311, 43.910421982149089 ], [ 2.212011, 43.913911 ], [ 2.212241, 43.922701 ], [ 2.212263, 43.92258 ], [ 2.21379, 43.914326 ] ] ], [ [ [ 2.230082, 43.893725 ], [ 2.231924, 43.894266 ], [ 2.235409, 43.895554 ], [ 2.241234, 43.89662 ], [ 2.241831, 43.896242 ], [ 2.242293, 43.895837 ], [ 2.24279, 43.894806 ], [ 2.246002, 43.886626 ], [ 2.248276, 43.885451 ], [ 2.246808, 43.882164 ], [ 2.252967, 43.877312 ], [ 2.247408, 43.879737 ], [ 2.243966, 43.881925 ], [ 2.242453, 43.887797 ], [ 2.242727, 43.888776 ], [ 2.242773, 43.889169 ], [ 2.240646, 43.89029 ], [ 2.239268, 43.889988 ], [ 2.231108, 43.892883 ], [ 2.230809, 43.893173 ], [ 2.229823346960758, 43.893602127853796 ], [ 2.230082, 43.893725 ] ] ], [ [ [ 2.261878, 43.884592 ], [ 2.261891, 43.884683 ], [ 2.2642, 43.886053 ], [ 2.264613, 43.886253 ], [ 2.267453, 43.887987 ], [ 2.2709, 43.888721 ], [ 2.271021, 43.888257 ], [ 2.270897, 43.886939 ], [ 2.26997, 43.885367 ], [ 2.274503, 43.877635 ], [ 2.277324, 43.876666 ], [ 2.278764, 43.876321 ], [ 2.281347, 43.875949 ], [ 2.280834, 43.872386 ], [ 2.27825, 43.872758 ], [ 2.276502, 43.873161 ], [ 2.274503, 43.873678 ], [ 2.267382, 43.871398 ], [ 2.266204, 43.871996 ], [ 2.265142, 43.872687 ], [ 2.260285057191718, 43.87313500001936 ], [ 2.263111, 43.874765 ], [ 2.26525, 43.875542 ], [ 2.265586, 43.878248 ], [ 2.265446, 43.879136 ], [ 2.262702, 43.880402 ], [ 2.259843, 43.879672 ], [ 2.259663061853222, 43.879610241124723 ], [ 2.261878, 43.884592 ] ] ], [ [ [ 2.260502, 43.863394 ], [ 2.260856, 43.863505 ], [ 2.261152, 43.863567 ], [ 2.261577, 43.863637 ], [ 2.262645, 43.862694 ], [ 2.262879, 43.859102 ], [ 2.254638, 43.856455 ], [ 2.248403, 43.851753 ], [ 2.246454, 43.848726 ], [ 2.242256, 43.844765 ], [ 2.239817, 43.842117 ], [ 2.238885, 43.842977 ], [ 2.230894, 43.843498 ], [ 2.226148, 43.842619 ], [ 2.224294, 43.845705 ], [ 2.215883, 43.842884 ], [ 2.215768, 43.840768 ], [ 2.215193, 43.840488 ], [ 2.213761, 43.839976 ], [ 2.213104, 43.840455 ], [ 2.21159, 43.841484 ], [ 2.203999, 43.841983 ], [ 2.200786, 43.840675 ], [ 2.199067, 43.840532 ], [ 2.195455, 43.833366 ], [ 2.195585, 43.832875 ], [ 2.19558, 43.831985 ], [ 2.192663, 43.828231 ], [ 2.192243, 43.827864 ], [ 2.192085, 43.827732 ], [ 2.191935, 43.827682 ], [ 2.190273, 43.827752 ], [ 2.190239, 43.827765 ], [ 2.186803, 43.830235 ], [ 2.181365, 43.83134 ], [ 2.180862, 43.831512 ], [ 2.174217, 43.830516 ], [ 2.17242, 43.823538 ], [ 2.171067, 43.819973 ], [ 2.167467, 43.820023 ], [ 2.160173, 43.823114 ], [ 2.159601, 43.826443 ], [ 2.16171, 43.829911 ], [ 2.16221, 43.828722 ], [ 2.162712, 43.827792 ], [ 2.163116, 43.82723 ], [ 2.164022, 43.826237 ], [ 2.165728, 43.824423 ], [ 2.168351, 43.826889 ], [ 2.174516, 43.832088 ], [ 2.175298, 43.833146 ], [ 2.176977, 43.834758 ], [ 2.177215, 43.835602 ], [ 2.178362, 43.838081 ], [ 2.186434, 43.836614 ], [ 2.186725, 43.836228 ], [ 2.18822, 43.833805 ], [ 2.188632, 43.832916 ], [ 2.191978, 43.834245 ], [ 2.191476, 43.83549 ], [ 2.191423, 43.835643 ], [ 2.190943, 43.836755 ], [ 2.190455, 43.837442 ], [ 2.189061, 43.839492 ], [ 2.188671, 43.840459 ], [ 2.193901, 43.846873 ], [ 2.196453, 43.845374 ], [ 2.199916, 43.844511 ], [ 2.200333, 43.844393 ], [ 2.204127, 43.844417 ], [ 2.20581, 43.844577 ], [ 2.208246, 43.845637 ], [ 2.210463, 43.848473 ], [ 2.209728, 43.851136 ], [ 2.211867, 43.858265 ], [ 2.21759, 43.856066 ], [ 2.218158, 43.855079 ], [ 2.21862, 43.854351 ], [ 2.219231, 43.853304 ], [ 2.222341, 43.855117 ], [ 2.228548, 43.851025 ], [ 2.228634, 43.850973 ], [ 2.234364, 43.848208 ], [ 2.241867, 43.852058 ], [ 2.244471, 43.854544 ], [ 2.250741, 43.85913 ], [ 2.252093, 43.861862 ], [ 2.252147, 43.862358 ], [ 2.252155, 43.862825 ], [ 2.252434, 43.865951 ], [ 2.252828785941213, 43.866429156885332 ], [ 2.260502, 43.863394 ] ] ], [ [ [ 2.150925, 43.833694 ], [ 2.148651, 43.832548 ], [ 2.147418, 43.83288 ], [ 2.140028, 43.833498 ], [ 2.136785, 43.830039 ], [ 2.133389, 43.831406 ], [ 2.134062, 43.833138 ], [ 2.134466, 43.83484 ], [ 2.136392, 43.838447 ], [ 2.136557, 43.83905 ], [ 2.136929, 43.839646 ], [ 2.137323, 43.840072 ], [ 2.142218149788999, 43.842719171485669 ], [ 2.142193, 43.842534 ], [ 2.140503, 43.8384 ], [ 2.138301, 43.835849 ], [ 2.138268, 43.835485 ], [ 2.138321, 43.83525 ], [ 2.138901, 43.834859 ], [ 2.141853, 43.835154 ], [ 2.145582, 43.835686 ], [ 2.147988, 43.838363 ], [ 2.156961, 43.83797 ], [ 2.157166, 43.837924 ], [ 2.150925, 43.833694 ] ] ], [ [ [ 2.145575, 43.854575 ], [ 2.140178, 43.861078 ], [ 2.141227, 43.861064 ], [ 2.14239, 43.86126 ], [ 2.148521, 43.855697 ], [ 2.148247, 43.854159 ], [ 2.146387530266876, 43.85113267634145 ], [ 2.145575, 43.854575 ] ] ], [ [ [ 2.13005, 43.852388 ], [ 2.129047, 43.84824 ], [ 2.128871, 43.847248 ], [ 2.128758, 43.847012 ], [ 2.125493, 43.847764 ], [ 2.119582, 43.851053 ], [ 2.114948, 43.850562 ], [ 2.112128, 43.853262 ], [ 2.110252, 43.85609 ], [ 2.110008489024192, 43.856636007699862 ], [ 2.111862, 43.855831 ], [ 2.118888, 43.854519 ], [ 2.119749412370215, 43.855131993474934 ], [ 2.121315, 43.854034 ], [ 2.12383, 43.851964 ], [ 2.123999, 43.851999 ], [ 2.12603, 43.852817 ], [ 2.131549, 43.857054 ], [ 2.132136, 43.857236 ], [ 2.132577, 43.857471 ], [ 2.13005, 43.852388 ] ] ], [ [ [ 2.12998, 43.870012 ], [ 2.129981618428916, 43.870020932387185 ], [ 2.129983, 43.870008 ], [ 2.129982899855065, 43.870007927619696 ], [ 2.12998, 43.870012 ] ] ], [ [ [ 2.203824, 43.931312 ], [ 2.204391067177353, 43.930912794932254 ], [ 2.203100246078038, 43.931607680435256 ], [ 2.20376, 43.931338 ], [ 2.203824, 43.931312 ] ] ], [ [ [ 2.201073, 43.932517 ], [ 2.200584, 43.932619 ], [ 2.200565322779571, 43.932630513452892 ], [ 2.200725, 43.93259 ], [ 2.201073, 43.932517 ] ] ], [ [ [ 2.195354, 43.935843 ], [ 2.195779484565252, 43.936694882514175 ], [ 2.196054417721179, 43.935411231982208 ], [ 2.195354, 43.935843 ] ] ], [ [ [ 2.162152, 43.956764 ], [ 2.164383957152798, 43.956237044830459 ], [ 2.161299381366149, 43.950160778851782 ], [ 2.161582230440774, 43.954457868431376 ], [ 2.162152, 43.956764 ] ] ], [ [ [ 2.17214, 43.961503 ], [ 2.172095673613911, 43.961603144798218 ], [ 2.172108, 43.961596 ], [ 2.17214, 43.961503 ] ] ], [ [ [ 2.151342, 43.962646 ], [ 2.151803497231264, 43.962417873069398 ], [ 2.150929840295282, 43.96239738218177 ], [ 2.151207, 43.96265 ], [ 2.151342, 43.962646 ] ] ] ] } },
{ "type": "Feature", "properties": { "codgeo": "81218", "value": 780, "isochrone_group": 13.0, "nb_agences": 1 }, "geometry": { "type": "MultiPolygon", "coordinates": [ [ [ [ 2.224017, 43.905698 ], [ 2.230132, 43.899149 ], [ 2.239005, 43.89874 ], [ 2.240443, 43.900081 ], [ 2.241819, 43.900986 ], [ 2.244051, 43.899979 ], [ 2.244363, 43.899211 ], [ 2.245071, 43.897125 ], [ 2.243525779283241, 43.89293219099099 ], [ 2.24279, 43.894806 ], [ 2.242293, 43.895837 ], [ 2.241831, 43.896242 ], [ 2.241234, 43.89662 ], [ 2.235409, 43.895554 ], [ 2.231924, 43.894266 ], [ 2.230082, 43.893725 ], [ 2.229541, 43.893468 ], [ 2.229241, 43.893185 ], [ 2.225355, 43.891933 ], [ 2.221076, 43.898765 ], [ 2.221492, 43.9012 ], [ 2.221151, 43.901757 ], [ 2.220265, 43.902548 ], [ 2.217296, 43.910659 ], [ 2.216336630638399, 43.911662424828585 ], [ 2.217143, 43.913131 ], [ 2.217718, 43.913891 ], [ 2.217928, 43.91434 ], [ 2.219631181276439, 43.917069418899189 ], [ 2.219883, 43.910874 ], [ 2.224017, 43.905698 ] ] ], [ [ [ 2.256716, 43.888375 ], [ 2.264986, 43.891312 ], [ 2.268483, 43.895084 ], [ 2.275635, 43.895344 ], [ 2.276568, 43.895424 ], [ 2.277517, 43.891952 ], [ 2.277169, 43.891857 ], [ 2.272285, 43.888301 ], [ 2.271569, 43.88634 ], [ 2.276159, 43.879443 ], [ 2.279505, 43.878138 ], [ 2.287367, 43.876455 ], [ 2.28935, 43.876991 ], [ 2.290736, 43.876517 ], [ 2.292523, 43.873392 ], [ 2.290263, 43.871792 ], [ 2.28713, 43.871449 ], [ 2.283533, 43.871301 ], [ 2.274818, 43.869318 ], [ 2.27232, 43.863044 ], [ 2.272456, 43.861561 ], [ 2.272307, 43.857964 ], [ 2.271764, 43.857911 ], [ 2.271263, 43.857839 ], [ 2.265388, 43.851082 ], [ 2.263825, 43.849759 ], [ 2.262598, 43.848984 ], [ 2.262077, 43.849033 ], [ 2.261476, 43.849788 ], [ 2.25981, 43.851178 ], [ 2.251811, 43.848687 ], [ 2.250404, 43.847545 ], [ 2.249536, 43.847389 ], [ 2.248979, 43.847371 ], [ 2.243421, 43.842625 ], [ 2.245598, 43.838787 ], [ 2.244396, 43.836303 ], [ 2.24349, 43.835869 ], [ 2.242624, 43.836494 ], [ 2.240309, 43.837896 ], [ 2.235581, 43.840119 ], [ 2.232227, 43.840792 ], [ 2.232067, 43.840851 ], [ 2.231351, 43.841314 ], [ 2.231215, 43.841509 ], [ 2.229928149646588, 43.843319116211397 ], [ 2.230894, 43.843498 ], [ 2.238885, 43.842977 ], [ 2.239817, 43.842117 ], [ 2.242256, 43.844765 ], [ 2.246454, 43.848726 ], [ 2.248403, 43.851753 ], [ 2.254638, 43.856455 ], [ 2.262879, 43.859102 ], [ 2.262645, 43.862694 ], [ 2.261577, 43.863637 ], [ 2.261152, 43.863567 ], [ 2.260856, 43.863505 ], [ 2.260502, 43.863394 ], [ 2.252498, 43.86656 ], [ 2.255214, 43.872407 ], [ 2.257965, 43.873349 ], [ 2.265142, 43.872687 ], [ 2.266204, 43.871996 ], [ 2.267382, 43.871398 ], [ 2.274503, 43.873678 ], [ 2.276502, 43.873161 ], [ 2.27825, 43.872758 ], [ 2.280834, 43.872386 ], [ 2.281347, 43.875949 ], [ 2.278764, 43.876321 ], [ 2.277324, 43.876666 ], [ 2.274503, 43.877635 ], [ 2.26997, 43.885367 ], [ 2.270897, 43.886939 ], [ 2.271021, 43.888257 ], [ 2.2709, 43.888721 ], [ 2.267453, 43.887987 ], [ 2.264613, 43.886253 ], [ 2.2642, 43.886053 ], [ 2.261891, 43.884683 ], [ 2.261878, 43.884592 ], [ 2.258888, 43.877867 ], [ 2.253793, 43.877124 ], [ 2.252967, 43.877312 ], [ 2.246808, 43.882164 ], [ 2.248276, 43.885451 ], [ 2.256716, 43.888375 ] ] ], [ [ [ 2.221333, 43.840676 ], [ 2.220835, 43.838866 ], [ 2.219787, 43.837425 ], [ 2.213977, 43.835411 ], [ 2.212742, 43.835438 ], [ 2.212464, 43.835592 ], [ 2.21189, 43.838344 ], [ 2.206224144310806, 43.841836728492794 ], [ 2.21159, 43.841484 ], [ 2.213104, 43.840455 ], [ 2.213761, 43.839976 ], [ 2.215193, 43.840488 ], [ 2.215768, 43.840768 ], [ 2.215883, 43.842884 ], [ 2.224294, 43.845705 ], [ 2.225796291752248, 43.843204421603318 ], [ 2.221333, 43.840676 ] ] ], [ [ [ 2.201007, 43.836957 ], [ 2.202421, 43.833646 ], [ 2.201851, 43.829838 ], [ 2.197569, 43.823492 ], [ 2.19467, 43.821358 ], [ 2.187751, 43.823127 ], [ 2.185545, 43.822995 ], [ 2.185526, 43.823005 ], [ 2.185451, 43.823064 ], [ 2.183177, 43.828395 ], [ 2.176059, 43.82615 ], [ 2.176445, 43.819282 ], [ 2.177546, 43.815854 ], [ 2.173233, 43.810983 ], [ 2.165127, 43.812681 ], [ 2.162928, 43.814853 ], [ 2.158926, 43.821996 ], [ 2.156447, 43.822856 ], [ 2.155224, 43.82343 ], [ 2.152164, 43.824359 ], [ 2.151248, 43.824918 ], [ 2.151297, 43.825646 ], [ 2.148504, 43.831489 ], [ 2.140091, 43.828434 ], [ 2.131915, 43.826237 ], [ 2.1295, 43.828907 ], [ 2.124223, 43.832757 ], [ 2.123811, 43.833129 ], [ 2.125749, 43.841751 ], [ 2.125035, 43.843561 ], [ 2.12479, 43.844475 ], [ 2.124825, 43.845076 ], [ 2.125121, 43.847254 ], [ 2.116922, 43.849704 ], [ 2.112162, 43.845079 ], [ 2.1095, 43.845458 ], [ 2.108976, 43.845578 ], [ 2.108618, 43.845712 ], [ 2.108422, 43.845799 ], [ 2.108314, 43.846476 ], [ 2.108386, 43.84693 ], [ 2.108468, 43.847715 ], [ 2.104783, 43.855281 ], [ 2.103786, 43.855971 ], [ 2.103657, 43.85618 ], [ 2.103089128225329, 43.857824171173121 ], [ 2.103318, 43.85873 ], [ 2.103743, 43.859597 ], [ 2.104076, 43.860234 ], [ 2.10748805515639, 43.862287401006746 ], [ 2.110252, 43.85609 ], [ 2.111674509110285, 43.853945620594956 ], [ 2.110351, 43.850898 ], [ 2.112669, 43.848144 ], [ 2.113197, 43.848588 ], [ 2.117137, 43.85072 ], [ 2.120332712725572, 43.850635288249975 ], [ 2.125493, 43.847764 ], [ 2.128758, 43.847012 ], [ 2.128871, 43.847248 ], [ 2.129047, 43.84824 ], [ 2.13005, 43.852388 ], [ 2.132577, 43.857471 ], [ 2.13266130639995, 43.857545063566299 ], [ 2.132877, 43.857689 ], [ 2.134132, 43.858818 ], [ 2.140405456329816, 43.860803931348386 ], [ 2.145575, 43.854575 ], [ 2.14656, 43.850402 ], [ 2.144374, 43.843885 ], [ 2.137323, 43.840072 ], [ 2.136929, 43.839646 ], [ 2.136557, 43.83905 ], [ 2.136392, 43.838447 ], [ 2.134466, 43.83484 ], [ 2.134062, 43.833138 ], [ 2.133389, 43.831406 ], [ 2.136785, 43.830039 ], [ 2.140028, 43.833498 ], [ 2.147418, 43.83288 ], [ 2.148651, 43.832548 ], [ 2.150925, 43.833694 ], [ 2.157166, 43.837924 ], [ 2.161659, 43.834869 ], [ 2.16171, 43.829911 ], [ 2.159601, 43.826443 ], [ 2.160173, 43.823114 ], [ 2.167467, 43.820023 ], [ 2.171067, 43.819973 ], [ 2.17242, 43.823538 ], [ 2.174217, 43.830516 ], [ 2.180862, 43.831512 ], [ 2.181365, 43.83134 ], [ 2.186803, 43.830235 ], [ 2.190239, 43.827765 ], [ 2.190273, 43.827752 ], [ 2.191935, 43.827682 ], [ 2.192085, 43.827732 ], [ 2.192243, 43.827864 ], [ 2.192663, 43.828231 ], [ 2.19558, 43.831985 ], [ 2.195585, 43.832875 ], [ 2.195455, 43.833366 ], [ 2.199067, 43.840532 ], [ 2.200786, 43.840675 ], [ 2.203999, 43.841983 ], [ 2.20442302965175, 43.841955126097183 ], [ 2.201007, 43.836957 ] ] ], [ [ [ 2.19028, 43.946905 ], [ 2.191854, 43.947714 ], [ 2.19265, 43.947985 ], [ 2.192831, 43.948021 ], [ 2.194343011092156, 43.94807230678969 ], [ 2.192163, 43.945891 ], [ 2.192023, 43.945783 ], [ 2.19193328965114, 43.945711505723111 ], [ 2.190422, 43.945553 ], [ 2.190158, 43.945351 ], [ 2.187042, 43.941633 ], [ 2.185168, 43.940384 ], [ 2.189166, 43.945585 ], [ 2.19028, 43.946905 ] ] ], [ [ [ 2.171746, 43.954178 ], [ 2.173567290625024, 43.95558209843751 ], [ 2.171697327733682, 43.95396959420512 ], [ 2.171746, 43.954178 ] ] ], [ [ [ 2.090841, 43.925081 ], [ 2.087990444520643, 43.926902132617514 ], [ 2.094095, 43.92722 ], [ 2.090841, 43.925081 ] ] ] ] } },
{ "type": "Feature", "properties": { "codgeo": "81218", "value": 840, "isochrone_group": 14.0, "nb_agences": 1 }, "geometry": { "type": "MultiPolygon", "coordinates": [ [ [ [ 2.102418, 43.855652 ], [ 2.103445738788712, 43.855258421499464 ], [ 2.102220640192642, 43.855550223775985 ], [ 2.102418, 43.855652 ] ] ], [ [ [ 2.228092, 43.90523 ], [ 2.232171, 43.900377 ], [ 2.237024, 43.901523 ], [ 2.239437, 43.903458 ], [ 2.239809, 43.903804 ], [ 2.242679, 43.905024 ], [ 2.243407, 43.903516 ], [ 2.243816, 43.902283 ], [ 2.243888, 43.901451 ], [ 2.248022, 43.894134 ], [ 2.252284, 43.89174 ], [ 2.254437, 43.890738 ], [ 2.262514, 43.892335 ], [ 2.262825, 43.892581 ], [ 2.264403, 43.893569 ], [ 2.26676, 43.895754 ], [ 2.270296, 43.896656 ], [ 2.270663, 43.896511 ], [ 2.276933, 43.895754 ], [ 2.279687, 43.897175 ], [ 2.280081, 43.897489 ], [ 2.280395, 43.897763 ], [ 2.281032, 43.898409 ], [ 2.281234, 43.898617 ], [ 2.284369, 43.896847 ], [ 2.283826, 43.894698 ], [ 2.283418, 43.893399 ], [ 2.282933, 43.892903 ], [ 2.282157, 43.892437 ], [ 2.281113, 43.892128 ], [ 2.280934, 43.89206 ], [ 2.276185, 43.888464 ], [ 2.274427, 43.885322 ], [ 2.274906021862954, 43.881325742965387 ], [ 2.271569, 43.88634 ], [ 2.272285, 43.888301 ], [ 2.277169, 43.891857 ], [ 2.277517, 43.891952 ], [ 2.276568, 43.895424 ], [ 2.275635, 43.895344 ], [ 2.268483, 43.895084 ], [ 2.264986, 43.891312 ], [ 2.256716, 43.888375 ], [ 2.248276, 43.885451 ], [ 2.246002, 43.886626 ], [ 2.242639, 43.890526 ], [ 2.245071, 43.897125 ], [ 2.244363, 43.899211 ], [ 2.244051, 43.899979 ], [ 2.241819, 43.900986 ], [ 2.240443, 43.900081 ], [ 2.239005, 43.89874 ], [ 2.230132, 43.899149 ], [ 2.224017, 43.905698 ], [ 2.223455841950801, 43.906400601369775 ], [ 2.226544, 43.910039 ], [ 2.226715969451471, 43.910269892755579 ], [ 2.226599, 43.910026 ], [ 2.228092, 43.90523 ] ] ], [ [ [ 2.289829, 43.879088 ], [ 2.292243, 43.879712 ], [ 2.298655, 43.880271 ], [ 2.299723, 43.880556 ], [ 2.301556, 43.880909 ], [ 2.302237, 43.877374 ], [ 2.299469, 43.876271 ], [ 2.294259, 43.874389 ], [ 2.290017, 43.868628 ], [ 2.289656, 43.868065 ], [ 2.282228, 43.866903 ], [ 2.2792, 43.858674 ], [ 2.278428, 43.854462 ], [ 2.277534, 43.850975 ], [ 2.276483, 43.851244 ], [ 2.269373, 43.846482 ], [ 2.269022, 43.845418 ], [ 2.268537, 43.84433 ], [ 2.266066, 43.841198 ], [ 2.262503, 43.841716 ], [ 2.254631, 43.845668 ], [ 2.254257, 43.845494 ], [ 2.251079, 43.842794 ], [ 2.252116, 43.834046 ], [ 2.252388, 43.83383 ], [ 2.250934, 43.830839 ], [ 2.250146, 43.831013 ], [ 2.249997, 43.831069 ], [ 2.249696, 43.831237 ], [ 2.244602, 43.835225 ], [ 2.243752, 43.835695 ], [ 2.243499755519404, 43.835873673173751 ], [ 2.244396, 43.836303 ], [ 2.245598, 43.838787 ], [ 2.243421, 43.842625 ], [ 2.248979, 43.847371 ], [ 2.249536, 43.847389 ], [ 2.250404, 43.847545 ], [ 2.251811, 43.848687 ], [ 2.25981, 43.851178 ], [ 2.261476, 43.849788 ], [ 2.262077, 43.849033 ], [ 2.262598, 43.848984 ], [ 2.263825, 43.849759 ], [ 2.265388, 43.851082 ], [ 2.271263, 43.857839 ], [ 2.271764, 43.857911 ], [ 2.272307, 43.857964 ], [ 2.272456, 43.861561 ], [ 2.27232, 43.863044 ], [ 2.274818, 43.869318 ], [ 2.283533, 43.871301 ], [ 2.28713, 43.871449 ], [ 2.290263, 43.871792 ], [ 2.292523, 43.873392 ], [ 2.290736, 43.876517 ], [ 2.28935, 43.876991 ], [ 2.287367, 43.876455 ], [ 2.285036682857637, 43.876953845554638 ], [ 2.289829, 43.879088 ] ] ], [ [ [ 2.234148, 43.839365 ], [ 2.233658, 43.839431 ], [ 2.225873, 43.837968 ], [ 2.223814, 43.835014 ], [ 2.220861, 43.834155 ], [ 2.215412, 43.829102 ], [ 2.214165, 43.826285 ], [ 2.213838, 43.825533 ], [ 2.2087, 43.819662 ], [ 2.208402, 43.816074 ], [ 2.206052, 43.816269 ], [ 2.197536, 43.815279 ], [ 2.196652, 43.815963 ], [ 2.196024, 43.816527 ], [ 2.195781, 43.816784 ], [ 2.195003, 43.81794 ], [ 2.190966, 43.82118 ], [ 2.186111, 43.821274 ], [ 2.181807, 43.814416 ], [ 2.183274, 43.808383 ], [ 2.183505, 43.808023 ], [ 2.182468, 43.806633 ], [ 2.182255, 43.806497 ], [ 2.180472, 43.806083 ], [ 2.17472, 43.810142 ], [ 2.173821, 43.8106 ], [ 2.165206, 43.81099 ], [ 2.162545, 43.807038 ], [ 2.160973, 43.805319 ], [ 2.158097, 43.805166 ], [ 2.155468, 43.807625 ], [ 2.155785, 43.807964 ], [ 2.156107, 43.80825 ], [ 2.159106, 43.814154 ], [ 2.154156, 43.821446 ], [ 2.151414, 43.822552 ], [ 2.150778, 43.822759 ], [ 2.150681, 43.822811 ], [ 2.150169, 43.82547 ], [ 2.143061, 43.829314 ], [ 2.140949, 43.826399 ], [ 2.140347, 43.826835 ], [ 2.132028, 43.826141 ], [ 2.131519, 43.82095 ], [ 2.131338, 43.820728 ], [ 2.12981, 43.819998 ], [ 2.12659, 43.820273 ], [ 2.124992, 43.822806 ], [ 2.12404, 43.826488 ], [ 2.12381309894648, 43.83312710483473 ], [ 2.124223, 43.832757 ], [ 2.1295, 43.828907 ], [ 2.131915, 43.826237 ], [ 2.140091, 43.828434 ], [ 2.148504, 43.831489 ], [ 2.151297, 43.825646 ], [ 2.151248, 43.824918 ], [ 2.152164, 43.824359 ], [ 2.155224, 43.82343 ], [ 2.156447, 43.822856 ], [ 2.158926, 43.821996 ], [ 2.162928, 43.814853 ], [ 2.165127, 43.812681 ], [ 2.173233, 43.810983 ], [ 2.177546, 43.815854 ], [ 2.176445, 43.819282 ], [ 2.176059, 43.82615 ], [ 2.183177, 43.828395 ], [ 2.185451, 43.823064 ], [ 2.185526, 43.823005 ], [ 2.185545, 43.822995 ], [ 2.187751, 43.823127 ], [ 2.19467, 43.821358 ], [ 2.197569, 43.823492 ], [ 2.201851, 43.829838 ], [ 2.202421, 43.833646 ], [ 2.201007, 43.836957 ], [ 2.2049, 43.842653 ], [ 2.21189, 43.838344 ], [ 2.212464, 43.835592 ], [ 2.212742, 43.835438 ], [ 2.213977, 43.835411 ], [ 2.219787, 43.837425 ], [ 2.220835, 43.838866 ], [ 2.221333, 43.840676 ], [ 2.2288, 43.844906 ], [ 2.231215, 43.841509 ], [ 2.231351, 43.841314 ], [ 2.232067, 43.840851 ], [ 2.232227, 43.840792 ], [ 2.235581, 43.840119 ], [ 2.240309, 43.837896 ], [ 2.242624, 43.836494 ], [ 2.234148, 43.839365 ] ] ], [ [ [ 2.119921, 43.834858 ], [ 2.119282, 43.834833 ], [ 2.118596, 43.834849 ], [ 2.11767, 43.834961 ], [ 2.115737, 43.835535 ], [ 2.109004, 43.838937 ], [ 2.103858, 43.839373 ], [ 2.102271, 43.840941 ], [ 2.101658, 43.842222 ], [ 2.102021, 43.846817 ], [ 2.104712582979158, 43.8547732762054 ], [ 2.105103129259326, 43.854623714253442 ], [ 2.105229910166914, 43.854363409138976 ], [ 2.106325, 43.846442 ], [ 2.10642, 43.84572 ], [ 2.107459, 43.842273 ], [ 2.110553, 43.843206 ], [ 2.111136, 43.843494 ], [ 2.111608, 43.843903 ], [ 2.112058, 43.844685 ], [ 2.114895, 43.847682 ], [ 2.121257789323781, 43.848408392749931 ], [ 2.122870172981715, 43.84792658521706 ], [ 2.124907122414666, 43.845680265605218 ], [ 2.124825, 43.845076 ], [ 2.12479, 43.844475 ], [ 2.125035, 43.843561 ], [ 2.125749, 43.841751 ], [ 2.12381138585987, 43.83313071665831 ], [ 2.119921, 43.834858 ] ] ], [ [ [ 2.216053, 43.935094 ], [ 2.215833, 43.935207 ], [ 2.215687383399585, 43.935413956796957 ], [ 2.215858, 43.935195 ], [ 2.216053, 43.935094 ] ] ], [ [ [ 2.174903591848111, 43.949790679958014 ], [ 2.175895, 43.950932 ], [ 2.180445, 43.956255 ], [ 2.176256, 43.950941 ], [ 2.174903591848111, 43.949790679958014 ] ] ], [ [ [ 2.184714, 43.963478 ], [ 2.184748943660641, 43.96367500994878 ], [ 2.184749, 43.963675 ], [ 2.184714, 43.963478 ] ] ], [ [ [ 2.176316, 43.967845 ], [ 2.17604951646187, 43.968168533535021 ], [ 2.178556876869955, 43.966287200441059 ], [ 2.176316, 43.967845 ] ] ], [ [ [ 2.156248112039465, 43.970523168824094 ], [ 2.155974, 43.969794 ], [ 2.156244, 43.970522 ], [ 2.156248112039465, 43.970523168824094 ] ] ], [ [ [ 2.149047, 43.964999 ], [ 2.148325, 43.964773 ], [ 2.148101633962447, 43.964697606141385 ], [ 2.14986456068698, 43.965564930921623 ], [ 2.149047, 43.964999 ] ] ], [ [ [ 2.100371, 43.928968 ], [ 2.09721712816132, 43.927608990897468 ], [ 2.096438, 43.927504 ], [ 2.0941, 43.927221 ], [ 2.094095, 43.92722 ], [ 2.099253455289802, 43.931299180191985 ], [ 2.100371, 43.928968 ] ] ], [ [ [ 2.086431, 43.928482 ], [ 2.087172, 43.92815 ], [ 2.094095, 43.92722 ], [ 2.087990444520642, 43.926902132617514 ], [ 2.085317479676291, 43.928609808015793 ], [ 2.08579, 43.928649 ], [ 2.086431, 43.928482 ] ] ], [ [ [ 2.069891, 43.930258 ], [ 2.069266, 43.930145 ], [ 2.076197, 43.931735 ], [ 2.069891, 43.930258 ] ] ], [ [ [ 2.068266, 43.929811 ], [ 2.068002, 43.929727 ], [ 2.069266, 43.930145 ], [ 2.068266, 43.929811 ] ] ], [ [ [ 2.059748, 43.926335 ], [ 2.064964, 43.928656 ], [ 2.065193, 43.928756 ], [ 2.068002, 43.929727 ], [ 2.060949, 43.925665 ], [ 2.058437, 43.925396 ], [ 2.057379012042646, 43.925282887139595 ], [ 2.057379, 43.925283 ], [ 2.059748, 43.926335 ] ] ] ] } },
{ "type": "Feature", "properties": { "codgeo": "81218", "value": 900, "isochrone_group": 15.0, "nb_agences": 1 }, "geometry": { "type": "MultiPolygon", "coordinates": [ [ [ [ 2.239831676283159, 43.903813639395629 ], [ 2.239809, 43.903804 ], [ 2.239437, 43.903458 ], [ 2.237024, 43.901523 ], [ 2.232171, 43.900377 ], [ 2.230195602799947, 43.902727233540546 ], [ 2.231984, 43.907141 ], [ 2.233754, 43.907041 ], [ 2.235824, 43.908396 ], [ 2.236297, 43.908941 ], [ 2.236689, 43.909463 ], [ 2.239976765512959, 43.912792998747697 ], [ 2.23924, 43.904558 ], [ 2.239534, 43.90419 ], [ 2.239831676283159, 43.903813639395629 ] ] ], [ [ [ 2.250478, 43.896671 ], [ 2.254086, 43.893275 ], [ 2.261772, 43.895101 ], [ 2.263546, 43.896633 ], [ 2.267043, 43.897629 ], [ 2.2715, 43.898572 ], [ 2.278992, 43.902016 ], [ 2.284746, 43.906243 ], [ 2.285279, 43.906677 ], [ 2.285737, 43.906925 ], [ 2.286934, 43.907595 ], [ 2.289077, 43.904702 ], [ 2.288434, 43.901463 ], [ 2.287016, 43.898154 ], [ 2.283418, 43.893399 ], [ 2.283826, 43.894698 ], [ 2.284369, 43.896847 ], [ 2.281234, 43.898617 ], [ 2.281032, 43.898409 ], [ 2.280395, 43.897763 ], [ 2.280081, 43.897489 ], [ 2.279687, 43.897175 ], [ 2.276933, 43.895754 ], [ 2.270663, 43.896511 ], [ 2.270296, 43.896656 ], [ 2.26676, 43.895754 ], [ 2.264403, 43.893569 ], [ 2.262825, 43.892581 ], [ 2.262514, 43.892335 ], [ 2.254437, 43.890738 ], [ 2.252284, 43.89174 ], [ 2.248022, 43.894134 ], [ 2.245529546225411, 43.898545534656172 ], [ 2.250478, 43.896671 ] ] ], [ [ [ 2.286227, 43.880531 ], [ 2.289463, 43.881919 ], [ 2.292043, 43.884429 ], [ 2.293345, 43.883091 ], [ 2.299723, 43.880556 ], [ 2.298655, 43.880271 ], [ 2.292243, 43.879712 ], [ 2.289829, 43.879088 ], [ 2.282412, 43.875785 ], [ 2.280684, 43.876044 ], [ 2.278764, 43.876321 ], [ 2.286227, 43.880531 ] ] ], [ [ [ 2.302219, 43.881031 ], [ 2.303423, 43.881366 ], [ 2.304677, 43.881789 ], [ 2.308927, 43.883881 ], [ 2.310018, 43.883726 ], [ 2.310801, 43.882926 ], [ 2.311399, 43.880401 ], [ 2.310278, 43.879935 ], [ 2.308579, 43.879222 ], [ 2.301627, 43.87509 ], [ 2.294259, 43.874389 ], [ 2.299469, 43.876271 ], [ 2.302237, 43.877374 ], [ 2.301556775268496, 43.880904975662084 ], [ 2.302219, 43.881031 ] ] ], [ [ [ 2.286536, 43.866029 ], [ 2.284685, 43.859177 ], [ 2.286456, 43.851551 ], [ 2.28774, 43.849759 ], [ 2.288047, 43.849318 ], [ 2.288253, 43.848885 ], [ 2.288379, 43.848489 ], [ 2.288481, 43.848035 ], [ 2.284967, 43.84725 ], [ 2.282337, 43.848841 ], [ 2.274789, 43.846009 ], [ 2.271916, 43.841737 ], [ 2.266203, 43.835484 ], [ 2.259821, 43.830197 ], [ 2.259984, 43.827443 ], [ 2.259989, 43.827067 ], [ 2.259918, 43.826007 ], [ 2.251976, 43.824538 ], [ 2.251135, 43.82768 ], [ 2.245022, 43.830411 ], [ 2.24416, 43.833906 ], [ 2.242624, 43.836494 ], [ 2.243752, 43.835695 ], [ 2.244602, 43.835225 ], [ 2.249696, 43.831237 ], [ 2.249997, 43.831069 ], [ 2.250146, 43.831013 ], [ 2.250934, 43.830839 ], [ 2.252388, 43.83383 ], [ 2.252116, 43.834046 ], [ 2.251079, 43.842794 ], [ 2.254257, 43.845494 ], [ 2.254631, 43.845668 ], [ 2.262503, 43.841716 ], [ 2.266066, 43.841198 ], [ 2.268537, 43.84433 ], [ 2.269022, 43.845418 ], [ 2.269373, 43.846482 ], [ 2.276483, 43.851244 ], [ 2.277534, 43.850975 ], [ 2.278428, 43.854462 ], [ 2.2792, 43.858674 ], [ 2.282228, 43.866903 ], [ 2.289488109872687, 43.86803873608941 ], [ 2.286536, 43.866029 ] ] ], [ [ [ 2.22972, 43.834527 ], [ 2.227783, 43.831493 ], [ 2.221741, 43.829506 ], [ 2.219792, 43.826479 ], [ 2.216286, 43.825736 ], [ 2.214657, 43.818353 ], [ 2.218789, 43.814367 ], [ 2.217784, 43.81091 ], [ 2.215148, 43.811144 ], [ 2.214326, 43.811334 ], [ 2.212465, 43.811802 ], [ 2.212342, 43.811866 ], [ 2.208804, 43.813209 ], [ 2.202656, 43.811473 ], [ 2.201993, 43.811809 ], [ 2.201112, 43.812413 ], [ 2.198532, 43.814811 ], [ 2.197731214587991, 43.815301694039704 ], [ 2.206052, 43.816269 ], [ 2.208402, 43.816074 ], [ 2.2087, 43.819662 ], [ 2.213838, 43.825533 ], [ 2.214165, 43.826285 ], [ 2.215412, 43.829102 ], [ 2.220861, 43.834155 ], [ 2.223814, 43.835014 ], [ 2.225873, 43.837968 ], [ 2.233658, 43.839431 ], [ 2.234148, 43.839365 ], [ 2.23461643744935, 43.839206330354287 ], [ 2.22972, 43.834527 ] ] ], [ [ [ 2.193713692178505, 43.818974767733877 ], [ 2.195003, 43.81794 ], [ 2.195781, 43.816784 ], [ 2.193713692178505, 43.818974767733877 ] ] ], [ [ [ 2.185308, 43.814639 ], [ 2.187824, 43.808072 ], [ 2.187725, 43.805953 ], [ 2.187537, 43.804483 ], [ 2.184707, 43.799729 ], [ 2.184175, 43.798335 ], [ 2.183759, 43.797932 ], [ 2.183092, 43.797395 ], [ 2.180613, 43.800005 ], [ 2.179844, 43.80107 ], [ 2.176872956988997, 43.808622728021859 ], [ 2.180472, 43.806083 ], [ 2.182255, 43.806497 ], [ 2.182468, 43.806633 ], [ 2.183505, 43.808023 ], [ 2.183274, 43.808383 ], [ 2.181807, 43.814416 ], [ 2.186111, 43.821274 ], [ 2.190966, 43.82118 ], [ 2.185308, 43.814639 ] ] ], [ [ [ 2.167649, 43.807839 ], [ 2.166617, 43.80439 ], [ 2.165264, 43.804575 ], [ 2.158956, 43.802687 ], [ 2.156414, 43.798569 ], [ 2.15165, 43.79908 ], [ 2.149162, 43.801682 ], [ 2.150021, 43.805144 ], [ 2.15037, 43.80544 ], [ 2.15095, 43.805684 ], [ 2.151867, 43.805904 ], [ 2.156449, 43.813604 ], [ 2.154206, 43.819731 ], [ 2.149748, 43.822458 ], [ 2.149571, 43.822559 ], [ 2.149278, 43.822728 ], [ 2.144147, 43.825209 ], [ 2.138187, 43.818472 ], [ 2.138041, 43.816373 ], [ 2.137954, 43.816285 ], [ 2.136837, 43.815134 ], [ 2.136389, 43.815276 ], [ 2.135991, 43.815431 ], [ 2.135451, 43.815683 ], [ 2.135278, 43.81582 ], [ 2.133856, 43.817085 ], [ 2.133385, 43.817443 ], [ 2.12671, 43.818863 ], [ 2.122837, 43.815526 ], [ 2.121331, 43.814953 ], [ 2.120708, 43.815264 ], [ 2.116425, 43.81857 ], [ 2.117039, 43.822117 ], [ 2.120721, 43.827766 ], [ 2.11979, 43.831243 ], [ 2.11541, 43.835637 ], [ 2.109583, 43.835844 ], [ 2.10929, 43.836365 ], [ 2.100359, 43.836735 ], [ 2.095969, 43.835683 ], [ 2.09547, 43.835774 ], [ 2.093968, 43.836054 ], [ 2.093251, 43.836706 ], [ 2.093211, 43.837767 ], [ 2.093448, 43.838155 ], [ 2.094003, 43.838746 ], [ 2.097075, 43.8427 ], [ 2.097728575057221, 43.84283794310403 ], [ 2.098664, 43.840917 ], [ 2.098561, 43.837894 ], [ 2.099206, 43.837358 ], [ 2.100027, 43.837483 ], [ 2.103561, 43.839183 ], [ 2.110548, 43.837437 ], [ 2.111262, 43.836986 ], [ 2.11175, 43.836844 ], [ 2.112414, 43.836807 ], [ 2.112807, 43.836857 ], [ 2.113037142994528, 43.836899163602048 ], [ 2.115737, 43.835535 ], [ 2.11767, 43.834961 ], [ 2.118596, 43.834849 ], [ 2.119282, 43.834833 ], [ 2.119921, 43.834858 ], [ 2.123813, 43.83313 ], [ 2.12404, 43.826488 ], [ 2.124992, 43.822806 ], [ 2.12659, 43.820273 ], [ 2.12981, 43.819998 ], [ 2.131338, 43.820728 ], [ 2.131519, 43.82095 ], [ 2.132028, 43.826141 ], [ 2.140347, 43.826835 ], [ 2.140949, 43.826399 ], [ 2.143061, 43.829314 ], [ 2.150169, 43.82547 ], [ 2.150681, 43.822811 ], [ 2.150778, 43.822759 ], [ 2.151414, 43.822552 ], [ 2.154156, 43.821446 ], [ 2.159106, 43.814154 ], [ 2.156107, 43.80825 ], [ 2.155785, 43.807964 ], [ 2.155468, 43.807625 ], [ 2.158097, 43.805166 ], [ 2.160973, 43.805319 ], [ 2.162545, 43.807038 ], [ 2.165206, 43.81099 ], [ 2.173821, 43.8106 ], [ 2.17472, 43.810142 ], [ 2.167649, 43.807839 ] ] ], [ [ [ 2.228071, 43.924547 ], [ 2.226571147284834, 43.927493049083211 ], [ 2.228614, 43.924859 ], [ 2.232554801791131, 43.921302879224022 ], [ 2.228071, 43.924547 ] ] ], [ [ [ 2.224626180099012, 43.948527897696906 ], [ 2.224626, 43.948527 ], [ 2.223138, 43.948825 ], [ 2.224626180099012, 43.948527897696906 ] ] ], [ [ [ 2.221036, 43.954071 ], [ 2.222651445332183, 43.953313642544359 ], [ 2.221454, 43.953516 ], [ 2.219157420854259, 43.954354566040024 ], [ 2.219859, 43.954509 ], [ 2.220281, 43.954404 ], [ 2.221036, 43.954071 ] ] ], [ [ [ 2.191441867503943, 43.94838712222537 ], [ 2.191492250205925, 43.948411637733436 ], [ 2.191456, 43.948376 ], [ 2.191441867503943, 43.94838712222537 ] ] ], [ [ [ 2.185056639652977, 43.95458581335 ], [ 2.1898979508267, 43.949602179293578 ], [ 2.184827, 43.953593 ], [ 2.185056639652977, 43.95458581335 ] ] ], [ [ [ 2.18529, 43.956558 ], [ 2.188952716563196, 43.960274778800297 ], [ 2.185149664111078, 43.954987990947288 ], [ 2.185161, 43.955037 ], [ 2.18529, 43.956558 ] ] ], [ [ [ 2.184112, 43.972892 ], [ 2.185721837163876, 43.971263425643158 ], [ 2.184447, 43.972435 ], [ 2.184112, 43.972892 ] ] ], [ [ [ 2.18350497813768, 43.973572979735962 ], [ 2.183505, 43.973573 ], [ 2.183801, 43.973253 ], [ 2.18350497813768, 43.973572979735962 ] ] ], [ [ [ 2.161117670336451, 43.973251056974881 ], [ 2.163643301476216, 43.970623304124864 ], [ 2.163384631279811, 43.970638383406701 ], [ 2.161116, 43.972751 ], [ 2.161117670336451, 43.973251056974881 ] ] ], [ [ [ 2.157112, 43.977674 ], [ 2.157112, 43.977674 ], [ 2.158126, 43.977167 ], [ 2.157112, 43.977674 ] ] ], [ [ [ 2.069809698902128, 43.930269726771648 ], [ 2.069266, 43.930145 ], [ 2.068002, 43.929727 ], [ 2.065193, 43.928756 ], [ 2.064964, 43.928656 ], [ 2.06177411796669, 43.927236575882027 ], [ 2.057783404647414, 43.927900974163066 ], [ 2.058367, 43.928234 ], [ 2.063894, 43.931123 ], [ 2.069809698902128, 43.930269726771648 ] ] ] ] } },
{ "type": "Feature", "properties": { "codgeo": "81218", "value": 960, "isochrone_group": 16.0, "nb_agences": 1 }, "geometry": { "type": "MultiPolygon", "coordinates": [ [ [ [ 2.089572, 43.839665 ], [ 2.090509478920669, 43.841195340993757 ], [ 2.092676, 43.836681 ], [ 2.091659, 43.834341 ], [ 2.092234, 43.833921 ], [ 2.092846, 43.83353 ], [ 2.088755, 43.835585 ], [ 2.087584, 43.837395 ], [ 2.089572, 43.839665 ] ] ], [ [ [ 2.097057, 43.832591 ], [ 2.096081, 43.832729 ], [ 2.095037, 43.832811 ], [ 2.094018, 43.832998 ], [ 2.093574823879945, 43.833192450467337 ], [ 2.101258, 43.836284 ], [ 2.102569363026869, 43.836101555967304 ], [ 2.101606, 43.835507 ], [ 2.097669, 43.832457 ], [ 2.097057, 43.832591 ] ] ], [ [ [ 2.256406, 43.895396 ], [ 2.259212, 43.896254 ], [ 2.264639, 43.898018 ], [ 2.269531, 43.899444 ], [ 2.273892, 43.902286 ], [ 2.275857, 43.906854 ], [ 2.276339, 43.907366 ], [ 2.276771, 43.907761 ], [ 2.282369, 43.909355 ], [ 2.285869, 43.914169 ], [ 2.286091, 43.914303 ], [ 2.287491, 43.914878 ], [ 2.288084, 43.914927 ], [ 2.289143, 43.91498 ], [ 2.29417, 43.908215 ], [ 2.299119, 43.903722 ], [ 2.298165, 43.90025 ], [ 2.291362, 43.898885 ], [ 2.289105, 43.898011 ], [ 2.288394, 43.897896 ], [ 2.283418, 43.893399 ], [ 2.287016, 43.898154 ], [ 2.288434, 43.901463 ], [ 2.289077, 43.904702 ], [ 2.286934, 43.907595 ], [ 2.285737, 43.906925 ], [ 2.285279, 43.906677 ], [ 2.284746, 43.906243 ], [ 2.278992, 43.902016 ], [ 2.2715, 43.898572 ], [ 2.267043, 43.897629 ], [ 2.263546, 43.896633 ], [ 2.261772, 43.895101 ], [ 2.254086, 43.893275 ], [ 2.252387243551134, 43.894873940382588 ], [ 2.256406, 43.895396 ] ] ], [ [ [ 2.288, 43.886536 ], [ 2.289461, 43.886214 ], [ 2.289888, 43.88593 ], [ 2.291391, 43.884974 ], [ 2.291751, 43.884709 ], [ 2.292034751957709, 43.884420975741811 ], [ 2.289463, 43.881919 ], [ 2.286227, 43.880531 ], [ 2.278764, 43.876321 ], [ 2.277324, 43.876666 ], [ 2.275405, 43.877163 ], [ 2.274282, 43.877487 ], [ 2.273238, 43.877895 ], [ 2.26997, 43.885367 ], [ 2.270897, 43.886939 ], [ 2.275567, 43.891422 ], [ 2.277169, 43.891857 ], [ 2.279316, 43.891998 ], [ 2.280212, 43.891929 ], [ 2.280934, 43.89206 ], [ 2.281113, 43.892128 ], [ 2.282157, 43.892437 ], [ 2.282933, 43.892903 ], [ 2.283418, 43.893399 ], [ 2.288, 43.886536 ] ] ], [ [ [ 2.306401, 43.884995 ], [ 2.313626, 43.88612 ], [ 2.315906, 43.887883 ], [ 2.317059, 43.889087 ], [ 2.319659, 43.886597 ], [ 2.316222, 43.879155 ], [ 2.314641, 43.87986 ], [ 2.307083, 43.875902 ], [ 2.305908, 43.872499 ], [ 2.302838, 43.873066 ], [ 2.294259, 43.874389 ], [ 2.301627, 43.87509 ], [ 2.308579, 43.879222 ], [ 2.310278, 43.879935 ], [ 2.311399, 43.880401 ], [ 2.310801, 43.882926 ], [ 2.310018, 43.883726 ], [ 2.308927, 43.883881 ], [ 2.304677, 43.881789 ], [ 2.303423, 43.881366 ], [ 2.302219, 43.881031 ], [ 2.299723, 43.880556 ], [ 2.306401, 43.884995 ] ] ], [ [ [ 2.290615, 43.866972 ], [ 2.290587, 43.866647 ], [ 2.287715, 43.860572 ], [ 2.286992, 43.859589 ], [ 2.286701, 43.85911 ], [ 2.286456, 43.851551 ], [ 2.284685, 43.859177 ], [ 2.286536, 43.866029 ], [ 2.289512, 43.868055 ], [ 2.289724, 43.868217 ], [ 2.290017, 43.868628 ], [ 2.294259, 43.874389 ], [ 2.290615, 43.866972 ] ] ], [ [ [ 2.290844, 43.847822 ], [ 2.295888, 43.843725 ], [ 2.294739, 43.840313 ], [ 2.293945, 43.840549 ], [ 2.293254, 43.840774 ], [ 2.292833, 43.840958 ], [ 2.292206, 43.841416 ], [ 2.289338, 43.842954 ], [ 2.287432, 43.844624 ], [ 2.28713, 43.844806 ], [ 2.28675, 43.845133 ], [ 2.279434, 43.845467 ], [ 2.27723, 43.84262 ], [ 2.276013, 43.837991 ], [ 2.272556, 43.832293 ], [ 2.27265, 43.828694 ], [ 2.265405, 43.823413 ], [ 2.264529, 43.819921 ], [ 2.263866, 43.820088 ], [ 2.260734, 43.820793 ], [ 2.260024, 43.820987 ], [ 2.25956, 43.821242 ], [ 2.25899, 43.821679 ], [ 2.256363, 43.823559 ], [ 2.249558, 43.82257 ], [ 2.247775, 43.819442 ], [ 2.245011, 43.818155 ], [ 2.244197, 43.817777 ], [ 2.242201, 43.817657 ], [ 2.241676, 43.821219 ], [ 2.242524, 43.824237 ], [ 2.240119, 43.829248 ], [ 2.234089, 43.828824 ], [ 2.233888, 43.828734 ], [ 2.226154, 43.825581 ], [ 2.22317, 43.823567 ], [ 2.226536, 43.816036 ], [ 2.226551, 43.813603 ], [ 2.226716, 43.812441 ], [ 2.22004, 43.806855 ], [ 2.21958, 43.806445 ], [ 2.216296, 43.803932 ], [ 2.215571, 43.803917 ], [ 2.212937, 43.803924 ], [ 2.212934, 43.803927 ], [ 2.212566, 43.804772 ], [ 2.205481, 43.80928 ], [ 2.203689, 43.808835 ], [ 2.202139, 43.80834 ], [ 2.201042, 43.811768 ], [ 2.198532, 43.814811 ], [ 2.201112, 43.812413 ], [ 2.201993, 43.811809 ], [ 2.202656, 43.811473 ], [ 2.208804, 43.813209 ], [ 2.212342, 43.811866 ], [ 2.212465, 43.811802 ], [ 2.214326, 43.811334 ], [ 2.215148, 43.811144 ], [ 2.217784, 43.81091 ], [ 2.218789, 43.814367 ], [ 2.214657, 43.818353 ], [ 2.216286, 43.825736 ], [ 2.219792, 43.826479 ], [ 2.221741, 43.829506 ], [ 2.227783, 43.831493 ], [ 2.22972, 43.834527 ], [ 2.234817, 43.839398 ], [ 2.242624, 43.836494 ], [ 2.24416, 43.833906 ], [ 2.245022, 43.830411 ], [ 2.251135, 43.82768 ], [ 2.251976, 43.824538 ], [ 2.259918, 43.826007 ], [ 2.259989, 43.827067 ], [ 2.259984, 43.827443 ], [ 2.259821, 43.830197 ], [ 2.266203, 43.835484 ], [ 2.271916, 43.841737 ], [ 2.274789, 43.846009 ], [ 2.282337, 43.848841 ], [ 2.284967, 43.84725 ], [ 2.288481, 43.848035 ], [ 2.288379, 43.848489 ], [ 2.288253, 43.848885 ], [ 2.288047, 43.849318 ], [ 2.28774, 43.849759 ], [ 2.286456, 43.851551 ], [ 2.290844, 43.847822 ] ] ], [ [ [ 2.190966, 43.82118 ], [ 2.191779, 43.821025 ], [ 2.195781, 43.816784 ], [ 2.190966, 43.82118 ] ] ], [ [ [ 2.188125, 43.808241 ], [ 2.190677, 43.805702 ], [ 2.188356, 43.799188 ], [ 2.189411, 43.795694 ], [ 2.189608, 43.79479 ], [ 2.189366, 43.794115 ], [ 2.186315, 43.793336 ], [ 2.180148, 43.789676 ], [ 2.177878, 43.78953 ], [ 2.176938, 43.790063 ], [ 2.17679, 43.790973 ], [ 2.177087, 43.791744 ], [ 2.177391, 43.79334 ], [ 2.177606, 43.798364 ], [ 2.1756, 43.803928 ], [ 2.174005195144183, 43.809909190555373 ], [ 2.17472, 43.810142 ], [ 2.176579, 43.80937 ], [ 2.179844, 43.80107 ], [ 2.180613, 43.800005 ], [ 2.183092, 43.797395 ], [ 2.183759, 43.797932 ], [ 2.184175, 43.798335 ], [ 2.184707, 43.799729 ], [ 2.187537, 43.804483 ], [ 2.187725, 43.805953 ], [ 2.187824, 43.808072 ], [ 2.187581178328989, 43.808705787723987 ], [ 2.188125, 43.808241 ] ] ], [ [ [ 2.163568, 43.79802 ], [ 2.164772, 43.796508 ], [ 2.165259, 43.795889 ], [ 2.166207, 43.794952 ], [ 2.166391, 43.794775 ], [ 2.165648, 43.791987 ], [ 2.165606, 43.791969 ], [ 2.163903, 43.792174 ], [ 2.161729, 43.793663 ], [ 2.159786, 43.795685 ], [ 2.15666, 43.798451 ], [ 2.149649, 43.797455 ], [ 2.148267, 43.795943 ], [ 2.147288, 43.794738 ], [ 2.144326, 43.792822 ], [ 2.14149, 43.795039 ], [ 2.142409, 43.797064 ], [ 2.144667, 43.805261 ], [ 2.14023, 43.81152 ], [ 2.132866, 43.815024 ], [ 2.130474, 43.81518 ], [ 2.123356, 43.810668 ], [ 2.122905, 43.810112 ], [ 2.121651, 43.809038 ], [ 2.120974, 43.808493 ], [ 2.119934, 43.808739 ], [ 2.118724, 43.809157 ], [ 2.1176, 43.813604 ], [ 2.110457, 43.818497 ], [ 2.109302, 43.818716 ], [ 2.108173, 43.819076 ], [ 2.107054, 43.819571 ], [ 2.106533, 43.819979 ], [ 2.105837, 43.820541 ], [ 2.106065, 43.822218 ], [ 2.106133, 43.822328 ], [ 2.108098, 43.823342 ], [ 2.113771, 43.823703 ], [ 2.115655, 43.829128 ], [ 2.112681265816567, 43.835003885520969 ], [ 2.116113107346664, 43.834931645278267 ], [ 2.11979, 43.831243 ], [ 2.120721, 43.827766 ], [ 2.117039, 43.822117 ], [ 2.116425, 43.81857 ], [ 2.120708, 43.815264 ], [ 2.121331, 43.814953 ], [ 2.122837, 43.815526 ], [ 2.12671, 43.818863 ], [ 2.133385, 43.817443 ], [ 2.133856, 43.817085 ], [ 2.135278, 43.81582 ], [ 2.135451, 43.815683 ], [ 2.135991, 43.815431 ], [ 2.136389, 43.815276 ], [ 2.136837, 43.815134 ], [ 2.137954, 43.816285 ], [ 2.138041, 43.816373 ], [ 2.138187, 43.818472 ], [ 2.144147, 43.825209 ], [ 2.149278, 43.822728 ], [ 2.149571, 43.822559 ], [ 2.149748, 43.822458 ], [ 2.154206, 43.819731 ], [ 2.156449, 43.813604 ], [ 2.151867, 43.805904 ], [ 2.15095, 43.805684 ], [ 2.15037, 43.80544 ], [ 2.150021, 43.805144 ], [ 2.149162, 43.801682 ], [ 2.15165, 43.79908 ], [ 2.156414, 43.798569 ], [ 2.158956, 43.802687 ], [ 2.162264520266172, 43.803677248297795 ], [ 2.163568, 43.79802 ] ] ], [ [ [ 2.24029, 43.90709 ], [ 2.24413057605232, 43.908804565212549 ], [ 2.240703, 43.902712 ], [ 2.239534, 43.90419 ], [ 2.23924, 43.904558 ], [ 2.239299667009346, 43.905224911980284 ], [ 2.24029, 43.90709 ] ] ], [ [ [ 2.26181, 43.921563 ], [ 2.262445, 43.921451 ], [ 2.262444037145136, 43.921445529935106 ], [ 2.26181, 43.921563 ] ] ], [ [ [ 2.237009, 43.923949 ], [ 2.236790537949589, 43.924120192483947 ], [ 2.236851, 43.924081 ], [ 2.24102604293204, 43.922575007758482 ], [ 2.237009, 43.923949 ] ] ], [ [ [ 2.225588119361628, 43.938456196960118 ], [ 2.227564092731029, 43.934467062159349 ], [ 2.225793, 43.936579 ], [ 2.225588119361628, 43.938456196960118 ] ] ], [ [ [ 2.23673, 43.948794 ], [ 2.236928, 43.94836 ], [ 2.236919229784945, 43.948355992595694 ], [ 2.23673, 43.948794 ] ] ], [ [ [ 2.199393934707677, 43.968267585601794 ], [ 2.199521, 43.968178 ], [ 2.199520247143058, 43.968022974208303 ], [ 2.199393934707677, 43.968267585601794 ] ] ], [ [ [ 2.156426024044942, 43.980443491904374 ], [ 2.159973399222496, 43.979956152822474 ], [ 2.159272, 43.979796 ], [ 2.156426024044942, 43.980443491904374 ] ] ], [ [ [ 2.075459860736094, 43.931565897211144 ], [ 2.075457375589879, 43.93156176415259 ], [ 2.069891, 43.930258 ], [ 2.069809698902128, 43.930269726771648 ], [ 2.075459860736094, 43.931565897211144 ] ] ] ] } },
{ "type": "Feature", "properties": { "codgeo": "81218", "value": 1020, "isochrone_group": 17.0, "nb_agences": 1 }, "geometry": { "type": "MultiPolygon", "coordinates": [ [ [ [ 2.285632, 43.917498 ], [ 2.29374, 43.917033 ], [ 2.298628, 43.916843 ], [ 2.299534, 43.916827 ], [ 2.302679, 43.915873 ], [ 2.302666, 43.915456 ], [ 2.302397, 43.914541 ], [ 2.300692, 43.913386 ], [ 2.304933, 43.905622 ], [ 2.305053, 43.905624 ], [ 2.3056, 43.904768 ], [ 2.312942, 43.899783 ], [ 2.313805, 43.896288 ], [ 2.320125, 43.892282 ], [ 2.324213, 43.893097 ], [ 2.326803, 43.892 ], [ 2.326814, 43.891962 ], [ 2.326856, 43.891762 ], [ 2.326873, 43.891652 ], [ 2.326386, 43.890226 ], [ 2.326163, 43.890057 ], [ 2.322922, 43.888578 ], [ 2.319537, 43.880444 ], [ 2.319717, 43.879896 ], [ 2.319814, 43.87912 ], [ 2.319748, 43.878032 ], [ 2.319548, 43.877295 ], [ 2.31934, 43.876882 ], [ 2.316124, 43.878499 ], [ 2.310577, 43.877543 ], [ 2.308808, 43.873126 ], [ 2.30859, 43.87246 ], [ 2.307574, 43.870578 ], [ 2.306575, 43.86965 ], [ 2.305611, 43.868923 ], [ 2.305353, 43.868935 ], [ 2.30458, 43.869134 ], [ 2.303708, 43.86986 ], [ 2.301521, 43.871116 ], [ 2.298689, 43.873363 ], [ 2.293786629473439, 43.87342753671912 ], [ 2.294259, 43.874389 ], [ 2.302838, 43.873066 ], [ 2.305908, 43.872499 ], [ 2.307083, 43.875902 ], [ 2.314641, 43.87986 ], [ 2.316222, 43.879155 ], [ 2.319659, 43.886597 ], [ 2.317059, 43.889087 ], [ 2.315906, 43.887883 ], [ 2.313626, 43.88612 ], [ 2.306401, 43.884995 ], [ 2.299723, 43.880556 ], [ 2.293345, 43.883091 ], [ 2.291751, 43.884709 ], [ 2.291391, 43.884974 ], [ 2.289888, 43.88593 ], [ 2.289461, 43.886214 ], [ 2.288, 43.886536 ], [ 2.283418, 43.893399 ], [ 2.288394, 43.897896 ], [ 2.289105, 43.898011 ], [ 2.291362, 43.898885 ], [ 2.298165, 43.90025 ], [ 2.299119, 43.903722 ], [ 2.29417, 43.908215 ], [ 2.289143, 43.91498 ], [ 2.288084, 43.914927 ], [ 2.287491, 43.914878 ], [ 2.286091, 43.914303 ], [ 2.285869, 43.914169 ], [ 2.282369, 43.909355 ], [ 2.276771, 43.907761 ], [ 2.276339, 43.907366 ], [ 2.275857, 43.906854 ], [ 2.273892, 43.902286 ], [ 2.269531, 43.899444 ], [ 2.264639, 43.898018 ], [ 2.259212, 43.896254 ], [ 2.256406, 43.895396 ], [ 2.248023, 43.894307 ], [ 2.245316, 43.896883 ], [ 2.243002, 43.899503 ], [ 2.241688, 43.901127 ], [ 2.2414261438193, 43.901548362483666 ], [ 2.24381, 43.902302 ], [ 2.249021, 43.907109 ], [ 2.254006, 43.908482 ], [ 2.260168, 43.91387 ], [ 2.268662, 43.915164 ], [ 2.270708, 43.914612 ], [ 2.27302, 43.913543 ], [ 2.279309, 43.914683 ], [ 2.278913, 43.918261 ], [ 2.27226181958895, 43.919615284953061 ], [ 2.278438, 43.919123 ], [ 2.281887, 43.920158 ], [ 2.285632, 43.917498 ] ] ], [ [ [ 2.290195, 43.864007 ], [ 2.293006, 43.861052 ], [ 2.292137, 43.857558 ], [ 2.288007134313643, 43.850232818629095 ], [ 2.286456, 43.851551 ], [ 2.286701, 43.85911 ], [ 2.286992, 43.859589 ], [ 2.287715, 43.860572 ], [ 2.290286895022685, 43.866012202737764 ], [ 2.290195, 43.864007 ] ] ], [ [ [ 2.300983, 43.844225 ], [ 2.302146, 43.844766 ], [ 2.303663, 43.8415 ], [ 2.300919, 43.837222 ], [ 2.298203, 43.834859 ], [ 2.292173, 43.832222 ], [ 2.287188, 43.830027 ], [ 2.281835, 43.82851 ], [ 2.279094, 43.82843 ], [ 2.278075, 43.828329 ], [ 2.274703, 43.828942 ], [ 2.270516, 43.822964 ], [ 2.273686, 43.818728 ], [ 2.274626, 43.818276 ], [ 2.273066, 43.815032 ], [ 2.269074, 43.815967 ], [ 2.268232, 43.816144 ], [ 2.266986, 43.81669 ], [ 2.265911, 43.817495 ], [ 2.265469, 43.817933 ], [ 2.260734, 43.820793 ], [ 2.263866, 43.820088 ], [ 2.264529, 43.819921 ], [ 2.265405, 43.823413 ], [ 2.27265, 43.828694 ], [ 2.272556, 43.832293 ], [ 2.276013, 43.837991 ], [ 2.27723, 43.84262 ], [ 2.279434, 43.845467 ], [ 2.28675, 43.845133 ], [ 2.28713, 43.844806 ], [ 2.287432, 43.844624 ], [ 2.289338, 43.842954 ], [ 2.292206, 43.841416 ], [ 2.292833, 43.840958 ], [ 2.293254, 43.840774 ], [ 2.293945, 43.840549 ], [ 2.294739, 43.840313 ], [ 2.295888, 43.843725 ], [ 2.293169344744057, 43.845933233660517 ], [ 2.300983, 43.844225 ] ] ], [ [ [ 2.251223, 43.818651 ], [ 2.250372, 43.815153 ], [ 2.248017, 43.814757 ], [ 2.246529, 43.816343 ], [ 2.238797, 43.814456 ], [ 2.233962, 43.813571 ], [ 2.229483, 43.810958 ], [ 2.229158, 43.811038 ], [ 2.224488226791871, 43.810576958487033 ], [ 2.226716, 43.812441 ], [ 2.226551, 43.813603 ], [ 2.226536, 43.816036 ], [ 2.22317, 43.823567 ], [ 2.226154, 43.825581 ], [ 2.233888, 43.828734 ], [ 2.234089, 43.828824 ], [ 2.240119, 43.829248 ], [ 2.242524, 43.824237 ], [ 2.241676, 43.821219 ], [ 2.242201, 43.817657 ], [ 2.244197, 43.817777 ], [ 2.245011, 43.818155 ], [ 2.247775, 43.819442 ], [ 2.249558, 43.82257 ], [ 2.256363, 43.823559 ], [ 2.25899, 43.821679 ], [ 2.25956, 43.821242 ], [ 2.251223, 43.818651 ] ] ], [ [ [ 2.219871, 43.803876 ], [ 2.21961, 43.799085 ], [ 2.217314, 43.796313 ], [ 2.215781, 43.796368 ], [ 2.213274, 43.79656 ], [ 2.212508, 43.796784 ], [ 2.211009, 43.797464 ], [ 2.210265, 43.803084 ], [ 2.205481, 43.80928 ], [ 2.212566, 43.804772 ], [ 2.212934, 43.803927 ], [ 2.212937, 43.803924 ], [ 2.215571, 43.803917 ], [ 2.216296, 43.803932 ], [ 2.21958, 43.806445 ], [ 2.22004, 43.806855 ], [ 2.222641645572965, 43.80903187120591 ], [ 2.219871, 43.803876 ] ] ], [ [ [ 2.198532, 43.814811 ], [ 2.201042, 43.811768 ], [ 2.201090989170989, 43.811614914422819 ], [ 2.198532, 43.814811 ] ] ], [ [ [ 2.189149, 43.797114 ], [ 2.191523, 43.793893 ], [ 2.1914, 43.790222 ], [ 2.190544, 43.787393 ], [ 2.190424, 43.786688 ], [ 2.190258, 43.786232 ], [ 2.190094, 43.78588 ], [ 2.189342, 43.785488 ], [ 2.182471, 43.785393 ], [ 2.177961, 43.782458 ], [ 2.176467, 43.780848 ], [ 2.175882, 43.781312 ], [ 2.175338, 43.781852 ], [ 2.174855, 43.782463 ], [ 2.174385, 43.784009 ], [ 2.174396, 43.78463 ], [ 2.174488, 43.785087 ], [ 2.175006, 43.786369 ], [ 2.168488, 43.792036 ], [ 2.168072, 43.792021 ], [ 2.166795, 43.792124 ], [ 2.166342, 43.792187 ], [ 2.165757176211963, 43.792396667939364 ], [ 2.166391, 43.794775 ], [ 2.166207, 43.794952 ], [ 2.165259, 43.795889 ], [ 2.164772, 43.796508 ], [ 2.163568, 43.79802 ], [ 2.162142, 43.804209 ], [ 2.167043, 43.810654 ], [ 2.168038, 43.810861 ], [ 2.168256, 43.810976 ], [ 2.173821, 43.8106 ], [ 2.1756, 43.803928 ], [ 2.177606, 43.798364 ], [ 2.177391, 43.79334 ], [ 2.177087, 43.791744 ], [ 2.17679, 43.790973 ], [ 2.176938, 43.790063 ], [ 2.177878, 43.78953 ], [ 2.180148, 43.789676 ], [ 2.186315, 43.793336 ], [ 2.189366, 43.794115 ], [ 2.189608, 43.79479 ], [ 2.189411, 43.795694 ], [ 2.188356, 43.799188 ], [ 2.190677, 43.805702 ], [ 2.189149, 43.797114 ] ] ], [ [ [ 2.160235, 43.793508 ], [ 2.158173, 43.795972 ], [ 2.149999, 43.792371 ], [ 2.147209, 43.790097 ], [ 2.142749, 43.788133 ], [ 2.1381, 43.785405 ], [ 2.136704, 43.784792 ], [ 2.136504, 43.785127 ], [ 2.136305, 43.785576 ], [ 2.135858, 43.787244 ], [ 2.136571, 43.790773 ], [ 2.137928, 43.794923 ], [ 2.138391, 43.799441 ], [ 2.138383, 43.799835 ], [ 2.139348, 43.803303 ], [ 2.139424, 43.804539 ], [ 2.139898, 43.809525 ], [ 2.139398726436037, 43.811915543531796 ], [ 2.14023, 43.81152 ], [ 2.144667, 43.805261 ], [ 2.142409, 43.797064 ], [ 2.14149, 43.795039 ], [ 2.144326, 43.792822 ], [ 2.147288, 43.794738 ], [ 2.148267, 43.795943 ], [ 2.149649, 43.797455 ], [ 2.15666, 43.798451 ], [ 2.159786, 43.795685 ], [ 2.161729, 43.793663 ], [ 2.16242486318879, 43.793186394531695 ], [ 2.160235, 43.793508 ] ] ], [ [ [ 2.13152, 43.813714 ], [ 2.127781, 43.807396 ], [ 2.127603, 43.807327 ], [ 2.126645, 43.807099 ], [ 2.125565, 43.806985 ], [ 2.118515, 43.804006 ], [ 2.116578, 43.803474 ], [ 2.116187, 43.803341 ], [ 2.114185, 43.802827 ], [ 2.11329, 43.806314 ], [ 2.114973, 43.813034 ], [ 2.109813, 43.817985 ], [ 2.106864, 43.819015 ], [ 2.098223, 43.821275 ], [ 2.097259, 43.821262 ], [ 2.092, 43.827179 ], [ 2.088895, 43.828736 ], [ 2.086352, 43.831146 ], [ 2.084046168756053, 43.837477983626449 ], [ 2.084639, 43.837797 ], [ 2.088509, 43.832863 ], [ 2.09208, 43.83241 ], [ 2.098145, 43.83187 ], [ 2.099731, 43.831853 ], [ 2.103474, 43.834324 ], [ 2.104099, 43.834638 ], [ 2.11175, 43.836844 ], [ 2.115655, 43.829128 ], [ 2.113771, 43.823703 ], [ 2.108098, 43.823342 ], [ 2.106133, 43.822328 ], [ 2.106065, 43.822218 ], [ 2.105837, 43.820541 ], [ 2.106533, 43.819979 ], [ 2.107054, 43.819571 ], [ 2.108173, 43.819076 ], [ 2.109302, 43.818716 ], [ 2.110457, 43.818497 ], [ 2.1176, 43.813604 ], [ 2.118724, 43.809157 ], [ 2.119934, 43.808739 ], [ 2.120974, 43.808493 ], [ 2.121651, 43.809038 ], [ 2.122905, 43.810112 ], [ 2.123356, 43.810668 ], [ 2.130474, 43.81518 ], [ 2.132866, 43.815024 ], [ 2.136536508657302, 43.81327746790668 ], [ 2.13152, 43.813714 ] ] ], [ [ [ 2.257609382087594, 43.925608296899277 ], [ 2.257648, 43.925606 ], [ 2.257895, 43.925487 ], [ 2.257609382087594, 43.925608296899277 ] ] ], [ [ [ 2.201073919720464, 43.973995434048959 ], [ 2.203256142967306, 43.972017035706926 ], [ 2.20319, 43.971994 ], [ 2.201073919720464, 43.973995434048959 ] ] ], [ [ [ 2.172059266544777, 43.988117717142316 ], [ 2.171651645023803, 43.991662459217061 ], [ 2.172624, 43.988898 ], [ 2.172059266544777, 43.988117717142316 ] ] ], [ [ [ 2.162343648314426, 43.980475276122966 ], [ 2.162203, 43.980406 ], [ 2.161672, 43.980344 ], [ 2.161407039377467, 43.980266887322259 ], [ 2.161404, 43.980277 ], [ 2.160222, 43.979922 ], [ 2.151458, 43.981126 ], [ 2.150411233125542, 43.982855309114491 ], [ 2.155418, 43.980806 ], [ 2.158943, 43.981535 ], [ 2.162343648314426, 43.980475276122966 ] ] ] ] } },
{ "type": "Feature", "properties": { "codgeo": "81218", "value": 1080, "isochrone_group": 18.0, "nb_agences": 1 }, "geometry": { "type": "MultiPolygon", "coordinates": [ [ [ [ 2.286448, 43.918297 ], [ 2.294344, 43.920747 ], [ 2.296057, 43.921532 ], [ 2.29947, 43.924164 ], [ 2.300956, 43.925717 ], [ 2.301229, 43.925765 ], [ 2.30254, 43.925085 ], [ 2.30346, 43.923752 ], [ 2.304621, 43.920213 ], [ 2.304693, 43.918707 ], [ 2.304772, 43.917925 ], [ 2.304249, 43.916484 ], [ 2.303414, 43.915758 ], [ 2.303694494881768, 43.9078893316996 ], [ 2.300692, 43.913386 ], [ 2.302397, 43.914541 ], [ 2.302666, 43.915456 ], [ 2.302679, 43.915873 ], [ 2.299534, 43.916827 ], [ 2.298628, 43.916843 ], [ 2.29374, 43.917033 ], [ 2.285894424605829, 43.917482949748198 ], [ 2.285697, 43.917693 ], [ 2.28222, 43.921337 ], [ 2.278889, 43.922702 ], [ 2.27434, 43.922675 ], [ 2.274235689624406, 43.922652987502573 ], [ 2.278785, 43.925749 ], [ 2.281277, 43.92561 ], [ 2.284142, 43.924899 ], [ 2.285281, 43.921703 ], [ 2.286448, 43.918297 ] ] ], [ [ [ 2.304933, 43.905622 ], [ 2.304714882659204, 43.906021307482646 ], [ 2.304998262023617, 43.905623087700405 ], [ 2.304933, 43.905622 ] ] ], [ [ [ 2.31502, 43.900395 ], [ 2.318297, 43.900837 ], [ 2.31978, 43.900999 ], [ 2.323312, 43.901622 ], [ 2.323693, 43.901483 ], [ 2.326251, 43.900515 ], [ 2.330832, 43.898455 ], [ 2.332722, 43.89766 ], [ 2.333688, 43.895086 ], [ 2.331411, 43.88988 ], [ 2.331272, 43.889673 ], [ 2.330499, 43.889193 ], [ 2.330361, 43.889171 ], [ 2.329916, 43.889147 ], [ 2.325845, 43.887901 ], [ 2.323431, 43.887365 ], [ 2.321286, 43.878994 ], [ 2.321641, 43.877876 ], [ 2.321412, 43.876913 ], [ 2.321326, 43.876757 ], [ 2.319816, 43.875776 ], [ 2.319382, 43.875484 ], [ 2.318714, 43.875009 ], [ 2.311829, 43.870162 ], [ 2.310285, 43.86875 ], [ 2.309711, 43.868266 ], [ 2.308946, 43.867942 ], [ 2.308267, 43.867865 ], [ 2.306559, 43.868316 ], [ 2.305979, 43.868532 ], [ 2.30458, 43.869134 ], [ 2.305353, 43.868935 ], [ 2.305611, 43.868923 ], [ 2.306575, 43.86965 ], [ 2.307574, 43.870578 ], [ 2.30859, 43.87246 ], [ 2.308808, 43.873126 ], [ 2.310577, 43.877543 ], [ 2.316124, 43.878499 ], [ 2.31934, 43.876882 ], [ 2.319548, 43.877295 ], [ 2.319748, 43.878032 ], [ 2.319814, 43.87912 ], [ 2.319717, 43.879896 ], [ 2.319537, 43.880444 ], [ 2.322922, 43.888578 ], [ 2.326163, 43.890057 ], [ 2.326386, 43.890226 ], [ 2.326873, 43.891652 ], [ 2.326856, 43.891762 ], [ 2.326814, 43.891962 ], [ 2.326803, 43.892 ], [ 2.324213, 43.893097 ], [ 2.320125, 43.892282 ], [ 2.313805, 43.896288 ], [ 2.312942, 43.899783 ], [ 2.311186533078116, 43.900974909916322 ], [ 2.314344, 43.900256 ], [ 2.31502, 43.900395 ] ] ], [ [ [ 2.298228, 43.869096 ], [ 2.296816, 43.868954 ], [ 2.295364, 43.860189 ], [ 2.29712, 43.859943 ], [ 2.297525, 43.859956 ], [ 2.298061, 43.859099 ], [ 2.298652, 43.858187 ], [ 2.298514, 43.857769 ], [ 2.298289, 43.85736 ], [ 2.297637, 43.856357 ], [ 2.296226, 43.855527 ], [ 2.29599, 43.855742 ], [ 2.293979, 43.856866 ], [ 2.293338, 43.857077 ], [ 2.292068653005398, 43.857436772296815 ], [ 2.292137, 43.857558 ], [ 2.293006, 43.861052 ], [ 2.290195, 43.864007 ], [ 2.290574, 43.872277 ], [ 2.292612, 43.873443 ], [ 2.298689, 43.873363 ], [ 2.301521, 43.871116 ], [ 2.303708, 43.86986 ], [ 2.30458, 43.869134 ], [ 2.298863, 43.869262 ], [ 2.298228, 43.869096 ] ] ], [ [ [ 2.302836, 43.848693 ], [ 2.307234, 43.849739 ], [ 2.31064, 43.851833 ], [ 2.313038, 43.849147 ], [ 2.31142, 43.847703 ], [ 2.308503, 43.839577 ], [ 2.307841, 43.838856 ], [ 2.307279, 43.838406 ], [ 2.302078, 43.83461 ], [ 2.301357, 43.834143 ], [ 2.300625, 43.833965 ], [ 2.299981, 43.83398 ], [ 2.295045, 43.832708 ], [ 2.292212, 43.826589 ], [ 2.291992, 43.825969 ], [ 2.284621, 43.822556 ], [ 2.281649, 43.820525 ], [ 2.2795, 43.81311 ], [ 2.279441, 43.810657 ], [ 2.279306, 43.810026 ], [ 2.279157, 43.809563 ], [ 2.278646, 43.80852 ], [ 2.278199, 43.807847 ], [ 2.277864, 43.807492 ], [ 2.277142, 43.80691 ], [ 2.276451, 43.806505 ], [ 2.276069, 43.806341 ], [ 2.275795, 43.806247 ], [ 2.274626, 43.809652 ], [ 2.269074, 43.815967 ], [ 2.273066, 43.815032 ], [ 2.274626, 43.818276 ], [ 2.273686, 43.818728 ], [ 2.270516, 43.822964 ], [ 2.274703, 43.828942 ], [ 2.278075, 43.828329 ], [ 2.279094, 43.82843 ], [ 2.281835, 43.82851 ], [ 2.287188, 43.830027 ], [ 2.292173, 43.832222 ], [ 2.298203, 43.834859 ], [ 2.300919, 43.837222 ], [ 2.303663, 43.8415 ], [ 2.302146, 43.844766 ], [ 2.300983, 43.844225 ], [ 2.294397216300144, 43.845664794440424 ], [ 2.300931, 43.845638 ], [ 2.302836, 43.848693 ] ] ], [ [ [ 2.255109, 43.814364 ], [ 2.25284, 43.81467 ], [ 2.246257, 43.811207 ], [ 2.245901, 43.810733 ], [ 2.245389, 43.810718 ], [ 2.244425, 43.81109 ], [ 2.242763, 43.812496 ], [ 2.236057, 43.81335 ], [ 2.23343, 43.810889 ], [ 2.230943, 43.809771 ], [ 2.225272, 43.807086 ], [ 2.223647, 43.803874 ], [ 2.222121, 43.798078 ], [ 2.221646, 43.79451 ], [ 2.221636, 43.793671 ], [ 2.218072, 43.793165 ], [ 2.209706, 43.79362 ], [ 2.208896, 43.791514 ], [ 2.205318, 43.791903 ], [ 2.20542, 43.792842 ], [ 2.205798, 43.79541 ], [ 2.205762, 43.796141 ], [ 2.204101, 43.800059 ], [ 2.20439, 43.800213 ], [ 2.205039, 43.800509 ], [ 2.205481, 43.80928 ], [ 2.210265, 43.803084 ], [ 2.211009, 43.797464 ], [ 2.212508, 43.796784 ], [ 2.213274, 43.79656 ], [ 2.215781, 43.796368 ], [ 2.217314, 43.796313 ], [ 2.21961, 43.799085 ], [ 2.219871, 43.803876 ], [ 2.223415, 43.810471 ], [ 2.229158, 43.811038 ], [ 2.229483, 43.810958 ], [ 2.233962, 43.813571 ], [ 2.238797, 43.814456 ], [ 2.246529, 43.816343 ], [ 2.248017, 43.814757 ], [ 2.250372, 43.815153 ], [ 2.251223, 43.818651 ], [ 2.25956, 43.821242 ], [ 2.260024, 43.820987 ], [ 2.260734, 43.820793 ], [ 2.265469, 43.817933 ], [ 2.265911, 43.817495 ], [ 2.257024, 43.817413 ], [ 2.255109, 43.814364 ] ] ], [ [ [ 2.193014, 43.794722 ], [ 2.193068, 43.794635 ], [ 2.193541, 43.793351 ], [ 2.19366, 43.791384 ], [ 2.193642, 43.789032 ], [ 2.192423, 43.785367 ], [ 2.188493, 43.782424 ], [ 2.186141, 43.778095 ], [ 2.185363, 43.777745 ], [ 2.184566, 43.777784 ], [ 2.179904, 43.779338 ], [ 2.174592, 43.778002 ], [ 2.173066, 43.777863 ], [ 2.172892, 43.777868 ], [ 2.172059, 43.778443 ], [ 2.171887, 43.778696 ], [ 2.171492, 43.780364 ], [ 2.173345, 43.78345 ], [ 2.174488, 43.785087 ], [ 2.174396, 43.78463 ], [ 2.174385, 43.784009 ], [ 2.174855, 43.782463 ], [ 2.175338, 43.781852 ], [ 2.175882, 43.781312 ], [ 2.176467, 43.780848 ], [ 2.177961, 43.782458 ], [ 2.182471, 43.785393 ], [ 2.189342, 43.785488 ], [ 2.190094, 43.78588 ], [ 2.190258, 43.786232 ], [ 2.190424, 43.786688 ], [ 2.190544, 43.787393 ], [ 2.1914, 43.790222 ], [ 2.191523, 43.793893 ], [ 2.189149, 43.797114 ], [ 2.190677, 43.805702 ], [ 2.190753, 43.798959 ], [ 2.193014, 43.794722 ] ] ], [ [ [ 2.175006, 43.786369 ], [ 2.174488, 43.785087 ], [ 2.171709435386854, 43.789235160120093 ], [ 2.175006, 43.786369 ] ] ], [ [ [ 2.168488, 43.792036 ], [ 2.168530022919113, 43.791999463657163 ], [ 2.168072, 43.792021 ], [ 2.168488, 43.792036 ] ] ], [ [ [ 2.154078, 43.787307 ], [ 2.147064, 43.784341 ], [ 2.143702, 43.779919 ], [ 2.141352, 43.779556 ], [ 2.140452, 43.779656 ], [ 2.136801, 43.780507 ], [ 2.136800953169203, 43.780507119362362 ], [ 2.138806, 43.780212 ], [ 2.138957, 43.780187 ], [ 2.140034, 43.78081 ], [ 2.14026, 43.781684 ], [ 2.140477, 43.782847 ], [ 2.140479, 43.783188 ], [ 2.139549, 43.783738 ], [ 2.139398, 43.783763 ], [ 2.137294, 43.784074 ], [ 2.13310029166706, 43.788590248153682 ], [ 2.131667, 43.791124 ], [ 2.131007, 43.794522 ], [ 2.13257, 43.802383 ], [ 2.126645, 43.807099 ], [ 2.127603, 43.807327 ], [ 2.127781, 43.807396 ], [ 2.13152, 43.813714 ], [ 2.139162, 43.813049 ], [ 2.139898, 43.809525 ], [ 2.139424, 43.804539 ], [ 2.139348, 43.803303 ], [ 2.138383, 43.799835 ], [ 2.138391, 43.799441 ], [ 2.137928, 43.794923 ], [ 2.136571, 43.790773 ], [ 2.135858, 43.787244 ], [ 2.136305, 43.785576 ], [ 2.136504, 43.785127 ], [ 2.136704, 43.784792 ], [ 2.1381, 43.785405 ], [ 2.142749, 43.788133 ], [ 2.147209, 43.790097 ], [ 2.149999, 43.792371 ], [ 2.158173, 43.795972 ], [ 2.160235, 43.793508 ], [ 2.162911, 43.793115 ], [ 2.157569, 43.791845 ], [ 2.154078, 43.787307 ] ] ], [ [ [ 2.114085, 43.800379 ], [ 2.105651, 43.800771 ], [ 2.104606, 43.80114 ], [ 2.104489, 43.80123 ], [ 2.104481, 43.804175 ], [ 2.105006, 43.804356 ], [ 2.106102, 43.804733 ], [ 2.106829, 43.80495 ], [ 2.110597, 43.807536 ], [ 2.113078, 43.811193 ], [ 2.10963827880733, 43.818046025035081 ], [ 2.109813, 43.817985 ], [ 2.114973, 43.813034 ], [ 2.11329, 43.806314 ], [ 2.114185, 43.802827 ], [ 2.116187, 43.803341 ], [ 2.116578, 43.803474 ], [ 2.118515, 43.804006 ], [ 2.125565, 43.806985 ], [ 2.126645, 43.807099 ], [ 2.122826, 43.80248 ], [ 2.114085, 43.800379 ] ] ], [ [ [ 2.091325, 43.820438 ], [ 2.089495, 43.821406 ], [ 2.089059, 43.822031 ], [ 2.086785134034468, 43.826555771870815 ], [ 2.09121, 43.824426 ], [ 2.09155, 43.82422 ], [ 2.09327, 43.824845 ], [ 2.093409, 43.82499 ], [ 2.093634883727788, 43.825339561510312 ], [ 2.097259, 43.821262 ], [ 2.098223, 43.821275 ], [ 2.106864, 43.819015 ], [ 2.098363, 43.819336 ], [ 2.091325, 43.820438 ] ] ], [ [ [ 2.248938, 43.929197 ], [ 2.24889913971165, 43.929315599392751 ], [ 2.251765232242221, 43.928269694879404 ], [ 2.248938, 43.929197 ] ] ], [ [ [ 2.242383591556949, 43.942950293701763 ], [ 2.24286, 43.942612 ], [ 2.244519353926505, 43.938364483680765 ], [ 2.244512, 43.938368 ], [ 2.243336, 43.939125 ], [ 2.242383591556949, 43.942950293701763 ] ] ], [ [ [ 2.23796, 43.951233 ], [ 2.236598, 43.952373 ], [ 2.237968892795152, 43.951227089611052 ], [ 2.23796, 43.951233 ] ] ], [ [ [ 2.217818147975596, 43.980990697024659 ], [ 2.216864, 43.980525 ], [ 2.217818, 43.980991 ], [ 2.217818147975596, 43.980990697024659 ] ] ], [ [ [ 2.207283, 43.976003 ], [ 2.206894440696038, 43.976658121966182 ], [ 2.207296775514273, 43.976007985475789 ], [ 2.207283, 43.976003 ] ] ], [ [ [ 2.202972, 43.985018 ], [ 2.202950254141873, 43.985032972558059 ], [ 2.202951, 43.985033 ], [ 2.202972, 43.985018 ] ] ], [ [ [ 2.176238, 44.005565 ], [ 2.178214993631435, 44.00774800576486 ], [ 2.178215, 44.007748 ], [ 2.176238, 44.005565 ] ] ], [ [ [ 2.175546046636597, 44.010163957784187 ], [ 2.17357, 44.007981 ], [ 2.175546, 44.010164 ], [ 2.175546046636597, 44.010163957784187 ] ] ], [ [ [ 2.140723963614969, 43.986705181760961 ], [ 2.140774, 43.986839 ], [ 2.140903, 43.986874 ], [ 2.140969757579504, 43.986889983413704 ], [ 2.140941, 43.986868 ], [ 2.140723963614969, 43.986705181760961 ] ] ], [ [ [ 2.113613, 43.958853 ], [ 2.113236, 43.958882 ], [ 2.1192433707162, 43.96008195171315 ], [ 2.117286, 43.958573 ], [ 2.115868, 43.958575 ], [ 2.114394, 43.958747 ], [ 2.113613, 43.958853 ] ] ] ] } },
{ "type": "Feature", "properties": { "codgeo": "81218", "value": 1140, "isochrone_group": 19.0, "nb_agences": 1 }, "geometry": { "type": "MultiPolygon", "coordinates": [ [ [ [ 2.318395, 43.904591 ], [ 2.326894, 43.902025 ], [ 2.328441, 43.901989 ], [ 2.331538, 43.899328 ], [ 2.336794, 43.897096 ], [ 2.339142, 43.896564 ], [ 2.339016, 43.892966 ], [ 2.336685, 43.891283 ], [ 2.33489, 43.890442 ], [ 2.328278, 43.885461 ], [ 2.32654, 43.884208 ], [ 2.321641, 43.877876 ], [ 2.321286, 43.878994 ], [ 2.323431, 43.887365 ], [ 2.325845, 43.887901 ], [ 2.329916, 43.889147 ], [ 2.330361, 43.889171 ], [ 2.330499, 43.889193 ], [ 2.331272, 43.889673 ], [ 2.331411, 43.88988 ], [ 2.333688, 43.895086 ], [ 2.332722, 43.89766 ], [ 2.330832, 43.898455 ], [ 2.326251, 43.900515 ], [ 2.323693, 43.901483 ], [ 2.323312, 43.901622 ], [ 2.31978, 43.900999 ], [ 2.318297, 43.900837 ], [ 2.31502, 43.900395 ], [ 2.314344, 43.900256 ], [ 2.307409, 43.901835 ], [ 2.31608, 43.901834 ], [ 2.318395, 43.904591 ] ] ], [ [ [ 2.32136, 43.875288 ], [ 2.321278, 43.874832 ], [ 2.320639, 43.873706 ], [ 2.319839, 43.873186 ], [ 2.316259, 43.870376 ], [ 2.313309, 43.868313 ], [ 2.308946, 43.867942 ], [ 2.309711, 43.868266 ], [ 2.310285, 43.86875 ], [ 2.311829, 43.870162 ], [ 2.318714, 43.875009 ], [ 2.319382, 43.875484 ], [ 2.319816, 43.875776 ], [ 2.321326, 43.876757 ], [ 2.321412, 43.876913 ], [ 2.321641, 43.877876 ], [ 2.321382, 43.87546 ], [ 2.32136, 43.875288 ] ] ], [ [ [ 2.300875, 43.859349 ], [ 2.302272, 43.857184 ], [ 2.308689, 43.854621 ], [ 2.314494, 43.855126 ], [ 2.315812, 43.855943 ], [ 2.317122, 43.856582 ], [ 2.31799, 43.856919 ], [ 2.318716, 43.857163 ], [ 2.320685, 43.857815 ], [ 2.321596, 43.858027 ], [ 2.322669, 43.858225 ], [ 2.323074, 43.858275 ], [ 2.323944, 43.8579 ], [ 2.324419, 43.857557 ], [ 2.32352, 43.854703 ], [ 2.323116, 43.854652 ], [ 2.316194, 43.848925 ], [ 2.31575, 43.848125 ], [ 2.314829, 43.839643 ], [ 2.314786, 43.839205 ], [ 2.314051, 43.838034 ], [ 2.313159, 43.83764 ], [ 2.312533, 43.837578 ], [ 2.311826, 43.837702 ], [ 2.304039717185681, 43.836041778203594 ], [ 2.307279, 43.838406 ], [ 2.307841, 43.838856 ], [ 2.308503, 43.839577 ], [ 2.31142, 43.847703 ], [ 2.313038, 43.849147 ], [ 2.31064, 43.851833 ], [ 2.307234, 43.849739 ], [ 2.302836, 43.848693 ], [ 2.300931, 43.845638 ], [ 2.292884, 43.845671 ], [ 2.292466, 43.846087 ], [ 2.292021, 43.846445 ], [ 2.290943, 43.847038 ], [ 2.290647, 43.847226 ], [ 2.290257, 43.847466 ], [ 2.288734, 43.848544 ], [ 2.288047, 43.849318 ], [ 2.28774, 43.849759 ], [ 2.291461, 43.857609 ], [ 2.293338, 43.857077 ], [ 2.293979, 43.856866 ], [ 2.29599, 43.855742 ], [ 2.296226, 43.855527 ], [ 2.297637, 43.856357 ], [ 2.298289, 43.85736 ], [ 2.298514, 43.857769 ], [ 2.298652, 43.858187 ], [ 2.298061, 43.859099 ], [ 2.297525, 43.859956 ], [ 2.29712, 43.859943 ], [ 2.295364, 43.860189 ], [ 2.296816, 43.868954 ], [ 2.298228, 43.869096 ], [ 2.298863, 43.869262 ], [ 2.30458, 43.869134 ], [ 2.305979, 43.868532 ], [ 2.298955, 43.86294 ], [ 2.300875, 43.859349 ] ] ], [ [ [ 2.299623, 43.828683 ], [ 2.298563, 43.827593 ], [ 2.294904, 43.82055 ], [ 2.294323, 43.819952 ], [ 2.293341, 43.81941 ], [ 2.292066, 43.819405 ], [ 2.286588, 43.817295 ], [ 2.282979, 43.811167 ], [ 2.281394, 43.807935 ], [ 2.27933, 43.803292 ], [ 2.277045, 43.80051 ], [ 2.268521, 43.79942 ], [ 2.267823, 43.798945 ], [ 2.267136, 43.798594 ], [ 2.266737, 43.798445 ], [ 2.265477, 43.801817 ], [ 2.266709, 43.804652 ], [ 2.268927, 43.807657 ], [ 2.268232, 43.816144 ], [ 2.269074, 43.815967 ], [ 2.274626, 43.809652 ], [ 2.275795, 43.806247 ], [ 2.276069, 43.806341 ], [ 2.276451, 43.806505 ], [ 2.277142, 43.80691 ], [ 2.277864, 43.807492 ], [ 2.278199, 43.807847 ], [ 2.278646, 43.80852 ], [ 2.279157, 43.809563 ], [ 2.279306, 43.810026 ], [ 2.279441, 43.810657 ], [ 2.2795, 43.81311 ], [ 2.281649, 43.820525 ], [ 2.284621, 43.822556 ], [ 2.291992, 43.825969 ], [ 2.292212, 43.826589 ], [ 2.295045, 43.832708 ], [ 2.299981, 43.83398 ], [ 2.300625, 43.833965 ], [ 2.301357, 43.834143 ], [ 2.302078, 43.83461 ], [ 2.302327013767784, 43.834791745099515 ], [ 2.29981, 43.829088 ], [ 2.299623, 43.828683 ] ] ], [ [ [ 2.260486, 43.81354 ], [ 2.258207, 43.81305 ], [ 2.255942, 43.813971 ], [ 2.248548, 43.809546 ], [ 2.244449, 43.806727 ], [ 2.242881, 43.806295 ], [ 2.240412, 43.808916 ], [ 2.234024, 43.807987 ], [ 2.226766, 43.80307 ], [ 2.225882, 43.795963 ], [ 2.221143, 43.788603 ], [ 2.218682, 43.788508 ], [ 2.21065, 43.788241 ], [ 2.2035, 43.785185 ], [ 2.203001, 43.784906 ], [ 2.195586, 43.782782 ], [ 2.192058, 43.775721 ], [ 2.192019, 43.775684 ], [ 2.189728, 43.774764 ], [ 2.188261, 43.774169 ], [ 2.186502, 43.77423 ], [ 2.179907, 43.776065 ], [ 2.174898, 43.775127 ], [ 2.174849, 43.775127 ], [ 2.167865, 43.776579 ], [ 2.167473, 43.776718 ], [ 2.16695, 43.780043 ], [ 2.166393, 43.783891 ], [ 2.158595, 43.785595 ], [ 2.155544, 43.781653 ], [ 2.154323, 43.77966 ], [ 2.153888, 43.778456 ], [ 2.153416, 43.778701 ], [ 2.152239, 43.779246 ], [ 2.151126, 43.779753 ], [ 2.149474962213721, 43.779900948095253 ], [ 2.150462, 43.779995 ], [ 2.1509, 43.779844 ], [ 2.152078, 43.783246 ], [ 2.15164, 43.783397 ], [ 2.150704, 43.783696 ], [ 2.149921, 43.783916 ], [ 2.149389, 43.784024 ], [ 2.14883, 43.784089 ], [ 2.14817, 43.784118 ], [ 2.147653, 43.784098 ], [ 2.147043155721806, 43.784313583760209 ], [ 2.147064, 43.784341 ], [ 2.154078, 43.787307 ], [ 2.157569, 43.791845 ], [ 2.162911, 43.793115 ], [ 2.165561, 43.792467 ], [ 2.166342, 43.792187 ], [ 2.166795, 43.792124 ], [ 2.168072, 43.792021 ], [ 2.169901, 43.791935 ], [ 2.174488, 43.785087 ], [ 2.173345, 43.78345 ], [ 2.171492, 43.780364 ], [ 2.171887, 43.778696 ], [ 2.172059, 43.778443 ], [ 2.172892, 43.777868 ], [ 2.173066, 43.777863 ], [ 2.174592, 43.778002 ], [ 2.179904, 43.779338 ], [ 2.184566, 43.777784 ], [ 2.185363, 43.777745 ], [ 2.186141, 43.778095 ], [ 2.188493, 43.782424 ], [ 2.192423, 43.785367 ], [ 2.193642, 43.789032 ], [ 2.19366, 43.791384 ], [ 2.193541, 43.793351 ], [ 2.193068, 43.794635 ], [ 2.193014, 43.794722 ], [ 2.190753, 43.798959 ], [ 2.190677, 43.805702 ], [ 2.188125, 43.808241 ], [ 2.18307213710715, 43.81255952713628 ], [ 2.184782, 43.820372 ], [ 2.187723, 43.823102 ], [ 2.188542487711468, 43.823006688047158 ], [ 2.1892, 43.822221 ], [ 2.189902, 43.821697 ], [ 2.190332, 43.821441 ], [ 2.190966, 43.82118 ], [ 2.195781, 43.816784 ], [ 2.196024, 43.816527 ], [ 2.196652, 43.815963 ], [ 2.198532, 43.814811 ], [ 2.201428, 43.811194 ], [ 2.202019, 43.810345 ], [ 2.202507, 43.809962 ], [ 2.205481, 43.80928 ], [ 2.205039, 43.800509 ], [ 2.20439, 43.800213 ], [ 2.204101, 43.800059 ], [ 2.205762, 43.796141 ], [ 2.205798, 43.79541 ], [ 2.20542, 43.792842 ], [ 2.205318, 43.791903 ], [ 2.208896, 43.791514 ], [ 2.209706, 43.79362 ], [ 2.218072, 43.793165 ], [ 2.221636, 43.793671 ], [ 2.221646, 43.79451 ], [ 2.222121, 43.798078 ], [ 2.223647, 43.803874 ], [ 2.225272, 43.807086 ], [ 2.230943, 43.809771 ], [ 2.23343, 43.810889 ], [ 2.236057, 43.81335 ], [ 2.242763, 43.812496 ], [ 2.244425, 43.81109 ], [ 2.245389, 43.810718 ], [ 2.245901, 43.810733 ], [ 2.246257, 43.811207 ], [ 2.25284, 43.81467 ], [ 2.255109, 43.814364 ], [ 2.257024, 43.817413 ], [ 2.265911, 43.817495 ], [ 2.266986, 43.81669 ], [ 2.268232, 43.816144 ], [ 2.261483, 43.814544 ], [ 2.260486, 43.81354 ] ] ], [ [ [ 2.127881, 43.803042 ], [ 2.127342, 43.802985 ], [ 2.12629, 43.80275 ], [ 2.125849, 43.802585 ], [ 2.124157, 43.801572 ], [ 2.117455, 43.800454 ], [ 2.115850719703759, 43.800803411062532 ], [ 2.122826, 43.80248 ], [ 2.126645, 43.807099 ], [ 2.13257, 43.802383 ], [ 2.131970145199471, 43.799366071921334 ], [ 2.13167, 43.802754 ], [ 2.127881, 43.803042 ] ] ], [ [ [ 2.103673, 43.80127 ], [ 2.101342, 43.798527 ], [ 2.100716813176009, 43.798411979206172 ], [ 2.098475, 43.799879 ], [ 2.098454, 43.800114 ], [ 2.098487, 43.800708 ], [ 2.098963, 43.801728 ], [ 2.09991, 43.806522 ], [ 2.095129, 43.812951 ], [ 2.093856, 43.813978 ], [ 2.093788, 43.814032 ], [ 2.093236, 43.814665 ], [ 2.092006, 43.816715 ], [ 2.086691, 43.82156 ], [ 2.081596979390815, 43.828756992845847 ], [ 2.081647, 43.828773 ], [ 2.087358159939741, 43.825415506113416 ], [ 2.088712076169735, 43.822721344643121 ], [ 2.088629, 43.821398 ], [ 2.091393, 43.8191 ], [ 2.091501, 43.819114 ], [ 2.094231805672171, 43.819982856514521 ], [ 2.098363, 43.819336 ], [ 2.106864, 43.819015 ], [ 2.109302, 43.818716 ], [ 2.113078, 43.811193 ], [ 2.110597, 43.807536 ], [ 2.106829, 43.80495 ], [ 2.106102, 43.804733 ], [ 2.105006, 43.804356 ], [ 2.104481, 43.804175 ], [ 2.104489, 43.80123 ], [ 2.104606, 43.80114 ], [ 2.105651, 43.800771 ], [ 2.112226550060913, 43.800465378038432 ], [ 2.10835814512385, 43.798759699563661 ], [ 2.103673, 43.80127 ] ] ], [ [ [ 2.144686222429543, 43.779444643276577 ], [ 2.141423978296245, 43.777319402798867 ], [ 2.143651, 43.779346 ], [ 2.144686222429543, 43.779444643276577 ] ] ], [ [ [ 2.13422, 43.775603 ], [ 2.128822048580603, 43.781476980365106 ], [ 2.133376, 43.777543 ], [ 2.13422, 43.775603 ] ] ], [ [ [ 2.124211250779825, 43.78263689863708 ], [ 2.126091, 43.781888 ], [ 2.128719, 43.781566 ], [ 2.128719120640838, 43.781565895783096 ], [ 2.124892, 43.78203 ], [ 2.124702, 43.782054 ], [ 2.124211250779825, 43.78263689863708 ] ] ], [ [ [ 2.294438, 43.925475 ], [ 2.301401, 43.926949 ], [ 2.303175, 43.93079 ], [ 2.303403, 43.932107 ], [ 2.303978, 43.932737 ], [ 2.304669, 43.933069 ], [ 2.304728, 43.933089 ], [ 2.30509, 43.93311 ], [ 2.305226, 43.933091 ], [ 2.305386, 43.933046 ], [ 2.306777, 43.93132 ], [ 2.307229, 43.929283 ], [ 2.307514, 43.927328 ], [ 2.307222, 43.926323 ], [ 2.304772, 43.917925 ], [ 2.304693, 43.918707 ], [ 2.304621, 43.920213 ], [ 2.30346, 43.923752 ], [ 2.30254, 43.925085 ], [ 2.301229, 43.925765 ], [ 2.300956, 43.925717 ], [ 2.29947, 43.924164 ], [ 2.296057, 43.921532 ], [ 2.294344, 43.920747 ], [ 2.290863380771875, 43.919667020629575 ], [ 2.287701, 43.923546 ], [ 2.28619, 43.926813 ], [ 2.280942, 43.926861 ], [ 2.275173, 43.92611 ], [ 2.274766, 43.926032 ], [ 2.274271, 43.925906 ], [ 2.266095, 43.923507 ], [ 2.266093574800416, 43.92350732558203 ], [ 2.2722, 43.926596 ], [ 2.277304, 43.92892 ], [ 2.280723, 43.929809 ], [ 2.288012, 43.927314 ], [ 2.294438, 43.925475 ] ] ], [ [ [ 2.238569, 43.950734 ], [ 2.238883106966581, 43.952830311638365 ], [ 2.240411, 43.949604 ], [ 2.238569, 43.950734 ] ] ], [ [ [ 2.230772, 43.979011 ], [ 2.231213931148592, 43.978939964953732 ], [ 2.231211, 43.978925 ], [ 2.230772, 43.979011 ] ] ], [ [ [ 2.231903, 43.982458 ], [ 2.231835170242782, 43.982111695762654 ], [ 2.23165, 43.982484 ], [ 2.231005538538627, 43.982777646832133 ], [ 2.231903, 43.982458 ] ] ], [ [ [ 2.210949, 43.986697 ], [ 2.210970402700125, 43.986979821394485 ], [ 2.210975, 43.986978 ], [ 2.210949, 43.986697 ] ] ], [ [ [ 2.185549194122495, 43.987424516920818 ], [ 2.185176, 43.987632 ], [ 2.185528, 43.987474 ], [ 2.185549194122495, 43.987424516920818 ] ] ], [ [ [ 2.183412, 43.988526 ], [ 2.182895193829837, 43.990806491855679 ], [ 2.184594739956522, 43.98792658417171 ], [ 2.183412, 43.988526 ] ] ], [ [ [ 2.18158, 43.99661 ], [ 2.181872006197288, 43.997224051309601 ], [ 2.181886, 43.997217 ], [ 2.18158, 43.99661 ] ] ], [ [ [ 2.181796877454516, 44.021801719113903 ], [ 2.181364, 44.021172 ], [ 2.181795, 44.021803 ], [ 2.181796877454516, 44.021801719113903 ] ] ], [ [ [ 2.164684, 44.008973 ], [ 2.164450587765612, 44.00921070487319 ], [ 2.164465, 44.009212 ], [ 2.164684, 44.008973 ] ] ], [ [ [ 2.115616087175279, 43.959357414256623 ], [ 2.113442356443822, 43.958923218992474 ], [ 2.108376, 43.961008 ], [ 2.107927, 43.961385 ], [ 2.10693427920185, 43.963320884469006 ], [ 2.107421, 43.963209 ], [ 2.110459, 43.962157 ], [ 2.111577, 43.961325 ], [ 2.114808, 43.959737 ], [ 2.115616087175279, 43.959357414256623 ] ] ] ] } },
{ "type": "Feature", "properties": { "codgeo": "81218", "value": 1200, "isochrone_group": 20.0, "nb_agences": 1 }, "geometry": { "type": "MultiPolygon", "coordinates": [ [ [ [ 2.314514, 43.907792 ], [ 2.316895, 43.905884 ], [ 2.322521, 43.904327 ], [ 2.325966, 43.90537 ], [ 2.329224, 43.90465 ], [ 2.331991, 43.902347 ], [ 2.338497, 43.898008 ], [ 2.345468, 43.89726 ], [ 2.346694, 43.897428 ], [ 2.351922, 43.896064 ], [ 2.352212, 43.895613 ], [ 2.35233, 43.892487 ], [ 2.351837, 43.892431 ], [ 2.351381, 43.892418 ], [ 2.350647, 43.89242 ], [ 2.349712, 43.892726 ], [ 2.341622, 43.891891 ], [ 2.336474, 43.885909 ], [ 2.335893, 43.884713 ], [ 2.335346, 43.884293 ], [ 2.335153, 43.884193 ], [ 2.33297, 43.886099 ], [ 2.327795815811001, 43.885113372388503 ], [ 2.328278, 43.885461 ], [ 2.33489, 43.890442 ], [ 2.336685, 43.891283 ], [ 2.339016, 43.892966 ], [ 2.339142, 43.896564 ], [ 2.336794, 43.897096 ], [ 2.331538, 43.899328 ], [ 2.328441, 43.901989 ], [ 2.326894, 43.902025 ], [ 2.318395, 43.904591 ], [ 2.31608, 43.901834 ], [ 2.307409, 43.901835 ], [ 2.306056, 43.903319 ], [ 2.305212, 43.903794 ], [ 2.312264, 43.904982 ], [ 2.314514, 43.907792 ] ] ], [ [ [ 2.321102, 43.869265 ], [ 2.316924, 43.867433 ], [ 2.318998, 43.86018 ], [ 2.319598, 43.859665 ], [ 2.324835, 43.858495 ], [ 2.327602, 43.859741 ], [ 2.330568, 43.860064 ], [ 2.331572, 43.860261 ], [ 2.33232, 43.860433 ], [ 2.332775, 43.860566 ], [ 2.334495, 43.861169 ], [ 2.335138, 43.861346 ], [ 2.335688, 43.861418 ], [ 2.336335, 43.861501 ], [ 2.337323, 43.858039 ], [ 2.336954, 43.857934 ], [ 2.333968, 43.857169 ], [ 2.326601, 43.853124 ], [ 2.324789, 43.852444 ], [ 2.318407, 43.846245 ], [ 2.32006, 43.842392 ], [ 2.318118, 43.839361 ], [ 2.314051, 43.838034 ], [ 2.314786, 43.839205 ], [ 2.314829, 43.839643 ], [ 2.31575, 43.848125 ], [ 2.316194, 43.848925 ], [ 2.323116, 43.854652 ], [ 2.32352, 43.854703 ], [ 2.324419, 43.857557 ], [ 2.323944, 43.8579 ], [ 2.323074, 43.858275 ], [ 2.322669, 43.858225 ], [ 2.321596, 43.858027 ], [ 2.320685, 43.857815 ], [ 2.318716, 43.857163 ], [ 2.31799, 43.856919 ], [ 2.317122, 43.856582 ], [ 2.315812, 43.855943 ], [ 2.314494, 43.855126 ], [ 2.308689, 43.854621 ], [ 2.302272, 43.857184 ], [ 2.300875, 43.859349 ], [ 2.298955, 43.86294 ], [ 2.305979, 43.868532 ], [ 2.306559, 43.868316 ], [ 2.308267, 43.867865 ], [ 2.308946, 43.867942 ], [ 2.313309, 43.868313 ], [ 2.316259, 43.870376 ], [ 2.319839, 43.873186 ], [ 2.320639, 43.873706 ], [ 2.321278, 43.874832 ], [ 2.32136, 43.875288 ], [ 2.321382, 43.87546 ], [ 2.321641, 43.877876 ], [ 2.3224, 43.872623 ], [ 2.321102, 43.869265 ] ] ], [ [ [ 2.30294, 43.833534 ], [ 2.302344, 43.829984 ], [ 2.300194, 43.82409 ], [ 2.301176, 43.820627 ], [ 2.300845, 43.820533 ], [ 2.298679, 43.820203 ], [ 2.297895, 43.82021 ], [ 2.293341, 43.81941 ], [ 2.294323, 43.819952 ], [ 2.294904, 43.82055 ], [ 2.298563, 43.827593 ], [ 2.299623, 43.828683 ], [ 2.29981, 43.829088 ], [ 2.302407, 43.834973 ], [ 2.303417, 43.835909 ], [ 2.311826, 43.837702 ], [ 2.312533, 43.837578 ], [ 2.313159, 43.83764 ], [ 2.309978, 43.836093 ], [ 2.30294, 43.833534 ] ] ], [ [ [ 2.285379, 43.809181 ], [ 2.285196, 43.807857 ], [ 2.284649, 43.805744 ], [ 2.284065, 43.802755 ], [ 2.28046, 43.800223 ], [ 2.279355, 43.799702 ], [ 2.278559, 43.799731 ], [ 2.270686, 43.798503 ], [ 2.26902, 43.79653 ], [ 2.261803, 43.792762 ], [ 2.261144, 43.79235 ], [ 2.260452, 43.792152 ], [ 2.2597, 43.79207 ], [ 2.257383, 43.791962 ], [ 2.257215, 43.795558 ], [ 2.25965, 43.801819 ], [ 2.260659, 43.803201 ], [ 2.260448, 43.808585 ], [ 2.25183, 43.808882 ], [ 2.248886, 43.806831 ], [ 2.248237, 43.805976 ], [ 2.247108, 43.805576 ], [ 2.241265, 43.803152 ], [ 2.238511, 43.803806 ], [ 2.23773, 43.804234 ], [ 2.230025538980426, 43.80527820517591 ], [ 2.234024, 43.807987 ], [ 2.240412, 43.808916 ], [ 2.242881, 43.806295 ], [ 2.244449, 43.806727 ], [ 2.248548, 43.809546 ], [ 2.255942, 43.813971 ], [ 2.258207, 43.81305 ], [ 2.260486, 43.81354 ], [ 2.261483, 43.814544 ], [ 2.268232, 43.816144 ], [ 2.268927, 43.807657 ], [ 2.266709, 43.804652 ], [ 2.265477, 43.801817 ], [ 2.266737, 43.798445 ], [ 2.267136, 43.798594 ], [ 2.267823, 43.798945 ], [ 2.268521, 43.79942 ], [ 2.277045, 43.80051 ], [ 2.27933, 43.803292 ], [ 2.281394, 43.807935 ], [ 2.282979, 43.811167 ], [ 2.286588, 43.817295 ], [ 2.292066, 43.819405 ], [ 2.293341, 43.81941 ], [ 2.288956, 43.817098 ], [ 2.285379, 43.809181 ] ] ], [ [ [ 2.227163, 43.792027 ], [ 2.223496, 43.78769 ], [ 2.221425, 43.784793 ], [ 2.218943, 43.78373 ], [ 2.218745, 43.783884 ], [ 2.218338, 43.784318 ], [ 2.216519, 43.786754 ], [ 2.208828, 43.782919 ], [ 2.203972, 43.779945 ], [ 2.203464, 43.779606 ], [ 2.20295, 43.779361 ], [ 2.19942, 43.777896 ], [ 2.194024, 43.772042 ], [ 2.193596, 43.771924 ], [ 2.193086, 43.771821 ], [ 2.185461, 43.771503 ], [ 2.184585, 43.771766 ], [ 2.184163, 43.772094 ], [ 2.175446, 43.773147 ], [ 2.174863, 43.773401 ], [ 2.174044, 43.774112 ], [ 2.165521, 43.775438 ], [ 2.162495, 43.773487 ], [ 2.158705, 43.774243 ], [ 2.155635, 43.777448 ], [ 2.156122, 43.777223 ], [ 2.157231, 43.776824 ], [ 2.160244, 43.775625 ], [ 2.161049, 43.775196 ], [ 2.161502, 43.775224 ], [ 2.162231, 43.775821 ], [ 2.162742, 43.778374 ], [ 2.157877, 43.782038 ], [ 2.156029723293351, 43.78228057168873 ], [ 2.158595, 43.785595 ], [ 2.166393, 43.783891 ], [ 2.16695, 43.780043 ], [ 2.167473, 43.776718 ], [ 2.167865, 43.776579 ], [ 2.174849, 43.775127 ], [ 2.174898, 43.775127 ], [ 2.179907, 43.776065 ], [ 2.186502, 43.77423 ], [ 2.188261, 43.774169 ], [ 2.189728, 43.774764 ], [ 2.192019, 43.775684 ], [ 2.192058, 43.775721 ], [ 2.195586, 43.782782 ], [ 2.203001, 43.784906 ], [ 2.2035, 43.785185 ], [ 2.21065, 43.788241 ], [ 2.218682, 43.788508 ], [ 2.221143, 43.788603 ], [ 2.225882, 43.795963 ], [ 2.226766, 43.80307 ], [ 2.227957, 43.795538 ], [ 2.227163, 43.792027 ] ] ], [ [ [ 2.125014, 43.797363 ], [ 2.121304, 43.797781 ], [ 2.12077, 43.797711 ], [ 2.119524, 43.796965 ], [ 2.112162, 43.794852 ], [ 2.110442015214679, 43.799678531075863 ], [ 2.113938, 43.80122 ], [ 2.117455, 43.800454 ], [ 2.124157, 43.801572 ], [ 2.125849, 43.802585 ], [ 2.12629, 43.80275 ], [ 2.127342, 43.802985 ], [ 2.127881, 43.803042 ], [ 2.13167, 43.802754 ], [ 2.132341, 43.79518 ], [ 2.126587, 43.796881 ], [ 2.125014, 43.797363 ] ] ], [ [ [ 2.095639, 43.8021 ], [ 2.093777589818275, 43.801377034220828 ], [ 2.09545, 43.807145 ], [ 2.091911, 43.812729 ], [ 2.085483, 43.818966 ], [ 2.085152, 43.819064 ], [ 2.084541, 43.819275 ], [ 2.085719, 43.822677 ], [ 2.081595811783756, 43.828756619198543 ], [ 2.081596979390817, 43.828756992845847 ], [ 2.085668301823638, 43.823004900212098 ], [ 2.085933, 43.821447 ], [ 2.087473, 43.8187 ], [ 2.093788, 43.814032 ], [ 2.093856, 43.813978 ], [ 2.095129, 43.812951 ], [ 2.09991, 43.806522 ], [ 2.099533655778034, 43.804616831890065 ], [ 2.096014, 43.802206 ], [ 2.095639, 43.8021 ] ] ], [ [ [ 2.303723, 43.904311 ], [ 2.303068078226015, 43.904119192466958 ], [ 2.303068078226012, 43.904119192466958 ], [ 2.303723, 43.904311 ] ] ], [ [ [ 2.153416, 43.778701 ], [ 2.153842452598665, 43.778479642189268 ], [ 2.14912445717712, 43.777388684436019 ], [ 2.152239, 43.779246 ], [ 2.153416, 43.778701 ] ] ], [ [ [ 2.277539, 43.934443 ], [ 2.278159, 43.933933 ], [ 2.286116, 43.930138 ], [ 2.286566, 43.929918 ], [ 2.294935, 43.928953 ], [ 2.296697, 43.932395 ], [ 2.29938, 43.934795 ], [ 2.307983, 43.933559 ], [ 2.311009, 43.933796 ], [ 2.311669, 43.933855 ], [ 2.314794, 43.933607 ], [ 2.316455, 43.933477 ], [ 2.316582, 43.933388 ], [ 2.316836, 43.933169 ], [ 2.317214, 43.932778 ], [ 2.316946, 43.930721 ], [ 2.316617, 43.930476 ], [ 2.312188, 43.927747 ], [ 2.307057892154051, 43.925760478493764 ], [ 2.307222, 43.926323 ], [ 2.307514, 43.927328 ], [ 2.307229, 43.929283 ], [ 2.306777, 43.93132 ], [ 2.305386, 43.933046 ], [ 2.305226, 43.933091 ], [ 2.30509, 43.93311 ], [ 2.304728, 43.933089 ], [ 2.304669, 43.933069 ], [ 2.303978, 43.932737 ], [ 2.303403, 43.932107 ], [ 2.303175, 43.93079 ], [ 2.301401, 43.926949 ], [ 2.294438, 43.925475 ], [ 2.288012, 43.927314 ], [ 2.28398651847669, 43.928691908684392 ], [ 2.279887, 43.931812 ], [ 2.279068, 43.932928 ], [ 2.276165, 43.930798 ], [ 2.274407, 43.93006 ], [ 2.269802, 43.927367 ], [ 2.269674153896827, 43.927431958587974 ], [ 2.275265, 43.933672 ], [ 2.275418, 43.933968 ], [ 2.275839, 43.934347 ], [ 2.276268, 43.93445 ], [ 2.277539, 43.934443 ] ] ], [ [ [ 2.243901, 43.984823 ], [ 2.244401810486783, 43.985216242037168 ], [ 2.244402, 43.985216 ], [ 2.243901, 43.984823 ] ] ], [ [ [ 2.213086, 43.993383 ], [ 2.211732757976026, 43.993293322698648 ], [ 2.212862, 43.99364 ], [ 2.213086, 43.993383 ] ] ], [ [ [ 2.199347, 43.988927 ], [ 2.199917145978515, 43.989159789608792 ], [ 2.199439, 43.988675 ], [ 2.198539, 43.985795 ], [ 2.199347, 43.988927 ] ] ], [ [ [ 2.189793, 43.985907 ], [ 2.189791209928317, 43.985922544951478 ], [ 2.198539, 43.985795 ], [ 2.189793, 43.985907 ] ] ], [ [ [ 2.18322, 43.999201 ], [ 2.18333583105978, 43.999637593994557 ], [ 2.185919274856798, 43.992685996288031 ], [ 2.18322, 43.999201 ] ] ], [ [ [ 2.180746, 44.01085 ], [ 2.181169, 44.011496 ], [ 2.182513808044997, 44.006396789092719 ], [ 2.180746, 44.01085 ] ] ], [ [ [ 2.185247, 44.020389 ], [ 2.186833, 44.022313 ], [ 2.182673, 44.014933 ], [ 2.185247, 44.020389 ] ] ], [ [ [ 2.156675232541255, 44.013769582492436 ], [ 2.156282957868497, 44.013037528728113 ], [ 2.156556, 44.013643 ], [ 2.156675232541255, 44.013769582492436 ] ] ] ] } }
]
}
