{
"type": "FeatureCollection",
"name": "BPCE",
"crs": { "type": "name", "properties": { "name": "urn:ogc:def:crs:OGC:1.3:CRS84" } },
"features": [
{ "type": "Feature", "properties": { "codgeo": "11129", "value": 60, "isochrone_group": 1.0, "nb_agences": 2 }, "geometry": { "type": "Polygon", "coordinates": [ [ [ 2.220349, 42.932829 ], [ 2.219224, 42.933019 ], [ 2.21856, 42.933427 ], [ 2.218606, 42.933784 ], [ 2.219836045657533, 42.934000913150648 ], [ 2.219838, 42.93404 ], [ 2.221336, 42.934312 ], [ 2.223291, 42.934372 ], [ 2.223604, 42.934194 ], [ 2.224069, 42.933569 ], [ 2.223993, 42.933217 ], [ 2.223509, 42.932492 ], [ 2.223380801786587, 42.93252322170509 ], [ 2.220349, 42.932829 ] ] ] } },
{ "type": "Feature", "properties": { "codgeo": "11129", "value": 120, "isochrone_group": 2.0, "nb_agences": 2 }, "geometry": { "type": "Polygon", "coordinates": [ [ [ 2.219011, 42.928686 ], [ 2.21876, 42.928428 ], [ 2.217998, 42.928856 ], [ 2.217884, 42.928978 ], [ 2.217334, 42.929911 ], [ 2.217233, 42.930396 ], [ 2.217181, 42.930747 ], [ 2.212339, 42.933873 ], [ 2.212167, 42.933894 ], [ 2.21208, 42.934122 ], [ 2.212119, 42.934251 ], [ 2.213252, 42.934817 ], [ 2.214421850102696, 42.935026663537514 ], [ 2.214403, 42.935164 ], [ 2.214676, 42.935202 ], [ 2.214939, 42.935222 ], [ 2.215895547596923, 42.935290783384261 ], [ 2.216159, 42.935338 ], [ 2.216318275301728, 42.935370739381256 ], [ 2.221085, 42.936416 ], [ 2.221422, 42.936288 ], [ 2.223875, 42.935542 ], [ 2.229185, 42.93522 ], [ 2.22927, 42.93487 ], [ 2.226435, 42.932101 ], [ 2.226215266815865, 42.932079840508202 ], [ 2.222676, 42.931229 ], [ 2.219011, 42.928686 ] ], [ [ 2.223380801786587, 42.93252322170509 ], [ 2.223509, 42.932492 ], [ 2.223993, 42.933217 ], [ 2.224069, 42.933569 ], [ 2.223604, 42.934194 ], [ 2.223291, 42.934372 ], [ 2.221336, 42.934312 ], [ 2.219838, 42.93404 ], [ 2.219836045657533, 42.934000913150648 ], [ 2.218606, 42.933784 ], [ 2.21856, 42.933427 ], [ 2.219224, 42.933019 ], [ 2.220349, 42.932829 ], [ 2.223380801786587, 42.93252322170509 ] ] ] } },
{ "type": "Feature", "properties": { "codgeo": "11129", "value": 180, "isochrone_group": 3.0, "nb_agences": 2 }, "geometry": { "type": "Polygon", "coordinates": [ [ [ 2.22226, 42.924056 ], [ 2.21827, 42.922027 ], [ 2.217525, 42.922164 ], [ 2.21722, 42.922356 ], [ 2.213998, 42.930464 ], [ 2.211185, 42.931314 ], [ 2.211051, 42.931329 ], [ 2.206782, 42.932976 ], [ 2.203763, 42.933663 ], [ 2.202434, 42.934063 ], [ 2.200914, 42.934895 ], [ 2.201038, 42.935233 ], [ 2.206001, 42.935783 ], [ 2.211732, 42.935367 ], [ 2.218183113134846, 42.936259426992834 ], [ 2.22161, 42.93782 ], [ 2.221793, 42.937865 ], [ 2.23063, 42.937427 ], [ 2.231527, 42.937728 ], [ 2.232176, 42.937782 ], [ 2.232456, 42.937555 ], [ 2.232341, 42.935395 ], [ 2.232176, 42.935075 ], [ 2.231668814712108, 42.934801065700121 ], [ 2.226459, 42.928992 ], [ 2.22226, 42.924056 ] ], [ [ 2.226215266815865, 42.932079840508202 ], [ 2.226435, 42.932101 ], [ 2.22927, 42.93487 ], [ 2.229185, 42.93522 ], [ 2.223875, 42.935542 ], [ 2.221422, 42.936288 ], [ 2.221085, 42.936416 ], [ 2.216318275301728, 42.935370739381256 ], [ 2.216159, 42.935338 ], [ 2.215895547596923, 42.935290783384261 ], [ 2.214939, 42.935222 ], [ 2.214676, 42.935202 ], [ 2.214403, 42.935164 ], [ 2.214421850102696, 42.935026663537514 ], [ 2.213252, 42.934817 ], [ 2.212119, 42.934251 ], [ 2.21208, 42.934122 ], [ 2.212167, 42.933894 ], [ 2.212339, 42.933873 ], [ 2.217181, 42.930747 ], [ 2.217233, 42.930396 ], [ 2.217334, 42.929911 ], [ 2.217884, 42.928978 ], [ 2.217998, 42.928856 ], [ 2.21876, 42.928428 ], [ 2.219011, 42.928686 ], [ 2.222676, 42.931229 ], [ 2.226215266815865, 42.932079840508202 ] ] ] } },
{ "type": "Feature", "properties": { "codgeo": "11129", "value": 240, "isochrone_group": 4.0, "nb_agences": 2 }, "geometry": { "type": "Polygon", "coordinates": [ [ [ 2.205909, 42.931592 ], [ 2.205304, 42.931558 ], [ 2.199828, 42.933188 ], [ 2.195942, 42.935856 ], [ 2.192312, 42.938214 ], [ 2.192321, 42.938574 ], [ 2.19288, 42.938737 ], [ 2.200609, 42.939418 ], [ 2.206188, 42.938528 ], [ 2.214664864976325, 42.936884753571874 ], [ 2.214857, 42.936861 ], [ 2.22161, 42.93782 ], [ 2.218183113134846, 42.936259426992834 ], [ 2.211732, 42.935367 ], [ 2.206001, 42.935783 ], [ 2.201038, 42.935233 ], [ 2.200914, 42.934895 ], [ 2.202434, 42.934063 ], [ 2.203763, 42.933663 ], [ 2.206782, 42.932976 ], [ 2.211051, 42.931329 ], [ 2.211185, 42.931314 ], [ 2.213998, 42.930464 ], [ 2.21722, 42.922356 ], [ 2.217525, 42.922164 ], [ 2.21827, 42.922027 ], [ 2.22226, 42.924056 ], [ 2.226459, 42.928992 ], [ 2.231668814712108, 42.934801065700121 ], [ 2.232176, 42.935075 ], [ 2.232341, 42.935395 ], [ 2.232456, 42.937555 ], [ 2.232176, 42.937782 ], [ 2.231527, 42.937728 ], [ 2.23063, 42.937427 ], [ 2.221793, 42.937865 ], [ 2.230544, 42.93858 ], [ 2.23285, 42.942264 ], [ 2.23305, 42.942563 ], [ 2.235501, 42.942582 ], [ 2.236849, 42.94259 ], [ 2.237055, 42.94258 ], [ 2.23729, 42.942566 ], [ 2.237569, 42.942503 ], [ 2.238023, 42.942348 ], [ 2.238476, 42.942193 ], [ 2.238475557313611, 42.942191709777305 ], [ 2.238527, 42.942174 ], [ 2.238726, 42.94208 ], [ 2.238573, 42.941755 ], [ 2.238224212213682, 42.941579357463226 ], [ 2.23581, 42.936696 ], [ 2.234219, 42.931314 ], [ 2.229804, 42.92625 ], [ 2.225772, 42.923715 ], [ 2.224427, 42.917183 ], [ 2.224287, 42.916852 ], [ 2.224066, 42.916946 ], [ 2.223844, 42.917088 ], [ 2.22365, 42.917215 ], [ 2.223522, 42.917339 ], [ 2.217746939207596, 42.920528978275769 ], [ 2.21726736672403, 42.920585340714723 ], [ 2.2124, 42.919745 ], [ 2.209696, 42.918194 ], [ 2.20942, 42.918425 ], [ 2.209571, 42.918606 ], [ 2.210149, 42.919234 ], [ 2.210294, 42.919364 ], [ 2.210464, 42.919516 ], [ 2.211876, 42.920263 ], [ 2.212188, 42.92045 ], [ 2.212524, 42.920607 ], [ 2.212912, 42.920729 ], [ 2.213231569596572, 42.927800765911215 ], [ 2.212846020921726, 42.92979542078497 ], [ 2.211476, 42.930229 ], [ 2.21, 42.930605 ], [ 2.209776, 42.930723 ], [ 2.208208988014158, 42.931272600486921 ], [ 2.206854, 42.931616 ], [ 2.205909, 42.931592 ] ] ] } },
{ "type": "Feature", "properties": { "codgeo": "11129", "value": 300, "isochrone_group": 5.0, "nb_agences": 2 }, "geometry": { "type": "MultiPolygon", "coordinates": [ [ [ [ 2.205227, 42.929638 ], [ 2.202169, 42.931594 ], [ 2.198157, 42.933321 ], [ 2.19035, 42.936712 ], [ 2.184777, 42.939998 ], [ 2.183035, 42.942136 ], [ 2.183104, 42.942489 ], [ 2.18371, 42.942592 ], [ 2.190373, 42.943422 ], [ 2.190672, 42.94322 ], [ 2.199181, 42.940933 ], [ 2.203387, 42.941946 ], [ 2.204434, 42.941191 ], [ 2.21315, 42.939736 ], [ 2.221793, 42.937865 ], [ 2.22161, 42.93782 ], [ 2.214857, 42.936861 ], [ 2.214664864976325, 42.936884753571874 ], [ 2.206188, 42.938528 ], [ 2.200609, 42.939418 ], [ 2.19288, 42.938737 ], [ 2.192321, 42.938574 ], [ 2.192312, 42.938214 ], [ 2.195942, 42.935856 ], [ 2.199828, 42.933188 ], [ 2.205304, 42.931558 ], [ 2.205909, 42.931592 ], [ 2.206854, 42.931616 ], [ 2.208208988014158, 42.931272600486921 ], [ 2.209776, 42.930723 ], [ 2.21, 42.930605 ], [ 2.211476, 42.930229 ], [ 2.20552, 42.929847 ], [ 2.205227, 42.929638 ] ] ], [ [ [ 2.231043, 42.9426 ], [ 2.230381, 42.944375 ], [ 2.2302, 42.944686 ], [ 2.230466, 42.945963 ], [ 2.234335, 42.947382 ], [ 2.239973, 42.945341 ], [ 2.248348, 42.942192 ], [ 2.248503, 42.941867 ], [ 2.247630117684963, 42.941270233519305 ], [ 2.244846, 42.939065 ], [ 2.239327, 42.934688 ], [ 2.235365, 42.929516 ], [ 2.235469, 42.924929 ], [ 2.235335, 42.924595 ], [ 2.234904, 42.924768 ], [ 2.234473, 42.924941 ], [ 2.226899, 42.922449 ], [ 2.226967, 42.915169 ], [ 2.229504, 42.91283 ], [ 2.229701, 42.912717 ], [ 2.229887, 42.912567 ], [ 2.230073, 42.912417 ], [ 2.230386, 42.911378 ], [ 2.230116, 42.911139 ], [ 2.226984, 42.913888 ], [ 2.226852, 42.913999 ], [ 2.226749, 42.914144 ], [ 2.22365, 42.917215 ], [ 2.223844, 42.917088 ], [ 2.224066, 42.916946 ], [ 2.224287, 42.916852 ], [ 2.224427, 42.917183 ], [ 2.225772, 42.923715 ], [ 2.229804, 42.92625 ], [ 2.234219, 42.931314 ], [ 2.23581, 42.936696 ], [ 2.238224212213682, 42.941579357463226 ], [ 2.238573, 42.941755 ], [ 2.238726, 42.94208 ], [ 2.238527, 42.942174 ], [ 2.238475557313611, 42.942191709777305 ], [ 2.238476, 42.942193 ], [ 2.238023, 42.942348 ], [ 2.237569, 42.942503 ], [ 2.23729, 42.942566 ], [ 2.237055, 42.94258 ], [ 2.236849, 42.94259 ], [ 2.235501, 42.942582 ], [ 2.23305, 42.942563 ], [ 2.23285, 42.942264 ], [ 2.230544, 42.93858 ], [ 2.230102184523673, 42.938543901489489 ], [ 2.231043, 42.9426 ] ] ], [ [ [ 2.218646379753997, 42.919382730533755 ], [ 2.211566, 42.918208 ], [ 2.209545, 42.916092 ], [ 2.20866, 42.914546 ], [ 2.208495, 42.914575 ], [ 2.207103, 42.915726 ], [ 2.207074, 42.915791 ], [ 2.207065, 42.915825 ], [ 2.208991, 42.918971 ], [ 2.211876, 42.920263 ], [ 2.210464, 42.919516 ], [ 2.210294, 42.919364 ], [ 2.210149, 42.919234 ], [ 2.209571, 42.918606 ], [ 2.20942, 42.918425 ], [ 2.209696, 42.918194 ], [ 2.2124, 42.919745 ], [ 2.21726736672403, 42.920585340714723 ], [ 2.217746939207596, 42.920528978275769 ], [ 2.223522, 42.917339 ], [ 2.22365, 42.917215 ], [ 2.218646379753997, 42.919382730533755 ] ] ], [ [ [ 2.212911278652111, 42.929457806733993 ], [ 2.213231569596572, 42.927800765911215 ], [ 2.212912, 42.920729 ], [ 2.212524, 42.920607 ], [ 2.212911278652111, 42.929457806733993 ] ] ], [ [ [ 2.211476, 42.930229 ], [ 2.212846020921726, 42.92979542078497 ], [ 2.212897704252715, 42.929528034551339 ], [ 2.211476, 42.930229 ] ] ] ] } },
{ "type": "Feature", "properties": { "codgeo": "11129", "value": 360, "isochrone_group": 6.0, "nb_agences": 2 }, "geometry": { "type": "MultiPolygon", "coordinates": [ [ [ [ 2.174109, 42.942132 ], [ 2.172537, 42.942211 ], [ 2.172516, 42.94257 ], [ 2.177642, 42.944471 ], [ 2.178002, 42.94448 ], [ 2.18319, 42.944521 ], [ 2.185923, 42.944619 ], [ 2.193807, 42.946187 ], [ 2.194137, 42.946043 ], [ 2.198756, 42.943192 ], [ 2.203929, 42.942586 ], [ 2.204597, 42.942535 ], [ 2.210744, 42.94203 ], [ 2.214257, 42.943778 ], [ 2.21454, 42.943732 ], [ 2.217265, 42.941367 ], [ 2.223240987231025, 42.939221016698831 ], [ 2.223454, 42.939173 ], [ 2.229653, 42.944037 ], [ 2.227085, 42.949446 ], [ 2.22705, 42.951339 ], [ 2.227284, 42.951612 ], [ 2.22883526966736, 42.951394360746455 ], [ 2.228951, 42.951386 ], [ 2.230242, 42.951197 ], [ 2.230599, 42.951065 ], [ 2.23157, 42.950382 ], [ 2.231809, 42.95016 ], [ 2.233886, 42.948498 ], [ 2.242107375650455, 42.945488952841956 ], [ 2.243005, 42.945619 ], [ 2.247077, 42.945114 ], [ 2.251411, 42.944605 ], [ 2.251703, 42.944395 ], [ 2.25191, 42.943923 ], [ 2.251985, 42.940323 ], [ 2.248449, 42.937771 ], [ 2.247316698789649, 42.937274168851559 ], [ 2.244897, 42.935551 ], [ 2.244802, 42.935466 ], [ 2.242793, 42.934983 ], [ 2.242574, 42.93493 ], [ 2.242389, 42.934888 ], [ 2.241901, 42.934812 ], [ 2.241687, 42.934793 ], [ 2.241661351975356, 42.93479235638582 ], [ 2.239569410718343, 42.932714652939971 ], [ 2.23627, 42.927572 ], [ 2.239294, 42.922353 ], [ 2.239508, 42.922183 ], [ 2.239943, 42.92186 ], [ 2.240174, 42.9217 ], [ 2.239969, 42.921404 ], [ 2.239738, 42.921564 ], [ 2.239507, 42.921724 ], [ 2.238672, 42.922263 ], [ 2.238198, 42.92256 ], [ 2.238016, 42.922717 ], [ 2.237469, 42.923156 ], [ 2.236794, 42.923649 ], [ 2.236022, 42.924188 ], [ 2.227447, 42.922219 ], [ 2.226967, 42.915169 ], [ 2.226899, 42.922449 ], [ 2.234473, 42.924941 ], [ 2.234904, 42.924768 ], [ 2.235335, 42.924595 ], [ 2.235469, 42.924929 ], [ 2.235365, 42.929516 ], [ 2.239327, 42.934688 ], [ 2.244846, 42.939065 ], [ 2.247630117684963, 42.941270233519305 ], [ 2.248503, 42.941867 ], [ 2.248348, 42.942192 ], [ 2.239973, 42.945341 ], [ 2.234335, 42.947382 ], [ 2.230466, 42.945963 ], [ 2.2302, 42.944686 ], [ 2.230381, 42.944375 ], [ 2.231043, 42.9426 ], [ 2.229986, 42.938043 ], [ 2.223029, 42.937351 ], [ 2.222858, 42.937452 ], [ 2.221793, 42.937865 ], [ 2.21315, 42.939736 ], [ 2.204434, 42.941191 ], [ 2.203387, 42.941946 ], [ 2.199181, 42.940933 ], [ 2.190672, 42.94322 ], [ 2.190373, 42.943422 ], [ 2.18371, 42.942592 ], [ 2.183104, 42.942489 ], [ 2.183035, 42.942136 ], [ 2.184777, 42.939998 ], [ 2.19035, 42.936712 ], [ 2.198157, 42.933321 ], [ 2.189625, 42.935065 ], [ 2.188708, 42.934785 ], [ 2.186887, 42.934496 ], [ 2.186739, 42.934824 ], [ 2.181648203185809, 42.940269442691438 ], [ 2.177745381037123, 42.941474241055545 ], [ 2.174344, 42.942112 ], [ 2.174109, 42.942132 ] ] ], [ [ [ 2.230769, 42.913196 ], [ 2.233433, 42.911285 ], [ 2.233411, 42.910926 ], [ 2.23102, 42.904424 ], [ 2.230708, 42.904243 ], [ 2.230397, 42.904779 ], [ 2.230085, 42.905316 ], [ 2.230034, 42.905465 ], [ 2.230024, 42.90563 ], [ 2.226852, 42.913999 ], [ 2.226984, 42.913888 ], [ 2.230116, 42.911139 ], [ 2.230386, 42.911378 ], [ 2.230073, 42.912417 ], [ 2.229887, 42.912567 ], [ 2.229701, 42.912717 ], [ 2.229504, 42.91283 ], [ 2.226967, 42.915169 ], [ 2.230769, 42.913196 ] ] ], [ [ [ 2.222491, 42.917455 ], [ 2.22187, 42.917819 ], [ 2.221577922547881, 42.918112691139697 ], [ 2.22365, 42.917215 ], [ 2.226749, 42.914144 ], [ 2.222491, 42.917455 ] ] ], [ [ [ 2.212588, 42.913208 ], [ 2.212316, 42.912973 ], [ 2.209539, 42.912448 ], [ 2.20522, 42.911785 ], [ 2.20019, 42.913216 ], [ 2.199045, 42.914743 ], [ 2.198969, 42.915095 ], [ 2.199963, 42.91555 ], [ 2.200191, 42.915604 ], [ 2.202891, 42.916842 ], [ 2.203207, 42.917015 ], [ 2.204261, 42.917533 ], [ 2.205255, 42.917941 ], [ 2.208297, 42.919241 ], [ 2.208649, 42.919535 ], [ 2.208782, 42.919657 ], [ 2.208942, 42.9198 ], [ 2.209344, 42.920048 ], [ 2.209746, 42.920296 ], [ 2.212682032703869, 42.924218655101463 ], [ 2.212524, 42.920607 ], [ 2.212188, 42.92045 ], [ 2.211876, 42.920263 ], [ 2.208991, 42.918971 ], [ 2.207065, 42.915825 ], [ 2.207074, 42.915791 ], [ 2.207103, 42.915726 ], [ 2.208495, 42.914575 ], [ 2.20866, 42.914546 ], [ 2.209545, 42.916092 ], [ 2.211566, 42.918208 ], [ 2.217506790176429, 42.919193657246836 ], [ 2.212588, 42.913208 ] ] ], [ [ [ 2.20558, 42.928883 ], [ 2.205499, 42.928846 ], [ 2.205129, 42.928758 ], [ 2.204948, 42.928756 ], [ 2.203592, 42.928709 ], [ 2.198157, 42.933321 ], [ 2.202169, 42.931594 ], [ 2.205227, 42.929638 ], [ 2.20552, 42.929847 ], [ 2.211476, 42.930229 ], [ 2.212914, 42.92952 ], [ 2.212835570044977, 42.927727573874058 ], [ 2.20558, 42.928883 ] ] ] ] } },
{ "type": "Feature", "properties": { "codgeo": "11129", "value": 420, "isochrone_group": 7.0, "nb_agences": 2 }, "geometry": { "type": "MultiPolygon", "coordinates": [ [ [ [ 2.190218, 42.931898 ], [ 2.189548, 42.931577 ], [ 2.185393, 42.929713 ], [ 2.18193, 42.93125 ], [ 2.181278, 42.933546 ], [ 2.173933, 42.938721 ], [ 2.173811, 42.938725 ], [ 2.173531, 42.938744 ], [ 2.164714, 42.940456 ], [ 2.164005, 42.940379 ], [ 2.163617, 42.943958 ], [ 2.164326, 42.944035 ], [ 2.166236076278382, 42.944114094629569 ], [ 2.166236, 42.944116 ], [ 2.171000161907746, 42.945309565205037 ], [ 2.173826, 42.946247 ], [ 2.176972, 42.947502 ], [ 2.179552, 42.947781 ], [ 2.184895, 42.947699 ], [ 2.187299, 42.948061 ], [ 2.193565, 42.951206 ], [ 2.198582, 42.947005 ], [ 2.198723, 42.946656 ], [ 2.202710853312845, 42.942728701892989 ], [ 2.198756, 42.943192 ], [ 2.194137, 42.946043 ], [ 2.193807, 42.946187 ], [ 2.185923, 42.944619 ], [ 2.18319, 42.944521 ], [ 2.178002, 42.94448 ], [ 2.177642, 42.944471 ], [ 2.172516, 42.94257 ], [ 2.172537, 42.942211 ], [ 2.174109, 42.942132 ], [ 2.174344, 42.942112 ], [ 2.177745381037123, 42.941474241055545 ], [ 2.181648203185809, 42.940269442691438 ], [ 2.186739, 42.934824 ], [ 2.186887, 42.934496 ], [ 2.188708, 42.934785 ], [ 2.189625, 42.935065 ], [ 2.192865811260817, 42.934402555691655 ], [ 2.190773, 42.9325 ], [ 2.190218, 42.931898 ] ] ], [ [ [ 2.209577, 42.944502 ], [ 2.213787, 42.948405 ], [ 2.214481, 42.948289 ], [ 2.222301, 42.951707 ], [ 2.224339, 42.954504 ], [ 2.225268, 42.956577 ], [ 2.225359, 42.95664 ], [ 2.225456, 42.956679 ], [ 2.225648930400053, 42.956615033771108 ], [ 2.227159, 42.956485 ], [ 2.229526, 42.954336 ], [ 2.232092, 42.951916 ], [ 2.233151, 42.9511 ], [ 2.234524, 42.949639 ], [ 2.240491, 42.947035 ], [ 2.244207, 42.948471 ], [ 2.248977, 42.947664 ], [ 2.252192, 42.94715 ], [ 2.254873, 42.946442 ], [ 2.261259, 42.94036 ], [ 2.260595, 42.936821 ], [ 2.259586, 42.936816 ], [ 2.25909, 42.936892 ], [ 2.257609, 42.93726 ], [ 2.25692, 42.937439 ], [ 2.256509, 42.937586 ], [ 2.254724, 42.938139 ], [ 2.252552, 42.938626 ], [ 2.246292, 42.934727 ], [ 2.245703, 42.93412 ], [ 2.243451, 42.933502 ], [ 2.240221, 42.930358 ], [ 2.243784, 42.922621 ], [ 2.245055, 42.922362 ], [ 2.245376, 42.922249 ], [ 2.245564, 42.91978 ], [ 2.24521, 42.919258 ], [ 2.244834, 42.918935 ], [ 2.244372, 42.918839 ], [ 2.243946, 42.918829 ], [ 2.243425, 42.918899 ], [ 2.240481, 42.919539 ], [ 2.235189, 42.912695 ], [ 2.234678, 42.909703 ], [ 2.234707871777282, 42.906662613168429 ], [ 2.236274, 42.903766 ], [ 2.23974, 42.902891 ], [ 2.238859, 42.8994 ], [ 2.236715, 42.897938 ], [ 2.233146, 42.897471 ], [ 2.229461, 42.903187 ], [ 2.228684, 42.904502 ], [ 2.228487, 42.904987 ], [ 2.228404, 42.9056 ], [ 2.225769, 42.912795 ], [ 2.2254, 42.913247 ], [ 2.223433, 42.915454 ], [ 2.222762, 42.91586 ], [ 2.214687, 42.912316 ], [ 2.214301, 42.911576 ], [ 2.213609, 42.911039 ], [ 2.212777, 42.910851 ], [ 2.205549, 42.909437 ], [ 2.197722, 42.908055 ], [ 2.196184, 42.907208 ], [ 2.194012, 42.905623 ], [ 2.191659, 42.908348 ], [ 2.191726, 42.9103 ], [ 2.19235, 42.911659 ], [ 2.192766, 42.912119 ], [ 2.193727, 42.913385 ], [ 2.194046, 42.913801 ], [ 2.19459, 42.914453 ], [ 2.19599, 42.9165 ], [ 2.199242, 42.921392 ], [ 2.19936, 42.921364 ], [ 2.200514, 42.920996 ], [ 2.203086, 42.921011 ], [ 2.205856, 42.921049 ], [ 2.206497021493689, 42.928736967285097 ], [ 2.213577172959501, 42.927609476002047 ], [ 2.214036601348224, 42.927036708451332 ], [ 2.213510720664609, 42.925325814790945 ], [ 2.209746, 42.920296 ], [ 2.209344, 42.920048 ], [ 2.208942, 42.9198 ], [ 2.208782, 42.919657 ], [ 2.208649, 42.919535 ], [ 2.208297, 42.919241 ], [ 2.205255, 42.917941 ], [ 2.204261, 42.917533 ], [ 2.203207, 42.917015 ], [ 2.202891, 42.916842 ], [ 2.200191, 42.915604 ], [ 2.199963, 42.91555 ], [ 2.198969, 42.915095 ], [ 2.199045, 42.914743 ], [ 2.20019, 42.913216 ], [ 2.20522, 42.911785 ], [ 2.209539, 42.912448 ], [ 2.212316, 42.912973 ], [ 2.212588, 42.913208 ], [ 2.218033, 42.919834 ], [ 2.219659, 42.91932 ], [ 2.221508, 42.918183 ], [ 2.22187, 42.917819 ], [ 2.222491, 42.917455 ], [ 2.226749, 42.914144 ], [ 2.226852, 42.913999 ], [ 2.230024, 42.90563 ], [ 2.230034, 42.905465 ], [ 2.230085, 42.905316 ], [ 2.230397, 42.904779 ], [ 2.230708, 42.904243 ], [ 2.23102, 42.904424 ], [ 2.233411, 42.910926 ], [ 2.233433, 42.911285 ], [ 2.230769, 42.913196 ], [ 2.226967, 42.915169 ], [ 2.227447, 42.922219 ], [ 2.236022, 42.924188 ], [ 2.236794, 42.923649 ], [ 2.237469, 42.923156 ], [ 2.238016, 42.922717 ], [ 2.238198, 42.92256 ], [ 2.238672, 42.922263 ], [ 2.239507, 42.921724 ], [ 2.239738, 42.921564 ], [ 2.239969, 42.921404 ], [ 2.240174, 42.9217 ], [ 2.239943, 42.92186 ], [ 2.239508, 42.922183 ], [ 2.239294, 42.922353 ], [ 2.23627, 42.927572 ], [ 2.239569410718343, 42.932714652939971 ], [ 2.241661351975356, 42.93479235638582 ], [ 2.241687, 42.934793 ], [ 2.241901, 42.934812 ], [ 2.242389, 42.934888 ], [ 2.242574, 42.93493 ], [ 2.242793, 42.934983 ], [ 2.244802, 42.935466 ], [ 2.244897, 42.935551 ], [ 2.247316698789649, 42.937274168851559 ], [ 2.248449, 42.937771 ], [ 2.251985, 42.940323 ], [ 2.25191, 42.943923 ], [ 2.251703, 42.944395 ], [ 2.251411, 42.944605 ], [ 2.247077, 42.945114 ], [ 2.243005, 42.945619 ], [ 2.242107375650455, 42.945488952841956 ], [ 2.233886, 42.948498 ], [ 2.231809, 42.95016 ], [ 2.23157, 42.950382 ], [ 2.230599, 42.951065 ], [ 2.230242, 42.951197 ], [ 2.228951, 42.951386 ], [ 2.22883526966736, 42.951394360746455 ], [ 2.227284, 42.951612 ], [ 2.22705, 42.951339 ], [ 2.227085, 42.949446 ], [ 2.229653, 42.944037 ], [ 2.223454, 42.939173 ], [ 2.223240987231025, 42.939221016698831 ], [ 2.217265, 42.941367 ], [ 2.21454, 42.943732 ], [ 2.214257, 42.943778 ], [ 2.210744, 42.94203 ], [ 2.204597, 42.942535 ], [ 2.203929, 42.942586 ], [ 2.203016128946508, 42.94269293985279 ], [ 2.209577, 42.944502 ] ] ] ] } },
{ "type": "Feature", "properties": { "codgeo": "11129", "value": 480, "isochrone_group": 8.0, "nb_agences": 2 }, "geometry": { "type": "MultiPolygon", "coordinates": [ [ [ [ 2.155533, 42.938158 ], [ 2.154656, 42.94165 ], [ 2.15729, 42.943619 ], [ 2.161637, 42.943803 ], [ 2.162961, 42.943892 ], [ 2.170959, 42.947216 ], [ 2.174324, 42.949067 ], [ 2.179447, 42.949237 ], [ 2.183480804121459, 42.949620164870403 ], [ 2.184321, 42.949816 ], [ 2.185696562959464, 42.950223480003885 ], [ 2.189675, 42.951657 ], [ 2.192662, 42.953444 ], [ 2.197157, 42.951027 ], [ 2.197671, 42.95041 ], [ 2.19798, 42.949926 ], [ 2.198663, 42.948946 ], [ 2.203840336307882, 42.947350448837462 ], [ 2.208423, 42.947972 ], [ 2.209137, 42.947716 ], [ 2.209629, 42.947448 ], [ 2.210433, 42.946753 ], [ 2.211646960373361, 42.94642101551954 ], [ 2.209577, 42.944502 ], [ 2.202806, 42.942635 ], [ 2.198723, 42.946656 ], [ 2.198582, 42.947005 ], [ 2.193565, 42.951206 ], [ 2.187299, 42.948061 ], [ 2.184895, 42.947699 ], [ 2.179552, 42.947781 ], [ 2.176972, 42.947502 ], [ 2.173826, 42.946247 ], [ 2.171000161907746, 42.945309565205037 ], [ 2.166236, 42.944116 ], [ 2.166236076278382, 42.944114094629569 ], [ 2.164326, 42.944035 ], [ 2.163617, 42.943958 ], [ 2.164005, 42.940379 ], [ 2.164714, 42.940456 ], [ 2.173531, 42.938744 ], [ 2.173811, 42.938725 ], [ 2.173933, 42.938721 ], [ 2.181278, 42.933546 ], [ 2.18193, 42.93125 ], [ 2.185393, 42.929713 ], [ 2.189548, 42.931577 ], [ 2.190218, 42.931898 ], [ 2.190773, 42.9325 ], [ 2.193556, 42.93503 ], [ 2.199917, 42.933783 ], [ 2.192583, 42.933486 ], [ 2.190997, 42.929284 ], [ 2.190986, 42.929264 ], [ 2.189643, 42.928332 ], [ 2.188903, 42.927962 ], [ 2.18883223750801, 42.927987324769333 ], [ 2.188805, 42.92792 ], [ 2.188142, 42.927591 ], [ 2.188, 42.927544 ], [ 2.187458, 42.927422 ], [ 2.186719, 42.927459 ], [ 2.185969, 42.927734 ], [ 2.179628, 42.929136 ], [ 2.17918, 42.929139 ], [ 2.178697, 42.929218 ], [ 2.177947, 42.929459 ], [ 2.177705, 42.929572 ], [ 2.178642414031815, 42.932179651262544 ], [ 2.178529, 42.932312 ], [ 2.172697, 42.938556 ], [ 2.172008, 42.938782 ], [ 2.163756, 42.940352 ], [ 2.163201, 42.940299 ], [ 2.157671, 42.938695 ], [ 2.157084, 42.93839 ], [ 2.155533, 42.938158 ] ] ], [ [ [ 2.219027, 42.95498 ], [ 2.218713, 42.955276 ], [ 2.221183, 42.957895 ], [ 2.223116, 42.95933 ], [ 2.225041107221339, 42.958978317265789 ], [ 2.226116, 42.958862 ], [ 2.227463, 42.958432 ], [ 2.228801, 42.95741 ], [ 2.231153, 42.955404 ], [ 2.231735581370216, 42.95431075191749 ], [ 2.233012, 42.952418 ], [ 2.239576, 42.949338 ], [ 2.24037, 42.949292 ], [ 2.240925, 42.949234 ], [ 2.241554, 42.949133 ], [ 2.242185, 42.949036 ], [ 2.243194, 42.948887 ], [ 2.250769, 42.948767 ], [ 2.253187, 42.949137 ], [ 2.253913, 42.948905 ], [ 2.259548, 42.946104 ], [ 2.264173, 42.943435 ], [ 2.266071, 42.939456 ], [ 2.265129, 42.935981 ], [ 2.262592, 42.935212 ], [ 2.261477, 42.935382 ], [ 2.259027, 42.935977 ], [ 2.257921, 42.936617 ], [ 2.254724, 42.938139 ], [ 2.256509, 42.937586 ], [ 2.25692, 42.937439 ], [ 2.257609, 42.93726 ], [ 2.25909, 42.936892 ], [ 2.259586, 42.936816 ], [ 2.260595, 42.936821 ], [ 2.261259, 42.94036 ], [ 2.254873, 42.946442 ], [ 2.252192, 42.94715 ], [ 2.248977, 42.947664 ], [ 2.244207, 42.948471 ], [ 2.240491, 42.947035 ], [ 2.234524, 42.949639 ], [ 2.233151, 42.9511 ], [ 2.232092, 42.951916 ], [ 2.229526, 42.954336 ], [ 2.227159, 42.956485 ], [ 2.225648930400053, 42.956615033771108 ], [ 2.225456, 42.956679 ], [ 2.225359, 42.95664 ], [ 2.225268, 42.956577 ], [ 2.224339, 42.954504 ], [ 2.222301, 42.951707 ], [ 2.218814068455439, 42.950182916621586 ], [ 2.220593, 42.952173 ], [ 2.219027, 42.95498 ] ] ], [ [ [ 2.243784, 42.922621 ], [ 2.242951502837855, 42.924428754853636 ], [ 2.245055, 42.922362 ], [ 2.243784, 42.922621 ] ] ], [ [ [ 2.246991, 42.921318 ], [ 2.247875, 42.920794 ], [ 2.248259, 42.920452 ], [ 2.24607, 42.917593 ], [ 2.242329, 42.916467 ], [ 2.23985, 42.915753 ], [ 2.235099705124572, 42.912172161903577 ], [ 2.235189, 42.912695 ], [ 2.240481, 42.919539 ], [ 2.243425, 42.918899 ], [ 2.243946, 42.918829 ], [ 2.244372, 42.918839 ], [ 2.244834, 42.918935 ], [ 2.24521, 42.919258 ], [ 2.245564, 42.91978 ], [ 2.245379206004553, 42.922206895610422 ], [ 2.245912, 42.921952 ], [ 2.246991, 42.921318 ] ] ], [ [ [ 2.238513773179269, 42.903200563897336 ], [ 2.236274, 42.903766 ], [ 2.238331, 42.903247 ], [ 2.238513773179269, 42.903200563897336 ] ] ], [ [ [ 2.244344, 42.902529 ], [ 2.246788, 42.900737 ], [ 2.247319, 42.900377 ], [ 2.24768, 42.900046 ], [ 2.248052, 42.899563 ], [ 2.248267, 42.899187 ], [ 2.248332, 42.897788 ], [ 2.248303, 42.897709 ], [ 2.241931, 42.894666 ], [ 2.239737, 42.894528 ], [ 2.230896, 42.893167 ], [ 2.227708, 42.893496 ], [ 2.227505, 42.89382 ], [ 2.22772, 42.896015 ], [ 2.228684, 42.904502 ], [ 2.229461, 42.903187 ], [ 2.233146, 42.897471 ], [ 2.236715, 42.897938 ], [ 2.238859, 42.8994 ], [ 2.23973953130271, 42.902889142767023 ], [ 2.240484, 42.9027 ], [ 2.244344, 42.902529 ] ] ], [ [ [ 2.213609, 42.911039 ], [ 2.214301, 42.911576 ], [ 2.214687, 42.912316 ], [ 2.222762, 42.91586 ], [ 2.223433, 42.915454 ], [ 2.2254, 42.913247 ], [ 2.225769, 42.912795 ], [ 2.218173, 42.913097 ], [ 2.213609, 42.911039 ] ] ], [ [ [ 2.197055252738985, 42.907539567971057 ], [ 2.193417, 42.904727 ], [ 2.191843252388213, 42.902321568001128 ], [ 2.19221, 42.905467 ], [ 2.192364, 42.905613 ], [ 2.19276, 42.906149 ], [ 2.193172758752226, 42.90659492197203 ], [ 2.194012, 42.905623 ], [ 2.196184, 42.907208 ], [ 2.197722, 42.908055 ], [ 2.198043687266014, 42.908111799770246 ], [ 2.19786, 42.908013 ], [ 2.197055252738985, 42.907539567971057 ] ] ], [ [ [ 2.184179, 42.908228 ], [ 2.18466, 42.908398 ], [ 2.190971, 42.914178 ], [ 2.193248, 42.916431 ], [ 2.19452, 42.918211 ], [ 2.195927, 42.919892 ], [ 2.196505, 42.920878 ], [ 2.197285, 42.921637 ], [ 2.197593, 42.921895 ], [ 2.197905, 42.922125 ], [ 2.198317, 42.922367 ], [ 2.1983450421125, 42.92236502297046 ], [ 2.19862, 42.922515 ], [ 2.199108, 42.922671 ], [ 2.199532, 42.92274 ], [ 2.200701, 42.922992 ], [ 2.201113, 42.923094 ], [ 2.201524, 42.92316 ], [ 2.205202, 42.931065 ], [ 2.206603, 42.930008 ], [ 2.205856, 42.921049 ], [ 2.203086, 42.921011 ], [ 2.200514, 42.920996 ], [ 2.19936, 42.921364 ], [ 2.199242, 42.921392 ], [ 2.19599, 42.9165 ], [ 2.19459, 42.914453 ], [ 2.194046, 42.913801 ], [ 2.193727, 42.913385 ], [ 2.192766, 42.912119 ], [ 2.19235, 42.911659 ], [ 2.191726, 42.9103 ], [ 2.191704716626882, 42.909679923218974 ], [ 2.187269, 42.907479 ], [ 2.184696711225089, 42.906759637753403 ], [ 2.184179, 42.908228 ] ] ] ] } },
{ "type": "Feature", "properties": { "codgeo": "11129", "value": 540, "isochrone_group": 9.0, "nb_agences": 2 }, "geometry": { "type": "MultiPolygon", "coordinates": [ [ [ [ 2.155401, 42.936753 ], [ 2.149452, 42.937074 ], [ 2.148149, 42.94043 ], [ 2.153663, 42.943417 ], [ 2.156673, 42.944022 ], [ 2.161637, 42.943803 ], [ 2.15729, 42.943619 ], [ 2.154656, 42.94165 ], [ 2.155533, 42.938158 ], [ 2.157084, 42.93839 ], [ 2.157671, 42.938695 ], [ 2.163201, 42.940299 ], [ 2.163756, 42.940352 ], [ 2.166870284224599, 42.939759485914607 ], [ 2.162195, 42.935214 ], [ 2.161393, 42.935384 ], [ 2.155401, 42.936753 ] ] ], [ [ [ 2.169393, 42.949129 ], [ 2.169713, 42.948872 ], [ 2.169985371296929, 42.948596676168698 ], [ 2.169987, 42.948598 ], [ 2.170451, 42.948126 ], [ 2.172060384298194, 42.947821843190482 ], [ 2.170959, 42.947216 ], [ 2.162961, 42.943892 ], [ 2.161637, 42.943803 ], [ 2.167137, 42.946324 ], [ 2.169393, 42.949129 ] ] ], [ [ [ 2.185066, 42.952818 ], [ 2.188237, 42.95492 ], [ 2.194167, 42.956002 ], [ 2.194671, 42.955844 ], [ 2.19612, 42.955083 ], [ 2.19613, 42.955021 ], [ 2.197076, 42.951601 ], [ 2.19798, 42.949926 ], [ 2.197671, 42.95041 ], [ 2.197157, 42.951027 ], [ 2.192662, 42.953444 ], [ 2.189675, 42.951657 ], [ 2.185696562959464, 42.950223480003885 ], [ 2.184321, 42.949816 ], [ 2.183480804121459, 42.949620164870403 ], [ 2.179498433378233, 42.949241885577763 ], [ 2.180446, 42.950519 ], [ 2.185066, 42.952818 ] ] ], [ [ [ 2.217424, 42.956302 ], [ 2.214515, 42.958076 ], [ 2.215235, 42.960043 ], [ 2.215309, 42.960389 ], [ 2.215351919234119, 42.960425042213984 ], [ 2.215676, 42.961484 ], [ 2.21832, 42.96267 ], [ 2.218498, 42.962745 ], [ 2.220252, 42.962376 ], [ 2.227279, 42.960945 ], [ 2.227294812481716, 42.960939027659784 ], [ 2.227295, 42.960939 ], [ 2.227835, 42.960735 ], [ 2.231882, 42.957317 ], [ 2.231882, 42.957039 ], [ 2.237056748767639, 42.951875692003455 ], [ 2.237959476017105, 42.951146797214776 ], [ 2.240191, 42.950862 ], [ 2.249147, 42.950397 ], [ 2.252144, 42.953546 ], [ 2.252478, 42.954109 ], [ 2.253537, 42.95527 ], [ 2.25383, 42.955554 ], [ 2.253837289636275, 42.955553902752975 ], [ 2.25427, 42.955963 ], [ 2.254759, 42.956335 ], [ 2.256011, 42.955348 ], [ 2.256938, 42.953469 ], [ 2.261034, 42.946378 ], [ 2.264758423943841, 42.946240226225484 ], [ 2.265237, 42.946254 ], [ 2.266183, 42.945531 ], [ 2.273307, 42.941715 ], [ 2.273602, 42.941594 ], [ 2.27406, 42.941354 ], [ 2.274361, 42.941147 ], [ 2.275282, 42.940511 ], [ 2.273512, 42.937376 ], [ 2.266575, 42.933361 ], [ 2.266585, 42.931251 ], [ 2.265036, 42.931029 ], [ 2.264504, 42.931017 ], [ 2.264002, 42.931104 ], [ 2.263585, 42.931256 ], [ 2.262937, 42.931736 ], [ 2.25756, 42.935418 ], [ 2.25723, 42.935539 ], [ 2.257228013741454, 42.935540310726836 ], [ 2.257218, 42.935544 ], [ 2.252552, 42.938626 ], [ 2.254724, 42.938139 ], [ 2.257921, 42.936617 ], [ 2.259027, 42.935977 ], [ 2.261477, 42.935382 ], [ 2.262592, 42.935212 ], [ 2.265129, 42.935981 ], [ 2.266071, 42.939456 ], [ 2.264173, 42.943435 ], [ 2.259548, 42.946104 ], [ 2.253913, 42.948905 ], [ 2.253187, 42.949137 ], [ 2.250769, 42.948767 ], [ 2.243194, 42.948887 ], [ 2.242185, 42.949036 ], [ 2.241554, 42.949133 ], [ 2.240925, 42.949234 ], [ 2.24037, 42.949292 ], [ 2.239576, 42.949338 ], [ 2.233012, 42.952418 ], [ 2.231735581370216, 42.95431075191749 ], [ 2.231153, 42.955404 ], [ 2.228801, 42.95741 ], [ 2.227463, 42.958432 ], [ 2.226116, 42.958862 ], [ 2.225041107221339, 42.958978317265789 ], [ 2.223116, 42.95933 ], [ 2.221183, 42.957895 ], [ 2.218713, 42.955276 ], [ 2.219027, 42.95498 ], [ 2.218688, 42.955244 ], [ 2.217424, 42.956302 ] ] ], [ [ [ 2.245424720704032, 42.938772854822844 ], [ 2.247732, 42.938875 ], [ 2.245424720704034, 42.938772854822844 ], [ 2.245424720704032, 42.938772854822844 ] ] ], [ [ [ 2.243684, 42.929424 ], [ 2.243975, 42.927128 ], [ 2.247875, 42.920794 ], [ 2.246991, 42.921318 ], [ 2.245912, 42.921952 ], [ 2.245055, 42.922362 ], [ 2.242728079270507, 42.924648275825916 ], [ 2.239831562094786, 42.930209336505655 ], [ 2.239843, 42.930911 ], [ 2.239779, 42.931275 ], [ 2.24466, 42.938739 ], [ 2.245424720704032, 42.938772854822844 ], [ 2.243371, 42.930677 ], [ 2.243684, 42.929424 ] ] ], [ [ [ 2.249996, 42.919452 ], [ 2.250495, 42.919075 ], [ 2.250842, 42.918715 ], [ 2.248251, 42.916215 ], [ 2.242329, 42.916467 ], [ 2.24607, 42.917593 ], [ 2.248259, 42.920452 ], [ 2.247875, 42.920794 ], [ 2.249236, 42.919887 ], [ 2.249996, 42.919452 ] ] ], [ [ [ 2.241293, 42.905456 ], [ 2.241609, 42.905166 ], [ 2.248312, 42.903681 ], [ 2.248609, 42.903392 ], [ 2.24905, 42.902711 ], [ 2.253179, 42.89673 ], [ 2.25329, 42.894897 ], [ 2.250935, 42.892175 ], [ 2.248771, 42.892831 ], [ 2.24804, 42.893135 ], [ 2.242363245999188, 42.894571321088343 ], [ 2.240276070994845, 42.894561906926747 ], [ 2.241931, 42.894666 ], [ 2.248303, 42.897709 ], [ 2.248332, 42.897788 ], [ 2.248267, 42.899187 ], [ 2.248052, 42.899563 ], [ 2.24768, 42.900046 ], [ 2.247319, 42.900377 ], [ 2.246788, 42.900737 ], [ 2.244344, 42.902529 ], [ 2.240484, 42.9027 ], [ 2.238331, 42.903247 ], [ 2.236274, 42.903766 ], [ 2.234363087694875, 42.907300304322256 ], [ 2.241052, 42.905645 ], [ 2.241293, 42.905456 ] ] ], [ [ [ 2.232325, 42.889972 ], [ 2.232073, 42.889944 ], [ 2.231269, 42.889993 ], [ 2.223446949817792, 42.890860935821834 ], [ 2.22352, 42.891276 ], [ 2.2232, 42.894861 ], [ 2.223071, 42.89485 ], [ 2.221804126961057, 42.894832088392967 ], [ 2.222591, 42.895789 ], [ 2.22326, 42.896367 ], [ 2.223903, 42.896582 ], [ 2.224477, 42.896595 ], [ 2.228684, 42.904502 ], [ 2.22772, 42.896015 ], [ 2.227505, 42.89382 ], [ 2.227708, 42.893496 ], [ 2.230896, 42.893167 ], [ 2.239737, 42.894528 ], [ 2.240028002758311, 42.894546303728653 ], [ 2.239496269669984, 42.894380028145783 ], [ 2.232325, 42.889972 ] ] ], [ [ [ 2.219272, 42.911512 ], [ 2.213609, 42.911039 ], [ 2.218173, 42.913097 ], [ 2.225769, 42.912795 ], [ 2.228404, 42.9056 ], [ 2.228487, 42.904987 ], [ 2.222626, 42.91118 ], [ 2.219272, 42.911512 ] ] ], [ [ [ 2.197023336515532, 42.907514894988068 ], [ 2.197055252738985, 42.907539567971057 ], [ 2.19786, 42.908013 ], [ 2.204356, 42.911507 ], [ 2.198912, 42.908497 ], [ 2.197023336515532, 42.907514894988068 ] ] ], [ [ [ 2.188985, 42.914868 ], [ 2.189123, 42.915433 ], [ 2.189272, 42.916111 ], [ 2.190552, 42.917173 ], [ 2.188808705891084, 42.925354058383292 ], [ 2.188611628098703, 42.925560271514904 ], [ 2.188341, 42.925702 ], [ 2.183245, 42.927735 ], [ 2.17918, 42.929139 ], [ 2.179628, 42.929136 ], [ 2.185969, 42.927734 ], [ 2.186719, 42.927459 ], [ 2.187458, 42.927422 ], [ 2.188, 42.927544 ], [ 2.188142, 42.927591 ], [ 2.188805, 42.92792 ], [ 2.18883223750801, 42.927987324769333 ], [ 2.188903, 42.927962 ], [ 2.189643, 42.928332 ], [ 2.190986, 42.929264 ], [ 2.190997, 42.929284 ], [ 2.192583, 42.933486 ], [ 2.199917, 42.933783 ], [ 2.200205, 42.933613 ], [ 2.2007, 42.933321 ], [ 2.205202, 42.931065 ], [ 2.201524, 42.92316 ], [ 2.201113, 42.923094 ], [ 2.200701, 42.922992 ], [ 2.199532, 42.92274 ], [ 2.199108, 42.922671 ], [ 2.19862, 42.922515 ], [ 2.1983450421125, 42.92236502297046 ], [ 2.198317, 42.922367 ], [ 2.197905, 42.922125 ], [ 2.197593, 42.921895 ], [ 2.197285, 42.921637 ], [ 2.196505, 42.920878 ], [ 2.195927, 42.919892 ], [ 2.19452, 42.918211 ], [ 2.193248, 42.916431 ], [ 2.190971, 42.914178 ], [ 2.18466, 42.908398 ], [ 2.183776, 42.90818 ], [ 2.183268990770743, 42.908086495726266 ], [ 2.188985, 42.914868 ] ] ], [ [ [ 2.175132, 42.932762 ], [ 2.174314685256969, 42.936824033822958 ], [ 2.178529, 42.932312 ], [ 2.178642414031815, 42.932179651262544 ], [ 2.177720464280581, 42.92961501775887 ], [ 2.17707, 42.930063 ], [ 2.175132, 42.932762 ] ] ] ] } },
{ "type": "Feature", "properties": { "codgeo": "11129", "value": 600, "isochrone_group": 10.0, "nb_agences": 2 }, "geometry": { "type": "MultiPolygon", "coordinates": [ [ [ [ 2.143678, 42.936314 ], [ 2.143653, 42.93637 ], [ 2.144228, 42.938931 ], [ 2.14915, 42.943952 ], [ 2.154433, 42.944919 ], [ 2.154851, 42.944651 ], [ 2.158000602750407, 42.94396342929042 ], [ 2.156673, 42.944022 ], [ 2.153663, 42.943417 ], [ 2.148149, 42.94043 ], [ 2.149452, 42.937074 ], [ 2.155401, 42.936753 ], [ 2.161393, 42.935384 ], [ 2.153275, 42.935918 ], [ 2.152723, 42.935883 ], [ 2.147454, 42.935229 ], [ 2.144604, 42.935351 ], [ 2.143678, 42.936314 ] ] ], [ [ [ 2.167768, 42.950901 ], [ 2.168685, 42.950195 ], [ 2.169149, 42.94968 ], [ 2.170451, 42.948126 ], [ 2.169987, 42.948598 ], [ 2.169985371296929, 42.948596676168698 ], [ 2.169713, 42.948872 ], [ 2.169393, 42.949129 ], [ 2.167137, 42.946324 ], [ 2.161637, 42.943803 ], [ 2.159644271750062, 42.943890914481599 ], [ 2.165909, 42.948945 ], [ 2.167768, 42.950901 ] ] ], [ [ [ 2.190975, 42.958799 ], [ 2.194521, 42.958176 ], [ 2.195673, 42.956011 ], [ 2.196095420948844, 42.955095908666628 ], [ 2.194671, 42.955844 ], [ 2.194167, 42.956002 ], [ 2.190219440206111, 42.955281720118549 ], [ 2.190408, 42.957438 ], [ 2.190975, 42.958799 ] ] ], [ [ [ 2.211669, 42.959047 ], [ 2.21036, 42.959458 ], [ 2.20926, 42.959684 ], [ 2.209611, 42.964838 ], [ 2.21785, 42.966519 ], [ 2.21793, 42.966468 ], [ 2.218558, 42.965792 ], [ 2.226162, 42.961789 ], [ 2.230426, 42.963663 ], [ 2.231337685750877, 42.962872313718272 ], [ 2.233482, 42.961847 ], [ 2.233439, 42.961754 ], [ 2.233124537463743, 42.961322614015835 ], [ 2.233146, 42.961304 ], [ 2.233066974523745, 42.960706085210177 ], [ 2.235287973377063, 42.955161922656778 ], [ 2.236846044151878, 42.952766179422397 ], [ 2.239863, 42.952911 ], [ 2.240599, 42.952992 ], [ 2.24786, 42.952053 ], [ 2.252478, 42.954109 ], [ 2.252144, 42.953546 ], [ 2.249147, 42.950397 ], [ 2.240191, 42.950862 ], [ 2.237959476017105, 42.951146797214776 ], [ 2.237056748767639, 42.951875692003455 ], [ 2.231882, 42.957039 ], [ 2.231882, 42.957317 ], [ 2.227835, 42.960735 ], [ 2.227295, 42.960939 ], [ 2.227294812481716, 42.960939027659784 ], [ 2.227279, 42.960945 ], [ 2.220252, 42.962376 ], [ 2.218498, 42.962745 ], [ 2.21832, 42.96267 ], [ 2.215676, 42.961484 ], [ 2.215351919234119, 42.960425042213984 ], [ 2.215309, 42.960389 ], [ 2.215235, 42.960043 ], [ 2.214515035698247, 42.958076097525627 ], [ 2.214172, 42.958193 ], [ 2.211669, 42.959047 ] ] ], [ [ [ 2.258239, 42.960161 ], [ 2.25896, 42.960867 ], [ 2.259943, 42.960939 ], [ 2.261757, 42.960719 ], [ 2.262286737226293, 42.95971307299267 ], [ 2.262294, 42.9597 ], [ 2.262294039373838, 42.959699206820808 ], [ 2.262311, 42.959667 ], [ 2.262322, 42.959646 ], [ 2.262315020080734, 42.959276554097769 ], [ 2.262439, 42.956779 ], [ 2.262265, 42.956629 ], [ 2.261836, 42.956309 ], [ 2.264311, 42.947683 ], [ 2.268412, 42.946592 ], [ 2.270929, 42.947065 ], [ 2.271531, 42.947095 ], [ 2.271957, 42.947048 ], [ 2.273021, 42.945129 ], [ 2.279258058949549, 42.940892730395682 ], [ 2.281296, 42.941584 ], [ 2.281801, 42.941712 ], [ 2.281855926958353, 42.94171036755543 ], [ 2.282098, 42.941765 ], [ 2.282557, 42.941808 ], [ 2.284661, 42.941627 ], [ 2.285084, 42.941581 ], [ 2.286198, 42.941366 ], [ 2.286197934999737, 42.94136566407029 ], [ 2.286579, 42.941292 ], [ 2.285894, 42.937757 ], [ 2.28115, 42.93629 ], [ 2.280716, 42.93619 ], [ 2.279926, 42.936043 ], [ 2.279834578483746, 42.936050996752144 ], [ 2.27934, 42.935973 ], [ 2.278765, 42.936023 ], [ 2.276885, 42.936309 ], [ 2.276442, 42.936312 ], [ 2.276019, 42.936383 ], [ 2.275313, 42.936613 ], [ 2.269333, 42.93028 ], [ 2.270074, 42.928724 ], [ 2.270149, 42.928603 ], [ 2.267082, 42.926717 ], [ 2.266517, 42.927457 ], [ 2.265612, 42.928477 ], [ 2.264656, 42.929286 ], [ 2.264214, 42.929907 ], [ 2.262937, 42.931736 ], [ 2.263585, 42.931256 ], [ 2.264002, 42.931104 ], [ 2.264504, 42.931017 ], [ 2.265036, 42.931029 ], [ 2.266585, 42.931251 ], [ 2.266575, 42.933361 ], [ 2.273512, 42.937376 ], [ 2.275282, 42.940511 ], [ 2.274361, 42.941147 ], [ 2.27406, 42.941354 ], [ 2.273602, 42.941594 ], [ 2.273307, 42.941715 ], [ 2.266183, 42.945531 ], [ 2.265237, 42.946254 ], [ 2.264758423943841, 42.946240226225484 ], [ 2.261034, 42.946378 ], [ 2.256938, 42.953469 ], [ 2.256011, 42.955348 ], [ 2.254759, 42.956335 ], [ 2.25427, 42.955963 ], [ 2.254041029823187, 42.955746524785091 ], [ 2.258206, 42.96011 ], [ 2.258239, 42.960161 ] ] ], [ [ [ 2.247931, 42.929758 ], [ 2.248517, 42.929468 ], [ 2.247044334208002, 42.926495021373626 ], [ 2.24769947189795, 42.9245197366958 ], [ 2.249996, 42.919452 ], [ 2.249236, 42.919887 ], [ 2.247875, 42.920794 ], [ 2.243975, 42.927128 ], [ 2.243684, 42.929424 ], [ 2.243371, 42.930677 ], [ 2.245424720704034, 42.938772854822844 ], [ 2.247732, 42.938875 ], [ 2.248437, 42.938988 ], [ 2.246092, 42.930588 ], [ 2.247931, 42.929758 ] ] ], [ [ [ 2.251588, 42.917413 ], [ 2.251623, 42.917247 ], [ 2.251611359515393, 42.917243877108561 ], [ 2.251663, 42.91687 ], [ 2.251457, 42.915807 ], [ 2.251274, 42.915496 ], [ 2.251153, 42.915381 ], [ 2.248883, 42.914043 ], [ 2.248215, 42.914721 ], [ 2.242329, 42.916467 ], [ 2.248251, 42.916215 ], [ 2.250827877594932, 42.918701373596051 ], [ 2.251075, 42.918424 ], [ 2.251588, 42.917413 ] ] ], [ [ [ 2.232705, 42.910367 ], [ 2.238354, 42.915139 ], [ 2.23985, 42.915753 ], [ 2.238511, 42.91511 ], [ 2.232705, 42.910367 ] ] ], [ [ [ 2.234363087694874, 42.907300304322256 ], [ 2.232705, 42.910367 ], [ 2.234363087694875, 42.907300304322256 ], [ 2.234363087694874, 42.907300304322256 ] ] ], [ [ [ 2.24655, 42.90493 ], [ 2.248427, 42.903986 ], [ 2.250411, 42.90202 ], [ 2.255073, 42.899905 ], [ 2.25496, 42.896307 ], [ 2.255744, 42.889609 ], [ 2.255595, 42.889562 ], [ 2.254625, 42.889262 ], [ 2.253426, 42.888989 ], [ 2.253009, 42.888903 ], [ 2.252131, 42.888848 ], [ 2.251623, 42.888888 ], [ 2.244218, 42.89007 ], [ 2.239007773376947, 42.894079759782159 ], [ 2.239496269669984, 42.894380028145783 ], [ 2.240075, 42.894561 ], [ 2.242363245999188, 42.894571321088343 ], [ 2.24804, 42.893135 ], [ 2.248771, 42.892831 ], [ 2.250935, 42.892175 ], [ 2.25329, 42.894897 ], [ 2.253179, 42.89673 ], [ 2.24905, 42.902711 ], [ 2.248609, 42.903392 ], [ 2.248312, 42.903681 ], [ 2.244239427734842, 42.904583248219268 ], [ 2.244906, 42.904734 ], [ 2.24655, 42.90493 ] ] ], [ [ [ 2.220302, 42.897883 ], [ 2.223902, 42.897799 ], [ 2.228487, 42.904987 ], [ 2.228684, 42.904502 ], [ 2.224823179358749, 42.897245639455555 ], [ 2.223689, 42.897601 ], [ 2.220355, 42.896244 ], [ 2.216068884684848, 42.894625574181262 ], [ 2.220302, 42.897883 ] ] ], [ [ [ 2.184296, 42.896715 ], [ 2.178547919259033, 42.901346310768446 ], [ 2.18416, 42.897094 ], [ 2.1843799144021, 42.896564907047349 ], [ 2.184296, 42.896715 ] ] ], [ [ [ 2.174719, 42.90843 ], [ 2.175178, 42.908671 ], [ 2.175687, 42.908779 ], [ 2.176103, 42.90888 ], [ 2.176242165116873, 42.908847690997781 ], [ 2.175402, 42.908629 ], [ 2.174618488198063, 42.908312089030197 ], [ 2.174719, 42.90843 ] ] ], [ [ [ 2.186365231188622, 42.913259443106142 ], [ 2.18694, 42.914387 ], [ 2.187786, 42.915622 ], [ 2.18930333065025, 42.921141944262118 ], [ 2.189250116132484, 42.921406108760657 ], [ 2.182546, 42.927138 ], [ 2.181747, 42.926942 ], [ 2.180384, 42.926731 ], [ 2.18001, 42.92668 ], [ 2.17707, 42.930063 ], [ 2.177947, 42.929459 ], [ 2.178697, 42.929218 ], [ 2.17918, 42.929139 ], [ 2.183245, 42.927735 ], [ 2.188341, 42.925702 ], [ 2.188611628098703, 42.925560271514904 ], [ 2.188808705891084, 42.925354058383292 ], [ 2.190552, 42.917173 ], [ 2.189272, 42.916111 ], [ 2.189123, 42.915433 ], [ 2.188985, 42.914868 ], [ 2.184428573574335, 42.909462231037899 ], [ 2.184106974376429, 42.909504250736283 ], [ 2.186365231188622, 42.913259443106142 ] ] ], [ [ [ 2.164752, 42.935058 ], [ 2.164247, 42.935006 ], [ 2.163674, 42.935022 ], [ 2.16244, 42.935169 ], [ 2.162199509573724, 42.935218384375993 ], [ 2.167706, 42.940572 ], [ 2.173933, 42.938721 ], [ 2.175132, 42.932762 ], [ 2.17707, 42.930063 ], [ 2.173319, 42.932979 ], [ 2.164752, 42.935058 ] ] ] ] } },
{ "type": "Feature", "properties": { "codgeo": "11129", "value": 660, "isochrone_group": 11.0, "nb_agences": 2 }, "geometry": { "type": "MultiPolygon", "coordinates": [ [ [ [ 2.138657, 42.935355 ], [ 2.137982, 42.935657 ], [ 2.137575, 42.935884 ], [ 2.139333, 42.939026 ], [ 2.142585, 42.940643 ], [ 2.147548, 42.945472 ], [ 2.150892, 42.946805 ], [ 2.152771, 42.947356 ], [ 2.155976, 42.945717 ], [ 2.163492, 42.950156 ], [ 2.163336, 42.95105 ], [ 2.163502, 42.951728 ], [ 2.166281695790475, 42.952057508011642 ], [ 2.166354, 42.95215 ], [ 2.166463, 42.952079 ], [ 2.16752, 42.951173 ], [ 2.168685, 42.950195 ], [ 2.167768, 42.950901 ], [ 2.165909, 42.948945 ], [ 2.159364965565497, 42.943665583503751 ], [ 2.154851, 42.944651 ], [ 2.154433, 42.944919 ], [ 2.14915, 42.943952 ], [ 2.144228, 42.938931 ], [ 2.143653, 42.93637 ], [ 2.143678, 42.936314 ], [ 2.144604, 42.935351 ], [ 2.147454, 42.935229 ], [ 2.152723, 42.935883 ], [ 2.153275, 42.935918 ], [ 2.161393, 42.935384 ], [ 2.152962, 42.934708 ], [ 2.152346, 42.934571 ], [ 2.151423, 42.93463 ], [ 2.144755, 42.934599 ], [ 2.141427164741518, 42.935151083268693 ], [ 2.139854, 42.935043 ], [ 2.139449, 42.935024 ], [ 2.138657, 42.935355 ] ] ], [ [ [ 2.188687, 42.959873 ], [ 2.188465, 42.960723 ], [ 2.188463, 42.960817 ], [ 2.188496407547645, 42.960827231641623 ], [ 2.188829, 42.961931 ], [ 2.188848, 42.961956 ], [ 2.18932, 42.962445 ], [ 2.1897, 42.962842 ], [ 2.190466, 42.962655 ], [ 2.190539, 42.962628 ], [ 2.191702, 42.961809 ], [ 2.192444, 42.961415 ], [ 2.200124, 42.965283 ], [ 2.205112, 42.967428 ], [ 2.205130820851612, 42.967416917130393 ], [ 2.205131, 42.967417 ], [ 2.209529, 42.964827 ], [ 2.2141, 42.966591 ], [ 2.214693, 42.967305 ], [ 2.216533, 42.968737 ], [ 2.216707, 42.968735 ], [ 2.218076, 42.968596 ], [ 2.220728, 42.966162 ], [ 2.223805, 42.963462 ], [ 2.230153, 42.965937 ], [ 2.232661, 42.966282 ], [ 2.234087, 42.965925 ], [ 2.234606, 42.965617 ], [ 2.234987, 42.963535 ], [ 2.234452, 42.958656 ], [ 2.234466441660733, 42.958642623707675 ], [ 2.24066, 42.954399 ], [ 2.246969957591647, 42.955139215067156 ], [ 2.247806, 42.955279 ], [ 2.248793, 42.955444 ], [ 2.249275420679854, 42.955953165405248 ], [ 2.25451789451469, 42.961544250444362 ], [ 2.255219, 42.963917 ], [ 2.255363, 42.96429 ], [ 2.255635, 42.964749 ], [ 2.256129, 42.96531 ], [ 2.257563, 42.967141 ], [ 2.260682, 42.965343 ], [ 2.262673866700042, 42.963619573922138 ], [ 2.267761473838577, 42.96148108141481 ], [ 2.268824, 42.961419 ], [ 2.269714942771706, 42.961064193988058 ], [ 2.269876, 42.961052 ], [ 2.270075, 42.960938 ], [ 2.270076473186478, 42.960920219348218 ], [ 2.270185, 42.960877 ], [ 2.27036, 42.960778 ], [ 2.27045, 42.958403 ], [ 2.270453, 42.957928 ], [ 2.270359, 42.957859 ], [ 2.270057, 42.957715 ], [ 2.268582, 42.957648 ], [ 2.268388, 42.957629 ], [ 2.26607825397855, 42.956093083685246 ], [ 2.262900049450044, 42.953410852185861 ], [ 2.265357, 42.948576 ], [ 2.268890539636616, 42.94668192818758 ], [ 2.268412, 42.946592 ], [ 2.264311, 42.947683 ], [ 2.261836, 42.956309 ], [ 2.262265, 42.956629 ], [ 2.262439, 42.956779 ], [ 2.262315020080734, 42.959276554097769 ], [ 2.262322, 42.959646 ], [ 2.262311, 42.959667 ], [ 2.262294039373838, 42.959699206820808 ], [ 2.262294, 42.9597 ], [ 2.262286737226293, 42.95971307299267 ], [ 2.261757, 42.960719 ], [ 2.259943, 42.960939 ], [ 2.25896, 42.960867 ], [ 2.258239, 42.960161 ], [ 2.258206, 42.96011 ], [ 2.252478, 42.954109 ], [ 2.24786, 42.952053 ], [ 2.240599, 42.952992 ], [ 2.239863, 42.952911 ], [ 2.236846044151878, 42.952766179422397 ], [ 2.235287973377063, 42.955161922656778 ], [ 2.233066974523745, 42.960706085210177 ], [ 2.233146, 42.961304 ], [ 2.233124537463743, 42.961322614015835 ], [ 2.233439, 42.961754 ], [ 2.233482, 42.961847 ], [ 2.231337685750877, 42.962872313718272 ], [ 2.230426, 42.963663 ], [ 2.226162, 42.961789 ], [ 2.218558, 42.965792 ], [ 2.21793, 42.966468 ], [ 2.21785, 42.966519 ], [ 2.209611, 42.964838 ], [ 2.20926, 42.959684 ], [ 2.21036, 42.959458 ], [ 2.211669, 42.959047 ], [ 2.214172, 42.958193 ], [ 2.215111, 42.957873 ], [ 2.217424, 42.956302 ], [ 2.218688, 42.955244 ], [ 2.219027, 42.95498 ], [ 2.221124, 42.95287 ], [ 2.221404, 42.94524 ], [ 2.214704, 42.945585 ], [ 2.212734, 42.944388 ], [ 2.212659, 42.944357 ], [ 2.211929, 42.943211 ], [ 2.211735, 42.942939 ], [ 2.202806, 42.942635 ], [ 2.19883, 42.948023 ], [ 2.198516, 42.948843 ], [ 2.19798, 42.949926 ], [ 2.197671, 42.95041 ], [ 2.197076, 42.951601 ], [ 2.19613, 42.955021 ], [ 2.195673, 42.956011 ], [ 2.194521, 42.958176 ], [ 2.190975, 42.958799 ], [ 2.190408, 42.957438 ], [ 2.189997, 42.952738 ], [ 2.188811, 42.959354 ], [ 2.188687, 42.959873 ] ] ], [ [ [ 2.27501, 42.94629 ], [ 2.275921, 42.946284 ], [ 2.276639, 42.946095 ], [ 2.27787, 42.945586 ], [ 2.284256, 42.942582 ], [ 2.290378, 42.941637 ], [ 2.290795, 42.941634 ], [ 2.291981, 42.941538 ], [ 2.292521, 42.941453 ], [ 2.297663, 42.940861 ], [ 2.298108, 42.937288 ], [ 2.296668, 42.936973 ], [ 2.296332, 42.936897 ], [ 2.295896, 42.93685 ], [ 2.295454, 42.936869 ], [ 2.289042, 42.936637 ], [ 2.288225, 42.936494 ], [ 2.28651, 42.936831 ], [ 2.286116, 42.936875 ], [ 2.28115, 42.93629 ], [ 2.285894, 42.937757 ], [ 2.286579, 42.941292 ], [ 2.286197934999737, 42.94136566407029 ], [ 2.286198, 42.941366 ], [ 2.285084, 42.941581 ], [ 2.284661, 42.941627 ], [ 2.282557, 42.941808 ], [ 2.282098, 42.941765 ], [ 2.281855926958353, 42.94171036755543 ], [ 2.281801, 42.941712 ], [ 2.281296, 42.941584 ], [ 2.279258058949549, 42.940892730395682 ], [ 2.273021, 42.945129 ], [ 2.272367432715368, 42.946307755281197 ], [ 2.273173, 42.946301 ], [ 2.27501, 42.94629 ] ] ], [ [ [ 2.275055, 42.926121 ], [ 2.273209, 42.923489 ], [ 2.272111, 42.923252 ], [ 2.271548, 42.923129 ], [ 2.270876, 42.92317 ], [ 2.270425, 42.923316 ], [ 2.263726, 42.92384 ], [ 2.263526, 42.923859 ], [ 2.263525890835806, 42.923859032121605 ], [ 2.263358, 42.923875 ], [ 2.262507, 42.924124 ], [ 2.262499657749786, 42.924180360797735 ], [ 2.254617, 42.927595 ], [ 2.252641, 42.924586 ], [ 2.252902, 42.916678 ], [ 2.252502, 42.9131 ], [ 2.252149, 42.904191 ], [ 2.253412, 42.902508 ], [ 2.257003, 42.89965 ], [ 2.257642, 42.899242 ], [ 2.257765, 42.899153 ], [ 2.258125, 42.898847 ], [ 2.263115, 42.891683 ], [ 2.263643, 42.891606 ], [ 2.264336, 42.891456 ], [ 2.264817, 42.891279 ], [ 2.265606, 42.890876 ], [ 2.263968, 42.88767 ], [ 2.260453, 42.888284 ], [ 2.252131, 42.888848 ], [ 2.253009, 42.888903 ], [ 2.253426, 42.888989 ], [ 2.254625, 42.889262 ], [ 2.255595, 42.889562 ], [ 2.255744, 42.889609 ], [ 2.25496, 42.896307 ], [ 2.255073, 42.899905 ], [ 2.250411, 42.90202 ], [ 2.248427, 42.903986 ], [ 2.24655, 42.90493 ], [ 2.244906, 42.904734 ], [ 2.238331, 42.903247 ], [ 2.236274, 42.903766 ], [ 2.232705, 42.910367 ], [ 2.238511, 42.91511 ], [ 2.23985, 42.915753 ], [ 2.242329, 42.916467 ], [ 2.248215, 42.914721 ], [ 2.248883, 42.914043 ], [ 2.251153, 42.915381 ], [ 2.251274, 42.915496 ], [ 2.251457, 42.915807 ], [ 2.251663, 42.91687 ], [ 2.251611359515393, 42.917243877108561 ], [ 2.251623, 42.917247 ], [ 2.251588, 42.917413 ], [ 2.251075, 42.918424 ], [ 2.250495, 42.919075 ], [ 2.249996, 42.919452 ], [ 2.24769947189795, 42.9245197366958 ], [ 2.247044334208002, 42.926495021373626 ], [ 2.248517, 42.929468 ], [ 2.247931, 42.929758 ], [ 2.246092, 42.930588 ], [ 2.248437, 42.938988 ], [ 2.251636, 42.93889 ], [ 2.252552, 42.938626 ], [ 2.254724, 42.938139 ], [ 2.257921, 42.936617 ], [ 2.259027, 42.935977 ], [ 2.262937, 42.931736 ], [ 2.264214, 42.929907 ], [ 2.264656, 42.929286 ], [ 2.265612, 42.928477 ], [ 2.266517, 42.927457 ], [ 2.267082, 42.926717 ], [ 2.270149, 42.928603 ], [ 2.270074, 42.928724 ], [ 2.269333, 42.93028 ], [ 2.275313, 42.936613 ], [ 2.276019, 42.936383 ], [ 2.276442, 42.936312 ], [ 2.276885, 42.936309 ], [ 2.278765, 42.936023 ], [ 2.27934, 42.935973 ], [ 2.275705132654628, 42.931809161649703 ], [ 2.275055, 42.926121 ] ] ], [ [ [ 2.242632, 42.889984 ], [ 2.241569, 42.890023 ], [ 2.241165, 42.890053 ], [ 2.240153, 42.890186 ], [ 2.240042, 42.890217 ], [ 2.233854951222055, 42.891433982673895 ], [ 2.233826821428013, 42.892645218511475 ], [ 2.238616135791325, 42.894381161765921 ], [ 2.244218, 42.89007 ], [ 2.251623, 42.888888 ], [ 2.243533, 42.889983 ], [ 2.242632, 42.889984 ] ] ], [ [ [ 2.21147, 42.911364 ], [ 2.212777, 42.910851 ], [ 2.213609, 42.911039 ], [ 2.220684, 42.912629 ], [ 2.226221, 42.912459 ], [ 2.228628, 42.907063 ], [ 2.228404, 42.9056 ], [ 2.228487, 42.904987 ], [ 2.225282303708492, 42.899962930873869 ], [ 2.222767, 42.900983 ], [ 2.222445, 42.901243 ], [ 2.222149, 42.901397 ], [ 2.219498, 42.902119 ], [ 2.219138, 42.901574 ], [ 2.218826, 42.900667 ], [ 2.2189093140735, 42.899962452726278 ], [ 2.218897, 42.899957 ], [ 2.213088, 42.8935 ], [ 2.21258, 42.893368 ], [ 2.211838, 42.892848 ], [ 2.203199, 42.890653 ], [ 2.199845, 42.898813 ], [ 2.200113, 42.900141 ], [ 2.200085, 42.900216 ], [ 2.199226, 42.901182 ], [ 2.202655, 42.909489 ], [ 2.204279, 42.909708 ], [ 2.205578, 42.909578 ], [ 2.206274830066271, 42.909950854679813 ], [ 2.210015098122356, 42.911393245286554 ], [ 2.21147, 42.911364 ] ] ], [ [ [ 2.172374, 42.899599 ], [ 2.169034, 42.898365 ], [ 2.167511534853187, 42.897642328926558 ], [ 2.167539, 42.897667 ], [ 2.168125, 42.898144 ], [ 2.168347, 42.898349 ], [ 2.17016, 42.901002 ], [ 2.176326276778124, 42.900000638813815 ], [ 2.172374, 42.899599 ] ] ], [ [ [ 2.183324, 42.91496 ], [ 2.184587, 42.915055 ], [ 2.185006, 42.915067 ], [ 2.187954901393429, 42.916236451620911 ], [ 2.187786, 42.915622 ], [ 2.18694, 42.914387 ], [ 2.186365231188622, 42.913259443106142 ], [ 2.185610010145831, 42.912003607063859 ], [ 2.1841, 42.911768 ], [ 2.183689, 42.912103 ], [ 2.183658028735839, 42.912087985533212 ], [ 2.183016, 42.912521 ], [ 2.182069, 42.912897 ], [ 2.181572, 42.912616 ], [ 2.178793091214585, 42.911110320334302 ], [ 2.183324, 42.91496 ] ] ], [ [ [ 2.183585951681846, 42.896853869202026 ], [ 2.184431, 42.896442 ], [ 2.184361112899613, 42.896321116827522 ], [ 2.183585951681846, 42.896853869202026 ] ] ], [ [ [ 2.178102, 42.926169 ], [ 2.177193, 42.925847 ], [ 2.17634, 42.925652 ], [ 2.176328323395264, 42.925675975566577 ], [ 2.176288, 42.925668 ], [ 2.176246529661316, 42.925843922598972 ], [ 2.174764, 42.928888 ], [ 2.172141475988178, 42.93326475608972 ], [ 2.173319, 42.932979 ], [ 2.17707, 42.930063 ], [ 2.18001, 42.92668 ], [ 2.180384, 42.926731 ], [ 2.17946, 42.926458 ], [ 2.178102, 42.926169 ] ] ] ] } },
{ "type": "Feature", "properties": { "codgeo": "11129", "value": 720, "isochrone_group": 12.0, "nb_agences": 2 }, "geometry": { "type": "MultiPolygon", "coordinates": [ [ [ [ 2.126987, 42.934966 ], [ 2.126362, 42.935074 ], [ 2.126061, 42.935167 ], [ 2.127115, 42.938609 ], [ 2.133756, 42.941298 ], [ 2.141109, 42.942893 ], [ 2.148012178819582, 42.947711048651321 ], [ 2.148415, 42.948256 ], [ 2.148795, 42.948516 ], [ 2.150642, 42.950199 ], [ 2.154957, 42.950295 ], [ 2.161475, 42.952031 ], [ 2.163381, 42.954124 ], [ 2.163596747949597, 42.954124624451381 ], [ 2.163597, 42.954131 ], [ 2.164072, 42.954126 ], [ 2.164483, 42.954106 ], [ 2.164879, 42.954026 ], [ 2.165264, 42.95389 ], [ 2.165731, 42.953614 ], [ 2.166084, 42.953298 ], [ 2.166357, 42.952954 ], [ 2.168685, 42.950195 ], [ 2.16752, 42.951173 ], [ 2.166463, 42.952079 ], [ 2.166354, 42.95215 ], [ 2.166281695790475, 42.952057508011642 ], [ 2.163502, 42.951728 ], [ 2.163336, 42.95105 ], [ 2.163492, 42.950156 ], [ 2.155976, 42.945717 ], [ 2.152771, 42.947356 ], [ 2.150892, 42.946805 ], [ 2.147548, 42.945472 ], [ 2.142585, 42.940643 ], [ 2.139333, 42.939026 ], [ 2.137575, 42.935884 ], [ 2.137982, 42.935657 ], [ 2.138657, 42.935355 ], [ 2.139448085241487, 42.93502438230437 ], [ 2.13654, 42.934891 ], [ 2.127582, 42.934958 ], [ 2.126987, 42.934966 ] ] ], [ [ [ 2.187075264674149, 42.960404375336019 ], [ 2.185823, 42.962944 ], [ 2.18732, 42.968037 ], [ 2.187443, 42.968063 ], [ 2.187739, 42.968091 ], [ 2.187978, 42.968053 ], [ 2.189043, 42.967788 ], [ 2.195786, 42.96561 ], [ 2.201481, 42.968607 ], [ 2.203627, 42.972556 ], [ 2.207184, 42.973105 ], [ 2.207483, 42.972124 ], [ 2.208062, 42.970736 ], [ 2.208312, 42.970192 ], [ 2.215226956810517, 42.967720557691671 ], [ 2.214693, 42.967305 ], [ 2.2141, 42.966591 ], [ 2.209529, 42.964827 ], [ 2.205131, 42.967417 ], [ 2.205130820851612, 42.967416917130393 ], [ 2.205112, 42.967428 ], [ 2.200124, 42.965283 ], [ 2.192444, 42.961415 ], [ 2.191702, 42.961809 ], [ 2.190539, 42.962628 ], [ 2.190466, 42.962655 ], [ 2.1897, 42.962842 ], [ 2.18932, 42.962445 ], [ 2.188848, 42.961956 ], [ 2.188829, 42.961931 ], [ 2.188496407547645, 42.960827231641623 ], [ 2.188463, 42.960817 ], [ 2.188465, 42.960723 ], [ 2.188687, 42.959873 ], [ 2.188811, 42.959354 ], [ 2.189997, 42.952738 ], [ 2.186932, 42.959799 ], [ 2.187075264674149, 42.960404375336019 ] ] ], [ [ [ 2.218285, 42.970459 ], [ 2.219041, 42.971184 ], [ 2.219762, 42.971575 ], [ 2.220234, 42.971704 ], [ 2.221194, 42.971786 ], [ 2.223268, 42.97064 ], [ 2.228178, 42.966776 ], [ 2.234682, 42.967898 ], [ 2.236926, 42.965083 ], [ 2.237244, 42.95941 ], [ 2.243608, 42.955478 ], [ 2.24801, 42.955845 ], [ 2.250608554420602, 42.957374949156176 ], [ 2.249275420679854, 42.955953165405248 ], [ 2.248793, 42.955444 ], [ 2.247806, 42.955279 ], [ 2.246969957591647, 42.955139215067156 ], [ 2.24066, 42.954399 ], [ 2.234466441660733, 42.958642623707675 ], [ 2.234452, 42.958656 ], [ 2.234987, 42.963535 ], [ 2.234606, 42.965617 ], [ 2.234087, 42.965925 ], [ 2.232661, 42.966282 ], [ 2.230153, 42.965937 ], [ 2.223805, 42.963462 ], [ 2.220728, 42.966162 ], [ 2.218076, 42.968596 ], [ 2.216707, 42.968735 ], [ 2.216669962021439, 42.968735425723885 ], [ 2.217823, 42.9697 ], [ 2.218285, 42.970459 ] ] ], [ [ [ 2.25451789451469, 42.961544250444362 ], [ 2.250947537604182, 42.957736473861125 ], [ 2.255219, 42.963917 ], [ 2.25451789451469, 42.961544250444362 ] ] ], [ [ [ 2.257753, 42.970726 ], [ 2.258074, 42.971305 ], [ 2.258363, 42.971648 ], [ 2.259361, 42.97273 ], [ 2.259832, 42.973133 ], [ 2.262496, 42.972082 ], [ 2.262505, 42.97195 ], [ 2.262482, 42.971502 ], [ 2.262467, 42.971345 ], [ 2.262415, 42.970824 ], [ 2.262548641445561, 42.968691511501383 ], [ 2.268739, 42.963763 ], [ 2.269109, 42.963713 ], [ 2.271819, 42.962154 ], [ 2.272057928968934, 42.961900478823836 ], [ 2.272402, 42.961689 ], [ 2.27251539782177, 42.961415070787503 ], [ 2.27344, 42.960434 ], [ 2.273441, 42.960418 ], [ 2.273304, 42.959564 ], [ 2.272623, 42.957591 ], [ 2.269275, 42.955878 ], [ 2.264697, 42.953426 ], [ 2.268146233271017, 42.947080896319214 ], [ 2.265357, 42.948576 ], [ 2.262900049450044, 42.953410852185861 ], [ 2.26607825397855, 42.956093083685246 ], [ 2.268388, 42.957629 ], [ 2.268582, 42.957648 ], [ 2.270057, 42.957715 ], [ 2.270359, 42.957859 ], [ 2.270453, 42.957928 ], [ 2.27045, 42.958403 ], [ 2.27036, 42.960778 ], [ 2.270185, 42.960877 ], [ 2.270076473186478, 42.960920219348218 ], [ 2.270075, 42.960938 ], [ 2.269876, 42.961052 ], [ 2.269714942771706, 42.961064193988058 ], [ 2.268824, 42.961419 ], [ 2.267761473838577, 42.96148108141481 ], [ 2.262673866700042, 42.963619573922138 ], [ 2.260682, 42.965343 ], [ 2.257563, 42.967141 ], [ 2.256129, 42.96531 ], [ 2.255635, 42.964749 ], [ 2.257618, 42.970281 ], [ 2.257753, 42.970726 ] ] ], [ [ [ 2.273173, 42.946301 ], [ 2.271265, 42.946317 ], [ 2.27501, 42.94629 ], [ 2.273173, 42.946301 ] ] ], [ [ [ 2.277351989680998, 42.946505998399132 ], [ 2.277352, 42.946506 ], [ 2.278044, 42.946147 ], [ 2.282208, 42.944737 ], [ 2.283493, 42.943881 ], [ 2.290795, 42.941634 ], [ 2.290378, 42.941637 ], [ 2.284256, 42.942582 ], [ 2.27787, 42.945586 ], [ 2.276639, 42.946095 ], [ 2.275921, 42.946284 ], [ 2.277325, 42.94652 ], [ 2.277351989680998, 42.946505998399132 ] ] ], [ [ [ 2.301549, 42.94197 ], [ 2.303103, 42.942484 ], [ 2.305441, 42.94322 ], [ 2.308477, 42.943361 ], [ 2.309067, 42.93981 ], [ 2.308386, 42.939697 ], [ 2.301163, 42.938089 ], [ 2.300478, 42.937889 ], [ 2.298879, 42.937477 ], [ 2.298341, 42.93733 ], [ 2.296668, 42.936973 ], [ 2.298108, 42.937288 ], [ 2.297663, 42.940861 ], [ 2.292521, 42.941453 ], [ 2.300882, 42.941786 ], [ 2.301549, 42.94197 ] ] ], [ [ [ 2.291627, 42.935911 ], [ 2.291088, 42.936054 ], [ 2.289313, 42.936451 ], [ 2.288754, 42.936574 ], [ 2.288736158473887, 42.936583468374259 ], [ 2.289042, 42.936637 ], [ 2.295454, 42.936869 ], [ 2.295896, 42.93685 ], [ 2.296332, 42.936897 ], [ 2.292076, 42.935825 ], [ 2.291627, 42.935911 ] ] ], [ [ [ 2.279317, 42.927174 ], [ 2.277567, 42.922403 ], [ 2.274199, 42.921131 ], [ 2.270876, 42.92317 ], [ 2.271548, 42.923129 ], [ 2.272111, 42.923252 ], [ 2.273209, 42.923489 ], [ 2.275055, 42.926121 ], [ 2.275705132654628, 42.931809161649703 ], [ 2.27934, 42.935973 ], [ 2.280716, 42.93619 ], [ 2.28115, 42.93629 ], [ 2.282007053315217, 42.936390961777974 ], [ 2.280025, 42.930704 ], [ 2.279317, 42.927174 ] ] ], [ [ [ 2.263622, 42.9212 ], [ 2.258914, 42.915266 ], [ 2.257825, 42.911835 ], [ 2.258711, 42.903607 ], [ 2.260425, 42.897901 ], [ 2.264817, 42.891279 ], [ 2.264336, 42.891456 ], [ 2.263643, 42.891606 ], [ 2.263115, 42.891683 ], [ 2.258125, 42.898847 ], [ 2.257765, 42.899153 ], [ 2.257642, 42.899242 ], [ 2.257003, 42.89965 ], [ 2.253412, 42.902508 ], [ 2.252149, 42.904191 ], [ 2.252502, 42.9131 ], [ 2.252902, 42.916678 ], [ 2.252641, 42.924586 ], [ 2.254617, 42.927595 ], [ 2.262499657749786, 42.924180360797735 ], [ 2.262507, 42.924124 ], [ 2.263358, 42.923875 ], [ 2.263525890835806, 42.923859032121605 ], [ 2.263526, 42.923859 ], [ 2.263726, 42.92384 ], [ 2.270425, 42.923316 ], [ 2.270876, 42.92317 ], [ 2.264268, 42.921637 ], [ 2.263622, 42.9212 ] ] ], [ [ [ 2.269619, 42.888722 ], [ 2.270087, 42.888527 ], [ 2.270533, 42.888248 ], [ 2.271926, 42.887324 ], [ 2.272703, 42.886841 ], [ 2.273085, 42.886307 ], [ 2.273271, 42.885909 ], [ 2.273392, 42.885625 ], [ 2.271025, 42.883505 ], [ 2.270978, 42.883523 ], [ 2.266742, 42.885664 ], [ 2.258031, 42.887511 ], [ 2.251623, 42.888888 ], [ 2.252131, 42.888848 ], [ 2.260453, 42.888284 ], [ 2.263968, 42.88767 ], [ 2.265597486917886, 42.890859337642695 ], [ 2.265918, 42.890687 ], [ 2.269619, 42.888722 ] ] ], [ [ [ 2.240042, 42.890217 ], [ 2.240153, 42.890186 ], [ 2.234096755555743, 42.889402039503743 ], [ 2.233940408970396, 42.891417173270455 ], [ 2.240042, 42.890217 ] ] ], [ [ [ 2.15792, 42.900674 ], [ 2.157983, 42.900705 ], [ 2.159060322495378, 42.900378563808253 ], [ 2.157784779822668, 42.900195612351688 ], [ 2.15792, 42.900674 ] ] ], [ [ [ 2.165446591392681, 42.90096848322068 ], [ 2.169749, 42.907897 ], [ 2.165595088507855, 42.900914131543381 ], [ 2.165198328933009, 42.900879367001963 ], [ 2.165446591392681, 42.90096848322068 ] ] ], [ [ [ 2.180638, 42.915739 ], [ 2.181, 42.915636 ], [ 2.181533, 42.915472 ], [ 2.182113, 42.915278 ], [ 2.184587, 42.915055 ], [ 2.183324, 42.91496 ], [ 2.183188262183838, 42.914844670573714 ], [ 2.183065, 42.914903 ], [ 2.183042946475797, 42.914899267361761 ], [ 2.182726, 42.915031 ], [ 2.182451, 42.915118 ], [ 2.174303, 42.91342 ], [ 2.180638, 42.915739 ] ] ], [ [ [ 2.174259, 42.923806 ], [ 2.173856, 42.923552 ], [ 2.173561, 42.923405 ], [ 2.171961, 42.92663 ], [ 2.171344336013939, 42.933924942247614 ], [ 2.171792, 42.933848 ], [ 2.174764, 42.928888 ], [ 2.176246529661316, 42.925843922598972 ], [ 2.176288, 42.925668 ], [ 2.176328323395264, 42.925675975566577 ], [ 2.17634, 42.925652 ], [ 2.177193, 42.925847 ], [ 2.178102, 42.926169 ], [ 2.17522, 42.924362 ], [ 2.174259, 42.923806 ] ] ], [ [ [ 2.152809, 42.932798 ], [ 2.152354, 42.932878 ], [ 2.151847524822287, 42.93305016376376 ], [ 2.151809, 42.933043 ], [ 2.149674, 42.933789 ], [ 2.148695, 42.934134 ], [ 2.139854, 42.935043 ], [ 2.141427164741518, 42.935151083268693 ], [ 2.144755, 42.934599 ], [ 2.151423, 42.93463 ], [ 2.152346, 42.934571 ], [ 2.152962, 42.934708 ], [ 2.161393, 42.935384 ], [ 2.16244, 42.935169 ], [ 2.163674, 42.935022 ], [ 2.164247, 42.935006 ], [ 2.159466, 42.933676 ], [ 2.152809, 42.932798 ] ] ] ] } },
{ "type": "Feature", "properties": { "codgeo": "11129", "value": 780, "isochrone_group": 13.0, "nb_agences": 2 }, "geometry": { "type": "MultiPolygon", "coordinates": [ [ [ [ 2.117015, 42.938232 ], [ 2.118255, 42.939 ], [ 2.11912, 42.93935 ], [ 2.1219, 42.940457 ], [ 2.129192, 42.942655 ], [ 2.131826, 42.941814 ], [ 2.13946, 42.943863 ], [ 2.141319, 42.946945 ], [ 2.146962519974978, 42.949928631170636 ], [ 2.147629, 42.950411 ], [ 2.148211495925824, 42.950493371459714 ], [ 2.150989, 42.951519 ], [ 2.155268, 42.951537 ], [ 2.160270477757555, 42.953310394621937 ], [ 2.160693387028225, 42.953475816114064 ], [ 2.163549, 42.955584 ], [ 2.163918, 42.955227 ], [ 2.165731, 42.953614 ], [ 2.165264, 42.95389 ], [ 2.164879, 42.954026 ], [ 2.164483, 42.954106 ], [ 2.164072, 42.954126 ], [ 2.163597, 42.954131 ], [ 2.163596747949597, 42.954124624451381 ], [ 2.163381, 42.954124 ], [ 2.161475, 42.952031 ], [ 2.154957, 42.950295 ], [ 2.150642, 42.950199 ], [ 2.148795, 42.948516 ], [ 2.148415, 42.948256 ], [ 2.148012178819582, 42.947711048651321 ], [ 2.141109, 42.942893 ], [ 2.133756, 42.941298 ], [ 2.127115, 42.938609 ], [ 2.126061, 42.935167 ], [ 2.126362, 42.935074 ], [ 2.126987, 42.934966 ], [ 2.119107, 42.935283 ], [ 2.116759, 42.938012 ], [ 2.117015, 42.938232 ] ] ], [ [ [ 2.183683, 42.959306 ], [ 2.183178, 42.959523 ], [ 2.183008, 42.959629 ], [ 2.182082429863886, 42.963377011567182 ], [ 2.180838, 42.965618 ], [ 2.180004576777152, 42.967806906498232 ], [ 2.179966, 42.967865 ], [ 2.179959761902617, 42.967924608486108 ], [ 2.17977, 42.968423 ], [ 2.179835, 42.968513 ], [ 2.17993264240763, 42.968568059006678 ], [ 2.179927, 42.968711 ], [ 2.180974, 42.969754 ], [ 2.181283, 42.96992 ], [ 2.188434, 42.969464 ], [ 2.190323, 42.96959 ], [ 2.191121, 42.969671 ], [ 2.196813, 42.976423 ], [ 2.196761, 42.97682 ], [ 2.197519, 42.977997 ], [ 2.201135, 42.977256 ], [ 2.205009548496111, 42.976488994555368 ], [ 2.20644, 42.976214 ], [ 2.208172, 42.973058 ], [ 2.210087220895177, 42.969557526618999 ], [ 2.208312, 42.970192 ], [ 2.208062, 42.970736 ], [ 2.207483, 42.972124 ], [ 2.207184, 42.973105 ], [ 2.203627, 42.972556 ], [ 2.201481, 42.968607 ], [ 2.195786, 42.96561 ], [ 2.189043, 42.967788 ], [ 2.187978, 42.968053 ], [ 2.187739, 42.968091 ], [ 2.187443, 42.968063 ], [ 2.18732, 42.968037 ], [ 2.185823, 42.962944 ], [ 2.187075264674149, 42.960404375336019 ], [ 2.186932, 42.959799 ], [ 2.189997, 42.952738 ], [ 2.18431, 42.959237 ], [ 2.183683, 42.959306 ] ] ], [ [ [ 2.215388, 42.967663 ], [ 2.212916720712677, 42.968546248349014 ], [ 2.217823, 42.9697 ], [ 2.215388, 42.967663 ] ] ], [ [ [ 2.221872, 42.974046 ], [ 2.222344, 42.97445 ], [ 2.224362, 42.976223 ], [ 2.224613, 42.976155 ], [ 2.225743, 42.975255 ], [ 2.225944, 42.97445 ], [ 2.225960959502072, 42.974153896261114 ], [ 2.226009, 42.97415 ], [ 2.225981, 42.973804 ], [ 2.225698, 42.972811 ], [ 2.225495, 42.972334 ], [ 2.225511731677757, 42.968874260854811 ], [ 2.223268, 42.97064 ], [ 2.221194, 42.971786 ], [ 2.220234, 42.971704 ], [ 2.219762, 42.971575 ], [ 2.219041, 42.971184 ], [ 2.22107, 42.973118 ], [ 2.221872, 42.974046 ] ] ], [ [ [ 2.234099, 42.969066 ], [ 2.234438, 42.969507 ], [ 2.237242, 42.968667 ], [ 2.237647, 42.968243 ], [ 2.238794, 42.967199 ], [ 2.239179, 42.966801 ], [ 2.239106, 42.963981 ], [ 2.245021, 42.958409 ], [ 2.248658, 42.959648 ], [ 2.249035, 42.95985 ], [ 2.249853576608896, 42.96019242884632 ], [ 2.255363, 42.96429 ], [ 2.255219, 42.963917 ], [ 2.250758830563331, 42.957463427140695 ], [ 2.24801, 42.955845 ], [ 2.243608, 42.955478 ], [ 2.237244, 42.95941 ], [ 2.236926, 42.965083 ], [ 2.234682, 42.967898 ], [ 2.228178, 42.966776 ], [ 2.225858060357954, 42.968601712174525 ], [ 2.233764, 42.968366 ], [ 2.234099, 42.969066 ] ] ], [ [ [ 2.258919, 42.973962 ], [ 2.259242, 42.974902 ], [ 2.259513, 42.975439 ], [ 2.262093, 42.979713 ], [ 2.262362, 42.980186 ], [ 2.262625, 42.980524 ], [ 2.262959, 42.980879 ], [ 2.263797, 42.981755 ], [ 2.266722, 42.979656 ], [ 2.265501, 42.972197 ], [ 2.269507, 42.966356 ], [ 2.272205, 42.964025 ], [ 2.275753, 42.960533 ], [ 2.276435, 42.959424 ], [ 2.275152, 42.956984 ], [ 2.274346, 42.956492 ], [ 2.272048, 42.954486 ], [ 2.277371, 42.947508 ], [ 2.279561, 42.94906 ], [ 2.280055, 42.949172 ], [ 2.280952, 42.949009 ], [ 2.281902, 42.948749 ], [ 2.285445, 42.946329 ], [ 2.286142, 42.945946 ], [ 2.287605, 42.945057 ], [ 2.292725519880832, 42.941461145571154 ], [ 2.292521, 42.941453 ], [ 2.291981, 42.941538 ], [ 2.290795, 42.941634 ], [ 2.283493, 42.943881 ], [ 2.282208, 42.944737 ], [ 2.278044, 42.946147 ], [ 2.277352, 42.946506 ], [ 2.277351989680998, 42.946505998399132 ], [ 2.277325, 42.94652 ], [ 2.275921, 42.946284 ], [ 2.27501, 42.94629 ], [ 2.271265, 42.946317 ], [ 2.269243, 42.946493 ], [ 2.268412, 42.946592 ], [ 2.264697, 42.953426 ], [ 2.269275, 42.955878 ], [ 2.272623, 42.957591 ], [ 2.273304, 42.959564 ], [ 2.273441, 42.960418 ], [ 2.27344, 42.960434 ], [ 2.27251539782177, 42.961415070787503 ], [ 2.272402, 42.961689 ], [ 2.272057928968934, 42.961900478823836 ], [ 2.271819, 42.962154 ], [ 2.269109, 42.963713 ], [ 2.268739, 42.963763 ], [ 2.262548641445561, 42.968691511501383 ], [ 2.262415, 42.970824 ], [ 2.262467, 42.971345 ], [ 2.262482, 42.971502 ], [ 2.262505, 42.97195 ], [ 2.262496, 42.972082 ], [ 2.259832, 42.973133 ], [ 2.259361, 42.97273 ], [ 2.258363, 42.971648 ], [ 2.258074, 42.971305 ], [ 2.257753, 42.970726 ], [ 2.258785, 42.973396 ], [ 2.258919, 42.973962 ] ] ], [ [ [ 2.31672, 42.943967 ], [ 2.317067, 42.943866 ], [ 2.319397, 42.943032 ], [ 2.319399, 42.942675 ], [ 2.319227, 42.941871 ], [ 2.318871, 42.941266 ], [ 2.318628362652924, 42.94102209561715 ], [ 2.318632, 42.941009 ], [ 2.318488, 42.940881 ], [ 2.317996, 42.940542 ], [ 2.317621, 42.940339 ], [ 2.314547, 42.93916 ], [ 2.309975, 42.939705 ], [ 2.305410082969871, 42.939034494865794 ], [ 2.308386, 42.939697 ], [ 2.309067, 42.93981 ], [ 2.308477, 42.943361 ], [ 2.305441, 42.94322 ], [ 2.303103, 42.942484 ], [ 2.308763, 42.945425 ], [ 2.31672, 42.943967 ] ] ], [ [ [ 2.294579, 42.935772 ], [ 2.294062, 42.935694 ], [ 2.293721, 42.935673 ], [ 2.292369, 42.935793 ], [ 2.292111520455711, 42.935833946881715 ], [ 2.296332, 42.936897 ], [ 2.296668, 42.936973 ], [ 2.298341, 42.93733 ], [ 2.298879, 42.937477 ], [ 2.300478, 42.937889 ], [ 2.301163, 42.938089 ], [ 2.297206, 42.936572 ], [ 2.294579, 42.935772 ] ] ], [ [ [ 2.283898, 42.925074 ], [ 2.27974, 42.918017 ], [ 2.276713, 42.91791 ], [ 2.27185, 42.917859 ], [ 2.268826, 42.919812 ], [ 2.26860850490861, 42.919981362719042 ], [ 2.264084, 42.9151 ], [ 2.264323, 42.911557 ], [ 2.264012, 42.911527 ], [ 2.26142, 42.902994 ], [ 2.262475, 42.901856 ], [ 2.264097, 42.900399 ], [ 2.264433, 42.899691 ], [ 2.264458, 42.899583 ], [ 2.263125, 42.896733 ], [ 2.265918, 42.890687 ], [ 2.264817, 42.891279 ], [ 2.260425, 42.897901 ], [ 2.258711, 42.903607 ], [ 2.257825, 42.911835 ], [ 2.258914, 42.915266 ], [ 2.263622, 42.9212 ], [ 2.264268, 42.921637 ], [ 2.270876, 42.92317 ], [ 2.274199, 42.921131 ], [ 2.277567, 42.922403 ], [ 2.279317, 42.927174 ], [ 2.280025, 42.930704 ], [ 2.282342, 42.937352 ], [ 2.286399, 42.937666 ], [ 2.288064, 42.936956 ], [ 2.288249, 42.936842 ], [ 2.288754, 42.936574 ], [ 2.285653, 42.928218 ], [ 2.283898, 42.925074 ] ] ], [ [ [ 2.277111, 42.88652 ], [ 2.277916, 42.88634 ], [ 2.279336, 42.885975 ], [ 2.279575, 42.883808 ], [ 2.279032, 42.882388 ], [ 2.278814, 42.882407 ], [ 2.27729, 42.882618 ], [ 2.270201, 42.879293 ], [ 2.269421, 42.879137 ], [ 2.268896, 42.879071 ], [ 2.268089, 42.879048 ], [ 2.267588, 42.879137 ], [ 2.264857268643479, 42.886063621032662 ], [ 2.266742, 42.885664 ], [ 2.270978, 42.883523 ], [ 2.271025, 42.883505 ], [ 2.273392, 42.885625 ], [ 2.273271, 42.885909 ], [ 2.273085, 42.886307 ], [ 2.272703, 42.886841 ], [ 2.271926, 42.887324 ], [ 2.270533, 42.888248 ], [ 2.270087, 42.888527 ], [ 2.275885, 42.886722 ], [ 2.277111, 42.88652 ] ] ], [ [ [ 2.251623, 42.888888 ], [ 2.258031, 42.887511 ], [ 2.263298399859412, 42.886394149174599 ], [ 2.256808, 42.88716 ], [ 2.251623, 42.888888 ] ] ], [ [ [ 2.240153, 42.890186 ], [ 2.234582004018201, 42.889336387613646 ], [ 2.234728377548783, 42.889483800848716 ], [ 2.240153, 42.890186 ] ] ], [ [ [ 2.157313, 42.901884 ], [ 2.157968191661727, 42.902003957885121 ], [ 2.157806, 42.901937 ], [ 2.157257, 42.901725 ], [ 2.15724107156685, 42.901723544264513 ], [ 2.157313, 42.901884 ] ] ], [ [ [ 2.167175, 42.910054 ], [ 2.167096387262039, 42.90653908575738 ], [ 2.166087508742953, 42.90250813674222 ], [ 2.166012013348069, 42.902512673646612 ], [ 2.167175, 42.910054 ] ] ], [ [ [ 2.168436, 42.913794 ], [ 2.171703, 42.921313 ], [ 2.170375, 42.922739 ], [ 2.17014, 42.923765 ], [ 2.170396, 42.924864 ], [ 2.170675, 42.925697 ], [ 2.171321, 42.934201 ], [ 2.171961, 42.92663 ], [ 2.173561, 42.923405 ], [ 2.173856, 42.923552 ], [ 2.174259, 42.923806 ], [ 2.17522, 42.924362 ], [ 2.178102, 42.926169 ], [ 2.17946, 42.926458 ], [ 2.180384, 42.926731 ], [ 2.181747, 42.926942 ], [ 2.182546, 42.927138 ], [ 2.185033, 42.927962 ], [ 2.187664, 42.929312 ], [ 2.189392, 42.930099 ], [ 2.195755, 42.935904 ], [ 2.199917, 42.933783 ], [ 2.200205, 42.933613 ], [ 2.2007, 42.933321 ], [ 2.205202, 42.931065 ], [ 2.202390719552443, 42.924120144061817 ], [ 2.201970071668233, 42.923941079974945 ], [ 2.200048, 42.923235 ], [ 2.19862, 42.922515 ], [ 2.194101, 42.920745 ], [ 2.193992066345156, 42.92045575464094 ], [ 2.19237, 42.919734 ], [ 2.192335, 42.919612 ], [ 2.192211, 42.918904 ], [ 2.188150758738693, 42.916314123153221 ], [ 2.185006, 42.915067 ], [ 2.184587, 42.915055 ], [ 2.182896858406095, 42.915207345018345 ], [ 2.181239, 42.916768 ], [ 2.181219949701337, 42.916771507167951 ], [ 2.181167, 42.916821 ], [ 2.18044, 42.916834 ], [ 2.173671, 42.915777 ], [ 2.173588, 42.915753 ], [ 2.168924, 42.913985 ], [ 2.16825, 42.91369 ], [ 2.168436, 42.913794 ] ] ], [ [ [ 2.158655, 42.931511 ], [ 2.157525, 42.931582 ], [ 2.1572, 42.931674 ], [ 2.156514021026675, 42.93208341101888 ], [ 2.155474, 42.932203 ], [ 2.152957, 42.932777 ], [ 2.152821657146721, 42.932799669366815 ], [ 2.159466, 42.933676 ], [ 2.164247, 42.935006 ], [ 2.15935, 42.932163 ], [ 2.158655, 42.931511 ] ] ], [ [ [ 2.140015371310157, 42.935018797683689 ], [ 2.136216, 42.933869 ], [ 2.135393, 42.933978 ], [ 2.127582, 42.934958 ], [ 2.13654, 42.934891 ], [ 2.139854, 42.935043 ], [ 2.148695, 42.934134 ], [ 2.149674, 42.933789 ], [ 2.151809, 42.933043 ], [ 2.151847524822287, 42.93305016376376 ], [ 2.152354, 42.932878 ], [ 2.147015, 42.933969 ], [ 2.140015371310157, 42.935018797683689 ] ] ] ] } },
{ "type": "Feature", "properties": { "codgeo": "11129", "value": 840, "isochrone_group": 14.0, "nb_agences": 2 }, "geometry": { "type": "MultiPolygon", "coordinates": [ [ [ [ 2.111411, 42.937961 ], [ 2.116257, 42.93948 ], [ 2.122885, 42.940832 ], [ 2.128606, 42.943508 ], [ 2.129484, 42.943665 ], [ 2.133050916386955, 42.944414790423963 ], [ 2.138103383882983, 42.94728574034167 ], [ 2.139061, 42.948752 ], [ 2.140659, 42.948704 ], [ 2.147294476675729, 42.950168886780872 ], [ 2.146962519974978, 42.949928631170636 ], [ 2.141319, 42.946945 ], [ 2.13946, 42.943863 ], [ 2.131826, 42.941814 ], [ 2.129192, 42.942655 ], [ 2.1219, 42.940457 ], [ 2.11912, 42.93935 ], [ 2.118255, 42.939 ], [ 2.117015, 42.938232 ], [ 2.116759, 42.938012 ], [ 2.119107, 42.935283 ], [ 2.126987, 42.934966 ], [ 2.127582, 42.934958 ], [ 2.121234, 42.934018 ], [ 2.118828, 42.933705 ], [ 2.111263, 42.933288 ], [ 2.108697, 42.935813 ], [ 2.109464, 42.936593 ], [ 2.111411, 42.937961 ] ] ], [ [ [ 2.160413, 42.957377 ], [ 2.160628, 42.957289 ], [ 2.161594, 42.956914 ], [ 2.161967, 42.956772 ], [ 2.16237, 42.956525 ], [ 2.163349, 42.955814 ], [ 2.163918, 42.955227 ], [ 2.163549, 42.955584 ], [ 2.160693387028225, 42.953475816114064 ], [ 2.160270477757555, 42.953310394621937 ], [ 2.155268, 42.951537 ], [ 2.152833338602663, 42.9515267583769 ], [ 2.154858, 42.952036 ], [ 2.156823, 42.954029 ], [ 2.160413, 42.957377 ] ] ], [ [ [ 2.181853, 42.960081 ], [ 2.181039, 42.960376 ], [ 2.180519, 42.960689 ], [ 2.179677, 42.965492 ], [ 2.178073, 42.968714 ], [ 2.178516, 42.971209 ], [ 2.180451, 42.974245 ], [ 2.182482, 42.974717 ], [ 2.185655978548602, 42.974562537751382 ], [ 2.190762, 42.979737 ], [ 2.190827, 42.979768 ], [ 2.193445, 42.980867 ], [ 2.195079146160403, 42.981139528611344 ], [ 2.200352, 42.982045 ], [ 2.206104010734105, 42.978667343092745 ], [ 2.207739, 42.97774 ], [ 2.210347, 42.975258 ], [ 2.212298182343356, 42.97175648437269 ], [ 2.21713112888609, 42.970709071043458 ], [ 2.219041, 42.971184 ], [ 2.218285, 42.970459 ], [ 2.217823, 42.9697 ], [ 2.2109, 42.968072 ], [ 2.208172, 42.973058 ], [ 2.20644, 42.976214 ], [ 2.205009548496111, 42.976488994555368 ], [ 2.201135, 42.977256 ], [ 2.197519, 42.977997 ], [ 2.196761, 42.97682 ], [ 2.196813, 42.976423 ], [ 2.191121, 42.969671 ], [ 2.190323, 42.96959 ], [ 2.188434, 42.969464 ], [ 2.181283, 42.96992 ], [ 2.180974, 42.969754 ], [ 2.179927, 42.968711 ], [ 2.17993264240763, 42.968568059006678 ], [ 2.179835, 42.968513 ], [ 2.17977, 42.968423 ], [ 2.179959761902617, 42.967924608486108 ], [ 2.179966, 42.967865 ], [ 2.180004576777152, 42.967806906498232 ], [ 2.180838, 42.965618 ], [ 2.182082429863886, 42.963377011567182 ], [ 2.183008, 42.959629 ], [ 2.183178, 42.959523 ], [ 2.183683, 42.959306 ], [ 2.182948, 42.959512 ], [ 2.182634, 42.95965 ], [ 2.181853, 42.960081 ] ] ], [ [ [ 2.224001, 42.976827 ], [ 2.224655, 42.976749 ], [ 2.22604, 42.976486 ], [ 2.226416125168738, 42.97486386554742 ], [ 2.23352, 42.970736 ], [ 2.236543, 42.970683 ], [ 2.237126, 42.970334 ], [ 2.237526, 42.96993 ], [ 2.237904, 42.968832 ], [ 2.238020913260519, 42.967902663954696 ], [ 2.237647, 42.968243 ], [ 2.237242, 42.968667 ], [ 2.234438, 42.969507 ], [ 2.234099, 42.969066 ], [ 2.233764, 42.968366 ], [ 2.225513, 42.968612 ], [ 2.225495, 42.972334 ], [ 2.225698, 42.972811 ], [ 2.225981, 42.973804 ], [ 2.226009, 42.97415 ], [ 2.225960959502072, 42.974153896261114 ], [ 2.225944, 42.97445 ], [ 2.225743, 42.975255 ], [ 2.224613, 42.976155 ], [ 2.224362, 42.976223 ], [ 2.222344, 42.97445 ], [ 2.221872, 42.974046 ], [ 2.22107, 42.973118 ], [ 2.222095, 42.975486 ], [ 2.22309, 42.976581 ], [ 2.224001, 42.976827 ] ] ], [ [ [ 2.251079, 42.961417 ], [ 2.255635, 42.964749 ], [ 2.255363, 42.96429 ], [ 2.249853576608896, 42.96019242884632 ], [ 2.249035, 42.95985 ], [ 2.248658, 42.959648 ], [ 2.245021, 42.958409 ], [ 2.241369754592787, 42.961848516383597 ], [ 2.248318, 42.960153 ], [ 2.250598, 42.961241 ], [ 2.251079, 42.961417 ] ] ], [ [ [ 2.261344, 42.984203 ], [ 2.261672, 42.983691 ], [ 2.26207, 42.983164 ], [ 2.264944, 42.985331 ], [ 2.264984059957761, 42.987612532417899 ], [ 2.271082, 42.983432 ], [ 2.270812, 42.979842 ], [ 2.268539321189569, 42.975599237008289 ], [ 2.268260570397138, 42.974915202685814 ], [ 2.268209, 42.974714 ], [ 2.268787, 42.967974 ], [ 2.273713, 42.963134 ], [ 2.274423, 42.962718 ], [ 2.278039, 42.960723 ], [ 2.278224427046402, 42.960574269160681 ], [ 2.279616, 42.960041 ], [ 2.279921, 42.959897 ], [ 2.280059, 42.958488 ], [ 2.28317, 42.951809 ], [ 2.287718, 42.948678 ], [ 2.288175285777956, 42.948197349255295 ], [ 2.288217, 42.948166 ], [ 2.288266, 42.948102 ], [ 2.29031, 42.94618 ], [ 2.29864319352077, 42.944768898280749 ], [ 2.299236, 42.944883 ], [ 2.299805, 42.945046 ], [ 2.306331, 42.947703 ], [ 2.306447, 42.947648 ], [ 2.307159, 42.947053 ], [ 2.315639, 42.945549 ], [ 2.320945, 42.947416 ], [ 2.322009, 42.94806 ], [ 2.322118789614528, 42.948082127046824 ], [ 2.322982, 42.948572 ], [ 2.323127, 42.94861 ], [ 2.32455891191168, 42.948259294712358 ], [ 2.324769, 42.948235 ], [ 2.324777, 42.948231 ], [ 2.324797513868398, 42.948200856084149 ], [ 2.324899, 42.948176 ], [ 2.325428165381231, 42.947274151000265 ], [ 2.325546, 42.947101 ], [ 2.325618794585972, 42.946945645700666 ], [ 2.325661, 42.946866 ], [ 2.326272, 42.945323 ], [ 2.326233, 42.945274 ], [ 2.324978, 42.944577 ], [ 2.324408209561972, 42.94449532019626 ], [ 2.32439602195287, 42.944491176919136 ], [ 2.321838265100646, 42.942066516011678 ], [ 2.31825986279205, 42.93681002535935 ], [ 2.31781, 42.933658 ], [ 2.317783, 42.933045 ], [ 2.317780184282724, 42.933045121367122 ], [ 2.317774, 42.932918 ], [ 2.317731, 42.932538 ], [ 2.317688, 42.932202 ], [ 2.314118, 42.932664 ], [ 2.314127860726858, 42.933266234762556 ], [ 2.308563916715792, 42.939497736958728 ], [ 2.309975, 42.939705 ], [ 2.314547, 42.93916 ], [ 2.317621, 42.940339 ], [ 2.317996, 42.940542 ], [ 2.318488, 42.940881 ], [ 2.318632, 42.941009 ], [ 2.318628362652924, 42.94102209561715 ], [ 2.318871, 42.941266 ], [ 2.319227, 42.941871 ], [ 2.319399, 42.942675 ], [ 2.319397, 42.943032 ], [ 2.317067, 42.943866 ], [ 2.31672, 42.943967 ], [ 2.308763, 42.945425 ], [ 2.303103, 42.942484 ], [ 2.301549, 42.94197 ], [ 2.300882, 42.941786 ], [ 2.300029, 42.941505 ], [ 2.298428, 42.941131 ], [ 2.292755307298994, 42.941440227535104 ], [ 2.287605, 42.945057 ], [ 2.286142, 42.945946 ], [ 2.285445, 42.946329 ], [ 2.281902, 42.948749 ], [ 2.280952, 42.949009 ], [ 2.280055, 42.949172 ], [ 2.279561, 42.94906 ], [ 2.277371, 42.947508 ], [ 2.272048, 42.954486 ], [ 2.274346, 42.956492 ], [ 2.275152, 42.956984 ], [ 2.276435, 42.959424 ], [ 2.275753, 42.960533 ], [ 2.272205, 42.964025 ], [ 2.269507, 42.966356 ], [ 2.265501, 42.972197 ], [ 2.266722, 42.979656 ], [ 2.263797, 42.981755 ], [ 2.262959, 42.980879 ], [ 2.262625, 42.980524 ], [ 2.262362, 42.980186 ], [ 2.262093, 42.979713 ], [ 2.259986484908423, 42.976223369960692 ], [ 2.261302, 42.984273 ], [ 2.261280822529151, 42.984314764628905 ], [ 2.261344, 42.984203 ] ] ], [ [ [ 2.260689765848382, 42.985583517729509 ], [ 2.260808492112204, 42.985246259458158 ], [ 2.260728, 42.985405 ], [ 2.260689765848382, 42.985583517729509 ] ] ], [ [ [ 2.295931, 42.93402 ], [ 2.295745, 42.934023 ], [ 2.294725, 42.934367 ], [ 2.291627, 42.935911 ], [ 2.292369, 42.935793 ], [ 2.293721, 42.935673 ], [ 2.294062, 42.935694 ], [ 2.294579, 42.935772 ], [ 2.297206, 42.936572 ], [ 2.301163, 42.938089 ], [ 2.30348, 42.938751 ], [ 2.297983, 42.934763 ], [ 2.296922, 42.934042 ], [ 2.295931, 42.93402 ] ] ], [ [ [ 2.288521, 42.926671 ], [ 2.289185, 42.926458 ], [ 2.290178, 42.926223 ], [ 2.290381, 42.922628 ], [ 2.289641, 42.922587 ], [ 2.287216, 42.92273 ], [ 2.283187, 42.915135 ], [ 2.282544, 42.91463 ], [ 2.281766, 42.914273 ], [ 2.280976, 42.914242 ], [ 2.279808, 42.914677 ], [ 2.279511, 42.914843 ], [ 2.27908, 42.915186 ], [ 2.277451, 42.916387 ], [ 2.269116, 42.914315 ], [ 2.268764, 42.913621 ], [ 2.268448, 42.912739 ], [ 2.267, 42.911355 ], [ 2.266306, 42.911309 ], [ 2.265957834051363, 42.911356674175551 ], [ 2.26595, 42.911348 ], [ 2.265824, 42.911375 ], [ 2.265436, 42.911501 ], [ 2.264010973125177, 42.911523619474202 ], [ 2.264012, 42.911527 ], [ 2.264323, 42.911557 ], [ 2.264084, 42.9151 ], [ 2.26860850490861, 42.919981362719042 ], [ 2.268826, 42.919812 ], [ 2.27185, 42.917859 ], [ 2.276713, 42.91791 ], [ 2.27974, 42.918017 ], [ 2.283898, 42.925074 ], [ 2.285653, 42.928218 ], [ 2.288754, 42.936574 ], [ 2.289313, 42.936451 ], [ 2.286078, 42.928118 ], [ 2.28704, 42.927505 ], [ 2.288521, 42.926671 ] ] ], [ [ [ 2.270436060235673, 42.888418332575824 ], [ 2.275885, 42.886722 ], [ 2.270087, 42.888527 ], [ 2.269619, 42.888722 ], [ 2.265918, 42.890687 ], [ 2.263125, 42.896733 ], [ 2.264458, 42.899583 ], [ 2.264433, 42.899691 ], [ 2.265217, 42.898295 ], [ 2.266165, 42.895923 ], [ 2.270436060235673, 42.888418332575824 ] ] ], [ [ [ 2.284623, 42.886571 ], [ 2.285173, 42.883469 ], [ 2.284668722039759, 42.88281548089887 ], [ 2.284693, 42.882783 ], [ 2.284531, 42.882637 ], [ 2.283965, 42.882285 ], [ 2.283516, 42.882129 ], [ 2.282935, 42.88204 ], [ 2.282559, 42.88203 ], [ 2.273997, 42.880019 ], [ 2.2663, 42.876215 ], [ 2.265591, 42.876021 ], [ 2.264015, 42.875809 ], [ 2.263257, 42.879328 ], [ 2.26440926385301, 42.883045177227608 ], [ 2.262132782234952, 42.886531689116516 ], [ 2.264796659705263, 42.886217358288874 ], [ 2.267588, 42.879137 ], [ 2.268089, 42.879048 ], [ 2.268896, 42.879071 ], [ 2.269421, 42.879137 ], [ 2.270201, 42.879293 ], [ 2.27729, 42.882618 ], [ 2.278814, 42.882407 ], [ 2.279032, 42.882388 ], [ 2.279575, 42.883808 ], [ 2.279336, 42.885975 ], [ 2.277916, 42.88634 ], [ 2.277111, 42.88652 ], [ 2.283528, 42.88658 ], [ 2.284274, 42.886583 ], [ 2.284623, 42.886571 ] ] ], [ [ [ 2.157244, 42.904467 ], [ 2.157944, 42.904918 ], [ 2.157141, 42.904342 ], [ 2.157244, 42.904467 ] ] ], [ [ [ 2.169346790179109, 42.919480371186523 ], [ 2.169601049762924, 42.920404588024766 ], [ 2.169731, 42.922597 ], [ 2.17014, 42.923765 ], [ 2.170375, 42.922739 ], [ 2.171703, 42.921313 ], [ 2.16925662981305, 42.91568267938915 ], [ 2.166063358674253, 42.91403847628397 ], [ 2.169346790179109, 42.919480371186523 ] ] ], [ [ [ 2.159584, 42.930956 ], [ 2.156246, 42.930726 ], [ 2.147716, 42.93174 ], [ 2.145642, 42.930693 ], [ 2.145562, 42.930718 ], [ 2.14535, 42.93084 ], [ 2.137015, 42.933793 ], [ 2.136419, 42.933843 ], [ 2.136217636375598, 42.933869495213742 ], [ 2.140015371310157, 42.935018797683689 ], [ 2.147015, 42.933969 ], [ 2.152354, 42.932878 ], [ 2.152957, 42.932777 ], [ 2.155474, 42.932203 ], [ 2.156514021026675, 42.93208341101888 ], [ 2.1572, 42.931674 ], [ 2.157525, 42.931582 ], [ 2.158655, 42.931511 ], [ 2.15935, 42.932163 ], [ 2.164247, 42.935006 ], [ 2.164752, 42.935058 ], [ 2.16207, 42.931111 ], [ 2.160781, 42.93086 ], [ 2.159584, 42.930956 ] ] ] ] } },
{ "type": "Feature", "properties": { "codgeo": "11129", "value": 900, "isochrone_group": 15.0, "nb_agences": 2 }, "geometry": { "type": "MultiPolygon", "coordinates": [ [ [ [ 2.101351, 42.936416 ], [ 2.100925, 42.936902 ], [ 2.100719, 42.937254 ], [ 2.10054, 42.937625 ], [ 2.103781, 42.93919 ], [ 2.111411, 42.937961 ], [ 2.109464, 42.936593 ], [ 2.108697, 42.935813 ], [ 2.111263, 42.933288 ], [ 2.118828, 42.933705 ], [ 2.111011, 42.931879 ], [ 2.110250746010657, 42.931779212765981 ], [ 2.109655, 42.931664 ], [ 2.106713, 42.931497 ], [ 2.105022, 42.9324 ], [ 2.101351, 42.936416 ] ] ], [ [ [ 2.130009, 42.945328 ], [ 2.137122, 42.949536 ], [ 2.137817, 42.94937 ], [ 2.138493, 42.94913 ], [ 2.139324531358363, 42.948744084164446 ], [ 2.139061, 42.948752 ], [ 2.138103383882983, 42.94728574034167 ], [ 2.133050916386955, 42.944414790423963 ], [ 2.129484, 42.943665 ], [ 2.128606, 42.943508 ], [ 2.122885, 42.940832 ], [ 2.122143373588597, 42.940680720744076 ], [ 2.126742, 42.944908 ], [ 2.129685340040665, 42.94525828642184 ], [ 2.130009, 42.945328 ] ] ], [ [ [ 2.140277504025121, 42.948715459203264 ], [ 2.148441, 42.950422 ], [ 2.140659, 42.948704 ], [ 2.140277504025121, 42.948715459203264 ] ] ], [ [ [ 2.155623, 42.95654 ], [ 2.157674984182533, 42.957554829892636 ], [ 2.157712, 42.957605 ], [ 2.15833, 42.957772 ], [ 2.158788, 42.957843 ], [ 2.159173, 42.957844 ], [ 2.159808, 42.957727 ], [ 2.160312, 42.957529 ], [ 2.161594, 42.956914 ], [ 2.160628, 42.957289 ], [ 2.160413, 42.957377 ], [ 2.156823, 42.954029 ], [ 2.154858, 42.952036 ], [ 2.148441, 42.950422 ], [ 2.151775204528361, 42.951913617815322 ], [ 2.155607, 42.956446 ], [ 2.155623, 42.95654 ] ] ], [ [ [ 2.179033, 42.95993 ], [ 2.178002, 42.961455 ], [ 2.177256, 42.964977 ], [ 2.175347, 42.968173 ], [ 2.174819596199693, 42.970167390617299 ], [ 2.174617, 42.970561 ], [ 2.174665, 42.970752 ], [ 2.175735, 42.978169 ], [ 2.178405, 42.980584 ], [ 2.179291616227202, 42.979810691406165 ], [ 2.187815, 42.980821 ], [ 2.188558, 42.981184 ], [ 2.190833, 42.981758 ], [ 2.197887, 42.982226 ], [ 2.200033, 42.985486 ], [ 2.202556, 42.988054 ], [ 2.203019, 42.987599 ], [ 2.203970140035597, 42.986640734252425 ], [ 2.2066, 42.984181 ], [ 2.207109250631504, 42.983328059062181 ], [ 2.209883, 42.979981 ], [ 2.212642, 42.977668 ], [ 2.213734, 42.973124 ], [ 2.222095, 42.975486 ], [ 2.22107, 42.973118 ], [ 2.219041, 42.971184 ], [ 2.21713112888609, 42.970709071043458 ], [ 2.212298182343356, 42.97175648437269 ], [ 2.210347, 42.975258 ], [ 2.207739, 42.97774 ], [ 2.206104010734105, 42.978667343092745 ], [ 2.200352, 42.982045 ], [ 2.195079146160403, 42.981139528611344 ], [ 2.193445, 42.980867 ], [ 2.190827, 42.979768 ], [ 2.190762, 42.979737 ], [ 2.185655978548602, 42.974562537751382 ], [ 2.182482, 42.974717 ], [ 2.180451, 42.974245 ], [ 2.178516, 42.971209 ], [ 2.178073, 42.968714 ], [ 2.179677, 42.965492 ], [ 2.180519, 42.960689 ], [ 2.181039, 42.960376 ], [ 2.181853, 42.960081 ], [ 2.182634, 42.95965 ], [ 2.182948, 42.959512 ], [ 2.183683, 42.959306 ], [ 2.18431, 42.959237 ], [ 2.189997, 42.952738 ], [ 2.182975, 42.94923 ], [ 2.180446, 42.950519 ], [ 2.179993, 42.958801 ], [ 2.179298, 42.959464 ], [ 2.179033, 42.95993 ] ] ], [ [ [ 2.22909, 42.97499 ], [ 2.228466779280457, 42.973672287055635 ], [ 2.226416125168738, 42.97486386554742 ], [ 2.226092142600185, 42.976261121913559 ], [ 2.227417, 42.975776 ], [ 2.228176, 42.975448 ], [ 2.22909, 42.97499 ] ] ], [ [ [ 2.246308011885877, 42.962665237245247 ], [ 2.246309, 42.962666 ], [ 2.25398, 42.964464 ], [ 2.257618, 42.970281 ], [ 2.257571, 42.969799 ], [ 2.255635, 42.964749 ], [ 2.251079, 42.961417 ], [ 2.250598, 42.961241 ], [ 2.248318, 42.960153 ], [ 2.239663, 42.962265 ], [ 2.246024, 42.962446 ], [ 2.246307, 42.962665 ], [ 2.246308011885877, 42.962665237245247 ] ] ], [ [ [ 2.257753, 42.970726 ], [ 2.258919, 42.973962 ], [ 2.258785, 42.973396 ], [ 2.257753, 42.970726 ] ] ], [ [ [ 2.272963, 42.98365 ], [ 2.273553, 42.983601 ], [ 2.275397, 42.983606 ], [ 2.276343, 42.983575 ], [ 2.277759, 42.983521 ], [ 2.278336, 42.983491 ], [ 2.279787, 42.983406 ], [ 2.280465, 42.983361 ], [ 2.28057, 42.983335 ], [ 2.280567532746714, 42.983320648402909 ], [ 2.281085, 42.983117 ], [ 2.281812, 42.982664 ], [ 2.279909, 42.979608 ], [ 2.279212, 42.979708 ], [ 2.278711, 42.97976 ], [ 2.277625, 42.979858 ], [ 2.277084, 42.979837 ], [ 2.276433, 42.97995 ], [ 2.274627, 42.979859 ], [ 2.270297, 42.973787 ], [ 2.271641, 42.971225 ], [ 2.271666187678562, 42.971150728640147 ], [ 2.275235960856233, 42.965989280525683 ], [ 2.275709, 42.965316 ], [ 2.278799, 42.961531 ], [ 2.284814, 42.959229 ], [ 2.285129, 42.955643 ], [ 2.2866, 42.952128 ], [ 2.291535, 42.946979 ], [ 2.29832, 42.947855 ], [ 2.302266407902928, 42.948919447482439 ], [ 2.302668, 42.949092 ], [ 2.302690561694917, 42.94908425549761 ], [ 2.303024, 42.949241 ], [ 2.305051, 42.948308 ], [ 2.306330820900635, 42.947702927081323 ], [ 2.299805, 42.945046 ], [ 2.299236, 42.944883 ], [ 2.29864319352077, 42.944768898280749 ], [ 2.29031, 42.94618 ], [ 2.288266, 42.948102 ], [ 2.288217, 42.948166 ], [ 2.288175285777956, 42.948197349255295 ], [ 2.287718, 42.948678 ], [ 2.28317, 42.951809 ], [ 2.280059, 42.958488 ], [ 2.279921, 42.959897 ], [ 2.279616, 42.960041 ], [ 2.278224427046402, 42.960574269160681 ], [ 2.278039, 42.960723 ], [ 2.274423, 42.962718 ], [ 2.273713, 42.963134 ], [ 2.268787, 42.967974 ], [ 2.268209, 42.974714 ], [ 2.268260570397138, 42.974915202685814 ], [ 2.268539321189569, 42.975599237008289 ], [ 2.270625670940416, 42.97949415056582 ], [ 2.271445, 42.979864 ], [ 2.271228, 42.983457 ], [ 2.26943423926719, 42.986168183680711 ], [ 2.272406, 42.983598 ], [ 2.272963, 42.98365 ] ] ], [ [ [ 2.320758, 42.953297 ], [ 2.321016, 42.953425 ], [ 2.321016041177369, 42.953424993899645 ], [ 2.321135, 42.953484 ], [ 2.322242, 42.953635 ], [ 2.324106, 42.952573 ], [ 2.325594896921313, 42.951908105979541 ], [ 2.332781613694491, 42.950400351390414 ], [ 2.333505, 42.950313 ], [ 2.336511, 42.948482 ], [ 2.336332, 42.948148 ], [ 2.335754, 42.947502 ], [ 2.335413623523997, 42.94727407233011 ], [ 2.335417, 42.947269 ], [ 2.333732, 42.946148 ], [ 2.331275, 42.944511 ], [ 2.331155, 42.944483 ], [ 2.328957, 42.944508 ], [ 2.327827, 42.944522 ], [ 2.324164966022281, 42.944272144260921 ], [ 2.32439602195287, 42.944491176919136 ], [ 2.324408209561972, 42.94449532019626 ], [ 2.324978, 42.944577 ], [ 2.326233, 42.945274 ], [ 2.326272, 42.945323 ], [ 2.325661, 42.946866 ], [ 2.325618794585972, 42.946945645700666 ], [ 2.325546, 42.947101 ], [ 2.325428165381231, 42.947274151000265 ], [ 2.324899, 42.948176 ], [ 2.324797513868398, 42.948200856084149 ], [ 2.324777, 42.948231 ], [ 2.324769, 42.948235 ], [ 2.32455891191168, 42.948259294712358 ], [ 2.323127, 42.94861 ], [ 2.322982, 42.948572 ], [ 2.322118789614528, 42.948082127046824 ], [ 2.322009, 42.94806 ], [ 2.320945, 42.947416 ], [ 2.315639, 42.945549 ], [ 2.313597899733403, 42.945911006462367 ], [ 2.317044, 42.946862 ], [ 2.319534, 42.951263 ], [ 2.320758, 42.953297 ] ] ], [ [ [ 2.317878, 42.928591 ], [ 2.317962, 42.927768 ], [ 2.317926, 42.927359 ], [ 2.317639, 42.926575 ], [ 2.315702, 42.92292 ], [ 2.315348, 42.922978 ], [ 2.314794, 42.923133 ], [ 2.314589588172782, 42.923221170594488 ], [ 2.314583, 42.923214 ], [ 2.314226, 42.923378 ], [ 2.313733, 42.923683 ], [ 2.313423, 42.923942 ], [ 2.312988, 42.924522 ], [ 2.312769, 42.925108 ], [ 2.312722, 42.925826 ], [ 2.312885, 42.926583 ], [ 2.313199, 42.92727 ], [ 2.313981, 42.931604 ], [ 2.313994, 42.932135 ], [ 2.314076422208748, 42.933323844838782 ], [ 2.314127860726858, 42.933266234762556 ], [ 2.314118, 42.932664 ], [ 2.317688, 42.932202 ], [ 2.317731, 42.932538 ], [ 2.317774, 42.932918 ], [ 2.317780184282724, 42.933045121367122 ], [ 2.317783, 42.933045 ], [ 2.31781, 42.933658 ], [ 2.31825986279205, 42.93681002535935 ], [ 2.319008119025995, 42.937909175639298 ], [ 2.319152, 42.936755 ], [ 2.317826, 42.929395 ], [ 2.317878, 42.928591 ] ] ], [ [ [ 2.301157, 42.932003 ], [ 2.296098, 42.926351 ], [ 2.295040557373742, 42.923354324110051 ], [ 2.295043, 42.922972 ], [ 2.289307370326961, 42.91795429948332 ], [ 2.288436, 42.917175 ], [ 2.285569, 42.914997 ], [ 2.281766, 42.914273 ], [ 2.282544, 42.91463 ], [ 2.283187, 42.915135 ], [ 2.287216, 42.92273 ], [ 2.289641, 42.922587 ], [ 2.290381, 42.922628 ], [ 2.290178, 42.926223 ], [ 2.289185, 42.926458 ], [ 2.288521, 42.926671 ], [ 2.28704, 42.927505 ], [ 2.286078, 42.928118 ], [ 2.289313, 42.936451 ], [ 2.290407, 42.936261 ], [ 2.291088, 42.936054 ], [ 2.291627, 42.935911 ], [ 2.294725, 42.934367 ], [ 2.295745, 42.934023 ], [ 2.295931, 42.93402 ], [ 2.296922, 42.934042 ], [ 2.297983, 42.934763 ], [ 2.30348, 42.938751 ], [ 2.306202, 42.939598 ], [ 2.308386, 42.939697 ], [ 2.301901, 42.935422 ], [ 2.301546319366035, 42.934740594907183 ], [ 2.301157, 42.932003 ] ] ], [ [ [ 2.268204563863254, 42.912035096134687 ], [ 2.267, 42.911355 ], [ 2.268448, 42.912739 ], [ 2.268764, 42.913621 ], [ 2.269116, 42.914315 ], [ 2.277451, 42.916387 ], [ 2.27908, 42.915186 ], [ 2.279511, 42.914843 ], [ 2.279808, 42.914677 ], [ 2.272161499267317, 42.91490245455519 ], [ 2.269861, 42.912154 ], [ 2.268204563863254, 42.912035096134687 ] ] ], [ [ [ 2.266306, 42.911309 ], [ 2.26595783405136, 42.911356674175551 ], [ 2.265957834051363, 42.911356674175551 ], [ 2.266306, 42.911309 ] ] ], [ [ [ 2.263374992684152, 42.911533714401834 ], [ 2.26142, 42.902994 ], [ 2.262916, 42.911541 ], [ 2.263374992684152, 42.911533714401834 ] ] ], [ [ [ 2.262475, 42.901856 ], [ 2.264097, 42.900399 ], [ 2.263206, 42.901073 ], [ 2.262475, 42.901856 ] ] ], [ [ [ 2.267712, 42.89436 ], [ 2.267881, 42.893926 ], [ 2.270456401118579, 42.888412000169197 ], [ 2.270436060235673, 42.888418332575824 ], [ 2.266165, 42.895923 ], [ 2.265217, 42.898295 ], [ 2.26666, 42.896233 ], [ 2.267345, 42.895512 ], [ 2.267712, 42.89436 ] ] ], [ [ [ 2.287678, 42.885915 ], [ 2.287156, 42.882353 ], [ 2.282935, 42.88204 ], [ 2.283516, 42.882129 ], [ 2.283965, 42.882285 ], [ 2.284531, 42.882637 ], [ 2.284693, 42.882783 ], [ 2.284668722039759, 42.88281548089887 ], [ 2.285173, 42.883469 ], [ 2.284623, 42.886571 ], [ 2.284274, 42.886583 ], [ 2.283528, 42.88658 ], [ 2.277111, 42.88652 ], [ 2.275885, 42.886722 ], [ 2.282455, 42.887659 ], [ 2.285575, 42.886418 ], [ 2.287678, 42.885915 ] ] ], [ [ [ 2.258428, 42.872265 ], [ 2.258064, 42.87358 ], [ 2.258357, 42.874995 ], [ 2.259608, 42.876701 ], [ 2.259971219012877, 42.877135849854071 ], [ 2.259954, 42.877154 ], [ 2.26011, 42.877302 ], [ 2.262202, 42.883715 ], [ 2.259192987593518, 42.8884220115335 ], [ 2.259813, 42.888308 ], [ 2.260265, 42.888284 ], [ 2.261021609594235, 42.888233489206506 ], [ 2.26440926385301, 42.883045177227608 ], [ 2.263257, 42.879328 ], [ 2.264015, 42.875809 ], [ 2.265591, 42.876021 ], [ 2.2663, 42.876215 ], [ 2.261981, 42.872848 ], [ 2.260604113788792, 42.871744575733359 ], [ 2.260454, 42.871802 ], [ 2.25938, 42.872001 ], [ 2.258577, 42.872025 ], [ 2.258493125578813, 42.872057099113775 ], [ 2.258428, 42.872265 ] ] ], [ [ [ 2.1626923539646, 42.91277746348505 ], [ 2.168546, 42.919288 ], [ 2.17014, 42.923765 ], [ 2.169731, 42.922597 ], [ 2.169601049762924, 42.920404588024766 ], [ 2.169346790179109, 42.919480371186523 ], [ 2.166710061209614, 42.915110308367403 ], [ 2.165036002790809, 42.913750166273296 ], [ 2.163085, 42.912748 ], [ 2.161779, 42.912846 ], [ 2.1626923539646, 42.91277746348505 ] ] ], [ [ [ 2.160358, 42.928543 ], [ 2.159532, 42.928019 ], [ 2.159133, 42.928197 ], [ 2.157165, 42.928849 ], [ 2.157139, 42.928935 ], [ 2.156257981484612, 42.930726825566637 ], [ 2.159584, 42.930956 ], [ 2.160781, 42.93086 ], [ 2.16207, 42.931111 ], [ 2.164752, 42.935058 ], [ 2.171321, 42.934201 ], [ 2.170675, 42.925697 ], [ 2.170396, 42.924864 ], [ 2.164303, 42.930852 ], [ 2.164015, 42.930813 ], [ 2.160358, 42.928543 ] ] ], [ [ [ 2.136818697962202, 42.93380946829177 ], [ 2.137015, 42.933793 ], [ 2.140331410113916, 42.932618031905669 ], [ 2.139884, 42.932638 ], [ 2.139575, 42.932709 ], [ 2.136818697962202, 42.93380946829177 ] ] ], [ [ [ 2.121234, 42.934018 ], [ 2.127582, 42.934958 ], [ 2.130657295658461, 42.934572160831472 ], [ 2.125925, 42.93231 ], [ 2.118828, 42.933705 ], [ 2.121234, 42.934018 ] ] ] ] } },
{ "type": "Feature", "properties": { "codgeo": "11129", "value": 960, "isochrone_group": 16.0, "nb_agences": 2 }, "geometry": { "type": "MultiPolygon", "coordinates": [ [ [ [ 2.09694, 42.934576 ], [ 2.098132, 42.93718 ], [ 2.099639, 42.939788 ], [ 2.099923, 42.94024 ], [ 2.100395, 42.940733 ], [ 2.100781, 42.941012 ], [ 2.101287, 42.941245 ], [ 2.102111, 42.941326 ], [ 2.103647, 42.940426 ], [ 2.111411, 42.937961 ], [ 2.103781, 42.93919 ], [ 2.10054, 42.937625 ], [ 2.100719, 42.937254 ], [ 2.100925, 42.936902 ], [ 2.101351, 42.936416 ], [ 2.105022, 42.9324 ], [ 2.106713, 42.931497 ], [ 2.109655, 42.931664 ], [ 2.110250746010657, 42.931779212765981 ], [ 2.111011, 42.931879 ], [ 2.118828, 42.933705 ], [ 2.115204, 42.93196 ], [ 2.114282, 42.931797 ], [ 2.108774, 42.929742 ], [ 2.103749, 42.929652 ], [ 2.103499, 42.929808 ], [ 2.09694, 42.934576 ] ] ], [ [ [ 2.130009, 42.945328 ], [ 2.129685340040665, 42.94525828642184 ], [ 2.126742, 42.944908 ], [ 2.1219, 42.940457 ], [ 2.11912, 42.93935 ], [ 2.118525664030068, 42.939242913132425 ], [ 2.124819, 42.944891 ], [ 2.132103327257608, 42.946566989048222 ], [ 2.130009, 42.945328 ] ] ], [ [ [ 2.153902, 42.95806 ], [ 2.157408, 42.958644 ], [ 2.157945, 42.958802 ], [ 2.159658, 42.959432 ], [ 2.160073, 42.958968 ], [ 2.16237, 42.956525 ], [ 2.161967, 42.956772 ], [ 2.161594, 42.956914 ], [ 2.160312, 42.957529 ], [ 2.159808, 42.957727 ], [ 2.159173, 42.957844 ], [ 2.158788, 42.957843 ], [ 2.15833, 42.957772 ], [ 2.157712, 42.957605 ], [ 2.157674984182533, 42.957554829892636 ], [ 2.155623, 42.95654 ], [ 2.155607, 42.956446 ], [ 2.151775204528361, 42.951913617815322 ], [ 2.148441, 42.950422 ], [ 2.152852, 42.956734 ], [ 2.153353, 42.957516 ], [ 2.153902, 42.95806 ] ] ], [ [ [ 2.174097, 42.963092 ], [ 2.174059, 42.963202 ], [ 2.170656, 42.968568 ], [ 2.170637, 42.968658 ], [ 2.172403, 42.971456 ], [ 2.171176, 42.97921 ], [ 2.169557, 42.980505 ], [ 2.169304041376229, 42.980697934543556 ], [ 2.171872, 42.979528 ], [ 2.172612, 42.979289 ], [ 2.173332, 42.979148 ], [ 2.17392, 42.980736 ], [ 2.174111, 42.982663 ], [ 2.174111956938098, 42.982664393631403 ], [ 2.174122, 42.98266 ], [ 2.174872, 42.982417 ], [ 2.1758, 42.98195 ], [ 2.177365, 42.981249 ], [ 2.184741, 42.981458 ], [ 2.184863673627431, 42.981590766709331 ], [ 2.186325, 42.984618 ], [ 2.189495, 42.984097 ], [ 2.191099, 42.984211 ], [ 2.195397823498364, 42.988497803761611 ], [ 2.199522, 42.986179 ], [ 2.199932873331709, 42.985333897046303 ], [ 2.197887, 42.982226 ], [ 2.190833, 42.981758 ], [ 2.188558, 42.981184 ], [ 2.187815, 42.980821 ], [ 2.179291616227202, 42.979810691406165 ], [ 2.178405, 42.980584 ], [ 2.175735, 42.978169 ], [ 2.174665, 42.970752 ], [ 2.174617, 42.970561 ], [ 2.174819596199693, 42.970167390617299 ], [ 2.175347, 42.968173 ], [ 2.177256, 42.964977 ], [ 2.178002, 42.961455 ], [ 2.178716225549991, 42.960398555806265 ], [ 2.176357, 42.960431 ], [ 2.176014, 42.960347 ], [ 2.174097, 42.963092 ] ] ], [ [ [ 2.208649, 42.98438 ], [ 2.210726, 42.98412 ], [ 2.21242, 42.983082 ], [ 2.212539, 42.983001 ], [ 2.212534600560242, 42.982991763338397 ], [ 2.212801, 42.982782 ], [ 2.213523, 42.982052 ], [ 2.214018, 42.974828 ], [ 2.216593599556814, 42.973931842860082 ], [ 2.213734, 42.973124 ], [ 2.212642, 42.977668 ], [ 2.209883, 42.979981 ], [ 2.207109250631504, 42.983328059062181 ], [ 2.206738092211308, 42.983949710153837 ], [ 2.207698546574138, 42.985030312888526 ], [ 2.208085, 42.984484 ], [ 2.208649, 42.98438 ] ] ], [ [ [ 2.227759791881571, 42.972177461197298 ], [ 2.235107, 42.968236 ], [ 2.227551577572184, 42.971737221195504 ], [ 2.227759791881571, 42.972177461197298 ] ] ], [ [ [ 2.258919, 42.973962 ], [ 2.257753, 42.970726 ], [ 2.257688139325846, 42.97051220000003 ], [ 2.257639, 42.970379 ], [ 2.25763052910146, 42.970322299630737 ], [ 2.257618, 42.970281 ], [ 2.25398, 42.964464 ], [ 2.250129897712603, 42.963561577380695 ], [ 2.250591, 42.964569 ], [ 2.253646, 42.96676 ], [ 2.258919, 42.973962 ] ] ], [ [ [ 2.275397, 42.983606 ], [ 2.274169473929918, 42.984956562776048 ], [ 2.276343, 42.983575 ], [ 2.275397, 42.983606 ] ] ], [ [ [ 2.285052, 42.984881 ], [ 2.285378014088776, 42.984776465993093 ], [ 2.286269, 42.984645 ], [ 2.290493, 42.983137 ], [ 2.290486990609013, 42.983054024178294 ], [ 2.290599, 42.982989 ], [ 2.290465636640489, 42.982759175151358 ], [ 2.290233, 42.979547 ], [ 2.289986, 42.979565 ], [ 2.289529, 42.979623 ], [ 2.28917, 42.979709 ], [ 2.287199, 42.98002 ], [ 2.286772, 42.980044 ], [ 2.283858, 42.979697 ], [ 2.282705, 42.979385 ], [ 2.277405988350605, 42.974558854808912 ], [ 2.276592, 42.973732 ], [ 2.281317, 42.967047 ], [ 2.282474, 42.963638 ], [ 2.288255, 42.960931 ], [ 2.290765875589032, 42.959020437701476 ], [ 2.291237, 42.958674 ], [ 2.294045, 42.950919 ], [ 2.296819, 42.949978 ], [ 2.297803, 42.94991 ], [ 2.301095, 42.950244 ], [ 2.305654, 42.951404 ], [ 2.307227, 42.951659 ], [ 2.307362, 42.951664 ], [ 2.312669384130379, 42.954352736420212 ], [ 2.31502926950939, 42.957519295738273 ], [ 2.314995, 42.95774 ], [ 2.315242666190691, 42.957918649121524 ], [ 2.31588, 42.959206 ], [ 2.317326, 42.960328 ], [ 2.317558, 42.960153 ], [ 2.31791, 42.959806 ], [ 2.324821, 42.954229 ], [ 2.326149, 42.952707 ], [ 2.334837, 42.953197 ], [ 2.33506607757898, 42.953168201933302 ], [ 2.339972, 42.952865 ], [ 2.341521, 42.952422 ], [ 2.342006, 42.952204 ], [ 2.342421, 42.951877 ], [ 2.34249, 42.951804 ], [ 2.342399070729813, 42.951586947904879 ], [ 2.342667, 42.951482 ], [ 2.342708, 42.951438 ], [ 2.342403, 42.948782 ], [ 2.342328, 42.948729 ], [ 2.34002255760723, 42.948779086752225 ], [ 2.338598324152036, 42.948352978018299 ], [ 2.332395, 42.943367 ], [ 2.327827, 42.944522 ], [ 2.328957, 42.944508 ], [ 2.331155, 42.944483 ], [ 2.331275, 42.944511 ], [ 2.333732, 42.946148 ], [ 2.335417, 42.947269 ], [ 2.335413623523997, 42.94727407233011 ], [ 2.335754, 42.947502 ], [ 2.336332, 42.948148 ], [ 2.336511, 42.948482 ], [ 2.333505, 42.950313 ], [ 2.332781613694491, 42.950400351390414 ], [ 2.325594896921313, 42.951908105979541 ], [ 2.324106, 42.952573 ], [ 2.322242, 42.953635 ], [ 2.321135, 42.953484 ], [ 2.321016041177369, 42.953424993899645 ], [ 2.321016, 42.953425 ], [ 2.320758, 42.953297 ], [ 2.319534, 42.951263 ], [ 2.317044, 42.946862 ], [ 2.310159, 42.944962 ], [ 2.307159, 42.947053 ], [ 2.306447, 42.947648 ], [ 2.305051, 42.948308 ], [ 2.303024, 42.949241 ], [ 2.302690561694917, 42.94908425549761 ], [ 2.302668, 42.949092 ], [ 2.302266407902928, 42.948919447482439 ], [ 2.29832, 42.947855 ], [ 2.291535, 42.946979 ], [ 2.2866, 42.952128 ], [ 2.285129, 42.955643 ], [ 2.284814, 42.959229 ], [ 2.278799, 42.961531 ], [ 2.275709, 42.965316 ], [ 2.275235960856233, 42.965989280525683 ], [ 2.271666187678562, 42.971150728640147 ], [ 2.271641, 42.971225 ], [ 2.270297, 42.973787 ], [ 2.274581112424798, 42.9797946514188 ], [ 2.277084, 42.979837 ], [ 2.278711, 42.97976 ], [ 2.279916, 42.979603 ], [ 2.281819, 42.982659 ], [ 2.281811716506169, 42.982663544741371 ], [ 2.281812, 42.982664 ], [ 2.281085, 42.983117 ], [ 2.280567532746714, 42.983320648402909 ], [ 2.28057, 42.983335 ], [ 2.280465, 42.983361 ], [ 2.279787, 42.983406 ], [ 2.278336, 42.983491 ], [ 2.284011, 42.984769 ], [ 2.284656, 42.984883 ], [ 2.285052, 42.984881 ] ] ], [ [ [ 2.320757, 42.932773 ], [ 2.320833, 42.931855 ], [ 2.320649, 42.931245 ], [ 2.3222, 42.922724 ], [ 2.322615, 42.921373 ], [ 2.322376, 42.920547 ], [ 2.322024, 42.919935 ], [ 2.321793, 42.919572 ], [ 2.321701315192068, 42.919575879071452 ], [ 2.321737, 42.919485 ], [ 2.321463, 42.919074 ], [ 2.319955, 42.918707 ], [ 2.31989, 42.918719 ], [ 2.316956, 42.920071 ], [ 2.316221, 42.920709 ], [ 2.313423, 42.923942 ], [ 2.313733, 42.923683 ], [ 2.314226, 42.923378 ], [ 2.314583, 42.923214 ], [ 2.314589588172782, 42.923221170594488 ], [ 2.314794, 42.923133 ], [ 2.315348, 42.922978 ], [ 2.315702, 42.92292 ], [ 2.317639, 42.926575 ], [ 2.317926, 42.927359 ], [ 2.317962, 42.927768 ], [ 2.317878, 42.928591 ], [ 2.317826, 42.929395 ], [ 2.319152, 42.936755 ], [ 2.318968, 42.938231 ], [ 2.322492, 42.944158 ], [ 2.319864, 42.93586 ], [ 2.320219, 42.934655 ], [ 2.320757, 42.932773 ] ] ], [ [ [ 2.299493, 42.925661 ], [ 2.29946319186937, 42.925641248349812 ], [ 2.299463, 42.925641 ], [ 2.298998, 42.925333 ], [ 2.297287, 42.923871 ], [ 2.292872, 42.91716 ], [ 2.293348, 42.913591 ], [ 2.292718, 42.913507 ], [ 2.292220980082945, 42.913531329646297 ], [ 2.292218, 42.913511 ], [ 2.292003, 42.913542 ], [ 2.287938, 42.914085 ], [ 2.287502, 42.914085 ], [ 2.287021, 42.91416 ], [ 2.281766, 42.914273 ], [ 2.285569, 42.914997 ], [ 2.288436, 42.917175 ], [ 2.289307370326961, 42.91795429948332 ], [ 2.295043, 42.922972 ], [ 2.295040557373742, 42.923354324110051 ], [ 2.296098, 42.926351 ], [ 2.301157, 42.932003 ], [ 2.301546319366035, 42.934740594907183 ], [ 2.301901, 42.935422 ], [ 2.308386, 42.939697 ], [ 2.314145, 42.934313 ], [ 2.313994, 42.932135 ], [ 2.313981, 42.931604 ], [ 2.305892, 42.933923 ], [ 2.303677, 42.931085 ], [ 2.299493, 42.925661 ] ] ], [ [ [ 2.271749, 42.908788 ], [ 2.271594, 42.909006 ], [ 2.263916553357098, 42.911525118200672 ], [ 2.263374992684152, 42.911533714401834 ], [ 2.265436, 42.911501 ], [ 2.265824, 42.911375 ], [ 2.266306, 42.911309 ], [ 2.267, 42.911355 ], [ 2.268204563863254, 42.912035096134687 ], [ 2.269861, 42.912154 ], [ 2.272161499267317, 42.91490245455519 ], [ 2.279808, 42.914677 ], [ 2.280976, 42.914242 ], [ 2.281766, 42.914273 ], [ 2.274823, 42.910419 ], [ 2.274723466443965, 42.910394717014476 ], [ 2.271749, 42.908788 ] ] ], [ [ [ 2.270162, 42.893245 ], [ 2.275885, 42.886722 ], [ 2.275054, 42.886732 ], [ 2.270533, 42.888248 ], [ 2.267881, 42.893926 ], [ 2.267712, 42.89436 ], [ 2.267345, 42.895512 ], [ 2.26666, 42.896233 ], [ 2.265217, 42.898295 ], [ 2.264433, 42.899691 ], [ 2.268249, 42.896259 ], [ 2.26860685860038, 42.895304899142971 ], [ 2.270162, 42.893245 ] ] ], [ [ [ 2.284618, 42.890254 ], [ 2.285356, 42.890126 ], [ 2.286573, 42.889928 ], [ 2.291136, 42.884886 ], [ 2.289079, 42.881931 ], [ 2.282935, 42.88204 ], [ 2.287156, 42.882353 ], [ 2.287678, 42.885915 ], [ 2.285575, 42.886418 ], [ 2.282455, 42.887659 ], [ 2.275885, 42.886722 ], [ 2.282695, 42.889132 ], [ 2.284293, 42.890308 ], [ 2.284618, 42.890254 ] ] ], [ [ [ 2.2663, 42.876215 ], [ 2.26727535816643, 42.876979598173406 ], [ 2.267217, 42.868328 ], [ 2.26658, 42.868701 ], [ 2.263831, 42.871103 ], [ 2.263454, 42.87158 ], [ 2.262464366403543, 42.873224822107133 ], [ 2.2663, 42.876215 ] ] ], [ [ [ 2.260584852565458, 42.884843895880195 ], [ 2.257883516151322, 42.88684642621282 ], [ 2.258218, 42.887545 ], [ 2.259901036524604, 42.887314407431333 ], [ 2.262202, 42.883715 ], [ 2.26011, 42.877302 ], [ 2.259954, 42.877154 ], [ 2.259971219012877, 42.877135849854071 ], [ 2.259608, 42.876701 ], [ 2.259209836852595, 42.87615802131937 ], [ 2.25888306182027, 42.876432475069258 ], [ 2.260245, 42.880154 ], [ 2.260638674082829, 42.88193181540597 ], [ 2.260584852565458, 42.884843895880195 ] ] ], [ [ [ 2.15853413226483, 42.912670358957598 ], [ 2.158537, 42.912675 ], [ 2.159054, 42.912759 ], [ 2.158403, 42.912648 ], [ 2.15853413226483, 42.912670358957598 ] ] ], [ [ [ 2.15947, 42.926878 ], [ 2.158142, 42.926567 ], [ 2.157199, 42.926174 ], [ 2.154977, 42.929007 ], [ 2.147716, 42.93174 ], [ 2.156163, 42.93092 ], [ 2.157139, 42.928935 ], [ 2.157165, 42.928849 ], [ 2.159133, 42.928197 ], [ 2.159532, 42.928019 ], [ 2.160358, 42.928543 ], [ 2.164015, 42.930813 ], [ 2.164303, 42.930852 ], [ 2.170396, 42.924864 ], [ 2.17014, 42.923765 ], [ 2.162639, 42.928231 ], [ 2.160167789711773, 42.927286297938856 ], [ 2.15947, 42.926878 ] ] ], [ [ [ 2.138005, 42.932369 ], [ 2.137324, 42.932402 ], [ 2.128504, 42.931473 ], [ 2.128331, 42.931102 ], [ 2.128238, 42.930982 ], [ 2.12816197590847, 42.931019486646235 ], [ 2.125695, 42.930368 ], [ 2.125493, 42.930592 ], [ 2.118828, 42.933705 ], [ 2.125925, 42.93231 ], [ 2.132592, 42.935497 ], [ 2.139575, 42.932709 ], [ 2.139884, 42.932638 ], [ 2.140601, 42.932606 ], [ 2.144357, 42.932358 ], [ 2.139714, 42.932453 ], [ 2.138839, 42.932387 ], [ 2.138005, 42.932369 ] ] ] ] } },
{ "type": "Feature", "properties": { "codgeo": "11129", "value": 1020, "isochrone_group": 17.0, "nb_agences": 2 }, "geometry": { "type": "MultiPolygon", "coordinates": [ [ [ [ 2.086521, 42.936375 ], [ 2.088447, 42.937375 ], [ 2.089619, 42.937776 ], [ 2.089754846298315, 42.937815142153759 ], [ 2.089763, 42.937821 ], [ 2.089914, 42.937861 ], [ 2.091248, 42.938001 ], [ 2.091774, 42.938001 ], [ 2.092207, 42.937947 ], [ 2.100395, 42.940733 ], [ 2.099923, 42.94024 ], [ 2.099639, 42.939788 ], [ 2.098132, 42.93718 ], [ 2.09694, 42.934576 ], [ 2.102114586999962, 42.930814385300224 ], [ 2.095476, 42.934255 ], [ 2.093864, 42.934133 ], [ 2.09335, 42.934084 ], [ 2.088937, 42.933033 ], [ 2.088199, 42.932875 ], [ 2.087015, 42.932809 ], [ 2.086521, 42.936375 ] ] ], [ [ [ 2.123113, 42.945968 ], [ 2.127892336957768, 42.945973173842454 ], [ 2.131792142058452, 42.946824965013562 ], [ 2.134035, 42.948302 ], [ 2.134609, 42.948184 ], [ 2.134964, 42.948075 ], [ 2.141473, 42.946887 ], [ 2.132982, 42.946744 ], [ 2.132425, 42.946641 ], [ 2.124819, 42.944891 ], [ 2.11843691382235, 42.939163262389904 ], [ 2.115462, 42.93835 ], [ 2.121409, 42.943175 ], [ 2.12273, 42.946075 ], [ 2.123113, 42.945968 ] ] ], [ [ [ 2.147406, 42.956852 ], [ 2.148199, 42.958372 ], [ 2.153025, 42.96186 ], [ 2.153523, 42.962285 ], [ 2.153588, 42.962322 ], [ 2.155722, 42.961853 ], [ 2.155891, 42.961775 ], [ 2.158616, 42.961003 ], [ 2.159712989652947, 42.959370517592866 ], [ 2.159658, 42.959432 ], [ 2.157945, 42.958802 ], [ 2.157408, 42.958644 ], [ 2.153902, 42.95806 ], [ 2.153353, 42.957516 ], [ 2.152852, 42.956734 ], [ 2.148441, 42.950422 ], [ 2.147809007776812, 42.95010137822775 ], [ 2.147234, 42.954904 ], [ 2.147294, 42.956055 ], [ 2.147406, 42.956852 ] ] ], [ [ [ 2.175178, 42.958701 ], [ 2.174787803195104, 42.958735895649212 ], [ 2.174779, 42.958728 ], [ 2.174686, 42.958745 ], [ 2.173791, 42.959182 ], [ 2.172819, 42.959526 ], [ 2.171816, 42.961457 ], [ 2.171757764822998, 42.961699859886487 ], [ 2.168122, 42.968329 ], [ 2.165802, 42.969532 ], [ 2.16580327079496, 42.969554951327147 ], [ 2.165667, 42.969627 ], [ 2.165835, 42.970128 ], [ 2.166445, 42.971748 ], [ 2.16699568192657, 42.972548256048121 ], [ 2.168100988528337, 42.975635094554633 ], [ 2.166248209447038, 42.980067650071376 ], [ 2.170008, 42.978085 ], [ 2.170318, 42.97781 ], [ 2.171433279766907, 42.977584126069615 ], [ 2.172403, 42.971456 ], [ 2.170637, 42.968658 ], [ 2.170656, 42.968568 ], [ 2.174059, 42.963202 ], [ 2.174097, 42.963092 ], [ 2.176014, 42.960347 ], [ 2.176357, 42.960431 ], [ 2.181229, 42.960364 ], [ 2.181853, 42.960081 ], [ 2.176072, 42.958815 ], [ 2.175519, 42.958734 ], [ 2.175178, 42.958701 ] ] ], [ [ [ 2.183222937065517, 42.985912823026233 ], [ 2.183242, 42.985923 ], [ 2.18344, 42.985909 ], [ 2.184176, 42.985787 ], [ 2.184539, 42.985729 ], [ 2.188478, 42.986085 ], [ 2.190108069029365, 42.987653867297716 ], [ 2.191274, 42.987014 ], [ 2.191825267061185, 42.984935236380281 ], [ 2.191099, 42.984211 ], [ 2.189495, 42.984097 ], [ 2.186325, 42.984618 ], [ 2.184863673627431, 42.981590766709331 ], [ 2.184741, 42.981458 ], [ 2.179277360973482, 42.981303187017815 ], [ 2.178503794887523, 42.984025941094309 ], [ 2.182725, 42.985896 ], [ 2.182929, 42.985918 ], [ 2.183222937065517, 42.985912823026233 ] ] ], [ [ [ 2.225407, 42.976512 ], [ 2.224971, 42.976649 ], [ 2.224655, 42.976749 ], [ 2.224001, 42.976827 ], [ 2.22309, 42.976581 ], [ 2.222095, 42.975486 ], [ 2.217409, 42.973769 ], [ 2.216923315419888, 42.973817121134786 ], [ 2.214018, 42.974828 ], [ 2.213523, 42.982052 ], [ 2.212801, 42.982782 ], [ 2.212534600560242, 42.982991763338397 ], [ 2.212539, 42.983001 ], [ 2.21242, 42.983082 ], [ 2.21214081580789, 42.983253070360924 ], [ 2.213800131195826, 42.985070651868384 ], [ 2.218395, 42.981473 ], [ 2.225407, 42.976512 ] ] ], [ [ [ 2.235107, 42.968236 ], [ 2.227317, 42.972415 ], [ 2.227457, 42.973564 ], [ 2.22702, 42.974272 ], [ 2.226893, 42.974467 ], [ 2.227846, 42.973335 ], [ 2.228456, 42.972671 ], [ 2.235107, 42.968236 ] ] ], [ [ [ 2.249433, 42.965855 ], [ 2.253226, 42.966694 ], [ 2.256394567216286, 42.970514064307153 ], [ 2.253646, 42.96676 ], [ 2.250591, 42.964569 ], [ 2.249195, 42.961519 ], [ 2.24805, 42.959081 ], [ 2.239715, 42.962158 ], [ 2.239663, 42.962265 ], [ 2.247568, 42.965576 ], [ 2.248874, 42.965829 ], [ 2.249433, 42.965855 ] ] ], [ [ [ 2.246897357682981, 43.001685875267064 ], [ 2.247099, 43.00126 ], [ 2.247068393649776, 43.001081997223984 ], [ 2.246925, 43.001598 ], [ 2.246897357682981, 43.001685875267064 ] ] ], [ [ [ 2.246743291824046, 43.00226337608229 ], [ 2.246820865149536, 43.001929045975238 ], [ 2.246763, 43.002113 ], [ 2.246743291824046, 43.00226337608229 ] ] ], [ [ [ 2.259416071703606, 42.99821266283687 ], [ 2.259024, 42.998185 ], [ 2.254655, 43.000644 ], [ 2.254245, 43.000919 ], [ 2.251122, 43.005629 ], [ 2.251237857382971, 43.005806152064665 ], [ 2.257013, 42.999837 ], [ 2.259416071703606, 42.99821266283687 ] ] ], [ [ [ 2.277199929869762, 42.983982814600658 ], [ 2.283605, 42.987031 ], [ 2.284112, 42.987642 ], [ 2.284746, 42.988029 ], [ 2.285537, 42.988436 ], [ 2.285676, 42.988497 ], [ 2.287199596450269, 42.986038356326716 ], [ 2.293835, 42.984327 ], [ 2.294471, 42.984449 ], [ 2.295271, 42.984496 ], [ 2.295647, 42.984467 ], [ 2.296607, 42.984328 ], [ 2.299772, 42.983891 ], [ 2.300384, 42.983601 ], [ 2.300768, 42.983288 ], [ 2.301053, 42.982989 ], [ 2.299261541416038, 42.98098181994488 ], [ 2.299314, 42.980403 ], [ 2.298179, 42.98017 ], [ 2.297591, 42.980141 ], [ 2.297062, 42.980239 ], [ 2.292315, 42.979862 ], [ 2.291813, 42.979687 ], [ 2.290933, 42.979554 ], [ 2.290362, 42.979542 ], [ 2.290235199628269, 42.979549756405724 ], [ 2.290467921851029, 42.982763113250755 ], [ 2.290599, 42.982989 ], [ 2.2904889099146, 42.983052909974674 ], [ 2.290495, 42.983137 ], [ 2.290472279607567, 42.983144397337071 ], [ 2.286366178989057, 42.984610306364686 ], [ 2.286269, 42.984646 ], [ 2.285375437275604, 42.984777292229197 ], [ 2.285052, 42.984881 ], [ 2.284656, 42.984883 ], [ 2.284011, 42.984769 ], [ 2.278336, 42.983491 ], [ 2.277759, 42.983521 ], [ 2.270731, 42.98872 ], [ 2.270462160208532, 42.990515733656594 ], [ 2.2712, 42.988939 ], [ 2.277199929869762, 42.983982814600658 ] ] ], [ [ [ 2.25664, 42.990474 ], [ 2.256736599654431, 42.990297345646781 ], [ 2.25635596718089, 42.990486788751902 ], [ 2.25664, 42.990474 ] ] ], [ [ [ 2.291312, 42.961615 ], [ 2.295377, 42.957654 ], [ 2.296559, 42.956495 ], [ 2.296731, 42.956324 ], [ 2.300617101555753, 42.954576155250841 ], [ 2.305722843672397, 42.955443777593025 ], [ 2.30573, 42.955459 ], [ 2.305782880522956, 42.955453979697175 ], [ 2.305783, 42.955454 ], [ 2.306204, 42.955414 ], [ 2.307036, 42.955182 ], [ 2.312942, 42.961387 ], [ 2.314109, 42.961611 ], [ 2.314756, 42.961666 ], [ 2.314996, 42.961684 ], [ 2.317527, 42.962082 ], [ 2.318143406670572, 42.961434808791843 ], [ 2.318463, 42.961167 ], [ 2.322457571383812, 42.957903346246496 ], [ 2.322811, 42.957646 ], [ 2.32282124838845, 42.957509734390605 ], [ 2.323616502811497, 42.955200998382324 ], [ 2.31791, 42.959806 ], [ 2.317558, 42.960153 ], [ 2.317326, 42.960328 ], [ 2.31588, 42.959206 ], [ 2.315242666190691, 42.957918649121524 ], [ 2.314995, 42.95774 ], [ 2.31502926950939, 42.957519295738273 ], [ 2.312669384130379, 42.954352736420212 ], [ 2.307362, 42.951664 ], [ 2.307227, 42.951659 ], [ 2.305654, 42.951404 ], [ 2.301095, 42.950244 ], [ 2.297803, 42.94991 ], [ 2.296819, 42.949978 ], [ 2.294045, 42.950919 ], [ 2.291237, 42.958674 ], [ 2.290765875589032, 42.959020437701476 ], [ 2.288255, 42.960931 ], [ 2.282474, 42.963638 ], [ 2.281317, 42.967047 ], [ 2.276592, 42.973732 ], [ 2.277405988350605, 42.974558854808912 ], [ 2.282705, 42.979385 ], [ 2.285153438990016, 42.979445530012114 ], [ 2.282181, 42.971967 ], [ 2.284907, 42.967192 ], [ 2.291312, 42.961615 ] ] ], [ [ [ 2.341191596073156, 42.954293428268961 ], [ 2.341391, 42.95425 ], [ 2.346213, 42.950682 ], [ 2.348394, 42.949074 ], [ 2.349004, 42.948591 ], [ 2.349383, 42.948041 ], [ 2.349482, 42.947333 ], [ 2.349663, 42.945021 ], [ 2.348865, 42.944834 ], [ 2.348435, 42.944783 ], [ 2.348197549086524, 42.944790152135937 ], [ 2.348196, 42.944786 ], [ 2.348103, 42.944793 ], [ 2.34764, 42.944889 ], [ 2.347036, 42.945192 ], [ 2.344796, 42.946776 ], [ 2.34433, 42.947063 ], [ 2.342028, 42.948194 ], [ 2.33782357562726, 42.947730266868668 ], [ 2.338598324152036, 42.948352978018299 ], [ 2.34002255760723, 42.948779086752225 ], [ 2.342328, 42.948729 ], [ 2.342403, 42.948782 ], [ 2.342708, 42.951438 ], [ 2.342667, 42.951482 ], [ 2.342399070729813, 42.951586947904879 ], [ 2.34249, 42.951804 ], [ 2.342421, 42.951877 ], [ 2.342006, 42.952204 ], [ 2.341521, 42.952422 ], [ 2.339972, 42.952865 ], [ 2.33506607757898, 42.953168201933302 ], [ 2.334837, 42.953197 ], [ 2.326766860984371, 42.952741847131925 ], [ 2.332289, 42.954447 ], [ 2.338105, 42.955572 ], [ 2.341191596073156, 42.954293428268961 ] ] ], [ [ [ 2.324633, 42.919455 ], [ 2.319534, 42.915566 ], [ 2.318865, 42.915085 ], [ 2.316642, 42.913627 ], [ 2.31636, 42.914003 ], [ 2.31608, 42.91453 ], [ 2.316012352218908, 42.914745755423027 ], [ 2.316006, 42.914745 ], [ 2.315948, 42.914951 ], [ 2.315759, 42.915988 ], [ 2.315968, 42.917191 ], [ 2.313423, 42.923942 ], [ 2.316221, 42.920709 ], [ 2.316956, 42.920071 ], [ 2.31989, 42.918719 ], [ 2.319955, 42.918707 ], [ 2.321463, 42.919074 ], [ 2.321737, 42.919485 ], [ 2.321701315192068, 42.919575879071452 ], [ 2.321793, 42.919572 ], [ 2.322024, 42.919935 ], [ 2.322376, 42.920547 ], [ 2.322615, 42.921373 ], [ 2.3222, 42.922724 ], [ 2.320649, 42.931245 ], [ 2.322891427363057, 42.925445909857906 ], [ 2.324364, 42.923045 ], [ 2.324633, 42.919455 ] ] ], [ [ [ 2.302435, 42.923958 ], [ 2.297287, 42.923871 ], [ 2.298998, 42.925333 ], [ 2.299463, 42.925641 ], [ 2.29946319186937, 42.925641248349812 ], [ 2.299493, 42.925661 ], [ 2.303677, 42.931085 ], [ 2.305892, 42.933923 ], [ 2.313981, 42.931604 ], [ 2.313407, 42.927593 ], [ 2.313199, 42.92727 ], [ 2.312885, 42.926583 ], [ 2.312722, 42.925826 ], [ 2.312769, 42.925108 ], [ 2.312988, 42.924522 ], [ 2.313423, 42.923942 ], [ 2.304577, 42.924256 ], [ 2.302786, 42.923786 ], [ 2.302435, 42.923958 ] ] ], [ [ [ 2.298407, 42.914143 ], [ 2.299019, 42.913171 ], [ 2.299018680426375, 42.913170798837491 ], [ 2.299067, 42.913094 ], [ 2.29602, 42.911177 ], [ 2.294633, 42.912151 ], [ 2.287938, 42.914085 ], [ 2.292003, 42.913542 ], [ 2.292218, 42.913511 ], [ 2.292220980082945, 42.913531329646297 ], [ 2.292718, 42.913507 ], [ 2.293348, 42.913591 ], [ 2.292872, 42.91716 ], [ 2.297287, 42.923871 ], [ 2.29652, 42.915566 ], [ 2.297732, 42.91479 ], [ 2.298407, 42.914143 ] ] ], [ [ [ 2.276077, 42.906247 ], [ 2.273014, 42.905859 ], [ 2.270491, 42.897909 ], [ 2.272276, 42.894783 ], [ 2.279479, 42.891022 ], [ 2.282162, 42.893422 ], [ 2.2909, 42.891571 ], [ 2.291349, 42.891637 ], [ 2.292089, 42.89174 ], [ 2.293144, 42.888299 ], [ 2.293838, 42.883745 ], [ 2.293922, 42.881079 ], [ 2.292866, 42.880278 ], [ 2.290894, 42.879133 ], [ 2.282935, 42.88204 ], [ 2.289079, 42.881931 ], [ 2.291136, 42.884886 ], [ 2.286573, 42.889928 ], [ 2.285356, 42.890126 ], [ 2.284618, 42.890254 ], [ 2.284293, 42.890308 ], [ 2.282695, 42.889132 ], [ 2.275885, 42.886722 ], [ 2.270162, 42.893245 ], [ 2.26860685860038, 42.895304899142971 ], [ 2.268249, 42.896259 ], [ 2.264433, 42.899691 ], [ 2.264097, 42.900399 ], [ 2.263206, 42.901073 ], [ 2.262475, 42.901856 ], [ 2.26142, 42.902994 ], [ 2.263374992684152, 42.911533714401834 ], [ 2.263916553357098, 42.911525118200672 ], [ 2.271594, 42.909006 ], [ 2.271749, 42.908788 ], [ 2.274723466443965, 42.910394717014476 ], [ 2.274823, 42.910419 ], [ 2.281766, 42.914273 ], [ 2.27771, 42.910476 ], [ 2.276183, 42.906539 ], [ 2.276077, 42.906247 ] ] ], [ [ [ 2.15252, 42.912336 ], [ 2.15317, 42.912582 ], [ 2.154093, 42.912618 ], [ 2.154249, 42.912626 ], [ 2.154958, 42.912523 ], [ 2.15524222456152, 42.912479432731423 ], [ 2.155249, 42.912492 ], [ 2.158403, 42.912648 ], [ 2.157764, 42.912462 ], [ 2.156729, 42.911979 ], [ 2.154945440025841, 42.909869324494501 ], [ 2.152343202477867, 42.910538266779916 ], [ 2.15252, 42.912336 ] ] ], [ [ [ 2.161043275017794, 42.924992236886958 ], [ 2.161028, 42.924986 ], [ 2.160941, 42.925033 ], [ 2.15666, 42.925752 ], [ 2.153769, 42.924919 ], [ 2.153683, 42.925014 ], [ 2.147716, 42.93174 ], [ 2.154977, 42.929007 ], [ 2.157199, 42.926174 ], [ 2.158142, 42.926567 ], [ 2.15947, 42.926878 ], [ 2.160167789711773, 42.927286297938856 ], [ 2.162639, 42.928231 ], [ 2.17014, 42.923765 ], [ 2.170101440031373, 42.92318137880816 ], [ 2.170005, 42.923182 ], [ 2.169232, 42.922902 ], [ 2.168695, 42.922659 ], [ 2.168716, 42.922453 ], [ 2.16871490934361, 42.922348136595907 ], [ 2.16161, 42.92479 ], [ 2.161498, 42.924811 ], [ 2.161043275017794, 42.924992236886958 ] ] ], [ [ [ 2.125417, 42.928933 ], [ 2.125236, 42.929291 ], [ 2.124513, 42.930384 ], [ 2.118828, 42.933705 ], [ 2.125493, 42.930592 ], [ 2.125695, 42.930368 ], [ 2.12816197590847, 42.931019486646235 ], [ 2.128238, 42.930982 ], [ 2.128331, 42.931102 ], [ 2.128504, 42.931473 ], [ 2.129835691114834, 42.931613265424694 ], [ 2.128779, 42.93039 ], [ 2.127595, 42.928645 ], [ 2.125417, 42.928933 ] ] ], [ [ [ 2.111434, 42.92857 ], [ 2.107858, 42.927823 ], [ 2.105495, 42.927191 ], [ 2.105189, 42.927417 ], [ 2.104839, 42.927752 ], [ 2.104343, 42.928375 ], [ 2.103582, 42.92951 ], [ 2.103076668878266, 42.930115009420398 ], [ 2.103499, 42.929808 ], [ 2.103749, 42.929652 ], [ 2.108774, 42.929742 ], [ 2.114282, 42.931797 ], [ 2.115204, 42.93196 ], [ 2.118828, 42.933705 ], [ 2.112126, 42.928773 ], [ 2.111845, 42.928687 ], [ 2.111434, 42.92857 ] ] ] ] } },
{ "type": "Feature", "properties": { "codgeo": "11129", "value": 1080, "isochrone_group": 18.0, "nb_agences": 2 }, "geometry": { "type": "MultiPolygon", "coordinates": [ [ [ [ 2.079855, 42.937637 ], [ 2.080325, 42.937812 ], [ 2.081, 42.937858 ], [ 2.081522, 42.937742 ], [ 2.089522377711704, 42.937742940667576 ], [ 2.088447, 42.937375 ], [ 2.086521, 42.936375 ], [ 2.087015, 42.932809 ], [ 2.088199, 42.932875 ], [ 2.085419, 42.932378 ], [ 2.084608, 42.932367 ], [ 2.07804, 42.931584 ], [ 2.076874, 42.93499 ], [ 2.079294, 42.937213 ], [ 2.079855, 42.937637 ] ] ], [ [ [ 2.091774, 42.938001 ], [ 2.091248, 42.938001 ], [ 2.095842478923766, 42.939183986355843 ], [ 2.092207, 42.937947 ], [ 2.091774, 42.938001 ] ] ], [ [ [ 2.100395, 42.940733 ], [ 2.09962680634419, 42.940471619012577 ], [ 2.099781479036747, 42.940524247019582 ], [ 2.100781, 42.941012 ], [ 2.100395, 42.940733 ] ] ], [ [ [ 2.111411, 42.937961 ], [ 2.112535941603439, 42.938069023274188 ], [ 2.112535941603441, 42.938069023274188 ], [ 2.111411, 42.937961 ] ] ], [ [ [ 2.120095, 42.947216 ], [ 2.120564, 42.947195 ], [ 2.12071231459752, 42.947177896595477 ], [ 2.120714, 42.947182 ], [ 2.121145, 42.947128 ], [ 2.12171, 42.946961 ], [ 2.122412, 42.946419 ], [ 2.123229796349889, 42.945968126437187 ], [ 2.123113, 42.945968 ], [ 2.12273, 42.946075 ], [ 2.121409, 42.943175 ], [ 2.115462, 42.93835 ], [ 2.112535941603441, 42.938069023274188 ], [ 2.118751, 42.943655 ], [ 2.118862, 42.947254 ], [ 2.120095, 42.947216 ] ] ], [ [ [ 2.132104, 42.948946 ], [ 2.132935, 42.94968 ], [ 2.133821, 42.949578 ], [ 2.134384, 42.949 ], [ 2.134717, 42.94864 ], [ 2.141473, 42.946887 ], [ 2.134964, 42.948075 ], [ 2.134609, 42.948184 ], [ 2.134035, 42.948302 ], [ 2.131792142058452, 42.946824965013562 ], [ 2.127892336957768, 42.945973173842454 ], [ 2.124413806137436, 42.945969408179856 ], [ 2.125587133740602, 42.946202791033336 ], [ 2.132031326582738, 42.948832434942673 ], [ 2.132104, 42.948946 ] ] ], [ [ [ 2.142596581278561, 42.957653335597492 ], [ 2.142591, 42.957686 ], [ 2.14268, 42.957788 ], [ 2.142732, 42.957849 ], [ 2.143579, 42.958595 ], [ 2.144356, 42.95878 ], [ 2.145179, 42.958859 ], [ 2.146107, 42.958857 ], [ 2.153206, 42.963459 ], [ 2.155697, 42.966058 ], [ 2.156714, 42.965083 ], [ 2.15698590010098, 42.96471952732616 ], [ 2.157002, 42.964727 ], [ 2.1571, 42.964567 ], [ 2.161495040305966, 42.961794062281761 ], [ 2.165786, 42.967487 ], [ 2.165431, 42.968774 ], [ 2.16469, 42.973629 ], [ 2.164316, 42.974407 ], [ 2.164089285319061, 42.975172256198789 ], [ 2.161331145931397, 42.979345276153182 ], [ 2.161804, 42.979349 ], [ 2.166532, 42.978386 ], [ 2.167025236435904, 42.978208704608903 ], [ 2.168100988528337, 42.975635094554633 ], [ 2.16699568192657, 42.972548256048121 ], [ 2.166445, 42.971748 ], [ 2.165835, 42.970128 ], [ 2.165667, 42.969627 ], [ 2.16580327079496, 42.969554951327147 ], [ 2.165802, 42.969532 ], [ 2.168122, 42.968329 ], [ 2.171757764822998, 42.961699859886487 ], [ 2.171816, 42.961457 ], [ 2.172819, 42.959526 ], [ 2.173791, 42.959182 ], [ 2.174686, 42.958745 ], [ 2.174779, 42.958728 ], [ 2.174787803195104, 42.958735895649212 ], [ 2.175178, 42.958701 ], [ 2.175519, 42.958734 ], [ 2.176072, 42.958815 ], [ 2.181853, 42.960081 ], [ 2.182634, 42.95965 ], [ 2.182948, 42.959512 ], [ 2.183683, 42.959306 ], [ 2.18431, 42.959237 ], [ 2.189997, 42.952738 ], [ 2.182975, 42.94923 ], [ 2.180446, 42.950519 ], [ 2.179431, 42.949151 ], [ 2.177626, 42.94677 ], [ 2.170451, 42.948126 ], [ 2.169149, 42.94968 ], [ 2.168685, 42.950195 ], [ 2.16752, 42.951173 ], [ 2.166825, 42.952069 ], [ 2.166357, 42.952954 ], [ 2.166084, 42.953298 ], [ 2.165731, 42.953614 ], [ 2.164701, 42.954389 ], [ 2.163918, 42.955227 ], [ 2.163349, 42.955814 ], [ 2.162649, 42.956297 ], [ 2.16237, 42.956525 ], [ 2.160073, 42.958968 ], [ 2.159755, 42.959308 ], [ 2.158616, 42.961003 ], [ 2.155891, 42.961775 ], [ 2.155722, 42.961853 ], [ 2.153588, 42.962322 ], [ 2.153523, 42.962285 ], [ 2.153025, 42.96186 ], [ 2.148199, 42.958372 ], [ 2.147406, 42.956852 ], [ 2.147294, 42.956055 ], [ 2.147234, 42.954904 ], [ 2.14785, 42.949759 ], [ 2.141473, 42.946887 ], [ 2.142357, 42.955208 ], [ 2.142247, 42.957089 ], [ 2.142596581278561, 42.957653335597492 ] ] ], [ [ [ 2.222051, 42.982407 ], [ 2.225407, 42.976512 ], [ 2.218395, 42.981473 ], [ 2.215487807782343, 42.983749248998443 ], [ 2.215896, 42.985466 ], [ 2.215925, 42.985544 ], [ 2.216129190338827, 42.985739287625741 ], [ 2.221022, 42.983263 ], [ 2.222051, 42.982407 ] ] ], [ [ [ 2.225407, 42.976512 ], [ 2.227846, 42.973335 ], [ 2.226893, 42.974467 ], [ 2.225407, 42.976512 ] ] ], [ [ [ 2.239663, 42.962265 ], [ 2.238139, 42.966921 ], [ 2.245288, 42.965327 ], [ 2.247507000789852, 42.965550450552215 ], [ 2.239663, 42.962265 ] ] ], [ [ [ 2.257873023556523, 42.973185399188885 ], [ 2.257790614743705, 42.972197156685063 ], [ 2.253226, 42.966694 ], [ 2.249433, 42.965855 ], [ 2.248874, 42.965829 ], [ 2.253012, 42.967812 ], [ 2.254662, 42.969159 ], [ 2.257873023556523, 42.973185399188885 ] ] ], [ [ [ 2.256518526675861, 42.990405881899122 ], [ 2.256736599654431, 42.990297345646781 ], [ 2.257090229257669, 42.989650653800766 ], [ 2.255493497762273, 42.989831080613058 ], [ 2.256518526675861, 42.990405881899122 ] ] ], [ [ [ 2.259302023057094, 42.998289753110399 ], [ 2.257013, 42.999837 ], [ 2.251237857382971, 43.005806152064665 ], [ 2.251282823252676, 43.005874907257066 ], [ 2.257032, 43.002275 ], [ 2.261564119621975, 42.999142062460749 ], [ 2.259302023057094, 42.998289753110399 ] ] ], [ [ [ 2.289364, 42.99075 ], [ 2.290193, 42.989929 ], [ 2.290701, 42.988962 ], [ 2.296607, 42.984328 ], [ 2.295647, 42.984467 ], [ 2.295271, 42.984496 ], [ 2.294471, 42.984449 ], [ 2.293835, 42.984327 ], [ 2.287199722567034, 42.986038323799569 ], [ 2.285676, 42.988498 ], [ 2.285537, 42.988436 ], [ 2.284746, 42.988029 ], [ 2.284112, 42.987642 ], [ 2.286305, 42.989522 ], [ 2.286882, 42.989725 ], [ 2.289364, 42.99075 ] ] ], [ [ [ 2.307348, 42.985296 ], [ 2.308851, 42.9822 ], [ 2.307983, 42.980566 ], [ 2.307914, 42.980494 ], [ 2.306170789174727, 42.980395924617824 ], [ 2.305933, 42.98028 ], [ 2.301972, 42.980133 ], [ 2.300816, 42.979998 ], [ 2.300075, 42.97987 ], [ 2.299711, 42.979887 ], [ 2.297591, 42.980141 ], [ 2.298179, 42.98017 ], [ 2.299314, 42.980403 ], [ 2.299261650677455, 42.980980614371219 ], [ 2.301055, 42.982986 ], [ 2.301052587850128, 42.982988538220411 ], [ 2.301053, 42.982989 ], [ 2.300768, 42.983288 ], [ 2.300384, 42.983601 ], [ 2.299772, 42.983891 ], [ 2.296607, 42.984328 ], [ 2.302846, 42.984611 ], [ 2.30339, 42.984726 ], [ 2.307348, 42.985296 ] ] ], [ [ [ 2.288498, 42.966815 ], [ 2.293807, 42.962311 ], [ 2.295349, 42.959058 ], [ 2.29751, 42.956048 ], [ 2.297635729815599, 42.955917081334867 ], [ 2.296731, 42.956324 ], [ 2.296559, 42.956495 ], [ 2.295377, 42.957654 ], [ 2.291312, 42.961615 ], [ 2.284907, 42.967192 ], [ 2.282181, 42.971967 ], [ 2.285153438990017, 42.979445530012114 ], [ 2.289986, 42.979565 ], [ 2.290362, 42.979542 ], [ 2.285834, 42.97267 ], [ 2.287627, 42.970348 ], [ 2.288498, 42.966815 ] ] ], [ [ [ 2.325644, 42.956819 ], [ 2.327981528651841, 42.953116918105543 ], [ 2.324685, 42.952099 ], [ 2.32282124838845, 42.957509734390605 ], [ 2.322811, 42.957646 ], [ 2.322457571383812, 42.957903346246496 ], [ 2.320924168107483, 42.959156170862094 ], [ 2.32442, 42.957513 ], [ 2.324771, 42.957377 ], [ 2.325644, 42.956819 ] ] ], [ [ [ 2.340737, 42.957956 ], [ 2.341311, 42.957189 ], [ 2.344376, 42.95326 ], [ 2.346265020233119, 42.952677035798622 ], [ 2.348768, 42.951958 ], [ 2.348919, 42.951858 ], [ 2.349279, 42.951545 ], [ 2.352107, 42.949947 ], [ 2.358507, 42.950738 ], [ 2.360033, 42.947478 ], [ 2.357364, 42.945949 ], [ 2.356953, 42.94573 ], [ 2.356594, 42.9456 ], [ 2.356324, 42.945531 ], [ 2.355883, 42.945476 ], [ 2.347874, 42.943667 ], [ 2.347163, 42.943436 ], [ 2.346629, 42.943432 ], [ 2.346314, 42.943487 ], [ 2.346003, 42.943567 ], [ 2.346002715148203, 42.943567331574656 ], [ 2.345973, 42.943575 ], [ 2.342028, 42.948194 ], [ 2.34433, 42.947063 ], [ 2.344796, 42.946776 ], [ 2.347036, 42.945192 ], [ 2.34764, 42.944889 ], [ 2.348103, 42.944793 ], [ 2.348196, 42.944786 ], [ 2.348197549086524, 42.944790152135937 ], [ 2.348435, 42.944783 ], [ 2.348865, 42.944834 ], [ 2.349663, 42.945021 ], [ 2.349482, 42.947333 ], [ 2.349383, 42.948041 ], [ 2.349004, 42.948591 ], [ 2.348394, 42.949074 ], [ 2.346213, 42.950682 ], [ 2.341391, 42.95425 ], [ 2.341191596073156, 42.954293428268961 ], [ 2.338105, 42.955572 ], [ 2.3361797737724, 42.955199599809838 ], [ 2.337252, 42.95742 ], [ 2.33727, 42.957591 ], [ 2.340737, 42.957956 ] ] ], [ [ [ 2.328712, 42.923905 ], [ 2.329122, 42.92265 ], [ 2.32908, 42.922486 ], [ 2.328679, 42.921502 ], [ 2.327589, 42.919597 ], [ 2.326466, 42.918312 ], [ 2.325075, 42.917235 ], [ 2.321338, 42.909064 ], [ 2.321234, 42.908366 ], [ 2.320897, 42.907261 ], [ 2.317399, 42.908109 ], [ 2.316343, 42.909963 ], [ 2.315801, 42.910711 ], [ 2.315462, 42.911443 ], [ 2.31533, 42.912123 ], [ 2.315449, 42.912875 ], [ 2.315759, 42.915988 ], [ 2.315948, 42.914951 ], [ 2.316006, 42.914745 ], [ 2.316012352218908, 42.914745755423027 ], [ 2.31608, 42.91453 ], [ 2.31636, 42.914003 ], [ 2.316642, 42.913627 ], [ 2.318865, 42.915085 ], [ 2.319534, 42.915566 ], [ 2.324633, 42.919455 ], [ 2.324364, 42.923045 ], [ 2.322891427363057, 42.925445909857906 ], [ 2.320649, 42.931245 ], [ 2.320833, 42.931855 ], [ 2.320757, 42.932773 ], [ 2.321674, 42.930573 ], [ 2.327361, 42.925649 ], [ 2.328712, 42.923905 ] ] ], [ [ [ 2.315759, 42.915988 ], [ 2.315723835722074, 42.917838682923488 ], [ 2.315968, 42.917191 ], [ 2.315759, 42.915988 ] ] ], [ [ [ 2.306742, 42.921032 ], [ 2.30549, 42.921561 ], [ 2.304772, 42.921871 ], [ 2.30367, 42.923047 ], [ 2.302435, 42.923958 ], [ 2.302786, 42.923786 ], [ 2.304577, 42.924256 ], [ 2.313423, 42.923942 ], [ 2.315096378789849, 42.919503107972382 ], [ 2.309171240249979, 42.923699295217823 ], [ 2.309116454464604, 42.923735240457368 ], [ 2.306742, 42.921032 ] ] ], [ [ [ 2.301242, 42.911216 ], [ 2.301517, 42.910582 ], [ 2.301294, 42.90913 ], [ 2.30126, 42.90902 ], [ 2.300969, 42.908525 ], [ 2.300946, 42.908499 ], [ 2.300291025938512, 42.908252499908187 ], [ 2.29921, 42.907818 ], [ 2.298739, 42.908046 ], [ 2.292901, 42.910688 ], [ 2.290934, 42.910689 ], [ 2.29055, 42.910937 ], [ 2.290546204287251, 42.910940219844775 ], [ 2.290545, 42.910941 ], [ 2.286615, 42.914275 ], [ 2.287021, 42.91416 ], [ 2.287502, 42.914085 ], [ 2.287938, 42.914085 ], [ 2.294633, 42.912151 ], [ 2.29602, 42.911177 ], [ 2.299067, 42.913094 ], [ 2.299018680426375, 42.913170798837491 ], [ 2.299019, 42.913171 ], [ 2.298407, 42.914143 ], [ 2.300223, 42.912444 ], [ 2.300567, 42.912119 ], [ 2.301242, 42.911216 ] ] ], [ [ [ 2.280769, 42.897356 ], [ 2.282167, 42.897003 ], [ 2.282927, 42.896925 ], [ 2.288945345703362, 42.89198506100972 ], [ 2.282162, 42.893422 ], [ 2.279479, 42.891022 ], [ 2.272276, 42.894783 ], [ 2.270491, 42.897909 ], [ 2.273014, 42.905859 ], [ 2.276077, 42.906247 ], [ 2.276183, 42.906539 ], [ 2.27771, 42.910476 ], [ 2.281766, 42.914273 ], [ 2.286615, 42.914275 ], [ 2.279378, 42.910978 ], [ 2.276365534211339, 42.903895415807909 ], [ 2.280769, 42.897356 ] ] ], [ [ [ 2.294465, 42.892572 ], [ 2.294946, 42.892546 ], [ 2.294946323623204, 42.892529120001306 ], [ 2.295477, 42.892477 ], [ 2.295974, 42.892292 ], [ 2.297323, 42.891896 ], [ 2.298229, 42.891637 ], [ 2.298809, 42.891252 ], [ 2.299296, 42.890737 ], [ 2.299397, 42.890589 ], [ 2.296131, 42.88301 ], [ 2.296321, 42.877654 ], [ 2.295887, 42.876852 ], [ 2.293955, 42.874941 ], [ 2.293492, 42.875322 ], [ 2.292888, 42.875772 ], [ 2.292026, 42.877083 ], [ 2.291277, 42.878548 ], [ 2.286648278677978, 42.880683736510001 ], [ 2.290894, 42.879133 ], [ 2.292866, 42.880278 ], [ 2.293922, 42.881079 ], [ 2.293838, 42.883745 ], [ 2.293144, 42.888299 ], [ 2.292089, 42.89174 ], [ 2.291349, 42.891637 ], [ 2.2909, 42.891571 ], [ 2.292156, 42.891997 ], [ 2.292715, 42.892206 ], [ 2.294465, 42.892572 ] ] ], [ [ [ 2.281166, 42.860624 ], [ 2.277072, 42.860201 ], [ 2.278265, 42.860398 ], [ 2.280103, 42.860584 ], [ 2.280641, 42.860624 ], [ 2.281166, 42.860635442307704 ], [ 2.281166, 42.860624 ] ] ], [ [ [ 2.271388341936029, 42.861663861881411 ], [ 2.269847, 42.862262 ], [ 2.270261, 42.862158 ], [ 2.271702, 42.861912 ], [ 2.273755, 42.860948 ], [ 2.274598, 42.860257 ], [ 2.271388341936029, 42.861663861881411 ] ] ], [ [ [ 2.253721546030575, 42.866873319037502 ], [ 2.254085, 42.866992 ], [ 2.254257491937376, 42.866927308497914 ], [ 2.253721546030575, 42.866873319037502 ] ] ], [ [ [ 2.246829, 42.864287 ], [ 2.24551, 42.863726 ], [ 2.245007390182837, 42.863399439041025 ], [ 2.2456, 42.863858 ], [ 2.247072, 42.864702 ], [ 2.247602999466277, 42.864875390671294 ], [ 2.246829, 42.864287 ] ] ], [ [ [ 2.254520979219567, 42.850622312860757 ], [ 2.254454, 42.850627 ], [ 2.253752, 42.850738 ], [ 2.254520979219567, 42.850622312860757 ] ] ], [ [ [ 2.157562, 42.86479 ], [ 2.155781807283845, 42.86589470799823 ], [ 2.157141, 42.865138 ], [ 2.157564113484037, 42.864790088326593 ], [ 2.157562, 42.86479 ] ] ], [ [ [ 2.154093, 42.912618 ], [ 2.15317, 42.912582 ], [ 2.153156241919204, 42.912576793095567 ], [ 2.153114228207476, 42.912669562766119 ], [ 2.154093, 42.912618 ] ] ], [ [ [ 2.154958, 42.912523 ], [ 2.155242224561521, 42.912479432731423 ], [ 2.15524222456152, 42.912479432731423 ], [ 2.154958, 42.912523 ] ] ], [ [ [ 2.157686558959149, 42.923802537556973 ], [ 2.156662, 42.923315 ], [ 2.156227, 42.923303 ], [ 2.155338, 42.923351 ], [ 2.154208, 42.924566 ], [ 2.153787934666399, 42.924924455751324 ], [ 2.15666, 42.925752 ], [ 2.159182500884713, 42.925328342411561 ], [ 2.157925, 42.923916 ], [ 2.157818, 42.923814 ], [ 2.157686558959149, 42.923802537556973 ] ] ], [ [ [ 2.12464, 42.927575 ], [ 2.123998, 42.927525 ], [ 2.123694, 42.927554 ], [ 2.122835241334386, 42.928751399595434 ], [ 2.12279, 42.92879 ], [ 2.122705, 42.928933 ], [ 2.114143, 42.928289 ], [ 2.106957, 42.926878 ], [ 2.10628, 42.926756 ], [ 2.104932, 42.926704 ], [ 2.102991, 42.926591 ], [ 2.102343, 42.930133 ], [ 2.100170118444938, 42.931437298495688 ], [ 2.094181, 42.932995 ], [ 2.093812, 42.932894 ], [ 2.088199, 42.932875 ], [ 2.088937, 42.933033 ], [ 2.09335, 42.934084 ], [ 2.093864, 42.934133 ], [ 2.095476, 42.934255 ], [ 2.102781, 42.930469 ], [ 2.103582, 42.92951 ], [ 2.104343, 42.928375 ], [ 2.104839, 42.927752 ], [ 2.105189, 42.927417 ], [ 2.105495, 42.927191 ], [ 2.107858, 42.927823 ], [ 2.111434, 42.92857 ], [ 2.111845, 42.928687 ], [ 2.112126, 42.928773 ], [ 2.118828, 42.933705 ], [ 2.124513, 42.930384 ], [ 2.125236, 42.929291 ], [ 2.125417, 42.928933 ], [ 2.127595, 42.928645 ], [ 2.128779, 42.93039 ], [ 2.133283, 42.935604 ], [ 2.13756, 42.934938 ], [ 2.132245, 42.931375 ], [ 2.131208, 42.927928 ], [ 2.12464, 42.927575 ] ] ] ] } },
{ "type": "Feature", "properties": { "codgeo": "11129", "value": 1140, "isochrone_group": 19.0, "nb_agences": 2 }, "geometry": { "type": "MultiPolygon", "coordinates": [ [ [ [ 2.24551, 42.863726 ], [ 2.246829, 42.864287 ], [ 2.247679937871291, 42.86493387887672 ], [ 2.248642127573107, 42.86530087602852 ], [ 2.246018, 42.862707 ], [ 2.244291, 42.853931 ], [ 2.24331, 42.862086 ], [ 2.245007390182837, 42.863399439041025 ], [ 2.24551, 42.863726 ] ] ], [ [ [ 2.158234911912932, 42.863725089704879 ], [ 2.154366, 42.864782 ], [ 2.153404, 42.865206 ], [ 2.153041, 42.866911 ], [ 2.152523119223607, 42.867616423667819 ], [ 2.153591, 42.866993 ], [ 2.154594, 42.866556 ], [ 2.155781807283845, 42.86589470799823 ], [ 2.157562, 42.86479 ], [ 2.157564113484037, 42.864790088326593 ], [ 2.157653, 42.864717 ], [ 2.158234911912932, 42.863725089704879 ] ] ], [ [ [ 2.251952909110849, 42.866563670041252 ], [ 2.25242134760403, 42.866742341245569 ], [ 2.253265632321908, 42.866827391762378 ], [ 2.251952909110849, 42.866563670041252 ] ] ], [ [ [ 2.152109, 42.92344 ], [ 2.152091637387036, 42.923483047800701 ], [ 2.152947996521756, 42.925842495625069 ], [ 2.153683, 42.925014 ], [ 2.154208, 42.924566 ], [ 2.155338, 42.923351 ], [ 2.156227, 42.923303 ], [ 2.154662, 42.923234 ], [ 2.153846, 42.923018 ], [ 2.153824405299486, 42.923099507112575 ], [ 2.153049, 42.922975 ], [ 2.15231, 42.923186 ], [ 2.152121864257276, 42.923282462326284 ], [ 2.152109, 42.92344 ] ] ], [ [ [ 2.100170118444938, 42.931437298495688 ], [ 2.102343, 42.930133 ], [ 2.102991, 42.926591 ], [ 2.104932, 42.926704 ], [ 2.10628, 42.926756 ], [ 2.102407, 42.926081 ], [ 2.099091, 42.925713 ], [ 2.098976, 42.926249 ], [ 2.099043233204319, 42.927058690202571 ], [ 2.098994, 42.927073 ], [ 2.094238761418302, 42.932979976912875 ], [ 2.100170118444938, 42.931437298495688 ] ] ], [ [ [ 2.123694, 42.927554 ], [ 2.123998, 42.927525 ], [ 2.12464, 42.927575 ], [ 2.131208, 42.927928 ], [ 2.132245, 42.931375 ], [ 2.13756, 42.934938 ], [ 2.144357, 42.932358 ], [ 2.136654, 42.9297 ], [ 2.13619, 42.928248 ], [ 2.135863, 42.927772 ], [ 2.134856, 42.927185 ], [ 2.133268, 42.926817 ], [ 2.133131, 42.926887 ], [ 2.125629126912429, 42.926968787024414 ], [ 2.123473, 42.926705 ], [ 2.122854, 42.926499 ], [ 2.122737, 42.92646 ], [ 2.122552, 42.926401 ], [ 2.120796, 42.927695 ], [ 2.113991849625315, 42.928259321016029 ], [ 2.114143, 42.928289 ], [ 2.122705, 42.928933 ], [ 2.12279, 42.92879 ], [ 2.122835241334386, 42.928751399595434 ], [ 2.123694, 42.927554 ] ] ], [ [ [ 2.079871, 42.93073 ], [ 2.075496, 42.929094 ], [ 2.074837757925198, 42.929100204386067 ], [ 2.073663, 42.930579 ], [ 2.071779, 42.93359 ], [ 2.06695886900203, 42.933155854251893 ], [ 2.06621, 42.935629 ], [ 2.066398, 42.935753 ], [ 2.066966, 42.93605 ], [ 2.067902, 42.936213 ], [ 2.069226, 42.936 ], [ 2.073564805220676, 42.936067991261943 ], [ 2.078587291330993, 42.937071760675366 ], [ 2.079855, 42.937637 ], [ 2.079294, 42.937213 ], [ 2.076874, 42.93499 ], [ 2.07804, 42.931584 ], [ 2.084608, 42.932367 ], [ 2.085419, 42.932378 ], [ 2.079871, 42.93073 ] ] ], [ [ [ 2.097255, 42.94114 ], [ 2.101287, 42.941245 ], [ 2.100781, 42.941012 ], [ 2.099781479036747, 42.940524247019582 ], [ 2.095842478923803, 42.939183986355843 ], [ 2.091248, 42.938001 ], [ 2.090027, 42.937743 ], [ 2.09707, 42.941138 ], [ 2.097255, 42.94114 ] ] ], [ [ [ 2.116651, 42.947068 ], [ 2.11822, 42.947247 ], [ 2.118751, 42.947256 ], [ 2.11886195983225, 42.947252697624045 ], [ 2.118751, 42.943655 ], [ 2.112535941603439, 42.938069023274188 ], [ 2.111411, 42.937961 ], [ 2.116416, 42.943476 ], [ 2.116651, 42.947068 ] ] ], [ [ [ 2.142357, 42.955208 ], [ 2.141473, 42.946887 ], [ 2.134717, 42.94864 ], [ 2.134384, 42.949 ], [ 2.133821, 42.949578 ], [ 2.132935, 42.94968 ], [ 2.132104, 42.948946 ], [ 2.132031326582738, 42.948832434942673 ], [ 2.125587133740602, 42.946202791033336 ], [ 2.123542, 42.945796 ], [ 2.122412, 42.946419 ], [ 2.12171, 42.946961 ], [ 2.13005, 42.950184 ], [ 2.130308, 42.950651 ], [ 2.1311, 42.951494 ], [ 2.131221, 42.951529 ], [ 2.131694, 42.951602 ], [ 2.132763, 42.951347 ], [ 2.1391, 42.957197 ], [ 2.140788, 42.959553 ], [ 2.141478, 42.959474 ], [ 2.141837, 42.959354 ], [ 2.144356, 42.95878 ], [ 2.143579, 42.958595 ], [ 2.142732, 42.957849 ], [ 2.14268, 42.957788 ], [ 2.142591, 42.957686 ], [ 2.142596581278561, 42.957653335597492 ], [ 2.142247, 42.957089 ], [ 2.142357, 42.955208 ] ] ], [ [ [ 2.155442, 42.966561 ], [ 2.156714, 42.965083 ], [ 2.155697, 42.966058 ], [ 2.153206, 42.963459 ], [ 2.146107, 42.958857 ], [ 2.145179, 42.958859 ], [ 2.144356, 42.95878 ], [ 2.148801, 42.965693 ], [ 2.150984, 42.968556 ], [ 2.15141, 42.968372 ], [ 2.152057, 42.96807 ], [ 2.154333, 42.967232 ], [ 2.155442, 42.966561 ] ] ], [ [ [ 2.156714, 42.965083 ], [ 2.164826, 42.968484 ], [ 2.165345958639992, 42.969331187318289 ], [ 2.165431, 42.968774 ], [ 2.165786, 42.967487 ], [ 2.161495040305966, 42.961794062281761 ], [ 2.1571, 42.964567 ], [ 2.157002, 42.964727 ], [ 2.15698590010098, 42.96471952732616 ], [ 2.156714, 42.965083 ] ] ], [ [ [ 2.247721, 42.965572 ], [ 2.245288, 42.965327 ], [ 2.238139, 42.966921 ], [ 2.246255, 42.968606 ], [ 2.25030924535263, 42.969159192975681 ], [ 2.251056, 42.969288 ], [ 2.257493580956438, 42.97270960467965 ], [ 2.254662, 42.969159 ], [ 2.253012, 42.967812 ], [ 2.248874, 42.965829 ], [ 2.247721, 42.965572 ] ] ], [ [ [ 2.222051, 42.982407 ], [ 2.221022, 42.983263 ], [ 2.220301030652551, 42.983627887988142 ], [ 2.2202153696835, 42.984800784333636 ], [ 2.224914, 42.98359 ], [ 2.226607, 42.983485 ], [ 2.227847, 42.980106 ], [ 2.228456, 42.972671 ], [ 2.227846, 42.973335 ], [ 2.225407, 42.976512 ], [ 2.222051, 42.982407 ] ] ], [ [ [ 2.161315752520706, 42.979368566132742 ], [ 2.158066132046412, 42.979498792110938 ], [ 2.159526632060384, 42.98048105322512 ], [ 2.160724798479028, 42.980262669969235 ], [ 2.161315752520706, 42.979368566132742 ] ] ], [ [ [ 2.151865, 42.983347 ], [ 2.151715559034765, 42.983497128171649 ], [ 2.152124940169762, 42.983526652462665 ], [ 2.151865, 42.983347 ] ] ], [ [ [ 2.254520979219568, 42.850622312860757 ], [ 2.254478242033162, 42.850628742348988 ], [ 2.257668, 42.850858 ], [ 2.259093, 42.851215 ], [ 2.259686, 42.851383 ], [ 2.262771, 42.850395 ], [ 2.261399, 42.850337 ], [ 2.26064, 42.850369 ], [ 2.26003, 42.850391 ], [ 2.257148, 42.850405 ], [ 2.255883, 42.850527 ], [ 2.254520979219568, 42.850622312860757 ] ] ], [ [ [ 2.280863459320642, 42.86059274091172 ], [ 2.281166, 42.860624 ], [ 2.281166, 42.860635442307704 ], [ 2.281421, 42.860641 ], [ 2.282887, 42.860616 ], [ 2.280863459320642, 42.86059274091172 ] ] ], [ [ [ 2.286869, 42.864236 ], [ 2.284258, 42.864235 ], [ 2.286217, 42.86427 ], [ 2.286219662408851, 42.864235751306936 ], [ 2.286869, 42.864236 ] ] ], [ [ [ 2.281594, 42.864283 ], [ 2.275939, 42.865765 ], [ 2.282282, 42.864444 ], [ 2.284258, 42.864235 ], [ 2.283152, 42.864206 ], [ 2.282135, 42.864279 ], [ 2.281594, 42.864283 ] ] ], [ [ [ 2.256618739948441, 42.867165172999492 ], [ 2.256825, 42.867085 ], [ 2.258104, 42.866641 ], [ 2.258694402039067, 42.866407177410267 ], [ 2.254751794456157, 42.866977102937867 ], [ 2.256618739948441, 42.867165172999492 ] ] ], [ [ [ 2.294414, 42.873939 ], [ 2.294229, 42.874209 ], [ 2.292888, 42.875772 ], [ 2.293492, 42.875322 ], [ 2.293955, 42.874941 ], [ 2.295887, 42.876852 ], [ 2.296321, 42.877654 ], [ 2.296131, 42.88301 ], [ 2.299397, 42.890589 ], [ 2.299296, 42.890737 ], [ 2.298809, 42.891252 ], [ 2.298229, 42.891637 ], [ 2.299374, 42.891022 ], [ 2.301056, 42.890327 ], [ 2.301618, 42.890124 ], [ 2.302664, 42.889665 ], [ 2.303583, 42.888614 ], [ 2.303713, 42.887935 ], [ 2.303421, 42.886487 ], [ 2.298718, 42.882485 ], [ 2.298659, 42.877009 ], [ 2.299443, 42.87434 ], [ 2.298081, 42.871506 ], [ 2.29784, 42.871557 ], [ 2.297765, 42.871584 ], [ 2.296926, 42.871901 ], [ 2.296165, 42.872601 ], [ 2.294822, 42.873512 ], [ 2.294442269040367, 42.873958327957631 ], [ 2.294414, 42.873939 ] ] ], [ [ [ 2.292715, 42.892206 ], [ 2.292156, 42.891997 ], [ 2.2909, 42.891571 ], [ 2.289836, 42.891254 ], [ 2.282927, 42.896925 ], [ 2.282167, 42.897003 ], [ 2.280769, 42.897356 ], [ 2.276365534211339, 42.903895415807909 ], [ 2.276846953814991, 42.905027277582896 ], [ 2.278874, 42.900412 ], [ 2.285507, 42.897674 ], [ 2.287467, 42.897815 ], [ 2.294465, 42.892572 ], [ 2.292715, 42.892206 ] ] ], [ [ [ 2.286615, 42.914275 ], [ 2.290545, 42.910941 ], [ 2.290546204287251, 42.910940219844775 ], [ 2.29055, 42.910937 ], [ 2.290934, 42.910689 ], [ 2.289571, 42.910881 ], [ 2.288622, 42.911081 ], [ 2.288583571687247, 42.911098891361483 ], [ 2.288429, 42.911133 ], [ 2.288167, 42.91122 ], [ 2.284132766075904, 42.913144155002378 ], [ 2.286615, 42.914275 ] ] ], [ [ [ 2.292901, 42.910688 ], [ 2.298739, 42.908046 ], [ 2.29921, 42.907818 ], [ 2.300291025938512, 42.908252499908187 ], [ 2.300946, 42.908499 ], [ 2.300969, 42.908525 ], [ 2.30126, 42.90902 ], [ 2.301294, 42.90913 ], [ 2.301517, 42.910582 ], [ 2.301242, 42.911216 ], [ 2.300567, 42.912119 ], [ 2.300223, 42.912444 ], [ 2.298407, 42.914143 ], [ 2.297732, 42.91479 ], [ 2.29652, 42.915566 ], [ 2.297287, 42.923871 ], [ 2.302435, 42.923958 ], [ 2.30367, 42.923047 ], [ 2.304772, 42.921871 ], [ 2.30549, 42.921561 ], [ 2.306742, 42.921032 ], [ 2.309116454464604, 42.923735240457368 ], [ 2.309171240249979, 42.923699295217823 ], [ 2.315715, 42.919065 ], [ 2.315705, 42.91883 ], [ 2.315759, 42.915988 ], [ 2.315449, 42.912875 ], [ 2.31533, 42.912123 ], [ 2.308604, 42.91726 ], [ 2.305183, 42.911485 ], [ 2.305151, 42.911414 ], [ 2.304706, 42.910809 ], [ 2.302979, 42.907626 ], [ 2.302785, 42.906562 ], [ 2.302405, 42.905477 ], [ 2.302155, 42.904789 ], [ 2.301863, 42.904388 ], [ 2.301553, 42.904062 ], [ 2.301538448789975, 42.904071620942759 ], [ 2.301307, 42.903846 ], [ 2.300452, 42.903382 ], [ 2.300415, 42.903372 ], [ 2.29882, 42.905869 ], [ 2.291303, 42.910671 ], [ 2.290934, 42.910689 ], [ 2.292901, 42.910688 ] ] ], [ [ [ 2.329155, 42.911249 ], [ 2.329501, 42.910733 ], [ 2.327202, 42.908555 ], [ 2.319671, 42.905574 ], [ 2.317166, 42.903648 ], [ 2.315247, 42.902079 ], [ 2.312189, 42.903618 ], [ 2.312099, 42.903825 ], [ 2.312177, 42.904244 ], [ 2.312496, 42.905086 ], [ 2.312787, 42.90571 ], [ 2.314256, 42.907392 ], [ 2.314454, 42.907749 ], [ 2.31533, 42.912123 ], [ 2.315462, 42.911443 ], [ 2.315801, 42.910711 ], [ 2.316343, 42.909963 ], [ 2.317399, 42.908109 ], [ 2.320897, 42.907261 ], [ 2.321234, 42.908366 ], [ 2.321338, 42.909064 ], [ 2.325075, 42.917235 ], [ 2.326466, 42.918312 ], [ 2.327589, 42.919597 ], [ 2.328679, 42.921502 ], [ 2.32908, 42.922486 ], [ 2.329122, 42.92265 ], [ 2.328712, 42.923905 ], [ 2.327361, 42.925649 ], [ 2.321674, 42.930573 ], [ 2.328439, 42.925963 ], [ 2.329674, 42.925989 ], [ 2.330958, 42.925999 ], [ 2.331878, 42.926091 ], [ 2.332082, 42.926097 ], [ 2.333155, 42.926194 ], [ 2.333839, 42.925198 ], [ 2.333977, 42.925043 ], [ 2.333982600391806, 42.92480906082649 ], [ 2.334676, 42.922931 ], [ 2.334328, 42.922769 ], [ 2.334033753374663, 42.922672302016267 ], [ 2.334034, 42.922662 ], [ 2.333832, 42.922606 ], [ 2.332662743456359, 42.922298368796831 ], [ 2.32697, 42.916865 ], [ 2.328926, 42.91153 ], [ 2.329155, 42.911249 ] ] ], [ [ [ 2.358739, 42.950847 ], [ 2.361423, 42.953172 ], [ 2.361871, 42.953497 ], [ 2.362438, 42.953804 ], [ 2.367405, 42.954703 ], [ 2.367735, 42.954778 ], [ 2.367735670523937, 42.954776482338652 ], [ 2.367819, 42.954795 ], [ 2.369586, 42.955109 ], [ 2.370218, 42.951565 ], [ 2.368555, 42.950734 ], [ 2.362327, 42.947495 ], [ 2.356953, 42.94573 ], [ 2.357364, 42.945949 ], [ 2.360033, 42.947478 ], [ 2.358507, 42.950738 ], [ 2.358506055635911, 42.9507378832825 ], [ 2.358739, 42.950847 ] ] ], [ [ [ 2.346265020233119, 42.952677035798622 ], [ 2.344376, 42.95326 ], [ 2.341311, 42.957189 ], [ 2.340737, 42.957956 ], [ 2.33727, 42.957591 ], [ 2.337252, 42.95742 ], [ 2.334499, 42.951719 ], [ 2.32956, 42.950617 ], [ 2.335341, 42.957414 ], [ 2.336293, 42.959143 ], [ 2.336476, 42.959577 ], [ 2.336852, 42.960115 ], [ 2.337381, 42.960465 ], [ 2.339449, 42.961044 ], [ 2.3452, 42.956789 ], [ 2.3482, 42.954689 ], [ 2.348955, 42.954172 ], [ 2.349086, 42.954083 ], [ 2.349643, 42.953597 ], [ 2.349963, 42.953051 ], [ 2.355945567377863, 42.950421422936856 ], [ 2.352107, 42.949947 ], [ 2.349279, 42.951545 ], [ 2.348919, 42.951858 ], [ 2.348768, 42.951958 ], [ 2.346265020233119, 42.952677035798622 ] ] ], [ [ [ 2.290362, 42.979542 ], [ 2.290933, 42.979554 ], [ 2.291780854371752, 42.979586163990177 ], [ 2.289102, 42.971183 ], [ 2.290737, 42.967976 ], [ 2.290993508569501, 42.967772302018332 ], [ 2.296573397027563, 42.963849327374881 ], [ 2.298282, 42.963528 ], [ 2.298513, 42.963461 ], [ 2.298837, 42.962179 ], [ 2.298804988448897, 42.961848622412766 ], [ 2.298872, 42.960148 ], [ 2.298481, 42.954523 ], [ 2.29814, 42.955392 ], [ 2.29751, 42.956048 ], [ 2.295349, 42.959058 ], [ 2.293807, 42.962311 ], [ 2.288498, 42.966815 ], [ 2.287627, 42.970348 ], [ 2.285834, 42.97267 ], [ 2.290362, 42.979542 ] ] ], [ [ [ 2.306916955089683, 42.977660561429424 ], [ 2.30268, 42.97915 ], [ 2.299711, 42.979887 ], [ 2.300075, 42.97987 ], [ 2.307096, 42.979997 ], [ 2.307229, 42.980045 ], [ 2.307875680303528, 42.980491844082401 ], [ 2.307914, 42.980494 ], [ 2.307983, 42.980566 ], [ 2.308769, 42.982026 ], [ 2.308851, 42.9822 ], [ 2.307348, 42.985296 ], [ 2.30339, 42.984726 ], [ 2.302846, 42.984611 ], [ 2.297645319812571, 42.984375098013615 ], [ 2.304136, 42.987022 ], [ 2.304165, 42.987053 ], [ 2.304167725879318, 42.987054616146331 ], [ 2.304528, 42.987425 ], [ 2.30479, 42.987509 ], [ 2.305021448258834, 42.987560779529581 ], [ 2.305037, 42.98757 ], [ 2.305161, 42.987592 ], [ 2.313593, 42.987638 ], [ 2.314395, 42.987579 ], [ 2.314881, 42.987385 ], [ 2.316553, 42.985864 ], [ 2.316538, 42.985644 ], [ 2.316318, 42.984891 ], [ 2.315609, 42.984116 ], [ 2.310633, 42.978883 ], [ 2.307591681085207, 42.977471239381174 ], [ 2.30754, 42.977421 ], [ 2.306916955089683, 42.977660561429424 ] ] ], [ [ [ 2.284112, 42.987642 ], [ 2.286726, 42.99076 ], [ 2.28712, 42.991532 ], [ 2.28782, 42.992088 ], [ 2.288357, 42.992259 ], [ 2.291148, 42.992684 ], [ 2.291646, 42.992724 ], [ 2.293004, 42.991107 ], [ 2.29301, 42.990965 ], [ 2.293031, 42.990006 ], [ 2.297041700610834, 42.984347717947259 ], [ 2.296607, 42.984328 ], [ 2.290701, 42.988962 ], [ 2.290193, 42.989929 ], [ 2.289364, 42.99075 ], [ 2.289363309956949, 42.99074971503056 ], [ 2.289361, 42.990752 ], [ 2.286882, 42.989725 ], [ 2.286305, 42.989522 ], [ 2.284112, 42.987642 ] ] ] ] } },
{ "type": "Feature", "properties": { "codgeo": "11129", "value": 1200, "isochrone_group": 20.0, "nb_agences": 2 }, "geometry": { "type": "MultiPolygon", "coordinates": [ [ [ [ 2.055893, 42.937624 ], [ 2.056199, 42.937672 ], [ 2.056966, 42.937651 ], [ 2.059795, 42.93742 ], [ 2.060393, 42.937321 ], [ 2.06089, 42.937184 ], [ 2.062045, 42.936904 ], [ 2.070228, 42.93807 ], [ 2.072282, 42.937765 ], [ 2.080325, 42.937812 ], [ 2.080283056943844, 42.937796382904637 ], [ 2.080252, 42.937793 ], [ 2.080062088313126, 42.937714107350644 ], [ 2.079855, 42.937637 ], [ 2.078587291330993, 42.937071760675366 ], [ 2.073564805220676, 42.936067991261943 ], [ 2.069226, 42.936 ], [ 2.067902, 42.936213 ], [ 2.066966, 42.93605 ], [ 2.066398, 42.935753 ], [ 2.06621, 42.935629 ], [ 2.066955399500983, 42.933167312306317 ], [ 2.065717, 42.933044 ], [ 2.062063, 42.933108 ], [ 2.059403, 42.933338 ], [ 2.058651, 42.933402 ], [ 2.057369, 42.933475 ], [ 2.056708240962786, 42.933490252070108 ], [ 2.05645, 42.934068 ], [ 2.055893, 42.937624 ] ] ], [ [ [ 2.079871, 42.93073 ], [ 2.085419, 42.932378 ], [ 2.088199, 42.932875 ], [ 2.082208, 42.930477 ], [ 2.079117092225495, 42.929467280947087 ], [ 2.079760636593735, 42.930688730392539 ], [ 2.079871, 42.93073 ] ] ], [ [ [ 2.081522, 42.937742 ], [ 2.089822764944917, 42.937742975986467 ], [ 2.089822764944918, 42.937742975986467 ], [ 2.081522, 42.937742 ] ] ], [ [ [ 2.094872, 42.941854 ], [ 2.095301, 42.941792 ], [ 2.102111, 42.941326 ], [ 2.101287, 42.941245 ], [ 2.097255, 42.94114 ], [ 2.09707, 42.941138 ], [ 2.090027, 42.937743 ], [ 2.089822764944918, 42.937742975986467 ], [ 2.093741, 42.941622 ], [ 2.094193, 42.941768 ], [ 2.094872, 42.941854 ] ] ], [ [ [ 2.114446755517283, 42.946482677865959 ], [ 2.114443, 42.946753 ], [ 2.11557, 42.946963 ], [ 2.116313, 42.94706 ], [ 2.11822, 42.947247 ], [ 2.116651, 42.947068 ], [ 2.116416, 42.943476 ], [ 2.111411, 42.937961 ], [ 2.112467, 42.9444 ], [ 2.112438, 42.944466 ], [ 2.114446755517283, 42.946482677865959 ] ] ], [ [ [ 2.130253, 42.951528 ], [ 2.130873, 42.951634 ], [ 2.131694, 42.951602 ], [ 2.131221, 42.951529 ], [ 2.1311, 42.951494 ], [ 2.130308, 42.950651 ], [ 2.13005, 42.950184 ], [ 2.12171, 42.946961 ], [ 2.121145, 42.947128 ], [ 2.120564, 42.947195 ], [ 2.120095, 42.947216 ], [ 2.127868, 42.950769 ], [ 2.128311, 42.951353 ], [ 2.130253, 42.951528 ] ] ], [ [ [ 2.143843, 42.967772 ], [ 2.143849967745332, 42.968174896474352 ], [ 2.144528, 42.968305 ], [ 2.144799, 42.968392 ], [ 2.14551, 42.968815 ], [ 2.150599017764689, 42.974208697240869 ], [ 2.152563, 42.97544 ], [ 2.15591, 42.978032 ], [ 2.158077429645361, 42.979498339368561 ], [ 2.161804, 42.979349 ], [ 2.162377, 42.979384 ], [ 2.16663, 42.971527 ], [ 2.165835, 42.970128 ], [ 2.164826, 42.968484 ], [ 2.156714, 42.965083 ], [ 2.155442, 42.966561 ], [ 2.154333, 42.967232 ], [ 2.152057, 42.96807 ], [ 2.15141, 42.968372 ], [ 2.150984, 42.968556 ], [ 2.148801, 42.965693 ], [ 2.144356, 42.95878 ], [ 2.141837, 42.959354 ], [ 2.141478, 42.959474 ], [ 2.140788, 42.959553 ], [ 2.1391, 42.957197 ], [ 2.132763, 42.951347 ], [ 2.131694, 42.951602 ], [ 2.137242, 42.95842 ], [ 2.13954, 42.961191 ], [ 2.143843, 42.967772 ] ] ], [ [ [ 2.226785871257257, 42.98299757582398 ], [ 2.226984458785734, 42.983205947956677 ], [ 2.227320347809669, 42.981541127218662 ], [ 2.226785871257257, 42.98299757582398 ] ] ], [ [ [ 2.244654, 42.97045 ], [ 2.244655096987738, 42.970450142599404 ], [ 2.244669, 42.970469 ], [ 2.250725, 42.971243 ], [ 2.252013, 42.971101 ], [ 2.259513, 42.975439 ], [ 2.259436107786087, 42.975286634247702 ], [ 2.25935, 42.975147 ], [ 2.259272843225699, 42.974963117388192 ], [ 2.259242, 42.974902 ], [ 2.259218490290583, 42.974833581650614 ], [ 2.259183, 42.974749 ], [ 2.259079985807563, 42.974430503588572 ], [ 2.258919, 42.973962 ], [ 2.258893182819473, 42.973852951312097 ], [ 2.258867, 42.973772 ], [ 2.258718701097027, 42.973360761819976 ], [ 2.251056, 42.969288 ], [ 2.25030924535263, 42.969159192975681 ], [ 2.246255, 42.968606 ], [ 2.238139, 42.966921 ], [ 2.244082, 42.969702 ], [ 2.244307, 42.969978 ], [ 2.244654, 42.97045 ] ] ], [ [ [ 2.259776, 42.983553 ], [ 2.25995, 42.983216 ], [ 2.259683, 42.975687 ], [ 2.259592371377779, 42.975540034666679 ], [ 2.259513, 42.975439 ], [ 2.259776, 42.983553 ] ] ], [ [ [ 2.293366, 42.995008 ], [ 2.293366504944568, 42.995007508931756 ], [ 2.293398, 42.995012 ], [ 2.294676, 42.993734 ], [ 2.294891, 42.993505 ], [ 2.295155, 42.993218 ], [ 2.295211, 42.991322 ], [ 2.301698, 42.986126 ], [ 2.303596, 42.987022 ], [ 2.303948, 42.987285 ], [ 2.304816435095872, 42.987604315580342 ], [ 2.304517, 42.987421 ], [ 2.30449239230534, 42.987388393109811 ], [ 2.304167725879318, 42.987054616146331 ], [ 2.304165, 42.987053 ], [ 2.304136, 42.987022 ], [ 2.29764531981257, 42.984375098013615 ], [ 2.297041700610834, 42.984347717947259 ], [ 2.293031, 42.990006 ], [ 2.29301, 42.990965 ], [ 2.293004, 42.991107 ], [ 2.291647, 42.992725 ], [ 2.291148, 42.992684 ], [ 2.288357, 42.992259 ], [ 2.28782, 42.992088 ], [ 2.2903, 42.993431 ], [ 2.292851, 42.994934 ], [ 2.293366, 42.995008 ] ] ], [ [ [ 2.313838, 42.989289 ], [ 2.318803, 42.989026 ], [ 2.322182, 42.988095 ], [ 2.322166, 42.987948 ], [ 2.321833, 42.986332 ], [ 2.321665, 42.985628 ], [ 2.320928, 42.984747 ], [ 2.320342, 42.984472 ], [ 2.319682, 42.984363 ], [ 2.317057, 42.983908 ], [ 2.312898, 42.976453 ], [ 2.311338, 42.973209 ], [ 2.31099, 42.973376 ], [ 2.310778619291409, 42.973505967257026 ], [ 2.310774, 42.973499 ], [ 2.310559, 42.973641 ], [ 2.309825, 42.974147 ], [ 2.309343, 42.974534 ], [ 2.308744, 42.975522 ], [ 2.307848, 42.976598 ], [ 2.300295, 42.978261 ], [ 2.297909, 42.977163 ], [ 2.297141, 42.977385 ], [ 2.296646, 42.977563 ], [ 2.295775, 42.978325 ], [ 2.291813, 42.979687 ], [ 2.299711, 42.979887 ], [ 2.302678, 42.979149 ], [ 2.306923441337327, 42.977658067460318 ], [ 2.30754, 42.977421 ], [ 2.307577216909994, 42.97745717870098 ], [ 2.310707, 42.97839 ], [ 2.316318, 42.984891 ], [ 2.316538, 42.985644 ], [ 2.316553, 42.985768 ], [ 2.316546859447328, 42.985773938560811 ], [ 2.316553, 42.985864 ], [ 2.314881, 42.987385 ], [ 2.314395, 42.987579 ], [ 2.313593, 42.987638 ], [ 2.306785424051669, 42.987600861895928 ], [ 2.30578950175481, 42.987692383410021 ], [ 2.310357, 42.987892 ], [ 2.313838, 42.989289 ] ] ], [ [ [ 2.298169, 42.966887 ], [ 2.301464, 42.964747 ], [ 2.302658, 42.961351 ], [ 2.302601915649502, 42.961331239710688 ], [ 2.302602, 42.961331 ], [ 2.3015, 42.960943 ], [ 2.298481, 42.954523 ], [ 2.298872, 42.960148 ], [ 2.298804988448897, 42.961848622412766 ], [ 2.298837, 42.962179 ], [ 2.298513, 42.963461 ], [ 2.298282, 42.963528 ], [ 2.296573397027563, 42.963849327374881 ], [ 2.290993508569501, 42.967772302018332 ], [ 2.290737, 42.967976 ], [ 2.289102, 42.971183 ], [ 2.291813, 42.979687 ], [ 2.290186, 42.971096 ], [ 2.290203, 42.970677 ], [ 2.298169, 42.966887 ] ] ], [ [ [ 2.334697, 42.961737 ], [ 2.334986, 42.962008 ], [ 2.338218, 42.962968 ], [ 2.338486, 42.963016 ], [ 2.339034, 42.96301 ], [ 2.339907, 42.962645 ], [ 2.344655079854819, 42.95950159528131 ], [ 2.345324, 42.959127 ], [ 2.348924, 42.956801 ], [ 2.350767, 42.954937 ], [ 2.358739, 42.950847 ], [ 2.356918, 42.949994 ], [ 2.349963, 42.953051 ], [ 2.349643, 42.953597 ], [ 2.349086, 42.954083 ], [ 2.348955, 42.954172 ], [ 2.3482, 42.954689 ], [ 2.3452, 42.956789 ], [ 2.339449, 42.961044 ], [ 2.337381, 42.960465 ], [ 2.336852, 42.960115 ], [ 2.336476, 42.959577 ], [ 2.336293, 42.959143 ], [ 2.335341, 42.957414 ], [ 2.32956, 42.950617 ], [ 2.325644, 42.956819 ], [ 2.334161, 42.959559 ], [ 2.334266, 42.960288 ], [ 2.334697, 42.961737 ] ] ], [ [ [ 2.361645423638818, 42.954755089339614 ], [ 2.361658, 42.954772 ], [ 2.361972, 42.954859 ], [ 2.362931, 42.954941 ], [ 2.370996, 42.956636 ], [ 2.371163, 42.956609 ], [ 2.376356, 42.955136 ], [ 2.377057, 42.95484 ], [ 2.377532, 42.954424 ], [ 2.377673, 42.95435 ], [ 2.377962831025376, 42.953762214294827 ], [ 2.378946, 42.952252 ], [ 2.377877, 42.94977 ], [ 2.37757, 42.949716 ], [ 2.377077, 42.949683 ], [ 2.376616, 42.949722 ], [ 2.376176677863988, 42.949873824561699 ], [ 2.376149, 42.949858 ], [ 2.3758, 42.950004 ], [ 2.375355, 42.950196 ], [ 2.367052432255204, 42.949240336360347 ], [ 2.36535642722207, 42.947554381727429 ], [ 2.364802, 42.946561 ], [ 2.364606, 42.94632 ], [ 2.364605676511352, 42.946319969182255 ], [ 2.3646, 42.946313 ], [ 2.356324, 42.945531 ], [ 2.356594, 42.9456 ], [ 2.356953, 42.94573 ], [ 2.362327, 42.947495 ], [ 2.368555, 42.950734 ], [ 2.370218, 42.951565 ], [ 2.369586, 42.955109 ], [ 2.367819, 42.954795 ], [ 2.367735670523937, 42.954776482338652 ], [ 2.367735, 42.954778 ], [ 2.367405, 42.954703 ], [ 2.362438, 42.953804 ], [ 2.361871, 42.953497 ], [ 2.361423, 42.953172 ], [ 2.358739, 42.950847 ], [ 2.361414, 42.954685 ], [ 2.36162, 42.954747 ], [ 2.361645423638818, 42.954755089339614 ] ] ], [ [ [ 2.335272, 42.927668 ], [ 2.335646737727167, 42.926739203930175 ], [ 2.33725, 42.9248 ], [ 2.335772, 42.921243 ], [ 2.335655, 42.921073 ], [ 2.335637611732046, 42.921071891557425 ], [ 2.335417, 42.920791 ], [ 2.335188, 42.920569 ], [ 2.333098, 42.92091 ], [ 2.32697, 42.916865 ], [ 2.332662743456359, 42.922298368796831 ], [ 2.333832, 42.922606 ], [ 2.334034, 42.922662 ], [ 2.334033753374663, 42.922672302016267 ], [ 2.334328, 42.922769 ], [ 2.334676, 42.922931 ], [ 2.333982600391806, 42.92480906082649 ], [ 2.333977, 42.925043 ], [ 2.333839, 42.925198 ], [ 2.333155, 42.926194 ], [ 2.332082, 42.926097 ], [ 2.331878, 42.926091 ], [ 2.330958, 42.925999 ], [ 2.329674, 42.925989 ], [ 2.333936, 42.92696 ], [ 2.334964, 42.927565 ], [ 2.335272, 42.927668 ] ] ], [ [ [ 2.333323, 42.90544 ], [ 2.331649296092359, 42.903278620128603 ], [ 2.331654, 42.902674 ], [ 2.331178, 42.90267 ], [ 2.330752, 42.902695 ], [ 2.330337, 42.90275 ], [ 2.329759, 42.902904 ], [ 2.3293, 42.903094 ], [ 2.328937, 42.903303 ], [ 2.328577, 42.903585 ], [ 2.327893, 42.904214 ], [ 2.327591, 42.904468 ], [ 2.319671, 42.905574 ], [ 2.327202, 42.908555 ], [ 2.329486735771718, 42.910719486520577 ], [ 2.32968, 42.910411 ], [ 2.333023, 42.905726 ], [ 2.333323, 42.90544 ] ] ], [ [ [ 2.316776, 42.896873 ], [ 2.316492, 42.89648 ], [ 2.315998, 42.89593 ], [ 2.315965113365885, 42.895936544603813 ], [ 2.315697, 42.89566 ], [ 2.315109, 42.895318 ], [ 2.314694, 42.895188 ], [ 2.314362, 42.895133 ], [ 2.313978, 42.895098 ], [ 2.311783, 42.897059 ], [ 2.311302, 42.897604 ], [ 2.311002, 42.898522 ], [ 2.310951, 42.898887 ], [ 2.310917, 42.899871 ], [ 2.302857, 42.903633 ], [ 2.299263, 42.902465 ], [ 2.296494, 42.900822 ], [ 2.2972538677773, 42.892640359734415 ], [ 2.298229, 42.891637 ], [ 2.297323, 42.891896 ], [ 2.295974, 42.892292 ], [ 2.295477, 42.892477 ], [ 2.294805, 42.892543 ], [ 2.294465, 42.892572 ], [ 2.287467, 42.897815 ], [ 2.285507, 42.897674 ], [ 2.278874, 42.900412 ], [ 2.276183, 42.906539 ], [ 2.276253, 42.907682 ], [ 2.281766, 42.914273 ], [ 2.288167, 42.91122 ], [ 2.288429, 42.911133 ], [ 2.288583571687247, 42.911098891361483 ], [ 2.288622, 42.911081 ], [ 2.289571, 42.910881 ], [ 2.290934, 42.910689 ], [ 2.291303, 42.910671 ], [ 2.29882, 42.905869 ], [ 2.300415, 42.903372 ], [ 2.300452, 42.903382 ], [ 2.301307, 42.903846 ], [ 2.301538448789975, 42.904071620942759 ], [ 2.301553, 42.904062 ], [ 2.301863, 42.904388 ], [ 2.302155, 42.904789 ], [ 2.302405, 42.905477 ], [ 2.302785, 42.906562 ], [ 2.302979, 42.907626 ], [ 2.304706, 42.910809 ], [ 2.305151, 42.911414 ], [ 2.305183, 42.911485 ], [ 2.308604, 42.91726 ], [ 2.31533, 42.912123 ], [ 2.314454, 42.907749 ], [ 2.314256, 42.907392 ], [ 2.312787, 42.90571 ], [ 2.312496, 42.905086 ], [ 2.312177, 42.904244 ], [ 2.312099, 42.903825 ], [ 2.312189, 42.903618 ], [ 2.315247, 42.902079 ], [ 2.317166, 42.903648 ], [ 2.319671, 42.905574 ], [ 2.316839, 42.898861 ], [ 2.317071, 42.897725 ], [ 2.316776, 42.896873 ] ] ], [ [ [ 2.306636, 42.889591 ], [ 2.306625, 42.885991 ], [ 2.306219, 42.885523 ], [ 2.304955, 42.88469 ], [ 2.301187, 42.879184 ], [ 2.302073, 42.875099 ], [ 2.303446, 42.872094 ], [ 2.30285, 42.868754 ], [ 2.302188478946142, 42.862335304884503 ], [ 2.297575, 42.862752 ], [ 2.295676, 42.863072 ], [ 2.294453, 42.8632 ], [ 2.292561, 42.863428 ], [ 2.291352, 42.863685 ], [ 2.290884, 42.863814 ], [ 2.289323, 42.864002 ], [ 2.288418, 42.864013 ], [ 2.286869, 42.864236 ], [ 2.286219662408851, 42.864235751306936 ], [ 2.286217, 42.86427 ], [ 2.284258, 42.864235 ], [ 2.282282, 42.864444 ], [ 2.275939, 42.865765 ], [ 2.274887, 42.866224 ], [ 2.274254, 42.866233 ], [ 2.269167, 42.867079 ], [ 2.267217, 42.868328 ], [ 2.267277, 42.877223 ], [ 2.269794, 42.878954 ], [ 2.270655345591122, 42.879935321682105 ], [ 2.270948000578446, 42.880169953375798 ], [ 2.279493, 42.882435 ], [ 2.280244, 42.88225 ], [ 2.280629, 42.882213 ], [ 2.281236, 42.88219 ], [ 2.282559, 42.88203 ], [ 2.282935, 42.88204 ], [ 2.283516, 42.882129 ], [ 2.291277, 42.878548 ], [ 2.292026, 42.877083 ], [ 2.292888, 42.875772 ], [ 2.294229, 42.874209 ], [ 2.294414, 42.873939 ], [ 2.294442269040367, 42.873958327957631 ], [ 2.294822, 42.873512 ], [ 2.296165, 42.872601 ], [ 2.296926, 42.871901 ], [ 2.297765, 42.871584 ], [ 2.29784, 42.871557 ], [ 2.298081, 42.871506 ], [ 2.299443, 42.87434 ], [ 2.298659, 42.877009 ], [ 2.298718, 42.882485 ], [ 2.303421, 42.886487 ], [ 2.303713, 42.887935 ], [ 2.303583, 42.888614 ], [ 2.302664, 42.889665 ], [ 2.301618, 42.890124 ], [ 2.305916, 42.889545 ], [ 2.306472, 42.889592 ], [ 2.306636, 42.889591 ] ] ], [ [ [ 2.274551350653402, 42.846429637237421 ], [ 2.274649, 42.84648 ], [ 2.275236, 42.846434 ], [ 2.274551350653402, 42.846429637237421 ] ] ], [ [ [ 2.158365, 42.861414 ], [ 2.150956, 42.865062 ], [ 2.149601764802476, 42.867918154480371 ], [ 2.149335977407665, 42.868177282366076 ], [ 2.142423, 42.869896 ], [ 2.143741, 42.870584 ], [ 2.146013, 42.871417 ], [ 2.152523119223607, 42.867616423667819 ], [ 2.153041, 42.866911 ], [ 2.153404, 42.865206 ], [ 2.154366, 42.864782 ], [ 2.158234911912932, 42.863725089704879 ], [ 2.159756328786506, 42.861131726299696 ], [ 2.158365, 42.861414 ] ] ], [ [ [ 2.153824405299487, 42.923099507112575 ], [ 2.153049, 42.922975 ], [ 2.153824405299486, 42.923099507112575 ], [ 2.153824405299487, 42.923099507112575 ] ] ], [ [ [ 2.144357, 42.932358 ], [ 2.147716, 42.93174 ], [ 2.152924, 42.926498 ], [ 2.153034514960663, 42.926080871948905 ], [ 2.152106561455885, 42.923524166719602 ], [ 2.15201, 42.926857 ], [ 2.151451, 42.926839 ], [ 2.150223107408208, 42.926882500220643 ], [ 2.144357, 42.932358 ] ] ], [ [ [ 2.153049, 42.922975 ], [ 2.15249267134428, 42.923017021117182 ], [ 2.152349669655778, 42.923174673481213 ], [ 2.153049, 42.922975 ] ] ], [ [ [ 2.135062, 42.926671 ], [ 2.134302, 42.926962 ], [ 2.134122911104672, 42.927015115419721 ], [ 2.134856, 42.927185 ], [ 2.135863, 42.927772 ], [ 2.13619, 42.928248 ], [ 2.136654, 42.9297 ], [ 2.144357, 42.932358 ], [ 2.137509, 42.929815 ], [ 2.136728, 42.9263 ], [ 2.135062, 42.926671 ] ] ], [ [ [ 2.113212, 42.928324 ], [ 2.120796, 42.927695 ], [ 2.12099095079767, 42.927551340357525 ], [ 2.120459, 42.927556 ], [ 2.119544, 42.92761 ], [ 2.113212, 42.928324 ] ] ], [ [ [ 2.099505, 42.922172 ], [ 2.098915, 42.922098 ], [ 2.098559, 42.922104 ], [ 2.0979, 42.922153 ], [ 2.09792, 42.924879 ], [ 2.097929, 42.925024 ], [ 2.098147, 42.925735 ], [ 2.098553, 42.926348 ], [ 2.098948174464938, 42.927129924668023 ], [ 2.098994, 42.927073 ], [ 2.099043233204319, 42.927058690202571 ], [ 2.098976, 42.926249 ], [ 2.099091, 42.925713 ], [ 2.102407, 42.926081 ], [ 2.10628, 42.926756 ], [ 2.106957, 42.926878 ], [ 2.10081, 42.922909 ], [ 2.100001, 42.922321 ], [ 2.099505, 42.922172 ] ] ] ] } }
]
}
