{
"type": "FeatureCollection",
"name": "Credit_Agricole",
"crs": { "type": "name", "properties": { "name": "urn:ogc:def:crs:OGC:1.3:CRS84" } },
"features": [
{ "type": "Feature", "properties": { "codgeo": "30130", "value": 60, "isochrone_group": 1.0, "nb_agences": 1 }, "geometry": { "type": "Polygon", "coordinates": [ [ [ 3.947694, 44.349755 ], [ 3.948621, 44.346591 ], [ 3.949181, 44.341505 ], [ 3.949425, 44.341241 ], [ 3.951124, 44.342315 ], [ 3.953799, 44.345832 ], [ 3.952113, 44.347956 ], [ 3.950578, 44.349895 ], [ 3.950367, 44.350116 ], [ 3.948094, 44.350158 ], [ 3.947671, 44.350114 ], [ 3.947694, 44.349755 ] ] ] } },
{ "type": "Feature", "properties": { "codgeo": "30130", "value": 120, "isochrone_group": 2.0, "nb_agences": 1 }, "geometry": { "type": "MultiPolygon", "coordinates": [ [ [ [ 3.944718, 44.347503 ], [ 3.944591, 44.347627 ], [ 3.944453, 44.347765 ], [ 3.944315, 44.347903 ], [ 3.940703, 44.352611 ], [ 3.94079, 44.35296 ], [ 3.945343, 44.354803 ], [ 3.948207, 44.354265 ], [ 3.950697, 44.353765 ], [ 3.950811, 44.353741 ], [ 3.950782, 44.351609 ], [ 3.952113, 44.347956 ], [ 3.950578, 44.349895 ], [ 3.950367, 44.350116 ], [ 3.948094, 44.350158 ], [ 3.947671, 44.350114 ], [ 3.947694, 44.349755 ], [ 3.948621, 44.346591 ], [ 3.948880266225637, 44.344236307100708 ], [ 3.944718, 44.347503 ] ] ], [ [ [ 3.954681, 44.346427 ], [ 3.954889, 44.34637 ], [ 3.955522, 44.346108 ], [ 3.955414, 44.345765 ], [ 3.954881, 44.340098 ], [ 3.954961, 44.339667 ], [ 3.953344, 44.337773 ], [ 3.953073, 44.337537 ], [ 3.952706, 44.337515 ], [ 3.949057, 44.340695 ], [ 3.948941, 44.340843 ], [ 3.948905, 44.341008 ], [ 3.948987, 44.341243 ], [ 3.949095513074248, 44.342281404472061 ], [ 3.949181, 44.341505 ], [ 3.949425, 44.341241 ], [ 3.951124, 44.342315 ], [ 3.953799, 44.345832 ], [ 3.952113, 44.347956 ], [ 3.954681, 44.346427 ] ] ] ] } },
{ "type": "Feature", "properties": { "codgeo": "30130", "value": 180, "isochrone_group": 3.0, "nb_agences": 1 }, "geometry": { "type": "MultiPolygon", "coordinates": [ [ [ [ 3.941319, 44.345476 ], [ 3.94096, 44.345496 ], [ 3.938224, 44.35096 ], [ 3.938223, 44.354136 ], [ 3.93835, 44.354325 ], [ 3.939625, 44.355611 ], [ 3.943236, 44.356365 ], [ 3.943399, 44.356329 ], [ 3.949174, 44.354648 ], [ 3.955557, 44.356386 ], [ 3.955901, 44.356279 ], [ 3.955884, 44.349071 ], [ 3.955509224618631, 44.34611328775658 ], [ 3.954889, 44.34637 ], [ 3.954681, 44.346427 ], [ 3.952113, 44.347956 ], [ 3.950782, 44.351609 ], [ 3.950811, 44.353741 ], [ 3.950697, 44.353765 ], [ 3.948207, 44.354265 ], [ 3.945343, 44.354803 ], [ 3.94079, 44.35296 ], [ 3.940703, 44.352611 ], [ 3.944315, 44.347903 ], [ 3.944453, 44.347765 ], [ 3.944591, 44.347627 ], [ 3.944718, 44.347503 ], [ 3.949268, 44.343932 ], [ 3.948987, 44.341243 ], [ 3.948905, 44.341008 ], [ 3.948941, 44.340843 ], [ 3.941319, 44.345476 ] ] ], [ [ [ 3.955486, 44.34593 ], [ 3.955527, 44.342891 ], [ 3.961852, 44.336653 ], [ 3.962074, 44.336452 ], [ 3.962296, 44.336251 ], [ 3.96088, 44.333436 ], [ 3.958621, 44.331039 ], [ 3.952308, 44.3307 ], [ 3.952134, 44.330706 ], [ 3.951964, 44.330745 ], [ 3.951749, 44.330848 ], [ 3.951575, 44.330972 ], [ 3.951338, 44.331205 ], [ 3.952147231800302, 44.338001950637171 ], [ 3.952706, 44.337515 ], [ 3.953073, 44.337537 ], [ 3.953344, 44.337773 ], [ 3.954961, 44.339667 ], [ 3.954881, 44.340098 ], [ 3.955414, 44.345765 ], [ 3.955499500044397, 44.346036541807663 ], [ 3.955486, 44.34593 ] ] ] ] } },
{ "type": "Feature", "properties": { "codgeo": "30130", "value": 240, "isochrone_group": 4.0, "nb_agences": 1 }, "geometry": { "type": "MultiPolygon", "coordinates": [ [ [ [ 3.942938, 44.343695 ], [ 3.940368, 44.344672 ], [ 3.938806, 44.345224 ], [ 3.938523, 44.345314 ], [ 3.937469, 44.350504 ], [ 3.93519, 44.35371 ], [ 3.93507, 44.354049 ], [ 3.93638, 44.356054 ], [ 3.936547, 44.356164 ], [ 3.937293, 44.356401 ], [ 3.937653, 44.356399 ], [ 3.943236, 44.356365 ], [ 3.939625, 44.355611 ], [ 3.93835, 44.354325 ], [ 3.938223, 44.354136 ], [ 3.938224, 44.35096 ], [ 3.94096, 44.345496 ], [ 3.941319, 44.345476 ], [ 3.948941, 44.340843 ], [ 3.942938, 44.343695 ] ] ], [ [ [ 3.945884, 44.331253 ], [ 3.941932, 44.331213 ], [ 3.941254, 44.331227 ], [ 3.941035, 44.331249 ], [ 3.941071, 44.331607 ], [ 3.942852, 44.332502 ], [ 3.943106, 44.332662 ], [ 3.943393, 44.332803 ], [ 3.94367, 44.332922 ], [ 3.943938, 44.333037 ], [ 3.944182, 44.333084 ], [ 3.944337, 44.333086 ], [ 3.944454, 44.333068 ], [ 3.948941, 44.340843 ], [ 3.949057, 44.340695 ], [ 3.949178, 44.340627 ], [ 3.952152, 44.338042 ], [ 3.951338, 44.331205 ], [ 3.951575, 44.330972 ], [ 3.951749, 44.330848 ], [ 3.951964, 44.330745 ], [ 3.952134, 44.330706 ], [ 3.945884, 44.331253 ] ] ], [ [ [ 3.946571, 44.360728 ], [ 3.946673, 44.361074 ], [ 3.95039, 44.360664 ], [ 3.950676, 44.360625 ], [ 3.95903, 44.357369 ], [ 3.959213, 44.357059 ], [ 3.95939, 44.356114 ], [ 3.959255, 44.35578 ], [ 3.957735, 44.349122 ], [ 3.959334, 44.345019 ], [ 3.959161, 44.344703 ], [ 3.961701, 44.337007 ], [ 3.964653, 44.336576 ], [ 3.964741, 44.336585 ], [ 3.966142, 44.33617 ], [ 3.970662, 44.335482 ], [ 3.971479, 44.33512 ], [ 3.971362, 44.33478 ], [ 3.968862, 44.328898 ], [ 3.96865, 44.328608 ], [ 3.967977, 44.327905 ], [ 3.967671, 44.327585 ], [ 3.967389, 44.327809 ], [ 3.964998, 44.330419 ], [ 3.959209594596049, 44.331663551238044 ], [ 3.96088, 44.333436 ], [ 3.962296, 44.336251 ], [ 3.962074, 44.336452 ], [ 3.961852, 44.336653 ], [ 3.955527, 44.342891 ], [ 3.955486, 44.34593 ], [ 3.955884, 44.349071 ], [ 3.955901, 44.356279 ], [ 3.955557, 44.356386 ], [ 3.949174, 44.354648 ], [ 3.943399, 44.356329 ], [ 3.943236, 44.356365 ], [ 3.946571, 44.360728 ] ] ] ] } },
{ "type": "Feature", "properties": { "codgeo": "30130", "value": 300, "isochrone_group": 5.0, "nb_agences": 1 }, "geometry": { "type": "MultiPolygon", "coordinates": [ [ [ [ 3.943415, 44.342679 ], [ 3.937676, 44.344243 ], [ 3.937446, 44.34419 ], [ 3.936729, 44.343983 ], [ 3.936229, 44.343826 ], [ 3.936121, 44.34417 ], [ 3.935815, 44.350926 ], [ 3.933408, 44.353517 ], [ 3.933325, 44.353654 ], [ 3.933365, 44.353831 ], [ 3.933469, 44.353919 ], [ 3.93638, 44.356054 ], [ 3.93507, 44.354049 ], [ 3.93519, 44.35371 ], [ 3.937469, 44.350504 ], [ 3.938523, 44.345314 ], [ 3.938806, 44.345224 ], [ 3.940368, 44.344672 ], [ 3.942938, 44.343695 ], [ 3.945020812120084, 44.342705464739872 ], [ 3.943415, 44.342679 ] ] ], [ [ [ 3.941054, 44.330928 ], [ 3.940518, 44.330869 ], [ 3.932202, 44.330849 ], [ 3.931877, 44.33082 ], [ 3.931673, 44.330832 ], [ 3.931456, 44.330846 ], [ 3.931077, 44.330898 ], [ 3.930665, 44.330957 ], [ 3.930257, 44.331095 ], [ 3.929849, 44.331234 ], [ 3.929965, 44.331575 ], [ 3.934128, 44.331898 ], [ 3.936984, 44.332416 ], [ 3.937178, 44.332488 ], [ 3.937388, 44.332517 ], [ 3.937846, 44.332485 ], [ 3.938269, 44.332452 ], [ 3.938461, 44.332446 ], [ 3.938907, 44.332448 ], [ 3.939163, 44.332455 ], [ 3.939404, 44.332413 ], [ 3.943393, 44.332803 ], [ 3.943106, 44.332662 ], [ 3.942852, 44.332502 ], [ 3.941071, 44.331607 ], [ 3.941035, 44.331249 ], [ 3.941254, 44.331227 ], [ 3.941932, 44.331213 ], [ 3.94536432745589, 44.331247740156442 ], [ 3.941054, 44.330928 ] ] ], [ [ [ 3.971121, 44.337676 ], [ 3.971331, 44.337712 ], [ 3.971544, 44.33758 ], [ 3.979835, 44.33433 ], [ 3.981254, 44.33411 ], [ 3.981278, 44.333751 ], [ 3.9807, 44.333712 ], [ 3.980123, 44.333672 ], [ 3.979723, 44.33362 ], [ 3.979365, 44.333576 ], [ 3.978275, 44.333549 ], [ 3.976393, 44.33331 ], [ 3.976133, 44.333249 ], [ 3.975782, 44.33324 ], [ 3.974998, 44.333314 ], [ 3.970182, 44.326767 ], [ 3.972614, 44.324522 ], [ 3.972863, 44.324412 ], [ 3.97303, 44.324277 ], [ 3.973189, 44.324074 ], [ 3.973546, 44.323661 ], [ 3.973755, 44.323438 ], [ 3.973493, 44.323192 ], [ 3.964785, 44.3214 ], [ 3.963921, 44.320989 ], [ 3.963766, 44.321314 ], [ 3.962893, 44.323191 ], [ 3.962923, 44.323587 ], [ 3.963008, 44.323694 ], [ 3.964016769516307, 44.330629972025648 ], [ 3.964998, 44.330419 ], [ 3.967389, 44.327809 ], [ 3.967671, 44.327585 ], [ 3.967977, 44.327905 ], [ 3.96865, 44.328608 ], [ 3.968862, 44.328898 ], [ 3.971362, 44.33478 ], [ 3.971479, 44.33512 ], [ 3.970662, 44.335482 ], [ 3.966142, 44.33617 ], [ 3.971121, 44.337676 ] ] ], [ [ [ 3.959737, 44.344718 ], [ 3.962311, 44.34284 ], [ 3.962225, 44.342491 ], [ 3.966142, 44.33617 ], [ 3.964741, 44.336585 ], [ 3.964653, 44.336576 ], [ 3.961701, 44.337007 ], [ 3.959161, 44.344703 ], [ 3.959334, 44.345019 ], [ 3.957735, 44.349122 ], [ 3.959737, 44.344718 ] ] ], [ [ [ 3.94019, 44.363515 ], [ 3.940455, 44.365262 ], [ 3.94072, 44.365506 ], [ 3.940896, 44.365315 ], [ 3.941071, 44.365124 ], [ 3.941203, 44.364905 ], [ 3.94948, 44.36156 ], [ 3.949674, 44.361626 ], [ 3.950917, 44.36153 ], [ 3.952176, 44.360549 ], [ 3.952282, 44.360464 ], [ 3.960233, 44.35843 ], [ 3.961189, 44.358877 ], [ 3.961395, 44.358581 ], [ 3.960564, 44.355102 ], [ 3.960445, 44.354762 ], [ 3.957735, 44.349122 ], [ 3.959255, 44.35578 ], [ 3.95939, 44.356114 ], [ 3.959213, 44.357059 ], [ 3.95903, 44.357369 ], [ 3.950676, 44.360625 ], [ 3.95039, 44.360664 ], [ 3.946673, 44.361074 ], [ 3.946571, 44.360728 ], [ 3.943236, 44.356365 ], [ 3.937653, 44.356399 ], [ 3.937293, 44.356401 ], [ 3.936547, 44.356164 ], [ 3.93638, 44.356054 ], [ 3.94019, 44.363515 ] ] ] ] } },
{ "type": "Feature", "properties": { "codgeo": "30130", "value": 360, "isochrone_group": 6.0, "nb_agences": 1 }, "geometry": { "type": "MultiPolygon", "coordinates": [ [ [ [ 3.924107, 44.330903 ], [ 3.921205, 44.330978 ], [ 3.920959, 44.33124 ], [ 3.921074, 44.332743 ], [ 3.921133, 44.332808 ], [ 3.921278, 44.332907 ], [ 3.921439, 44.332959 ], [ 3.921613, 44.332973 ], [ 3.921753, 44.332943 ], [ 3.921923, 44.332887 ], [ 3.926783, 44.332705 ], [ 3.926955, 44.33274 ], [ 3.927116, 44.332727 ], [ 3.92725, 44.332686 ], [ 3.929172, 44.331907 ], [ 3.929376, 44.331859 ], [ 3.932894834220575, 44.331802320791056 ], [ 3.929965, 44.331575 ], [ 3.929849, 44.331234 ], [ 3.930257, 44.331095 ], [ 3.930665, 44.330957 ], [ 3.931077, 44.330898 ], [ 3.924107, 44.330903 ] ] ], [ [ [ 3.936448, 44.330275 ], [ 3.936244, 44.330241 ], [ 3.934829, 44.330097 ], [ 3.931077, 44.330898 ], [ 3.931456, 44.330846 ], [ 3.931673, 44.330832 ], [ 3.931877, 44.33082 ], [ 3.932202, 44.330849 ], [ 3.940518, 44.330869 ], [ 3.936448, 44.330275 ] ] ], [ [ [ 3.940518, 44.330869 ], [ 3.941054, 44.330928 ], [ 3.946298, 44.331317 ], [ 3.940518, 44.330869 ] ] ], [ [ [ 3.981152, 44.339877 ], [ 3.981496, 44.339985 ], [ 3.987082, 44.334149 ], [ 3.989914, 44.332228 ], [ 3.989839, 44.331876 ], [ 3.989499, 44.331948 ], [ 3.989159, 44.33202 ], [ 3.983569, 44.33192 ], [ 3.983018, 44.331854 ], [ 3.982743, 44.331878 ], [ 3.982352, 44.331946 ], [ 3.978377, 44.33113 ], [ 3.98001, 44.322308 ], [ 3.980198, 44.322295 ], [ 3.983505, 44.321718 ], [ 3.983559, 44.321362 ], [ 3.981689, 44.320979 ], [ 3.981383, 44.320932 ], [ 3.981089, 44.320957 ], [ 3.980878, 44.321004 ], [ 3.980688, 44.321046 ], [ 3.979021, 44.32132 ], [ 3.978815, 44.321354 ], [ 3.978631, 44.321385 ], [ 3.978366, 44.321475 ], [ 3.975574, 44.321872 ], [ 3.975315, 44.321884 ], [ 3.968309, 44.316344 ], [ 3.968088, 44.31606 ], [ 3.964391, 44.318096 ], [ 3.964196, 44.318216 ], [ 3.963951, 44.318498 ], [ 3.96371, 44.318935 ], [ 3.96349, 44.319342 ], [ 3.962104, 44.321649 ], [ 3.962038, 44.321846 ], [ 3.961972, 44.322042 ], [ 3.961733, 44.322804 ], [ 3.961915, 44.323717 ], [ 3.962009, 44.32417 ], [ 3.957775, 44.331972 ], [ 3.964118, 44.331326 ], [ 3.963008, 44.323694 ], [ 3.962923, 44.323587 ], [ 3.962893, 44.323191 ], [ 3.963766, 44.321314 ], [ 3.963921, 44.320989 ], [ 3.964785, 44.3214 ], [ 3.973493, 44.323192 ], [ 3.973755, 44.323438 ], [ 3.973546, 44.323661 ], [ 3.973189, 44.324074 ], [ 3.97303, 44.324277 ], [ 3.972863, 44.324412 ], [ 3.972614, 44.324522 ], [ 3.970182, 44.326767 ], [ 3.974998, 44.333314 ], [ 3.975782, 44.33324 ], [ 3.976133, 44.333249 ], [ 3.976393, 44.33331 ], [ 3.978275, 44.333549 ], [ 3.979365, 44.333576 ], [ 3.979723, 44.33362 ], [ 3.980123, 44.333672 ], [ 3.9807, 44.333712 ], [ 3.981278, 44.333751 ], [ 3.981254, 44.33411 ], [ 3.979835, 44.33433 ], [ 3.975046993757694, 44.336206856867364 ], [ 3.981152, 44.339877 ] ] ], [ [ [ 3.963433, 44.342817 ], [ 3.963759, 44.342623 ], [ 3.964108, 44.342413 ], [ 3.96434, 44.342212 ], [ 3.964752, 44.34176 ], [ 3.971331, 44.337712 ], [ 3.971121, 44.337676 ], [ 3.966142, 44.33617 ], [ 3.962225, 44.342491 ], [ 3.962311, 44.34284 ], [ 3.959737, 44.344718 ], [ 3.963433, 44.342817 ] ] ], [ [ [ 3.938973, 44.36191 ], [ 3.940338, 44.365905 ], [ 3.940455, 44.366097 ], [ 3.940629, 44.366223 ], [ 3.940871, 44.366305 ], [ 3.941063, 44.366338 ], [ 3.948446, 44.366843 ], [ 3.94872, 44.366609 ], [ 3.951883, 44.363421 ], [ 3.959334, 44.359551 ], [ 3.961123, 44.359199 ], [ 3.961365, 44.359146 ], [ 3.961569, 44.359097 ], [ 3.961772, 44.359032 ], [ 3.962354, 44.354311 ], [ 3.962137, 44.354023 ], [ 3.957735, 44.349122 ], [ 3.960445, 44.354762 ], [ 3.960564, 44.355102 ], [ 3.961395, 44.358581 ], [ 3.961189, 44.358877 ], [ 3.960233, 44.35843 ], [ 3.952282, 44.360464 ], [ 3.952176, 44.360549 ], [ 3.950917, 44.36153 ], [ 3.949674, 44.361626 ], [ 3.94948, 44.36156 ], [ 3.941203, 44.364905 ], [ 3.941071, 44.365124 ], [ 3.940896, 44.365315 ], [ 3.94072, 44.365506 ], [ 3.940455, 44.365262 ], [ 3.94019, 44.363515 ], [ 3.93638, 44.356054 ], [ 3.938973, 44.36191 ] ] ], [ [ [ 3.936038, 44.343787 ], [ 3.93424, 44.342931 ], [ 3.934015, 44.343213 ], [ 3.930882, 44.346458 ], [ 3.930276, 44.346855 ], [ 3.930121, 44.347041 ], [ 3.930189, 44.347256 ], [ 3.933365, 44.353831 ], [ 3.933325, 44.353654 ], [ 3.933408, 44.353517 ], [ 3.935815, 44.350926 ], [ 3.936121, 44.34417 ], [ 3.936224706435843, 44.343839675796936 ], [ 3.936038, 44.343787 ] ] ], [ [ [ 3.936702322683618, 44.343974623322659 ], [ 3.936729, 44.343983 ], [ 3.937446, 44.34419 ], [ 3.936702322683618, 44.343974623322659 ] ] ], [ [ [ 3.943415, 44.342679 ], [ 3.945296, 44.34271 ], [ 3.945316360586115, 44.342699571134624 ], [ 3.943415, 44.342679 ] ] ], [ [ [ 3.94870524054042, 44.340963758000292 ], [ 3.948941, 44.340843 ], [ 3.948917221196333, 44.340801796479056 ], [ 3.94870524054042, 44.340963758000292 ] ] ] ] } },
{ "type": "Feature", "properties": { "codgeo": "30130", "value": 420, "isochrone_group": 7.0, "nb_agences": 1 }, "geometry": { "type": "MultiPolygon", "coordinates": [ [ [ [ 3.921016, 44.330129 ], [ 3.920701, 44.330026 ], [ 3.920431, 44.329943 ], [ 3.916884, 44.32908 ], [ 3.911418, 44.328539 ], [ 3.911149, 44.328523 ], [ 3.91089, 44.328528 ], [ 3.910612, 44.328536 ], [ 3.910302, 44.328577 ], [ 3.910118, 44.328612 ], [ 3.910126, 44.328677 ], [ 3.910186, 44.328966 ], [ 3.9124, 44.33038 ], [ 3.912688, 44.330545 ], [ 3.912851, 44.330607 ], [ 3.913085, 44.330664 ], [ 3.913372, 44.330708 ], [ 3.913643, 44.330749 ], [ 3.913926, 44.330769 ], [ 3.914193, 44.330787 ], [ 3.921278, 44.332907 ], [ 3.921133, 44.332808 ], [ 3.921074, 44.332743 ], [ 3.920959, 44.33124 ], [ 3.921205, 44.330978 ], [ 3.924107, 44.330903 ], [ 3.921016, 44.330129 ] ] ], [ [ [ 3.936777, 44.329549 ], [ 3.936557, 44.329503 ], [ 3.936355, 44.329532 ], [ 3.934457, 44.329963 ], [ 3.934295, 44.330006 ], [ 3.930889692163165, 44.33089813436716 ], [ 3.931077, 44.330898 ], [ 3.934829, 44.330097 ], [ 3.936244, 44.330241 ], [ 3.936448, 44.330275 ], [ 3.940518, 44.330869 ], [ 3.936777, 44.329549 ] ] ], [ [ [ 3.968784, 44.315734 ], [ 3.968829, 44.315494 ], [ 3.96904, 44.314731 ], [ 3.969217, 44.314157 ], [ 3.969234, 44.313948 ], [ 3.970703, 44.308794 ], [ 3.970548, 44.308468 ], [ 3.968792, 44.309068 ], [ 3.968508, 44.30919 ], [ 3.968312, 44.309363 ], [ 3.968219, 44.309574 ], [ 3.96447, 44.316119 ], [ 3.963391, 44.3174 ], [ 3.963189, 44.317698 ], [ 3.960755, 44.323301 ], [ 3.960705, 44.32348 ], [ 3.96067, 44.323871 ], [ 3.960744, 44.324057 ], [ 3.957775, 44.331972 ], [ 3.962009, 44.32417 ], [ 3.961915, 44.323717 ], [ 3.961733, 44.322804 ], [ 3.961972, 44.322042 ], [ 3.962038, 44.321846 ], [ 3.962104, 44.321649 ], [ 3.96349, 44.319342 ], [ 3.96371, 44.318935 ], [ 3.963951, 44.318498 ], [ 3.964196, 44.318216 ], [ 3.964391, 44.318096 ], [ 3.968088, 44.31606 ], [ 3.968309, 44.316344 ], [ 3.975315, 44.321884 ], [ 3.968784, 44.315734 ] ] ], [ [ [ 3.987705, 44.333913 ], [ 3.98856, 44.333732 ], [ 3.992269, 44.332501 ], [ 3.992379, 44.332476 ], [ 3.997077, 44.331869 ], [ 3.997205, 44.331854 ], [ 3.997413, 44.331737 ], [ 3.997477, 44.331607 ], [ 3.998568, 44.32758 ], [ 3.998375, 44.327277 ], [ 3.997506, 44.327829 ], [ 3.996637, 44.328382 ], [ 3.993558, 44.330151 ], [ 3.991949, 44.330792 ], [ 3.99179, 44.33085 ], [ 3.988091, 44.330879 ], [ 3.984181, 44.323858 ], [ 3.986139, 44.321519 ], [ 3.986368, 44.321313 ], [ 3.98663, 44.321066 ], [ 3.986819, 44.320746 ], [ 3.987379, 44.319634 ], [ 3.989535, 44.317422 ], [ 3.989404, 44.317086 ], [ 3.989028, 44.317234 ], [ 3.988652, 44.317381 ], [ 3.987761, 44.317794 ], [ 3.987441, 44.317958 ], [ 3.981089, 44.320957 ], [ 3.981383, 44.320932 ], [ 3.981689, 44.320979 ], [ 3.983559, 44.321362 ], [ 3.983505, 44.321718 ], [ 3.980198, 44.322295 ], [ 3.98001, 44.322308 ], [ 3.978377, 44.33113 ], [ 3.982352, 44.331946 ], [ 3.982743, 44.331878 ], [ 3.983018, 44.331854 ], [ 3.983569, 44.33192 ], [ 3.989159, 44.33202 ], [ 3.989499, 44.331948 ], [ 3.989839, 44.331876 ], [ 3.989914, 44.332228 ], [ 3.987220302409765, 44.334055186818794 ], [ 3.987705, 44.333913 ] ] ], [ [ [ 3.98027, 44.339677 ], [ 3.980477, 44.34219 ], [ 3.980446, 44.342768 ], [ 3.980417, 44.343327 ], [ 3.980301, 44.344048 ], [ 3.980189, 44.344844 ], [ 3.980246, 44.345053 ], [ 3.98032, 44.345307 ], [ 3.980832, 44.346455 ], [ 3.981179, 44.346357 ], [ 3.981449, 44.340559 ], [ 3.983536295573952, 44.337853391519936 ], [ 3.981496, 44.339985 ], [ 3.981152, 44.339877 ], [ 3.973798, 44.335456 ], [ 3.971544, 44.33758 ], [ 3.98027, 44.339677 ] ] ], [ [ [ 3.965566, 44.341615 ], [ 3.967578, 44.34091 ], [ 3.971331, 44.337712 ], [ 3.964752, 44.34176 ], [ 3.96434, 44.342212 ], [ 3.964108, 44.342413 ], [ 3.965566, 44.341615 ] ] ], [ [ [ 3.963349, 44.35404 ], [ 3.963194, 44.353185 ], [ 3.963159, 44.352999 ], [ 3.963017, 44.352845 ], [ 3.962861, 44.352717 ], [ 3.962751, 44.352669 ], [ 3.959737, 44.344718 ], [ 3.959558, 44.344892 ], [ 3.957735, 44.349122 ], [ 3.962137, 44.354023 ], [ 3.962354, 44.354311 ], [ 3.961772, 44.359032 ], [ 3.963349, 44.35404 ] ] ], [ [ [ 3.937832, 44.363278 ], [ 3.937745, 44.363735 ], [ 3.937735, 44.365443 ], [ 3.937683, 44.366264 ], [ 3.945069, 44.370868 ], [ 3.952805, 44.367167 ], [ 3.952968, 44.367086 ], [ 3.95319, 44.366961 ], [ 3.953327, 44.366796 ], [ 3.954668, 44.364985 ], [ 3.958311, 44.360772 ], [ 3.961772, 44.359032 ], [ 3.961569, 44.359097 ], [ 3.961365, 44.359146 ], [ 3.961123, 44.359199 ], [ 3.959334, 44.359551 ], [ 3.951883, 44.363421 ], [ 3.94872, 44.366609 ], [ 3.948446, 44.366843 ], [ 3.941063, 44.366338 ], [ 3.940871, 44.366305 ], [ 3.940629, 44.366223 ], [ 3.940455, 44.366097 ], [ 3.940338, 44.365905 ], [ 3.938973, 44.36191 ], [ 3.93638, 44.356054 ], [ 3.937832, 44.363278 ] ] ], [ [ [ 3.93415, 44.342871 ], [ 3.93391, 44.34278 ], [ 3.933658, 44.342684 ], [ 3.933411, 44.342612 ], [ 3.933119, 44.342533 ], [ 3.932758, 44.342523 ], [ 3.932421, 44.342558 ], [ 3.932048, 44.3426 ], [ 3.931651, 44.342728 ], [ 3.931254, 44.342855 ], [ 3.929589, 44.346491 ], [ 3.929677, 44.346809 ], [ 3.931352, 44.350462 ], [ 3.933365, 44.353831 ], [ 3.930189, 44.347256 ], [ 3.930121, 44.347041 ], [ 3.930276, 44.346855 ], [ 3.930882, 44.346458 ], [ 3.934015, 44.343213 ], [ 3.93424, 44.342931 ], [ 3.936038, 44.343787 ], [ 3.93415, 44.342871 ] ] ] ] } },
{ "type": "Feature", "properties": { "codgeo": "30130", "value": 480, "isochrone_group": 8.0, "nb_agences": 1 }, "geometry": { "type": "MultiPolygon", "coordinates": [ [ [ [ 3.918328, 44.329006 ], [ 3.911572, 44.327688 ], [ 3.911373, 44.327641 ], [ 3.907529, 44.329417 ], [ 3.907142, 44.329615 ], [ 3.907088, 44.329684 ], [ 3.906303, 44.331895 ], [ 3.906018, 44.334785 ], [ 3.906188, 44.334905 ], [ 3.906358, 44.335024 ], [ 3.906477, 44.335077 ], [ 3.90982, 44.336064 ], [ 3.910133, 44.335885 ], [ 3.916749724948281, 44.331552032729761 ], [ 3.914193, 44.330787 ], [ 3.913926, 44.330769 ], [ 3.913643, 44.330749 ], [ 3.913372, 44.330708 ], [ 3.913085, 44.330664 ], [ 3.912851, 44.330607 ], [ 3.912688, 44.330545 ], [ 3.9124, 44.33038 ], [ 3.910186, 44.328966 ], [ 3.910126, 44.328677 ], [ 3.910118, 44.328612 ], [ 3.910302, 44.328577 ], [ 3.910612, 44.328536 ], [ 3.91089, 44.328528 ], [ 3.911149, 44.328523 ], [ 3.911418, 44.328539 ], [ 3.916884, 44.32908 ], [ 3.920431, 44.329943 ], [ 3.920701, 44.330026 ], [ 3.921016, 44.330129 ], [ 3.918328, 44.329006 ] ] ], [ [ [ 3.989566, 44.317407 ], [ 3.989868, 44.317223 ], [ 3.990058, 44.317002 ], [ 3.991496, 44.3156 ], [ 3.991624, 44.315466 ], [ 3.99628, 44.313292 ], [ 3.996481, 44.313192 ], [ 3.997098, 44.312674 ], [ 3.997554, 44.312317 ], [ 3.997332, 44.312033 ], [ 3.995016, 44.312825 ], [ 3.994772, 44.31292 ], [ 3.993125, 44.313664 ], [ 3.992823, 44.313773 ], [ 3.992541, 44.313941 ], [ 3.992321, 44.314136 ], [ 3.991896, 44.31462 ], [ 3.9833, 44.315406 ], [ 3.981467, 44.313908 ], [ 3.976593, 44.306886 ], [ 3.976496, 44.306686 ], [ 3.9764, 44.306486 ], [ 3.976299, 44.306382 ], [ 3.976135, 44.306323 ], [ 3.975957, 44.306317 ], [ 3.970972, 44.306577 ], [ 3.97069, 44.3068 ], [ 3.966948, 44.309735 ], [ 3.962589, 44.317376 ], [ 3.960755, 44.323301 ], [ 3.963189, 44.317698 ], [ 3.963391, 44.3174 ], [ 3.96447, 44.316119 ], [ 3.968219, 44.309574 ], [ 3.968312, 44.309363 ], [ 3.968508, 44.30919 ], [ 3.968792, 44.309068 ], [ 3.970548, 44.308468 ], [ 3.970703, 44.308794 ], [ 3.969234, 44.313948 ], [ 3.969217, 44.314157 ], [ 3.96904, 44.314731 ], [ 3.968829, 44.315494 ], [ 3.968784, 44.315734 ], [ 3.975315, 44.321884 ], [ 3.975574, 44.321872 ], [ 3.978366, 44.321475 ], [ 3.978631, 44.321385 ], [ 3.978815, 44.321354 ], [ 3.979021, 44.32132 ], [ 3.980688, 44.321046 ], [ 3.980878, 44.321004 ], [ 3.981089, 44.320957 ], [ 3.987441, 44.317958 ], [ 3.987761, 44.317794 ], [ 3.988652, 44.317381 ], [ 3.989028, 44.317234 ], [ 3.989404, 44.317086 ], [ 3.989535, 44.317422 ], [ 3.987379, 44.319634 ], [ 3.989566, 44.317407 ] ] ], [ [ [ 3.991235, 44.32974 ], [ 3.985939, 44.322854 ], [ 3.98663, 44.321066 ], [ 3.986368, 44.321313 ], [ 3.986139, 44.321519 ], [ 3.984181, 44.323858 ], [ 3.988091, 44.330879 ], [ 3.99179, 44.33085 ], [ 3.991949, 44.330792 ], [ 3.993558, 44.330151 ], [ 3.996637, 44.328382 ], [ 3.991235, 44.32974 ] ] ], [ [ [ 4.004675, 44.328009 ], [ 4.006465, 44.325138 ], [ 4.006591, 44.324801 ], [ 4.006305, 44.324694 ], [ 4.006019, 44.324587 ], [ 4.00567, 44.324581 ], [ 4.00534, 44.324724 ], [ 4.002429, 44.325504 ], [ 4.002242, 44.325544 ], [ 4.002031, 44.325674 ], [ 4.000611, 44.326393 ], [ 3.999619, 44.326808 ], [ 3.999216, 44.326931 ], [ 3.998796, 44.32706 ], [ 3.998549, 44.327168 ], [ 3.998375590763656, 44.327277927468344 ], [ 3.998568, 44.32758 ], [ 3.997477, 44.331607 ], [ 3.997413, 44.331737 ], [ 4.004675, 44.328009 ] ] ], [ [ [ 3.969346, 44.341586 ], [ 3.969667, 44.341646 ], [ 3.96986, 44.341644 ], [ 3.970054, 44.341641 ], [ 3.978496, 44.341443 ], [ 3.979273, 44.348534 ], [ 3.97933, 44.34889 ], [ 3.979734, 44.352542 ], [ 3.979725, 44.353529 ], [ 3.980084, 44.353552 ], [ 3.983681, 44.352547 ], [ 3.983905, 44.352266 ], [ 3.98603, 44.343972 ], [ 3.985799, 44.343695 ], [ 3.98269220691805, 44.338947521864391 ], [ 3.981449, 44.340559 ], [ 3.981179, 44.346357 ], [ 3.980832, 44.346455 ], [ 3.98032, 44.345307 ], [ 3.980246, 44.345053 ], [ 3.980189, 44.344844 ], [ 3.980301, 44.344048 ], [ 3.980417, 44.343327 ], [ 3.980446, 44.342768 ], [ 3.980477, 44.34219 ], [ 3.98027, 44.339677 ], [ 3.971544, 44.33758 ], [ 3.971331, 44.337712 ], [ 3.967578, 44.34091 ], [ 3.965566, 44.341615 ], [ 3.964108, 44.342413 ], [ 3.969346, 44.341586 ] ] ], [ [ [ 3.959855, 44.365954 ], [ 3.960108, 44.365965 ], [ 3.962622, 44.366317 ], [ 3.962981, 44.366338 ], [ 3.963414, 44.364499 ], [ 3.961772, 44.359032 ], [ 3.958311, 44.360772 ], [ 3.954668, 44.364985 ], [ 3.953327, 44.366796 ], [ 3.95319, 44.366961 ], [ 3.959855, 44.365954 ] ] ], [ [ [ 3.937493, 44.367282 ], [ 3.937538, 44.367445 ], [ 3.940674, 44.375132 ], [ 3.940917, 44.375218 ], [ 3.941025, 44.375211 ], [ 3.949319, 44.37293 ], [ 3.949464, 44.372601 ], [ 3.95319, 44.366961 ], [ 3.952968, 44.367086 ], [ 3.952805, 44.367167 ], [ 3.945069, 44.370868 ], [ 3.937683, 44.366264 ], [ 3.937735, 44.365443 ], [ 3.937745, 44.363735 ], [ 3.937493, 44.367282 ] ] ], [ [ [ 3.930443, 44.342806 ], [ 3.930186, 44.342798 ], [ 3.929832, 44.34291 ], [ 3.929408, 44.343064 ], [ 3.928612, 44.34368 ], [ 3.928174, 44.348256 ], [ 3.928219, 44.348445 ], [ 3.929446, 44.350759 ], [ 3.933365, 44.353831 ], [ 3.931352, 44.350462 ], [ 3.929677, 44.346809 ], [ 3.929589, 44.346491 ], [ 3.931254, 44.342855 ], [ 3.931651, 44.342728 ], [ 3.932048, 44.3426 ], [ 3.930443, 44.342806 ] ] ] ] } },
{ "type": "Feature", "properties": { "codgeo": "30130", "value": 540, "isochrone_group": 9.0, "nb_agences": 1 }, "geometry": { "type": "MultiPolygon", "coordinates": [ [ [ [ 3.911364, 44.327639 ], [ 3.907301, 44.328013 ], [ 3.906777, 44.328091 ], [ 3.906527, 44.328166 ], [ 3.90634, 44.32832 ], [ 3.903232, 44.333807 ], [ 3.903142, 44.334001 ], [ 3.901506, 44.337617 ], [ 3.901519, 44.337977 ], [ 3.907168, 44.339023 ], [ 3.90745, 44.339064 ], [ 3.907732, 44.339105 ], [ 3.907965, 44.339099 ], [ 3.908363, 44.339048 ], [ 3.908744, 44.338999 ], [ 3.910692, 44.338797 ], [ 3.91089, 44.338756 ], [ 3.910987, 44.338708 ], [ 3.911067, 44.338642 ], [ 3.911111, 44.338548 ], [ 3.911123, 44.338094 ], [ 3.91103, 44.337646 ], [ 3.910971, 44.337296 ], [ 3.910897, 44.336979 ], [ 3.916384145390314, 44.331791432776114 ], [ 3.910133, 44.335885 ], [ 3.90982, 44.336064 ], [ 3.906477, 44.335077 ], [ 3.906358, 44.335024 ], [ 3.906188, 44.334905 ], [ 3.906018, 44.334785 ], [ 3.906303, 44.331895 ], [ 3.907088, 44.329684 ], [ 3.907142, 44.329615 ], [ 3.907529, 44.329417 ], [ 3.91137282770491, 44.327641079603538 ], [ 3.911364, 44.327639 ] ] ], [ [ [ 3.984359, 44.312528 ], [ 3.980341, 44.306899 ], [ 3.979352, 44.305814 ], [ 3.973043, 44.304244 ], [ 3.97129, 44.30433 ], [ 3.97098, 44.304453 ], [ 3.969438, 44.305561 ], [ 3.968428, 44.306474 ], [ 3.965354, 44.309669 ], [ 3.965267, 44.310045 ], [ 3.962981157297704, 44.31668857767567 ], [ 3.966948, 44.309735 ], [ 3.97069, 44.3068 ], [ 3.970972, 44.306577 ], [ 3.975957, 44.306317 ], [ 3.976135, 44.306323 ], [ 3.976299, 44.306382 ], [ 3.9764, 44.306486 ], [ 3.976496, 44.306686 ], [ 3.976593, 44.306886 ], [ 3.981467, 44.313908 ], [ 3.9833, 44.315406 ], [ 3.991896, 44.31462 ], [ 3.992321, 44.314136 ], [ 3.992541, 44.313941 ], [ 3.992823, 44.313773 ], [ 3.993125, 44.313664 ], [ 3.984359, 44.312528 ] ] ], [ [ [ 3.99897, 44.313622 ], [ 3.999214, 44.313627 ], [ 3.999452, 44.313503 ], [ 4.003694, 44.312398 ], [ 4.004204, 44.312428 ], [ 4.004714, 44.312458 ], [ 4.004735, 44.312099 ], [ 4.002388, 44.311396 ], [ 4.002177, 44.311366 ], [ 3.997848, 44.311802 ], [ 3.997594, 44.311865 ], [ 3.995016, 44.312825 ], [ 3.997332, 44.312033 ], [ 3.997554, 44.312317 ], [ 3.997098, 44.312674 ], [ 3.996481, 44.313192 ], [ 3.99628, 44.313292 ], [ 3.99897, 44.313622 ] ] ], [ [ [ 3.987804, 44.321414 ], [ 3.987905, 44.321255 ], [ 3.989868, 44.317223 ], [ 3.989566, 44.317407 ], [ 3.987379, 44.319634 ], [ 3.986819, 44.320746 ], [ 3.98663, 44.321066 ], [ 3.985939, 44.322854 ], [ 3.987221035373256, 44.324520936476638 ], [ 3.987804, 44.321414 ] ] ], [ [ [ 3.995043, 44.328353 ], [ 3.987992595510992, 44.325524139480493 ], [ 3.991235, 44.32974 ], [ 3.996637, 44.328382 ], [ 3.997582, 44.327781 ], [ 3.998549, 44.327168 ], [ 3.995043, 44.328353 ] ] ], [ [ [ 3.987844, 44.343982 ], [ 3.990366, 44.340892 ], [ 3.996181, 44.334163 ], [ 3.997088, 44.334252 ], [ 3.997326, 44.334259 ], [ 3.998876, 44.333652 ], [ 3.999171, 44.333498 ], [ 3.999359, 44.333313 ], [ 4.006341, 44.328741 ], [ 4.007716, 44.328534 ], [ 4.008686, 44.328378 ], [ 4.00896, 44.328296 ], [ 4.013321, 44.326554 ], [ 4.013582, 44.326428 ], [ 4.01382, 44.326236 ], [ 4.012408, 44.322882 ], [ 4.012228, 44.322855 ], [ 4.012049, 44.322828 ], [ 4.01156, 44.322982 ], [ 4.010829, 44.323143 ], [ 4.010631, 44.323181 ], [ 4.010501, 44.323223 ], [ 4.006019, 44.324587 ], [ 4.006305, 44.324694 ], [ 4.006591, 44.324801 ], [ 4.006465, 44.325138 ], [ 4.004675, 44.328009 ], [ 3.997413, 44.331737 ], [ 3.997205, 44.331854 ], [ 3.997077, 44.331869 ], [ 3.996961, 44.331862 ], [ 3.994251, 44.332031 ], [ 3.992379, 44.332476 ], [ 3.992269, 44.332501 ], [ 3.98856, 44.333732 ], [ 3.987597, 44.333926 ], [ 3.985806, 44.334455 ], [ 3.982133, 44.338093 ], [ 3.985799, 44.343695 ], [ 3.98603, 44.343972 ], [ 3.985897663680424, 44.344488516439789 ], [ 3.987844, 44.343982 ] ] ], [ [ [ 3.962789, 44.370745 ], [ 3.962793, 44.370945 ], [ 3.962846, 44.371213 ], [ 3.962936, 44.371503 ], [ 3.963026, 44.371792 ], [ 3.963369, 44.371685 ], [ 3.965147, 44.369835 ], [ 3.965301, 44.369655 ], [ 3.965387, 44.369482 ], [ 3.965418, 44.369212 ], [ 3.970304, 44.361843 ], [ 3.970677, 44.361756 ], [ 3.97105, 44.36168 ], [ 3.971432, 44.361602 ], [ 3.971753, 44.361522 ], [ 3.972431, 44.361375 ], [ 3.972797, 44.361305 ], [ 3.976424, 44.359278 ], [ 3.984667, 44.356461 ], [ 3.991072, 44.356437 ], [ 3.991246, 44.356122 ], [ 3.990617, 44.355606 ], [ 3.990364, 44.355378 ], [ 3.988956, 44.354273 ], [ 3.988693, 44.354129 ], [ 3.988505, 44.354047 ], [ 3.988217, 44.354012 ], [ 3.987984, 44.353991 ], [ 3.984671445657684, 44.349274517513038 ], [ 3.983905, 44.352266 ], [ 3.983681, 44.352547 ], [ 3.980084, 44.353552 ], [ 3.979725, 44.353529 ], [ 3.979734, 44.352542 ], [ 3.97933, 44.34889 ], [ 3.979273, 44.348534 ], [ 3.978496, 44.341443 ], [ 3.970054, 44.341641 ], [ 3.96986, 44.341644 ], [ 3.969667, 44.341646 ], [ 3.969346, 44.341586 ], [ 3.964108, 44.342413 ], [ 3.963759, 44.342623 ], [ 3.963433, 44.342817 ], [ 3.959737, 44.344718 ], [ 3.962751, 44.352669 ], [ 3.962861, 44.352717 ], [ 3.963017, 44.352845 ], [ 3.963159, 44.352999 ], [ 3.963194, 44.353185 ], [ 3.963349, 44.35404 ], [ 3.961772, 44.359032 ], [ 3.963414, 44.364499 ], [ 3.962981, 44.366338 ], [ 3.962622, 44.366317 ], [ 3.960108, 44.365965 ], [ 3.959855, 44.365954 ], [ 3.95966589059985, 44.365982572117929 ], [ 3.962789, 44.370745 ] ] ], [ [ [ 3.93592, 44.362852 ], [ 3.935686, 44.363126 ], [ 3.936152, 44.365224 ], [ 3.936476, 44.366429 ], [ 3.936793, 44.367594 ], [ 3.938122, 44.37313 ], [ 3.938141, 44.373303 ], [ 3.939323, 44.380918 ], [ 3.939683, 44.380925 ], [ 3.943577, 44.37871 ], [ 3.950838, 44.373457 ], [ 3.950887, 44.373442 ], [ 3.950926, 44.373366 ], [ 3.95319, 44.366961 ], [ 3.949464, 44.372601 ], [ 3.949319, 44.37293 ], [ 3.941025, 44.375211 ], [ 3.940917, 44.375218 ], [ 3.940674, 44.375132 ], [ 3.937538, 44.367445 ], [ 3.937493, 44.367282 ], [ 3.937745, 44.363735 ], [ 3.937832, 44.363278 ], [ 3.93638, 44.356054 ], [ 3.93592, 44.362852 ] ] ], [ [ [ 3.92629, 44.353005 ], [ 3.926251, 44.353134 ], [ 3.926255, 44.353386 ], [ 3.926952, 44.356237 ], [ 3.927308, 44.356288 ], [ 3.933469, 44.353919 ], [ 3.933365, 44.353831 ], [ 3.929446, 44.350759 ], [ 3.928219, 44.348445 ], [ 3.928174, 44.348256 ], [ 3.92629, 44.353005 ] ] ], [ [ [ 3.92886, 44.341779 ], [ 3.9285, 44.341775 ], [ 3.928352, 44.343229 ], [ 3.928174, 44.348256 ], [ 3.928612, 44.34368 ], [ 3.929408, 44.343064 ], [ 3.929832, 44.34291 ], [ 3.930186, 44.342798 ], [ 3.930443, 44.342806 ], [ 3.932048, 44.3426 ], [ 3.932421, 44.342558 ], [ 3.92886, 44.341779 ] ] ] ] } },
{ "type": "Feature", "properties": { "codgeo": "30130", "value": 600, "isochrone_group": 10.0, "nb_agences": 1 }, "geometry": { "type": "MultiPolygon", "coordinates": [ [ [ [ 3.896908, 44.333865 ], [ 3.896677, 44.333785 ], [ 3.896615, 44.333811 ], [ 3.896573, 44.333997 ], [ 3.896921, 44.335511 ], [ 3.89699, 44.335607 ], [ 3.901496, 44.340241 ], [ 3.904013, 44.339643 ], [ 3.907965, 44.339099 ], [ 3.907732, 44.339105 ], [ 3.90745, 44.339064 ], [ 3.907168, 44.339023 ], [ 3.901519, 44.337977 ], [ 3.901506, 44.337617 ], [ 3.903142, 44.334001 ], [ 3.903232, 44.333807 ], [ 3.903525494207691, 44.333288852407463 ], [ 3.896908, 44.333865 ] ] ], [ [ [ 3.912352, 44.326883 ], [ 3.911817, 44.326724 ], [ 3.911458, 44.326721 ], [ 3.911276, 44.326757 ], [ 3.906777, 44.328091 ], [ 3.907301, 44.328013 ], [ 3.911364, 44.327639 ], [ 3.911572, 44.327688 ], [ 3.918328, 44.329006 ], [ 3.912352, 44.326883 ] ] ], [ [ [ 3.986845, 44.309999 ], [ 3.986584, 44.309751 ], [ 3.98363, 44.30566 ], [ 3.976625, 44.301738 ], [ 3.972895, 44.302788 ], [ 3.966172, 44.306426 ], [ 3.966028, 44.306559 ], [ 3.965883, 44.306692 ], [ 3.965678, 44.307443 ], [ 3.965485, 44.30923 ], [ 3.962799, 44.317218 ], [ 3.965267, 44.310045 ], [ 3.965354, 44.309669 ], [ 3.968428, 44.306474 ], [ 3.969438, 44.305561 ], [ 3.97098, 44.304453 ], [ 3.97129, 44.30433 ], [ 3.973043, 44.304244 ], [ 3.979352, 44.305814 ], [ 3.980341, 44.306899 ], [ 3.984359, 44.312528 ], [ 3.993125, 44.313664 ], [ 3.994772, 44.31292 ], [ 3.995016, 44.312825 ], [ 3.986845, 44.309999 ] ] ], [ [ [ 4.010062, 44.322766 ], [ 4.010186, 44.313814 ], [ 4.010257, 44.313461 ], [ 4.007452, 44.310493 ], [ 4.007259, 44.310344 ], [ 4.007105, 44.310334 ], [ 4.002177, 44.311366 ], [ 4.002388, 44.311396 ], [ 4.004735, 44.312099 ], [ 4.004714, 44.312458 ], [ 4.004204, 44.312428 ], [ 4.003694, 44.312398 ], [ 3.999452, 44.313503 ], [ 3.999214, 44.313627 ], [ 3.99897, 44.313622 ], [ 3.99628, 44.313292 ], [ 3.991624, 44.315466 ], [ 3.991496, 44.3156 ], [ 3.990058, 44.317002 ], [ 3.989868, 44.317223 ], [ 3.987905, 44.321255 ], [ 3.987804, 44.321414 ], [ 3.9871, 44.325166 ], [ 3.995043, 44.328353 ], [ 3.998549, 44.327168 ], [ 3.998796, 44.32706 ], [ 3.999216, 44.326931 ], [ 3.999619, 44.326808 ], [ 4.000611, 44.326393 ], [ 4.002031, 44.325674 ], [ 4.002242, 44.325544 ], [ 4.002429, 44.325504 ], [ 4.00534, 44.324724 ], [ 4.00567, 44.324581 ], [ 4.006019, 44.324587 ], [ 4.010501, 44.323223 ], [ 4.010631, 44.323181 ], [ 4.010829, 44.323143 ], [ 4.01156, 44.322982 ], [ 4.012049, 44.322828 ], [ 4.010062, 44.322766 ] ] ], [ [ [ 4.011988, 44.327468 ], [ 4.02058, 44.327453 ], [ 4.025001, 44.326792 ], [ 4.025007, 44.326432 ], [ 4.024386, 44.325594 ], [ 4.024216, 44.325461 ], [ 4.020213, 44.322409 ], [ 4.016725, 44.321642 ], [ 4.016523, 44.321579 ], [ 4.015796, 44.321799 ], [ 4.01516, 44.322013 ], [ 4.014492, 44.322363 ], [ 4.012049, 44.322828 ], [ 4.012228, 44.322855 ], [ 4.012408, 44.322882 ], [ 4.01382, 44.326236 ], [ 4.013582, 44.326428 ], [ 4.013321, 44.326554 ], [ 4.00896, 44.328296 ], [ 4.011988, 44.327468 ] ] ], [ [ [ 3.988234, 44.344012 ], [ 3.988494, 44.343934 ], [ 3.988816, 44.343822 ], [ 3.989129, 44.343566 ], [ 3.989437, 44.343314 ], [ 3.989897, 44.342965 ], [ 3.990358, 44.342616 ], [ 3.992426, 44.340098 ], [ 3.995266, 44.337147 ], [ 3.997828, 44.335113 ], [ 3.997995, 44.33499 ], [ 3.999359, 44.333313 ], [ 3.999171, 44.333498 ], [ 3.998876, 44.333652 ], [ 3.997326, 44.334259 ], [ 3.997088, 44.334252 ], [ 3.996181, 44.334163 ], [ 3.990366, 44.340892 ], [ 3.987844, 44.343982 ], [ 3.985769, 44.344522 ], [ 3.988234, 44.344012 ] ] ], [ [ [ 3.971242, 44.362346 ], [ 3.975177, 44.362688 ], [ 3.981659, 44.35897 ], [ 3.984054, 44.359497 ], [ 3.9843, 44.359555 ], [ 3.992099, 44.356682 ], [ 3.993059, 44.356989 ], [ 3.993286, 44.357038 ], [ 3.993548, 44.35709 ], [ 3.995791, 44.357566 ], [ 3.996523, 44.3573 ], [ 3.996581, 44.357265 ], [ 3.996601, 44.357224 ], [ 3.996591, 44.357202 ], [ 3.996578, 44.357177 ], [ 3.996025, 44.356262 ], [ 3.990364, 44.355378 ], [ 3.990617, 44.355606 ], [ 3.991246, 44.356122 ], [ 3.991072, 44.356437 ], [ 3.984667, 44.356461 ], [ 3.976424, 44.359278 ], [ 3.972797, 44.361305 ], [ 3.972431, 44.361375 ], [ 3.971753, 44.361522 ], [ 3.971432, 44.361602 ], [ 3.97105, 44.36168 ], [ 3.970677, 44.361756 ], [ 3.970304, 44.361843 ], [ 3.966236610489351, 44.367977382583703 ], [ 3.971242, 44.362346 ] ] ], [ [ [ 3.963032, 44.371812 ], [ 3.963121, 44.372038 ], [ 3.963233, 44.372307 ], [ 3.963379, 44.3725 ], [ 3.96359, 44.372747 ], [ 3.965366, 44.373915 ], [ 3.965565, 44.374006 ], [ 3.966285, 44.374244 ], [ 3.967031, 44.374489 ], [ 3.968463, 44.374967 ], [ 3.96865, 44.374955 ], [ 3.968929, 44.374913 ], [ 3.970903, 44.37363 ], [ 3.97079, 44.373288 ], [ 3.965509789323984, 44.369073564566406 ], [ 3.965418, 44.369212 ], [ 3.965387, 44.369482 ], [ 3.965301, 44.369655 ], [ 3.965147, 44.369835 ], [ 3.963369, 44.371685 ], [ 3.963026, 44.371792 ], [ 3.962958235294208, 44.371574400000284 ], [ 3.963032, 44.371812 ] ] ], [ [ [ 3.937333, 44.375214 ], [ 3.93733, 44.375406 ], [ 3.937413, 44.377284 ], [ 3.937756, 44.381254 ], [ 3.939373, 44.385377 ], [ 3.939744, 44.386429 ], [ 3.939989, 44.386692 ], [ 3.941723, 44.386533 ], [ 3.946328, 44.379846 ], [ 3.949378, 44.376784 ], [ 3.950536079779574, 44.373675425412181 ], [ 3.943577, 44.37871 ], [ 3.939683, 44.380925 ], [ 3.939323, 44.380918 ], [ 3.938141, 44.373303 ], [ 3.938122, 44.37313 ], [ 3.936793, 44.367594 ], [ 3.937333, 44.375214 ] ] ], [ [ [ 3.924995, 44.358462 ], [ 3.92433, 44.361509 ], [ 3.924316, 44.361677 ], [ 3.924352, 44.361776 ], [ 3.924485, 44.362019 ], [ 3.924657, 44.36231 ], [ 3.925004, 44.362213 ], [ 3.932934, 44.361168 ], [ 3.936152, 44.365224 ], [ 3.935686, 44.363126 ], [ 3.93592, 44.362852 ], [ 3.93638, 44.356054 ], [ 3.933469, 44.353919 ], [ 3.927308, 44.356288 ], [ 3.926952, 44.356237 ], [ 3.926255, 44.353386 ], [ 3.926251, 44.353134 ], [ 3.924995, 44.358462 ] ] ], [ [ [ 3.928778, 44.34124 ], [ 3.928538, 44.341651 ], [ 3.928522883013401, 44.341775254255694 ], [ 3.92886, 44.341779 ], [ 3.932421, 44.342558 ], [ 3.932758, 44.342523 ], [ 3.933119, 44.342533 ], [ 3.933411, 44.342612 ], [ 3.933658, 44.342684 ], [ 3.93391, 44.34278 ], [ 3.93415, 44.342871 ], [ 3.936038, 44.343787 ], [ 3.936676, 44.343967 ], [ 3.937446, 44.34419 ], [ 3.937676, 44.344243 ], [ 3.943415, 44.342679 ], [ 3.945356, 44.3427 ], [ 3.947116, 44.342178 ], [ 3.949057, 44.340695 ], [ 3.944454, 44.333068 ], [ 3.944337, 44.333086 ], [ 3.944182, 44.333084 ], [ 3.943938, 44.333037 ], [ 3.94367, 44.332922 ], [ 3.943393, 44.332803 ], [ 3.939404, 44.332413 ], [ 3.939163, 44.332455 ], [ 3.938907, 44.332448 ], [ 3.938461, 44.332446 ], [ 3.938269, 44.332452 ], [ 3.937846, 44.332485 ], [ 3.937388, 44.332517 ], [ 3.937178, 44.332488 ], [ 3.936984, 44.332416 ], [ 3.934128, 44.331898 ], [ 3.933846, 44.331787 ], [ 3.929376, 44.331859 ], [ 3.929172, 44.331907 ], [ 3.92725, 44.332686 ], [ 3.927116, 44.332727 ], [ 3.926955, 44.33274 ], [ 3.926783, 44.332705 ], [ 3.928778, 44.34124 ] ] ] ] } },
{ "type": "Feature", "properties": { "codgeo": "30130", "value": 660, "isochrone_group": 11.0, "nb_agences": 1 }, "geometry": { "type": "MultiPolygon", "coordinates": [ [ [ [ 3.896326, 44.329883 ], [ 3.895384, 44.329502 ], [ 3.895117, 44.329405 ], [ 3.894909, 44.329366 ], [ 3.894592, 44.329361 ], [ 3.891965, 44.329592 ], [ 3.891893, 44.329945 ], [ 3.893063, 44.332153 ], [ 3.893296, 44.3325 ], [ 3.896556, 44.336513 ], [ 3.900093, 44.34048 ], [ 3.900297, 44.340578 ], [ 3.90067, 44.340735 ], [ 3.902708, 44.341603 ], [ 3.902962, 44.341566 ], [ 3.903176, 44.341465 ], [ 3.908789, 44.34 ], [ 3.91089, 44.338756 ], [ 3.910692, 44.338797 ], [ 3.908744, 44.338999 ], [ 3.908363, 44.339048 ], [ 3.907965, 44.339099 ], [ 3.904013, 44.339643 ], [ 3.901496, 44.340241 ], [ 3.89699, 44.335607 ], [ 3.896921, 44.335511 ], [ 3.896573, 44.333997 ], [ 3.896615, 44.333811 ], [ 3.896677, 44.333785 ], [ 3.896908, 44.333865 ], [ 3.903765, 44.333268 ], [ 3.905731, 44.329646 ], [ 3.905755, 44.329454 ], [ 3.90582235385783, 44.329326637458152 ], [ 3.899715, 44.331987 ], [ 3.896326, 44.329883 ] ] ], [ [ [ 3.910223, 44.325808 ], [ 3.909905, 44.32587 ], [ 3.909553, 44.326112 ], [ 3.906527, 44.328166 ], [ 3.906777, 44.328091 ], [ 3.911276, 44.326757 ], [ 3.911458, 44.326721 ], [ 3.911817, 44.326724 ], [ 3.912352, 44.326883 ], [ 3.918328, 44.329006 ], [ 3.911773, 44.326538 ], [ 3.910223, 44.325808 ] ] ], [ [ [ 3.987522, 44.306014 ], [ 3.987038, 44.305818 ], [ 3.986555, 44.305623 ], [ 3.986265, 44.305535 ], [ 3.985968, 44.305479 ], [ 3.985695, 44.305456 ], [ 3.985388, 44.305462 ], [ 3.98484, 44.3055 ], [ 3.979481, 44.2985 ], [ 3.979341, 44.298169 ], [ 3.978517, 44.296951 ], [ 3.978157, 44.296964 ], [ 3.971023, 44.302375 ], [ 3.97085, 44.302453 ], [ 3.96399, 44.30756 ], [ 3.963845, 44.30789 ], [ 3.965113274449517, 44.310335489090569 ], [ 3.965485, 44.30923 ], [ 3.965678, 44.307443 ], [ 3.965883, 44.306692 ], [ 3.966028, 44.306559 ], [ 3.966172, 44.306426 ], [ 3.972895, 44.302788 ], [ 3.976625, 44.301738 ], [ 3.98363, 44.30566 ], [ 3.986584, 44.309751 ], [ 3.986845, 44.309999 ], [ 3.993263280041763, 44.31221880900722 ], [ 3.987224, 44.309412 ], [ 3.987522, 44.306014 ] ] ], [ [ [ 4.018426, 44.313476 ], [ 4.018756, 44.313182 ], [ 4.019116, 44.312856 ], [ 4.019412, 44.312426 ], [ 4.019709, 44.311996 ], [ 4.019413, 44.311791 ], [ 4.012828, 44.31169 ], [ 4.007259, 44.310344 ], [ 4.007452, 44.310493 ], [ 4.010257, 44.313461 ], [ 4.010186, 44.313814 ], [ 4.010062, 44.322766 ], [ 4.012049, 44.322828 ], [ 4.014492, 44.322363 ], [ 4.01516, 44.322013 ], [ 4.015796, 44.321799 ], [ 4.016523, 44.321579 ], [ 4.016725, 44.321642 ], [ 4.018024, 44.313606 ], [ 4.018426, 44.313476 ] ] ], [ [ [ 4.009648, 44.328708 ], [ 4.018377, 44.328387 ], [ 4.018703, 44.328351 ], [ 4.02659, 44.327753 ], [ 4.027182, 44.327571 ], [ 4.03396, 44.325233 ], [ 4.034207, 44.32512 ], [ 4.034417, 44.324988 ], [ 4.033781, 44.323871 ], [ 4.03358, 44.323583 ], [ 4.028649, 44.321458 ], [ 4.027922, 44.321562 ], [ 4.027543, 44.3216 ], [ 4.027168, 44.32166 ], [ 4.026803, 44.321719 ], [ 4.026303, 44.321902 ], [ 4.024843, 44.322226 ], [ 4.023793, 44.32228 ], [ 4.023529, 44.322272 ], [ 4.023316, 44.322272 ], [ 4.023018, 44.322336 ], [ 4.020354, 44.322418 ], [ 4.016725, 44.321642 ], [ 4.020213, 44.322409 ], [ 4.024216, 44.325461 ], [ 4.024386, 44.325594 ], [ 4.025007, 44.326432 ], [ 4.025001, 44.326792 ], [ 4.02058, 44.327453 ], [ 4.011988, 44.327468 ], [ 4.00896, 44.328296 ], [ 4.008686, 44.328378 ], [ 4.007716, 44.328534 ], [ 4.006341, 44.328741 ], [ 4.009318, 44.328841 ], [ 4.009648, 44.328708 ] ] ], [ [ [ 3.992703, 44.342021 ], [ 3.992883, 44.341979 ], [ 3.997159, 44.337456 ], [ 3.9989, 44.336412 ], [ 3.999359, 44.333313 ], [ 3.997995, 44.33499 ], [ 3.997828, 44.335113 ], [ 3.995266, 44.337147 ], [ 3.992426, 44.340098 ], [ 3.990358, 44.342616 ], [ 3.989897, 44.342965 ], [ 3.989437, 44.343314 ], [ 3.992523, 44.342063 ], [ 3.992703, 44.342021 ] ] ], [ [ [ 3.998471, 44.353245 ], [ 3.998386, 44.352924 ], [ 3.997335, 44.35273 ], [ 3.997053, 44.352763 ], [ 3.994925, 44.353401 ], [ 3.988693, 44.354129 ], [ 3.988956, 44.354273 ], [ 3.990364, 44.355378 ], [ 3.996025, 44.356262 ], [ 3.996578, 44.357177 ], [ 3.996591, 44.357202 ], [ 3.996601, 44.357224 ], [ 3.998461, 44.353409 ], [ 3.998471, 44.353245 ] ] ], [ [ [ 3.976063, 44.375779 ], [ 3.974823, 44.372539 ], [ 3.973675, 44.371199 ], [ 3.976713, 44.362816 ], [ 3.976888, 44.36275 ], [ 3.97707, 44.362681 ], [ 3.977322, 44.362574 ], [ 3.977864, 44.362323 ], [ 3.978278, 44.362152 ], [ 3.978691, 44.361982 ], [ 3.98483, 44.360525 ], [ 3.986173, 44.360155 ], [ 3.993548, 44.35709 ], [ 3.993286, 44.357038 ], [ 3.993059, 44.356989 ], [ 3.992099, 44.356682 ], [ 3.9843, 44.359555 ], [ 3.984054, 44.359497 ], [ 3.981659, 44.35897 ], [ 3.975177, 44.362688 ], [ 3.971242, 44.362346 ], [ 3.965365, 44.368958 ], [ 3.97079, 44.373288 ], [ 3.970903, 44.37363 ], [ 3.968929, 44.374913 ], [ 3.96865, 44.374955 ], [ 3.968463, 44.374967 ], [ 3.97579, 44.376013 ], [ 3.976063, 44.375779 ] ] ], [ [ [ 3.93442, 44.37808 ], [ 3.934249, 44.378641 ], [ 3.934229, 44.378783 ], [ 3.934347, 44.378973 ], [ 3.937847, 44.382723 ], [ 3.936107, 44.388475 ], [ 3.936026860717925, 44.388578832635048 ], [ 3.939376117871153, 44.385385840971566 ], [ 3.939373, 44.385377 ], [ 3.937756, 44.381254 ], [ 3.937413, 44.377284 ], [ 3.93733, 44.375406 ], [ 3.937333, 44.375214 ], [ 3.937300978752771, 44.374762144622437 ], [ 3.934514, 44.377742 ], [ 3.93442, 44.37808 ] ] ], [ [ [ 3.935992, 44.388624 ], [ 3.935971535627537, 44.388668927530368 ], [ 3.936003240746971, 44.388609435901742 ], [ 3.935992, 44.388624 ] ] ], [ [ [ 3.935905, 44.388815 ], [ 3.935878517786725, 44.388897371540999 ], [ 3.935905658841344, 44.388813553578203 ], [ 3.935905, 44.388815 ] ] ], [ [ [ 3.943231, 44.386591 ], [ 3.948831, 44.386543 ], [ 3.949017, 44.386563 ], [ 3.94936, 44.386532 ], [ 3.950247, 44.3864 ], [ 3.950225, 44.386041 ], [ 3.949191, 44.37974 ], [ 3.954291, 44.377218 ], [ 3.954351, 44.377095 ], [ 3.954406, 44.376873 ], [ 3.954422, 44.376557 ], [ 3.954378, 44.376402 ], [ 3.95427, 44.376288 ], [ 3.954069, 44.376234 ], [ 3.950743, 44.37312 ], [ 3.949378, 44.376784 ], [ 3.946328, 44.379846 ], [ 3.942051349633457, 44.386056197828665 ], [ 3.942211, 44.386244 ], [ 3.942181, 44.386603 ], [ 3.939994941013975, 44.389454030130786 ], [ 3.943231, 44.386591 ] ] ], [ [ [ 3.922423, 44.363738 ], [ 3.922328, 44.363904 ], [ 3.922356, 44.364104 ], [ 3.92257, 44.364874 ], [ 3.92287, 44.365073 ], [ 3.924758, 44.363233 ], [ 3.924934, 44.363113 ], [ 3.932934, 44.361168 ], [ 3.925004, 44.362213 ], [ 3.924657, 44.36231 ], [ 3.924485, 44.362019 ], [ 3.924352, 44.361776 ], [ 3.924316, 44.361677 ], [ 3.92433, 44.361509 ], [ 3.924995, 44.358462 ], [ 3.923643, 44.361197 ], [ 3.922423, 44.363738 ] ] ] ] } },
{ "type": "Feature", "properties": { "codgeo": "30130", "value": 720, "isochrone_group": 12.0, "nb_agences": 1 }, "geometry": { "type": "MultiPolygon", "coordinates": [ [ [ [ 3.89557, 44.328395 ], [ 3.89545, 44.328352 ], [ 3.894561, 44.328247 ], [ 3.890408, 44.329081 ], [ 3.884201, 44.3312 ], [ 3.884039, 44.331308 ], [ 3.882622, 44.332784 ], [ 3.882879, 44.333036 ], [ 3.885336, 44.331471 ], [ 3.892889, 44.332864 ], [ 3.895856737720649, 44.335652221003976 ], [ 3.893296, 44.3325 ], [ 3.893063, 44.332153 ], [ 3.891893, 44.329945 ], [ 3.891965, 44.329592 ], [ 3.894592, 44.329361 ], [ 3.894909, 44.329366 ], [ 3.895117, 44.329405 ], [ 3.895384, 44.329502 ], [ 3.896326, 44.329883 ], [ 3.899715, 44.331987 ], [ 3.895674, 44.328599 ], [ 3.89557, 44.328395 ] ] ], [ [ [ 3.91352, 44.324607 ], [ 3.913236, 44.324447 ], [ 3.912906, 44.324381 ], [ 3.912521, 44.324372 ], [ 3.912231, 44.324513 ], [ 3.909905, 44.32587 ], [ 3.910223, 44.325808 ], [ 3.911773, 44.326538 ], [ 3.918328, 44.329006 ], [ 3.921016, 44.330129 ], [ 3.913879, 44.324847 ], [ 3.91352, 44.324607 ] ] ], [ [ [ 3.989254, 44.30477 ], [ 3.989157, 44.304667 ], [ 3.985832, 44.300852 ], [ 3.981477, 44.294367 ], [ 3.982409, 44.291715 ], [ 3.982459, 44.291359 ], [ 3.982186, 44.291321 ], [ 3.98189, 44.291313 ], [ 3.981655, 44.291327 ], [ 3.981413, 44.2914 ], [ 3.976048, 44.29424 ], [ 3.971118, 44.301371 ], [ 3.964054, 44.306383 ], [ 3.961009, 44.305393 ], [ 3.959623, 44.304364 ], [ 3.959329, 44.304571 ], [ 3.95961, 44.305206 ], [ 3.961534, 44.306439 ], [ 3.961825, 44.306592 ], [ 3.965391, 44.310871 ], [ 3.963845, 44.30789 ], [ 3.96399, 44.30756 ], [ 3.97085, 44.302453 ], [ 3.971023, 44.302375 ], [ 3.978157, 44.296964 ], [ 3.978517, 44.296951 ], [ 3.979341, 44.298169 ], [ 3.979481, 44.2985 ], [ 3.98484, 44.3055 ], [ 3.985388, 44.305462 ], [ 3.985695, 44.305456 ], [ 3.985968, 44.305479 ], [ 3.986265, 44.305535 ], [ 3.986555, 44.305623 ], [ 3.987038, 44.305818 ], [ 3.987522, 44.306014 ], [ 3.987224, 44.309412 ], [ 3.994772, 44.31292 ], [ 3.995016, 44.312825 ], [ 3.99524639814202, 44.312739203950194 ], [ 3.990191, 44.306415 ], [ 3.989254, 44.30477 ] ] ], [ [ [ 4.020991, 44.311041 ], [ 4.021356, 44.310785 ], [ 4.022377, 44.310153 ], [ 4.02599, 44.309375 ], [ 4.026333, 44.309266 ], [ 4.02741, 44.307801 ], [ 4.027493, 44.307525 ], [ 4.027203, 44.307312 ], [ 4.023371, 44.308054 ], [ 4.021166, 44.310479 ], [ 4.014403, 44.310301 ], [ 4.014298, 44.310313 ], [ 4.007259, 44.310344 ], [ 4.012828, 44.31169 ], [ 4.019413, 44.311791 ], [ 4.019709, 44.311996 ], [ 4.019412, 44.312426 ], [ 4.019116, 44.312856 ], [ 4.020618, 44.311302 ], [ 4.020991, 44.311041 ] ] ], [ [ [ 4.036325, 44.317703 ], [ 4.036281, 44.317636 ], [ 4.036064, 44.317526 ], [ 4.035663, 44.317517 ], [ 4.035311, 44.317514 ], [ 4.034758, 44.317583 ], [ 4.034228, 44.317651 ], [ 4.033901, 44.31776 ], [ 4.033611, 44.317862 ], [ 4.033083, 44.31814 ], [ 4.032581, 44.318407 ], [ 4.030083, 44.319747 ], [ 4.029879, 44.319874 ], [ 4.026803, 44.321719 ], [ 4.027168, 44.32166 ], [ 4.027543, 44.3216 ], [ 4.027922, 44.321562 ], [ 4.028649, 44.321458 ], [ 4.03358, 44.323583 ], [ 4.033781, 44.323871 ], [ 4.034362654926952, 44.324892554329253 ], [ 4.036917, 44.323947 ], [ 4.036325, 44.317703 ] ] ], [ [ [ 4.026098533200584, 44.327790263490058 ], [ 4.02328596802927, 44.328003514912965 ], [ 4.025313, 44.328078 ], [ 4.026098533200584, 44.327790263490058 ] ] ], [ [ [ 3.995272, 44.341746 ], [ 3.995457, 44.341437 ], [ 4.000123, 44.338079 ], [ 4.000332, 44.337786 ], [ 4.001376, 44.335374 ], [ 4.007872, 44.329198 ], [ 4.008223, 44.329254 ], [ 4.008422, 44.329212 ], [ 4.01638, 44.329847 ], [ 4.019056945579249, 44.328324163502423 ], [ 4.018703, 44.328351 ], [ 4.018377, 44.328387 ], [ 4.009648, 44.328708 ], [ 4.009318, 44.328841 ], [ 4.006341, 44.328741 ], [ 3.999359, 44.333313 ], [ 3.9989, 44.336412 ], [ 3.997159, 44.337456 ], [ 3.992883, 44.341979 ], [ 3.992703, 44.342021 ], [ 3.992523, 44.342063 ], [ 3.993274, 44.342005 ], [ 3.995272, 44.341746 ] ] ], [ [ [ 4.000631, 44.351157 ], [ 4.000363, 44.350916 ], [ 3.999883, 44.350525 ], [ 3.999686, 44.35043 ], [ 3.999512, 44.350454 ], [ 3.999176, 44.350568 ], [ 3.998983, 44.350655 ], [ 3.99884, 44.350769 ], [ 3.992972, 44.351801 ], [ 3.988816, 44.343822 ], [ 3.988494, 44.343934 ], [ 3.988234, 44.344012 ], [ 3.985769, 44.344522 ], [ 3.983173, 44.347141 ], [ 3.987984, 44.353991 ], [ 3.988217, 44.354012 ], [ 3.988505, 44.354047 ], [ 3.988693, 44.354129 ], [ 3.994925, 44.353401 ], [ 3.997053, 44.352763 ], [ 3.997335, 44.35273 ], [ 3.998386, 44.352924 ], [ 3.998471, 44.353245 ], [ 3.998461, 44.353409 ], [ 3.996654380032276, 44.35711451353594 ], [ 4.000448, 44.351878 ], [ 4.000631, 44.351157 ] ] ], [ [ [ 3.985917, 44.361784 ], [ 3.98617, 44.361528 ], [ 3.993548, 44.35709 ], [ 3.986173, 44.360155 ], [ 3.98483, 44.360525 ], [ 3.979623260271032, 44.361760741942518 ], [ 3.983695, 44.361355 ], [ 3.985917, 44.361784 ] ] ], [ [ [ 3.978691, 44.361982 ], [ 3.978313327819992, 44.362137458282326 ], [ 3.978914325669131, 44.361928996986499 ], [ 3.978691, 44.361982 ] ] ], [ [ [ 3.975608, 44.3789 ], [ 3.977593, 44.380828 ], [ 3.977796, 44.381087 ], [ 3.977838, 44.381091 ], [ 3.977922, 44.381069 ], [ 3.978408, 44.380515 ], [ 3.97852, 44.380324 ], [ 3.978509, 44.38007 ], [ 3.976952, 44.376586 ], [ 3.976883, 44.376413 ], [ 3.975284, 44.37228 ], [ 3.975219, 44.37209 ], [ 3.975061, 44.37199 ], [ 3.973675, 44.371199 ], [ 3.974823, 44.372539 ], [ 3.976063, 44.375779 ], [ 3.97579, 44.376013 ], [ 3.968463, 44.374967 ], [ 3.975408, 44.378709 ], [ 3.975608, 44.3789 ] ] ], [ [ [ 3.954462, 44.386625 ], [ 3.957109, 44.387113 ], [ 3.957348, 44.386844 ], [ 3.957392, 44.381928 ], [ 3.957391, 44.381568 ], [ 3.954422, 44.376557 ], [ 3.954406, 44.376873 ], [ 3.954351, 44.377095 ], [ 3.954291, 44.377218 ], [ 3.949191, 44.37974 ], [ 3.950169578357276, 44.385703271014691 ], [ 3.950563, 44.385897 ], [ 3.950728, 44.386217 ], [ 3.950545, 44.386311 ], [ 3.950304, 44.386391 ], [ 3.954462, 44.386625 ] ] ], [ [ [ 3.94936, 44.386532 ], [ 3.949017, 44.386563 ], [ 3.945955552974264, 44.389025012841394 ], [ 3.94936, 44.386532 ] ] ], [ [ [ 3.935526363387248, 44.389931451968415 ], [ 3.935533822610493, 44.38991545635529 ], [ 3.93378102594895, 44.392747670226974 ], [ 3.933928541493965, 44.392657625647473 ], [ 3.935526363387248, 44.389931451968415 ] ] ], [ [ [ 3.935992, 44.388624 ], [ 3.936003240746971, 44.388609435901742 ], [ 3.936012, 44.388593 ], [ 3.93620241203043, 44.388159591954583 ], [ 3.937847, 44.382723 ], [ 3.934347, 44.378973 ], [ 3.937045, 44.384442 ], [ 3.935992, 44.388624 ] ] ], [ [ [ 3.93477, 44.377303 ], [ 3.934647, 44.377503 ], [ 3.934537, 44.377683 ], [ 3.934521222141349, 44.377734278040613 ], [ 3.937664, 44.374374 ], [ 3.937586516173166, 44.373770853793417 ], [ 3.935083, 44.376767 ], [ 3.93477, 44.377303 ] ] ], [ [ [ 3.921298, 44.363445 ], [ 3.921302, 44.363845 ], [ 3.921275, 44.365439 ], [ 3.92127, 44.365589 ], [ 3.921347, 44.365753 ], [ 3.922133, 44.366949 ], [ 3.922241, 44.367048 ], [ 3.922368, 44.367081 ], [ 3.922543, 44.367034 ], [ 3.922653, 44.366757 ], [ 3.924934, 44.363113 ], [ 3.924758, 44.363233 ], [ 3.92287, 44.365073 ], [ 3.92257, 44.364874 ], [ 3.922356, 44.364104 ], [ 3.922328, 44.363904 ], [ 3.922423, 44.363738 ], [ 3.923643, 44.361197 ], [ 3.924995, 44.358462 ], [ 3.921863, 44.362146 ], [ 3.921298, 44.363445 ] ] ], [ [ [ 3.911433, 44.341187 ], [ 3.912009, 44.341241 ], [ 3.912067, 44.340886 ], [ 3.911661, 44.340012 ], [ 3.911123, 44.338094 ], [ 3.91089, 44.338756 ], [ 3.908789, 44.34 ], [ 3.90353610366234, 44.341371012495046 ], [ 3.911167, 44.341155 ], [ 3.911433, 44.341187 ] ] ] ] } },
{ "type": "Feature", "properties": { "codgeo": "30130", "value": 780, "isochrone_group": 13.0, "nb_agences": 1 }, "geometry": { "type": "MultiPolygon", "coordinates": [ [ [ [ 3.953324, 44.329272 ], [ 3.952871, 44.329146 ], [ 3.952276, 44.329081 ], [ 3.951827, 44.329116 ], [ 3.951283, 44.329275 ], [ 3.946608, 44.329737 ], [ 3.941928, 44.32968 ], [ 3.941538, 44.329619 ], [ 3.939971, 44.329344 ], [ 3.932356, 44.329236 ], [ 3.931778, 44.329203 ], [ 3.931239, 44.329241 ], [ 3.930144, 44.329423 ], [ 3.924829, 44.329393 ], [ 3.920947, 44.324124 ], [ 3.920432, 44.323521 ], [ 3.918441, 44.322981 ], [ 3.913174, 44.322783 ], [ 3.91255, 44.322753 ], [ 3.911406, 44.323119 ], [ 3.909595, 44.32428 ], [ 3.90603, 44.326624 ], [ 3.905218, 44.327151 ], [ 3.896241, 44.32692 ], [ 3.895573, 44.326737 ], [ 3.894602, 44.326626 ], [ 3.893764, 44.326512 ], [ 3.89297, 44.326487 ], [ 3.891654, 44.326424 ], [ 3.88391, 44.328639 ], [ 3.879235, 44.331445 ], [ 3.877763, 44.332509 ], [ 3.877435, 44.332748 ], [ 3.877029, 44.333142 ], [ 3.877028, 44.336238 ], [ 3.877146, 44.33629 ], [ 3.877896, 44.336446 ], [ 3.878708, 44.336314 ], [ 3.881391, 44.335118 ], [ 3.886485, 44.333499 ], [ 3.893042, 44.335297 ], [ 3.897114, 44.337573 ], [ 3.899691372574821, 44.34000624052382 ], [ 3.896526, 44.336281 ], [ 3.892889, 44.332864 ], [ 3.885336, 44.331471 ], [ 3.882879, 44.333036 ], [ 3.882622, 44.332784 ], [ 3.884039, 44.331308 ], [ 3.884201, 44.3312 ], [ 3.890408, 44.329081 ], [ 3.894561, 44.328247 ], [ 3.89545, 44.328352 ], [ 3.89557, 44.328395 ], [ 3.895674, 44.328599 ], [ 3.899715, 44.331987 ], [ 3.905833, 44.329322 ], [ 3.906241, 44.328535 ], [ 3.90634, 44.32832 ], [ 3.906527, 44.328166 ], [ 3.909553, 44.326112 ], [ 3.909905, 44.32587 ], [ 3.912231, 44.324513 ], [ 3.912521, 44.324372 ], [ 3.912906, 44.324381 ], [ 3.913236, 44.324447 ], [ 3.91352, 44.324607 ], [ 3.913879, 44.324847 ], [ 3.921016, 44.330129 ], [ 3.924107, 44.330903 ], [ 3.930665, 44.330957 ], [ 3.934295, 44.330006 ], [ 3.934457, 44.329963 ], [ 3.936355, 44.329532 ], [ 3.936557, 44.329503 ], [ 3.936777, 44.329549 ], [ 3.940518, 44.330869 ], [ 3.946298, 44.331317 ], [ 3.951964, 44.330745 ], [ 3.952134, 44.330706 ], [ 3.952308, 44.3307 ], [ 3.95262, 44.330746 ], [ 3.952805, 44.330806 ], [ 3.953053, 44.330942 ], [ 3.957775, 44.331972 ], [ 3.960015398343847, 44.325999365142629 ], [ 3.953846, 44.329529 ], [ 3.953324, 44.329272 ] ] ], [ [ [ 3.961802, 44.319293 ], [ 3.961643, 44.320612 ], [ 3.96161505844738, 44.320741442497358 ], [ 3.962799, 44.317218 ], [ 3.962065, 44.31857 ], [ 3.961802, 44.319293 ] ] ], [ [ [ 3.935068, 44.386342 ], [ 3.93455, 44.387886 ], [ 3.9286, 44.394146 ], [ 3.928557219351308, 44.395936320402811 ], [ 3.93378102594895, 44.392747670226974 ], [ 3.935533822610493, 44.38991545635529 ], [ 3.935583, 44.38981 ], [ 3.935878517786725, 44.388897371540999 ], [ 3.935905, 44.388815 ], [ 3.935905658841344, 44.388813553578203 ], [ 3.935923, 44.38876 ], [ 3.937045, 44.384442 ], [ 3.935576940279864, 44.381466159151451 ], [ 3.935502, 44.382768 ], [ 3.935068, 44.386342 ] ] ], [ [ [ 3.928514, 44.397745 ], [ 3.930097, 44.403441 ], [ 3.930272, 44.40399 ], [ 3.932325, 44.409146 ], [ 3.932675, 44.409844 ], [ 3.933033279711427, 44.410222949694777 ], [ 3.93385, 44.408557 ], [ 3.931998, 44.403766 ], [ 3.931835, 44.403498 ], [ 3.931713, 44.40324 ], [ 3.931671, 44.403017 ], [ 3.928545052217491, 44.396445500805214 ], [ 3.928514, 44.397745 ] ] ], [ [ [ 3.95876, 44.3891 ], [ 3.962539, 44.388244 ], [ 3.96355, 44.387967 ], [ 3.965103, 44.38724 ], [ 3.973282, 44.384909 ], [ 3.980284, 44.388204 ], [ 3.980654, 44.388237 ], [ 3.981006, 44.388252 ], [ 3.981403, 44.388219 ], [ 3.98218, 44.387938 ], [ 3.982542, 44.387672 ], [ 3.983115, 44.386801 ], [ 3.983164, 44.385674 ], [ 3.982746, 44.381795 ], [ 3.982614, 44.381616 ], [ 3.978572, 44.376635 ], [ 3.97828, 44.375594 ], [ 3.977921, 44.375151 ], [ 3.975576, 44.371703 ], [ 3.97848, 44.363821 ], [ 3.979983, 44.363302 ], [ 3.98718, 44.364978 ], [ 3.98736, 44.364795 ], [ 3.987923, 44.363526 ], [ 3.995595, 44.359174 ], [ 4.000373, 44.353585 ], [ 4.004804, 44.351646 ], [ 4.008607, 44.351284 ], [ 4.00993, 44.347935 ], [ 4.008902, 44.347495 ], [ 4.008316, 44.347292 ], [ 4.007724, 44.347227 ], [ 4.006816, 44.347306 ], [ 4.006084, 44.347372 ], [ 4.005751, 44.347428 ], [ 4.00237, 44.339128 ], [ 4.002656, 44.338935 ], [ 4.002984, 44.338721 ], [ 4.002012, 44.335393 ], [ 4.00806, 44.330118 ], [ 4.012957, 44.332165 ], [ 4.015301, 44.332278 ], [ 4.015359, 44.332274 ], [ 4.015902, 44.332037 ], [ 4.016527, 44.331705 ], [ 4.016878, 44.331467 ], [ 4.017259, 44.331223 ], [ 4.024831, 44.328409 ], [ 4.030855, 44.326215 ], [ 4.033899, 44.325546 ], [ 4.034738, 44.325173 ], [ 4.039152, 44.323374 ], [ 4.042405, 44.31854 ], [ 4.040901, 44.315269 ], [ 4.036195, 44.311482 ], [ 4.034771, 44.308176 ], [ 4.029565, 44.306168 ], [ 4.021764, 44.305595 ], [ 4.015333, 44.306417 ], [ 4.014961, 44.306421 ], [ 4.014236, 44.306598 ], [ 4.007008, 44.308717 ], [ 4.002376, 44.309759 ], [ 3.996425, 44.303675 ], [ 3.993314, 44.29813 ], [ 3.992591, 44.297615 ], [ 3.992169, 44.297478 ], [ 3.991244, 44.297234 ], [ 3.987758, 44.29001 ], [ 3.989174, 44.288292 ], [ 3.989988, 44.284785 ], [ 3.989846, 44.284752 ], [ 3.98729, 44.285052 ], [ 3.986658, 44.285319 ], [ 3.98606, 44.285788 ], [ 3.983316, 44.287603 ], [ 3.983215, 44.287688 ], [ 3.983079, 44.287854 ], [ 3.978754, 44.290437 ], [ 3.973627, 44.289704 ], [ 3.972261, 44.290578 ], [ 3.97188, 44.291033 ], [ 3.970597, 44.293777 ], [ 3.969858, 44.296162 ], [ 3.9693, 44.30143 ], [ 3.960655, 44.302974 ], [ 3.959667, 44.301743 ], [ 3.959297, 44.301364 ], [ 3.958841, 44.301036 ], [ 3.958611, 44.300906 ], [ 3.958192, 44.300698 ], [ 3.957011, 44.300042 ], [ 3.954016, 44.302039 ], [ 3.954663, 44.303338 ], [ 3.955501, 44.30439 ], [ 3.955601, 44.304447 ], [ 3.959045, 44.306613 ], [ 3.960472, 44.307663 ], [ 3.961095, 44.308038 ], [ 3.964067, 44.311827 ], [ 3.962799, 44.317218 ], [ 3.965391, 44.310871 ], [ 3.961825, 44.306592 ], [ 3.961534, 44.306439 ], [ 3.95961, 44.305206 ], [ 3.959329, 44.304571 ], [ 3.959623, 44.304364 ], [ 3.961009, 44.305393 ], [ 3.964054, 44.306383 ], [ 3.971118, 44.301371 ], [ 3.976048, 44.29424 ], [ 3.981413, 44.2914 ], [ 3.981655, 44.291327 ], [ 3.98189, 44.291313 ], [ 3.982186, 44.291321 ], [ 3.982459, 44.291359 ], [ 3.982409, 44.291715 ], [ 3.981477, 44.294367 ], [ 3.985832, 44.300852 ], [ 3.989157, 44.304667 ], [ 3.989254, 44.30477 ], [ 3.990191, 44.306415 ], [ 3.995291, 44.312795 ], [ 3.99738, 44.311997 ], [ 3.997594, 44.311865 ], [ 3.997848, 44.311802 ], [ 4.001966, 44.311419 ], [ 4.002177, 44.311366 ], [ 4.007105, 44.310334 ], [ 4.007259, 44.310344 ], [ 4.014298, 44.310313 ], [ 4.014403, 44.310301 ], [ 4.021166, 44.310479 ], [ 4.023371, 44.308054 ], [ 4.027203, 44.307312 ], [ 4.027493, 44.307525 ], [ 4.02741, 44.307801 ], [ 4.026333, 44.309266 ], [ 4.02599, 44.309375 ], [ 4.022377, 44.310153 ], [ 4.021356, 44.310785 ], [ 4.020991, 44.311041 ], [ 4.020618, 44.311302 ], [ 4.019116, 44.312856 ], [ 4.018756, 44.313182 ], [ 4.018426, 44.313476 ], [ 4.018024, 44.313606 ], [ 4.016725, 44.321642 ], [ 4.020354, 44.322418 ], [ 4.023018, 44.322336 ], [ 4.023316, 44.322272 ], [ 4.023529, 44.322272 ], [ 4.023793, 44.32228 ], [ 4.024843, 44.322226 ], [ 4.026303, 44.321902 ], [ 4.026803, 44.321719 ], [ 4.029879, 44.319874 ], [ 4.030083, 44.319747 ], [ 4.032581, 44.318407 ], [ 4.033083, 44.31814 ], [ 4.033611, 44.317862 ], [ 4.033901, 44.31776 ], [ 4.034228, 44.317651 ], [ 4.034758, 44.317583 ], [ 4.035311, 44.317514 ], [ 4.035663, 44.317517 ], [ 4.036064, 44.317526 ], [ 4.036281, 44.317636 ], [ 4.036325, 44.317703 ], [ 4.036917, 44.323947 ], [ 4.033886, 44.325069 ], [ 4.028219, 44.327033 ], [ 4.027194, 44.327389 ], [ 4.025313, 44.328078 ], [ 4.019843, 44.327877 ], [ 4.01638, 44.329847 ], [ 4.008422, 44.329212 ], [ 4.008223, 44.329254 ], [ 4.007872, 44.329198 ], [ 4.001376, 44.335374 ], [ 4.000332, 44.337786 ], [ 4.000123, 44.338079 ], [ 3.995457, 44.341437 ], [ 3.995272, 44.341746 ], [ 3.993274, 44.342005 ], [ 3.992523, 44.342063 ], [ 3.989901, 44.342962 ], [ 3.989437, 44.343314 ], [ 3.989129, 44.343566 ], [ 3.988816, 44.343822 ], [ 3.992972, 44.351801 ], [ 3.99884, 44.350769 ], [ 3.998983, 44.350655 ], [ 3.999176, 44.350568 ], [ 3.999512, 44.350454 ], [ 3.999686, 44.35043 ], [ 3.999883, 44.350525 ], [ 4.000363, 44.350916 ], [ 4.000631, 44.351157 ], [ 4.000448, 44.351878 ], [ 3.996591, 44.357202 ], [ 3.995791, 44.357566 ], [ 3.995478, 44.357469 ], [ 3.993548, 44.35709 ], [ 3.98617, 44.361528 ], [ 3.985917, 44.361784 ], [ 3.983695, 44.361355 ], [ 3.97943, 44.36178 ], [ 3.97907, 44.361875 ], [ 3.978306, 44.36214 ], [ 3.977864, 44.362323 ], [ 3.977322, 44.362574 ], [ 3.97707, 44.362681 ], [ 3.976888, 44.36275 ], [ 3.976713, 44.362816 ], [ 3.976509, 44.362881 ], [ 3.976315, 44.362941 ], [ 3.973675, 44.371199 ], [ 3.975061, 44.37199 ], [ 3.975219, 44.37209 ], [ 3.975284, 44.37228 ], [ 3.976883, 44.376413 ], [ 3.976952, 44.376586 ], [ 3.978509, 44.38007 ], [ 3.97852, 44.380324 ], [ 3.978408, 44.380515 ], [ 3.977922, 44.381069 ], [ 3.977838, 44.381091 ], [ 3.977796, 44.381087 ], [ 3.977593, 44.380828 ], [ 3.975608, 44.3789 ], [ 3.975408, 44.378709 ], [ 3.968463, 44.374967 ], [ 3.967031, 44.374489 ], [ 3.966285, 44.374244 ], [ 3.965565, 44.374006 ], [ 3.965366, 44.373915 ], [ 3.963788, 44.372839 ], [ 3.96359, 44.372747 ], [ 3.963379, 44.3725 ], [ 3.963233, 44.372307 ], [ 3.963121, 44.372038 ], [ 3.963032, 44.371812 ], [ 3.962937, 44.371506 ], [ 3.962846, 44.371213 ], [ 3.962793, 44.370945 ], [ 3.962789, 44.370745 ], [ 3.959556, 44.365815 ], [ 3.95319, 44.366961 ], [ 3.952968, 44.367086 ], [ 3.950743, 44.37312 ], [ 3.954069, 44.376234 ], [ 3.95427, 44.376288 ], [ 3.954378, 44.376402 ], [ 3.954422, 44.376557 ], [ 3.957391, 44.381568 ], [ 3.957392, 44.381928 ], [ 3.957350032793935, 44.386616881477529 ], [ 3.958431, 44.38715 ], [ 3.958357, 44.387503 ], [ 3.957946567389867, 44.388998998373651 ], [ 3.95876, 44.3891 ] ] ], [ [ [ 3.935884, 44.367467 ], [ 3.936252, 44.368431 ], [ 3.936164, 44.373761 ], [ 3.935713, 44.37517 ], [ 3.935729, 44.375649 ], [ 3.935742758506825, 44.37597741734475 ], [ 3.938122, 44.37313 ], [ 3.937081, 44.367944 ], [ 3.936793, 44.367594 ], [ 3.936476, 44.366429 ], [ 3.936152, 44.365224 ], [ 3.936134023499221, 44.365201342235181 ], [ 3.936094, 44.365981 ], [ 3.935884, 44.367467 ] ] ], [ [ [ 3.907003, 44.341977 ], [ 3.909735, 44.342404 ], [ 3.910967, 44.342762 ], [ 3.911972, 44.343051 ], [ 3.912722, 44.343212 ], [ 3.91348, 44.343159 ], [ 3.913888, 44.343022 ], [ 3.914918, 44.342537 ], [ 3.916004, 44.341437 ], [ 3.916185, 44.340231 ], [ 3.91623, 44.339952 ], [ 3.921522, 44.33459 ], [ 3.922198, 44.334501 ], [ 3.922428, 44.334427 ], [ 3.926144, 44.334194 ], [ 3.928281, 44.3419 ], [ 3.928222, 44.342046 ], [ 3.926895, 44.343961 ], [ 3.926558, 44.348144 ], [ 3.924775, 44.352432 ], [ 3.924632, 44.353072 ], [ 3.920415, 44.360999 ], [ 3.919369, 44.362494 ], [ 3.918279, 44.364582 ], [ 3.918158, 44.366232 ], [ 3.918167, 44.368351 ], [ 3.918576, 44.36938 ], [ 3.91882, 44.369676 ], [ 3.921667, 44.368796 ], [ 3.923207, 44.368512 ], [ 3.924272, 44.366811 ], [ 3.926155, 44.364178 ], [ 3.926342, 44.3635 ], [ 3.926699327661575, 44.362683804712276 ], [ 3.924934, 44.363113 ], [ 3.922653, 44.366757 ], [ 3.922543, 44.367034 ], [ 3.922368, 44.367081 ], [ 3.922241, 44.367048 ], [ 3.922133, 44.366949 ], [ 3.921347, 44.365753 ], [ 3.92127, 44.365589 ], [ 3.921275, 44.365439 ], [ 3.921302, 44.363845 ], [ 3.921298, 44.363445 ], [ 3.921863, 44.362146 ], [ 3.924995, 44.358462 ], [ 3.926251, 44.353134 ], [ 3.92629, 44.353005 ], [ 3.928174, 44.348256 ], [ 3.928352, 44.343229 ], [ 3.928497, 44.341988 ], [ 3.928538, 44.341651 ], [ 3.928778, 44.34124 ], [ 3.926783, 44.332705 ], [ 3.922313, 44.332716 ], [ 3.922126, 44.332798 ], [ 3.921923, 44.332887 ], [ 3.921753, 44.332943 ], [ 3.921613, 44.332973 ], [ 3.921439, 44.332959 ], [ 3.921278, 44.332907 ], [ 3.921133, 44.332808 ], [ 3.91794, 44.33104 ], [ 3.917637, 44.330971 ], [ 3.917326, 44.330901 ], [ 3.910897, 44.336979 ], [ 3.910971, 44.337296 ], [ 3.91103, 44.337646 ], [ 3.911123, 44.338094 ], [ 3.911661, 44.340012 ], [ 3.912067, 44.340886 ], [ 3.912009, 44.341241 ], [ 3.911433, 44.341187 ], [ 3.911167, 44.341155 ], [ 3.902936, 44.341388 ], [ 3.902784936154869, 44.341420395976101 ], [ 3.90283, 44.341435 ], [ 3.907003, 44.341977 ] ] ] ] } },
{ "type": "Feature", "properties": { "codgeo": "30130", "value": 840, "isochrone_group": 14.0, "nb_agences": 1 }, "geometry": { "type": "MultiPolygon", "coordinates": [ [ [ [ 4.016142, 44.303487 ], [ 4.014959, 44.304567 ], [ 4.014241, 44.305182 ], [ 4.013669, 44.30641 ], [ 4.005186, 44.306677 ], [ 4.00415, 44.304726 ], [ 4.003904, 44.304491 ], [ 4.000352, 44.297003 ], [ 3.999694, 44.2963 ], [ 3.999208, 44.296193 ], [ 3.997475, 44.287524 ], [ 3.997863, 44.285116 ], [ 3.997785, 44.284988 ], [ 3.996575, 44.284039 ], [ 3.994233, 44.282714 ], [ 3.99354, 44.282451 ], [ 3.992948, 44.282383 ], [ 3.992375, 44.282438 ], [ 3.991768, 44.282636 ], [ 3.991215, 44.282989 ], [ 3.98729, 44.285052 ], [ 3.989846, 44.284752 ], [ 3.989988, 44.284785 ], [ 3.989174, 44.288292 ], [ 3.987758, 44.29001 ], [ 3.991244, 44.297234 ], [ 3.992169, 44.297478 ], [ 3.992591, 44.297615 ], [ 3.993314, 44.29813 ], [ 3.996425, 44.303675 ], [ 4.002376, 44.309759 ], [ 4.007008, 44.308717 ], [ 4.014236, 44.306598 ], [ 4.014961, 44.306421 ], [ 4.015333, 44.306417 ], [ 4.019876502992674, 44.305836256809215 ], [ 4.019021, 44.30545 ], [ 4.016142, 44.303487 ] ] ], [ [ [ 3.972496, 44.286805 ], [ 3.971702, 44.286322 ], [ 3.96983, 44.289397 ], [ 3.969889, 44.290611 ], [ 3.969973, 44.290812 ], [ 3.969872497824715, 44.296115210673946 ], [ 3.970597, 44.293777 ], [ 3.97188, 44.291033 ], [ 3.972261, 44.290578 ], [ 3.973627, 44.289704 ], [ 3.978754, 44.290437 ], [ 3.982171784226389, 44.288395812333682 ], [ 3.980301, 44.289092 ], [ 3.972496, 44.286805 ] ] ], [ [ [ 3.954146, 44.297521 ], [ 3.953396, 44.296914 ], [ 3.95303, 44.296621 ], [ 3.950777, 44.299428 ], [ 3.954099, 44.30437 ], [ 3.955499, 44.307343 ], [ 3.956255, 44.30796 ], [ 3.957186, 44.30814 ], [ 3.957852, 44.30801 ], [ 3.964067, 44.311827 ], [ 3.961095, 44.308038 ], [ 3.960472, 44.307663 ], [ 3.959045, 44.306613 ], [ 3.955601, 44.304447 ], [ 3.955501, 44.30439 ], [ 3.954663, 44.303338 ], [ 3.954016, 44.302039 ], [ 3.957011, 44.300042 ], [ 3.958192, 44.300698 ], [ 3.958611, 44.300906 ], [ 3.956256, 44.299069 ], [ 3.954146, 44.297521 ] ] ], [ [ [ 3.924033, 44.322406 ], [ 3.923535, 44.322248 ], [ 3.922753, 44.322171 ], [ 3.918441, 44.322981 ], [ 3.920432, 44.323521 ], [ 3.920947, 44.324124 ], [ 3.924829, 44.329393 ], [ 3.930144, 44.329423 ], [ 3.931239, 44.329241 ], [ 3.925126, 44.322827 ], [ 3.924033, 44.322406 ] ] ], [ [ [ 3.882073, 44.327379 ], [ 3.881373, 44.328297 ], [ 3.873696, 44.332315 ], [ 3.873428, 44.332479 ], [ 3.872924, 44.332969 ], [ 3.872558, 44.333591 ], [ 3.87222, 44.334296 ], [ 3.872261, 44.335362 ], [ 3.872645, 44.336037 ], [ 3.87394, 44.336844 ], [ 3.87462, 44.336939 ], [ 3.875154, 44.336859 ], [ 3.883306, 44.336513 ], [ 3.884139, 44.336548 ], [ 3.884567, 44.336484 ], [ 3.885079, 44.336279 ], [ 3.885707, 44.335712 ], [ 3.887561, 44.334503 ], [ 3.889675744943945, 44.334373936618753 ], [ 3.886485, 44.333499 ], [ 3.881391, 44.335118 ], [ 3.878708, 44.336314 ], [ 3.877896, 44.336446 ], [ 3.877146, 44.33629 ], [ 3.877028, 44.336238 ], [ 3.877029, 44.333142 ], [ 3.877435, 44.332748 ], [ 3.877763, 44.332509 ], [ 3.879235, 44.331445 ], [ 3.88391, 44.328639 ], [ 3.891654, 44.326424 ], [ 3.89297, 44.326487 ], [ 3.893764, 44.326512 ], [ 3.894602, 44.326626 ], [ 3.895573, 44.326737 ], [ 3.889599, 44.325419 ], [ 3.882073, 44.327379 ] ] ], [ [ [ 3.919036, 44.370789 ], [ 3.92029, 44.371615 ], [ 3.920841, 44.371795 ], [ 3.921429, 44.371808 ], [ 3.922404, 44.371552 ], [ 3.923554, 44.371268 ], [ 3.92452, 44.371078 ], [ 3.925473, 44.370036 ], [ 3.925042, 44.368119 ], [ 3.926155, 44.364178 ], [ 3.924272, 44.366811 ], [ 3.923207, 44.368512 ], [ 3.921667, 44.368796 ], [ 3.91882, 44.369676 ], [ 3.918576, 44.36938 ], [ 3.918167, 44.368351 ], [ 3.918145, 44.37019 ], [ 3.919036, 44.370789 ] ] ], [ [ [ 3.931562, 44.385953 ], [ 3.931310595727285, 44.391294179957526 ], [ 3.934344539602801, 44.388102165056551 ], [ 3.934314, 44.384874 ], [ 3.934369, 44.384655 ], [ 3.934756, 44.383702 ], [ 3.935598913496986, 44.381084446784271 ], [ 3.935806, 44.377487 ], [ 3.935729, 44.375649 ], [ 3.932631, 44.382516 ], [ 3.931562, 44.385953 ] ] ], [ [ [ 3.929245, 44.414297 ], [ 3.929357, 44.415567 ], [ 3.929588028175107, 44.415965884583592 ], [ 3.930866, 44.414544 ], [ 3.930986, 44.414399 ], [ 3.933033279711427, 44.410222949694777 ], [ 3.932675, 44.409844 ], [ 3.932325, 44.409146 ], [ 3.930782121734423, 44.405271143527855 ], [ 3.929671, 44.413442 ], [ 3.929245, 44.414297 ] ] ], [ [ [ 3.980263, 44.393871 ], [ 3.981571, 44.392702 ], [ 3.982068, 44.391977 ], [ 3.982396, 44.390894 ], [ 3.98686, 44.384187 ], [ 3.988401, 44.383261 ], [ 3.988862, 44.382881 ], [ 3.989389, 44.381487 ], [ 3.989287, 44.380791 ], [ 3.988053, 44.378295 ], [ 3.987991, 44.378188 ], [ 3.987961, 44.378154 ], [ 3.984974, 44.37666 ], [ 3.983648, 44.375153 ], [ 3.977921, 44.375151 ], [ 3.97828, 44.375594 ], [ 3.978572, 44.376635 ], [ 3.982614, 44.381616 ], [ 3.982746, 44.381795 ], [ 3.983164, 44.385674 ], [ 3.983115, 44.386801 ], [ 3.982542, 44.387672 ], [ 3.98218, 44.387938 ], [ 3.981403, 44.388219 ], [ 3.981006, 44.388252 ], [ 3.98085794824729, 44.388245690976447 ], [ 3.980826, 44.390345 ], [ 3.980815, 44.390531 ], [ 3.980754, 44.390826 ], [ 3.980696, 44.391097 ], [ 3.980567, 44.391332 ], [ 3.979775522124394, 44.39415470078692 ], [ 3.980263, 44.393871 ] ] ], [ [ [ 3.973282, 44.384909 ], [ 3.965918444801634, 44.387007599727035 ], [ 3.969397, 44.390448 ], [ 3.97107, 44.390678 ], [ 3.975774, 44.389384 ], [ 3.978478754504579, 44.387354487873843 ], [ 3.973282, 44.384909 ] ] ], [ [ [ 3.979378, 44.365852 ], [ 3.985169, 44.366233 ], [ 3.985758, 44.365894 ], [ 3.986515, 44.36551 ], [ 3.987073, 44.365079 ], [ 3.987176006670602, 44.364977070054188 ], [ 3.979983, 44.363302 ], [ 3.97848, 44.363821 ], [ 3.975576, 44.371703 ], [ 3.977921, 44.375151 ], [ 3.978092, 44.366468 ], [ 3.979378, 44.365852 ] ] ], [ [ [ 4.012249, 44.352773 ], [ 4.012756, 44.353 ], [ 4.01427, 44.353452 ], [ 4.014867, 44.353537 ], [ 4.016293, 44.353786 ], [ 4.016851, 44.353807 ], [ 4.017093, 44.353803 ], [ 4.018931, 44.351279 ], [ 4.018349, 44.347726 ], [ 4.013397, 44.345595 ], [ 4.013227, 44.345501 ], [ 4.012347, 44.345365 ], [ 4.012142, 44.34541 ], [ 4.007724, 44.347227 ], [ 4.008316, 44.347292 ], [ 4.008902, 44.347495 ], [ 4.00993, 44.347935 ], [ 4.008607, 44.351284 ], [ 4.004804, 44.351646 ], [ 4.002554406427649, 44.35263041930417 ], [ 4.009813, 44.351805 ], [ 4.012249, 44.352773 ] ] ], [ [ [ 4.004373, 44.338342 ], [ 4.004747, 44.338204 ], [ 4.005314, 44.337916 ], [ 4.006127, 44.337354 ], [ 4.01225, 44.334056 ], [ 4.014205, 44.334008 ], [ 4.014633, 44.333906 ], [ 4.014872, 44.333836 ], [ 4.015259, 44.333683 ], [ 4.016001, 44.333093 ], [ 4.01697, 44.331775 ], [ 4.024831, 44.328409 ], [ 4.017259, 44.331223 ], [ 4.016878, 44.331467 ], [ 4.016527, 44.331705 ], [ 4.015902, 44.332037 ], [ 4.015359, 44.332274 ], [ 4.015301, 44.332278 ], [ 4.012957, 44.332165 ], [ 4.00806, 44.330118 ], [ 4.002012, 44.335393 ], [ 4.002984, 44.338721 ], [ 4.002656, 44.338935 ], [ 4.00237, 44.339128 ], [ 4.003078, 44.338803 ], [ 4.004373, 44.338342 ] ] ], [ [ [ 4.041585, 44.322789 ], [ 4.041963, 44.32267 ], [ 4.043008149257566, 44.321269811147936 ], [ 4.040455959602212, 44.321436299195462 ], [ 4.039152, 44.323374 ], [ 4.034738, 44.325173 ], [ 4.04004, 44.323169 ], [ 4.041585, 44.322789 ] ] ] ] } },
{ "type": "Feature", "properties": { "codgeo": "30130", "value": 900, "isochrone_group": 15.0, "nb_agences": 1 }, "geometry": { "type": "MultiPolygon", "coordinates": [ [ [ [ 4.001033, 44.287447 ], [ 4.003047, 44.282436 ], [ 4.002605, 44.281488 ], [ 4.002166, 44.280884 ], [ 4.001649, 44.280474 ], [ 3.999283, 44.279137 ], [ 3.995686, 44.279271 ], [ 3.993701, 44.279359 ], [ 3.993214, 44.279399 ], [ 3.992279, 44.279846 ], [ 3.991833, 44.280326 ], [ 3.991487, 44.280696 ], [ 3.986658, 44.285319 ], [ 3.98729, 44.285052 ], [ 3.991215, 44.282989 ], [ 3.991768, 44.282636 ], [ 3.992375, 44.282438 ], [ 3.992948, 44.282383 ], [ 3.99354, 44.282451 ], [ 3.994233, 44.282714 ], [ 3.996575, 44.284039 ], [ 3.997785, 44.284988 ], [ 3.997863, 44.285116 ], [ 3.997475, 44.287524 ], [ 3.999208, 44.296193 ], [ 3.999694, 44.2963 ], [ 4.000352, 44.297003 ], [ 4.003904, 44.304491 ], [ 4.00415, 44.304726 ], [ 4.005186, 44.306677 ], [ 4.005859764330556, 44.306655793460294 ], [ 4.006587, 44.303535 ], [ 4.010733, 44.302299 ], [ 4.012192, 44.301741 ], [ 4.012345832533576, 44.3016679885732 ], [ 4.005243, 44.2988 ], [ 4.003206, 44.295707 ], [ 4.001033, 44.287447 ] ] ], [ [ [ 3.974372091028954, 44.287354727121489 ], [ 3.980301, 44.289092 ], [ 3.983488, 44.287906 ], [ 3.98606, 44.285788 ], [ 3.981733, 44.287709 ], [ 3.974372091028954, 44.287354727121489 ] ] ], [ [ [ 3.970825, 44.284401 ], [ 3.970257, 44.284242 ], [ 3.968993, 44.283964 ], [ 3.967963, 44.284444 ], [ 3.967615, 44.284827 ], [ 3.967229, 44.28579 ], [ 3.967192, 44.287019 ], [ 3.967989, 44.288127 ], [ 3.968575, 44.296951 ], [ 3.968097, 44.297277 ], [ 3.967874, 44.297856 ], [ 3.967767, 44.298908 ], [ 3.959297, 44.301364 ], [ 3.959667, 44.301743 ], [ 3.960655, 44.302974 ], [ 3.9693, 44.30143 ], [ 3.969708, 44.299304 ], [ 3.969704, 44.298941 ], [ 3.969827, 44.298516 ], [ 3.969973, 44.290812 ], [ 3.969889, 44.290611 ], [ 3.96983, 44.289397 ], [ 3.971702, 44.286322 ], [ 3.972496, 44.286805 ], [ 3.97283914044199, 44.286905546084668 ], [ 3.971598, 44.284615 ], [ 3.970825, 44.284401 ] ] ], [ [ [ 3.952009, 44.295884 ], [ 3.949144, 44.295897 ], [ 3.947561, 44.297758 ], [ 3.947325, 44.298312 ], [ 3.948069, 44.299289 ], [ 3.95397, 44.305967 ], [ 3.95421, 44.306397 ], [ 3.954739, 44.307 ], [ 3.95686, 44.308883 ], [ 3.957114, 44.309105 ], [ 3.957596, 44.309474 ], [ 3.958174, 44.309786 ], [ 3.959055, 44.309977 ], [ 3.962799, 44.317218 ], [ 3.964067, 44.311827 ], [ 3.957852, 44.30801 ], [ 3.957186, 44.30814 ], [ 3.956255, 44.30796 ], [ 3.955499, 44.307343 ], [ 3.954099, 44.30437 ], [ 3.950777, 44.299428 ], [ 3.95303, 44.296621 ], [ 3.953396, 44.296914 ], [ 3.954146, 44.297521 ], [ 3.952924, 44.296378 ], [ 3.952009, 44.295884 ] ] ], [ [ [ 3.928643, 44.322504 ], [ 3.928409, 44.321923 ], [ 3.928056, 44.321448 ], [ 3.927507, 44.321007 ], [ 3.927062, 44.320729 ], [ 3.922753, 44.322171 ], [ 3.923535, 44.322248 ], [ 3.924033, 44.322406 ], [ 3.925126, 44.322827 ], [ 3.931239, 44.329241 ], [ 3.931778, 44.329203 ], [ 3.932356, 44.329236 ], [ 3.933131, 44.3294 ], [ 3.934867574510824, 44.329385782430897 ], [ 3.928792, 44.324123 ], [ 3.928643, 44.322504 ] ] ], [ [ [ 3.889954, 44.323385 ], [ 3.886416, 44.325732 ], [ 3.88116, 44.32735 ], [ 3.873442, 44.32602 ], [ 3.873312, 44.325961 ], [ 3.871146, 44.325874 ], [ 3.870715, 44.329448 ], [ 3.872261, 44.335362 ], [ 3.87222, 44.334296 ], [ 3.872558, 44.333591 ], [ 3.872924, 44.332969 ], [ 3.873428, 44.332479 ], [ 3.873696, 44.332315 ], [ 3.881373, 44.328297 ], [ 3.882073, 44.327379 ], [ 3.889599, 44.325419 ], [ 3.895573, 44.326737 ], [ 3.896241, 44.32692 ], [ 3.893252, 44.323944 ], [ 3.889954, 44.323385 ] ] ], [ [ [ 3.897114, 44.337573 ], [ 3.892919, 44.334176 ], [ 3.887561, 44.334503 ], [ 3.885707, 44.335712 ], [ 3.885079, 44.336279 ], [ 3.884567, 44.336484 ], [ 3.889205, 44.336108 ], [ 3.897114, 44.337573 ] ] ], [ [ [ 3.916526, 44.36181 ], [ 3.916327, 44.362899 ], [ 3.91601, 44.364968 ], [ 3.916278, 44.366761 ], [ 3.917351, 44.369214 ], [ 3.917752, 44.369855 ], [ 3.918145244102121, 44.370169595281695 ], [ 3.918167, 44.368351 ], [ 3.918158, 44.366232 ], [ 3.918279, 44.364582 ], [ 3.919369, 44.362494 ], [ 3.920415, 44.360999 ], [ 3.921790912007709, 44.358412598651846 ], [ 3.917009, 44.361047 ], [ 3.916526, 44.36181 ] ] ], [ [ [ 3.927641198453697, 44.415708421159387 ], [ 3.928052, 44.415332 ], [ 3.929585, 44.413553 ], [ 3.929587041763127, 44.413535310654908 ], [ 3.927705, 44.415627 ], [ 3.927641198453697, 44.415708421159387 ] ] ], [ [ [ 3.927361, 44.416066 ], [ 3.927345460561495, 44.416106445855625 ], [ 3.927467963531676, 44.415929497120906 ], [ 3.927361, 44.416066 ] ] ], [ [ [ 3.927074, 44.416813 ], [ 3.927076896761442, 44.416899727281944 ], [ 3.927216553484373, 44.41644196357899 ], [ 3.927074, 44.416813 ] ] ], [ [ [ 3.927107, 44.417801 ], [ 3.927140854005349, 44.417878399549494 ], [ 3.927095605272794, 44.417459848773341 ], [ 3.927107, 44.417801 ] ] ], [ [ [ 3.927362, 44.418384 ], [ 3.928452, 44.420241 ], [ 3.928519597458938, 44.420285686564462 ], [ 3.927429, 44.418484 ], [ 3.927259928102559, 44.418150635622723 ], [ 3.927362, 44.418384 ] ] ], [ [ [ 3.988614, 44.370618 ], [ 3.987923, 44.363526 ], [ 3.98736, 44.364795 ], [ 3.987073, 44.365079 ], [ 3.986515, 44.36551 ], [ 3.985758, 44.365894 ], [ 3.985169, 44.366233 ], [ 3.979378, 44.365852 ], [ 3.978092, 44.366468 ], [ 3.977921, 44.375151 ], [ 3.983648, 44.375153 ], [ 3.984974, 44.37666 ], [ 3.987961, 44.378154 ], [ 3.987991, 44.378188 ], [ 3.988053, 44.378295 ], [ 3.989287, 44.380791 ], [ 3.989389, 44.381487 ], [ 3.989892, 44.373603 ], [ 3.988614, 44.370618 ] ] ], [ [ [ 4.012513, 44.355503 ], [ 4.012826, 44.356145 ], [ 4.01426, 44.358079 ], [ 4.017302, 44.35752 ], [ 4.019203, 44.35672 ], [ 4.021627, 44.354059 ], [ 4.026137, 44.348897 ], [ 4.026521, 44.347691 ], [ 4.02668, 44.346861 ], [ 4.024404, 44.3441 ], [ 4.024237, 44.344224 ], [ 4.022664, 44.345381 ], [ 4.015321, 44.346082 ], [ 4.013007, 44.344088 ], [ 4.012635, 44.343964 ], [ 4.008473, 44.336969 ], [ 4.012437, 44.334891 ], [ 4.016022, 44.335219 ], [ 4.017018, 44.333098 ], [ 4.023187489800216, 44.329112734300033 ], [ 4.01697, 44.331775 ], [ 4.016001, 44.333093 ], [ 4.015259, 44.333683 ], [ 4.014872, 44.333836 ], [ 4.014633, 44.333906 ], [ 4.014205, 44.334008 ], [ 4.01225, 44.334056 ], [ 4.006127, 44.337354 ], [ 4.005314, 44.337916 ], [ 4.004747, 44.338204 ], [ 4.004373, 44.338342 ], [ 4.003078, 44.338803 ], [ 4.00237, 44.339128 ], [ 4.005751, 44.347428 ], [ 4.006084, 44.347372 ], [ 4.006816, 44.347306 ], [ 4.007724, 44.347227 ], [ 4.012142, 44.34541 ], [ 4.012347, 44.345365 ], [ 4.013227, 44.345501 ], [ 4.013397, 44.345595 ], [ 4.018349, 44.347726 ], [ 4.018931, 44.351279 ], [ 4.017093, 44.353803 ], [ 4.016851, 44.353807 ], [ 4.016293, 44.353786 ], [ 4.014867, 44.353537 ], [ 4.01427, 44.353452 ], [ 4.012756, 44.353 ], [ 4.012249, 44.352773 ], [ 4.009813, 44.351805 ], [ 4.00547461090801, 44.352298344897996 ], [ 4.012274, 44.355076 ], [ 4.012513, 44.355503 ] ] ], [ [ [ 4.011656, 44.306311 ], [ 4.011190254087888, 44.306488017818985 ], [ 4.013669, 44.30641 ], [ 4.013901038963707, 44.305911846420557 ], [ 4.012025, 44.306185 ], [ 4.011656, 44.306311 ] ] ] ] } },
{ "type": "Feature", "properties": { "codgeo": "30130", "value": 960, "isochrone_group": 16.0, "nb_agences": 1 }, "geometry": { "type": "MultiPolygon", "coordinates": [ [ [ [ 4.005920760930127, 44.280580508688047 ], [ 4.004946, 44.281218 ], [ 4.004317, 44.281664 ], [ 4.003569, 44.281882 ], [ 4.002899, 44.281876 ], [ 4.002771265473352, 44.281844605585398 ], [ 4.003047, 44.282436 ], [ 4.001033, 44.287447 ], [ 4.003206, 44.295707 ], [ 4.005243, 44.2988 ], [ 4.011088507759426, 44.301160304762831 ], [ 4.013886, 44.300937 ], [ 4.015072, 44.300418 ], [ 4.015632164358931, 44.300064887796673 ], [ 4.009138, 44.295012 ], [ 4.007327, 44.291901 ], [ 4.006534, 44.284019 ], [ 4.005920760930127, 44.280580508688047 ] ] ], [ [ [ 3.998055, 44.276854 ], [ 3.997395, 44.277014 ], [ 3.996764, 44.27733 ], [ 3.993214, 44.279399 ], [ 3.993701, 44.279359 ], [ 3.995686, 44.279271 ], [ 3.999283, 44.279137 ], [ 4.001649, 44.280474 ], [ 4.001768110406889, 44.28056845893002 ], [ 4.001683, 44.278962 ], [ 4.001909, 44.277878 ], [ 4.00213, 44.277095 ], [ 4.00239243929131, 44.276906043710255 ], [ 3.999761, 44.276592 ], [ 3.998055, 44.276854 ] ] ], [ [ [ 3.982279, 44.287209 ], [ 3.974672, 44.283636 ], [ 3.974414, 44.283637 ], [ 3.972806, 44.283724 ], [ 3.968993, 44.283964 ], [ 3.970257, 44.284242 ], [ 3.970825, 44.284401 ], [ 3.971598, 44.284615 ], [ 3.973048, 44.287291 ], [ 3.981733, 44.287709 ], [ 3.98606, 44.285788 ], [ 3.986658, 44.285319 ], [ 3.991487, 44.280696 ], [ 3.991833, 44.280326 ], [ 3.992279, 44.279846 ], [ 3.993214, 44.279399 ], [ 3.986884, 44.281251 ], [ 3.984636, 44.28406 ], [ 3.982279, 44.287209 ] ] ], [ [ [ 3.955424468679038, 44.298458947637528 ], [ 3.956256, 44.299069 ], [ 3.958611, 44.300906 ], [ 3.958841, 44.301036 ], [ 3.959297, 44.301364 ], [ 3.967767, 44.298908 ], [ 3.967874, 44.297856 ], [ 3.968097, 44.297277 ], [ 3.968575, 44.296951 ], [ 3.967989, 44.288127 ], [ 3.963865, 44.295886 ], [ 3.963325, 44.296025 ], [ 3.955424468679038, 44.298458947637528 ] ] ], [ [ [ 3.949072, 44.294611 ], [ 3.948125, 44.294756 ], [ 3.947764, 44.294863 ], [ 3.94678, 44.295973 ], [ 3.946973, 44.300146 ], [ 3.95161, 44.306808 ], [ 3.953384, 44.308104 ], [ 3.956369, 44.309485 ], [ 3.956577, 44.309557 ], [ 3.957119, 44.309656 ], [ 3.957162, 44.309656 ], [ 3.959771524286248, 44.31136277787305 ], [ 3.959055, 44.309977 ], [ 3.958174, 44.309786 ], [ 3.957596, 44.309474 ], [ 3.957114, 44.309105 ], [ 3.95686, 44.308883 ], [ 3.954739, 44.307 ], [ 3.95421, 44.306397 ], [ 3.95397, 44.305967 ], [ 3.948069, 44.299289 ], [ 3.947325, 44.298312 ], [ 3.947561, 44.297758 ], [ 3.949144, 44.295897 ], [ 3.952009, 44.295884 ], [ 3.952924, 44.296378 ], [ 3.950739, 44.294511 ], [ 3.94993, 44.294563 ], [ 3.949072, 44.294611 ] ] ], [ [ [ 3.92761, 44.319186 ], [ 3.927362, 44.318611 ], [ 3.927064, 44.318178 ], [ 3.926694, 44.317794 ], [ 3.926115, 44.317283 ], [ 3.925618, 44.317004 ], [ 3.925174, 44.316806 ], [ 3.923225, 44.319429 ], [ 3.918441, 44.322981 ], [ 3.922753, 44.322171 ], [ 3.927062, 44.320729 ], [ 3.927507, 44.321007 ], [ 3.928056, 44.321448 ], [ 3.928409, 44.321923 ], [ 3.928643, 44.322504 ], [ 3.928792, 44.324123 ], [ 3.935355, 44.329808 ], [ 3.929348, 44.323139 ], [ 3.928828, 44.322045 ], [ 3.92761, 44.319186 ] ] ], [ [ [ 3.889954, 44.323385 ], [ 3.893252, 44.323944 ], [ 3.896241, 44.32692 ], [ 3.905218, 44.327151 ], [ 3.896732, 44.324302 ], [ 3.896272, 44.324219 ], [ 3.889954, 44.323385 ] ] ], [ [ [ 3.872437, 44.325566 ], [ 3.869766, 44.325341 ], [ 3.869065, 44.325285 ], [ 3.86781, 44.32527 ], [ 3.861969, 44.32535 ], [ 3.860672, 44.325365 ], [ 3.860273, 44.325407 ], [ 3.859219, 44.325607 ], [ 3.858618, 44.325846 ], [ 3.858327, 44.326023 ], [ 3.860193, 44.329101 ], [ 3.864695, 44.329635 ], [ 3.865631, 44.329646 ], [ 3.872261, 44.335362 ], [ 3.870715, 44.329448 ], [ 3.871146, 44.325874 ], [ 3.873312, 44.325961 ], [ 3.873442, 44.32602 ], [ 3.88116, 44.32735 ], [ 3.886416, 44.325732 ], [ 3.889954, 44.323385 ], [ 3.882359, 44.325031 ], [ 3.873463, 44.325621 ], [ 3.872437, 44.325566 ] ] ], [ [ [ 3.90067, 44.340735 ], [ 3.900297, 44.340578 ], [ 3.897114, 44.337573 ], [ 3.889205, 44.336108 ], [ 3.884567, 44.336484 ], [ 3.884139, 44.336548 ], [ 3.883306, 44.336513 ], [ 3.8891, 44.338131 ], [ 3.892021, 44.340027 ], [ 3.90067, 44.340735 ] ] ], [ [ [ 3.916225, 44.359716 ], [ 3.915518, 44.361352 ], [ 3.915221, 44.361959 ], [ 3.914937, 44.362822 ], [ 3.916278, 44.366761 ], [ 3.91601, 44.364968 ], [ 3.916327, 44.362899 ], [ 3.916526, 44.36181 ], [ 3.917009, 44.361047 ], [ 3.923825, 44.357292 ], [ 3.924632, 44.353072 ], [ 3.924775, 44.352432 ], [ 3.918151, 44.357218 ], [ 3.917061, 44.35768 ], [ 3.916225, 44.359716 ] ] ], [ [ [ 3.99333, 44.373936 ], [ 3.995463, 44.367529 ], [ 3.997618, 44.364649 ], [ 3.997803, 44.355674 ], [ 3.996591, 44.357202 ], [ 3.995595, 44.359174 ], [ 3.987923, 44.363526 ], [ 3.988614, 44.370618 ], [ 3.989892, 44.373603 ], [ 3.989389, 44.381487 ], [ 3.988862, 44.382881 ], [ 3.992907, 44.376433 ], [ 3.993124, 44.375506 ], [ 3.99333, 44.373936 ] ] ], [ [ [ 4.011454, 44.361314 ], [ 4.016181, 44.361391 ], [ 4.016717, 44.361353 ], [ 4.019461, 44.361157 ], [ 4.022511, 44.360779 ], [ 4.02307, 44.360081 ], [ 4.023006, 44.358324 ], [ 4.023084, 44.356452 ], [ 4.024347121581761, 44.350945636894664 ], [ 4.021627, 44.354059 ], [ 4.019203, 44.35672 ], [ 4.017302, 44.35752 ], [ 4.01426, 44.358079 ], [ 4.012826, 44.356145 ], [ 4.012513, 44.355503 ], [ 4.012274, 44.355076 ], [ 4.004218, 44.351785 ], [ 4.003893, 44.351877 ], [ 4.001837, 44.352712 ], [ 4.008345, 44.358107 ], [ 4.009494, 44.361519 ], [ 4.011454, 44.361314 ] ] ], [ [ [ 4.033914, 44.348823 ], [ 4.03353, 44.348632 ], [ 4.033449, 44.348523 ], [ 4.033713, 44.346224 ], [ 4.033925, 44.34592 ], [ 4.034289, 44.345399 ], [ 4.034527242067453, 44.345024701619323 ], [ 4.034046, 44.3448 ], [ 4.032357, 44.343803 ], [ 4.031577, 44.343459 ], [ 4.027966, 44.341224 ], [ 4.027043, 44.340922 ], [ 4.025846, 44.340968 ], [ 4.024948, 44.341525 ], [ 4.024025, 44.342946 ], [ 4.023839, 44.343302 ], [ 4.023262, 44.344259 ], [ 4.021876216428085, 44.345456205812894 ], [ 4.022664, 44.345381 ], [ 4.024237, 44.344224 ], [ 4.024404, 44.3441 ], [ 4.02668, 44.346861 ], [ 4.026521, 44.347691 ], [ 4.026137, 44.348897 ], [ 4.024898874318522, 44.350314118573799 ], [ 4.031505, 44.347974 ], [ 4.033597, 44.348711 ], [ 4.033914, 44.348823 ] ] ], [ [ [ 4.015358, 44.336567 ], [ 4.015939, 44.335623 ], [ 4.016010694046673, 44.335217965591994 ], [ 4.012437, 44.334891 ], [ 4.008473, 44.336969 ], [ 4.012602914198393, 44.343910073959094 ], [ 4.013932, 44.337336 ], [ 4.014533, 44.337044 ], [ 4.015358, 44.336567 ] ] ], [ [ [ 4.016457969176203, 44.334290595760322 ], [ 4.01714294071798, 44.333017292846904 ], [ 4.017018, 44.333098 ], [ 4.016457969176203, 44.334290595760322 ] ] ], [ [ [ 4.01734, 44.29896 ], [ 4.016936152345006, 44.299242889639245 ], [ 4.017426765059666, 44.298933620879303 ], [ 4.01734, 44.29896 ] ] ], [ [ [ 4.036101, 44.348731 ], [ 4.036135056361663, 44.3487024976328 ], [ 4.035888398622495, 44.348816267932165 ], [ 4.036101, 44.348731 ] ] ], [ [ [ 4.03554, 44.348956 ], [ 4.03560078119206, 44.348931622516545 ], [ 4.035271682951134, 44.348982097706887 ], [ 4.03554, 44.348956 ] ] ], [ [ [ 4.034882, 44.34902 ], [ 4.034937940655364, 44.349014558963624 ], [ 4.034647142755177, 44.348977955032126 ], [ 4.034882, 44.34902 ] ] ] ] } },
{ "type": "Feature", "properties": { "codgeo": "30130", "value": 1020, "isochrone_group": 17.0, "nb_agences": 1 }, "geometry": { "type": "MultiPolygon", "coordinates": [ [ [ [ 4.011403, 44.286093 ], [ 4.011387, 44.285882 ], [ 4.00981, 44.284018 ], [ 4.012217174365064, 44.276638909497642 ], [ 4.010787, 44.277398 ], [ 4.009651, 44.277899 ], [ 4.005890489974123, 44.280410776483542 ], [ 4.006534, 44.284019 ], [ 4.007327, 44.291901 ], [ 4.008903064410834, 44.294608419316461 ], [ 4.010397, 44.291481 ], [ 4.010744, 44.290301 ], [ 4.011411, 44.286741 ], [ 4.011403, 44.286093 ] ] ], [ [ [ 3.998223875992287, 44.276817063378935 ], [ 3.998055, 44.276854 ], [ 3.998201325906024, 44.276831527908925 ], [ 3.998223875992287, 44.276817063378935 ] ] ], [ [ [ 3.974021, 44.283295 ], [ 3.97306, 44.2831 ], [ 3.97068, 44.282671 ], [ 3.967963, 44.284444 ], [ 3.968993, 44.283964 ], [ 3.972806, 44.283724 ], [ 3.974414, 44.283637 ], [ 3.974672, 44.283636 ], [ 3.982279, 44.287209 ], [ 3.984636, 44.28406 ], [ 3.986884, 44.281251 ], [ 3.993214, 44.279399 ], [ 3.98527, 44.278666 ], [ 3.98189, 44.278928 ], [ 3.981818, 44.278971 ], [ 3.974021, 44.283295 ] ] ], [ [ [ 3.949211, 44.29295 ], [ 3.948681, 44.292927 ], [ 3.94855, 44.292964 ], [ 3.948226, 44.29318 ], [ 3.947156, 44.294139 ], [ 3.946171, 44.295473 ], [ 3.945904, 44.297229 ], [ 3.945955, 44.299159 ], [ 3.947533, 44.30242 ], [ 3.948871, 44.308338 ], [ 3.949273, 44.308831 ], [ 3.949926, 44.309443 ], [ 3.950724, 44.30941 ], [ 3.95157, 44.309324 ], [ 3.952229, 44.309207 ], [ 3.952792, 44.309132 ], [ 3.954656128542066, 44.3086925459017 ], [ 3.953384, 44.308104 ], [ 3.95161, 44.306808 ], [ 3.946973, 44.300146 ], [ 3.94678, 44.295973 ], [ 3.947764, 44.294863 ], [ 3.948125, 44.294756 ], [ 3.949072, 44.294611 ], [ 3.94993, 44.294563 ], [ 3.950739, 44.294511 ], [ 3.952924, 44.296378 ], [ 3.954146, 44.297521 ], [ 3.955262, 44.298509 ], [ 3.963325, 44.296025 ], [ 3.963865, 44.295886 ], [ 3.967989, 44.288127 ], [ 3.967192, 44.287019 ], [ 3.962124, 44.294001 ], [ 3.958694, 44.295097 ], [ 3.95149, 44.293293 ], [ 3.949211, 44.29295 ] ] ], [ [ [ 3.962799, 44.317218 ], [ 3.964273, 44.314307 ], [ 3.963588924371851, 44.313859575482155 ], [ 3.962799, 44.317218 ] ] ], [ [ [ 3.935355, 44.329808 ], [ 3.936002, 44.3299 ], [ 3.938205, 44.32982 ], [ 3.935355, 44.329808 ] ] ], [ [ [ 3.927164, 44.316752 ], [ 3.923105, 44.316011 ], [ 3.922767, 44.316058 ], [ 3.920916, 44.318869 ], [ 3.913174, 44.322783 ], [ 3.91403, 44.323035 ], [ 3.918441, 44.322981 ], [ 3.923225, 44.319429 ], [ 3.925174, 44.316806 ], [ 3.925618, 44.317004 ], [ 3.926115, 44.317283 ], [ 3.926694, 44.317794 ], [ 3.927064, 44.318178 ], [ 3.927362, 44.318611 ], [ 3.92761, 44.319186 ], [ 3.92866733857403, 44.321667880938548 ], [ 3.928725, 44.319687 ], [ 3.92843, 44.318645 ], [ 3.92743, 44.317158 ], [ 3.927164, 44.316752 ] ] ], [ [ [ 3.897253, 44.324352 ], [ 3.896272, 44.324219 ], [ 3.896732, 44.324302 ], [ 3.905218, 44.327151 ], [ 3.90603, 44.326624 ], [ 3.907972, 44.325638 ], [ 3.909595, 44.32428 ], [ 3.901629, 44.325505 ], [ 3.899047, 44.324865 ], [ 3.898148, 44.324518 ], [ 3.897253, 44.324352 ] ] ], [ [ [ 3.869766, 44.325341 ], [ 3.872437, 44.325566 ], [ 3.873463, 44.325621 ], [ 3.882359, 44.325031 ], [ 3.882814685920967, 44.324932243051222 ], [ 3.877942, 44.324007 ], [ 3.877557, 44.323872 ], [ 3.869065, 44.325285 ], [ 3.869766, 44.325341 ] ] ], [ [ [ 3.850762, 44.32457 ], [ 3.850768017162352, 44.325316958084969 ], [ 3.852256, 44.326231 ], [ 3.854902, 44.326732 ], [ 3.855116, 44.326786 ], [ 3.858979989690812, 44.327100118043035 ], [ 3.858327, 44.326023 ], [ 3.858618, 44.325846 ], [ 3.859219, 44.325607 ], [ 3.860273, 44.325407 ], [ 3.860672, 44.325365 ], [ 3.852435, 44.324618 ], [ 3.85163, 44.32449 ], [ 3.850996, 44.324539 ], [ 3.850762, 44.32457 ] ] ], [ [ [ 3.852409, 44.328897 ], [ 3.858005, 44.330507 ], [ 3.85861, 44.330366 ], [ 3.864866, 44.330451 ], [ 3.872261, 44.335362 ], [ 3.865631, 44.329646 ], [ 3.864695, 44.329635 ], [ 3.860193, 44.329101 ], [ 3.859920804703783, 44.328652009045143 ], [ 3.857946, 44.328881 ], [ 3.857779, 44.328898 ], [ 3.853022, 44.327391 ], [ 3.850786661985561, 44.327631487862682 ], [ 3.850791, 44.32817 ], [ 3.852409, 44.328897 ] ] ], [ [ [ 3.890872, 44.342774 ], [ 3.891574, 44.342797 ], [ 3.891886, 44.342783 ], [ 3.899929381708316, 44.340674373598056 ], [ 3.892021, 44.340027 ], [ 3.8891, 44.338131 ], [ 3.883306, 44.336513 ], [ 3.889174, 44.341524 ], [ 3.889308, 44.341744 ], [ 3.889981, 44.342506 ], [ 3.890872, 44.342774 ] ] ], [ [ [ 3.911478, 44.358572 ], [ 3.913301, 44.366552 ], [ 3.913203, 44.369526 ], [ 3.91646, 44.37106 ], [ 3.920841, 44.371795 ], [ 3.92029, 44.371615 ], [ 3.919036, 44.370789 ], [ 3.918267, 44.370267 ], [ 3.917752, 44.369855 ], [ 3.917351, 44.369214 ], [ 3.916278, 44.366761 ], [ 3.914937, 44.362822 ], [ 3.915221, 44.361959 ], [ 3.915518, 44.361352 ], [ 3.916225, 44.359716 ], [ 3.917061, 44.35768 ], [ 3.918151, 44.357218 ], [ 3.924775, 44.352432 ], [ 3.917014, 44.356469 ], [ 3.916245, 44.356274 ], [ 3.913753, 44.355782 ], [ 3.911478, 44.358572 ] ] ], [ [ [ 3.928452, 44.420241 ], [ 3.93169, 44.427916 ], [ 3.931721304104042, 44.427979850434433 ], [ 3.931637, 44.427147 ], [ 3.928544, 44.420326 ], [ 3.928519597458938, 44.420285686564462 ], [ 3.928452, 44.420241 ] ] ], [ [ [ 3.996213, 44.376917 ], [ 3.995895, 44.376154 ], [ 3.998701, 44.367917 ], [ 4.003448, 44.364947 ], [ 4.004667, 44.364569 ], [ 4.012703, 44.366303 ], [ 4.012887, 44.366261 ], [ 4.013736, 44.365802 ], [ 4.020607, 44.362148 ], [ 4.022488, 44.361665 ], [ 4.02479, 44.360229 ], [ 4.024834, 44.359488 ], [ 4.024567, 44.357886 ], [ 4.026346, 44.350206 ], [ 4.03113464650947, 44.348588154768358 ], [ 4.030094322551327, 44.348473710822709 ], [ 4.024456, 44.350471 ], [ 4.023084, 44.356452 ], [ 4.023006, 44.358324 ], [ 4.02307, 44.360081 ], [ 4.022511, 44.360779 ], [ 4.019461, 44.361157 ], [ 4.016717, 44.361353 ], [ 4.016181, 44.361391 ], [ 4.011454, 44.361314 ], [ 4.009494, 44.361519 ], [ 4.008345, 44.358107 ], [ 4.001837, 44.352712 ], [ 4.000373, 44.353585 ], [ 3.998253, 44.355111 ], [ 3.997803, 44.355674 ], [ 3.997618, 44.364649 ], [ 3.995463, 44.367529 ], [ 3.99333, 44.373936 ], [ 3.993124, 44.375506 ], [ 3.992907, 44.376433 ], [ 3.988862, 44.382881 ], [ 3.988401, 44.383261 ], [ 3.98686, 44.384187 ], [ 3.992596, 44.384098 ], [ 3.995562, 44.382354 ], [ 3.996231, 44.37708 ], [ 3.996213, 44.376917 ] ] ], [ [ [ 4.022369, 44.34145 ], [ 4.016792, 44.336174 ], [ 4.016699, 44.335062 ], [ 4.021779581154617, 44.328684187442413 ], [ 4.021515102898452, 44.328676092349319 ], [ 4.018779, 44.329976 ], [ 4.016036, 44.335075 ], [ 4.015939, 44.335623 ], [ 4.015358, 44.336567 ], [ 4.014533, 44.337044 ], [ 4.013932, 44.337336 ], [ 4.012237, 44.34572 ], [ 4.016118, 44.347828 ], [ 4.018819, 44.347663 ], [ 4.019573, 44.347446 ], [ 4.023262, 44.344259 ], [ 4.023839, 44.343302 ], [ 4.024025, 44.342946 ], [ 4.024948, 44.341525 ], [ 4.025846, 44.340968 ], [ 4.027043, 44.340922 ], [ 4.027893498031, 44.341200277795622 ], [ 4.027462, 44.340866 ], [ 4.026921, 44.34062 ], [ 4.025129, 44.340631 ], [ 4.022369, 44.34145 ] ] ] ] } },
{ "type": "Feature", "properties": { "codgeo": "30130", "value": 1080, "isochrone_group": 18.0, "nb_agences": 1 }, "geometry": { "type": "MultiPolygon", "coordinates": [ [ [ [ 4.01073, 44.284429 ], [ 4.012159606270107, 44.277188079628196 ], [ 4.012031642391452, 44.277207649861545 ], [ 4.00981, 44.284018 ], [ 4.011387, 44.285882 ], [ 4.011403, 44.286093 ], [ 4.011411, 44.286741 ], [ 4.010744, 44.290301 ], [ 4.010397, 44.291481 ], [ 4.012304, 44.28919 ], [ 4.012779, 44.28873 ], [ 4.013053, 44.288322 ], [ 4.013213, 44.28801 ], [ 4.01073, 44.284429 ] ] ], [ [ [ 3.960793, 44.283715 ], [ 3.957748, 44.290573 ], [ 3.94905, 44.290253 ], [ 3.947829, 44.290697 ], [ 3.946657, 44.291521 ], [ 3.946063, 44.293112 ], [ 3.946067, 44.293232 ], [ 3.945904, 44.297229 ], [ 3.946171, 44.295473 ], [ 3.947156, 44.294139 ], [ 3.948226, 44.29318 ], [ 3.94855, 44.292964 ], [ 3.948681, 44.292927 ], [ 3.949211, 44.29295 ], [ 3.95149, 44.293293 ], [ 3.958694, 44.295097 ], [ 3.962124, 44.294001 ], [ 3.967192, 44.287019 ], [ 3.967229, 44.28579 ], [ 3.967615, 44.284827 ], [ 3.967963, 44.284444 ], [ 3.97068, 44.282671 ], [ 3.97306, 44.2831 ], [ 3.974021, 44.283295 ], [ 3.979419425761229, 44.280301182763687 ], [ 3.971594, 44.280083 ], [ 3.969578, 44.277191 ], [ 3.969425, 44.277284 ], [ 3.962649, 44.281956 ], [ 3.960793, 44.283715 ] ] ], [ [ [ 3.947222, 44.311348 ], [ 3.947826, 44.311174 ], [ 3.954721, 44.311611 ], [ 3.95615, 44.311025 ], [ 3.963552187653184, 44.314015764480835 ], [ 3.964067, 44.311827 ], [ 3.957985, 44.308249 ], [ 3.95686, 44.308173 ], [ 3.952792, 44.309132 ], [ 3.952229, 44.309207 ], [ 3.95157, 44.309324 ], [ 3.950724, 44.30941 ], [ 3.949926, 44.309443 ], [ 3.949273, 44.308831 ], [ 3.948871, 44.308338 ], [ 3.947533, 44.30242 ], [ 3.945955, 44.299159 ], [ 3.944756, 44.307804 ], [ 3.944537, 44.311398 ], [ 3.945693, 44.311468 ], [ 3.946141, 44.311471 ], [ 3.947222, 44.311348 ] ] ], [ [ [ 3.896272, 44.324219 ], [ 3.897253, 44.324352 ], [ 3.898148, 44.324518 ], [ 3.899047, 44.324865 ], [ 3.901629, 44.325505 ], [ 3.909595, 44.32428 ], [ 3.911406, 44.323119 ], [ 3.91255, 44.322753 ], [ 3.904149, 44.322763 ], [ 3.90116, 44.322206 ], [ 3.900599, 44.322322 ], [ 3.893252, 44.323944 ], [ 3.896272, 44.324219 ] ] ], [ [ [ 3.871941, 44.3233 ], [ 3.863528239188819, 44.325342699685898 ], [ 3.86781, 44.32527 ], [ 3.869065, 44.325285 ], [ 3.877557, 44.323872 ], [ 3.877942, 44.324007 ], [ 3.882924, 44.324953 ], [ 3.876819, 44.32326 ], [ 3.874875, 44.322315 ], [ 3.873891, 44.322411 ], [ 3.873074, 44.322689 ], [ 3.871941, 44.3233 ] ] ], [ [ [ 3.841087, 44.33006 ], [ 3.841679, 44.33038 ], [ 3.842511, 44.330498 ], [ 3.846063, 44.329814 ], [ 3.846791, 44.329665 ], [ 3.852870819781895, 44.329029868093087 ], [ 3.852409, 44.328897 ], [ 3.850791, 44.32817 ], [ 3.850786661985561, 44.327631487862682 ], [ 3.846311, 44.328113 ], [ 3.846108, 44.328185 ], [ 3.842638, 44.328808 ], [ 3.840891, 44.328688 ], [ 3.840819725980316, 44.328681136575881 ], [ 3.840772, 44.329808 ], [ 3.841087, 44.33006 ] ] ], [ [ [ 3.916857815965577, 44.339315879590423 ], [ 3.91623, 44.339952 ], [ 3.916185, 44.340231 ], [ 3.916004, 44.341437 ], [ 3.916857815965577, 44.339315879590423 ] ] ], [ [ [ 3.910081, 44.356046 ], [ 3.909064, 44.356905 ], [ 3.908989, 44.357005 ], [ 3.911561743925432, 44.358938580649998 ], [ 3.911478, 44.358572 ], [ 3.913753, 44.355782 ], [ 3.916245, 44.356274 ], [ 3.913034, 44.355351 ], [ 3.912195, 44.355151 ], [ 3.911455, 44.355228 ], [ 3.910896, 44.355469 ], [ 3.910081, 44.356046 ] ] ], [ [ [ 3.90992, 44.376137 ], [ 3.90987, 44.376606 ], [ 3.913449, 44.376992 ], [ 3.913846, 44.376232 ], [ 3.921429, 44.371808 ], [ 3.920841, 44.371795 ], [ 3.91646, 44.37106 ], [ 3.913203, 44.369526 ], [ 3.913301, 44.366552 ], [ 3.913194263884732, 44.366084773340738 ], [ 3.911173, 44.371742 ], [ 3.910784, 44.372388 ], [ 3.910655, 44.37305 ], [ 3.910094, 44.375485 ], [ 3.90992, 44.376137 ] ] ], [ [ [ 3.93169, 44.427916 ], [ 3.931566532237708, 44.429461977294267 ], [ 3.931728, 44.428046 ], [ 3.931721304104042, 44.427979850434433 ], [ 3.93169, 44.427916 ] ] ], [ [ [ 3.9955, 44.390393 ], [ 3.998515, 44.384463 ], [ 3.999417, 44.382691 ], [ 3.999535, 44.382235 ], [ 3.999592, 44.381857 ], [ 3.999526, 44.381014 ], [ 3.999476, 44.380818 ], [ 3.998982, 44.379642 ], [ 3.998555, 44.379167 ], [ 3.996816, 44.376447 ], [ 3.998701, 44.367917 ], [ 3.995895, 44.376154 ], [ 3.996213, 44.376917 ], [ 3.996231, 44.37708 ], [ 3.995562, 44.382354 ], [ 3.992596, 44.384098 ], [ 3.988747828747994, 44.384157708375419 ], [ 3.988317159440076, 44.388973623965377 ], [ 3.989944, 44.388446 ], [ 3.990438, 44.388899 ], [ 3.992065, 44.391001 ], [ 3.9928, 44.391663 ], [ 3.9955, 44.390393 ] ] ], [ [ [ 4.012887, 44.366261 ], [ 4.012703, 44.366303 ], [ 4.004667, 44.364569 ], [ 4.003448, 44.364947 ], [ 3.998701, 44.367917 ], [ 4.005364, 44.368734 ], [ 4.005983, 44.368502 ], [ 4.006327, 44.368342 ], [ 4.008312, 44.367331 ], [ 4.012887, 44.366261 ] ] ], [ [ [ 4.024662, 44.363812 ], [ 4.024995, 44.363312 ], [ 4.025201, 44.362679 ], [ 4.025434, 44.361339 ], [ 4.025566, 44.360493 ], [ 4.025588, 44.35975 ], [ 4.025049, 44.3587 ], [ 4.024567, 44.357886 ], [ 4.024834, 44.359488 ], [ 4.02479, 44.360229 ], [ 4.022488, 44.361665 ], [ 4.020607, 44.362148 ], [ 4.013736, 44.365802 ], [ 4.022003, 44.363484 ], [ 4.022872, 44.364742 ], [ 4.023494, 44.364547 ], [ 4.024007, 44.364345 ], [ 4.024662, 44.363812 ] ] ], [ [ [ 4.02944413564581, 44.349159294219653 ], [ 4.026346, 44.350206 ], [ 4.024567, 44.357886 ], [ 4.028185, 44.349886 ], [ 4.034329, 44.348921 ], [ 4.033914, 44.348823 ], [ 4.033699688251193, 44.348756345805988 ], [ 4.02944413564581, 44.349159294219653 ] ] ], [ [ [ 4.02425, 44.337442 ], [ 4.024, 44.337411 ], [ 4.017348, 44.335401 ], [ 4.017802982505591, 44.333676136203472 ], [ 4.016699, 44.335062 ], [ 4.016792, 44.336174 ], [ 4.022369, 44.34145 ], [ 4.025129, 44.340631 ], [ 4.026921, 44.34062 ], [ 4.027462, 44.340866 ], [ 4.02811, 44.341368 ], [ 4.027632, 44.340725 ], [ 4.026708, 44.337245 ], [ 4.02624, 44.337357 ], [ 4.02473, 44.337482 ], [ 4.02425, 44.337442 ] ] ], [ [ [ 4.018288, 44.298702 ], [ 4.01844940134808, 44.298440960683003 ], [ 4.018159, 44.298711 ], [ 4.01823077678656, 44.298715028829974 ], [ 4.018288, 44.298702 ] ] ] ] } },
{ "type": "Feature", "properties": { "codgeo": "30130", "value": 1140, "isochrone_group": 19.0, "nb_agences": 1 }, "geometry": { "type": "MultiPolygon", "coordinates": [ [ [ [ 4.014613, 44.285084 ], [ 4.014624, 44.284428 ], [ 4.014291, 44.28352 ], [ 4.014009, 44.283051 ], [ 4.015121367161739, 44.278987473982603 ], [ 4.015098147726624, 44.278928598166765 ], [ 4.011521524725779, 44.280419946856128 ], [ 4.01073, 44.284429 ], [ 4.013213, 44.28801 ], [ 4.013053, 44.288322 ], [ 4.012779, 44.28873 ], [ 4.012304, 44.28919 ], [ 4.010397, 44.291481 ], [ 4.008652, 44.295134 ], [ 4.014007, 44.297818 ], [ 4.015743857260582, 44.295439165119042 ], [ 4.013124, 44.29189 ], [ 4.013198, 44.29119 ], [ 4.014032, 44.286778 ], [ 4.014234, 44.286357 ], [ 4.01451, 44.285618 ], [ 4.014613, 44.285084 ] ] ], [ [ [ 3.971594, 44.280083 ], [ 3.972295556573506, 44.280102560284227 ], [ 3.969902092560046, 44.276707839336829 ], [ 3.969059692632994, 44.277535876626125 ], [ 3.969425, 44.277284 ], [ 3.969578, 44.277191 ], [ 3.971594, 44.280083 ] ] ], [ [ [ 3.957987, 44.278191 ], [ 3.957861, 44.278454 ], [ 3.957513, 44.279138 ], [ 3.957939, 44.281524 ], [ 3.958149, 44.282881 ], [ 3.958303, 44.283332 ], [ 3.958189, 44.288203 ], [ 3.954636938412801, 44.290458543836763 ], [ 3.957748, 44.290573 ], [ 3.960793, 44.283715 ], [ 3.962649, 44.281956 ], [ 3.968853388586114, 44.277678121683245 ], [ 3.961019, 44.27685 ], [ 3.96001, 44.27666 ], [ 3.959329, 44.276818 ], [ 3.958354, 44.277567 ], [ 3.957987, 44.278191 ] ] ], [ [ [ 3.943909, 44.289808 ], [ 3.943744, 44.290461 ], [ 3.943988, 44.29149 ], [ 3.944234, 44.292036 ], [ 3.944296, 44.300607 ], [ 3.941055, 44.30814 ], [ 3.939849, 44.308805 ], [ 3.939042, 44.309285 ], [ 3.939446, 44.312862 ], [ 3.939677, 44.312836 ], [ 3.940765, 44.31254 ], [ 3.941173, 44.312377 ], [ 3.945693, 44.311468 ], [ 3.944537, 44.311398 ], [ 3.944756, 44.307804 ], [ 3.945955, 44.299159 ], [ 3.945904, 44.297229 ], [ 3.946067, 44.293232 ], [ 3.946063, 44.293112 ], [ 3.946657, 44.291521 ], [ 3.947829, 44.290697 ], [ 3.948488468941102, 44.290457193112339 ], [ 3.947509, 44.289795 ], [ 3.945128, 44.289367 ], [ 3.94439, 44.289319 ], [ 3.943994, 44.289612 ], [ 3.943909, 44.289808 ] ] ], [ [ [ 3.946141, 44.311471 ], [ 3.949785, 44.311974 ], [ 3.954721, 44.311611 ], [ 3.947826, 44.311174 ], [ 3.947222, 44.311348 ], [ 3.946141, 44.311471 ] ] ], [ [ [ 3.903925, 44.317766 ], [ 3.902647, 44.31856 ], [ 3.90092, 44.320987 ], [ 3.893252, 44.323944 ], [ 3.900599, 44.322322 ], [ 3.90116, 44.322206 ], [ 3.904149, 44.322763 ], [ 3.91255, 44.322753 ], [ 3.913174, 44.322783 ], [ 3.906722, 44.319842 ], [ 3.905162, 44.317798 ], [ 3.90476, 44.317752 ], [ 3.904296, 44.317736 ], [ 3.903925, 44.317766 ] ] ], [ [ [ 3.873184, 44.322012 ], [ 3.870055638177982, 44.32375778408398 ], [ 3.871941, 44.3233 ], [ 3.873074, 44.322689 ], [ 3.873891, 44.322411 ], [ 3.874875, 44.322315 ], [ 3.876819, 44.32326 ], [ 3.882924, 44.324953 ], [ 3.878395, 44.323617 ], [ 3.877802, 44.323342 ], [ 3.875595, 44.322243 ], [ 3.874255, 44.321691 ], [ 3.873184, 44.322012 ] ] ], [ [ [ 3.840012, 44.330124 ], [ 3.840623, 44.330292 ], [ 3.841157, 44.330288 ], [ 3.8414515799683, 44.330257070253133 ], [ 3.841087, 44.33006 ], [ 3.840772, 44.329808 ], [ 3.840819725980316, 44.328681136575881 ], [ 3.840756, 44.328675 ], [ 3.840621, 44.32862 ], [ 3.834957043223897, 44.325432057366456 ], [ 3.834585, 44.326626 ], [ 3.840012, 44.330124 ] ] ], [ [ [ 3.926144, 44.334194 ], [ 3.922428, 44.334427 ], [ 3.922198, 44.334501 ], [ 3.921522, 44.33459 ], [ 3.917022, 44.338908 ], [ 3.916004, 44.341437 ], [ 3.920481, 44.339687 ], [ 3.926895, 44.343961 ], [ 3.928222, 44.342046 ], [ 3.928281, 44.3419 ], [ 3.926144, 44.334194 ] ] ], [ [ [ 3.913271, 44.36587 ], [ 3.911867, 44.359168 ], [ 3.909010318190387, 44.357021021975605 ], [ 3.907762, 44.359719 ], [ 3.907741, 44.35976 ], [ 3.910554, 44.361991 ], [ 3.913129228497969, 44.366266798026665 ], [ 3.913271, 44.36587 ] ] ], [ [ [ 3.912016, 44.383593 ], [ 3.912297, 44.383189 ], [ 3.912661, 44.382536 ], [ 3.913143, 44.38148 ], [ 3.91424, 44.379763 ], [ 3.914697, 44.378861 ], [ 3.914769, 44.378326 ], [ 3.920117599346964, 44.372573084595686 ], [ 3.913846, 44.376232 ], [ 3.913449, 44.376992 ], [ 3.90987, 44.376606 ], [ 3.90992, 44.376137 ], [ 3.908798, 44.381592 ], [ 3.910736, 44.384625 ], [ 3.911256, 44.384293 ], [ 3.911701, 44.383933 ], [ 3.912016, 44.383593 ] ] ], [ [ [ 3.93169, 44.427916 ], [ 3.931489748943708, 44.427441346863176 ], [ 3.929599424810984, 44.432361774272209 ], [ 3.931303, 44.431773 ], [ 3.931566532237708, 44.429461977294267 ], [ 3.93169, 44.427916 ] ] ], [ [ [ 3.984687, 44.407602 ], [ 3.985133, 44.406054 ], [ 3.984336, 44.404315 ], [ 3.984793, 44.400228 ], [ 3.991974, 44.39764 ], [ 3.993716, 44.396066 ], [ 3.994182, 44.395449 ], [ 3.994408, 44.394498 ], [ 3.995367, 44.390966 ], [ 3.995482816386245, 44.390401082662777 ], [ 3.9928, 44.391663 ], [ 3.992065, 44.391001 ], [ 3.990650998001431, 44.389174182421037 ], [ 3.989175, 44.392423 ], [ 3.989426, 44.393349 ], [ 3.989378, 44.394108 ], [ 3.988437, 44.395281 ], [ 3.986659, 44.39601 ], [ 3.98246, 44.400228 ], [ 3.982400707954163, 44.401032005230995 ], [ 3.983356, 44.402942 ], [ 3.982725, 44.405066 ], [ 3.982005998003822, 44.406384306038277 ], [ 3.981994, 44.406547 ], [ 3.98389720245264, 44.408310121696594 ], [ 3.984687, 44.407602 ] ] ], [ [ [ 3.998701, 44.367917 ], [ 3.998575266172947, 44.368485970580764 ], [ 4.004312621539184, 44.368605082665105 ], [ 3.998701, 44.367917 ] ] ], [ [ [ 4.008312, 44.367331 ], [ 4.006327, 44.368342 ], [ 4.012887, 44.366261 ], [ 4.008312, 44.367331 ] ] ], [ [ [ 4.025313, 44.367418 ], [ 4.026278, 44.367017 ], [ 4.02672, 44.364926 ], [ 4.026018, 44.361396 ], [ 4.025588, 44.35975 ], [ 4.025566, 44.360493 ], [ 4.025434, 44.361339 ], [ 4.025201, 44.362679 ], [ 4.024995, 44.363312 ], [ 4.024662, 44.363812 ], [ 4.024007, 44.364345 ], [ 4.023494, 44.364547 ], [ 4.022872, 44.364742 ], [ 4.022003, 44.363484 ], [ 4.013736, 44.365802 ], [ 4.012887, 44.366261 ], [ 4.021735, 44.366705 ], [ 4.022278, 44.367077 ], [ 4.023129, 44.367277 ], [ 4.024489, 44.367509 ], [ 4.025313, 44.367418 ] ] ], [ [ [ 4.027858423961348, 44.35060811396054 ], [ 4.024567, 44.357886 ], [ 4.02785842396135, 44.35060811396054 ], [ 4.027858423961348, 44.35060811396054 ] ] ], [ [ [ 4.029708, 44.32647 ], [ 4.026719, 44.327388 ], [ 4.024975, 44.328412 ], [ 4.024846938037534, 44.328400380965924 ], [ 4.024831, 44.328409 ], [ 4.02462941422126, 44.328380645077289 ], [ 4.024468, 44.328366 ], [ 4.024077074889076, 44.328360285242795 ], [ 4.021996163775245, 44.328466690594581 ], [ 4.018779, 44.329976 ], [ 4.017348, 44.335401 ], [ 4.024, 44.337411 ], [ 4.02425, 44.337442 ], [ 4.02473, 44.337482 ], [ 4.02624, 44.337357 ], [ 4.026708, 44.337245 ], [ 4.027632, 44.340725 ], [ 4.02811, 44.341368 ], [ 4.036243, 44.337885 ], [ 4.036976, 44.336833 ], [ 4.03558, 44.328103 ], [ 4.032978, 44.326893 ], [ 4.029708, 44.32647 ] ] ] ] } },
{ "type": "Feature", "properties": { "codgeo": "30130", "value": 1200, "isochrone_group": 20.0, "nb_agences": 1 }, "geometry": { "type": "MultiPolygon", "coordinates": [ [ [ [ 3.946666, 44.280529 ], [ 3.946348, 44.281142 ], [ 3.946154, 44.281612 ], [ 3.94439, 44.289319 ], [ 3.945128, 44.289367 ], [ 3.947509, 44.289795 ], [ 3.949139, 44.290897 ], [ 3.951211, 44.292634 ], [ 3.958189, 44.288203 ], [ 3.958303, 44.283332 ], [ 3.958149, 44.282881 ], [ 3.957939, 44.281524 ], [ 3.957513, 44.279138 ], [ 3.957861, 44.278454 ], [ 3.957987, 44.278191 ], [ 3.958354, 44.277567 ], [ 3.959329, 44.276818 ], [ 3.953429, 44.278579 ], [ 3.947834, 44.279926 ], [ 3.947271, 44.280098 ], [ 3.946779, 44.280418 ], [ 3.946666, 44.280529 ] ] ], [ [ [ 3.942721, 44.300058 ], [ 3.938419, 44.307806 ], [ 3.937705, 44.307787 ], [ 3.936194, 44.309638 ], [ 3.935907, 44.309984 ], [ 3.936048, 44.31146 ], [ 3.936146, 44.311632 ], [ 3.936937, 44.312254 ], [ 3.937467, 44.312688 ], [ 3.938083, 44.313003 ], [ 3.93904, 44.313061 ], [ 3.943374, 44.312839 ], [ 3.945778, 44.31288 ], [ 3.946233, 44.312859 ], [ 3.94724, 44.312797 ], [ 3.94779, 44.31275 ], [ 3.94892, 44.312345 ], [ 3.949425, 44.312171 ], [ 3.954721, 44.311611 ], [ 3.949785, 44.311974 ], [ 3.946141, 44.311471 ], [ 3.945693, 44.311468 ], [ 3.941173, 44.312377 ], [ 3.940765, 44.31254 ], [ 3.939677, 44.312836 ], [ 3.939446, 44.312862 ], [ 3.939042, 44.309285 ], [ 3.939849, 44.308805 ], [ 3.941055, 44.30814 ], [ 3.944296, 44.300607 ], [ 3.944234, 44.292036 ], [ 3.943988, 44.29149 ], [ 3.943744, 44.290461 ], [ 3.943827857780654, 44.290129126480203 ], [ 3.943549, 44.290531 ], [ 3.943451, 44.292425 ], [ 3.942326, 44.298617 ], [ 3.942355, 44.299068 ], [ 3.942721, 44.300058 ] ] ], [ [ [ 3.904409, 44.316542 ], [ 3.902647, 44.31856 ], [ 3.903925, 44.317766 ], [ 3.904296, 44.317736 ], [ 3.90476, 44.317752 ], [ 3.905162, 44.317798 ], [ 3.906722, 44.319842 ], [ 3.913174, 44.322783 ], [ 3.907714, 44.316389 ], [ 3.907171, 44.315521 ], [ 3.906842, 44.315184 ], [ 3.905288, 44.315644 ], [ 3.904409, 44.316542 ] ] ], [ [ [ 3.875595, 44.322243 ], [ 3.877802, 44.323342 ], [ 3.878395, 44.323617 ], [ 3.882924, 44.324953 ], [ 3.88323805247292, 44.324882952449862 ], [ 3.88061, 44.323302 ], [ 3.879659, 44.322991 ], [ 3.879201, 44.322884 ], [ 3.874255, 44.321691 ], [ 3.875595, 44.322243 ] ] ], [ [ [ 3.853441630433299, 44.323953515954408 ], [ 3.854190487843018, 44.32477720230893 ], [ 3.854883972700955, 44.324840093311593 ], [ 3.853441630433299, 44.323953515954408 ] ] ], [ [ [ 3.828652, 44.325963 ], [ 3.83372, 44.326482 ], [ 3.837230211068499, 44.328330984027559 ], [ 3.834585, 44.326626 ], [ 3.834957043223897, 44.325432057366456 ], [ 3.833962, 44.324872 ], [ 3.828843, 44.324345 ], [ 3.828678, 44.324339 ], [ 3.826660361945208, 44.324436824875384 ], [ 3.826809, 44.325815 ], [ 3.828652, 44.325963 ] ] ], [ [ [ 3.920481, 44.339687 ], [ 3.916004, 44.341437 ], [ 3.920625376551591, 44.339783206015198 ], [ 3.920481, 44.339687 ] ] ], [ [ [ 3.907762, 44.359719 ], [ 3.909064, 44.356905 ], [ 3.907741, 44.35976 ], [ 3.907762, 44.359719 ] ] ], [ [ [ 3.906919, 44.364296 ], [ 3.910784, 44.372388 ], [ 3.911173, 44.371742 ], [ 3.913301, 44.366552 ], [ 3.910554, 44.361991 ], [ 3.907741, 44.35976 ], [ 3.906125, 44.362051 ], [ 3.906113, 44.362131 ], [ 3.906071, 44.362562 ], [ 3.906365, 44.363723 ], [ 3.906919, 44.364296 ] ] ], [ [ [ 3.901677, 44.387629 ], [ 3.905911, 44.387878 ], [ 3.906629, 44.387864 ], [ 3.907216, 44.387772 ], [ 3.907824, 44.387606 ], [ 3.90853, 44.387298 ], [ 3.909222, 44.386836 ], [ 3.911701, 44.383933 ], [ 3.911256, 44.384293 ], [ 3.910736, 44.384625 ], [ 3.908798, 44.381592 ], [ 3.909204194367481, 44.379617142357745 ], [ 3.908333, 44.381969 ], [ 3.903314, 44.384025 ], [ 3.901793, 44.384018 ], [ 3.901489, 44.384034 ], [ 3.901677, 44.387629 ] ] ], [ [ [ 3.931618502461315, 44.427106207335477 ], [ 3.931614766635041, 44.427097968709212 ], [ 3.930289, 44.429985 ], [ 3.929256, 44.431384 ], [ 3.928982662115791, 44.432574934225073 ], [ 3.929599424810984, 44.432361774272209 ], [ 3.931618502461315, 44.427106207335477 ] ] ], [ [ [ 3.985133, 44.406054 ], [ 3.984687, 44.407602 ], [ 3.98389720245264, 44.408310121696594 ], [ 3.985006721111755, 44.409337976835104 ], [ 3.985133, 44.406054 ] ] ], [ [ [ 3.997771, 44.400219 ], [ 4.000468, 44.397833 ], [ 4.00024, 44.397257 ], [ 4.001118, 44.38957 ], [ 4.002907, 44.388197 ], [ 4.003495, 44.387887 ], [ 4.003298, 44.38748 ], [ 4.002612, 44.386182 ], [ 4.001901, 44.385488 ], [ 4.000207280349628, 44.382402324809291 ], [ 3.999877, 44.384536 ], [ 3.995506, 44.390288 ], [ 3.995367, 44.390966 ], [ 3.994408, 44.394498 ], [ 3.994182, 44.395449 ], [ 3.993716, 44.396066 ], [ 3.991974, 44.39764 ], [ 3.984793, 44.400228 ], [ 3.984336, 44.404315 ], [ 3.985133, 44.406054 ], [ 3.985607, 44.404006 ], [ 3.993138, 44.400536 ], [ 3.993892, 44.400555 ], [ 3.994494, 44.400431 ], [ 3.997771, 44.400219 ] ] ], [ [ [ 4.030754, 44.370065 ], [ 4.031198, 44.370014 ], [ 4.03191, 44.36932 ], [ 4.031952, 44.367337 ], [ 4.031382, 44.365888 ], [ 4.029933, 44.363195 ], [ 4.029268, 44.361811 ], [ 4.026122, 44.360061 ], [ 4.025049, 44.3587 ], [ 4.025588, 44.35975 ], [ 4.026018, 44.361396 ], [ 4.02672, 44.364926 ], [ 4.026278, 44.367017 ], [ 4.025313, 44.367418 ], [ 4.024489, 44.367509 ], [ 4.023129, 44.367277 ], [ 4.022278, 44.367077 ], [ 4.021735, 44.366705 ], [ 4.012887, 44.366261 ], [ 4.019794, 44.367038 ], [ 4.023648, 44.367807 ], [ 4.02474, 44.368196 ], [ 4.030246, 44.370074 ], [ 4.030754, 44.370065 ] ] ] ] } }
]
}
