{
"type": "FeatureCollection",
"name": "BPCE",
"crs": { "type": "name", "properties": { "name": "urn:ogc:def:crs:OGC:1.3:CRS84" } },
"features": [
{ "type": "Feature", "properties": { "codgeo": "46240", "value": 60, "isochrone_group": 1.0, "nb_agences": 2 }, "geometry": { "type": "MultiPolygon", "coordinates": [ [ [ [ 1.618147, 44.802103 ], [ 1.618279, 44.802241 ], [ 1.618428, 44.802393 ], [ 1.618546, 44.80248 ], [ 1.618672, 44.802527 ], [ 1.619402, 44.802745 ], [ 1.619628, 44.802818 ], [ 1.619866, 44.80269 ], [ 1.619817, 44.802449 ], [ 1.618301, 44.801172 ], [ 1.618094, 44.801248 ], [ 1.618098, 44.801481 ], [ 1.618098, 44.801925 ], [ 1.618147, 44.802103 ] ] ], [ [ [ 1.56622, 44.813308 ], [ 1.566964, 44.815077 ], [ 1.567175, 44.815369 ], [ 1.567426, 44.815187 ], [ 1.567678, 44.815006 ], [ 1.567987, 44.814736 ], [ 1.568282, 44.814478 ], [ 1.570087, 44.813356 ], [ 1.574755, 44.814241 ], [ 1.578885, 44.817045 ], [ 1.579833, 44.818442 ], [ 1.580091, 44.818908 ], [ 1.580406, 44.818734 ], [ 1.580148, 44.818268 ], [ 1.5781, 44.814404 ], [ 1.577901, 44.814126 ], [ 1.577718, 44.813876 ], [ 1.577515, 44.813648 ], [ 1.577323, 44.813434 ], [ 1.577124, 44.813265 ], [ 1.576943, 44.813113 ], [ 1.5745, 44.811323 ], [ 1.574224, 44.811118 ], [ 1.573949, 44.810913 ], [ 1.570842, 44.812658 ], [ 1.566467, 44.813046 ], [ 1.56622, 44.813308 ] ] ] ] } },
{ "type": "Feature", "properties": { "codgeo": "46240", "value": 120, "isochrone_group": 2.0, "nb_agences": 2 }, "geometry": { "type": "MultiPolygon", "coordinates": [ [ [ [ 1.613769, 44.801756 ], [ 1.615022, 44.803973 ], [ 1.615234, 44.804263 ], [ 1.619628, 44.802818 ], [ 1.619402, 44.802745 ], [ 1.618672, 44.802527 ], [ 1.618546, 44.80248 ], [ 1.618428, 44.802393 ], [ 1.618279, 44.802241 ], [ 1.618147, 44.802103 ], [ 1.618098, 44.801925 ], [ 1.618098, 44.801481 ], [ 1.618094, 44.801248 ], [ 1.618301, 44.801172 ], [ 1.619817, 44.802449 ], [ 1.616544, 44.799485 ], [ 1.616533, 44.79948 ], [ 1.615845, 44.799651 ], [ 1.615041, 44.799847 ], [ 1.613635, 44.801421 ], [ 1.613769, 44.801756 ] ] ], [ [ [ 1.565723, 44.816807 ], [ 1.56614, 44.817009 ], [ 1.566556, 44.817211 ], [ 1.566713, 44.816887 ], [ 1.567987, 44.814736 ], [ 1.567678, 44.815006 ], [ 1.567426, 44.815187 ], [ 1.567175, 44.815369 ], [ 1.566964, 44.815077 ], [ 1.56622, 44.813308 ], [ 1.565553, 44.81648 ], [ 1.565723, 44.816807 ] ] ], [ [ [ 1.572583, 44.814291 ], [ 1.572932, 44.814465 ], [ 1.573168, 44.814517 ], [ 1.57357, 44.81462 ], [ 1.573778, 44.814681 ], [ 1.574036, 44.814734 ], [ 1.574278, 44.814783 ], [ 1.57837, 44.818842 ], [ 1.577103, 44.822245 ], [ 1.577215, 44.822587 ], [ 1.577692, 44.82243 ], [ 1.578169, 44.822274 ], [ 1.580885, 44.821838 ], [ 1.586173, 44.823678 ], [ 1.587088, 44.824276 ], [ 1.587298, 44.824351 ], [ 1.587523, 44.824431 ], [ 1.59093, 44.825412 ], [ 1.590987, 44.825411 ], [ 1.591038, 44.825364 ], [ 1.591146, 44.825088 ], [ 1.590464, 44.824727 ], [ 1.590284, 44.824631 ], [ 1.58612, 44.822701 ], [ 1.58327, 44.820755 ], [ 1.58308, 44.820627 ], [ 1.579780519859012, 44.817574668327765 ], [ 1.580148, 44.818268 ], [ 1.580406, 44.818734 ], [ 1.580091, 44.818908 ], [ 1.579833, 44.818442 ], [ 1.578885, 44.817045 ], [ 1.574755, 44.814241 ], [ 1.570087, 44.813356 ], [ 1.568282, 44.814478 ], [ 1.567987, 44.814736 ], [ 1.572583, 44.814291 ] ] ], [ [ [ 1.573443, 44.810421 ], [ 1.573271, 44.810313 ], [ 1.573077, 44.810192 ], [ 1.571187, 44.809021 ], [ 1.570963, 44.809303 ], [ 1.566467, 44.813046 ], [ 1.570842, 44.812658 ], [ 1.573949, 44.810913 ], [ 1.574224, 44.811118 ], [ 1.5745, 44.811323 ], [ 1.576943, 44.813113 ], [ 1.573443, 44.810421 ] ] ] ] } },
{ "type": "Feature", "properties": { "codgeo": "46240", "value": 180, "isochrone_group": 3.0, "nb_agences": 2 }, "geometry": { "type": "MultiPolygon", "coordinates": [ [ [ [ 1.607886, 44.807287 ], [ 1.609591, 44.80883 ], [ 1.609857, 44.809073 ], [ 1.615228, 44.808726 ], [ 1.622112, 44.804721 ], [ 1.622191, 44.80437 ], [ 1.61629, 44.798313 ], [ 1.616132, 44.798238 ], [ 1.615788, 44.798088 ], [ 1.615564, 44.797994 ], [ 1.615348, 44.797961 ], [ 1.615078, 44.797983 ], [ 1.612823, 44.801978 ], [ 1.606657, 44.804451 ], [ 1.606599, 44.804806 ], [ 1.607886, 44.807287 ] ], [ [ 1.615041, 44.799847 ], [ 1.615845, 44.799651 ], [ 1.616533, 44.79948 ], [ 1.616544, 44.799485 ], [ 1.619817, 44.802449 ], [ 1.619866, 44.80269 ], [ 1.619628, 44.802818 ], [ 1.615234, 44.804263 ], [ 1.615022, 44.803973 ], [ 1.613769, 44.801756 ], [ 1.613635, 44.801421 ], [ 1.615041, 44.799847 ] ] ], [ [ [ 1.567289, 44.829597 ], [ 1.567477, 44.82936 ], [ 1.567874, 44.828861 ], [ 1.568272, 44.828361 ], [ 1.575194, 44.823411 ], [ 1.575565, 44.823279 ], [ 1.575926, 44.82315 ], [ 1.576576, 44.822866 ], [ 1.577683, 44.822433 ], [ 1.586173, 44.823678 ], [ 1.580885, 44.821838 ], [ 1.578169, 44.822274 ], [ 1.577692, 44.82243 ], [ 1.577215, 44.822587 ], [ 1.577103, 44.822245 ], [ 1.57837, 44.818842 ], [ 1.574278, 44.814783 ], [ 1.574036, 44.814734 ], [ 1.573778, 44.814681 ], [ 1.57357, 44.81462 ], [ 1.573168, 44.814517 ], [ 1.572932, 44.814465 ], [ 1.572583, 44.814291 ], [ 1.567987, 44.814736 ], [ 1.566713, 44.816887 ], [ 1.566556, 44.817211 ], [ 1.56614, 44.817009 ], [ 1.565723, 44.816807 ], [ 1.566838, 44.818313 ], [ 1.568694, 44.823633 ], [ 1.567007, 44.829374 ], [ 1.567289, 44.829597 ] ] ], [ [ [ 1.591661, 44.831944 ], [ 1.591875, 44.832234 ], [ 1.599183, 44.831563 ], [ 1.600982, 44.832452 ], [ 1.60115, 44.832522 ], [ 1.601289, 44.83219 ], [ 1.601144, 44.824516 ], [ 1.602184, 44.822131 ], [ 1.602008, 44.821818 ], [ 1.601199, 44.822272 ], [ 1.600389, 44.822727 ], [ 1.600256, 44.822874 ], [ 1.597766, 44.825229 ], [ 1.590972, 44.823214 ], [ 1.590363, 44.822331 ], [ 1.590184, 44.822108 ], [ 1.589994, 44.821872 ], [ 1.589315, 44.82106 ], [ 1.587621, 44.8181 ], [ 1.587385, 44.817362 ], [ 1.587148, 44.816627 ], [ 1.586889, 44.815773 ], [ 1.58663, 44.814919 ], [ 1.586285, 44.815023 ], [ 1.577515, 44.813648 ], [ 1.577718, 44.813876 ], [ 1.577901, 44.814126 ], [ 1.5781, 44.814404 ], [ 1.578259, 44.814736 ], [ 1.579649, 44.817453 ], [ 1.58308, 44.820627 ], [ 1.58327, 44.820755 ], [ 1.58612, 44.822701 ], [ 1.590284, 44.824631 ], [ 1.590464, 44.824727 ], [ 1.591146, 44.825088 ], [ 1.591038, 44.825364 ], [ 1.590987, 44.825411 ], [ 1.59093, 44.825412 ], [ 1.587523, 44.824431 ], [ 1.587298, 44.824351 ], [ 1.587088, 44.824276 ], [ 1.591661, 44.831944 ] ] ], [ [ [ 1.571144, 44.808988 ], [ 1.570879, 44.808813 ], [ 1.570609, 44.808635 ], [ 1.569939, 44.808221 ], [ 1.56927, 44.807806 ], [ 1.56908, 44.808112 ], [ 1.56622, 44.813308 ], [ 1.566467, 44.813046 ], [ 1.570963, 44.809303 ], [ 1.571187, 44.809021 ], [ 1.573077, 44.810192 ], [ 1.571144, 44.808988 ] ] ] ] } },
{ "type": "Feature", "properties": { "codgeo": "46240", "value": 240, "isochrone_group": 4.0, "nb_agences": 2 }, "geometry": { "type": "MultiPolygon", "coordinates": [ [ [ [ 1.613558, 44.810861 ], [ 1.618022, 44.810984 ], [ 1.624728, 44.811523 ], [ 1.625028, 44.811324 ], [ 1.627634, 44.807262 ], [ 1.627749, 44.806921 ], [ 1.628526, 44.804464 ], [ 1.628515, 44.804104 ], [ 1.627423, 44.803358 ], [ 1.627071, 44.803283 ], [ 1.619798207742754, 44.80191395141464 ], [ 1.622191, 44.80437 ], [ 1.622112, 44.804721 ], [ 1.615228, 44.808726 ], [ 1.609857, 44.809073 ], [ 1.609591, 44.80883 ], [ 1.607886, 44.807287 ], [ 1.606599, 44.804806 ], [ 1.606657, 44.804451 ], [ 1.612823, 44.801978 ], [ 1.615078, 44.797983 ], [ 1.615348, 44.797961 ], [ 1.614033, 44.797996 ], [ 1.613896, 44.798029 ], [ 1.613861, 44.798067 ], [ 1.613692, 44.798322 ], [ 1.613665, 44.798377 ], [ 1.607183, 44.803792 ], [ 1.603935, 44.800234 ], [ 1.603856, 44.79996 ], [ 1.603744, 44.79969 ], [ 1.603635, 44.799497 ], [ 1.603515, 44.799285 ], [ 1.603391, 44.799119 ], [ 1.602739, 44.79839 ], [ 1.602087, 44.79766 ], [ 1.601959, 44.797519 ], [ 1.601815, 44.797363 ], [ 1.601652, 44.797227 ], [ 1.601487, 44.797133 ], [ 1.601215, 44.797061 ], [ 1.601044, 44.797048 ], [ 1.600864, 44.79706 ], [ 1.600666, 44.797075 ], [ 1.600415, 44.797118 ], [ 1.599799, 44.797254 ], [ 1.599183, 44.79739 ], [ 1.597101, 44.80406 ], [ 1.597128, 44.804419 ], [ 1.599304, 44.810726 ], [ 1.601859988015645, 44.8155072870886 ], [ 1.601305, 44.816306 ], [ 1.601459, 44.817682 ], [ 1.600256, 44.822874 ], [ 1.600389, 44.822727 ], [ 1.601199, 44.822272 ], [ 1.602008, 44.821818 ], [ 1.602184, 44.822131 ], [ 1.601144, 44.824516 ], [ 1.601289, 44.83219 ], [ 1.60115, 44.832522 ], [ 1.600982, 44.832452 ], [ 1.599183, 44.831563 ], [ 1.602817, 44.837721 ], [ 1.603006, 44.838027 ], [ 1.608676, 44.838964 ], [ 1.611399, 44.838698 ], [ 1.611466, 44.838344 ], [ 1.611258, 44.834036 ], [ 1.610974, 44.833814 ], [ 1.610211, 44.834106 ], [ 1.609881, 44.834247 ], [ 1.603898, 44.833452 ], [ 1.603311, 44.832973 ], [ 1.603051, 44.832859 ], [ 1.603981, 44.823948 ], [ 1.604689, 44.823772 ], [ 1.606599, 44.81943 ], [ 1.606398, 44.819131 ], [ 1.603223796691842, 44.815304214218685 ], [ 1.606371, 44.812483 ], [ 1.613558, 44.810861 ] ] ], [ [ [ 1.586873, 44.815719 ], [ 1.586596, 44.814806 ], [ 1.586261, 44.812796 ], [ 1.586197, 44.811658 ], [ 1.586132, 44.810513 ], [ 1.586095, 44.810151 ], [ 1.586059, 44.809153 ], [ 1.585972, 44.80883 ], [ 1.585861, 44.808587 ], [ 1.585745, 44.808336 ], [ 1.585561, 44.807984 ], [ 1.585345, 44.80759 ], [ 1.584069, 44.805896 ], [ 1.583934, 44.805755 ], [ 1.58286, 44.806052 ], [ 1.582772, 44.806401 ], [ 1.576739602643295, 44.812963969599451 ], [ 1.576943, 44.813113 ], [ 1.577124, 44.813265 ], [ 1.577323, 44.813434 ], [ 1.577515, 44.813648 ], [ 1.586285, 44.815023 ], [ 1.58663, 44.814919 ], [ 1.586889, 44.815773 ], [ 1.587148, 44.816627 ], [ 1.586873, 44.815719 ] ] ], [ [ [ 1.569933, 44.808217 ], [ 1.569910388112153, 44.808203251220561 ], [ 1.569939, 44.808221 ], [ 1.570609, 44.808635 ], [ 1.569933, 44.808217 ] ] ], [ [ [ 1.569211, 44.807778 ], [ 1.566335, 44.806477 ], [ 1.559911, 44.812469 ], [ 1.559363, 44.812902 ], [ 1.559469, 44.813246 ], [ 1.560219, 44.816141 ], [ 1.560342, 44.816451 ], [ 1.560454, 44.81672 ], [ 1.560626, 44.816954 ], [ 1.560794, 44.817101 ], [ 1.560935, 44.817222 ], [ 1.56115, 44.81736 ], [ 1.561423, 44.817459 ], [ 1.561693, 44.817528 ], [ 1.561948, 44.817592 ], [ 1.563944, 44.818261 ], [ 1.564852, 44.827187 ], [ 1.564682, 44.827328 ], [ 1.564148, 44.827765 ], [ 1.564035, 44.827871 ], [ 1.563889, 44.828041 ], [ 1.563743, 44.828212 ], [ 1.559776, 44.835131 ], [ 1.559601, 44.835356 ], [ 1.559249, 44.835995 ], [ 1.558882, 44.836671 ], [ 1.558795, 44.836979 ], [ 1.558747, 44.837268 ], [ 1.558751, 44.837553 ], [ 1.558832, 44.837896 ], [ 1.559182, 44.837814 ], [ 1.5647, 44.833396 ], [ 1.568969, 44.830937 ], [ 1.569027, 44.830582 ], [ 1.57423053077398, 44.824099987672454 ], [ 1.568272, 44.828361 ], [ 1.567874, 44.828861 ], [ 1.567477, 44.82936 ], [ 1.567289, 44.829597 ], [ 1.567007, 44.829374 ], [ 1.568694, 44.823633 ], [ 1.566838, 44.818313 ], [ 1.565723, 44.816807 ], [ 1.565553, 44.81648 ], [ 1.56622, 44.813308 ], [ 1.56908, 44.808112 ], [ 1.569266450867774, 44.80781171597085 ], [ 1.569211, 44.807778 ] ] ], [ [ [ 1.588759, 44.831214 ], [ 1.588893, 44.833426 ], [ 1.589092, 44.833726 ], [ 1.591472, 44.834179 ], [ 1.591686, 44.833889 ], [ 1.599183, 44.831563 ], [ 1.591875, 44.832234 ], [ 1.591661, 44.831944 ], [ 1.587088, 44.824276 ], [ 1.586173, 44.823678 ], [ 1.588759, 44.831214 ] ] ] ] } },
{ "type": "Feature", "properties": { "codgeo": "46240", "value": 300, "isochrone_group": 5.0, "nb_agences": 2 }, "geometry": { "type": "MultiPolygon", "coordinates": [ [ [ [ 1.624747, 44.814891 ], [ 1.624698, 44.819498 ], [ 1.625042, 44.819606 ], [ 1.625453, 44.818301 ], [ 1.633441, 44.814593 ], [ 1.63371, 44.814354 ], [ 1.636838, 44.810628 ], [ 1.642715, 44.803918 ], [ 1.642668, 44.803561 ], [ 1.64137, 44.803731 ], [ 1.633646, 44.802943 ], [ 1.630051, 44.801945 ], [ 1.629867, 44.801956 ], [ 1.629682, 44.801967 ], [ 1.628162, 44.802034 ], [ 1.627194, 44.802056 ], [ 1.618301, 44.801172 ], [ 1.618906, 44.801746 ], [ 1.627071, 44.803283 ], [ 1.627423, 44.803358 ], [ 1.628515, 44.804104 ], [ 1.628526, 44.804464 ], [ 1.627749, 44.806921 ], [ 1.627634, 44.807262 ], [ 1.625028, 44.811324 ], [ 1.624728, 44.811523 ], [ 1.618022, 44.810984 ], [ 1.613558, 44.810861 ], [ 1.606371, 44.812483 ], [ 1.603223796691842, 44.815304214218685 ], [ 1.606398, 44.819131 ], [ 1.606599, 44.81943 ], [ 1.60468906305334, 44.823771856660947 ], [ 1.604785, 44.823748 ], [ 1.605332, 44.823642 ], [ 1.605943, 44.823511 ], [ 1.606267, 44.8233 ], [ 1.606591, 44.823089 ], [ 1.609695, 44.817273 ], [ 1.612658864938918, 44.812684703166227 ], [ 1.616685, 44.811567 ], [ 1.624747, 44.814891 ] ] ], [ [ [ 1.594481, 44.796496 ], [ 1.594219, 44.796475 ], [ 1.593935, 44.796455 ], [ 1.593741, 44.796466 ], [ 1.593551, 44.7965 ], [ 1.593199, 44.796598 ], [ 1.593022, 44.796687 ], [ 1.592825, 44.796879 ], [ 1.592699, 44.797154 ], [ 1.59246, 44.798373 ], [ 1.592471, 44.798536 ], [ 1.593545, 44.805535 ], [ 1.594196, 44.808606 ], [ 1.594264, 44.808775 ], [ 1.594332, 44.808943 ], [ 1.594498, 44.80926 ], [ 1.594706, 44.809549 ], [ 1.598895564656292, 44.817109534821043 ], [ 1.598585, 44.819066 ], [ 1.590184, 44.822108 ], [ 1.590363, 44.822331 ], [ 1.590972, 44.823214 ], [ 1.597766, 44.825229 ], [ 1.600256, 44.822874 ], [ 1.601459, 44.817682 ], [ 1.601305, 44.816306 ], [ 1.601859988015645, 44.8155072870886 ], [ 1.599304, 44.810726 ], [ 1.597128, 44.804419 ], [ 1.597101, 44.80406 ], [ 1.599183, 44.79739 ], [ 1.599799, 44.797254 ], [ 1.600415, 44.797118 ], [ 1.600666, 44.797075 ], [ 1.600864, 44.79706 ], [ 1.601044, 44.797048 ], [ 1.601215, 44.797061 ], [ 1.594481, 44.796496 ] ] ], [ [ [ 1.585261, 44.806798 ], [ 1.584931, 44.805571 ], [ 1.585, 44.802036 ], [ 1.584848, 44.801803 ], [ 1.584679, 44.80158 ], [ 1.584517, 44.801369 ], [ 1.584358, 44.801201 ], [ 1.583672, 44.800625 ], [ 1.583443, 44.800465 ], [ 1.583181, 44.800317 ], [ 1.582814, 44.800202 ], [ 1.582499, 44.800171 ], [ 1.582012, 44.800205 ], [ 1.581519, 44.800239 ], [ 1.581114, 44.800278 ], [ 1.580689, 44.80032 ], [ 1.580509, 44.800359 ], [ 1.580314, 44.800401 ], [ 1.580099, 44.800476 ], [ 1.579889, 44.800655 ], [ 1.579828, 44.800843 ], [ 1.5798, 44.800952 ], [ 1.57983, 44.801311 ], [ 1.580387, 44.806016 ], [ 1.572865, 44.810097 ], [ 1.573077, 44.810192 ], [ 1.573271, 44.810313 ], [ 1.573443, 44.810421 ], [ 1.573719, 44.810686 ], [ 1.574224, 44.811118 ], [ 1.5745, 44.811323 ], [ 1.574655, 44.811497 ], [ 1.574781, 44.811643 ], [ 1.576517, 44.812899 ], [ 1.576712, 44.812994 ], [ 1.582772, 44.806401 ], [ 1.58286, 44.806052 ], [ 1.583934, 44.805755 ], [ 1.584069, 44.805896 ], [ 1.585345, 44.80759 ], [ 1.585561, 44.807984 ], [ 1.585745, 44.808336 ], [ 1.585261, 44.806798 ] ] ], [ [ [ 1.566241, 44.806427 ], [ 1.564362, 44.805159 ], [ 1.564072, 44.805373 ], [ 1.559711, 44.809109 ], [ 1.554721, 44.814581 ], [ 1.5546, 44.81483 ], [ 1.554589, 44.815021 ], [ 1.554579, 44.815246 ], [ 1.554612, 44.815503 ], [ 1.554969, 44.815456 ], [ 1.560794, 44.817101 ], [ 1.560626, 44.816954 ], [ 1.560454, 44.81672 ], [ 1.560342, 44.816451 ], [ 1.560219, 44.816141 ], [ 1.559469, 44.813246 ], [ 1.559363, 44.812902 ], [ 1.559911, 44.812469 ], [ 1.566334352257186, 44.806477604183527 ], [ 1.566241, 44.806427 ] ] ], [ [ [ 1.564051451603418, 44.819317291863541 ], [ 1.563944, 44.818261 ], [ 1.561948, 44.817592 ], [ 1.561693, 44.817528 ], [ 1.561423, 44.817459 ], [ 1.564051451603418, 44.819317291863541 ] ] ], [ [ [ 1.564682, 44.827328 ], [ 1.564852, 44.827187 ], [ 1.564543254601662, 44.824151910324268 ], [ 1.564682, 44.827328 ] ] ], [ [ [ 1.559896, 44.828279 ], [ 1.559759, 44.828611 ], [ 1.558882, 44.836671 ], [ 1.559249, 44.835995 ], [ 1.559601, 44.835356 ], [ 1.559776, 44.835131 ], [ 1.563743, 44.828212 ], [ 1.563889, 44.828041 ], [ 1.564035, 44.827871 ], [ 1.564148, 44.827765 ], [ 1.564682, 44.827328 ], [ 1.559896, 44.828279 ] ] ], [ [ [ 1.553895, 44.842501 ], [ 1.553961, 44.842855 ], [ 1.556654, 44.842765 ], [ 1.556823, 44.842748 ], [ 1.557509, 44.842624 ], [ 1.557705, 44.842516 ], [ 1.557825, 44.842411 ], [ 1.557908, 44.842224 ], [ 1.559148, 44.839954 ], [ 1.559295, 44.839728 ], [ 1.559418, 44.839394 ], [ 1.559445, 44.839152 ], [ 1.562323125040251, 44.835299050665476 ], [ 1.559182, 44.837814 ], [ 1.558832, 44.837896 ], [ 1.558751, 44.837553 ], [ 1.558747, 44.837268 ], [ 1.558795, 44.836979 ], [ 1.558882, 44.836671 ], [ 1.553895, 44.842501 ] ] ], [ [ [ 1.568138, 44.834583 ], [ 1.574666, 44.834699 ], [ 1.577264, 44.835722 ], [ 1.577485, 44.835438 ], [ 1.577233, 44.835242 ], [ 1.576981, 44.835046 ], [ 1.576503, 44.834786 ], [ 1.57605, 44.834542 ], [ 1.575776, 44.834454 ], [ 1.575483, 44.834404 ], [ 1.572154, 44.832618 ], [ 1.570872, 44.831106 ], [ 1.573225357712003, 44.825352126741507 ], [ 1.569027, 44.830582 ], [ 1.568969, 44.830937 ], [ 1.5647, 44.833396 ], [ 1.563775146994278, 44.834136485788207 ], [ 1.568138, 44.834583 ] ] ], [ [ [ 1.585872, 44.830446 ], [ 1.585827, 44.830804 ], [ 1.586548, 44.834683 ], [ 1.586658, 44.835026 ], [ 1.587274, 44.834923 ], [ 1.587527, 44.834846 ], [ 1.587738, 44.834778 ], [ 1.592591, 44.842225 ], [ 1.591476, 44.843151 ], [ 1.591668, 44.843456 ], [ 1.595717, 44.845316 ], [ 1.599013, 44.846172 ], [ 1.599339, 44.846019 ], [ 1.601912, 44.839211 ], [ 1.608477, 44.840056 ], [ 1.610951, 44.845389 ], [ 1.611163, 44.84568 ], [ 1.612709, 44.846909 ], [ 1.612841, 44.847018 ], [ 1.613056, 44.847111 ], [ 1.613359, 44.84718 ], [ 1.61359, 44.847195 ], [ 1.613821, 44.84721 ], [ 1.616137, 44.845192 ], [ 1.616085, 44.844836 ], [ 1.616661, 44.83738 ], [ 1.621469, 44.830056 ], [ 1.621999, 44.829826 ], [ 1.621855, 44.829496 ], [ 1.617473, 44.829528 ], [ 1.617134, 44.829768 ], [ 1.616795, 44.830008 ], [ 1.614391, 44.83118 ], [ 1.614096, 44.83127 ], [ 1.613812, 44.831358 ], [ 1.613374, 44.831523 ], [ 1.612948, 44.831685 ], [ 1.60975, 44.832209 ], [ 1.609392, 44.832251 ], [ 1.603311, 44.832973 ], [ 1.603898, 44.833452 ], [ 1.609881, 44.834247 ], [ 1.610211, 44.834106 ], [ 1.610974, 44.833814 ], [ 1.611258, 44.834036 ], [ 1.611466, 44.838344 ], [ 1.611399, 44.838698 ], [ 1.608676, 44.838964 ], [ 1.603006, 44.838027 ], [ 1.602817, 44.837721 ], [ 1.599183, 44.831563 ], [ 1.591686, 44.833889 ], [ 1.591472, 44.834179 ], [ 1.589092, 44.833726 ], [ 1.588893, 44.833426 ], [ 1.588759, 44.831214 ], [ 1.586173, 44.823678 ], [ 1.584910271494429, 44.82321734581992 ], [ 1.585872, 44.830446 ] ] ], [ [ [ 1.604032991690641, 44.823935075511933 ], [ 1.603981, 44.823948 ], [ 1.603051, 44.832859 ], [ 1.604032991690641, 44.823935075511933 ] ] ] ] } },
{ "type": "Feature", "properties": { "codgeo": "46240", "value": 360, "isochrone_group": 6.0, "nb_agences": 2 }, "geometry": { "type": "MultiPolygon", "coordinates": [ [ [ [ 1.632703, 44.823918 ], [ 1.638014, 44.817689 ], [ 1.640073, 44.818668 ], [ 1.640288, 44.8188 ], [ 1.642322, 44.820222 ], [ 1.644917, 44.820415 ], [ 1.646886, 44.815555 ], [ 1.645387, 44.809991 ], [ 1.645407, 44.809632 ], [ 1.651179, 44.803251 ], [ 1.652315, 44.803407 ], [ 1.65292, 44.80343 ], [ 1.653531, 44.803453 ], [ 1.653715, 44.803454 ], [ 1.653912, 44.803455 ], [ 1.654157, 44.803439 ], [ 1.654415, 44.80342 ], [ 1.655007, 44.803332 ], [ 1.655599, 44.803243 ], [ 1.655546, 44.802887 ], [ 1.65011, 44.802739 ], [ 1.649695, 44.802722 ], [ 1.649298, 44.802706 ], [ 1.646797, 44.803025 ], [ 1.644325, 44.803343 ], [ 1.642198, 44.803622 ], [ 1.640998370860172, 44.803693086514471 ], [ 1.64137, 44.803731 ], [ 1.642668, 44.803561 ], [ 1.642715, 44.803918 ], [ 1.636838, 44.810628 ], [ 1.63371, 44.814354 ], [ 1.633441, 44.814593 ], [ 1.625453, 44.818301 ], [ 1.625042, 44.819606 ], [ 1.624698, 44.819498 ], [ 1.624747, 44.814891 ], [ 1.616685, 44.811567 ], [ 1.612658864938918, 44.812684703166227 ], [ 1.609695, 44.817273 ], [ 1.606591, 44.823089 ], [ 1.606267, 44.8233 ], [ 1.605943, 44.823511 ], [ 1.605332, 44.823642 ], [ 1.604785, 44.823748 ], [ 1.604033, 44.823935 ], [ 1.603051, 44.832859 ], [ 1.603311, 44.832973 ], [ 1.609392, 44.832251 ], [ 1.60975, 44.832209 ], [ 1.612948, 44.831685 ], [ 1.613374, 44.831523 ], [ 1.613812, 44.831358 ], [ 1.614096, 44.83127 ], [ 1.614391, 44.83118 ], [ 1.616795, 44.830008 ], [ 1.617134, 44.829768 ], [ 1.617473, 44.829528 ], [ 1.621855, 44.829496 ], [ 1.621999, 44.829826 ], [ 1.621469, 44.830056 ], [ 1.616661, 44.83738 ], [ 1.616650971201687, 44.83750981722261 ], [ 1.619809, 44.835457 ], [ 1.624499, 44.830784 ], [ 1.629785, 44.826996 ], [ 1.630065, 44.826846 ], [ 1.630355, 44.826613 ], [ 1.630482, 44.826469 ], [ 1.630624, 44.826307 ], [ 1.630852, 44.825973 ], [ 1.63108, 44.825639 ], [ 1.630782, 44.825436 ], [ 1.630281149452299, 44.824897990429164 ], [ 1.632366, 44.824044 ], [ 1.632703, 44.823918 ] ] ], [ [ [ 1.631807, 44.801688 ], [ 1.631599, 44.801634 ], [ 1.628036857918692, 44.8020368441382 ], [ 1.628162, 44.802034 ], [ 1.629682, 44.801967 ], [ 1.629867, 44.801956 ], [ 1.630051, 44.801945 ], [ 1.633646, 44.802943 ], [ 1.637064439233167, 44.803291748072972 ], [ 1.631807, 44.801688 ] ] ], [ [ [ 1.616402, 44.798446 ], [ 1.618301, 44.801172 ], [ 1.61985258546903, 44.801326233841749 ], [ 1.616402, 44.798446 ] ] ], [ [ [ 1.586614, 44.801209 ], [ 1.586524, 44.801285 ], [ 1.586434, 44.801404 ], [ 1.586382, 44.801544 ], [ 1.586373, 44.801679 ], [ 1.586391, 44.801863 ], [ 1.586443, 44.802111 ], [ 1.586496, 44.802358 ], [ 1.586585253841575, 44.802457875118932 ], [ 1.586223, 44.802404 ], [ 1.585905, 44.800218 ], [ 1.585813, 44.799872 ], [ 1.585666, 44.799298 ], [ 1.5856, 44.798982 ], [ 1.585493, 44.798798 ], [ 1.585279, 44.798665 ], [ 1.585013, 44.798646 ], [ 1.584666, 44.798714 ], [ 1.583166, 44.799161 ], [ 1.574767, 44.79749 ], [ 1.574433, 44.797625 ], [ 1.571062, 44.801205 ], [ 1.563036, 44.804145 ], [ 1.55998, 44.800753 ], [ 1.559641, 44.800632 ], [ 1.556178, 44.803068 ], [ 1.556151, 44.803439 ], [ 1.556124, 44.803809 ], [ 1.556174, 44.804071 ], [ 1.556351, 44.804247 ], [ 1.559553057638145, 44.809282198517849 ], [ 1.559711, 44.809109 ], [ 1.564072, 44.805373 ], [ 1.564362, 44.805159 ], [ 1.566241, 44.806427 ], [ 1.567964, 44.807361 ], [ 1.569037, 44.807728 ], [ 1.569211, 44.807778 ], [ 1.569933, 44.808217 ], [ 1.570609, 44.808635 ], [ 1.570879, 44.808813 ], [ 1.571144, 44.808988 ], [ 1.571468, 44.809245 ], [ 1.572865, 44.810097 ], [ 1.580387, 44.806016 ], [ 1.57983, 44.801311 ], [ 1.5798, 44.800952 ], [ 1.579828, 44.800843 ], [ 1.579889, 44.800655 ], [ 1.580099, 44.800476 ], [ 1.580314, 44.800401 ], [ 1.580509, 44.800359 ], [ 1.580689, 44.80032 ], [ 1.581114, 44.800278 ], [ 1.581519, 44.800239 ], [ 1.582012, 44.800205 ], [ 1.582499, 44.800171 ], [ 1.582814, 44.800202 ], [ 1.583181, 44.800317 ], [ 1.583443, 44.800465 ], [ 1.583672, 44.800625 ], [ 1.584358, 44.801201 ], [ 1.584517, 44.801369 ], [ 1.584679, 44.80158 ], [ 1.584848, 44.801803 ], [ 1.585, 44.802036 ], [ 1.584931, 44.805571 ], [ 1.585261, 44.806798 ], [ 1.585745, 44.808336 ], [ 1.585861, 44.808587 ], [ 1.585972, 44.80883 ], [ 1.586059, 44.809153 ], [ 1.586095, 44.810151 ], [ 1.586132, 44.810513 ], [ 1.586197, 44.811658 ], [ 1.586261, 44.812796 ], [ 1.586274, 44.813165 ], [ 1.586596, 44.814806 ], [ 1.586873, 44.815719 ], [ 1.587148, 44.816627 ], [ 1.587385, 44.817362 ], [ 1.587621, 44.8181 ], [ 1.587868, 44.818803 ], [ 1.589104, 44.820829 ], [ 1.589315, 44.82106 ], [ 1.589517, 44.821326 ], [ 1.589994, 44.821872 ], [ 1.590184, 44.822108 ], [ 1.598585, 44.819066 ], [ 1.598895564656292, 44.817109534821043 ], [ 1.594706, 44.809549 ], [ 1.594498, 44.80926 ], [ 1.594332, 44.808943 ], [ 1.594264, 44.808775 ], [ 1.594196, 44.808606 ], [ 1.593545, 44.805535 ], [ 1.592471, 44.798536 ], [ 1.59246, 44.798373 ], [ 1.592699, 44.797154 ], [ 1.592825, 44.796879 ], [ 1.593022, 44.796687 ], [ 1.586614, 44.801209 ] ] ], [ [ [ 1.553281, 44.818349 ], [ 1.553159, 44.818725 ], [ 1.553037, 44.8191 ], [ 1.557928, 44.826612 ], [ 1.558265, 44.827162 ], [ 1.558603, 44.827711 ], [ 1.558882, 44.836671 ], [ 1.559759, 44.828611 ], [ 1.559896, 44.828279 ], [ 1.564682, 44.827328 ], [ 1.564341, 44.819522 ], [ 1.561423, 44.817459 ], [ 1.56115, 44.81736 ], [ 1.560935, 44.817222 ], [ 1.560794, 44.817101 ], [ 1.554969, 44.815456 ], [ 1.554612, 44.815503 ], [ 1.554579, 44.815246 ], [ 1.554589, 44.815021 ], [ 1.5546, 44.81483 ], [ 1.553281, 44.818349 ] ] ], [ [ [ 1.55353, 44.840961 ], [ 1.553059, 44.841866 ], [ 1.552582, 44.842788 ], [ 1.552475, 44.843078 ], [ 1.552457, 44.843204 ], [ 1.552479, 44.843326 ], [ 1.552564, 44.843443 ], [ 1.557153, 44.8458 ], [ 1.557498, 44.845824 ], [ 1.557697, 44.845524 ], [ 1.558027, 44.844301 ], [ 1.559295, 44.839728 ], [ 1.559148, 44.839954 ], [ 1.557908, 44.842224 ], [ 1.557825, 44.842411 ], [ 1.557705, 44.842516 ], [ 1.557509, 44.842624 ], [ 1.556823, 44.842748 ], [ 1.556654, 44.842765 ], [ 1.553961, 44.842855 ], [ 1.553895, 44.842501 ], [ 1.558882, 44.836671 ], [ 1.55353, 44.840961 ] ] ], [ [ [ 1.566819, 44.836566 ], [ 1.567239, 44.83658 ], [ 1.567416, 44.836466 ], [ 1.567659, 44.836286 ], [ 1.574666, 44.834699 ], [ 1.568138, 44.834583 ], [ 1.563233, 44.834081 ], [ 1.559445, 44.839152 ], [ 1.559418, 44.839394 ], [ 1.559295, 44.839728 ], [ 1.566819, 44.836566 ] ] ], [ [ [ 1.577349, 44.835776 ], [ 1.577531, 44.83584 ], [ 1.577733, 44.835883 ], [ 1.580217, 44.836813 ], [ 1.580676, 44.837025 ], [ 1.580996, 44.83719 ], [ 1.583604, 44.845776 ], [ 1.583288, 44.845924 ], [ 1.580866, 44.846788 ], [ 1.5798, 44.847722 ], [ 1.579954, 44.848048 ], [ 1.587294, 44.850962 ], [ 1.591837, 44.850424 ], [ 1.600484, 44.848063 ], [ 1.601306, 44.848507 ], [ 1.603746, 44.851076 ], [ 1.604106, 44.851086 ], [ 1.61064, 44.846236 ], [ 1.614484, 44.852006 ], [ 1.614788, 44.855132 ], [ 1.614788, 44.855413 ], [ 1.614933, 44.855595 ], [ 1.615077, 44.855776 ], [ 1.615359, 44.855552 ], [ 1.61647, 44.853798 ], [ 1.616506, 44.853631 ], [ 1.616562, 44.851104 ], [ 1.617402, 44.844709 ], [ 1.616629911250639, 44.837782426588966 ], [ 1.616085, 44.844836 ], [ 1.616137, 44.845192 ], [ 1.613821, 44.84721 ], [ 1.61359, 44.847195 ], [ 1.613359, 44.84718 ], [ 1.613056, 44.847111 ], [ 1.612841, 44.847018 ], [ 1.612709, 44.846909 ], [ 1.611163, 44.84568 ], [ 1.610951, 44.845389 ], [ 1.608477, 44.840056 ], [ 1.601912, 44.839211 ], [ 1.599339, 44.846019 ], [ 1.599013, 44.846172 ], [ 1.595717, 44.845316 ], [ 1.591668, 44.843456 ], [ 1.591476, 44.843151 ], [ 1.592591, 44.842225 ], [ 1.587738, 44.834778 ], [ 1.587527, 44.834846 ], [ 1.587274, 44.834923 ], [ 1.586658, 44.835026 ], [ 1.586548, 44.834683 ], [ 1.585827, 44.830804 ], [ 1.585872, 44.830446 ], [ 1.58483, 44.822614 ], [ 1.581434, 44.821805 ], [ 1.581132, 44.821839 ], [ 1.580885, 44.821838 ], [ 1.578932, 44.822039 ], [ 1.578169, 44.822274 ], [ 1.577683, 44.822433 ], [ 1.576576, 44.822866 ], [ 1.575926, 44.82315 ], [ 1.575565, 44.823279 ], [ 1.575194, 44.823411 ], [ 1.574929, 44.823488 ], [ 1.57466, 44.823565 ], [ 1.57387, 44.823776 ], [ 1.570872, 44.831106 ], [ 1.572154, 44.832618 ], [ 1.575483, 44.834404 ], [ 1.575776, 44.834454 ], [ 1.57605, 44.834542 ], [ 1.576503, 44.834786 ], [ 1.576981, 44.835046 ], [ 1.577233, 44.835242 ], [ 1.577485, 44.835438 ], [ 1.577264, 44.835722 ], [ 1.574666, 44.834699 ], [ 1.577349, 44.835776 ] ] ] ] } },
{ "type": "Feature", "properties": { "codgeo": "46240", "value": 420, "isochrone_group": 7.0, "nb_agences": 2 }, "geometry": { "type": "MultiPolygon", "coordinates": [ [ [ [ 1.584671376638957, 44.798712946364681 ], [ 1.585013, 44.798646 ], [ 1.585279, 44.798665 ], [ 1.585493, 44.798798 ], [ 1.5856, 44.798982 ], [ 1.585666, 44.799298 ], [ 1.585813, 44.799872 ], [ 1.585905, 44.800218 ], [ 1.586223, 44.802404 ], [ 1.586585253841575, 44.802457875118932 ], [ 1.586496, 44.802358 ], [ 1.586443, 44.802111 ], [ 1.586391, 44.801863 ], [ 1.586373, 44.801679 ], [ 1.586382, 44.801544 ], [ 1.586434, 44.801404 ], [ 1.586524, 44.801285 ], [ 1.586614, 44.801209 ], [ 1.593022, 44.796687 ], [ 1.593199, 44.796598 ], [ 1.584671376638957, 44.798712946364681 ] ] ], [ [ [ 1.582037250181691, 44.798936432676939 ], [ 1.583166, 44.799161 ], [ 1.584666, 44.798714 ], [ 1.582037250181691, 44.798936432676939 ] ] ], [ [ [ 1.575281, 44.794686 ], [ 1.573403, 44.794733 ], [ 1.570955, 44.797012 ], [ 1.56222, 44.797757 ], [ 1.56161, 44.796195 ], [ 1.561278, 44.796054 ], [ 1.559552, 44.79718 ], [ 1.559293, 44.797383 ], [ 1.556719, 44.799781 ], [ 1.556244, 44.802243 ], [ 1.55618, 44.803047 ], [ 1.556178481589201, 44.803067661232667 ], [ 1.559641, 44.800632 ], [ 1.55998, 44.800753 ], [ 1.563036, 44.804145 ], [ 1.571062, 44.801205 ], [ 1.574433, 44.797625 ], [ 1.574767, 44.79749 ], [ 1.581870897679323, 44.798903336471255 ], [ 1.575281, 44.794686 ] ] ], [ [ [ 1.548851, 44.821429 ], [ 1.54854, 44.821514 ], [ 1.548634, 44.821861 ], [ 1.555755, 44.825536 ], [ 1.558605547192919, 44.827792802324581 ], [ 1.558603, 44.827711 ], [ 1.558265, 44.827162 ], [ 1.557928, 44.826612 ], [ 1.553037, 44.8191 ], [ 1.553159, 44.818725 ], [ 1.553281, 44.818349 ], [ 1.5546, 44.81483 ], [ 1.548851, 44.821429 ] ] ], [ [ [ 1.552128, 44.839215 ], [ 1.551632, 44.839882 ], [ 1.551353, 44.840238 ], [ 1.551232, 44.840466 ], [ 1.550499, 44.843052 ], [ 1.550436, 44.843257 ], [ 1.550373, 44.843462 ], [ 1.551246, 44.844296 ], [ 1.553531, 44.846445 ], [ 1.554046, 44.846571 ], [ 1.554241, 44.846565 ], [ 1.558461, 44.846356 ], [ 1.56413, 44.850597 ], [ 1.564324, 44.85094 ], [ 1.564608, 44.851334 ], [ 1.564892, 44.851727 ], [ 1.572214, 44.856232 ], [ 1.573571, 44.855356 ], [ 1.573769, 44.85521 ], [ 1.573952, 44.855075 ], [ 1.576672, 44.853477 ], [ 1.576895, 44.853194 ], [ 1.579163, 44.848423 ], [ 1.587294, 44.850962 ], [ 1.579954, 44.848048 ], [ 1.5798, 44.847722 ], [ 1.580866, 44.846788 ], [ 1.583288, 44.845924 ], [ 1.583604, 44.845776 ], [ 1.580996, 44.83719 ], [ 1.580676, 44.837025 ], [ 1.580217, 44.836813 ], [ 1.577733, 44.835883 ], [ 1.577531, 44.83584 ], [ 1.577349, 44.835776 ], [ 1.574666, 44.834699 ], [ 1.567659, 44.836286 ], [ 1.567416, 44.836466 ], [ 1.567239, 44.83658 ], [ 1.566819, 44.836566 ], [ 1.559295, 44.839728 ], [ 1.558027, 44.844301 ], [ 1.557697, 44.845524 ], [ 1.557498, 44.845824 ], [ 1.557153, 44.8458 ], [ 1.552564, 44.843443 ], [ 1.552479, 44.843326 ], [ 1.552457, 44.843204 ], [ 1.552475, 44.843078 ], [ 1.552582, 44.842788 ], [ 1.553059, 44.841866 ], [ 1.55353, 44.840961 ], [ 1.558882, 44.836671 ], [ 1.558866338425911, 44.836168033319566 ], [ 1.552128, 44.839215 ] ] ], [ [ [ 1.588019, 44.853153 ], [ 1.588163, 44.853416 ], [ 1.588308, 44.85368 ], [ 1.588491, 44.853902 ], [ 1.588653, 44.854093 ], [ 1.588811, 44.854256 ], [ 1.588961, 44.85441 ], [ 1.589337, 44.854467 ], [ 1.589613, 44.854369 ], [ 1.591803, 44.850478 ], [ 1.591827057821447, 44.85042517739204 ], [ 1.587294, 44.850962 ], [ 1.588019, 44.853153 ] ] ], [ [ [ 1.60699, 44.858904 ], [ 1.606955, 44.859295 ], [ 1.606923, 44.862087 ], [ 1.607227, 44.86228 ], [ 1.60733, 44.862119 ], [ 1.607432, 44.861957 ], [ 1.607549, 44.861647 ], [ 1.614335, 44.856055 ], [ 1.614636, 44.856006 ], [ 1.614922, 44.855959 ], [ 1.615184, 44.855887 ], [ 1.615302, 44.855834 ], [ 1.615312, 44.855829 ], [ 1.615528, 44.855704 ], [ 1.618168, 44.85415 ], [ 1.618657, 44.853857 ], [ 1.619161, 44.853555 ], [ 1.619352, 44.853414 ], [ 1.619562, 44.853258 ], [ 1.623243, 44.850427 ], [ 1.623482, 44.850229 ], [ 1.623732, 44.85002 ], [ 1.623879, 44.849875 ], [ 1.624008, 44.849716 ], [ 1.624875, 44.848368 ], [ 1.624613, 44.84812 ], [ 1.617402, 44.844709 ], [ 1.616562, 44.851104 ], [ 1.616506, 44.853631 ], [ 1.61647, 44.853798 ], [ 1.615359, 44.855552 ], [ 1.615077, 44.855776 ], [ 1.614933, 44.855595 ], [ 1.614788, 44.855413 ], [ 1.614788, 44.855132 ], [ 1.614484, 44.852006 ], [ 1.61064, 44.846236 ], [ 1.604106, 44.851086 ], [ 1.603746, 44.851076 ], [ 1.60699, 44.858904 ] ] ], [ [ [ 1.620151, 44.835347 ], [ 1.620901, 44.834949 ], [ 1.621849, 44.834492 ], [ 1.624672835965346, 44.830659427424017 ], [ 1.624499, 44.830784 ], [ 1.619809, 44.835457 ], [ 1.616603, 44.837541 ], [ 1.620151, 44.835347 ] ] ], [ [ [ 1.636288, 44.823244 ], [ 1.636859, 44.823034 ], [ 1.637444, 44.822818 ], [ 1.637871, 44.822623 ], [ 1.638306, 44.822424 ], [ 1.643188439746347, 44.820620123922829 ], [ 1.647092, 44.820966 ], [ 1.647391, 44.821025 ], [ 1.650727, 44.821976 ], [ 1.652345, 44.821872 ], [ 1.65263, 44.82184 ], [ 1.652885, 44.821808 ], [ 1.6531, 44.821768 ], [ 1.653304, 44.821731 ], [ 1.657183, 44.820784 ], [ 1.657382, 44.820484 ], [ 1.657178, 44.818032 ], [ 1.656909, 44.817792 ], [ 1.652763, 44.811039 ], [ 1.660072, 44.806529 ], [ 1.664526, 44.804762 ], [ 1.667929, 44.803865 ], [ 1.668012, 44.803515 ], [ 1.666822, 44.802823 ], [ 1.663826, 44.801637 ], [ 1.655971, 44.802846 ], [ 1.65011, 44.802739 ], [ 1.655546, 44.802887 ], [ 1.655599, 44.803243 ], [ 1.655007, 44.803332 ], [ 1.654415, 44.80342 ], [ 1.654157, 44.803439 ], [ 1.653912, 44.803455 ], [ 1.653715, 44.803454 ], [ 1.653531, 44.803453 ], [ 1.65292, 44.80343 ], [ 1.652315, 44.803407 ], [ 1.651179, 44.803251 ], [ 1.645407, 44.809632 ], [ 1.645387, 44.809991 ], [ 1.646886, 44.815555 ], [ 1.644917, 44.820415 ], [ 1.642322, 44.820222 ], [ 1.640288, 44.8188 ], [ 1.640073, 44.818668 ], [ 1.641466502863346, 44.820314041191914 ], [ 1.640871, 44.82068 ], [ 1.640222, 44.821038 ], [ 1.639184, 44.821569 ], [ 1.638142, 44.822104 ], [ 1.637722, 44.822295 ], [ 1.637294, 44.822491 ], [ 1.636735, 44.822696 ], [ 1.636163, 44.822906 ], [ 1.635726, 44.823049 ], [ 1.635284, 44.823195 ], [ 1.634091, 44.823472 ], [ 1.632954351465024, 44.82373662157277 ], [ 1.638014, 44.817689 ], [ 1.632703, 44.823918 ], [ 1.632366, 44.824044 ], [ 1.630281149452299, 44.824897990429164 ], [ 1.630782, 44.825436 ], [ 1.63108, 44.825639 ], [ 1.630852, 44.825973 ], [ 1.630624, 44.826307 ], [ 1.630482, 44.826469 ], [ 1.630355, 44.826613 ], [ 1.636288, 44.823244 ] ] ], [ [ [ 1.619843025057275, 44.801318253682524 ], [ 1.620522, 44.801885 ], [ 1.627194, 44.802056 ], [ 1.619843025057275, 44.801318253682524 ] ] ] ] } },
{ "type": "Feature", "properties": { "codgeo": "46240", "value": 480, "isochrone_group": 8.0, "nb_agences": 2 }, "geometry": { "type": "MultiPolygon", "coordinates": [ [ [ [ 1.581509, 44.794393 ], [ 1.581286, 44.794321 ], [ 1.581062, 44.794249 ], [ 1.575974, 44.792887 ], [ 1.57528, 44.793341 ], [ 1.574119, 44.794042 ], [ 1.573929, 44.794184 ], [ 1.573762, 44.79431 ], [ 1.573602, 44.794478 ], [ 1.573464, 44.794626 ], [ 1.570955, 44.797012 ], [ 1.573403, 44.794733 ], [ 1.575281, 44.794686 ], [ 1.581936, 44.798945 ], [ 1.584666, 44.798714 ], [ 1.584671376638935, 44.798712946364709 ], [ 1.585204605666359, 44.798580699577364 ], [ 1.581509, 44.794393 ] ] ], [ [ [ 1.56282, 44.797097 ], [ 1.561437, 44.794796 ], [ 1.561349, 44.794616 ], [ 1.560702, 44.792285 ], [ 1.560635, 44.792003 ], [ 1.559952, 44.791248 ], [ 1.559718, 44.791102 ], [ 1.559453, 44.791053 ], [ 1.559235, 44.791048 ], [ 1.559003, 44.791045 ], [ 1.558697, 44.791065 ], [ 1.558365, 44.79109 ], [ 1.55818, 44.791132 ], [ 1.557978, 44.791178 ], [ 1.55767, 44.79128 ], [ 1.55734, 44.791391 ], [ 1.557082, 44.791516 ], [ 1.556797, 44.791657 ], [ 1.556615, 44.791788 ], [ 1.556397, 44.791953 ], [ 1.556271, 44.792112 ], [ 1.556121, 44.792309 ], [ 1.556039, 44.792495 ], [ 1.555946, 44.792711 ], [ 1.555417, 44.794043 ], [ 1.556244, 44.802243 ], [ 1.556719, 44.799781 ], [ 1.559293, 44.797383 ], [ 1.559552, 44.79718 ], [ 1.561278, 44.796054 ], [ 1.56161, 44.796195 ], [ 1.56222, 44.797757 ], [ 1.570955, 44.797012 ], [ 1.56282, 44.797097 ] ] ], [ [ [ 1.548118, 44.821571 ], [ 1.547893, 44.821651 ], [ 1.547629, 44.821812 ], [ 1.547447, 44.822073 ], [ 1.547386, 44.822217 ], [ 1.547373, 44.822439 ], [ 1.547435, 44.822632 ], [ 1.547621, 44.822886 ], [ 1.548096, 44.823463 ], [ 1.54712, 44.831929 ], [ 1.546971, 44.832128 ], [ 1.546839, 44.832421 ], [ 1.546757, 44.832731 ], [ 1.546645, 44.833888 ], [ 1.546681, 44.834259 ], [ 1.546764, 44.834602 ], [ 1.546836, 44.834805 ], [ 1.546903, 44.834989 ], [ 1.549375, 44.842657 ], [ 1.549654, 44.844041 ], [ 1.54972, 44.844238 ], [ 1.549959, 44.844377 ], [ 1.553531, 44.846445 ], [ 1.551246, 44.844296 ], [ 1.550373, 44.843462 ], [ 1.550436, 44.843257 ], [ 1.550499, 44.843052 ], [ 1.551232, 44.840466 ], [ 1.551353, 44.840238 ], [ 1.551632, 44.839882 ], [ 1.552128, 44.839215 ], [ 1.559249, 44.835995 ], [ 1.558746, 44.827904 ], [ 1.555755, 44.825536 ], [ 1.548634, 44.821861 ], [ 1.54854, 44.821514 ], [ 1.548851, 44.821429 ], [ 1.54945320558489, 44.820737757235236 ], [ 1.548118, 44.821571 ] ] ], [ [ [ 1.565771, 44.854811 ], [ 1.564715, 44.860881 ], [ 1.564158, 44.862159 ], [ 1.564233, 44.862293 ], [ 1.564473, 44.862554 ], [ 1.5709, 44.861291 ], [ 1.571004, 44.860946 ], [ 1.573952, 44.855075 ], [ 1.573769, 44.85521 ], [ 1.573571, 44.855356 ], [ 1.572214, 44.856232 ], [ 1.564892, 44.851727 ], [ 1.564608, 44.851334 ], [ 1.564324, 44.85094 ], [ 1.565771, 44.854811 ] ] ], [ [ [ 1.577383, 44.853719 ], [ 1.577491, 44.853636 ], [ 1.577608, 44.85339 ], [ 1.577687, 44.852407 ], [ 1.577705, 44.852265 ], [ 1.580465065246208, 44.848829585126076 ], [ 1.579163, 44.848423 ], [ 1.576895, 44.853194 ], [ 1.576672, 44.853477 ], [ 1.573952, 44.855075 ], [ 1.577383, 44.853719 ] ] ], [ [ [ 1.587132, 44.854114 ], [ 1.587099, 44.854518 ], [ 1.586637, 44.856289 ], [ 1.586466, 44.856677 ], [ 1.586292, 44.857072 ], [ 1.58617, 44.857378 ], [ 1.58604, 44.857795 ], [ 1.586124, 44.858112 ], [ 1.586223, 44.85832 ], [ 1.586351, 44.858572 ], [ 1.586559, 44.858801 ], [ 1.586811, 44.859066 ], [ 1.589531, 44.8613 ], [ 1.593725, 44.868557 ], [ 1.594897, 44.868463 ], [ 1.596069, 44.868369 ], [ 1.596346, 44.868339 ], [ 1.596617, 44.868309 ], [ 1.596917, 44.868243 ], [ 1.597196, 44.86818 ], [ 1.597944, 44.867986 ], [ 1.598687, 44.867793 ], [ 1.602616, 44.866594 ], [ 1.602812, 44.866512 ], [ 1.602987, 44.866437 ], [ 1.60324, 44.866276 ], [ 1.603465, 44.866128 ], [ 1.603625, 44.865997 ], [ 1.603769, 44.865877 ], [ 1.605782, 44.863712 ], [ 1.6072, 44.862313 ], [ 1.60722352962223, 44.862277796766755 ], [ 1.606923, 44.862087 ], [ 1.606955, 44.859295 ], [ 1.60699, 44.858904 ], [ 1.603746, 44.851076 ], [ 1.601306, 44.848507 ], [ 1.600484, 44.848063 ], [ 1.591895, 44.850276 ], [ 1.591803, 44.850478 ], [ 1.589613, 44.854369 ], [ 1.589337, 44.854467 ], [ 1.588961, 44.85441 ], [ 1.588811, 44.854256 ], [ 1.588653, 44.854093 ], [ 1.588491, 44.853902 ], [ 1.588308, 44.85368 ], [ 1.588163, 44.853416 ], [ 1.588019, 44.853153 ], [ 1.587294, 44.850962 ], [ 1.587132, 44.854114 ] ] ], [ [ [ 1.626032, 44.849177 ], [ 1.626142, 44.848548 ], [ 1.626252, 44.847919 ], [ 1.626481, 44.844604 ], [ 1.626492, 44.844326 ], [ 1.625638, 44.840734 ], [ 1.62555, 44.840424 ], [ 1.621836434841423, 44.834498057254706 ], [ 1.620901, 44.834949 ], [ 1.620151, 44.835347 ], [ 1.616603, 44.837541 ], [ 1.617402, 44.844709 ], [ 1.624613, 44.84812 ], [ 1.624875, 44.848368 ], [ 1.624008, 44.849716 ], [ 1.623879, 44.849875 ], [ 1.623732, 44.85002 ], [ 1.623482, 44.850229 ], [ 1.623243, 44.850427 ], [ 1.619562, 44.853258 ], [ 1.619352, 44.853414 ], [ 1.619161, 44.853555 ], [ 1.626032, 44.849177 ] ] ], [ [ [ 1.623242, 44.833173 ], [ 1.62358, 44.833005 ], [ 1.623917, 44.832836 ], [ 1.62411, 44.832729 ], [ 1.624294, 44.832626 ], [ 1.624381, 44.832555 ], [ 1.624471, 44.832366 ], [ 1.624488, 44.832046 ], [ 1.624529, 44.831476 ], [ 1.624563, 44.831161 ], [ 1.624557, 44.831037 ], [ 1.624530307382058, 44.830852870366975 ], [ 1.622453695916596, 44.833671293338845 ], [ 1.623242, 44.833173 ] ] ], [ [ [ 1.63828, 44.826468 ], [ 1.643926, 44.823397 ], [ 1.647327, 44.822907 ], [ 1.647547, 44.822903 ], [ 1.647801, 44.822875 ], [ 1.648037, 44.822847 ], [ 1.648262, 44.822803 ], [ 1.648473, 44.82276 ], [ 1.648717, 44.822693 ], [ 1.648901, 44.822631 ], [ 1.649076, 44.822572 ], [ 1.652345, 44.821872 ], [ 1.650727, 44.821976 ], [ 1.647391, 44.821025 ], [ 1.647092, 44.820966 ], [ 1.643188439746347, 44.820620123922829 ], [ 1.638306, 44.822424 ], [ 1.637871, 44.822623 ], [ 1.637444, 44.822818 ], [ 1.636859, 44.823034 ], [ 1.636288, 44.823244 ], [ 1.633771280896381, 44.824673096015523 ], [ 1.63828, 44.826468 ] ] ], [ [ [ 1.659741, 44.826864 ], [ 1.660084, 44.826757 ], [ 1.664876, 44.82428 ], [ 1.665061, 44.823971 ], [ 1.663955, 44.818467 ], [ 1.666336, 44.81389 ], [ 1.673131, 44.80828 ], [ 1.6736, 44.808422 ], [ 1.674069, 44.808565 ], [ 1.680883, 44.804703 ], [ 1.680953609958193, 44.804419748558537 ], [ 1.678572586303977, 44.802424199470337 ], [ 1.678283, 44.802413 ], [ 1.677873270653898, 44.802388279487467 ], [ 1.674271, 44.804644 ], [ 1.672025, 44.807876 ], [ 1.671972, 44.807943 ], [ 1.670511, 44.80843 ], [ 1.668528, 44.809065 ], [ 1.667184, 44.809224 ], [ 1.663945, 44.807654 ], [ 1.661969571081505, 44.80577619171509 ], [ 1.660072, 44.806529 ], [ 1.652763, 44.811039 ], [ 1.656909, 44.817792 ], [ 1.657178, 44.818032 ], [ 1.657382, 44.820484 ], [ 1.657183, 44.820784 ], [ 1.653304, 44.821731 ], [ 1.6531, 44.821768 ], [ 1.652885, 44.821808 ], [ 1.65263, 44.82184 ], [ 1.652345, 44.821872 ], [ 1.659741, 44.826864 ] ] ], [ [ [ 1.661491, 44.801688 ], [ 1.663296, 44.800102 ], [ 1.663792, 44.799899 ], [ 1.664115, 44.799791 ], [ 1.665465, 44.799451 ], [ 1.666747, 44.799237 ], [ 1.667650491855871, 44.799090400535185 ], [ 1.664022, 44.798208 ], [ 1.663774, 44.798469 ], [ 1.656474, 44.802675 ], [ 1.655755, 44.802707 ], [ 1.65348757853787, 44.802800661986623 ], [ 1.655971, 44.802846 ], [ 1.661487997262507, 44.801996852999324 ], [ 1.661491, 44.801688 ] ] ], [ [ [ 1.641635237772044, 44.803655347643819 ], [ 1.636860861524538, 44.803229648000411 ], [ 1.631807, 44.801688 ], [ 1.638806, 44.803823 ], [ 1.642198, 44.803622 ], [ 1.641635237772044, 44.803655347643819 ] ] ], [ [ [ 1.626088, 44.800974 ], [ 1.620701, 44.79963 ], [ 1.615564, 44.797994 ], [ 1.615788, 44.798088 ], [ 1.616132, 44.798238 ], [ 1.61629, 44.798313 ], [ 1.616402, 44.798446 ], [ 1.619701, 44.801304 ], [ 1.627194, 44.802056 ], [ 1.627894, 44.802053 ], [ 1.631599, 44.801634 ], [ 1.626088, 44.800974 ] ] ], [ [ [ 1.632954351465024, 44.82373662157277 ], [ 1.634091, 44.823472 ], [ 1.635284, 44.823195 ], [ 1.635726, 44.823049 ], [ 1.636163, 44.822906 ], [ 1.636735, 44.822696 ], [ 1.637294, 44.822491 ], [ 1.637722, 44.822295 ], [ 1.638142, 44.822104 ], [ 1.639184, 44.821569 ], [ 1.640222, 44.821038 ], [ 1.640871, 44.82068 ], [ 1.641466502863346, 44.820314041191914 ], [ 1.640073, 44.818668 ], [ 1.638014, 44.817689 ], [ 1.632954351465024, 44.82373662157277 ] ] ] ] } },
{ "type": "Feature", "properties": { "codgeo": "46240", "value": 540, "isochrone_group": 9.0, "nb_agences": 2 }, "geometry": { "type": "MultiPolygon", "coordinates": [ [ [ [ 1.594459970356548, 44.796494314417878 ], [ 1.594459970356541, 44.796494314417885 ], [ 1.594481, 44.796496 ], [ 1.594459970356548, 44.796494314417878 ] ] ], [ [ [ 1.587824, 44.793766 ], [ 1.586996, 44.793856 ], [ 1.586168, 44.793945 ], [ 1.577705, 44.791559 ], [ 1.576206, 44.792736 ], [ 1.575974655656251, 44.79288717551178 ], [ 1.581062, 44.794249 ], [ 1.581286, 44.794321 ], [ 1.581509, 44.794393 ], [ 1.585213818095897, 44.798591138701774 ], [ 1.593199, 44.796598 ], [ 1.593551, 44.7965 ], [ 1.593741, 44.796466 ], [ 1.593935, 44.796455 ], [ 1.594219, 44.796475 ], [ 1.594459970356541, 44.796494314417885 ], [ 1.587824, 44.793766 ] ] ], [ [ [ 1.574119, 44.794042 ], [ 1.57528, 44.793341 ], [ 1.575393792556539, 44.793266559336224 ], [ 1.574119, 44.794042 ] ] ], [ [ [ 1.550251, 44.792052 ], [ 1.546413, 44.79012 ], [ 1.546116, 44.789916 ], [ 1.545862, 44.790285 ], [ 1.545609, 44.790654 ], [ 1.545478, 44.790876 ], [ 1.545355, 44.791087 ], [ 1.545275, 44.791487 ], [ 1.545093, 44.792979 ], [ 1.54545, 44.793024 ], [ 1.55051, 44.793272 ], [ 1.555910185035987, 44.798933105556344 ], [ 1.555417, 44.794043 ], [ 1.555946, 44.792711 ], [ 1.556039, 44.792495 ], [ 1.556121, 44.792309 ], [ 1.556271, 44.792112 ], [ 1.556397, 44.791953 ], [ 1.556615, 44.791788 ], [ 1.556797, 44.791657 ], [ 1.557082, 44.791516 ], [ 1.55734, 44.791391 ], [ 1.550251, 44.792052 ] ] ], [ [ [ 1.542887, 44.828348 ], [ 1.542922, 44.828707 ], [ 1.546764, 44.834602 ], [ 1.546681, 44.834259 ], [ 1.546645, 44.833888 ], [ 1.546757, 44.832731 ], [ 1.546839, 44.832421 ], [ 1.546971, 44.832128 ], [ 1.54712, 44.831929 ], [ 1.548096, 44.823463 ], [ 1.547621, 44.822886 ], [ 1.547435, 44.822632 ], [ 1.547373, 44.822439 ], [ 1.547386, 44.822217 ], [ 1.547447, 44.822073 ], [ 1.542887, 44.828348 ] ] ], [ [ [ 1.54622, 44.842676 ], [ 1.544024, 44.845353 ], [ 1.54273, 44.84644 ], [ 1.542505, 44.846644 ], [ 1.54236, 44.846808 ], [ 1.54263, 44.847047 ], [ 1.544641, 44.846684 ], [ 1.550698, 44.845795 ], [ 1.553531, 44.846445 ], [ 1.549959, 44.844377 ], [ 1.54972, 44.844238 ], [ 1.549654, 44.844041 ], [ 1.549375, 44.842657 ], [ 1.546903, 44.834989 ], [ 1.546836, 44.834805 ], [ 1.54622, 44.842676 ] ] ], [ [ [ 1.560689, 44.857604 ], [ 1.558812, 44.860493 ], [ 1.558804, 44.860526 ], [ 1.5585, 44.8622 ], [ 1.557855, 44.864735 ], [ 1.559322, 44.86611 ], [ 1.563241, 44.867774 ], [ 1.563491, 44.867828 ], [ 1.563741, 44.867882 ], [ 1.567867, 44.868764 ], [ 1.568063, 44.868778 ], [ 1.568258, 44.868792 ], [ 1.569166, 44.86689 ], [ 1.5693, 44.866556 ], [ 1.574914, 44.860913 ], [ 1.57487, 44.860555 ], [ 1.577383, 44.853719 ], [ 1.573952, 44.855075 ], [ 1.571004, 44.860946 ], [ 1.5709, 44.861291 ], [ 1.564473, 44.862554 ], [ 1.564233, 44.862293 ], [ 1.564158, 44.862159 ], [ 1.564715, 44.860881 ], [ 1.565771, 44.854811 ], [ 1.564324, 44.85094 ], [ 1.56413, 44.850597 ], [ 1.563459890681803, 44.85009568872492 ], [ 1.560689, 44.857604 ] ] ], [ [ [ 1.583416937054515, 44.848350945340883 ], [ 1.581751, 44.847229 ], [ 1.581579289553612, 44.847442725607515 ], [ 1.583416937054515, 44.848350945340883 ] ] ], [ [ [ 1.589745, 44.862385 ], [ 1.588843, 44.870281 ], [ 1.586387, 44.871224 ], [ 1.584941, 44.872169 ], [ 1.585098, 44.872493 ], [ 1.593217, 44.870587 ], [ 1.598984, 44.869186 ], [ 1.603051, 44.868247 ], [ 1.603194, 44.867917 ], [ 1.6072, 44.862313 ], [ 1.605782, 44.863712 ], [ 1.603769, 44.865877 ], [ 1.603625, 44.865997 ], [ 1.603465, 44.866128 ], [ 1.60324, 44.866276 ], [ 1.602987, 44.866437 ], [ 1.602812, 44.866512 ], [ 1.602616, 44.866594 ], [ 1.598687, 44.867793 ], [ 1.597944, 44.867986 ], [ 1.597196, 44.86818 ], [ 1.596917, 44.868243 ], [ 1.596617, 44.868309 ], [ 1.596346, 44.868339 ], [ 1.596069, 44.868369 ], [ 1.594897, 44.868463 ], [ 1.593725, 44.868557 ], [ 1.589531, 44.8613 ], [ 1.586811, 44.859066 ], [ 1.589745, 44.862385 ] ] ], [ [ [ 1.621249, 44.858349 ], [ 1.625993, 44.85926 ], [ 1.626353, 44.859268 ], [ 1.631797, 44.854054 ], [ 1.63189, 44.853706 ], [ 1.631389, 44.853573 ], [ 1.626274384989979, 44.847594955276065 ], [ 1.626252, 44.847919 ], [ 1.626142, 44.848548 ], [ 1.626032, 44.849177 ], [ 1.619161, 44.853555 ], [ 1.618657, 44.853857 ], [ 1.618168, 44.85415 ], [ 1.615528, 44.855704 ], [ 1.615312, 44.855829 ], [ 1.615302, 44.855834 ], [ 1.615184, 44.855887 ], [ 1.614922, 44.855959 ], [ 1.614636, 44.856006 ], [ 1.614335, 44.856055 ], [ 1.621249, 44.858349 ] ] ], [ [ [ 1.631725, 44.833568 ], [ 1.631829, 44.833913 ], [ 1.632358, 44.833753 ], [ 1.632888, 44.833593 ], [ 1.633163, 44.833473 ], [ 1.633418, 44.833361 ], [ 1.633736, 44.83314 ], [ 1.63391, 44.832898 ], [ 1.634017, 44.832657 ], [ 1.634109, 44.832444 ], [ 1.636307, 44.829127 ], [ 1.637834, 44.827031 ], [ 1.63799, 44.826874 ], [ 1.638436194012368, 44.82638304218704 ], [ 1.63828, 44.826468 ], [ 1.633703664959293, 44.824646178367267 ], [ 1.630355, 44.826613 ], [ 1.630065, 44.826846 ], [ 1.629785, 44.826996 ], [ 1.62943, 44.827092 ], [ 1.626356, 44.828375 ], [ 1.624433948131907, 44.829657188250039 ], [ 1.624407, 44.830092 ], [ 1.624414329830064, 44.830126903952682 ], [ 1.631725, 44.833568 ] ] ], [ [ [ 1.65943, 44.828455 ], [ 1.659363, 44.828806 ], [ 1.654798, 44.833795 ], [ 1.653564, 44.834214 ], [ 1.65233, 44.834632 ], [ 1.652445, 44.834973 ], [ 1.655456, 44.838718 ], [ 1.655734, 44.838947 ], [ 1.657385, 44.836938 ], [ 1.659036, 44.83493 ], [ 1.65919, 44.834666 ], [ 1.659236, 44.834512 ], [ 1.659329, 44.833475 ], [ 1.667634, 44.83039 ], [ 1.668491, 44.830549 ], [ 1.668787, 44.830593 ], [ 1.669176, 44.830574 ], [ 1.669466, 44.830503 ], [ 1.67175, 44.829498 ], [ 1.677843, 44.825945 ], [ 1.677894, 44.825589 ], [ 1.677865, 44.816731 ], [ 1.678096, 44.816455 ], [ 1.684031815665705, 44.812918301773827 ], [ 1.682675, 44.812756 ], [ 1.681927, 44.812704 ], [ 1.681029, 44.812436 ], [ 1.680695, 44.812344 ], [ 1.679895, 44.812164 ], [ 1.678238, 44.81174 ], [ 1.670757, 44.815683 ], [ 1.664531, 44.817776 ], [ 1.664222839869046, 44.817952131003516 ], [ 1.663955, 44.818467 ], [ 1.665061, 44.823971 ], [ 1.664876, 44.82428 ], [ 1.660084, 44.826757 ], [ 1.659741, 44.826864 ], [ 1.659479814226664, 44.826687710197326 ], [ 1.65943, 44.828455 ] ] ], [ [ [ 1.645222554865778, 44.803227537844911 ], [ 1.644325, 44.803343 ], [ 1.645222554865778, 44.803227537844911 ], [ 1.645222554865778, 44.803227537844911 ] ] ], [ [ [ 1.631152, 44.799942 ], [ 1.630403, 44.80018 ], [ 1.627973, 44.800669 ], [ 1.627724, 44.800688 ], [ 1.627365, 44.800738 ], [ 1.627017, 44.800786 ], [ 1.626675, 44.80084 ], [ 1.619032, 44.796536 ], [ 1.618892, 44.796346 ], [ 1.616831, 44.795217 ], [ 1.615788, 44.794645 ], [ 1.615556, 44.79456 ], [ 1.615306, 44.79447 ], [ 1.614996, 44.794394 ], [ 1.614664, 44.794313 ], [ 1.614469, 44.794292 ], [ 1.614263, 44.79427 ], [ 1.613974, 44.794258 ], [ 1.613665, 44.794247 ], [ 1.61346, 44.794264 ], [ 1.610602, 44.79454 ], [ 1.610381, 44.794824 ], [ 1.601815, 44.797363 ], [ 1.601959, 44.797519 ], [ 1.602087, 44.79766 ], [ 1.602739, 44.79839 ], [ 1.603391, 44.799119 ], [ 1.603515, 44.799285 ], [ 1.603635, 44.799497 ], [ 1.603744, 44.79969 ], [ 1.603856, 44.79996 ], [ 1.603935, 44.800234 ], [ 1.607183, 44.803792 ], [ 1.612823, 44.801978 ], [ 1.614002, 44.798829 ], [ 1.615348, 44.797961 ], [ 1.615564, 44.797994 ], [ 1.620701, 44.79963 ], [ 1.626088, 44.800974 ], [ 1.631599, 44.801634 ], [ 1.631807, 44.801688 ], [ 1.636860861524538, 44.803229648000411 ], [ 1.637801154007305, 44.803313487679944 ], [ 1.631152, 44.799942 ] ] ], [ [ [ 1.674206, 44.798703 ], [ 1.676606117959793, 44.796670971084303 ], [ 1.672273404173752, 44.798901094592836 ], [ 1.674206, 44.798703 ] ] ] ] } },
{ "type": "Feature", "properties": { "codgeo": "46240", "value": 600, "isochrone_group": 10.0, "nb_agences": 2 }, "geometry": { "type": "MultiPolygon", "coordinates": [ [ [ [ 1.544365, 44.81989 ], [ 1.544092, 44.819802 ], [ 1.543801, 44.819773 ], [ 1.543507, 44.819775 ], [ 1.543213, 44.819777 ], [ 1.542159, 44.822075 ], [ 1.539736, 44.828335 ], [ 1.539617, 44.828675 ], [ 1.540149, 44.828862 ], [ 1.540682, 44.829049 ], [ 1.540981, 44.82913 ], [ 1.541267, 44.829207 ], [ 1.541568, 44.82922 ], [ 1.545780798905901, 44.83309341841494 ], [ 1.542922, 44.828707 ], [ 1.542887, 44.828348 ], [ 1.547447, 44.822073 ], [ 1.547629, 44.821812 ], [ 1.547893, 44.821651 ], [ 1.548118, 44.821571 ], [ 1.553281, 44.818349 ], [ 1.544567, 44.819989 ], [ 1.544365, 44.81989 ] ] ], [ [ [ 1.541693, 44.840113 ], [ 1.539234, 44.848139 ], [ 1.534757, 44.847598 ], [ 1.53446, 44.847394 ], [ 1.532895241591695, 44.84792027226154 ], [ 1.532767558265919, 44.85008486600136 ], [ 1.534025, 44.85228 ], [ 1.534375, 44.852366 ], [ 1.539626, 44.853203 ], [ 1.541612, 44.852994 ], [ 1.541758, 44.852665 ], [ 1.543954875055128, 44.846807850499729 ], [ 1.54263, 44.847047 ], [ 1.54236, 44.846808 ], [ 1.542505, 44.846644 ], [ 1.54273, 44.84644 ], [ 1.544024, 44.845353 ], [ 1.54622, 44.842676 ], [ 1.546836, 44.834805 ], [ 1.546764, 44.834602 ], [ 1.546453325765223, 44.834125314780337 ], [ 1.54187, 44.8398 ], [ 1.541693, 44.840113 ] ] ], [ [ [ 1.558889, 44.86019 ], [ 1.558838148835257, 44.860452752804981 ], [ 1.560689, 44.857604 ], [ 1.563624, 44.849651 ], [ 1.559576, 44.846512 ], [ 1.558769, 44.846378 ], [ 1.558461, 44.846356 ], [ 1.559924, 44.854981 ], [ 1.558889, 44.86019 ] ] ], [ [ [ 1.556611, 44.866994 ], [ 1.557067, 44.867036 ], [ 1.557524, 44.867079 ], [ 1.562930111708149, 44.867641997418318 ], [ 1.559322, 44.86611 ], [ 1.557855, 44.864735 ], [ 1.5585, 44.8622 ], [ 1.556644, 44.866635 ], [ 1.556611, 44.866994 ] ] ], [ [ [ 1.568479, 44.86879 ], [ 1.56869, 44.868786 ], [ 1.569758, 44.86873 ], [ 1.570816, 44.868674 ], [ 1.572433, 44.868688 ], [ 1.577876, 44.875707 ], [ 1.578064, 44.876015 ], [ 1.58549, 44.876981 ], [ 1.585808, 44.876812 ], [ 1.587325, 44.872139 ], [ 1.594547, 44.872798 ], [ 1.594847, 44.872599 ], [ 1.598808010617331, 44.869228753793166 ], [ 1.593217, 44.870587 ], [ 1.585098, 44.872493 ], [ 1.584941, 44.872169 ], [ 1.586387, 44.871224 ], [ 1.588843, 44.870281 ], [ 1.589745, 44.862385 ], [ 1.586811, 44.859066 ], [ 1.586559, 44.858801 ], [ 1.586351, 44.858572 ], [ 1.586223, 44.85832 ], [ 1.586124, 44.858112 ], [ 1.58604, 44.857795 ], [ 1.58617, 44.857378 ], [ 1.586292, 44.857072 ], [ 1.586466, 44.856677 ], [ 1.586637, 44.856289 ], [ 1.587099, 44.854518 ], [ 1.587132, 44.854114 ], [ 1.587294, 44.850962 ], [ 1.583416937054533, 44.848350945340883 ], [ 1.581579289553612, 44.847442725607515 ], [ 1.577705, 44.852265 ], [ 1.577687, 44.852407 ], [ 1.577608, 44.85339 ], [ 1.577491, 44.853636 ], [ 1.577383, 44.853719 ], [ 1.57487, 44.860555 ], [ 1.574914, 44.860913 ], [ 1.5693, 44.866556 ], [ 1.569166, 44.86689 ], [ 1.568258519560702, 44.868790911669102 ], [ 1.568275, 44.868792 ], [ 1.568479, 44.86879 ] ] ], [ [ [ 1.603946, 44.87126 ], [ 1.604162, 44.871389 ], [ 1.604358, 44.871424 ], [ 1.608903, 44.871387 ], [ 1.609063, 44.871377 ], [ 1.609618, 44.871177 ], [ 1.610173, 44.870977 ], [ 1.610051, 44.870638 ], [ 1.609275, 44.869168 ], [ 1.609124, 44.868971 ], [ 1.607432, 44.861957 ], [ 1.607329, 44.86212 ], [ 1.6072, 44.862313 ], [ 1.603194, 44.867917 ], [ 1.603051, 44.868247 ], [ 1.598984, 44.869186 ], [ 1.598837875949328, 44.869221498490539 ], [ 1.603728, 44.871029 ], [ 1.603946, 44.87126 ] ] ], [ [ [ 1.615948, 44.860437 ], [ 1.616251, 44.860623 ], [ 1.61897, 44.86656 ], [ 1.61923, 44.866809 ], [ 1.623262, 44.869151 ], [ 1.623604, 44.869263 ], [ 1.623746, 44.86883 ], [ 1.628852, 44.86214 ], [ 1.630601, 44.861204 ], [ 1.630885, 44.861045 ], [ 1.635147, 44.858082 ], [ 1.636015, 44.857332 ], [ 1.636883, 44.856582 ], [ 1.643735, 44.851057 ], [ 1.643521, 44.850767 ], [ 1.641317, 44.852392 ], [ 1.635106, 44.854315 ], [ 1.632697, 44.85388 ], [ 1.632322, 44.853801 ], [ 1.631963, 44.853726 ], [ 1.631889871524943, 44.853706480745373 ], [ 1.631797, 44.854054 ], [ 1.626353, 44.859268 ], [ 1.625993, 44.85926 ], [ 1.621249, 44.858349 ], [ 1.614335, 44.856055 ], [ 1.607549, 44.861647 ], [ 1.607432, 44.861957 ], [ 1.615543, 44.860116 ], [ 1.615948, 44.860437 ] ] ], [ [ [ 1.626194, 44.847501 ], [ 1.631389, 44.853573 ], [ 1.63153436787575, 44.853611590673609 ], [ 1.631431, 44.853584 ], [ 1.626194, 44.847501 ] ] ], [ [ [ 1.630352, 44.835468 ], [ 1.630711, 44.835269 ], [ 1.630878, 44.835115 ], [ 1.633163, 44.833473 ], [ 1.632888, 44.833593 ], [ 1.632358, 44.833753 ], [ 1.631829, 44.833913 ], [ 1.631725, 44.833568 ], [ 1.624013, 44.829938 ], [ 1.621686, 44.834258 ], [ 1.62555, 44.840424 ], [ 1.625638, 44.840734 ], [ 1.626492, 44.844326 ], [ 1.625696745313325, 44.840981088015766 ], [ 1.630352, 44.835468 ] ] ], [ [ [ 1.652779348363269, 44.821821258244611 ], [ 1.65263, 44.82184 ], [ 1.652779348363271, 44.821821258244611 ], [ 1.652779348363269, 44.821821258244611 ] ] ], [ [ [ 1.638303, 44.802196 ], [ 1.638862, 44.802203 ], [ 1.639683086148519, 44.802153866204868 ], [ 1.634582, 44.799176 ], [ 1.63344, 44.799361 ], [ 1.632925, 44.799427 ], [ 1.631917, 44.799597 ], [ 1.631779, 44.79963 ], [ 1.630437, 44.800169 ], [ 1.627973, 44.800669 ], [ 1.630403, 44.80018 ], [ 1.631152, 44.799942 ], [ 1.63607839889556, 44.802439955854936 ], [ 1.637555, 44.802275 ], [ 1.638303, 44.802196 ] ] ], [ [ [ 1.609842, 44.787589 ], [ 1.609198, 44.785719 ], [ 1.609075, 44.785381 ], [ 1.608731, 44.785506 ], [ 1.608387, 44.785632 ], [ 1.608178, 44.785729 ], [ 1.608068, 44.785821 ], [ 1.603196, 44.790339 ], [ 1.60325, 44.790695 ], [ 1.599896522207204, 44.796953619496911 ], [ 1.601044, 44.797048 ], [ 1.601215, 44.797061 ], [ 1.601487, 44.797133 ], [ 1.601652, 44.797227 ], [ 1.601815, 44.797363 ], [ 1.610381, 44.794824 ], [ 1.610602, 44.79454 ], [ 1.61346, 44.794264 ], [ 1.613665, 44.794247 ], [ 1.613974, 44.794258 ], [ 1.614263, 44.79427 ], [ 1.614469, 44.794292 ], [ 1.614664, 44.794313 ], [ 1.614996, 44.794394 ], [ 1.615306, 44.79447 ], [ 1.615556, 44.79456 ], [ 1.615788, 44.794645 ], [ 1.611206, 44.790397 ], [ 1.609842, 44.787589 ] ] ], [ [ [ 1.584705, 44.791377 ], [ 1.577397, 44.790486 ], [ 1.574119, 44.794042 ], [ 1.575398, 44.793264 ], [ 1.576206, 44.792736 ], [ 1.577705, 44.791559 ], [ 1.586168, 44.793945 ], [ 1.586996, 44.793856 ], [ 1.587824, 44.793766 ], [ 1.594459970356548, 44.796494314417878 ], [ 1.594481, 44.796496 ], [ 1.594734, 44.796529 ], [ 1.59591661047823, 44.796626270180383 ], [ 1.590631, 44.792983 ], [ 1.584705, 44.791377 ] ] ], [ [ [ 1.550776, 44.785314 ], [ 1.550546, 44.785345 ], [ 1.550302, 44.785416 ], [ 1.55013, 44.785492 ], [ 1.549632, 44.785782 ], [ 1.542028, 44.789736 ], [ 1.541834, 44.790381 ], [ 1.541791, 44.790562 ], [ 1.541807, 44.790812 ], [ 1.541886, 44.791128 ], [ 1.540433, 44.799847 ], [ 1.540299, 44.800009 ], [ 1.540202, 44.800179 ], [ 1.540139, 44.800342 ], [ 1.540033, 44.80075 ], [ 1.539926, 44.801158 ], [ 1.540275, 44.801249 ], [ 1.546123, 44.799653 ], [ 1.546431, 44.799467 ], [ 1.552295166106501, 44.795143419904541 ], [ 1.55051, 44.793272 ], [ 1.54545, 44.793024 ], [ 1.545093, 44.792979 ], [ 1.545275, 44.791487 ], [ 1.545355, 44.791087 ], [ 1.545478, 44.790876 ], [ 1.545609, 44.790654 ], [ 1.545862, 44.790285 ], [ 1.546116, 44.789916 ], [ 1.546413, 44.79012 ], [ 1.550251, 44.792052 ], [ 1.55734, 44.791391 ], [ 1.55767, 44.79128 ], [ 1.557978, 44.791178 ], [ 1.55818, 44.791132 ], [ 1.558365, 44.79109 ], [ 1.558697, 44.791065 ], [ 1.559003, 44.791045 ], [ 1.552277, 44.785165 ], [ 1.550776, 44.785314 ] ] ], [ [ [ 1.653564, 44.834214 ], [ 1.654798, 44.833795 ], [ 1.653233499208435, 44.83432595245614 ], [ 1.653564, 44.834214 ] ] ], [ [ [ 1.650872, 44.835044 ], [ 1.650235, 44.835144 ], [ 1.649565, 44.835241 ], [ 1.648904, 44.835337 ], [ 1.647426, 44.835472 ], [ 1.64595, 44.835607 ], [ 1.644557, 44.835716 ], [ 1.643097, 44.835845 ], [ 1.642786, 44.836024 ], [ 1.642273, 44.836352 ], [ 1.642237, 44.83671 ], [ 1.642415, 44.836728 ], [ 1.642646, 44.836678 ], [ 1.644585, 44.836075 ], [ 1.645978, 44.835965 ], [ 1.647458, 44.835831 ], [ 1.652049, 44.842863 ], [ 1.64985, 44.845417 ], [ 1.649655, 44.845719 ], [ 1.649397, 44.846093 ], [ 1.648982, 44.846603 ], [ 1.649261, 44.84683 ], [ 1.650445, 44.846456 ], [ 1.650702, 44.846203 ], [ 1.654564, 44.840371 ], [ 1.6568, 44.83765 ], [ 1.659036, 44.83493 ], [ 1.657385, 44.836938 ], [ 1.655734, 44.838947 ], [ 1.655456, 44.838718 ], [ 1.652445, 44.834973 ], [ 1.652330074614143, 44.834632221247141 ], [ 1.651608, 44.834877 ], [ 1.650872, 44.835044 ] ] ], [ [ [ 1.666854346748192, 44.830679612315684 ], [ 1.659329, 44.833475 ], [ 1.666854346748174, 44.830679612315691 ], [ 1.666854346748192, 44.830679612315684 ] ] ], [ [ [ 1.668340620319961, 44.830521099919331 ], [ 1.667634, 44.83039 ], [ 1.666854346748192, 44.830679612315684 ], [ 1.667698, 44.830463 ], [ 1.668340620319961, 44.830521099919331 ] ] ], [ [ [ 1.673283, 44.831116 ], [ 1.676562, 44.830307 ], [ 1.680417, 44.829569 ], [ 1.685077, 44.827567 ], [ 1.687186, 44.826521 ], [ 1.687081, 44.826177 ], [ 1.687108878653315, 44.822533608494858 ], [ 1.686808, 44.822353 ], [ 1.679152, 44.819109 ], [ 1.678746, 44.818986 ], [ 1.677871061639943, 44.818582517469437 ], [ 1.677894, 44.825589 ], [ 1.677843, 44.825945 ], [ 1.67175, 44.829498 ], [ 1.669466, 44.830503 ], [ 1.669176, 44.830574 ], [ 1.668787, 44.830593 ], [ 1.672932, 44.8312 ], [ 1.673283, 44.831116 ] ] ], [ [ [ 1.657466476723627, 44.825971487919873 ], [ 1.659363, 44.828806 ], [ 1.65943, 44.828455 ], [ 1.659497, 44.826078 ], [ 1.659457557451788, 44.826051425452121 ], [ 1.65789, 44.826301 ], [ 1.657466476723627, 44.825971487919873 ] ] ], [ [ [ 1.676688509049829, 44.79583820817637 ], [ 1.674838780057414, 44.79758065079043 ], [ 1.676606117959793, 44.796670971084303 ], [ 1.676912, 44.796412 ], [ 1.676688509049829, 44.79583820817637 ] ] ], [ [ [ 1.658277422034982, 44.800880956399581 ], [ 1.663032, 44.797439 ], [ 1.65827742203498, 44.800880956399581 ], [ 1.658277422034982, 44.800880956399581 ] ] ], [ [ [ 1.663927, 44.796203 ], [ 1.665049207752205, 44.797113317909336 ], [ 1.665049207752206, 44.797113317909336 ], [ 1.663927, 44.796203 ] ] ] ] } },
{ "type": "Feature", "properties": { "codgeo": "46240", "value": 660, "isochrone_group": 11.0, "nb_agences": 2 }, "geometry": { "type": "MultiPolygon", "coordinates": [ [ [ [ 1.561604, 44.782842 ], [ 1.559751, 44.783586 ], [ 1.551392, 44.781968 ], [ 1.550926, 44.782225 ], [ 1.550089, 44.783129 ], [ 1.548334, 44.784664 ], [ 1.540609, 44.787548 ], [ 1.539959, 44.787597 ], [ 1.539378, 44.787687 ], [ 1.539001, 44.787791 ], [ 1.538524, 44.787956 ], [ 1.530148, 44.78948 ], [ 1.529393, 44.789476 ], [ 1.529044, 44.793059 ], [ 1.53195, 44.798296 ], [ 1.531419, 44.801857 ], [ 1.53516, 44.808353 ], [ 1.536902, 44.814964 ], [ 1.536821, 44.820115 ], [ 1.535422, 44.828735 ], [ 1.535395, 44.829158 ], [ 1.536095, 44.830656 ], [ 1.537946, 44.835105 ], [ 1.536092, 44.841322 ], [ 1.529080722225664, 44.845663986143748 ], [ 1.529295554241374, 44.84559020710244 ], [ 1.5356, 44.842406 ], [ 1.5378, 44.839569 ], [ 1.540788, 44.841577 ], [ 1.541074460367837, 44.842131869088149 ], [ 1.541693, 44.840113 ], [ 1.54187, 44.8398 ], [ 1.546645, 44.833888 ], [ 1.541568, 44.82922 ], [ 1.541267, 44.829207 ], [ 1.540981, 44.82913 ], [ 1.540682, 44.829049 ], [ 1.540149, 44.828862 ], [ 1.539617, 44.828675 ], [ 1.539736, 44.828335 ], [ 1.542159, 44.822075 ], [ 1.543213, 44.819777 ], [ 1.543507, 44.819775 ], [ 1.543801, 44.819773 ], [ 1.544092, 44.819802 ], [ 1.544365, 44.81989 ], [ 1.544567, 44.819989 ], [ 1.553281, 44.818349 ], [ 1.5546, 44.81483 ], [ 1.554721, 44.814581 ], [ 1.555, 44.814308 ], [ 1.555303, 44.814116 ], [ 1.555551, 44.814026 ], [ 1.559586, 44.809334 ], [ 1.556351, 44.804247 ], [ 1.556174, 44.804071 ], [ 1.556124, 44.803809 ], [ 1.55618, 44.803047 ], [ 1.556244, 44.802243 ], [ 1.55636, 44.801888 ], [ 1.556712, 44.799984 ], [ 1.556719, 44.799781 ], [ 1.553275, 44.794421 ], [ 1.546431, 44.799467 ], [ 1.546123, 44.799653 ], [ 1.540275, 44.801249 ], [ 1.539926, 44.801158 ], [ 1.540033, 44.80075 ], [ 1.540139, 44.800342 ], [ 1.540202, 44.800179 ], [ 1.540299, 44.800009 ], [ 1.540433, 44.799847 ], [ 1.541886, 44.791128 ], [ 1.541807, 44.790812 ], [ 1.541791, 44.790562 ], [ 1.541834, 44.790381 ], [ 1.542028, 44.789736 ], [ 1.549632, 44.785782 ], [ 1.55013, 44.785492 ], [ 1.550302, 44.785416 ], [ 1.550546, 44.785345 ], [ 1.550776, 44.785314 ], [ 1.552277, 44.785165 ], [ 1.559003, 44.791045 ], [ 1.559235, 44.791048 ], [ 1.559453, 44.791053 ], [ 1.559718, 44.791102 ], [ 1.559952, 44.791248 ], [ 1.560532, 44.791897 ], [ 1.560635, 44.792003 ], [ 1.560702, 44.792285 ], [ 1.561349, 44.794616 ], [ 1.561437, 44.794796 ], [ 1.56282, 44.797097 ], [ 1.570955, 44.797012 ], [ 1.573464, 44.794626 ], [ 1.573602, 44.794478 ], [ 1.573762, 44.79431 ], [ 1.573929, 44.794184 ], [ 1.574119, 44.794042 ], [ 1.577397, 44.790486 ], [ 1.584705, 44.791377 ], [ 1.590631, 44.792983 ], [ 1.596527, 44.797047 ], [ 1.599814321734985, 44.797107030823867 ], [ 1.60325, 44.790695 ], [ 1.603196, 44.790339 ], [ 1.608068, 44.785821 ], [ 1.608178, 44.785729 ], [ 1.608387, 44.785632 ], [ 1.608731, 44.785506 ], [ 1.609075, 44.785381 ], [ 1.609198, 44.785719 ], [ 1.609842, 44.787589 ], [ 1.611206, 44.790397 ], [ 1.615788, 44.794645 ], [ 1.616831, 44.795217 ], [ 1.618681, 44.796244 ], [ 1.618892, 44.796346 ], [ 1.619032, 44.796536 ], [ 1.626675, 44.80084 ], [ 1.627017, 44.800786 ], [ 1.627161871183914, 44.800766017767728 ], [ 1.627293, 44.800624 ], [ 1.627415, 44.800597 ], [ 1.62769697386821, 44.800691764085222 ], [ 1.627724, 44.800688 ], [ 1.627973, 44.800669 ], [ 1.630437, 44.800169 ], [ 1.631779, 44.79963 ], [ 1.631917, 44.799597 ], [ 1.632925, 44.799427 ], [ 1.63344, 44.799361 ], [ 1.634582, 44.799176 ], [ 1.639683086148519, 44.802153866204868 ], [ 1.641987, 44.802016 ], [ 1.644113, 44.801737 ], [ 1.64659, 44.801418 ], [ 1.651202, 44.80003 ], [ 1.651612, 44.800057 ], [ 1.65068, 44.799908 ], [ 1.64911, 44.799819 ], [ 1.648756, 44.799859 ], [ 1.648183, 44.799911 ], [ 1.647728, 44.799978 ], [ 1.645226, 44.800397 ], [ 1.637495, 44.796383 ], [ 1.634134, 44.79762 ], [ 1.633644, 44.797705 ], [ 1.632719, 44.79782 ], [ 1.632467, 44.797867 ], [ 1.631856, 44.797979 ], [ 1.631362, 44.798064 ], [ 1.630601, 44.798426 ], [ 1.630514, 44.798461 ], [ 1.629165, 44.798872 ], [ 1.628989, 44.798909 ], [ 1.628033, 44.79904 ], [ 1.627597, 44.799073 ], [ 1.626795, 44.799181 ], [ 1.626419, 44.799241 ], [ 1.620452, 44.795755 ], [ 1.621944, 44.790228 ], [ 1.622941, 44.786769 ], [ 1.618316, 44.78294 ], [ 1.616317, 44.779946 ], [ 1.610749, 44.782473 ], [ 1.610175, 44.782786 ], [ 1.607494, 44.78426 ], [ 1.604722, 44.785774 ], [ 1.597256, 44.788172 ], [ 1.597174568419238, 44.788202548449348 ], [ 1.596922, 44.788259 ], [ 1.596754779172274, 44.788360029250079 ], [ 1.596379, 44.788501 ], [ 1.594002329787616, 44.789601468601532 ], [ 1.586564, 44.790626 ], [ 1.583941, 44.789913 ], [ 1.581495, 44.789677 ], [ 1.580912, 44.789616 ], [ 1.579488, 44.789524 ], [ 1.577415715914299, 44.790049987872663 ], [ 1.577137, 44.789969 ], [ 1.576805, 44.790205 ], [ 1.575294, 44.791397 ], [ 1.573359, 44.792611 ], [ 1.572783, 44.793019 ], [ 1.572279, 44.793522 ], [ 1.570493, 44.79546 ], [ 1.562314, 44.792123 ], [ 1.563331, 44.786002 ], [ 1.561604, 44.782842 ] ] ], [ [ [ 1.544944, 44.847524 ], [ 1.550252, 44.846176 ], [ 1.551305, 44.846055 ], [ 1.552290373850718, 44.846088094896395 ], [ 1.550844, 44.845672 ], [ 1.544232, 44.846069 ], [ 1.543758630594237, 44.847331063298476 ], [ 1.544057, 44.847909 ], [ 1.543379, 44.848751 ], [ 1.542179, 44.851828 ], [ 1.542648551875794, 44.852293879915877 ], [ 1.544944, 44.847524 ] ] ], [ [ [ 1.55652, 44.847122 ], [ 1.556785229507206, 44.847136999185928 ], [ 1.558342, 44.847971 ], [ 1.558431, 44.854604 ], [ 1.558089, 44.860818 ], [ 1.55856484728071, 44.861864927932579 ], [ 1.558889, 44.86019 ], [ 1.559924, 44.854981 ], [ 1.558461, 44.846356 ], [ 1.556491, 44.846039 ], [ 1.554997, 44.846179 ], [ 1.554690934767025, 44.846234534346507 ], [ 1.556447, 44.847077 ], [ 1.55652, 44.847122 ] ] ], [ [ [ 1.562879, 44.868506 ], [ 1.563952, 44.869089 ], [ 1.565521, 44.869756 ], [ 1.571114, 44.875658 ], [ 1.571146, 44.877152 ], [ 1.571371, 44.877824 ], [ 1.5714, 44.877884 ], [ 1.571573, 44.878246 ], [ 1.572392, 44.879024 ], [ 1.575888, 44.880532 ], [ 1.583192, 44.88175 ], [ 1.589375, 44.882678 ], [ 1.592437, 44.883357 ], [ 1.594017, 44.883458 ], [ 1.594457, 44.879885 ], [ 1.59719, 44.874859 ], [ 1.603752, 44.874303 ], [ 1.60471, 44.874652 ], [ 1.60571, 44.874668 ], [ 1.607491, 44.874498 ], [ 1.611086, 44.874325 ], [ 1.619403, 44.876808 ], [ 1.62074, 44.878776 ], [ 1.620823, 44.878899 ], [ 1.621239, 44.87909 ], [ 1.622602, 44.879527 ], [ 1.623052, 44.879432 ], [ 1.623932, 44.877411 ], [ 1.630045, 44.87329 ], [ 1.629775, 44.8697 ], [ 1.632273, 44.862059 ], [ 1.63522, 44.861434 ], [ 1.635692, 44.86137 ], [ 1.637328, 44.860989 ], [ 1.638343, 44.86087 ], [ 1.639443, 44.860705 ], [ 1.642633613881857, 44.853880825840271 ], [ 1.642769, 44.853781 ], [ 1.644981, 44.852151 ], [ 1.651634, 44.850016 ], [ 1.653797, 44.847138 ], [ 1.655815, 44.841399 ], [ 1.657256935059331, 44.83964494661835 ], [ 1.656005780675257, 44.838616489616555 ], [ 1.654564, 44.840371 ], [ 1.650702, 44.846203 ], [ 1.650445, 44.846456 ], [ 1.649261, 44.84683 ], [ 1.648982, 44.846603 ], [ 1.649397, 44.846093 ], [ 1.649655, 44.845719 ], [ 1.64985, 44.845417 ], [ 1.652049, 44.842863 ], [ 1.647458, 44.835831 ], [ 1.645978, 44.835965 ], [ 1.644585, 44.836075 ], [ 1.642646, 44.836678 ], [ 1.642415, 44.836728 ], [ 1.642237, 44.83671 ], [ 1.642273, 44.836352 ], [ 1.642786, 44.836024 ], [ 1.643097, 44.835845 ], [ 1.644557, 44.835716 ], [ 1.64595, 44.835607 ], [ 1.647426, 44.835472 ], [ 1.648904, 44.835337 ], [ 1.649565, 44.835241 ], [ 1.650235, 44.835144 ], [ 1.650872, 44.835044 ], [ 1.651608, 44.834877 ], [ 1.652728924030247, 44.834497013803599 ], [ 1.652209, 44.832962 ], [ 1.654278, 44.832261 ], [ 1.652281, 44.823491 ], [ 1.650572, 44.823701 ], [ 1.649595, 44.824107 ], [ 1.649148, 44.824255 ], [ 1.648794, 44.824348 ], [ 1.648224, 44.824457 ], [ 1.64757, 44.824523 ], [ 1.646903, 44.824518 ], [ 1.644652, 44.824867 ], [ 1.64425, 44.824985 ], [ 1.643539, 44.825044 ], [ 1.640537, 44.825468 ], [ 1.640154506340673, 44.824958207203856 ], [ 1.639598, 44.825197 ], [ 1.638917, 44.825854 ], [ 1.63799, 44.826874 ], [ 1.637834, 44.827031 ], [ 1.63766, 44.827205 ], [ 1.636307, 44.829127 ], [ 1.636046, 44.829314 ], [ 1.634109, 44.832444 ], [ 1.634017, 44.832657 ], [ 1.63391, 44.832898 ], [ 1.633736, 44.83314 ], [ 1.633418, 44.833361 ], [ 1.633163, 44.833473 ], [ 1.630878, 44.835115 ], [ 1.630711, 44.835269 ], [ 1.630352, 44.835468 ], [ 1.625696745313325, 44.840981088015766 ], [ 1.626492, 44.844326 ], [ 1.626481, 44.844604 ], [ 1.626194, 44.847501 ], [ 1.631431, 44.853584 ], [ 1.631963, 44.853726 ], [ 1.632322, 44.853801 ], [ 1.632697, 44.85388 ], [ 1.635106, 44.854315 ], [ 1.641317, 44.852392 ], [ 1.643521, 44.850767 ], [ 1.643735, 44.851057 ], [ 1.636883, 44.856582 ], [ 1.636015, 44.857332 ], [ 1.635147, 44.858082 ], [ 1.630885, 44.861045 ], [ 1.630601, 44.861204 ], [ 1.628852, 44.86214 ], [ 1.623746, 44.86883 ], [ 1.623604, 44.869263 ], [ 1.623262, 44.869151 ], [ 1.61923, 44.866809 ], [ 1.61897, 44.86656 ], [ 1.616251, 44.860623 ], [ 1.615948, 44.860437 ], [ 1.615543, 44.860116 ], [ 1.607432, 44.861957 ], [ 1.609124, 44.868971 ], [ 1.609275, 44.869168 ], [ 1.610051, 44.870638 ], [ 1.610173, 44.870977 ], [ 1.609618, 44.871177 ], [ 1.609063, 44.871377 ], [ 1.608903, 44.871387 ], [ 1.604358, 44.871424 ], [ 1.604162, 44.871389 ], [ 1.603946, 44.87126 ], [ 1.603728, 44.871029 ], [ 1.598823, 44.869216 ], [ 1.594847, 44.872599 ], [ 1.594547, 44.872798 ], [ 1.587325, 44.872139 ], [ 1.585808, 44.876812 ], [ 1.58549, 44.876981 ], [ 1.578064, 44.876015 ], [ 1.577876, 44.875707 ], [ 1.572433, 44.868688 ], [ 1.570816, 44.868674 ], [ 1.569758, 44.86873 ], [ 1.56869, 44.868786 ], [ 1.568479, 44.86879 ], [ 1.568275, 44.868792 ], [ 1.568063, 44.868778 ], [ 1.567867, 44.868764 ], [ 1.566907, 44.86848 ], [ 1.563996, 44.867753 ], [ 1.561749410804201, 44.86751903814617 ], [ 1.562329, 44.868181 ], [ 1.562879, 44.868506 ] ] ], [ [ [ 1.682941, 44.829391 ], [ 1.684638, 44.830648 ], [ 1.685257, 44.831139 ], [ 1.686238, 44.831582 ], [ 1.687717, 44.831934 ], [ 1.690994922701103, 44.829154544862966 ], [ 1.690452, 44.827847 ], [ 1.689922, 44.827265 ], [ 1.68793, 44.824887 ], [ 1.68709327197091, 44.824573206801681 ], [ 1.687081, 44.826177 ], [ 1.687186, 44.826521 ], [ 1.685077, 44.827567 ], [ 1.680417, 44.829569 ], [ 1.676562, 44.830307 ], [ 1.673283, 44.831116 ], [ 1.672932, 44.8312 ], [ 1.67171306144361, 44.831021496814536 ], [ 1.671516, 44.831172 ], [ 1.670805, 44.831626 ], [ 1.670453, 44.831824 ], [ 1.670166, 44.831964 ], [ 1.669533, 44.832154 ], [ 1.668856, 44.832212 ], [ 1.668232, 44.832148 ], [ 1.672324, 44.834041 ], [ 1.675491, 44.832328 ], [ 1.682941, 44.829391 ] ] ], [ [ [ 1.664539, 44.796561 ], [ 1.664440901884296, 44.796619869414791 ], [ 1.667513822828926, 44.799112576281523 ], [ 1.668146, 44.79901 ], [ 1.669239, 44.798841 ], [ 1.670089, 44.799125 ], [ 1.673579111416998, 44.798767257221762 ], [ 1.673953370571609, 44.79841470552239 ], [ 1.672042, 44.798326 ], [ 1.664539, 44.796561 ] ] ], [ [ [ 1.651612, 44.800057 ], [ 1.65247, 44.800336 ], [ 1.657097, 44.801027 ], [ 1.657688, 44.801018 ], [ 1.658053675021586, 44.80104293238783 ], [ 1.662819089352209, 44.797593131275598 ], [ 1.65723214234592, 44.800945900064903 ], [ 1.651612, 44.800057 ] ] ] ] } },
{ "type": "Feature", "properties": { "codgeo": "46240", "value": 720, "isochrone_group": 12.0, "nb_agences": 2 }, "geometry": { "type": "MultiPolygon", "coordinates": [ [ [ [ 1.57161, 44.783011 ], [ 1.571977, 44.78203 ], [ 1.572158, 44.781641 ], [ 1.568895, 44.780121 ], [ 1.566705, 44.780923 ], [ 1.564267, 44.781816 ], [ 1.555414, 44.781177 ], [ 1.554969, 44.781035 ], [ 1.554328, 44.780946 ], [ 1.550073, 44.780708 ], [ 1.547309, 44.783554 ], [ 1.542348138321314, 44.786898721693355 ], [ 1.548334, 44.784664 ], [ 1.550089, 44.783129 ], [ 1.550926, 44.782225 ], [ 1.551392, 44.781968 ], [ 1.559751, 44.783586 ], [ 1.561604, 44.782842 ], [ 1.563331, 44.786002 ], [ 1.562314, 44.792123 ], [ 1.570493, 44.79546 ], [ 1.572279, 44.793522 ], [ 1.572783, 44.793019 ], [ 1.573359, 44.792611 ], [ 1.575294, 44.791397 ], [ 1.576805, 44.790205 ], [ 1.577137, 44.789969 ], [ 1.577415715914299, 44.790049987872663 ], [ 1.579488, 44.789524 ], [ 1.580912, 44.789616 ], [ 1.581375616445566, 44.789664508753305 ], [ 1.578709, 44.789146 ], [ 1.57803, 44.788939 ], [ 1.57708, 44.788881 ], [ 1.576828, 44.788919 ], [ 1.576289899161059, 44.789491691927758 ], [ 1.57161, 44.783011 ] ] ], [ [ [ 1.525268, 44.782901 ], [ 1.523397, 44.784396 ], [ 1.520585695737969, 44.790706227628611 ], [ 1.52329175596412, 44.789129254298224 ], [ 1.528253, 44.783752 ], [ 1.531567, 44.785159 ], [ 1.531174, 44.786085 ], [ 1.530674, 44.78703 ], [ 1.530124, 44.787896 ], [ 1.529376, 44.788928 ], [ 1.528642, 44.789755 ], [ 1.527857, 44.790532 ], [ 1.527773611394651, 44.7906052644013 ], [ 1.527776, 44.790608 ], [ 1.527091, 44.791205 ], [ 1.526287, 44.791837 ], [ 1.525347, 44.792486 ], [ 1.524327, 44.793105 ], [ 1.523637, 44.793484 ], [ 1.522691, 44.793962 ], [ 1.521621, 44.79447 ], [ 1.519836, 44.795291 ], [ 1.518796572588408, 44.795768606589711 ], [ 1.519124, 44.796322 ], [ 1.520282, 44.795637 ], [ 1.521966, 44.794696 ], [ 1.525166, 44.79338 ], [ 1.525708, 44.793273 ], [ 1.526453, 44.793064 ], [ 1.528814, 44.793023 ], [ 1.529071386678489, 44.793108354451235 ], [ 1.529044, 44.793059 ], [ 1.529393, 44.789476 ], [ 1.530148, 44.78948 ], [ 1.538524, 44.787956 ], [ 1.539001, 44.787791 ], [ 1.539378, 44.787687 ], [ 1.539959, 44.787597 ], [ 1.540609, 44.787548 ], [ 1.541153121520428, 44.78734486129904 ], [ 1.534607, 44.782107 ], [ 1.531658, 44.780041 ], [ 1.525268, 44.782901 ] ] ], [ [ [ 1.527366, 44.803148 ], [ 1.524381, 44.805159 ], [ 1.524956, 44.806014 ], [ 1.526083, 44.807731 ], [ 1.529827, 44.81404 ], [ 1.530645, 44.815356 ], [ 1.534542, 44.818292 ], [ 1.53529, 44.818911 ], [ 1.534377, 44.827468 ], [ 1.533554, 44.827886 ], [ 1.53284, 44.828344 ], [ 1.532339, 44.828755 ], [ 1.53214, 44.828976 ], [ 1.531795, 44.82942 ], [ 1.531459, 44.830116 ], [ 1.531369, 44.830942 ], [ 1.531894, 44.832184 ], [ 1.532351, 44.832577 ], [ 1.53291, 44.832878 ], [ 1.533991, 44.833269 ], [ 1.536564715012556, 44.839736849388864 ], [ 1.536630338454221, 44.839516794946128 ], [ 1.536721, 44.834192 ], [ 1.536404, 44.833504 ], [ 1.53563, 44.831183 ], [ 1.535493, 44.830447 ], [ 1.535956964831899, 44.83036060474025 ], [ 1.535395, 44.829158 ], [ 1.535422, 44.828735 ], [ 1.536821, 44.820115 ], [ 1.536902, 44.814964 ], [ 1.53516, 44.808353 ], [ 1.533081265836995, 44.804743415096802 ], [ 1.533033, 44.804779 ], [ 1.531367, 44.804712 ], [ 1.527366, 44.803148 ] ] ], [ [ [ 1.532236, 44.84289 ], [ 1.536409690813697, 44.84025669051308 ], [ 1.536436219115577, 44.840167733418795 ], [ 1.532253, 44.842861 ], [ 1.532110907175178, 44.842931077108155 ], [ 1.532236, 44.84289 ] ] ], [ [ [ 1.557954531511239, 44.860013588427591 ], [ 1.556961, 44.861074 ], [ 1.556869, 44.861376 ], [ 1.559402, 44.86608 ], [ 1.560562, 44.867565 ], [ 1.561293, 44.868057 ], [ 1.563966328795794, 44.869136690169391 ], [ 1.565653635538666, 44.874752510614712 ], [ 1.568667952156722, 44.875942828940708 ], [ 1.569977, 44.87609 ], [ 1.57112874041955, 44.876346193337731 ], [ 1.571114, 44.875658 ], [ 1.565521, 44.869756 ], [ 1.563952, 44.869089 ], [ 1.562879, 44.868506 ], [ 1.562329, 44.868181 ], [ 1.56019, 44.865738 ], [ 1.559578, 44.864094 ], [ 1.558089, 44.860818 ], [ 1.558431, 44.854604 ], [ 1.558342, 44.847971 ], [ 1.556785229507206, 44.847136999185928 ], [ 1.55652, 44.847122 ], [ 1.556447, 44.847077 ], [ 1.554543422929874, 44.846163766100574 ], [ 1.551610938836496, 44.846065275302188 ], [ 1.552856940195168, 44.848886563285326 ], [ 1.556319, 44.852489 ], [ 1.5568, 44.853107 ], [ 1.557954531511239, 44.860013588427591 ] ] ], [ [ [ 1.578643, 44.882969 ], [ 1.586899, 44.88437 ], [ 1.590477, 44.883971 ], [ 1.594299, 44.883475 ], [ 1.596599, 44.882738 ], [ 1.59701, 44.88218 ], [ 1.597657, 44.880752 ], [ 1.597641, 44.880182 ], [ 1.597463, 44.8792 ], [ 1.602304759884533, 44.874425625038739 ], [ 1.59719, 44.874859 ], [ 1.594457, 44.879885 ], [ 1.594017, 44.883458 ], [ 1.592437, 44.883357 ], [ 1.589375, 44.882678 ], [ 1.583192, 44.88175 ], [ 1.575888, 44.880532 ], [ 1.575097258926191, 44.880190913747342 ], [ 1.574819429934417, 44.882590859306355 ], [ 1.577663, 44.883191 ], [ 1.578643, 44.882969 ] ] ], [ [ [ 1.616224126211308, 44.879231092939513 ], [ 1.616269, 44.879203 ], [ 1.618896568150466, 44.876656807228287 ], [ 1.618636655928868, 44.8765792116955 ], [ 1.61673, 44.878751 ], [ 1.616241, 44.879135 ], [ 1.616224126211308, 44.879231092939513 ] ] ], [ [ [ 1.630783, 44.873235 ], [ 1.633309, 44.873045 ], [ 1.635837, 44.872855 ], [ 1.640637, 44.872797 ], [ 1.641089, 44.872808 ], [ 1.644574, 44.872847 ], [ 1.644837, 44.869257 ], [ 1.644305, 44.860548 ], [ 1.64429, 44.856948 ], [ 1.646628475107117, 44.851923012002281 ], [ 1.653161, 44.851019 ], [ 1.655089, 44.847979 ], [ 1.655815, 44.841399 ], [ 1.653797, 44.847138 ], [ 1.651634, 44.850016 ], [ 1.644981, 44.852151 ], [ 1.642769, 44.853781 ], [ 1.642633613881857, 44.853880825840271 ], [ 1.639443, 44.860705 ], [ 1.638343, 44.86087 ], [ 1.637328, 44.860989 ], [ 1.635692, 44.86137 ], [ 1.63522, 44.861434 ], [ 1.632273, 44.862059 ], [ 1.629775, 44.8697 ], [ 1.630045, 44.87329 ], [ 1.623932, 44.877411 ], [ 1.623052, 44.879432 ], [ 1.622615388091227, 44.879524173625164 ], [ 1.62231631290626, 44.881079833223346 ], [ 1.624576, 44.879379 ], [ 1.630783, 44.873235 ] ] ], [ [ [ 1.64911, 44.799819 ], [ 1.65068, 44.799908 ], [ 1.644127, 44.797755 ], [ 1.638116, 44.793515 ], [ 1.635857, 44.787777 ], [ 1.635417, 44.784984 ], [ 1.635265, 44.784905 ], [ 1.634119, 44.784624 ], [ 1.633242, 44.785062 ], [ 1.631591, 44.785684 ], [ 1.630978, 44.785962 ], [ 1.62897, 44.786672 ], [ 1.627671, 44.787006 ], [ 1.626431, 44.787209 ], [ 1.623134, 44.786832 ], [ 1.619531, 44.781359 ], [ 1.619576, 44.780514 ], [ 1.620783, 44.775655 ], [ 1.620951, 44.774884 ], [ 1.621108, 44.773485 ], [ 1.621047, 44.77312 ], [ 1.620833, 44.772282 ], [ 1.620699, 44.771946 ], [ 1.617355, 44.773277 ], [ 1.616082, 44.775637 ], [ 1.615806, 44.776228 ], [ 1.610175, 44.782786 ], [ 1.610749, 44.782473 ], [ 1.616317, 44.779946 ], [ 1.618316, 44.78294 ], [ 1.622941, 44.786769 ], [ 1.621944, 44.790228 ], [ 1.620452, 44.795755 ], [ 1.626419, 44.799241 ], [ 1.626795, 44.799181 ], [ 1.627597, 44.799073 ], [ 1.628033, 44.79904 ], [ 1.628989, 44.798909 ], [ 1.629165, 44.798872 ], [ 1.630514, 44.798461 ], [ 1.630601, 44.798426 ], [ 1.631362, 44.798064 ], [ 1.631856, 44.797979 ], [ 1.632467, 44.797867 ], [ 1.632719, 44.79782 ], [ 1.633644, 44.797705 ], [ 1.634134, 44.79762 ], [ 1.637495, 44.796383 ], [ 1.645226, 44.800397 ], [ 1.647728, 44.799978 ], [ 1.648183, 44.799911 ], [ 1.648756, 44.799859 ], [ 1.64911, 44.799819 ] ] ], [ [ [ 1.596379, 44.788501 ], [ 1.596754779172274, 44.788360029250079 ], [ 1.596922, 44.788259 ], [ 1.597174568419238, 44.788202548449348 ], [ 1.597256, 44.788172 ], [ 1.604722, 44.785774 ], [ 1.607494, 44.78426 ], [ 1.601597, 44.785734 ], [ 1.600454, 44.785796 ], [ 1.596379, 44.788501 ] ] ], [ [ [ 1.594002329787616, 44.789601468601532 ], [ 1.596379, 44.788501 ], [ 1.592714499545429, 44.78977885015852 ], [ 1.586564, 44.790626 ], [ 1.594002329787616, 44.789601468601532 ] ] ], [ [ [ 1.581495, 44.789677 ], [ 1.581375616445584, 44.789664508753305 ], [ 1.581375616445566, 44.789664508753305 ], [ 1.581495, 44.789677 ] ] ], [ [ [ 1.685822, 44.833557 ], [ 1.688153, 44.835736 ], [ 1.688923, 44.835333 ], [ 1.689031, 44.835272 ], [ 1.68924, 44.835143 ], [ 1.691443411185815, 44.833562741991486 ], [ 1.688663614724685, 44.831131335203025 ], [ 1.687717, 44.831934 ], [ 1.686238, 44.831582 ], [ 1.685257, 44.831139 ], [ 1.684638, 44.830648 ], [ 1.682975346799556, 44.829416441324135 ], [ 1.682007, 44.829877 ], [ 1.681572233595791, 44.829930606299214 ], [ 1.675491, 44.832328 ], [ 1.672324, 44.834041 ], [ 1.668232, 44.832148 ], [ 1.673059, 44.835021 ], [ 1.673856, 44.835259 ], [ 1.676659, 44.835001 ], [ 1.684047, 44.83261 ], [ 1.685822, 44.833557 ] ] ], [ [ [ 1.676912, 44.796412 ], [ 1.676381957331329, 44.795051165705694 ], [ 1.675357, 44.795444 ], [ 1.675234, 44.795761 ], [ 1.67212964578575, 44.798330067586527 ], [ 1.674270512614582, 44.798429423887839 ], [ 1.676912, 44.796412 ] ] ], [ [ [ 1.657467584452846, 44.800804609491209 ], [ 1.656896501184088, 44.800892813962783 ], [ 1.651612, 44.800057 ], [ 1.65723214234592, 44.800945900064903 ], [ 1.657467584452846, 44.800804609491209 ] ] ] ] } },
{ "type": "Feature", "properties": { "codgeo": "46240", "value": 780, "isochrone_group": 13.0, "nb_agences": 2 }, "geometry": { "type": "MultiPolygon", "coordinates": [ [ [ [ 1.562184252182248, 44.870402209630285 ], [ 1.563908, 44.870619 ], [ 1.564431953322362, 44.870928988320216 ], [ 1.564509618074462, 44.870944906163167 ], [ 1.563966328795794, 44.869136690169391 ], [ 1.561293, 44.868057 ], [ 1.560562, 44.867565 ], [ 1.559402, 44.86608 ], [ 1.557559182584886, 44.862657728732458 ], [ 1.556876, 44.86503 ], [ 1.556582201601556, 44.868192082462521 ], [ 1.557370897439013, 44.868691708784887 ], [ 1.557374, 44.868692 ], [ 1.561363925100862, 44.869213085099716 ], [ 1.561713014096708, 44.870246467865819 ], [ 1.562184252182248, 44.870402209630285 ] ] ], [ [ [ 1.589787, 44.887054 ], [ 1.596599, 44.882738 ], [ 1.594299, 44.883475 ], [ 1.590477, 44.883971 ], [ 1.586899, 44.88437 ], [ 1.578643, 44.882969 ], [ 1.577663, 44.883191 ], [ 1.575800410857066, 44.882797897134793 ], [ 1.5751158986495, 44.884636408358531 ], [ 1.57484, 44.887508 ], [ 1.575385606693903, 44.888141572303553 ], [ 1.58193, 44.885822 ], [ 1.589787, 44.887054 ] ] ], [ [ [ 1.617719, 44.867754 ], [ 1.610725, 44.870626 ], [ 1.612930198627847, 44.869720462330697 ], [ 1.617899372631309, 44.869323583575344 ], [ 1.617719, 44.867754 ] ] ], [ [ [ 1.65283, 44.872407 ], [ 1.653293, 44.872417 ], [ 1.654264, 44.872353 ], [ 1.656109, 44.871968 ], [ 1.658551, 44.871476 ], [ 1.657912, 44.867934 ], [ 1.657267, 44.86805 ], [ 1.655374, 44.868444 ], [ 1.651369, 44.868137 ], [ 1.650924, 44.868038 ], [ 1.650428, 44.868017 ], [ 1.646559, 44.860297 ], [ 1.647838, 44.859388 ], [ 1.645753, 44.856453 ], [ 1.6508600856877, 44.85139586336264 ], [ 1.654035, 44.852271 ], [ 1.657277, 44.850704 ], [ 1.656737, 44.849588 ], [ 1.656353, 44.84905 ], [ 1.655815, 44.841399 ], [ 1.655089, 44.847979 ], [ 1.653161, 44.851019 ], [ 1.646628475107117, 44.851923012002281 ], [ 1.64429, 44.856948 ], [ 1.644305, 44.860548 ], [ 1.644837, 44.869257 ], [ 1.644575607282703, 44.872825060285543 ], [ 1.644938, 44.872845 ], [ 1.645365, 44.872785 ], [ 1.65283, 44.872407 ] ] ], [ [ [ 1.656896501184091, 44.800892813962783 ], [ 1.65206702856391, 44.800128968803477 ], [ 1.648001, 44.79804 ], [ 1.647484, 44.797885 ], [ 1.646807, 44.797703 ], [ 1.644675, 44.79718 ], [ 1.639669, 44.790664 ], [ 1.640953, 44.787301 ], [ 1.641137588855503, 44.78517264261999 ], [ 1.639949, 44.784893 ], [ 1.637306, 44.782449 ], [ 1.637856093329351, 44.781714916410316 ], [ 1.635319, 44.783867 ], [ 1.633242, 44.785062 ], [ 1.634119, 44.784624 ], [ 1.635265, 44.784905 ], [ 1.635417, 44.784984 ], [ 1.635857, 44.787777 ], [ 1.638116, 44.793515 ], [ 1.644127, 44.797755 ], [ 1.65068, 44.799908 ], [ 1.651612, 44.800057 ], [ 1.656896501184088, 44.800892813962783 ], [ 1.656896501184091, 44.800892813962783 ] ] ], [ [ [ 1.619831, 44.770694 ], [ 1.617286, 44.767737 ], [ 1.616862586351956, 44.767182054712599 ], [ 1.614927, 44.768498 ], [ 1.61462, 44.76856 ], [ 1.613124002269981, 44.76720675382645 ], [ 1.61312, 44.767207 ], [ 1.613145, 44.767611 ], [ 1.613378, 44.771538 ], [ 1.615263009555392, 44.776860379921125 ], [ 1.615806, 44.776228 ], [ 1.616082, 44.775637 ], [ 1.617355, 44.773277 ], [ 1.620685317076358, 44.77195144616369 ], [ 1.620556, 44.771662 ], [ 1.620216, 44.771143 ], [ 1.619831, 44.770694 ] ] ], [ [ [ 1.598182, 44.786056 ], [ 1.597244, 44.786273 ], [ 1.592610687649775, 44.789793148872036 ], [ 1.592714499545429, 44.78977885015852 ], [ 1.596379, 44.788501 ], [ 1.600449610982539, 44.785798913445944 ], [ 1.600289, 44.785808 ], [ 1.5997, 44.785871 ], [ 1.598182, 44.786056 ] ] ], [ [ [ 1.574103, 44.773614 ], [ 1.573898, 44.77306 ], [ 1.570521, 44.774306 ], [ 1.56784, 44.77968 ], [ 1.564267, 44.781816 ], [ 1.566705, 44.780923 ], [ 1.568895, 44.780121 ], [ 1.572158, 44.781641 ], [ 1.571977, 44.78203 ], [ 1.57161, 44.783011 ], [ 1.576289899161059, 44.789491691927758 ], [ 1.576828, 44.788919 ], [ 1.57708, 44.788881 ], [ 1.57803, 44.788939 ], [ 1.578709, 44.789146 ], [ 1.581375616445584, 44.789664508753305 ], [ 1.581495, 44.789677 ], [ 1.583532, 44.789887 ], [ 1.583941, 44.789913 ], [ 1.580108, 44.782802 ], [ 1.580634, 44.779241 ], [ 1.574103, 44.773614 ] ] ], [ [ [ 1.546784, 44.780049 ], [ 1.542073, 44.773377 ], [ 1.539830863646666, 44.772632902070626 ], [ 1.539544, 44.773224 ], [ 1.539073, 44.774077 ], [ 1.53862, 44.774805 ], [ 1.538572629849221, 44.774874056056717 ], [ 1.538574, 44.774875 ], [ 1.537921, 44.775824 ], [ 1.537323, 44.77661 ], [ 1.536717, 44.777338 ], [ 1.535442, 44.778737 ], [ 1.533759516435021, 44.781513272958556 ], [ 1.534607, 44.782107 ], [ 1.541397, 44.78754 ], [ 1.547309, 44.783554 ], [ 1.550073, 44.780708 ], [ 1.554328, 44.780946 ], [ 1.548763, 44.780533 ], [ 1.548213, 44.780434 ], [ 1.546784, 44.780049 ] ] ], [ [ [ 1.524674, 44.778324 ], [ 1.524245, 44.778119 ], [ 1.523037, 44.777507 ], [ 1.522215, 44.777002 ], [ 1.521489, 44.776473 ], [ 1.520733, 44.776185 ], [ 1.519099, 44.775551 ], [ 1.517097, 44.775571 ], [ 1.514611, 44.778777 ], [ 1.513328, 44.78214 ], [ 1.513939, 44.782373 ], [ 1.514361, 44.782572 ], [ 1.515772, 44.783499 ], [ 1.51664, 44.792359 ], [ 1.516060564047358, 44.793070125941881 ], [ 1.516568, 44.79283 ], [ 1.518333, 44.792019 ], [ 1.520077, 44.791218 ], [ 1.520432815835964, 44.791049380447213 ], [ 1.523397, 44.784396 ], [ 1.525268, 44.782901 ], [ 1.529292483644429, 44.781099744409559 ], [ 1.529579, 44.780503 ], [ 1.529929, 44.779874 ], [ 1.530321, 44.779256 ], [ 1.530730795982699, 44.778680762733764 ], [ 1.525151, 44.778641 ], [ 1.524674, 44.778324 ] ] ], [ [ [ 1.512109, 44.801254 ], [ 1.514019, 44.799871 ], [ 1.51509, 44.799174 ], [ 1.516549, 44.798269 ], [ 1.518427, 44.796832 ], [ 1.519179256600636, 44.796289313668879 ], [ 1.519124, 44.796322 ], [ 1.518796572588408, 44.795768606589711 ], [ 1.518071, 44.796102 ], [ 1.516428, 44.796879 ], [ 1.515031, 44.797599 ], [ 1.513987, 44.798199 ], [ 1.512809, 44.798985 ], [ 1.509415900643238, 44.803181514258817 ], [ 1.510911, 44.803206 ], [ 1.512109, 44.801254 ] ] ], [ [ [ 1.526453, 44.793064 ], [ 1.525708, 44.793273 ], [ 1.530759, 44.793668 ], [ 1.528814, 44.793023 ], [ 1.526453, 44.793064 ] ] ], [ [ [ 1.532827, 44.794134 ], [ 1.532427, 44.794156 ], [ 1.538275160826683, 44.800914117564794 ], [ 1.538335, 44.80087 ], [ 1.532827, 44.794134 ] ] ], [ [ [ 1.523181, 44.809878 ], [ 1.521884, 44.809973 ], [ 1.5211, 44.810009 ], [ 1.518274, 44.809409 ], [ 1.516507, 44.810876 ], [ 1.515944, 44.811253 ], [ 1.516235, 44.812377 ], [ 1.516583, 44.817796 ], [ 1.518687, 44.820717 ], [ 1.524059, 44.821439 ], [ 1.525893, 44.821245 ], [ 1.527658, 44.82153 ], [ 1.529303, 44.830263 ], [ 1.528917, 44.830511 ], [ 1.528777, 44.830625 ], [ 1.530894, 44.833505 ], [ 1.528596, 44.841522 ], [ 1.530463, 44.841172 ], [ 1.535067138566679, 44.835973379520219 ], [ 1.533991, 44.833269 ], [ 1.53291, 44.832878 ], [ 1.532351, 44.832577 ], [ 1.531894, 44.832184 ], [ 1.531369, 44.830942 ], [ 1.531439060463689, 44.830299000633246 ], [ 1.531416, 44.830279 ], [ 1.531459, 44.830116 ], [ 1.531795, 44.82942 ], [ 1.53214, 44.828976 ], [ 1.532339, 44.828755 ], [ 1.53284, 44.828344 ], [ 1.534524004261876, 44.826090217449213 ], [ 1.53529, 44.818911 ], [ 1.534542, 44.818292 ], [ 1.530645, 44.815356 ], [ 1.529827, 44.81404 ], [ 1.526997193139008, 44.809271503342408 ], [ 1.525613, 44.809885 ], [ 1.52488, 44.809834 ], [ 1.523181, 44.809878 ] ] ], [ [ [ 1.518390862350242, 44.84674122739699 ], [ 1.519537, 44.848271 ], [ 1.527865, 44.846941 ], [ 1.527778, 44.843102 ], [ 1.527791067063016, 44.843074601319472 ], [ 1.520469, 44.847794 ], [ 1.518390862350242, 44.84674122739699 ] ] ], [ [ [ 1.613851718409054, 44.880865026171861 ], [ 1.613694, 44.880983 ], [ 1.613787376402447, 44.881272717348573 ], [ 1.613842, 44.881259 ], [ 1.613851718409054, 44.880865026171861 ] ] ], [ [ [ 1.621665, 44.887247 ], [ 1.621559370389278, 44.888174297113608 ], [ 1.621595, 44.88811 ], [ 1.62272211062646, 44.885073962634685 ], [ 1.621691, 44.886318 ], [ 1.621665, 44.887247 ] ] ], [ [ [ 1.674241, 44.838104 ], [ 1.674711, 44.838208 ], [ 1.68269, 44.838417 ], [ 1.683143, 44.838486 ], [ 1.687086, 44.838576 ], [ 1.687402846200734, 44.838438415667802 ], [ 1.687388, 44.838411 ], [ 1.687242, 44.837341 ], [ 1.687271, 44.836509 ], [ 1.686033775897059, 44.833754966400562 ], [ 1.685822, 44.833557 ], [ 1.684047, 44.83261 ], [ 1.676659, 44.835001 ], [ 1.673856, 44.835259 ], [ 1.673059, 44.835021 ], [ 1.668232, 44.832148 ], [ 1.667772638557544, 44.83236828534875 ], [ 1.672269, 44.836625 ], [ 1.672593, 44.83703 ], [ 1.673001, 44.83743 ], [ 1.673795, 44.837951 ], [ 1.674241, 44.838104 ] ] ], [ [ [ 1.664927654849242, 44.799904701558262 ], [ 1.664927654849246, 44.799904701558262 ], [ 1.664218, 44.799762 ], [ 1.664927654849242, 44.799904701558262 ] ] ] ] } },
{ "type": "Feature", "properties": { "codgeo": "46240", "value": 840, "isochrone_group": 14.0, "nb_agences": 2 }, "geometry": { "type": "MultiPolygon", "coordinates": [ [ [ [ 1.59088, 44.781518 ], [ 1.589539, 44.778177 ], [ 1.588713, 44.778509 ], [ 1.585948, 44.779181 ], [ 1.585568, 44.779219 ], [ 1.579018, 44.777833 ], [ 1.574682, 44.771276 ], [ 1.574536, 44.770472 ], [ 1.57063, 44.76411 ], [ 1.570257, 44.763623 ], [ 1.569746, 44.763126 ], [ 1.568411, 44.761764 ], [ 1.565736, 44.764173 ], [ 1.567568, 44.767893 ], [ 1.567855, 44.769002 ], [ 1.567948, 44.769372 ], [ 1.568283, 44.770115 ], [ 1.568693, 44.77072 ], [ 1.569458, 44.772187 ], [ 1.56784, 44.77968 ], [ 1.570521, 44.774306 ], [ 1.573898, 44.77306 ], [ 1.574103, 44.773614 ], [ 1.580634, 44.779241 ], [ 1.580108, 44.782802 ], [ 1.583941, 44.789913 ], [ 1.586564, 44.790626 ], [ 1.587448, 44.790804 ], [ 1.587594972109095, 44.790821452937969 ], [ 1.589399, 44.790935 ], [ 1.589719653460524, 44.790920360705606 ], [ 1.591621935416955, 44.790544351207195 ], [ 1.597244, 44.786273 ], [ 1.598182, 44.786056 ], [ 1.594931, 44.786383 ], [ 1.593711859194176, 44.787116302862998 ], [ 1.59088, 44.781518 ] ] ], [ [ [ 1.543221, 44.768592 ], [ 1.545266, 44.765723 ], [ 1.545622, 44.765336 ], [ 1.543136, 44.762429 ], [ 1.541615101225531, 44.762813513123191 ], [ 1.541633, 44.763148 ], [ 1.541668, 44.765055 ], [ 1.541623, 44.766027 ], [ 1.541566, 44.766678 ], [ 1.541444, 44.767588 ], [ 1.541305, 44.768346 ], [ 1.541129, 44.769131 ], [ 1.540796, 44.770264 ], [ 1.540486, 44.771145 ], [ 1.540122, 44.772033 ], [ 1.539830863646666, 44.772632902070626 ], [ 1.542073, 44.773377 ], [ 1.546784, 44.780049 ], [ 1.546975096696453, 44.780100485114154 ], [ 1.542141, 44.773107 ], [ 1.542391, 44.771345 ], [ 1.543221, 44.768592 ] ] ], [ [ [ 1.533259, 44.767415 ], [ 1.528044, 44.771755 ], [ 1.521792, 44.774876 ], [ 1.518555, 44.773858 ], [ 1.518113, 44.773616 ], [ 1.516901, 44.77309 ], [ 1.515405, 44.772548 ], [ 1.514508, 44.772179 ], [ 1.508251, 44.77088 ], [ 1.505928, 44.773631 ], [ 1.502385, 44.780423 ], [ 1.503454, 44.783668 ], [ 1.503763, 44.783878 ], [ 1.504262, 44.784069 ], [ 1.504971, 44.784257 ], [ 1.505503, 44.784374 ], [ 1.505738, 44.784418 ], [ 1.506302, 44.784434 ], [ 1.506912, 44.784288 ], [ 1.507689, 44.783755 ], [ 1.514361, 44.782572 ], [ 1.513939, 44.782373 ], [ 1.513328, 44.78214 ], [ 1.514611, 44.778777 ], [ 1.517097, 44.775571 ], [ 1.519099, 44.775551 ], [ 1.520733, 44.776185 ], [ 1.521489, 44.776473 ], [ 1.522215, 44.777002 ], [ 1.523037, 44.777507 ], [ 1.524245, 44.778119 ], [ 1.524674, 44.778324 ], [ 1.525151, 44.778641 ], [ 1.530730795982699, 44.778680762733764 ], [ 1.530913, 44.778425 ], [ 1.53156, 44.77765 ], [ 1.532783, 44.77631 ], [ 1.533956, 44.775028 ], [ 1.534461, 44.774426 ], [ 1.534956, 44.773782 ], [ 1.535569, 44.772895 ], [ 1.538069, 44.765115 ], [ 1.538048989464888, 44.763715096314478 ], [ 1.535245, 44.764424 ], [ 1.533259, 44.767415 ] ] ], [ [ [ 1.508890465780086, 44.797527349419653 ], [ 1.509609, 44.796907 ], [ 1.51082, 44.795984 ], [ 1.512199, 44.795075 ], [ 1.513385, 44.794398 ], [ 1.514888, 44.793625 ], [ 1.516060564047358, 44.793070125941881 ], [ 1.51664, 44.792359 ], [ 1.512002, 44.793588 ], [ 1.509662, 44.796324 ], [ 1.508890465780086, 44.797527349419653 ] ] ], [ [ [ 1.507349, 44.826632 ], [ 1.510846, 44.827488 ], [ 1.518681, 44.830412 ], [ 1.524522, 44.834302 ], [ 1.524821, 44.834682 ], [ 1.525399, 44.835195 ], [ 1.525764, 44.835463 ], [ 1.527642979469747, 44.843170050375925 ], [ 1.527792, 44.843074 ], [ 1.527995, 44.842647 ], [ 1.528086, 44.842487 ], [ 1.528596, 44.841522 ], [ 1.530894, 44.833505 ], [ 1.528777, 44.830625 ], [ 1.528917, 44.830511 ], [ 1.529303, 44.830263 ], [ 1.527658, 44.82153 ], [ 1.525893, 44.821245 ], [ 1.524059, 44.821439 ], [ 1.518687, 44.820717 ], [ 1.516583, 44.817796 ], [ 1.516235, 44.812377 ], [ 1.515944, 44.811253 ], [ 1.516507, 44.810876 ], [ 1.518274, 44.809409 ], [ 1.5211, 44.810009 ], [ 1.521884, 44.809973 ], [ 1.523181, 44.809878 ], [ 1.52488, 44.809834 ], [ 1.525613, 44.809885 ], [ 1.532578, 44.806798 ], [ 1.538314, 44.800959 ], [ 1.532427, 44.794156 ], [ 1.531872, 44.79409 ], [ 1.531444, 44.793958 ], [ 1.530759, 44.793668 ], [ 1.525708, 44.793273 ], [ 1.525166, 44.79338 ], [ 1.521966, 44.794696 ], [ 1.520282, 44.795637 ], [ 1.519249, 44.796239 ], [ 1.518427, 44.796832 ], [ 1.516549, 44.798269 ], [ 1.51509, 44.799174 ], [ 1.514019, 44.799871 ], [ 1.512109, 44.801254 ], [ 1.510911, 44.803206 ], [ 1.509075043564609, 44.803175931928664 ], [ 1.507881, 44.804671 ], [ 1.507382, 44.805697 ], [ 1.506853, 44.806857 ], [ 1.506287, 44.808187 ], [ 1.505675, 44.80973 ], [ 1.505083, 44.811156 ], [ 1.504664, 44.812108 ], [ 1.504116520916777, 44.813282654488688 ], [ 1.506359, 44.818299 ], [ 1.507349, 44.826632 ] ] ], [ [ [ 1.514058, 44.841894 ], [ 1.51351887021113, 44.842242064561511 ], [ 1.514652, 44.843946 ], [ 1.517031130713792, 44.846052395156029 ], [ 1.518654381587137, 44.84687472472956 ], [ 1.515688, 44.842182 ], [ 1.515143, 44.842128 ], [ 1.514058, 44.841894 ] ] ], [ [ [ 1.587862035143194, 44.889233830355963 ], [ 1.588122112800939, 44.889221150513521 ], [ 1.58888, 44.888587 ], [ 1.589441, 44.887814 ], [ 1.596599, 44.882738 ], [ 1.589787, 44.887054 ], [ 1.58193, 44.885822 ], [ 1.575833459271257, 44.887982836973038 ], [ 1.581851, 44.890859 ], [ 1.583672, 44.890397 ], [ 1.584683219726179, 44.890140446725155 ], [ 1.58557, 44.889144 ], [ 1.587862035143194, 44.889233830355963 ] ] ], [ [ [ 1.60571, 44.874668 ], [ 1.606880980077023, 44.874542349890611 ], [ 1.606958, 44.874303 ], [ 1.60633290123598, 44.872677894386129 ], [ 1.605352, 44.87281 ], [ 1.604544, 44.873034 ], [ 1.603786, 44.872965 ], [ 1.603055, 44.872613 ], [ 1.59891, 44.870834 ], [ 1.593035, 44.873443 ], [ 1.591554297873395, 44.87370775267032 ], [ 1.593731449327286, 44.879620543316243 ], [ 1.597152, 44.874318 ], [ 1.605321, 44.874701 ], [ 1.60571, 44.874668 ] ] ], [ [ [ 1.639669, 44.790664 ], [ 1.642948080019579, 44.794932175271171 ], [ 1.642717, 44.789228 ], [ 1.640289422376139, 44.7890390152251 ], [ 1.639669, 44.790664 ] ] ], [ [ [ 1.630978, 44.785962 ], [ 1.631387434077781, 44.78577631864011 ], [ 1.631452233257944, 44.785743503670666 ], [ 1.631452, 44.785743 ], [ 1.630978, 44.785962 ] ] ], [ [ [ 1.620783, 44.775655 ], [ 1.620846, 44.775479 ], [ 1.62082338600888, 44.775469657066402 ], [ 1.620783, 44.775655 ] ] ], [ [ [ 1.619159275040308, 44.765319110986177 ], [ 1.619965, 44.770839 ], [ 1.620064198337015, 44.770965963774856 ], [ 1.620216, 44.771143 ], [ 1.620285977236154, 44.771249818192835 ], [ 1.620358, 44.771342 ], [ 1.620431634146351, 44.771472159182231 ], [ 1.620556, 44.771662 ], [ 1.620619733185934, 44.771804651896304 ], [ 1.620698, 44.771943 ], [ 1.620829, 44.772272 ], [ 1.620828602859592, 44.772272158025089 ], [ 1.620833, 44.772282 ], [ 1.621047, 44.77312 ], [ 1.621108, 44.773485 ], [ 1.62117, 44.770609 ], [ 1.621603503018145, 44.765003047023527 ], [ 1.619159275040308, 44.765319110986177 ] ] ], [ [ [ 1.610811430873716, 44.782044797075152 ], [ 1.610175, 44.782786 ], [ 1.610749, 44.782473 ], [ 1.615418, 44.777298 ], [ 1.613550845740834, 44.772026035032944 ], [ 1.609665066976756, 44.771315302848741 ], [ 1.612017, 44.773776 ], [ 1.610811430873716, 44.782044797075152 ] ] ], [ [ [ 1.62206182261166, 44.890504832642733 ], [ 1.621595, 44.88811 ], [ 1.621559370389278, 44.888174297113608 ], [ 1.621552, 44.888239 ], [ 1.621383, 44.889637 ], [ 1.62206182261166, 44.890504832642733 ] ] ], [ [ [ 1.635837, 44.872855 ], [ 1.640426390475904, 44.872783352967417 ], [ 1.638461, 44.872656 ], [ 1.635837, 44.872855 ] ] ], [ [ [ 1.645929712317179, 44.856701753309814 ], [ 1.646050641039814, 44.856158269991681 ], [ 1.645753, 44.856453 ], [ 1.645929712317179, 44.856701753309814 ] ] ], [ [ [ 1.668594299781131, 44.869820415593765 ], [ 1.671486, 44.867622 ], [ 1.671482561377506, 44.867616284401741 ], [ 1.66976, 44.86866 ], [ 1.668594299781131, 44.869820415593765 ] ] ], [ [ [ 1.655393, 44.854722 ], [ 1.658063, 44.852307 ], [ 1.657351, 44.850866 ], [ 1.657273890980437, 44.850705502724772 ], [ 1.654035, 44.852271 ], [ 1.6508600856877, 44.85139586336264 ], [ 1.650779336302361, 44.851475822991283 ], [ 1.654121094093325, 44.852495891977298 ], [ 1.654126, 44.852501 ], [ 1.654545, 44.853696 ], [ 1.655134, 44.854436 ], [ 1.655393, 44.854722 ] ] ], [ [ [ 1.673001, 44.83743 ], [ 1.673292, 44.837652 ], [ 1.673320602700262, 44.83763971411441 ], [ 1.673001, 44.83743 ] ] ], [ [ [ 1.68363, 44.841878 ], [ 1.684549, 44.841106 ], [ 1.685058027685662, 44.841171158556897 ], [ 1.684746, 44.840861 ], [ 1.683634666274045, 44.838497222410517 ], [ 1.683143, 44.838486 ], [ 1.68269, 44.838417 ], [ 1.676811601039702, 44.838263022636582 ], [ 1.680689, 44.839734 ], [ 1.683256, 44.842258 ], [ 1.68363, 44.841878 ] ] ] ] } },
{ "type": "Feature", "properties": { "codgeo": "46240", "value": 900, "isochrone_group": 15.0, "nb_agences": 2 }, "geometry": { "type": "MultiPolygon", "coordinates": [ [ [ [ 1.541353, 44.759661 ], [ 1.541606319565212, 44.762815733299654 ], [ 1.543136, 44.762429 ], [ 1.545490978968426, 44.765182790772819 ], [ 1.546231, 44.764233 ], [ 1.544696, 44.757953 ], [ 1.544577, 44.757084 ], [ 1.544243, 44.756255 ], [ 1.543758, 44.755455 ], [ 1.542476364218305, 44.754405854445586 ], [ 1.541353, 44.759661 ] ] ], [ [ [ 1.559723, 44.755882 ], [ 1.559358, 44.75689 ], [ 1.559892, 44.758962 ], [ 1.561407, 44.760693 ], [ 1.562098, 44.761479 ], [ 1.562539, 44.761735 ], [ 1.563475, 44.762358 ], [ 1.567568, 44.767893 ], [ 1.565736, 44.764173 ], [ 1.568411, 44.761764 ], [ 1.569746, 44.763126 ], [ 1.570257, 44.763623 ], [ 1.57063, 44.76411 ], [ 1.571194116794516, 44.765028820032455 ], [ 1.573625, 44.757885 ], [ 1.573472, 44.757608 ], [ 1.572805, 44.756888 ], [ 1.572267, 44.756566 ], [ 1.571765, 44.756413 ], [ 1.563385, 44.753832 ], [ 1.56062, 44.755041 ], [ 1.559723, 44.755882 ] ] ], [ [ [ 1.519273, 44.764088 ], [ 1.514107, 44.770424 ], [ 1.507203, 44.768646 ], [ 1.501988, 44.76441 ], [ 1.501881, 44.764249 ], [ 1.501144, 44.763677 ], [ 1.499513, 44.76307 ], [ 1.499377, 44.763234 ], [ 1.49908, 44.7637 ], [ 1.498806, 44.764463 ], [ 1.498714, 44.764975 ], [ 1.498699, 44.765875 ], [ 1.499733, 44.771272 ], [ 1.499755, 44.771627 ], [ 1.500199, 44.774233 ], [ 1.501139, 44.781398 ], [ 1.494614, 44.78365 ], [ 1.493913, 44.784169 ], [ 1.493246, 44.784849 ], [ 1.493514, 44.787078 ], [ 1.494322, 44.787337 ], [ 1.494845, 44.787449 ], [ 1.496799, 44.78794 ], [ 1.500187, 44.79007 ], [ 1.502232, 44.79034 ], [ 1.502318, 44.790349 ], [ 1.504625, 44.790877 ], [ 1.508841, 44.794575 ], [ 1.508476977117766, 44.797911980844695 ], [ 1.508804, 44.797602 ], [ 1.508890465780086, 44.797527349419653 ], [ 1.509662, 44.796324 ], [ 1.512002, 44.793588 ], [ 1.51664, 44.792359 ], [ 1.516153, 44.78377 ], [ 1.515772, 44.783499 ], [ 1.514361, 44.782572 ], [ 1.507689, 44.783755 ], [ 1.506912, 44.784288 ], [ 1.506302, 44.784434 ], [ 1.505738, 44.784418 ], [ 1.505503, 44.784374 ], [ 1.504971, 44.784257 ], [ 1.504262, 44.784069 ], [ 1.503763, 44.783878 ], [ 1.503454, 44.783668 ], [ 1.502385, 44.780423 ], [ 1.505928, 44.773631 ], [ 1.508251, 44.77088 ], [ 1.514508, 44.772179 ], [ 1.515405, 44.772548 ], [ 1.516901, 44.77309 ], [ 1.518113, 44.773616 ], [ 1.518555, 44.773858 ], [ 1.521792, 44.774876 ], [ 1.528044, 44.771755 ], [ 1.533259, 44.767415 ], [ 1.535245, 44.764424 ], [ 1.538048989464888, 44.763715096314478 ], [ 1.538045, 44.763436 ], [ 1.537758, 44.759863 ], [ 1.537674, 44.7582 ], [ 1.537726, 44.75697 ], [ 1.537761, 44.756633 ], [ 1.537857, 44.755919 ], [ 1.538041, 44.754951 ], [ 1.538124164084005, 44.75463945954467 ], [ 1.537694, 44.754792 ], [ 1.536369, 44.758139 ], [ 1.528602, 44.761072 ], [ 1.521083, 44.763408 ], [ 1.520561, 44.763509 ], [ 1.520106, 44.763677 ], [ 1.519273, 44.764088 ] ] ], [ [ [ 1.579009436907458, 44.777820050692398 ], [ 1.579018, 44.777833 ], [ 1.579026686743816, 44.77783483814153 ], [ 1.579009436907458, 44.777820050692398 ] ] ], [ [ [ 1.585948, 44.779181 ], [ 1.588713, 44.778509 ], [ 1.585568, 44.779219 ], [ 1.585948, 44.779181 ] ] ], [ [ [ 1.594931, 44.786383 ], [ 1.598182, 44.786056 ], [ 1.599002, 44.785975 ], [ 1.5997, 44.785871 ], [ 1.600289, 44.785808 ], [ 1.601597, 44.785734 ], [ 1.603256176502162, 44.785319276214317 ], [ 1.598061, 44.779411 ], [ 1.59775, 44.778261 ], [ 1.597543, 44.777793 ], [ 1.594116, 44.776689 ], [ 1.589964, 44.778061 ], [ 1.589551703197395, 44.778208649054832 ], [ 1.59088, 44.781518 ], [ 1.593711859194176, 44.787116302862998 ], [ 1.594931, 44.786383 ] ] ], [ [ [ 1.493811, 44.799394 ], [ 1.493511, 44.799608 ], [ 1.493408, 44.799681 ], [ 1.493271, 44.80271 ], [ 1.494336, 44.803967 ], [ 1.49473, 44.804398 ], [ 1.495383, 44.804884 ], [ 1.496122, 44.805264 ], [ 1.498982, 44.813612 ], [ 1.497456, 44.816077 ], [ 1.496974, 44.817347 ], [ 1.496907, 44.817526 ], [ 1.496859, 44.817974 ], [ 1.497033712114405, 44.818586753209473 ], [ 1.497195, 44.81834 ], [ 1.498114, 44.816883 ], [ 1.499359, 44.814724 ], [ 1.500071, 44.813372 ], [ 1.500769, 44.811943 ], [ 1.501369, 44.810656 ], [ 1.501759, 44.809773 ], [ 1.502329, 44.808403 ], [ 1.502975, 44.806775 ], [ 1.503579, 44.805362 ], [ 1.504146, 44.804121 ], [ 1.504708, 44.80297 ], [ 1.505106, 44.802231 ], [ 1.505645, 44.801323 ], [ 1.505725944136216, 44.801203164735817 ], [ 1.500511, 44.802894 ], [ 1.498213, 44.802208 ], [ 1.496048, 44.800374 ], [ 1.495275, 44.799655 ], [ 1.494795, 44.79942 ], [ 1.494388, 44.799288 ], [ 1.493811, 44.799394 ] ] ], [ [ [ 1.503016396389091, 44.815502641991387 ], [ 1.503682, 44.814952 ], [ 1.504136, 44.814715 ], [ 1.504576119412642, 44.814310759887285 ], [ 1.504116520916777, 44.813282654488688 ], [ 1.504032, 44.813464 ], [ 1.503307, 44.81495 ], [ 1.503016396389091, 44.815502641991387 ] ] ], [ [ [ 1.507402222188234, 44.826781478296446 ], [ 1.510945179837318, 44.827525013636787 ], [ 1.510846, 44.827488 ], [ 1.507420336883643, 44.826649461930906 ], [ 1.507402222188234, 44.826781478296446 ] ] ], [ [ [ 1.525728, 44.842446 ], [ 1.526986286897826, 44.840476480374321 ], [ 1.525764, 44.835463 ], [ 1.525399, 44.835195 ], [ 1.524821, 44.834682 ], [ 1.524522, 44.834302 ], [ 1.518681, 44.830412 ], [ 1.510992797041842, 44.827542784243825 ], [ 1.512226, 44.829801 ], [ 1.512615, 44.831334 ], [ 1.512629, 44.834967 ], [ 1.5112428591825, 44.837412099819296 ], [ 1.513701449178805, 44.842124190777426 ], [ 1.514058, 44.841894 ], [ 1.515143, 44.842128 ], [ 1.515688, 44.842182 ], [ 1.519537, 44.848271 ], [ 1.524485, 44.84373 ], [ 1.525728, 44.842446 ] ] ], [ [ [ 1.557367, 44.853585 ], [ 1.558089, 44.860818 ], [ 1.55899, 44.856532 ], [ 1.559467, 44.854827 ], [ 1.560351, 44.851852 ], [ 1.559228562632422, 44.850662685994358 ], [ 1.556989035852866, 44.852403901909838 ], [ 1.557367, 44.853585 ] ] ], [ [ [ 1.557779, 44.868739 ], [ 1.560011478793771, 44.869551333291561 ], [ 1.560024, 44.869521 ], [ 1.559578, 44.864094 ], [ 1.558089, 44.860818 ], [ 1.557506920875483, 44.868501255456913 ], [ 1.557779, 44.868739 ] ] ], [ [ [ 1.607832, 44.78411 ], [ 1.610175, 44.782786 ], [ 1.610811430873716, 44.782044797075152 ], [ 1.611858047583931, 44.774866228046193 ], [ 1.60923, 44.772175 ], [ 1.605479, 44.772595 ], [ 1.605065, 44.772705 ], [ 1.604624, 44.772757 ], [ 1.610697, 44.777304 ], [ 1.607494, 44.78426 ], [ 1.607832, 44.78411 ] ] ], [ [ [ 1.67479698703935, 44.838676058966726 ], [ 1.676794, 44.84238 ], [ 1.677326, 44.844629 ], [ 1.67812, 44.845727 ], [ 1.679482, 44.845188 ], [ 1.680046, 44.844946 ], [ 1.680445, 44.844775 ], [ 1.680812, 44.844571 ], [ 1.681282345864928, 44.844126609676117 ], [ 1.678799, 44.841572 ], [ 1.67479698703935, 44.838676058966726 ] ] ], [ [ [ 1.64902862502626, 44.850941419725714 ], [ 1.64902713049357, 44.850941866347412 ], [ 1.654126, 44.852501 ], [ 1.654121094093325, 44.852495891977298 ], [ 1.64902862502626, 44.850941419725714 ] ] ], [ [ [ 1.656353, 44.84905 ], [ 1.656737, 44.849588 ], [ 1.657265, 44.85068 ], [ 1.657262272146351, 44.850681318897465 ], [ 1.657351, 44.850866 ], [ 1.658063, 44.852307 ], [ 1.655531788097037, 44.854596466945956 ], [ 1.657194, 44.855267 ], [ 1.657673, 44.855126 ], [ 1.658445, 44.854862 ], [ 1.659023, 44.8546 ], [ 1.660172, 44.85416 ], [ 1.658884, 44.850798 ], [ 1.656353, 44.84905 ] ] ], [ [ [ 1.673089, 44.866284 ], [ 1.672394, 44.866986 ], [ 1.677911371680462, 44.86188690942943 ], [ 1.677903, 44.861889 ], [ 1.675733, 44.863557 ], [ 1.673089, 44.866284 ] ] ], [ [ [ 1.665908962244304, 44.871861943922667 ], [ 1.66569, 44.872044 ], [ 1.664466, 44.87393 ], [ 1.664311095082508, 44.87415298590436 ], [ 1.664381, 44.874062 ], [ 1.668636381528046, 44.869788422938363 ], [ 1.665908962244304, 44.871861943922667 ] ] ], [ [ [ 1.654264, 44.872353 ], [ 1.653293, 44.872417 ], [ 1.65283, 44.872407 ], [ 1.645365, 44.872785 ], [ 1.644938, 44.872845 ], [ 1.648437342997846, 44.872650789124037 ], [ 1.654314986906445, 44.877417989380156 ], [ 1.655231, 44.876603 ], [ 1.658530686727276, 44.871625336161117 ], [ 1.657906, 44.871593 ], [ 1.656109, 44.871968 ], [ 1.654264, 44.872353 ] ] ], [ [ [ 1.663749892251766, 44.87488342875325 ], [ 1.663597533703597, 44.875026218167868 ], [ 1.663319244501084, 44.875287028951398 ], [ 1.663615, 44.875059 ], [ 1.663749892251766, 44.87488342875325 ] ] ], [ [ [ 1.660110310201334, 44.87769852578657 ], [ 1.662401, 44.875995 ], [ 1.662573543640496, 44.875861968000407 ], [ 1.662058, 44.87614 ], [ 1.660129685279343, 44.87761401556461 ], [ 1.660110310201334, 44.87769852578657 ] ] ], [ [ [ 1.597641, 44.880182 ], [ 1.597494, 44.879369 ], [ 1.602223066098613, 44.874555754721001 ], [ 1.597152, 44.874318 ], [ 1.593731449327286, 44.879620543316243 ], [ 1.593799, 44.879804 ], [ 1.594228, 44.879875 ], [ 1.597641, 44.880182 ] ] ], [ [ [ 1.626694, 44.879401 ], [ 1.630783, 44.873235 ], [ 1.625383, 44.87923 ], [ 1.62593, 44.882788 ], [ 1.623421, 44.885545 ], [ 1.622769763100463, 44.886852586551946 ], [ 1.626385, 44.882983 ], [ 1.626694, 44.879401 ] ] ], [ [ [ 1.627875815723095, 44.896023296349874 ], [ 1.624889048988546, 44.89411926636398 ], [ 1.626684, 44.896414 ], [ 1.627875815723095, 44.896023296349874 ] ] ] ] } },
{ "type": "Feature", "properties": { "codgeo": "46240", "value": 960, "isochrone_group": 16.0, "nb_agences": 2 }, "geometry": { "type": "MultiPolygon", "coordinates": [ [ [ [ 1.586207, 44.761182 ], [ 1.586799, 44.761104 ], [ 1.589536, 44.760364 ], [ 1.589549307264967, 44.76034498583833 ], [ 1.586207, 44.761182 ] ] ], [ [ [ 1.578547692748438, 44.759753055684882 ], [ 1.578874843222999, 44.759937648969398 ], [ 1.578816, 44.759888 ], [ 1.578547692748438, 44.759753055684882 ] ] ], [ [ [ 1.578053712210912, 44.75958602366866 ], [ 1.578344503484886, 44.759650862263534 ], [ 1.578307, 44.759632 ], [ 1.578053712210912, 44.75958602366866 ] ] ], [ [ [ 1.567917, 44.749225 ], [ 1.565739, 44.750397 ], [ 1.564915, 44.75089 ], [ 1.564065, 44.751665 ], [ 1.559214, 44.755346 ], [ 1.558412, 44.755478 ], [ 1.553011, 44.748553 ], [ 1.550909, 44.745631 ], [ 1.550233, 44.746043 ], [ 1.549925, 44.746243 ], [ 1.547526, 44.747758 ], [ 1.546967039379542, 44.747908903268915 ], [ 1.546404, 44.748357 ], [ 1.54583, 44.748859 ], [ 1.545142, 44.749517 ], [ 1.544538, 44.75016 ], [ 1.544013, 44.750795 ], [ 1.542906, 44.752396 ], [ 1.542476364218305, 44.754405854445586 ], [ 1.543758, 44.755455 ], [ 1.544243, 44.756255 ], [ 1.544577, 44.757084 ], [ 1.544696, 44.757953 ], [ 1.546231, 44.764233 ], [ 1.545215, 44.765537 ], [ 1.543221, 44.768592 ], [ 1.542391, 44.771345 ], [ 1.542141, 44.773107 ], [ 1.547019, 44.780164 ], [ 1.548213, 44.780434 ], [ 1.548763, 44.780533 ], [ 1.553582, 44.781065 ], [ 1.554328, 44.780946 ], [ 1.554969, 44.781035 ], [ 1.555791, 44.781344 ], [ 1.560386, 44.782076 ], [ 1.564267, 44.781816 ], [ 1.56784, 44.77968 ], [ 1.569458, 44.772187 ], [ 1.568693, 44.77072 ], [ 1.568283, 44.770115 ], [ 1.567948, 44.769372 ], [ 1.567855, 44.769002 ], [ 1.567568, 44.767893 ], [ 1.563475, 44.762358 ], [ 1.562539, 44.761735 ], [ 1.562098, 44.761479 ], [ 1.561407, 44.760693 ], [ 1.559892, 44.758962 ], [ 1.559358, 44.75689 ], [ 1.559723, 44.755882 ], [ 1.56062, 44.755041 ], [ 1.563385, 44.753832 ], [ 1.571765, 44.756413 ], [ 1.572267, 44.756566 ], [ 1.572805, 44.756888 ], [ 1.573472, 44.757608 ], [ 1.573786, 44.749265 ], [ 1.571175, 44.746785 ], [ 1.567917, 44.749225 ] ] ], [ [ [ 1.53163, 44.750201 ], [ 1.530456, 44.749038 ], [ 1.52857, 44.747585 ], [ 1.526373, 44.750437 ], [ 1.526993, 44.757974 ], [ 1.523711, 44.759455 ], [ 1.519125, 44.764167 ], [ 1.518435, 44.764582 ], [ 1.51779, 44.765038 ], [ 1.514012, 44.766925 ], [ 1.511829, 44.767618 ], [ 1.504468, 44.762842 ], [ 1.504460098004191, 44.762825910884821 ], [ 1.504272, 44.763442 ], [ 1.503635202923272, 44.765747977293003 ], [ 1.507203, 44.768646 ], [ 1.514107, 44.770424 ], [ 1.519273, 44.764088 ], [ 1.520106, 44.763677 ], [ 1.520561, 44.763509 ], [ 1.521083, 44.763408 ], [ 1.528602, 44.761072 ], [ 1.536369, 44.758139 ], [ 1.537694, 44.754792 ], [ 1.538124164084005, 44.75463945954467 ], [ 1.538297, 44.753992 ], [ 1.538624, 44.753027 ], [ 1.53902, 44.752071 ], [ 1.53939, 44.751316 ], [ 1.53987, 44.750462 ], [ 1.540429576598631, 44.74959287038935 ], [ 1.532029, 44.750499 ], [ 1.53163, 44.750201 ] ] ], [ [ [ 1.49484, 44.770084 ], [ 1.495236, 44.771168 ], [ 1.495519, 44.771521 ], [ 1.496072, 44.771849 ], [ 1.499397, 44.775673 ], [ 1.499375, 44.781265 ], [ 1.492989, 44.782017 ], [ 1.490383, 44.780927 ], [ 1.490069, 44.780676 ], [ 1.488257, 44.777638 ], [ 1.486976322772207, 44.777257159859175 ], [ 1.48664, 44.77785 ], [ 1.486151, 44.77819 ], [ 1.484836128223101, 44.778027881843748 ], [ 1.484742, 44.778083 ], [ 1.484668, 44.778202 ], [ 1.484572, 44.779393 ], [ 1.485983, 44.781986 ], [ 1.486406, 44.782494 ], [ 1.489134, 44.786747 ], [ 1.490762, 44.789958 ], [ 1.489861, 44.798839 ], [ 1.488498, 44.799375 ], [ 1.48798, 44.799533 ], [ 1.487441, 44.799761 ], [ 1.48657, 44.800188 ], [ 1.482216, 44.801186 ], [ 1.480079, 44.80231 ], [ 1.480051, 44.802684 ], [ 1.480337, 44.803807 ], [ 1.481282, 44.804619 ], [ 1.482216, 44.804786 ], [ 1.485891, 44.804549 ], [ 1.487455, 44.803969 ], [ 1.49473, 44.804398 ], [ 1.494336, 44.803967 ], [ 1.493271, 44.80271 ], [ 1.493408, 44.799681 ], [ 1.493511, 44.799608 ], [ 1.493811, 44.799394 ], [ 1.494388, 44.799288 ], [ 1.494795, 44.79942 ], [ 1.495275, 44.799655 ], [ 1.496048, 44.800374 ], [ 1.498213, 44.802208 ], [ 1.500511, 44.802894 ], [ 1.505725944136216, 44.801203164735817 ], [ 1.506157, 44.800565 ], [ 1.506695, 44.799843 ], [ 1.507439, 44.798961 ], [ 1.508094, 44.798275 ], [ 1.508476977117766, 44.797911980844695 ], [ 1.508841, 44.794575 ], [ 1.504625, 44.790877 ], [ 1.502318, 44.790349 ], [ 1.502232, 44.79034 ], [ 1.500187, 44.79007 ], [ 1.496799, 44.78794 ], [ 1.494845, 44.787449 ], [ 1.494322, 44.787337 ], [ 1.493514, 44.787078 ], [ 1.493246, 44.784849 ], [ 1.493913, 44.784169 ], [ 1.494614, 44.78365 ], [ 1.501139, 44.781398 ], [ 1.500199, 44.774233 ], [ 1.499755, 44.771627 ], [ 1.499733, 44.771272 ], [ 1.498773653001049, 44.7662646540103 ], [ 1.49618047556596, 44.76492087876197 ], [ 1.495997, 44.76825 ], [ 1.49484, 44.770084 ] ] ], [ [ [ 1.492561, 44.816244 ], [ 1.491897, 44.816553 ], [ 1.491101, 44.816934 ], [ 1.490467, 44.81717 ], [ 1.490372, 44.817224 ], [ 1.489924, 44.817534 ], [ 1.488943, 44.818256 ], [ 1.488598, 44.81869 ], [ 1.488248, 44.819363 ], [ 1.48806, 44.819694 ], [ 1.487941, 44.819958 ], [ 1.487651, 44.820647 ], [ 1.487519, 44.821404 ], [ 1.487543, 44.82198 ], [ 1.487723, 44.822629 ], [ 1.488154, 44.823303 ], [ 1.488961, 44.82393 ], [ 1.49166, 44.824132 ], [ 1.49416998113425, 44.823779212242407 ], [ 1.494411, 44.823105 ], [ 1.494717, 44.822401 ], [ 1.495096, 44.821641 ], [ 1.495606, 44.820771 ], [ 1.497033712114405, 44.818586753209473 ], [ 1.496859, 44.817974 ], [ 1.496907, 44.817526 ], [ 1.496974, 44.817347 ], [ 1.497456, 44.816077 ], [ 1.498982, 44.813612 ], [ 1.498831356638212, 44.813172289935579 ], [ 1.493718, 44.816055 ], [ 1.493311, 44.816063 ], [ 1.492561, 44.816244 ] ] ], [ [ [ 1.55423, 44.860022 ], [ 1.553501754030332, 44.861465961391282 ], [ 1.553397316462094, 44.862234022431238 ], [ 1.557478083127378, 44.868881904368983 ], [ 1.558089, 44.860818 ], [ 1.557400932802887, 44.853924939007307 ], [ 1.555286, 44.853728 ], [ 1.554428, 44.857611 ], [ 1.554614, 44.858821 ], [ 1.55423, 44.860022 ] ] ], [ [ [ 1.604624, 44.772757 ], [ 1.604222, 44.772755 ], [ 1.609364254654249, 44.77630614176072 ], [ 1.604624, 44.772757 ] ] ], [ [ [ 1.610133175883918, 44.776881851431611 ], [ 1.607494, 44.78426 ], [ 1.610697, 44.777304 ], [ 1.610133175883918, 44.776881851431611 ] ] ], [ [ [ 1.596961, 44.776428 ], [ 1.593838, 44.775846 ], [ 1.593824, 44.775798 ], [ 1.593833, 44.774747 ], [ 1.593856, 44.772437 ], [ 1.594071252187477, 44.770887506725337 ], [ 1.593876, 44.772057 ], [ 1.593187, 44.774283 ], [ 1.588713, 44.778509 ], [ 1.589964, 44.778061 ], [ 1.594116, 44.776689 ], [ 1.597543, 44.777793 ], [ 1.59775, 44.778261 ], [ 1.598061, 44.779411 ], [ 1.598692122157107, 44.775334147253886 ], [ 1.597287, 44.776104 ], [ 1.596961, 44.776428 ] ] ], [ [ [ 1.579476769826909, 44.765749650354117 ], [ 1.578946, 44.765349 ], [ 1.578339, 44.764927 ], [ 1.578009, 44.764508 ], [ 1.576781, 44.762902 ], [ 1.576844, 44.759623 ], [ 1.577305, 44.759545 ], [ 1.577738825403761, 44.759528865997382 ], [ 1.577701, 44.759522 ], [ 1.573472, 44.757608 ], [ 1.573625, 44.757885 ], [ 1.571028, 44.765517 ], [ 1.572471, 44.769839 ], [ 1.573777, 44.772402 ], [ 1.58016775844609, 44.766276231537979 ], [ 1.579467, 44.765763 ], [ 1.579476769826909, 44.765749650354117 ] ] ], [ [ [ 1.6523, 44.880615 ], [ 1.65336, 44.87865 ], [ 1.65395, 44.877822 ], [ 1.654288, 44.877442 ], [ 1.654314986906445, 44.877417989380156 ], [ 1.648437342997846, 44.872650789124037 ], [ 1.648208265567875, 44.872663502747258 ], [ 1.650417, 44.880695 ], [ 1.650214584899146, 44.880969584053688 ], [ 1.6523, 44.880615 ] ] ], [ [ [ 1.676290461212117, 44.852012301973069 ], [ 1.674968, 44.84664 ], [ 1.674441, 44.846333 ], [ 1.673784, 44.845333 ], [ 1.674541, 44.843302 ], [ 1.674005898364337, 44.837273714783471 ], [ 1.673789, 44.837194 ], [ 1.672456398599159, 44.835983939415399 ], [ 1.667808819776208, 44.832332220246663 ], [ 1.660594, 44.835473 ], [ 1.660287, 44.835958 ], [ 1.658051, 44.838679 ], [ 1.655815, 44.841399 ], [ 1.656353, 44.84905 ], [ 1.658884, 44.850798 ], [ 1.660172, 44.85416 ], [ 1.659023, 44.8546 ], [ 1.658445, 44.854862 ], [ 1.657673, 44.855126 ], [ 1.657194, 44.855267 ], [ 1.655134, 44.854436 ], [ 1.655048717867067, 44.854328854366081 ], [ 1.655046, 44.854331 ], [ 1.654545, 44.853696 ], [ 1.654126, 44.852501 ], [ 1.651227610267462, 44.851614729628778 ], [ 1.646973030037721, 44.851979984578513 ], [ 1.64582, 44.857055 ], [ 1.645154, 44.860593 ], [ 1.644895609670574, 44.860578380128949 ], [ 1.647755, 44.868828 ], [ 1.649682, 44.868188 ], [ 1.650428, 44.868017 ], [ 1.650924, 44.868038 ], [ 1.651369, 44.868137 ], [ 1.655374, 44.868444 ], [ 1.657267, 44.86805 ], [ 1.657994, 44.86792 ], [ 1.658743, 44.867817 ], [ 1.659352, 44.867758 ], [ 1.660295709865251, 44.867690669102082 ], [ 1.660341, 44.867207 ], [ 1.660565, 44.864994 ], [ 1.660639, 44.864692 ], [ 1.661035, 44.862655 ], [ 1.664568, 44.863342 ], [ 1.669686759013527, 44.858703655404859 ], [ 1.670153, 44.857763 ], [ 1.674125, 44.853377 ], [ 1.676290461212117, 44.852012301973069 ] ] ] ] } },
{ "type": "Feature", "properties": { "codgeo": "46240", "value": 1020, "isochrone_group": 17.0, "nb_agences": 2 }, "geometry": { "type": "MultiPolygon", "coordinates": [ [ [ [ 1.582151, 44.747364 ], [ 1.584233, 44.745673 ], [ 1.58448, 44.745484 ], [ 1.585252, 44.744952 ], [ 1.583208, 44.741988 ], [ 1.580795, 44.743053 ], [ 1.577045, 44.744138 ], [ 1.575286, 44.744395 ], [ 1.574942, 44.74446 ], [ 1.574089, 44.744756 ], [ 1.572446, 44.745682 ], [ 1.571386, 44.746574 ], [ 1.563624, 44.742364 ], [ 1.56267, 44.738893 ], [ 1.561796, 44.739133 ], [ 1.559164, 44.74003 ], [ 1.557523, 44.740947 ], [ 1.556808, 44.741291 ], [ 1.556416, 44.741533 ], [ 1.55604, 44.741852 ], [ 1.552799, 44.744057 ], [ 1.552358, 44.744252 ], [ 1.552181777939588, 44.7442287280019 ], [ 1.551704, 44.744614 ], [ 1.550554, 44.745441 ], [ 1.547994, 44.747161 ], [ 1.547031, 44.747858 ], [ 1.546967039379542, 44.747908903268915 ], [ 1.547526, 44.747758 ], [ 1.549925, 44.746243 ], [ 1.550233, 44.746043 ], [ 1.550909, 44.745631 ], [ 1.553011, 44.748553 ], [ 1.558412, 44.755478 ], [ 1.559214, 44.755346 ], [ 1.564065, 44.751665 ], [ 1.564915, 44.75089 ], [ 1.565739, 44.750397 ], [ 1.567917, 44.749225 ], [ 1.571175, 44.746785 ], [ 1.573786, 44.749265 ], [ 1.573785918795623, 44.749267157605466 ], [ 1.577198, 44.747735 ], [ 1.578275, 44.747683 ], [ 1.578745, 44.747622 ], [ 1.579386, 44.747498 ], [ 1.582151, 44.747364 ] ] ], [ [ [ 1.542817, 44.742155 ], [ 1.539865, 44.744217 ], [ 1.53206, 44.744014 ], [ 1.530542348289959, 44.744006187121194 ], [ 1.529874, 44.746224 ], [ 1.530382948324421, 44.748981719997559 ], [ 1.530456, 44.749038 ], [ 1.53163, 44.750201 ], [ 1.532029, 44.750499 ], [ 1.540429576598631, 44.74959287038935 ], [ 1.540575, 44.749367 ], [ 1.541248, 44.748489 ], [ 1.541923, 44.747686 ], [ 1.542658, 44.746912 ], [ 1.543466, 44.746144 ], [ 1.544169, 44.745534 ], [ 1.544923, 44.74494 ], [ 1.545987, 44.744172 ], [ 1.546935090382176, 44.743535847084729 ], [ 1.543453, 44.743076 ], [ 1.542817, 44.742155 ] ] ], [ [ [ 1.521749, 44.755 ], [ 1.519121, 44.757372 ], [ 1.517894, 44.764043 ], [ 1.511829, 44.767618 ], [ 1.514012, 44.766925 ], [ 1.51779, 44.765038 ], [ 1.518435, 44.764582 ], [ 1.519125, 44.764167 ], [ 1.523711, 44.759455 ], [ 1.526993, 44.757974 ], [ 1.526373048481506, 44.750437589363095 ], [ 1.52631, 44.750389 ], [ 1.525408, 44.749625 ], [ 1.521650180664228, 44.749541531953028 ], [ 1.521749, 44.755 ] ] ], [ [ [ 1.507291585682846, 44.763368478117393 ], [ 1.507269423730893, 44.764659633438207 ], [ 1.511829, 44.767618 ], [ 1.507291585682846, 44.763368478117393 ] ] ], [ [ [ 1.485572511245766, 44.766366682361856 ], [ 1.485244, 44.77185 ], [ 1.488623, 44.774146 ], [ 1.489159, 44.777706 ], [ 1.492232633393472, 44.781700637912081 ], [ 1.492989, 44.782017 ], [ 1.499375, 44.781265 ], [ 1.499397, 44.775673 ], [ 1.496072, 44.771849 ], [ 1.495519, 44.771521 ], [ 1.495236, 44.771168 ], [ 1.49484, 44.770084 ], [ 1.495997, 44.76825 ], [ 1.496102506740105, 44.766335604873866 ], [ 1.490954, 44.761674 ], [ 1.4902, 44.761798 ], [ 1.486991615442371, 44.763824422776935 ], [ 1.485572511245766, 44.766366682361856 ] ] ], [ [ [ 1.477746, 44.797794 ], [ 1.475477, 44.796586 ], [ 1.475001, 44.796255 ], [ 1.473446, 44.795521 ], [ 1.47289, 44.795452 ], [ 1.471039, 44.797006 ], [ 1.471064, 44.797376 ], [ 1.471101, 44.797767 ], [ 1.472773, 44.799198 ], [ 1.473271, 44.799654 ], [ 1.47374, 44.800104 ], [ 1.474399, 44.800475 ], [ 1.475650446543291, 44.801244353008734 ], [ 1.475728, 44.801114 ], [ 1.47576, 44.801123 ], [ 1.47649, 44.801522 ], [ 1.477766882884309, 44.802545476636787 ], [ 1.478285, 44.802864 ], [ 1.481282, 44.804619 ], [ 1.480337, 44.803807 ], [ 1.480051, 44.802684 ], [ 1.480079, 44.80231 ], [ 1.482216, 44.801186 ], [ 1.48657, 44.800188 ], [ 1.487441, 44.799761 ], [ 1.48798, 44.799533 ], [ 1.488498, 44.799375 ], [ 1.489861, 44.798839 ], [ 1.490479613426626, 44.79274143524767 ], [ 1.48725, 44.796587 ], [ 1.478631, 44.798137 ], [ 1.478235, 44.797968 ], [ 1.477746, 44.797794 ] ] ], [ [ [ 1.498791657953501, 44.813194670498099 ], [ 1.49927, 44.812925 ], [ 1.498492, 44.807369 ], [ 1.496122, 44.805264 ], [ 1.495383, 44.804884 ], [ 1.49473, 44.804398 ], [ 1.487455, 44.803969 ], [ 1.485891, 44.804549 ], [ 1.482216, 44.804786 ], [ 1.486757, 44.806543 ], [ 1.489682, 44.805061 ], [ 1.495959, 44.806984 ], [ 1.498791657953501, 44.813194670498099 ] ] ], [ [ [ 1.487941, 44.819958 ], [ 1.48806, 44.819694 ], [ 1.488248, 44.819363 ], [ 1.488598, 44.81869 ], [ 1.488943, 44.818256 ], [ 1.489924, 44.817534 ], [ 1.490372, 44.817224 ], [ 1.486592, 44.818015 ], [ 1.484089761779428, 44.818888685369096 ], [ 1.486557, 44.82082 ], [ 1.487583, 44.821009 ], [ 1.487587413204848, 44.821011660635847 ], [ 1.487651, 44.820647 ], [ 1.487941, 44.819958 ] ] ], [ [ [ 1.584998, 44.767085 ], [ 1.584482, 44.767445 ], [ 1.583983, 44.767635 ], [ 1.583566, 44.767704 ], [ 1.583123, 44.767702 ], [ 1.582705, 44.76763 ], [ 1.58123, 44.767227 ], [ 1.580068189725557, 44.766371671685377 ], [ 1.573777, 44.772402 ], [ 1.574103, 44.773614 ], [ 1.574239, 44.774271 ], [ 1.579691, 44.779068 ], [ 1.580674, 44.779247 ], [ 1.582314, 44.779487 ], [ 1.585568, 44.779219 ], [ 1.585948, 44.779181 ], [ 1.588713, 44.778509 ], [ 1.593187, 44.774283 ], [ 1.593876, 44.772057 ], [ 1.594071252187477, 44.770887506725337 ], [ 1.594123, 44.770515 ], [ 1.588699, 44.764689 ], [ 1.585843057592009, 44.766158046517823 ], [ 1.584998, 44.767085 ] ] ], [ [ [ 1.634063, 44.893995 ], [ 1.634461, 44.893636 ], [ 1.634779, 44.893401 ], [ 1.635497, 44.893005 ], [ 1.638225, 44.890528 ], [ 1.637823, 44.883333 ], [ 1.640433, 44.880848 ], [ 1.640986, 44.880933 ], [ 1.641938, 44.881192 ], [ 1.642515, 44.881411 ], [ 1.643431, 44.882123 ], [ 1.650214584899146, 44.880969584053688 ], [ 1.650214584899148, 44.880969584053688 ], [ 1.650417, 44.880695 ], [ 1.648202169572972, 44.872641336222557 ], [ 1.645365, 44.872785 ], [ 1.644938, 44.872845 ], [ 1.643375, 44.872759 ], [ 1.641089, 44.872808 ], [ 1.640637, 44.872797 ], [ 1.638461, 44.872656 ], [ 1.635837, 44.872855 ], [ 1.633309, 44.873045 ], [ 1.630783, 44.873235 ], [ 1.626694, 44.879401 ], [ 1.626385, 44.882983 ], [ 1.624873, 44.888242 ], [ 1.626684, 44.896414 ], [ 1.634063, 44.893995 ] ] ], [ [ [ 1.578874843223001, 44.759937648969398 ], [ 1.578918, 44.759962 ], [ 1.579184128246186, 44.759962471380994 ], [ 1.578816, 44.759888 ], [ 1.578874843223001, 44.759937648969398 ] ] ], [ [ [ 1.578053712210912, 44.75958602366866 ], [ 1.578307, 44.759632 ], [ 1.578269675296713, 44.759625224888843 ], [ 1.577560160224746, 44.75940996313907 ], [ 1.577789, 44.759527 ], [ 1.578053712210912, 44.75958602366866 ] ] ], [ [ [ 1.578381, 44.759659 ], [ 1.578329795485528, 44.759643464920053 ], [ 1.578344503484886, 44.759650862263534 ], [ 1.578381, 44.759659 ] ] ] ] } },
{ "type": "Feature", "properties": { "codgeo": "46240", "value": 1080, "isochrone_group": 18.0, "nb_agences": 2 }, "geometry": { "type": "MultiPolygon", "coordinates": [ [ [ [ 1.585473, 44.741503 ], [ 1.585651, 44.740816 ], [ 1.585718, 44.740697 ], [ 1.588827, 44.740663 ], [ 1.58922, 44.741131 ], [ 1.589649, 44.74192 ], [ 1.589943, 44.742374 ], [ 1.590313, 44.743095 ], [ 1.591931843069037, 44.745024684178759 ], [ 1.591497, 44.737915 ], [ 1.589638, 44.734832 ], [ 1.587847, 44.734913 ], [ 1.587065, 44.735555 ], [ 1.586386, 44.736491 ], [ 1.585822, 44.737705 ], [ 1.585663, 44.73809 ], [ 1.581539201481826, 44.742724539752103 ], [ 1.583208, 44.741988 ], [ 1.585252, 44.744952 ], [ 1.58448, 44.745484 ], [ 1.584233, 44.745673 ], [ 1.582151, 44.747364 ], [ 1.579386, 44.747498 ], [ 1.578745, 44.747622 ], [ 1.578275, 44.747683 ], [ 1.577198, 44.747735 ], [ 1.573764, 44.749277 ], [ 1.573481946488679, 44.757324218502788 ], [ 1.577560160224746, 44.75940996313907 ], [ 1.577849462232046, 44.759497735279183 ], [ 1.585766, 44.755666 ], [ 1.58592105859894, 44.754218242344642 ], [ 1.585383, 44.75298 ], [ 1.586127472876996, 44.752290984822146 ], [ 1.586526, 44.74857 ], [ 1.585743, 44.742537 ], [ 1.585489, 44.74172 ], [ 1.585473, 44.741503 ] ] ], [ [ [ 1.573823, 44.734516 ], [ 1.571765, 44.731562 ], [ 1.571437, 44.731791 ], [ 1.570243, 44.732707 ], [ 1.569017, 44.733646 ], [ 1.567628, 44.734854 ], [ 1.566941, 44.735498 ], [ 1.565416, 44.736883 ], [ 1.557843, 44.738704 ], [ 1.557358, 44.738736 ], [ 1.556406397787148, 44.739034298645251 ], [ 1.556386, 44.739083 ], [ 1.555929, 44.739945 ], [ 1.555282, 44.740962 ], [ 1.554672, 44.74177 ], [ 1.554025, 44.74252 ], [ 1.55337, 44.743193 ], [ 1.552644, 44.743856 ], [ 1.552181777939588, 44.7442287280019 ], [ 1.552358, 44.744252 ], [ 1.552799, 44.744057 ], [ 1.55604, 44.741852 ], [ 1.556416, 44.741533 ], [ 1.556808, 44.741291 ], [ 1.557523, 44.740947 ], [ 1.559164, 44.74003 ], [ 1.561796, 44.739133 ], [ 1.56267, 44.738893 ], [ 1.563624, 44.742364 ], [ 1.571386, 44.746574 ], [ 1.572446, 44.745682 ], [ 1.574089, 44.744756 ], [ 1.574942, 44.74446 ], [ 1.575286, 44.744395 ], [ 1.5715, 44.736253 ], [ 1.572273, 44.73571 ], [ 1.573495, 44.734744 ], [ 1.573823, 44.734516 ] ] ], [ [ [ 1.544183, 44.738147 ], [ 1.543568652169751, 44.738094283684553 ], [ 1.543702, 44.738712 ], [ 1.544714, 44.739742 ], [ 1.544853, 44.740673 ], [ 1.544726, 44.741237 ], [ 1.544512, 44.74178 ], [ 1.54296881623067, 44.74237484708874 ], [ 1.543453, 44.743076 ], [ 1.546935090382176, 44.743535847084729 ], [ 1.548458, 44.742514 ], [ 1.549452, 44.741805 ], [ 1.549894151575234, 44.741075691778086 ], [ 1.549303, 44.741261 ], [ 1.544183, 44.738147 ] ] ], [ [ [ 1.539865, 44.744217 ], [ 1.542012846249553, 44.742716709022169 ], [ 1.541529, 44.74285 ], [ 1.540693, 44.742792 ], [ 1.538719110383219, 44.744187196592932 ], [ 1.539865, 44.744217 ] ] ], [ [ [ 1.509828, 44.760405 ], [ 1.510088327765706, 44.7659877709239 ], [ 1.511829, 44.767618 ], [ 1.517894, 44.764043 ], [ 1.519121, 44.757372 ], [ 1.521749, 44.755 ], [ 1.521725465813613, 44.753700045862445 ], [ 1.520134, 44.753418 ], [ 1.518117, 44.7564 ], [ 1.517143, 44.755741 ], [ 1.509828, 44.760405 ] ] ], [ [ [ 1.490288691921846, 44.792968769269514 ], [ 1.492918, 44.789838 ], [ 1.49288357542427, 44.789782029275862 ], [ 1.491209, 44.789732 ], [ 1.490774, 44.789952 ], [ 1.4901222757254, 44.788666565942421 ], [ 1.490288691921846, 44.792968769269514 ] ] ], [ [ [ 1.475681, 44.791423 ], [ 1.475679317501307, 44.791422293883471 ], [ 1.47537, 44.792092 ], [ 1.474971, 44.792627 ], [ 1.474208, 44.793404 ], [ 1.474207520652171, 44.793404080523857 ], [ 1.474129, 44.793484 ], [ 1.467247, 44.795637 ], [ 1.466136936659787, 44.797248774753164 ], [ 1.466569, 44.798384 ], [ 1.466817, 44.798512 ], [ 1.470344683186872, 44.800331438955752 ], [ 1.471064, 44.797376 ], [ 1.471031, 44.796891 ], [ 1.472578, 44.795598 ], [ 1.472826, 44.795453 ], [ 1.472883463832799, 44.795457487414282 ], [ 1.47289, 44.795452 ], [ 1.473020360383374, 44.795468177817376 ], [ 1.473287, 44.795489 ], [ 1.473350637806023, 44.795509165483125 ], [ 1.473446, 44.795521 ], [ 1.47356449270991, 44.795576931607123 ], [ 1.473915, 44.795688 ], [ 1.474822, 44.796162 ], [ 1.474830288570541, 44.796174419814015 ], [ 1.475001, 44.796255 ], [ 1.475477, 44.796586 ], [ 1.477746, 44.797794 ], [ 1.478235, 44.797968 ], [ 1.478631, 44.798137 ], [ 1.48725, 44.796587 ], [ 1.489411263990708, 44.794013540107059 ], [ 1.486813, 44.794612 ], [ 1.482265, 44.79694 ], [ 1.476526, 44.791983 ], [ 1.475681, 44.791423 ] ] ], [ [ [ 1.485535309536766, 44.814416898864408 ], [ 1.489520535249635, 44.817402176882965 ], [ 1.490371613526556, 44.81722408087316 ], [ 1.490392, 44.817212 ], [ 1.490397143483855, 44.817209707914444 ], [ 1.490467, 44.81717 ], [ 1.490583881220789, 44.817126492163887 ], [ 1.490861, 44.817003 ], [ 1.491947, 44.816529 ], [ 1.491955752779733, 44.816525658721488 ], [ 1.492561, 44.816244 ], [ 1.492921470685412, 44.816157006407934 ], [ 1.493097, 44.81609 ], [ 1.493250529322921, 44.816077593590059 ], [ 1.493311, 44.816063 ], [ 1.493469736607127, 44.816059879870139 ], [ 1.493592, 44.81605 ], [ 1.498748201496427, 44.813099391173772 ], [ 1.495959, 44.806984 ], [ 1.489682, 44.805061 ], [ 1.486757, 44.806543 ], [ 1.482216, 44.804786 ], [ 1.481282, 44.804619 ], [ 1.480440854635218, 44.804126437399006 ], [ 1.481517, 44.805478 ], [ 1.482038, 44.806126 ], [ 1.482537, 44.806946 ], [ 1.482821810355327, 44.807601872427085 ], [ 1.486747, 44.808043 ], [ 1.485535309536766, 44.814416898864408 ] ] ], [ [ [ 1.483915, 44.783041 ], [ 1.48364129102995, 44.782943741237609 ], [ 1.483908, 44.783112 ], [ 1.484063700301403, 44.783146178955299 ], [ 1.483915, 44.783041 ] ] ] ] } },
{ "type": "Feature", "properties": { "codgeo": "46240", "value": 1140, "isochrone_group": 19.0, "nb_agences": 2 }, "geometry": { "type": "MultiPolygon", "coordinates": [ [ [ [ 1.573823, 44.734516 ], [ 1.573495, 44.734744 ], [ 1.572273, 44.73571 ], [ 1.5715, 44.736253 ], [ 1.575286, 44.744395 ], [ 1.575505117529965, 44.744362985670691 ], [ 1.576851, 44.744157 ], [ 1.580488, 44.743183 ], [ 1.586386, 44.736491 ], [ 1.586662668548319, 44.736109613017341 ], [ 1.584969, 44.727905 ], [ 1.582125112553159, 44.725698087343467 ], [ 1.58206, 44.725782 ], [ 1.575693, 44.73038 ], [ 1.573051, 44.731052 ], [ 1.572659, 44.731168 ], [ 1.572147, 44.731359 ], [ 1.571779398576747, 44.73158266734486 ], [ 1.573823, 44.734516 ] ] ], [ [ [ 1.547153326826427, 44.739953562058098 ], [ 1.549303, 44.741261 ], [ 1.549894151575234, 44.741075691778086 ], [ 1.551837171473214, 44.73787077186762 ], [ 1.547494874188142, 44.737554430095173 ], [ 1.547153326826427, 44.739953562058098 ] ] ], [ [ [ 1.557843, 44.738704 ], [ 1.565416, 44.736883 ], [ 1.566042944138156, 44.736313611389264 ], [ 1.558084, 44.737809 ], [ 1.556975607221622, 44.737587811612499 ], [ 1.556853, 44.737968 ], [ 1.556406397787148, 44.739034298645251 ], [ 1.557358, 44.738736 ], [ 1.557843, 44.738704 ] ] ], [ [ [ 1.478597, 44.790899 ], [ 1.47818795421015, 44.793418495211675 ], [ 1.482265, 44.79694 ], [ 1.486813, 44.794612 ], [ 1.490321, 44.793804 ], [ 1.489983, 44.785066 ], [ 1.489628670395776, 44.784846935039042 ], [ 1.488673, 44.784281 ], [ 1.483968, 44.783544 ], [ 1.480372, 44.783718 ], [ 1.478597, 44.790899 ] ] ], [ [ [ 1.457893, 44.803474 ], [ 1.460254, 44.80469 ], [ 1.460673, 44.804678 ], [ 1.464277780185485, 44.806605132422973 ], [ 1.465829, 44.80547 ], [ 1.46815505191571, 44.801228962999474 ], [ 1.467577511528107, 44.800056246271986 ], [ 1.462971, 44.802408 ], [ 1.45788129288326, 44.803169774607262 ], [ 1.457893, 44.803474 ] ] ], [ [ [ 1.484076642885684, 44.80774289522563 ], [ 1.484004, 44.808116 ], [ 1.483719195745295, 44.808927879273277 ], [ 1.484337, 44.811122 ], [ 1.484353, 44.811274 ], [ 1.485877637273998, 44.812616139972761 ], [ 1.486747, 44.808043 ], [ 1.484076642885684, 44.80774289522563 ] ] ] ] } },
{ "type": "Feature", "properties": { "codgeo": "46240", "value": 1200, "isochrone_group": 20.0, "nb_agences": 2 }, "geometry": { "type": "MultiPolygon", "coordinates": [ [ [ [ 1.582293, 44.722736 ], [ 1.585309, 44.722152 ], [ 1.585297187197798, 44.721729885973822 ], [ 1.582293, 44.722736 ] ] ], [ [ [ 1.578147843317392, 44.722978121639031 ], [ 1.578484, 44.723081 ], [ 1.582293, 44.722736 ], [ 1.578147843317392, 44.722978121639031 ] ] ], [ [ [ 1.5572, 44.736892 ], [ 1.556975607221622, 44.737587811612499 ], [ 1.558084, 44.737809 ], [ 1.566142, 44.736295 ], [ 1.566941, 44.735498 ], [ 1.567628, 44.734854 ], [ 1.569017, 44.733646 ], [ 1.563763, 44.736348 ], [ 1.5593, 44.736538 ], [ 1.557341283530529, 44.736251769226534 ], [ 1.5572, 44.736892 ] ] ], [ [ [ 1.551837171473214, 44.73787077186762 ], [ 1.552945248207817, 44.73604305142441 ], [ 1.550821450817996, 44.737796775351185 ], [ 1.551837171473214, 44.73787077186762 ] ] ], [ [ [ 1.573051, 44.731052 ], [ 1.573202542404533, 44.731013454770675 ], [ 1.572629317699555, 44.730330452126921 ], [ 1.572147, 44.731359 ], [ 1.572659, 44.731168 ], [ 1.573051, 44.731052 ] ] ], [ [ [ 1.452351, 44.8042 ], [ 1.449378831054669, 44.803048545016459 ], [ 1.450456, 44.808527 ], [ 1.450333, 44.809557 ], [ 1.453430201796929, 44.809925198815016 ], [ 1.457045287525062, 44.804711219150875 ], [ 1.455549, 44.804478 ], [ 1.452972, 44.804782 ], [ 1.452351, 44.8042 ] ] ] ] } }
]
}
