{
"type": "FeatureCollection",
"name": "Credit_Agricole",
"crs": { "type": "name", "properties": { "name": "urn:ogc:def:crs:OGC:1.3:CRS84" } },
"features": [
{ "type": "Feature", "properties": { "codgeo": "32426", "value": 60, "isochrone_group": 1.0, "nb_agences": 1 }, "geometry": { "type": "Polygon", "coordinates": [ [ [ 0.582892, 43.490327 ], [ 0.585008, 43.489323 ], [ 0.588767, 43.487092 ], [ 0.588936, 43.484777 ], [ 0.589272, 43.484647 ], [ 0.590139, 43.485831 ], [ 0.591946, 43.488032 ], [ 0.597636, 43.489801 ], [ 0.598706, 43.489691 ], [ 0.599776, 43.489581 ], [ 0.599813, 43.48994 ], [ 0.599712, 43.493181 ], [ 0.597596, 43.494531 ], [ 0.595632, 43.500185 ], [ 0.595297, 43.500317 ], [ 0.592677, 43.498232 ], [ 0.58759, 43.497331 ], [ 0.587001, 43.497215 ], [ 0.586931, 43.496862 ], [ 0.587366, 43.491341 ], [ 0.586212, 43.490887 ], [ 0.585495, 43.490755 ], [ 0.583813, 43.49093 ], [ 0.583568, 43.490896 ], [ 0.583388, 43.490853 ], [ 0.583194, 43.490807 ], [ 0.582986, 43.490738 ], [ 0.582779, 43.490669 ], [ 0.582892, 43.490327 ] ] ] } },
{ "type": "Feature", "properties": { "codgeo": "32426", "value": 120, "isochrone_group": 2.0, "nb_agences": 1 }, "geometry": { "type": "MultiPolygon", "coordinates": [ [ [ [ 0.59358, 43.482864 ], [ 0.5935, 43.482513 ], [ 0.592544, 43.482733 ], [ 0.588199, 43.479169 ], [ 0.588133, 43.478816 ], [ 0.586113, 43.476728 ], [ 0.585589, 43.476879 ], [ 0.584223, 43.479196 ], [ 0.584276, 43.479552 ], [ 0.588106, 43.482678 ], [ 0.587325, 43.487545 ], [ 0.583874, 43.488532 ], [ 0.583567, 43.488722 ], [ 0.578936, 43.489185 ], [ 0.576657, 43.487851 ], [ 0.57651, 43.487708 ], [ 0.576366, 43.487681 ], [ 0.576074, 43.487681 ], [ 0.572208, 43.487809 ], [ 0.572134, 43.488162 ], [ 0.57251, 43.490008 ], [ 0.573849, 43.490219 ], [ 0.574205, 43.490167 ], [ 0.576085, 43.490287 ], [ 0.577254, 43.490138 ], [ 0.577608, 43.490072 ], [ 0.580421, 43.489857 ], [ 0.58087, 43.489983 ], [ 0.581331, 43.490111 ], [ 0.582028, 43.490381 ], [ 0.582743, 43.490657 ], [ 0.582779015603065, 43.490668952776559 ], [ 0.582892, 43.490327 ], [ 0.585008, 43.489323 ], [ 0.588767, 43.487092 ], [ 0.588936, 43.484777 ], [ 0.589272, 43.484647 ], [ 0.590139, 43.485831 ], [ 0.5918159285403, 43.487873567635418 ], [ 0.59358, 43.482864 ] ] ], [ [ [ 0.591910484883349, 43.487988741133506 ], [ 0.591946, 43.488032 ], [ 0.592098041399204, 43.488079269109875 ], [ 0.591910484883349, 43.487988741133506 ] ] ], [ [ [ 0.586275, 43.493022 ], [ 0.583731, 43.497456 ], [ 0.58301, 43.497625 ], [ 0.582463, 43.497792 ], [ 0.581934, 43.497954 ], [ 0.580295, 43.498286 ], [ 0.577155, 43.498342 ], [ 0.576806, 43.49843 ], [ 0.576925, 43.499125 ], [ 0.577918, 43.499035 ], [ 0.578707, 43.498973 ], [ 0.580367, 43.498639 ], [ 0.584878, 43.501059 ], [ 0.585167, 43.501273 ], [ 0.587637, 43.49967 ], [ 0.592404, 43.502398 ], [ 0.592916, 43.504183 ], [ 0.598167, 43.506583 ], [ 0.598662, 43.507253 ], [ 0.598951, 43.507039 ], [ 0.598456, 43.506369 ], [ 0.597961, 43.5057 ], [ 0.597754, 43.505384 ], [ 0.597391, 43.504712 ], [ 0.597101, 43.50397 ], [ 0.59697, 43.503587 ], [ 0.596374, 43.502072 ], [ 0.595781, 43.500564 ], [ 0.598928, 43.496471 ], [ 0.604683, 43.497455 ], [ 0.605428, 43.498216 ], [ 0.606173, 43.498976 ], [ 0.60643, 43.498724 ], [ 0.607717, 43.493817 ], [ 0.607652, 43.493462 ], [ 0.606827, 43.487743 ], [ 0.606581, 43.487481 ], [ 0.604228, 43.486254 ], [ 0.601021, 43.485852 ], [ 0.600662, 43.485877 ], [ 0.599898, 43.487841 ], [ 0.597209855509289, 43.489668513250606 ], [ 0.597636, 43.489801 ], [ 0.598706, 43.489691 ], [ 0.599776, 43.489581 ], [ 0.599813, 43.48994 ], [ 0.599712, 43.493181 ], [ 0.597596, 43.494531 ], [ 0.595632, 43.500185 ], [ 0.595297, 43.500317 ], [ 0.592677, 43.498232 ], [ 0.58759, 43.497331 ], [ 0.587001, 43.497215 ], [ 0.586931, 43.496862 ], [ 0.587366, 43.491341 ], [ 0.586212, 43.490887 ], [ 0.585495, 43.490755 ], [ 0.583813, 43.49093 ], [ 0.583568, 43.490896 ], [ 0.586275, 43.493022 ] ] ] ] } },
{ "type": "Feature", "properties": { "codgeo": "32426", "value": 180, "isochrone_group": 3.0, "nb_agences": 1 }, "geometry": { "type": "Polygon", "coordinates": [ [ [ 0.560231, 43.486959 ], [ 0.560226, 43.487319 ], [ 0.562939, 43.492058 ], [ 0.563197, 43.492309 ], [ 0.564281, 43.491755 ], [ 0.564888, 43.491533 ], [ 0.569031, 43.49204 ], [ 0.569999, 43.499406 ], [ 0.566695, 43.501121 ], [ 0.566725, 43.501479 ], [ 0.56709, 43.501449 ], [ 0.567454, 43.501418 ], [ 0.575745, 43.501709 ], [ 0.581795, 43.503534 ], [ 0.582136, 43.50365 ], [ 0.588551, 43.506272 ], [ 0.59547, 43.508879 ], [ 0.598147, 43.511502 ], [ 0.603365, 43.514164 ], [ 0.603698, 43.514026 ], [ 0.603845, 43.511101 ], [ 0.603757, 43.510752 ], [ 0.609099, 43.503621 ], [ 0.611834, 43.503869 ], [ 0.612066, 43.503593 ], [ 0.611178, 43.502147 ], [ 0.61262, 43.493752 ], [ 0.612702, 43.493402 ], [ 0.61461, 43.484795 ], [ 0.61445, 43.484473 ], [ 0.612768, 43.484562 ], [ 0.604499, 43.483344 ], [ 0.599529, 43.481202 ], [ 0.595185, 43.482126 ], [ 0.59081, 43.478748 ], [ 0.587433, 43.473295 ], [ 0.583854, 43.470977 ], [ 0.583519, 43.471109 ], [ 0.582087, 43.473716 ], [ 0.580997, 43.475504 ], [ 0.577264, 43.480662 ], [ 0.57736, 43.481009 ], [ 0.5714, 43.487639 ], [ 0.571067, 43.487573 ], [ 0.570707, 43.487504 ], [ 0.568808, 43.487426 ], [ 0.566904, 43.487348 ], [ 0.566571, 43.487345 ], [ 0.566233, 43.487341 ], [ 0.565875, 43.48735 ], [ 0.5625, 43.48723 ], [ 0.561581, 43.487098 ], [ 0.560638, 43.486965 ], [ 0.560434, 43.486962 ], [ 0.560231, 43.486959 ] ], [ [ 0.572208, 43.487809 ], [ 0.576074, 43.487681 ], [ 0.576366, 43.487681 ], [ 0.57651, 43.487708 ], [ 0.576657, 43.487851 ], [ 0.578936, 43.489185 ], [ 0.583567, 43.488722 ], [ 0.583874, 43.488532 ], [ 0.587325, 43.487545 ], [ 0.588106, 43.482678 ], [ 0.584276, 43.479552 ], [ 0.584223, 43.479196 ], [ 0.585589, 43.476879 ], [ 0.586113, 43.476728 ], [ 0.588133, 43.478816 ], [ 0.588199, 43.479169 ], [ 0.592544, 43.482733 ], [ 0.5935, 43.482513 ], [ 0.59358, 43.482864 ], [ 0.591795, 43.487933 ], [ 0.596094, 43.490008 ], [ 0.596862, 43.489905 ], [ 0.599898, 43.487841 ], [ 0.600662, 43.485877 ], [ 0.601021, 43.485852 ], [ 0.604228, 43.486254 ], [ 0.606581, 43.487481 ], [ 0.606827, 43.487743 ], [ 0.607652, 43.493462 ], [ 0.607717, 43.493817 ], [ 0.60643, 43.498724 ], [ 0.606173, 43.498976 ], [ 0.605428, 43.498216 ], [ 0.604683, 43.497455 ], [ 0.598928, 43.496471 ], [ 0.595781, 43.500564 ], [ 0.596374, 43.502072 ], [ 0.59697, 43.503587 ], [ 0.597101, 43.50397 ], [ 0.597391, 43.504712 ], [ 0.597754, 43.505384 ], [ 0.597961, 43.5057 ], [ 0.598456, 43.506369 ], [ 0.598951, 43.507039 ], [ 0.598662, 43.507253 ], [ 0.598167, 43.506583 ], [ 0.592916, 43.504183 ], [ 0.592404, 43.502398 ], [ 0.587637, 43.49967 ], [ 0.585167, 43.501273 ], [ 0.584878, 43.501059 ], [ 0.580367, 43.498639 ], [ 0.578707, 43.498973 ], [ 0.577918, 43.499035 ], [ 0.576925, 43.499125 ], [ 0.576806, 43.49843 ], [ 0.577155, 43.498342 ], [ 0.580295, 43.498286 ], [ 0.581934, 43.497954 ], [ 0.582463, 43.497792 ], [ 0.58301, 43.497625 ], [ 0.583731, 43.497456 ], [ 0.586275, 43.493022 ], [ 0.583568, 43.490896 ], [ 0.583388, 43.490853 ], [ 0.583194, 43.490807 ], [ 0.582972, 43.490733 ], [ 0.582743, 43.490657 ], [ 0.582028, 43.490381 ], [ 0.581331, 43.490111 ], [ 0.58087, 43.489983 ], [ 0.580421, 43.489857 ], [ 0.577608, 43.490072 ], [ 0.577254, 43.490138 ], [ 0.576085, 43.490287 ], [ 0.574205, 43.490167 ], [ 0.573849, 43.490219 ], [ 0.57251, 43.490008 ], [ 0.572134, 43.488162 ], [ 0.572208, 43.487809 ] ] ] } },
{ "type": "Feature", "properties": { "codgeo": "32426", "value": 240, "isochrone_group": 4.0, "nb_agences": 1 }, "geometry": { "type": "Polygon", "coordinates": [ [ [ 0.555502, 43.484836 ], [ 0.555341, 43.484723 ], [ 0.555169, 43.484604 ], [ 0.554346, 43.484108 ], [ 0.5535, 43.4836 ], [ 0.553223, 43.483484 ], [ 0.552929, 43.483361 ], [ 0.552611, 43.483267 ], [ 0.552219, 43.483232 ], [ 0.551878, 43.483286 ], [ 0.550839, 43.483515 ], [ 0.549799, 43.483743 ], [ 0.549876, 43.484095 ], [ 0.55368, 43.488591 ], [ 0.557091, 43.494148 ], [ 0.559936, 43.5022 ], [ 0.559593, 43.503835 ], [ 0.559894, 43.504032 ], [ 0.564866, 43.502098 ], [ 0.573061, 43.504356 ], [ 0.581002, 43.504981 ], [ 0.583146, 43.507478 ], [ 0.583702, 43.507356 ], [ 0.584555, 43.507199 ], [ 0.584868, 43.507161 ], [ 0.585565, 43.507016 ], [ 0.586247, 43.506873 ], [ 0.593023, 43.512311 ], [ 0.593083, 43.512666 ], [ 0.593426, 43.512608 ], [ 0.598996, 43.514158 ], [ 0.601227, 43.517765 ], [ 0.60368, 43.521301 ], [ 0.605262, 43.522542 ], [ 0.605613, 43.522465 ], [ 0.605438, 43.521668 ], [ 0.605262, 43.52087 ], [ 0.604846, 43.519 ], [ 0.607303, 43.512084 ], [ 0.610866, 43.510948 ], [ 0.611225, 43.510929 ], [ 0.619452, 43.507407 ], [ 0.622404, 43.507425 ], [ 0.622643, 43.507443 ], [ 0.622881, 43.507461 ], [ 0.622908, 43.507102 ], [ 0.621391, 43.506415 ], [ 0.616507, 43.500037 ], [ 0.618983, 43.494123 ], [ 0.618869, 43.493782 ], [ 0.618643, 43.484802 ], [ 0.622878, 43.479387 ], [ 0.623618, 43.47888 ], [ 0.623415, 43.478583 ], [ 0.622675, 43.47909 ], [ 0.621935, 43.479596 ], [ 0.621303, 43.480018 ], [ 0.620669, 43.480441 ], [ 0.618478, 43.481721 ], [ 0.618249, 43.481833 ], [ 0.618049, 43.48198 ], [ 0.61499, 43.483743 ], [ 0.606947, 43.481671 ], [ 0.606766, 43.481718 ], [ 0.606585, 43.481764 ], [ 0.606002, 43.481952 ], [ 0.598192, 43.477668 ], [ 0.59191, 43.472795 ], [ 0.58609, 43.468206 ], [ 0.581706, 43.465341 ], [ 0.58137, 43.465469 ], [ 0.578132, 43.469106 ], [ 0.575151, 43.472418 ], [ 0.575105, 43.472775 ], [ 0.574913, 43.476302 ], [ 0.574966, 43.476658 ], [ 0.575792, 43.481071 ], [ 0.570707, 43.487504 ], [ 0.571067, 43.487573 ], [ 0.5714, 43.487639 ], [ 0.57736, 43.481009 ], [ 0.577264, 43.480662 ], [ 0.580997, 43.475504 ], [ 0.582087, 43.473716 ], [ 0.583519, 43.471109 ], [ 0.583854, 43.470977 ], [ 0.587433, 43.473295 ], [ 0.59081, 43.478748 ], [ 0.595185, 43.482126 ], [ 0.599529, 43.481202 ], [ 0.604499, 43.483344 ], [ 0.612768, 43.484562 ], [ 0.61445, 43.484473 ], [ 0.61461, 43.484795 ], [ 0.612702, 43.493402 ], [ 0.61262, 43.493752 ], [ 0.611178, 43.502147 ], [ 0.612066, 43.503593 ], [ 0.611834, 43.503869 ], [ 0.609099, 43.503621 ], [ 0.603757, 43.510752 ], [ 0.603845, 43.511101 ], [ 0.603698, 43.514026 ], [ 0.603365, 43.514164 ], [ 0.598147, 43.511502 ], [ 0.59547, 43.508879 ], [ 0.588551, 43.506272 ], [ 0.582136, 43.50365 ], [ 0.581795, 43.503534 ], [ 0.575745, 43.501709 ], [ 0.567454, 43.501418 ], [ 0.56709, 43.501449 ], [ 0.566725, 43.501479 ], [ 0.566695, 43.501121 ], [ 0.569999, 43.499406 ], [ 0.569031, 43.49204 ], [ 0.564888, 43.491533 ], [ 0.564281, 43.491755 ], [ 0.563197, 43.492309 ], [ 0.562939, 43.492058 ], [ 0.560226, 43.487319 ], [ 0.560231, 43.486959 ], [ 0.560434, 43.486962 ], [ 0.560638, 43.486965 ], [ 0.555502, 43.484836 ] ] ] } },
{ "type": "Feature", "properties": { "codgeo": "32426", "value": 300, "isochrone_group": 5.0, "nb_agences": 1 }, "geometry": { "type": "MultiPolygon", "coordinates": [ [ [ [ 0.57286, 43.468727 ], [ 0.565412, 43.472928 ], [ 0.564919, 43.473001 ], [ 0.564675, 43.473086 ], [ 0.56443, 43.47317 ], [ 0.564547, 43.473511 ], [ 0.565922, 43.473219 ], [ 0.573729, 43.476963 ], [ 0.575792, 43.481071 ], [ 0.574966, 43.476658 ], [ 0.574913, 43.476302 ], [ 0.575105, 43.472775 ], [ 0.575151, 43.472418 ], [ 0.578132, 43.469106 ], [ 0.58137, 43.465469 ], [ 0.581706, 43.465341 ], [ 0.58609, 43.468206 ], [ 0.580809, 43.462981 ], [ 0.579732, 43.458851 ], [ 0.579662, 43.458498 ], [ 0.579582943721612, 43.45839449265042 ], [ 0.579502, 43.458529 ], [ 0.579571, 43.458883 ], [ 0.579778, 43.460351 ], [ 0.579443, 43.460482 ], [ 0.577672729145062, 43.458845238832453 ], [ 0.576835, 43.465288 ], [ 0.57286, 43.468727 ] ] ], [ [ [ 0.543812, 43.480916 ], [ 0.543464, 43.481009 ], [ 0.53946, 43.486473 ], [ 0.539575, 43.486814 ], [ 0.540102, 43.486636 ], [ 0.54063, 43.486458 ], [ 0.546028, 43.486237 ], [ 0.550742, 43.488922 ], [ 0.551416, 43.493633 ], [ 0.551456, 43.49399 ], [ 0.552033, 43.493925 ], [ 0.55261, 43.493861 ], [ 0.553511, 43.49385 ], [ 0.554667, 43.493863 ], [ 0.554924, 43.493889 ], [ 0.555917, 43.494013 ], [ 0.556913, 43.494137 ], [ 0.558168198864104, 43.497196718894124 ], [ 0.557091, 43.494148 ], [ 0.55368, 43.488591 ], [ 0.549876, 43.484095 ], [ 0.549799, 43.483743 ], [ 0.550839, 43.483515 ], [ 0.551878, 43.483286 ], [ 0.552219, 43.483232 ], [ 0.543812, 43.480916 ] ] ], [ [ [ 0.556681, 43.503706 ], [ 0.556426, 43.503768 ], [ 0.55617, 43.50383 ], [ 0.552012, 43.508323 ], [ 0.551771, 43.508425 ], [ 0.551912, 43.508757 ], [ 0.552152, 43.508654 ], [ 0.552393, 43.508552 ], [ 0.555941, 43.507019 ], [ 0.556904, 43.506556 ], [ 0.558566, 43.505867 ], [ 0.558833, 43.505712 ], [ 0.564866, 43.502098 ], [ 0.559894, 43.504032 ], [ 0.559593, 43.503835 ], [ 0.559936, 43.5022 ], [ 0.559883958169451, 43.50205270972949 ], [ 0.556681, 43.503706 ] ] ], [ [ [ 0.572809, 43.504588 ], [ 0.577441, 43.508634 ], [ 0.579866, 43.509582 ], [ 0.587236, 43.5141 ], [ 0.587475, 43.51413 ], [ 0.587641, 43.51414 ], [ 0.587702, 43.514143 ], [ 0.591765, 43.514593 ], [ 0.592123, 43.514631 ], [ 0.595594, 43.515724 ], [ 0.600287, 43.5214 ], [ 0.599805, 43.523969 ], [ 0.599861, 43.524325 ], [ 0.60591, 43.530591 ], [ 0.607248, 43.531422 ], [ 0.607598, 43.53134 ], [ 0.608335, 43.530292 ], [ 0.608424, 43.530084 ], [ 0.608384, 43.529889 ], [ 0.609003, 43.521942 ], [ 0.612175, 43.5182 ], [ 0.615236, 43.511385 ], [ 0.621436, 43.508393 ], [ 0.622345, 43.508225 ], [ 0.623662, 43.507932 ], [ 0.624961, 43.507642 ], [ 0.626005, 43.507412 ], [ 0.627645, 43.507053 ], [ 0.629295, 43.506692 ], [ 0.63425, 43.505726 ], [ 0.634528, 43.505669 ], [ 0.634864, 43.505551 ], [ 0.635471, 43.505246 ], [ 0.636078, 43.504941 ], [ 0.635916, 43.50462 ], [ 0.632844, 43.505543 ], [ 0.631495, 43.505716 ], [ 0.631162, 43.505787 ], [ 0.630174, 43.506068 ], [ 0.629197, 43.506346 ], [ 0.624217, 43.505843 ], [ 0.622228, 43.497885 ], [ 0.624947, 43.491464 ], [ 0.624952, 43.491104 ], [ 0.620876, 43.489519 ], [ 0.62086910776244, 43.481955630806716 ], [ 0.618643, 43.484802 ], [ 0.618869, 43.493782 ], [ 0.618983, 43.494123 ], [ 0.616507, 43.500037 ], [ 0.621391, 43.506415 ], [ 0.622908, 43.507102 ], [ 0.622881, 43.507461 ], [ 0.622643, 43.507443 ], [ 0.622404, 43.507425 ], [ 0.619452, 43.507407 ], [ 0.611225, 43.510929 ], [ 0.610866, 43.510948 ], [ 0.607303, 43.512084 ], [ 0.604846, 43.519 ], [ 0.605262, 43.52087 ], [ 0.605438, 43.521668 ], [ 0.605613, 43.522465 ], [ 0.605262, 43.522542 ], [ 0.60368, 43.521301 ], [ 0.601227, 43.517765 ], [ 0.598996, 43.514158 ], [ 0.593426, 43.512608 ], [ 0.593083, 43.512666 ], [ 0.593023, 43.512311 ], [ 0.586247, 43.506873 ], [ 0.585565, 43.507016 ], [ 0.584868, 43.507161 ], [ 0.584555, 43.507199 ], [ 0.583702, 43.507356 ], [ 0.583146, 43.507478 ], [ 0.581002, 43.504981 ], [ 0.573061, 43.504356 ], [ 0.564866, 43.502098 ], [ 0.572809, 43.504588 ] ] ], [ [ [ 0.630245, 43.480312 ], [ 0.63086, 43.480743 ], [ 0.631137, 43.480854 ], [ 0.631271, 43.48052 ], [ 0.631313, 43.478645 ], [ 0.631214, 43.478299 ], [ 0.626959, 43.47566 ], [ 0.626637, 43.475498 ], [ 0.62277363066092, 43.479022424668806 ], [ 0.623415, 43.478583 ], [ 0.623618, 43.47888 ], [ 0.622878, 43.479387 ], [ 0.622468926426243, 43.479910053931967 ], [ 0.630245, 43.480312 ] ] ], [ [ [ 0.606961, 43.481667 ], [ 0.606773, 43.481716 ], [ 0.606585, 43.481764 ], [ 0.606766, 43.481718 ], [ 0.606947, 43.481671 ], [ 0.61499, 43.483743 ], [ 0.606961, 43.481667 ] ] ], [ [ [ 0.600022, 43.475675 ], [ 0.599994, 43.475334 ], [ 0.599908, 43.475086 ], [ 0.599329, 43.473794 ], [ 0.594304, 43.469616 ], [ 0.592903, 43.469625 ], [ 0.58609, 43.468206 ], [ 0.59191, 43.472795 ], [ 0.598192, 43.477668 ], [ 0.606002, 43.481952 ], [ 0.606585, 43.481764 ], [ 0.600022, 43.475675 ] ] ] ] } },
{ "type": "Feature", "properties": { "codgeo": "32426", "value": 360, "isochrone_group": 6.0, "nb_agences": 1 }, "geometry": { "type": "MultiPolygon", "coordinates": [ [ [ [ 0.568726, 43.467581 ], [ 0.568437, 43.467522 ], [ 0.568128, 43.467459 ], [ 0.567847, 43.467434 ], [ 0.567573, 43.46741 ], [ 0.567251, 43.467366 ], [ 0.567203, 43.467723 ], [ 0.561659, 43.474434 ], [ 0.561115, 43.474615 ], [ 0.560797, 43.474736 ], [ 0.556754, 43.475401 ], [ 0.556507, 43.475663 ], [ 0.552219, 43.483232 ], [ 0.552611, 43.483267 ], [ 0.552929, 43.483361 ], [ 0.553223, 43.483484 ], [ 0.5535, 43.4836 ], [ 0.554346, 43.484108 ], [ 0.555169, 43.484604 ], [ 0.555341, 43.484723 ], [ 0.555502, 43.484836 ], [ 0.560638, 43.486965 ], [ 0.561581, 43.487098 ], [ 0.5625, 43.48723 ], [ 0.565536, 43.487379 ], [ 0.565875, 43.48735 ], [ 0.566233, 43.487341 ], [ 0.566571, 43.487345 ], [ 0.566904, 43.487348 ], [ 0.568808, 43.487426 ], [ 0.570707, 43.487504 ], [ 0.575792, 43.481071 ], [ 0.573729, 43.476963 ], [ 0.565922, 43.473219 ], [ 0.564547, 43.473511 ], [ 0.56443, 43.47317 ], [ 0.564675, 43.473086 ], [ 0.564919, 43.473001 ], [ 0.565412, 43.472928 ], [ 0.57286, 43.468727 ], [ 0.576835, 43.465288 ], [ 0.576929577420706, 43.464560629182053 ], [ 0.573488575507119, 43.459889127496986 ], [ 0.574883, 43.462671 ], [ 0.568726, 43.467581 ] ] ], [ [ [ 0.54689, 43.481226 ], [ 0.542507, 43.477088 ], [ 0.542163, 43.477193 ], [ 0.539463, 43.483705 ], [ 0.533377, 43.488792 ], [ 0.531833, 43.48907 ], [ 0.530945, 43.489187 ], [ 0.530714, 43.489268 ], [ 0.530468, 43.489355 ], [ 0.528638, 43.489957 ], [ 0.528712, 43.49031 ], [ 0.529783, 43.49041 ], [ 0.530143, 43.490429 ], [ 0.53273, 43.489319 ], [ 0.533462, 43.489142 ], [ 0.534173, 43.488969 ], [ 0.534886, 43.488776 ], [ 0.535593, 43.488585 ], [ 0.536253, 43.488354 ], [ 0.5369, 43.488126 ], [ 0.537751, 43.487671 ], [ 0.538576, 43.487226 ], [ 0.539065, 43.487025 ], [ 0.54498, 43.488396 ], [ 0.545447, 43.495631 ], [ 0.54559, 43.495961 ], [ 0.546259, 43.496563 ], [ 0.546619, 43.496568 ], [ 0.549004, 43.494698 ], [ 0.549217, 43.494598 ], [ 0.550617, 43.494146 ], [ 0.551021, 43.49407 ], [ 0.551428, 43.493993 ], [ 0.551455987703659, 43.493989890255143 ], [ 0.551416, 43.493633 ], [ 0.550742, 43.488922 ], [ 0.546028, 43.486237 ], [ 0.54063, 43.486458 ], [ 0.540102, 43.486636 ], [ 0.539575, 43.486814 ], [ 0.53946, 43.486473 ], [ 0.543464, 43.481009 ], [ 0.543812, 43.480916 ], [ 0.552219, 43.483232 ], [ 0.54689, 43.481226 ] ] ], [ [ [ 0.552013, 43.493928 ], [ 0.55261, 43.493861 ], [ 0.552033, 43.493925 ], [ 0.551528124996456, 43.493981875000415 ], [ 0.552013, 43.493928 ] ] ], [ [ [ 0.550037, 43.507173 ], [ 0.547175, 43.506001 ], [ 0.546855, 43.506165 ], [ 0.544216, 43.511835 ], [ 0.544113, 43.51218 ], [ 0.544322, 43.512242 ], [ 0.544563, 43.512263 ], [ 0.547718, 43.512552 ], [ 0.553104411860045, 43.508244617141656 ], [ 0.552393, 43.508552 ], [ 0.552152, 43.508654 ], [ 0.551912, 43.508757 ], [ 0.551771, 43.508425 ], [ 0.552012, 43.508323 ], [ 0.55617, 43.50383 ], [ 0.550037, 43.507173 ] ] ], [ [ [ 0.572203, 43.509759 ], [ 0.572208, 43.510119 ], [ 0.572534, 43.510492 ], [ 0.580305, 43.513653 ], [ 0.585048, 43.516475 ], [ 0.585343, 43.51668 ], [ 0.586115, 43.516792 ], [ 0.594122, 43.5164 ], [ 0.593347, 43.524567 ], [ 0.593293, 43.524923 ], [ 0.596967, 43.532972 ], [ 0.597426, 43.532872 ], [ 0.597884, 43.532772 ], [ 0.598292, 43.532671 ], [ 0.599947, 43.532457 ], [ 0.600266, 43.532449 ], [ 0.600811, 43.53235 ], [ 0.601329, 43.532253 ], [ 0.607246, 43.538681 ], [ 0.607359, 43.539023 ], [ 0.609356, 43.540608 ], [ 0.609707, 43.540528 ], [ 0.610276, 43.536749 ], [ 0.615079, 43.531789 ], [ 0.615339, 43.531539 ], [ 0.615343, 43.527435 ], [ 0.615374, 43.524871 ], [ 0.615395, 43.524511 ], [ 0.614795, 43.523515 ], [ 0.612372, 43.518803 ], [ 0.614557, 43.514361 ], [ 0.619471, 43.512141 ], [ 0.626005, 43.507412 ], [ 0.624961, 43.507642 ], [ 0.623662, 43.507932 ], [ 0.622345, 43.508225 ], [ 0.621436, 43.508393 ], [ 0.615236, 43.511385 ], [ 0.612175, 43.5182 ], [ 0.609003, 43.521942 ], [ 0.608384, 43.529889 ], [ 0.608424, 43.530084 ], [ 0.608335, 43.530292 ], [ 0.607598, 43.53134 ], [ 0.607248, 43.531422 ], [ 0.60591, 43.530591 ], [ 0.599861, 43.524325 ], [ 0.599805, 43.523969 ], [ 0.600287, 43.5214 ], [ 0.595594, 43.515724 ], [ 0.592123, 43.514631 ], [ 0.591765, 43.514593 ], [ 0.587702, 43.514143 ], [ 0.587641, 43.51414 ], [ 0.587475, 43.51413 ], [ 0.587236, 43.5141 ], [ 0.579866, 43.509582 ], [ 0.577441, 43.508634 ], [ 0.572809, 43.504588 ], [ 0.572552640238289, 43.504507635426577 ], [ 0.572203, 43.509759 ] ] ], [ [ [ 0.639114, 43.506651 ], [ 0.64182, 43.506344 ], [ 0.641797, 43.505985 ], [ 0.641412, 43.501997 ], [ 0.64131, 43.501872 ], [ 0.641164, 43.501824 ], [ 0.641019, 43.501836 ], [ 0.640726, 43.501921 ], [ 0.638615, 43.503266 ], [ 0.636649, 43.504252 ], [ 0.635916002689861, 43.504620005329912 ], [ 0.636078, 43.504941 ], [ 0.635471, 43.505246 ], [ 0.634864, 43.505551 ], [ 0.634528, 43.505669 ], [ 0.63425, 43.505726 ], [ 0.630666705823888, 43.506424579651693 ], [ 0.639114, 43.506651 ] ] ], [ [ [ 0.625529, 43.504902 ], [ 0.623568, 43.497474 ], [ 0.626971, 43.495606 ], [ 0.629685, 43.491947 ], [ 0.629676, 43.491587 ], [ 0.635202, 43.484741 ], [ 0.635539, 43.484614 ], [ 0.638388, 43.480903 ], [ 0.641738, 43.477435 ], [ 0.641533, 43.477139 ], [ 0.634486, 43.476316 ], [ 0.629695, 43.474367 ], [ 0.624079, 43.471676 ], [ 0.623817, 43.471923 ], [ 0.623707, 43.473546 ], [ 0.620223231237829, 43.480701421732341 ], [ 0.620669, 43.480441 ], [ 0.621303, 43.480018 ], [ 0.621935, 43.479596 ], [ 0.622773, 43.479023 ], [ 0.626637, 43.475498 ], [ 0.626959, 43.47566 ], [ 0.631214, 43.478299 ], [ 0.631313, 43.478645 ], [ 0.631271, 43.48052 ], [ 0.631137, 43.480854 ], [ 0.63086, 43.480743 ], [ 0.630245, 43.480312 ], [ 0.622139, 43.479893 ], [ 0.621503, 43.480317 ], [ 0.620868, 43.48074 ], [ 0.620876, 43.489519 ], [ 0.624952, 43.491104 ], [ 0.624947, 43.491464 ], [ 0.622228, 43.497885 ], [ 0.624217, 43.505843 ], [ 0.629197, 43.506346 ], [ 0.630174, 43.506068 ], [ 0.625529, 43.504902 ] ] ], [ [ [ 0.60306, 43.473472 ], [ 0.603326, 43.473341 ], [ 0.603521, 43.473203 ], [ 0.603665, 43.473056 ], [ 0.603756, 43.472907 ], [ 0.603789, 43.472758 ], [ 0.603765, 43.472599 ], [ 0.603692, 43.472191 ], [ 0.60355, 43.471859 ], [ 0.596829, 43.468993 ], [ 0.591702, 43.465868 ], [ 0.591342, 43.46587 ], [ 0.58609, 43.468206 ], [ 0.592903, 43.469625 ], [ 0.594304, 43.469616 ], [ 0.599329, 43.473794 ], [ 0.599908, 43.475086 ], [ 0.599994, 43.475334 ], [ 0.600022, 43.475675 ], [ 0.605629090972639, 43.480877129656008 ], [ 0.60306, 43.473472 ] ] ], [ [ [ 0.582651, 43.457909 ], [ 0.582608065884156, 43.457799833519623 ], [ 0.582491, 43.457941 ], [ 0.58256, 43.458294 ], [ 0.582544636024535, 43.459068607745891 ], [ 0.582721, 43.458262 ], [ 0.582651, 43.457909 ] ] ] ] } },
{ "type": "Feature", "properties": { "codgeo": "32426", "value": 420, "isochrone_group": 7.0, "nb_agences": 1 }, "geometry": { "type": "MultiPolygon", "coordinates": [ [ [ [ 0.567244, 43.467366 ], [ 0.56678, 43.467264 ], [ 0.5663, 43.46716 ], [ 0.565997, 43.467124 ], [ 0.564216, 43.466613 ], [ 0.563885, 43.466492 ], [ 0.563019, 43.466251 ], [ 0.562135, 43.466005 ], [ 0.561955, 43.465974 ], [ 0.561755, 43.465941 ], [ 0.561093, 43.465901 ], [ 0.560431, 43.465861 ], [ 0.56041, 43.466221 ], [ 0.56025774825301, 43.474824697109021 ], [ 0.560797, 43.474736 ], [ 0.561115, 43.474615 ], [ 0.561659, 43.474434 ], [ 0.567203, 43.467723 ], [ 0.567250876351776, 43.467366919633676 ], [ 0.567244, 43.467366 ] ] ], [ [ [ 0.555615, 43.474633 ], [ 0.55313, 43.471734 ], [ 0.552774, 43.471791 ], [ 0.545161, 43.475469 ], [ 0.539913, 43.473267 ], [ 0.539553, 43.473278 ], [ 0.538784, 43.474094 ], [ 0.538729, 43.47445 ], [ 0.539619, 43.476505 ], [ 0.539463, 43.483705 ], [ 0.542163, 43.477193 ], [ 0.542507, 43.477088 ], [ 0.54689, 43.481226 ], [ 0.552219, 43.483232 ], [ 0.556507, 43.475663 ], [ 0.556754, 43.475401 ], [ 0.559607809604758, 43.474931600201025 ], [ 0.555615, 43.474633 ] ] ], [ [ [ 0.525552, 43.485297 ], [ 0.525206, 43.485396 ], [ 0.524084, 43.486278 ], [ 0.519704, 43.492362 ], [ 0.517897, 43.493202 ], [ 0.518049, 43.493529 ], [ 0.519856, 43.492689 ], [ 0.52842, 43.495341 ], [ 0.528783, 43.496416 ], [ 0.529142, 43.496431 ], [ 0.533977, 43.493845 ], [ 0.539713, 43.497821 ], [ 0.539899, 43.49813 ], [ 0.544614, 43.502884 ], [ 0.544762, 43.503213 ], [ 0.545666, 43.504761 ], [ 0.540087, 43.511056 ], [ 0.539335, 43.510943 ], [ 0.53858, 43.51083 ], [ 0.538047, 43.510759 ], [ 0.537496, 43.510687 ], [ 0.537105, 43.510677 ], [ 0.535411, 43.510797 ], [ 0.535222, 43.510795 ], [ 0.534929, 43.510823 ], [ 0.534635, 43.510852 ], [ 0.534669, 43.51121 ], [ 0.535291, 43.511441 ], [ 0.540851, 43.511835 ], [ 0.544989, 43.513606 ], [ 0.551995, 43.514419 ], [ 0.552355, 43.514402 ], [ 0.552349, 43.514274 ], [ 0.556904, 43.506556 ], [ 0.555941, 43.507019 ], [ 0.555324, 43.507236 ], [ 0.553269, 43.508113 ], [ 0.547718, 43.512552 ], [ 0.544563, 43.512263 ], [ 0.544322, 43.512242 ], [ 0.544113, 43.51218 ], [ 0.544216, 43.511835 ], [ 0.546855, 43.506165 ], [ 0.547175, 43.506001 ], [ 0.550037, 43.507173 ], [ 0.55617, 43.50383 ], [ 0.556426, 43.503768 ], [ 0.556681, 43.503706 ], [ 0.560112, 43.501935 ], [ 0.556913, 43.494137 ], [ 0.555917, 43.494013 ], [ 0.554924, 43.493889 ], [ 0.554667, 43.493863 ], [ 0.553511, 43.49385 ], [ 0.55261, 43.493861 ], [ 0.552013, 43.493928 ], [ 0.551428, 43.493993 ], [ 0.551021, 43.49407 ], [ 0.550617, 43.494146 ], [ 0.549217, 43.494598 ], [ 0.549004, 43.494698 ], [ 0.546619, 43.496568 ], [ 0.546259, 43.496563 ], [ 0.54559, 43.495961 ], [ 0.545447, 43.495631 ], [ 0.54498, 43.488396 ], [ 0.539065, 43.487025 ], [ 0.538576, 43.487226 ], [ 0.537751, 43.487671 ], [ 0.5369, 43.488126 ], [ 0.536253, 43.488354 ], [ 0.535593, 43.488585 ], [ 0.534886, 43.488776 ], [ 0.534173, 43.488969 ], [ 0.533462, 43.489142 ], [ 0.53273, 43.489319 ], [ 0.530143, 43.490429 ], [ 0.529783, 43.49041 ], [ 0.528712, 43.49031 ], [ 0.528638, 43.489957 ], [ 0.530468, 43.489355 ], [ 0.530714, 43.489268 ], [ 0.530945, 43.489187 ], [ 0.531833, 43.48907 ], [ 0.533377, 43.488792 ], [ 0.525552, 43.485297 ] ] ], [ [ [ 0.570284, 43.508258 ], [ 0.570373, 43.508535 ], [ 0.570823, 43.509254 ], [ 0.571259, 43.509948 ], [ 0.57296, 43.513392 ], [ 0.573279, 43.514427 ], [ 0.573391, 43.514757 ], [ 0.573502, 43.515087 ], [ 0.57973, 43.515386 ], [ 0.585241, 43.519104 ], [ 0.58781, 43.525509 ], [ 0.586917, 43.53353 ], [ 0.586915, 43.53389 ], [ 0.589262, 43.535557 ], [ 0.590721, 43.534849 ], [ 0.593398, 43.534048 ], [ 0.593767, 43.533994 ], [ 0.594111, 43.533943 ], [ 0.594686, 43.533807 ], [ 0.601012, 43.539889 ], [ 0.601054, 43.540247 ], [ 0.607926, 43.544854 ], [ 0.608989, 43.548415 ], [ 0.609048, 43.54877 ], [ 0.610096, 43.550284 ], [ 0.610456, 43.550273 ], [ 0.615808, 43.543779 ], [ 0.618928, 43.538466 ], [ 0.619809, 43.535549 ], [ 0.619863, 43.535193 ], [ 0.620326, 43.531895 ], [ 0.617977, 43.525602 ], [ 0.617913, 43.525248 ], [ 0.614789, 43.52296 ], [ 0.616254, 43.514097 ], [ 0.621276, 43.512415 ], [ 0.622741, 43.512415 ], [ 0.624206, 43.512415 ], [ 0.630272, 43.506414 ], [ 0.629295, 43.506692 ], [ 0.627645, 43.507053 ], [ 0.626005, 43.507412 ], [ 0.619471, 43.512141 ], [ 0.614557, 43.514361 ], [ 0.612372, 43.518803 ], [ 0.614795, 43.523515 ], [ 0.615395, 43.524511 ], [ 0.615374, 43.524871 ], [ 0.615343, 43.527435 ], [ 0.615339, 43.531539 ], [ 0.615079, 43.531789 ], [ 0.610276, 43.536749 ], [ 0.609707, 43.540528 ], [ 0.609356, 43.540608 ], [ 0.607359, 43.539023 ], [ 0.607246, 43.538681 ], [ 0.601329, 43.532253 ], [ 0.600811, 43.53235 ], [ 0.600266, 43.532449 ], [ 0.599947, 43.532457 ], [ 0.598292, 43.532671 ], [ 0.597884, 43.532772 ], [ 0.597426, 43.532872 ], [ 0.596967, 43.532972 ], [ 0.593293, 43.524923 ], [ 0.593347, 43.524567 ], [ 0.594122, 43.5164 ], [ 0.586115, 43.516792 ], [ 0.585343, 43.51668 ], [ 0.585048, 43.516475 ], [ 0.580305, 43.513653 ], [ 0.572534, 43.510492 ], [ 0.572208, 43.510119 ], [ 0.572203, 43.509759 ], [ 0.572565, 43.504322 ], [ 0.567454, 43.501418 ], [ 0.565802, 43.501783 ], [ 0.564866, 43.502098 ], [ 0.564524, 43.502147 ], [ 0.570284, 43.508258 ] ] ], [ [ [ 0.640896, 43.509319 ], [ 0.641294, 43.509604 ], [ 0.641693, 43.50989 ], [ 0.64939, 43.508258 ], [ 0.653878, 43.506643 ], [ 0.653841, 43.506285 ], [ 0.647966, 43.504119 ], [ 0.64131, 43.501872 ], [ 0.641412, 43.501997 ], [ 0.641797, 43.505985 ], [ 0.64182, 43.506344 ], [ 0.639114, 43.506651 ], [ 0.634348643815644, 43.506523269914524 ], [ 0.640896, 43.509319 ] ] ], [ [ [ 0.639912, 43.501924 ], [ 0.639653, 43.501927 ], [ 0.639383, 43.501931 ], [ 0.638991, 43.501962 ], [ 0.635822, 43.501365 ], [ 0.635228, 43.501037 ], [ 0.633044, 43.494293 ], [ 0.635776, 43.491424 ], [ 0.638222, 43.488316 ], [ 0.640136, 43.486601 ], [ 0.640237, 43.486256 ], [ 0.641506, 43.480657 ], [ 0.646899, 43.47578 ], [ 0.651251, 43.474082 ], [ 0.652476, 43.473251 ], [ 0.652347, 43.472915 ], [ 0.652124, 43.473001 ], [ 0.6519, 43.473086 ], [ 0.646808, 43.474693 ], [ 0.644302, 43.475309 ], [ 0.636736, 43.474938 ], [ 0.63303, 43.472694 ], [ 0.632113, 43.472976 ], [ 0.631196, 43.473259 ], [ 0.624277, 43.468514 ], [ 0.621862, 43.468322 ], [ 0.621101, 43.468323 ], [ 0.620341, 43.468324 ], [ 0.620342, 43.468684 ], [ 0.620289, 43.471436 ], [ 0.620345, 43.471792 ], [ 0.620184, 43.480782 ], [ 0.623707, 43.473546 ], [ 0.623817, 43.471923 ], [ 0.624079, 43.471676 ], [ 0.629695, 43.474367 ], [ 0.634486, 43.476316 ], [ 0.641533, 43.477139 ], [ 0.641738, 43.477435 ], [ 0.638388, 43.480903 ], [ 0.635539, 43.484614 ], [ 0.635202, 43.484741 ], [ 0.629676, 43.491587 ], [ 0.629685, 43.491947 ], [ 0.626971, 43.495606 ], [ 0.623568, 43.497474 ], [ 0.625529, 43.504902 ], [ 0.630174, 43.506068 ], [ 0.631162, 43.505787 ], [ 0.631495, 43.505716 ], [ 0.632844, 43.505543 ], [ 0.63418, 43.505372 ], [ 0.634703, 43.505229 ], [ 0.636649, 43.504252 ], [ 0.638615, 43.503266 ], [ 0.640726, 43.501921 ], [ 0.641019, 43.501836 ], [ 0.639912, 43.501924 ] ] ], [ [ [ 0.606446, 43.471754 ], [ 0.606882, 43.471708 ], [ 0.607098, 43.471645 ], [ 0.607286, 43.471556 ], [ 0.607491, 43.471458 ], [ 0.607722, 43.47131 ], [ 0.607871, 43.471153 ], [ 0.607953, 43.471005 ], [ 0.607993, 43.470867 ], [ 0.608197, 43.470294 ], [ 0.607927, 43.470055 ], [ 0.600065, 43.468338 ], [ 0.597576, 43.463755 ], [ 0.596085, 43.464013 ], [ 0.594593, 43.464271 ], [ 0.593912, 43.46438 ], [ 0.590034, 43.463849 ], [ 0.58571, 43.457673 ], [ 0.585682121071593, 43.457532410546747 ], [ 0.58555, 43.457705 ], [ 0.581368, 43.46445 ], [ 0.58609, 43.468206 ], [ 0.591342, 43.46587 ], [ 0.591702, 43.465868 ], [ 0.596829, 43.468993 ], [ 0.60355, 43.471859 ], [ 0.603692, 43.472191 ], [ 0.603765, 43.472599 ], [ 0.603789, 43.472758 ], [ 0.603756, 43.472907 ], [ 0.603665, 43.473056 ], [ 0.603521, 43.473203 ], [ 0.606446, 43.471754 ] ] ], [ [ [ 0.571108330956346, 43.459227323051451 ], [ 0.567573, 43.46741 ], [ 0.567847, 43.467434 ], [ 0.568128, 43.467459 ], [ 0.568437, 43.467522 ], [ 0.568726, 43.467581 ], [ 0.574699290979994, 43.462817501752184 ], [ 0.571108330956346, 43.459227323051451 ] ] ] ] } },
{ "type": "Feature", "properties": { "codgeo": "32426", "value": 480, "isochrone_group": 8.0, "nb_agences": 1 }, "geometry": { "type": "MultiPolygon", "coordinates": [ [ [ [ 0.55856, 43.465265 ], [ 0.558365, 43.465188 ], [ 0.558153, 43.465106 ], [ 0.557815, 43.465011 ], [ 0.55746, 43.464911 ], [ 0.556636, 43.464767 ], [ 0.555812, 43.464622 ], [ 0.552248, 43.468028 ], [ 0.552164, 43.468914 ], [ 0.549934330283846, 43.473162904008412 ], [ 0.552774, 43.471791 ], [ 0.55313, 43.471734 ], [ 0.555615, 43.474633 ], [ 0.560255, 43.47498 ], [ 0.56041, 43.466221 ], [ 0.560431, 43.465861 ], [ 0.560907133714782, 43.465889769408754 ], [ 0.55856, 43.465265 ] ] ], [ [ [ 0.543968822061875, 43.474968775948973 ], [ 0.545161, 43.475469 ], [ 0.546827744944647, 43.474663760553483 ], [ 0.543968822061875, 43.474968775948973 ] ] ], [ [ [ 0.539971, 43.472318 ], [ 0.540106, 43.469935 ], [ 0.540048, 43.46958 ], [ 0.538985, 43.468985 ], [ 0.538659, 43.469137 ], [ 0.536084, 43.471746 ], [ 0.533839, 43.474158 ], [ 0.53389, 43.474514 ], [ 0.538088, 43.477726 ], [ 0.539463, 43.483705 ], [ 0.539619, 43.476505 ], [ 0.538729, 43.47445 ], [ 0.538784, 43.474094 ], [ 0.539553, 43.473278 ], [ 0.539913, 43.473267 ], [ 0.54058927845021, 43.473550758602777 ], [ 0.539971, 43.472318 ] ] ], [ [ [ 0.528143, 43.483015 ], [ 0.523874, 43.478115 ], [ 0.523517, 43.478162 ], [ 0.521083, 43.481734 ], [ 0.517922, 43.487146 ], [ 0.512888, 43.494482 ], [ 0.511774, 43.494739 ], [ 0.510657, 43.494997 ], [ 0.509915, 43.495185 ], [ 0.509183, 43.495371 ], [ 0.508694, 43.495467 ], [ 0.507055, 43.495671 ], [ 0.505886, 43.495781 ], [ 0.50592, 43.49614 ], [ 0.507089, 43.496029 ], [ 0.508258, 43.495919 ], [ 0.508764, 43.49582 ], [ 0.509252, 43.495724 ], [ 0.510003, 43.495534 ], [ 0.510745, 43.495346 ], [ 0.511855, 43.49509 ], [ 0.512969, 43.494833 ], [ 0.51437, 43.494557 ], [ 0.515777, 43.494279 ], [ 0.516354, 43.494135 ], [ 0.516922, 43.493992 ], [ 0.517494, 43.493758 ], [ 0.518041, 43.493532 ], [ 0.51804872639027, 43.493528411379053 ], [ 0.517897, 43.493202 ], [ 0.519704, 43.492362 ], [ 0.524084, 43.486278 ], [ 0.525206, 43.485396 ], [ 0.525552, 43.485297 ], [ 0.533377, 43.488792 ], [ 0.534088, 43.488619 ], [ 0.534529110534426, 43.488215722387672 ], [ 0.528143, 43.483015 ] ] ], [ [ [ 0.52789, 43.498337 ], [ 0.527291, 43.499274 ], [ 0.526233, 43.501164 ], [ 0.526215, 43.501524 ], [ 0.529612, 43.50338 ], [ 0.527305, 43.510611 ], [ 0.527316, 43.510971 ], [ 0.528769, 43.513638 ], [ 0.532477, 43.516173 ], [ 0.532765, 43.515957 ], [ 0.53552, 43.513453 ], [ 0.54359, 43.515319 ], [ 0.543881, 43.515531 ], [ 0.551394, 43.518891 ], [ 0.551708, 43.519068 ], [ 0.553296, 43.519061 ], [ 0.553491, 43.518758 ], [ 0.55592, 43.515865 ], [ 0.556045, 43.515528 ], [ 0.555954994551172, 43.508163996499256 ], [ 0.552349, 43.514274 ], [ 0.552355, 43.514402 ], [ 0.551995, 43.514419 ], [ 0.544989, 43.513606 ], [ 0.540851, 43.511835 ], [ 0.535291, 43.511441 ], [ 0.534669, 43.51121 ], [ 0.534635, 43.510852 ], [ 0.534929, 43.510823 ], [ 0.535222, 43.510795 ], [ 0.535411, 43.510797 ], [ 0.537105, 43.510677 ], [ 0.537496, 43.510687 ], [ 0.538047, 43.510759 ], [ 0.53858, 43.51083 ], [ 0.539335, 43.510943 ], [ 0.540087, 43.511056 ], [ 0.545666, 43.504761 ], [ 0.544762, 43.503213 ], [ 0.544614, 43.502884 ], [ 0.539899, 43.49813 ], [ 0.539713, 43.497821 ], [ 0.533977, 43.493845 ], [ 0.529142, 43.496431 ], [ 0.528783, 43.496416 ], [ 0.52842, 43.495341 ], [ 0.524178671837429, 43.494027594781983 ], [ 0.52789, 43.498337 ] ] ], [ [ [ 0.569839, 43.517398 ], [ 0.569682, 43.517575 ], [ 0.569951, 43.517814 ], [ 0.571997, 43.516594 ], [ 0.578941, 43.517165 ], [ 0.583379, 43.520547 ], [ 0.582756, 43.527758 ], [ 0.580379, 43.531656 ], [ 0.575902, 43.533738 ], [ 0.574739, 43.5339 ], [ 0.574789, 43.534257 ], [ 0.578835, 43.535194 ], [ 0.584185, 43.53808 ], [ 0.584419, 43.538007 ], [ 0.584653, 43.537933 ], [ 0.585972, 43.537379 ], [ 0.587275, 43.536831 ], [ 0.588651, 43.53603 ], [ 0.596057, 43.539194 ], [ 0.596273, 43.541922 ], [ 0.59642, 43.542251 ], [ 0.603659, 43.547466 ], [ 0.603833, 43.549582 ], [ 0.603969, 43.549915 ], [ 0.607089, 43.552515 ], [ 0.609741876114084, 43.558251977417612 ], [ 0.609814, 43.558222 ], [ 0.610401, 43.55813 ], [ 0.611272341696007, 43.558458766274086 ], [ 0.612596, 43.555114 ], [ 0.612607, 43.554755 ], [ 0.613425, 43.54853 ], [ 0.618232, 43.546372 ], [ 0.618592, 43.546387 ], [ 0.618653, 43.546319 ], [ 0.620916, 43.541075 ], [ 0.623359, 43.535868 ], [ 0.625052, 43.528539 ], [ 0.62661, 43.525811 ], [ 0.626401, 43.525518 ], [ 0.620703, 43.524567 ], [ 0.620304, 43.524649 ], [ 0.619904, 43.524731 ], [ 0.614789, 43.52296 ], [ 0.617913, 43.525248 ], [ 0.617977, 43.525602 ], [ 0.620326, 43.531895 ], [ 0.619863, 43.535193 ], [ 0.619809, 43.535549 ], [ 0.618928, 43.538466 ], [ 0.615808, 43.543779 ], [ 0.610456, 43.550273 ], [ 0.610096, 43.550284 ], [ 0.609048, 43.54877 ], [ 0.608989, 43.548415 ], [ 0.607926, 43.544854 ], [ 0.601054, 43.540247 ], [ 0.601012, 43.539889 ], [ 0.594686, 43.533807 ], [ 0.594111, 43.533943 ], [ 0.593767, 43.533994 ], [ 0.593398, 43.534048 ], [ 0.590721, 43.534849 ], [ 0.589262, 43.535557 ], [ 0.586915, 43.53389 ], [ 0.586917, 43.53353 ], [ 0.58781, 43.525509 ], [ 0.585241, 43.519104 ], [ 0.57973, 43.515386 ], [ 0.573502, 43.515087 ], [ 0.573391, 43.514757 ], [ 0.573279, 43.514427 ], [ 0.57296, 43.513392 ], [ 0.571259, 43.509948 ], [ 0.570823, 43.509254 ], [ 0.570373, 43.508535 ], [ 0.569839, 43.517398 ] ] ], [ [ [ 0.618669, 43.515295 ], [ 0.626149, 43.512846 ], [ 0.626513, 43.512869 ], [ 0.626638, 43.512577 ], [ 0.63152226757571, 43.506097849212232 ], [ 0.631238, 43.506139 ], [ 0.630272, 43.506414 ], [ 0.624206, 43.512415 ], [ 0.622741, 43.512415 ], [ 0.621276, 43.512415 ], [ 0.616254, 43.514097 ], [ 0.614789, 43.52296 ], [ 0.618669, 43.515295 ] ] ], [ [ [ 0.641719, 43.509906 ], [ 0.645559, 43.512941 ], [ 0.645891, 43.512801 ], [ 0.649888, 43.508807 ], [ 0.657503, 43.506635 ], [ 0.658795, 43.506714 ], [ 0.659055, 43.506719 ], [ 0.660975, 43.506878 ], [ 0.662273, 43.506959 ], [ 0.666153, 43.506783 ], [ 0.666194, 43.506426 ], [ 0.665024, 43.506291 ], [ 0.663853, 43.506156 ], [ 0.656253, 43.502219 ], [ 0.65492, 43.50245 ], [ 0.653586, 43.502681 ], [ 0.652779, 43.502829 ], [ 0.651974, 43.502977 ], [ 0.650386, 43.503307 ], [ 0.648803, 43.503637 ], [ 0.64131, 43.501872 ], [ 0.647966, 43.504119 ], [ 0.653841, 43.506285 ], [ 0.653878, 43.506643 ], [ 0.64939, 43.508258 ], [ 0.641695708036523, 43.50988942581322 ], [ 0.641719, 43.509906 ] ] ], [ [ [ 0.638589, 43.498565 ], [ 0.640996, 43.492473 ], [ 0.647554, 43.486614 ], [ 0.647581, 43.486255 ], [ 0.646748, 43.486193 ], [ 0.645914, 43.48613 ], [ 0.641506, 43.480657 ], [ 0.640237, 43.486256 ], [ 0.640136, 43.486601 ], [ 0.638222, 43.488316 ], [ 0.635776, 43.491424 ], [ 0.633044, 43.494293 ], [ 0.635228, 43.501037 ], [ 0.635822, 43.501365 ], [ 0.638991, 43.501962 ], [ 0.639383, 43.501931 ], [ 0.639653, 43.501927 ], [ 0.639912, 43.501924 ], [ 0.641019, 43.501836 ], [ 0.641164, 43.501824 ], [ 0.64131, 43.501872 ], [ 0.638589, 43.498565 ] ] ], [ [ [ 0.651364, 43.476161 ], [ 0.651724, 43.476168 ], [ 0.657753, 43.474827 ], [ 0.663966, 43.472222 ], [ 0.664064, 43.471876 ], [ 0.657506, 43.468287 ], [ 0.657191, 43.468461 ], [ 0.650654812104171, 43.473478972692185 ], [ 0.6519, 43.473086 ], [ 0.652124, 43.473001 ], [ 0.652347, 43.472915 ], [ 0.652476, 43.473251 ], [ 0.651251, 43.474082 ], [ 0.646899, 43.47578 ], [ 0.651364, 43.476161 ] ] ], [ [ [ 0.637204, 43.474662 ], [ 0.633979, 43.472402 ], [ 0.628742, 43.468269 ], [ 0.627842, 43.468351 ], [ 0.626941, 43.468434 ], [ 0.626277, 43.468454 ], [ 0.618238, 43.464961 ], [ 0.617884, 43.464873 ], [ 0.6176, 43.465094 ], [ 0.613417, 43.467163 ], [ 0.612597, 43.467396 ], [ 0.612258, 43.467517 ], [ 0.612032, 43.46762 ], [ 0.61182, 43.467717 ], [ 0.611534, 43.467881 ], [ 0.611349, 43.468013 ], [ 0.611188, 43.468165 ], [ 0.609218, 43.469461 ], [ 0.608094, 43.469932 ], [ 0.602548910829579, 43.468880466916097 ], [ 0.607927, 43.470055 ], [ 0.608197, 43.470294 ], [ 0.607993, 43.470867 ], [ 0.607953, 43.471005 ], [ 0.607871, 43.471153 ], [ 0.607722, 43.47131 ], [ 0.607491, 43.471458 ], [ 0.607286, 43.471556 ], [ 0.607098, 43.471645 ], [ 0.606882, 43.471708 ], [ 0.606446, 43.471754 ], [ 0.603521, 43.473203 ], [ 0.603326, 43.473341 ], [ 0.60306, 43.473472 ], [ 0.606002, 43.481952 ], [ 0.606585, 43.481764 ], [ 0.606773, 43.481716 ], [ 0.606961, 43.481667 ], [ 0.614812, 43.483804 ], [ 0.61499, 43.483743 ], [ 0.618049, 43.48198 ], [ 0.618249, 43.481833 ], [ 0.618478, 43.481721 ], [ 0.620184, 43.480782 ], [ 0.620345, 43.471792 ], [ 0.620289, 43.471436 ], [ 0.620342, 43.468684 ], [ 0.620341, 43.468324 ], [ 0.621101, 43.468323 ], [ 0.621862, 43.468322 ], [ 0.624277, 43.468514 ], [ 0.631196, 43.473259 ], [ 0.632113, 43.472976 ], [ 0.63303, 43.472694 ], [ 0.636736, 43.474938 ], [ 0.641148998359543, 43.475154392068653 ], [ 0.637204, 43.474662 ] ] ], [ [ [ 0.599881, 43.462654 ], [ 0.599911, 43.462451 ], [ 0.600083, 43.460763 ], [ 0.599783, 43.460565 ], [ 0.599487, 43.461011 ], [ 0.599191, 43.461458 ], [ 0.594593, 43.464271 ], [ 0.596085, 43.464013 ], [ 0.597576, 43.463755 ], [ 0.600065, 43.468338 ], [ 0.600237805653835, 43.468375739418427 ], [ 0.599881, 43.462654 ] ] ], [ [ [ 0.588799, 43.461589 ], [ 0.586117061345459, 43.457539890244881 ], [ 0.586002, 43.457616 ], [ 0.585838701325431, 43.457856825019853 ], [ 0.590034, 43.463849 ], [ 0.593912, 43.46438 ], [ 0.594593, 43.464271 ], [ 0.588799, 43.461589 ] ] ], [ [ [ 0.571064, 43.45919 ], [ 0.570702, 43.459133 ], [ 0.568619, 43.459323 ], [ 0.568380412693939, 43.459341774083093 ], [ 0.568382, 43.459344 ], [ 0.563019, 43.466251 ], [ 0.563885, 43.466492 ], [ 0.564216, 43.466613 ], [ 0.565997, 43.467124 ], [ 0.5663, 43.46716 ], [ 0.56678, 43.467264 ], [ 0.567244, 43.467366 ], [ 0.567573, 43.46741 ], [ 0.571078411488598, 43.459296572958188 ], [ 0.571064, 43.45919 ] ] ] ] } },
{ "type": "Feature", "properties": { "codgeo": "32426", "value": 540, "isochrone_group": 9.0, "nb_agences": 1 }, "geometry": { "type": "MultiPolygon", "coordinates": [ [ [ [ 0.547405, 43.465444 ], [ 0.538637, 43.465987 ], [ 0.537315, 43.464801 ], [ 0.536374, 43.464093 ], [ 0.535579, 43.464035 ], [ 0.534644, 43.465249 ], [ 0.534106, 43.466219 ], [ 0.530141, 43.47061 ], [ 0.52496, 43.470584 ], [ 0.522964, 43.469365 ], [ 0.522447, 43.46937 ], [ 0.52166, 43.469432 ], [ 0.521409, 43.469992 ], [ 0.521336, 43.470432 ], [ 0.521941, 43.473021 ], [ 0.521548, 43.475472 ], [ 0.51447, 43.479274 ], [ 0.513752, 43.482802 ], [ 0.511979, 43.487207 ], [ 0.508072, 43.493948 ], [ 0.505866, 43.494163 ], [ 0.503522, 43.494181 ], [ 0.499266, 43.492999 ], [ 0.492462, 43.495235 ], [ 0.492375, 43.497003 ], [ 0.492425, 43.498487 ], [ 0.492663, 43.49883 ], [ 0.494275, 43.498739 ], [ 0.495896, 43.498697 ], [ 0.497313, 43.498674 ], [ 0.501244, 43.498125 ], [ 0.505892, 43.497763 ], [ 0.50841, 43.497532 ], [ 0.509566, 43.497313 ], [ 0.511143, 43.496917 ], [ 0.513334, 43.496411 ], [ 0.519513, 43.502729 ], [ 0.523392, 43.508222 ], [ 0.522123, 43.511591 ], [ 0.522698, 43.516123 ], [ 0.529353, 43.519539 ], [ 0.534307, 43.52446 ], [ 0.535332, 43.523729 ], [ 0.537264, 43.522406 ], [ 0.536276, 43.520983 ], [ 0.536603, 43.515479 ], [ 0.539261474423377, 43.514318129030244 ], [ 0.53552, 43.513453 ], [ 0.532765, 43.515957 ], [ 0.532477, 43.516173 ], [ 0.528769, 43.513638 ], [ 0.527316, 43.510971 ], [ 0.527305, 43.510611 ], [ 0.529612, 43.50338 ], [ 0.526215, 43.501524 ], [ 0.526233, 43.501164 ], [ 0.527291, 43.499274 ], [ 0.52789, 43.498337 ], [ 0.522181, 43.491708 ], [ 0.521663, 43.491849 ], [ 0.519856, 43.492689 ], [ 0.518041, 43.493532 ], [ 0.517494, 43.493758 ], [ 0.516922, 43.493992 ], [ 0.516354, 43.494135 ], [ 0.515777, 43.494279 ], [ 0.51437, 43.494557 ], [ 0.512969, 43.494833 ], [ 0.511855, 43.49509 ], [ 0.510745, 43.495346 ], [ 0.510003, 43.495534 ], [ 0.509252, 43.495724 ], [ 0.508764, 43.49582 ], [ 0.508258, 43.495919 ], [ 0.507089, 43.496029 ], [ 0.50592, 43.49614 ], [ 0.505886, 43.495781 ], [ 0.507055, 43.495671 ], [ 0.508694, 43.495467 ], [ 0.509183, 43.495371 ], [ 0.509915, 43.495185 ], [ 0.510657, 43.494997 ], [ 0.511774, 43.494739 ], [ 0.512888, 43.494482 ], [ 0.517922, 43.487146 ], [ 0.521083, 43.481734 ], [ 0.523517, 43.478162 ], [ 0.523874, 43.478115 ], [ 0.528143, 43.483015 ], [ 0.534791, 43.488429 ], [ 0.535499, 43.488237 ], [ 0.539463, 43.483705 ], [ 0.538088, 43.477726 ], [ 0.53389, 43.474514 ], [ 0.533839, 43.474158 ], [ 0.536084, 43.471746 ], [ 0.538659, 43.469137 ], [ 0.538985, 43.468985 ], [ 0.540048, 43.46958 ], [ 0.540106, 43.469935 ], [ 0.539971, 43.472318 ], [ 0.541436, 43.475239 ], [ 0.549225, 43.474408 ], [ 0.549335, 43.474305 ], [ 0.552164, 43.468914 ], [ 0.552248, 43.468028 ], [ 0.555812, 43.464622 ], [ 0.556636, 43.464767 ], [ 0.55746, 43.464911 ], [ 0.557815, 43.465011 ], [ 0.558153, 43.465106 ], [ 0.558365, 43.465188 ], [ 0.55856, 43.465265 ], [ 0.560908, 43.46589 ], [ 0.561755, 43.465941 ], [ 0.561955, 43.465974 ], [ 0.562135, 43.466005 ], [ 0.563019, 43.466251 ], [ 0.567349745248988, 43.46067343941175 ], [ 0.567588, 43.459094 ], [ 0.563534, 43.455674 ], [ 0.560254205656464, 43.45576341749905 ], [ 0.555127, 43.462148 ], [ 0.549739, 43.462703 ], [ 0.547405, 43.465444 ] ] ], [ [ [ 0.546919, 43.520794 ], [ 0.54754, 43.52434 ], [ 0.549497, 43.524013 ], [ 0.554558, 43.524016 ], [ 0.557028, 43.521916 ], [ 0.557136, 43.521503 ], [ 0.560331, 43.517582 ], [ 0.56822, 43.520891 ], [ 0.568373, 43.521829 ], [ 0.568919, 43.52268 ], [ 0.569449, 43.52304 ], [ 0.57007, 43.523238 ], [ 0.570792, 43.523336 ], [ 0.576141, 43.52719 ], [ 0.572287, 43.532608 ], [ 0.571604, 43.532734 ], [ 0.570941, 43.532935 ], [ 0.569215, 43.533178 ], [ 0.568137, 43.533175 ], [ 0.567722, 43.533192 ], [ 0.567418, 43.533236 ], [ 0.567001, 43.535232 ], [ 0.567922, 43.5368 ], [ 0.569851, 43.536877 ], [ 0.570346, 43.536899 ], [ 0.578292, 43.540351 ], [ 0.583382, 43.542048 ], [ 0.591636, 43.542326 ], [ 0.592877, 43.545705 ], [ 0.599697, 43.550052 ], [ 0.601212, 43.549768 ], [ 0.604928, 43.55125 ], [ 0.602235, 43.559694 ], [ 0.607327, 43.556491 ], [ 0.607958852920284, 43.554396100490834 ], [ 0.607089, 43.552515 ], [ 0.603969, 43.549915 ], [ 0.603833, 43.549582 ], [ 0.603659, 43.547466 ], [ 0.59642, 43.542251 ], [ 0.596273, 43.541922 ], [ 0.596057, 43.539194 ], [ 0.588651, 43.53603 ], [ 0.587275, 43.536831 ], [ 0.585972, 43.537379 ], [ 0.584653, 43.537933 ], [ 0.584419, 43.538007 ], [ 0.584185, 43.53808 ], [ 0.578835, 43.535194 ], [ 0.574789, 43.534257 ], [ 0.574739, 43.5339 ], [ 0.575902, 43.533738 ], [ 0.580379, 43.531656 ], [ 0.582756, 43.527758 ], [ 0.583379, 43.520547 ], [ 0.578941, 43.517165 ], [ 0.571997, 43.516594 ], [ 0.569951, 43.517814 ], [ 0.569682, 43.517575 ], [ 0.569839, 43.517398 ], [ 0.570373, 43.508535 ], [ 0.570284, 43.508258 ], [ 0.564524, 43.502147 ], [ 0.559154, 43.50516 ], [ 0.558833, 43.505712 ], [ 0.558566, 43.505867 ], [ 0.558196, 43.505988 ], [ 0.556904, 43.506556 ], [ 0.555941, 43.507019 ], [ 0.556045, 43.515528 ], [ 0.55592, 43.515865 ], [ 0.553491, 43.518758 ], [ 0.553296, 43.519061 ], [ 0.551708, 43.519068 ], [ 0.551394, 43.518891 ], [ 0.544797492454635, 43.51594087816418 ], [ 0.546919, 43.520794 ] ] ], [ [ [ 0.616341, 43.558798 ], [ 0.617645243869403, 43.559165005140564 ], [ 0.617591, 43.558792 ], [ 0.621636, 43.551616 ], [ 0.623415, 43.550252 ], [ 0.623433, 43.550037 ], [ 0.624076, 43.541599 ], [ 0.626721, 43.535115 ], [ 0.629545, 43.528938 ], [ 0.633525, 43.521955 ], [ 0.633773, 43.521545 ], [ 0.633661, 43.520525 ], [ 0.633517, 43.519943 ], [ 0.633219, 43.519254 ], [ 0.632375, 43.51873 ], [ 0.631817, 43.518863 ], [ 0.63053, 43.519354 ], [ 0.630075, 43.519606 ], [ 0.628197, 43.52085 ], [ 0.627228, 43.521258 ], [ 0.626738, 43.521546 ], [ 0.626164, 43.522131 ], [ 0.618676, 43.523366 ], [ 0.616047387994875, 43.520474035056537 ], [ 0.614789, 43.52296 ], [ 0.619904, 43.524731 ], [ 0.620304, 43.524649 ], [ 0.620703, 43.524567 ], [ 0.626401, 43.525518 ], [ 0.62661, 43.525811 ], [ 0.625052, 43.528539 ], [ 0.623359, 43.535868 ], [ 0.620916, 43.541075 ], [ 0.618653, 43.546319 ], [ 0.618592, 43.546387 ], [ 0.618232, 43.546372 ], [ 0.613425, 43.54853 ], [ 0.612781088715814, 43.553430180616218 ], [ 0.616341, 43.558798 ] ] ], [ [ [ 0.63158, 43.507722 ], [ 0.631747, 43.50768 ], [ 0.634561, 43.507315 ], [ 0.639484, 43.510147 ], [ 0.639952, 43.510635 ], [ 0.640985, 43.51135 ], [ 0.641361, 43.511517 ], [ 0.644185, 43.513804 ], [ 0.645293, 43.5164 ], [ 0.645431, 43.517069 ], [ 0.645698, 43.517603 ], [ 0.645826, 43.517785 ], [ 0.648719, 43.51685 ], [ 0.650013, 43.516224 ], [ 0.652769, 43.508388 ], [ 0.654976, 43.508151 ], [ 0.655343, 43.508137 ], [ 0.656118, 43.508172 ], [ 0.658762, 43.508334 ], [ 0.659394, 43.508343 ], [ 0.662457, 43.508179 ], [ 0.668205, 43.509503 ], [ 0.668762, 43.509625 ], [ 0.669216, 43.509645 ], [ 0.676589, 43.510508 ], [ 0.677946, 43.509982 ], [ 0.678463, 43.507668 ], [ 0.678351, 43.507438 ], [ 0.676787, 43.506574 ], [ 0.674799, 43.506202 ], [ 0.674301, 43.506097 ], [ 0.667301, 43.503821 ], [ 0.659756, 43.499713 ], [ 0.659206, 43.499825 ], [ 0.657343, 43.500328 ], [ 0.656317, 43.500567 ], [ 0.653309, 43.501085 ], [ 0.651682, 43.501383 ], [ 0.644507, 43.498022 ], [ 0.64569, 43.493689 ], [ 0.650493, 43.488104 ], [ 0.651053, 43.487946 ], [ 0.653266, 43.487491 ], [ 0.652542, 43.483965 ], [ 0.660261, 43.480193 ], [ 0.668607, 43.481446 ], [ 0.669047, 43.481346 ], [ 0.66989, 43.479052 ], [ 0.669345, 43.475335 ], [ 0.670845, 43.468744 ], [ 0.67003, 43.465237 ], [ 0.669199, 43.46543 ], [ 0.668637, 43.465604 ], [ 0.664029, 43.466354 ], [ 0.657096, 43.460683 ], [ 0.653511, 43.460363 ], [ 0.652354, 43.463671 ], [ 0.652221, 43.464841 ], [ 0.649655, 43.472299 ], [ 0.647761, 43.472893 ], [ 0.646541, 43.473095 ], [ 0.642039, 43.474735 ], [ 0.641658, 43.474942 ], [ 0.64133444837657, 43.47517753887611 ], [ 0.643934, 43.475502 ], [ 0.645003, 43.475258 ], [ 0.646808, 43.474693 ], [ 0.647455, 43.474585 ], [ 0.649317, 43.474115 ], [ 0.650208, 43.473822 ], [ 0.657191, 43.468461 ], [ 0.657506, 43.468287 ], [ 0.664064, 43.471876 ], [ 0.663966, 43.472222 ], [ 0.657753, 43.474827 ], [ 0.651724, 43.476168 ], [ 0.651364, 43.476161 ], [ 0.646899, 43.47578 ], [ 0.641506, 43.480657 ], [ 0.645914, 43.48613 ], [ 0.646748, 43.486193 ], [ 0.647581, 43.486255 ], [ 0.647554, 43.486614 ], [ 0.640996, 43.492473 ], [ 0.638589, 43.498565 ], [ 0.64131, 43.501872 ], [ 0.648803, 43.503637 ], [ 0.650386, 43.503307 ], [ 0.651974, 43.502977 ], [ 0.652779, 43.502829 ], [ 0.653586, 43.502681 ], [ 0.65492, 43.50245 ], [ 0.656253, 43.502219 ], [ 0.663853, 43.506156 ], [ 0.665024, 43.506291 ], [ 0.666194, 43.506426 ], [ 0.666153, 43.506783 ], [ 0.662273, 43.506959 ], [ 0.660975, 43.506878 ], [ 0.659055, 43.506719 ], [ 0.658795, 43.506714 ], [ 0.657503, 43.506635 ], [ 0.649888, 43.508807 ], [ 0.645891, 43.512801 ], [ 0.645559, 43.512941 ], [ 0.641719, 43.509906 ], [ 0.641296, 43.509605 ], [ 0.640896, 43.509319 ], [ 0.640794, 43.509194 ], [ 0.632889, 43.5059 ], [ 0.631541, 43.506073 ], [ 0.629944259844032, 43.508191131342926 ], [ 0.63158, 43.507722 ] ] ], [ [ [ 0.629728, 43.466419 ], [ 0.62487, 43.46178 ], [ 0.622551, 43.461173 ], [ 0.615014, 43.46091 ], [ 0.614057, 43.460783 ], [ 0.613127, 43.460694 ], [ 0.612085, 43.462596 ], [ 0.612181, 43.463095 ], [ 0.612211, 43.463171 ], [ 0.612782, 43.464277 ], [ 0.612670024755769, 43.467375250282821 ], [ 0.613417, 43.467163 ], [ 0.6176, 43.465094 ], [ 0.617884, 43.464873 ], [ 0.618238, 43.464961 ], [ 0.626277, 43.468454 ], [ 0.626941, 43.468434 ], [ 0.627842, 43.468351 ], [ 0.628742, 43.468269 ], [ 0.630149150298955, 43.469379512160685 ], [ 0.629728, 43.466419 ] ] ], [ [ [ 0.601164, 43.463697 ], [ 0.60147, 43.462968 ], [ 0.601515, 43.46223 ], [ 0.60169, 43.461126 ], [ 0.601908, 43.460285 ], [ 0.601947, 43.459676 ], [ 0.601908, 43.459292 ], [ 0.601699, 43.458497 ], [ 0.601407, 43.457987 ], [ 0.60035, 43.455694 ], [ 0.599366, 43.455882 ], [ 0.599031, 43.455923 ], [ 0.598607, 43.455974 ], [ 0.59124, 43.451409 ], [ 0.590862, 43.450468 ], [ 0.590797, 43.450358 ], [ 0.588043601250027, 43.44561166501196 ], [ 0.588869, 43.450743 ], [ 0.591768, 43.452847 ], [ 0.592478, 43.453435 ], [ 0.592877, 43.45395 ], [ 0.593389, 43.454627 ], [ 0.593144, 43.454891 ], [ 0.586134091070911, 43.457565601208607 ], [ 0.588799, 43.461589 ], [ 0.594593, 43.464271 ], [ 0.599191, 43.461458 ], [ 0.599487, 43.461011 ], [ 0.599783, 43.460565 ], [ 0.600083, 43.460763 ], [ 0.599911, 43.462451 ], [ 0.599881, 43.462654 ], [ 0.600153448640917, 43.467022989424549 ], [ 0.601164, 43.463697 ] ] ], [ [ [ 0.600468296407674, 43.560323261437034 ], [ 0.601858, 43.559828 ], [ 0.600468, 43.560321 ], [ 0.600468296407674, 43.560323261437034 ] ] ] ] } },
{ "type": "Feature", "properties": { "codgeo": "32426", "value": 600, "isochrone_group": 10.0, "nb_agences": 1 }, "geometry": { "type": "MultiPolygon", "coordinates": [ [ [ [ 0.546322, 43.459553 ], [ 0.545897, 43.459283 ], [ 0.538308, 43.460536 ], [ 0.53287, 43.462271 ], [ 0.531627, 43.46565 ], [ 0.52297, 43.465742 ], [ 0.521658, 43.464048 ], [ 0.520208, 43.46216 ], [ 0.519183, 43.462375 ], [ 0.51809, 43.463566 ], [ 0.515105, 43.471261 ], [ 0.51516, 43.471882 ], [ 0.509665, 43.478757 ], [ 0.507799, 43.478691 ], [ 0.507671, 43.482289 ], [ 0.506275, 43.49088 ], [ 0.50087, 43.48975 ], [ 0.496026, 43.492294 ], [ 0.488973, 43.495714 ], [ 0.488590288642864, 43.495736177924123 ], [ 0.488651, 43.495757 ], [ 0.489052, 43.495705 ], [ 0.489637, 43.495658 ], [ 0.490051, 43.49565 ], [ 0.490118, 43.499249 ], [ 0.48863, 43.499445 ], [ 0.488226, 43.499512 ], [ 0.487831, 43.49954 ], [ 0.486081, 43.49962 ], [ 0.485167794033572, 43.499742348656952 ], [ 0.485948, 43.499643 ], [ 0.493099, 43.502655 ], [ 0.496, 43.50055 ], [ 0.501244, 43.498125 ], [ 0.497313, 43.498674 ], [ 0.495896, 43.498697 ], [ 0.494275, 43.498739 ], [ 0.492663, 43.49883 ], [ 0.492425, 43.498487 ], [ 0.492375, 43.497003 ], [ 0.492462, 43.495235 ], [ 0.499266, 43.492999 ], [ 0.503522, 43.494181 ], [ 0.505866, 43.494163 ], [ 0.508072, 43.493948 ], [ 0.511979, 43.487207 ], [ 0.513752, 43.482802 ], [ 0.51447, 43.479274 ], [ 0.521548, 43.475472 ], [ 0.521941, 43.473021 ], [ 0.521336, 43.470432 ], [ 0.521409, 43.469992 ], [ 0.52166, 43.469432 ], [ 0.522447, 43.46937 ], [ 0.522964, 43.469365 ], [ 0.52496, 43.470584 ], [ 0.530141, 43.47061 ], [ 0.534106, 43.466219 ], [ 0.534644, 43.465249 ], [ 0.535579, 43.464035 ], [ 0.536374, 43.464093 ], [ 0.537315, 43.464801 ], [ 0.538637, 43.465987 ], [ 0.547405, 43.465444 ], [ 0.549739, 43.462703 ], [ 0.550043158881752, 43.46267166960294 ], [ 0.54967, 43.462649 ], [ 0.548733, 43.462023 ], [ 0.547093, 43.460384 ], [ 0.546322, 43.459553 ] ] ], [ [ [ 0.512807, 43.502059 ], [ 0.51546, 43.510511 ], [ 0.51695, 43.515099 ], [ 0.518242, 43.51846 ], [ 0.518933, 43.518194 ], [ 0.521088, 43.517835 ], [ 0.526894, 43.523484 ], [ 0.528303, 43.526797 ], [ 0.534918, 43.530711 ], [ 0.53792, 43.531557 ], [ 0.537986, 43.531486 ], [ 0.538444, 43.529981 ], [ 0.544145, 43.525199 ], [ 0.548575, 43.526663 ], [ 0.550158, 43.527581 ], [ 0.556879, 43.527104 ], [ 0.561303, 43.532802 ], [ 0.559229, 43.535795 ], [ 0.557652, 43.536476 ], [ 0.559079, 43.539781 ], [ 0.566426, 43.540976 ], [ 0.56849, 43.540512 ], [ 0.576655, 43.542213 ], [ 0.579611, 43.544268 ], [ 0.584713, 43.543491 ], [ 0.589884, 43.546313 ], [ 0.596601, 43.550692 ], [ 0.598977, 43.558809 ], [ 0.598939933077903, 43.55884744560678 ], [ 0.59921, 43.558894 ], [ 0.603030277830915, 43.557200377272842 ], [ 0.604928, 43.55125 ], [ 0.601212, 43.549768 ], [ 0.599697, 43.550052 ], [ 0.592877, 43.545705 ], [ 0.591636, 43.542326 ], [ 0.583382, 43.542048 ], [ 0.578292, 43.540351 ], [ 0.570346, 43.536899 ], [ 0.569851, 43.536877 ], [ 0.567922, 43.5368 ], [ 0.567001, 43.535232 ], [ 0.567418, 43.533236 ], [ 0.567722, 43.533192 ], [ 0.568137, 43.533175 ], [ 0.569215, 43.533178 ], [ 0.570941, 43.532935 ], [ 0.571604, 43.532734 ], [ 0.572287, 43.532608 ], [ 0.576141, 43.52719 ], [ 0.570792, 43.523336 ], [ 0.57007, 43.523238 ], [ 0.569449, 43.52304 ], [ 0.568919, 43.52268 ], [ 0.568373, 43.521829 ], [ 0.56822, 43.520891 ], [ 0.560331, 43.517582 ], [ 0.557136, 43.521503 ], [ 0.557028, 43.521916 ], [ 0.554558, 43.524016 ], [ 0.549497, 43.524013 ], [ 0.54754, 43.52434 ], [ 0.546919, 43.520794 ], [ 0.543859, 43.513794 ], [ 0.541261, 43.513445 ], [ 0.536603, 43.515479 ], [ 0.536276, 43.520983 ], [ 0.537264, 43.522406 ], [ 0.535332, 43.523729 ], [ 0.534307, 43.52446 ], [ 0.529353, 43.519539 ], [ 0.522698, 43.516123 ], [ 0.522123, 43.511591 ], [ 0.523392, 43.508222 ], [ 0.519513, 43.502729 ], [ 0.513334, 43.496411 ], [ 0.511143, 43.496917 ], [ 0.509566, 43.497313 ], [ 0.50841, 43.497532 ], [ 0.505892, 43.497763 ], [ 0.512807, 43.502059 ] ] ], [ [ [ 0.622189, 43.554448 ], [ 0.623179, 43.555973 ], [ 0.623597871063122, 43.557481201355642 ], [ 0.625834, 43.553228 ], [ 0.629928, 43.550388 ], [ 0.630571, 43.550085 ], [ 0.631994, 43.549467 ], [ 0.632591, 43.549178 ], [ 0.631022, 43.545938 ], [ 0.626654, 43.539912 ], [ 0.625856, 43.538146 ], [ 0.625669606817033, 43.537692403931331 ], [ 0.624076, 43.541599 ], [ 0.623433, 43.550037 ], [ 0.623415, 43.550252 ], [ 0.621636, 43.551616 ], [ 0.620956067220016, 43.552822229327354 ], [ 0.622189, 43.554448 ] ] ], [ [ [ 0.629682, 43.528901 ], [ 0.630885, 43.528609 ], [ 0.631243, 43.52855 ], [ 0.636866, 43.526109 ], [ 0.640256, 43.524896 ], [ 0.648148, 43.521545 ], [ 0.651573, 43.520629 ], [ 0.652991, 43.515474 ], [ 0.656118, 43.508172 ], [ 0.655343, 43.508137 ], [ 0.654976, 43.508151 ], [ 0.652769, 43.508388 ], [ 0.650013, 43.516224 ], [ 0.648719, 43.51685 ], [ 0.645826, 43.517785 ], [ 0.645698, 43.517603 ], [ 0.645431, 43.517069 ], [ 0.645293, 43.5164 ], [ 0.644185, 43.513804 ], [ 0.641361, 43.511517 ], [ 0.640985, 43.51135 ], [ 0.639952, 43.510635 ], [ 0.639484, 43.510147 ], [ 0.634561, 43.507315 ], [ 0.631747, 43.50768 ], [ 0.63158, 43.507722 ], [ 0.629739, 43.50825 ], [ 0.626351, 43.508994 ], [ 0.625314, 43.509223 ], [ 0.622532, 43.509834 ], [ 0.621839, 43.509899 ], [ 0.618238, 43.510872 ], [ 0.613865, 43.518073 ], [ 0.618676, 43.523366 ], [ 0.626164, 43.522131 ], [ 0.626738, 43.521546 ], [ 0.627228, 43.521258 ], [ 0.628197, 43.52085 ], [ 0.630075, 43.519606 ], [ 0.63053, 43.519354 ], [ 0.631817, 43.518863 ], [ 0.632375, 43.51873 ], [ 0.633219, 43.519254 ], [ 0.633517, 43.519943 ], [ 0.633661, 43.520525 ], [ 0.633773, 43.521545 ], [ 0.633525, 43.521955 ], [ 0.629545, 43.528938 ], [ 0.629109150856004, 43.529891342833729 ], [ 0.629682, 43.528901 ] ] ], [ [ [ 0.672345, 43.511072 ], [ 0.67753, 43.512031 ], [ 0.68099, 43.513026 ], [ 0.681247207237616, 43.512918879875905 ], [ 0.681216, 43.512387 ], [ 0.684554, 43.511039 ], [ 0.684662349852904, 43.511065708086996 ], [ 0.68467, 43.511047 ], [ 0.684807, 43.510416 ], [ 0.6848, 43.509923 ], [ 0.684625, 43.508929 ], [ 0.683936, 43.505894 ], [ 0.678298, 43.501475 ], [ 0.676458, 43.501746 ], [ 0.675905, 43.502645 ], [ 0.669463, 43.504427 ], [ 0.666738, 43.501886 ], [ 0.665452, 43.498524 ], [ 0.66497, 43.498708 ], [ 0.663441, 43.49908 ], [ 0.662607, 43.499218 ], [ 0.661906, 43.499377 ], [ 0.661132, 43.499554 ], [ 0.659925, 43.499686 ], [ 0.659763687501544, 43.499717185587308 ], [ 0.667301, 43.503821 ], [ 0.674301, 43.506097 ], [ 0.674799, 43.506202 ], [ 0.676787, 43.506574 ], [ 0.678351, 43.507438 ], [ 0.678463, 43.507668 ], [ 0.677946, 43.509982 ], [ 0.676589, 43.510508 ], [ 0.669216, 43.509645 ], [ 0.668762, 43.509625 ], [ 0.668205, 43.509503 ], [ 0.672345, 43.511072 ] ] ], [ [ [ 0.650569, 43.496505 ], [ 0.649818, 43.492984 ], [ 0.649460926025315, 43.489304111003236 ], [ 0.64569, 43.493689 ], [ 0.644507, 43.498022 ], [ 0.651682, 43.501383 ], [ 0.653309, 43.501085 ], [ 0.656317, 43.500567 ], [ 0.657343, 43.500328 ], [ 0.650569, 43.496505 ] ] ], [ [ [ 0.658964, 43.482846 ], [ 0.66278, 43.48357 ], [ 0.667215, 43.488651 ], [ 0.669657, 43.488524 ], [ 0.67078, 43.488156 ], [ 0.674555, 43.482149 ], [ 0.674691, 43.473225 ], [ 0.677487, 43.46553 ], [ 0.67899, 43.464982 ], [ 0.680034, 43.464597 ], [ 0.678786, 43.46122 ], [ 0.677742, 43.461606 ], [ 0.676632, 43.461963 ], [ 0.675919, 43.462289 ], [ 0.673549, 43.463695 ], [ 0.671403, 43.464754 ], [ 0.67033, 43.465152 ], [ 0.662194, 43.464009 ], [ 0.661615, 43.463635 ], [ 0.660808, 43.463023 ], [ 0.656527, 43.458236 ], [ 0.655918, 43.455458 ], [ 0.654944, 43.452838 ], [ 0.653579, 43.45182 ], [ 0.653037, 43.451499 ], [ 0.652926, 43.451517 ], [ 0.651413, 43.453537 ], [ 0.651496, 43.455109 ], [ 0.64914, 43.463511 ], [ 0.648433, 43.465528 ], [ 0.648792, 43.468847 ], [ 0.642039, 43.474735 ], [ 0.646541, 43.473095 ], [ 0.647761, 43.472893 ], [ 0.649655, 43.472299 ], [ 0.652221, 43.464841 ], [ 0.652354, 43.463671 ], [ 0.653511, 43.460363 ], [ 0.657096, 43.460683 ], [ 0.664029, 43.466354 ], [ 0.668637, 43.465604 ], [ 0.669199, 43.46543 ], [ 0.67003, 43.465237 ], [ 0.670845, 43.468744 ], [ 0.669345, 43.475335 ], [ 0.66989, 43.479052 ], [ 0.669047, 43.481346 ], [ 0.668607, 43.481446 ], [ 0.660261, 43.480193 ], [ 0.657366139474223, 43.48160761509304 ], [ 0.658964, 43.482846 ] ] ], [ [ [ 0.629976, 43.465603 ], [ 0.63055, 43.462096 ], [ 0.629483, 43.458657 ], [ 0.627646, 43.459228 ], [ 0.625808, 43.459798 ], [ 0.624438, 43.460198 ], [ 0.623932, 43.460379 ], [ 0.615014, 43.46091 ], [ 0.622551, 43.461173 ], [ 0.62487, 43.46178 ], [ 0.629728, 43.466419 ], [ 0.630235, 43.469983 ], [ 0.629976, 43.465603 ] ] ], [ [ [ 0.60618, 43.456997 ], [ 0.606118, 43.456941 ], [ 0.604299, 43.455887 ], [ 0.603234, 43.455299 ], [ 0.601741, 43.455431 ], [ 0.600399997674911, 43.455802462316534 ], [ 0.601407, 43.457987 ], [ 0.601699, 43.458497 ], [ 0.601908, 43.459292 ], [ 0.601947, 43.459676 ], [ 0.601908, 43.460285 ], [ 0.60169, 43.461126 ], [ 0.601515, 43.46223 ], [ 0.60147, 43.462968 ], [ 0.601164, 43.463697 ], [ 0.599619, 43.468782 ], [ 0.598108184607137, 43.470828484168251 ], [ 0.6001, 43.473076 ], [ 0.599038826200199, 43.475658479517705 ], [ 0.59997, 43.479408 ], [ 0.600293, 43.479652 ], [ 0.601725, 43.481325 ], [ 0.606042, 43.482939 ], [ 0.607086, 43.483019 ], [ 0.607764, 43.483107 ], [ 0.610683, 43.48311 ], [ 0.61297, 43.474984 ], [ 0.611989, 43.473779 ], [ 0.612504, 43.471969 ], [ 0.612782, 43.464277 ], [ 0.612211, 43.463171 ], [ 0.612181, 43.463095 ], [ 0.612085, 43.462596 ], [ 0.613127, 43.460694 ], [ 0.614057, 43.460783 ], [ 0.60618, 43.456997 ] ] ], [ [ [ 0.587490943568778, 43.44133812458287 ], [ 0.587487, 43.441519 ], [ 0.587752, 43.445109 ], [ 0.588870865628924, 43.447037711227004 ], [ 0.589186, 43.44231 ], [ 0.591955459001058, 43.437387424384276 ], [ 0.591157, 43.437977 ], [ 0.590428, 43.439952 ], [ 0.587490943568778, 43.44133812458287 ] ] ] ] } },
{ "type": "Feature", "properties": { "codgeo": "32426", "value": 660, "isochrone_group": 11.0, "nb_agences": 1 }, "geometry": { "type": "MultiPolygon", "coordinates": [ [ [ [ 0.637251, 43.547876 ], [ 0.637846, 43.547638 ], [ 0.639434, 43.546852 ], [ 0.641541, 43.545706 ], [ 0.640106, 43.542404 ], [ 0.639057, 43.54286 ], [ 0.638421, 43.543216 ], [ 0.637676, 43.54371 ], [ 0.636252, 43.54441 ], [ 0.635955, 43.544517 ], [ 0.634281, 43.544901 ], [ 0.628692, 43.538922 ], [ 0.627048, 43.535726 ], [ 0.631735, 43.529908 ], [ 0.63475, 43.528289 ], [ 0.639343, 43.52824 ], [ 0.64, 43.528391 ], [ 0.640667, 43.528372 ], [ 0.642809, 43.527938 ], [ 0.645081, 43.527776 ], [ 0.65231, 43.524089 ], [ 0.655122, 43.522975 ], [ 0.656976, 43.522483 ], [ 0.656053, 43.519004 ], [ 0.655361, 43.512895 ], [ 0.662457, 43.508179 ], [ 0.659394, 43.508343 ], [ 0.658762, 43.508334 ], [ 0.656118, 43.508172 ], [ 0.652991, 43.515474 ], [ 0.651573, 43.520629 ], [ 0.648148, 43.521545 ], [ 0.640256, 43.524896 ], [ 0.636866, 43.526109 ], [ 0.631243, 43.52855 ], [ 0.630885, 43.528609 ], [ 0.629682, 43.528901 ], [ 0.625224, 43.536608 ], [ 0.625856, 43.538146 ], [ 0.626654, 43.539912 ], [ 0.631022, 43.545938 ], [ 0.632591, 43.549178 ], [ 0.631994, 43.549467 ], [ 0.630571, 43.550085 ], [ 0.629928, 43.550388 ], [ 0.627058333745173, 43.552378682013597 ], [ 0.627606761671803, 43.55716369633538 ], [ 0.629856, 43.553123 ], [ 0.635118, 43.548402 ], [ 0.637251, 43.547876 ] ] ], [ [ [ 0.674618718947733, 43.514453871725543 ], [ 0.6774, 43.512729 ], [ 0.67730799509822, 43.511989938726941 ], [ 0.672345, 43.511072 ], [ 0.670524280163292, 43.510381973569125 ], [ 0.674618718947733, 43.514453871725543 ] ] ], [ [ [ 0.688811813757591, 43.504867297575714 ], [ 0.681721, 43.500324 ], [ 0.678858, 43.498208 ], [ 0.678489, 43.497786 ], [ 0.677357, 43.496454 ], [ 0.676888, 43.488496 ], [ 0.677359, 43.487296 ], [ 0.679356, 43.479471 ], [ 0.679362, 43.479276 ], [ 0.680409, 43.47301 ], [ 0.685486, 43.466082 ], [ 0.68566, 43.465697 ], [ 0.688123, 43.460652 ], [ 0.687515, 43.457104 ], [ 0.68642, 43.457291 ], [ 0.685744, 43.457443 ], [ 0.68491, 43.457765 ], [ 0.682575, 43.458711 ], [ 0.677742, 43.461606 ], [ 0.678786, 43.46122 ], [ 0.680034, 43.464597 ], [ 0.67899, 43.464982 ], [ 0.677487, 43.46553 ], [ 0.674691, 43.473225 ], [ 0.674555, 43.482149 ], [ 0.67078, 43.488156 ], [ 0.669657, 43.488524 ], [ 0.667215, 43.488651 ], [ 0.66278, 43.48357 ], [ 0.658964, 43.482846 ], [ 0.656177, 43.480686 ], [ 0.649043, 43.484678 ], [ 0.64936, 43.488264 ], [ 0.649818, 43.492984 ], [ 0.650569, 43.496505 ], [ 0.657343, 43.500328 ], [ 0.659206, 43.499825 ], [ 0.659925, 43.499686 ], [ 0.661132, 43.499554 ], [ 0.661906, 43.499377 ], [ 0.662607, 43.499218 ], [ 0.663441, 43.49908 ], [ 0.66497, 43.498708 ], [ 0.665452, 43.498524 ], [ 0.666738, 43.501886 ], [ 0.669463, 43.504427 ], [ 0.675905, 43.502645 ], [ 0.676458, 43.501746 ], [ 0.678298, 43.501475 ], [ 0.683393002186966, 43.505468404516542 ], [ 0.688811813757591, 43.504867297575714 ] ] ], [ [ [ 0.661099, 43.460056 ], [ 0.660127, 43.454281 ], [ 0.660204, 43.453762 ], [ 0.660213, 43.453198 ], [ 0.660093, 43.452582 ], [ 0.657845, 43.450784 ], [ 0.652703856310185, 43.446068754725992 ], [ 0.653148, 43.448228 ], [ 0.654549, 43.451073 ], [ 0.653330841516637, 43.451673027909301 ], [ 0.653579, 43.45182 ], [ 0.654944, 43.452838 ], [ 0.655918, 43.455458 ], [ 0.656527, 43.458236 ], [ 0.660808, 43.463023 ], [ 0.661615, 43.463635 ], [ 0.662194, 43.464009 ], [ 0.662602193921657, 43.46406634582749 ], [ 0.661099, 43.460056 ] ] ], [ [ [ 0.651319, 43.452664 ], [ 0.649918, 43.449818 ], [ 0.647444496977216, 43.448547822772085 ], [ 0.646108, 43.451432 ], [ 0.645395, 43.454477 ], [ 0.64551, 43.458075 ], [ 0.644327, 43.466444 ], [ 0.635844, 43.464597 ], [ 0.634665, 43.461196 ], [ 0.634431, 43.460444 ], [ 0.634097, 43.456859 ], [ 0.633599, 43.456906 ], [ 0.633043, 43.457037 ], [ 0.632789, 43.45713 ], [ 0.632364, 43.457353 ], [ 0.627888, 43.459152 ], [ 0.625808, 43.459798 ], [ 0.627646, 43.459228 ], [ 0.629483, 43.458657 ], [ 0.63055, 43.462096 ], [ 0.629976, 43.465603 ], [ 0.630235, 43.469983 ], [ 0.630467, 43.477021 ], [ 0.636948, 43.477931 ], [ 0.637436, 43.477673 ], [ 0.638633, 43.477115 ], [ 0.638872, 43.477005 ], [ 0.64046, 43.475925 ], [ 0.641272, 43.475223 ], [ 0.641658, 43.474942 ], [ 0.642039, 43.474735 ], [ 0.648792, 43.468847 ], [ 0.648433, 43.465528 ], [ 0.64914, 43.463511 ], [ 0.651496, 43.455109 ], [ 0.651413, 43.453537 ], [ 0.652504125205927, 43.452080243280911 ], [ 0.651319, 43.452664 ] ] ], [ [ [ 0.55086, 43.460854 ], [ 0.543299, 43.457791 ], [ 0.540074, 43.459141 ], [ 0.539953, 43.459114 ], [ 0.53900910518924, 43.458280544060202 ], [ 0.538677, 43.458632 ], [ 0.530906, 43.461761 ], [ 0.53044, 43.461768 ], [ 0.529841, 43.461819 ], [ 0.529363, 43.461892 ], [ 0.528918, 43.461993 ], [ 0.521401, 43.458628 ], [ 0.52096, 43.456057 ], [ 0.517412, 43.456665 ], [ 0.510633, 43.461901 ], [ 0.509231, 43.4614 ], [ 0.50802, 43.464791 ], [ 0.509055, 43.470068 ], [ 0.50957, 43.47363 ], [ 0.502698, 43.478376 ], [ 0.501724, 43.479746 ], [ 0.501689, 43.480131 ], [ 0.502056, 43.481918 ], [ 0.500448457087585, 43.489971388350376 ], [ 0.50087, 43.48975 ], [ 0.506275, 43.49088 ], [ 0.507671, 43.482289 ], [ 0.507799, 43.478691 ], [ 0.509665, 43.478757 ], [ 0.51516, 43.471882 ], [ 0.515105, 43.471261 ], [ 0.51809, 43.463566 ], [ 0.519183, 43.462375 ], [ 0.520208, 43.46216 ], [ 0.521658, 43.464048 ], [ 0.52297, 43.465742 ], [ 0.531627, 43.46565 ], [ 0.53287, 43.462271 ], [ 0.538308, 43.460536 ], [ 0.545897, 43.459283 ], [ 0.546322, 43.459553 ], [ 0.547093, 43.460384 ], [ 0.548733, 43.462023 ], [ 0.54967, 43.462649 ], [ 0.552089743174463, 43.462796000700394 ], [ 0.55086, 43.460854 ] ] ], [ [ [ 0.495613, 43.491532 ], [ 0.492824, 43.491497 ], [ 0.492691, 43.491757 ], [ 0.488779008943722, 43.494535011428141 ], [ 0.49014027388861, 43.495147988841765 ], [ 0.496026, 43.492294 ], [ 0.499776796996531, 43.490324134690518 ], [ 0.495613, 43.491532 ] ] ], [ [ [ 0.500153, 43.499882 ], [ 0.496836073175503, 43.500163371958308 ], [ 0.496, 43.50055 ], [ 0.493099, 43.502655 ], [ 0.485948, 43.499643 ], [ 0.490758, 43.503973 ], [ 0.492571, 43.506025 ], [ 0.493485, 43.506323 ], [ 0.498069, 43.506539 ], [ 0.499942, 43.503465 ], [ 0.503707, 43.497776 ], [ 0.502239577452331, 43.497983929544937 ], [ 0.500153, 43.499882 ] ] ], [ [ [ 0.50901, 43.500871 ], [ 0.50926, 43.501583 ], [ 0.509493, 43.502145 ], [ 0.510087, 43.506393 ], [ 0.510233, 43.50999 ], [ 0.51158, 43.516462 ], [ 0.512855, 43.519829 ], [ 0.513126, 43.519726 ], [ 0.515, 43.519009 ], [ 0.516531, 43.518708 ], [ 0.517129, 43.518657 ], [ 0.521398, 43.52631 ], [ 0.523374, 43.529319 ], [ 0.524539, 43.528554 ], [ 0.526248, 43.52775 ], [ 0.528257, 43.526815 ], [ 0.534955, 43.530887 ], [ 0.532364, 43.535215 ], [ 0.53201, 43.535604 ], [ 0.531634, 43.536319 ], [ 0.531569, 43.537332 ], [ 0.531607, 43.537503 ], [ 0.534923, 43.537746 ], [ 0.536744, 43.536459 ], [ 0.537136, 43.536118 ], [ 0.537617, 43.535462 ], [ 0.538118, 43.533985 ], [ 0.538622, 43.531998 ], [ 0.54586, 43.527815 ], [ 0.547498, 43.527205 ], [ 0.547789, 43.527121 ], [ 0.548181, 43.526957 ], [ 0.549032081409026, 43.526928066793118 ], [ 0.548575, 43.526663 ], [ 0.544145, 43.525199 ], [ 0.538444, 43.529981 ], [ 0.537986, 43.531486 ], [ 0.53792, 43.531557 ], [ 0.534918, 43.530711 ], [ 0.528303, 43.526797 ], [ 0.526894, 43.523484 ], [ 0.521088, 43.517835 ], [ 0.518933, 43.518194 ], [ 0.518242, 43.51846 ], [ 0.51695, 43.515099 ], [ 0.51546, 43.510511 ], [ 0.512807, 43.502059 ], [ 0.505892, 43.497763 ], [ 0.503707, 43.497776 ], [ 0.50901, 43.500871 ] ] ], [ [ [ 0.557022, 43.527674 ], [ 0.557276, 43.536649 ], [ 0.552686, 43.537606 ], [ 0.551072, 43.537526 ], [ 0.549681, 43.537356 ], [ 0.549244, 43.54093 ], [ 0.552188, 43.541567 ], [ 0.553411, 43.541781 ], [ 0.561957, 43.544523 ], [ 0.563072, 43.545101 ], [ 0.569070859190673, 43.5471640738958 ], [ 0.568654, 43.545135 ], [ 0.571267, 43.542658 ], [ 0.571854, 43.543277 ], [ 0.573723, 43.544965 ], [ 0.580243, 43.547252 ], [ 0.580343, 43.547771 ], [ 0.580404088368104, 43.547971762019621 ], [ 0.588757, 43.546577 ], [ 0.589424, 43.547024 ], [ 0.593716, 43.553065 ], [ 0.59423, 43.552872 ], [ 0.597810848505616, 43.554825139865343 ], [ 0.596601, 43.550692 ], [ 0.589884, 43.546313 ], [ 0.584713, 43.543491 ], [ 0.579611, 43.544268 ], [ 0.576655, 43.542213 ], [ 0.56849, 43.540512 ], [ 0.566426, 43.540976 ], [ 0.559079, 43.539781 ], [ 0.557652, 43.536476 ], [ 0.559229, 43.535795 ], [ 0.561303, 43.532802 ], [ 0.556879, 43.527104 ], [ 0.554602672196416, 43.527265554584488 ], [ 0.557022, 43.527674 ] ] ], [ [ [ 0.482029735766987, 43.500301097954058 ], [ 0.482524, 43.500079 ], [ 0.482430298141302, 43.500073659479561 ], [ 0.482279, 43.500078 ], [ 0.482029735766987, 43.500301097954058 ] ] ], [ [ [ 0.482605387303412, 43.50006863642983 ], [ 0.482605387303399, 43.50006863642983 ], [ 0.482524, 43.500079 ], [ 0.482605387303412, 43.50006863642983 ] ] ], [ [ [ 0.597728, 43.434431 ], [ 0.595572, 43.434717 ], [ 0.598461, 43.434484 ], [ 0.597728, 43.434431 ] ] ] ] } },
{ "type": "Feature", "properties": { "codgeo": "32426", "value": 720, "isochrone_group": 12.0, "nb_agences": 1 }, "geometry": { "type": "MultiPolygon", "coordinates": [ [ [ [ 0.643374, 43.5452 ], [ 0.644851, 43.544662 ], [ 0.648976, 43.54278 ], [ 0.650731, 43.540972 ], [ 0.650733, 43.540669 ], [ 0.649409, 43.539207 ], [ 0.649147, 43.539175 ], [ 0.647985, 43.539305 ], [ 0.647689, 43.539338 ], [ 0.64654, 43.539369 ], [ 0.646064, 43.539418 ], [ 0.644262, 43.530649 ], [ 0.646661, 43.530163 ], [ 0.647032, 43.529849 ], [ 0.647341, 43.529459 ], [ 0.655194, 43.525982 ], [ 0.655638, 43.525982 ], [ 0.657512, 43.525871 ], [ 0.657299, 43.522278 ], [ 0.658112, 43.516826 ], [ 0.658526, 43.513249 ], [ 0.663626, 43.508123 ], [ 0.662457, 43.508179 ], [ 0.655361, 43.512895 ], [ 0.656053, 43.519004 ], [ 0.656976, 43.522483 ], [ 0.655122, 43.522975 ], [ 0.65231, 43.524089 ], [ 0.645081, 43.527776 ], [ 0.642809, 43.527938 ], [ 0.640667, 43.528372 ], [ 0.64, 43.528391 ], [ 0.639343, 43.52824 ], [ 0.63475, 43.528289 ], [ 0.631735, 43.529908 ], [ 0.627048, 43.535726 ], [ 0.628692, 43.538922 ], [ 0.634281, 43.544901 ], [ 0.636094406682354, 43.544466776043727 ], [ 0.636252, 43.54441 ], [ 0.637676, 43.54371 ], [ 0.638421, 43.543216 ], [ 0.639057, 43.54286 ], [ 0.640106, 43.542404 ], [ 0.641541, 43.545706 ], [ 0.639988909344476, 43.546550184096461 ], [ 0.643374, 43.5452 ] ] ], [ [ [ 0.678858, 43.498208 ], [ 0.681721, 43.500324 ], [ 0.689008, 43.504993 ], [ 0.689629087407518, 43.505112342911872 ], [ 0.690508, 43.50495 ], [ 0.69096, 43.504629 ], [ 0.691456, 43.504412 ], [ 0.692564800527502, 43.503090181047561 ], [ 0.686011, 43.5003 ], [ 0.685348, 43.499939 ], [ 0.684557, 43.499813 ], [ 0.682924, 43.500112 ], [ 0.678833, 43.492324 ], [ 0.679835, 43.491089 ], [ 0.680486, 43.485658 ], [ 0.682115, 43.481085 ], [ 0.68142, 43.477552 ], [ 0.685999, 43.471696 ], [ 0.692668, 43.466447 ], [ 0.693186, 43.466259 ], [ 0.693542, 43.466065 ], [ 0.696839, 43.459126 ], [ 0.699531, 43.45864 ], [ 0.698891, 43.455097 ], [ 0.69366, 43.455517 ], [ 0.69293, 43.455603 ], [ 0.691648, 43.45585 ], [ 0.690828, 43.456047 ], [ 0.68642, 43.457291 ], [ 0.687515, 43.457104 ], [ 0.688123, 43.460652 ], [ 0.68566, 43.465697 ], [ 0.685486, 43.466082 ], [ 0.680409, 43.47301 ], [ 0.679362, 43.479276 ], [ 0.679356, 43.479471 ], [ 0.677359, 43.487296 ], [ 0.676888, 43.488496 ], [ 0.677357, 43.496454 ], [ 0.678489, 43.497786 ], [ 0.678858, 43.498208 ] ] ], [ [ [ 0.679133, 43.456467 ], [ 0.676922, 43.459308 ], [ 0.673549, 43.463695 ], [ 0.675919, 43.462289 ], [ 0.676632, 43.461963 ], [ 0.677742, 43.461606 ], [ 0.682575, 43.458711 ], [ 0.68491, 43.457765 ], [ 0.685744, 43.457443 ], [ 0.68642, 43.457291 ], [ 0.679133, 43.456467 ] ] ], [ [ [ 0.664178, 43.45341 ], [ 0.664697, 43.4518 ], [ 0.6652, 43.450373 ], [ 0.664984, 43.449482 ], [ 0.664901, 43.449326 ], [ 0.660879, 43.449326 ], [ 0.655422453379553, 43.448562140003027 ], [ 0.657845, 43.450784 ], [ 0.660093, 43.452582 ], [ 0.660213, 43.453198 ], [ 0.660204, 43.453762 ], [ 0.660127, 43.454281 ], [ 0.661099, 43.460056 ], [ 0.661216934583596, 43.460370635695647 ], [ 0.664178, 43.45341 ] ] ], [ [ [ 0.642921, 43.446652 ], [ 0.642816583265923, 43.446563849189324 ], [ 0.640794, 43.451656 ], [ 0.633516, 43.455943 ], [ 0.627888, 43.459152 ], [ 0.632364, 43.457353 ], [ 0.632789, 43.45713 ], [ 0.633043, 43.457037 ], [ 0.633599, 43.456906 ], [ 0.634097, 43.456859 ], [ 0.634431, 43.460444 ], [ 0.634665, 43.461196 ], [ 0.635844, 43.464597 ], [ 0.644327, 43.466444 ], [ 0.64551, 43.458075 ], [ 0.645395, 43.454477 ], [ 0.646108, 43.451432 ], [ 0.646417785958887, 43.450763478018011 ], [ 0.642921, 43.446652 ] ] ], [ [ [ 0.601297431056716, 43.455553870142822 ], [ 0.601297431056718, 43.455553870142822 ], [ 0.601741, 43.455431 ], [ 0.601297431056716, 43.455553870142822 ] ] ], [ [ [ 0.535933832519688, 43.457885849696375 ], [ 0.534458162674588, 43.460330718567903 ], [ 0.536822885938621, 43.459378560661193 ], [ 0.535933832519688, 43.457885849696375 ] ] ], [ [ [ 0.522267, 43.456809 ], [ 0.522352, 43.45321 ], [ 0.522177568960282, 43.452909703710986 ], [ 0.521968, 43.453201 ], [ 0.521883, 43.4568 ], [ 0.521705823999641, 43.458764455069698 ], [ 0.522062244171067, 43.458924007268273 ], [ 0.522267, 43.456809 ] ] ], [ [ [ 0.514154, 43.456854 ], [ 0.513076, 43.455295 ], [ 0.513003, 43.454928 ], [ 0.513673, 43.453286 ], [ 0.51363736029244, 43.453249388130459 ], [ 0.513609, 43.453295 ], [ 0.512979, 43.454214 ], [ 0.505705, 43.459436 ], [ 0.502681, 43.459576 ], [ 0.500311, 43.459264 ], [ 0.499144, 43.46267 ], [ 0.503536, 43.468058 ], [ 0.504999, 43.470863 ], [ 0.502117, 43.477022 ], [ 0.498806, 43.478185 ], [ 0.496039, 43.478415 ], [ 0.496337, 43.482003 ], [ 0.495088, 43.489006 ], [ 0.492477, 43.49126 ], [ 0.49246, 43.491315 ], [ 0.489335070389196, 43.493878055234703 ], [ 0.489535692116466, 43.493997670091943 ], [ 0.492691, 43.491757 ], [ 0.492824, 43.491497 ], [ 0.495613, 43.491532 ], [ 0.500415, 43.490139 ], [ 0.502056, 43.481918 ], [ 0.501689, 43.480131 ], [ 0.501724, 43.479746 ], [ 0.502698, 43.478376 ], [ 0.50957, 43.47363 ], [ 0.509055, 43.470068 ], [ 0.50802, 43.464791 ], [ 0.509231, 43.4614 ], [ 0.510633, 43.461901 ], [ 0.515529744933496, 43.458118826158454 ], [ 0.514154, 43.456854 ] ] ], [ [ [ 0.50627153845441, 43.501061799346907 ], [ 0.506881, 43.506359 ], [ 0.506307, 43.506651 ], [ 0.505346, 43.507154 ], [ 0.506924, 43.51039 ], [ 0.506541, 43.516716 ], [ 0.506668, 43.520314 ], [ 0.508613, 43.520685 ], [ 0.509869, 43.520712 ], [ 0.512434, 43.519946 ], [ 0.517972, 43.52527 ], [ 0.518465, 43.528836 ], [ 0.520586, 43.529007 ], [ 0.522524, 43.529649 ], [ 0.526168, 43.536385 ], [ 0.526459, 43.539973 ], [ 0.533665, 43.543926 ], [ 0.535004, 43.544724 ], [ 0.537218, 43.544504 ], [ 0.537413, 43.544374 ], [ 0.537662, 43.543959 ], [ 0.53792, 43.543116 ], [ 0.5378, 43.541996 ], [ 0.537442, 43.54062 ], [ 0.537617, 43.535462 ], [ 0.537136, 43.536118 ], [ 0.536744, 43.536459 ], [ 0.534923, 43.537746 ], [ 0.531607, 43.537503 ], [ 0.531569, 43.537332 ], [ 0.531634, 43.536319 ], [ 0.53201, 43.535604 ], [ 0.532364, 43.535215 ], [ 0.534955, 43.530887 ], [ 0.528257, 43.526815 ], [ 0.526248, 43.52775 ], [ 0.524539, 43.528554 ], [ 0.523374, 43.529319 ], [ 0.521398, 43.52631 ], [ 0.517129, 43.518657 ], [ 0.516531, 43.518708 ], [ 0.515, 43.519009 ], [ 0.513126, 43.519726 ], [ 0.512855, 43.519829 ], [ 0.51158, 43.516462 ], [ 0.510233, 43.50999 ], [ 0.510087, 43.506393 ], [ 0.509493, 43.502145 ], [ 0.50926, 43.501583 ], [ 0.50901, 43.500871 ], [ 0.507514700451883, 43.499998295473993 ], [ 0.50627153845441, 43.501061799346907 ] ] ], [ [ [ 0.542219069369127, 43.529919174195754 ], [ 0.538622, 43.531998 ], [ 0.538118, 43.533985 ], [ 0.542219069369127, 43.529919174195754 ] ] ], [ [ [ 0.549844, 43.535287 ], [ 0.549526, 43.538215 ], [ 0.549545586627744, 43.538463476870589 ], [ 0.549681, 43.537356 ], [ 0.551072, 43.537526 ], [ 0.552686, 43.537606 ], [ 0.557276, 43.536649 ], [ 0.557022, 43.527674 ], [ 0.552005, 43.526827 ], [ 0.548181, 43.526957 ], [ 0.547789, 43.527121 ], [ 0.547498, 43.527205 ], [ 0.54586, 43.527815 ], [ 0.544466718944141, 43.528620207882931 ], [ 0.549844, 43.535287 ] ] ], [ [ [ 0.557214, 43.545044 ], [ 0.558674, 43.548335 ], [ 0.560475, 43.547535 ], [ 0.562940888939182, 43.547020619707425 ], [ 0.563250167001943, 43.545162273598727 ], [ 0.563072, 43.545101 ], [ 0.561957, 43.544523 ], [ 0.553411, 43.541781 ], [ 0.552188, 43.541567 ], [ 0.551927301144325, 43.541510591993521 ], [ 0.557214, 43.545044 ] ] ], [ [ [ 0.580767580621697, 43.548355611606254 ], [ 0.58121455082582, 43.54783643169359 ], [ 0.580479643076342, 43.547959145959247 ], [ 0.580767580621697, 43.548355611606254 ] ] ], [ [ [ 0.590159, 43.551185 ], [ 0.589681, 43.553589 ], [ 0.589844, 43.553814 ], [ 0.591279, 43.554565 ], [ 0.591514113680596, 43.560172873206454 ], [ 0.593042, 43.561226 ], [ 0.597023, 43.561466 ], [ 0.597872, 43.561174 ], [ 0.600711, 43.556407 ], [ 0.59423, 43.552872 ], [ 0.593716, 43.553065 ], [ 0.589424, 43.547024 ], [ 0.588757, 43.546577 ], [ 0.58461931936585, 43.547267906363224 ], [ 0.590159, 43.551185 ] ] ], [ [ [ 0.636944, 43.547966 ], [ 0.635118, 43.548402 ], [ 0.6325, 43.55637 ], [ 0.632702671119529, 43.557902485647446 ], [ 0.634639, 43.552258 ], [ 0.639824083153159, 43.546639833273126 ], [ 0.639434, 43.546852 ], [ 0.637846, 43.547638 ], [ 0.637251, 43.547876 ], [ 0.63694077027121, 43.547952502971086 ], [ 0.636944, 43.547966 ] ] ], [ [ [ 0.481748472460382, 43.500552835908962 ], [ 0.482524, 43.500079 ], [ 0.482029735766989, 43.500301097954058 ], [ 0.481748472460382, 43.500552835908962 ] ] ], [ [ [ 0.482605387303412, 43.50006863642983 ], [ 0.482605387303399, 43.50006863642983 ], [ 0.482524, 43.500079 ], [ 0.482605387303412, 43.50006863642983 ] ] ], [ [ [ 0.489144, 43.509802 ], [ 0.49272, 43.509387 ], [ 0.494226124838354, 43.506357922112812 ], [ 0.493485, 43.506323 ], [ 0.492571, 43.506025 ], [ 0.490758, 43.503973 ], [ 0.485948, 43.499643 ], [ 0.489249, 43.507187 ], [ 0.489028, 43.508798 ], [ 0.489144, 43.509802 ] ] ], [ [ [ 0.651786, 43.438487 ], [ 0.65179, 43.438355266666136 ], [ 0.651786, 43.438486 ], [ 0.651703, 43.441203 ], [ 0.651786, 43.438487 ] ] ], [ [ [ 0.591157, 43.437977 ], [ 0.590428, 43.439952 ], [ 0.583353, 43.443291 ], [ 0.588733, 43.449106 ], [ 0.591737, 43.441187 ], [ 0.592978, 43.438898 ], [ 0.599325190526048, 43.435428291736692 ], [ 0.598461, 43.434484 ], [ 0.595572, 43.434717 ], [ 0.591157, 43.437977 ] ] ] ] } },
{ "type": "Feature", "properties": { "codgeo": "32426", "value": 780, "isochrone_group": 13.0, "nb_agences": 1 }, "geometry": { "type": "MultiPolygon", "coordinates": [ [ [ [ 0.639575468080786, 43.549183309034589 ], [ 0.642197138285335, 43.545669405440655 ], [ 0.639859, 43.546602 ], [ 0.639575468080786, 43.549183309034589 ] ] ], [ [ [ 0.653504, 43.547669 ], [ 0.65414, 43.54744 ], [ 0.654601, 43.547089 ], [ 0.655067, 43.54589 ], [ 0.655408, 43.545084 ], [ 0.655434, 43.544079 ], [ 0.655285, 43.543386 ], [ 0.654652, 43.54039 ], [ 0.650366, 43.536145 ], [ 0.648846, 43.53022 ], [ 0.655194, 43.525982 ], [ 0.647341, 43.529459 ], [ 0.647032, 43.529849 ], [ 0.646661, 43.530163 ], [ 0.644262, 43.530649 ], [ 0.646064, 43.539418 ], [ 0.64654, 43.539369 ], [ 0.647689, 43.539338 ], [ 0.647985, 43.539305 ], [ 0.649147, 43.539175 ], [ 0.649409, 43.539207 ], [ 0.650733, 43.540669 ], [ 0.650731, 43.540972 ], [ 0.648976, 43.54278 ], [ 0.644851, 43.544662 ], [ 0.643374, 43.5452 ], [ 0.642942019563392, 43.545372300589513 ], [ 0.651134, 43.546615 ], [ 0.652932, 43.547527 ], [ 0.653504, 43.547669 ] ] ], [ [ [ 0.657837, 43.52585 ], [ 0.658986, 43.525765 ], [ 0.66012, 43.525686 ], [ 0.65987, 43.522095 ], [ 0.658736, 43.522174 ], [ 0.65872479722063, 43.522174393079986 ], [ 0.657394, 43.522372 ], [ 0.657305956413246, 43.522395344567109 ], [ 0.657511911916235, 43.525869514155097 ], [ 0.657837, 43.52585 ] ] ], [ [ [ 0.681164, 43.493078 ], [ 0.685201, 43.489594 ], [ 0.685773, 43.489351 ], [ 0.686388, 43.484808 ], [ 0.684958, 43.481504 ], [ 0.689093, 43.473575 ], [ 0.690466, 43.474038 ], [ 0.691615, 43.470626 ], [ 0.697502, 43.464826 ], [ 0.699536, 43.464342 ], [ 0.70157, 43.463859 ], [ 0.704892, 43.459557 ], [ 0.705472, 43.455312 ], [ 0.704989, 43.454491 ], [ 0.70116, 43.452038 ], [ 0.700355, 43.452117 ], [ 0.699702, 43.452337 ], [ 0.691648, 43.45585 ], [ 0.69293, 43.455603 ], [ 0.69366, 43.455517 ], [ 0.698891, 43.455097 ], [ 0.699531, 43.45864 ], [ 0.696839, 43.459126 ], [ 0.693542, 43.466065 ], [ 0.693186, 43.466259 ], [ 0.692668, 43.466447 ], [ 0.685999, 43.471696 ], [ 0.68142, 43.477552 ], [ 0.682115, 43.481085 ], [ 0.680486, 43.485658 ], [ 0.679835, 43.491089 ], [ 0.678833, 43.492324 ], [ 0.680658051097884, 43.495798333402668 ], [ 0.681164, 43.493078 ] ] ], [ [ [ 0.680794, 43.454568 ], [ 0.676197, 43.455148 ], [ 0.673987, 43.456433 ], [ 0.668615, 43.449555 ], [ 0.667716, 43.446069 ], [ 0.666687, 43.446334 ], [ 0.658833, 43.445851 ], [ 0.651703, 43.441203 ], [ 0.651735004375577, 43.444242688307583 ], [ 0.652269444084289, 43.44574690833354 ], [ 0.656520030362225, 43.448715789409682 ], [ 0.660879, 43.449326 ], [ 0.664901, 43.449326 ], [ 0.664984, 43.449482 ], [ 0.6652, 43.450373 ], [ 0.664697, 43.4518 ], [ 0.664178, 43.45341 ], [ 0.661053, 43.460756 ], [ 0.662743, 43.464442 ], [ 0.668637, 43.465604 ], [ 0.669199, 43.46543 ], [ 0.669981, 43.465252 ], [ 0.67033, 43.465152 ], [ 0.671403, 43.464754 ], [ 0.673549, 43.463695 ], [ 0.676922, 43.459308 ], [ 0.679133, 43.456467 ], [ 0.68642, 43.457291 ], [ 0.688485714890233, 43.456708026015548 ], [ 0.680794, 43.454568 ] ] ], [ [ [ 0.634143278120257, 43.453017997100893 ], [ 0.630761517545795, 43.457513564000635 ], [ 0.633516, 43.455943 ], [ 0.638131024010367, 43.453224587258525 ], [ 0.634143278120257, 43.453017997100893 ] ] ], [ [ [ 0.505087, 43.507289 ], [ 0.50471, 43.507541 ], [ 0.504219, 43.508059 ], [ 0.503959, 43.508542 ], [ 0.503762, 43.509089 ], [ 0.50359, 43.509535 ], [ 0.5025, 43.517721 ], [ 0.500321, 43.520587 ], [ 0.500419, 43.520661 ], [ 0.500788, 43.520889 ], [ 0.501699, 43.521202 ], [ 0.50457, 43.522359 ], [ 0.51194, 43.527163 ], [ 0.513905, 43.530179 ], [ 0.514505, 43.529789 ], [ 0.515647, 43.52933 ], [ 0.518371, 43.528848 ], [ 0.520715, 43.536985 ], [ 0.521276, 43.540541 ], [ 0.52769, 43.543321 ], [ 0.529926, 43.546142 ], [ 0.533402585453238, 43.549612111364887 ], [ 0.53494, 43.548765 ], [ 0.537877, 43.546682 ], [ 0.539225, 43.548315 ], [ 0.539017, 43.549453 ], [ 0.539025742988272, 43.549516130851615 ], [ 0.539291, 43.548349 ], [ 0.53792, 43.543116 ], [ 0.537662, 43.543959 ], [ 0.537413, 43.544374 ], [ 0.537218, 43.544504 ], [ 0.535004, 43.544724 ], [ 0.533665, 43.543926 ], [ 0.526459, 43.539973 ], [ 0.526168, 43.536385 ], [ 0.522524, 43.529649 ], [ 0.520586, 43.529007 ], [ 0.518465, 43.528836 ], [ 0.517972, 43.52527 ], [ 0.512434, 43.519946 ], [ 0.509869, 43.520712 ], [ 0.508613, 43.520685 ], [ 0.506668, 43.520314 ], [ 0.506541, 43.516716 ], [ 0.506924, 43.51039 ], [ 0.505348602190933, 43.507159336305378 ], [ 0.505087, 43.507289 ] ] ], [ [ [ 0.554299, 43.545208 ], [ 0.553756, 43.548332 ], [ 0.553766, 43.548962 ], [ 0.557335, 43.549027 ], [ 0.558002778667466, 43.548709698798767 ], [ 0.558297084711571, 43.547485391634098 ], [ 0.557214, 43.545044 ], [ 0.553637030128603, 43.542653303210272 ], [ 0.554299, 43.545208 ] ] ], [ [ [ 0.532755, 43.457181 ], [ 0.524838, 43.455419 ], [ 0.522257635095131, 43.461554650287802 ], [ 0.528674, 43.467045 ], [ 0.533211, 43.462397 ], [ 0.534256494507083, 43.460664839527801 ], [ 0.532755, 43.457181 ] ] ], [ [ [ 0.508461, 43.456813 ], [ 0.50666, 43.456278 ], [ 0.507684, 43.452827 ], [ 0.507694796776678, 43.452610424657436 ], [ 0.507543, 43.452785 ], [ 0.500903, 43.458145 ], [ 0.495934, 43.45684 ], [ 0.495189, 43.456281 ], [ 0.494465, 43.455949 ], [ 0.4927, 43.455032 ], [ 0.491866, 43.454635 ], [ 0.490322, 43.457888 ], [ 0.495039, 43.462397 ], [ 0.49523, 43.462621 ], [ 0.498382, 43.466025 ], [ 0.498232, 43.471868 ], [ 0.492389, 43.478711 ], [ 0.491806, 43.478991 ], [ 0.49145, 43.479267 ], [ 0.490679, 43.480071 ], [ 0.490396, 43.480573 ], [ 0.490398, 43.480756 ], [ 0.49258, 43.483521 ], [ 0.492416, 43.488567 ], [ 0.491879, 43.489549 ], [ 0.489569851792279, 43.490046888584494 ], [ 0.49292665383183, 43.490871826987018 ], [ 0.495088, 43.489006 ], [ 0.496337, 43.482003 ], [ 0.496039, 43.478415 ], [ 0.498806, 43.478185 ], [ 0.502117, 43.477022 ], [ 0.504999, 43.470863 ], [ 0.503536, 43.468058 ], [ 0.499144, 43.46267 ], [ 0.500311, 43.459264 ], [ 0.502681, 43.459576 ], [ 0.505705, 43.459436 ], [ 0.50884118493901, 43.457184534815582 ], [ 0.508461, 43.456813 ] ] ], [ [ [ 0.475725, 43.505944 ], [ 0.482524, 43.500079 ], [ 0.481748472460382, 43.500552835908962 ], [ 0.475725, 43.505944 ] ] ], [ [ [ 0.482605387303412, 43.50006863642983 ], [ 0.482605387303399, 43.50006863642983 ], [ 0.482524, 43.500079 ], [ 0.482605387303412, 43.50006863642983 ] ] ], [ [ [ 0.488452, 43.512542 ], [ 0.488673, 43.513531 ], [ 0.489129, 43.514446 ], [ 0.492351, 43.512839 ], [ 0.492483, 43.511899 ], [ 0.492691, 43.510209 ], [ 0.492734, 43.509695 ], [ 0.493165607336089, 43.508745269442912 ], [ 0.493028468546849, 43.508766616330355 ], [ 0.49272, 43.509387 ], [ 0.489144, 43.509802 ], [ 0.489028, 43.508798 ], [ 0.488989, 43.509796 ], [ 0.488912, 43.51089 ], [ 0.488452, 43.512542 ] ] ], [ [ [ 0.489113709442733, 43.508173213066776 ], [ 0.489028, 43.508798 ], [ 0.489113709442733, 43.508173213066776 ], [ 0.489113709442733, 43.508173213066776 ] ] ] ] } },
{ "type": "Feature", "properties": { "codgeo": "32426", "value": 840, "isochrone_group": 14.0, "nb_agences": 1 }, "geometry": { "type": "MultiPolygon", "coordinates": [ [ [ [ 0.656229, 43.53539 ], [ 0.65517, 43.53387 ], [ 0.658986, 43.525765 ], [ 0.657837, 43.52585 ], [ 0.655638, 43.525982 ], [ 0.655194, 43.525982 ], [ 0.648846, 43.53022 ], [ 0.650366, 43.536145 ], [ 0.654652, 43.54039 ], [ 0.655045064543884, 43.542250381316727 ], [ 0.658744247939399, 43.544655906797985 ], [ 0.658832, 43.5438 ], [ 0.658535, 43.540212 ], [ 0.656268, 43.535646 ], [ 0.656229, 43.53539 ] ] ], [ [ [ 0.660583, 43.525717 ], [ 0.661355, 43.525708 ], [ 0.6618, 43.525679 ], [ 0.664695, 43.525647 ], [ 0.66608388682139, 43.524772703443205 ], [ 0.663479, 43.521035 ], [ 0.659985, 43.521971 ], [ 0.659576, 43.522048 ], [ 0.659286869283776, 43.522135623744781 ], [ 0.65987, 43.522095 ], [ 0.66012, 43.525686 ], [ 0.658986, 43.525765 ], [ 0.660217, 43.525714 ], [ 0.660583, 43.525717 ] ] ], [ [ [ 0.656471, 43.518893 ], [ 0.656909, 43.518791 ], [ 0.659082, 43.518482 ], [ 0.659291, 43.518438 ], [ 0.662544, 43.517559 ], [ 0.666316, 43.51301 ], [ 0.660947, 43.508279 ], [ 0.659622236905499, 43.508330779675987 ], [ 0.659394, 43.508343 ], [ 0.659332127214623, 43.508342118900202 ], [ 0.659284, 43.508344 ], [ 0.658943397115724, 43.508336583186768 ], [ 0.658762, 43.508334 ], [ 0.658727392448124, 43.50833187956755 ], [ 0.658687, 43.508331 ], [ 0.656147, 43.508174 ], [ 0.656062526316286, 43.508169494736876 ], [ 0.655386528082698, 43.508138965784376 ], [ 0.65525146043568, 43.508140491972483 ], [ 0.655064182051036, 43.508147636107047 ], [ 0.654967727964284, 43.508157737301296 ], [ 0.649543, 43.512576 ], [ 0.650353, 43.516084 ], [ 0.652985036613276, 43.519173730423638 ], [ 0.654409, 43.51944 ], [ 0.656471, 43.518893 ] ] ], [ [ [ 0.684189, 43.492869 ], [ 0.684581, 43.492699 ], [ 0.688035, 43.490486 ], [ 0.689075, 43.48897 ], [ 0.692122, 43.483839 ], [ 0.693098, 43.477199 ], [ 0.695725, 43.474737 ], [ 0.695465, 43.474097 ], [ 0.696536, 43.468065 ], [ 0.699194340019813, 43.467862839808376 ], [ 0.699423, 43.464369 ], [ 0.699422975014871, 43.464368894834216 ], [ 0.697502, 43.464826 ], [ 0.691615, 43.470626 ], [ 0.690466, 43.474038 ], [ 0.689093, 43.473575 ], [ 0.684958, 43.481504 ], [ 0.686388, 43.484808 ], [ 0.685773, 43.489351 ], [ 0.685201, 43.489594 ], [ 0.681164, 43.493078 ], [ 0.679911, 43.499815 ], [ 0.680171, 43.500621 ], [ 0.684189, 43.492869 ] ] ], [ [ [ 0.708588929347479, 43.451854590570555 ], [ 0.702981, 43.451613 ], [ 0.698429, 43.447954 ], [ 0.698089, 43.447527 ], [ 0.695819, 43.445385 ], [ 0.695524, 43.445135 ], [ 0.693198, 43.447883 ], [ 0.693647, 43.451683 ], [ 0.685062, 43.452734 ], [ 0.682941, 43.453555 ], [ 0.675332, 43.452601 ], [ 0.670816, 43.446517 ], [ 0.669858, 43.443047 ], [ 0.668818, 43.443334 ], [ 0.667844, 43.443628 ], [ 0.667427, 43.44381 ], [ 0.666742, 43.444424 ], [ 0.665994851929729, 43.444470857077405 ], [ 0.665399544422006, 43.446254824924353 ], [ 0.666687, 43.446334 ], [ 0.667716, 43.446069 ], [ 0.668615, 43.449555 ], [ 0.673987, 43.456433 ], [ 0.676197, 43.455148 ], [ 0.680794, 43.454568 ], [ 0.688996, 43.45685 ], [ 0.690066, 43.45639 ], [ 0.690828, 43.456047 ], [ 0.691648, 43.45585 ], [ 0.699702, 43.452337 ], [ 0.700355, 43.452117 ], [ 0.70116, 43.452038 ], [ 0.704989, 43.454491 ], [ 0.705187939265923, 43.454829155563814 ], [ 0.706996, 43.453307 ], [ 0.708588929347479, 43.451854590570555 ] ] ], [ [ [ 0.62806, 43.455142 ], [ 0.627066, 43.455368 ], [ 0.625939, 43.455252 ], [ 0.62507, 43.454553 ], [ 0.623165, 43.453295 ], [ 0.6221, 43.452889 ], [ 0.620367, 43.452554 ], [ 0.615604, 43.451896 ], [ 0.615123, 43.451968 ], [ 0.612736, 43.452029 ], [ 0.611300175876485, 43.460131150411236 ], [ 0.612825, 43.460667 ], [ 0.614057, 43.460783 ], [ 0.615014, 43.46091 ], [ 0.61562, 43.461038 ], [ 0.623932, 43.460379 ], [ 0.624438, 43.460198 ], [ 0.625808, 43.459798 ], [ 0.627888, 43.459152 ], [ 0.630027, 43.45849 ], [ 0.632541508536072, 43.45514732061897 ], [ 0.629118, 43.455005 ], [ 0.62806, 43.455142 ] ] ], [ [ [ 0.685375628641702, 43.536557888304493 ], [ 0.686383, 43.534304 ], [ 0.683445, 43.531985 ], [ 0.682138, 43.531827 ], [ 0.681384, 43.531646 ], [ 0.679071612568218, 43.531735964298385 ], [ 0.679163, 43.532103 ], [ 0.682429, 43.533891 ], [ 0.685375628641702, 43.536557888304493 ] ] ], [ [ [ 0.696434, 43.543359 ], [ 0.696216425417723, 43.542851810119302 ], [ 0.694378, 43.54342 ], [ 0.692104667870709, 43.544844405325513 ], [ 0.693874, 43.546524 ], [ 0.697183, 43.545105 ], [ 0.696434, 43.543359 ] ] ], [ [ [ 0.680171, 43.500621 ], [ 0.685328360899237, 43.505271707178295 ], [ 0.685328360899237, 43.505271707178295 ], [ 0.680171, 43.500621 ] ] ], [ [ [ 0.503456674427537, 43.510536287280921 ], [ 0.503532170803663, 43.5099693025699 ], [ 0.503438, 43.51033 ], [ 0.503456674427537, 43.510536287280921 ] ] ], [ [ [ 0.501321, 43.519003 ], [ 0.501401, 43.519147 ], [ 0.501405056204233, 43.519161160127886 ], [ 0.502412557068992, 43.517836012134133 ], [ 0.501294, 43.518848 ], [ 0.501321, 43.519003 ] ] ], [ [ [ 0.506566, 43.528113 ], [ 0.513514695414934, 43.529579937084691 ], [ 0.51194, 43.527163 ], [ 0.50457, 43.522359 ], [ 0.502027592305007, 43.521334421211044 ], [ 0.503452, 43.526307 ], [ 0.506566, 43.528113 ] ] ], [ [ [ 0.514786, 43.540876 ], [ 0.517166, 43.540799 ], [ 0.523364, 43.546343 ], [ 0.526415, 43.547147 ], [ 0.530143852534433, 43.550282218637392 ], [ 0.531731843075909, 43.547944480239657 ], [ 0.529926, 43.546142 ], [ 0.52769, 43.543321 ], [ 0.521276, 43.540541 ], [ 0.520715, 43.536985 ], [ 0.518371, 43.528848 ], [ 0.515647, 43.52933 ], [ 0.514505, 43.529789 ], [ 0.51467, 43.537278 ], [ 0.514786, 43.540876 ] ] ], [ [ [ 0.538123925234008, 43.543894366702801 ], [ 0.540026, 43.54774 ], [ 0.541477, 43.551035 ], [ 0.541497994262588, 43.551099202438962 ], [ 0.541563, 43.550997 ], [ 0.540113, 43.547702 ], [ 0.53792, 43.543116 ], [ 0.538123925234008, 43.543894366702801 ] ] ], [ [ [ 0.55721, 43.553919 ], [ 0.558417686003588, 43.553076523478708 ], [ 0.554381490831699, 43.548973209555648 ], [ 0.553766, 43.548962 ], [ 0.553756, 43.548332 ], [ 0.554299, 43.545208 ], [ 0.554287442532931, 43.545163397027444 ], [ 0.552387888784979, 43.543575616250195 ], [ 0.550284, 43.547266 ], [ 0.55256, 43.550055 ], [ 0.554649, 43.551433 ], [ 0.55721, 43.553919 ] ] ], [ [ [ 0.559682, 43.566135 ], [ 0.560725, 43.566118 ], [ 0.561953, 43.566572 ], [ 0.56374, 43.566836 ], [ 0.567009, 43.566525 ], [ 0.572147407782246, 43.562785280325201 ], [ 0.57141, 43.555525 ], [ 0.567718226212233, 43.552102328493469 ], [ 0.563684, 43.55384 ], [ 0.5631923157168, 43.553958082514718 ], [ 0.567539, 43.55697 ], [ 0.567697, 43.560566 ], [ 0.560508, 43.565881 ], [ 0.559682, 43.566135 ] ] ], [ [ [ 0.553229, 43.567277 ], [ 0.553235301598026, 43.567323250617619 ], [ 0.55479, 43.567065 ], [ 0.553229, 43.567277 ] ] ], [ [ [ 0.502522, 43.451654 ], [ 0.5046930687602, 43.449958152292062 ], [ 0.502335, 43.45162 ], [ 0.494173, 43.454306 ], [ 0.492249, 43.451263 ], [ 0.491384, 43.451811 ], [ 0.483323, 43.453501 ], [ 0.480413, 43.455173 ], [ 0.480485, 43.455402 ], [ 0.480892, 43.456116 ], [ 0.481036, 43.456261 ], [ 0.482036, 43.456863 ], [ 0.485269, 43.457183 ], [ 0.491479, 43.459887 ], [ 0.492492, 43.463342 ], [ 0.492277, 43.467624 ], [ 0.493074, 43.471135 ], [ 0.489975, 43.47744 ], [ 0.486979, 43.481726 ], [ 0.484561544581496, 43.483938318254829 ], [ 0.486584, 43.485213 ], [ 0.4902, 43.488859 ], [ 0.492226360831475, 43.488913788945055 ], [ 0.492416, 43.488567 ], [ 0.49258, 43.483521 ], [ 0.490398, 43.480756 ], [ 0.490396, 43.480573 ], [ 0.490679, 43.480071 ], [ 0.49145, 43.479267 ], [ 0.491806, 43.478991 ], [ 0.492389, 43.478711 ], [ 0.498232, 43.471868 ], [ 0.498382, 43.466025 ], [ 0.49523, 43.462621 ], [ 0.495039, 43.462397 ], [ 0.490322, 43.457888 ], [ 0.491866, 43.454635 ], [ 0.4927, 43.455032 ], [ 0.494465, 43.455949 ], [ 0.495189, 43.456281 ], [ 0.495934, 43.45684 ], [ 0.500903, 43.458145 ], [ 0.502919029879192, 43.456517602386668 ], [ 0.501878, 43.455196 ], [ 0.502522, 43.451654 ] ] ], [ [ [ 0.491183, 43.515881 ], [ 0.491632, 43.515671 ], [ 0.492485, 43.5146 ], [ 0.492526, 43.513413 ], [ 0.492483, 43.511899 ], [ 0.492351, 43.512839 ], [ 0.491893984049793, 43.513066940605832 ], [ 0.491841, 43.513163 ], [ 0.485512180661793, 43.516755180032362 ], [ 0.485613, 43.517294 ], [ 0.48756, 43.51693 ], [ 0.489519, 43.516336 ], [ 0.490376, 43.516134 ], [ 0.491183, 43.515881 ] ] ], [ [ [ 0.510726, 43.443595 ], [ 0.511134, 43.443523 ], [ 0.51197, 43.443336 ], [ 0.515381, 43.4388 ], [ 0.51308769686598, 43.437027328629256 ], [ 0.511221, 43.43884 ], [ 0.508415, 43.443703 ], [ 0.508415231381942, 43.443720717949077 ], [ 0.509489, 43.443689 ], [ 0.510373, 43.443648 ], [ 0.510726, 43.443595 ] ] ] ] } },
{ "type": "Feature", "properties": { "codgeo": "32426", "value": 900, "isochrone_group": 15.0, "nb_agences": 1 }, "geometry": { "type": "MultiPolygon", "coordinates": [ [ [ [ 0.656956147137212, 43.53007630960505 ], [ 0.65517, 43.53387 ], [ 0.656229, 43.53539 ], [ 0.656268, 43.535646 ], [ 0.658535, 43.540212 ], [ 0.658625203970175, 43.541301736851828 ], [ 0.663238603113741, 43.543778216623295 ], [ 0.663271, 43.542739 ], [ 0.662092, 43.539337 ], [ 0.659779, 43.532882 ], [ 0.656956147137212, 43.53007630960505 ] ] ], [ [ [ 0.6922033279086, 43.483285703572648 ], [ 0.692171867835206, 43.483499735219496 ], [ 0.692256337364156, 43.483444174922283 ], [ 0.6922033279086, 43.483285703572648 ] ] ], [ [ [ 0.705794215952094, 43.448406060631726 ], [ 0.698089, 43.447527 ], [ 0.698429, 43.447954 ], [ 0.70092697722435, 43.449961930286435 ], [ 0.704992, 43.448932 ], [ 0.705794215952094, 43.448406060631726 ] ] ], [ [ [ 0.697090891769139, 43.4465851727619 ], [ 0.698089, 43.447527 ], [ 0.69709089176914, 43.4465851727619 ], [ 0.697090891769139, 43.4465851727619 ] ] ], [ [ [ 0.692028, 43.447078 ], [ 0.691261, 43.446299 ], [ 0.689945, 43.443877 ], [ 0.689746, 43.443318 ], [ 0.689711, 43.442151 ], [ 0.689450058295031, 43.4403421995451 ], [ 0.688946, 43.440692 ], [ 0.688911, 43.44078 ], [ 0.689779, 43.443451 ], [ 0.689866, 43.449255 ], [ 0.689949, 43.449642 ], [ 0.688509830917906, 43.452311906779869 ], [ 0.693647, 43.451683 ], [ 0.69321863000223, 43.448057596900838 ], [ 0.69251, 43.447479 ], [ 0.692028, 43.447078 ] ] ], [ [ [ 0.690771698825286, 43.487803699059661 ], [ 0.690138820641895, 43.487178577711347 ], [ 0.689075, 43.48897 ], [ 0.688881569460595, 43.489251962209366 ], [ 0.689961, 43.489851 ], [ 0.690771698825286, 43.487803699059661 ] ] ], [ [ [ 0.710722, 43.450588 ], [ 0.711205368733321, 43.449893677502189 ], [ 0.708675, 43.449311 ], [ 0.710003, 43.45015 ], [ 0.710722, 43.450588 ] ] ], [ [ [ 0.499279, 43.528585 ], [ 0.502773, 43.529545 ], [ 0.508473, 43.536388 ], [ 0.508705, 43.53998 ], [ 0.511835, 43.540747 ], [ 0.514006, 43.540795 ], [ 0.514783420275946, 43.540795984076325 ], [ 0.51467, 43.537278 ], [ 0.514505, 43.529789 ], [ 0.506566, 43.528113 ], [ 0.503452, 43.526307 ], [ 0.501401, 43.519147 ], [ 0.501321, 43.519003 ], [ 0.499716, 43.525012 ], [ 0.499279, 43.528585 ] ] ], [ [ [ 0.527819021011307, 43.548327500650359 ], [ 0.526415, 43.547147 ], [ 0.525056562475637, 43.546789024329868 ], [ 0.525361717853104, 43.550873627042911 ], [ 0.527819021011307, 43.548327500650359 ] ] ], [ [ [ 0.537616933333874, 43.535463964936454 ], [ 0.537442, 43.54062 ], [ 0.5378, 43.541996 ], [ 0.53789, 43.542343 ], [ 0.537882305312158, 43.54276418291348 ], [ 0.53792, 43.543116 ], [ 0.540113, 43.547702 ], [ 0.541563, 43.550997 ], [ 0.540219984065767, 43.55310849830002 ], [ 0.540416, 43.554474 ], [ 0.540658, 43.561307 ], [ 0.540199, 43.564193 ], [ 0.547523, 43.567347 ], [ 0.550085, 43.565942 ], [ 0.55069, 43.565636 ], [ 0.553195, 43.565774 ], [ 0.560501796738026, 43.56588290754059 ], [ 0.560508, 43.565881 ], [ 0.567697, 43.560566 ], [ 0.567539, 43.55697 ], [ 0.5631923157168, 43.553958082514718 ], [ 0.561423, 43.554383 ], [ 0.558668, 43.553331 ], [ 0.558320944350704, 43.553144010036434 ], [ 0.55721, 43.553919 ], [ 0.554649, 43.551433 ], [ 0.55256, 43.550055 ], [ 0.550284, 43.547266 ], [ 0.550294730846351, 43.547247177265014 ], [ 0.550099, 43.540104 ], [ 0.549612, 43.539306 ], [ 0.549526, 43.538215 ], [ 0.549841, 43.535286 ], [ 0.55072, 43.53524 ], [ 0.551446, 43.535297 ], [ 0.552681, 43.536216 ], [ 0.557149966555858, 43.532195652908733 ], [ 0.557022, 43.527674 ], [ 0.552005, 43.526827 ], [ 0.548339, 43.525616 ], [ 0.547966, 43.524998 ], [ 0.547748, 43.524264 ], [ 0.547711, 43.523489 ], [ 0.547661, 43.522407 ], [ 0.547824, 43.521594 ], [ 0.543859, 43.513794 ], [ 0.541261, 43.513445 ], [ 0.540312, 43.513363 ], [ 0.536276, 43.520983 ], [ 0.537972, 43.523588 ], [ 0.538131, 43.524242 ], [ 0.538573, 43.525948 ], [ 0.538756, 43.527473 ], [ 0.538602, 43.528997 ], [ 0.538604, 43.530794 ], [ 0.538622, 43.531998 ], [ 0.538118, 43.533985 ], [ 0.537617, 43.535462 ], [ 0.537616966743499, 43.535462980211634 ], [ 0.537617, 43.535463 ], [ 0.537616933333874, 43.535463964936454 ] ] ], [ [ [ 0.501969, 43.445251 ], [ 0.495074, 43.448325 ], [ 0.493884, 43.449122 ], [ 0.493589, 43.449365 ], [ 0.488106, 43.452141 ], [ 0.483562, 43.450285 ], [ 0.48204, 43.450526 ], [ 0.476597, 43.45202 ], [ 0.476502057277783, 43.452022786780304 ], [ 0.476884, 43.45561 ], [ 0.477020212388704, 43.456840052591581 ], [ 0.482859, 43.459133 ], [ 0.488497, 43.463365 ], [ 0.487202, 43.470391 ], [ 0.483787045598131, 43.477132664636095 ], [ 0.483844, 43.477182 ], [ 0.484153, 43.480704 ], [ 0.486475569046981, 43.482186711489831 ], [ 0.486979, 43.481726 ], [ 0.489975, 43.47744 ], [ 0.493074, 43.471135 ], [ 0.492277, 43.467624 ], [ 0.492492, 43.463342 ], [ 0.491479, 43.459887 ], [ 0.485269, 43.457183 ], [ 0.482036, 43.456863 ], [ 0.481036, 43.456261 ], [ 0.480892, 43.456116 ], [ 0.480485, 43.455402 ], [ 0.480413, 43.455173 ], [ 0.483323, 43.453501 ], [ 0.491384, 43.451811 ], [ 0.492249, 43.451263 ], [ 0.494173, 43.454306 ], [ 0.496378084122118, 43.453580337668228 ], [ 0.496802, 43.451002 ], [ 0.500637, 43.450663 ], [ 0.502366, 43.450394 ], [ 0.507279, 43.443875 ], [ 0.508101, 43.44373 ], [ 0.508415231381942, 43.443720717949077 ], [ 0.508415, 43.443703 ], [ 0.511221, 43.43884 ], [ 0.51308769686598, 43.437027328629256 ], [ 0.509201, 43.434023 ], [ 0.508638, 43.434071 ], [ 0.508386757850667, 43.434083648982345 ], [ 0.508386, 43.434926 ], [ 0.508579, 43.43852 ], [ 0.503519, 43.44464 ], [ 0.502761, 43.444906 ], [ 0.502297, 43.445102 ], [ 0.501969, 43.445251 ] ] ] ] } },
{ "type": "Feature", "properties": { "codgeo": "32426", "value": 960, "isochrone_group": 16.0, "nb_agences": 1 }, "geometry": { "type": "MultiPolygon", "coordinates": [ [ [ [ 0.486558, 43.463886 ], [ 0.487566376908406, 43.468414079414309 ], [ 0.488497, 43.463365 ], [ 0.483492889578373, 43.459608810694526 ], [ 0.481656611294882, 43.462345422546626 ], [ 0.486558, 43.463886 ] ] ], [ [ [ 0.503062, 43.539502 ], [ 0.504641, 43.539662 ], [ 0.506671, 43.539839 ], [ 0.507619, 43.539974 ], [ 0.50836, 43.539997 ], [ 0.508912282013162, 43.540030794026869 ], [ 0.508705, 43.53998 ], [ 0.508473, 43.536388 ], [ 0.502773, 43.529545 ], [ 0.499279, 43.528585 ], [ 0.499716, 43.525012 ], [ 0.501321, 43.519003 ], [ 0.501294, 43.518848 ], [ 0.502627, 43.517642 ], [ 0.503264, 43.517272 ], [ 0.507271781808337, 43.510557230785736 ], [ 0.507064, 43.510575 ], [ 0.503445, 43.510505 ], [ 0.50156, 43.5095 ], [ 0.501092, 43.509282 ], [ 0.494093, 43.514606 ], [ 0.494134, 43.51818 ], [ 0.487974782048536, 43.522868286507773 ], [ 0.494087, 43.524406 ], [ 0.49541, 43.527755 ], [ 0.498698, 43.528429 ], [ 0.503158, 43.536028 ], [ 0.503062, 43.539502 ] ] ], [ [ [ 0.688811, 43.437968 ], [ 0.688692, 43.437437 ], [ 0.687584010505059, 43.434269897411411 ], [ 0.685832, 43.43658 ], [ 0.686222, 43.440159 ], [ 0.689783818052282, 43.443772425005108 ], [ 0.689779, 43.443451 ], [ 0.688911, 43.44078 ], [ 0.688946, 43.440692 ], [ 0.689450058295031, 43.4403421995451 ], [ 0.689315, 43.439406 ], [ 0.688811, 43.437968 ] ] ], [ [ [ 0.680377, 43.457017 ], [ 0.680888, 43.457225 ], [ 0.685674924698587, 43.457439899008264 ], [ 0.685679556985976, 43.457437884903307 ], [ 0.680377, 43.457017 ] ] ], [ [ [ 0.675053602132451, 43.543872499737482 ], [ 0.677998, 43.54358 ], [ 0.679966281353624, 43.542610679769147 ], [ 0.681783, 43.535985 ], [ 0.680162355592616, 43.531693528532841 ], [ 0.678351, 43.531764 ], [ 0.676309, 43.531289 ], [ 0.673497, 43.531503 ], [ 0.672952, 43.531443 ], [ 0.671076, 43.531243 ], [ 0.66909, 43.531504 ], [ 0.667656, 43.531841 ], [ 0.667304, 43.53191 ], [ 0.66647, 43.532031 ], [ 0.665762, 43.532167 ], [ 0.664907, 43.532167 ], [ 0.664272, 43.532096 ], [ 0.66339, 43.532007 ], [ 0.661591, 43.531873 ], [ 0.661053, 43.531864 ], [ 0.660352, 43.531893 ], [ 0.658891660115174, 43.532000054991549 ], [ 0.659779, 43.532882 ], [ 0.662092, 43.539337 ], [ 0.662476878405484, 43.540447565170041 ], [ 0.669095, 43.542866 ], [ 0.675053602132451, 43.543872499737482 ] ] ], [ [ [ 0.654162549681299, 43.525797940055199 ], [ 0.655199, 43.527905 ], [ 0.65533716839591, 43.528115979846703 ], [ 0.654269, 43.525725 ], [ 0.654162549681299, 43.525797940055199 ] ] ] ] } },
{ "type": "Feature", "properties": { "codgeo": "32426", "value": 1020, "isochrone_group": 17.0, "nb_agences": 1 }, "geometry": { "type": "MultiPolygon", "coordinates": [ [ [ [ 0.498698, 43.528429 ], [ 0.49541, 43.527755 ], [ 0.494087, 43.524406 ], [ 0.492994946470207, 43.52413126086924 ], [ 0.49259, 43.525877 ], [ 0.490862, 43.529035 ], [ 0.491083784333386, 43.529598529225673 ], [ 0.491707, 43.529786 ], [ 0.495249408432049, 43.535179607229075 ], [ 0.499724, 43.535233 ], [ 0.502753669737029, 43.535339097383776 ], [ 0.498698, 43.528429 ] ] ], [ [ [ 0.507619, 43.539974 ], [ 0.506671, 43.539839 ], [ 0.505447693157821, 43.539732337285173 ], [ 0.505975336380472, 43.540223322847751 ], [ 0.507619, 43.539974 ] ] ], [ [ [ 0.517317804429299, 43.540795388296104 ], [ 0.517166, 43.540799 ], [ 0.51717887610949, 43.540942695405995 ], [ 0.517317804429299, 43.540795388296104 ] ] ], [ [ [ 0.487364245061452, 43.467506413790915 ], [ 0.486558, 43.463886 ], [ 0.483917207225478, 43.463055960586225 ], [ 0.48381, 43.464618 ], [ 0.487364245061452, 43.467506413790915 ] ] ] ] } },
{ "type": "Feature", "properties": { "codgeo": "32426", "value": 1080, "isochrone_group": 18.0, "nb_agences": 1 }, "geometry": { "type": "Polygon", "coordinates": [ [ [ 0.513359, 43.546504 ], [ 0.513517677645548, 43.546597979645178 ], [ 0.511897189039998, 43.54021474464377 ], [ 0.51189, 43.540213 ], [ 0.510484, 43.539969 ], [ 0.510425030319845, 43.539966191920001 ], [ 0.510425, 43.539967 ], [ 0.513359, 43.546504 ] ] ] } }
]
}
