{
"type": "FeatureCollection",
"name": "BPCE",
"crs": { "type": "name", "properties": { "name": "urn:ogc:def:crs:OGC:1.3:CRS84" } },
"features": [
{ "type": "Feature", "properties": { "codgeo": "81105", "value": 60, "isochrone_group": 1.0, "nb_agences": 2 }, "geometry": { "type": "Polygon", "coordinates": [ [ [ 1.991644, 43.761709 ], [ 1.99632, 43.760888 ], [ 1.997075, 43.760826 ], [ 1.997028, 43.758881 ], [ 1.996816, 43.75859 ], [ 1.994718, 43.758634 ], [ 1.991434, 43.755641 ], [ 1.991216, 43.755354 ], [ 1.986944, 43.755777 ], [ 1.984929, 43.757458 ], [ 1.981139, 43.76068 ], [ 1.98114, 43.76104 ], [ 1.985206, 43.762441 ], [ 1.985873754101269, 43.762621845052315 ], [ 1.988566, 43.764788 ], [ 1.988924, 43.764746 ], [ 1.989663361687268, 43.762510442460524 ], [ 1.991644, 43.761709 ] ] ] } },
{ "type": "Feature", "properties": { "codgeo": "81105", "value": 120, "isochrone_group": 2.0, "nb_agences": 2 }, "geometry": { "type": "Polygon", "coordinates": [ [ [ 1.975213, 43.75865 ], [ 1.974613, 43.759086 ], [ 1.973986, 43.761126 ], [ 1.974124, 43.761497 ], [ 1.974215, 43.761619 ], [ 1.975172, 43.761931 ], [ 1.976397, 43.762044 ], [ 1.976608, 43.762032 ], [ 1.981955, 43.76437 ], [ 1.982127, 43.764686 ], [ 1.983645550924153, 43.766072267153064 ], [ 1.984632, 43.768728 ], [ 1.984667, 43.769086 ], [ 1.984769, 43.769635 ], [ 1.985106, 43.76976 ], [ 1.987555, 43.768917 ], [ 1.992233, 43.767438 ], [ 1.992541, 43.767253 ], [ 1.992448, 43.767097 ], [ 1.992354, 43.766941 ], [ 1.991859506491749, 43.766408867878255 ], [ 1.991963, 43.766336 ], [ 1.991859, 43.763117 ], [ 1.995681562603864, 43.7615740511811 ], [ 1.996431, 43.761313 ], [ 1.998507376152638, 43.760836110310407 ], [ 2.003357, 43.762403 ], [ 2.003709, 43.762478 ], [ 2.006247, 43.762301 ], [ 2.006395, 43.761973 ], [ 2.006721, 43.761008 ], [ 2.00668, 43.760651 ], [ 2.004073, 43.755357 ], [ 2.004014, 43.755002 ], [ 2.002493, 43.754854 ], [ 2.001376, 43.755152 ], [ 2.001077, 43.755352 ], [ 1.997007, 43.756376 ], [ 1.994566, 43.751945 ], [ 1.99429, 43.751714 ], [ 1.990883, 43.749531 ], [ 1.990543, 43.749413 ], [ 1.986489, 43.750942 ], [ 1.981619, 43.75213 ], [ 1.981267, 43.752207 ], [ 1.981299, 43.752356 ], [ 1.981447, 43.75258 ], [ 1.982969, 43.757842 ], [ 1.978844, 43.760187 ], [ 1.975563, 43.758732 ], [ 1.975213, 43.75865 ] ], [ [ 1.989663361687268, 43.762510442460524 ], [ 1.988924, 43.764746 ], [ 1.988566, 43.764788 ], [ 1.985873754101269, 43.762621845052315 ], [ 1.985206, 43.762441 ], [ 1.98114, 43.76104 ], [ 1.981139, 43.76068 ], [ 1.984929, 43.757458 ], [ 1.986944, 43.755777 ], [ 1.991216, 43.755354 ], [ 1.991434, 43.755641 ], [ 1.994718, 43.758634 ], [ 1.996816, 43.75859 ], [ 1.997028, 43.758881 ], [ 1.997075, 43.760826 ], [ 1.99632, 43.760888 ], [ 1.991644, 43.761709 ], [ 1.989663361687268, 43.762510442460524 ] ] ] } },
{ "type": "Feature", "properties": { "codgeo": "81105", "value": 180, "isochrone_group": 3.0, "nb_agences": 2 }, "geometry": { "type": "Polygon", "coordinates": [ [ [ 1.968008, 43.759193 ], [ 1.967696, 43.759754 ], [ 1.967645, 43.76011 ], [ 1.971801, 43.763393 ], [ 1.972635684640565, 43.763912466548952 ], [ 1.972676, 43.76396 ], [ 1.972702, 43.763972 ], [ 1.972807016391595, 43.764019094979744 ], [ 1.972839, 43.764039 ], [ 1.976691, 43.766496 ], [ 1.979711201802576, 43.768759015583193 ], [ 1.981446, 43.771849 ], [ 1.981551, 43.772194 ], [ 1.985827, 43.772984 ], [ 1.988696, 43.773474 ], [ 1.990022, 43.773343 ], [ 1.996173, 43.770775 ], [ 1.996281, 43.769942 ], [ 1.996301, 43.769582 ], [ 1.996316606471449, 43.769115422241079 ], [ 2.002256, 43.765734 ], [ 2.00679, 43.764457 ], [ 2.011815, 43.763631 ], [ 2.013959, 43.762563 ], [ 2.015439, 43.759484 ], [ 2.015416, 43.759124 ], [ 2.013288, 43.751063 ], [ 2.013053, 43.75079 ], [ 2.009689, 43.750887 ], [ 2.003409, 43.751307 ], [ 1.998929, 43.748832 ], [ 1.998021, 43.748062 ], [ 1.994643, 43.742873 ], [ 1.994408, 43.7426 ], [ 1.991219, 43.743383 ], [ 1.990992, 43.743663 ], [ 1.986278721641989, 43.747318749580188 ], [ 1.982049957175148, 43.748713783761964 ], [ 1.981, 43.748617 ], [ 1.97854, 43.747529 ], [ 1.978199, 43.747413 ], [ 1.974672, 43.748798 ], [ 1.974511, 43.74912 ], [ 1.974493, 43.749185 ], [ 1.974588038569817, 43.753152860289838 ], [ 1.973447701311622, 43.756193133842544 ], [ 1.968327, 43.759025 ], [ 1.968008, 43.759193 ] ], [ [ 1.978844, 43.760187 ], [ 1.982969, 43.757842 ], [ 1.981447, 43.75258 ], [ 1.981299, 43.752356 ], [ 1.981267, 43.752207 ], [ 1.981619, 43.75213 ], [ 1.986489, 43.750942 ], [ 1.990543, 43.749413 ], [ 1.990883, 43.749531 ], [ 1.99429, 43.751714 ], [ 1.994566, 43.751945 ], [ 1.997007, 43.756376 ], [ 2.001077, 43.755352 ], [ 2.001376, 43.755152 ], [ 2.002493, 43.754854 ], [ 2.004014, 43.755002 ], [ 2.004073, 43.755357 ], [ 2.00668, 43.760651 ], [ 2.006721, 43.761008 ], [ 2.006395, 43.761973 ], [ 2.006247, 43.762301 ], [ 2.003709, 43.762478 ], [ 2.003357, 43.762403 ], [ 1.998507376152638, 43.760836110310407 ], [ 1.996431, 43.761313 ], [ 1.995681562603864, 43.7615740511811 ], [ 1.991859, 43.763117 ], [ 1.991963, 43.766336 ], [ 1.991859506491749, 43.766408867878255 ], [ 1.992354, 43.766941 ], [ 1.992448, 43.767097 ], [ 1.992541, 43.767253 ], [ 1.992233, 43.767438 ], [ 1.987555, 43.768917 ], [ 1.985106, 43.76976 ], [ 1.984769, 43.769635 ], [ 1.984667, 43.769086 ], [ 1.984632, 43.768728 ], [ 1.983645550924153, 43.766072267153064 ], [ 1.982127, 43.764686 ], [ 1.981955, 43.76437 ], [ 1.976608, 43.762032 ], [ 1.976397, 43.762044 ], [ 1.975172, 43.761931 ], [ 1.974215, 43.761619 ], [ 1.974124, 43.761497 ], [ 1.973986, 43.761126 ], [ 1.974613, 43.759086 ], [ 1.975213, 43.75865 ], [ 1.975563, 43.758732 ], [ 1.978844, 43.760187 ] ] ] } },
{ "type": "Feature", "properties": { "codgeo": "81105", "value": 240, "isochrone_group": 4.0, "nb_agences": 2 }, "geometry": { "type": "Polygon", "coordinates": [ [ [ 1.980303, 43.743661 ], [ 1.978612, 43.74261 ], [ 1.977488, 43.742325 ], [ 1.976882, 43.742541 ], [ 1.972959, 43.745201 ], [ 1.971854, 43.747132 ], [ 1.96452, 43.751116 ], [ 1.963518, 43.751516 ], [ 1.960042, 43.757022 ], [ 1.959563, 43.76059 ], [ 1.965805, 43.766703 ], [ 1.966353, 43.770261 ], [ 1.967737, 43.770048 ], [ 1.968056, 43.769983 ], [ 1.96868, 43.769775 ], [ 1.969908, 43.769191 ], [ 1.970386, 43.768937 ], [ 1.972325, 43.768252 ], [ 1.972901, 43.768161 ], [ 1.977038108490289, 43.769633065450925 ], [ 1.97950544970325, 43.773184924980178 ], [ 1.980111, 43.775651 ], [ 1.981121929501015, 43.775856247214591 ], [ 1.981414, 43.776254 ], [ 1.982530663891632, 43.776031348806953 ], [ 1.988498, 43.776283 ], [ 1.988802, 43.776241 ], [ 1.988866, 43.776232 ], [ 1.991637, 43.775418 ], [ 1.995439818696419, 43.773398756833032 ], [ 1.999521982190434, 43.772207175589656 ], [ 2.003, 43.772631 ], [ 2.004693, 43.772128 ], [ 2.005354, 43.769908 ], [ 2.012146, 43.766533 ], [ 2.01424, 43.766695 ], [ 2.018599, 43.76716 ], [ 2.019286, 43.767364 ], [ 2.020248, 43.767234 ], [ 2.025167, 43.762502 ], [ 2.026192, 43.759051 ], [ 2.021772, 43.754523 ], [ 2.022635, 43.747908 ], [ 2.02278, 43.745116 ], [ 2.02045, 43.742372 ], [ 2.012775, 43.745861 ], [ 2.010359, 43.745832 ], [ 2.002805, 43.744362 ], [ 2.0014, 43.73601 ], [ 2.00157, 43.734108 ], [ 1.999475, 43.731818 ], [ 1.999165, 43.731851 ], [ 1.998599, 43.732075 ], [ 1.99845, 43.732176 ], [ 1.998142, 43.732447 ], [ 1.991021, 43.737569 ], [ 1.991376, 43.741152 ], [ 1.987455684317144, 43.744871697914036 ], [ 1.984953705414826, 43.745976175087151 ], [ 1.982536, 43.745107 ], [ 1.980303, 43.743661 ] ], [ [ 1.973447701311622, 43.756193133842544 ], [ 1.974588038569817, 43.753152860289838 ], [ 1.974493, 43.749185 ], [ 1.974511, 43.74912 ], [ 1.974672, 43.748798 ], [ 1.978199, 43.747413 ], [ 1.97854, 43.747529 ], [ 1.981, 43.748617 ], [ 1.982049957175148, 43.748713783761964 ], [ 1.986278721641989, 43.747318749580188 ], [ 1.990992, 43.743663 ], [ 1.991219, 43.743383 ], [ 1.994408, 43.7426 ], [ 1.994643, 43.742873 ], [ 1.998021, 43.748062 ], [ 1.998929, 43.748832 ], [ 2.003409, 43.751307 ], [ 2.009689, 43.750887 ], [ 2.013053, 43.75079 ], [ 2.013288, 43.751063 ], [ 2.015416, 43.759124 ], [ 2.015439, 43.759484 ], [ 2.013959, 43.762563 ], [ 2.011815, 43.763631 ], [ 2.00679, 43.764457 ], [ 2.002256, 43.765734 ], [ 1.996316606471449, 43.769115422241079 ], [ 1.996301, 43.769582 ], [ 1.996281, 43.769942 ], [ 1.996173, 43.770775 ], [ 1.990022, 43.773343 ], [ 1.988696, 43.773474 ], [ 1.985827, 43.772984 ], [ 1.981551, 43.772194 ], [ 1.981446, 43.771849 ], [ 1.979711201802576, 43.768759015583193 ], [ 1.976691, 43.766496 ], [ 1.972839, 43.764039 ], [ 1.972807016391595, 43.764019094979744 ], [ 1.972702, 43.763972 ], [ 1.972676, 43.76396 ], [ 1.972635684640565, 43.763912466548952 ], [ 1.971801, 43.763393 ], [ 1.967645, 43.76011 ], [ 1.967696, 43.759754 ], [ 1.968008, 43.759193 ], [ 1.968327, 43.759025 ], [ 1.973447701311622, 43.756193133842544 ] ] ] } },
{ "type": "Feature", "properties": { "codgeo": "81105", "value": 300, "isochrone_group": 5.0, "nb_agences": 2 }, "geometry": { "type": "Polygon", "coordinates": [ [ [ 1.949351, 43.755253 ], [ 1.947975, 43.755301 ], [ 1.947253, 43.757894 ], [ 1.947479, 43.758867 ], [ 1.948309, 43.758982 ], [ 1.951517, 43.759442 ], [ 1.953895, 43.759784 ], [ 1.959469, 43.763595 ], [ 1.960427, 43.770878 ], [ 1.960058, 43.771867 ], [ 1.960092, 43.772445 ], [ 1.960424, 43.77324 ], [ 1.963555, 43.774173 ], [ 1.96373, 43.773944 ], [ 1.964058, 43.773263 ], [ 1.964686169457249, 43.772321118393876 ], [ 1.973114, 43.774114 ], [ 1.976195, 43.778902 ], [ 1.983104, 43.78106 ], [ 1.986784, 43.780235 ], [ 1.993193, 43.778865 ], [ 2.00113, 43.77963 ], [ 2.004572, 43.778574 ], [ 2.010973465271068, 43.773667487696422 ], [ 2.011693, 43.773336 ], [ 2.012775, 43.773306 ], [ 2.014709, 43.773313 ], [ 2.022232, 43.769227 ], [ 2.023254, 43.769697 ], [ 2.02674, 43.769399 ], [ 2.033207, 43.768344 ], [ 2.034852, 43.763479 ], [ 2.035894, 43.760033 ], [ 2.034666, 43.759662 ], [ 2.033647, 43.759421 ], [ 2.027936, 43.755175 ], [ 2.026042, 43.752114 ], [ 2.030535, 43.745841 ], [ 2.031364, 43.745145 ], [ 2.032886, 43.743402 ], [ 2.033629, 43.739875 ], [ 2.032891, 43.736351 ], [ 2.025588, 43.736033 ], [ 2.022622, 43.73696 ], [ 2.020261, 43.739678 ], [ 2.012861, 43.741203 ], [ 2.006122633472994, 43.740321733063709 ], [ 2.005199, 43.739139 ], [ 2.00466, 43.73755 ], [ 2.004357, 43.736994 ], [ 2.004760534893024, 43.7307459942581 ], [ 2.00824, 43.726013 ], [ 2.008973, 43.725676 ], [ 2.007785, 43.722278 ], [ 2.005733, 43.722812 ], [ 2.005167, 43.723027 ], [ 2.000196, 43.725633 ], [ 1.998043, 43.727104 ], [ 1.997314, 43.727849 ], [ 1.99696, 43.728517 ], [ 1.996816, 43.728935 ], [ 1.997397525178349, 43.732982486594096 ], [ 1.998142, 43.732447 ], [ 1.99845, 43.732176 ], [ 1.998599, 43.732075 ], [ 1.999165, 43.731851 ], [ 1.999475, 43.731818 ], [ 2.00157, 43.734108 ], [ 2.0014, 43.73601 ], [ 2.002805, 43.744362 ], [ 2.010359, 43.745832 ], [ 2.012775, 43.745861 ], [ 2.02045, 43.742372 ], [ 2.02278, 43.745116 ], [ 2.022635, 43.747908 ], [ 2.021772, 43.754523 ], [ 2.026192, 43.759051 ], [ 2.025167, 43.762502 ], [ 2.020248, 43.767234 ], [ 2.019286, 43.767364 ], [ 2.018599, 43.76716 ], [ 2.01424, 43.766695 ], [ 2.012146, 43.766533 ], [ 2.005354, 43.769908 ], [ 2.004693, 43.772128 ], [ 2.003, 43.772631 ], [ 1.999521982190434, 43.772207175589656 ], [ 1.995439818696419, 43.773398756833032 ], [ 1.991637, 43.775418 ], [ 1.988866, 43.776232 ], [ 1.988802, 43.776241 ], [ 1.988498, 43.776283 ], [ 1.982530663891632, 43.776031348806953 ], [ 1.981414, 43.776254 ], [ 1.981121929501015, 43.775856247214591 ], [ 1.980111, 43.775651 ], [ 1.97950544970325, 43.773184924980178 ], [ 1.977038108490289, 43.769633065450925 ], [ 1.972901, 43.768161 ], [ 1.972325, 43.768252 ], [ 1.970386, 43.768937 ], [ 1.969908, 43.769191 ], [ 1.96868, 43.769775 ], [ 1.968056, 43.769983 ], [ 1.967737, 43.770048 ], [ 1.966353, 43.770261 ], [ 1.965805, 43.766703 ], [ 1.959563, 43.76059 ], [ 1.960042, 43.757022 ], [ 1.963518, 43.751516 ], [ 1.96452, 43.751116 ], [ 1.971854, 43.747132 ], [ 1.972959, 43.745201 ], [ 1.976882, 43.742541 ], [ 1.977488, 43.742325 ], [ 1.978612, 43.74261 ], [ 1.980303, 43.743661 ], [ 1.982536, 43.745107 ], [ 1.984953705414826, 43.745976175087151 ], [ 1.987455684317144, 43.744871697914036 ], [ 1.991376, 43.741152 ], [ 1.991021, 43.737569 ], [ 1.994847056528571, 43.734816990234613 ], [ 1.991017, 43.736781 ], [ 1.990592, 43.73666 ], [ 1.990173, 43.736623 ], [ 1.988681, 43.736577 ], [ 1.988206, 43.736603 ], [ 1.987846, 43.736675 ], [ 1.987509, 43.736765 ], [ 1.980857, 43.738715 ], [ 1.977067, 43.737705 ], [ 1.975103, 43.740722 ], [ 1.971331, 43.743825 ], [ 1.962605, 43.743697 ], [ 1.962356, 43.743683 ], [ 1.960827, 43.744998 ], [ 1.960351, 43.745427 ], [ 1.958632, 43.748999 ], [ 1.958128, 43.750093 ], [ 1.95257042205679, 43.755365316891023 ], [ 1.951653783969297, 43.75579058343731 ], [ 1.949366, 43.755259 ], [ 1.949351, 43.755253 ] ] ] } },
{ "type": "Feature", "properties": { "codgeo": "81105", "value": 360, "isochrone_group": 6.0, "nb_agences": 2 }, "geometry": { "type": "MultiPolygon", "coordinates": [ [ [ [ 1.939641, 43.753327 ], [ 1.936636, 43.75373 ], [ 1.936154, 43.757297 ], [ 1.938732, 43.757645 ], [ 1.946253, 43.762389 ], [ 1.948119, 43.763292 ], [ 1.948355779814936, 43.763034931142549 ], [ 1.948356, 43.763035 ], [ 1.949181, 43.762139 ], [ 1.953895, 43.759784 ], [ 1.951517, 43.759442 ], [ 1.948309, 43.758982 ], [ 1.947479, 43.758867 ], [ 1.947253, 43.757894 ], [ 1.947975, 43.755301 ], [ 1.949351, 43.755253 ], [ 1.949366, 43.755259 ], [ 1.951653783969297, 43.75579058343731 ], [ 1.95257042205679, 43.755365316891023 ], [ 1.958128, 43.750093 ], [ 1.958632, 43.748999 ], [ 1.960351, 43.745427 ], [ 1.960827, 43.744998 ], [ 1.962356, 43.743683 ], [ 1.962605, 43.743697 ], [ 1.971331, 43.743825 ], [ 1.975103, 43.740722 ], [ 1.977067, 43.737705 ], [ 1.980857, 43.738715 ], [ 1.987509, 43.736765 ], [ 1.987846, 43.736675 ], [ 1.988206, 43.736603 ], [ 1.988681, 43.736577 ], [ 1.986413, 43.735983 ], [ 1.986226, 43.736329 ], [ 1.985879, 43.736913 ], [ 1.977112, 43.736938 ], [ 1.976877, 43.736416 ], [ 1.976497, 43.735941 ], [ 1.976006, 43.735574 ], [ 1.975575, 43.735369 ], [ 1.97502, 43.735194 ], [ 1.974611, 43.735125 ], [ 1.974419, 43.735109 ], [ 1.974416082940387, 43.735117086700562 ], [ 1.974143, 43.735106 ], [ 1.973662, 43.735157 ], [ 1.973495, 43.735229 ], [ 1.971531, 43.737934 ], [ 1.964211013896096, 43.741807885527265 ], [ 1.964103361475987, 43.741745213226977 ], [ 1.962365, 43.738714 ], [ 1.961793, 43.737695 ], [ 1.961441, 43.737277 ], [ 1.961196, 43.737061 ], [ 1.958551, 43.738956 ], [ 1.958346, 43.739159 ], [ 1.954167, 43.744323 ], [ 1.953875, 43.750054 ], [ 1.949381680949726, 43.753682868685317 ], [ 1.945574, 43.754869 ], [ 1.944564, 43.754824 ], [ 1.939726, 43.753356 ], [ 1.939641, 43.753327 ] ] ], [ [ [ 1.958687, 43.766263 ], [ 1.958194, 43.769829 ], [ 1.95501, 43.773736 ], [ 1.954264, 43.774106 ], [ 1.953905, 43.775857 ], [ 1.954113, 43.777222 ], [ 1.955338, 43.777542 ], [ 1.956852, 43.777925 ], [ 1.965227, 43.776703 ], [ 1.966023, 43.776918 ], [ 1.966087793594057, 43.776929938934806 ], [ 1.970801, 43.779963 ], [ 1.977102, 43.783477 ], [ 1.978478, 43.784792 ], [ 1.987187, 43.785808 ], [ 1.993324, 43.784456 ], [ 1.998974, 43.783592 ], [ 2.004227, 43.786659 ], [ 2.004673, 43.787136 ], [ 2.007391, 43.785068 ], [ 2.008044, 43.781416 ], [ 2.008032565060498, 43.781174117397377 ], [ 2.01464, 43.776897 ], [ 2.017044, 43.777347 ], [ 2.020575, 43.776644 ], [ 2.028317, 43.77262 ], [ 2.028961, 43.773067 ], [ 2.029421, 43.773254 ], [ 2.029921, 43.773405 ], [ 2.03604, 43.768587 ], [ 2.038594, 43.76889 ], [ 2.040241, 43.76942 ], [ 2.043754, 43.770209 ], [ 2.045901, 43.770119 ], [ 2.04688, 43.76896 ], [ 2.047065, 43.768552 ], [ 2.045156, 43.76034 ], [ 2.044097, 43.758513 ], [ 2.040618, 43.750835 ], [ 2.040399, 43.750036 ], [ 2.040224, 43.749622 ], [ 2.039691, 43.748972 ], [ 2.037304, 43.744939 ], [ 2.037425, 43.739739 ], [ 2.040707, 43.735942 ], [ 2.041115, 43.735535 ], [ 2.042037, 43.734305 ], [ 2.043644, 43.732677 ], [ 2.042027, 43.729477 ], [ 2.041604, 43.72959 ], [ 2.041004, 43.729879 ], [ 2.036812, 43.732562 ], [ 2.032103, 43.733177 ], [ 2.028168, 43.732888 ], [ 2.024823, 43.734048 ], [ 2.018135, 43.73458 ], [ 2.009746, 43.736084 ], [ 2.007887, 43.731004 ], [ 2.009473876176793, 43.727110467491315 ], [ 2.0108, 43.724609 ], [ 2.011149, 43.724208 ], [ 2.011509, 43.723631 ], [ 2.011649, 43.723318 ], [ 2.012369, 43.721564 ], [ 2.013849, 43.71853 ], [ 2.014351, 43.717818 ], [ 2.014626, 43.717469 ], [ 2.01589, 43.715564 ], [ 2.014664, 43.713869 ], [ 2.01441, 43.713554 ], [ 2.014228, 43.71337 ], [ 2.011571, 43.71436 ], [ 2.009839, 43.717173 ], [ 2.009626, 43.717527 ], [ 2.005953, 43.721348 ], [ 2.004388304902345, 43.723306036585676 ], [ 2.001869281129464, 43.723624984557489 ], [ 1.997135, 43.723158 ], [ 1.993536, 43.723049 ], [ 1.993492518251436, 43.724516509014038 ], [ 1.99349, 43.724517 ], [ 1.993409, 43.725384 ], [ 1.993532, 43.726232 ], [ 1.994089, 43.727038 ], [ 1.996402, 43.73135 ], [ 1.990592, 43.73666 ], [ 1.991017, 43.736781 ], [ 1.997468, 43.733473 ], [ 1.996816, 43.728935 ], [ 1.99696, 43.728517 ], [ 1.997314, 43.727849 ], [ 1.998043, 43.727104 ], [ 2.000196, 43.725633 ], [ 2.005167, 43.723027 ], [ 2.005733, 43.722812 ], [ 2.007785, 43.722278 ], [ 2.008973, 43.725676 ], [ 2.00824, 43.726013 ], [ 2.004760534893024, 43.7307459942581 ], [ 2.004357, 43.736994 ], [ 2.00466, 43.73755 ], [ 2.005199, 43.739139 ], [ 2.006122633472994, 43.740321733063709 ], [ 2.012861, 43.741203 ], [ 2.020261, 43.739678 ], [ 2.022622, 43.73696 ], [ 2.025588, 43.736033 ], [ 2.032891, 43.736351 ], [ 2.033629, 43.739875 ], [ 2.032886, 43.743402 ], [ 2.031364, 43.745145 ], [ 2.030535, 43.745841 ], [ 2.026042, 43.752114 ], [ 2.027936, 43.755175 ], [ 2.033647, 43.759421 ], [ 2.034666, 43.759662 ], [ 2.035894, 43.760033 ], [ 2.034852, 43.763479 ], [ 2.033207, 43.768344 ], [ 2.02674, 43.769399 ], [ 2.023254, 43.769697 ], [ 2.022232, 43.769227 ], [ 2.014709, 43.773313 ], [ 2.012775, 43.773306 ], [ 2.011693, 43.773336 ], [ 2.010973465271068, 43.773667487696422 ], [ 2.004572, 43.778574 ], [ 2.00113, 43.77963 ], [ 1.993193, 43.778865 ], [ 1.986784, 43.780235 ], [ 1.983104, 43.78106 ], [ 1.976195, 43.778902 ], [ 1.973114, 43.774114 ], [ 1.964686169457249, 43.772321118393876 ], [ 1.964058, 43.773263 ], [ 1.96373, 43.773944 ], [ 1.963555, 43.774173 ], [ 1.960424, 43.77324 ], [ 1.960092, 43.772445 ], [ 1.960058, 43.771867 ], [ 1.960427, 43.770878 ], [ 1.959469, 43.763595 ], [ 1.953895, 43.759784 ], [ 1.958687, 43.766263 ] ] ] ] } },
{ "type": "Feature", "properties": { "codgeo": "81105", "value": 420, "isochrone_group": 7.0, "nb_agences": 2 }, "geometry": { "type": "MultiPolygon", "coordinates": [ [ [ [ 1.929884, 43.752337 ], [ 1.929471, 43.7523 ], [ 1.924034, 43.751983 ], [ 1.923448, 43.755535 ], [ 1.924421, 43.755695 ], [ 1.925463, 43.755844 ], [ 1.932762, 43.760681 ], [ 1.936286, 43.759946 ], [ 1.943856, 43.764352 ], [ 1.944237, 43.765475 ], [ 1.944556, 43.765984 ], [ 1.944715, 43.766172 ], [ 1.944734974914142, 43.766178092686189 ], [ 1.944923, 43.766382 ], [ 1.948203, 43.773533 ], [ 1.947828, 43.777113 ], [ 1.948116, 43.780421 ], [ 1.948979, 43.783916 ], [ 1.950941, 43.783748 ], [ 1.957075, 43.782639 ], [ 1.957823, 43.782441 ], [ 1.965143895380379, 43.780028803045177 ], [ 1.967942, 43.782352 ], [ 1.973405, 43.784908 ], [ 1.977668, 43.791433 ], [ 1.981262, 43.791221 ], [ 1.985876, 43.789741 ], [ 1.990796, 43.787434 ], [ 1.995433, 43.789402 ], [ 2.002788, 43.79363 ], [ 2.006237, 43.792598 ], [ 2.007461, 43.790679 ], [ 2.012971, 43.784998 ], [ 2.015514039089103, 43.784112364496323 ], [ 2.020232, 43.784995 ], [ 2.020936, 43.785671 ], [ 2.023429, 43.783074 ], [ 2.022724, 43.782397 ], [ 2.022073371972403, 43.780956094343495 ], [ 2.022799, 43.778887 ], [ 2.023884888598602, 43.777963289568724 ], [ 2.028547, 43.774549 ], [ 2.03, 43.774385 ], [ 2.030629, 43.774332 ], [ 2.035337, 43.774691 ], [ 2.035851, 43.774775 ], [ 2.041583, 43.774284 ], [ 2.04496, 43.773036 ], [ 2.052862, 43.771337 ], [ 2.054785, 43.771673 ], [ 2.056758, 43.772017 ], [ 2.057651, 43.772145 ], [ 2.059324, 43.772437 ], [ 2.059741, 43.772509 ], [ 2.06143, 43.770608 ], [ 2.06143, 43.770607 ], [ 2.060355, 43.768961 ], [ 2.059938, 43.768889 ], [ 2.058268, 43.768598 ], [ 2.054432, 43.760632 ], [ 2.054456, 43.758094 ], [ 2.054056, 43.757824 ], [ 2.053355, 43.757496 ], [ 2.052815, 43.757416 ], [ 2.052238, 43.757706 ], [ 2.048946, 43.758965 ], [ 2.048386, 43.759057 ], [ 2.041777, 43.753198 ], [ 2.043754, 43.75019 ], [ 2.042706, 43.749501 ], [ 2.039687, 43.742682 ], [ 2.044988, 43.736968 ], [ 2.046786, 43.733849 ], [ 2.051272, 43.730295 ], [ 2.055347, 43.726472 ], [ 2.054941, 43.7256 ], [ 2.054391, 43.724616 ], [ 2.053542, 43.723357 ], [ 2.052093, 43.724196 ], [ 2.049561, 43.725405 ], [ 2.048499, 43.726279 ], [ 2.046573, 43.727403 ], [ 2.039263, 43.727617 ], [ 2.039063, 43.727835 ], [ 2.038066, 43.728814 ], [ 2.029976, 43.730301 ], [ 2.027049, 43.728205 ], [ 2.025912, 43.7194 ], [ 2.024707, 43.717127 ], [ 2.024044, 43.716323 ], [ 2.016489627455916, 43.713382102890513 ], [ 2.012799, 43.711178 ], [ 2.012080911622874, 43.71100455008159 ], [ 2.007656, 43.708153 ], [ 2.007554, 43.708248 ], [ 2.006181, 43.709789 ], [ 2.005563, 43.713335 ], [ 2.006088, 43.713484 ], [ 2.006798449087056, 43.71444043071498 ], [ 2.007076, 43.715308 ], [ 2.007752, 43.718844 ], [ 2.00627459685971, 43.721013444704347 ], [ 2.009626, 43.717527 ], [ 2.009839, 43.717173 ], [ 2.011571, 43.71436 ], [ 2.014228, 43.71337 ], [ 2.01441, 43.713554 ], [ 2.014664, 43.713869 ], [ 2.01589, 43.715564 ], [ 2.014626, 43.717469 ], [ 2.014351, 43.717818 ], [ 2.013849, 43.71853 ], [ 2.012369, 43.721564 ], [ 2.011649, 43.723318 ], [ 2.011509, 43.723631 ], [ 2.011149, 43.724208 ], [ 2.0108, 43.724609 ], [ 2.009473876176793, 43.727110467491315 ], [ 2.007887, 43.731004 ], [ 2.009746, 43.736084 ], [ 2.018135, 43.73458 ], [ 2.024823, 43.734048 ], [ 2.028168, 43.732888 ], [ 2.032103, 43.733177 ], [ 2.036812, 43.732562 ], [ 2.041004, 43.729879 ], [ 2.041604, 43.72959 ], [ 2.042027, 43.729477 ], [ 2.043644, 43.732677 ], [ 2.042037, 43.734305 ], [ 2.041115, 43.735535 ], [ 2.040707, 43.735942 ], [ 2.037425, 43.739739 ], [ 2.037304, 43.744939 ], [ 2.039691, 43.748972 ], [ 2.040224, 43.749622 ], [ 2.040399, 43.750036 ], [ 2.040618, 43.750835 ], [ 2.044097, 43.758513 ], [ 2.045156, 43.76034 ], [ 2.047065, 43.768552 ], [ 2.04688, 43.76896 ], [ 2.045901, 43.770119 ], [ 2.043754, 43.770209 ], [ 2.040241, 43.76942 ], [ 2.038594, 43.76889 ], [ 2.03604, 43.768587 ], [ 2.029921, 43.773405 ], [ 2.029421, 43.773254 ], [ 2.028961, 43.773067 ], [ 2.028317, 43.77262 ], [ 2.020575, 43.776644 ], [ 2.017044, 43.777347 ], [ 2.01464, 43.776897 ], [ 2.008032565060498, 43.781174117397377 ], [ 2.008044, 43.781416 ], [ 2.007391, 43.785068 ], [ 2.004673, 43.787136 ], [ 2.004227, 43.786659 ], [ 1.998974, 43.783592 ], [ 1.993324, 43.784456 ], [ 1.987187, 43.785808 ], [ 1.978478, 43.784792 ], [ 1.977102, 43.783477 ], [ 1.970801, 43.779963 ], [ 1.966087793594057, 43.776929938934806 ], [ 1.966023, 43.776918 ], [ 1.965227, 43.776703 ], [ 1.956852, 43.777925 ], [ 1.955338, 43.777542 ], [ 1.954113, 43.777222 ], [ 1.953905, 43.775857 ], [ 1.954264, 43.774106 ], [ 1.95501, 43.773736 ], [ 1.958194, 43.769829 ], [ 1.958687, 43.766263 ], [ 1.953895, 43.759784 ], [ 1.949181, 43.762139 ], [ 1.948356, 43.763035 ], [ 1.948355779814936, 43.763034931142549 ], [ 1.948119, 43.763292 ], [ 1.946253, 43.762389 ], [ 1.938732, 43.757645 ], [ 1.936154, 43.757297 ], [ 1.936636, 43.75373 ], [ 1.939641, 43.753327 ], [ 1.939726, 43.753356 ], [ 1.944564, 43.754824 ], [ 1.945574, 43.754869 ], [ 1.949381680949726, 43.753682868685317 ], [ 1.953875, 43.750054 ], [ 1.954167, 43.744323 ], [ 1.958346, 43.739159 ], [ 1.958551, 43.738956 ], [ 1.961196, 43.737061 ], [ 1.961441, 43.737277 ], [ 1.961793, 43.737695 ], [ 1.962365, 43.738714 ], [ 1.964103361475987, 43.741745213226977 ], [ 1.964211013896096, 43.741807885527265 ], [ 1.971531, 43.737934 ], [ 1.973495, 43.735229 ], [ 1.973662, 43.735157 ], [ 1.974143, 43.735106 ], [ 1.974416082940387, 43.735117086700562 ], [ 1.974419, 43.735109 ], [ 1.974611, 43.735125 ], [ 1.97502, 43.735194 ], [ 1.975575, 43.735369 ], [ 1.972409, 43.733519 ], [ 1.971889, 43.733236 ], [ 1.970889, 43.733064 ], [ 1.970366, 43.733157 ], [ 1.969709, 43.733372 ], [ 1.968804, 43.73368 ], [ 1.964894, 43.734538 ], [ 1.957763, 43.733819 ], [ 1.957323, 43.73371 ], [ 1.956946, 43.733651 ], [ 1.956427, 43.733607 ], [ 1.955941, 43.73359 ], [ 1.951025, 43.733545 ], [ 1.950853, 43.733545 ], [ 1.950666, 43.734119 ], [ 1.950843, 43.737145 ], [ 1.948563, 43.744994 ], [ 1.941997, 43.75038 ], [ 1.941128, 43.750635 ], [ 1.94098982434035, 43.750682955081878 ], [ 1.940989, 43.750682 ], [ 1.939938, 43.751048 ], [ 1.938298, 43.751701 ], [ 1.929884, 43.752337 ] ] ], [ [ [ 1.997089, 43.719329 ], [ 1.995077, 43.718358 ], [ 1.994968, 43.718388 ], [ 1.994787, 43.718466 ], [ 1.99349, 43.71941 ], [ 1.992276, 43.721311 ], [ 1.993409, 43.725384 ], [ 1.99349, 43.724517 ], [ 1.993492518251436, 43.724516509014038 ], [ 1.993536, 43.723049 ], [ 1.997135, 43.723158 ], [ 2.001869281129464, 43.723624984557489 ], [ 2.004388304902345, 43.723306036585676 ], [ 2.004760129834321, 43.722840740298011 ], [ 1.997089, 43.719329 ] ] ], [ [ [ 1.994663882042186, 43.73293853809912 ], [ 1.996402, 43.73135 ], [ 1.994089, 43.727038 ], [ 1.994663882042186, 43.73293853809912 ] ] ], [ [ [ 1.988681, 43.736577 ], [ 1.989415, 43.736642 ], [ 1.990173, 43.736623 ], [ 1.990592, 43.73666 ], [ 1.993217909489658, 43.734260072394143 ], [ 1.988681, 43.736577 ] ] ] ] } },
{ "type": "Feature", "properties": { "codgeo": "81105", "value": 480, "isochrone_group": 8.0, "nb_agences": 2 }, "geometry": { "type": "MultiPolygon", "coordinates": [ [ [ [ 1.923101, 43.750204 ], [ 1.920782, 43.749496 ], [ 1.919564, 43.749283 ], [ 1.919338, 43.749242 ], [ 1.91464, 43.748944 ], [ 1.914082, 43.749053 ], [ 1.913961, 43.74909 ], [ 1.913388, 43.75232 ], [ 1.914469, 43.753525 ], [ 1.91783, 43.755787 ], [ 1.921107, 43.757279 ], [ 1.929288, 43.760188 ], [ 1.929337, 43.763787 ], [ 1.930984, 43.763765 ], [ 1.932108, 43.763367 ], [ 1.934419, 43.762651 ], [ 1.940954, 43.768533 ], [ 1.942545, 43.775468 ], [ 1.939726, 43.7826 ], [ 1.941489, 43.785739 ], [ 1.945073, 43.785061 ], [ 1.950787277048225, 43.784809651332623 ], [ 1.955186, 43.786231 ], [ 1.955652, 43.78603 ], [ 1.957557285496323, 43.785005353764589 ], [ 1.958786, 43.784888 ], [ 1.965512, 43.78608 ], [ 1.969702, 43.787986 ], [ 1.971009, 43.788996 ], [ 1.974323, 43.796368 ], [ 1.973921, 43.799069 ], [ 1.975693, 43.799697 ], [ 1.977317, 43.800264 ], [ 1.982524, 43.798835 ], [ 1.984029, 43.797671 ], [ 1.985422, 43.7967 ], [ 1.991664, 43.793895 ], [ 1.994627, 43.795263 ], [ 1.996075, 43.795484 ], [ 1.996075948517131, 43.795484178508815 ], [ 1.996081, 43.795487 ], [ 1.996702, 43.795602 ], [ 1.997187, 43.795633 ], [ 2.005407, 43.798945 ], [ 2.00738, 43.79992 ], [ 2.007451, 43.799912 ], [ 2.010093, 43.799428 ], [ 2.010251, 43.799386 ], [ 2.010251412556054, 43.799381408071746 ], [ 2.010433, 43.799328 ], [ 2.010986, 43.799107 ], [ 2.011523, 43.798822 ], [ 2.012524, 43.795661 ], [ 2.012408, 43.795579 ], [ 2.011869, 43.795319 ], [ 2.009244, 43.793042 ], [ 2.008533157301817, 43.789573568850876 ], [ 2.007461, 43.790679 ], [ 2.006237, 43.792598 ], [ 2.002788, 43.79363 ], [ 1.995433, 43.789402 ], [ 1.990796, 43.787434 ], [ 1.985876, 43.789741 ], [ 1.981262, 43.791221 ], [ 1.977668, 43.791433 ], [ 1.973405, 43.784908 ], [ 1.967942, 43.782352 ], [ 1.965143895380379, 43.780028803045177 ], [ 1.957823, 43.782441 ], [ 1.957075, 43.782639 ], [ 1.950941, 43.783748 ], [ 1.948979, 43.783916 ], [ 1.948116, 43.780421 ], [ 1.947828, 43.777113 ], [ 1.948203, 43.773533 ], [ 1.944923, 43.766382 ], [ 1.944734974914142, 43.766178092686189 ], [ 1.944715, 43.766172 ], [ 1.944556, 43.765984 ], [ 1.944237, 43.765475 ], [ 1.943856, 43.764352 ], [ 1.936286, 43.759946 ], [ 1.932762, 43.760681 ], [ 1.925463, 43.755844 ], [ 1.924421, 43.755695 ], [ 1.923448, 43.755535 ], [ 1.924034, 43.751983 ], [ 1.929471, 43.7523 ], [ 1.929884, 43.752337 ], [ 1.938298, 43.751701 ], [ 1.939938, 43.751048 ], [ 1.932113, 43.750559 ], [ 1.931607, 43.750589 ], [ 1.931452114189482, 43.750605787623343 ], [ 1.931437, 43.750605 ], [ 1.930832, 43.750673 ], [ 1.926376046089654, 43.750637580879165 ], [ 1.923411, 43.750288 ], [ 1.923101, 43.750204 ] ] ], [ [ [ 2.022735, 43.788971 ], [ 2.02347, 43.789251 ], [ 2.02655, 43.790981 ], [ 2.029188, 43.789179 ], [ 2.029278, 43.788632 ], [ 2.028813, 43.788029 ], [ 2.028192, 43.787388 ], [ 2.027359, 43.786078 ], [ 2.025472, 43.785035 ], [ 2.023962, 43.783586 ], [ 2.026776159325594, 43.775845872237035 ], [ 2.023884888598602, 43.777963289568724 ], [ 2.022799, 43.778887 ], [ 2.022073371972403, 43.780956094343495 ], [ 2.022724, 43.782397 ], [ 2.023429, 43.783074 ], [ 2.020936, 43.785671 ], [ 2.020232, 43.784995 ], [ 2.022735, 43.788971 ] ] ], [ [ [ 2.028983, 43.775616 ], [ 2.029664, 43.775829 ], [ 2.030336670710849, 43.775810263509875 ], [ 2.031186, 43.776617 ], [ 2.032269, 43.777109 ], [ 2.033349, 43.777846 ], [ 2.035208, 43.776458 ], [ 2.042502, 43.778753 ], [ 2.042712, 43.779025 ], [ 2.045632, 43.777022 ], [ 2.045835, 43.776768 ], [ 2.053836, 43.775074 ], [ 2.055385, 43.778324 ], [ 2.0617, 43.776801 ], [ 2.070012, 43.773892 ], [ 2.071491, 43.774132 ], [ 2.072249, 43.770612 ], [ 2.071687, 43.770492 ], [ 2.064361, 43.766142 ], [ 2.061828, 43.763585 ], [ 2.061816, 43.756733 ], [ 2.057222, 43.754048 ], [ 2.05006, 43.754756 ], [ 2.047022, 43.756688 ], [ 2.042768586338514, 43.752214984974081 ], [ 2.043995, 43.750349 ], [ 2.040251, 43.742715 ], [ 2.04496790492676, 43.737265895779039 ], [ 2.04633, 43.737912 ], [ 2.046575, 43.737986 ], [ 2.047904, 43.738184 ], [ 2.048406, 43.738025 ], [ 2.048704, 43.737883 ], [ 2.053427, 43.73404 ], [ 2.053814, 43.730461 ], [ 2.059579, 43.726156 ], [ 2.062981, 43.725422 ], [ 2.067558, 43.723713 ], [ 2.068307, 43.720191 ], [ 2.067452, 43.720009 ], [ 2.066936, 43.719957 ], [ 2.058346, 43.719736 ], [ 2.057249, 43.7206 ], [ 2.05384, 43.723192 ], [ 2.050657720568699, 43.724297327589525 ], [ 2.043495, 43.724803 ], [ 2.040042, 43.723785 ], [ 2.032156, 43.725952 ], [ 2.03156, 43.71762 ], [ 2.031108, 43.714049 ], [ 2.027634, 43.712559 ], [ 2.027292, 43.712781 ], [ 2.025175, 43.714191 ], [ 2.01996406855866, 43.714283892847071 ], [ 2.015539, 43.707704 ], [ 2.012277, 43.702782 ], [ 2.008935, 43.701558 ], [ 2.008237, 43.70141 ], [ 2.007572, 43.701466 ], [ 2.006188, 43.701767 ], [ 2.000693, 43.707905 ], [ 1.998632, 43.709641 ], [ 1.998498, 43.710724 ], [ 1.993482737902744, 43.716469325871898 ], [ 1.9927670036476, 43.716680611605327 ], [ 1.990296, 43.716256 ], [ 1.987115, 43.717304 ], [ 1.986809, 43.720891 ], [ 1.991, 43.723537 ], [ 1.993532, 43.726232 ], [ 1.993409, 43.725384 ], [ 1.992276, 43.721311 ], [ 1.99349, 43.71941 ], [ 1.994787, 43.718466 ], [ 1.994968, 43.718388 ], [ 1.995077, 43.718358 ], [ 1.997089, 43.719329 ], [ 2.004966013708795, 43.722934991172977 ], [ 2.007752, 43.718844 ], [ 2.007076, 43.715308 ], [ 2.006798449087056, 43.71444043071498 ], [ 2.006088, 43.713484 ], [ 2.005563, 43.713335 ], [ 2.006181, 43.709789 ], [ 2.007554, 43.708248 ], [ 2.007656, 43.708153 ], [ 2.012080911622874, 43.71100455008159 ], [ 2.012799, 43.711178 ], [ 2.016489627455916, 43.713382102890513 ], [ 2.024044, 43.716323 ], [ 2.024707, 43.717127 ], [ 2.025912, 43.7194 ], [ 2.027049, 43.728205 ], [ 2.029976, 43.730301 ], [ 2.038066, 43.728814 ], [ 2.039063, 43.727835 ], [ 2.039263, 43.727617 ], [ 2.046573, 43.727403 ], [ 2.048499, 43.726279 ], [ 2.049561, 43.725405 ], [ 2.052093, 43.724196 ], [ 2.053542, 43.723357 ], [ 2.054391, 43.724616 ], [ 2.054941, 43.7256 ], [ 2.055347, 43.726472 ], [ 2.051272, 43.730295 ], [ 2.046786, 43.733849 ], [ 2.044988, 43.736968 ], [ 2.039687, 43.742682 ], [ 2.042706, 43.749501 ], [ 2.043754, 43.75019 ], [ 2.041777, 43.753198 ], [ 2.048386, 43.759057 ], [ 2.048946, 43.758965 ], [ 2.052238, 43.757706 ], [ 2.052815, 43.757416 ], [ 2.053355, 43.757496 ], [ 2.054056, 43.757824 ], [ 2.054456, 43.758094 ], [ 2.054432, 43.760632 ], [ 2.058268, 43.768598 ], [ 2.059938, 43.768889 ], [ 2.060355, 43.768961 ], [ 2.06143, 43.770607 ], [ 2.06143, 43.770608 ], [ 2.059741, 43.772509 ], [ 2.059324, 43.772437 ], [ 2.057651, 43.772145 ], [ 2.056758, 43.772017 ], [ 2.054785, 43.771673 ], [ 2.052862, 43.771337 ], [ 2.04496, 43.773036 ], [ 2.041583, 43.774284 ], [ 2.035851, 43.774775 ], [ 2.035337, 43.774691 ], [ 2.030629, 43.774332 ], [ 2.03, 43.774385 ], [ 2.028547, 43.774549 ], [ 2.027274300836318, 43.775481059126115 ], [ 2.028983, 43.775616 ] ] ], [ [ [ 1.972873, 43.729693 ], [ 1.969892, 43.728934 ], [ 1.967041, 43.731133 ], [ 1.960809246895691, 43.733418357985869 ], [ 1.960478863414511, 43.733506160353286 ], [ 1.95744, 43.731651 ], [ 1.948833, 43.73248 ], [ 1.946459, 43.731359 ], [ 1.944284, 43.731143 ], [ 1.943382, 43.731701 ], [ 1.942527, 43.733104 ], [ 1.942491, 43.733681 ], [ 1.942519, 43.734008 ], [ 1.945555, 43.738416 ], [ 1.944855, 43.746334 ], [ 1.943352, 43.747153 ], [ 1.939938, 43.751048 ], [ 1.940989, 43.750682 ], [ 1.94098982434035, 43.750682955081878 ], [ 1.941128, 43.750635 ], [ 1.941997, 43.75038 ], [ 1.948563, 43.744994 ], [ 1.950843, 43.737145 ], [ 1.950666, 43.734119 ], [ 1.950853, 43.733545 ], [ 1.951025, 43.733545 ], [ 1.955941, 43.73359 ], [ 1.956427, 43.733607 ], [ 1.956946, 43.733651 ], [ 1.957323, 43.73371 ], [ 1.957763, 43.733819 ], [ 1.964894, 43.734538 ], [ 1.968804, 43.73368 ], [ 1.969709, 43.733372 ], [ 1.970366, 43.733157 ], [ 1.970889, 43.733064 ], [ 1.971889, 43.733236 ], [ 1.972409, 43.733519 ], [ 1.975575, 43.735369 ], [ 1.976006, 43.735574 ], [ 1.976497, 43.735941 ], [ 1.972873, 43.729693 ] ] ] ] } },
{ "type": "Feature", "properties": { "codgeo": "81105", "value": 540, "isochrone_group": 9.0, "nb_agences": 2 }, "geometry": { "type": "MultiPolygon", "coordinates": [ [ [ [ 1.983364, 43.716761 ], [ 1.980505, 43.717642 ], [ 1.979627, 43.718458 ], [ 1.979311, 43.718867 ], [ 1.978396, 43.722186 ], [ 1.970155, 43.725714 ], [ 1.967862, 43.725681 ], [ 1.965419, 43.725806 ], [ 1.963173, 43.72588 ], [ 1.958833, 43.727667 ], [ 1.952841, 43.728444 ], [ 1.944575, 43.727464 ], [ 1.943368, 43.726848 ], [ 1.943014, 43.726652 ], [ 1.940269, 43.725778 ], [ 1.937836, 43.727141 ], [ 1.93738, 43.727927 ], [ 1.936049, 43.730266 ], [ 1.937517, 43.731227 ], [ 1.940326, 43.734253 ], [ 1.941578, 43.737628 ], [ 1.943036, 43.745322 ], [ 1.941215, 43.748427 ], [ 1.93337, 43.749842 ], [ 1.931669, 43.748204 ], [ 1.931454, 43.748055 ], [ 1.925626, 43.746485 ], [ 1.924774, 43.746709 ], [ 1.924374, 43.746838 ], [ 1.92371, 43.747103 ], [ 1.919257, 43.747942 ], [ 1.912926, 43.746372 ], [ 1.905982, 43.749034 ], [ 1.905896, 43.749081 ], [ 1.905641, 43.752002 ], [ 1.906381, 43.753078 ], [ 1.906471, 43.753186 ], [ 1.90815, 43.753858 ], [ 1.914973, 43.758654 ], [ 1.9159, 43.759666 ], [ 1.918918, 43.761629 ], [ 1.924631, 43.76433 ], [ 1.928263, 43.766564 ], [ 1.931862, 43.766531 ], [ 1.936612, 43.773979 ], [ 1.937934, 43.775624 ], [ 1.937896, 43.784408 ], [ 1.93758, 43.78501 ], [ 1.936537, 43.787991 ], [ 1.936521, 43.78805 ], [ 1.93644, 43.788865 ], [ 1.93664, 43.789844 ], [ 1.938113, 43.791417 ], [ 1.938542, 43.791287 ], [ 1.938958, 43.791109 ], [ 1.939695, 43.79047 ], [ 1.941515, 43.788499 ], [ 1.945621, 43.786241 ], [ 1.951879, 43.789152 ], [ 1.953615, 43.790365 ], [ 1.954212, 43.789936 ], [ 1.954485, 43.789699 ], [ 1.959157, 43.787069 ], [ 1.959594, 43.786805 ], [ 1.960252065305274, 43.786407756925328 ], [ 1.967432, 43.790915 ], [ 1.969196, 43.795351 ], [ 1.969509, 43.799269 ], [ 1.969619, 43.800405 ], [ 1.969961, 43.801222 ], [ 1.971586, 43.805026 ], [ 1.972821, 43.808407 ], [ 1.974596, 43.807818 ], [ 1.9751, 43.807621 ], [ 1.975579, 43.807376 ], [ 1.975789476154001, 43.80722999709252 ], [ 1.975796, 43.807239 ], [ 1.976196, 43.806948 ], [ 1.976618, 43.806556 ], [ 1.977801025585494, 43.805615009813003 ], [ 1.978706165048535, 43.805316089944654 ], [ 1.986535, 43.804942 ], [ 1.987352, 43.805373 ], [ 1.987761, 43.805551 ], [ 1.990013, 43.804014 ], [ 1.9912, 43.802409 ], [ 1.990588, 43.798862 ], [ 1.992393221687049, 43.794231677444436 ], [ 1.991664, 43.793895 ], [ 1.985422, 43.7967 ], [ 1.984029, 43.797671 ], [ 1.982524, 43.798835 ], [ 1.977317, 43.800264 ], [ 1.975693, 43.799697 ], [ 1.973921, 43.799069 ], [ 1.974323, 43.796368 ], [ 1.971009, 43.788996 ], [ 1.969702, 43.787986 ], [ 1.965512, 43.78608 ], [ 1.958786, 43.784888 ], [ 1.957557285496323, 43.785005353764589 ], [ 1.955652, 43.78603 ], [ 1.955186, 43.786231 ], [ 1.950787277048225, 43.784809651332623 ], [ 1.945073, 43.785061 ], [ 1.941489, 43.785739 ], [ 1.939726, 43.7826 ], [ 1.942545, 43.775468 ], [ 1.940954, 43.768533 ], [ 1.934419, 43.762651 ], [ 1.932108, 43.763367 ], [ 1.930984, 43.763765 ], [ 1.929337, 43.763787 ], [ 1.929288, 43.760188 ], [ 1.921107, 43.757279 ], [ 1.91783, 43.755787 ], [ 1.914469, 43.753525 ], [ 1.913388, 43.75232 ], [ 1.913961, 43.74909 ], [ 1.914082, 43.749053 ], [ 1.91464, 43.748944 ], [ 1.919338, 43.749242 ], [ 1.919564, 43.749283 ], [ 1.920782, 43.749496 ], [ 1.923101, 43.750204 ], [ 1.923411, 43.750288 ], [ 1.926376046089654, 43.750637580879165 ], [ 1.930832, 43.750673 ], [ 1.931437, 43.750605 ], [ 1.931452114189482, 43.750605787623343 ], [ 1.931607, 43.750589 ], [ 1.932113, 43.750559 ], [ 1.939938, 43.751048 ], [ 1.943352, 43.747153 ], [ 1.944855, 43.746334 ], [ 1.945555, 43.738416 ], [ 1.942519, 43.734008 ], [ 1.942491, 43.733681 ], [ 1.942527, 43.733104 ], [ 1.943382, 43.731701 ], [ 1.944284, 43.731143 ], [ 1.946459, 43.731359 ], [ 1.948833, 43.73248 ], [ 1.95744, 43.731651 ], [ 1.960478863414511, 43.733506160353286 ], [ 1.960809246895691, 43.733418357985869 ], [ 1.967041, 43.731133 ], [ 1.969892, 43.728934 ], [ 1.972873, 43.729693 ], [ 1.976497, 43.735941 ], [ 1.976877, 43.736416 ], [ 1.977112, 43.736938 ], [ 1.978041, 43.738408 ], [ 1.986878, 43.736734 ], [ 1.988206, 43.736603 ], [ 1.988681, 43.736577 ], [ 1.989415, 43.736642 ], [ 1.990173, 43.736623 ], [ 1.990592, 43.73666 ], [ 1.991017, 43.736781 ], [ 1.997468, 43.733473 ], [ 1.994625, 43.727382 ], [ 1.994089, 43.727038 ], [ 1.993532, 43.726232 ], [ 1.991, 43.723537 ], [ 1.986809, 43.720891 ], [ 1.987115, 43.717304 ], [ 1.988659071903585, 43.716795296021715 ], [ 1.986916, 43.716176 ], [ 1.983364, 43.716761 ] ] ], [ [ [ 2.002725, 43.800978 ], [ 2.003051, 43.803204 ], [ 2.003883, 43.804387 ], [ 2.00856, 43.80395 ], [ 2.011023866873849, 43.802815498979832 ], [ 2.013132, 43.802526 ], [ 2.013296, 43.802473 ], [ 2.014470886365812, 43.801937329569782 ], [ 2.017671, 43.802563 ], [ 2.018032, 43.802399 ], [ 2.01865, 43.801967 ], [ 2.019, 43.801578 ], [ 2.019362, 43.80077 ], [ 2.01945, 43.80025 ], [ 2.019462, 43.800017 ], [ 2.019381, 43.799369 ], [ 2.019039, 43.798625 ], [ 2.021748, 43.790846 ], [ 2.028022, 43.792627 ], [ 2.028652, 43.793338 ], [ 2.029748, 43.796155 ], [ 2.03413, 43.796766 ], [ 2.035005, 43.796236 ], [ 2.035342, 43.795822 ], [ 2.035667, 43.793511 ], [ 2.037923, 43.785646 ], [ 2.042261, 43.782596 ], [ 2.047063, 43.782086 ], [ 2.049136, 43.779143 ], [ 2.049230842635481, 43.77894430391504 ], [ 2.053677, 43.779494 ], [ 2.059177752767985, 43.779028528638108 ], [ 2.059207, 43.779071 ], [ 2.05987, 43.78093 ], [ 2.059927, 43.781116 ], [ 2.063497, 43.780652 ], [ 2.063481, 43.78053 ], [ 2.067578724612299, 43.774844661934047 ], [ 2.070012, 43.773892 ], [ 2.0617, 43.776801 ], [ 2.055385, 43.778324 ], [ 2.053836, 43.775074 ], [ 2.045835, 43.776768 ], [ 2.045632, 43.777022 ], [ 2.042712, 43.779025 ], [ 2.042502, 43.778753 ], [ 2.035208, 43.776458 ], [ 2.033349, 43.777846 ], [ 2.032269, 43.777109 ], [ 2.031186, 43.776617 ], [ 2.030336670710849, 43.775810263509875 ], [ 2.029664, 43.775829 ], [ 2.028983, 43.775616 ], [ 2.026919, 43.775453 ], [ 2.023962, 43.783586 ], [ 2.025472, 43.785035 ], [ 2.027359, 43.786078 ], [ 2.028192, 43.787388 ], [ 2.028813, 43.788029 ], [ 2.029278, 43.788632 ], [ 2.029188, 43.789179 ], [ 2.02655, 43.790981 ], [ 2.02347, 43.789251 ], [ 2.022735, 43.788971 ], [ 2.020232, 43.784995 ], [ 2.018903, 43.783512 ], [ 2.018421, 43.78265 ], [ 2.009937, 43.781412 ], [ 2.008231, 43.784546 ], [ 2.007885, 43.786411 ], [ 2.009244, 43.793042 ], [ 2.011869, 43.795319 ], [ 2.012408, 43.795579 ], [ 2.012524, 43.795661 ], [ 2.011523, 43.798822 ], [ 2.010986, 43.799107 ], [ 2.010433, 43.799328 ], [ 2.010251412556054, 43.799381408071746 ], [ 2.010251, 43.799386 ], [ 2.010093, 43.799428 ], [ 2.007451, 43.799912 ], [ 2.00738, 43.79992 ], [ 2.005407, 43.798945 ], [ 2.002264834707248, 43.797678959677668 ], [ 2.002725, 43.800978 ] ] ], [ [ [ 2.073016, 43.774729 ], [ 2.075773, 43.776099 ], [ 2.079461, 43.778212 ], [ 2.081984, 43.779613 ], [ 2.084172, 43.776755 ], [ 2.083055, 43.7759 ], [ 2.082482, 43.775494 ], [ 2.081622, 43.774981 ], [ 2.080124, 43.774241 ], [ 2.077376, 43.772875 ], [ 2.074618, 43.771505 ], [ 2.073859, 43.771151 ], [ 2.070945, 43.762717 ], [ 2.071577, 43.759173 ], [ 2.06688, 43.757317 ], [ 2.063655, 43.753986 ], [ 2.061966, 43.750996 ], [ 2.061872, 43.750853 ], [ 2.058133, 43.752574 ], [ 2.050545, 43.753048 ], [ 2.048094, 43.750412 ], [ 2.043488198417436, 43.749315633738973 ], [ 2.043995, 43.750349 ], [ 2.042768586338514, 43.752214984974081 ], [ 2.047022, 43.756688 ], [ 2.05006, 43.754756 ], [ 2.057222, 43.754048 ], [ 2.061816, 43.756733 ], [ 2.061828, 43.763585 ], [ 2.064361, 43.766142 ], [ 2.071687, 43.770492 ], [ 2.072249, 43.770612 ], [ 2.071491, 43.774132 ], [ 2.070012, 43.773892 ], [ 2.073016, 43.774729 ] ] ], [ [ [ 2.04633, 43.737912 ], [ 2.04496790492676, 43.737265895779039 ], [ 2.044967904926759, 43.737265895779039 ], [ 2.04633, 43.737912 ] ] ], [ [ [ 2.052780902118972, 43.735476393182751 ], [ 2.056593, 43.73426 ], [ 2.057571, 43.734135 ], [ 2.059572, 43.733966 ], [ 2.060063, 43.730399 ], [ 2.062103198066263, 43.727065698984148 ], [ 2.062949, 43.726639 ], [ 2.068699, 43.723726 ], [ 2.072998, 43.723707 ], [ 2.074194, 43.723261 ], [ 2.078438, 43.720033 ], [ 2.078273, 43.716436 ], [ 2.071207, 43.71653 ], [ 2.071051, 43.716653 ], [ 2.066412252973359, 43.719943525251104 ], [ 2.066936, 43.719957 ], [ 2.067452, 43.720009 ], [ 2.068307, 43.720191 ], [ 2.067558, 43.723713 ], [ 2.062981, 43.725422 ], [ 2.059579, 43.726156 ], [ 2.053814, 43.730461 ], [ 2.053427, 43.73404 ], [ 2.048840723757172, 43.737771750921276 ], [ 2.052780902118972, 43.735476393182751 ] ] ], [ [ [ 2.06043, 43.717496 ], [ 2.060297, 43.717322 ], [ 2.056941, 43.715869 ], [ 2.056369, 43.715702 ], [ 2.055117, 43.715532 ], [ 2.054502, 43.718175 ], [ 2.054345, 43.718824 ], [ 2.054409, 43.719721 ], [ 2.052343619519171, 43.72371175028141 ], [ 2.05384, 43.723192 ], [ 2.057249, 43.7206 ], [ 2.058346, 43.719736 ], [ 2.066170162480702, 43.71993729684614 ], [ 2.06043, 43.717496 ] ] ], [ [ [ 2.044521, 43.720717 ], [ 2.041189, 43.713032 ], [ 2.038975, 43.710193 ], [ 2.030347, 43.70888 ], [ 2.030165, 43.708973 ], [ 2.02955, 43.709338 ], [ 2.020734, 43.708232 ], [ 2.018649, 43.705297 ], [ 2.012573, 43.700873 ], [ 2.004371, 43.697997 ], [ 2.000908, 43.69701 ], [ 1.999315, 43.696669 ], [ 1.996498, 43.698909 ], [ 1.995884, 43.706844 ], [ 1.993572, 43.709603 ], [ 1.990783728356317, 43.71633981012328 ], [ 1.9927670036476, 43.716680611605327 ], [ 1.993482737902744, 43.716469325871898 ], [ 1.998498, 43.710724 ], [ 1.998632, 43.709641 ], [ 2.000693, 43.707905 ], [ 2.006188, 43.701767 ], [ 2.007572, 43.701466 ], [ 2.008237, 43.70141 ], [ 2.008935, 43.701558 ], [ 2.012277, 43.702782 ], [ 2.015539, 43.707704 ], [ 2.01996406855866, 43.714283892847071 ], [ 2.025175, 43.714191 ], [ 2.027292, 43.712781 ], [ 2.027634, 43.712559 ], [ 2.031108, 43.714049 ], [ 2.03156, 43.71762 ], [ 2.032156, 43.725952 ], [ 2.040042, 43.723785 ], [ 2.043495, 43.724803 ], [ 2.050657720568699, 43.724297327589525 ], [ 2.05160068120133, 43.723969801228137 ], [ 2.044521, 43.720717 ] ] ] ] } },
{ "type": "Feature", "properties": { "codgeo": "81105", "value": 600, "isochrone_group": 10.0, "nb_agences": 2 }, "geometry": { "type": "MultiPolygon", "coordinates": [ [ [ [ 1.902185, 43.746019 ], [ 1.901106, 43.746902 ], [ 1.900766, 43.754086 ], [ 1.904895, 43.757873 ], [ 1.912743, 43.761132 ], [ 1.915976, 43.762589 ], [ 1.920412, 43.766839 ], [ 1.925826, 43.771203 ], [ 1.930079, 43.774625 ], [ 1.930559, 43.775078 ], [ 1.932159873542951, 43.776159752412809 ], [ 1.932477, 43.776558 ], [ 1.932713000000218, 43.776724154027889 ], [ 1.93355, 43.785268 ], [ 1.930654, 43.788793 ], [ 1.931072, 43.791457 ], [ 1.933266, 43.795842 ], [ 1.936346, 43.797707 ], [ 1.938374, 43.796236 ], [ 1.939695, 43.79047 ], [ 1.938958, 43.791109 ], [ 1.938542, 43.791287 ], [ 1.938113, 43.791417 ], [ 1.93664, 43.789844 ], [ 1.93644, 43.788865 ], [ 1.936521, 43.78805 ], [ 1.936537, 43.787991 ], [ 1.93758, 43.78501 ], [ 1.937896, 43.784408 ], [ 1.937934, 43.775624 ], [ 1.936612, 43.773979 ], [ 1.931862, 43.766531 ], [ 1.928263, 43.766564 ], [ 1.924631, 43.76433 ], [ 1.918918, 43.761629 ], [ 1.9159, 43.759666 ], [ 1.914973, 43.758654 ], [ 1.90815, 43.753858 ], [ 1.906471, 43.753186 ], [ 1.906381, 43.753078 ], [ 1.905641, 43.752002 ], [ 1.905896, 43.749081 ], [ 1.905982, 43.749034 ], [ 1.912926, 43.746372 ], [ 1.919257, 43.747942 ], [ 1.92371, 43.747103 ], [ 1.924374, 43.746838 ], [ 1.924774, 43.746709 ], [ 1.925626, 43.746485 ], [ 1.931454, 43.748055 ], [ 1.931669, 43.748204 ], [ 1.93337, 43.749842 ], [ 1.941215, 43.748427 ], [ 1.943036, 43.745322 ], [ 1.941578, 43.737628 ], [ 1.940326, 43.734253 ], [ 1.937517, 43.731227 ], [ 1.936049, 43.730266 ], [ 1.93738, 43.727927 ], [ 1.937836, 43.727141 ], [ 1.940269, 43.725778 ], [ 1.943014, 43.726652 ], [ 1.943368, 43.726848 ], [ 1.944575, 43.727464 ], [ 1.952841, 43.728444 ], [ 1.954636376686376, 43.728211188303526 ], [ 1.951756, 43.726601 ], [ 1.950146, 43.725414 ], [ 1.947009, 43.723648 ], [ 1.938443, 43.722238 ], [ 1.937371, 43.720661 ], [ 1.936411, 43.719368 ], [ 1.934517, 43.719964 ], [ 1.932988, 43.720484 ], [ 1.929628, 43.722763 ], [ 1.928334, 43.726122 ], [ 1.930653, 43.729511 ], [ 1.935271, 43.736241 ], [ 1.9302, 43.743379 ], [ 1.929653, 43.743373 ], [ 1.929213, 43.743392 ], [ 1.921386, 43.745983 ], [ 1.916148, 43.74415 ], [ 1.914055, 43.743497 ], [ 1.912896, 43.743754 ], [ 1.912419770184452, 43.743888978746561 ], [ 1.912404, 43.743884 ], [ 1.911206, 43.744233 ], [ 1.904334, 43.745307 ], [ 1.902185, 43.746019 ] ] ], [ [ [ 1.947145, 43.791151 ], [ 1.947836, 43.791783 ], [ 1.947977, 43.791932 ], [ 1.9485, 43.792337 ], [ 1.951876, 43.793476 ], [ 1.954972, 43.791639 ], [ 1.954989916269184, 43.791352253141042 ], [ 1.95817, 43.789517 ], [ 1.964357, 43.795059 ], [ 1.964272, 43.79711 ], [ 1.964557, 43.798653 ], [ 1.966459, 43.798913 ], [ 1.967187, 43.799082 ], [ 1.967483, 43.808015 ], [ 1.965702, 43.808986 ], [ 1.965125333330465, 43.809301000001554 ], [ 1.964073, 43.809875 ], [ 1.964073348639653, 43.809875639037877 ], [ 1.963972, 43.809931 ], [ 1.963129, 43.810359 ], [ 1.962052, 43.81084 ], [ 1.963519, 43.814128 ], [ 1.964596, 43.813647 ], [ 1.969392, 43.811999 ], [ 1.974933, 43.811551 ], [ 1.975532, 43.810722 ], [ 1.976142, 43.809972 ], [ 1.976465, 43.809463 ], [ 1.977586, 43.807807 ], [ 1.97798, 43.807361 ], [ 1.986847, 43.808654 ], [ 1.98694, 43.809102 ], [ 1.987138, 43.809617 ], [ 1.987728, 43.811857 ], [ 1.988784, 43.81198 ], [ 1.99132, 43.812098 ], [ 1.991358, 43.811534 ], [ 1.991369, 43.81103 ], [ 1.991645198185701, 43.809247822466311 ], [ 1.992070806893786, 43.80892388274232 ], [ 1.999905, 43.807561 ], [ 2.003175, 43.808186 ], [ 2.006721, 43.807566 ], [ 2.010618, 43.80671 ], [ 2.018719, 43.806998 ], [ 2.02231, 43.807256 ], [ 2.023758, 43.803647 ], [ 2.023409457146834, 43.802160816666266 ], [ 2.025650055885909, 43.799765004159838 ], [ 2.030186283587328, 43.799134899605889 ], [ 2.030746, 43.799558 ], [ 2.033928, 43.800561 ], [ 2.03921, 43.802071 ], [ 2.042105, 43.79993 ], [ 2.042335, 43.795102 ], [ 2.038543, 43.789986 ], [ 2.041506971861271, 43.784094727258001 ], [ 2.046603886651082, 43.782738632494116 ], [ 2.047833, 43.782779 ], [ 2.048648, 43.783265 ], [ 2.049825, 43.783875 ], [ 2.051574, 43.78499 ], [ 2.052213, 43.785054 ], [ 2.053306, 43.784993 ], [ 2.057512, 43.784825 ], [ 2.063873, 43.785162 ], [ 2.066164, 43.782478 ], [ 2.06810652979681, 43.774638018694894 ], [ 2.067578724612299, 43.774844661934047 ], [ 2.063481, 43.78053 ], [ 2.063497, 43.780652 ], [ 2.059927, 43.781116 ], [ 2.05987, 43.78093 ], [ 2.059207, 43.779071 ], [ 2.059177752767985, 43.779028528638108 ], [ 2.053677, 43.779494 ], [ 2.049230842635481, 43.77894430391504 ], [ 2.049136, 43.779143 ], [ 2.047063, 43.782086 ], [ 2.042261, 43.782596 ], [ 2.037923, 43.785646 ], [ 2.035667, 43.793511 ], [ 2.035342, 43.795822 ], [ 2.035005, 43.796236 ], [ 2.03413, 43.796766 ], [ 2.029748, 43.796155 ], [ 2.028652, 43.793338 ], [ 2.028022, 43.792627 ], [ 2.021748, 43.790846 ], [ 2.019039, 43.798625 ], [ 2.019381, 43.799369 ], [ 2.019462, 43.800017 ], [ 2.01945, 43.80025 ], [ 2.019362, 43.80077 ], [ 2.019, 43.801578 ], [ 2.01865, 43.801967 ], [ 2.018032, 43.802399 ], [ 2.017671, 43.802563 ], [ 2.014470886365812, 43.801937329569782 ], [ 2.013296, 43.802473 ], [ 2.013132, 43.802526 ], [ 2.011023866873849, 43.802815498979832 ], [ 2.00856, 43.80395 ], [ 2.003883, 43.804387 ], [ 2.003051, 43.803204 ], [ 2.002725, 43.800978 ], [ 2.001951, 43.795429 ], [ 1.998108, 43.791729 ], [ 1.993636, 43.791044 ], [ 1.990588, 43.798862 ], [ 1.9912, 43.802409 ], [ 1.990013, 43.804014 ], [ 1.987761, 43.805551 ], [ 1.987352, 43.805373 ], [ 1.986535, 43.804942 ], [ 1.978706165048535, 43.805316089944654 ], [ 1.977801025585494, 43.805615009813003 ], [ 1.976618, 43.806556 ], [ 1.976196, 43.806948 ], [ 1.975796, 43.807239 ], [ 1.975789476154001, 43.80722999709252 ], [ 1.975579, 43.807376 ], [ 1.9751, 43.807621 ], [ 1.974596, 43.807818 ], [ 1.972821, 43.808407 ], [ 1.971586, 43.805026 ], [ 1.969961, 43.801222 ], [ 1.969619, 43.800405 ], [ 1.969509, 43.799269 ], [ 1.969196, 43.795351 ], [ 1.967432, 43.790915 ], [ 1.960252065305274, 43.786407756925328 ], [ 1.959594, 43.786805 ], [ 1.959157, 43.787069 ], [ 1.954485, 43.789699 ], [ 1.954212, 43.789936 ], [ 1.953615, 43.790365 ], [ 1.951879, 43.789152 ], [ 1.945621, 43.786241 ], [ 1.941515, 43.788499 ], [ 1.939695, 43.79047 ], [ 1.947145, 43.791151 ] ] ], [ [ [ 2.076304, 43.778233 ], [ 2.076487, 43.778549 ], [ 2.076897, 43.779128 ], [ 2.07694299257186, 43.779138802357913 ], [ 2.077189, 43.779457 ], [ 2.078404, 43.780615 ], [ 2.085485, 43.781403 ], [ 2.085905, 43.781473 ], [ 2.086877, 43.781577 ], [ 2.088141, 43.781658 ], [ 2.089024, 43.781664 ], [ 2.090252, 43.781615 ], [ 2.093539, 43.781291 ], [ 2.093327, 43.777697 ], [ 2.092377, 43.777753 ], [ 2.089845, 43.778038 ], [ 2.083055, 43.7759 ], [ 2.084172, 43.776755 ], [ 2.081984, 43.779613 ], [ 2.079461, 43.778212 ], [ 2.075773, 43.776099 ], [ 2.073016, 43.774729 ], [ 2.076304, 43.778233 ] ] ], [ [ [ 2.078246, 43.764041 ], [ 2.080086, 43.761812 ], [ 2.080783, 43.760713 ], [ 2.079644, 43.759407 ], [ 2.079007, 43.758981 ], [ 2.078812, 43.758891 ], [ 2.072669, 43.754962 ], [ 2.069555, 43.753156 ], [ 2.064452, 43.749171 ], [ 2.061989, 43.746546 ], [ 2.060365, 43.747035 ], [ 2.05978, 43.748958 ], [ 2.051274, 43.747772 ], [ 2.047898, 43.746522 ], [ 2.040297, 43.748556 ], [ 2.048094, 43.750412 ], [ 2.050545, 43.753048 ], [ 2.058133, 43.752574 ], [ 2.061872, 43.750853 ], [ 2.061966, 43.750996 ], [ 2.063655, 43.753986 ], [ 2.06688, 43.757317 ], [ 2.071577, 43.759173 ], [ 2.070945, 43.762717 ], [ 2.073859, 43.771151 ], [ 2.074618, 43.771505 ], [ 2.077376, 43.772875 ], [ 2.078246, 43.764041 ] ] ], [ [ [ 2.057691, 43.73618 ], [ 2.061284, 43.736412 ], [ 2.062608, 43.733796 ], [ 2.062518, 43.732928 ], [ 2.062186, 43.732409 ], [ 2.062860303903385, 43.726683746332228 ], [ 2.062103198066263, 43.727065698984148 ], [ 2.060063, 43.730399 ], [ 2.059572, 43.733966 ], [ 2.057571, 43.734135 ], [ 2.056593, 43.73426 ], [ 2.054967354670792, 43.734778723274616 ], [ 2.057691, 43.73618 ] ] ], [ [ [ 2.068835, 43.725947 ], [ 2.072277, 43.727002 ], [ 2.075003, 43.727216 ], [ 2.075476, 43.726352 ], [ 2.075608, 43.726057 ], [ 2.075737, 43.725478 ], [ 2.081687, 43.719282 ], [ 2.085088, 43.719368 ], [ 2.090597, 43.715733 ], [ 2.091006, 43.715466 ], [ 2.091429, 43.715159 ], [ 2.091448, 43.714366 ], [ 2.091201, 43.713355 ], [ 2.089312, 43.712247 ], [ 2.086057, 43.713121 ], [ 2.081073, 43.715691 ], [ 2.080525, 43.715875 ], [ 2.08049776760139, 43.715881856990862 ], [ 2.076064812323056, 43.715685732302795 ], [ 2.071582, 43.714179 ], [ 2.069651, 43.713674 ], [ 2.066903, 43.716 ], [ 2.060121710506398, 43.717246107379566 ], [ 2.060297, 43.717322 ], [ 2.06043, 43.717496 ], [ 2.066327, 43.720004 ], [ 2.071051, 43.716653 ], [ 2.071207, 43.71653 ], [ 2.078273, 43.716436 ], [ 2.078438, 43.720033 ], [ 2.074194, 43.723261 ], [ 2.072998, 43.723707 ], [ 2.068699, 43.723726 ], [ 2.064757918277309, 43.725722586270976 ], [ 2.068835, 43.725947 ] ] ], [ [ [ 2.055478, 43.713899 ], [ 2.055199, 43.713485 ], [ 2.050267, 43.710577 ], [ 2.048481, 43.707452 ], [ 2.045237, 43.708045 ], [ 2.044616, 43.708246 ], [ 2.036271, 43.707175 ], [ 2.034813, 43.706463 ], [ 2.034456, 43.706325 ], [ 2.032839, 43.70609 ], [ 2.025615, 43.70653 ], [ 2.024041, 43.703292 ], [ 2.022767, 43.701846 ], [ 2.019223, 43.702479 ], [ 2.015195176639016, 43.702782234603525 ], [ 2.018649, 43.705297 ], [ 2.020734, 43.708232 ], [ 2.02955, 43.709338 ], [ 2.030165, 43.708973 ], [ 2.030347, 43.70888 ], [ 2.038975, 43.710193 ], [ 2.041189, 43.713032 ], [ 2.044521, 43.720717 ], [ 2.052093, 43.724196 ], [ 2.054409, 43.719721 ], [ 2.054345, 43.718824 ], [ 2.054502, 43.718175 ], [ 2.055117, 43.715532 ], [ 2.056369, 43.715702 ], [ 2.056941, 43.715869 ], [ 2.05739413646474, 43.716065188105851 ], [ 2.055478, 43.713899 ] ] ], [ [ [ 2.008444, 43.698512 ], [ 2.005836, 43.696033 ], [ 2.005347, 43.695571 ], [ 2.000414, 43.691553 ], [ 1.999604, 43.68817 ], [ 1.997352, 43.687964 ], [ 1.996004, 43.688091 ], [ 1.994205, 43.691355 ], [ 1.995275, 43.694792 ], [ 1.996004, 43.697607 ], [ 1.996192, 43.698363 ], [ 1.990823, 43.705504 ], [ 1.99042, 43.705481 ], [ 1.987813, 43.707181 ], [ 1.984525, 43.713782 ], [ 1.97687, 43.716923 ], [ 1.976487, 43.716922 ], [ 1.975641, 43.717062 ], [ 1.975061, 43.717172 ], [ 1.974556, 43.717296 ], [ 1.9741, 43.717456 ], [ 1.96731, 43.722907 ], [ 1.964727, 43.722968 ], [ 1.962531, 43.722841 ], [ 1.961999, 43.723537 ], [ 1.96094, 43.72574 ], [ 1.955494546202156, 43.728099906976112 ], [ 1.958833, 43.727667 ], [ 1.963173, 43.72588 ], [ 1.965419, 43.725806 ], [ 1.967862, 43.725681 ], [ 1.970155, 43.725714 ], [ 1.978396, 43.722186 ], [ 1.979311, 43.718867 ], [ 1.979627, 43.718458 ], [ 1.980505, 43.717642 ], [ 1.983364, 43.716761 ], [ 1.986916, 43.716176 ], [ 1.990347, 43.717395 ], [ 1.993572, 43.709603 ], [ 1.995884, 43.706844 ], [ 1.996498, 43.698909 ], [ 1.999315, 43.696669 ], [ 2.000908, 43.69701 ], [ 2.004371, 43.697997 ], [ 2.009155690657065, 43.699674733519828 ], [ 2.008444, 43.698512 ] ] ] ] } },
{ "type": "Feature", "properties": { "codgeo": "81105", "value": 660, "isochrone_group": 11.0, "nb_agences": 2 }, "geometry": { "type": "MultiPolygon", "coordinates": [ [ [ [ 1.890065, 43.749509 ], [ 1.892638, 43.750075 ], [ 1.895213, 43.757808 ], [ 1.897177, 43.760824 ], [ 1.903661, 43.764051 ], [ 1.907261, 43.76412 ], [ 1.913923, 43.765505 ], [ 1.915765, 43.768598 ], [ 1.920929, 43.772528 ], [ 1.923172, 43.775344 ], [ 1.926161, 43.778361 ], [ 1.926967, 43.778208 ], [ 1.932459, 43.782507 ], [ 1.931591, 43.786 ], [ 1.928276, 43.790135 ], [ 1.929615, 43.793476 ], [ 1.928003, 43.799404 ], [ 1.927683, 43.800521 ], [ 1.927927, 43.803003 ], [ 1.929508, 43.803624 ], [ 1.934124, 43.802854 ], [ 1.93581, 43.798611 ], [ 1.936299, 43.797781 ], [ 1.93634445007201, 43.797706061488441 ], [ 1.933266, 43.795842 ], [ 1.931072, 43.791457 ], [ 1.930654, 43.788793 ], [ 1.93355, 43.785268 ], [ 1.932713000000218, 43.776724154027889 ], [ 1.932477, 43.776558 ], [ 1.932159873542951, 43.776159752412809 ], [ 1.930559, 43.775078 ], [ 1.930079, 43.774625 ], [ 1.925826, 43.771203 ], [ 1.920412, 43.766839 ], [ 1.915976, 43.762589 ], [ 1.912743, 43.761132 ], [ 1.904895, 43.757873 ], [ 1.900766, 43.754086 ], [ 1.901106, 43.746902 ], [ 1.902185, 43.746019 ], [ 1.904334, 43.745307 ], [ 1.911206, 43.744233 ], [ 1.912404, 43.743884 ], [ 1.912419770184452, 43.743888978746561 ], [ 1.912896, 43.743754 ], [ 1.914055, 43.743497 ], [ 1.916148, 43.74415 ], [ 1.921386, 43.745983 ], [ 1.929213, 43.743392 ], [ 1.929653, 43.743373 ], [ 1.9302, 43.743379 ], [ 1.935271, 43.736241 ], [ 1.930653, 43.729511 ], [ 1.928334, 43.726122 ], [ 1.929628, 43.722763 ], [ 1.932988, 43.720484 ], [ 1.934517, 43.719964 ], [ 1.936411, 43.719368 ], [ 1.937371, 43.720661 ], [ 1.938443, 43.722238 ], [ 1.947009, 43.723648 ], [ 1.950146, 43.725414 ], [ 1.951756, 43.726601 ], [ 1.954899, 43.728358 ], [ 1.96094, 43.72574 ], [ 1.961999, 43.723537 ], [ 1.962531, 43.722841 ], [ 1.964727, 43.722968 ], [ 1.96731, 43.722907 ], [ 1.9741, 43.717456 ], [ 1.974556, 43.717296 ], [ 1.975061, 43.717172 ], [ 1.975641, 43.717062 ], [ 1.976487, 43.716922 ], [ 1.97687, 43.716923 ], [ 1.984525, 43.713782 ], [ 1.984619027202272, 43.713593230668437 ], [ 1.978060995942934, 43.71484219534814 ], [ 1.977921, 43.71485 ], [ 1.977624, 43.71493 ], [ 1.976856, 43.715274 ], [ 1.97261, 43.717972 ], [ 1.966525, 43.719048 ], [ 1.963234, 43.720507 ], [ 1.96278, 43.722106 ], [ 1.961098, 43.723881 ], [ 1.960918062912778, 43.723989554305568 ], [ 1.956171, 43.725977 ], [ 1.952606, 43.722607 ], [ 1.950268, 43.71987 ], [ 1.942093, 43.718167 ], [ 1.940902, 43.716415 ], [ 1.940039, 43.715634 ], [ 1.938124, 43.714126 ], [ 1.930567, 43.712285 ], [ 1.92614, 43.718945 ], [ 1.923093, 43.720862 ], [ 1.921585, 43.723334 ], [ 1.923423, 43.72643 ], [ 1.92917, 43.732891 ], [ 1.930298, 43.741133 ], [ 1.927898, 43.743815 ], [ 1.920801, 43.738879 ], [ 1.920359, 43.735306 ], [ 1.919935, 43.735358 ], [ 1.919292, 43.735399 ], [ 1.918735, 43.735519 ], [ 1.918195, 43.735776 ], [ 1.916421, 43.73669 ], [ 1.916113, 43.736853 ], [ 1.909486, 43.739664 ], [ 1.902737, 43.738438 ], [ 1.902144, 43.738638 ], [ 1.902033, 43.738782 ], [ 1.901663, 43.739578 ], [ 1.90144, 43.740354 ], [ 1.901246, 43.741142 ], [ 1.900655, 43.743145 ], [ 1.893411, 43.746559 ], [ 1.890838, 43.745993 ], [ 1.890065, 43.749509 ] ] ], [ [ [ 1.946629449401504, 43.794458401568242 ], [ 1.947634, 43.796019 ], [ 1.951895, 43.79783 ], [ 1.957153158329604, 43.798626533628429 ], [ 1.957921, 43.799043 ], [ 1.960416, 43.800562 ], [ 1.966421, 43.802735 ], [ 1.963972, 43.809931 ], [ 1.964073348639653, 43.809875639037877 ], [ 1.964073, 43.809875 ], [ 1.965125333330465, 43.809301000001554 ], [ 1.965702, 43.808986 ], [ 1.967483, 43.808015 ], [ 1.967187, 43.799082 ], [ 1.966459, 43.798913 ], [ 1.964557, 43.798653 ], [ 1.964272, 43.79711 ], [ 1.964357, 43.795059 ], [ 1.95817, 43.789517 ], [ 1.954989916269184, 43.791352253141042 ], [ 1.954972, 43.791639 ], [ 1.951876, 43.793476 ], [ 1.9485, 43.792337 ], [ 1.947977, 43.791932 ], [ 1.947836, 43.791783 ], [ 1.947145, 43.791151 ], [ 1.939695, 43.79047 ], [ 1.938714310090118, 43.79475058896319 ], [ 1.946421, 43.79442 ], [ 1.946629449401504, 43.794458401568242 ] ] ], [ [ [ 1.958215, 43.812497 ], [ 1.955282, 43.813301 ], [ 1.953858, 43.816044 ], [ 1.953322, 43.816771 ], [ 1.953127, 43.817132 ], [ 1.956294, 43.818843 ], [ 1.960229, 43.815524 ], [ 1.96610391291754, 43.814280149692742 ], [ 1.970336, 43.814482 ], [ 1.973935, 43.81439 ], [ 1.976792, 43.812597 ], [ 1.979874, 43.810737 ], [ 1.987806, 43.814038 ], [ 1.987773, 43.815501 ], [ 1.987685, 43.81617 ], [ 1.987733, 43.816628 ], [ 1.987862, 43.817118 ], [ 1.98819, 43.818604 ], [ 1.988483, 43.820086 ], [ 1.992014, 43.819388 ], [ 1.995529, 43.81337 ], [ 2.004325, 43.814784 ], [ 2.004534, 43.81532 ], [ 2.008506, 43.813857 ], [ 2.013984403137486, 43.81078713003312 ], [ 2.016835, 43.810485 ], [ 2.016955, 43.810517 ], [ 2.017357, 43.810582 ], [ 2.020119, 43.811098 ], [ 2.020418, 43.811181 ], [ 2.024165, 43.81286 ], [ 2.025505, 43.813704 ], [ 2.026405, 43.813959 ], [ 2.027763, 43.81298 ], [ 2.027795, 43.812032 ], [ 2.027386, 43.810495 ], [ 2.031242087593446, 43.803965708270297 ], [ 2.038594, 43.80411 ], [ 2.044385, 43.806524 ], [ 2.045978, 43.807341 ], [ 2.047503, 43.807758 ], [ 2.047889, 43.806769 ], [ 2.048454, 43.804286 ], [ 2.049669987957392, 43.795611167429087 ], [ 2.049746, 43.795423 ], [ 2.04974583075632, 43.795422664953826 ], [ 2.050785, 43.794944 ], [ 2.051426, 43.794505 ], [ 2.052597, 43.793525 ], [ 2.057531, 43.78801 ], [ 2.061468, 43.786204 ], [ 2.066462, 43.785343 ], [ 2.066563, 43.785314 ], [ 2.067817, 43.781939 ], [ 2.076272, 43.780511 ], [ 2.076918, 43.780938 ], [ 2.078863, 43.78247 ], [ 2.079187, 43.782794 ], [ 2.079837, 43.783332 ], [ 2.086877, 43.781577 ], [ 2.085905, 43.781473 ], [ 2.085485, 43.781403 ], [ 2.078404, 43.780615 ], [ 2.077189, 43.779457 ], [ 2.07694299257186, 43.779138802357913 ], [ 2.076897, 43.779128 ], [ 2.076487, 43.778549 ], [ 2.076304, 43.778233 ], [ 2.073016, 43.774729 ], [ 2.072341, 43.774415 ], [ 2.071687, 43.774186 ], [ 2.071385, 43.774105 ], [ 2.07093, 43.774011 ], [ 2.070491, 43.773944 ], [ 2.070012, 43.773892 ], [ 2.068305, 43.773837 ], [ 2.066164, 43.782478 ], [ 2.063873, 43.785162 ], [ 2.057512, 43.784825 ], [ 2.053306, 43.784993 ], [ 2.052213, 43.785054 ], [ 2.051574, 43.78499 ], [ 2.049825, 43.783875 ], [ 2.048648, 43.783265 ], [ 2.047833, 43.782779 ], [ 2.046603886651082, 43.782738632494116 ], [ 2.041506971861271, 43.784094727258001 ], [ 2.038543, 43.789986 ], [ 2.042335, 43.795102 ], [ 2.042105, 43.79993 ], [ 2.03921, 43.802071 ], [ 2.033928, 43.800561 ], [ 2.030746, 43.799558 ], [ 2.030186283587328, 43.799134899605889 ], [ 2.025650055885909, 43.799765004159838 ], [ 2.023409457146834, 43.802160816666266 ], [ 2.023758, 43.803647 ], [ 2.02231, 43.807256 ], [ 2.018719, 43.806998 ], [ 2.010618, 43.80671 ], [ 2.006721, 43.807566 ], [ 2.003175, 43.808186 ], [ 1.999905, 43.807561 ], [ 1.992070806893786, 43.80892388274232 ], [ 1.991645198185701, 43.809247822466311 ], [ 1.991369, 43.81103 ], [ 1.991358, 43.811534 ], [ 1.99132, 43.812098 ], [ 1.988784, 43.81198 ], [ 1.987728, 43.811857 ], [ 1.987138, 43.809617 ], [ 1.98694, 43.809102 ], [ 1.986847, 43.808654 ], [ 1.97798, 43.807361 ], [ 1.977586, 43.807807 ], [ 1.976465, 43.809463 ], [ 1.976142, 43.809972 ], [ 1.975532, 43.810722 ], [ 1.974933, 43.811551 ], [ 1.969392, 43.811999 ], [ 1.964596, 43.813647 ], [ 1.963519, 43.814128 ], [ 1.962052, 43.81084 ], [ 1.958688, 43.812271 ], [ 1.958215, 43.812497 ] ] ], [ [ [ 2.096942, 43.7836 ], [ 2.099819183472154, 43.782953884764382 ], [ 2.099802, 43.782939 ], [ 2.098093, 43.781646 ], [ 2.098469, 43.778065 ], [ 2.100235545750528, 43.777309490800036 ], [ 2.09659, 43.775989 ], [ 2.094734, 43.775118 ], [ 2.094628, 43.775183 ], [ 2.094207, 43.775535 ], [ 2.089309552167519, 43.777869400962338 ], [ 2.089845, 43.778038 ], [ 2.092377, 43.777753 ], [ 2.093327, 43.777697 ], [ 2.093539, 43.781291 ], [ 2.090252, 43.781615 ], [ 2.089024, 43.781664 ], [ 2.088141, 43.781658 ], [ 2.086877, 43.781577 ], [ 2.092635, 43.783176 ], [ 2.096942, 43.7836 ] ] ], [ [ [ 2.084564, 43.763635 ], [ 2.087134, 43.756981 ], [ 2.085817, 43.753631 ], [ 2.083985, 43.754351 ], [ 2.075899, 43.752095 ], [ 2.073258, 43.749649 ], [ 2.068353, 43.746328 ], [ 2.066481, 43.743253 ], [ 2.061429136839027, 43.737948377391866 ], [ 2.061234, 43.737177 ], [ 2.061860624472104, 43.735731313597945 ], [ 2.063238, 43.734651 ], [ 2.071342, 43.73102 ], [ 2.071948, 43.731391 ], [ 2.075249, 43.729145 ], [ 2.075774, 43.728896 ], [ 2.077017, 43.726056 ], [ 2.081864361928296, 43.719742111025695 ], [ 2.084855, 43.719593 ], [ 2.091577, 43.715758 ], [ 2.092703606118197, 43.714581950353107 ], [ 2.097773, 43.711942 ], [ 2.099481, 43.711285 ], [ 2.103164, 43.71024 ], [ 2.102681, 43.706673 ], [ 2.101445, 43.70684 ], [ 2.100758, 43.706974 ], [ 2.099924, 43.707258 ], [ 2.098189, 43.707925 ], [ 2.090889, 43.709386 ], [ 2.088314378130371, 43.711842124628767 ], [ 2.085716, 43.712862 ], [ 2.081073, 43.715691 ], [ 2.086057, 43.713121 ], [ 2.089312, 43.712247 ], [ 2.091201, 43.713355 ], [ 2.091448, 43.714366 ], [ 2.091429, 43.715159 ], [ 2.091006, 43.715466 ], [ 2.090597, 43.715733 ], [ 2.085088, 43.719368 ], [ 2.081687, 43.719282 ], [ 2.075737, 43.725478 ], [ 2.075608, 43.726057 ], [ 2.075476, 43.726352 ], [ 2.075003, 43.727216 ], [ 2.072277, 43.727002 ], [ 2.068835, 43.725947 ], [ 2.062985, 43.725625 ], [ 2.062186, 43.732409 ], [ 2.062518, 43.732928 ], [ 2.062608, 43.733796 ], [ 2.061284, 43.736412 ], [ 2.057691, 43.73618 ], [ 2.054399193092079, 43.734486412235455 ], [ 2.048614, 43.736806 ], [ 2.045956, 43.737469 ], [ 2.045369, 43.737184 ], [ 2.043387, 43.736516 ], [ 2.037791, 43.738391 ], [ 2.03744, 43.745421 ], [ 2.040297, 43.748556 ], [ 2.047898, 43.746522 ], [ 2.051274, 43.747772 ], [ 2.05978, 43.748958 ], [ 2.060365, 43.747035 ], [ 2.061989, 43.746546 ], [ 2.064452, 43.749171 ], [ 2.069555, 43.753156 ], [ 2.072669, 43.754962 ], [ 2.078812, 43.758891 ], [ 2.079007, 43.758981 ], [ 2.079644, 43.759407 ], [ 2.080783, 43.760713 ], [ 2.080086, 43.761812 ], [ 2.078246, 43.764041 ], [ 2.077376, 43.772875 ], [ 2.080124, 43.774241 ], [ 2.081622, 43.774981 ], [ 2.082482, 43.775494 ], [ 2.082446, 43.766545 ], [ 2.084564, 43.763635 ] ] ], [ [ [ 2.066313, 43.709335 ], [ 2.059361, 43.70724 ], [ 2.058722, 43.707409 ], [ 2.050489, 43.705115 ], [ 2.049464, 43.704265 ], [ 2.049134, 43.703994 ], [ 2.047605, 43.70397 ], [ 2.04732, 43.70416 ], [ 2.044616, 43.708246 ], [ 2.045237, 43.708045 ], [ 2.048481, 43.707452 ], [ 2.050267, 43.710577 ], [ 2.055199, 43.713485 ], [ 2.055478, 43.713899 ], [ 2.057547, 43.716238 ], [ 2.057828, 43.716508 ], [ 2.059286266513098, 43.71739962581087 ], [ 2.066903, 43.716 ], [ 2.069651, 43.713674 ], [ 2.070259609046894, 43.713833164976009 ], [ 2.068497, 43.712196 ], [ 2.066313, 43.709335 ] ] ], [ [ [ 2.035526, 43.702475 ], [ 2.035045, 43.702156 ], [ 2.033642, 43.701435 ], [ 2.026776, 43.699632 ], [ 2.018553, 43.697848 ], [ 2.018227, 43.698353 ], [ 2.018164, 43.698443 ], [ 2.017879, 43.699118 ], [ 2.010358530520058, 43.701639888203026 ], [ 2.01124, 43.70308 ], [ 2.019223, 43.702479 ], [ 2.022767, 43.701846 ], [ 2.024041, 43.703292 ], [ 2.025615, 43.70653 ], [ 2.032839, 43.70609 ], [ 2.034456, 43.706325 ], [ 2.034813, 43.706463 ], [ 2.036271, 43.707175 ], [ 2.041912323113809, 43.707899009233671 ], [ 2.036589, 43.703502 ], [ 2.035526, 43.702475 ] ] ], [ [ [ 2.003399, 43.68986 ], [ 2.000581, 43.682409 ], [ 2.000933, 43.681169 ], [ 2.001033, 43.680514 ], [ 1.997473, 43.679973 ], [ 1.995848, 43.682449 ], [ 1.996008, 43.68347 ], [ 1.995960753963095, 43.685258142379844 ], [ 1.995335840591576, 43.686465764689487 ], [ 1.990707, 43.692224 ], [ 1.990017, 43.692516 ], [ 1.989428, 43.692912 ], [ 1.990512, 43.695402 ], [ 1.987861, 43.702025 ], [ 1.985334, 43.704589 ], [ 1.985752, 43.706067 ], [ 1.984727353769206, 43.713375753883682 ], [ 1.987813, 43.707181 ], [ 1.99042, 43.705481 ], [ 1.990823, 43.705504 ], [ 1.996192, 43.698363 ], [ 1.996004, 43.697607 ], [ 1.995275, 43.694792 ], [ 1.994205, 43.691355 ], [ 1.996004, 43.688091 ], [ 1.997352, 43.687964 ], [ 1.999604, 43.68817 ], [ 2.000414, 43.691553 ], [ 2.005347, 43.695571 ], [ 2.005407477715334, 43.695628138454971 ], [ 2.00481, 43.693172 ], [ 2.003399, 43.68986 ] ] ] ] } },
{ "type": "Feature", "properties": { "codgeo": "81105", "value": 720, "isochrone_group": 12.0, "nb_agences": 2 }, "geometry": { "type": "MultiPolygon", "coordinates": [ [ [ [ 1.889725, 43.765761 ], [ 1.89315, 43.764484 ], [ 1.900202, 43.765928 ], [ 1.902021, 43.769668 ], [ 1.905425, 43.770841 ], [ 1.91208899583945, 43.768517682029945 ], [ 1.91385581592225, 43.768526742645761 ], [ 1.917562, 43.775368 ], [ 1.919288, 43.778527 ], [ 1.925413, 43.778495 ], [ 1.92959, 43.784651 ], [ 1.926173, 43.790752 ], [ 1.923446, 43.796739 ], [ 1.918627, 43.801163 ], [ 1.915631, 43.802407 ], [ 1.916903, 43.805775 ], [ 1.921641, 43.808911 ], [ 1.92226, 43.808553 ], [ 1.9234, 43.807824 ], [ 1.923672240537839, 43.807613329474087 ], [ 1.923676, 43.807618 ], [ 1.929212441071187, 43.805967541485686 ], [ 1.933434, 43.80594 ], [ 1.940483, 43.804206 ], [ 1.943424, 43.80213 ], [ 1.949779, 43.801284 ], [ 1.950766, 43.801107 ], [ 1.951394102336059, 43.800128069744503 ], [ 1.953393, 43.800112 ], [ 1.961626, 43.802329 ], [ 1.962052, 43.81084 ], [ 1.963129, 43.810359 ], [ 1.963972, 43.809931 ], [ 1.966421, 43.802735 ], [ 1.960416, 43.800562 ], [ 1.957921, 43.799043 ], [ 1.957153158329604, 43.798626533628429 ], [ 1.951895, 43.79783 ], [ 1.947634, 43.796019 ], [ 1.946629449401504, 43.794458401568242 ], [ 1.946421, 43.79442 ], [ 1.937679, 43.794795 ], [ 1.937451, 43.795635 ], [ 1.937413, 43.795719 ], [ 1.936971, 43.796673 ], [ 1.936299, 43.797781 ], [ 1.93581, 43.798611 ], [ 1.934124, 43.802854 ], [ 1.929508, 43.803624 ], [ 1.927927, 43.803003 ], [ 1.927683, 43.800521 ], [ 1.928003, 43.799404 ], [ 1.929615, 43.793476 ], [ 1.928276, 43.790135 ], [ 1.931591, 43.786 ], [ 1.932459, 43.782507 ], [ 1.926967, 43.778208 ], [ 1.926161, 43.778361 ], [ 1.923172, 43.775344 ], [ 1.920929, 43.772528 ], [ 1.915765, 43.768598 ], [ 1.913923, 43.765505 ], [ 1.907261, 43.76412 ], [ 1.903661, 43.764051 ], [ 1.897177, 43.760824 ], [ 1.895213, 43.757808 ], [ 1.892638, 43.750075 ], [ 1.890065, 43.749509 ], [ 1.890838, 43.745993 ], [ 1.893411, 43.746559 ], [ 1.900655, 43.743145 ], [ 1.901246, 43.741142 ], [ 1.90144, 43.740354 ], [ 1.901663, 43.739578 ], [ 1.902033, 43.738782 ], [ 1.902144, 43.738638 ], [ 1.902737, 43.738438 ], [ 1.909486, 43.739664 ], [ 1.916113, 43.736853 ], [ 1.916421, 43.73669 ], [ 1.918195, 43.735776 ], [ 1.918735, 43.735519 ], [ 1.919292, 43.735399 ], [ 1.919935, 43.735358 ], [ 1.920359, 43.735306 ], [ 1.920801, 43.738879 ], [ 1.927898, 43.743815 ], [ 1.930298, 43.741133 ], [ 1.92917, 43.732891 ], [ 1.923423, 43.72643 ], [ 1.921585, 43.723334 ], [ 1.923093, 43.720862 ], [ 1.92614, 43.718945 ], [ 1.930567, 43.712285 ], [ 1.938124, 43.714126 ], [ 1.940039, 43.715634 ], [ 1.940902, 43.716415 ], [ 1.942093, 43.718167 ], [ 1.950268, 43.71987 ], [ 1.952606, 43.722607 ], [ 1.956171, 43.725977 ], [ 1.960918062912778, 43.723989554305568 ], [ 1.961098, 43.723881 ], [ 1.96278, 43.722106 ], [ 1.963234, 43.720507 ], [ 1.966525, 43.719048 ], [ 1.97261, 43.717972 ], [ 1.973827331727651, 43.717198481158469 ], [ 1.969631633870057, 43.716636964196553 ], [ 1.964949, 43.714538 ], [ 1.959007, 43.717069 ], [ 1.953961, 43.717043 ], [ 1.945721, 43.71787 ], [ 1.943753, 43.714855 ], [ 1.943511, 43.711079 ], [ 1.943671, 43.710274 ], [ 1.943297, 43.708367 ], [ 1.941398, 43.707866 ], [ 1.94098, 43.707892 ], [ 1.940729, 43.707929 ], [ 1.939697, 43.708367 ], [ 1.934189, 43.710281 ], [ 1.927318, 43.711111 ], [ 1.922566, 43.709277 ], [ 1.920147, 43.709409 ], [ 1.919917, 43.709641 ], [ 1.918361, 43.712989 ], [ 1.918256, 43.716587 ], [ 1.917458, 43.724176 ], [ 1.916991, 43.729134 ], [ 1.911608, 43.733965 ], [ 1.905774057540903, 43.736259268899033 ], [ 1.905768, 43.73626 ], [ 1.905525193399779, 43.736272295516137 ], [ 1.901635, 43.734 ], [ 1.898139, 43.735404 ], [ 1.897931, 43.735855 ], [ 1.897755, 43.736618 ], [ 1.897435, 43.738734 ], [ 1.894508, 43.744905 ], [ 1.888112, 43.743252 ], [ 1.887373674858884, 43.743398198850628 ], [ 1.887196, 43.74436 ], [ 1.886833, 43.744706 ], [ 1.88483, 43.744552 ], [ 1.884711, 43.744409 ], [ 1.884474589146998, 43.744160785229596 ], [ 1.884046603335347, 43.744969289335621 ], [ 1.88404, 43.74497 ], [ 1.88397, 43.745114 ], [ 1.883789, 43.745686 ], [ 1.883762, 43.746366 ], [ 1.88413, 43.747311 ], [ 1.885526, 43.748356 ], [ 1.885904, 43.748535 ], [ 1.887636, 43.748975 ], [ 1.89015, 43.749528 ], [ 1.892181605241054, 43.757010277398187 ], [ 1.887557, 43.76026 ], [ 1.885692, 43.760372 ], [ 1.885909, 43.763966 ], [ 1.889725, 43.765761 ] ] ], [ [ [ 1.947904, 43.823136 ], [ 1.950875, 43.825168 ], [ 1.956335, 43.823377 ], [ 1.959774, 43.821309 ], [ 1.963062373751784, 43.8149241114806 ], [ 1.960229, 43.815524 ], [ 1.956294, 43.818843 ], [ 1.953127, 43.817132 ], [ 1.953322, 43.816771 ], [ 1.953858, 43.816044 ], [ 1.95427442767765, 43.81524185033723 ], [ 1.950219, 43.817319 ], [ 1.949168, 43.82021 ], [ 1.947904, 43.823136 ] ] ], [ [ [ 1.972888, 43.818489 ], [ 1.97481, 43.816101 ], [ 1.975378763094607, 43.813483921166046 ], [ 1.973935, 43.81439 ], [ 1.970336, 43.814482 ], [ 1.96610391291754, 43.814280149692742 ], [ 1.96420828027438, 43.814681497470772 ], [ 1.969226, 43.818214 ], [ 1.969292, 43.81833 ], [ 1.972888, 43.818489 ] ] ], [ [ [ 1.988278, 43.822885 ], [ 1.988229, 43.823434 ], [ 1.988252, 43.823867 ], [ 1.988417, 43.826052 ], [ 1.990382, 43.827869 ], [ 1.990437, 43.827856 ], [ 1.990544, 43.827827 ], [ 1.99129, 43.827536 ], [ 1.991988, 43.826504 ], [ 1.992015, 43.826294 ], [ 1.99206, 43.825981 ], [ 1.992066, 43.825439 ], [ 1.996713, 43.818375 ], [ 1.997895, 43.818207 ], [ 2.006092, 43.821315 ], [ 2.006216, 43.82184 ], [ 2.006275, 43.821997 ], [ 2.006427, 43.822453 ], [ 2.007386, 43.823162 ], [ 2.007481, 43.823184 ], [ 2.008168, 43.823216 ], [ 2.009842, 43.821311 ], [ 2.01202, 43.818042 ], [ 2.01476771984807, 43.813223230774241 ], [ 2.018483598769536, 43.811747490388207 ], [ 2.020257896309612, 43.811227886447497 ], [ 2.024158, 43.814875 ], [ 2.024391, 43.815532 ], [ 2.025114, 43.817985 ], [ 2.025934, 43.818363 ], [ 2.026197, 43.818465 ], [ 2.026551, 43.818562 ], [ 2.026656, 43.818572 ], [ 2.027094, 43.818595 ], [ 2.031101, 43.817854 ], [ 2.031746, 43.817617 ], [ 2.034024, 43.816384 ], [ 2.034011, 43.816171 ], [ 2.033547, 43.815921 ], [ 2.031502333704916, 43.813944845151696 ], [ 2.031419, 43.813671 ], [ 2.027645, 43.810576 ], [ 2.027463685670715, 43.810363459314026 ], [ 2.027386, 43.810495 ], [ 2.027795, 43.812032 ], [ 2.027763, 43.81298 ], [ 2.026405, 43.813959 ], [ 2.025505, 43.813704 ], [ 2.024165, 43.81286 ], [ 2.020418, 43.811181 ], [ 2.020119, 43.811098 ], [ 2.017357, 43.810582 ], [ 2.016955, 43.810517 ], [ 2.016835, 43.810485 ], [ 2.013984403137486, 43.81078713003312 ], [ 2.008506, 43.813857 ], [ 2.004534, 43.81532 ], [ 2.004325, 43.814784 ], [ 1.995529, 43.81337 ], [ 1.992014, 43.819388 ], [ 1.988483, 43.820086 ], [ 1.98819, 43.818604 ], [ 1.988325, 43.820534 ], [ 1.988245, 43.821304 ], [ 1.988278, 43.822885 ] ] ], [ [ [ 2.048116, 43.808849 ], [ 2.050496, 43.810284 ], [ 2.052687, 43.810819 ], [ 2.055513, 43.811429 ], [ 2.055953, 43.81111 ], [ 2.056311, 43.810807 ], [ 2.056548, 43.810554 ], [ 2.056812, 43.81021 ], [ 2.056055, 43.807805 ], [ 2.050544, 43.801481 ], [ 2.051426, 43.794505 ], [ 2.050785, 43.794944 ], [ 2.04974583075632, 43.795422664953826 ], [ 2.049746, 43.795423 ], [ 2.049669987957392, 43.795611167429087 ], [ 2.048454, 43.804286 ], [ 2.047889, 43.806769 ], [ 2.047503, 43.807758 ], [ 2.045978, 43.807341 ], [ 2.044385, 43.806524 ], [ 2.038594, 43.80411 ], [ 2.035610196537379, 43.804051438616384 ], [ 2.038139, 43.805876 ], [ 2.041128, 43.807882 ], [ 2.048116, 43.808849 ] ] ], [ [ [ 2.059799, 43.792075 ], [ 2.065131, 43.789096 ], [ 2.066885, 43.785952 ], [ 2.067817, 43.781939 ], [ 2.066563, 43.785314 ], [ 2.066462, 43.785343 ], [ 2.061468, 43.786204 ], [ 2.057531, 43.78801 ], [ 2.052597, 43.793525 ], [ 2.051426, 43.794505 ], [ 2.056458, 43.79291 ], [ 2.057307, 43.79273 ], [ 2.059799, 43.792075 ] ] ], [ [ [ 2.083618, 43.785643 ], [ 2.083933, 43.785011 ], [ 2.087459134661914, 43.782692796756351 ], [ 2.086263251477142, 43.781730001229775 ], [ 2.079837, 43.783332 ], [ 2.079187, 43.782794 ], [ 2.078863, 43.78247 ], [ 2.076918, 43.780938 ], [ 2.079768, 43.784801 ], [ 2.082668, 43.786934 ], [ 2.083618, 43.785643 ] ] ], [ [ [ 2.095603, 43.774768 ], [ 2.093759, 43.774547 ], [ 2.093757872726401, 43.774547708606583 ], [ 2.093117, 43.774453 ], [ 2.088732, 43.766889 ], [ 2.088876, 43.761249 ], [ 2.089628, 43.759304 ], [ 2.091671, 43.75247 ], [ 2.093058, 43.750296 ], [ 2.090023, 43.74836 ], [ 2.083027, 43.751296 ], [ 2.078294, 43.7464 ], [ 2.072471, 43.743569 ], [ 2.071116, 43.740233 ], [ 2.075594, 43.7338 ], [ 2.078242, 43.732011 ], [ 2.079835, 43.730496 ], [ 2.079775, 43.730221 ], [ 2.079686, 43.729792 ], [ 2.079495, 43.72931 ], [ 2.079096, 43.728727 ], [ 2.078189788945189, 43.726542693280983 ], [ 2.079801906578035, 43.723195714365076 ], [ 2.081967805879384, 43.719736953385997 ], [ 2.081864361928296, 43.719742111025695 ], [ 2.077017, 43.726056 ], [ 2.075774, 43.728896 ], [ 2.075249, 43.729145 ], [ 2.071948, 43.731391 ], [ 2.071342, 43.73102 ], [ 2.063238, 43.734651 ], [ 2.061860624472104, 43.735731313597945 ], [ 2.061234, 43.737177 ], [ 2.061429136839027, 43.737948377391866 ], [ 2.066481, 43.743253 ], [ 2.068353, 43.746328 ], [ 2.073258, 43.749649 ], [ 2.075899, 43.752095 ], [ 2.083985, 43.754351 ], [ 2.085817, 43.753631 ], [ 2.087134, 43.756981 ], [ 2.084564, 43.763635 ], [ 2.082446, 43.766545 ], [ 2.082482, 43.775494 ], [ 2.083055, 43.7759 ], [ 2.088307493714179, 43.777553877991295 ], [ 2.090939660907022, 43.777092398829723 ], [ 2.094207, 43.775535 ], [ 2.094628, 43.775183 ], [ 2.094734, 43.775118 ], [ 2.095625453640322, 43.775536349202973 ], [ 2.097202706956882, 43.774682994393515 ], [ 2.095603, 43.774768 ] ] ], [ [ [ 2.114201, 43.712924 ], [ 2.114741, 43.713147 ], [ 2.115005, 43.713211 ], [ 2.116223, 43.709966 ], [ 2.11623, 43.709892 ], [ 2.115538, 43.709222 ], [ 2.115071, 43.708986 ], [ 2.111016, 43.707433 ], [ 2.10665, 43.706425 ], [ 2.099493, 43.704622 ], [ 2.09755, 43.704743 ], [ 2.096722, 43.705268 ], [ 2.096544, 43.705431 ], [ 2.093326581483856, 43.708898149787963 ], [ 2.098189, 43.707925 ], [ 2.099924, 43.707258 ], [ 2.100758, 43.706974 ], [ 2.101445, 43.70684 ], [ 2.102681, 43.706673 ], [ 2.103164, 43.71024 ], [ 2.099481, 43.711285 ], [ 2.097773, 43.711942 ], [ 2.093643166211731, 43.714092662667333 ], [ 2.100445, 43.714117 ], [ 2.105715, 43.712026 ], [ 2.114201, 43.712924 ] ] ], [ [ [ 2.087476226878934, 43.712171102851265 ], [ 2.088314378130371, 43.711842124628767 ], [ 2.090755745623045, 43.709513121330311 ], [ 2.088863, 43.709821 ], [ 2.08864, 43.710445 ], [ 2.087476226878934, 43.712171102851265 ] ] ], [ [ [ 2.068059, 43.700565 ], [ 2.066503, 43.700054 ], [ 2.066106, 43.700071 ], [ 2.065858, 43.700099 ], [ 2.065619, 43.700126 ], [ 2.064464, 43.700363 ], [ 2.062202, 43.70399 ], [ 2.056573147386374, 43.705763565878549 ], [ 2.054446552501568, 43.704595836144101 ], [ 2.052557, 43.701831 ], [ 2.049108, 43.700799 ], [ 2.04334, 43.70138 ], [ 2.039975, 43.699967 ], [ 2.039285, 43.699668 ], [ 2.036565, 43.698247 ], [ 2.033287, 43.697135 ], [ 2.032836, 43.697233 ], [ 2.028259154272681, 43.69711368114011 ], [ 2.027652, 43.697032 ], [ 2.026842153030801, 43.696856999823808 ], [ 2.022662, 43.693849 ], [ 2.022183, 43.693528 ], [ 2.019703, 43.694799 ], [ 2.018968, 43.696531 ], [ 2.018561, 43.69736 ], [ 2.018164, 43.698443 ], [ 2.018227, 43.698353 ], [ 2.018553, 43.697848 ], [ 2.026776, 43.699632 ], [ 2.033642, 43.701435 ], [ 2.035045, 43.702156 ], [ 2.035526, 43.702475 ], [ 2.036589, 43.703502 ], [ 2.042307568228781, 43.708225477566131 ], [ 2.044616, 43.708246 ], [ 2.04732, 43.70416 ], [ 2.047605, 43.70397 ], [ 2.049134, 43.703994 ], [ 2.049464, 43.704265 ], [ 2.050489, 43.705115 ], [ 2.058722, 43.707409 ], [ 2.059361, 43.70724 ], [ 2.066313, 43.709335 ], [ 2.068497, 43.712196 ], [ 2.070703, 43.714245 ], [ 2.075922104329957, 43.715750801631152 ], [ 2.071354, 43.709728 ], [ 2.071042, 43.706142 ], [ 2.068059, 43.700565 ] ] ], [ [ [ 2.00492, 43.680493 ], [ 2.000964, 43.675715 ], [ 2.000532, 43.675366 ], [ 1.99394, 43.671878 ], [ 1.990496, 43.672927 ], [ 1.99075, 43.673762 ], [ 1.990983, 43.674334 ], [ 1.991352, 43.674997 ], [ 1.992077, 43.675981 ], [ 1.993296193613958, 43.678541854952265 ], [ 1.99451, 43.682031 ], [ 1.994612, 43.682308 ], [ 1.995688572727953, 43.68578412269455 ], [ 1.995960753963095, 43.685258142379844 ], [ 1.996008, 43.68347 ], [ 1.995848, 43.682449 ], [ 1.997473, 43.679973 ], [ 2.001033, 43.680514 ], [ 2.000933, 43.681169 ], [ 2.000581, 43.682409 ], [ 2.003399, 43.68986 ], [ 2.00481, 43.693172 ], [ 2.006064, 43.698327 ], [ 2.008335, 43.692188 ], [ 2.00838, 43.688588 ], [ 2.00492, 43.680493 ] ] ], [ [ [ 1.98543, 43.694077 ], [ 1.985196, 43.69412 ], [ 1.982121, 43.69913 ], [ 1.981525, 43.700123 ], [ 1.981543, 43.700411 ], [ 1.981711, 43.701104 ], [ 1.98371, 43.703521 ], [ 1.984423, 43.704489 ], [ 1.985661736125968, 43.706710848013159 ], [ 1.985752, 43.706067 ], [ 1.985334, 43.704589 ], [ 1.987861, 43.702025 ], [ 1.990512, 43.695402 ], [ 1.989428, 43.692912 ], [ 1.990017, 43.692516 ], [ 1.987469, 43.693668 ], [ 1.98682, 43.693844 ], [ 1.98543, 43.694077 ] ] ] ] } },
{ "type": "Feature", "properties": { "codgeo": "81105", "value": 780, "isochrone_group": 13.0, "nb_agences": 2 }, "geometry": { "type": "MultiPolygon", "coordinates": [ [ [ [ 1.88312, 43.771932 ], [ 1.883639, 43.771625 ], [ 1.88378, 43.771528 ], [ 1.885076, 43.770173 ], [ 1.88684, 43.768497 ], [ 1.894134, 43.768951 ], [ 1.899624, 43.772087 ], [ 1.901092272576637, 43.775610854183924 ], [ 1.901107, 43.775727 ], [ 1.90124, 43.776059 ], [ 1.901283121951218, 43.776068892682915 ], [ 1.901864, 43.777463 ], [ 1.902019, 43.777992 ], [ 1.905224, 43.777751 ], [ 1.911901, 43.777786 ], [ 1.914305, 43.780385 ], [ 1.914636, 43.780336 ], [ 1.916642, 43.780093 ], [ 1.917445638931908, 43.77995203456976 ], [ 1.922771, 43.779839 ], [ 1.925857694196763, 43.782775028828027 ], [ 1.92533, 43.790996 ], [ 1.921671670717036, 43.794165639824911 ], [ 1.921012, 43.793375 ], [ 1.920748, 43.793176 ], [ 1.918587, 43.796055 ], [ 1.912356, 43.801879 ], [ 1.910938, 43.801363 ], [ 1.910935171863478, 43.801370772206219 ], [ 1.910427, 43.801189 ], [ 1.909626, 43.801018 ], [ 1.908667, 43.800944 ], [ 1.908388, 43.804533 ], [ 1.909559, 43.805322 ], [ 1.914454, 43.811831 ], [ 1.915269, 43.813857 ], [ 1.916246, 43.814953 ], [ 1.91724, 43.814383 ], [ 1.917838, 43.813944 ], [ 1.918487, 43.813164 ], [ 1.921794, 43.809716 ], [ 1.9234, 43.807824 ], [ 1.92226, 43.808553 ], [ 1.921641, 43.808911 ], [ 1.916903, 43.805775 ], [ 1.915631, 43.802407 ], [ 1.918627, 43.801163 ], [ 1.923446, 43.796739 ], [ 1.926173, 43.790752 ], [ 1.92959, 43.784651 ], [ 1.925413, 43.778495 ], [ 1.919288, 43.778527 ], [ 1.917562, 43.775368 ], [ 1.91385581592225, 43.768526742645761 ], [ 1.91208899583945, 43.768517682029945 ], [ 1.905425, 43.770841 ], [ 1.902021, 43.769668 ], [ 1.900202, 43.765928 ], [ 1.89315, 43.764484 ], [ 1.889725, 43.765761 ], [ 1.885909, 43.763966 ], [ 1.885692, 43.760372 ], [ 1.887557, 43.76026 ], [ 1.892181605241054, 43.757010277398187 ], [ 1.890150129054952, 43.74952847530146 ], [ 1.889529, 43.749392 ], [ 1.887662, 43.748981 ], [ 1.885336788206918, 43.750708772802575 ], [ 1.884815, 43.757197 ], [ 1.883013135003303, 43.758127784145486 ], [ 1.884536, 43.760436 ], [ 1.884401, 43.764034 ], [ 1.882271, 43.764349 ], [ 1.875775295388654, 43.764932584101317 ], [ 1.879906, 43.769362 ], [ 1.881277, 43.772691 ], [ 1.88312, 43.771932 ] ] ], [ [ [ 1.941806, 43.810963 ], [ 1.946959297902858, 43.816204554417709 ], [ 1.946566, 43.824394 ], [ 1.94574, 43.827898 ], [ 1.945061613570722, 43.829543447934853 ], [ 1.945275, 43.829322 ], [ 1.947013, 43.829922 ], [ 1.948583858951521, 43.830740926468046 ], [ 1.948957, 43.829871 ], [ 1.95678917336837, 43.82796412228916 ], [ 1.958521, 43.828887 ], [ 1.960316, 43.829163 ], [ 1.961651, 43.829436 ], [ 1.963186, 43.82618 ], [ 1.97047, 43.822686 ], [ 1.974065, 43.822496 ], [ 1.977605, 43.819139 ], [ 1.983753, 43.825161 ], [ 1.983692, 43.826376 ], [ 1.984001, 43.829485 ], [ 1.988275, 43.833688 ], [ 1.991716, 43.834744 ], [ 1.991963, 43.833939 ], [ 1.992102, 43.833304 ], [ 1.992555, 43.831217 ], [ 1.99271, 43.830701 ], [ 1.992778, 43.830331 ], [ 1.992787, 43.829855 ], [ 1.992631, 43.829147 ], [ 1.99206, 43.825981 ], [ 1.992015, 43.826294 ], [ 1.991988, 43.826504 ], [ 1.99129, 43.827536 ], [ 1.990544, 43.827827 ], [ 1.990437, 43.827856 ], [ 1.990382, 43.827869 ], [ 1.988417, 43.826052 ], [ 1.988252, 43.823867 ], [ 1.988229, 43.823434 ], [ 1.988278, 43.822885 ], [ 1.988245, 43.821304 ], [ 1.988325, 43.820534 ], [ 1.98819, 43.818604 ], [ 1.987862, 43.817118 ], [ 1.987733, 43.816628 ], [ 1.987685, 43.81617 ], [ 1.987773, 43.815501 ], [ 1.987806, 43.814038 ], [ 1.98777, 43.812812 ], [ 1.987721, 43.812147 ], [ 1.987138, 43.809617 ], [ 1.98694, 43.809102 ], [ 1.986847, 43.808654 ], [ 1.97798, 43.807361 ], [ 1.977586, 43.807807 ], [ 1.976465, 43.809463 ], [ 1.976142, 43.809972 ], [ 1.97481, 43.816101 ], [ 1.972888, 43.818489 ], [ 1.969292, 43.81833 ], [ 1.969226, 43.818214 ], [ 1.963459, 43.814154 ], [ 1.959774, 43.821309 ], [ 1.956335, 43.823377 ], [ 1.950875, 43.825168 ], [ 1.947904, 43.823136 ], [ 1.949168, 43.82021 ], [ 1.950219, 43.817319 ], [ 1.955018, 43.814861 ], [ 1.955407, 43.814524 ], [ 1.956337, 43.813731 ], [ 1.956717, 43.813428 ], [ 1.957358, 43.812985 ], [ 1.957764, 43.812739 ], [ 1.958215, 43.812497 ], [ 1.958688, 43.812271 ], [ 1.962052, 43.81084 ], [ 1.961626, 43.802329 ], [ 1.953393, 43.800112 ], [ 1.951394102336059, 43.800128069744503 ], [ 1.950766, 43.801107 ], [ 1.949779, 43.801284 ], [ 1.943424, 43.80213 ], [ 1.940483, 43.804206 ], [ 1.933434, 43.80594 ], [ 1.929212441071187, 43.805967541485686 ], [ 1.928234577865366, 43.806259050531509 ], [ 1.933657, 43.806851 ], [ 1.934271, 43.807115 ], [ 1.938652, 43.809228 ], [ 1.941806, 43.810963 ] ] ], [ [ [ 2.004083, 43.82814 ], [ 2.004116725311782, 43.828130718176766 ], [ 2.004419, 43.828657 ], [ 2.004986, 43.829268 ], [ 2.005373, 43.829685 ], [ 2.005919, 43.829963 ], [ 2.006673, 43.829806 ], [ 2.006841, 43.829763 ], [ 2.008373, 43.829286 ], [ 2.009624, 43.823354 ], [ 2.009767, 43.823059 ], [ 2.009947, 43.822315 ], [ 2.009932, 43.821709 ], [ 2.010032497235117, 43.821025079218742 ], [ 2.009842, 43.821311 ], [ 2.008168, 43.823216 ], [ 2.007481, 43.823184 ], [ 2.007386, 43.823162 ], [ 2.006427, 43.822453 ], [ 2.006275, 43.821997 ], [ 2.006216, 43.82184 ], [ 2.006092, 43.821315 ], [ 1.997895, 43.818207 ], [ 1.996713, 43.818375 ], [ 1.992066, 43.825439 ], [ 1.99206, 43.825981 ], [ 1.997895, 43.82098 ], [ 2.003811, 43.827053 ], [ 2.003971, 43.827877 ], [ 2.004083, 43.82814 ] ] ], [ [ [ 2.021018, 43.818665 ], [ 2.021853, 43.818919 ], [ 2.022756, 43.8189 ], [ 2.030392, 43.819837 ], [ 2.034459, 43.820799 ], [ 2.035383, 43.820736 ], [ 2.036813, 43.819383 ], [ 2.036191, 43.817228 ], [ 2.039391, 43.809809 ], [ 2.042680798729708, 43.810817892555406 ], [ 2.044704, 43.814006 ], [ 2.046559, 43.817091 ], [ 2.049398, 43.815578 ], [ 2.05773, 43.81331 ], [ 2.060418, 43.813039 ], [ 2.061949, 43.809781 ], [ 2.064215, 43.805662 ], [ 2.063241, 43.80326 ], [ 2.062459, 43.802784 ], [ 2.062158, 43.802708 ], [ 2.061278, 43.803321 ], [ 2.059759799644152, 43.804245958038194 ], [ 2.058013, 43.804783 ], [ 2.056966, 43.805187 ], [ 2.056057, 43.805671 ], [ 2.053901366910569, 43.805333656204397 ], [ 2.056055, 43.807805 ], [ 2.056812, 43.81021 ], [ 2.056548, 43.810554 ], [ 2.056311, 43.810807 ], [ 2.055953, 43.81111 ], [ 2.055513, 43.811429 ], [ 2.052687, 43.810819 ], [ 2.050496, 43.810284 ], [ 2.048116, 43.808849 ], [ 2.041128, 43.807882 ], [ 2.038139, 43.805876 ], [ 2.0329, 43.802096 ], [ 2.030018, 43.800192 ], [ 2.022436, 43.804037 ], [ 2.024995, 43.807838 ], [ 2.025568, 43.808212 ], [ 2.026025, 43.808677 ], [ 2.027645, 43.810576 ], [ 2.031419, 43.813671 ], [ 2.031502333704916, 43.813944845151696 ], [ 2.033547, 43.815921 ], [ 2.034011, 43.816171 ], [ 2.034024, 43.816384 ], [ 2.031746, 43.817617 ], [ 2.031101, 43.817854 ], [ 2.027094, 43.818595 ], [ 2.026656, 43.818572 ], [ 2.026551, 43.818562 ], [ 2.026197, 43.818465 ], [ 2.025934, 43.818363 ], [ 2.025114, 43.817985 ], [ 2.024391, 43.815532 ], [ 2.024158, 43.814875 ], [ 2.020257896309612, 43.811227886447497 ], [ 2.018483598769536, 43.811747490388207 ], [ 2.01476771984807, 43.813223230774241 ], [ 2.01202, 43.818042 ], [ 2.011071466727513, 43.819465670921844 ], [ 2.018878, 43.817468 ], [ 2.020592913826405, 43.818427229836544 ], [ 2.02069, 43.818571 ], [ 2.021018, 43.818665 ] ] ], [ [ [ 2.063476, 43.792636 ], [ 2.065378, 43.792544 ], [ 2.066616, 43.792468 ], [ 2.068669, 43.792615 ], [ 2.069558, 43.792032 ], [ 2.078228, 43.790684 ], [ 2.078911, 43.791523 ], [ 2.081701, 43.789247 ], [ 2.084073811672469, 43.789741174179746 ], [ 2.084356, 43.789486 ], [ 2.084066156732256, 43.78492345814518 ], [ 2.083933, 43.785011 ], [ 2.083618, 43.785643 ], [ 2.082668, 43.786934 ], [ 2.079768, 43.784801 ], [ 2.076918, 43.780938 ], [ 2.076272, 43.780511 ], [ 2.067817, 43.781939 ], [ 2.066885, 43.785952 ], [ 2.065131, 43.789096 ], [ 2.059799, 43.792075 ], [ 2.057307, 43.79273 ], [ 2.061157, 43.792513 ], [ 2.061791, 43.792598 ], [ 2.062545, 43.792651 ], [ 2.063476, 43.792636 ] ] ], [ [ [ 2.096489, 43.765465 ], [ 2.097135, 43.764355 ], [ 2.094461, 43.758359 ], [ 2.092338, 43.755451 ], [ 2.095743, 43.748484 ], [ 2.09812, 43.747684 ], [ 2.099207, 43.747297 ], [ 2.099825, 43.747015 ], [ 2.100275, 43.746746 ], [ 2.098425, 43.743658 ], [ 2.096923, 43.744289 ], [ 2.094595, 43.745072 ], [ 2.093668, 43.745414 ], [ 2.092964, 43.745747 ], [ 2.092324, 43.74614 ], [ 2.091733, 43.746572 ], [ 2.084369, 43.74684 ], [ 2.08266, 43.743672 ], [ 2.084059, 43.735051 ], [ 2.084847, 43.733892 ], [ 2.081938, 43.731772 ], [ 2.08107, 43.731045 ], [ 2.079495, 43.72931 ], [ 2.079686, 43.729792 ], [ 2.079775, 43.730221 ], [ 2.079835, 43.730496 ], [ 2.078242, 43.732011 ], [ 2.075594, 43.7338 ], [ 2.071116, 43.740233 ], [ 2.072471, 43.743569 ], [ 2.078294, 43.7464 ], [ 2.083027, 43.751296 ], [ 2.090023, 43.74836 ], [ 2.093058, 43.750296 ], [ 2.091671, 43.75247 ], [ 2.089628, 43.759304 ], [ 2.088876, 43.761249 ], [ 2.088732, 43.766889 ], [ 2.08895978841467, 43.767281928521918 ], [ 2.089122, 43.767073 ], [ 2.092527, 43.767859 ], [ 2.093002, 43.767936 ], [ 2.093350459188522, 43.768049280018893 ], [ 2.093356, 43.768036 ], [ 2.093568, 43.76812 ], [ 2.096036927529048, 43.768529361079693 ], [ 2.096489, 43.765465 ] ] ], [ [ [ 2.079801906578035, 43.723195714365076 ], [ 2.078189788945189, 43.726542693280983 ], [ 2.079096, 43.728727 ], [ 2.079495, 43.72931 ], [ 2.078418025316358, 43.726949207849522 ], [ 2.078426744692351, 43.726906842702988 ], [ 2.082408, 43.719034 ], [ 2.079801906578035, 43.723195714365076 ] ] ], [ [ [ 2.11417, 43.71551 ], [ 2.116165, 43.716009 ], [ 2.120207, 43.714867 ], [ 2.128281, 43.712887 ], [ 2.128293, 43.709287 ], [ 2.126252, 43.709191 ], [ 2.125717, 43.709196 ], [ 2.124851, 43.709369 ], [ 2.123262, 43.709756 ], [ 2.114509, 43.707736 ], [ 2.11263, 43.706102 ], [ 2.10665, 43.706425 ], [ 2.111016, 43.707433 ], [ 2.115071, 43.708986 ], [ 2.115538, 43.709222 ], [ 2.11623, 43.709892 ], [ 2.116223, 43.709966 ], [ 2.115005, 43.713211 ], [ 2.114741, 43.713147 ], [ 2.114201, 43.712924 ], [ 2.105715, 43.712026 ], [ 2.100445, 43.714117 ], [ 2.093371322564821, 43.714091689995932 ], [ 2.091006, 43.715466 ], [ 2.090597, 43.715733 ], [ 2.096955, 43.716893 ], [ 2.103849, 43.713803 ], [ 2.111045, 43.714574 ], [ 2.11417, 43.71551 ] ] ], [ [ [ 2.097227, 43.700974 ], [ 2.096657, 43.701619 ], [ 2.091304, 43.705967 ], [ 2.088890284281858, 43.709816561871442 ], [ 2.093111496790741, 43.709129929037196 ], [ 2.096544, 43.705431 ], [ 2.096722, 43.705268 ], [ 2.09755, 43.704743 ], [ 2.099493, 43.704622 ], [ 2.10665, 43.706425 ], [ 2.099985, 43.700694 ], [ 2.099465, 43.700309 ], [ 2.099166, 43.700161 ], [ 2.097227, 43.700974 ] ] ], [ [ [ 2.086587, 43.71349 ], [ 2.08864, 43.710445 ], [ 2.088830526341484, 43.709911867995132 ], [ 2.086587, 43.71349 ] ] ], [ [ [ 2.075251, 43.694389 ], [ 2.074036, 43.691001 ], [ 2.069024, 43.691222 ], [ 2.066499, 43.693788 ], [ 2.06491, 43.697691 ], [ 2.064611, 43.69848 ], [ 2.061674, 43.703543 ], [ 2.05641016643619, 43.705674071775533 ], [ 2.056573147386374, 43.705763565878549 ], [ 2.062202, 43.70399 ], [ 2.064464, 43.700363 ], [ 2.065619, 43.700126 ], [ 2.065858, 43.700099 ], [ 2.066106, 43.700071 ], [ 2.066503, 43.700054 ], [ 2.068059, 43.700565 ], [ 2.071042, 43.706142 ], [ 2.071354, 43.709728 ], [ 2.076504, 43.716518 ], [ 2.078297, 43.716436 ], [ 2.080525, 43.715875 ], [ 2.081073, 43.715691 ], [ 2.077287, 43.708643 ], [ 2.076712, 43.705089 ], [ 2.074614, 43.703316 ], [ 2.075251, 43.694389 ] ] ], [ [ [ 2.053287, 43.697534 ], [ 2.053133, 43.696859 ], [ 2.052826, 43.696314 ], [ 2.052094, 43.694952 ], [ 2.050904, 43.695278 ], [ 2.050511, 43.695434 ], [ 2.049958, 43.695847 ], [ 2.049501, 43.696675 ], [ 2.049292268950409, 43.697814403435856 ], [ 2.048531612352461, 43.698610371781925 ], [ 2.046161833040734, 43.699165095925842 ], [ 2.039548624904066, 43.697263828036171 ], [ 2.039475, 43.697056 ], [ 2.033415, 43.694283 ], [ 2.032668, 43.694136 ], [ 2.025062, 43.69073 ], [ 2.018175, 43.689669 ], [ 2.012571, 43.688729 ], [ 2.009628, 43.684645 ], [ 2.009393, 43.684032 ], [ 2.009076, 43.683369 ], [ 2.00891032835723, 43.683157216965604 ], [ 2.008882, 43.683094 ], [ 2.008573, 43.682726 ], [ 2.007629, 43.681991 ], [ 2.00632, 43.681223 ], [ 2.005491, 43.672277 ], [ 2.005226, 43.671227 ], [ 2.003902, 43.669046 ], [ 2.002846, 43.669566 ], [ 2.000652493314492, 43.670602597238606 ], [ 1.994061471261898, 43.666204635998845 ], [ 1.993752, 43.667792 ], [ 1.993657, 43.670195 ], [ 1.990059, 43.670052 ], [ 1.986221588411387, 43.667252441946353 ], [ 1.986007, 43.66769 ], [ 1.985328, 43.670405 ], [ 1.985384, 43.671934 ], [ 1.985523, 43.673183 ], [ 1.98563, 43.673724 ], [ 1.987561, 43.675112 ], [ 1.98967602668487, 43.676619141392933 ], [ 1.991706, 43.678307 ], [ 1.992272969692102, 43.67879911050877 ], [ 1.993854, 43.68116 ], [ 1.995714767688949, 43.685994382850119 ], [ 1.990707, 43.692224 ], [ 1.995914, 43.686512 ], [ 1.994612, 43.682308 ], [ 1.99451, 43.682031 ], [ 1.993296193613958, 43.678541854952265 ], [ 1.992077, 43.675981 ], [ 1.991352, 43.674997 ], [ 1.990983, 43.674334 ], [ 1.99075, 43.673762 ], [ 1.990496, 43.672927 ], [ 1.99394, 43.671878 ], [ 2.000532, 43.675366 ], [ 2.000964, 43.675715 ], [ 2.00492, 43.680493 ], [ 2.00838, 43.688588 ], [ 2.008335, 43.692188 ], [ 2.006064, 43.698327 ], [ 2.008935, 43.701558 ], [ 2.009559, 43.701908 ], [ 2.017879, 43.699118 ], [ 2.018164, 43.698443 ], [ 2.018561, 43.69736 ], [ 2.018968, 43.696531 ], [ 2.019703, 43.694799 ], [ 2.022183, 43.693528 ], [ 2.022662, 43.693849 ], [ 2.026842153030801, 43.696856999823808 ], [ 2.027652, 43.697032 ], [ 2.028259154272681, 43.69711368114011 ], [ 2.032836, 43.697233 ], [ 2.033287, 43.697135 ], [ 2.036565, 43.698247 ], [ 2.039285, 43.699668 ], [ 2.039975, 43.699967 ], [ 2.04334, 43.70138 ], [ 2.049108, 43.700799 ], [ 2.052557, 43.701831 ], [ 2.054446552501568, 43.704595836144101 ], [ 2.054859718858786, 43.704822708993298 ], [ 2.052699, 43.701217 ], [ 2.052802, 43.699813 ], [ 2.053234, 43.69823 ], [ 2.053287, 43.697534 ] ] ], [ [ [ 1.979404, 43.692662 ], [ 1.978682, 43.696189 ], [ 1.975688, 43.702898 ], [ 1.977218, 43.705398 ], [ 1.978515, 43.705158 ], [ 1.979284, 43.704986 ], [ 1.979991, 43.704736 ], [ 1.98525025643088, 43.705972801125007 ], [ 1.984423, 43.704489 ], [ 1.98371, 43.703521 ], [ 1.981711, 43.701104 ], [ 1.981543, 43.700411 ], [ 1.981525, 43.700123 ], [ 1.982121, 43.69913 ], [ 1.985196, 43.69412 ], [ 1.98543, 43.694077 ], [ 1.98682, 43.693844 ], [ 1.987469, 43.693668 ], [ 1.990017, 43.692516 ], [ 1.982875, 43.692166 ], [ 1.982844, 43.692161 ], [ 1.982182, 43.692152 ], [ 1.979404, 43.692662 ] ] ], [ [ [ 1.967654, 43.710989 ], [ 1.967177, 43.710834 ], [ 1.966065310618468, 43.712058896039515 ], [ 1.96606, 43.712055 ], [ 1.965421, 43.712729 ], [ 1.961563547975063, 43.715980036195745 ], [ 1.964949, 43.714538 ], [ 1.969631633870057, 43.716636964196553 ], [ 1.974556, 43.717296 ], [ 1.975061, 43.717172 ], [ 1.975641, 43.717062 ], [ 1.969335, 43.712677 ], [ 1.969072, 43.711956 ], [ 1.968572, 43.711394 ], [ 1.967654, 43.710989 ] ] ], [ [ [ 1.94379889360753, 43.704970203678457 ], [ 1.943905, 43.703435 ], [ 1.943903442468358, 43.703434830277359 ], [ 1.943921, 43.703273 ], [ 1.944083, 43.701976 ], [ 1.940726, 43.700676 ], [ 1.940579, 43.701056 ], [ 1.940427, 43.701701 ], [ 1.940328, 43.703043 ], [ 1.940327758663208, 43.703045191639745 ], [ 1.940326, 43.703045 ], [ 1.940168, 43.704496 ], [ 1.932904249011387, 43.709404496147762 ], [ 1.932613, 43.709466 ], [ 1.932134, 43.709362 ], [ 1.931571, 43.709269 ], [ 1.925519, 43.705825 ], [ 1.922923750210483, 43.705167112539606 ], [ 1.92296, 43.707931 ], [ 1.923147, 43.708647 ], [ 1.922625630594656, 43.709300013996348 ], [ 1.927318, 43.711111 ], [ 1.934189, 43.710281 ], [ 1.939697, 43.708367 ], [ 1.940729, 43.707929 ], [ 1.94098, 43.707892 ], [ 1.941398, 43.707866 ], [ 1.943297, 43.708367 ], [ 1.943671, 43.710274 ], [ 1.943511, 43.711079 ], [ 1.943753, 43.714855 ], [ 1.945721, 43.71787 ], [ 1.953961, 43.717043 ], [ 1.959007, 43.717069 ], [ 1.961235699319245, 43.716119683612085 ], [ 1.953634, 43.714733 ], [ 1.952741, 43.7143 ], [ 1.948488, 43.712435 ], [ 1.94379889360753, 43.704970203678457 ] ] ], [ [ [ 1.904333, 43.727583 ], [ 1.903253, 43.727133 ], [ 1.901936, 43.72811 ], [ 1.895979, 43.732868 ], [ 1.895687, 43.733219 ], [ 1.895347, 43.733974 ], [ 1.895304261769754, 43.734444661522957 ], [ 1.895279, 43.734458 ], [ 1.895268, 43.734844 ], [ 1.895597, 43.735943 ], [ 1.892636188738823, 43.740614389330567 ], [ 1.889591554658457, 43.741131877209803 ], [ 1.890703756920946, 43.74392182085527 ], [ 1.894508, 43.744905 ], [ 1.897435, 43.738734 ], [ 1.897755, 43.736618 ], [ 1.897931, 43.735855 ], [ 1.898139, 43.735404 ], [ 1.901635, 43.734 ], [ 1.905525193399779, 43.736272295516137 ], [ 1.905768, 43.73626 ], [ 1.905774057540903, 43.736259268899033 ], [ 1.911608, 43.733965 ], [ 1.916991, 43.729134 ], [ 1.917458, 43.724176 ], [ 1.918256, 43.716587 ], [ 1.918361, 43.712989 ], [ 1.919207893709098, 43.711166763407398 ], [ 1.915474, 43.713226 ], [ 1.91536, 43.716824 ], [ 1.91455, 43.716799 ], [ 1.91228579209927, 43.716914169463216 ], [ 1.913355, 43.725385 ], [ 1.904736, 43.727768 ], [ 1.904333, 43.727583 ] ] ], [ [ [ 1.947753, 43.832662 ], [ 1.947927, 43.832272 ], [ 1.947422, 43.83272 ], [ 1.947503518646455, 43.833076659942002 ], [ 1.947753, 43.832662 ] ] ], [ [ [ 1.948208571422986, 43.831615857155882 ], [ 1.948111962487762, 43.831840983913587 ], [ 1.948112, 43.831841 ], [ 1.948208571422986, 43.831615857155882 ] ] ] ] } },
{ "type": "Feature", "properties": { "codgeo": "81105", "value": 840, "isochrone_group": 14.0, "nb_agences": 2 }, "geometry": { "type": "MultiPolygon", "coordinates": [ [ [ [ 1.88394, 43.773754 ], [ 1.884266, 43.773718 ], [ 1.884383294708246, 43.773663384589263 ], [ 1.884801, 43.773578 ], [ 1.89128, 43.773247 ], [ 1.899255, 43.777209 ], [ 1.899409, 43.779951 ], [ 1.901225, 43.783059 ], [ 1.902019, 43.785131 ], [ 1.904031, 43.784504 ], [ 1.904759, 43.784201 ], [ 1.905245, 43.783955 ], [ 1.912308, 43.78377 ], [ 1.914929, 43.790844 ], [ 1.915201, 43.791703 ], [ 1.91544, 43.792246 ], [ 1.915765, 43.793174 ], [ 1.916374, 43.794509 ], [ 1.910427, 43.801189 ], [ 1.910935171863478, 43.801370772206219 ], [ 1.910938, 43.801363 ], [ 1.912356, 43.801879 ], [ 1.918587, 43.796055 ], [ 1.920748, 43.793176 ], [ 1.921012, 43.793375 ], [ 1.921671670717036, 43.794165639824911 ], [ 1.92533, 43.790996 ], [ 1.925857694196763, 43.782775028828027 ], [ 1.922771, 43.779839 ], [ 1.917445638931908, 43.77995203456976 ], [ 1.916642, 43.780093 ], [ 1.914636, 43.780336 ], [ 1.914305, 43.780385 ], [ 1.911901, 43.777786 ], [ 1.905224, 43.777751 ], [ 1.902019, 43.777992 ], [ 1.901864, 43.777463 ], [ 1.901283121951218, 43.776068892682915 ], [ 1.90124, 43.776059 ], [ 1.901107, 43.775727 ], [ 1.901092272576637, 43.775610854183924 ], [ 1.899624, 43.772087 ], [ 1.894134, 43.768951 ], [ 1.88684, 43.768497 ], [ 1.885076, 43.770173 ], [ 1.88378, 43.771528 ], [ 1.883639, 43.771625 ], [ 1.88312, 43.771932 ], [ 1.881277, 43.772691 ], [ 1.879906, 43.769362 ], [ 1.879015457026972, 43.768407057544827 ], [ 1.876708, 43.769206 ], [ 1.873629779668269, 43.770462955931343 ], [ 1.872649, 43.773499 ], [ 1.875192, 43.776047 ], [ 1.883582, 43.773763 ], [ 1.88394, 43.773754 ] ] ], [ [ [ 1.904304, 43.79958 ], [ 1.903324862275952, 43.799648543325809 ], [ 1.900254, 43.799324 ], [ 1.899569, 43.799112 ], [ 1.898646, 43.799832 ], [ 1.898589, 43.799883 ], [ 1.898502, 43.80255 ], [ 1.901895, 43.805138 ], [ 1.907656628451087, 43.810206749690884 ], [ 1.907673624905543, 43.810616959938933 ], [ 1.905732, 43.81503 ], [ 1.903891, 43.816216 ], [ 1.905841, 43.819242 ], [ 1.910795, 43.81728 ], [ 1.918541, 43.818646 ], [ 1.923051, 43.81391 ], [ 1.92413, 43.813252 ], [ 1.924028, 43.810446 ], [ 1.92577, 43.80599 ], [ 1.9234, 43.807824 ], [ 1.921794, 43.809716 ], [ 1.918487, 43.813164 ], [ 1.917838, 43.813944 ], [ 1.91724, 43.814383 ], [ 1.916246, 43.814953 ], [ 1.915269, 43.813857 ], [ 1.914454, 43.811831 ], [ 1.909559, 43.805322 ], [ 1.908388, 43.804533 ], [ 1.908667, 43.800944 ], [ 1.909626, 43.801018 ], [ 1.90845, 43.80072 ], [ 1.90789, 43.800525 ], [ 1.9073, 43.800357 ], [ 1.906791017574975, 43.800279119556663 ], [ 1.904304, 43.79958 ] ] ], [ [ [ 1.936633, 43.81607 ], [ 1.937348, 43.818511 ], [ 1.939224485064433, 43.82170175679434 ], [ 1.939452, 43.822783 ], [ 1.939863, 43.828082 ], [ 1.936823541625487, 43.83471203746096 ], [ 1.936984, 43.834734 ], [ 1.940401035736438, 43.830074654574382 ], [ 1.941835719898241, 43.827458170658879 ], [ 1.94116, 43.825266 ], [ 1.941806, 43.824328 ], [ 1.946665994045201, 43.822311873993797 ], [ 1.946959297902858, 43.816204554417709 ], [ 1.941806, 43.810963 ], [ 1.938652, 43.809228 ], [ 1.934271, 43.807115 ], [ 1.933657, 43.806851 ], [ 1.92577, 43.80599 ], [ 1.933148, 43.808088 ], [ 1.935238, 43.811019 ], [ 1.935408679693081, 43.811298966125577 ], [ 1.934588, 43.81193 ], [ 1.936633, 43.81607 ] ] ], [ [ [ 1.956231, 43.833088 ], [ 1.956384, 43.83288 ], [ 1.959073492541747, 43.832420378036574 ], [ 1.96435168126497, 43.832749340779117 ], [ 1.965587, 43.83547 ], [ 1.969172, 43.835135 ], [ 1.969379, 43.831565 ], [ 1.977106, 43.829688 ], [ 1.978861, 43.830233 ], [ 1.981011, 43.830907 ], [ 1.986537, 43.836364 ], [ 1.98573, 43.83864 ], [ 1.985668271728584, 43.839003626203898 ], [ 1.987644, 43.841682 ], [ 1.987773501904323, 43.841714853667561 ], [ 1.988154, 43.841553 ], [ 1.988542, 43.841288 ], [ 1.988885, 43.840929 ], [ 1.994069, 43.836688 ], [ 1.994866, 43.833178 ], [ 2.000893, 43.829969 ], [ 2.005505, 43.83505 ], [ 2.005817, 43.832425 ], [ 2.005826, 43.831048 ], [ 2.009397, 43.830588 ], [ 2.009609635098092, 43.830765724301415 ], [ 2.009373, 43.829716 ], [ 2.009767, 43.823059 ], [ 2.009624, 43.823354 ], [ 2.008373, 43.829286 ], [ 2.006841, 43.829763 ], [ 2.006673, 43.829806 ], [ 2.005919, 43.829963 ], [ 2.005373, 43.829685 ], [ 2.004986, 43.829268 ], [ 2.004419, 43.828657 ], [ 2.004116725311782, 43.828130718176766 ], [ 2.004083, 43.82814 ], [ 2.003971, 43.827877 ], [ 2.003811, 43.827053 ], [ 1.997895, 43.82098 ], [ 1.99206, 43.825981 ], [ 1.992631, 43.829147 ], [ 1.992787, 43.829855 ], [ 1.992778, 43.830331 ], [ 1.99271, 43.830701 ], [ 1.992555, 43.831217 ], [ 1.992102, 43.833304 ], [ 1.991963, 43.833939 ], [ 1.991716, 43.834744 ], [ 1.988275, 43.833688 ], [ 1.984001, 43.829485 ], [ 1.983692, 43.826376 ], [ 1.983753, 43.825161 ], [ 1.977605, 43.819139 ], [ 1.974065, 43.822496 ], [ 1.97047, 43.822686 ], [ 1.963186, 43.82618 ], [ 1.961651, 43.829436 ], [ 1.960316, 43.829163 ], [ 1.958521, 43.828887 ], [ 1.95678917336837, 43.82796412228916 ], [ 1.949916960085375, 43.829637281157986 ], [ 1.950197637450213, 43.835885888911513 ], [ 1.950217915761855, 43.835903221735194 ], [ 1.950573105867204, 43.836206819371014 ], [ 1.954615, 43.83355 ], [ 1.956231, 43.833088 ] ] ], [ [ [ 2.04386, 43.820503 ], [ 2.043939, 43.820344 ], [ 2.044593496073611, 43.819509586705088 ], [ 2.047466095131752, 43.816869570241124 ], [ 2.053689, 43.815805 ], [ 2.061624, 43.815769 ], [ 2.064499, 43.815983 ], [ 2.067282, 43.813007 ], [ 2.065853, 43.809703 ], [ 2.069566, 43.802389 ], [ 2.070957, 43.801209 ], [ 2.075934780300484, 43.796106819940128 ], [ 2.074459, 43.794257 ], [ 2.074895011082944, 43.791202208657474 ], [ 2.069558, 43.792032 ], [ 2.068669, 43.792615 ], [ 2.066616, 43.792468 ], [ 2.065378, 43.792544 ], [ 2.063476, 43.792636 ], [ 2.062545, 43.792651 ], [ 2.061791, 43.792598 ], [ 2.061157, 43.792513 ], [ 2.057307, 43.79273 ], [ 2.056458, 43.79291 ], [ 2.051426, 43.794505 ], [ 2.050785, 43.794944 ], [ 2.049693, 43.795447 ], [ 2.048314, 43.796147 ], [ 2.049143, 43.804589 ], [ 2.056057, 43.805671 ], [ 2.056966, 43.805187 ], [ 2.058013, 43.804783 ], [ 2.059759799644152, 43.804245958038194 ], [ 2.061278, 43.803321 ], [ 2.062158, 43.802708 ], [ 2.062459, 43.802784 ], [ 2.063241, 43.80326 ], [ 2.064215, 43.805662 ], [ 2.061949, 43.809781 ], [ 2.060418, 43.813039 ], [ 2.05773, 43.81331 ], [ 2.049398, 43.815578 ], [ 2.046559, 43.817091 ], [ 2.044704, 43.814006 ], [ 2.042680798729708, 43.810817892555406 ], [ 2.039391, 43.809809 ], [ 2.036191, 43.817228 ], [ 2.036813, 43.819383 ], [ 2.035383, 43.820736 ], [ 2.034459, 43.820799 ], [ 2.030392, 43.819837 ], [ 2.028200056095356, 43.819568030455898 ], [ 2.032939, 43.822625 ], [ 2.038789, 43.823113 ], [ 2.039848, 43.822433 ], [ 2.041272708948286, 43.821640356172644 ], [ 2.04386, 43.820503 ] ] ], [ [ [ 2.097753, 43.763541 ], [ 2.098276, 43.755637 ], [ 2.099119, 43.749038 ], [ 2.104399, 43.74626 ], [ 2.105326, 43.746052 ], [ 2.109874, 43.741587 ], [ 2.107859, 43.738603 ], [ 2.103515, 43.740452 ], [ 2.098435, 43.742417 ], [ 2.095104, 43.743783 ], [ 2.086731, 43.740605 ], [ 2.086753, 43.732505 ], [ 2.087702, 43.731361 ], [ 2.084931, 43.729062 ], [ 2.078803413505272, 43.727794001534178 ], [ 2.079495, 43.72931 ], [ 2.08107, 43.731045 ], [ 2.081938, 43.731772 ], [ 2.084847, 43.733892 ], [ 2.084059, 43.735051 ], [ 2.08266, 43.743672 ], [ 2.084369, 43.74684 ], [ 2.091733, 43.746572 ], [ 2.092324, 43.74614 ], [ 2.092964, 43.745747 ], [ 2.093668, 43.745414 ], [ 2.094595, 43.745072 ], [ 2.096923, 43.744289 ], [ 2.098425, 43.743658 ], [ 2.100275, 43.746746 ], [ 2.099825, 43.747015 ], [ 2.099207, 43.747297 ], [ 2.09812, 43.747684 ], [ 2.095743, 43.748484 ], [ 2.092338, 43.755451 ], [ 2.094461, 43.758359 ], [ 2.097135, 43.764355 ], [ 2.097133141637047, 43.764358193162352 ], [ 2.097364, 43.764527 ], [ 2.097587821884737, 43.764708823270212 ], [ 2.097611, 43.764714 ], [ 2.097932, 43.764958 ], [ 2.098238, 43.765237 ], [ 2.099548001841454, 43.765793551330468 ], [ 2.097753, 43.763541 ] ] ], [ [ [ 2.078426744692351, 43.726906842702988 ], [ 2.078418025316358, 43.726949207849522 ], [ 2.078426744692351, 43.726906842702988 ], [ 2.078426744692351, 43.726906842702988 ] ] ], [ [ [ 2.106997, 43.715371 ], [ 2.111375, 43.717612 ], [ 2.114298, 43.718246 ], [ 2.117898, 43.718263 ], [ 2.126296, 43.715545 ], [ 2.134129, 43.713856 ], [ 2.135055010377895, 43.713435128751406 ], [ 2.135883122027654, 43.710357904527591 ], [ 2.135877139378114, 43.70963294817151 ], [ 2.135522, 43.708985 ], [ 2.135628, 43.708375 ], [ 2.135691332928903, 43.708239155456837 ], [ 2.128481, 43.709288 ], [ 2.128292998747094, 43.709287375871902 ], [ 2.128281, 43.712887 ], [ 2.120207, 43.714867 ], [ 2.116165, 43.716009 ], [ 2.11417, 43.71551 ], [ 2.111045, 43.714574 ], [ 2.103849, 43.713803 ], [ 2.096955, 43.716893 ], [ 2.090597, 43.715733 ], [ 2.087917, 43.716835 ], [ 2.092632, 43.719611 ], [ 2.094880602586722, 43.718150258168436 ], [ 2.096708, 43.717065 ], [ 2.100994615801474, 43.715106879184361 ], [ 2.106997, 43.715371 ] ] ], [ [ [ 2.112872, 43.704543 ], [ 2.112533, 43.704596 ], [ 2.111709, 43.704779 ], [ 2.10665, 43.706425 ], [ 2.11263, 43.706102 ], [ 2.114509, 43.707736 ], [ 2.123262, 43.709756 ], [ 2.115538, 43.706053 ], [ 2.115095, 43.70552 ], [ 2.114236, 43.704843 ], [ 2.113453, 43.704553 ], [ 2.112872, 43.704543 ] ] ], [ [ [ 2.097951, 43.696641 ], [ 2.09692, 43.699015 ], [ 2.096640403560289, 43.700677809427432 ], [ 2.096503, 43.700919 ], [ 2.092742949126726, 43.704275962164132 ], [ 2.090598, 43.705456 ], [ 2.089904, 43.705349 ], [ 2.087845, 43.705 ], [ 2.082793, 43.70503 ], [ 2.081734, 43.705135 ], [ 2.080842, 43.705163 ], [ 2.078995, 43.704995 ], [ 2.075028, 43.70177 ], [ 2.07608, 43.69405 ], [ 2.079281, 43.693371 ], [ 2.080923, 43.692682 ], [ 2.081642, 43.69249 ], [ 2.083529, 43.69171 ], [ 2.0838, 43.691605 ], [ 2.085929, 43.691122 ], [ 2.087474, 43.69032 ], [ 2.087942, 43.690015 ], [ 2.087694, 43.688731 ], [ 2.087597, 43.687395 ], [ 2.087404, 43.687244 ], [ 2.085972, 43.687001 ], [ 2.082877, 43.688126 ], [ 2.082307, 43.688324 ], [ 2.07713, 43.689604 ], [ 2.076595, 43.689706 ], [ 2.067632, 43.689035 ], [ 2.067536, 43.688942 ], [ 2.064055, 43.688444 ], [ 2.056843, 43.6934 ], [ 2.056009, 43.693246 ], [ 2.048931, 43.694629 ], [ 2.048364, 43.694771 ], [ 2.047495, 43.695067 ], [ 2.040197, 43.694828 ], [ 2.038325, 43.691753 ], [ 2.030977, 43.691079 ], [ 2.028539, 43.68843 ], [ 2.027647, 43.689252 ], [ 2.027100144089506, 43.689567744186405 ], [ 2.019128070047405, 43.689815828418809 ], [ 2.025062, 43.69073 ], [ 2.032668, 43.694136 ], [ 2.033415, 43.694283 ], [ 2.039475, 43.697056 ], [ 2.039548624904066, 43.697263828036171 ], [ 2.046161833040734, 43.699165095925842 ], [ 2.048531612352461, 43.698610371781925 ], [ 2.049292268950409, 43.697814403435856 ], [ 2.049501, 43.696675 ], [ 2.049958, 43.695847 ], [ 2.050511, 43.695434 ], [ 2.050904, 43.695278 ], [ 2.052094, 43.694952 ], [ 2.052826, 43.696314 ], [ 2.053133, 43.696859 ], [ 2.053287, 43.697534 ], [ 2.053234, 43.69823 ], [ 2.052802, 43.699813 ], [ 2.052699, 43.701217 ], [ 2.055573, 43.706013 ], [ 2.061674, 43.703543 ], [ 2.064611, 43.69848 ], [ 2.06491, 43.697691 ], [ 2.066499, 43.693788 ], [ 2.069024, 43.691222 ], [ 2.074036, 43.691001 ], [ 2.075251, 43.694389 ], [ 2.074614, 43.703316 ], [ 2.076712, 43.705089 ], [ 2.077287, 43.708643 ], [ 2.081073, 43.715691 ], [ 2.086587, 43.71349 ], [ 2.091304, 43.705967 ], [ 2.096657, 43.701619 ], [ 2.097227, 43.700974 ], [ 2.099166, 43.700161 ], [ 2.099465, 43.700309 ], [ 2.099985, 43.700694 ], [ 2.10665, 43.706425 ], [ 2.102694, 43.70058 ], [ 2.10242, 43.69699 ], [ 2.099119, 43.69676 ], [ 2.098464, 43.696641 ], [ 2.097951, 43.696641 ] ] ], [ [ [ 2.009603, 43.683747 ], [ 2.008573, 43.682726 ], [ 2.008882, 43.683094 ], [ 2.00891032835723, 43.683157216965604 ], [ 2.009076, 43.683369 ], [ 2.009393, 43.684032 ], [ 2.009628, 43.684645 ], [ 2.012571, 43.688729 ], [ 2.018151331900755, 43.689665029976219 ], [ 2.01799, 43.689589 ], [ 2.017319, 43.689345 ], [ 2.016626, 43.689152 ], [ 2.010721453859791, 43.68497236827902 ], [ 2.009603, 43.683747 ] ] ], [ [ [ 2.016356, 43.666309 ], [ 2.0168, 43.665867 ], [ 2.015687, 43.66373 ], [ 2.015015, 43.663376 ], [ 2.014451, 43.663139 ], [ 2.008039, 43.665669 ], [ 2.004831, 43.667302 ], [ 2.003113346839942, 43.667642497248963 ], [ 2.000862163888872, 43.670503512088843 ], [ 2.002846, 43.669566 ], [ 2.003902, 43.669046 ], [ 2.005226, 43.671227 ], [ 2.005491, 43.672277 ], [ 2.00632, 43.681223 ], [ 2.007629, 43.681991 ], [ 2.008573, 43.682726 ], [ 2.00629702887819, 43.677627980709154 ], [ 2.0062537360758, 43.677486170328393 ], [ 2.011583, 43.673208 ], [ 2.011911, 43.673227 ], [ 2.016356, 43.666309 ] ] ], [ [ [ 1.979268, 43.673464 ], [ 1.979504, 43.674014 ], [ 1.979819, 43.674573 ], [ 1.980443, 43.675516 ], [ 1.986881, 43.676679 ], [ 1.98928362100284, 43.676948925823638 ], [ 1.989384, 43.676998 ], [ 1.989899, 43.677061 ], [ 1.990092659972791, 43.677039818440484 ], [ 1.990195924299398, 43.677051419815974 ], [ 1.98967602668487, 43.676619141392933 ], [ 1.987561, 43.675112 ], [ 1.987225546411046, 43.674870876446668 ], [ 1.979034, 43.672646 ], [ 1.978982971339855, 43.672605001484236 ], [ 1.979066, 43.672784 ], [ 1.979268, 43.673464 ] ] ], [ [ [ 1.995714767688949, 43.685994382850119 ], [ 1.995714767688948, 43.685994382850119 ], [ 1.990707, 43.692224 ], [ 1.995714767688949, 43.685994382850119 ] ] ], [ [ [ 1.97514, 43.691656 ], [ 1.975139877565356, 43.691659610818455 ], [ 1.974988, 43.691655 ], [ 1.974337, 43.691701 ], [ 1.97359, 43.691866 ], [ 1.972667, 43.692188 ], [ 1.971473, 43.699884 ], [ 1.970982, 43.703296 ], [ 1.964252, 43.708516 ], [ 1.963233, 43.708776 ], [ 1.954654, 43.709977 ], [ 1.951166, 43.710868 ], [ 1.949933, 43.711483 ], [ 1.944713001788074, 43.706425413011011 ], [ 1.948488, 43.712435 ], [ 1.952741, 43.7143 ], [ 1.953634, 43.714733 ], [ 1.961369, 43.716144 ], [ 1.965421, 43.712729 ], [ 1.96606, 43.712055 ], [ 1.966065310618468, 43.712058896039515 ], [ 1.967177, 43.710834 ], [ 1.967654, 43.710989 ], [ 1.968572, 43.711394 ], [ 1.969072, 43.711956 ], [ 1.969335, 43.712677 ], [ 1.975641, 43.717062 ], [ 1.976359, 43.716963 ], [ 1.97687, 43.716923 ], [ 1.977267, 43.716931 ], [ 1.97794, 43.717077 ], [ 1.97882, 43.717323 ], [ 1.979625, 43.717509 ], [ 1.981127, 43.717652 ], [ 1.98272, 43.71761 ], [ 1.983522, 43.717542 ], [ 1.985176, 43.717436 ], [ 1.98794, 43.709617 ], [ 1.986446, 43.706254 ], [ 1.979991, 43.704736 ], [ 1.979284, 43.704986 ], [ 1.978515, 43.705158 ], [ 1.977218, 43.705398 ], [ 1.975688, 43.702898 ], [ 1.978682, 43.696189 ], [ 1.979404, 43.692662 ], [ 1.982182, 43.692152 ], [ 1.982844, 43.692161 ], [ 1.982875, 43.692166 ], [ 1.990017, 43.692516 ], [ 1.990707, 43.692224 ], [ 1.986268, 43.690844 ], [ 1.982671, 43.690713 ], [ 1.978839, 43.691406 ], [ 1.976075, 43.691688 ], [ 1.97514, 43.691656 ] ] ], [ [ [ 1.942262, 43.693665 ], [ 1.941943, 43.693852 ], [ 1.941509, 43.694239 ], [ 1.94, 43.696419 ], [ 1.940466, 43.699989 ], [ 1.940427, 43.701701 ], [ 1.940579, 43.701056 ], [ 1.940726, 43.700676 ], [ 1.944083, 43.701976 ], [ 1.943921, 43.703273 ], [ 1.943903442468358, 43.703434830277359 ], [ 1.943905, 43.703435 ], [ 1.94379889360753, 43.704970203678457 ], [ 1.943934734770916, 43.705186455247933 ], [ 1.94636, 43.700728 ], [ 1.947466, 43.697302 ], [ 1.943918, 43.694676 ], [ 1.942658, 43.693438 ], [ 1.942262, 43.693665 ] ] ], [ [ [ 1.940327758663208, 43.703045191639745 ], [ 1.940328, 43.703043 ], [ 1.940327758663208, 43.703045191639745 ], [ 1.940327758663208, 43.703045191639745 ] ] ], [ [ [ 1.931571, 43.709269 ], [ 1.932134, 43.709362 ], [ 1.932613, 43.709466 ], [ 1.932904249011387, 43.709404496147762 ], [ 1.935194480011825, 43.707856867372925 ], [ 1.930507399390826, 43.70668466498968 ], [ 1.929335, 43.705191 ], [ 1.928976879374463, 43.704764053657627 ], [ 1.92836051529588, 43.707442015644233 ], [ 1.931571, 43.709269 ] ] ], [ [ [ 1.907902, 43.716996 ], [ 1.907137, 43.71697 ], [ 1.906243, 43.716687 ], [ 1.905898, 43.71635 ], [ 1.904112, 43.715137 ], [ 1.90011612928549, 43.713998122940801 ], [ 1.900006629401054, 43.714056862680067 ], [ 1.897398, 43.721584 ], [ 1.900697, 43.725273 ], [ 1.901257, 43.725447 ], [ 1.901764, 43.72573 ], [ 1.904955, 43.726677 ], [ 1.905623, 43.727297 ], [ 1.905824515159497, 43.727467044944291 ], [ 1.913355, 43.725385 ], [ 1.91236173814719, 43.71751585422578 ], [ 1.908994, 43.717159 ], [ 1.907902, 43.716996 ] ] ] ] } },
{ "type": "Feature", "properties": { "codgeo": "81105", "value": 900, "isochrone_group": 15.0, "nb_agences": 2 }, "geometry": { "type": "MultiPolygon", "coordinates": [ [ [ [ 1.875214, 43.780254 ], [ 1.876684107328994, 43.777581539760448 ], [ 1.881416406404238, 43.774961830663912 ], [ 1.88394, 43.773754 ], [ 1.883582, 43.773763 ], [ 1.875192, 43.776047 ], [ 1.873033688678478, 43.773884445046292 ], [ 1.872733, 43.775443 ], [ 1.871631450354574, 43.775348767139484 ], [ 1.871034454033169, 43.775311118722819 ], [ 1.867711443246017, 43.775157055734148 ], [ 1.866945, 43.779314 ], [ 1.866698, 43.779764 ], [ 1.869853, 43.781498 ], [ 1.875214, 43.780254 ] ] ], [ [ [ 1.893688, 43.786405 ], [ 1.893882, 43.786571 ], [ 1.896905, 43.787804 ], [ 1.894279, 43.796195 ], [ 1.892862, 43.796129 ], [ 1.889161, 43.799389 ], [ 1.88876, 43.802966 ], [ 1.891688, 43.804152 ], [ 1.896195, 43.80795 ], [ 1.901981, 43.812376 ], [ 1.900919536405826, 43.816235368063722 ], [ 1.902833, 43.816744 ], [ 1.905357818666993, 43.819529625978838 ], [ 1.905832430857062, 43.819228702447944 ], [ 1.903891, 43.816216 ], [ 1.905732, 43.81503 ], [ 1.907673624905543, 43.810616959938933 ], [ 1.907656628451087, 43.810206749690884 ], [ 1.901895, 43.805138 ], [ 1.898502, 43.80255 ], [ 1.898589, 43.799883 ], [ 1.898646, 43.799832 ], [ 1.899569, 43.799112 ], [ 1.900254, 43.799324 ], [ 1.903324862275952, 43.799648543325809 ], [ 1.904304, 43.79958 ], [ 1.906791017574975, 43.800279119556663 ], [ 1.9073, 43.800357 ], [ 1.90789, 43.800525 ], [ 1.90845, 43.80072 ], [ 1.909626, 43.801018 ], [ 1.910427, 43.801189 ], [ 1.916374, 43.794509 ], [ 1.915765, 43.793174 ], [ 1.91544, 43.792246 ], [ 1.915201, 43.791703 ], [ 1.914929, 43.790844 ], [ 1.912308, 43.78377 ], [ 1.905245, 43.783955 ], [ 1.904759, 43.784201 ], [ 1.904031, 43.784504 ], [ 1.902019, 43.785131 ], [ 1.901225, 43.783059 ], [ 1.899409, 43.779951 ], [ 1.899255, 43.777209 ], [ 1.89128, 43.773247 ], [ 1.884801, 43.773578 ], [ 1.884383294708246, 43.773663384589263 ], [ 1.884266, 43.773718 ], [ 1.88394, 43.773754 ], [ 1.890989, 43.775509 ], [ 1.894759, 43.780569 ], [ 1.894089, 43.785475 ], [ 1.893919, 43.785862 ], [ 1.893688, 43.786405 ] ] ], [ [ [ 1.915587, 43.822375 ], [ 1.916439, 43.821882 ], [ 1.917509, 43.820772 ], [ 1.918332, 43.819075 ], [ 1.925144, 43.814847 ], [ 1.92992685762471, 43.821644797644325 ], [ 1.930601, 43.820956 ], [ 1.932062, 43.819581 ], [ 1.932062913526572, 43.819580764720406 ], [ 1.932237, 43.819417 ], [ 1.936226, 43.818152 ], [ 1.937231894887876, 43.81811461877107 ], [ 1.936633, 43.81607 ], [ 1.934588, 43.81193 ], [ 1.935408679693081, 43.811298966125577 ], [ 1.935238, 43.811019 ], [ 1.933148, 43.808088 ], [ 1.92577, 43.80599 ], [ 1.924028, 43.810446 ], [ 1.92413, 43.813252 ], [ 1.923051, 43.81391 ], [ 1.918541, 43.818646 ], [ 1.910795, 43.81728 ], [ 1.908086652525457, 43.818352623686934 ], [ 1.914121, 43.822776 ], [ 1.914606, 43.822726 ], [ 1.915287, 43.822527 ], [ 1.915580018114067, 43.822362940378838 ], [ 1.915587, 43.822375 ] ] ], [ [ [ 1.956231, 43.833088 ], [ 1.954619307428013, 43.833548768544709 ], [ 1.955767600773313, 43.834819988433729 ], [ 1.961423550060014, 43.83256684520682 ], [ 1.959073492541747, 43.832420378036574 ], [ 1.956384, 43.83288 ], [ 1.956231, 43.833088 ] ] ], [ [ [ 2.005829775196078, 43.838232166722634 ], [ 2.005928, 43.837064 ], [ 2.005626, 43.835873 ], [ 2.005505, 43.83505 ], [ 2.000893, 43.829969 ], [ 1.994866, 43.833178 ], [ 1.994069, 43.836688 ], [ 1.992410956328554, 43.838044435804534 ], [ 1.993583310188969, 43.839879250749419 ], [ 1.996314, 43.837903 ], [ 1.999111, 43.835637 ], [ 2.005829775196078, 43.838232166722634 ] ] ], [ [ [ 1.977106, 43.829688 ], [ 1.969379, 43.831565 ], [ 1.969172, 43.835135 ], [ 1.965587, 43.83547 ], [ 1.96435168126497, 43.832749340779117 ], [ 1.964292086959638, 43.832745626568233 ], [ 1.965651, 43.836116 ], [ 1.968992, 43.835244 ], [ 1.976033, 43.836133 ], [ 1.979685, 43.835746 ], [ 1.982917, 43.835782 ], [ 1.984912047653126, 43.834759337503293 ], [ 1.981011, 43.830907 ], [ 1.978861, 43.830233 ], [ 1.977106, 43.829688 ] ] ], [ [ [ 2.038848, 43.824074 ], [ 2.039175, 43.823725 ], [ 2.039365, 43.823559 ], [ 2.041766, 43.826185 ], [ 2.041784, 43.826303 ], [ 2.041684, 43.826687 ], [ 2.041408, 43.827299 ], [ 2.040806022046567, 43.828260000752458 ], [ 2.049127, 43.828544 ], [ 2.051058, 43.825506 ], [ 2.049697845282739, 43.822411973933903 ], [ 2.049996665362, 43.821712045363618 ], [ 2.057015, 43.818452 ], [ 2.065727, 43.819111 ], [ 2.066084, 43.819379 ], [ 2.066605, 43.819567 ], [ 2.066795, 43.819608 ], [ 2.068195, 43.819299 ], [ 2.069586, 43.818542 ], [ 2.07225, 43.811544 ], [ 2.07127, 43.80808 ], [ 2.071420996561907, 43.800928162842652 ], [ 2.071125978909377, 43.801106620387266 ], [ 2.070957165303414, 43.801208830565457 ], [ 2.070957, 43.801209 ], [ 2.069566, 43.802389 ], [ 2.065853, 43.809703 ], [ 2.067282, 43.813007 ], [ 2.064499, 43.815983 ], [ 2.061624, 43.815769 ], [ 2.053689, 43.815805 ], [ 2.047466095131752, 43.816869570241124 ], [ 2.044593496073611, 43.819509586705088 ], [ 2.043939, 43.820344 ], [ 2.04386, 43.820503 ], [ 2.041272708948286, 43.821640356172644 ], [ 2.039848, 43.822433 ], [ 2.038789, 43.823113 ], [ 2.032939, 43.822625 ], [ 2.026656, 43.818572 ], [ 2.024552, 43.818616 ], [ 2.024112, 43.818669 ], [ 2.023107, 43.818851 ], [ 2.022756, 43.8189 ], [ 2.021853, 43.818919 ], [ 2.027426, 43.823406 ], [ 2.032557, 43.827019 ], [ 2.033348257656689, 43.827531837633828 ], [ 2.038442, 43.824803 ], [ 2.038848, 43.824074 ] ] ], [ [ [ 2.099807, 43.75475 ], [ 2.100302, 43.754295 ], [ 2.101801, 43.75315 ], [ 2.102321, 43.752865 ], [ 2.103574, 43.752279 ], [ 2.107585, 43.748972 ], [ 2.110998, 43.74195 ], [ 2.116069, 43.73802 ], [ 2.114624, 43.734722 ], [ 2.109269, 43.735943 ], [ 2.108857, 43.735993 ], [ 2.100187, 43.736909 ], [ 2.097986, 43.73761 ], [ 2.09233, 43.737008 ], [ 2.091833, 43.72904 ], [ 2.092132, 43.728548 ], [ 2.096109, 43.722506 ], [ 2.097417, 43.719152 ], [ 2.098958150579673, 43.716037133988088 ], [ 2.096708, 43.717065 ], [ 2.094880602586722, 43.718150258168436 ], [ 2.092632, 43.719611 ], [ 2.087917, 43.716835 ], [ 2.082408, 43.719034 ], [ 2.081687, 43.719282 ], [ 2.079881, 43.719841 ], [ 2.078267, 43.727683 ], [ 2.084931, 43.729062 ], [ 2.087702, 43.731361 ], [ 2.086753, 43.732505 ], [ 2.086731, 43.740605 ], [ 2.095104, 43.743783 ], [ 2.098435, 43.742417 ], [ 2.103515, 43.740452 ], [ 2.107859, 43.738603 ], [ 2.109874, 43.741587 ], [ 2.105326, 43.746052 ], [ 2.104399, 43.74626 ], [ 2.099119, 43.749038 ], [ 2.098276, 43.755637 ], [ 2.098274258555155, 43.755663318126302 ], [ 2.098489, 43.755534 ], [ 2.099414, 43.755009 ], [ 2.099625, 43.754879 ], [ 2.099624257859354, 43.754870433115585 ], [ 2.099807, 43.75475 ] ] ], [ [ [ 2.117798, 43.721504 ], [ 2.119271, 43.718219 ], [ 2.119702791688009, 43.717777798378009 ], [ 2.125029, 43.715978 ], [ 2.125626, 43.715879 ], [ 2.128928133042008, 43.715437547969522 ], [ 2.129066190224332, 43.71553402434089 ], [ 2.129190298748479, 43.71492091336831 ], [ 2.126296, 43.715545 ], [ 2.117898, 43.718263 ], [ 2.114298, 43.718246 ], [ 2.111375, 43.717612 ], [ 2.106997, 43.715371 ], [ 2.100994615801474, 43.715106879184361 ], [ 2.100422912144046, 43.715368032710572 ], [ 2.10731, 43.717702 ], [ 2.108474, 43.718613 ], [ 2.115411, 43.72038 ], [ 2.115883, 43.720646 ], [ 2.117798, 43.721504 ] ] ], [ [ [ 2.126067930937201, 43.7092091526834 ], [ 2.128141620113875, 43.709286873323869 ], [ 2.128159662099344, 43.709286933219815 ], [ 2.12795197046831, 43.70876745600409 ], [ 2.126067930937201, 43.7092091526834 ] ] ], [ [ [ 2.104954, 43.695199 ], [ 2.099119, 43.69676 ], [ 2.10242, 43.69699 ], [ 2.102694, 43.70058 ], [ 2.10665, 43.706425 ], [ 2.111709, 43.704779 ], [ 2.112533, 43.704596 ], [ 2.112872, 43.704543 ], [ 2.113453, 43.704553 ], [ 2.108101, 43.697384 ], [ 2.107423, 43.695911 ], [ 2.107073, 43.695263 ], [ 2.10547, 43.694928 ], [ 2.104954, 43.695199 ] ] ], [ [ [ 2.095051, 43.68117 ], [ 2.09359, 43.679758 ], [ 2.092837, 43.679189 ], [ 2.092422, 43.679513 ], [ 2.091994, 43.679888 ], [ 2.091706, 43.680175 ], [ 2.084073, 43.684685 ], [ 2.081927, 43.687575 ], [ 2.077758257695199, 43.689448664892815 ], [ 2.082307, 43.688324 ], [ 2.082877, 43.688126 ], [ 2.085972, 43.687001 ], [ 2.087404, 43.687244 ], [ 2.087597, 43.687395 ], [ 2.087694, 43.688731 ], [ 2.087942, 43.690015 ], [ 2.087474, 43.69032 ], [ 2.085929, 43.691122 ], [ 2.0838, 43.691605 ], [ 2.083529, 43.69171 ], [ 2.081642, 43.69249 ], [ 2.080923, 43.692682 ], [ 2.079281, 43.693371 ], [ 2.07608, 43.69405 ], [ 2.075028, 43.70177 ], [ 2.078995, 43.704995 ], [ 2.080842, 43.705163 ], [ 2.081734, 43.705135 ], [ 2.082793, 43.70503 ], [ 2.087845, 43.705 ], [ 2.089904, 43.705349 ], [ 2.090598, 43.705456 ], [ 2.092742949126726, 43.704275962164132 ], [ 2.096503, 43.700919 ], [ 2.096640403560289, 43.700677809427432 ], [ 2.09692, 43.699015 ], [ 2.097951, 43.696641 ], [ 2.0980033493976, 43.696641 ], [ 2.096917, 43.696564 ], [ 2.092445, 43.689035 ], [ 2.093209, 43.684795 ], [ 2.095052, 43.682027 ], [ 2.095051, 43.68117 ] ] ], [ [ [ 2.055763, 43.689617 ], [ 2.055479199758204, 43.689964325295911 ], [ 2.055134, 43.689954 ], [ 2.053821, 43.692154 ], [ 2.053069, 43.692903 ], [ 2.051913583995608, 43.694046220448435 ], [ 2.056009, 43.693246 ], [ 2.056843, 43.6934 ], [ 2.064055, 43.688444 ], [ 2.067536, 43.688942 ], [ 2.067632, 43.689035 ], [ 2.076595, 43.689706 ], [ 2.07713, 43.689604 ], [ 2.077346847846201, 43.689550384925035 ], [ 2.071671, 43.686136 ], [ 2.069351, 43.683383 ], [ 2.065744, 43.685783 ], [ 2.064491, 43.687476 ], [ 2.055763, 43.689617 ] ] ], [ [ [ 2.030897, 43.684888 ], [ 2.030676, 43.684757 ], [ 2.028848, 43.684737 ], [ 2.028652, 43.684891 ], [ 2.027389, 43.686158 ], [ 2.023449, 43.689324 ], [ 2.017319, 43.689345 ], [ 2.01799, 43.689589 ], [ 2.018512, 43.689835 ], [ 2.027100144089506, 43.689567744186405 ], [ 2.027647, 43.689252 ], [ 2.028539, 43.68843 ], [ 2.030977, 43.691079 ], [ 2.038325, 43.691753 ], [ 2.040197, 43.694828 ], [ 2.047495, 43.695067 ], [ 2.048364, 43.694771 ], [ 2.048931, 43.694629 ], [ 2.049281622957807, 43.694560490314963 ], [ 2.043968, 43.690785 ], [ 2.041016, 43.689062 ], [ 2.039115, 43.688803 ], [ 2.031742, 43.687194 ], [ 2.030897, 43.684888 ] ] ], [ [ [ 2.018238, 43.672718 ], [ 2.018814, 43.672261 ], [ 2.019027, 43.672006 ], [ 2.019431, 43.671467 ], [ 2.018833, 43.670259 ], [ 2.022752, 43.662929 ], [ 2.022862, 43.662886 ], [ 2.024538, 43.662355 ], [ 2.024808, 43.662299 ], [ 2.025923, 43.660186 ], [ 2.025909, 43.660126 ], [ 2.02407, 43.658775 ], [ 2.022650678934548, 43.6581681276 ], [ 2.016415, 43.659489 ], [ 2.013955, 43.662111 ], [ 2.013889787520027, 43.66336043911015 ], [ 2.014451, 43.663139 ], [ 2.015015, 43.663376 ], [ 2.015687, 43.66373 ], [ 2.0168, 43.665867 ], [ 2.016356, 43.666309 ], [ 2.011911, 43.673227 ], [ 2.011583, 43.673208 ], [ 2.0062537360758, 43.677486170328393 ], [ 2.00629702887819, 43.677627980709154 ], [ 2.008573, 43.682726 ], [ 2.009603, 43.683747 ], [ 2.009814486376215, 43.683978702626447 ], [ 2.010469, 43.680583 ], [ 2.010715, 43.680232 ], [ 2.010906, 43.679882 ], [ 2.016467, 43.673688 ], [ 2.018238, 43.672718 ] ] ], [ [ [ 1.976225, 43.678618 ], [ 1.979916, 43.679979 ], [ 1.98241471599433, 43.682438352660185 ], [ 1.982452829015458, 43.689950852602472 ], [ 1.982255809819385, 43.690788085280573 ], [ 1.982671, 43.690713 ], [ 1.986268, 43.690844 ], [ 1.990707, 43.692224 ], [ 1.995949, 43.685703 ], [ 1.996114, 43.684962 ], [ 1.994751883817113, 43.680691535621854 ], [ 1.991343745572872, 43.678141841920926 ], [ 1.986075, 43.681278 ], [ 1.982789, 43.682748 ], [ 1.97886, 43.678018 ], [ 1.977479, 43.674693 ], [ 1.973227561987457, 43.672670229283362 ], [ 1.975476, 43.675097 ], [ 1.976225, 43.678618 ] ] ], [ [ [ 1.969822, 43.690034 ], [ 1.969257, 43.690171 ], [ 1.969117, 43.690381 ], [ 1.96856, 43.69476 ], [ 1.968519, 43.694898 ], [ 1.96848, 43.695083 ], [ 1.966965, 43.698558 ], [ 1.960636, 43.704861 ], [ 1.953055572961815, 43.705422794292275 ], [ 1.951830816776418, 43.69999868365619 ], [ 1.951631, 43.698665 ], [ 1.952057, 43.695091 ], [ 1.949998, 43.688809 ], [ 1.948751, 43.688443 ], [ 1.946615, 43.68758 ], [ 1.942158879413617, 43.690995798375177 ], [ 1.941077, 43.691329 ], [ 1.94073554729089, 43.691670860008557 ], [ 1.939128111580511, 43.692113067221385 ], [ 1.935773, 43.696384 ], [ 1.936073, 43.699972 ], [ 1.935516, 43.700018 ], [ 1.935426856545654, 43.700028802089165 ], [ 1.935427, 43.70003 ], [ 1.934666, 43.700121 ], [ 1.933074, 43.70034 ], [ 1.930445150431251, 43.706605358319699 ], [ 1.930507399390826, 43.70668466498968 ], [ 1.937934, 43.708542 ], [ 1.940168, 43.704496 ], [ 1.940328, 43.703043 ], [ 1.940427, 43.701701 ], [ 1.940466, 43.699989 ], [ 1.94, 43.696419 ], [ 1.941509, 43.694239 ], [ 1.941943, 43.693852 ], [ 1.942262, 43.693665 ], [ 1.942658, 43.693438 ], [ 1.943918, 43.694676 ], [ 1.947466, 43.697302 ], [ 1.94636, 43.700728 ], [ 1.943762, 43.705504 ], [ 1.949933, 43.711483 ], [ 1.951166, 43.710868 ], [ 1.954654, 43.709977 ], [ 1.963233, 43.708776 ], [ 1.964252, 43.708516 ], [ 1.970982, 43.703296 ], [ 1.971473, 43.699884 ], [ 1.972667, 43.692188 ], [ 1.97359, 43.691866 ], [ 1.974337, 43.691701 ], [ 1.974988, 43.691655 ], [ 1.975139877565356, 43.691659610818455 ], [ 1.97514, 43.691656 ], [ 1.976075, 43.691688 ], [ 1.978839, 43.691406 ], [ 1.982199434187999, 43.690798280560472 ], [ 1.978453, 43.691166 ], [ 1.976104, 43.690398 ], [ 1.973181702359306, 43.691108967823268 ], [ 1.970628, 43.690337 ], [ 1.969822, 43.690034 ] ] ] ] } },
{ "type": "Feature", "properties": { "codgeo": "81105", "value": 960, "isochrone_group": 16.0, "nb_agences": 2 }, "geometry": { "type": "MultiPolygon", "coordinates": [ [ [ [ 1.869455, 43.784294 ], [ 1.869982, 43.783779 ], [ 1.877934, 43.780902 ], [ 1.878441, 43.780947 ], [ 1.881105, 43.781109 ], [ 1.881255, 43.780993 ], [ 1.881544, 43.780508 ], [ 1.881839, 43.779913 ], [ 1.881997, 43.779438 ], [ 1.882508, 43.777618 ], [ 1.891248, 43.777029 ], [ 1.891563, 43.777533 ], [ 1.893919, 43.785862 ], [ 1.894089, 43.785475 ], [ 1.894759, 43.780569 ], [ 1.890989, 43.775509 ], [ 1.88394, 43.773754 ], [ 1.881416406404238, 43.774961830663912 ], [ 1.876684107328994, 43.777581539760448 ], [ 1.875214, 43.780254 ], [ 1.869853, 43.781498 ], [ 1.866698, 43.779764 ], [ 1.866945, 43.779314 ], [ 1.867291171895147, 43.777436473800904 ], [ 1.865770399732112, 43.776930631829543 ], [ 1.863393, 43.784654 ], [ 1.863705, 43.78824 ], [ 1.865927, 43.788861 ], [ 1.866217, 43.788922 ], [ 1.867808, 43.786081 ], [ 1.869455, 43.784294 ] ] ], [ [ [ 1.888842, 43.807506 ], [ 1.892608337893024, 43.810816732502737 ], [ 1.893666331076417, 43.812644199337406 ], [ 1.89405, 43.812084 ], [ 1.895956, 43.809457 ], [ 1.899368, 43.810606 ], [ 1.900725652237897, 43.811415721881268 ], [ 1.896195, 43.80795 ], [ 1.891688, 43.804152 ], [ 1.88876, 43.802966 ], [ 1.889161, 43.799389 ], [ 1.892862, 43.796129 ], [ 1.894279, 43.796195 ], [ 1.896905, 43.787804 ], [ 1.893882, 43.786571 ], [ 1.893688, 43.786405 ], [ 1.893919, 43.785862 ], [ 1.891785, 43.789067 ], [ 1.885147, 43.793743 ], [ 1.883949, 43.7946 ], [ 1.882893, 43.79655 ], [ 1.881563, 43.801158 ], [ 1.883282, 43.804321 ], [ 1.888842, 43.807506 ] ] ], [ [ [ 1.913037, 43.823086 ], [ 1.913936028568869, 43.823409162589066 ], [ 1.915287, 43.822527 ], [ 1.914606, 43.822726 ], [ 1.914121, 43.822776 ], [ 1.909327701647715, 43.819262353747042 ], [ 1.913037, 43.823086 ] ] ], [ [ [ 1.931889189927913, 43.823554712755431 ], [ 1.929927, 43.821645 ], [ 1.925144, 43.814847 ], [ 1.918332, 43.819075 ], [ 1.920982974093393, 43.81844945552163 ], [ 1.923205, 43.820006 ], [ 1.924155115479983, 43.825628480080908 ], [ 1.928947, 43.825657 ], [ 1.929443, 43.825563 ], [ 1.929995, 43.825538 ], [ 1.931889189927913, 43.823554712755431 ] ] ], [ [ [ 2.049996665362, 43.821712045363618 ], [ 2.049697845282739, 43.822411973933903 ], [ 2.050737855196724, 43.824777747284571 ], [ 2.055277, 43.826573 ], [ 2.056038890004817, 43.826820003968677 ], [ 2.055311918861349, 43.823162262122743 ], [ 2.05538, 43.821251 ], [ 2.057612770390989, 43.818497217021097 ], [ 2.057015, 43.818452 ], [ 2.049996665362, 43.821712045363618 ] ] ], [ [ [ 2.020394, 43.818098 ], [ 2.02022, 43.817875 ], [ 2.012704, 43.814091 ], [ 2.010763238549622, 43.818053422357217 ], [ 2.011105, 43.818607 ], [ 2.01414, 43.822358 ], [ 2.015772, 43.825567 ], [ 2.015133, 43.825891 ], [ 2.013446, 43.82679 ], [ 2.016518, 43.835238 ], [ 2.017736, 43.834804 ], [ 2.019117, 43.834284 ], [ 2.020396, 43.833652 ], [ 2.023213, 43.832719 ], [ 2.024328, 43.831996 ], [ 2.025103, 43.831496 ], [ 2.025766, 43.831069 ], [ 2.027383, 43.829957 ], [ 2.028478, 43.829443 ], [ 2.031983910301662, 43.826615458179681 ], [ 2.027426, 43.823406 ], [ 2.021853, 43.818919 ], [ 2.021018, 43.818665 ], [ 2.020907, 43.818565 ], [ 2.020394, 43.818098 ] ] ], [ [ [ 2.068902, 43.824513 ], [ 2.069762, 43.824199 ], [ 2.070873, 43.823247 ], [ 2.070794, 43.821717 ], [ 2.069874, 43.819651 ], [ 2.069614, 43.818664 ], [ 2.069585090654058, 43.818542494877683 ], [ 2.068195, 43.819299 ], [ 2.066795, 43.819608 ], [ 2.066605, 43.819567 ], [ 2.066084, 43.819379 ], [ 2.065727, 43.819111 ], [ 2.062297892566058, 43.818851612741184 ], [ 2.066482, 43.820856 ], [ 2.066932, 43.822123 ], [ 2.066941154987865, 43.822119745013154 ], [ 2.067019, 43.822334 ], [ 2.067689, 43.823568 ], [ 2.067884, 43.823836 ], [ 2.068902, 43.824513 ] ] ], [ [ [ 2.077945, 43.807865 ], [ 2.078012750176598, 43.80136669691688 ], [ 2.078153377910358, 43.80093452916234 ], [ 2.07738, 43.800593 ], [ 2.071380914081376, 43.802826639006618 ], [ 2.07127, 43.80808 ], [ 2.07225, 43.811544 ], [ 2.070250820779212, 43.81679559766782 ], [ 2.074781689405512, 43.811289322478977 ], [ 2.075992, 43.811211 ], [ 2.076744, 43.811258 ], [ 2.077341, 43.810778 ], [ 2.077548, 43.810451 ], [ 2.077796, 43.809831 ], [ 2.077945, 43.807865 ] ] ], [ [ [ 2.119780943191627, 43.738686274290913 ], [ 2.119781, 43.738686 ], [ 2.119319, 43.735116 ], [ 2.120221, 43.729689 ], [ 2.121356, 43.722063 ], [ 2.119154818822032, 43.718478100590367 ], [ 2.117798, 43.721504 ], [ 2.115883, 43.720646 ], [ 2.115411, 43.72038 ], [ 2.108474, 43.718613 ], [ 2.10731, 43.717702 ], [ 2.099452, 43.715039 ], [ 2.097417, 43.719152 ], [ 2.096109, 43.722506 ], [ 2.092132, 43.728548 ], [ 2.091833, 43.72904 ], [ 2.09233, 43.737008 ], [ 2.097986, 43.73761 ], [ 2.100187, 43.736909 ], [ 2.108857, 43.735993 ], [ 2.109269, 43.735943 ], [ 2.114624, 43.734722 ], [ 2.116069, 43.73802 ], [ 2.110998, 43.74195 ], [ 2.10960610789217, 43.744813717076234 ], [ 2.110025, 43.744998 ], [ 2.110261768846826, 43.745252716339593 ], [ 2.113470400550569, 43.74546615329875 ], [ 2.11433, 43.744272 ], [ 2.119667, 43.738701 ], [ 2.119780943191627, 43.738686274290913 ] ] ], [ [ [ 2.103582, 43.752274 ], [ 2.104192, 43.752008 ], [ 2.108296850611753, 43.748945483084036 ], [ 2.10919992663672, 43.748944137218132 ], [ 2.109101, 43.748883 ], [ 2.108416, 43.748548 ], [ 2.108076, 43.748262 ], [ 2.107983572106691, 43.748151966793685 ], [ 2.107585, 43.748972 ], [ 2.103577514811971, 43.752276102098456 ], [ 2.103582, 43.752274 ] ] ], [ [ [ 2.108799, 43.690769 ], [ 2.106627, 43.691621 ], [ 2.098411, 43.690245 ], [ 2.099103, 43.682508 ], [ 2.10226, 43.677314 ], [ 2.10263, 43.67696 ], [ 2.10308, 43.676504 ], [ 2.103301, 43.676211 ], [ 2.103587, 43.675754 ], [ 2.103756, 43.675344 ], [ 2.104004, 43.674557 ], [ 2.103824, 43.674071 ], [ 2.102648, 43.673504 ], [ 2.100571, 43.673473 ], [ 2.093526, 43.675651 ], [ 2.087659, 43.677366 ], [ 2.086409, 43.678509 ], [ 2.086342, 43.678649 ], [ 2.086132, 43.679177 ], [ 2.080312, 43.684828 ], [ 2.074991, 43.682419 ], [ 2.072965, 43.679444 ], [ 2.065422, 43.683074 ], [ 2.063628, 43.683889 ], [ 2.055, 43.686252 ], [ 2.052137, 43.686486 ], [ 2.051443, 43.686807 ], [ 2.043897242766385, 43.690743700977784 ], [ 2.043968, 43.690785 ], [ 2.050511, 43.695434 ], [ 2.053069, 43.692903 ], [ 2.053821, 43.692154 ], [ 2.055134, 43.689954 ], [ 2.055479199758204, 43.689964325295911 ], [ 2.055763, 43.689617 ], [ 2.064491, 43.687476 ], [ 2.065744, 43.685783 ], [ 2.069351, 43.683383 ], [ 2.071671, 43.686136 ], [ 2.077377075142799, 43.689568568574167 ], [ 2.077545088882827, 43.689544474825603 ], [ 2.081927, 43.687575 ], [ 2.084073, 43.684685 ], [ 2.091706, 43.680175 ], [ 2.091994, 43.679888 ], [ 2.092422, 43.679513 ], [ 2.092837, 43.679189 ], [ 2.09359, 43.679758 ], [ 2.095051, 43.68117 ], [ 2.095052, 43.682027 ], [ 2.093209, 43.684795 ], [ 2.092445, 43.689035 ], [ 2.096917, 43.696564 ], [ 2.098088, 43.696647 ], [ 2.098464, 43.696641 ], [ 2.099119, 43.69676 ], [ 2.104954, 43.695199 ], [ 2.10547, 43.694928 ], [ 2.107073, 43.695263 ], [ 2.107423, 43.695911 ], [ 2.108101, 43.697384 ], [ 2.109830294426167, 43.699700388591395 ], [ 2.108256, 43.697194 ], [ 2.110585, 43.693915 ], [ 2.111064, 43.693238 ], [ 2.110872, 43.691727 ], [ 2.109901, 43.691256 ], [ 2.109752, 43.691192 ], [ 2.108799, 43.690769 ] ] ], [ [ [ 2.027747, 43.68305 ], [ 2.023449, 43.689324 ], [ 2.027389, 43.686158 ], [ 2.028652, 43.684891 ], [ 2.028848, 43.684737 ], [ 2.030676, 43.684757 ], [ 2.030897, 43.684888 ], [ 2.031742, 43.687194 ], [ 2.039115, 43.688803 ], [ 2.041016, 43.689062 ], [ 2.043681198346221, 43.690617601880263 ], [ 2.040084, 43.687185 ], [ 2.039898, 43.686716 ], [ 2.039749, 43.686434 ], [ 2.038655458791399, 43.685872591222974 ], [ 2.037572, 43.684871 ], [ 2.030455, 43.680677 ], [ 2.027747, 43.68305 ] ] ], [ [ [ 2.02742, 43.664333 ], [ 2.032324, 43.660481 ], [ 2.032762, 43.660101 ], [ 2.033514608553726, 43.658707756360322 ], [ 2.033083, 43.659076 ], [ 2.032634, 43.659462 ], [ 2.032509, 43.65955 ], [ 2.02483448117748, 43.662248816387425 ], [ 2.024808, 43.662299 ], [ 2.024538, 43.662355 ], [ 2.022862, 43.662886 ], [ 2.022752, 43.662929 ], [ 2.018833, 43.670259 ], [ 2.019431, 43.671467 ], [ 2.019027, 43.672006 ], [ 2.018814, 43.672261 ], [ 2.018238, 43.672718 ], [ 2.016467, 43.673688 ], [ 2.010906, 43.679882 ], [ 2.010715, 43.680232 ], [ 2.010469, 43.680583 ], [ 2.009677, 43.684692 ], [ 2.016027, 43.689088 ], [ 2.016626, 43.689152 ], [ 2.017319, 43.689345 ], [ 2.017868751430997, 43.689343116675353 ], [ 2.014839, 43.683199 ], [ 2.015933, 43.67977 ], [ 2.020069, 43.672828 ], [ 2.022126, 43.670331 ], [ 2.023181, 43.669462 ], [ 2.026648, 43.664891 ], [ 2.02742, 43.664333 ] ] ], [ [ [ 1.963725061134614, 43.697264983703747 ], [ 1.95624, 43.696035 ], [ 1.955918, 43.695771 ], [ 1.952696, 43.687581 ], [ 1.952812245845909, 43.687360744713018 ], [ 1.952449, 43.687924 ], [ 1.952063, 43.688308 ], [ 1.951748, 43.688537 ], [ 1.95124, 43.68883 ], [ 1.950847, 43.689001 ], [ 1.950141508487252, 43.689246843767307 ], [ 1.952057, 43.695091 ], [ 1.951631, 43.698665 ], [ 1.951830816776418, 43.69999868365619 ], [ 1.953055572961815, 43.705422794292275 ], [ 1.960636, 43.704861 ], [ 1.966965, 43.698558 ], [ 1.96848, 43.695083 ], [ 1.968519, 43.694898 ], [ 1.96856, 43.69476 ], [ 1.969117, 43.690381 ], [ 1.969257, 43.690171 ], [ 1.969822, 43.690034 ], [ 1.970628, 43.690337 ], [ 1.973181702359306, 43.691108967823268 ], [ 1.976104, 43.690398 ], [ 1.978453, 43.691166 ], [ 1.98225468683245, 43.69079285741131 ], [ 1.982452829015458, 43.689950852602472 ], [ 1.982433566921345, 43.686154079829436 ], [ 1.979352, 43.684669 ], [ 1.979305, 43.684591 ], [ 1.972522, 43.679353 ], [ 1.971243, 43.679445 ], [ 1.9709519568538, 43.679427288188663 ], [ 1.970973, 43.679465 ], [ 1.968848, 43.686413 ], [ 1.966226, 43.68888 ], [ 1.963725061134614, 43.697264983703747 ] ] ], [ [ [ 1.952943, 43.687113 ], [ 1.952973462375583, 43.687028034671329 ], [ 1.952895246243754, 43.687203480801301 ], [ 1.952943, 43.687113 ] ] ], [ [ [ 1.951950150337401, 43.681736439451868 ], [ 1.951915, 43.681771 ], [ 1.953697153121179, 43.684455790555319 ], [ 1.951950150337401, 43.681736439451868 ] ] ] ] } },
{ "type": "Feature", "properties": { "codgeo": "81105", "value": 1020, "isochrone_group": 17.0, "nb_agences": 2 }, "geometry": { "type": "MultiPolygon", "coordinates": [ [ [ [ 1.865505648782793, 43.77779071817826 ], [ 1.864431563054066, 43.774778954055513 ], [ 1.864226422413937, 43.774687989436451 ], [ 1.865469906240134, 43.777906833618395 ], [ 1.865505648782793, 43.77779071817826 ] ] ], [ [ [ 1.952973462375583, 43.687028034671329 ], [ 1.952943, 43.687113 ], [ 1.952895246243754, 43.687203480801301 ], [ 1.952854, 43.687296 ], [ 1.952812245845909, 43.687360744713018 ], [ 1.952696, 43.687581 ], [ 1.955918, 43.695771 ], [ 1.95624, 43.696035 ], [ 1.963725061134614, 43.697264983703747 ], [ 1.966226, 43.68888 ], [ 1.968848, 43.686413 ], [ 1.970404126712453, 43.681325014871469 ], [ 1.969828, 43.681362 ], [ 1.969827676353255, 43.681362001185711 ], [ 1.969341, 43.681795 ], [ 1.964831, 43.682741 ], [ 1.964456, 43.682741 ], [ 1.964194, 43.682733 ], [ 1.962837, 43.681609 ], [ 1.960528, 43.680582 ], [ 1.953748593918837, 43.68525332876289 ], [ 1.953128, 43.686597 ], [ 1.953073579577549, 43.686748788853961 ], [ 1.953035, 43.68689 ], [ 1.952973462375583, 43.687028034671329 ] ] ], [ [ [ 1.853781, 43.789415 ], [ 1.858418, 43.791544 ], [ 1.866041, 43.791914 ], [ 1.866801, 43.792115 ], [ 1.86777, 43.792381 ], [ 1.87083, 43.792291 ], [ 1.87857, 43.794441 ], [ 1.877132, 43.803186 ], [ 1.878384, 43.806562 ], [ 1.878510970005941, 43.806514919056802 ], [ 1.878511, 43.806515 ], [ 1.885797, 43.809545 ], [ 1.886866085735116, 43.816145271976097 ], [ 1.893389557826646, 43.813356430309717 ], [ 1.893715316761118, 43.812728812088757 ], [ 1.892608337893024, 43.810816732502737 ], [ 1.888842, 43.807506 ], [ 1.883282, 43.804321 ], [ 1.881563, 43.801158 ], [ 1.882893, 43.79655 ], [ 1.883949, 43.7946 ], [ 1.885147, 43.793743 ], [ 1.891785, 43.789067 ], [ 1.893919, 43.785862 ], [ 1.891563, 43.777533 ], [ 1.891248, 43.777029 ], [ 1.882508, 43.777618 ], [ 1.881997, 43.779438 ], [ 1.881839, 43.779913 ], [ 1.881544, 43.780508 ], [ 1.881255, 43.780993 ], [ 1.881105, 43.781109 ], [ 1.878441, 43.780947 ], [ 1.869982, 43.783779 ], [ 1.869455, 43.784294 ], [ 1.867808, 43.786081 ], [ 1.866217, 43.788922 ], [ 1.865927, 43.788861 ], [ 1.863705, 43.78824 ], [ 1.863393, 43.784654 ], [ 1.863730017731111, 43.783559143303364 ], [ 1.862622, 43.784792 ], [ 1.861985, 43.785001 ], [ 1.860203, 43.785829 ], [ 1.85576, 43.786175 ], [ 1.855318, 43.786046 ], [ 1.854465, 43.785881 ], [ 1.853781, 43.789415 ] ] ], [ [ [ 2.031948, 43.836868 ], [ 2.033988203600483, 43.834433728425665 ], [ 2.030823040159233, 43.833630567082579 ], [ 2.027891, 43.833977 ], [ 2.026196994724377, 43.834892367336714 ], [ 2.02628, 43.835021 ], [ 2.031948, 43.836868 ] ] ], [ [ [ 2.075349, 43.818595 ], [ 2.076707566961359, 43.815457953092036 ], [ 2.078241, 43.812093 ], [ 2.080206698875598, 43.811627834617248 ], [ 2.079817, 43.810995 ], [ 2.077949244636616, 43.80745787286633 ], [ 2.077945, 43.807865 ], [ 2.077796, 43.809831 ], [ 2.077548, 43.810451 ], [ 2.077341, 43.810778 ], [ 2.076744, 43.811258 ], [ 2.075992, 43.811211 ], [ 2.074781689405512, 43.811289322478977 ], [ 2.069412, 43.817815 ], [ 2.069614, 43.818664 ], [ 2.069874, 43.819651 ], [ 2.070794, 43.821717 ], [ 2.070873, 43.823247 ], [ 2.069762, 43.824199 ], [ 2.068902, 43.824513 ], [ 2.067884, 43.823836 ], [ 2.067689, 43.823568 ], [ 2.067019, 43.822334 ], [ 2.066941154987865, 43.822119745013154 ], [ 2.066932, 43.822123 ], [ 2.066482, 43.820856 ], [ 2.059299, 43.817415 ], [ 2.057647, 43.818455 ], [ 2.05538, 43.821251 ], [ 2.055311918861349, 43.823162262122743 ], [ 2.056196987622111, 43.827615469202371 ], [ 2.060926, 43.827085 ], [ 2.061578416850561, 43.82655551629486 ], [ 2.063246, 43.825039 ], [ 2.063866, 43.824538 ], [ 2.07247, 43.824547 ], [ 2.073754463636946, 43.825722109440385 ], [ 2.075349, 43.818595 ] ] ], [ [ [ 2.112968, 43.687336 ], [ 2.112732, 43.687204 ], [ 2.111698, 43.686723 ], [ 2.105302, 43.684728 ], [ 2.104097, 43.681644 ], [ 2.104091, 43.68162 ], [ 2.10655594992622, 43.674249663535534 ], [ 2.105346, 43.67397 ], [ 2.104261, 43.670538 ], [ 2.104470007777852, 43.670043219466933 ], [ 2.103172, 43.670982 ], [ 2.096193, 43.672244 ], [ 2.096114, 43.672328 ], [ 2.088061, 43.67478 ], [ 2.08717, 43.674213 ], [ 2.087004, 43.674124 ], [ 2.084786, 43.674048 ], [ 2.077937, 43.676314 ], [ 2.075115, 43.677878 ], [ 2.073646, 43.678982 ], [ 2.073257060863839, 43.679246558307398 ], [ 2.073256, 43.679245 ], [ 2.069873107820474, 43.680774840254941 ], [ 2.062834, 43.680327 ], [ 2.054384, 43.682342 ], [ 2.05093, 43.683457 ], [ 2.050606, 43.686063 ], [ 2.043843, 43.690772 ], [ 2.051443, 43.686807 ], [ 2.052137, 43.686486 ], [ 2.055, 43.686252 ], [ 2.063628, 43.683889 ], [ 2.065422, 43.683074 ], [ 2.072965, 43.679444 ], [ 2.074991, 43.682419 ], [ 2.080312, 43.684828 ], [ 2.086132, 43.679177 ], [ 2.086342, 43.678649 ], [ 2.086409, 43.678509 ], [ 2.087659, 43.677366 ], [ 2.093526, 43.675651 ], [ 2.100571, 43.673473 ], [ 2.102648, 43.673504 ], [ 2.103824, 43.674071 ], [ 2.104004, 43.674557 ], [ 2.103756, 43.675344 ], [ 2.103587, 43.675754 ], [ 2.103301, 43.676211 ], [ 2.10308, 43.676504 ], [ 2.10263, 43.67696 ], [ 2.10226, 43.677314 ], [ 2.099103, 43.682508 ], [ 2.098411, 43.690245 ], [ 2.106627, 43.691621 ], [ 2.108799, 43.690769 ], [ 2.109752, 43.691192 ], [ 2.109901, 43.691256 ], [ 2.110872, 43.691727 ], [ 2.111064, 43.693238 ], [ 2.110585, 43.693915 ], [ 2.108256, 43.697194 ], [ 2.112872, 43.704543 ], [ 2.109273308856946, 43.698813627987363 ], [ 2.112497, 43.697279 ], [ 2.112996, 43.696932 ], [ 2.116166, 43.695631 ], [ 2.11596, 43.692037 ], [ 2.113833, 43.68791 ], [ 2.112968, 43.687336 ] ] ], [ [ [ 2.037809, 43.681633 ], [ 2.031344768904238, 43.680321081842891 ], [ 2.030834, 43.680178 ], [ 2.028757, 43.679602 ], [ 2.026762602067156, 43.67848764889937 ], [ 2.024366, 43.670878 ], [ 2.02723, 43.668664 ], [ 2.031828, 43.665944 ], [ 2.034429, 43.664032 ], [ 2.039735069843243, 43.659342597339723 ], [ 2.039941806935685, 43.659222027092774 ], [ 2.042183, 43.659103 ], [ 2.042322768923618, 43.658608455003687 ], [ 2.041738, 43.659001 ], [ 2.039867, 43.659226 ], [ 2.03418, 43.663942 ], [ 2.026648, 43.664891 ], [ 2.023181, 43.669462 ], [ 2.022126, 43.670331 ], [ 2.020069, 43.672828 ], [ 2.015933, 43.67977 ], [ 2.014839, 43.683199 ], [ 2.01799, 43.689589 ], [ 2.023449, 43.689324 ], [ 2.027747, 43.68305 ], [ 2.030455, 43.680677 ], [ 2.037572, 43.684871 ], [ 2.038655458791399, 43.685872591222974 ], [ 2.039749, 43.686434 ], [ 2.039898, 43.686716 ], [ 2.040084, 43.687185 ], [ 2.043843, 43.690772 ], [ 2.040818, 43.685666 ], [ 2.041001, 43.683194 ], [ 2.041098, 43.682344 ], [ 2.040968, 43.68174 ], [ 2.04071, 43.681078 ], [ 2.037858047396869, 43.681665451827826 ], [ 2.037809, 43.681633 ] ] ], [ [ [ 1.908312688526501, 43.830219659772808 ], [ 1.908316945037493, 43.830223220988493 ], [ 1.908317, 43.830223 ], [ 1.908312688526501, 43.830219659772808 ] ] ], [ [ [ 1.924228642570761, 43.828692225913592 ], [ 1.924347613668644, 43.828546955941441 ], [ 1.924286, 43.828611 ], [ 1.924228642570761, 43.828692225913592 ] ] ], [ [ [ 1.922838, 43.832484 ], [ 1.92303, 43.831774 ], [ 1.923293, 43.830493 ], [ 1.92359, 43.82975 ], [ 1.923940095969344, 43.829100847109245 ], [ 1.923815, 43.829278 ], [ 1.920946, 43.83207 ], [ 1.919822, 43.83549 ], [ 1.920576842142006, 43.838807396857113 ], [ 1.921394, 43.838054 ], [ 1.922329, 43.836126 ], [ 1.922758, 43.833092 ], [ 1.922838, 43.832484 ] ] ] ] } },
{ "type": "Feature", "properties": { "codgeo": "81105", "value": 1080, "isochrone_group": 18.0, "nb_agences": 2 }, "geometry": { "type": "MultiPolygon", "coordinates": [ [ [ [ 1.865584, 43.794757 ], [ 1.865729, 43.794665 ], [ 1.868089, 43.796227 ], [ 1.868322, 43.796787 ], [ 1.868413, 43.797503 ], [ 1.868951648474362, 43.80257768319386 ], [ 1.87203, 43.807199 ], [ 1.875255, 43.8088 ], [ 1.875583, 43.808538 ], [ 1.8758908876592, 43.808244955409776 ], [ 1.875912, 43.808265 ], [ 1.878490741576786, 43.806522419832412 ], [ 1.878384, 43.806562 ], [ 1.877132, 43.803186 ], [ 1.87857, 43.794441 ], [ 1.87083, 43.792291 ], [ 1.86777, 43.792381 ], [ 1.866801, 43.792115 ], [ 1.866041, 43.791914 ], [ 1.858418, 43.791544 ], [ 1.854820341232862, 43.789892195920793 ], [ 1.849424086114696, 43.791815411015058 ], [ 1.852101, 43.792975 ], [ 1.856041, 43.792822 ], [ 1.857314, 43.792107 ], [ 1.864223890257951, 43.797537814047139 ], [ 1.864579, 43.796512 ], [ 1.86488, 43.79555 ], [ 1.865584, 43.794757 ] ] ], [ [ [ 1.911415, 43.817089 ], [ 1.911182912943279, 43.81716049778683 ], [ 1.911076, 43.817207 ], [ 1.910961283467923, 43.817228773963905 ], [ 1.910795, 43.81728 ], [ 1.909575315547901, 43.817491839931158 ], [ 1.909409599108124, 43.81752329401813 ], [ 1.909357414684726, 43.817534874269391 ], [ 1.90755132770647, 43.81813885157603 ], [ 1.906843800293334, 43.818587452880053 ], [ 1.905382, 43.819538 ], [ 1.904968628118694, 43.822724783849225 ], [ 1.904719823376822, 43.827213684285148 ], [ 1.908312688526501, 43.830219659772808 ], [ 1.908317, 43.830223 ], [ 1.908316945037493, 43.830223220988493 ], [ 1.908337, 43.83024 ], [ 1.908451, 43.830298 ], [ 1.90931, 43.833795 ], [ 1.908750001379305, 43.8348552865451 ], [ 1.909729829228061, 43.834687694942438 ], [ 1.911678, 43.83561 ], [ 1.916697279618158, 43.840362108884015 ], [ 1.916855, 43.842094 ], [ 1.916855070086297, 43.842094134486516 ], [ 1.917216, 43.841906 ], [ 1.920576842142006, 43.838807396857113 ], [ 1.919822, 43.83549 ], [ 1.920946, 43.83207 ], [ 1.923815, 43.829278 ], [ 1.923940095969344, 43.829100847109245 ], [ 1.924029, 43.828936 ], [ 1.924228642570761, 43.828692225913592 ], [ 1.924286, 43.828611 ], [ 1.924347613668644, 43.828546955941441 ], [ 1.924409, 43.828472 ], [ 1.9248657425287, 43.828008389162576 ], [ 1.925224, 43.827636 ], [ 1.925287436363672, 43.82758035406696 ], [ 1.92534, 43.827527 ], [ 1.925609542740727, 43.827297804613387 ], [ 1.925737, 43.827186 ], [ 1.927251, 43.825465 ], [ 1.929323, 43.822591 ], [ 1.925144, 43.814847 ], [ 1.923707, 43.81466 ], [ 1.923123, 43.814427 ], [ 1.916103, 43.815031 ], [ 1.915913542915318, 43.815119435101657 ], [ 1.915197, 43.815471 ], [ 1.915070108955922, 43.815513134646118 ], [ 1.914944, 43.815572 ], [ 1.914213, 43.815798 ], [ 1.9141508043307, 43.815818916830793 ], [ 1.911837, 43.816876 ], [ 1.911682559263044, 43.816943174617528 ], [ 1.911415, 43.817089 ] ] ], [ [ [ 2.073765757304142, 43.825671630063425 ], [ 2.073903, 43.825858 ], [ 2.074581805426559, 43.825860354762 ], [ 2.074298394037569, 43.823290900229331 ], [ 2.073765757304142, 43.825671630063425 ] ] ], [ [ [ 2.077289, 43.816858 ], [ 2.076752, 43.81597 ], [ 2.076603145696588, 43.815699070692496 ], [ 2.075349, 43.818595 ], [ 2.07513610528183, 43.819546576891469 ], [ 2.077487004994631, 43.816954668773114 ], [ 2.077289, 43.816858 ] ] ], [ [ [ 2.113452, 43.67867 ], [ 2.112736, 43.677917 ], [ 2.10859, 43.674522 ], [ 2.105937690221863, 43.676098294209552 ], [ 2.104091, 43.68162 ], [ 2.104097, 43.681644 ], [ 2.105302, 43.684728 ], [ 2.111698, 43.686723 ], [ 2.112732, 43.687204 ], [ 2.112968, 43.687336 ], [ 2.113833, 43.68791 ], [ 2.11596, 43.692037 ], [ 2.116166, 43.695631 ], [ 2.112996, 43.696932 ], [ 2.112497, 43.697279 ], [ 2.109273308856946, 43.698813627987363 ], [ 2.112872, 43.704543 ], [ 2.113453, 43.704553 ], [ 2.113868450115266, 43.704706870413055 ], [ 2.117877, 43.70018 ], [ 2.118063, 43.695539 ], [ 2.118651, 43.693748 ], [ 2.119680587691533, 43.68830328945279 ], [ 2.119810797013522, 43.686312067386908 ], [ 2.11606, 43.684863 ], [ 2.116831717732023, 43.682795520515405 ], [ 2.115201, 43.680901 ], [ 2.113452, 43.67867 ] ] ], [ [ [ 2.084945, 43.670703 ], [ 2.083951, 43.672022 ], [ 2.080034, 43.674819 ], [ 2.074077, 43.673997 ], [ 2.072582, 43.674521 ], [ 2.0722, 43.675044 ], [ 2.071222, 43.676188 ], [ 2.064837867997885, 43.680370292927172 ], [ 2.06264, 43.6802 ], [ 2.061781, 43.679508 ], [ 2.05994, 43.679023 ], [ 2.051166, 43.67872 ], [ 2.050362, 43.678205 ], [ 2.048046, 43.680962 ], [ 2.04004, 43.677857 ], [ 2.039878, 43.677475 ], [ 2.0395, 43.676855 ], [ 2.039273, 43.676598 ], [ 2.038852, 43.676173 ], [ 2.037447, 43.67615 ], [ 2.031397, 43.671401 ], [ 2.033773, 43.667749 ], [ 2.035789, 43.667057 ], [ 2.039815, 43.665776 ], [ 2.046299, 43.660548 ], [ 2.046619948496203, 43.660421111134347 ], [ 2.044766, 43.660805 ], [ 2.041243891742127, 43.662990552977156 ], [ 2.040145, 43.664741 ], [ 2.039544, 43.665181 ], [ 2.031182, 43.667465 ], [ 2.028489480310308, 43.667918939877339 ], [ 2.02723, 43.668664 ], [ 2.024366, 43.670878 ], [ 2.026762602067156, 43.67848764889937 ], [ 2.028757, 43.679602 ], [ 2.030834, 43.680178 ], [ 2.031344768904238, 43.680321081842891 ], [ 2.037809, 43.681633 ], [ 2.037858047396869, 43.681665451827826 ], [ 2.04071, 43.681078 ], [ 2.040968, 43.68174 ], [ 2.041098, 43.682344 ], [ 2.041001, 43.683194 ], [ 2.040818, 43.685666 ], [ 2.043843, 43.690772 ], [ 2.050606, 43.686063 ], [ 2.05093, 43.683457 ], [ 2.054384, 43.682342 ], [ 2.062834, 43.680327 ], [ 2.069873107820474, 43.680774840254941 ], [ 2.073256, 43.679245 ], [ 2.073257060863839, 43.679246558307398 ], [ 2.073646, 43.678982 ], [ 2.075115, 43.677878 ], [ 2.077937, 43.676314 ], [ 2.084786, 43.674048 ], [ 2.087004, 43.674124 ], [ 2.08717, 43.674213 ], [ 2.088061, 43.67478 ], [ 2.096114, 43.672328 ], [ 2.096193, 43.672244 ], [ 2.099892867480676, 43.67157495962735 ], [ 2.100089701138447, 43.668060207422585 ], [ 2.098587, 43.669509 ], [ 2.097325, 43.671048 ], [ 2.096849, 43.671535 ], [ 2.088166, 43.672355 ], [ 2.087836, 43.672116 ], [ 2.085152, 43.670386 ], [ 2.084945, 43.670703 ] ] ], [ [ [ 1.884204, 43.817907 ], [ 1.875503899413881, 43.819441614791238 ], [ 1.876852, 43.820472 ], [ 1.884204, 43.817907 ] ] ] ] } },
{ "type": "Feature", "properties": { "codgeo": "81105", "value": 1140, "isochrone_group": 19.0, "nb_agences": 2 }, "geometry": { "type": "MultiPolygon", "coordinates": [ [ [ [ 1.863275914213552, 43.796792754223304 ], [ 1.857314, 43.792107 ], [ 1.856041, 43.792822 ], [ 1.852101, 43.792975 ], [ 1.850705460694616, 43.792370478496544 ], [ 1.846611953455247, 43.792861421210738 ], [ 1.846500220572172, 43.793597494831829 ], [ 1.846865940092048, 43.793765313973211 ], [ 1.847611, 43.793757 ], [ 1.848484, 43.793838 ], [ 1.849287, 43.793839 ], [ 1.849949, 43.793747 ], [ 1.857871, 43.795437 ], [ 1.858513264341254, 43.79781888318557 ], [ 1.863275914213552, 43.796792754223304 ] ] ], [ [ [ 1.889053386626943, 43.817353646251206 ], [ 1.889644, 43.81746 ], [ 1.894359015471266, 43.814546226394171 ], [ 1.89411, 43.813967 ], [ 1.887646, 43.810242 ], [ 1.885938, 43.810424 ], [ 1.885936546069798, 43.810410374161975 ], [ 1.885585, 43.810445 ], [ 1.88496, 43.810379 ], [ 1.884745, 43.810322 ], [ 1.885589682921337, 43.807159667168563 ], [ 1.885556, 43.806844 ], [ 1.885591901698261, 43.806273192345081 ], [ 1.885183040315883, 43.803430487905239 ], [ 1.884938, 43.803504 ], [ 1.884243, 43.803799 ], [ 1.883072, 43.804423 ], [ 1.88205, 43.804884 ], [ 1.880985, 43.805542 ], [ 1.88035, 43.805833 ], [ 1.878518, 43.806504 ], [ 1.875912, 43.808265 ], [ 1.8758908876592, 43.808244955409776 ], [ 1.875583, 43.808538 ], [ 1.875577998909477, 43.808541994773528 ], [ 1.875578, 43.808542 ], [ 1.87475, 43.810385 ], [ 1.874389, 43.811055 ], [ 1.875159, 43.819178 ], [ 1.875503899413881, 43.819441614791238 ], [ 1.884204, 43.817907 ], [ 1.884858, 43.817275 ], [ 1.886767, 43.816179 ], [ 1.889053386626943, 43.817353646251206 ] ] ], [ [ [ 2.071654, 43.671129 ], [ 2.069091, 43.671297 ], [ 2.067063, 43.674271 ], [ 2.061624466950181, 43.67902120433218 ], [ 2.061537, 43.678937 ], [ 2.06126, 43.67851 ], [ 2.059919387989654, 43.678765086438951 ], [ 2.058872, 43.678198 ], [ 2.057758, 43.677322 ], [ 2.049071, 43.676441 ], [ 2.046353, 43.678803 ], [ 2.044084084585615, 43.677567988803339 ], [ 2.039102031530174, 43.674521151165223 ], [ 2.039041324213684, 43.674104142963174 ], [ 2.040533785581572, 43.670426658416893 ], [ 2.042244, 43.667218 ], [ 2.046472, 43.66498 ], [ 2.046776327868875, 43.66479988758779 ], [ 2.046693, 43.664837 ], [ 2.042187, 43.666382 ], [ 2.038606, 43.669797 ], [ 2.031397, 43.671401 ], [ 2.037447, 43.67615 ], [ 2.038852, 43.676173 ], [ 2.039273, 43.676598 ], [ 2.0395, 43.676855 ], [ 2.039878, 43.677475 ], [ 2.04004, 43.677857 ], [ 2.048046, 43.680962 ], [ 2.050362, 43.678205 ], [ 2.051166, 43.67872 ], [ 2.05994, 43.679023 ], [ 2.061781, 43.679508 ], [ 2.06264, 43.6802 ], [ 2.064837867997885, 43.680370292927172 ], [ 2.071222, 43.676188 ], [ 2.0722, 43.675044 ], [ 2.072582, 43.674521 ], [ 2.074077, 43.673997 ], [ 2.080034, 43.674819 ], [ 2.083951, 43.672022 ], [ 2.084945, 43.670703 ], [ 2.085152, 43.670386 ], [ 2.087836, 43.672116 ], [ 2.088166, 43.672355 ], [ 2.096361959448461, 43.671580994846515 ], [ 2.097482, 43.669766 ], [ 2.09663163532871, 43.666333266264076 ], [ 2.095707, 43.667549 ], [ 2.087313, 43.667467 ], [ 2.084436, 43.668079 ], [ 2.083833, 43.668387 ], [ 2.081768, 43.67063 ], [ 2.078375, 43.672246 ], [ 2.071654, 43.671129 ] ] ], [ [ [ 2.047011186379896, 43.664695286738358 ], [ 2.047258875322454, 43.6646065795357 ], [ 2.047169, 43.664625 ], [ 2.047011186379896, 43.664695286738358 ] ] ] ] } },
{ "type": "Feature", "properties": { "codgeo": "81105", "value": 1200, "isochrone_group": 20.0, "nb_agences": 2 }, "geometry": { "type": "Polygon", "coordinates": [ [ [ 2.064659, 43.669365 ], [ 2.061070925828016, 43.665950655918785 ], [ 2.059576, 43.667663 ], [ 2.057833, 43.669721 ], [ 2.056902, 43.669066 ], [ 2.05656, 43.668755 ], [ 2.056262, 43.668338 ], [ 2.055997, 43.667479 ], [ 2.048221412577626, 43.664261856890803 ], [ 2.048073994050196, 43.664314653293665 ], [ 2.046273, 43.666583 ], [ 2.045835, 43.666992 ], [ 2.041047, 43.670822 ], [ 2.039383694534174, 43.673260528790109 ], [ 2.039041324213684, 43.674104142963174 ], [ 2.039102031530174, 43.674521151165223 ], [ 2.044084084585615, 43.677567988803339 ], [ 2.046353, 43.678803 ], [ 2.049071, 43.676441 ], [ 2.057758, 43.677322 ], [ 2.058872, 43.678198 ], [ 2.059919387989654, 43.678765086438951 ], [ 2.06126, 43.67851 ], [ 2.061537, 43.678937 ], [ 2.061624466950181, 43.67902120433218 ], [ 2.067063, 43.674271 ], [ 2.069091, 43.671297 ], [ 2.071654, 43.671129 ], [ 2.078375, 43.672246 ], [ 2.081768, 43.67063 ], [ 2.083833, 43.668387 ], [ 2.084436, 43.668079 ], [ 2.087313, 43.667467 ], [ 2.089955332417785, 43.667492812635018 ], [ 2.084691, 43.665805 ], [ 2.084465, 43.665645 ], [ 2.083560451572074, 43.665269018081197 ], [ 2.083188, 43.66623 ], [ 2.075685, 43.670787 ], [ 2.072229, 43.669778 ], [ 2.067104, 43.670247 ], [ 2.065753, 43.6698 ], [ 2.064659, 43.669365 ] ] ] } }
]
}
