{
"type": "FeatureCollection",
"name": "BPCE",
"crs": { "type": "name", "properties": { "name": "urn:ogc:def:crs:OGC:1.3:CRS84" } },
"features": [
{ "type": "Feature", "properties": { "codgeo": "09324", "value": 60, "isochrone_group": 1.0, "nb_agences": 1 }, "geometry": { "type": "Polygon", "coordinates": [ [ [ 1.624743, 43.042604 ], [ 1.625063, 43.04244 ], [ 1.629203, 43.044108 ], [ 1.633768, 43.045677 ], [ 1.637896, 43.046911 ], [ 1.63934, 43.048473 ], [ 1.639186, 43.048798 ], [ 1.636679, 43.048578 ], [ 1.632722, 43.04841 ], [ 1.631997, 43.048201 ], [ 1.631702, 43.048106 ], [ 1.625923, 43.048358 ], [ 1.625672, 43.048352 ], [ 1.624595, 43.046681 ], [ 1.624743, 43.042604 ] ] ] } },
{ "type": "Feature", "properties": { "codgeo": "09324", "value": 120, "isochrone_group": 2.0, "nb_agences": 1 }, "geometry": { "type": "Polygon", "coordinates": [ [ [ 1.635583, 43.048651 ], [ 1.637332, 43.053295 ], [ 1.637789, 43.056449 ], [ 1.638105, 43.056621 ], [ 1.643742, 43.055127 ], [ 1.644006, 43.054882 ], [ 1.643716, 43.049051 ], [ 1.644746, 43.047754 ], [ 1.644754, 43.047394 ], [ 1.642869, 43.045687 ], [ 1.638178, 43.045456 ], [ 1.635232, 43.040947 ], [ 1.634943, 43.040733 ], [ 1.63421, 43.040566 ], [ 1.630161, 43.041328 ], [ 1.62662, 43.039858 ], [ 1.62376, 43.035884 ], [ 1.623449, 43.035703 ], [ 1.621112, 43.034653 ], [ 1.620791, 43.034816 ], [ 1.62078, 43.037958 ], [ 1.620209, 43.042654 ], [ 1.619494, 43.04493 ], [ 1.619514, 43.045289 ], [ 1.621246, 43.047275 ], [ 1.619982, 43.052192 ], [ 1.619928, 43.052547 ], [ 1.621295, 43.053557 ], [ 1.621638, 43.053666 ], [ 1.625593, 43.051641 ], [ 1.625882, 43.051426 ], [ 1.627281, 43.049814 ], [ 1.629883, 43.048312 ], [ 1.632238182504507, 43.048270527094395 ], [ 1.631997, 43.048201 ], [ 1.631702, 43.048106 ], [ 1.625923, 43.048358 ], [ 1.625672, 43.048352 ], [ 1.624595, 43.046681 ], [ 1.624743, 43.042604 ], [ 1.625063, 43.04244 ], [ 1.629203, 43.044108 ], [ 1.633768, 43.045677 ], [ 1.637896, 43.046911 ], [ 1.63934, 43.048473 ], [ 1.639186, 43.048798 ], [ 1.636679, 43.048578 ], [ 1.634386249927451, 43.048480658071213 ], [ 1.635583, 43.048651 ] ] ] } },
{ "type": "Feature", "properties": { "codgeo": "09324", "value": 180, "isochrone_group": 3.0, "nb_agences": 1 }, "geometry": { "type": "Polygon", "coordinates": [ [ [ 1.614708, 43.055976 ], [ 1.61493, 43.05626 ], [ 1.619278, 43.05782 ], [ 1.620453, 43.056071 ], [ 1.620683, 43.055784 ], [ 1.625831, 43.052848 ], [ 1.628278, 43.051289 ], [ 1.633928, 43.057153 ], [ 1.634527, 43.062116 ], [ 1.634849, 43.062279 ], [ 1.638264, 43.063086 ], [ 1.638598, 43.06295 ], [ 1.641413, 43.059116 ], [ 1.648408, 43.059784 ], [ 1.648564, 43.059923 ], [ 1.648721, 43.06003 ], [ 1.648924, 43.059732 ], [ 1.647727, 43.056807 ], [ 1.647442, 43.047852 ], [ 1.647456, 43.047492 ], [ 1.642262, 43.044892 ], [ 1.642113, 43.044755 ], [ 1.639643, 43.041163 ], [ 1.639139, 43.036172 ], [ 1.638877, 43.035925 ], [ 1.637693, 43.035958 ], [ 1.636451, 43.036871 ], [ 1.633361, 43.037904 ], [ 1.626384, 43.034316 ], [ 1.623781, 43.031823 ], [ 1.6171, 43.029033 ], [ 1.616853, 43.02894 ], [ 1.616493, 43.028956 ], [ 1.616019, 43.029021 ], [ 1.615766, 43.029277 ], [ 1.615815, 43.036349 ], [ 1.616916, 43.041028 ], [ 1.617219, 43.045752 ], [ 1.614898, 43.052981 ], [ 1.614774, 43.053319 ], [ 1.614708, 43.055976 ] ], [ [ 1.621246, 43.047275 ], [ 1.619514, 43.045289 ], [ 1.619494, 43.04493 ], [ 1.620209, 43.042654 ], [ 1.62078, 43.037958 ], [ 1.620791, 43.034816 ], [ 1.621112, 43.034653 ], [ 1.623449, 43.035703 ], [ 1.62376, 43.035884 ], [ 1.62662, 43.039858 ], [ 1.630161, 43.041328 ], [ 1.63421, 43.040566 ], [ 1.634943, 43.040733 ], [ 1.635232, 43.040947 ], [ 1.638178, 43.045456 ], [ 1.642869, 43.045687 ], [ 1.644754, 43.047394 ], [ 1.644746, 43.047754 ], [ 1.643716, 43.049051 ], [ 1.644006, 43.054882 ], [ 1.643742, 43.055127 ], [ 1.638105, 43.056621 ], [ 1.637789, 43.056449 ], [ 1.637332, 43.053295 ], [ 1.635583, 43.048651 ], [ 1.632836, 43.04826 ], [ 1.629883, 43.048312 ], [ 1.627281, 43.049814 ], [ 1.625882, 43.051426 ], [ 1.625593, 43.051641 ], [ 1.621638, 43.053666 ], [ 1.621295, 43.053557 ], [ 1.619928, 43.052547 ], [ 1.619982, 43.052192 ], [ 1.621246, 43.047275 ] ] ] } },
{ "type": "Feature", "properties": { "codgeo": "09324", "value": 240, "isochrone_group": 4.0, "nb_agences": 1 }, "geometry": { "type": "MultiPolygon", "coordinates": [ [ [ [ 1.611798, 43.038924 ], [ 1.611055, 43.038815 ], [ 1.610312, 43.038705 ], [ 1.61026, 43.039062 ], [ 1.611003, 43.039171 ], [ 1.615315, 43.047034 ], [ 1.612878, 43.051754 ], [ 1.607833, 43.055958 ], [ 1.607683, 43.056285 ], [ 1.608007, 43.056827 ], [ 1.609155, 43.058141 ], [ 1.611251, 43.059143 ], [ 1.61878, 43.062144 ], [ 1.619091, 43.061962 ], [ 1.61968, 43.060437 ], [ 1.619803, 43.060072 ], [ 1.619926, 43.059707 ], [ 1.620683, 43.055784 ], [ 1.620453, 43.056071 ], [ 1.619278, 43.05782 ], [ 1.61493, 43.05626 ], [ 1.614708, 43.055976 ], [ 1.614774, 43.053319 ], [ 1.614898, 43.052981 ], [ 1.617219, 43.045752 ], [ 1.616916, 43.041028 ], [ 1.615887367244311, 43.036656544356141 ], [ 1.611798, 43.038924 ] ] ], [ [ [ 1.647282, 43.046385 ], [ 1.647019, 43.046081 ], [ 1.646756, 43.045778 ], [ 1.646585, 43.045595 ], [ 1.646419, 43.045419 ], [ 1.646116, 43.045128 ], [ 1.643809, 43.041497 ], [ 1.641903, 43.038313 ], [ 1.645446, 43.031912 ], [ 1.645685, 43.031795 ], [ 1.645527, 43.031471 ], [ 1.64341, 43.032153 ], [ 1.64185, 43.032553 ], [ 1.640415, 43.033069 ], [ 1.637697, 43.033803 ], [ 1.637434, 43.033886 ], [ 1.637243, 43.034078 ], [ 1.632982, 43.03727 ], [ 1.627705, 43.030545 ], [ 1.627581, 43.030207 ], [ 1.621993, 43.02743 ], [ 1.615603, 43.022467 ], [ 1.614708, 43.019711 ], [ 1.614586, 43.019289 ], [ 1.61432, 43.018274 ], [ 1.614176, 43.017685 ], [ 1.613819, 43.015653 ], [ 1.613463, 43.01362 ], [ 1.613108, 43.013683 ], [ 1.611944, 43.021422 ], [ 1.60846, 43.028923 ], [ 1.60842, 43.029281 ], [ 1.608634, 43.029305 ], [ 1.609696, 43.029184 ], [ 1.612025, 43.029346 ], [ 1.615805662925843, 43.035001412480824 ], [ 1.615766, 43.029277 ], [ 1.616019, 43.029021 ], [ 1.616493, 43.028956 ], [ 1.616853, 43.02894 ], [ 1.6171, 43.029033 ], [ 1.623781, 43.031823 ], [ 1.626384, 43.034316 ], [ 1.633361, 43.037904 ], [ 1.636451, 43.036871 ], [ 1.637693, 43.035958 ], [ 1.638877, 43.035925 ], [ 1.639139, 43.036172 ], [ 1.639643, 43.041163 ], [ 1.642113, 43.044755 ], [ 1.642262, 43.044892 ], [ 1.647456, 43.047492 ], [ 1.647282, 43.046385 ] ] ], [ [ [ 1.649063, 43.061157 ], [ 1.651527, 43.063025 ], [ 1.653025, 43.063366 ], [ 1.653272, 43.063104 ], [ 1.658334, 43.057192 ], [ 1.658315, 43.056833 ], [ 1.657478, 43.056709 ], [ 1.650031, 43.053499 ], [ 1.647456, 43.047492 ], [ 1.647442, 43.047852 ], [ 1.647727, 43.056807 ], [ 1.648924, 43.059732 ], [ 1.648721, 43.06003 ], [ 1.648564, 43.059923 ], [ 1.648408, 43.059784 ], [ 1.647671137770351, 43.059713632027247 ], [ 1.649063, 43.061157 ] ] ], [ [ [ 1.641733972047676, 43.059146651798123 ], [ 1.641413, 43.059116 ], [ 1.641243905177409, 43.059346305346295 ], [ 1.641733972047676, 43.059146651798123 ] ] ], [ [ [ 1.630222, 43.058688 ], [ 1.630547, 43.067241 ], [ 1.630655, 43.069757 ], [ 1.630976, 43.06992 ], [ 1.638761, 43.068035 ], [ 1.640078, 43.068862 ], [ 1.641065, 43.069744 ], [ 1.64134, 43.069512 ], [ 1.640814, 43.068497 ], [ 1.639384, 43.065304 ], [ 1.639354, 43.065177 ], [ 1.639952286286458, 43.061105476510733 ], [ 1.638598, 43.06295 ], [ 1.638264, 43.063086 ], [ 1.634849, 43.062279 ], [ 1.634527, 43.062116 ], [ 1.633928, 43.057153 ], [ 1.628278, 43.051289 ], [ 1.625831, 43.052848 ], [ 1.630222, 43.058688 ] ] ] ] } },
{ "type": "Feature", "properties": { "codgeo": "09324", "value": 300, "isochrone_group": 5.0, "nb_agences": 1 }, "geometry": { "type": "MultiPolygon", "coordinates": [ [ [ [ 1.644321, 43.074264 ], [ 1.644547, 43.074545 ], [ 1.647474, 43.0756 ], [ 1.64769, 43.075312 ], [ 1.646837, 43.07314 ], [ 1.650952, 43.065857 ], [ 1.654015, 43.067553 ], [ 1.654362, 43.067456 ], [ 1.655851, 43.066437 ], [ 1.655803, 43.06608 ], [ 1.656091, 43.061383 ], [ 1.661001, 43.058592 ], [ 1.666577, 43.058786 ], [ 1.668104, 43.057425 ], [ 1.668205, 43.057079 ], [ 1.667623, 43.056449 ], [ 1.667284, 43.056328 ], [ 1.662767, 43.056782 ], [ 1.657471, 43.054701 ], [ 1.654174, 43.048608 ], [ 1.654104, 43.048255 ], [ 1.648694, 43.043717 ], [ 1.648455, 43.043472 ], [ 1.64832, 43.04338 ], [ 1.646986, 43.042836 ], [ 1.645644, 43.041906 ], [ 1.64359, 43.035607 ], [ 1.647022, 43.031256 ], [ 1.648531, 43.030388 ], [ 1.649807, 43.029747 ], [ 1.652316, 43.028872 ], [ 1.652515, 43.028815 ], [ 1.652748, 43.028745 ], [ 1.652943, 43.028642 ], [ 1.653156, 43.028531 ], [ 1.654165, 43.028051 ], [ 1.654084, 43.027701 ], [ 1.64729, 43.027672 ], [ 1.646982, 43.027859 ], [ 1.641497, 43.03092 ], [ 1.639708, 43.032485 ], [ 1.637434, 43.033886 ], [ 1.637697, 43.033803 ], [ 1.640415, 43.033069 ], [ 1.64185, 43.032553 ], [ 1.64341, 43.032153 ], [ 1.645527, 43.031471 ], [ 1.645685, 43.031795 ], [ 1.645446, 43.031912 ], [ 1.641903, 43.038313 ], [ 1.643809, 43.041497 ], [ 1.646116, 43.045128 ], [ 1.646419, 43.045419 ], [ 1.646585, 43.045595 ], [ 1.646756, 43.045778 ], [ 1.647019, 43.046081 ], [ 1.647282, 43.046385 ], [ 1.647456, 43.047492 ], [ 1.650031, 43.053499 ], [ 1.657478, 43.056709 ], [ 1.658315, 43.056833 ], [ 1.658334, 43.057192 ], [ 1.653272, 43.063104 ], [ 1.653025, 43.063366 ], [ 1.651527, 43.063025 ], [ 1.649063, 43.061157 ], [ 1.645604, 43.05757 ], [ 1.640145, 43.059794 ], [ 1.639354, 43.065177 ], [ 1.639384, 43.065304 ], [ 1.640814, 43.068497 ], [ 1.64134, 43.069512 ], [ 1.641065, 43.069744 ], [ 1.640078, 43.068862 ], [ 1.638761, 43.068035 ], [ 1.631440428273548, 43.069807546911299 ], [ 1.632336127546029, 43.073463620212031 ], [ 1.638033, 43.069987 ], [ 1.644321, 43.074264 ] ] ], [ [ [ 1.634619, 43.034519 ], [ 1.628584, 43.029378 ], [ 1.628538, 43.029207 ], [ 1.628047, 43.028549 ], [ 1.625612, 43.025956 ], [ 1.620354, 43.022463 ], [ 1.620064, 43.022314 ], [ 1.620061, 43.022313 ], [ 1.619779, 43.022174 ], [ 1.619496, 43.022035 ], [ 1.613765, 43.015344 ], [ 1.613957, 43.009035 ], [ 1.614003, 43.008792 ], [ 1.614049, 43.008544 ], [ 1.614078, 43.008356 ], [ 1.614108, 43.008154 ], [ 1.614122, 43.007955 ], [ 1.614136, 43.007753 ], [ 1.614202, 43.006514 ], [ 1.614268, 43.005278 ], [ 1.614301, 43.004785 ], [ 1.614336, 43.004287 ], [ 1.614764, 43.001171 ], [ 1.614424, 43.001052 ], [ 1.613632, 43.003221 ], [ 1.613843, 43.006495 ], [ 1.610498, 43.014594 ], [ 1.609604, 43.017241 ], [ 1.609609, 43.017453 ], [ 1.609616, 43.017738 ], [ 1.60521, 43.024965 ], [ 1.603959, 43.02506 ], [ 1.603797, 43.025381 ], [ 1.603991, 43.030966 ], [ 1.605117, 43.037768 ], [ 1.605399, 43.037897 ], [ 1.605681, 43.038026 ], [ 1.607817, 43.038553 ], [ 1.608127, 43.038609 ], [ 1.608413, 43.038658 ], [ 1.609251, 43.038847 ], [ 1.611873372177167, 43.040758137390796 ], [ 1.611003, 43.039171 ], [ 1.61026, 43.039062 ], [ 1.610312, 43.038705 ], [ 1.611055, 43.038815 ], [ 1.611798, 43.038924 ], [ 1.616635, 43.036242 ], [ 1.612025, 43.029346 ], [ 1.609696, 43.029184 ], [ 1.608634, 43.029305 ], [ 1.60842, 43.029281 ], [ 1.60846, 43.028923 ], [ 1.611944, 43.021422 ], [ 1.613108, 43.013683 ], [ 1.613463, 43.01362 ], [ 1.613819, 43.015653 ], [ 1.614176, 43.017685 ], [ 1.61432, 43.018274 ], [ 1.614586, 43.019289 ], [ 1.614708, 43.019711 ], [ 1.615603, 43.022467 ], [ 1.621993, 43.02743 ], [ 1.627581, 43.030207 ], [ 1.627705, 43.030545 ], [ 1.632982, 43.03727 ], [ 1.637243, 43.034078 ], [ 1.637434, 43.033886 ], [ 1.634619, 43.034519 ] ] ], [ [ [ 1.612211, 43.050871 ], [ 1.607246, 43.054757 ], [ 1.602899, 43.055392 ], [ 1.601654, 43.055194 ], [ 1.600199, 43.054878 ], [ 1.598744, 43.054561 ], [ 1.598668, 43.054913 ], [ 1.600666, 43.061237 ], [ 1.600827, 43.061559 ], [ 1.601064, 43.06144 ], [ 1.609467, 43.062695 ], [ 1.610197, 43.063585 ], [ 1.610503, 43.063893 ], [ 1.613223, 43.065534 ], [ 1.617665, 43.063844 ], [ 1.617965, 43.063762 ], [ 1.618276, 43.06362 ], [ 1.621241, 43.062634 ], [ 1.621316, 43.062612 ], [ 1.628553, 43.063817 ], [ 1.629639, 43.068253 ], [ 1.62832, 43.073183 ], [ 1.627951, 43.074035 ], [ 1.627858260568069, 43.074451788260966 ], [ 1.627941, 43.074342 ], [ 1.627979, 43.074221 ], [ 1.628323, 43.073198 ], [ 1.630527, 43.069575 ], [ 1.630642127542153, 43.069457119407929 ], [ 1.630547, 43.067241 ], [ 1.630222, 43.058688 ], [ 1.625831, 43.052848 ], [ 1.620933, 43.055339 ], [ 1.620683, 43.055784 ], [ 1.619926, 43.059707 ], [ 1.619803, 43.060072 ], [ 1.61968, 43.060437 ], [ 1.619091, 43.061962 ], [ 1.61878, 43.062144 ], [ 1.611251, 43.059143 ], [ 1.609155, 43.058141 ], [ 1.608007, 43.056827 ], [ 1.607683, 43.056285 ], [ 1.607833, 43.055958 ], [ 1.612878, 43.051754 ], [ 1.615315, 43.047034 ], [ 1.613694398300437, 43.044078807244055 ], [ 1.612211, 43.050871 ] ] ] ] } },
{ "type": "Feature", "properties": { "codgeo": "09324", "value": 360, "isochrone_group": 6.0, "nb_agences": 1 }, "geometry": { "type": "MultiPolygon", "coordinates": [ [ [ [ 1.643361, 43.077633 ], [ 1.64911, 43.082242 ], [ 1.649251, 43.082298 ], [ 1.652812, 43.08248 ], [ 1.65452, 43.082194 ], [ 1.655339, 43.079915 ], [ 1.656011, 43.077862 ], [ 1.658081, 43.070795 ], [ 1.663902, 43.067878 ], [ 1.664084, 43.067742 ], [ 1.664627, 43.067119 ], [ 1.665717, 43.065355 ], [ 1.672942, 43.062085 ], [ 1.675269, 43.062365 ], [ 1.675699, 43.058791 ], [ 1.673372, 43.058511 ], [ 1.673356, 43.049974 ], [ 1.673583, 43.049518 ], [ 1.673365, 43.048359 ], [ 1.672631, 43.047604 ], [ 1.672547, 43.047556 ], [ 1.670361, 43.047912 ], [ 1.663685, 43.04532 ], [ 1.663, 43.045469 ], [ 1.658419, 43.046074 ], [ 1.65782, 43.04605 ], [ 1.653897, 43.044702 ], [ 1.650202, 43.042701 ], [ 1.649194, 43.042016 ], [ 1.646812, 43.036241 ], [ 1.649258, 43.031835 ], [ 1.652761, 43.030429 ], [ 1.653497, 43.030181 ], [ 1.655494, 43.02968 ], [ 1.65679, 43.029586 ], [ 1.66075, 43.029974 ], [ 1.663538, 43.026003 ], [ 1.661477, 43.023051 ], [ 1.658001, 43.024777 ], [ 1.657129, 43.025133 ], [ 1.648265, 43.023822 ], [ 1.644665, 43.023777 ], [ 1.644659, 43.024282 ], [ 1.644712, 43.025071 ], [ 1.644936, 43.02613 ], [ 1.643151128483242, 43.029996884724284 ], [ 1.646982, 43.027859 ], [ 1.64729, 43.027672 ], [ 1.654084, 43.027701 ], [ 1.654165, 43.028051 ], [ 1.653156, 43.028531 ], [ 1.652943, 43.028642 ], [ 1.652748, 43.028745 ], [ 1.652515, 43.028815 ], [ 1.652316, 43.028872 ], [ 1.649807, 43.029747 ], [ 1.648531, 43.030388 ], [ 1.647022, 43.031256 ], [ 1.64359, 43.035607 ], [ 1.645644, 43.041906 ], [ 1.646986, 43.042836 ], [ 1.64832, 43.04338 ], [ 1.648455, 43.043472 ], [ 1.648694, 43.043717 ], [ 1.654104, 43.048255 ], [ 1.654174, 43.048608 ], [ 1.657471, 43.054701 ], [ 1.662767, 43.056782 ], [ 1.667284, 43.056328 ], [ 1.667623, 43.056449 ], [ 1.668205, 43.057079 ], [ 1.668104, 43.057425 ], [ 1.666577, 43.058786 ], [ 1.661001, 43.058592 ], [ 1.656091, 43.061383 ], [ 1.655803, 43.06608 ], [ 1.655851, 43.066437 ], [ 1.654362, 43.067456 ], [ 1.654015, 43.067553 ], [ 1.650952, 43.065857 ], [ 1.646837, 43.07314 ], [ 1.64769, 43.075312 ], [ 1.647474, 43.0756 ], [ 1.644547, 43.074545 ], [ 1.644321, 43.074264 ], [ 1.638033, 43.069987 ], [ 1.635916359033234, 43.071278718715149 ], [ 1.637444, 43.07524 ], [ 1.640739, 43.076691 ], [ 1.640065, 43.078222 ], [ 1.639643, 43.079282 ], [ 1.6392, 43.080461 ], [ 1.638249, 43.083076 ], [ 1.637627458070282, 43.084786701612202 ], [ 1.63777, 43.084764 ], [ 1.638778, 43.082007 ], [ 1.643361, 43.077633 ] ] ], [ [ [ 1.638271, 43.03225 ], [ 1.637295, 43.032233 ], [ 1.632538, 43.032204 ], [ 1.63013, 43.025988 ], [ 1.630102, 43.025796 ], [ 1.62956, 43.024212 ], [ 1.628614, 43.023466 ], [ 1.628212, 43.023348 ], [ 1.623228, 43.020873 ], [ 1.620675, 43.018817 ], [ 1.619393, 43.018248 ], [ 1.615054, 43.010953 ], [ 1.61555, 43.009332 ], [ 1.61565, 43.00879 ], [ 1.615724, 43.008267 ], [ 1.617707, 43.003305 ], [ 1.618012, 43.002417 ], [ 1.620816, 42.997625 ], [ 1.621457, 42.996871 ], [ 1.621905, 42.996193 ], [ 1.622247, 42.995527 ], [ 1.622474, 42.994949 ], [ 1.623115, 42.992993 ], [ 1.624054, 42.990038 ], [ 1.624992, 42.987082 ], [ 1.621561, 42.985993 ], [ 1.620622, 42.988948 ], [ 1.619684, 42.991903 ], [ 1.613403, 42.996583 ], [ 1.612857, 42.99827 ], [ 1.61191, 43.001168 ], [ 1.611686, 43.002158 ], [ 1.612179, 43.003904 ], [ 1.606791, 43.009778 ], [ 1.606434, 43.010456 ], [ 1.606172, 43.011405 ], [ 1.60595, 43.012303 ], [ 1.606422, 43.013777 ], [ 1.603835, 43.020219 ], [ 1.598092, 43.020606 ], [ 1.597512, 43.020458 ], [ 1.596808, 43.020308 ], [ 1.595579, 43.020027 ], [ 1.5954, 43.020359 ], [ 1.594777, 43.023537 ], [ 1.595573, 43.023955 ], [ 1.600125, 43.030555 ], [ 1.600087, 43.032324 ], [ 1.601346, 43.034915 ], [ 1.602951, 43.036428 ], [ 1.602966, 43.036442 ], [ 1.604025, 43.037183 ], [ 1.60662, 43.039753 ], [ 1.60732, 43.040094 ], [ 1.608134, 43.040254 ], [ 1.609744, 43.040618 ], [ 1.611509, 43.040883 ], [ 1.610188, 43.049662 ], [ 1.606951, 43.050895 ], [ 1.604789, 43.051957 ], [ 1.599001, 43.05296 ], [ 1.597564, 43.052684 ], [ 1.596516, 43.052512 ], [ 1.595487, 43.05241 ], [ 1.594812, 43.052402 ], [ 1.592597, 43.052643 ], [ 1.590961, 43.052742 ], [ 1.588489, 43.05282 ], [ 1.588294, 43.056415 ], [ 1.591755, 43.063411 ], [ 1.593027, 43.066779 ], [ 1.595489, 43.066218 ], [ 1.59698, 43.065903 ], [ 1.597456, 43.065795 ], [ 1.598897, 43.065204 ], [ 1.599526, 43.064827 ], [ 1.600568, 43.063836 ], [ 1.601214, 43.063379 ], [ 1.609966, 43.064241 ], [ 1.6104, 43.064927 ], [ 1.611509, 43.067681 ], [ 1.612079, 43.069965 ], [ 1.61233, 43.070317 ], [ 1.615241595780838, 43.071747269362582 ], [ 1.616814, 43.070271 ], [ 1.619684, 43.070482 ], [ 1.625887, 43.067913 ], [ 1.627833, 43.065143 ], [ 1.628705780540684, 43.064441064897316 ], [ 1.628553, 43.063817 ], [ 1.621316, 43.062612 ], [ 1.621241, 43.062634 ], [ 1.618276, 43.06362 ], [ 1.617965, 43.063762 ], [ 1.617665, 43.063844 ], [ 1.613223, 43.065534 ], [ 1.610503, 43.063893 ], [ 1.610197, 43.063585 ], [ 1.609467, 43.062695 ], [ 1.601064, 43.06144 ], [ 1.600827, 43.061559 ], [ 1.600666, 43.061237 ], [ 1.598668, 43.054913 ], [ 1.598744, 43.054561 ], [ 1.600199, 43.054878 ], [ 1.601654, 43.055194 ], [ 1.602899, 43.055392 ], [ 1.607246, 43.054757 ], [ 1.612211, 43.050871 ], [ 1.61407, 43.042359 ], [ 1.609251, 43.038847 ], [ 1.608413, 43.038658 ], [ 1.608127, 43.038609 ], [ 1.607817, 43.038553 ], [ 1.605681, 43.038026 ], [ 1.605399, 43.037897 ], [ 1.605117, 43.037768 ], [ 1.603991, 43.030966 ], [ 1.603797, 43.025381 ], [ 1.603959, 43.02506 ], [ 1.60521, 43.024965 ], [ 1.609616, 43.017738 ], [ 1.609609, 43.017453 ], [ 1.609604, 43.017241 ], [ 1.610498, 43.014594 ], [ 1.613843, 43.006495 ], [ 1.613632, 43.003221 ], [ 1.614424, 43.001052 ], [ 1.614764, 43.001171 ], [ 1.614336, 43.004287 ], [ 1.614301, 43.004785 ], [ 1.614268, 43.005278 ], [ 1.614202, 43.006514 ], [ 1.614136, 43.007753 ], [ 1.614122, 43.007955 ], [ 1.614108, 43.008154 ], [ 1.614078, 43.008356 ], [ 1.614049, 43.008544 ], [ 1.614003, 43.008792 ], [ 1.613957, 43.009035 ], [ 1.613765, 43.015344 ], [ 1.619496, 43.022035 ], [ 1.619779, 43.022174 ], [ 1.620061, 43.022313 ], [ 1.620064, 43.022314 ], [ 1.620354, 43.022463 ], [ 1.625612, 43.025956 ], [ 1.628047, 43.028549 ], [ 1.628538, 43.029207 ], [ 1.628584, 43.029378 ], [ 1.634619, 43.034519 ], [ 1.637434, 43.033886 ], [ 1.639708, 43.032485 ], [ 1.64018411164892, 43.032068502107002 ], [ 1.638271, 43.03225 ] ] ] ] } },
{ "type": "Feature", "properties": { "codgeo": "09324", "value": 420, "isochrone_group": 7.0, "nb_agences": 1 }, "geometry": { "type": "MultiPolygon", "coordinates": [ [ [ [ 1.608208, 43.003006 ], [ 1.601763, 43.008697 ], [ 1.601252, 43.012261 ], [ 1.596813, 43.018157 ], [ 1.593695, 43.019992 ], [ 1.593687, 43.019996 ], [ 1.587839, 43.022762 ], [ 1.584184, 43.02361 ], [ 1.582371, 43.02404 ], [ 1.583201, 43.027543 ], [ 1.585775, 43.02712 ], [ 1.58865, 43.026269 ], [ 1.589187, 43.026126 ], [ 1.589694, 43.025964 ], [ 1.596373, 43.029497 ], [ 1.596384, 43.033097 ], [ 1.596445, 43.033874 ], [ 1.596617, 43.034632 ], [ 1.597645, 43.0362 ], [ 1.598147, 43.036239 ], [ 1.600093, 43.036623 ], [ 1.600518, 43.036765 ], [ 1.60662, 43.039753 ], [ 1.604025, 43.037183 ], [ 1.602966, 43.036442 ], [ 1.602951, 43.036428 ], [ 1.601346, 43.034915 ], [ 1.600087, 43.032324 ], [ 1.600125, 43.030555 ], [ 1.595573, 43.023955 ], [ 1.594777, 43.023537 ], [ 1.5954, 43.020359 ], [ 1.595579, 43.020027 ], [ 1.596808, 43.020308 ], [ 1.597512, 43.020458 ], [ 1.598092, 43.020606 ], [ 1.603835, 43.020219 ], [ 1.606422, 43.013777 ], [ 1.60595, 43.012303 ], [ 1.606172, 43.011405 ], [ 1.606434, 43.010456 ], [ 1.606791, 43.009778 ], [ 1.612179, 43.003904 ], [ 1.611686, 43.002158 ], [ 1.61191, 43.001168 ], [ 1.612857, 42.99827 ], [ 1.608208, 43.003006 ] ] ], [ [ [ 1.607587, 43.048449 ], [ 1.606025, 43.050135 ], [ 1.599001, 43.05296 ], [ 1.604789, 43.051957 ], [ 1.606951, 43.050895 ], [ 1.610188, 43.049662 ], [ 1.611509, 43.040883 ], [ 1.609744, 43.040618 ], [ 1.608134, 43.040254 ], [ 1.60732, 43.040094 ], [ 1.60662, 43.039753 ], [ 1.607587, 43.048449 ] ] ], [ [ [ 1.589001, 43.051956 ], [ 1.585789, 43.050331 ], [ 1.579737, 43.05126 ], [ 1.578493, 43.053913 ], [ 1.578991, 43.054782 ], [ 1.579615, 43.054914 ], [ 1.580194, 43.055082 ], [ 1.580404, 43.055084 ], [ 1.581749, 43.055194 ], [ 1.584517, 43.056021 ], [ 1.585382, 43.05652 ], [ 1.584876, 43.06538 ], [ 1.584333, 43.065579 ], [ 1.583901, 43.065834 ], [ 1.582846, 43.066631 ], [ 1.582563, 43.066844 ], [ 1.581931, 43.06799 ], [ 1.582279, 43.068787 ], [ 1.584728, 43.06972 ], [ 1.590844, 43.070205 ], [ 1.597456, 43.065795 ], [ 1.59698, 43.065903 ], [ 1.595489, 43.066218 ], [ 1.593027, 43.066779 ], [ 1.591755, 43.063411 ], [ 1.588294, 43.056415 ], [ 1.588489, 43.05282 ], [ 1.590961, 43.052742 ], [ 1.592597, 43.052643 ], [ 1.589001, 43.051956 ] ] ], [ [ [ 1.610647087547255, 43.071141745988534 ], [ 1.611513180687694, 43.067697752088947 ], [ 1.611509, 43.067681 ], [ 1.6104, 43.064927 ], [ 1.610647087547255, 43.071141745988534 ] ] ], [ [ [ 1.64212, 43.079761 ], [ 1.643719730102389, 43.086587313969986 ], [ 1.643824, 43.086535 ], [ 1.649133, 43.085565 ], [ 1.650721, 43.085621 ], [ 1.65562, 43.084495 ], [ 1.660809, 43.086387 ], [ 1.661823, 43.086756 ], [ 1.663154, 43.08573 ], [ 1.66329, 43.084667 ], [ 1.663055, 43.083374 ], [ 1.66258, 43.079275 ], [ 1.662704, 43.076951 ], [ 1.665081, 43.069695 ], [ 1.666678, 43.067243 ], [ 1.671226, 43.063513 ], [ 1.677433, 43.065056 ], [ 1.680618, 43.065082 ], [ 1.680757, 43.065076 ], [ 1.682364, 43.063898 ], [ 1.682382, 43.063777 ], [ 1.681361, 43.06156 ], [ 1.680442, 43.059933 ], [ 1.678609, 43.059067 ], [ 1.676389, 43.058865 ], [ 1.675557, 43.050007 ], [ 1.677428, 43.04954 ], [ 1.680627, 43.044567 ], [ 1.678248, 43.041865 ], [ 1.672652, 43.043655 ], [ 1.669097, 43.043147 ], [ 1.668167, 43.043074 ], [ 1.667933, 43.043048 ], [ 1.661358, 43.043202 ], [ 1.660782, 43.043244 ], [ 1.660018, 43.043247 ], [ 1.658453, 43.043443 ], [ 1.650329948732675, 43.042770289692577 ], [ 1.653897, 43.044702 ], [ 1.65782, 43.04605 ], [ 1.658419, 43.046074 ], [ 1.663, 43.045469 ], [ 1.663685, 43.04532 ], [ 1.670361, 43.047912 ], [ 1.672547, 43.047556 ], [ 1.672631, 43.047604 ], [ 1.673365, 43.048359 ], [ 1.673583, 43.049518 ], [ 1.673356, 43.049974 ], [ 1.673372, 43.058511 ], [ 1.675699, 43.058791 ], [ 1.675269, 43.062365 ], [ 1.672942, 43.062085 ], [ 1.665717, 43.065355 ], [ 1.664627, 43.067119 ], [ 1.664084, 43.067742 ], [ 1.663902, 43.067878 ], [ 1.658081, 43.070795 ], [ 1.656011, 43.077862 ], [ 1.655339, 43.079915 ], [ 1.65452, 43.082194 ], [ 1.652812, 43.08248 ], [ 1.649251, 43.082298 ], [ 1.64911, 43.082242 ], [ 1.643361, 43.077633 ], [ 1.64231943571648, 43.078627065497734 ], [ 1.64212, 43.079761 ] ] ], [ [ [ 1.650355, 43.035534 ], [ 1.650406, 43.035446 ], [ 1.65679, 43.029586 ], [ 1.655494, 43.02968 ], [ 1.653497, 43.030181 ], [ 1.652761, 43.030429 ], [ 1.649258, 43.031835 ], [ 1.646812, 43.036241 ], [ 1.649194, 43.042016 ], [ 1.650202, 43.042701 ], [ 1.650254483042563, 43.042729421804637 ], [ 1.650355, 43.035534 ] ] ], [ [ [ 1.663744, 43.025838 ], [ 1.665512, 43.024628 ], [ 1.666335, 43.024012 ], [ 1.667001, 43.023392 ], [ 1.668725, 43.021529 ], [ 1.670071, 43.019413 ], [ 1.670228, 43.018993 ], [ 1.669761, 43.017611 ], [ 1.669653, 43.017503 ], [ 1.666857, 43.01773 ], [ 1.664966, 43.020161 ], [ 1.662547, 43.022203 ], [ 1.661707, 43.022827 ], [ 1.661280460674501, 43.02314859116106 ], [ 1.661477, 43.023051 ], [ 1.663529975271854, 43.025991506066219 ], [ 1.663744, 43.025838 ] ] ], [ [ [ 1.648817, 43.020994 ], [ 1.648682, 43.020126 ], [ 1.645409, 43.018692 ], [ 1.645302, 43.018908 ], [ 1.645101, 43.019753 ], [ 1.644664, 43.022799 ], [ 1.644677486336859, 43.023777156079205 ], [ 1.648265, 43.023822 ], [ 1.652404103838555, 43.024434180181899 ], [ 1.648817, 43.020994 ] ] ], [ [ [ 1.636119, 43.030345 ], [ 1.635645, 43.030092 ], [ 1.635288, 43.029966 ], [ 1.635108, 43.029919 ], [ 1.631043786868651, 43.028346845172578 ], [ 1.632538, 43.032204 ], [ 1.637295, 43.032233 ], [ 1.638271, 43.03225 ], [ 1.642287, 43.031869 ], [ 1.636119, 43.030345 ] ] ], [ [ [ 1.624222, 43.020126 ], [ 1.622571, 43.016927 ], [ 1.616785235742221, 43.013863662535037 ], [ 1.619393, 43.018248 ], [ 1.620675, 43.018817 ], [ 1.623228, 43.020873 ], [ 1.625299080789732, 43.021901476114493 ], [ 1.624222, 43.020126 ] ] ], [ [ [ 1.615596, 43.00958 ], [ 1.616171, 43.008465 ], [ 1.618451, 43.006148 ], [ 1.619216, 43.00379 ], [ 1.621905, 42.996193 ], [ 1.621457, 42.996871 ], [ 1.620816, 42.997625 ], [ 1.618012, 43.002417 ], [ 1.617707, 43.003305 ], [ 1.615724, 43.008267 ], [ 1.61565, 43.00879 ], [ 1.61555, 43.009332 ], [ 1.615054, 43.010953 ], [ 1.615495132400036, 43.011694659566324 ], [ 1.615596, 43.00958 ] ] ], [ [ [ 1.623832, 42.991167 ], [ 1.624631, 42.988638 ], [ 1.62543, 42.986109 ], [ 1.625626, 42.985488 ], [ 1.625791, 42.984785 ], [ 1.625865, 42.9842 ], [ 1.625881, 42.9836 ], [ 1.625847, 42.982982 ], [ 1.625735, 42.982323 ], [ 1.625614, 42.981882 ], [ 1.624300244992081, 42.977963464301638 ], [ 1.622732804910651, 42.978249945398055 ], [ 1.622725, 42.97826 ], [ 1.620780605367827, 42.979215600052022 ], [ 1.620854, 42.979573 ], [ 1.621012, 42.98017 ], [ 1.621212, 42.980795 ], [ 1.621471, 42.981448 ], [ 1.621892, 42.984949 ], [ 1.620041931546306, 42.986562143214421 ], [ 1.620151, 42.986751 ], [ 1.620397, 42.987345 ], [ 1.620361, 42.988335 ], [ 1.619931, 42.988626 ], [ 1.61636, 42.990981 ], [ 1.615697, 42.991308 ], [ 1.615649, 42.991302 ], [ 1.615027376140971, 42.990705516831945 ], [ 1.614102, 42.991346 ], [ 1.614096, 42.991412 ], [ 1.612857, 42.99827 ], [ 1.613403, 42.996583 ], [ 1.619684, 42.991903 ], [ 1.620622, 42.988948 ], [ 1.621561, 42.985993 ], [ 1.624992, 42.987082 ], [ 1.624054, 42.990038 ], [ 1.623115, 42.992993 ], [ 1.623832, 42.991167 ] ] ], [ [ [ 1.610302967118223, 43.072510015744498 ], [ 1.610303, 43.07251 ], [ 1.610319666887335, 43.072443724612718 ], [ 1.610304, 43.072502 ], [ 1.610302967118223, 43.072510015744498 ] ] ] ] } },
{ "type": "Feature", "properties": { "codgeo": "09324", "value": 480, "isochrone_group": 8.0, "nb_agences": 1 }, "geometry": { "type": "MultiPolygon", "coordinates": [ [ [ [ 1.600184, 43.006217 ], [ 1.600059, 43.006236 ], [ 1.596451, 43.007138 ], [ 1.596061, 43.010717 ], [ 1.596813, 43.018157 ], [ 1.601252, 43.012261 ], [ 1.601763, 43.008697 ], [ 1.608208, 43.003006 ], [ 1.612857, 42.99827 ], [ 1.613348818291986, 42.995547732165896 ], [ 1.610230776315888, 42.993628901935175 ], [ 1.608745, 42.99643 ], [ 1.606967, 42.997706 ], [ 1.605641, 43.003026 ], [ 1.600184, 43.006217 ] ] ], [ [ [ 1.580961, 43.024374 ], [ 1.578288, 43.025002 ], [ 1.575615, 43.02563 ], [ 1.572942, 43.026258 ], [ 1.570269, 43.026886 ], [ 1.568712, 43.027252 ], [ 1.569195, 43.029654 ], [ 1.569535, 43.030756 ], [ 1.571092, 43.03039 ], [ 1.573765, 43.029762 ], [ 1.576438, 43.029134 ], [ 1.579111, 43.028506 ], [ 1.585802, 43.030449 ], [ 1.585956, 43.030474 ], [ 1.586507, 43.030504 ], [ 1.592298, 43.033563 ], [ 1.592429, 43.033597 ], [ 1.593665, 43.033476 ], [ 1.596444867343978, 43.033872310266737 ], [ 1.596384, 43.033097 ], [ 1.596373, 43.029497 ], [ 1.589694, 43.025964 ], [ 1.589187, 43.026126 ], [ 1.58865, 43.026269 ], [ 1.585775, 43.02712 ], [ 1.583201, 43.027543 ], [ 1.582371, 43.02404 ], [ 1.584184, 43.02361 ], [ 1.580961, 43.024374 ] ] ], [ [ [ 1.603451, 43.049245 ], [ 1.60269, 43.049262 ], [ 1.602519, 43.049309 ], [ 1.600409, 43.051257 ], [ 1.596516, 43.052512 ], [ 1.597564, 43.052684 ], [ 1.599001, 43.05296 ], [ 1.606025, 43.050135 ], [ 1.607587, 43.048449 ], [ 1.6074980561104, 43.047649148848024 ], [ 1.603451, 43.049245 ] ] ], [ [ [ 1.590734, 43.047474 ], [ 1.587149, 43.047143 ], [ 1.579495, 43.051225 ], [ 1.578578, 43.051155 ], [ 1.577389, 43.05103 ], [ 1.576946, 43.050952 ], [ 1.575163, 43.050457 ], [ 1.573034, 43.050009 ], [ 1.571836, 43.049685 ], [ 1.570447, 43.049462 ], [ 1.569962, 43.049362 ], [ 1.569238, 43.052888 ], [ 1.569723, 43.052988 ], [ 1.57206, 43.053475 ], [ 1.574417, 43.053978 ], [ 1.575974, 43.054419 ], [ 1.576716, 43.054567 ], [ 1.578183, 43.054734 ], [ 1.580289, 43.055204 ], [ 1.58174, 43.063859 ], [ 1.577407, 43.06817 ], [ 1.576745, 43.069063 ], [ 1.576965, 43.071742 ], [ 1.58246, 43.075996 ], [ 1.582534, 43.07592 ], [ 1.582861, 43.075468 ], [ 1.583337, 43.074341 ], [ 1.587860155713462, 43.069968380562642 ], [ 1.584728, 43.06972 ], [ 1.582279, 43.068787 ], [ 1.581931, 43.06799 ], [ 1.582563, 43.066844 ], [ 1.582846, 43.066631 ], [ 1.583901, 43.065834 ], [ 1.584333, 43.065579 ], [ 1.584876, 43.06538 ], [ 1.585382, 43.05652 ], [ 1.584517, 43.056021 ], [ 1.581749, 43.055194 ], [ 1.580404, 43.055084 ], [ 1.580194, 43.055082 ], [ 1.579615, 43.054914 ], [ 1.578991, 43.054782 ], [ 1.578493, 43.053913 ], [ 1.579737, 43.05126 ], [ 1.585789, 43.050331 ], [ 1.589001, 43.051956 ], [ 1.592597, 43.052643 ], [ 1.594812, 43.052402 ], [ 1.595487, 43.05241 ], [ 1.596516, 43.052512 ], [ 1.590734, 43.047474 ] ] ], [ [ [ 1.654000342398436, 43.088005060070209 ], [ 1.65709230156872, 43.089705424459297 ], [ 1.659407, 43.088037 ], [ 1.662493, 43.088654 ], [ 1.669725, 43.089646 ], [ 1.671798, 43.090411 ], [ 1.67508, 43.091607 ], [ 1.676313, 43.088224 ], [ 1.673031, 43.087028 ], [ 1.669327, 43.079769 ], [ 1.669735, 43.075655 ], [ 1.672329, 43.069364 ], [ 1.680161, 43.068134 ], [ 1.68316, 43.06944 ], [ 1.683445, 43.069599 ], [ 1.685829, 43.070691 ], [ 1.687328, 43.067417 ], [ 1.688498, 43.060582 ], [ 1.685178, 43.058923 ], [ 1.679829, 43.052384 ], [ 1.682711, 43.044049 ], [ 1.683023, 43.043794 ], [ 1.685146, 43.042284 ], [ 1.688476, 43.041068 ], [ 1.688849, 43.040987 ], [ 1.689823, 43.040724 ], [ 1.688882, 43.037249 ], [ 1.686348, 43.03724 ], [ 1.685249, 43.037911 ], [ 1.683996, 43.038627 ], [ 1.681962, 43.039847 ], [ 1.67946, 43.041157 ], [ 1.678952, 43.041355 ], [ 1.670464, 43.041367 ], [ 1.667953, 43.041798 ], [ 1.660923, 43.039876 ], [ 1.660826, 43.03994 ], [ 1.660489, 43.040154 ], [ 1.659752, 43.041022 ], [ 1.659579, 43.041287 ], [ 1.658939, 43.042296 ], [ 1.650254914347867, 43.042698547177437 ], [ 1.650254, 43.042764 ], [ 1.658453, 43.043443 ], [ 1.660018, 43.043247 ], [ 1.660782, 43.043244 ], [ 1.661358, 43.043202 ], [ 1.667933, 43.043048 ], [ 1.668167, 43.043074 ], [ 1.669097, 43.043147 ], [ 1.672652, 43.043655 ], [ 1.678248, 43.041865 ], [ 1.680627, 43.044567 ], [ 1.677428, 43.04954 ], [ 1.675557, 43.050007 ], [ 1.676389, 43.058865 ], [ 1.678609, 43.059067 ], [ 1.680442, 43.059933 ], [ 1.681361, 43.06156 ], [ 1.682382, 43.063777 ], [ 1.682364, 43.063898 ], [ 1.680757, 43.065076 ], [ 1.680618, 43.065082 ], [ 1.677433, 43.065056 ], [ 1.671226, 43.063513 ], [ 1.666678, 43.067243 ], [ 1.665081, 43.069695 ], [ 1.662704, 43.076951 ], [ 1.66258, 43.079275 ], [ 1.663055, 43.083374 ], [ 1.66329, 43.084667 ], [ 1.663154, 43.08573 ], [ 1.661823, 43.086756 ], [ 1.660809, 43.086387 ], [ 1.65562, 43.084495 ], [ 1.652498312451298, 43.085212497485166 ], [ 1.654000342398436, 43.088005060070209 ] ] ], [ [ [ 1.650701237309444, 43.035174995828122 ], [ 1.650406, 43.035446 ], [ 1.650355, 43.035534 ], [ 1.650701237309444, 43.035174995828122 ] ] ], [ [ [ 1.668749, 43.022141 ], [ 1.668893, 43.021981 ], [ 1.669189, 43.021542 ], [ 1.6699, 43.020212 ], [ 1.670236, 43.019503 ], [ 1.671033, 43.018012 ], [ 1.672663, 43.015853 ], [ 1.673276, 43.015196 ], [ 1.674365, 43.013931 ], [ 1.674868, 43.013429 ], [ 1.675214, 43.012804 ], [ 1.675243, 43.012713 ], [ 1.671954, 43.011258 ], [ 1.671372, 43.011572 ], [ 1.666615, 43.015273 ], [ 1.66602, 43.015711 ], [ 1.665817, 43.015937 ], [ 1.662547, 43.022203 ], [ 1.664966, 43.020161 ], [ 1.666857, 43.01773 ], [ 1.669653, 43.017503 ], [ 1.669761, 43.017611 ], [ 1.670228, 43.018993 ], [ 1.670071, 43.019413 ], [ 1.668725, 43.021529 ], [ 1.667001, 43.023392 ], [ 1.668749, 43.022141 ] ] ], [ [ [ 1.648897, 43.019841 ], [ 1.648957, 43.018785 ], [ 1.648952, 43.018584 ], [ 1.648896, 43.017781 ], [ 1.648838, 43.017328 ], [ 1.648808, 43.015488 ], [ 1.648799, 43.015486 ], [ 1.645344, 43.014508 ], [ 1.645266, 43.014781 ], [ 1.645103, 43.015317 ], [ 1.645001, 43.016214 ], [ 1.645101, 43.019753 ], [ 1.645302, 43.018908 ], [ 1.645409, 43.018692 ], [ 1.648682, 43.020126 ], [ 1.648817, 43.020994 ], [ 1.654115, 43.026075 ], [ 1.648897, 43.019841 ] ] ], [ [ [ 1.63467, 43.029565 ], [ 1.63392, 43.029346 ], [ 1.626651, 43.02413 ], [ 1.628366, 43.027311 ], [ 1.635108, 43.029919 ], [ 1.635288, 43.029966 ], [ 1.635645, 43.030092 ], [ 1.63467, 43.029565 ] ] ], [ [ [ 1.626949, 43.019064 ], [ 1.625746, 43.015671 ], [ 1.617612, 43.012063 ], [ 1.617712223074031, 43.006898765849776 ], [ 1.616171, 43.008465 ], [ 1.615596, 43.00958 ], [ 1.615426, 43.013144 ], [ 1.622571, 43.016927 ], [ 1.624222, 43.020126 ], [ 1.626651, 43.02413 ], [ 1.626949, 43.019064 ] ] ], [ [ [ 1.625482723915035, 42.980569398853611 ], [ 1.625280660770404, 42.980887749425904 ], [ 1.625614, 42.981882 ], [ 1.625482723915035, 42.980569398853611 ] ] ], [ [ [ 1.622089, 42.969321 ], [ 1.621685, 42.971092 ], [ 1.621077, 42.97344 ], [ 1.620752074056865, 42.974848970903849 ], [ 1.62480715304136, 42.973814511979235 ], [ 1.624792, 42.973663 ], [ 1.625195, 42.971891 ], [ 1.625599, 42.97012 ], [ 1.622089, 42.969321 ] ] ] ] } },
{ "type": "Feature", "properties": { "codgeo": "09324", "value": 540, "isochrone_group": 9.0, "nb_agences": 1 }, "geometry": { "type": "MultiPolygon", "coordinates": [ [ [ [ 1.595222, 43.007068 ], [ 1.594693, 43.007158 ], [ 1.594056, 43.007317 ], [ 1.591532, 43.007889 ], [ 1.59133, 43.011483 ], [ 1.593687, 43.019996 ], [ 1.593695, 43.019992 ], [ 1.596813, 43.018157 ], [ 1.596061, 43.010717 ], [ 1.596447571698024, 43.00716946126353 ], [ 1.595222, 43.007068 ] ] ], [ [ [ 1.568433, 43.027317 ], [ 1.56608, 43.02787 ], [ 1.563228, 43.028543 ], [ 1.56038, 43.029215 ], [ 1.557932, 43.029786 ], [ 1.556001, 43.030242 ], [ 1.55407, 43.030698 ], [ 1.554898, 43.034202 ], [ 1.559172, 43.034063 ], [ 1.559636, 43.033718 ], [ 1.566928, 43.033002 ], [ 1.567804, 43.033264 ], [ 1.568452, 43.033276 ], [ 1.568934, 43.033241 ], [ 1.573765, 43.029762 ], [ 1.571092, 43.03039 ], [ 1.569535, 43.030756 ], [ 1.569195, 43.029654 ], [ 1.568712, 43.027252 ], [ 1.570269, 43.026886 ], [ 1.568433, 43.027317 ] ] ], [ [ [ 1.582501, 43.033519 ], [ 1.584962, 43.033696 ], [ 1.585251, 43.033499 ], [ 1.589281, 43.032035 ], [ 1.589464347420985, 43.032066169877503 ], [ 1.586507, 43.030504 ], [ 1.585956, 43.030474 ], [ 1.585802, 43.030449 ], [ 1.579111, 43.028506 ], [ 1.576438, 43.029134 ], [ 1.582501, 43.033519 ] ] ], [ [ [ 1.60095, 43.047277 ], [ 1.600453, 43.04709 ], [ 1.599185, 43.050459 ], [ 1.591858047603353, 43.048453410554423 ], [ 1.596516, 43.052512 ], [ 1.600409, 43.051257 ], [ 1.602519, 43.049309 ], [ 1.60269, 43.049262 ], [ 1.603451, 43.049245 ], [ 1.607785, 43.047536 ], [ 1.607471175576376, 43.045439437348413 ], [ 1.60095, 43.047277 ] ] ], [ [ [ 1.590931, 43.046815 ], [ 1.590807, 43.046003 ], [ 1.590646, 43.045618 ], [ 1.590304, 43.044957 ], [ 1.58976, 43.044089 ], [ 1.586709, 43.046001 ], [ 1.579495, 43.051225 ], [ 1.587149, 43.047143 ], [ 1.590734, 43.047474 ], [ 1.591104407999163, 43.047796745676202 ], [ 1.590931, 43.046815 ] ] ], [ [ [ 1.569442, 43.049144 ], [ 1.568899, 43.048963 ], [ 1.566164, 43.047624 ], [ 1.563891, 43.04531 ], [ 1.560739, 43.047048 ], [ 1.560979, 43.047694 ], [ 1.561177, 43.048182 ], [ 1.56168, 43.048899 ], [ 1.562375, 43.049554 ], [ 1.564483, 43.050949 ], [ 1.564845, 43.051203 ], [ 1.566177, 43.051861 ], [ 1.566811, 43.052093 ], [ 1.567864, 43.052411 ], [ 1.568297, 43.052557 ], [ 1.568963, 43.052809 ], [ 1.569240787136981, 43.052874426180942 ], [ 1.569962, 43.049362 ], [ 1.570447, 43.049462 ], [ 1.571836, 43.049685 ], [ 1.569442, 43.049144 ] ] ], [ [ [ 1.578092, 43.057147 ], [ 1.57743, 43.064065 ], [ 1.571305, 43.066353 ], [ 1.570171, 43.06625 ], [ 1.569381, 43.066264 ], [ 1.568703, 43.06637 ], [ 1.566256, 43.066803 ], [ 1.566884, 43.070348 ], [ 1.572419, 43.074884 ], [ 1.572048, 43.078126 ], [ 1.572986, 43.078494 ], [ 1.574821, 43.079122 ], [ 1.575533, 43.079215 ], [ 1.576111, 43.079134 ], [ 1.57661, 43.078933 ], [ 1.578861, 43.0781 ], [ 1.579768, 43.077742 ], [ 1.580067, 43.077614 ], [ 1.580818, 43.077256 ], [ 1.589218, 43.074647 ], [ 1.591812, 43.072649 ], [ 1.59698, 43.065903 ], [ 1.596052, 43.066083 ], [ 1.595489, 43.066218 ], [ 1.592985, 43.066793 ], [ 1.590158, 43.067988 ], [ 1.589737, 43.068154 ], [ 1.583337, 43.074341 ], [ 1.582861, 43.075468 ], [ 1.582534, 43.07592 ], [ 1.58246, 43.075996 ], [ 1.576965, 43.071742 ], [ 1.576745, 43.069063 ], [ 1.577407, 43.06817 ], [ 1.58174, 43.063859 ], [ 1.580289, 43.055204 ], [ 1.578183, 43.054734 ], [ 1.576716, 43.054567 ], [ 1.575974, 43.054419 ], [ 1.574417, 43.053978 ], [ 1.578092, 43.057147 ] ] ], [ [ [ 1.661628, 43.09084 ], [ 1.662054299555884, 43.09095123016948 ], [ 1.662604248627092, 43.091039997459276 ], [ 1.665217, 43.090667 ], [ 1.665427, 43.091218 ], [ 1.665761158106296, 43.091549554276895 ], [ 1.667003, 43.09175 ], [ 1.668661, 43.091802 ], [ 1.674745579021144, 43.091485133001001 ], [ 1.671798, 43.090411 ], [ 1.669725, 43.089646 ], [ 1.662493, 43.088654 ], [ 1.659407, 43.088037 ], [ 1.658818253494552, 43.088461365894396 ], [ 1.661628, 43.09084 ] ] ], [ [ [ 1.675304149887623, 43.091456044271332 ], [ 1.675753, 43.09136 ], [ 1.675753043484893, 43.091360203006396 ], [ 1.678621, 43.090747 ], [ 1.679295, 43.09063 ], [ 1.680162, 43.090576 ], [ 1.681103, 43.090629 ], [ 1.681593, 43.090706 ], [ 1.681805, 43.090756 ], [ 1.68180720236004, 43.090782339580677 ], [ 1.682196, 43.090867 ], [ 1.682657, 43.091033 ], [ 1.682996, 43.091172 ], [ 1.682738, 43.093528 ], [ 1.6827, 43.093571 ], [ 1.681637, 43.094505 ], [ 1.681149363778585, 43.094459387768403 ], [ 1.682161, 43.094713 ], [ 1.684459, 43.092774 ], [ 1.684447, 43.092699 ], [ 1.683827, 43.090777 ], [ 1.683534, 43.090516 ], [ 1.682818, 43.090123 ], [ 1.677025, 43.084102 ], [ 1.675221, 43.079734 ], [ 1.67511, 43.076135 ], [ 1.681112, 43.070222 ], [ 1.68631, 43.070875 ], [ 1.686842, 43.070982 ], [ 1.691193, 43.073209 ], [ 1.691536, 43.073453 ], [ 1.692926, 43.074256 ], [ 1.69377, 43.074025 ], [ 1.694274, 43.073621 ], [ 1.69453, 43.070506 ], [ 1.692478, 43.068739 ], [ 1.692076, 43.061075 ], [ 1.69169, 43.057496 ], [ 1.689198, 43.056318 ], [ 1.683654, 43.053205 ], [ 1.681889, 43.050067 ], [ 1.685146, 43.042284 ], [ 1.683023, 43.043794 ], [ 1.682711, 43.044049 ], [ 1.679829, 43.052384 ], [ 1.685178, 43.058923 ], [ 1.688498, 43.060582 ], [ 1.687328, 43.067417 ], [ 1.685829, 43.070691 ], [ 1.683445, 43.069599 ], [ 1.68316, 43.06944 ], [ 1.680161, 43.068134 ], [ 1.672329, 43.069364 ], [ 1.669735, 43.075655 ], [ 1.669327, 43.079769 ], [ 1.673031, 43.087028 ], [ 1.676313, 43.088224 ], [ 1.675131746441844, 43.091465022536291 ], [ 1.675304149887623, 43.091456044271332 ] ] ], [ [ [ 1.690293, 43.041694 ], [ 1.693712, 43.040566 ], [ 1.696618, 43.039253 ], [ 1.697899, 43.038872 ], [ 1.700851, 43.038141 ], [ 1.699985, 43.034646 ], [ 1.691288, 43.033481 ], [ 1.683962, 43.03414 ], [ 1.681478, 43.036097 ], [ 1.675441, 43.040807 ], [ 1.670033, 43.038667 ], [ 1.669919, 43.038572 ], [ 1.663595, 43.038991 ], [ 1.66022, 43.038518 ], [ 1.653564, 43.034042 ], [ 1.65679, 43.029586 ], [ 1.651033, 43.034831 ], [ 1.650355, 43.035534 ], [ 1.650202, 43.042701 ], [ 1.658939, 43.042296 ], [ 1.659579, 43.041287 ], [ 1.659752, 43.041022 ], [ 1.660489, 43.040154 ], [ 1.660826, 43.03994 ], [ 1.660923, 43.039876 ], [ 1.667953, 43.041798 ], [ 1.670464, 43.041367 ], [ 1.678952, 43.041355 ], [ 1.67946, 43.041157 ], [ 1.681962, 43.039847 ], [ 1.683996, 43.038627 ], [ 1.685249, 43.037911 ], [ 1.686348, 43.03724 ], [ 1.688882, 43.037249 ], [ 1.689823, 43.040724 ], [ 1.688849, 43.040987 ], [ 1.688476, 43.041068 ], [ 1.685146, 43.042284 ], [ 1.690293, 43.041694 ] ] ], [ [ [ 1.668265, 43.02445 ], [ 1.668907, 43.023664 ], [ 1.669146, 43.023299 ], [ 1.674282, 43.018778 ], [ 1.675454, 43.018186 ], [ 1.675511, 43.01811 ], [ 1.675833, 43.016678 ], [ 1.676976, 43.011953 ], [ 1.679769, 43.008575 ], [ 1.680342, 43.007948 ], [ 1.679989, 43.007119 ], [ 1.677685, 43.005519 ], [ 1.676714, 43.005624 ], [ 1.672134, 43.008849 ], [ 1.671105, 43.009445 ], [ 1.666408, 43.014512 ], [ 1.663089, 43.015668 ], [ 1.663125, 43.015809 ], [ 1.660569, 43.023685 ], [ 1.661707, 43.022827 ], [ 1.662547, 43.022203 ], [ 1.665817, 43.015937 ], [ 1.66602, 43.015711 ], [ 1.666615, 43.015273 ], [ 1.671372, 43.011572 ], [ 1.671954, 43.011258 ], [ 1.675243, 43.012713 ], [ 1.675214, 43.012804 ], [ 1.674868, 43.013429 ], [ 1.674365, 43.013931 ], [ 1.673276, 43.015196 ], [ 1.672663, 43.015853 ], [ 1.671033, 43.018012 ], [ 1.670236, 43.019503 ], [ 1.6699, 43.020212 ], [ 1.669189, 43.021542 ], [ 1.668893, 43.021981 ], [ 1.668749, 43.022141 ], [ 1.667001, 43.023392 ], [ 1.666335, 43.024012 ], [ 1.665512, 43.024628 ], [ 1.663744, 43.025838 ], [ 1.668265, 43.02445 ] ] ], [ [ [ 1.650042, 43.014055 ], [ 1.650411, 43.012196 ], [ 1.650377, 43.012108 ], [ 1.650084, 43.011626 ], [ 1.649003, 43.010183 ], [ 1.645543, 43.011177 ], [ 1.645467, 43.011433 ], [ 1.645195, 43.012966 ], [ 1.645058, 43.013901 ], [ 1.645041, 43.014294 ], [ 1.645001, 43.016214 ], [ 1.645103, 43.015317 ], [ 1.645266, 43.014781 ], [ 1.645344, 43.014508 ], [ 1.648799, 43.015486 ], [ 1.648808, 43.015488 ], [ 1.648838, 43.017328 ], [ 1.648896, 43.017781 ], [ 1.648952, 43.018584 ], [ 1.650042, 43.014055 ] ] ], [ [ [ 1.635908, 43.029529 ], [ 1.634201, 43.026521 ], [ 1.634118, 43.026545 ], [ 1.633389, 43.026952 ], [ 1.626651, 43.02413 ], [ 1.63392, 43.029346 ], [ 1.63467, 43.029565 ], [ 1.635645, 43.030092 ], [ 1.636119, 43.030345 ], [ 1.642287, 43.031869 ], [ 1.635908, 43.029529 ] ] ], [ [ [ 1.629698, 43.018183 ], [ 1.630032, 43.017958 ], [ 1.628017, 43.014974 ], [ 1.623466, 43.010751 ], [ 1.62096, 43.008166 ], [ 1.617899847117264, 43.004219243683472 ], [ 1.617758, 43.00454 ], [ 1.617612, 43.012063 ], [ 1.625746, 43.015671 ], [ 1.626949, 43.019064 ], [ 1.626651, 43.02413 ], [ 1.629698, 43.018183 ] ] ], [ [ [ 1.606655, 42.99687 ], [ 1.60447616978732, 42.995153275876952 ], [ 1.603749, 42.999317 ], [ 1.602738989517819, 43.004722960866523 ], [ 1.605641, 43.003026 ], [ 1.606967, 42.997706 ], [ 1.607360814510681, 42.997423374963098 ], [ 1.606655, 42.99687 ] ] ], [ [ [ 1.607107, 43.07901 ], [ 1.606877249835237, 43.079196131475534 ], [ 1.607832851955977, 43.079644330881671 ], [ 1.607107, 43.07901 ] ] ], [ [ [ 1.611124813219011, 43.082521216000139 ], [ 1.608607441714792, 43.080321254323962 ], [ 1.610024591395204, 43.083449056498473 ], [ 1.611124813219011, 43.082521216000139 ] ] ], [ [ [ 1.618411650326934, 43.103270313581305 ], [ 1.619657, 43.102057 ], [ 1.618389, 43.098744 ], [ 1.615964, 43.094104 ], [ 1.61435851685338, 43.091955377852088 ], [ 1.616324, 43.095772 ], [ 1.618048, 43.099526 ], [ 1.618411650326934, 43.103270313581305 ] ] ], [ [ [ 1.626873, 42.963403 ], [ 1.626815109584078, 42.962314061314274 ], [ 1.626851571742797, 42.96356479815406 ], [ 1.626873, 42.963403 ] ] ] ] } },
{ "type": "Feature", "properties": { "codgeo": "09324", "value": 600, "isochrone_group": 10.0, "nb_agences": 1 }, "geometry": { "type": "MultiPolygon", "coordinates": [ [ [ [ 1.603402, 42.996701 ], [ 1.60123, 42.994925 ], [ 1.600987692594539, 42.994961586854167 ], [ 1.600319, 42.995807 ], [ 1.601768, 42.997892 ], [ 1.60214, 42.998331 ], [ 1.60293, 42.998911 ], [ 1.603603875042365, 43.000093764058946 ], [ 1.603749, 42.999317 ], [ 1.604052980466709, 42.997576428782317 ], [ 1.603402, 42.996701 ] ] ], [ [ [ 1.617866616258194, 43.003087248746802 ], [ 1.617612, 43.003848 ], [ 1.62096, 43.008166 ], [ 1.623466, 43.010751 ], [ 1.623798136561517, 43.011059198791301 ], [ 1.624072, 43.01004 ], [ 1.62661, 43.007524 ], [ 1.624704, 43.004469 ], [ 1.622225532277779, 42.997140740311139 ], [ 1.617866616258194, 43.003087248746802 ] ] ], [ [ [ 1.602384, 43.006623 ], [ 1.602637032710643, 43.005268672539216 ], [ 1.599623, 43.007483 ], [ 1.602384, 43.006623 ] ] ], [ [ [ 1.651144, 43.00987 ], [ 1.648716, 43.005827 ], [ 1.648585, 43.005463 ], [ 1.645197, 43.00668 ], [ 1.645246, 43.01046 ], [ 1.645195, 43.012966 ], [ 1.645467, 43.011433 ], [ 1.645543, 43.011177 ], [ 1.649003, 43.010183 ], [ 1.650084, 43.011626 ], [ 1.650377, 43.012108 ], [ 1.650411, 43.012196 ], [ 1.650042, 43.014055 ], [ 1.650881, 43.012021 ], [ 1.651316, 43.011314 ], [ 1.651257, 43.010473 ], [ 1.651232, 43.010001 ], [ 1.651144, 43.00987 ] ] ], [ [ [ 1.587699, 43.008636 ], [ 1.58542, 43.009303 ], [ 1.586095, 43.012839 ], [ 1.586487, 43.012791 ], [ 1.586947, 43.012719 ], [ 1.587699, 43.012508 ], [ 1.588205, 43.012384 ], [ 1.588675, 43.01223 ], [ 1.59056, 43.011597 ], [ 1.593687, 43.019996 ], [ 1.59133, 43.011483 ], [ 1.591532, 43.007889 ], [ 1.594056, 43.007317 ], [ 1.591214, 43.007898 ], [ 1.590355, 43.008003 ], [ 1.589484, 43.008069 ], [ 1.588936, 43.008191 ], [ 1.587699, 43.008636 ] ] ], [ [ [ 1.633389, 43.026952 ], [ 1.634118, 43.026545 ], [ 1.634201, 43.026521 ], [ 1.635908, 43.029529 ], [ 1.642287, 43.031869 ], [ 1.644936, 43.02613 ], [ 1.644712, 43.025071 ], [ 1.644659, 43.024282 ], [ 1.644681, 43.024032 ], [ 1.644664, 43.022799 ], [ 1.637947, 43.027341 ], [ 1.635766, 43.024477 ], [ 1.634952, 43.025097 ], [ 1.626651, 43.02413 ], [ 1.633389, 43.026952 ] ] ], [ [ [ 1.546141, 43.036316 ], [ 1.553604, 43.03866 ], [ 1.554628, 43.044573 ], [ 1.554671, 43.048173 ], [ 1.555992, 43.048266 ], [ 1.556632, 43.048259 ], [ 1.562375, 43.049554 ], [ 1.56168, 43.048899 ], [ 1.561177, 43.048182 ], [ 1.560979, 43.047694 ], [ 1.560739, 43.047048 ], [ 1.563891, 43.04531 ], [ 1.566164, 43.047624 ], [ 1.568899, 43.048963 ], [ 1.569442, 43.049144 ], [ 1.571836, 43.049685 ], [ 1.573034, 43.050009 ], [ 1.575163, 43.050457 ], [ 1.576946, 43.050952 ], [ 1.577389, 43.05103 ], [ 1.578578, 43.051155 ], [ 1.579495, 43.051225 ], [ 1.586709, 43.046001 ], [ 1.58976, 43.044089 ], [ 1.590304, 43.044957 ], [ 1.590646, 43.045618 ], [ 1.590807, 43.046003 ], [ 1.590931, 43.046815 ], [ 1.591188, 43.04827 ], [ 1.599185, 43.050459 ], [ 1.600453, 43.04709 ], [ 1.60095, 43.047277 ], [ 1.607856, 43.045331 ], [ 1.60662, 43.039753 ], [ 1.60592, 43.038758 ], [ 1.604025, 43.037183 ], [ 1.600595, 43.035009 ], [ 1.600129, 43.034673 ], [ 1.599522, 43.034311 ], [ 1.596049, 43.033079 ], [ 1.595522, 43.032997 ], [ 1.594833, 43.032945 ], [ 1.593775, 43.032799 ], [ 1.589281, 43.032035 ], [ 1.585251, 43.033499 ], [ 1.584962, 43.033696 ], [ 1.582501, 43.033519 ], [ 1.576438, 43.029134 ], [ 1.573765, 43.029762 ], [ 1.568934, 43.033241 ], [ 1.568452, 43.033276 ], [ 1.567804, 43.033264 ], [ 1.566928, 43.033002 ], [ 1.559636, 43.033718 ], [ 1.559172, 43.034063 ], [ 1.554898, 43.034202 ], [ 1.55407, 43.030698 ], [ 1.556001, 43.030242 ], [ 1.557932, 43.029786 ], [ 1.549118, 43.030807 ], [ 1.540995, 43.034426 ], [ 1.542278, 43.037789 ], [ 1.544209, 43.037053 ], [ 1.546141, 43.036316 ] ] ], [ [ [ 1.574417, 43.053978 ], [ 1.57206, 43.053475 ], [ 1.57126, 43.053239 ], [ 1.569723, 43.052988 ], [ 1.568963, 43.052809 ], [ 1.574246, 43.057927 ], [ 1.571305, 43.066353 ], [ 1.57743, 43.064065 ], [ 1.578092, 43.057147 ], [ 1.574417, 43.053978 ] ] ], [ [ [ 1.557705, 43.068768 ], [ 1.561794, 43.076639 ], [ 1.563955, 43.079517 ], [ 1.569348, 43.078471 ], [ 1.574821, 43.079122 ], [ 1.572986, 43.078494 ], [ 1.572048, 43.078126 ], [ 1.572419, 43.074884 ], [ 1.566884, 43.070348 ], [ 1.566256, 43.066803 ], [ 1.568703, 43.06637 ], [ 1.564345, 43.065938 ], [ 1.560727, 43.065862 ], [ 1.560353, 43.065789 ], [ 1.558986, 43.065404 ], [ 1.557705, 43.068768 ] ] ], [ [ [ 1.687854, 43.010854 ], [ 1.688414, 43.010317 ], [ 1.68875, 43.009589 ], [ 1.688808, 43.009317 ], [ 1.687207, 43.007896 ], [ 1.684792, 42.999384 ], [ 1.684816, 42.999106 ], [ 1.683578, 42.998227 ], [ 1.68326, 42.998138 ], [ 1.68123, 42.998792 ], [ 1.675047, 43.002413 ], [ 1.67477, 43.002582 ], [ 1.669451, 43.008512 ], [ 1.6654, 43.012638 ], [ 1.661951, 43.013671 ], [ 1.662006, 43.013852 ], [ 1.662227, 43.01442 ], [ 1.661909401135369, 43.019554718567221 ], [ 1.663125, 43.015809 ], [ 1.663089, 43.015668 ], [ 1.666408, 43.014512 ], [ 1.671105, 43.009445 ], [ 1.672134, 43.008849 ], [ 1.676714, 43.005624 ], [ 1.677685, 43.005519 ], [ 1.679989, 43.007119 ], [ 1.680342, 43.007948 ], [ 1.679769, 43.008575 ], [ 1.676976, 43.011953 ], [ 1.675833, 43.016678 ], [ 1.675511, 43.01811 ], [ 1.67977, 43.012062 ], [ 1.685795, 43.011206 ], [ 1.686666, 43.011288 ], [ 1.687267, 43.01115 ], [ 1.687854, 43.010854 ] ] ], [ [ [ 1.674282, 43.018778 ], [ 1.673735822226107, 43.019258776813814 ], [ 1.674322, 43.019037 ], [ 1.674691, 43.018851 ], [ 1.675253, 43.018413 ], [ 1.675440466231843, 43.018192836169582 ], [ 1.674282, 43.018778 ] ] ], [ [ [ 1.663744, 43.025838 ], [ 1.66263, 43.026637 ], [ 1.662164, 43.027 ], [ 1.664545, 43.026043 ], [ 1.667788, 43.025022 ], [ 1.668183, 43.024548 ], [ 1.668262678788843, 43.024450712639045 ], [ 1.663744, 43.025838 ] ] ], [ [ [ 1.667908, 43.037272 ], [ 1.663458, 43.036941 ], [ 1.659913, 43.036571 ], [ 1.660734, 43.027819 ], [ 1.660066, 43.028072 ], [ 1.657895, 43.029291 ], [ 1.65679, 43.029586 ], [ 1.653564, 43.034042 ], [ 1.66022, 43.038518 ], [ 1.663595, 43.038991 ], [ 1.669919, 43.038572 ], [ 1.670033, 43.038667 ], [ 1.670355746031311, 43.038794713851146 ], [ 1.669895, 43.037725 ], [ 1.669589, 43.037194 ], [ 1.669483, 43.037021 ], [ 1.669086, 43.037078 ], [ 1.667908, 43.037272 ] ] ], [ [ [ 1.685149, 43.048918 ], [ 1.692055, 43.044249 ], [ 1.693484, 43.044411 ], [ 1.694874, 43.044096 ], [ 1.69502, 43.043989 ], [ 1.701479, 43.038121 ], [ 1.702115, 43.038063 ], [ 1.702514, 43.037965 ], [ 1.705731, 43.037663 ], [ 1.706418, 43.037671 ], [ 1.70949, 43.037546 ], [ 1.709951, 43.037484 ], [ 1.710348, 43.037392 ], [ 1.713143, 43.036598 ], [ 1.712159, 43.033135 ], [ 1.707173, 43.033427 ], [ 1.703727, 43.034017 ], [ 1.702906, 43.034122 ], [ 1.695327, 43.030756 ], [ 1.691879, 43.029719 ], [ 1.689345, 43.029182 ], [ 1.684147, 43.031163 ], [ 1.680771, 43.03191 ], [ 1.680463, 43.032216 ], [ 1.680081, 43.032783 ], [ 1.678885, 43.034288 ], [ 1.679077, 43.034705 ], [ 1.679301, 43.035199 ], [ 1.678933228143881, 43.03808240259108 ], [ 1.681478, 43.036097 ], [ 1.683962, 43.03414 ], [ 1.691288, 43.033481 ], [ 1.699985, 43.034646 ], [ 1.700851, 43.038141 ], [ 1.697899, 43.038872 ], [ 1.696618, 43.039253 ], [ 1.693712, 43.040566 ], [ 1.690293, 43.041694 ], [ 1.685146, 43.042284 ], [ 1.681889, 43.050067 ], [ 1.683654, 43.053205 ], [ 1.689198, 43.056318 ], [ 1.69169, 43.057496 ], [ 1.692076, 43.061075 ], [ 1.692478, 43.068739 ], [ 1.694286, 43.061494 ], [ 1.693619, 43.057957 ], [ 1.691833, 43.054981 ], [ 1.68631, 43.052326 ], [ 1.685149, 43.048918 ] ] ], [ [ [ 1.703625, 43.07564 ], [ 1.700255, 43.072951 ], [ 1.699511, 43.07244 ], [ 1.698121, 43.071596 ], [ 1.697211, 43.0711 ], [ 1.696573, 43.070998 ], [ 1.694832, 43.0706 ], [ 1.692478, 43.068739 ], [ 1.69453, 43.070506 ], [ 1.694274, 43.073621 ], [ 1.69377, 43.074025 ], [ 1.693461762046651, 43.07410936370524 ], [ 1.696489, 43.075444 ], [ 1.698394, 43.07682 ], [ 1.699062, 43.077377 ], [ 1.70201, 43.078858 ], [ 1.703625, 43.07564 ] ] ], [ [ [ 1.681076, 43.07594 ], [ 1.686842, 43.070982 ], [ 1.68631, 43.070875 ], [ 1.681112, 43.070222 ], [ 1.67511, 43.076135 ], [ 1.675221, 43.079734 ], [ 1.677025, 43.084102 ], [ 1.681919115027065, 43.089188736851014 ], [ 1.684628510897786, 43.089517940571902 ], [ 1.684663, 43.089512 ], [ 1.688873270916881, 43.090321462292408 ], [ 1.686198, 43.089269 ], [ 1.682559, 43.083542 ], [ 1.681076, 43.07594 ] ] ], [ [ [ 1.689828820607236, 43.096499046445224 ], [ 1.688164, 43.097277 ], [ 1.687778314368857, 43.097480131576383 ], [ 1.687799, 43.097486 ], [ 1.695075, 43.094715 ], [ 1.694933, 43.091118 ], [ 1.69337152062785, 43.091179908873784 ], [ 1.693371547133172, 43.09117991391232 ], [ 1.694181, 43.091148 ], [ 1.694324, 43.094745 ], [ 1.689828820607236, 43.096499046445224 ] ] ] ] } },
{ "type": "Feature", "properties": { "codgeo": "09324", "value": 660, "isochrone_group": 11.0, "nb_agences": 1 }, "geometry": { "type": "MultiPolygon", "coordinates": [ [ [ [ 1.585124, 43.009385 ], [ 1.584442, 43.009713 ], [ 1.583702, 43.010499 ], [ 1.580785, 43.013211 ], [ 1.581454, 43.014234 ], [ 1.582326, 43.014968 ], [ 1.584184, 43.02361 ], [ 1.587839, 43.022762 ], [ 1.58825, 43.02265 ], [ 1.588584, 43.022539 ], [ 1.590473, 43.021833 ], [ 1.593687, 43.019996 ], [ 1.59056, 43.011597 ], [ 1.588675, 43.01223 ], [ 1.588205, 43.012384 ], [ 1.587699, 43.012508 ], [ 1.586947, 43.012719 ], [ 1.586487, 43.012791 ], [ 1.586095, 43.012839 ], [ 1.585422378633717, 43.009315460516746 ], [ 1.585124, 43.009385 ] ] ], [ [ [ 1.545598, 43.031551 ], [ 1.54272368503877, 43.033655827507673 ], [ 1.548951991478045, 43.030880960955443 ], [ 1.545598, 43.031551 ] ] ], [ [ [ 1.536253, 43.035015 ], [ 1.534988, 43.035063 ], [ 1.534328, 43.035734 ], [ 1.531559, 43.040632 ], [ 1.531123, 43.042711 ], [ 1.531298, 43.042966 ], [ 1.534007, 43.043272 ], [ 1.540518, 43.042341 ], [ 1.544944, 43.045958 ], [ 1.545428, 43.046978 ], [ 1.5455, 43.047012 ], [ 1.545898, 43.04715 ], [ 1.551105, 43.047837 ], [ 1.551724, 43.048108 ], [ 1.552393, 43.048292 ], [ 1.55671, 43.050332 ], [ 1.559307, 43.051171 ], [ 1.566907, 43.055849 ], [ 1.567514, 43.059397 ], [ 1.564217, 43.064947 ], [ 1.558751, 43.065326 ], [ 1.558209, 43.065214 ], [ 1.55776, 43.065189 ], [ 1.556738, 43.065222 ], [ 1.554833, 43.064979 ], [ 1.554198, 43.064842 ], [ 1.552032, 43.064556 ], [ 1.55029, 43.064023 ], [ 1.549953, 43.063896 ], [ 1.547352, 43.066328 ], [ 1.547623, 43.066635 ], [ 1.548184, 43.06707 ], [ 1.553059, 43.070326 ], [ 1.556538, 43.070612 ], [ 1.560358, 43.078299 ], [ 1.560183, 43.078895 ], [ 1.559444, 43.08308 ], [ 1.559146, 43.0838 ], [ 1.559036, 43.084304 ], [ 1.558857, 43.085377 ], [ 1.562408, 43.085969 ], [ 1.563962, 43.083419 ], [ 1.569348, 43.078471 ], [ 1.563955, 43.079517 ], [ 1.561794, 43.076639 ], [ 1.557705, 43.068768 ], [ 1.558986, 43.065404 ], [ 1.560353, 43.065789 ], [ 1.560727, 43.065862 ], [ 1.564345, 43.065938 ], [ 1.568703, 43.06637 ], [ 1.569381, 43.066264 ], [ 1.570171, 43.06625 ], [ 1.571305, 43.066353 ], [ 1.574246, 43.057927 ], [ 1.568963, 43.052809 ], [ 1.568297, 43.052557 ], [ 1.567864, 43.052411 ], [ 1.566811, 43.052093 ], [ 1.566177, 43.051861 ], [ 1.564845, 43.051203 ], [ 1.564483, 43.050949 ], [ 1.562375, 43.049554 ], [ 1.556632, 43.048259 ], [ 1.555992, 43.048266 ], [ 1.554671, 43.048173 ], [ 1.554628, 43.044573 ], [ 1.553604, 43.03866 ], [ 1.546141, 43.036316 ], [ 1.544209, 43.037053 ], [ 1.542278, 43.037789 ], [ 1.540995, 43.034426 ], [ 1.542062819259571, 43.03395025976851 ], [ 1.536253, 43.035015 ] ] ], [ [ [ 1.604641, 43.003674 ], [ 1.600951, 42.99945 ], [ 1.598175868715495, 42.998299709444254 ], [ 1.598172, 42.998798 ], [ 1.598483, 42.999452 ], [ 1.594693, 43.007158 ], [ 1.595222, 43.007068 ], [ 1.597662, 43.00727 ], [ 1.599623, 43.007483 ], [ 1.604675562120038, 43.003771020693947 ], [ 1.604641, 43.003674 ] ] ], [ [ [ 1.700958, 43.095586 ], [ 1.7055804478797, 43.094248738321497 ], [ 1.705387, 43.094259 ], [ 1.703484, 43.09436 ], [ 1.700703, 43.09495 ], [ 1.695165, 43.100676 ], [ 1.69241, 43.102995 ], [ 1.690830881571027, 43.102360627592148 ], [ 1.69249, 43.103089 ], [ 1.695244, 43.100771 ], [ 1.700958, 43.095586 ] ] ], [ [ [ 1.706679014513108, 43.090585273165559 ], [ 1.706679017613635, 43.090585331523656 ], [ 1.7071, 43.090563 ], [ 1.707290980605833, 43.094157634963182 ], [ 1.707681, 43.094137 ], [ 1.70749, 43.090542 ], [ 1.706679014513108, 43.090585273165559 ] ] ], [ [ [ 1.696531, 43.090822 ], [ 1.696531796353434, 43.090822033012479 ], [ 1.69893, 43.090752 ], [ 1.703293, 43.090765 ], [ 1.69918, 43.090744 ], [ 1.696122, 43.090834 ], [ 1.696531, 43.090822 ] ] ], [ [ [ 1.692379, 43.073793 ], [ 1.691909, 43.073637 ], [ 1.691536, 43.073453 ], [ 1.691193, 43.073209 ], [ 1.686842, 43.070982 ], [ 1.681076, 43.07594 ], [ 1.682559, 43.083542 ], [ 1.684360403007456, 43.086377019242555 ], [ 1.687401, 43.086986 ], [ 1.693344, 43.091181 ], [ 1.688761, 43.084318 ], [ 1.686499, 43.080435 ], [ 1.692379, 43.073793 ] ] ], [ [ [ 1.700742, 43.078221 ], [ 1.700743115897615, 43.07822154974366 ], [ 1.699062, 43.077377 ], [ 1.700742, 43.078221 ] ] ], [ [ [ 1.702646, 43.079159 ], [ 1.705542, 43.080148 ], [ 1.706078, 43.080274 ], [ 1.708525, 43.081194 ], [ 1.710925, 43.080016 ], [ 1.711346, 43.078957 ], [ 1.711202, 43.078613 ], [ 1.710523, 43.078062 ], [ 1.709037, 43.077284 ], [ 1.708334, 43.077022 ], [ 1.707831, 43.076885 ], [ 1.700255, 43.072951 ], [ 1.703625, 43.07564 ], [ 1.702014958734311, 43.078848119376453 ], [ 1.702646, 43.079159 ] ] ], [ [ [ 1.696373, 43.063636 ], [ 1.697053, 43.060656 ], [ 1.696759, 43.057068 ], [ 1.694457, 43.053993 ], [ 1.693382, 43.054247 ], [ 1.688649, 43.052969 ], [ 1.686487, 43.05009 ], [ 1.686167381880149, 43.048229493628952 ], [ 1.685149, 43.048918 ], [ 1.68631, 43.052326 ], [ 1.691833, 43.054981 ], [ 1.693619, 43.057957 ], [ 1.694286, 43.061494 ], [ 1.692478, 43.068739 ], [ 1.694832, 43.0706 ], [ 1.696573, 43.070998 ], [ 1.697211, 43.0711 ], [ 1.698121, 43.071596 ], [ 1.696373, 43.063636 ] ] ], [ [ [ 1.711055, 43.039897 ], [ 1.712218, 43.039412 ], [ 1.712642, 43.039191 ], [ 1.713116, 43.038887 ], [ 1.713498, 43.03856 ], [ 1.71865, 43.034446 ], [ 1.722196, 43.03267 ], [ 1.722655, 43.032387 ], [ 1.723031, 43.032074 ], [ 1.723773, 43.03135 ], [ 1.724017, 43.030992 ], [ 1.724096, 43.030845 ], [ 1.720922, 43.029147 ], [ 1.719936, 43.029688 ], [ 1.711231, 43.029194 ], [ 1.711126, 43.029202 ], [ 1.709619, 43.030613 ], [ 1.703727, 43.034017 ], [ 1.707173, 43.033427 ], [ 1.712159, 43.033135 ], [ 1.713143, 43.036598 ], [ 1.710348, 43.037392 ], [ 1.709951, 43.037484 ], [ 1.70949, 43.037546 ], [ 1.706418, 43.037671 ], [ 1.705731, 43.037663 ], [ 1.702514, 43.037965 ], [ 1.711055, 43.039897 ] ] ], [ [ [ 1.69692, 43.028321 ], [ 1.696898, 43.027756 ], [ 1.695725, 43.026793 ], [ 1.6952, 43.026635 ], [ 1.694418, 43.026594 ], [ 1.690615, 43.02542 ], [ 1.68812, 43.027117 ], [ 1.686997, 43.02802 ], [ 1.680355, 43.028954 ], [ 1.680237, 43.029216 ], [ 1.67966, 43.030381 ], [ 1.677733, 43.033422 ], [ 1.669045, 43.035021 ], [ 1.667275, 43.028165 ], [ 1.669009, 43.025011 ], [ 1.672957, 43.021338 ], [ 1.673307, 43.021177 ], [ 1.673703, 43.020891 ], [ 1.674293, 43.01999 ], [ 1.675253, 43.018413 ], [ 1.674691, 43.018851 ], [ 1.674322, 43.019037 ], [ 1.673537, 43.019334 ], [ 1.669146, 43.023299 ], [ 1.668907, 43.023664 ], [ 1.668183, 43.024548 ], [ 1.667788, 43.025022 ], [ 1.664545, 43.026043 ], [ 1.662164, 43.027 ], [ 1.661451, 43.027462 ], [ 1.660734, 43.027819 ], [ 1.659913, 43.036571 ], [ 1.663458, 43.036941 ], [ 1.667908, 43.037272 ], [ 1.669086, 43.037078 ], [ 1.669483, 43.037021 ], [ 1.669589, 43.037194 ], [ 1.669895, 43.037725 ], [ 1.670554, 43.039255 ], [ 1.670846, 43.039725 ], [ 1.678475, 43.041675 ], [ 1.679301, 43.035199 ], [ 1.679077, 43.034705 ], [ 1.678885, 43.034288 ], [ 1.680081, 43.032783 ], [ 1.680463, 43.032216 ], [ 1.680771, 43.03191 ], [ 1.684147, 43.031163 ], [ 1.689345, 43.029182 ], [ 1.691879, 43.029719 ], [ 1.695327, 43.030756 ], [ 1.702906, 43.034122 ], [ 1.703727, 43.034017 ], [ 1.69692, 43.028321 ] ] ], [ [ [ 1.677796, 43.016014 ], [ 1.67867, 43.015333 ], [ 1.686666, 43.011288 ], [ 1.685795, 43.011206 ], [ 1.67977, 43.012062 ], [ 1.675511, 43.01811 ], [ 1.677796, 43.016014 ] ] ], [ [ [ 1.689646, 43.01061 ], [ 1.691727, 43.010647 ], [ 1.691901, 43.010448 ], [ 1.693077, 43.008931 ], [ 1.693316, 43.008535 ], [ 1.693976, 43.007215 ], [ 1.693812, 43.004431 ], [ 1.693551, 43.00364 ], [ 1.686579, 42.998126 ], [ 1.682471, 42.990914 ], [ 1.682216, 42.990476 ], [ 1.680221, 42.990156 ], [ 1.67983, 42.99032 ], [ 1.679103, 42.992283 ], [ 1.679059, 42.993182 ], [ 1.679076, 42.993881 ], [ 1.673961, 43.000606 ], [ 1.67208, 43.003601 ], [ 1.670007, 43.007606 ], [ 1.663916, 43.009773 ], [ 1.661069, 43.011516 ], [ 1.652431, 43.013917 ], [ 1.651571, 43.011341 ], [ 1.651572, 43.010421 ], [ 1.650472, 43.003356 ], [ 1.65035, 43.00313 ], [ 1.64977, 43.00249 ], [ 1.648085, 43.001901 ], [ 1.646589, 43.001447 ], [ 1.645958, 43.002935 ], [ 1.645803, 43.003292 ], [ 1.645113, 43.004612 ], [ 1.644964, 43.005284 ], [ 1.645152, 43.00654 ], [ 1.645197625239646, 43.006728232772616 ], [ 1.645197, 43.00668 ], [ 1.648585, 43.005463 ], [ 1.648716, 43.005827 ], [ 1.651144, 43.00987 ], [ 1.651232, 43.010001 ], [ 1.651257, 43.010473 ], [ 1.651316, 43.011314 ], [ 1.650881, 43.012021 ], [ 1.650042, 43.014055 ], [ 1.648952, 43.018584 ], [ 1.648957, 43.018785 ], [ 1.648897, 43.019841 ], [ 1.654115, 43.026075 ], [ 1.657129, 43.025133 ], [ 1.658001, 43.024777 ], [ 1.660569, 43.023685 ], [ 1.661707, 43.022827 ], [ 1.662227, 43.01442 ], [ 1.662006, 43.013852 ], [ 1.661951, 43.013671 ], [ 1.6654, 43.012638 ], [ 1.669451, 43.008512 ], [ 1.67477, 43.002582 ], [ 1.675047, 43.002413 ], [ 1.68123, 42.998792 ], [ 1.68326, 42.998138 ], [ 1.683578, 42.998227 ], [ 1.684816, 42.999106 ], [ 1.684792, 42.999384 ], [ 1.687207, 43.007896 ], [ 1.688808, 43.009317 ], [ 1.68875, 43.009589 ], [ 1.688414, 43.010317 ], [ 1.687854, 43.010854 ], [ 1.687267, 43.01115 ], [ 1.689646, 43.01061 ] ] ], [ [ [ 1.63767, 43.023009 ], [ 1.6368, 43.02356 ], [ 1.636421, 43.023792 ], [ 1.636049, 43.02409 ], [ 1.634952, 43.025097 ], [ 1.635766, 43.024477 ], [ 1.637947, 43.027341 ], [ 1.644664, 43.022799 ], [ 1.645101, 43.019753 ], [ 1.63767, 43.023009 ] ] ], [ [ [ 1.628877, 43.008838 ], [ 1.629312, 43.008839 ], [ 1.630352, 43.008667 ], [ 1.632346, 43.008349 ], [ 1.631779, 43.004794 ], [ 1.627885, 43.004091 ], [ 1.627468, 43.003936 ], [ 1.626933, 43.00383 ], [ 1.626427, 43.003823 ], [ 1.621905, 42.996193 ], [ 1.624704, 43.004469 ], [ 1.62661, 43.007524 ], [ 1.624072, 43.01004 ], [ 1.623928290185657, 43.010574824472712 ], [ 1.628877, 43.008838 ] ] ] ] } },
{ "type": "Feature", "properties": { "codgeo": "09324", "value": 720, "isochrone_group": 12.0, "nb_agences": 1 }, "geometry": { "type": "MultiPolygon", "coordinates": [ [ [ [ 1.58191, 43.010239 ], [ 1.581143, 43.010432 ], [ 1.58017, 43.010919 ], [ 1.579533, 43.011221 ], [ 1.578846, 43.011895 ], [ 1.577945, 43.0128 ], [ 1.57729, 43.01349 ], [ 1.579901, 43.015968 ], [ 1.580961, 43.024374 ], [ 1.584184, 43.02361 ], [ 1.582326, 43.014968 ], [ 1.581454, 43.014234 ], [ 1.580785, 43.013211 ], [ 1.583702, 43.010499 ], [ 1.584442, 43.009713 ], [ 1.585124, 43.009385 ], [ 1.58191, 43.010239 ] ] ], [ [ [ 1.541596, 43.030528 ], [ 1.540097, 43.030721 ], [ 1.537381, 43.03269 ], [ 1.535278, 43.034391 ], [ 1.534806, 43.034998 ], [ 1.534328, 43.035734 ], [ 1.534988, 43.035063 ], [ 1.536253, 43.035015 ], [ 1.542408, 43.033887 ], [ 1.545598, 43.031551 ], [ 1.549132, 43.030845 ], [ 1.541596, 43.030528 ] ] ], [ [ [ 1.528607, 43.042069 ], [ 1.526937, 43.042796 ], [ 1.524525, 43.043839 ], [ 1.522112, 43.044883 ], [ 1.52354, 43.048187 ], [ 1.525953, 43.047144 ], [ 1.528366, 43.0461 ], [ 1.534109, 43.045702 ], [ 1.54059, 43.046752 ], [ 1.543164, 43.049269 ], [ 1.543788, 43.048817 ], [ 1.544137, 43.048558 ], [ 1.551105, 43.047837 ], [ 1.545898, 43.04715 ], [ 1.5455, 43.047012 ], [ 1.545428, 43.046978 ], [ 1.544944, 43.045958 ], [ 1.540518, 43.042341 ], [ 1.534007, 43.043272 ], [ 1.531298, 43.042966 ], [ 1.531123, 43.042711 ], [ 1.531559, 43.040632 ], [ 1.534328, 43.035734 ], [ 1.528607, 43.042069 ] ] ], [ [ [ 1.554265, 43.052004 ], [ 1.554286, 43.052027 ], [ 1.555201, 43.052565 ], [ 1.557389, 43.05315 ], [ 1.558151, 43.053557 ], [ 1.562197, 43.058304 ], [ 1.556738, 43.065222 ], [ 1.55776, 43.065189 ], [ 1.558209, 43.065214 ], [ 1.558751, 43.065326 ], [ 1.564217, 43.064947 ], [ 1.567514, 43.059397 ], [ 1.566907, 43.055849 ], [ 1.559307, 43.051171 ], [ 1.55671, 43.050332 ], [ 1.552393, 43.048292 ], [ 1.551724, 43.048108 ], [ 1.551105, 43.047837 ], [ 1.554265, 43.052004 ] ] ], [ [ [ 1.549626, 43.063584 ], [ 1.549342, 43.063424 ], [ 1.548849, 43.063158 ], [ 1.548102, 43.062885 ], [ 1.547353, 43.062554 ], [ 1.546944, 43.062469 ], [ 1.546114, 43.062419 ], [ 1.544396, 43.062352 ], [ 1.543177, 43.062339 ], [ 1.541699, 43.062139 ], [ 1.54066, 43.062404 ], [ 1.54015, 43.062492 ], [ 1.540163, 43.065231 ], [ 1.540761, 43.06604 ], [ 1.541434, 43.065999 ], [ 1.543003, 43.065941 ], [ 1.550017, 43.071288 ], [ 1.55357, 43.070711 ], [ 1.553925594036496, 43.070397240556026 ], [ 1.553059, 43.070326 ], [ 1.548184, 43.06707 ], [ 1.547623, 43.066635 ], [ 1.547352, 43.066328 ], [ 1.549953, 43.063896 ], [ 1.55029, 43.064023 ], [ 1.552032, 43.064556 ], [ 1.549626, 43.063584 ] ] ], [ [ [ 1.557392, 43.083364 ], [ 1.555672, 43.086526 ], [ 1.555325, 43.087645 ], [ 1.556737, 43.090957 ], [ 1.558319, 43.0908 ], [ 1.559113, 43.090715 ], [ 1.559776, 43.090552 ], [ 1.560447, 43.090233 ], [ 1.561492, 43.089467 ], [ 1.562015, 43.088888 ], [ 1.562352, 43.088128 ], [ 1.563145, 43.08635 ], [ 1.563178230123836, 43.084705108870153 ], [ 1.562408, 43.085969 ], [ 1.558857, 43.085377 ], [ 1.559036, 43.084304 ], [ 1.559146, 43.0838 ], [ 1.559444, 43.08308 ], [ 1.560183, 43.078895 ], [ 1.557392, 43.083364 ] ] ], [ [ [ 1.569348, 43.078471 ], [ 1.563962, 43.083419 ], [ 1.563787007907902, 43.083706149185879 ], [ 1.569348, 43.078471 ] ] ], [ [ [ 1.702263, 43.099606 ], [ 1.705698, 43.09853 ], [ 1.714068, 43.096292 ], [ 1.71462, 43.096177 ], [ 1.718029, 43.09539 ], [ 1.718008, 43.09179 ], [ 1.716506, 43.085129 ], [ 1.716336, 43.08155 ], [ 1.715544, 43.078039 ], [ 1.709497, 43.075042 ], [ 1.708582, 43.074754 ], [ 1.700255, 43.072951 ], [ 1.707831, 43.076885 ], [ 1.708334, 43.077022 ], [ 1.709037, 43.077284 ], [ 1.710523, 43.078062 ], [ 1.711202, 43.078613 ], [ 1.711346, 43.078957 ], [ 1.710925, 43.080016 ], [ 1.708525, 43.081194 ], [ 1.706078, 43.080274 ], [ 1.705542, 43.080148 ], [ 1.702646, 43.079159 ], [ 1.700742, 43.078221 ], [ 1.699062, 43.077377 ], [ 1.698394, 43.07682 ], [ 1.696489, 43.075444 ], [ 1.694906, 43.074503 ], [ 1.693064, 43.073934 ], [ 1.692379, 43.073793 ], [ 1.686499, 43.080435 ], [ 1.688421299233399, 43.083734862035058 ], [ 1.691715, 43.084658 ], [ 1.695964891162633, 43.090853624466021 ], [ 1.696122, 43.090834 ], [ 1.69918, 43.090744 ], [ 1.703293, 43.090765 ], [ 1.705549, 43.090645 ], [ 1.70585866951132, 43.090629045743057 ], [ 1.70749, 43.090542 ], [ 1.707490158908197, 43.090544990968397 ], [ 1.707917, 43.090523 ], [ 1.708731, 43.090534 ], [ 1.709214, 43.090577 ], [ 1.710133, 43.09072 ], [ 1.717849, 43.091791 ], [ 1.71787, 43.09539 ], [ 1.715247, 43.095982 ], [ 1.713298675490509, 43.095293085561451 ], [ 1.707864998383481, 43.097296175530659 ], [ 1.705639, 43.098342 ], [ 1.702204, 43.099418 ], [ 1.698212, 43.104297 ], [ 1.695458, 43.106615 ], [ 1.695372074215778, 43.106512937533694 ], [ 1.695372, 43.106513 ], [ 1.69336, 43.104123 ], [ 1.692489228304167, 43.103088661216511 ], [ 1.686550406590156, 43.100481448978975 ], [ 1.684529, 43.099829 ], [ 1.684321554760275, 43.100535500472162 ], [ 1.689021, 43.103048 ], [ 1.695537, 43.106709 ], [ 1.698292, 43.104391 ], [ 1.702263, 43.099606 ] ] ], [ [ [ 1.700519, 43.06511 ], [ 1.701158, 43.060754 ], [ 1.701124, 43.060088 ], [ 1.700987, 43.059477 ], [ 1.700617, 43.058844 ], [ 1.700363, 43.058402 ], [ 1.699518, 43.056754 ], [ 1.697567, 43.054019 ], [ 1.694472830003226, 43.05401414563854 ], [ 1.696759, 43.057068 ], [ 1.697053, 43.060656 ], [ 1.696373, 43.063636 ], [ 1.698121, 43.071596 ], [ 1.699511, 43.07244 ], [ 1.700255, 43.072951 ], [ 1.700519, 43.06511 ] ] ], [ [ [ 1.693968, 43.05391 ], [ 1.68977008340355, 43.053271713836821 ], [ 1.693382, 43.054247 ], [ 1.694374257262706, 43.054012550376989 ], [ 1.693968, 43.05391 ] ] ], [ [ [ 1.691972, 43.04207 ], [ 1.688476, 43.041068 ], [ 1.685146, 43.042284 ], [ 1.691972, 43.04207 ] ] ], [ [ [ 1.708823, 43.039872 ], [ 1.709401, 43.040289 ], [ 1.710596, 43.040891 ], [ 1.712319, 43.042079 ], [ 1.712855, 43.042343 ], [ 1.71367, 43.042545 ], [ 1.714104, 43.042586 ], [ 1.714656, 43.042089 ], [ 1.715055, 43.040644 ], [ 1.715035, 43.039805 ], [ 1.721718, 43.034146 ], [ 1.722801, 43.034335 ], [ 1.723297, 43.034358 ], [ 1.723786, 43.034289 ], [ 1.724912, 43.03395 ], [ 1.726989, 43.033107 ], [ 1.727441, 43.032871 ], [ 1.727998, 43.032302 ], [ 1.728335, 43.031895 ], [ 1.729723, 43.028643 ], [ 1.726555, 43.02169 ], [ 1.723162, 43.020487 ], [ 1.723079, 43.020721 ], [ 1.722869, 43.022236 ], [ 1.722651, 43.024247 ], [ 1.722524, 43.024665 ], [ 1.722094, 43.025924 ], [ 1.713235, 43.026255 ], [ 1.712074, 43.026156 ], [ 1.711646, 43.026262 ], [ 1.710539, 43.027484 ], [ 1.709995, 43.028039 ], [ 1.709667, 43.028716 ], [ 1.703727, 43.034017 ], [ 1.709619, 43.030613 ], [ 1.711126, 43.029202 ], [ 1.711231, 43.029194 ], [ 1.719936, 43.029688 ], [ 1.720922, 43.029147 ], [ 1.724096, 43.030845 ], [ 1.724017, 43.030992 ], [ 1.723773, 43.03135 ], [ 1.723031, 43.032074 ], [ 1.722655, 43.032387 ], [ 1.722196, 43.03267 ], [ 1.71865, 43.034446 ], [ 1.713498, 43.03856 ], [ 1.713116, 43.038887 ], [ 1.712642, 43.039191 ], [ 1.712218, 43.039412 ], [ 1.711055, 43.039897 ], [ 1.702514, 43.037965 ], [ 1.702115, 43.038063 ], [ 1.708823, 43.039872 ] ] ], [ [ [ 1.694792, 43.025989 ], [ 1.692549, 43.023825 ], [ 1.690649, 43.023295 ], [ 1.689703, 43.023134 ], [ 1.689556, 43.023167 ], [ 1.686144, 43.023505 ], [ 1.680637, 43.02651 ], [ 1.680378, 43.027061 ], [ 1.677813, 43.030124 ], [ 1.674885, 43.031453 ], [ 1.668848, 43.032468 ], [ 1.668383, 43.032301 ], [ 1.66733440367151, 43.028056949723215 ], [ 1.667275, 43.028165 ], [ 1.669045, 43.035021 ], [ 1.677733, 43.033422 ], [ 1.67966, 43.030381 ], [ 1.680237, 43.029216 ], [ 1.680355, 43.028954 ], [ 1.686997, 43.02802 ], [ 1.68812, 43.027117 ], [ 1.690615, 43.02542 ], [ 1.694418, 43.026594 ], [ 1.6952, 43.026635 ], [ 1.695725, 43.026793 ], [ 1.694792, 43.025989 ] ] ], [ [ [ 1.676601, 43.017321 ], [ 1.677023, 43.017392 ], [ 1.67867, 43.015333 ], [ 1.677796, 43.016014 ], [ 1.676050505122428, 43.017615119152467 ], [ 1.676601, 43.017321 ] ] ], [ [ [ 1.69128, 43.012454 ], [ 1.691373, 43.01228 ], [ 1.697755, 43.006037 ], [ 1.698093, 43.005893 ], [ 1.700116, 43.005028 ], [ 1.700865, 43.00473 ], [ 1.701296, 43.004426 ], [ 1.702459, 43.00293 ], [ 1.702436, 43.00065 ], [ 1.702161, 43.000466 ], [ 1.701177, 43.000152 ], [ 1.70043, 43.000232 ], [ 1.699883, 43.000486 ], [ 1.698019, 43.001387 ], [ 1.697359, 43.001627 ], [ 1.697002, 43.001824 ], [ 1.695004, 43.003034 ], [ 1.693411535423611, 43.003529700563057 ], [ 1.693551, 43.00364 ], [ 1.693812, 43.004431 ], [ 1.693976, 43.007215 ], [ 1.693316, 43.008535 ], [ 1.693077, 43.008931 ], [ 1.691901, 43.010448 ], [ 1.691727, 43.010647 ], [ 1.689646, 43.01061 ], [ 1.687267, 43.01115 ], [ 1.686666, 43.011288 ], [ 1.69128, 43.012454 ] ] ], [ [ [ 1.68146, 42.987274 ], [ 1.680985, 42.985638 ], [ 1.680319, 42.984972 ], [ 1.679673, 42.984558 ], [ 1.678939, 42.984273 ], [ 1.678804204122723, 42.984245905351301 ], [ 1.678679, 42.984437 ], [ 1.676572247697952, 42.984759287468613 ], [ 1.675526, 42.98702 ], [ 1.676961, 42.991856 ], [ 1.678546603393895, 42.994577029750957 ], [ 1.679076, 42.993881 ], [ 1.679059, 42.993182 ], [ 1.679103, 42.992283 ], [ 1.67983, 42.99032 ], [ 1.680221, 42.990156 ], [ 1.682216, 42.990476 ], [ 1.682471, 42.990914 ], [ 1.68146, 42.987274 ] ] ], [ [ [ 1.669016, 43.006565 ], [ 1.663491, 43.008269 ], [ 1.66003, 43.009258 ], [ 1.654118, 43.002485 ], [ 1.653607, 42.998922 ], [ 1.650123, 42.999137 ], [ 1.649919, 42.999144 ], [ 1.649385, 42.99924 ], [ 1.648562, 42.999559 ], [ 1.648419, 42.999621 ], [ 1.646975823533287, 43.00156439163375 ], [ 1.648085, 43.001901 ], [ 1.64977, 43.00249 ], [ 1.65035, 43.00313 ], [ 1.650472, 43.003356 ], [ 1.651572, 43.010421 ], [ 1.651571, 43.011341 ], [ 1.652431, 43.013917 ], [ 1.661069, 43.011516 ], [ 1.663916, 43.009773 ], [ 1.670007, 43.007606 ], [ 1.671336617234059, 43.005037202594117 ], [ 1.669016, 43.006565 ] ] ], [ [ [ 1.637065, 43.005999 ], [ 1.635058, 43.00301 ], [ 1.627468, 43.003936 ], [ 1.627885, 43.004091 ], [ 1.631779, 43.004794 ], [ 1.632346, 43.008349 ], [ 1.630352, 43.008667 ], [ 1.629312, 43.008839 ], [ 1.628877, 43.008838 ], [ 1.623489, 43.010729 ], [ 1.622147, 43.017204 ], [ 1.623456, 43.020522 ], [ 1.626651, 43.02413 ], [ 1.634952, 43.025097 ], [ 1.636049, 43.02409 ], [ 1.636421, 43.023792 ], [ 1.6368, 43.02356 ], [ 1.63767, 43.023009 ], [ 1.645101, 43.019753 ], [ 1.645296, 43.01797 ], [ 1.645001, 43.016214 ], [ 1.645041, 43.014294 ], [ 1.645058, 43.013901 ], [ 1.645195, 43.012966 ], [ 1.645246, 43.01046 ], [ 1.645443, 43.00901 ], [ 1.645351, 43.007361 ], [ 1.645152, 43.00654 ], [ 1.644964, 43.005284 ], [ 1.645113, 43.004612 ], [ 1.637065, 43.005999 ] ] ], [ [ [ 1.626038, 42.968395 ], [ 1.626031088941052, 42.968422050943019 ], [ 1.626034671320137, 42.968424102832969 ], [ 1.626038, 42.968395 ] ] ] ] } },
{ "type": "Feature", "properties": { "codgeo": "09324", "value": 780, "isochrone_group": 13.0, "nb_agences": 1 }, "geometry": { "type": "MultiPolygon", "coordinates": [ [ [ [ 1.575736, 43.01417 ], [ 1.575725, 43.017681 ], [ 1.575615, 43.02563 ], [ 1.578288, 43.025002 ], [ 1.580961, 43.024374 ], [ 1.579901, 43.015968 ], [ 1.57729, 43.01349 ], [ 1.577945, 43.0128 ], [ 1.578846, 43.011895 ], [ 1.575736, 43.01417 ] ] ], [ [ [ 1.540122, 43.02913 ], [ 1.539414, 43.028419 ], [ 1.538669, 43.028042 ], [ 1.538236, 43.027938 ], [ 1.537922, 43.027914 ], [ 1.535271, 43.029279 ], [ 1.535251, 43.030273 ], [ 1.534328, 43.035734 ], [ 1.534806, 43.034998 ], [ 1.535278, 43.034391 ], [ 1.537381, 43.03269 ], [ 1.540097, 43.030721 ], [ 1.541596, 43.030528 ], [ 1.542259987470247, 43.030555930470811 ], [ 1.540122, 43.02913 ] ] ], [ [ [ 1.526791, 43.040059 ], [ 1.525682, 43.040261 ], [ 1.525191, 43.040558 ], [ 1.524988, 43.040723 ], [ 1.52041, 43.045006 ], [ 1.516988, 43.045932 ], [ 1.510649, 43.049866 ], [ 1.512087, 43.053166 ], [ 1.514659, 43.052046 ], [ 1.517231, 43.050925 ], [ 1.520445, 43.049525 ], [ 1.524403, 43.047814 ], [ 1.524499150432837, 43.04777241487713 ], [ 1.52354, 43.048187 ], [ 1.522112, 43.044883 ], [ 1.524525, 43.043839 ], [ 1.526937, 43.042796 ], [ 1.528607, 43.042069 ], [ 1.534328, 43.035734 ], [ 1.526791, 43.040059 ] ] ], [ [ [ 1.538293, 43.049737 ], [ 1.538396, 43.050096 ], [ 1.540624, 43.05248 ], [ 1.541313, 43.051894 ], [ 1.542129, 43.0507 ], [ 1.543788, 43.048817 ], [ 1.543164, 43.049269 ], [ 1.54059, 43.046752 ], [ 1.534109, 43.045702 ], [ 1.533170819009292, 43.045767017592617 ], [ 1.538293, 43.049737 ] ] ], [ [ [ 1.553238, 43.050697 ], [ 1.553399, 43.051081 ], [ 1.553828, 43.053187 ], [ 1.557995, 43.059691 ], [ 1.552032, 43.064556 ], [ 1.554198, 43.064842 ], [ 1.554833, 43.064979 ], [ 1.556738, 43.065222 ], [ 1.562197, 43.058304 ], [ 1.558151, 43.053557 ], [ 1.557389, 43.05315 ], [ 1.555201, 43.052565 ], [ 1.554286, 43.052027 ], [ 1.554265, 43.052004 ], [ 1.551105, 43.047837 ], [ 1.553238, 43.050697 ] ] ], [ [ [ 1.540058, 43.06251 ], [ 1.539773, 43.062576 ], [ 1.538876, 43.062838 ], [ 1.537511, 43.063039 ], [ 1.537069, 43.063106 ], [ 1.535555, 43.063421 ], [ 1.53629, 43.066946 ], [ 1.538021, 43.066602 ], [ 1.539136, 43.066491 ], [ 1.539583, 43.066399 ], [ 1.543003, 43.065941 ], [ 1.541434, 43.065999 ], [ 1.540761, 43.06604 ], [ 1.540163, 43.065231 ], [ 1.540150008539281, 43.062493799160848 ], [ 1.540058, 43.06251 ] ] ], [ [ [ 1.596953, 43.007192 ], [ 1.599623, 43.007483 ], [ 1.601675384584889, 43.005975169135944 ], [ 1.598792, 42.999893 ], [ 1.598483, 42.999452 ], [ 1.59223, 42.996123 ], [ 1.585227, 43.000992 ], [ 1.584886, 43.001538 ], [ 1.584547, 43.001904 ], [ 1.584014, 43.002418 ], [ 1.583793, 43.002586 ], [ 1.583439393771989, 43.002779736882921 ], [ 1.584421559249157, 43.009571647293484 ], [ 1.585124, 43.009385 ], [ 1.585729, 43.009244 ], [ 1.587699, 43.008636 ], [ 1.588936, 43.008191 ], [ 1.589484, 43.008069 ], [ 1.590355, 43.008003 ], [ 1.591214, 43.007898 ], [ 1.593054, 43.007636 ], [ 1.594056, 43.007317 ], [ 1.594693, 43.007158 ], [ 1.595222, 43.007068 ], [ 1.596950915258855, 43.007211131509109 ], [ 1.596953, 43.007192 ] ] ], [ [ [ 1.548499, 43.088362 ], [ 1.549234769602107, 43.09050588778063 ], [ 1.550892, 43.088701 ], [ 1.551672, 43.088108 ], [ 1.55287, 43.087298 ], [ 1.554778, 43.087948 ], [ 1.555964814493881, 43.089145754676863 ], [ 1.555325, 43.087645 ], [ 1.555672, 43.086526 ], [ 1.557392, 43.083364 ], [ 1.560183, 43.078895 ], [ 1.560358, 43.078299 ], [ 1.560389959264425, 43.077804666053865 ], [ 1.554182, 43.080027 ], [ 1.552422, 43.081842 ], [ 1.550822, 43.085612 ], [ 1.548499, 43.088362 ] ] ], [ [ [ 1.558395706776996, 43.091599055185149 ], [ 1.560447, 43.090233 ], [ 1.559776, 43.090552 ], [ 1.559113, 43.090715 ], [ 1.558319, 43.0908 ], [ 1.557667969205443, 43.090864609250779 ], [ 1.558395706776996, 43.091599055185149 ] ] ], [ [ [ 1.712520993714689, 43.09763981453429 ], [ 1.709726, 43.101574 ], [ 1.706451380087441, 43.102218379589239 ], [ 1.700768759142845, 43.106263247848716 ], [ 1.70044, 43.106573 ], [ 1.699011012175274, 43.108100779174961 ], [ 1.700912, 43.107233 ], [ 1.707205, 43.10241 ], [ 1.709861, 43.101582 ], [ 1.71254603224076, 43.097613981442009 ], [ 1.712520993714689, 43.09763981453429 ] ] ], [ [ [ 1.726791, 43.09224 ], [ 1.726939, 43.092553 ], [ 1.72582, 43.094693 ], [ 1.722795, 43.09873 ], [ 1.719242, 43.098154 ], [ 1.713777558498818, 43.097539437697677 ], [ 1.713114731142158, 43.097525769112025 ], [ 1.719183, 43.099058 ], [ 1.722779, 43.099234 ], [ 1.726918, 43.094363 ], [ 1.727029, 43.092653 ], [ 1.726791, 43.09224 ] ] ], [ [ [ 1.722043, 43.0806 ], [ 1.721997, 43.080396 ], [ 1.72136, 43.077065 ], [ 1.7194, 43.077163 ], [ 1.715807, 43.076932 ], [ 1.713547465872558, 43.077049482424336 ], [ 1.715544, 43.078039 ], [ 1.716336, 43.08155 ], [ 1.716506, 43.085129 ], [ 1.717443519179269, 43.089286666613276 ], [ 1.720342, 43.088137 ], [ 1.72054, 43.088091 ], [ 1.720697, 43.08809 ], [ 1.721899, 43.088541 ], [ 1.726479, 43.091769 ], [ 1.726583, 43.091901 ], [ 1.726791, 43.09224 ], [ 1.72634, 43.091496 ], [ 1.725854, 43.090924 ], [ 1.720232, 43.08618 ], [ 1.722043, 43.0806 ] ] ], [ [ [ 1.701591, 43.069091 ], [ 1.703277, 43.06591 ], [ 1.702965, 43.061321 ], [ 1.703408, 43.0565 ], [ 1.696713, 43.050497 ], [ 1.695707, 43.050708 ], [ 1.694257, 43.052831 ], [ 1.686352, 43.052752 ], [ 1.693968, 43.05391 ], [ 1.69438, 43.054014 ], [ 1.697567, 43.054019 ], [ 1.699518, 43.056754 ], [ 1.700363, 43.058402 ], [ 1.700617, 43.058844 ], [ 1.700987, 43.059477 ], [ 1.701124, 43.060088 ], [ 1.701158, 43.060754 ], [ 1.700519, 43.06511 ], [ 1.700255, 43.072951 ], [ 1.703083852413198, 43.0735635160203 ], [ 1.701591, 43.069091 ] ] ], [ [ [ 1.715001, 43.042221 ], [ 1.716806, 43.042061 ], [ 1.716743, 43.038462 ], [ 1.722801, 43.034335 ], [ 1.721718, 43.034146 ], [ 1.715035, 43.039805 ], [ 1.715055, 43.040644 ], [ 1.714656, 43.042089 ], [ 1.714485448310806, 43.042242558314349 ], [ 1.715001, 43.042221 ] ] ], [ [ [ 1.735807, 43.032643 ], [ 1.736285, 43.03268 ], [ 1.736789, 43.0326 ], [ 1.738832, 43.031842 ], [ 1.738875, 43.031735 ], [ 1.739003, 43.031089 ], [ 1.738894, 43.030356 ], [ 1.738404, 43.029509 ], [ 1.73766, 43.028827 ], [ 1.736861, 43.028611 ], [ 1.73436, 43.028451 ], [ 1.732755, 43.028217 ], [ 1.728741, 43.02091 ], [ 1.729026, 43.017511 ], [ 1.72951, 43.015649 ], [ 1.730481, 43.013113 ], [ 1.72744, 43.011187 ], [ 1.726957, 43.011949 ], [ 1.726665, 43.012483 ], [ 1.724146, 43.016059 ], [ 1.722636, 43.019327 ], [ 1.722869, 43.022236 ], [ 1.723079, 43.020721 ], [ 1.723162, 43.020487 ], [ 1.726555, 43.02169 ], [ 1.729723, 43.028643 ], [ 1.728335, 43.031895 ], [ 1.727998, 43.032302 ], [ 1.727441, 43.032871 ], [ 1.726989, 43.033107 ], [ 1.735807, 43.032643 ] ] ], [ [ [ 1.714597, 43.025015 ], [ 1.71313, 43.025612 ], [ 1.71128, 43.026092 ], [ 1.708232, 43.027055 ], [ 1.708277, 43.027439 ], [ 1.703727, 43.034017 ], [ 1.709667, 43.028716 ], [ 1.709995, 43.028039 ], [ 1.710539, 43.027484 ], [ 1.711646, 43.026262 ], [ 1.712074, 43.026156 ], [ 1.713235, 43.026255 ], [ 1.722094, 43.025924 ], [ 1.722524, 43.024665 ], [ 1.722651, 43.024247 ], [ 1.722869, 43.022236 ], [ 1.714597, 43.025015 ] ] ], [ [ [ 1.695784, 43.024124 ], [ 1.692672, 43.022315 ], [ 1.69032, 43.013676 ], [ 1.690893, 43.012947 ], [ 1.691252740087066, 43.01244711117068 ], [ 1.686666, 43.011288 ], [ 1.685795, 43.011206 ], [ 1.679044, 43.014472 ], [ 1.67867, 43.015333 ], [ 1.677023, 43.017392 ], [ 1.676601, 43.017321 ], [ 1.668725, 43.021529 ], [ 1.667637, 43.022576 ], [ 1.667001, 43.023392 ], [ 1.666335, 43.024012 ], [ 1.668383, 43.032301 ], [ 1.668848, 43.032468 ], [ 1.674885, 43.031453 ], [ 1.677813, 43.030124 ], [ 1.680378, 43.027061 ], [ 1.680637, 43.02651 ], [ 1.686144, 43.023505 ], [ 1.689556, 43.023167 ], [ 1.689703, 43.023134 ], [ 1.690649, 43.023295 ], [ 1.692549, 43.023825 ], [ 1.694792, 43.025989 ], [ 1.695725, 43.026793 ], [ 1.696898, 43.027756 ], [ 1.695784, 43.024124 ] ] ], [ [ [ 1.703967, 43.004124 ], [ 1.704532, 43.003992 ], [ 1.705049, 43.00372 ], [ 1.705728, 43.003256 ], [ 1.7063, 43.002853 ], [ 1.708843, 43.001503 ], [ 1.708594, 42.997911 ], [ 1.707936, 42.99784 ], [ 1.707637, 42.997814 ], [ 1.707277, 42.997812 ], [ 1.706697, 42.997877 ], [ 1.70333, 42.998153 ], [ 1.699883, 43.000486 ], [ 1.70043, 43.000232 ], [ 1.701177, 43.000152 ], [ 1.702161, 43.000466 ], [ 1.702436, 43.00065 ], [ 1.702459, 43.00293 ], [ 1.701296, 43.004426 ], [ 1.700865, 43.00473 ], [ 1.700116, 43.005028 ], [ 1.703967, 43.004124 ] ] ], [ [ [ 1.690972239347096, 43.002774309267515 ], [ 1.692752, 43.003735 ], [ 1.695004, 43.003034 ], [ 1.697002, 43.001824 ], [ 1.690972239347096, 43.002774309267515 ] ] ], [ [ [ 1.684937, 42.997002 ], [ 1.685727, 42.999943 ], [ 1.68916958584647, 43.001801261285387 ], [ 1.684937, 42.997002 ] ] ], [ [ [ 1.672046238212002, 42.988201029234297 ], [ 1.673438, 42.990461 ], [ 1.675158, 42.993881 ], [ 1.675716, 43.002154 ], [ 1.678708, 42.994854 ], [ 1.676961, 42.991856 ], [ 1.675955439721408, 42.988467226824191 ], [ 1.672046238212002, 42.988201029234297 ] ] ], [ [ [ 1.668241, 43.005005 ], [ 1.66679, 43.005662 ], [ 1.66521, 43.006198 ], [ 1.659666, 42.999591 ], [ 1.657569, 42.996665 ], [ 1.649919, 42.999144 ], [ 1.650123, 42.999137 ], [ 1.653607, 42.998922 ], [ 1.654118, 43.002485 ], [ 1.66003, 43.009258 ], [ 1.663491, 43.008269 ], [ 1.669016, 43.006565 ], [ 1.675716, 43.002154 ], [ 1.668241, 43.005005 ] ] ], [ [ [ 1.63954, 43.000679 ], [ 1.639394, 43.000725 ], [ 1.638135, 43.00123 ], [ 1.637616, 43.001479 ], [ 1.635168, 43.002939 ], [ 1.627468, 43.003936 ], [ 1.635058, 43.00301 ], [ 1.637065, 43.005999 ], [ 1.645113, 43.004612 ], [ 1.645803, 43.003292 ], [ 1.645958, 43.002935 ], [ 1.648419, 42.999621 ], [ 1.63954, 43.000679 ] ] ] ] } },
{ "type": "Feature", "properties": { "codgeo": "09324", "value": 840, "isochrone_group": 14.0, "nb_agences": 1 }, "geometry": { "type": "MultiPolygon", "coordinates": [ [ [ [ 1.542531, 43.02709 ], [ 1.537995, 43.023949 ], [ 1.537611, 43.023753 ], [ 1.536139, 43.023074 ], [ 1.534074, 43.025046 ], [ 1.527323, 43.029597 ], [ 1.528683, 43.03293 ], [ 1.529718403525672, 43.038379151220838 ], [ 1.534328, 43.035734 ], [ 1.535251, 43.030273 ], [ 1.535271, 43.029279 ], [ 1.537922, 43.027914 ], [ 1.538236, 43.027938 ], [ 1.538669, 43.028042 ], [ 1.539414, 43.028419 ], [ 1.540122, 43.02913 ], [ 1.542476, 43.0307 ], [ 1.549132, 43.030845 ], [ 1.542531, 43.02709 ] ] ], [ [ [ 1.509049, 43.050556 ], [ 1.505724, 43.052001 ], [ 1.502289, 43.053498 ], [ 1.499978, 43.055389 ], [ 1.500234, 43.057673 ], [ 1.500247, 43.057702 ], [ 1.501599, 43.058604 ], [ 1.501969, 43.058417 ], [ 1.502429, 43.058129 ], [ 1.502765, 43.05786 ], [ 1.511385, 43.05621 ], [ 1.512252, 43.056503 ], [ 1.512656, 43.056596 ], [ 1.513353, 43.056687 ], [ 1.515823, 43.054517 ], [ 1.516469, 43.054058 ], [ 1.51655, 43.053973 ], [ 1.520445, 43.049525 ], [ 1.517231, 43.050925 ], [ 1.514659, 43.052046 ], [ 1.512087, 43.053166 ], [ 1.510649, 43.049866 ], [ 1.510672131717538, 43.049851644395545 ], [ 1.509049, 43.050556 ] ] ], [ [ [ 1.535371, 43.05011 ], [ 1.536225, 43.051588 ], [ 1.536334, 43.051818 ], [ 1.536739, 43.052654 ], [ 1.537096, 43.05327 ], [ 1.53894, 43.053045 ], [ 1.539448, 43.053024 ], [ 1.540183, 43.052781 ], [ 1.540599651683582, 43.052453946864304 ], [ 1.538396, 43.050096 ], [ 1.538293, 43.049737 ], [ 1.531718, 43.044641 ], [ 1.530044, 43.04537 ], [ 1.528366, 43.0461 ], [ 1.535371, 43.05011 ] ] ], [ [ [ 1.550216, 43.051089 ], [ 1.552168, 43.054113 ], [ 1.552272, 43.058928 ], [ 1.546944, 43.062469 ], [ 1.547353, 43.062554 ], [ 1.548102, 43.062885 ], [ 1.548849, 43.063158 ], [ 1.549342, 43.063424 ], [ 1.549626, 43.063584 ], [ 1.552032, 43.064556 ], [ 1.557995, 43.059691 ], [ 1.553828, 43.053187 ], [ 1.553399, 43.051081 ], [ 1.553238, 43.050697 ], [ 1.551105, 43.047837 ], [ 1.544137, 43.048558 ], [ 1.543788, 43.048817 ], [ 1.542129, 43.0507 ], [ 1.541313, 43.051894 ], [ 1.550216, 43.051089 ] ] ], [ [ [ 1.535031, 43.063556 ], [ 1.533143, 43.064316 ], [ 1.532996, 43.067913 ], [ 1.533636, 43.067962 ], [ 1.534002, 43.067953 ], [ 1.534451, 43.067924 ], [ 1.534861, 43.067844 ], [ 1.535286, 43.067709 ], [ 1.539136, 43.066491 ], [ 1.538021, 43.066602 ], [ 1.53629, 43.066946 ], [ 1.535558846800271, 43.063439448940066 ], [ 1.535031, 43.063556 ] ] ], [ [ [ 1.550272, 43.078287 ], [ 1.549949, 43.078152 ], [ 1.549831, 43.078126 ], [ 1.546999, 43.080297 ], [ 1.54392, 43.081455 ], [ 1.542907, 43.084909 ], [ 1.54366369397255, 43.090626846360209 ], [ 1.544947, 43.085498 ], [ 1.54666, 43.082332 ], [ 1.546965, 43.082497 ], [ 1.547245, 43.082644 ], [ 1.547627, 43.082876 ], [ 1.548449, 43.083485 ], [ 1.55078, 43.085578 ], [ 1.550840693957081, 43.085567952363625 ], [ 1.552422, 43.081842 ], [ 1.554182, 43.080027 ], [ 1.560741, 43.077679 ], [ 1.553631, 43.079743 ], [ 1.551928, 43.078958 ], [ 1.550817, 43.078574 ], [ 1.550272, 43.078287 ] ] ], [ [ [ 1.713653, 43.10372 ], [ 1.721465, 43.106156 ], [ 1.725045, 43.105778 ], [ 1.724956, 43.104934 ], [ 1.727972850087486, 43.100935223772105 ], [ 1.727906054822037, 43.100980794373754 ], [ 1.724947, 43.104849 ], [ 1.724955, 43.104922 ], [ 1.723091, 43.105173 ], [ 1.722712, 43.10519 ], [ 1.721375, 43.1053 ], [ 1.713595, 43.103676 ], [ 1.712986, 43.103569 ], [ 1.706284, 43.106029 ], [ 1.705072, 43.111052 ], [ 1.702024, 43.112603 ], [ 1.698493, 43.113303 ], [ 1.698426314601834, 43.11320006973358 ], [ 1.698358415380932, 43.113347706899155 ], [ 1.698525, 43.113466 ], [ 1.702057, 43.112765 ], [ 1.705147, 43.111048 ], [ 1.706381, 43.106054 ], [ 1.713653, 43.10372 ] ] ], [ [ [ 1.733586056270778, 43.086774063154841 ], [ 1.735981, 43.089462 ], [ 1.733469081694611, 43.094313996927276 ], [ 1.733110928095936, 43.095212524591908 ], [ 1.732421, 43.098372 ], [ 1.731897115160205, 43.098257711088671 ], [ 1.731897, 43.098258 ], [ 1.731896828802689, 43.098258116798164 ], [ 1.732908, 43.098479 ], [ 1.733675, 43.094961 ], [ 1.736272, 43.089202 ], [ 1.733877, 43.086515 ], [ 1.733586056270778, 43.086774063154841 ] ] ], [ [ [ 1.730718522295446, 43.08830173894922 ], [ 1.730551, 43.088368 ], [ 1.730460503455455, 43.088363610286272 ], [ 1.730566, 43.088383 ], [ 1.730718522295446, 43.08830173894922 ] ] ], [ [ [ 1.718091, 43.073588 ], [ 1.71718, 43.07369 ], [ 1.714739, 43.076335 ], [ 1.708334, 43.077022 ], [ 1.709037, 43.077284 ], [ 1.715807, 43.076932 ], [ 1.7194, 43.077163 ], [ 1.72136, 43.077065 ], [ 1.721997, 43.080396 ], [ 1.722043, 43.0806 ], [ 1.720726685523434, 43.084655789497091 ], [ 1.721223, 43.084878 ], [ 1.721246, 43.0849 ], [ 1.723359624986298, 43.086566636989531 ], [ 1.72533, 43.08067 ], [ 1.725465, 43.078964 ], [ 1.725826, 43.077104 ], [ 1.724603, 43.076795 ], [ 1.718091, 43.073588 ] ] ], [ [ [ 1.704867, 43.06527 ], [ 1.706162, 43.058691 ], [ 1.705476, 43.05691 ], [ 1.704987, 43.056452 ], [ 1.701026, 43.052105 ], [ 1.698483, 43.049557 ], [ 1.697656, 43.050115 ], [ 1.696631781138257, 43.050514034970007 ], [ 1.696713, 43.050497 ], [ 1.703408, 43.0565 ], [ 1.702965, 43.061321 ], [ 1.703277, 43.06591 ], [ 1.70297154096984, 43.066486313864139 ], [ 1.704867, 43.06527 ] ] ], [ [ [ 1.683291737691558, 43.043602858259895 ], [ 1.683291737691558, 43.043602858259895 ], [ 1.684628, 43.052125 ], [ 1.683291737691558, 43.043602858259895 ] ] ], [ [ [ 1.717479, 43.04192 ], [ 1.718672, 43.041034 ], [ 1.720294, 43.039967 ], [ 1.720558, 43.039588 ], [ 1.724912, 43.03395 ], [ 1.723786, 43.034289 ], [ 1.723297, 43.034358 ], [ 1.722801, 43.034335 ], [ 1.716743, 43.038462 ], [ 1.71680482748129, 43.041994017542287 ], [ 1.717479, 43.04192 ] ] ], [ [ [ 1.735187, 43.03492 ], [ 1.73578, 43.035963 ], [ 1.736386, 43.036334 ], [ 1.736687, 43.036426 ], [ 1.737712, 43.036313 ], [ 1.738119, 43.03625 ], [ 1.738956, 43.036024 ], [ 1.739955, 43.035791 ], [ 1.740545, 43.035526 ], [ 1.740928, 43.035337 ], [ 1.741548, 43.034771 ], [ 1.742224, 43.033793 ], [ 1.741577, 43.032561 ], [ 1.738404, 43.029509 ], [ 1.738894, 43.030356 ], [ 1.739003, 43.031089 ], [ 1.738875, 43.031735 ], [ 1.738832, 43.031842 ], [ 1.736789, 43.0326 ], [ 1.736285, 43.03268 ], [ 1.735807, 43.032643 ], [ 1.726989, 43.033107 ], [ 1.735187, 43.03492 ] ] ], [ [ [ 1.730349, 43.021811 ], [ 1.731037, 43.018478 ], [ 1.731116, 43.017965 ], [ 1.73182, 43.014518 ], [ 1.732508, 43.012745 ], [ 1.735138, 43.006802 ], [ 1.734067, 43.004799 ], [ 1.733034, 43.003881 ], [ 1.732837, 43.004023 ], [ 1.73227, 43.004402 ], [ 1.729192, 43.0085 ], [ 1.727728, 43.010735 ], [ 1.723247, 43.013975 ], [ 1.722247, 43.015158 ], [ 1.720261, 43.01816 ], [ 1.721978822755637, 43.022535057369701 ], [ 1.722869, 43.022236 ], [ 1.722636, 43.019327 ], [ 1.724146, 43.016059 ], [ 1.726665, 43.012483 ], [ 1.726957, 43.011949 ], [ 1.72744, 43.011187 ], [ 1.730481, 43.013113 ], [ 1.72951, 43.015649 ], [ 1.729026, 43.017511 ], [ 1.728741, 43.02091 ], [ 1.732755, 43.028217 ], [ 1.73436, 43.028451 ], [ 1.734737313357869, 43.028475138399521 ], [ 1.730349, 43.021811 ] ] ], [ [ [ 1.711423, 43.023621 ], [ 1.709667, 43.024777 ], [ 1.709191, 43.025077 ], [ 1.708471, 43.025927 ], [ 1.708330252803752, 43.027023957529501 ], [ 1.71128, 43.026092 ], [ 1.712843754584114, 43.025686269080879 ], [ 1.711423, 43.023621 ] ] ], [ [ [ 1.696964, 43.022095 ], [ 1.694303, 43.01987 ], [ 1.693962, 43.020109 ], [ 1.693759, 43.020415 ], [ 1.692887, 43.021614 ], [ 1.692498099096492, 43.021676254291904 ], [ 1.692672, 43.022315 ], [ 1.695784, 43.024124 ], [ 1.696898, 43.027756 ], [ 1.696964, 43.022095 ] ] ], [ [ [ 1.710098, 43.001793 ], [ 1.711958, 43.001087 ], [ 1.713747, 43.000493 ], [ 1.714783, 43.000304 ], [ 1.715595, 43.000146 ], [ 1.71766, 43.000011 ], [ 1.718084, 42.999022 ], [ 1.719451, 42.996888 ], [ 1.719241, 42.996768 ], [ 1.718748, 42.996542 ], [ 1.718281, 42.996373 ], [ 1.717348, 42.996043 ], [ 1.715817, 42.996226 ], [ 1.712412, 42.997013 ], [ 1.712101, 42.997081 ], [ 1.710878, 42.997325 ], [ 1.703113, 42.996395 ], [ 1.699868, 42.997953 ], [ 1.697002, 43.001824 ], [ 1.697359, 43.001627 ], [ 1.698019, 43.001387 ], [ 1.699883, 43.000486 ], [ 1.70333, 42.998153 ], [ 1.706697, 42.997877 ], [ 1.707277, 42.997812 ], [ 1.707637, 42.997814 ], [ 1.707936, 42.99784 ], [ 1.708594, 42.997911 ], [ 1.708843, 43.001503 ], [ 1.7063, 43.002853 ], [ 1.705728, 43.003256 ], [ 1.705049, 43.00372 ], [ 1.710098, 43.001793 ] ] ], [ [ [ 1.671236, 42.989383 ], [ 1.668741, 42.989825 ], [ 1.668461, 42.989842 ], [ 1.667947, 42.98976 ], [ 1.667187, 42.989365 ], [ 1.666399, 42.988978 ], [ 1.666184, 42.988711 ], [ 1.665903, 42.988226 ], [ 1.665725, 42.987809 ], [ 1.665455, 42.986298 ], [ 1.662392, 42.993907 ], [ 1.660302, 42.994776 ], [ 1.6594, 42.995091 ], [ 1.659075, 42.995188 ], [ 1.658504, 42.995467 ], [ 1.658128, 42.995736 ], [ 1.650709333924292, 42.998887890483871 ], [ 1.657569, 42.996665 ], [ 1.659666, 42.999591 ], [ 1.66521, 43.006198 ], [ 1.66679, 43.005662 ], [ 1.668241, 43.005005 ], [ 1.675716, 43.002154 ], [ 1.675158, 42.993881 ], [ 1.673438, 42.990461 ], [ 1.673073857138438, 42.989869697502158 ], [ 1.671236, 42.989383 ] ] ], [ [ [ 1.641219, 42.998894 ], [ 1.641008, 42.998993 ], [ 1.640508, 42.999286 ], [ 1.640106, 42.999604 ], [ 1.637616, 43.001479 ], [ 1.638135, 43.00123 ], [ 1.639394, 43.000725 ], [ 1.63954, 43.000679 ], [ 1.648419, 42.999621 ], [ 1.648562, 42.999559 ], [ 1.648665, 42.999522 ], [ 1.649385, 42.99924 ], [ 1.641219, 42.998894 ] ] ], [ [ [ 1.583496, 43.003718 ], [ 1.583041, 43.004592 ], [ 1.582375, 43.005233 ], [ 1.581908, 43.00551 ], [ 1.581661, 43.005597 ], [ 1.581598, 43.005595 ], [ 1.575921201695016, 43.005430152828637 ], [ 1.578353198960351, 43.012255489506515 ], [ 1.578846, 43.011895 ], [ 1.579533, 43.011221 ], [ 1.58017, 43.010919 ], [ 1.581143, 43.010432 ], [ 1.58191, 43.010239 ], [ 1.584442, 43.009713 ], [ 1.583557530605089, 43.003596681486698 ], [ 1.583496, 43.003718 ] ] ], [ [ [ 1.627468, 42.956387 ], [ 1.626762, 42.960637 ], [ 1.626814, 42.962276 ], [ 1.626815786436163, 42.962309974187747 ], [ 1.629366540603278, 42.955739384882087 ], [ 1.627468, 42.956387 ] ] ], [ [ [ 1.626873, 42.963403 ], [ 1.626851571742797, 42.96356479815406 ], [ 1.626857, 42.963751 ], [ 1.626489, 42.966326 ], [ 1.626485941000299, 42.966325563000041 ], [ 1.626439, 42.96668 ], [ 1.629420419112311, 42.970363367682864 ], [ 1.629980013879681, 42.970683888444924 ], [ 1.626873, 42.963403 ] ] ], [ [ [ 1.63096292470179, 42.971246873204841 ], [ 1.633788, 42.972865 ], [ 1.637959, 42.97032 ], [ 1.63096292470179, 42.971246873204841 ] ] ], [ [ [ 1.634690155646823, 42.977400861924558 ], [ 1.6342, 42.976441 ], [ 1.632027227790552, 42.97670406897933 ], [ 1.631577835755579, 42.97716056545363 ], [ 1.634690155646823, 42.977400861924558 ] ] ] ] } },
{ "type": "Feature", "properties": { "codgeo": "09324", "value": 900, "isochrone_group": 15.0, "nb_agences": 1 }, "geometry": { "type": "MultiPolygon", "coordinates": [ [ [ [ 1.523094, 43.030873 ], [ 1.522421, 43.03116 ], [ 1.521065, 43.031698 ], [ 1.519854, 43.032102 ], [ 1.519279, 43.032416 ], [ 1.51859, 43.032802 ], [ 1.519696, 43.036228 ], [ 1.522975, 43.04451 ], [ 1.526937, 43.042796 ], [ 1.528607, 43.042069 ], [ 1.530281, 43.04134 ], [ 1.528683, 43.03293 ], [ 1.527324008881862, 43.029599472502397 ], [ 1.527224, 43.029641 ], [ 1.526073, 43.030082 ], [ 1.525018, 43.030328 ], [ 1.524609, 43.030461 ], [ 1.523956, 43.030673 ], [ 1.523094, 43.030873 ] ] ], [ [ [ 1.498686, 43.052834 ], [ 1.497484, 43.053504 ], [ 1.492142, 43.056476 ], [ 1.491632, 43.056765 ], [ 1.489424, 43.060106 ], [ 1.491777, 43.06283 ], [ 1.499035, 43.059254 ], [ 1.500633, 43.05893 ], [ 1.500992, 43.058838 ], [ 1.501438, 43.058676 ], [ 1.501593346623566, 43.058600228294722 ], [ 1.500247, 43.057702 ], [ 1.500234, 43.057673 ], [ 1.499978, 43.055389 ], [ 1.502289, 43.053498 ], [ 1.505724, 43.052001 ], [ 1.498686, 43.052834 ] ] ], [ [ [ 1.514662, 43.058801 ], [ 1.515363, 43.059299 ], [ 1.515746, 43.059452 ], [ 1.517899, 43.060478 ], [ 1.51878, 43.06075 ], [ 1.518868, 43.060745 ], [ 1.521058, 43.058245 ], [ 1.5209, 43.056127 ], [ 1.521232, 43.054244 ], [ 1.521233, 43.053514 ], [ 1.524403, 43.047814 ], [ 1.520445, 43.049525 ], [ 1.51655, 43.053973 ], [ 1.516469, 43.054058 ], [ 1.515823, 43.054517 ], [ 1.513353, 43.056687 ], [ 1.512656, 43.056596 ], [ 1.512252, 43.056503 ], [ 1.511385, 43.05621 ], [ 1.511153685371628, 43.056254277162026 ], [ 1.514662, 43.058801 ] ] ], [ [ [ 1.534111, 43.052343 ], [ 1.534268, 43.052893 ], [ 1.535149, 43.055228 ], [ 1.535031, 43.063556 ], [ 1.537069, 43.063106 ], [ 1.537511, 43.063039 ], [ 1.538876, 43.062838 ], [ 1.539773, 43.062576 ], [ 1.540058, 43.06251 ], [ 1.54066, 43.062404 ], [ 1.541699, 43.062139 ], [ 1.542282378986854, 43.062217941676181 ], [ 1.542292, 43.062168 ], [ 1.544396, 43.062352 ], [ 1.546114, 43.062419 ], [ 1.546944, 43.062469 ], [ 1.552272, 43.058928 ], [ 1.552168, 43.054113 ], [ 1.550216, 43.051089 ], [ 1.541313, 43.051894 ], [ 1.540183, 43.052781 ], [ 1.539448, 43.053024 ], [ 1.53894, 43.053045 ], [ 1.537096, 43.05327 ], [ 1.536739, 43.052654 ], [ 1.536334, 43.051818 ], [ 1.536225, 43.051588 ], [ 1.535371, 43.05011 ], [ 1.528366, 43.0461 ], [ 1.534111, 43.052343 ] ] ], [ [ [ 1.532288, 43.064243 ], [ 1.531532, 43.064439 ], [ 1.529222, 43.065583 ], [ 1.530119, 43.06907 ], [ 1.530994, 43.068873 ], [ 1.531334, 43.068811 ], [ 1.534002, 43.067953 ], [ 1.533636, 43.067962 ], [ 1.532996, 43.067913 ], [ 1.533143, 43.064316 ], [ 1.535031, 43.063556 ], [ 1.532288, 43.064243 ] ] ], [ [ [ 1.542628766740296, 43.06595483398921 ], [ 1.54262876674029, 43.06595483398921 ], [ 1.541434, 43.065999 ], [ 1.542628766740296, 43.06595483398921 ] ] ], [ [ [ 1.544052, 43.026386 ], [ 1.537995, 43.023949 ], [ 1.542531, 43.02709 ], [ 1.549132, 43.030845 ], [ 1.544052, 43.026386 ] ] ], [ [ [ 1.537774528159038, 43.02374729077173 ], [ 1.537762, 43.023824 ], [ 1.537784153688717, 43.023841380528609 ], [ 1.537995, 43.023949 ], [ 1.537774528159038, 43.02374729077173 ] ] ], [ [ [ 1.529827094255681, 43.023886839128693 ], [ 1.527805874300227, 43.029271483640905 ], [ 1.533275275061948, 43.025584438334036 ], [ 1.529827094255681, 43.023886839128693 ] ] ], [ [ [ 1.536623, 43.081386 ], [ 1.536728, 43.081519 ], [ 1.537366, 43.082176 ], [ 1.53934, 43.090879 ], [ 1.539777180643845, 43.091429369325255 ], [ 1.540592, 43.089954 ], [ 1.538262, 43.083325 ], [ 1.537586, 43.082383 ], [ 1.539849, 43.079584 ], [ 1.541462, 43.080265 ], [ 1.541932, 43.080466 ], [ 1.543128, 43.080951 ], [ 1.54418256846236, 43.081356249016103 ], [ 1.546999, 43.080297 ], [ 1.549831, 43.078126 ], [ 1.549949, 43.078152 ], [ 1.550272, 43.078287 ], [ 1.550817, 43.078574 ], [ 1.551928, 43.078958 ], [ 1.553631, 43.079743 ], [ 1.560137024974638, 43.077854331146604 ], [ 1.556538, 43.070612 ], [ 1.553512, 43.070531 ], [ 1.549915, 43.070391 ], [ 1.547688607371744, 43.069035478298709 ], [ 1.546183, 43.075009 ], [ 1.543004, 43.076699 ], [ 1.538839, 43.078549 ], [ 1.536623, 43.081386 ] ] ], [ [ [ 1.648162, 43.150714 ], [ 1.646502384295488, 43.147231663660556 ], [ 1.647361, 43.15061 ], [ 1.648162, 43.150714 ] ] ], [ [ [ 1.645204, 43.142123 ], [ 1.645388670645472, 43.142849610926326 ], [ 1.650045, 43.141128 ], [ 1.645204, 43.142123 ] ] ], [ [ [ 1.652097667983104, 43.141548463089478 ], [ 1.650555, 43.141262 ], [ 1.652097, 43.141552 ], [ 1.652097667983104, 43.141548463089478 ] ] ], [ [ [ 1.711718, 43.108478 ], [ 1.711234, 43.112045 ], [ 1.710680447870328, 43.111969886731671 ], [ 1.710680565547573, 43.11197013486003 ], [ 1.711289, 43.112053 ], [ 1.711774, 43.108485 ], [ 1.720049352969438, 43.107990216230505 ], [ 1.720047725378905, 43.107989738319631 ], [ 1.711718, 43.108478 ] ] ], [ [ [ 1.72324, 43.112606 ], [ 1.727511, 43.109886 ], [ 1.727811, 43.109526 ], [ 1.726747573169855, 43.106493595201435 ], [ 1.726647268821823, 43.10661056603135 ], [ 1.725981, 43.110283 ], [ 1.723303, 43.112454 ], [ 1.723136, 43.112466 ], [ 1.722826, 43.112294 ], [ 1.721616806312446, 43.111196921968613 ], [ 1.722638, 43.112297 ], [ 1.722841, 43.112532 ], [ 1.723141, 43.112612 ], [ 1.72324, 43.112606 ] ] ], [ [ [ 1.740138, 43.095164 ], [ 1.74039, 43.096871 ], [ 1.740431, 43.097076 ], [ 1.74023173884404, 43.097636401140456 ], [ 1.739999, 43.098762 ], [ 1.73606, 43.100285 ], [ 1.73173541569998, 43.100676977161442 ], [ 1.731667586540497, 43.100756076754159 ], [ 1.735947, 43.100365 ], [ 1.740391, 43.098906 ], [ 1.741704, 43.095554 ], [ 1.741444, 43.087302 ], [ 1.740138, 43.095164 ] ] ], [ [ [ 1.740831, 43.081086 ], [ 1.740461, 43.081059 ], [ 1.740339, 43.081105 ], [ 1.739204, 43.081527 ], [ 1.73226, 43.079803 ], [ 1.73136, 43.076317 ], [ 1.723669, 43.074179 ], [ 1.72083, 43.071965 ], [ 1.716252, 43.072986 ], [ 1.715243, 43.072902 ], [ 1.714868, 43.073008 ], [ 1.713024, 43.073203 ], [ 1.70843, 43.065517 ], [ 1.70795, 43.061949 ], [ 1.706162, 43.058691 ], [ 1.704867, 43.06527 ], [ 1.700982, 43.067763 ], [ 1.703815, 43.075754 ], [ 1.706453, 43.076665 ], [ 1.707831, 43.076885 ], [ 1.708334, 43.077022 ], [ 1.714739, 43.076335 ], [ 1.71718, 43.07369 ], [ 1.718091, 43.073588 ], [ 1.724603, 43.076795 ], [ 1.725826, 43.077104 ], [ 1.725465, 43.078964 ], [ 1.72533, 43.08067 ], [ 1.723107267322743, 43.087321854409154 ], [ 1.729303, 43.086683 ], [ 1.735744, 43.083955 ], [ 1.739169, 43.082848 ], [ 1.743947, 43.08279 ], [ 1.744741, 43.086301 ], [ 1.743597, 43.08656 ], [ 1.745357, 43.086162 ], [ 1.744563, 43.08265 ], [ 1.742802, 43.081619 ], [ 1.740831, 43.081086 ] ] ], [ [ [ 1.697899, 43.038872 ], [ 1.697380932174035, 43.03902274533425 ], [ 1.693705, 43.041788 ], [ 1.697899, 43.038872 ] ] ], [ [ [ 1.721334, 43.03981 ], [ 1.721568, 43.039722 ], [ 1.725306, 43.033744 ], [ 1.724912, 43.03395 ], [ 1.720558, 43.039588 ], [ 1.720294, 43.039967 ], [ 1.718672, 43.041034 ], [ 1.717479, 43.04192 ], [ 1.721334, 43.03981 ] ] ], [ [ [ 1.735672, 43.037269 ], [ 1.735584, 43.039369 ], [ 1.735592, 43.039765 ], [ 1.736245, 43.040908 ], [ 1.737086, 43.042504 ], [ 1.737238, 43.042736 ], [ 1.740252, 43.040768 ], [ 1.742524, 43.033335 ], [ 1.742716, 43.032428 ], [ 1.742686, 43.030988 ], [ 1.741969, 43.029657 ], [ 1.741246, 43.029306 ], [ 1.741145, 43.029283 ], [ 1.73766, 43.028827 ], [ 1.738404, 43.029509 ], [ 1.741577, 43.032561 ], [ 1.742224, 43.033793 ], [ 1.741548, 43.034771 ], [ 1.740928, 43.035337 ], [ 1.740545, 43.035526 ], [ 1.739955, 43.035791 ], [ 1.738956, 43.036024 ], [ 1.738119, 43.03625 ], [ 1.737712, 43.036313 ], [ 1.736687, 43.036426 ], [ 1.736386, 43.036334 ], [ 1.73578, 43.035963 ], [ 1.735187, 43.03492 ], [ 1.732423189587007, 43.034308779180442 ], [ 1.735672, 43.037269 ] ] ], [ [ [ 1.732928, 43.021247 ], [ 1.735061, 43.012866 ], [ 1.736072, 43.009395 ], [ 1.741112, 43.003148 ], [ 1.740789, 43.000508 ], [ 1.740384, 42.999622 ], [ 1.735619, 42.998602 ], [ 1.72737, 43.001121 ], [ 1.724224, 42.999102 ], [ 1.717874, 42.994676 ], [ 1.717441, 42.99425 ], [ 1.716252, 42.993331 ], [ 1.71511, 42.994103 ], [ 1.710420727336578, 42.997270233280489 ], [ 1.710878, 42.997325 ], [ 1.712101, 42.997081 ], [ 1.712412, 42.997013 ], [ 1.715817, 42.996226 ], [ 1.717348, 42.996043 ], [ 1.718281, 42.996373 ], [ 1.718748, 42.996542 ], [ 1.719241, 42.996768 ], [ 1.719451, 42.996888 ], [ 1.718084, 42.999022 ], [ 1.71766, 43.000011 ], [ 1.715595, 43.000146 ], [ 1.714783, 43.000304 ], [ 1.713747, 43.000493 ], [ 1.711958, 43.001087 ], [ 1.710098, 43.001793 ], [ 1.705049, 43.00372 ], [ 1.704532, 43.003992 ], [ 1.703967, 43.004124 ], [ 1.700865, 43.00473 ], [ 1.700116, 43.005028 ], [ 1.698093, 43.005893 ], [ 1.697755, 43.006037 ], [ 1.695911, 43.00669 ], [ 1.693077, 43.008931 ], [ 1.692351, 43.009597 ], [ 1.691861, 43.009863 ], [ 1.690712, 43.010297 ], [ 1.690248, 43.010486 ], [ 1.689646, 43.01061 ], [ 1.687267, 43.01115 ], [ 1.683473, 43.018559 ], [ 1.685147, 43.022853 ], [ 1.692887, 43.021614 ], [ 1.693759, 43.020415 ], [ 1.693962, 43.020109 ], [ 1.694303, 43.01987 ], [ 1.696964, 43.022095 ], [ 1.696898, 43.027756 ], [ 1.69692, 43.028321 ], [ 1.697054, 43.029256 ], [ 1.703727, 43.034017 ], [ 1.708277, 43.027439 ], [ 1.708471, 43.025927 ], [ 1.709191, 43.025077 ], [ 1.709667, 43.024777 ], [ 1.711423, 43.023621 ], [ 1.713235, 43.026255 ], [ 1.713519, 43.026547 ], [ 1.722094, 43.025924 ], [ 1.722524, 43.024665 ], [ 1.722651, 43.024247 ], [ 1.720261, 43.01816 ], [ 1.722247, 43.015158 ], [ 1.723247, 43.013975 ], [ 1.727728, 43.010735 ], [ 1.729192, 43.0085 ], [ 1.73227, 43.004402 ], [ 1.732837, 43.004023 ], [ 1.733034, 43.003881 ], [ 1.734067, 43.004799 ], [ 1.735138, 43.006802 ], [ 1.732508, 43.012745 ], [ 1.73182, 43.014518 ], [ 1.731116, 43.017965 ], [ 1.731037, 43.018478 ], [ 1.730349, 43.021811 ], [ 1.734782, 43.028543 ], [ 1.736861, 43.028611 ], [ 1.73766, 43.028827 ], [ 1.732928, 43.021247 ] ] ], [ [ [ 1.702547, 42.994149 ], [ 1.702211, 42.993859 ], [ 1.70081, 42.993497 ], [ 1.700448, 42.993554 ], [ 1.699619, 42.994864 ], [ 1.699386, 42.995186 ], [ 1.698756, 42.995913 ], [ 1.698451, 42.997006 ], [ 1.692752, 43.003735 ], [ 1.695004, 43.003034 ], [ 1.697002, 43.001824 ], [ 1.699868, 42.997953 ], [ 1.703113, 42.996395 ], [ 1.709377139372622, 42.997145244638332 ], [ 1.702547, 42.994149 ] ] ], [ [ [ 1.661369, 42.978656 ], [ 1.657953, 42.978982 ], [ 1.657553, 42.979128 ], [ 1.656309, 42.979641 ], [ 1.652243, 42.983889 ], [ 1.651738, 42.984119 ], [ 1.64695, 42.986066 ], [ 1.646751, 42.986176 ], [ 1.642537, 42.98911 ], [ 1.640581, 42.990674 ], [ 1.640245, 42.990878 ], [ 1.634009, 42.992482 ], [ 1.631569, 42.989835 ], [ 1.623624734375988, 42.991821539166402 ], [ 1.623246, 42.99302 ], [ 1.62256, 42.995095 ], [ 1.622278, 42.995756 ], [ 1.62197090714306, 42.996304205550992 ], [ 1.626427, 43.003823 ], [ 1.626933, 43.00383 ], [ 1.627468, 43.003936 ], [ 1.635168, 43.002939 ], [ 1.637616, 43.001479 ], [ 1.640106, 42.999604 ], [ 1.640508, 42.999286 ], [ 1.641008, 42.998993 ], [ 1.641219, 42.998894 ], [ 1.649385, 42.99924 ], [ 1.649919, 42.999144 ], [ 1.650123, 42.999137 ], [ 1.658128, 42.995736 ], [ 1.658504, 42.995467 ], [ 1.659075, 42.995188 ], [ 1.6594, 42.995091 ], [ 1.660302, 42.994776 ], [ 1.662392, 42.993907 ], [ 1.665455, 42.986298 ], [ 1.661369, 42.978656 ] ] ], [ [ [ 1.575371, 43.004787 ], [ 1.574681, 43.005048 ], [ 1.573868, 43.005256 ], [ 1.573161, 43.00535 ], [ 1.577792638314621, 43.010682290724567 ], [ 1.575645, 43.004655 ], [ 1.57564303981901, 43.004651190322186 ], [ 1.575371, 43.004787 ] ] ], [ [ [ 1.639578255583463, 42.942163748807296 ], [ 1.638592, 42.942141 ], [ 1.638917097856205, 42.943950183666722 ], [ 1.639578255583463, 42.942163748807296 ] ] ], [ [ [ 1.63096292470179, 42.971246873204841 ], [ 1.637959, 42.97032 ], [ 1.638515, 42.96978 ], [ 1.630833, 42.970305 ], [ 1.626873, 42.963403 ], [ 1.629980013879681, 42.970683888444924 ], [ 1.63096292470179, 42.971246873204841 ] ] ], [ [ [ 1.641588, 42.968781 ], [ 1.642272, 42.968566 ], [ 1.642428956672735, 42.968378015089115 ], [ 1.641588, 42.968781 ] ] ], [ [ [ 1.668888838326239, 42.975077380949777 ], [ 1.67214411932262, 42.976104658016503 ], [ 1.673928436539541, 42.975020177791841 ], [ 1.668888838326239, 42.975077380949777 ] ] ], [ [ [ 1.6882, 42.984581 ], [ 1.688038311486757, 42.984726030970606 ], [ 1.689245, 42.984324 ], [ 1.689244500383322, 42.984321971358987 ], [ 1.6882, 42.984581 ] ] ], [ [ [ 1.683938165453829, 42.989826853703519 ], [ 1.682684, 42.991488 ], [ 1.682783608562331, 42.991722403525898 ], [ 1.683938165453829, 42.989826853703519 ] ] ], [ [ [ 1.684574, 42.99578 ], [ 1.684625400160728, 42.995911224373479 ], [ 1.684625400160735, 42.995911224373479 ], [ 1.684574, 42.99578 ] ] ], [ [ [ 1.684486751320482, 42.995635161871945 ], [ 1.684486751320489, 42.995635161871995 ], [ 1.684574, 42.99578 ], [ 1.684486751320482, 42.995635161871945 ] ] ], [ [ [ 1.684791, 42.996334 ], [ 1.684821979262898, 42.996475740737097 ], [ 1.684821979262899, 42.996475740737097 ], [ 1.684791, 42.996334 ] ] ], [ [ [ 1.68471757268239, 42.996146540396531 ], [ 1.684717572682394, 42.996146540396531 ], [ 1.684791, 42.996334 ], [ 1.68471757268239, 42.996146540396531 ] ] ], [ [ [ 1.684882321621291, 42.996751827691931 ], [ 1.684882321621291, 42.996751827691945 ], [ 1.684937, 42.997002 ], [ 1.684882321621291, 42.996751827691931 ] ] ] ] } },
{ "type": "Feature", "properties": { "codgeo": "09324", "value": 960, "isochrone_group": 16.0, "nb_agences": 1 }, "geometry": { "type": "MultiPolygon", "coordinates": [ [ [ [ 1.517185, 43.033322 ], [ 1.516281, 43.033656 ], [ 1.51531, 43.034075 ], [ 1.514928, 43.034292 ], [ 1.511535, 43.036132 ], [ 1.510914, 43.0364 ], [ 1.510133, 43.03671 ], [ 1.510685, 43.040267 ], [ 1.513167, 43.048769 ], [ 1.515793, 43.047625 ], [ 1.519007, 43.046225 ], [ 1.522975, 43.04451 ], [ 1.519696, 43.036228 ], [ 1.51859, 43.032802 ], [ 1.519279, 43.032416 ], [ 1.517185, 43.033322 ] ] ], [ [ [ 1.486579, 43.060779 ], [ 1.485861, 43.060975 ], [ 1.485026, 43.061805 ], [ 1.48322, 43.066049 ], [ 1.484087, 43.068871 ], [ 1.487629, 43.068227 ], [ 1.494566, 43.067567 ], [ 1.4979, 43.068166 ], [ 1.498537, 43.064623 ], [ 1.502429, 43.058129 ], [ 1.501969, 43.058417 ], [ 1.501438, 43.058676 ], [ 1.500992, 43.058838 ], [ 1.500633, 43.05893 ], [ 1.499035, 43.059254 ], [ 1.491777, 43.06283 ], [ 1.489424, 43.060106 ], [ 1.490853719676264, 43.057942642464511 ], [ 1.486579, 43.060779 ] ] ], [ [ [ 1.516245, 43.063108 ], [ 1.516568, 43.063776 ], [ 1.517964, 43.064918 ], [ 1.525224, 43.068158 ], [ 1.527485, 43.07096 ], [ 1.531393, 43.078344 ], [ 1.531538, 43.078801 ], [ 1.531769, 43.079241 ], [ 1.531865, 43.079382 ], [ 1.533072190234507, 43.080031619611383 ], [ 1.532976, 43.079842 ], [ 1.532385, 43.079347 ], [ 1.534698, 43.076588 ], [ 1.538103, 43.078161 ], [ 1.538538, 43.078358 ], [ 1.538831980434958, 43.078557986690448 ], [ 1.538839, 43.078549 ], [ 1.543004, 43.076699 ], [ 1.546183, 43.075009 ], [ 1.547083353388374, 43.071436833308184 ], [ 1.542311, 43.067263 ], [ 1.542005, 43.067205 ], [ 1.537992404686338, 43.066612162417726 ], [ 1.535905, 43.067354 ], [ 1.535286, 43.067709 ], [ 1.534861, 43.067844 ], [ 1.534451, 43.067924 ], [ 1.534002, 43.067953 ], [ 1.531334, 43.068811 ], [ 1.530994, 43.068873 ], [ 1.530119, 43.06907 ], [ 1.529222, 43.065583 ], [ 1.531532, 43.064439 ], [ 1.532288, 43.064243 ], [ 1.535031, 43.063556 ], [ 1.535149, 43.055228 ], [ 1.534268, 43.052893 ], [ 1.534111, 43.052343 ], [ 1.528366, 43.0461 ], [ 1.524403, 43.047814 ], [ 1.521233, 43.053514 ], [ 1.521232, 43.054244 ], [ 1.5209, 43.056127 ], [ 1.521058, 43.058245 ], [ 1.518868, 43.060745 ], [ 1.51878, 43.06075 ], [ 1.517899, 43.060478 ], [ 1.515746, 43.059452 ], [ 1.515363, 43.059299 ], [ 1.514662, 43.058801 ], [ 1.516245, 43.063108 ] ] ], [ [ [ 1.554426, 43.030614 ], [ 1.555511007391231, 43.030357757524264 ], [ 1.54843, 43.028628 ], [ 1.547097, 43.025284 ], [ 1.545416, 43.025912 ], [ 1.537995, 43.023949 ], [ 1.544052, 43.026386 ], [ 1.549132, 43.030845 ], [ 1.553093, 43.030929 ], [ 1.554426077816654, 43.03061432970928 ], [ 1.554426, 43.030614 ] ] ], [ [ [ 1.537896720079927, 43.023449269386532 ], [ 1.537785852958634, 43.02375765180733 ], [ 1.537995, 43.023949 ], [ 1.537896720079927, 43.023449269386532 ] ] ], [ [ [ 1.52639, 43.024185 ], [ 1.525905, 43.024206 ], [ 1.525132780456388, 43.024324715199612 ], [ 1.525018, 43.030328 ], [ 1.526073, 43.030082 ], [ 1.527224, 43.029641 ], [ 1.527749, 43.029423 ], [ 1.528947834837316, 43.026229236050462 ], [ 1.52639, 43.024185 ] ] ], [ [ [ 1.729983428231858, 43.10687376832378 ], [ 1.729314, 43.108407 ], [ 1.728385, 43.111885 ], [ 1.723811, 43.117651 ], [ 1.723587494912517, 43.117566721062659 ], [ 1.723492439516702, 43.117962442619849 ], [ 1.723669, 43.118029 ], [ 1.729975, 43.112124 ], [ 1.730464, 43.108557 ], [ 1.730786684618877, 43.105986102872542 ], [ 1.729983428231858, 43.10687376832378 ] ] ], [ [ [ 1.746515, 43.096607 ], [ 1.748557, 43.098151 ], [ 1.746385, 43.101023 ], [ 1.741405203552624, 43.099244109097086 ], [ 1.74134008700326, 43.099264624332044 ], [ 1.746537, 43.101694 ], [ 1.748022, 43.101608 ], [ 1.749139, 43.101544 ], [ 1.748931, 43.09795 ], [ 1.746515, 43.096607 ] ] ], [ [ [ 1.746515, 43.096607 ], [ 1.746769304200693, 43.08943478775619 ], [ 1.744632857073407, 43.092672121613795 ], [ 1.744625186935105, 43.093258038727186 ], [ 1.745788, 43.096068 ], [ 1.746515, 43.096607 ] ] ], [ [ [ 1.724456, 43.069849 ], [ 1.722436, 43.069727 ], [ 1.714085, 43.070528 ], [ 1.712004691260353, 43.071497643671542 ], [ 1.713024, 43.073203 ], [ 1.714868, 43.073008 ], [ 1.715243, 43.072902 ], [ 1.716252, 43.072986 ], [ 1.72083, 43.071965 ], [ 1.723669, 43.074179 ], [ 1.73136, 43.076317 ], [ 1.73226, 43.079803 ], [ 1.733237638250043, 43.080045720095498 ], [ 1.733937, 43.07944 ], [ 1.734335, 43.079036 ], [ 1.737157, 43.073713 ], [ 1.740745611881967, 43.073431030495748 ], [ 1.740699, 43.072837 ], [ 1.73711, 43.073118 ], [ 1.732061, 43.07399 ], [ 1.726055, 43.069972 ], [ 1.724456, 43.069849 ] ] ], [ [ [ 1.724098, 43.03923 ], [ 1.725035, 43.038935 ], [ 1.73381, 43.038509 ], [ 1.734484, 43.039021 ], [ 1.736245, 43.040908 ], [ 1.735592, 43.039765 ], [ 1.735584, 43.039369 ], [ 1.735672, 43.037269 ], [ 1.730077, 43.032171 ], [ 1.727441, 43.032871 ], [ 1.726989, 43.033107 ], [ 1.725306, 43.033744 ], [ 1.721568, 43.039722 ], [ 1.721334, 43.03981 ], [ 1.717479, 43.04192 ], [ 1.724098, 43.03923 ] ] ], [ [ [ 1.737382, 43.042928 ], [ 1.737896, 43.043505 ], [ 1.739903, 43.045335 ], [ 1.740624, 43.045877 ], [ 1.74346, 43.048841 ], [ 1.746684, 43.047237 ], [ 1.746229, 43.046324 ], [ 1.74598, 43.045922 ], [ 1.744881, 43.044773 ], [ 1.742146, 43.036833 ], [ 1.742524, 43.033335 ], [ 1.740252, 43.040768 ], [ 1.737244842989704, 43.042731531850109 ], [ 1.737382, 43.042928 ] ] ], [ [ [ 1.741753, 43.028987 ], [ 1.735154, 43.02291 ], [ 1.734902, 43.020535 ], [ 1.736316, 43.012607 ], [ 1.736513, 43.012063 ], [ 1.737666, 43.00927 ], [ 1.744319, 43.00348 ], [ 1.745803, 43.004034 ], [ 1.74642, 43.004167 ], [ 1.747041, 43.004231 ], [ 1.747736, 43.004231 ], [ 1.748583, 43.004177 ], [ 1.749762, 43.003896 ], [ 1.750017, 43.003834 ], [ 1.749815, 43.000795 ], [ 1.746903, 42.993811 ], [ 1.746576, 42.993355 ], [ 1.746257, 42.99306 ], [ 1.74582, 42.992776 ], [ 1.745402, 42.992597 ], [ 1.744844, 42.992424 ], [ 1.743554, 42.994494 ], [ 1.74344, 42.99497 ], [ 1.742751, 42.996947 ], [ 1.734102, 42.996689 ], [ 1.729243, 42.993645 ], [ 1.729139, 42.993592 ], [ 1.72742, 42.993761 ], [ 1.727401, 42.993774 ], [ 1.72062879658419, 42.996596114910496 ], [ 1.724224, 42.999102 ], [ 1.72737, 43.001121 ], [ 1.735619, 42.998602 ], [ 1.740384, 42.999622 ], [ 1.740789, 43.000508 ], [ 1.741112, 43.003148 ], [ 1.736072, 43.009395 ], [ 1.735061, 43.012866 ], [ 1.732928, 43.021247 ], [ 1.73766, 43.028827 ], [ 1.741145, 43.029283 ], [ 1.741246, 43.029306 ], [ 1.741969, 43.029657 ], [ 1.742686, 43.030988 ], [ 1.741753, 43.028987 ] ] ], [ [ [ 1.715901, 42.993086 ], [ 1.713763, 42.991596 ], [ 1.712725, 42.991048 ], [ 1.711043, 42.994231 ], [ 1.704893231336747, 42.995178244453072 ], [ 1.710122, 42.997472 ], [ 1.71511, 42.994103 ], [ 1.71622702510137, 42.99334788320644 ], [ 1.715901, 42.993086 ] ] ], [ [ [ 1.710596, 43.040891 ], [ 1.709937, 43.040532 ], [ 1.709401, 43.040289 ], [ 1.710596, 43.040891 ] ] ], [ [ [ 1.570355, 43.007624 ], [ 1.570395, 43.007573 ], [ 1.573368692521057, 43.005589111266545 ], [ 1.573161, 43.00535 ], [ 1.567739, 43.007343 ], [ 1.567678, 43.007379 ], [ 1.566573862053155, 43.008481601006487 ], [ 1.570355, 43.007624 ] ] ], [ [ [ 1.640547456932342, 42.942186104244477 ], [ 1.640272325819856, 42.942704006169166 ], [ 1.639272454403411, 42.945927758261 ], [ 1.640023256337183, 42.950106003578917 ], [ 1.64151139759546, 42.942208338339526 ], [ 1.640547456932342, 42.942186104244477 ] ] ], [ [ [ 1.643919, 42.965854 ], [ 1.642928, 42.966003 ], [ 1.639056, 42.969472 ], [ 1.639706, 42.969273 ], [ 1.641588, 42.968781 ], [ 1.642428956672734, 42.968378015089115 ], [ 1.644557964373879, 42.965828130997004 ], [ 1.643919, 42.965854 ] ] ], [ [ [ 1.683938165453828, 42.989826853703519 ], [ 1.682783608562331, 42.991722403525898 ], [ 1.68278642578796, 42.991729033152943 ], [ 1.687713486983348, 42.984834252362418 ], [ 1.687705594061492, 42.984836882037747 ], [ 1.683938165453828, 42.989826853703519 ] ] ] ] } },
{ "type": "Feature", "properties": { "codgeo": "09324", "value": 1020, "isochrone_group": 17.0, "nb_agences": 1 }, "geometry": { "type": "MultiPolygon", "coordinates": [ [ [ [ 1.501009, 43.040757 ], [ 1.501182, 43.041572 ], [ 1.501436, 43.042643 ], [ 1.502578, 43.043996 ], [ 1.505724, 43.052001 ], [ 1.509049, 43.050556 ], [ 1.513167, 43.048769 ], [ 1.510685, 43.040267 ], [ 1.510133, 43.03671 ], [ 1.510914, 43.0364 ], [ 1.511535, 43.036132 ], [ 1.514928, 43.034292 ], [ 1.506798, 43.036463 ], [ 1.506628, 43.03659 ], [ 1.501578, 43.040422 ], [ 1.501009, 43.040757 ] ] ], [ [ [ 1.480137, 43.065901 ], [ 1.479702, 43.066026 ], [ 1.47936, 43.06615 ], [ 1.478636, 43.066485 ], [ 1.478044, 43.066898 ], [ 1.477632, 43.067335 ], [ 1.477009, 43.068212 ], [ 1.476561, 43.071699 ], [ 1.481508, 43.075371 ], [ 1.48158, 43.07542 ], [ 1.482177, 43.075777 ], [ 1.483047, 43.075836 ], [ 1.490791, 43.071794 ], [ 1.491312, 43.071461 ], [ 1.491736, 43.070944 ], [ 1.500329, 43.070112 ], [ 1.504632, 43.070649 ], [ 1.506688, 43.067694 ], [ 1.506026, 43.067233 ], [ 1.505647, 43.067006 ], [ 1.505141, 43.066802 ], [ 1.503015, 43.06552 ], [ 1.502765, 43.05786 ], [ 1.502429, 43.058129 ], [ 1.498537, 43.064623 ], [ 1.4979, 43.068166 ], [ 1.494566, 43.067567 ], [ 1.487629, 43.068227 ], [ 1.484087, 43.068871 ], [ 1.48322, 43.066049 ], [ 1.484152619167525, 43.063857396596354 ], [ 1.480137, 43.065901 ] ] ], [ [ [ 1.523501, 43.068984 ], [ 1.522782, 43.070895 ], [ 1.522561, 43.071376 ], [ 1.522413, 43.071868 ], [ 1.522321, 43.072412 ], [ 1.522339, 43.072619 ], [ 1.525672, 43.073727 ], [ 1.526611, 43.072298 ], [ 1.527644235024058, 43.071260867814132 ], [ 1.527485, 43.07096 ], [ 1.525224, 43.068158 ], [ 1.518270120264597, 43.065054615655278 ], [ 1.523501, 43.068984 ] ] ], [ [ [ 1.521289507477235, 43.026801007806391 ], [ 1.51856559796465, 43.032724663917868 ], [ 1.519279, 43.032416 ], [ 1.519854, 43.032102 ], [ 1.521065, 43.031698 ], [ 1.522421, 43.03116 ], [ 1.523094, 43.030873 ], [ 1.523956, 43.030673 ], [ 1.524144794664916, 43.03061170678567 ], [ 1.521289507477235, 43.026801007806391 ] ] ], [ [ [ 1.538219, 43.093741 ], [ 1.538172993508474, 43.094157737282742 ], [ 1.538474, 43.093789 ], [ 1.538789, 43.089232 ], [ 1.538219, 43.093741 ] ] ], [ [ [ 1.733978, 43.103019 ], [ 1.733377, 43.109232 ], [ 1.732479, 43.112718 ], [ 1.729947173011704, 43.115612921921972 ], [ 1.729895088292217, 43.116128775487148 ], [ 1.732551, 43.112737 ], [ 1.733449, 43.10925 ], [ 1.733991, 43.103032 ], [ 1.736766, 43.099786 ], [ 1.733978, 43.103019 ] ] ], [ [ [ 1.747725, 43.103376 ], [ 1.751667, 43.10078 ], [ 1.751204, 43.101023 ], [ 1.747881, 43.102802 ], [ 1.744623, 43.101939 ], [ 1.743973, 43.101364 ], [ 1.736766, 43.099786 ], [ 1.744267, 43.102375 ], [ 1.744531, 43.102776 ], [ 1.745147, 43.103653 ], [ 1.74535, 43.103809 ], [ 1.747725, 43.103376 ] ] ], [ [ [ 1.756390807271407, 43.097963560029775 ], [ 1.751667, 43.10078 ], [ 1.756495514108856, 43.097971879203158 ], [ 1.756390807271407, 43.097963560029775 ] ] ], [ [ [ 1.755483586955928, 43.094468148048392 ], [ 1.755975679972342, 43.096269032185376 ], [ 1.755576, 43.094444 ], [ 1.755575471424586, 43.09444360342993 ], [ 1.755573, 43.094444 ], [ 1.755483586955928, 43.094468148048392 ] ] ], [ [ [ 1.747898360227405, 43.090570859157857 ], [ 1.747815592288195, 43.090613780136536 ], [ 1.747715870625179, 43.091123645515033 ], [ 1.747793539287785, 43.091164931182881 ], [ 1.747898360227405, 43.090570859157857 ] ] ], [ [ [ 1.742241052235611, 43.072247785631376 ], [ 1.74227817204261, 43.072362733542512 ], [ 1.742322221444764, 43.072390496940486 ], [ 1.742241052235611, 43.072247785631376 ] ] ], [ [ [ 1.740369630304945, 43.066452603511813 ], [ 1.740357, 43.064609 ], [ 1.738936, 43.06404 ], [ 1.740232, 43.064867 ], [ 1.740281356599818, 43.066179248695796 ], [ 1.740369630304945, 43.066452603511813 ] ] ], [ [ [ 1.736817, 43.063729 ], [ 1.737909, 43.063881 ], [ 1.737947350325351, 43.063884609942043 ], [ 1.73808, 43.063784 ], [ 1.73824, 43.063777 ], [ 1.738460588758491, 43.063932921422456 ], [ 1.738794441004755, 43.06396434715991 ], [ 1.737106, 43.063062 ], [ 1.736931, 43.063431 ], [ 1.73659991723441, 43.064050650352996 ], [ 1.736817, 43.063729 ] ] ], [ [ [ 1.725125, 43.066666 ], [ 1.724656, 43.066748 ], [ 1.723682, 43.067131 ], [ 1.723169, 43.067463 ], [ 1.72273, 43.067972 ], [ 1.717645450953534, 43.070186493448233 ], [ 1.722436, 43.069727 ], [ 1.724456, 43.069849 ], [ 1.726055, 43.069972 ], [ 1.732061, 43.07399 ], [ 1.732541722565542, 43.07390697562348 ], [ 1.732993, 43.069395 ], [ 1.735742824707972, 43.065320599687411 ], [ 1.727139, 43.066988 ], [ 1.726663, 43.066813 ], [ 1.72606, 43.066669 ], [ 1.725125, 43.066666 ] ] ], [ [ [ 1.712811, 43.069175 ], [ 1.706379, 43.065737 ], [ 1.711946, 43.071525 ], [ 1.714085, 43.070528 ], [ 1.715078600594169, 43.070432697152924 ], [ 1.712811, 43.069175 ] ] ], [ [ [ 1.736245, 43.040908 ], [ 1.734484, 43.039021 ], [ 1.73381, 43.038509 ], [ 1.729831619520424, 43.038702138471152 ], [ 1.736245, 43.040908 ] ] ], [ [ [ 1.744272, 43.051368 ], [ 1.745659, 43.05364 ], [ 1.745962, 43.054164 ], [ 1.746196, 43.05449 ], [ 1.746774, 43.055205 ], [ 1.747989, 43.056256 ], [ 1.748755, 43.056076 ], [ 1.753333, 43.05325 ], [ 1.753741, 43.049673 ], [ 1.750499, 43.048957 ], [ 1.745522, 43.042923 ], [ 1.744062, 43.034148 ], [ 1.742889, 43.032049 ], [ 1.742705944368712, 43.031945329698218 ], [ 1.742716, 43.032428 ], [ 1.742524, 43.033335 ], [ 1.742146, 43.036833 ], [ 1.744881, 43.044773 ], [ 1.74598, 43.045922 ], [ 1.746229, 43.046324 ], [ 1.746684, 43.047237 ], [ 1.74346, 43.048841 ], [ 1.740624, 43.045877 ], [ 1.744272, 43.051368 ] ] ], [ [ [ 1.736157, 43.023521 ], [ 1.736356, 43.019927 ], [ 1.7383, 43.013938 ], [ 1.740454, 43.01178 ], [ 1.740205, 43.010652 ], [ 1.747628, 43.005847 ], [ 1.74786, 43.005822 ], [ 1.756555, 43.006115 ], [ 1.757256, 43.00563 ], [ 1.757643, 43.005217 ], [ 1.75801, 43.004084 ], [ 1.757849, 43.003299 ], [ 1.757431, 43.0015 ], [ 1.75665, 43.00039 ], [ 1.756425, 43.000235 ], [ 1.756187, 43.000104 ], [ 1.749306, 42.994445 ], [ 1.749127, 42.994179 ], [ 1.746979873428163, 42.993341845075307 ], [ 1.746841, 42.993705 ], [ 1.746855142153003, 42.993744262451877 ], [ 1.746903, 42.993811 ], [ 1.749815, 43.000795 ], [ 1.750017, 43.003834 ], [ 1.749762, 43.003896 ], [ 1.748583, 43.004177 ], [ 1.747736, 43.004231 ], [ 1.747041, 43.004231 ], [ 1.74642, 43.004167 ], [ 1.745803, 43.004034 ], [ 1.744319, 43.00348 ], [ 1.737666, 43.00927 ], [ 1.736513, 43.012063 ], [ 1.736316, 43.012607 ], [ 1.734902, 43.020535 ], [ 1.735154, 43.02291 ], [ 1.736336278495153, 43.023998756844229 ], [ 1.736157, 43.023521 ] ] ], [ [ [ 1.739902, 42.991884 ], [ 1.739269, 42.989405 ], [ 1.739126679306609, 42.988195758190159 ], [ 1.739127, 42.988201 ], [ 1.739238, 42.989218 ], [ 1.73228, 42.994237 ], [ 1.728985, 42.992966 ], [ 1.726528, 42.992277 ], [ 1.725619, 42.992048 ], [ 1.721681, 42.990733 ], [ 1.720052, 42.990202 ], [ 1.716076990264126, 42.990158895226813 ], [ 1.715477, 42.990766 ], [ 1.714848468944833, 42.990145573213461 ], [ 1.711568, 42.99011 ], [ 1.710367, 42.989849 ], [ 1.70991, 42.989803 ], [ 1.709693, 42.990058 ], [ 1.708629, 42.993167 ], [ 1.701789, 42.994895 ], [ 1.702642, 42.995525 ], [ 1.711043, 42.994231 ], [ 1.712725, 42.991048 ], [ 1.713763, 42.991596 ], [ 1.715901, 42.993086 ], [ 1.716821, 42.993825 ], [ 1.717441, 42.99425 ], [ 1.717874, 42.994676 ], [ 1.719638, 42.997009 ], [ 1.727401, 42.993774 ], [ 1.72742, 42.993761 ], [ 1.729139, 42.993592 ], [ 1.729243, 42.993645 ], [ 1.734102, 42.996689 ], [ 1.740851066332933, 42.996890324906211 ], [ 1.739902, 42.991884 ] ] ], [ [ [ 1.74024645087161, 42.985004434011735 ], [ 1.740246, 42.985004 ], [ 1.739686, 42.985586 ], [ 1.739604370998622, 42.985685565418741 ], [ 1.74024645087161, 42.985004434011735 ] ] ], [ [ [ 1.739373652434349, 42.986009854093055 ], [ 1.739525626781637, 42.985781612176666 ], [ 1.739463, 42.985858 ], [ 1.739373652434349, 42.986009854093055 ] ] ], [ [ [ 1.739141705923523, 42.986517383054228 ], [ 1.739263700985668, 42.986196726308307 ], [ 1.73922, 42.986271 ], [ 1.739141705923523, 42.986517383054228 ] ] ], [ [ [ 1.739050896811179, 42.986957075258914 ], [ 1.739062104398672, 42.986767880508133 ], [ 1.739043, 42.986828 ], [ 1.739050896811179, 42.986957075258914 ] ] ] ] } },
{ "type": "Feature", "properties": { "codgeo": "09324", "value": 1080, "isochrone_group": 18.0, "nb_agences": 1 }, "geometry": { "type": "MultiPolygon", "coordinates": [ [ [ [ 1.49378, 43.056001 ], [ 1.494243, 43.055898 ], [ 1.498833, 43.053564 ], [ 1.499147, 43.053399 ], [ 1.49969, 43.053439 ], [ 1.502289, 43.053498 ], [ 1.505724, 43.052001 ], [ 1.502578, 43.043996 ], [ 1.501436, 43.042643 ], [ 1.501182, 43.041572 ], [ 1.501009, 43.040757 ], [ 1.501578, 43.040422 ], [ 1.506628, 43.03659 ], [ 1.506798, 43.036463 ], [ 1.514469406920604, 43.034414460710359 ], [ 1.514378958807175, 43.034348422523571 ], [ 1.508564, 43.034946 ], [ 1.508213, 43.034859 ], [ 1.506107, 43.03547 ], [ 1.500269, 43.03875 ], [ 1.495463, 43.042847 ], [ 1.494117, 43.043661 ], [ 1.492468, 43.044694 ], [ 1.494271, 43.04781 ], [ 1.49378, 43.056001 ] ] ], [ [ [ 1.474628, 43.067923 ], [ 1.468843, 43.06885 ], [ 1.468427, 43.068907 ], [ 1.467349, 43.069151 ], [ 1.467157, 43.069197 ], [ 1.466512, 43.069483 ], [ 1.466418, 43.069546 ], [ 1.467014, 43.072735 ], [ 1.471772, 43.079748 ], [ 1.473601, 43.082849 ], [ 1.475976, 43.081448 ], [ 1.478112, 43.080177 ], [ 1.480242, 43.07891 ], [ 1.480832, 43.078495 ], [ 1.481148, 43.078235 ], [ 1.48141, 43.077989 ], [ 1.4819, 43.077446 ], [ 1.484681, 43.075258 ], [ 1.491895, 43.073627 ], [ 1.492395, 43.073592 ], [ 1.49249, 43.073572 ], [ 1.500068, 43.071907 ], [ 1.505794, 43.072708 ], [ 1.506358, 43.07282 ], [ 1.506825, 43.072821 ], [ 1.515261, 43.075865 ], [ 1.515909, 43.076484 ], [ 1.516869, 43.076242 ], [ 1.518501, 43.075864 ], [ 1.521805, 43.075549 ], [ 1.522275, 43.075515 ], [ 1.523548, 43.075262 ], [ 1.523923, 43.075178 ], [ 1.524344, 43.075033 ], [ 1.524967, 43.074655 ], [ 1.525394, 43.074208 ], [ 1.526611, 43.072298 ], [ 1.525672, 43.073727 ], [ 1.522339, 43.072619 ], [ 1.522321, 43.072412 ], [ 1.522413, 43.071868 ], [ 1.522561, 43.071376 ], [ 1.522782, 43.070895 ], [ 1.523501, 43.068984 ], [ 1.516568, 43.063776 ], [ 1.516245, 43.063108 ], [ 1.514662, 43.058801 ], [ 1.514235, 43.058219 ], [ 1.511385, 43.05621 ], [ 1.510791, 43.055991 ], [ 1.507159, 43.055303 ], [ 1.503945, 43.056695 ], [ 1.502765, 43.05786 ], [ 1.503015, 43.06552 ], [ 1.505141, 43.066802 ], [ 1.505647, 43.067006 ], [ 1.506026, 43.067233 ], [ 1.506688, 43.067694 ], [ 1.504632, 43.070649 ], [ 1.500329, 43.070112 ], [ 1.491736, 43.070944 ], [ 1.491312, 43.071461 ], [ 1.490791, 43.071794 ], [ 1.483047, 43.075836 ], [ 1.482177, 43.075777 ], [ 1.48158, 43.07542 ], [ 1.481508, 43.075371 ], [ 1.476561, 43.071699 ], [ 1.477009, 43.068212 ], [ 1.477632, 43.067335 ], [ 1.478044, 43.066898 ], [ 1.478636, 43.066485 ], [ 1.474628, 43.067923 ] ] ], [ [ [ 1.735655, 43.113257 ], [ 1.735050069216493, 43.11362363920265 ], [ 1.735052973315701, 43.113660196936173 ], [ 1.735722, 43.113268 ], [ 1.73628, 43.109711 ], [ 1.735912, 43.107111 ], [ 1.736213, 43.109701 ], [ 1.735655, 43.113257 ] ] ], [ [ [ 1.745374, 43.105926 ], [ 1.743031, 43.103192 ], [ 1.735912, 43.107111 ], [ 1.742996, 43.103222 ], [ 1.745338, 43.105956 ], [ 1.747961, 43.10633 ], [ 1.745374, 43.105926 ] ] ], [ [ [ 1.747961, 43.10633 ], [ 1.751341, 43.105498 ], [ 1.753450613446657, 43.103231785874826 ], [ 1.751219, 43.104959 ], [ 1.751335, 43.105473 ], [ 1.747961, 43.10633 ] ] ], [ [ [ 1.758266, 43.05406 ], [ 1.758416, 43.05401 ], [ 1.758904, 43.053767 ], [ 1.758906, 43.053766 ], [ 1.759152, 43.053625 ], [ 1.759637259752115, 43.052802504027589 ], [ 1.7578, 43.053302 ], [ 1.757775, 43.053312 ], [ 1.756218, 43.053112 ], [ 1.756167, 43.053075 ], [ 1.755397, 43.052014 ], [ 1.755389, 43.051977 ], [ 1.756483, 43.049951 ], [ 1.757237, 43.048227 ], [ 1.757295258198236, 43.048138342128063 ], [ 1.756932, 43.048093 ], [ 1.750499, 43.048957 ], [ 1.753741, 43.049673 ], [ 1.753333, 43.05325 ], [ 1.748755, 43.056076 ], [ 1.747989, 43.056256 ], [ 1.746774, 43.055205 ], [ 1.746196, 43.05449 ], [ 1.745962, 43.054164 ], [ 1.745659, 43.05364 ], [ 1.744272, 43.051368 ], [ 1.740624, 43.045877 ], [ 1.739903, 43.045335 ], [ 1.737896, 43.043505 ], [ 1.737382, 43.042928 ], [ 1.737086, 43.042504 ], [ 1.736788, 43.041834 ], [ 1.736245, 43.040908 ], [ 1.727828, 43.038013 ], [ 1.726367, 43.03847 ], [ 1.725972, 43.038623 ], [ 1.725268, 43.038845 ], [ 1.724098, 43.03923 ], [ 1.722496, 43.039549 ], [ 1.717479, 43.04192 ], [ 1.716049, 43.042077 ], [ 1.715822, 43.04211 ], [ 1.715001, 43.042221 ], [ 1.714164, 43.042256 ], [ 1.713373208262828, 43.042311071459388 ], [ 1.713227, 43.042456 ], [ 1.712855, 43.042343 ], [ 1.712319, 43.042079 ], [ 1.710596, 43.040891 ], [ 1.709401, 43.040289 ], [ 1.708823, 43.039872 ], [ 1.702115, 43.038063 ], [ 1.701479, 43.038121 ], [ 1.700743, 43.038161 ], [ 1.697899, 43.038872 ], [ 1.693705, 43.041788 ], [ 1.691972, 43.04207 ], [ 1.685146, 43.042284 ], [ 1.686509, 43.050074 ], [ 1.686855877955405, 43.050535968882755 ], [ 1.689465, 43.051564 ], [ 1.692837335691291, 43.052816812336438 ], [ 1.694257, 43.052831 ], [ 1.697871, 43.052889 ], [ 1.70391, 43.058426 ], [ 1.706922, 43.062245 ], [ 1.706379, 43.065737 ], [ 1.712811, 43.069175 ], [ 1.715959, 43.070921 ], [ 1.72273, 43.067972 ], [ 1.723169, 43.067463 ], [ 1.723682, 43.067131 ], [ 1.724656, 43.066748 ], [ 1.725125, 43.066666 ], [ 1.72606, 43.066669 ], [ 1.726663, 43.066813 ], [ 1.727139, 43.066988 ], [ 1.730203062339766, 43.066394192167259 ], [ 1.731114, 43.064337 ], [ 1.731913, 43.061793 ], [ 1.732022, 43.06174 ], [ 1.73828, 43.059153 ], [ 1.741908, 43.056717 ], [ 1.742285, 43.056387 ], [ 1.744655, 43.059097 ], [ 1.742834, 43.062737 ], [ 1.741581, 43.066112 ], [ 1.742035976885415, 43.067054042163541 ], [ 1.741657, 43.06616 ], [ 1.743287, 43.06295 ], [ 1.750601, 43.059167 ], [ 1.753483, 43.057009 ], [ 1.758266, 43.05406 ] ] ], [ [ [ 1.74682, 43.04174 ], [ 1.746063, 43.034765 ], [ 1.74513, 43.031288 ], [ 1.742218, 43.030326 ], [ 1.739189, 43.023641 ], [ 1.739082, 43.020043 ], [ 1.741667, 43.0146 ], [ 1.742189, 43.011038 ], [ 1.744899597874537, 43.007613128548144 ], [ 1.740205, 43.010652 ], [ 1.740454, 43.01178 ], [ 1.7383, 43.013938 ], [ 1.736356, 43.019927 ], [ 1.736157, 43.023521 ], [ 1.738404, 43.029509 ], [ 1.742889, 43.032049 ], [ 1.744062, 43.034148 ], [ 1.745522, 43.042923 ], [ 1.750499, 43.048957 ], [ 1.74682, 43.04174 ] ] ], [ [ [ 1.75323, 43.009163 ], [ 1.753828, 43.01044 ], [ 1.754127, 43.011083 ], [ 1.755665, 43.010971 ], [ 1.756155, 43.010901 ], [ 1.756774, 43.010713 ], [ 1.758428, 43.00995 ], [ 1.75801, 43.004084 ], [ 1.757643, 43.005217 ], [ 1.757256, 43.00563 ], [ 1.756555, 43.006115 ], [ 1.74786, 43.005822 ], [ 1.747628, 43.005847 ], [ 1.745834491151929, 43.007007960530103 ], [ 1.75323, 43.009163 ] ] ], [ [ [ 1.756366, 42.99902 ], [ 1.75101774863442, 42.995852758395927 ], [ 1.756187, 43.000104 ], [ 1.756425, 43.000235 ], [ 1.75665, 43.00039 ], [ 1.757026033642556, 43.000924439620036 ], [ 1.756366, 42.99902 ] ] ], [ [ [ 1.74937012625558, 42.993492282666224 ], [ 1.749306, 42.994445 ], [ 1.749817483304627, 42.994865648745964 ], [ 1.74937012625558, 42.993492282666224 ] ] ], [ [ [ 1.739126679306609, 42.988195758190159 ], [ 1.739127, 42.988201 ], [ 1.73912667930661, 42.988195758190173 ], [ 1.739126679306609, 42.988195758190159 ] ] ], [ [ [ 1.73172, 42.992141 ], [ 1.731114, 42.991939 ], [ 1.730567, 42.991911 ], [ 1.725218, 42.990832 ], [ 1.719162762718893, 42.987891884788382 ], [ 1.719146, 42.98794 ], [ 1.719698, 42.988553 ], [ 1.719952, 42.988929 ], [ 1.72205333955833, 42.990857333803724 ], [ 1.725619, 42.992048 ], [ 1.726528, 42.992277 ], [ 1.728985, 42.992966 ], [ 1.73228, 42.994237 ], [ 1.739238, 42.989218 ], [ 1.739127, 42.988201 ], [ 1.73172, 42.992141 ] ] ], [ [ [ 1.714779, 42.990077 ], [ 1.71470678294434, 42.989996959430002 ], [ 1.711568, 42.99011 ], [ 1.714848978302961, 42.990145578736893 ], [ 1.714779, 42.990077 ] ] ], [ [ [ 1.709512, 42.989367 ], [ 1.710160067809777, 42.983354452148582 ], [ 1.703746, 42.980751 ], [ 1.70244, 42.980985 ], [ 1.70185, 42.981124 ], [ 1.701176, 42.981259 ], [ 1.700817, 42.981311 ], [ 1.696154, 42.982208 ], [ 1.695278, 42.982487 ], [ 1.694404, 42.982737 ], [ 1.692608, 42.983314 ], [ 1.690707, 42.983861 ], [ 1.689898, 42.984135 ], [ 1.689321, 42.984303 ], [ 1.6882, 42.984581 ], [ 1.687818, 42.984688 ], [ 1.68278642578796, 42.991729033152943 ], [ 1.684224, 42.995112 ], [ 1.688373, 42.998227 ], [ 1.688623593262312, 43.00171393725465 ], [ 1.69360893112299, 43.003468255454173 ], [ 1.695004, 43.003034 ], [ 1.699195, 42.99748 ], [ 1.701158, 42.994749 ], [ 1.701789, 42.994895 ], [ 1.708629, 42.993167 ], [ 1.709693, 42.990058 ], [ 1.70991, 42.989803 ], [ 1.710367, 42.989849 ], [ 1.711568, 42.99011 ], [ 1.709512, 42.989367 ] ] ], [ [ [ 1.749893, 42.985724 ], [ 1.749595066233937, 42.990150372016736 ], [ 1.751818255128505, 42.985497646522752 ], [ 1.749893, 42.985724 ] ] ], [ [ [ 1.739604370998622, 42.985685565418741 ], [ 1.739604370998624, 42.985685565418741 ], [ 1.739686, 42.985586 ], [ 1.739604370998622, 42.985685565418741 ] ] ], [ [ [ 1.739263700985668, 42.986196726308307 ], [ 1.73922, 42.986271 ], [ 1.739263700985665, 42.986196726308307 ], [ 1.739263700985668, 42.986196726308307 ] ] ] ] } },
{ "type": "Feature", "properties": { "codgeo": "09324", "value": 1140, "isochrone_group": 19.0, "nb_agences": 1 }, "geometry": { "type": "MultiPolygon", "coordinates": [ [ [ [ 1.489187, 43.045277 ], [ 1.485747, 43.047907 ], [ 1.485056, 43.048403 ], [ 1.483898, 43.049494 ], [ 1.486366, 43.052115 ], [ 1.490662, 43.059037 ], [ 1.491063, 43.058712 ], [ 1.49378, 43.056001 ], [ 1.494271, 43.04781 ], [ 1.492468, 43.044694 ], [ 1.494117, 43.043661 ], [ 1.495463, 43.042847 ], [ 1.499188067158929, 43.039671469381993 ], [ 1.494919, 43.041944 ], [ 1.494318, 43.042033 ], [ 1.493498, 43.042494 ], [ 1.493057, 43.042798 ], [ 1.489289, 43.045224 ], [ 1.489187, 43.045277 ] ] ], [ [ [ 1.460819, 43.066463 ], [ 1.458711, 43.06938 ], [ 1.457473, 43.071223 ], [ 1.458427, 43.074694 ], [ 1.460219, 43.074692 ], [ 1.460703, 43.074727 ], [ 1.461841, 43.074648 ], [ 1.462684, 43.074525 ], [ 1.463086, 43.074491 ], [ 1.463554, 43.074412 ], [ 1.468562, 43.081737 ], [ 1.467148, 43.082987 ], [ 1.465171, 43.083842 ], [ 1.464658, 43.084073 ], [ 1.464333, 43.084262 ], [ 1.463919, 43.084561 ], [ 1.463526, 43.084922 ], [ 1.461336, 43.08659 ], [ 1.462763, 43.089895 ], [ 1.464015, 43.089354 ], [ 1.464432, 43.089139 ], [ 1.464744, 43.088937 ], [ 1.465109, 43.088646 ], [ 1.468608, 43.086337 ], [ 1.468973, 43.086117 ], [ 1.469361, 43.085826 ], [ 1.471821, 43.083899 ], [ 1.473897, 43.082675 ], [ 1.475976, 43.081448 ], [ 1.473601, 43.082849 ], [ 1.471772, 43.079748 ], [ 1.467014, 43.072735 ], [ 1.466418, 43.069546 ], [ 1.466512, 43.069483 ], [ 1.467157, 43.069197 ], [ 1.467349, 43.069151 ], [ 1.468427, 43.068907 ], [ 1.468843, 43.06885 ], [ 1.469147741397567, 43.06880116762742 ], [ 1.460819, 43.066463 ] ] ], [ [ [ 1.492895, 43.073656 ], [ 1.493647, 43.073705 ], [ 1.49447, 43.073777 ], [ 1.495271, 43.073827 ], [ 1.496046, 43.073829 ], [ 1.496823, 43.0738 ], [ 1.504569, 43.073007 ], [ 1.507271, 43.075385 ], [ 1.512756, 43.078155 ], [ 1.518676, 43.077644 ], [ 1.523548, 43.075262 ], [ 1.522275, 43.075515 ], [ 1.521805, 43.075549 ], [ 1.518501, 43.075864 ], [ 1.516869, 43.076242 ], [ 1.515909, 43.076484 ], [ 1.515261, 43.075865 ], [ 1.506825, 43.072821 ], [ 1.506358, 43.07282 ], [ 1.505794, 43.072708 ], [ 1.500068, 43.071907 ], [ 1.49249, 43.073572 ], [ 1.492395, 43.073592 ], [ 1.491895, 43.073627 ], [ 1.492895, 43.073656 ] ] ], [ [ [ 1.505934769449535, 43.03402895833915 ], [ 1.505549, 43.03431 ], [ 1.50234, 43.035911 ], [ 1.500796358978842, 43.0384537106114 ], [ 1.506107, 43.03547 ], [ 1.506204910496475, 43.035441593868306 ], [ 1.505934769449535, 43.03402895833915 ] ] ], [ [ [ 1.538474, 43.093789 ], [ 1.532688, 43.098155 ], [ 1.526563403815177, 43.099646455915511 ], [ 1.528307, 43.100957 ], [ 1.530524754406772, 43.100606922497761 ], [ 1.534642230007133, 43.09848297336935 ], [ 1.538474, 43.093789 ] ] ], [ [ [ 1.744828, 43.106421 ], [ 1.739381, 43.113331 ], [ 1.741205733118311, 43.120791115795491 ], [ 1.741910754651564, 43.121101688925108 ], [ 1.741928, 43.121064 ], [ 1.741755, 43.120658 ], [ 1.741535, 43.12027 ], [ 1.739395, 43.113328 ], [ 1.744828, 43.106421 ] ] ], [ [ [ 1.754716, 43.047767 ], [ 1.749062, 43.041978 ], [ 1.748879, 43.038382 ], [ 1.750004, 43.03291 ], [ 1.74729, 43.030744 ], [ 1.744237, 43.028126 ], [ 1.741360106337208, 43.028432629535899 ], [ 1.742218, 43.030326 ], [ 1.74513, 43.031288 ], [ 1.746063, 43.034765 ], [ 1.74682, 43.04174 ], [ 1.750403837781578, 43.048770322715306 ], [ 1.754744, 43.047815 ], [ 1.754775706589556, 43.04774427881047 ], [ 1.754716, 43.047767 ] ] ], [ [ [ 1.744544, 43.015191 ], [ 1.74527, 43.014701 ], [ 1.753185, 43.012238 ], [ 1.758283, 43.014564 ], [ 1.761754, 43.01374 ], [ 1.762132, 43.011108 ], [ 1.761199, 43.008571 ], [ 1.760825, 43.007754 ], [ 1.757849, 43.003299 ], [ 1.75801, 43.004084 ], [ 1.758428, 43.00995 ], [ 1.756774, 43.010713 ], [ 1.756155, 43.010901 ], [ 1.755665, 43.010971 ], [ 1.754127, 43.011083 ], [ 1.753828, 43.01044 ], [ 1.75323, 43.009163 ], [ 1.745464, 43.0069 ], [ 1.742189, 43.011038 ], [ 1.741667, 43.0146 ], [ 1.740026458249031, 43.018054339942182 ], [ 1.744544, 43.015191 ] ] ], [ [ [ 1.714539, 42.989811 ], [ 1.714311, 42.989498 ], [ 1.714016, 42.988803 ], [ 1.712251, 42.985134 ], [ 1.711275, 42.983807 ], [ 1.710160067809777, 42.983354452148582 ], [ 1.709512, 42.989367 ], [ 1.711568, 42.99011 ], [ 1.71470678294434, 42.989996959430002 ], [ 1.714539, 42.989811 ] ] ], [ [ [ 1.754578, 42.985205 ], [ 1.754202, 42.985329 ], [ 1.753824, 42.985399 ], [ 1.749107, 42.991695 ], [ 1.750505, 42.995012 ], [ 1.752183426095753, 42.996543074145883 ], [ 1.756366, 42.99902 ], [ 1.756452452510131, 42.999269447262897 ], [ 1.756212, 42.998195 ], [ 1.755858, 42.996664 ], [ 1.755851, 42.996636 ], [ 1.755732, 42.996467 ], [ 1.753337, 42.993981 ], [ 1.754759126472315, 42.985306517222135 ], [ 1.754578, 42.985205 ] ] ], [ [ [ 1.739263700985668, 42.986196726308307 ], [ 1.73922, 42.986271 ], [ 1.739263700985665, 42.986196726308307 ], [ 1.739263700985668, 42.986196726308307 ] ] ], [ [ [ 1.739122, 42.988156 ], [ 1.739023, 42.987428 ], [ 1.739050896811179, 42.986957075258914 ], [ 1.739043, 42.986828 ], [ 1.735346116618157, 42.990212162484738 ], [ 1.739127, 42.988201 ], [ 1.739126679306609, 42.988195758190159 ], [ 1.739122, 42.988156 ] ] ], [ [ [ 1.727576, 42.99053 ], [ 1.726944, 42.99066 ], [ 1.725433, 42.990829 ], [ 1.719380166797196, 42.987479152904235 ], [ 1.719275414874166, 42.987946582944673 ], [ 1.725218, 42.990832 ], [ 1.730567, 42.991911 ], [ 1.731114, 42.991939 ], [ 1.73172, 42.992141 ], [ 1.732970881295775, 42.991475619642863 ], [ 1.727576, 42.99053 ] ] ], [ [ [ 1.617795420809119, 42.877048133110804 ], [ 1.617707, 42.876596 ], [ 1.611799, 42.87482 ], [ 1.617795420809119, 42.877048133110804 ] ] ], [ [ [ 1.719282498840387, 42.96656145639637 ], [ 1.719418318784084, 42.966466597561549 ], [ 1.713051, 42.965514 ], [ 1.712216854033817, 42.965665525349159 ], [ 1.712458, 42.965776 ], [ 1.719282498840387, 42.96656145639637 ] ] ] ] } },
{ "type": "Feature", "properties": { "codgeo": "09324", "value": 1200, "isochrone_group": 20.0, "nb_agences": 1 }, "geometry": { "type": "MultiPolygon", "coordinates": [ [ [ [ 1.487056, 43.041917 ], [ 1.486914, 43.041872 ], [ 1.485367, 43.042089 ], [ 1.484668, 43.044442 ], [ 1.479144, 43.050533 ], [ 1.475694, 43.052693 ], [ 1.477194, 43.055965 ], [ 1.478335, 43.055442 ], [ 1.47937, 43.054897 ], [ 1.479736, 43.054673 ], [ 1.48098, 43.053884 ], [ 1.482657, 43.053386 ], [ 1.484414, 43.053037 ], [ 1.490662, 43.059037 ], [ 1.486366, 43.052115 ], [ 1.483898, 43.049494 ], [ 1.485056, 43.048403 ], [ 1.485747, 43.047907 ], [ 1.489187, 43.045277 ], [ 1.489289, 43.045224 ], [ 1.493013299390898, 43.042826136326354 ], [ 1.490649, 43.042806 ], [ 1.48793, 43.042245 ], [ 1.487056, 43.041917 ] ] ], [ [ [ 1.460379, 43.065961 ], [ 1.459937, 43.065475 ], [ 1.45952, 43.065204 ], [ 1.455358, 43.062541 ], [ 1.455194, 43.062584 ], [ 1.453853, 43.062941 ], [ 1.453841, 43.063694 ], [ 1.453818, 43.065551 ], [ 1.453898, 43.066399 ], [ 1.448672, 43.073299 ], [ 1.449336, 43.076837 ], [ 1.450302, 43.076656 ], [ 1.452577, 43.076538 ], [ 1.45301, 43.076473 ], [ 1.453406, 43.076357 ], [ 1.453908, 43.076083 ], [ 1.455628, 43.07544 ], [ 1.456687, 43.075076 ], [ 1.457987, 43.074758 ], [ 1.460219, 43.074692 ], [ 1.458427, 43.074694 ], [ 1.457473, 43.071223 ], [ 1.458711, 43.06938 ], [ 1.460819, 43.066463 ], [ 1.466625194016726, 43.06809300076965 ], [ 1.460379, 43.065961 ] ] ], [ [ [ 1.464605, 43.082592 ], [ 1.457253, 43.087059 ], [ 1.457136, 43.087066 ], [ 1.452233, 43.092485 ], [ 1.451777, 43.09277 ], [ 1.451275, 43.093198 ], [ 1.451034, 43.09348 ], [ 1.450735, 43.093954 ], [ 1.450467, 43.094668 ], [ 1.450405, 43.095011 ], [ 1.453912, 43.095648 ], [ 1.453947, 43.095652 ], [ 1.45435, 43.095487 ], [ 1.455638, 43.095008 ], [ 1.456155, 43.094764 ], [ 1.456676, 43.094454 ], [ 1.456973, 43.094245 ], [ 1.458737, 43.092787 ], [ 1.460411, 43.091398 ], [ 1.464015, 43.089354 ], [ 1.462763, 43.089895 ], [ 1.461336, 43.08659 ], [ 1.463526, 43.084922 ], [ 1.463919, 43.084561 ], [ 1.464333, 43.084262 ], [ 1.464658, 43.084073 ], [ 1.465171, 43.083842 ], [ 1.467148, 43.082987 ], [ 1.468562, 43.081737 ], [ 1.463554, 43.074412 ], [ 1.463086, 43.074491 ], [ 1.462684, 43.074525 ], [ 1.461841, 43.074648 ], [ 1.460703, 43.074727 ], [ 1.464605, 43.082592 ] ] ], [ [ [ 1.495174, 43.075859 ], [ 1.503841, 43.077835 ], [ 1.507471, 43.081231 ], [ 1.509447, 43.081257 ], [ 1.510066, 43.081145 ], [ 1.510563, 43.081031 ], [ 1.511036, 43.080862 ], [ 1.511614, 43.080501 ], [ 1.518933, 43.078165 ], [ 1.522304, 43.076902 ], [ 1.52406658227704, 43.075287163590303 ], [ 1.524101475957508, 43.075116529658338 ], [ 1.523923, 43.075178 ], [ 1.523548, 43.075262 ], [ 1.518676, 43.077644 ], [ 1.512756, 43.078155 ], [ 1.507271, 43.075385 ], [ 1.504569, 43.073007 ], [ 1.496823, 43.0738 ], [ 1.496046, 43.073829 ], [ 1.495271, 43.073827 ], [ 1.49447, 43.073777 ], [ 1.493647, 43.073705 ], [ 1.492895, 43.073656 ], [ 1.491895, 43.073627 ], [ 1.491566573842914, 43.073701253266165 ], [ 1.495174, 43.075859 ] ] ], [ [ [ 1.526149758365703, 43.07302188785664 ], [ 1.526611, 43.072298 ], [ 1.526149758365699, 43.07302188785664 ], [ 1.526149758365703, 43.07302188785664 ] ] ], [ [ [ 1.504101765805602, 43.033878915583081 ], [ 1.500285, 43.034216 ], [ 1.49959, 43.033992 ], [ 1.498072, 43.036481 ], [ 1.498127, 43.036701 ], [ 1.498223, 43.037157 ], [ 1.496242839563171, 43.041239287277371 ], [ 1.500472, 43.038988 ], [ 1.50234, 43.035911 ], [ 1.503379155594502, 43.035392555591535 ], [ 1.504101765805602, 43.033878915583081 ] ] ], [ [ [ 1.741279, 43.112127 ], [ 1.741270502327746, 43.112394594440453 ], [ 1.741530058585035, 43.112018296531538 ], [ 1.741279, 43.112127 ] ] ], [ [ [ 1.74912, 43.108732 ], [ 1.748178331344606, 43.109139724153188 ], [ 1.749813, 43.109185 ], [ 1.74912, 43.108732 ] ] ], [ [ [ 1.756915, 43.10686 ], [ 1.750751, 43.109344 ], [ 1.757774, 43.10754 ], [ 1.760899686749275, 43.105348670493854 ], [ 1.760187972383017, 43.104857767774597 ], [ 1.757019272688406, 43.106770984801258 ], [ 1.756915, 43.10686 ] ] ], [ [ [ 1.749985, 43.03323 ], [ 1.751102, 43.031837 ], [ 1.751138, 43.031108 ], [ 1.750644, 43.030191 ], [ 1.750384, 43.029738 ], [ 1.746559, 43.027481 ], [ 1.745699, 43.026621 ], [ 1.745503, 43.026489 ], [ 1.744206, 43.026204 ], [ 1.742646, 43.017871 ], [ 1.743792, 43.015982 ], [ 1.749638452136761, 43.013341619379283 ], [ 1.74527, 43.014701 ], [ 1.744544, 43.015191 ], [ 1.739885, 43.018144 ], [ 1.739611, 43.018144 ], [ 1.738795, 43.018107 ], [ 1.738111, 43.01815 ], [ 1.73662, 43.018517 ], [ 1.732928, 43.021247 ], [ 1.736861, 43.028611 ], [ 1.73766, 43.028827 ], [ 1.744237, 43.028126 ], [ 1.74729, 43.030744 ], [ 1.750004, 43.03291 ], [ 1.749931025019215, 43.033264950306545 ], [ 1.749985, 43.03323 ] ] ], [ [ [ 1.75303, 43.013112 ], [ 1.756573, 43.019338 ], [ 1.756684, 43.019995 ], [ 1.756718534685553, 43.02026441785511 ], [ 1.75672, 43.020098 ], [ 1.756847, 43.019424 ], [ 1.756874, 43.019348 ], [ 1.760118, 43.018907 ], [ 1.760272, 43.019346 ], [ 1.760362, 43.019654 ], [ 1.760903, 43.021199 ], [ 1.760916944823913, 43.021218154097227 ], [ 1.762401, 43.018915 ], [ 1.762025, 43.017273 ], [ 1.763321, 43.009915 ], [ 1.763708, 43.007909 ], [ 1.763527, 43.00656 ], [ 1.761573, 43.005289 ], [ 1.757419762446292, 43.002091287451805 ], [ 1.757849, 43.003299 ], [ 1.760825, 43.007754 ], [ 1.761199, 43.008571 ], [ 1.762132, 43.011108 ], [ 1.761754, 43.01374 ], [ 1.758283, 43.014564 ], [ 1.753185, 43.012238 ], [ 1.752088210579643, 43.0125793003591 ], [ 1.75303, 43.013112 ] ] ], [ [ [ 1.762978894129833, 42.980589177595164 ], [ 1.761446, 42.981072 ], [ 1.758477770227567, 42.982539997218026 ], [ 1.758506, 42.982733 ], [ 1.756117827645976, 42.984249614057852 ], [ 1.755889210971454, 42.984942070494832 ], [ 1.762489, 42.981604 ], [ 1.762978894129833, 42.980589177595164 ] ] ], [ [ [ 1.739263700985668, 42.986196726308307 ], [ 1.73922, 42.986271 ], [ 1.739263700985665, 42.986196726308307 ], [ 1.739263700985668, 42.986196726308307 ] ] ], [ [ [ 1.731537853571682, 42.991224437255255 ], [ 1.733806, 42.991622 ], [ 1.734109390807955, 42.991344273146218 ], [ 1.731537853571682, 42.991224437255255 ] ] ], [ [ [ 1.727974, 42.989236 ], [ 1.725055871467847, 42.990620284035792 ], [ 1.725433, 42.990829 ], [ 1.726944, 42.99066 ], [ 1.727576, 42.99053 ], [ 1.730844172005431, 42.9911028481268 ], [ 1.727974, 42.989236 ] ] ], [ [ [ 1.617795420809119, 42.877048133110804 ], [ 1.61772829151827, 42.877023189398493 ], [ 1.61813, 42.885083 ], [ 1.61917779297836, 42.88703286213326 ], [ 1.619187, 42.887008 ], [ 1.6191, 42.883719 ], [ 1.617795420809119, 42.877048133110804 ] ] ], [ [ [ 1.681218, 42.912755 ], [ 1.681367128289455, 42.912731476249952 ], [ 1.68115, 42.912712 ], [ 1.67368828846858, 42.910477450907209 ], [ 1.675856140122161, 42.911521464267715 ], [ 1.678007529121123, 42.912557549395977 ], [ 1.681218, 42.912755 ] ] ], [ [ [ 1.712216854033817, 42.965665525349159 ], [ 1.713051, 42.965514 ], [ 1.719418318784082, 42.966466597561549 ], [ 1.722562, 42.964271 ], [ 1.723169, 42.963495 ], [ 1.714994, 42.964181 ], [ 1.711585038100127, 42.965376075578128 ], [ 1.712216854033817, 42.965665525349159 ] ] ] ] } }
]
}
