{
"type": "FeatureCollection",
"name": "BPCE",
"crs": { "type": "name", "properties": { "name": "urn:ogc:def:crs:OGC:1.3:CRS84" } },
"features": [
{ "type": "Feature", "properties": { "codgeo": "12270", "value": 60, "isochrone_group": 1.0, "nb_agences": 2 }, "geometry": { "type": "Polygon", "coordinates": [ [ [ 3.055507, 44.328135 ], [ 3.055557, 44.328492 ], [ 3.055859, 44.328563 ], [ 3.059943, 44.329172 ], [ 3.06153, 44.329262 ], [ 3.064136, 44.329403 ], [ 3.066387, 44.329359 ], [ 3.066517, 44.329024 ], [ 3.063097, 44.324969 ], [ 3.06181, 44.322896 ], [ 3.05866, 44.321459 ], [ 3.058301, 44.321491 ], [ 3.057104, 44.324909 ], [ 3.055507, 44.328135 ] ] ] } },
{ "type": "Feature", "properties": { "codgeo": "12270", "value": 120, "isochrone_group": 2.0, "nb_agences": 2 }, "geometry": { "type": "Polygon", "coordinates": [ [ [ 3.045147, 44.33127 ], [ 3.049135, 44.331433 ], [ 3.053107, 44.331772 ], [ 3.055299, 44.330951 ], [ 3.059516, 44.331523 ], [ 3.063285, 44.332389 ], [ 3.064759, 44.332461 ], [ 3.067511, 44.332241 ], [ 3.07231, 44.331799 ], [ 3.072609, 44.331658 ], [ 3.072681, 44.331305 ], [ 3.072921, 44.325994 ], [ 3.072608, 44.325816 ], [ 3.071474, 44.326368 ], [ 3.067981, 44.321494 ], [ 3.067918, 44.321139 ], [ 3.066495, 44.320468 ], [ 3.062166, 44.319417 ], [ 3.061676, 44.319365 ], [ 3.056438, 44.319699 ], [ 3.056214, 44.31998 ], [ 3.055776, 44.32209 ], [ 3.05344, 44.326022 ], [ 3.050185, 44.329667 ], [ 3.048482, 44.330241 ], [ 3.04751, 44.330405 ], [ 3.046531, 44.330571 ], [ 3.04625, 44.33063 ], [ 3.04596, 44.330691 ], [ 3.045509, 44.330806 ], [ 3.045058, 44.330922 ], [ 3.045147, 44.33127 ] ], [ [ 3.057104, 44.324909 ], [ 3.058301, 44.321491 ], [ 3.05866, 44.321459 ], [ 3.06181, 44.322896 ], [ 3.063097, 44.324969 ], [ 3.066517, 44.329024 ], [ 3.066387, 44.329359 ], [ 3.064136, 44.329403 ], [ 3.06153, 44.329262 ], [ 3.059943, 44.329172 ], [ 3.055859, 44.328563 ], [ 3.055557, 44.328492 ], [ 3.055507, 44.328135 ], [ 3.057104, 44.324909 ] ] ] } },
{ "type": "Feature", "properties": { "codgeo": "12270", "value": 180, "isochrone_group": 3.0, "nb_agences": 2 }, "geometry": { "type": "Polygon", "coordinates": [ [ [ 3.038062, 44.333463 ], [ 3.045778, 44.335444 ], [ 3.051746, 44.338478 ], [ 3.05207, 44.33832 ], [ 3.059897, 44.336 ], [ 3.061264, 44.336756 ], [ 3.068283, 44.339075 ], [ 3.070888, 44.337055 ], [ 3.07629, 44.333785 ], [ 3.077013, 44.333423 ], [ 3.077429, 44.332858 ], [ 3.081288, 44.325805 ], [ 3.0812, 44.325455 ], [ 3.074253, 44.320569 ], [ 3.06724, 44.31845 ], [ 3.063847, 44.316937 ], [ 3.063521, 44.316783 ], [ 3.063099, 44.317013 ], [ 3.055744, 44.319246 ], [ 3.052501, 44.318116 ], [ 3.051946, 44.317801 ], [ 3.051308, 44.317477 ], [ 3.050668, 44.317152 ], [ 3.047499, 44.31501 ], [ 3.047212, 44.314793 ], [ 3.046859, 44.31526 ], [ 3.046507, 44.315728 ], [ 3.046442, 44.316026 ], [ 3.046411, 44.316241 ], [ 3.047112, 44.318332 ], [ 3.045622, 44.325649 ], [ 3.042995, 44.328866 ], [ 3.040429, 44.330872 ], [ 3.038999, 44.331622 ], [ 3.037969, 44.333116 ], [ 3.038062, 44.333463 ] ], [ [ 3.045509, 44.330806 ], [ 3.04596, 44.330691 ], [ 3.04625, 44.33063 ], [ 3.046531, 44.330571 ], [ 3.04751, 44.330405 ], [ 3.048482, 44.330241 ], [ 3.050185, 44.329667 ], [ 3.05344, 44.326022 ], [ 3.055776, 44.32209 ], [ 3.056214, 44.31998 ], [ 3.056438, 44.319699 ], [ 3.061676, 44.319365 ], [ 3.062166, 44.319417 ], [ 3.066495, 44.320468 ], [ 3.067918, 44.321139 ], [ 3.067981, 44.321494 ], [ 3.071474, 44.326368 ], [ 3.072608, 44.325816 ], [ 3.072921, 44.325994 ], [ 3.072681, 44.331305 ], [ 3.072609, 44.331658 ], [ 3.07231, 44.331799 ], [ 3.067511, 44.332241 ], [ 3.064759, 44.332461 ], [ 3.063285, 44.332389 ], [ 3.059516, 44.331523 ], [ 3.055299, 44.330951 ], [ 3.053107, 44.331772 ], [ 3.049135, 44.331433 ], [ 3.045147, 44.33127 ], [ 3.045058, 44.330922 ], [ 3.045509, 44.330806 ] ] ] } },
{ "type": "Feature", "properties": { "codgeo": "12270", "value": 240, "isochrone_group": 4.0, "nb_agences": 2 }, "geometry": { "type": "MultiPolygon", "coordinates": [ [ [ [ 3.030013, 44.334183 ], [ 3.030171, 44.334506 ], [ 3.032124, 44.335419 ], [ 3.032696, 44.335335 ], [ 3.04128, 44.335561 ], [ 3.043497, 44.335933 ], [ 3.043722, 44.335919 ], [ 3.051799, 44.338563 ], [ 3.053944, 44.34302 ], [ 3.05406, 44.343226 ], [ 3.057518, 44.347349 ], [ 3.058047, 44.347446 ], [ 3.058321, 44.347213 ], [ 3.062208, 44.344575 ], [ 3.070481, 44.342196 ], [ 3.078518, 44.344706 ], [ 3.078697, 44.344824 ], [ 3.078906, 44.344959 ], [ 3.07913, 44.345052 ], [ 3.079373, 44.345151 ], [ 3.080102, 44.34536 ], [ 3.08083, 44.345569 ], [ 3.08093, 44.345223 ], [ 3.083263, 44.338541 ], [ 3.085907, 44.332444 ], [ 3.088985, 44.326894 ], [ 3.092359, 44.324373 ], [ 3.092358, 44.324013 ], [ 3.09117, 44.319173 ], [ 3.091023, 44.318845 ], [ 3.0899, 44.319283 ], [ 3.08544, 44.319954 ], [ 3.085101, 44.320075 ], [ 3.077715, 44.31937 ], [ 3.07491, 44.313189 ], [ 3.074618, 44.312978 ], [ 3.072632, 44.312579 ], [ 3.067424, 44.312451 ], [ 3.061801, 44.31362 ], [ 3.060539, 44.313781 ], [ 3.060491, 44.314138 ], [ 3.052501, 44.318116 ], [ 3.055744, 44.319246 ], [ 3.063099, 44.317013 ], [ 3.063521, 44.316783 ], [ 3.063847, 44.316937 ], [ 3.06724, 44.31845 ], [ 3.074253, 44.320569 ], [ 3.0812, 44.325455 ], [ 3.081288, 44.325805 ], [ 3.077429, 44.332858 ], [ 3.077013, 44.333423 ], [ 3.07629, 44.333785 ], [ 3.070888, 44.337055 ], [ 3.068283, 44.339075 ], [ 3.061264, 44.336756 ], [ 3.059897, 44.336 ], [ 3.05207, 44.33832 ], [ 3.051746, 44.338478 ], [ 3.045778, 44.335444 ], [ 3.038062, 44.333463 ], [ 3.037969, 44.333116 ], [ 3.038999, 44.331622 ], [ 3.03933825055021, 44.331444071389761 ], [ 3.034336, 44.330446 ], [ 3.034087, 44.330191 ], [ 3.033833, 44.329981 ], [ 3.033544, 44.329812 ], [ 3.033184, 44.329619 ], [ 3.033053, 44.329617 ], [ 3.032929, 44.329666 ], [ 3.032835, 44.329763 ], [ 3.032327, 44.330383 ], [ 3.030013, 44.334183 ] ] ], [ [ [ 3.047785, 44.314198 ], [ 3.047997, 44.308289 ], [ 3.047724, 44.308054 ], [ 3.040401, 44.308293 ], [ 3.040225, 44.308607 ], [ 3.041926, 44.312707 ], [ 3.046411, 44.316241 ], [ 3.046442, 44.316026 ], [ 3.046507, 44.315728 ], [ 3.046859, 44.31526 ], [ 3.047212, 44.314793 ], [ 3.047499, 44.31501 ], [ 3.050668, 44.317152 ], [ 3.047785, 44.314198 ] ] ], [ [ [ 3.04109, 44.323293 ], [ 3.040667, 44.323255 ], [ 3.040635, 44.323614 ], [ 3.039388647596043, 44.331417639372717 ], [ 3.040429, 44.330872 ], [ 3.042995, 44.328866 ], [ 3.045622, 44.325649 ], [ 3.047112, 44.318332 ], [ 3.046411, 44.316241 ], [ 3.04109, 44.323293 ] ] ] ] } },
{ "type": "Feature", "properties": { "codgeo": "12270", "value": 300, "isochrone_group": 5.0, "nb_agences": 2 }, "geometry": { "type": "MultiPolygon", "coordinates": [ [ [ [ 3.02432, 44.34119 ], [ 3.024524, 44.341487 ], [ 3.025422, 44.340872 ], [ 3.028765, 44.339311 ], [ 3.029107, 44.339198 ], [ 3.03318, 44.337488 ], [ 3.04013, 44.337003 ], [ 3.040822, 44.336643 ], [ 3.040974, 44.336558 ], [ 3.043752561589336, 44.335929004313741 ], [ 3.043722, 44.335919 ], [ 3.043497, 44.335933 ], [ 3.04128, 44.335561 ], [ 3.032696, 44.335335 ], [ 3.032124, 44.335419 ], [ 3.030171, 44.334506 ], [ 3.030013, 44.334183 ], [ 3.032327, 44.330383 ], [ 3.032835, 44.329763 ], [ 3.032929, 44.329666 ], [ 3.033053, 44.329617 ], [ 3.033184, 44.329619 ], [ 3.033544, 44.329812 ], [ 3.033833, 44.329981 ], [ 3.034087, 44.330191 ], [ 3.034336, 44.330446 ], [ 3.039383, 44.331453 ], [ 3.040635, 44.323614 ], [ 3.040666905294, 44.32325606248294 ], [ 3.040598, 44.32325 ], [ 3.040382, 44.32325 ], [ 3.040131, 44.323254 ], [ 3.038917, 44.323284 ], [ 3.038218, 44.323241 ], [ 3.037894, 44.323259 ], [ 3.037557, 44.323278 ], [ 3.037329, 44.323307 ], [ 3.036787, 44.323346 ], [ 3.036208, 44.323335 ], [ 3.035902, 44.323311 ], [ 3.035411, 44.323359 ], [ 3.034921, 44.323406 ], [ 3.026732, 44.325032 ], [ 3.026454, 44.325261 ], [ 3.026275, 44.329351 ], [ 3.026617, 44.336939 ], [ 3.02571, 44.338583 ], [ 3.02432, 44.34119 ] ] ], [ [ [ 3.049069, 44.348355 ], [ 3.048814, 44.348411 ], [ 3.048612, 44.348525 ], [ 3.048441, 44.348677 ], [ 3.047891, 44.349107 ], [ 3.047492, 44.349401 ], [ 3.047251, 44.349601 ], [ 3.046995, 44.349814 ], [ 3.046857, 44.349959 ], [ 3.046697, 44.350131 ], [ 3.0465, 44.350437 ], [ 3.04642, 44.350594 ], [ 3.046384, 44.350734 ], [ 3.046386, 44.350937 ], [ 3.046525, 44.352071 ], [ 3.046724, 44.35237 ], [ 3.05432, 44.349984 ], [ 3.059797, 44.348942 ], [ 3.059966, 44.348624 ], [ 3.065006337916294, 44.343770304496218 ], [ 3.062208, 44.344575 ], [ 3.058321, 44.347213 ], [ 3.058047, 44.347446 ], [ 3.057518, 44.347349 ], [ 3.05406, 44.343226 ], [ 3.053944, 44.34302 ], [ 3.049069, 44.348355 ] ] ], [ [ [ 3.068556, 44.343824 ], [ 3.071442, 44.342814 ], [ 3.078518, 44.344706 ], [ 3.070481, 44.342196 ], [ 3.065122137613471, 44.343737004909656 ], [ 3.068556, 44.343824 ] ] ], [ [ [ 3.082328, 44.346222 ], [ 3.083782, 44.346866 ], [ 3.084038, 44.346941 ], [ 3.084323, 44.347023 ], [ 3.08796, 44.347645 ], [ 3.093462, 44.348665 ], [ 3.09459, 44.348753 ], [ 3.094799, 44.348716 ], [ 3.095031, 44.348673 ], [ 3.095407, 44.348552 ], [ 3.095782, 44.348431 ], [ 3.095671, 44.348088 ], [ 3.091827, 44.347657 ], [ 3.090136, 44.346959 ], [ 3.084762, 44.341852 ], [ 3.089112, 44.33644 ], [ 3.094992, 44.332234 ], [ 3.099147, 44.33226 ], [ 3.099574, 44.33232 ], [ 3.100647, 44.332525 ], [ 3.101306, 44.332672 ], [ 3.101384, 44.332321 ], [ 3.106547, 44.325278 ], [ 3.106544, 44.324918 ], [ 3.105767, 44.324924 ], [ 3.104223, 44.324846 ], [ 3.103435, 44.324761 ], [ 3.10287, 44.324692 ], [ 3.102303, 44.324623 ], [ 3.102025, 44.324626 ], [ 3.101772, 44.32463 ], [ 3.09622, 44.321175 ], [ 3.099215, 44.314249 ], [ 3.099543, 44.314052 ], [ 3.09987, 44.313854 ], [ 3.100319, 44.313394 ], [ 3.100319, 44.313034 ], [ 3.098721, 44.312439 ], [ 3.098363, 44.312396 ], [ 3.091592, 44.312838 ], [ 3.086869, 44.310763 ], [ 3.086028, 44.31021 ], [ 3.085697, 44.310032 ], [ 3.085486, 44.309956 ], [ 3.085299, 44.309891 ], [ 3.082305, 44.308923 ], [ 3.081947, 44.308884 ], [ 3.081593, 44.309094 ], [ 3.078532, 44.31102 ], [ 3.073372, 44.310969 ], [ 3.06981, 44.304983 ], [ 3.06953, 44.304757 ], [ 3.06865, 44.305845 ], [ 3.061018, 44.309852 ], [ 3.06039, 44.309906 ], [ 3.060197, 44.309963 ], [ 3.060005, 44.310019 ], [ 3.05654, 44.31136 ], [ 3.049546, 44.3061 ], [ 3.049391, 44.305295 ], [ 3.049252, 44.305059 ], [ 3.048986, 44.304837 ], [ 3.048822, 44.304731 ], [ 3.048495, 44.30455 ], [ 3.048169, 44.30437 ], [ 3.039372, 44.30464 ], [ 3.033706, 44.304235 ], [ 3.033583, 44.304574 ], [ 3.03585, 44.30588 ], [ 3.039564, 44.31378 ], [ 3.039851, 44.313998 ], [ 3.046411, 44.316241 ], [ 3.041926, 44.312707 ], [ 3.040225, 44.308607 ], [ 3.040401, 44.308293 ], [ 3.047724, 44.308054 ], [ 3.047997, 44.308289 ], [ 3.047785, 44.314198 ], [ 3.050668, 44.317152 ], [ 3.051308, 44.317477 ], [ 3.051946, 44.317801 ], [ 3.052501, 44.318116 ], [ 3.060491, 44.314138 ], [ 3.060539, 44.313781 ], [ 3.061801, 44.31362 ], [ 3.067424, 44.312451 ], [ 3.072632, 44.312579 ], [ 3.074618, 44.312978 ], [ 3.07491, 44.313189 ], [ 3.077715, 44.31937 ], [ 3.085101, 44.320075 ], [ 3.08544, 44.319954 ], [ 3.0899, 44.319283 ], [ 3.091023, 44.318845 ], [ 3.09117, 44.319173 ], [ 3.092358, 44.324013 ], [ 3.092359, 44.324373 ], [ 3.088985, 44.326894 ], [ 3.085907, 44.332444 ], [ 3.083263, 44.338541 ], [ 3.08093, 44.345223 ], [ 3.08083, 44.345569 ], [ 3.080102, 44.34536 ], [ 3.079373, 44.345151 ], [ 3.082328, 44.346222 ] ] ] ] } },
{ "type": "Feature", "properties": { "codgeo": "12270", "value": 360, "isochrone_group": 6.0, "nb_agences": 2 }, "geometry": { "type": "Polygon", "coordinates": [ [ [ 3.014403, 44.347966 ], [ 3.01735, 44.347825 ], [ 3.019724, 44.347858 ], [ 3.021108, 44.346661 ], [ 3.024774, 44.343274 ], [ 3.030743, 44.342591 ], [ 3.033567, 44.341983 ], [ 3.040609, 44.339308 ], [ 3.040875, 44.339161 ], [ 3.041424, 44.338707 ], [ 3.049852, 44.338293 ], [ 3.050662, 44.339717 ], [ 3.048047, 44.346984 ], [ 3.047537, 44.347313 ], [ 3.047321, 44.347514 ], [ 3.046459, 44.348154 ], [ 3.045826, 44.348693 ], [ 3.045335, 44.349252 ], [ 3.043281, 44.350695 ], [ 3.042489, 44.351035 ], [ 3.041908, 44.351394 ], [ 3.038648, 44.352735 ], [ 3.038636, 44.35274 ], [ 3.03747, 44.353565 ], [ 3.037153, 44.353752 ], [ 3.036433, 44.354301 ], [ 3.036083, 44.354745 ], [ 3.035801, 44.355614 ], [ 3.035687, 44.356531 ], [ 3.035723, 44.357165 ], [ 3.036265, 44.358162 ], [ 3.03687, 44.358619 ], [ 3.037228, 44.358792 ], [ 3.043463, 44.356938 ], [ 3.051916, 44.354589 ], [ 3.052701, 44.354749 ], [ 3.05398, 44.355133 ], [ 3.060842, 44.352182 ], [ 3.062862, 44.349203 ], [ 3.070132, 44.348721 ], [ 3.070479, 44.348921 ], [ 3.078925, 44.346708 ], [ 3.080238, 44.347067 ], [ 3.083322, 44.348419 ], [ 3.084134, 44.348632 ], [ 3.087747, 44.349251 ], [ 3.093856, 44.351433 ], [ 3.095252, 44.350654 ], [ 3.098988, 44.349583 ], [ 3.10425, 44.35367 ], [ 3.10575, 44.355494 ], [ 3.106226, 44.355518 ], [ 3.10637, 44.355487 ], [ 3.106453, 44.355463 ], [ 3.107544, 44.35512 ], [ 3.10783, 44.354472 ], [ 3.108078, 44.351549 ], [ 3.107771, 44.350891 ], [ 3.106251, 44.349013 ], [ 3.105701, 44.348445 ], [ 3.105107, 44.347923 ], [ 3.104119, 44.347263 ], [ 3.102884, 44.346693 ], [ 3.101561, 44.346284 ], [ 3.100302, 44.346063 ], [ 3.099197, 44.345989 ], [ 3.097921, 44.345975 ], [ 3.094087, 44.343945 ], [ 3.095424, 44.337217 ], [ 3.101719, 44.334485 ], [ 3.106746, 44.338332 ], [ 3.107462, 44.338332 ], [ 3.109835, 44.339088 ], [ 3.112043, 44.338117 ], [ 3.112063, 44.337837 ], [ 3.112058, 44.337444 ], [ 3.112074, 44.336526 ], [ 3.111968, 44.336374 ], [ 3.110823, 44.335626 ], [ 3.114222, 44.327625 ], [ 3.117456, 44.326211 ], [ 3.11802, 44.326123 ], [ 3.118926, 44.325921 ], [ 3.120414, 44.325583 ], [ 3.120633, 44.32199 ], [ 3.120243, 44.321966 ], [ 3.119685, 44.321984 ], [ 3.11886, 44.32215 ], [ 3.114313, 44.322045 ], [ 3.110659, 44.317253 ], [ 3.111081, 44.313678 ], [ 3.105597, 44.306989 ], [ 3.105567, 44.306364 ], [ 3.105498, 44.305813 ], [ 3.105407, 44.305383 ], [ 3.105098, 44.304316 ], [ 3.10482, 44.303611 ], [ 3.104477, 44.302905 ], [ 3.104216, 44.302426 ], [ 3.103129, 44.300559 ], [ 3.101751, 44.298221 ], [ 3.100373, 44.295883 ], [ 3.097272, 44.297711 ], [ 3.095362, 44.305832 ], [ 3.09491, 44.30648 ], [ 3.086458, 44.308602 ], [ 3.085833, 44.308361 ], [ 3.085156, 44.308213 ], [ 3.084482, 44.308151 ], [ 3.083893, 44.308163 ], [ 3.083028, 44.308131 ], [ 3.082446, 44.308067 ], [ 3.081657, 44.308073 ], [ 3.081173, 44.30821 ], [ 3.080525, 44.308517 ], [ 3.073526, 44.302898 ], [ 3.07362, 44.302155 ], [ 3.073582, 44.301587 ], [ 3.074446, 44.29688 ], [ 3.071674, 44.294582 ], [ 3.070815, 44.295522 ], [ 3.07027, 44.296115 ], [ 3.070043, 44.296393 ], [ 3.069694, 44.296964 ], [ 3.069235, 44.297936 ], [ 3.069177, 44.29813 ], [ 3.068184, 44.300557 ], [ 3.066511, 44.305915 ], [ 3.058979, 44.30769 ], [ 3.058347, 44.307416 ], [ 3.057354, 44.307362 ], [ 3.050647, 44.304208 ], [ 3.049737, 44.300725 ], [ 3.04474, 44.300274 ], [ 3.039462, 44.303022 ], [ 3.033057, 44.302242 ], [ 3.032367, 44.302157 ], [ 3.025905, 44.301141 ], [ 3.024918, 44.300869 ], [ 3.023985, 44.300976 ], [ 3.02198, 44.301545 ], [ 3.02131, 44.301966 ], [ 3.020438, 44.302599 ], [ 3.022194, 44.305742 ], [ 3.026102, 44.305809 ], [ 3.026628, 44.305985 ], [ 3.027458, 44.306029 ], [ 3.028016, 44.305934 ], [ 3.03582, 44.309651 ], [ 3.037109, 44.314725 ], [ 3.037956, 44.316329 ], [ 3.038402, 44.316601 ], [ 3.038589, 44.316686 ], [ 3.04028, 44.315952 ], [ 3.042988299298151, 44.321196472325134 ], [ 3.046411, 44.316241 ], [ 3.039851, 44.313998 ], [ 3.039564, 44.31378 ], [ 3.03585, 44.30588 ], [ 3.033583, 44.304574 ], [ 3.033706, 44.304235 ], [ 3.039372, 44.30464 ], [ 3.048169, 44.30437 ], [ 3.048495, 44.30455 ], [ 3.048822, 44.304731 ], [ 3.048986, 44.304837 ], [ 3.049252, 44.305059 ], [ 3.049391, 44.305295 ], [ 3.049546, 44.3061 ], [ 3.05654, 44.31136 ], [ 3.060005, 44.310019 ], [ 3.060197, 44.309963 ], [ 3.06039, 44.309906 ], [ 3.061018, 44.309852 ], [ 3.06865, 44.305845 ], [ 3.06953, 44.304757 ], [ 3.06981, 44.304983 ], [ 3.073372, 44.310969 ], [ 3.078532, 44.31102 ], [ 3.081593, 44.309094 ], [ 3.081947, 44.308884 ], [ 3.082305, 44.308923 ], [ 3.085299, 44.309891 ], [ 3.085486, 44.309956 ], [ 3.085697, 44.310032 ], [ 3.086028, 44.31021 ], [ 3.086869, 44.310763 ], [ 3.091592, 44.312838 ], [ 3.098363, 44.312396 ], [ 3.098721, 44.312439 ], [ 3.100319, 44.313034 ], [ 3.100319, 44.313394 ], [ 3.09987, 44.313854 ], [ 3.099543, 44.314052 ], [ 3.099215, 44.314249 ], [ 3.09622, 44.321175 ], [ 3.101772, 44.32463 ], [ 3.102025, 44.324626 ], [ 3.102303, 44.324623 ], [ 3.10287, 44.324692 ], [ 3.103435, 44.324761 ], [ 3.104223, 44.324846 ], [ 3.105767, 44.324924 ], [ 3.106544, 44.324918 ], [ 3.106547, 44.325278 ], [ 3.101384, 44.332321 ], [ 3.101306, 44.332672 ], [ 3.100647, 44.332525 ], [ 3.099574, 44.33232 ], [ 3.099147, 44.33226 ], [ 3.094992, 44.332234 ], [ 3.089112, 44.33644 ], [ 3.084762, 44.341852 ], [ 3.090136, 44.346959 ], [ 3.091827, 44.347657 ], [ 3.095671, 44.348088 ], [ 3.095782, 44.348431 ], [ 3.095407, 44.348552 ], [ 3.095031, 44.348673 ], [ 3.094799, 44.348716 ], [ 3.09459, 44.348753 ], [ 3.093462, 44.348665 ], [ 3.08796, 44.347645 ], [ 3.084323, 44.347023 ], [ 3.084038, 44.346941 ], [ 3.083782, 44.346866 ], [ 3.082328, 44.346222 ], [ 3.079373, 44.345151 ], [ 3.07913, 44.345052 ], [ 3.078906, 44.344959 ], [ 3.078697, 44.344824 ], [ 3.078518, 44.344706 ], [ 3.071442, 44.342814 ], [ 3.068556, 44.343824 ], [ 3.065043, 44.343735 ], [ 3.059966, 44.348624 ], [ 3.059797, 44.348942 ], [ 3.05432, 44.349984 ], [ 3.046724, 44.35237 ], [ 3.046525, 44.352071 ], [ 3.046386, 44.350937 ], [ 3.046384, 44.350734 ], [ 3.04642, 44.350594 ], [ 3.0465, 44.350437 ], [ 3.046697, 44.350131 ], [ 3.046857, 44.349959 ], [ 3.046995, 44.349814 ], [ 3.047251, 44.349601 ], [ 3.047492, 44.349401 ], [ 3.047891, 44.349107 ], [ 3.048441, 44.348677 ], [ 3.048612, 44.348525 ], [ 3.048814, 44.348411 ], [ 3.049069, 44.348355 ], [ 3.053944, 44.34302 ], [ 3.051925, 44.338683 ], [ 3.051799, 44.338563 ], [ 3.04563, 44.335504 ], [ 3.040974, 44.336558 ], [ 3.040822, 44.336643 ], [ 3.04013, 44.337003 ], [ 3.03318, 44.337488 ], [ 3.029107, 44.339198 ], [ 3.028765, 44.339311 ], [ 3.025422, 44.340872 ], [ 3.024524, 44.341487 ], [ 3.02432, 44.34119 ], [ 3.02571, 44.338583 ], [ 3.026617, 44.336939 ], [ 3.026275, 44.329351 ], [ 3.026454, 44.325261 ], [ 3.026732, 44.325032 ], [ 3.02851643532814, 44.32467768422962 ], [ 3.028254, 44.324331 ], [ 3.027863, 44.323868 ], [ 3.02676, 44.322744 ], [ 3.025561, 44.320695 ], [ 3.025244, 44.319835 ], [ 3.023301, 44.318722 ], [ 3.02139, 44.318286 ], [ 3.021214, 44.318243 ], [ 3.020373, 44.321744 ], [ 3.018992, 44.329973 ], [ 3.019309, 44.331268 ], [ 3.019432, 44.331441 ], [ 3.021886, 44.335394 ], [ 3.017077, 44.342428 ], [ 3.013414, 44.344504 ], [ 3.014403, 44.347966 ] ] ] } },
{ "type": "Feature", "properties": { "codgeo": "12270", "value": 420, "isochrone_group": 7.0, "nb_agences": 2 }, "geometry": { "type": "MultiPolygon", "coordinates": [ [ [ [ 3.000593, 44.349929 ], [ 3.002456, 44.349589 ], [ 3.007729, 44.348449 ], [ 3.013813, 44.349477 ], [ 3.018205, 44.353882 ], [ 3.018797, 44.354369 ], [ 3.021957, 44.352644 ], [ 3.02576, 44.345933 ], [ 3.026276, 44.345774 ], [ 3.031132, 44.346296 ], [ 3.032515, 44.353607 ], [ 3.032475, 44.357207 ], [ 3.031931, 44.362675 ], [ 3.033519, 44.365905 ], [ 3.035207, 44.365182 ], [ 3.036217, 44.364708 ], [ 3.036298, 44.364667 ], [ 3.038286, 44.363648 ], [ 3.038589, 44.363394 ], [ 3.039639, 44.3621 ], [ 3.044253, 44.358035 ], [ 3.047215, 44.355988 ], [ 3.055673, 44.356834 ], [ 3.056679, 44.35724 ], [ 3.057069, 44.357319 ], [ 3.05823, 44.357484 ], [ 3.064208, 44.35252 ], [ 3.06526, 44.349077 ], [ 3.065290431688304, 44.349041995313094 ], [ 3.062862, 44.349203 ], [ 3.060842, 44.352182 ], [ 3.05398, 44.355133 ], [ 3.052701, 44.354749 ], [ 3.051916, 44.354589 ], [ 3.043463, 44.356938 ], [ 3.037228, 44.358792 ], [ 3.03687, 44.358619 ], [ 3.036265, 44.358162 ], [ 3.035723, 44.357165 ], [ 3.035687, 44.356531 ], [ 3.035801, 44.355614 ], [ 3.036083, 44.354745 ], [ 3.036433, 44.354301 ], [ 3.037153, 44.353752 ], [ 3.03747, 44.353565 ], [ 3.038636, 44.35274 ], [ 3.038648, 44.352735 ], [ 3.041908, 44.351394 ], [ 3.042489, 44.351035 ], [ 3.043281, 44.350695 ], [ 3.045335, 44.349252 ], [ 3.045826, 44.348693 ], [ 3.046459, 44.348154 ], [ 3.047321, 44.347514 ], [ 3.047537, 44.347313 ], [ 3.048047, 44.346984 ], [ 3.050662, 44.339717 ], [ 3.049852, 44.338293 ], [ 3.041424, 44.338707 ], [ 3.040875, 44.339161 ], [ 3.040609, 44.339308 ], [ 3.033567, 44.341983 ], [ 3.030743, 44.342591 ], [ 3.024774, 44.343274 ], [ 3.021108, 44.346661 ], [ 3.019724, 44.347858 ], [ 3.01735, 44.347825 ], [ 3.014403, 44.347966 ], [ 3.013414, 44.344504 ], [ 3.017077, 44.342428 ], [ 3.021886, 44.335394 ], [ 3.019624303957235, 44.331750770799893 ], [ 3.019091, 44.332523 ], [ 3.017554, 44.335426 ], [ 3.014448, 44.341003 ], [ 3.01059, 44.344764 ], [ 3.005888, 44.343846 ], [ 3.000957, 44.346011 ], [ 2.999452, 44.346515 ], [ 3.000593, 44.349929 ] ] ], [ [ [ 3.094843, 44.353107 ], [ 3.101596, 44.357906 ], [ 3.109953, 44.360919 ], [ 3.118108, 44.362997 ], [ 3.118224, 44.362643 ], [ 3.118327, 44.362182 ], [ 3.118315, 44.361333 ], [ 3.118188, 44.360784 ], [ 3.118025, 44.360353 ], [ 3.117773, 44.3599 ], [ 3.117328, 44.359341 ], [ 3.116047, 44.358231 ], [ 3.114966, 44.357435 ], [ 3.112285, 44.355098 ], [ 3.109361, 44.352083 ], [ 3.108811, 44.350929 ], [ 3.110712, 44.34228 ], [ 3.115058, 44.336814 ], [ 3.120345, 44.33109 ], [ 3.123903, 44.32785 ], [ 3.13236, 44.326235 ], [ 3.133999, 44.326993 ], [ 3.135772, 44.323859 ], [ 3.133694, 44.32236 ], [ 3.128911, 44.317857 ], [ 3.126716, 44.315003 ], [ 3.123908, 44.311287 ], [ 3.123346, 44.311424 ], [ 3.122657, 44.311529 ], [ 3.122093, 44.311639 ], [ 3.121124, 44.311886 ], [ 3.115676, 44.304889 ], [ 3.114898, 44.300592 ], [ 3.112025, 44.298423 ], [ 3.110271, 44.300746 ], [ 3.103129, 44.300559 ], [ 3.104216, 44.302426 ], [ 3.104477, 44.302905 ], [ 3.10482, 44.303611 ], [ 3.105098, 44.304316 ], [ 3.105407, 44.305383 ], [ 3.105498, 44.305813 ], [ 3.105567, 44.306364 ], [ 3.105597, 44.306989 ], [ 3.111081, 44.313678 ], [ 3.110659, 44.317253 ], [ 3.114313, 44.322045 ], [ 3.11886, 44.32215 ], [ 3.119685, 44.321984 ], [ 3.120243, 44.321966 ], [ 3.120633, 44.32199 ], [ 3.120414, 44.325583 ], [ 3.118926, 44.325921 ], [ 3.11802, 44.326123 ], [ 3.117456, 44.326211 ], [ 3.114222, 44.327625 ], [ 3.110823, 44.335626 ], [ 3.111968, 44.336374 ], [ 3.112074, 44.336526 ], [ 3.112058, 44.337444 ], [ 3.112063, 44.337837 ], [ 3.112043, 44.338117 ], [ 3.109835, 44.339088 ], [ 3.107462, 44.338332 ], [ 3.106746, 44.338332 ], [ 3.101719, 44.334485 ], [ 3.095424, 44.337217 ], [ 3.094087, 44.343945 ], [ 3.097921, 44.345975 ], [ 3.099197, 44.345989 ], [ 3.100302, 44.346063 ], [ 3.101561, 44.346284 ], [ 3.102884, 44.346693 ], [ 3.104119, 44.347263 ], [ 3.105107, 44.347923 ], [ 3.105701, 44.348445 ], [ 3.106251, 44.349013 ], [ 3.107771, 44.350891 ], [ 3.108078, 44.351549 ], [ 3.10783, 44.354472 ], [ 3.107544, 44.35512 ], [ 3.106453, 44.355463 ], [ 3.10637, 44.355487 ], [ 3.106226, 44.355518 ], [ 3.10575, 44.355494 ], [ 3.10425, 44.35367 ], [ 3.098988, 44.349583 ], [ 3.095252, 44.350654 ], [ 3.093856, 44.351433 ], [ 3.087747, 44.349251 ], [ 3.094843, 44.353107 ] ] ], [ [ [ 3.100211, 44.295609 ], [ 3.098752, 44.293134 ], [ 3.097331, 44.290725 ], [ 3.096635, 44.289428 ], [ 3.09623, 44.288548 ], [ 3.095847, 44.287593 ], [ 3.095381, 44.286189 ], [ 3.094664, 44.283269 ], [ 3.093947, 44.280348 ], [ 3.09045, 44.281207 ], [ 3.091167, 44.284127 ], [ 3.091884, 44.287047 ], [ 3.09215, 44.287933 ], [ 3.092452, 44.288793 ], [ 3.092889, 44.289886 ], [ 3.09336, 44.290923 ], [ 3.094154, 44.29242 ], [ 3.095651, 44.294962 ], [ 3.091027, 44.302446 ], [ 3.084482, 44.308151 ], [ 3.085156, 44.308213 ], [ 3.085833, 44.308361 ], [ 3.086458, 44.308602 ], [ 3.09491, 44.30648 ], [ 3.095362, 44.305832 ], [ 3.097272, 44.297711 ], [ 3.100372644984104, 44.295883209277356 ], [ 3.100211, 44.295609 ] ] ], [ [ [ 3.078001937031306, 44.30649141194155 ], [ 3.080525, 44.308517 ], [ 3.081173, 44.30821 ], [ 3.081657, 44.308073 ], [ 3.082446, 44.308067 ], [ 3.078001937031306, 44.30649141194155 ] ] ], [ [ [ 3.073582, 44.301587 ], [ 3.07362, 44.302155 ], [ 3.073526, 44.302898 ], [ 3.077167492079821, 44.305821495355985 ], [ 3.073582, 44.301587 ] ] ], [ [ [ 3.074522, 44.296781 ], [ 3.074997, 44.296115 ], [ 3.07541, 44.295366 ], [ 3.075571, 44.294854 ], [ 3.075647, 44.294425 ], [ 3.076005, 44.292928 ], [ 3.076077, 44.292616 ], [ 3.077245, 44.28941 ], [ 3.077441, 44.289017 ], [ 3.077631, 44.288462 ], [ 3.077742, 44.287816 ], [ 3.077752, 44.287177 ], [ 3.077672, 44.285962 ], [ 3.074084, 44.285662 ], [ 3.072992, 44.289364 ], [ 3.06825, 44.2946 ], [ 3.061605, 44.297546 ], [ 3.060868, 44.30107 ], [ 3.053104, 44.301191 ], [ 3.052522, 44.300574 ], [ 3.052111, 44.300248 ], [ 3.051645, 44.299904 ], [ 3.045152, 44.29811 ], [ 3.042224, 44.296819 ], [ 3.042062, 44.296856 ], [ 3.041751, 44.296995 ], [ 3.040892, 44.298338 ], [ 3.033057, 44.302242 ], [ 3.039462, 44.303022 ], [ 3.04474, 44.300274 ], [ 3.049737, 44.300725 ], [ 3.050647, 44.304208 ], [ 3.057354, 44.307362 ], [ 3.058347, 44.307416 ], [ 3.058979, 44.30769 ], [ 3.066511, 44.305915 ], [ 3.068184, 44.300557 ], [ 3.069177, 44.29813 ], [ 3.069235, 44.297936 ], [ 3.069694, 44.296964 ], [ 3.070043, 44.296393 ], [ 3.07027, 44.296115 ], [ 3.070815, 44.295522 ], [ 3.071674, 44.294582 ], [ 3.074446, 44.29688 ], [ 3.073582, 44.301587 ], [ 3.074522, 44.296781 ] ] ], [ [ [ 3.015007, 44.303044 ], [ 3.014634, 44.303613 ], [ 3.013871, 44.304883 ], [ 3.01424, 44.305511 ], [ 3.014702, 44.306118 ], [ 3.014749, 44.306163 ], [ 3.015569, 44.30709 ], [ 3.016062, 44.307558 ], [ 3.016531, 44.307936 ], [ 3.011998, 44.315666 ], [ 3.010733, 44.319037 ], [ 3.011245, 44.320104 ], [ 3.012217, 44.320572 ], [ 3.01381, 44.321541 ], [ 3.015568, 44.323043 ], [ 3.016955, 44.323292 ], [ 3.020063438714081, 44.323588590747178 ], [ 3.020373, 44.321744 ], [ 3.021214, 44.318243 ], [ 3.02139, 44.318286 ], [ 3.023301, 44.318722 ], [ 3.025244, 44.319835 ], [ 3.025561, 44.320695 ], [ 3.02676, 44.322744 ], [ 3.027863, 44.323868 ], [ 3.028254, 44.324331 ], [ 3.0295, 44.325977 ], [ 3.03337, 44.32801 ], [ 3.034652, 44.328583 ], [ 3.039573, 44.329617 ], [ 3.044308, 44.323752 ], [ 3.04028, 44.315952 ], [ 3.038589, 44.316686 ], [ 3.038402, 44.316601 ], [ 3.037956, 44.316329 ], [ 3.037109, 44.314725 ], [ 3.03582, 44.309651 ], [ 3.028016, 44.305934 ], [ 3.027458, 44.306029 ], [ 3.026628, 44.305985 ], [ 3.026102, 44.305809 ], [ 3.022194, 44.305742 ], [ 3.020438, 44.302599 ], [ 3.02131, 44.301966 ], [ 3.02198, 44.301545 ], [ 3.015007, 44.303044 ] ] ] ] } },
{ "type": "Feature", "properties": { "codgeo": "12270", "value": 480, "isochrone_group": 8.0, "nb_agences": 2 }, "geometry": { "type": "MultiPolygon", "coordinates": [ [ [ [ 2.986255, 44.349016 ], [ 2.989783, 44.349854 ], [ 2.991201, 44.350018 ], [ 2.999358, 44.353472 ], [ 2.999557, 44.353387 ], [ 3.000462, 44.35274 ], [ 3.004724608611412, 44.34909853654144 ], [ 3.002456, 44.349589 ], [ 3.000593, 44.349929 ], [ 2.999452, 44.346515 ], [ 3.000957, 44.346011 ], [ 3.005888, 44.343846 ], [ 3.01059, 44.344764 ], [ 3.014448, 44.341003 ], [ 3.017554, 44.335426 ], [ 3.019091, 44.332523 ], [ 3.02414, 44.325212 ], [ 3.022887, 44.323858 ], [ 3.016955, 44.323292 ], [ 3.015568, 44.323043 ], [ 3.01381, 44.321541 ], [ 3.012217, 44.320572 ], [ 3.011245, 44.320104 ], [ 3.010733, 44.319037 ], [ 3.011998, 44.315666 ], [ 3.016531, 44.307936 ], [ 3.016062, 44.307558 ], [ 3.015569, 44.30709 ], [ 3.014749, 44.306163 ], [ 3.014702, 44.306118 ], [ 3.01424, 44.305511 ], [ 3.013871, 44.304883 ], [ 3.014634, 44.303613 ], [ 3.015007, 44.303044 ], [ 3.02198, 44.301545 ], [ 3.023985, 44.300976 ], [ 3.024918, 44.300869 ], [ 3.019595, 44.300007 ], [ 3.015173, 44.300045 ], [ 3.011578, 44.30024 ], [ 3.011645, 44.301468 ], [ 3.011607, 44.304591 ], [ 3.007555, 44.311097 ], [ 3.005929, 44.311905 ], [ 3.005554, 44.312099 ], [ 3.005084, 44.313714 ], [ 3.005967, 44.314592 ], [ 3.008502, 44.317197 ], [ 3.009223, 44.323063 ], [ 3.00919, 44.32387 ], [ 3.009777, 44.324564 ], [ 3.010447, 44.324992 ], [ 3.011089, 44.325161 ], [ 3.012987, 44.32609 ], [ 3.014713, 44.334678 ], [ 3.011838, 44.338311 ], [ 3.005977, 44.340979 ], [ 3.0016, 44.34461 ], [ 2.993141, 44.346115 ], [ 2.989008, 44.345742 ], [ 2.987387, 44.3455 ], [ 2.986565, 44.345429 ], [ 2.986255, 44.349016 ] ] ], [ [ [ 3.011371, 44.353153 ], [ 3.015893, 44.359634 ], [ 3.016281, 44.360544 ], [ 3.016335, 44.36061 ], [ 3.017599, 44.361143 ], [ 3.017695, 44.361137 ], [ 3.018178, 44.36104 ], [ 3.021093, 44.359921 ], [ 3.026248, 44.355909 ], [ 3.028851, 44.356454 ], [ 3.02981, 44.364326 ], [ 3.029432, 44.36495 ], [ 3.029133, 44.366441 ], [ 3.029328, 44.367338 ], [ 3.029751, 44.368119 ], [ 3.030194, 44.368609 ], [ 3.033092, 44.371559 ], [ 3.033582, 44.371949 ], [ 3.034234, 44.372313 ], [ 3.035127, 44.372661 ], [ 3.035627, 44.372713 ], [ 3.037006, 44.372702 ], [ 3.037098, 44.372592 ], [ 3.037515, 44.371522 ], [ 3.040511, 44.366305 ], [ 3.043523, 44.364333 ], [ 3.046979, 44.36022 ], [ 3.054500700329199, 44.356716742312422 ], [ 3.047215, 44.355988 ], [ 3.044253, 44.358035 ], [ 3.039639, 44.3621 ], [ 3.038589, 44.363394 ], [ 3.038286, 44.363648 ], [ 3.036298, 44.364667 ], [ 3.036217, 44.364708 ], [ 3.035207, 44.365182 ], [ 3.033519, 44.365905 ], [ 3.031931, 44.362675 ], [ 3.032475, 44.357207 ], [ 3.032515, 44.353607 ], [ 3.031132, 44.346296 ], [ 3.026276, 44.345774 ], [ 3.02576, 44.345933 ], [ 3.021957, 44.352644 ], [ 3.018797, 44.354369 ], [ 3.018205, 44.353882 ], [ 3.013813, 44.349477 ], [ 3.007729, 44.348449 ], [ 3.005839067498794, 44.348857595306541 ], [ 3.011371, 44.353153 ] ] ], [ [ [ 3.060722, 44.359335 ], [ 3.061318, 44.359756 ], [ 3.061849, 44.359993 ], [ 3.062525, 44.360164 ], [ 3.063794, 44.360275 ], [ 3.067035, 44.353978 ], [ 3.068754, 44.350816 ], [ 3.074941, 44.344512 ], [ 3.072372, 44.343503 ], [ 3.070058, 44.343558 ], [ 3.06526, 44.349077 ], [ 3.064208, 44.35252 ], [ 3.05823, 44.357484 ], [ 3.057069, 44.357319 ], [ 3.056679, 44.35724 ], [ 3.060722, 44.359335 ] ] ], [ [ [ 3.096636, 44.359008 ], [ 3.099538, 44.361139 ], [ 3.106383, 44.364451 ], [ 3.110946, 44.370586 ], [ 3.110525, 44.374162 ], [ 3.111363, 44.374742 ], [ 3.113499, 44.37438 ], [ 3.114813, 44.373711 ], [ 3.116806, 44.371814 ], [ 3.117621, 44.369027 ], [ 3.118436, 44.366239 ], [ 3.118785, 44.365124 ], [ 3.119124, 44.363893 ], [ 3.119275, 44.363092 ], [ 3.119313, 44.362326 ], [ 3.119229, 44.361398 ], [ 3.119018, 44.360482 ], [ 3.118661, 44.359603 ], [ 3.11826, 44.358884 ], [ 3.117866, 44.358324 ], [ 3.117412, 44.357801 ], [ 3.116834, 44.357243 ], [ 3.116124, 44.356684 ], [ 3.115456, 44.356233 ], [ 3.114667, 44.355803 ], [ 3.112023, 44.354595 ], [ 3.109331712893164, 44.35202155032492 ], [ 3.109361, 44.352083 ], [ 3.112285, 44.355098 ], [ 3.114966, 44.357435 ], [ 3.116047, 44.358231 ], [ 3.117328, 44.359341 ], [ 3.117773, 44.3599 ], [ 3.118025, 44.360353 ], [ 3.118188, 44.360784 ], [ 3.118315, 44.361333 ], [ 3.118327, 44.362182 ], [ 3.118224, 44.362643 ], [ 3.118108, 44.362997 ], [ 3.109953, 44.360919 ], [ 3.101596, 44.357906 ], [ 3.094843, 44.353107 ], [ 3.093747711358044, 44.352511814965702 ], [ 3.096636, 44.359008 ] ] ], [ [ [ 3.113013, 44.343075 ], [ 3.119688, 44.338941 ], [ 3.125119, 44.332224 ], [ 3.129055036044564, 44.326866135956948 ], [ 3.123903, 44.32785 ], [ 3.120345, 44.33109 ], [ 3.115058, 44.336814 ], [ 3.110712, 44.34228 ], [ 3.108811, 44.350929 ], [ 3.113013, 44.343075 ] ] ], [ [ [ 3.134415, 44.327198 ], [ 3.135487, 44.327998 ], [ 3.137413, 44.330239 ], [ 3.140987, 44.3317 ], [ 3.143273, 44.332628 ], [ 3.145469, 44.331634 ], [ 3.145921, 44.330984 ], [ 3.14613, 44.330438 ], [ 3.14542, 44.329512 ], [ 3.144976, 44.329001 ], [ 3.144303, 44.328373 ], [ 3.142698, 44.326844 ], [ 3.142432, 44.32665 ], [ 3.139229, 44.323058 ], [ 3.138564, 44.32302 ], [ 3.137488, 44.322785 ], [ 3.136902, 44.322694 ], [ 3.135819, 44.322563 ], [ 3.131552, 44.316205 ], [ 3.134371, 44.31345 ], [ 3.137015, 44.313071 ], [ 3.137385, 44.31313 ], [ 3.138674, 44.313301 ], [ 3.139578, 44.312062 ], [ 3.139191, 44.309738 ], [ 3.13785, 44.308903 ], [ 3.131938, 44.306412 ], [ 3.131707, 44.30665 ], [ 3.128384, 44.308962 ], [ 3.122551, 44.309544 ], [ 3.118972334724049, 44.309122563521328 ], [ 3.121124, 44.311886 ], [ 3.122093, 44.311639 ], [ 3.122657, 44.311529 ], [ 3.123346, 44.311424 ], [ 3.123908, 44.311287 ], [ 3.126716, 44.315003 ], [ 3.128911, 44.317857 ], [ 3.133694, 44.32236 ], [ 3.135772, 44.323859 ], [ 3.134007471634903, 44.326978025322184 ], [ 3.134415, 44.327198 ] ] ], [ [ [ 3.115162, 44.300243 ], [ 3.117155, 44.29901 ], [ 3.120783, 44.295838 ], [ 3.120835, 44.295345 ], [ 3.120852, 44.294991 ], [ 3.120813, 44.294504 ], [ 3.120971, 44.291501 ], [ 3.120724, 44.290826 ], [ 3.120213, 44.289972 ], [ 3.117604, 44.291042 ], [ 3.11744, 44.291149 ], [ 3.116747, 44.291782 ], [ 3.115621, 44.292688 ], [ 3.114656, 44.293333 ], [ 3.108478, 44.295869 ], [ 3.100211, 44.295609 ], [ 3.10167, 44.298084 ], [ 3.103129, 44.300559 ], [ 3.110271, 44.300746 ], [ 3.112025, 44.298423 ], [ 3.114898, 44.300592 ], [ 3.115676, 44.304889 ], [ 3.116251189926853, 44.3056277305283 ], [ 3.115162, 44.300243 ] ] ], [ [ [ 3.093859, 44.279995 ], [ 3.0935, 44.278745 ], [ 3.093134, 44.277672 ], [ 3.092724, 44.276647 ], [ 3.091341, 44.273556 ], [ 3.090702, 44.272322 ], [ 3.089982, 44.271225 ], [ 3.089619, 44.270753 ], [ 3.089198, 44.270255 ], [ 3.088319, 44.269322 ], [ 3.087407, 44.268501 ], [ 3.086474, 44.26778 ], [ 3.085428, 44.26708 ], [ 3.083952, 44.266224 ], [ 3.082146, 44.269338 ], [ 3.083622, 44.270194 ], [ 3.084462, 44.270765 ], [ 3.085198, 44.271343 ], [ 3.085898, 44.271986 ], [ 3.086566, 44.272711 ], [ 3.086863, 44.273069 ], [ 3.087121, 44.27341 ], [ 3.087685, 44.274286 ], [ 3.088131, 44.275187 ], [ 3.089437, 44.278115 ], [ 3.089791, 44.279007 ], [ 3.090091, 44.279899 ], [ 3.090396, 44.280981 ], [ 3.090451345783183, 44.281206669423007 ], [ 3.093945826063435, 44.280348288364749 ], [ 3.093859, 44.279995 ] ] ], [ [ [ 3.088398, 44.301683 ], [ 3.087732, 44.301502 ], [ 3.086963, 44.301262 ], [ 3.086224, 44.301073 ], [ 3.085469, 44.300963 ], [ 3.08511, 44.300936 ], [ 3.079465, 44.301649 ], [ 3.075571, 44.294854 ], [ 3.07541, 44.295366 ], [ 3.074997, 44.296115 ], [ 3.074522, 44.296781 ], [ 3.073582, 44.301587 ], [ 3.07751, 44.306226 ], [ 3.07773, 44.306395 ], [ 3.082446, 44.308067 ], [ 3.083028, 44.308131 ], [ 3.083893, 44.308163 ], [ 3.084482, 44.308151 ], [ 3.091027, 44.302446 ], [ 3.09159093706855, 44.301533261024851 ], [ 3.088398, 44.301683 ] ] ], [ [ [ 3.077999, 44.284624 ], [ 3.078051, 44.284184 ], [ 3.078029, 44.283444 ], [ 3.077945, 44.283046 ], [ 3.077737, 44.28242 ], [ 3.077554, 44.282059 ], [ 3.076611, 44.279752 ], [ 3.074546, 44.277052 ], [ 3.074475, 44.276854 ], [ 3.072111, 44.275543 ], [ 3.07176, 44.275232 ], [ 3.069375, 44.277928 ], [ 3.069726, 44.278239 ], [ 3.070212, 44.278646 ], [ 3.070665, 44.278988 ], [ 3.072505, 44.280951 ], [ 3.070285, 44.288007 ], [ 3.066722, 44.288522 ], [ 3.066815, 44.289164 ], [ 3.065477, 44.294235 ], [ 3.05894, 44.294593 ], [ 3.050787, 44.297428 ], [ 3.043791, 44.292714 ], [ 3.040598, 44.294377 ], [ 3.040241, 44.295835 ], [ 3.039959387446535, 44.298802699350183 ], [ 3.040892, 44.298338 ], [ 3.041751, 44.296995 ], [ 3.042062, 44.296856 ], [ 3.042224, 44.296819 ], [ 3.045152, 44.29811 ], [ 3.051645, 44.299904 ], [ 3.052111, 44.300248 ], [ 3.052522, 44.300574 ], [ 3.053104, 44.301191 ], [ 3.060868, 44.30107 ], [ 3.061605, 44.297546 ], [ 3.06825, 44.2946 ], [ 3.072992, 44.289364 ], [ 3.074084, 44.285662 ], [ 3.077672, 44.285962 ], [ 3.077752, 44.287177 ], [ 3.077999, 44.284624 ] ] ] ] } },
{ "type": "Feature", "properties": { "codgeo": "12270", "value": 540, "isochrone_group": 9.0, "nb_agences": 2 }, "geometry": { "type": "MultiPolygon", "coordinates": [ [ [ [ 2.974282, 44.352573 ], [ 2.974864, 44.35249 ], [ 2.975701, 44.352309 ], [ 2.975932, 44.35224 ], [ 2.976543, 44.352011 ], [ 2.976973, 44.351827 ], [ 2.981606, 44.349718 ], [ 2.98908, 44.351617 ], [ 2.992081, 44.354603 ], [ 2.992112, 44.354633 ], [ 2.994246, 44.356477 ], [ 2.994662, 44.356547 ], [ 2.995462, 44.356507 ], [ 2.998, 44.356012 ], [ 2.99825, 44.355943 ], [ 2.999201, 44.355399 ], [ 3.00147, 44.35431 ], [ 3.009321, 44.356042 ], [ 3.009759, 44.358761 ], [ 3.011348, 44.364217 ], [ 3.013984, 44.366668 ], [ 3.014215, 44.36642 ], [ 3.016077, 44.365007 ], [ 3.01741, 44.364331 ], [ 3.018112, 44.364099 ], [ 3.018685, 44.363839 ], [ 3.021829, 44.36304 ], [ 3.027012, 44.36901 ], [ 3.026989, 44.369555 ], [ 3.028447, 44.37278 ], [ 3.030141, 44.376957 ], [ 3.030747, 44.378568 ], [ 3.030952, 44.37894 ], [ 3.031329, 44.379395 ], [ 3.031834, 44.379755 ], [ 3.032544, 44.379999 ], [ 3.032984, 44.380058 ], [ 3.034078, 44.377204 ], [ 3.037865, 44.372457 ], [ 3.043668, 44.369068 ], [ 3.045597, 44.367754 ], [ 3.045611, 44.367726 ], [ 3.045647, 44.367559 ], [ 3.0485, 44.36107 ], [ 3.05124, 44.358735 ], [ 3.05690727412203, 44.35735828698629 ], [ 3.056679, 44.35724 ], [ 3.055673, 44.356834 ], [ 3.055082, 44.356446 ], [ 3.046979, 44.36022 ], [ 3.043523, 44.364333 ], [ 3.040511, 44.366305 ], [ 3.037515, 44.371522 ], [ 3.037098, 44.372592 ], [ 3.037006, 44.372702 ], [ 3.035627, 44.372713 ], [ 3.035127, 44.372661 ], [ 3.034234, 44.372313 ], [ 3.033582, 44.371949 ], [ 3.033092, 44.371559 ], [ 3.030194, 44.368609 ], [ 3.029751, 44.368119 ], [ 3.029328, 44.367338 ], [ 3.029133, 44.366441 ], [ 3.029432, 44.36495 ], [ 3.02981, 44.364326 ], [ 3.028851, 44.356454 ], [ 3.026248, 44.355909 ], [ 3.021093, 44.359921 ], [ 3.018178, 44.36104 ], [ 3.017695, 44.361137 ], [ 3.017599, 44.361143 ], [ 3.016335, 44.36061 ], [ 3.016281, 44.360544 ], [ 3.015893, 44.359634 ], [ 3.011371, 44.353153 ], [ 3.005403, 44.348519 ], [ 3.000462, 44.35274 ], [ 2.999557, 44.353387 ], [ 2.999358, 44.353472 ], [ 2.991201, 44.350018 ], [ 2.989783, 44.349854 ], [ 2.986255, 44.349016 ], [ 2.986564618836368, 44.345433410432086 ], [ 2.986399, 44.34542 ], [ 2.984794, 44.345424 ], [ 2.984233, 44.345468 ], [ 2.983396, 44.345566 ], [ 2.982918, 44.345641 ], [ 2.981978, 44.34584 ], [ 2.981061, 44.346097 ], [ 2.980642, 44.346239 ], [ 2.980209, 44.3464 ], [ 2.973776, 44.349008 ], [ 2.974282, 44.352573 ] ] ], [ [ [ 3.067162, 44.36154 ], [ 3.067884, 44.361796 ], [ 3.068628, 44.361835 ], [ 3.068767, 44.361816 ], [ 3.073032, 44.355238 ], [ 3.07369, 44.354631 ], [ 3.073962, 44.354032 ], [ 3.073901, 44.35373 ], [ 3.078925, 44.346708 ], [ 3.078289, 44.346457 ], [ 3.077621, 44.346055 ], [ 3.076716, 44.345287 ], [ 3.074941, 44.344512 ], [ 3.068754, 44.350816 ], [ 3.067035, 44.353978 ], [ 3.063794, 44.360275 ], [ 3.062525, 44.360164 ], [ 3.067162, 44.36154 ] ] ], [ [ [ 3.092077, 44.353614 ], [ 3.09136, 44.36083 ], [ 3.09107, 44.361442 ], [ 3.093904, 44.363125 ], [ 3.094299, 44.363066 ], [ 3.094906, 44.362855 ], [ 3.095596, 44.362655 ], [ 3.103794, 44.36585 ], [ 3.104337, 44.367852 ], [ 3.105829, 44.37192 ], [ 3.10726, 44.372891 ], [ 3.107605, 44.373119 ], [ 3.111379, 44.376929 ], [ 3.11243, 44.38174 ], [ 3.114834, 44.385832 ], [ 3.115016, 44.385972 ], [ 3.117701, 44.384553 ], [ 3.119225, 44.383097 ], [ 3.118755, 44.381735 ], [ 3.117537, 44.378373 ], [ 3.117469020892193, 44.369546712605477 ], [ 3.116806, 44.371814 ], [ 3.114813, 44.373711 ], [ 3.113499, 44.37438 ], [ 3.111363, 44.374742 ], [ 3.110525, 44.374162 ], [ 3.110946, 44.370586 ], [ 3.106383, 44.364451 ], [ 3.099538, 44.361139 ], [ 3.096636, 44.359008 ], [ 3.093706, 44.352418 ], [ 3.087747, 44.349251 ], [ 3.086983433634512, 44.349105261361721 ], [ 3.092077, 44.353614 ] ] ], [ [ [ 3.119782, 44.363568 ], [ 3.119682, 44.362475 ], [ 3.119609, 44.361707 ], [ 3.119467, 44.361248 ], [ 3.118661, 44.359603 ], [ 3.119018, 44.360482 ], [ 3.119229, 44.361398 ], [ 3.119313, 44.362326 ], [ 3.119275, 44.363092 ], [ 3.119124, 44.363893 ], [ 3.118785, 44.365124 ], [ 3.118436, 44.366239 ], [ 3.117621, 44.369027 ], [ 3.117472330304578, 44.369535395633292 ], [ 3.119782, 44.363568 ] ] ], [ [ [ 3.113191, 44.343075 ], [ 3.114189, 44.34312 ], [ 3.115018, 44.343277 ], [ 3.115493, 44.343299 ], [ 3.115813, 44.343269 ], [ 3.116499, 44.343147 ], [ 3.124896, 44.340381 ], [ 3.127004, 44.337463 ], [ 3.127275, 44.33176 ], [ 3.134799, 44.332012 ], [ 3.136821, 44.334988 ], [ 3.144976, 44.333549 ], [ 3.146434, 44.333828 ], [ 3.148789, 44.334452 ], [ 3.15207, 44.335934 ], [ 3.154869, 44.333347 ], [ 3.15411, 44.329828 ], [ 3.153527, 44.329539 ], [ 3.147949, 44.327591 ], [ 3.146008, 44.324873 ], [ 3.145477, 44.322907 ], [ 3.150743, 44.317145 ], [ 3.151905, 44.313738 ], [ 3.152524, 44.309209 ], [ 3.15192, 44.30566 ], [ 3.151022, 44.305813 ], [ 3.149119, 44.306254 ], [ 3.147322, 44.306673 ], [ 3.146741, 44.306765 ], [ 3.145405, 44.306818 ], [ 3.144778, 44.306882 ], [ 3.139835, 44.299508 ], [ 3.140019, 44.299021 ], [ 3.140154, 44.298695 ], [ 3.136873, 44.297213 ], [ 3.135392, 44.299053 ], [ 3.135007, 44.29946 ], [ 3.134711, 44.299852 ], [ 3.134349, 44.300429 ], [ 3.129882, 44.303998 ], [ 3.126718796450875, 44.309128149231185 ], [ 3.128384, 44.308962 ], [ 3.131707, 44.30665 ], [ 3.131938, 44.306412 ], [ 3.13785, 44.308903 ], [ 3.139191, 44.309738 ], [ 3.139578, 44.312062 ], [ 3.138674, 44.313301 ], [ 3.137385, 44.31313 ], [ 3.137015, 44.313071 ], [ 3.134371, 44.31345 ], [ 3.131552, 44.316205 ], [ 3.135819, 44.322563 ], [ 3.136902, 44.322694 ], [ 3.137488, 44.322785 ], [ 3.138564, 44.32302 ], [ 3.139229, 44.323058 ], [ 3.142432, 44.32665 ], [ 3.142698, 44.326844 ], [ 3.144303, 44.328373 ], [ 3.144976, 44.329001 ], [ 3.14542, 44.329512 ], [ 3.14613, 44.330438 ], [ 3.145921, 44.330984 ], [ 3.145469, 44.331634 ], [ 3.143273, 44.332628 ], [ 3.140987, 44.3317 ], [ 3.137413, 44.330239 ], [ 3.135487, 44.327998 ], [ 3.134415, 44.327198 ], [ 3.133246, 44.326567 ], [ 3.13236, 44.326235 ], [ 3.131738, 44.325957 ], [ 3.130113, 44.325426 ], [ 3.125119, 44.332224 ], [ 3.119688, 44.338941 ], [ 3.113013, 44.343075 ], [ 3.108811, 44.350929 ], [ 3.113191, 44.343075 ] ] ], [ [ [ 3.12238, 44.288064 ], [ 3.120164, 44.285227 ], [ 3.117674, 44.281587 ], [ 3.117372, 44.28123 ], [ 3.116788, 44.280656 ], [ 3.115779, 44.279877 ], [ 3.115129, 44.279549 ], [ 3.114859, 44.279464 ], [ 3.113776, 44.282897 ], [ 3.114947, 44.285952 ], [ 3.114656, 44.293333 ], [ 3.115621, 44.292688 ], [ 3.116747, 44.291782 ], [ 3.11744, 44.291149 ], [ 3.117604, 44.291042 ], [ 3.120213, 44.289972 ], [ 3.120724, 44.290826 ], [ 3.120971, 44.291501 ], [ 3.12238, 44.288064 ] ] ], [ [ [ 3.107401, 44.295421 ], [ 3.105261, 44.293448 ], [ 3.097331, 44.290725 ], [ 3.098752, 44.293134 ], [ 3.100211, 44.295609 ], [ 3.108478, 44.295869 ], [ 3.114656, 44.293333 ], [ 3.107401, 44.295421 ] ] ], [ [ [ 3.083928, 44.26621 ], [ 3.082013, 44.265139 ], [ 3.080056, 44.264045 ], [ 3.078092, 44.263018 ], [ 3.077018, 44.262545 ], [ 3.07633, 44.262279 ], [ 3.075535, 44.262005 ], [ 3.07396, 44.261551 ], [ 3.071186, 44.260854 ], [ 3.063126, 44.257829 ], [ 3.061054, 44.260773 ], [ 3.061454, 44.261054 ], [ 3.062347, 44.261631 ], [ 3.06321, 44.262095 ], [ 3.064155, 44.270722 ], [ 3.063957, 44.271482 ], [ 3.063858, 44.272085 ], [ 3.06388, 44.272797 ], [ 3.063998, 44.273278 ], [ 3.064368, 44.274009 ], [ 3.06519, 44.275182 ], [ 3.065689, 44.275706 ], [ 3.060519, 44.282877 ], [ 3.059482, 44.282447 ], [ 3.059027, 44.283166 ], [ 3.058238, 44.285211 ], [ 3.058103, 44.285773 ], [ 3.053269, 44.292793 ], [ 3.044723, 44.291637 ], [ 3.043008, 44.289906 ], [ 3.042489, 44.289483 ], [ 3.04174, 44.289009 ], [ 3.041248, 44.288784 ], [ 3.040951, 44.28869 ], [ 3.039964, 44.288447 ], [ 3.039329, 44.28835 ], [ 3.038783, 44.291908 ], [ 3.037512, 44.29623 ], [ 3.031066282037241, 44.302140392262991 ], [ 3.032367, 44.302157 ], [ 3.033057, 44.302242 ], [ 3.039901, 44.299418 ], [ 3.040241, 44.295835 ], [ 3.040598, 44.294377 ], [ 3.043791, 44.292714 ], [ 3.050787, 44.297428 ], [ 3.05894, 44.294593 ], [ 3.065477, 44.294235 ], [ 3.066815, 44.289164 ], [ 3.066722, 44.288522 ], [ 3.070285, 44.288007 ], [ 3.072505, 44.280951 ], [ 3.070665, 44.278988 ], [ 3.070212, 44.278646 ], [ 3.069726, 44.278239 ], [ 3.069375, 44.277928 ], [ 3.07176, 44.275232 ], [ 3.072111, 44.275543 ], [ 3.074475, 44.276854 ], [ 3.074546, 44.277052 ], [ 3.076611, 44.279752 ], [ 3.077554, 44.282059 ], [ 3.077737, 44.28242 ], [ 3.077945, 44.283046 ], [ 3.078029, 44.283444 ], [ 3.078051, 44.284184 ], [ 3.077999, 44.284624 ], [ 3.077752, 44.287177 ], [ 3.077742, 44.287816 ], [ 3.077631, 44.288462 ], [ 3.077441, 44.289017 ], [ 3.077245, 44.28941 ], [ 3.07614, 44.292203 ], [ 3.076077, 44.292616 ], [ 3.076005, 44.292928 ], [ 3.075647, 44.294425 ], [ 3.075571, 44.294854 ], [ 3.079465, 44.301649 ], [ 3.08511, 44.300936 ], [ 3.085469, 44.300963 ], [ 3.086224, 44.301073 ], [ 3.086963, 44.301262 ], [ 3.087732, 44.301502 ], [ 3.088398, 44.301683 ], [ 3.091959, 44.301516 ], [ 3.095651, 44.294962 ], [ 3.094154, 44.29242 ], [ 3.09336, 44.290923 ], [ 3.092889, 44.289886 ], [ 3.092452, 44.288793 ], [ 3.09215, 44.287933 ], [ 3.091884, 44.287047 ], [ 3.091132, 44.283982 ], [ 3.090396, 44.280981 ], [ 3.090091, 44.279899 ], [ 3.089791, 44.279007 ], [ 3.089437, 44.278115 ], [ 3.088131, 44.275187 ], [ 3.087685, 44.274286 ], [ 3.087121, 44.27341 ], [ 3.086863, 44.273069 ], [ 3.086566, 44.272711 ], [ 3.085898, 44.271986 ], [ 3.085198, 44.271343 ], [ 3.084462, 44.270765 ], [ 3.083622, 44.270194 ], [ 3.082146, 44.269338 ], [ 3.083952, 44.266224 ], [ 3.085428, 44.26708 ], [ 3.083928, 44.26621 ] ] ], [ [ [ 3.024873, 44.297383 ], [ 3.021477, 44.296188 ], [ 3.017848, 44.299561 ], [ 3.017281096855755, 44.300026884287533 ], [ 3.019595, 44.300007 ], [ 3.024918, 44.300869 ], [ 3.025905, 44.301141 ], [ 3.030409, 44.302132 ], [ 3.024873, 44.297383 ] ] ], [ [ [ 3.011402, 44.304722 ], [ 3.010129, 44.305493 ], [ 3.001306, 44.306089 ], [ 3.001296, 44.306089 ], [ 3.000553, 44.306304 ], [ 3.00022, 44.306442 ], [ 2.999516, 44.308476 ], [ 3.000308, 44.316227 ], [ 3.000898, 44.323487 ], [ 3.001837, 44.323614 ], [ 3.002229, 44.323683 ], [ 3.007478, 44.326753 ], [ 3.009343, 44.327725 ], [ 3.011953, 44.333225 ], [ 3.006989, 44.336427 ], [ 3.003859, 44.337919 ], [ 3.003844, 44.338179 ], [ 3.003464, 44.340651 ], [ 3.000934508647469, 44.344728402232612 ], [ 3.0016, 44.34461 ], [ 3.005977, 44.340979 ], [ 3.011838, 44.338311 ], [ 3.014713, 44.334678 ], [ 3.012987, 44.32609 ], [ 3.011089, 44.325161 ], [ 3.010447, 44.324992 ], [ 3.009777, 44.324564 ], [ 3.00919, 44.32387 ], [ 3.009223, 44.323063 ], [ 3.008502, 44.317197 ], [ 3.005967, 44.314592 ], [ 3.005084, 44.313714 ], [ 3.005554, 44.312099 ], [ 3.005929, 44.311905 ], [ 3.007555, 44.311097 ], [ 3.011596162036535, 44.304608401725154 ], [ 3.011402, 44.304722 ] ] ], [ [ [ 2.991888, 44.345903 ], [ 2.990814, 44.345683 ], [ 2.990236, 44.345548 ], [ 2.987387, 44.3455 ], [ 2.989008, 44.345742 ], [ 2.993141, 44.346115 ], [ 2.993879897964642, 44.34598353748234 ], [ 2.991888, 44.345903 ] ] ] ] } },
{ "type": "Feature", "properties": { "codgeo": "12270", "value": 600, "isochrone_group": 10.0, "nb_agences": 2 }, "geometry": { "type": "MultiPolygon", "coordinates": [ [ [ [ 2.965118, 44.348768 ], [ 2.968091, 44.353968 ], [ 2.973005, 44.355612 ], [ 2.97404, 44.354972 ], [ 2.977611878163423, 44.351536174606814 ], [ 2.976973, 44.351827 ], [ 2.976543, 44.352011 ], [ 2.975932, 44.35224 ], [ 2.975701, 44.352309 ], [ 2.974864, 44.35249 ], [ 2.974282, 44.352573 ], [ 2.973776, 44.349008 ], [ 2.980209, 44.3464 ], [ 2.980642, 44.346239 ], [ 2.981061, 44.346097 ], [ 2.981978, 44.34584 ], [ 2.982918, 44.345641 ], [ 2.983396, 44.345566 ], [ 2.984233, 44.345468 ], [ 2.984794, 44.345424 ], [ 2.986399, 44.34542 ], [ 2.987387, 44.3455 ], [ 2.988232760002134, 44.345514249378766 ], [ 2.98178, 44.342895 ], [ 2.981265, 44.342558 ], [ 2.980904, 44.342397 ], [ 2.980073, 44.34292 ], [ 2.979532, 44.343283 ], [ 2.979202, 44.343533 ], [ 2.971769, 44.346397 ], [ 2.966732, 44.345508 ], [ 2.966236, 44.345346 ], [ 2.965118, 44.348768 ] ] ], [ [ [ 2.981973946924494, 44.349811488253899 ], [ 2.981606, 44.349718 ], [ 2.980079549571201, 44.350412859476435 ], [ 2.981802, 44.349809 ], [ 2.981973946924494, 44.349811488253899 ] ] ], [ [ [ 2.991629, 44.357441 ], [ 2.995049, 44.358837 ], [ 2.995769, 44.358735 ], [ 2.996097, 44.358637 ], [ 3.00093, 44.356649 ], [ 3.001891, 44.356697 ], [ 3.007181, 44.356931 ], [ 3.009467, 44.359662 ], [ 3.007232, 44.366081 ], [ 3.006173, 44.366581 ], [ 3.005813, 44.366848 ], [ 3.005289, 44.367176 ], [ 3.003516, 44.368717 ], [ 3.005342, 44.371819 ], [ 3.006724, 44.371006 ], [ 3.007859, 44.370203 ], [ 3.009804, 44.36896 ], [ 3.011746, 44.367959 ], [ 3.013492, 44.367046 ], [ 3.013957273424272, 44.366643149151336 ], [ 3.011348, 44.364217 ], [ 3.009759, 44.358761 ], [ 3.009321, 44.356042 ], [ 3.00147, 44.35431 ], [ 2.999201, 44.355399 ], [ 2.99825, 44.355943 ], [ 2.998, 44.356012 ], [ 2.995462, 44.356507 ], [ 2.994662, 44.356547 ], [ 2.994246, 44.356477 ], [ 2.992112, 44.354633 ], [ 2.992081, 44.354603 ], [ 2.98908, 44.351617 ], [ 2.986850907547084, 44.351050630376236 ], [ 2.990536, 44.355241 ], [ 2.991629, 44.357441 ] ] ], [ [ [ 3.026072, 44.371317 ], [ 3.030141, 44.376957 ], [ 3.028447, 44.37278 ], [ 3.026989, 44.369555 ], [ 3.027012, 44.36901 ], [ 3.021829, 44.36304 ], [ 3.018685, 44.363839 ], [ 3.024547, 44.370517 ], [ 3.026072, 44.371317 ] ] ], [ [ [ 3.029394, 44.382994 ], [ 3.029402, 44.383426 ], [ 3.029601, 44.384364 ], [ 3.030153, 44.38514 ], [ 3.030739, 44.385524 ], [ 3.031387, 44.385721 ], [ 3.034444, 44.385709 ], [ 3.034554, 44.385336 ], [ 3.036619, 44.379158 ], [ 3.037289, 44.374883 ], [ 3.043668, 44.369068 ], [ 3.037865, 44.372457 ], [ 3.034078, 44.377204 ], [ 3.032984, 44.380058 ], [ 3.032544, 44.379999 ], [ 3.031834, 44.379755 ], [ 3.031329, 44.379395 ], [ 3.030952, 44.37894 ], [ 3.030747, 44.378568 ], [ 3.030141, 44.376957 ], [ 3.029592, 44.382189 ], [ 3.029394, 44.382994 ] ] ], [ [ [ 3.057069, 44.357319 ], [ 3.05690727412203, 44.35735828698629 ], [ 3.060722, 44.359335 ], [ 3.057069, 44.357319 ] ] ], [ [ [ 3.07238, 44.364345 ], [ 3.072358, 44.363955 ], [ 3.072246, 44.363359 ], [ 3.071502, 44.361428 ], [ 3.076967, 44.355663 ], [ 3.077964, 44.354741 ], [ 3.078344, 44.354365 ], [ 3.084813, 44.348691 ], [ 3.084134, 44.348632 ], [ 3.083322, 44.348419 ], [ 3.080238, 44.347067 ], [ 3.078925, 44.346708 ], [ 3.073901, 44.35373 ], [ 3.073962, 44.354032 ], [ 3.07369, 44.354631 ], [ 3.073032, 44.355238 ], [ 3.068767, 44.361816 ], [ 3.068628, 44.361835 ], [ 3.067884, 44.361796 ], [ 3.067162, 44.36154 ], [ 3.062525, 44.360164 ], [ 3.061849, 44.359993 ], [ 3.068786, 44.364549 ], [ 3.07238, 44.364345 ] ] ], [ [ [ 3.090298, 44.35688 ], [ 3.088827, 44.361479 ], [ 3.089027, 44.362329 ], [ 3.089054, 44.362389 ], [ 3.089518, 44.36345 ], [ 3.09137, 44.364089 ], [ 3.091785, 44.364209 ], [ 3.092448, 44.364257 ], [ 3.093302, 44.36401 ], [ 3.095851232072402, 44.36275447139198 ], [ 3.095596, 44.362655 ], [ 3.094906, 44.362855 ], [ 3.094299, 44.363066 ], [ 3.093904, 44.363125 ], [ 3.09107, 44.361442 ], [ 3.09136, 44.36083 ], [ 3.092077, 44.353614 ], [ 3.08686, 44.348996 ], [ 3.084813, 44.348691 ], [ 3.090298, 44.35328 ], [ 3.090298, 44.35688 ] ] ], [ [ [ 3.10972, 44.377149 ], [ 3.109694, 44.377569 ], [ 3.109749, 44.386375 ], [ 3.108781, 44.387681 ], [ 3.111673, 44.389825 ], [ 3.119452, 44.391318 ], [ 3.124093, 44.394456 ], [ 3.124579, 44.394801 ], [ 3.125202, 44.395196 ], [ 3.125842, 44.395561 ], [ 3.126656, 44.395972 ], [ 3.127452, 44.396308 ], [ 3.128078, 44.396546 ], [ 3.128794, 44.396783 ], [ 3.129783, 44.397052 ], [ 3.130765, 44.397254 ], [ 3.132291, 44.39749 ], [ 3.134522, 44.397781 ], [ 3.136753, 44.398072 ], [ 3.136950491372898, 44.396559029611076 ], [ 3.135762, 44.396403 ], [ 3.135808, 44.396046 ], [ 3.136997089583769, 44.396202043317466 ], [ 3.137219, 44.394502 ], [ 3.134988, 44.394211 ], [ 3.132757, 44.39392 ], [ 3.131315, 44.393697 ], [ 3.130516, 44.393528 ], [ 3.129754, 44.393313 ], [ 3.129219, 44.393132 ], [ 3.128745, 44.392948 ], [ 3.127483, 44.392356 ], [ 3.126992, 44.392072 ], [ 3.12619, 44.391529 ], [ 3.12242, 44.384049 ], [ 3.122049, 44.383118 ], [ 3.12023, 44.381192 ], [ 3.117525929460285, 44.376935620659665 ], [ 3.117537, 44.378373 ], [ 3.118755, 44.381735 ], [ 3.119225, 44.383097 ], [ 3.117701, 44.384553 ], [ 3.115016, 44.385972 ], [ 3.114834, 44.385832 ], [ 3.11243, 44.38174 ], [ 3.111379, 44.376929 ], [ 3.110254901930179, 44.37579417921409 ], [ 3.110092, 44.376398 ], [ 3.10972, 44.377149 ] ] ], [ [ [ 3.122221, 44.363173 ], [ 3.122598, 44.362775 ], [ 3.122498, 44.360309 ], [ 3.122077, 44.360073 ], [ 3.121363, 44.359637 ], [ 3.116834, 44.357243 ], [ 3.117412, 44.357801 ], [ 3.117866, 44.358324 ], [ 3.11826, 44.358884 ], [ 3.118661, 44.359603 ], [ 3.119467, 44.361248 ], [ 3.119609, 44.361707 ], [ 3.119682, 44.362475 ], [ 3.119782, 44.363568 ], [ 3.117469, 44.369544 ], [ 3.121839, 44.363477 ], [ 3.122221, 44.363173 ] ] ], [ [ [ 3.123794, 44.343578 ], [ 3.129514, 44.343025 ], [ 3.130043, 44.343105 ], [ 3.130562, 44.343111 ], [ 3.130601, 44.339511 ], [ 3.129966, 44.339231 ], [ 3.129359, 44.33888 ], [ 3.128298, 44.338301 ], [ 3.127692, 44.33792 ], [ 3.12700370031474, 44.337463414839455 ], [ 3.124896, 44.340381 ], [ 3.116499, 44.343147 ], [ 3.115813, 44.343269 ], [ 3.115493, 44.343299 ], [ 3.115018, 44.343277 ], [ 3.120978, 44.3436 ], [ 3.123794, 44.343578 ] ] ], [ [ [ 3.147747, 44.339842 ], [ 3.149023, 44.341434 ], [ 3.149332, 44.341901 ], [ 3.151774, 44.341926 ], [ 3.151856, 44.341822 ], [ 3.152227, 44.340969 ], [ 3.152366, 44.339964 ], [ 3.156126, 44.332687 ], [ 3.157335, 44.331855 ], [ 3.159638, 44.330457 ], [ 3.16202, 44.329314 ], [ 3.164002, 44.328667 ], [ 3.162884, 44.325245 ], [ 3.164457, 44.318939 ], [ 3.163091, 44.318215 ], [ 3.162147, 44.317807 ], [ 3.161284, 44.317405 ], [ 3.160692, 44.308525 ], [ 3.161575, 44.308316 ], [ 3.161972, 44.308245 ], [ 3.162388, 44.30818 ], [ 3.163963, 44.308251 ], [ 3.165058, 44.304822 ], [ 3.16473, 44.304717 ], [ 3.164129, 44.304584 ], [ 3.157035, 44.303012 ], [ 3.15019, 44.300151 ], [ 3.146614, 44.299735 ], [ 3.142418, 44.294251 ], [ 3.135371, 44.289591 ], [ 3.133347, 44.28812 ], [ 3.126733, 44.283558 ], [ 3.124389, 44.280826 ], [ 3.116788, 44.280656 ], [ 3.117372, 44.28123 ], [ 3.117674, 44.281587 ], [ 3.120164, 44.285227 ], [ 3.12238, 44.288064 ], [ 3.120971, 44.291501 ], [ 3.12069, 44.292974 ], [ 3.120096, 44.29364 ], [ 3.118937, 44.295072 ], [ 3.117052, 44.297458 ], [ 3.116666, 44.298262 ], [ 3.116042, 44.299106 ], [ 3.115162, 44.300243 ], [ 3.11687, 44.308687 ], [ 3.118008, 44.309009 ], [ 3.125675, 44.310821 ], [ 3.129882, 44.303998 ], [ 3.134349, 44.300429 ], [ 3.134711, 44.299852 ], [ 3.135007, 44.29946 ], [ 3.135392, 44.299053 ], [ 3.136873, 44.297213 ], [ 3.140154, 44.298695 ], [ 3.140019, 44.299021 ], [ 3.139835, 44.299508 ], [ 3.144778, 44.306882 ], [ 3.145405, 44.306818 ], [ 3.146741, 44.306765 ], [ 3.147322, 44.306673 ], [ 3.149119, 44.306254 ], [ 3.151022, 44.305813 ], [ 3.15192, 44.30566 ], [ 3.152524, 44.309209 ], [ 3.151905, 44.313738 ], [ 3.150743, 44.317145 ], [ 3.145477, 44.322907 ], [ 3.146008, 44.324873 ], [ 3.147949, 44.327591 ], [ 3.153527, 44.329539 ], [ 3.15411, 44.329828 ], [ 3.154869, 44.333347 ], [ 3.15207, 44.335934 ], [ 3.148789, 44.334452 ], [ 3.146434, 44.333828 ], [ 3.144976, 44.333549 ], [ 3.144147504256312, 44.333695193179047 ], [ 3.147556, 44.33937 ], [ 3.147747, 44.339842 ] ] ], [ [ [ 3.114306, 44.276512 ], [ 3.11401, 44.276088 ], [ 3.112009, 44.273044 ], [ 3.108423, 44.27336 ], [ 3.10843, 44.273448 ], [ 3.108299, 44.279537 ], [ 3.109698, 44.280805 ], [ 3.110483, 44.281399 ], [ 3.111979, 44.282343 ], [ 3.114947, 44.285952 ], [ 3.113776, 44.282897 ], [ 3.114859, 44.279464 ], [ 3.115129, 44.279549 ], [ 3.115779, 44.279877 ], [ 3.116788, 44.280656 ], [ 3.114547, 44.277161 ], [ 3.114306, 44.276512 ] ] ], [ [ [ 3.104574, 44.292413 ], [ 3.103681, 44.291047 ], [ 3.102746, 44.290059 ], [ 3.095381, 44.286189 ], [ 3.095595, 44.286889 ], [ 3.095847, 44.287593 ], [ 3.09623, 44.288548 ], [ 3.096635, 44.289428 ], [ 3.097331, 44.290725 ], [ 3.105261, 44.293448 ], [ 3.107401, 44.295421 ], [ 3.105249, 44.293433 ], [ 3.104574, 44.292413 ] ] ], [ [ [ 3.059731, 44.253595 ], [ 3.059077, 44.252381 ], [ 3.058316, 44.250689 ], [ 3.056855, 44.24386 ], [ 3.053582, 44.24236 ], [ 3.053431, 44.242691 ], [ 3.053267, 44.243111 ], [ 3.053109, 44.24367 ], [ 3.053013, 44.244134 ], [ 3.052923, 44.24508 ], [ 3.052947, 44.245602 ], [ 3.053017, 44.246179 ], [ 3.05318, 44.246903 ], [ 3.054069, 44.249478 ], [ 3.054195, 44.256364 ], [ 3.054381, 44.25671 ], [ 3.054651, 44.257149 ], [ 3.057757, 44.260982 ], [ 3.06321, 44.262095 ], [ 3.062347, 44.261631 ], [ 3.061454, 44.261054 ], [ 3.061054, 44.260773 ], [ 3.063126, 44.257829 ], [ 3.066002605042136, 44.258908619138033 ], [ 3.0606, 44.254973 ], [ 3.059731, 44.253595 ] ] ], [ [ [ 3.059691, 44.281585 ], [ 3.05536, 44.281042 ], [ 3.051824, 44.281027 ], [ 3.050523, 44.28077 ], [ 3.048156, 44.279848 ], [ 3.047813, 44.279753 ], [ 3.046858, 44.283224 ], [ 3.038933, 44.285245 ], [ 3.038841, 44.285301 ], [ 3.036439, 44.287093 ], [ 3.035136, 44.290449 ], [ 3.026707, 44.292554 ], [ 3.025817, 44.29168 ], [ 3.025375, 44.29165 ], [ 3.023809, 44.292369 ], [ 3.022752, 44.292863 ], [ 3.018247, 44.297416 ], [ 3.017757, 44.297835 ], [ 3.017025, 44.29875 ], [ 3.016184433970183, 44.300928128198947 ], [ 3.017848, 44.299561 ], [ 3.021477, 44.296188 ], [ 3.024873, 44.297383 ], [ 3.030409, 44.302132 ], [ 3.03101, 44.302192 ], [ 3.037512, 44.29623 ], [ 3.038783, 44.291908 ], [ 3.039329, 44.28835 ], [ 3.039964, 44.288447 ], [ 3.040951, 44.28869 ], [ 3.041248, 44.288784 ], [ 3.04174, 44.289009 ], [ 3.042489, 44.289483 ], [ 3.043008, 44.289906 ], [ 3.044723, 44.291637 ], [ 3.053269, 44.292793 ], [ 3.058103, 44.285773 ], [ 3.058238, 44.285211 ], [ 3.059027, 44.283166 ], [ 3.059482, 44.282447 ], [ 3.060519, 44.282877 ], [ 3.060995856064901, 44.282215581268595 ], [ 3.060296, 44.28209 ], [ 3.059691, 44.281585 ] ] ], [ [ [ 3.000912, 44.302422 ], [ 3.000539, 44.302012 ], [ 2.997878, 44.304437 ], [ 2.99466, 44.309255 ], [ 2.994567, 44.314006 ], [ 2.993134, 44.320101 ], [ 2.993117, 44.323701 ], [ 2.993606, 44.323758 ], [ 2.994173, 44.323838 ], [ 2.994837, 44.323836 ], [ 2.995882, 44.323777 ], [ 2.997046, 44.323721 ], [ 3.002985, 44.328331 ], [ 3.002322, 44.333207 ], [ 3.001569, 44.334296 ], [ 3.001664, 44.33568 ], [ 3.002478, 44.336645 ], [ 3.000601, 44.345266 ], [ 3.003464, 44.340651 ], [ 3.003844, 44.338179 ], [ 3.003859, 44.337919 ], [ 3.006989, 44.336427 ], [ 3.011953, 44.333225 ], [ 3.009343, 44.327725 ], [ 3.007478, 44.326753 ], [ 3.002229, 44.323683 ], [ 3.001837, 44.323614 ], [ 3.000898, 44.323487 ], [ 3.000308, 44.316227 ], [ 2.999516, 44.308476 ], [ 3.00022, 44.306442 ], [ 3.000553, 44.306304 ], [ 3.001296, 44.306089 ], [ 3.001306, 44.306089 ], [ 3.004494762422143, 44.305873596803394 ], [ 3.0013, 44.302998 ], [ 3.000912, 44.302422 ] ] ], [ [ [ 2.994825390567169, 44.346021766144247 ], [ 2.996142, 44.346075 ], [ 3.000601, 44.345266 ], [ 2.997148, 44.34562 ], [ 2.994825390567169, 44.346021766144247 ] ] ] ] } },
{ "type": "Feature", "properties": { "codgeo": "12270", "value": 660, "isochrone_group": 11.0, "nb_agences": 2 }, "geometry": { "type": "MultiPolygon", "coordinates": [ [ [ [ 2.959503, 44.34755 ], [ 2.962753, 44.350344 ], [ 2.965943, 44.35716 ], [ 2.967599, 44.359703 ], [ 2.96839, 44.359351 ], [ 2.969204, 44.358997 ], [ 2.970333, 44.358343 ], [ 2.976468, 44.356101 ], [ 2.976649, 44.356 ], [ 2.977226, 44.355508 ], [ 2.977944, 44.354771 ], [ 2.98145082720248, 44.349932114731267 ], [ 2.979309, 44.350683 ], [ 2.977663, 44.351487 ], [ 2.97404, 44.354972 ], [ 2.973005, 44.355612 ], [ 2.968091, 44.353968 ], [ 2.965118, 44.348768 ], [ 2.966236, 44.345346 ], [ 2.966732, 44.345508 ], [ 2.971769, 44.346397 ], [ 2.979202, 44.343533 ], [ 2.979532, 44.343283 ], [ 2.980073, 44.34292 ], [ 2.980904, 44.342397 ], [ 2.981265, 44.342558 ], [ 2.98178, 44.342895 ], [ 2.988242, 44.345518 ], [ 2.985513, 44.344094 ], [ 2.982675, 44.340562 ], [ 2.981997, 44.338507 ], [ 2.98148, 44.338114 ], [ 2.981392, 44.338069 ], [ 2.98051, 44.337686 ], [ 2.979641, 44.338341 ], [ 2.972057, 44.340147 ], [ 2.971435, 44.340548 ], [ 2.970723, 44.341246 ], [ 2.968486, 44.343863 ], [ 2.961537, 44.342855 ], [ 2.9588, 44.343816 ], [ 2.958468, 44.343962 ], [ 2.958212, 44.344106 ], [ 2.957576, 44.344509 ], [ 2.959503, 44.34755 ] ] ], [ [ [ 2.987269, 44.354353 ], [ 2.990619, 44.358476 ], [ 2.992136, 44.359205 ], [ 2.995285, 44.360949 ], [ 2.997712, 44.359829 ], [ 2.999898, 44.357591 ], [ 3.003721, 44.357123 ], [ 3.008065, 44.361024 ], [ 3.004681, 44.366839 ], [ 3.004346, 44.367116 ], [ 3.000765, 44.369977 ], [ 3.000465, 44.370125 ], [ 2.998907, 44.370933 ], [ 2.997402, 44.371914 ], [ 2.996063, 44.373101 ], [ 2.997663, 44.376326 ], [ 3.0005, 44.37536 ], [ 3.004236, 44.372555 ], [ 3.005207, 44.371892 ], [ 3.005339438979247, 44.371814649350299 ], [ 3.003516, 44.368717 ], [ 3.005289, 44.367176 ], [ 3.005813, 44.366848 ], [ 3.006173, 44.366581 ], [ 3.007232, 44.366081 ], [ 3.009467, 44.359662 ], [ 3.007181, 44.356931 ], [ 3.001891, 44.356697 ], [ 3.00093, 44.356649 ], [ 2.996097, 44.358637 ], [ 2.995769, 44.358735 ], [ 2.995049, 44.358837 ], [ 2.991629, 44.357441 ], [ 2.990536, 44.355241 ], [ 2.98581, 44.349867 ], [ 2.981802, 44.349809 ], [ 2.981743774368811, 44.349829412836598 ], [ 2.986963, 44.35405 ], [ 2.987269, 44.354353 ] ] ], [ [ [ 3.025375, 44.372368 ], [ 3.030141, 44.376957 ], [ 3.026072, 44.371317 ], [ 3.024547, 44.370517 ], [ 3.018685, 44.363839 ], [ 3.018112, 44.364099 ], [ 3.01741, 44.364331 ], [ 3.016077, 44.365007 ], [ 3.022317, 44.370469 ], [ 3.025375, 44.372368 ] ] ], [ [ [ 3.028715, 44.390712 ], [ 3.027883, 44.393492 ], [ 3.031217, 44.39485 ], [ 3.031637, 44.393819 ], [ 3.033477, 44.389759 ], [ 3.034568, 44.386727 ], [ 3.034554, 44.385336 ], [ 3.034444, 44.385709 ], [ 3.031387, 44.385721 ], [ 3.030739, 44.385524 ], [ 3.030153, 44.38514 ], [ 3.029601, 44.384364 ], [ 3.029402, 44.383426 ], [ 3.02897, 44.389649 ], [ 3.028715, 44.390712 ] ] ], [ [ [ 3.041244, 44.373623 ], [ 3.045647, 44.367559 ], [ 3.043668, 44.369068 ], [ 3.037289, 44.374883 ], [ 3.036619, 44.379158 ], [ 3.034554, 44.385336 ], [ 3.038884, 44.378577 ], [ 3.041244, 44.373623 ] ] ], [ [ [ 3.068968, 44.368934 ], [ 3.072568, 44.368884 ], [ 3.072671, 44.367203 ], [ 3.072705, 44.365736 ], [ 3.072726, 44.36516 ], [ 3.072358, 44.363955 ], [ 3.07238, 44.364345 ], [ 3.068786, 44.364549 ], [ 3.061849, 44.359993 ], [ 3.067468, 44.364174 ], [ 3.068968, 44.368934 ] ] ], [ [ [ 3.086722, 44.360605 ], [ 3.087355, 44.361446 ], [ 3.089518, 44.36345 ], [ 3.089054, 44.362389 ], [ 3.089027, 44.362329 ], [ 3.088827, 44.361479 ], [ 3.090298, 44.35688 ], [ 3.090298, 44.35328 ], [ 3.084813, 44.348691 ], [ 3.078344, 44.354365 ], [ 3.077964, 44.354741 ], [ 3.076967, 44.355663 ], [ 3.071502, 44.361428 ], [ 3.072246, 44.363359 ], [ 3.072358, 44.363955 ], [ 3.078984, 44.358136 ], [ 3.086722, 44.360605 ] ] ], [ [ [ 3.105882, 44.38184 ], [ 3.105385, 44.385405 ], [ 3.102166, 44.393055 ], [ 3.103571, 44.396369 ], [ 3.10864, 44.394641 ], [ 3.10974, 44.393015 ], [ 3.11298, 44.390616 ], [ 3.120006, 44.39198 ], [ 3.121598, 44.393786 ], [ 3.122386, 44.394494 ], [ 3.123208, 44.395073 ], [ 3.123854, 44.395426 ], [ 3.124702, 44.395801 ], [ 3.126404, 44.396427 ], [ 3.128084, 44.397045 ], [ 3.128482, 44.397197 ], [ 3.132877376256598, 44.397658138011664 ], [ 3.132245, 44.397575 ], [ 3.130639, 44.397329 ], [ 3.129629, 44.39711 ], [ 3.128656, 44.396838 ], [ 3.127942, 44.396595 ], [ 3.127319, 44.396356 ], [ 3.126479, 44.395995 ], [ 3.125687, 44.395591 ], [ 3.125044, 44.395218 ], [ 3.124424, 44.394816 ], [ 3.123701, 44.394282 ], [ 3.123159, 44.393833 ], [ 3.123132772326683, 44.393806744572537 ], [ 3.119452, 44.391318 ], [ 3.111673, 44.389825 ], [ 3.108781, 44.387681 ], [ 3.109749, 44.386375 ], [ 3.109694, 44.377569 ], [ 3.10972, 44.377149 ], [ 3.110092, 44.376398 ], [ 3.111009, 44.372999 ], [ 3.107551, 44.378941 ], [ 3.105882, 44.38184 ] ] ], [ [ [ 3.148086296887933, 44.400397855499115 ], [ 3.143788, 44.399032 ], [ 3.143676794159668, 44.399020659602094 ], [ 3.148086296887933, 44.400397855499115 ] ] ], [ [ [ 3.158925, 44.398481 ], [ 3.157211322137074, 44.398418645347526 ], [ 3.157768, 44.398553 ], [ 3.158920879013607, 44.398594185565194 ], [ 3.158925, 44.398481 ] ] ], [ [ [ 3.148951, 44.39621 ], [ 3.148242, 44.395954 ], [ 3.147614, 44.395778 ], [ 3.147223, 44.395698 ], [ 3.146878, 44.395633 ], [ 3.146408, 44.395567 ], [ 3.143526, 44.39528 ], [ 3.1411, 44.395008 ], [ 3.136945, 44.394466 ], [ 3.132757, 44.39392 ], [ 3.134988, 44.394211 ], [ 3.137219, 44.394502 ], [ 3.137206781151991, 44.394595607912869 ], [ 3.140834, 44.395072 ], [ 3.142049, 44.395238 ], [ 3.144152, 44.395451 ], [ 3.146317, 44.395671 ], [ 3.146703, 44.395718 ], [ 3.147408, 44.395852 ], [ 3.148051, 44.396022 ], [ 3.148683, 44.396244 ], [ 3.149299, 44.396509 ], [ 3.153558830885762, 44.397537113629767 ], [ 3.148951, 44.39621 ] ] ], [ [ [ 3.128381, 44.385028 ], [ 3.127107, 44.380155 ], [ 3.124227, 44.377994 ], [ 3.116652, 44.37556 ], [ 3.12023, 44.381192 ], [ 3.122049, 44.383118 ], [ 3.12242, 44.384049 ], [ 3.126004883967884, 44.39116171407953 ], [ 3.130233733527093, 44.393448357884949 ], [ 3.130516, 44.393528 ], [ 3.131315, 44.393697 ], [ 3.132757, 44.39392 ], [ 3.129456, 44.388464 ], [ 3.128381, 44.385028 ] ] ], [ [ [ 3.12399, 44.364248 ], [ 3.124685, 44.363976 ], [ 3.125415, 44.363602 ], [ 3.123774, 44.360398 ], [ 3.119509151015584, 44.358657067461102 ], [ 3.121363, 44.359637 ], [ 3.122077, 44.360073 ], [ 3.122498, 44.360309 ], [ 3.122598, 44.362775 ], [ 3.122221, 44.363173 ], [ 3.121839, 44.363477 ], [ 3.117469, 44.369544 ], [ 3.123504, 44.36439 ], [ 3.12399, 44.364248 ] ] ], [ [ [ 3.120952, 44.346359 ], [ 3.121278, 44.346753 ], [ 3.122801, 44.346328 ], [ 3.123126, 44.345937 ], [ 3.129514, 44.343025 ], [ 3.123794, 44.343578 ], [ 3.120978, 44.3436 ], [ 3.115018, 44.343277 ], [ 3.119503, 44.344987 ], [ 3.120952, 44.346359 ] ] ], [ [ [ 3.134401, 44.345704 ], [ 3.136676, 44.342913 ], [ 3.135789, 44.342191 ], [ 3.135003, 44.341507 ], [ 3.134773, 44.341264 ], [ 3.13431, 44.340853 ], [ 3.133588, 44.340365 ], [ 3.133279, 44.340189 ], [ 3.132776, 44.339992 ], [ 3.131819, 44.339739 ], [ 3.130961, 44.33955 ], [ 3.129359, 44.33888 ], [ 3.129966, 44.339231 ], [ 3.130601, 44.339511 ], [ 3.130562, 44.343111 ], [ 3.130043, 44.343105 ], [ 3.129514, 44.343025 ], [ 3.132946, 44.34491 ], [ 3.134401, 44.345704 ] ] ], [ [ [ 3.144755, 44.33885 ], [ 3.146264, 44.341105 ], [ 3.146896, 44.342564 ], [ 3.14955, 44.34638 ], [ 3.149757, 44.346876 ], [ 3.150294, 44.347919 ], [ 3.150667, 44.348327 ], [ 3.15106, 44.348651 ], [ 3.154447, 44.347939 ], [ 3.156821, 44.344087 ], [ 3.157026, 44.343053 ], [ 3.156471, 44.340504 ], [ 3.155964196403239, 44.33300015020572 ], [ 3.152366, 44.339964 ], [ 3.152227, 44.340969 ], [ 3.151856, 44.341822 ], [ 3.151774, 44.341926 ], [ 3.149332, 44.341901 ], [ 3.149023, 44.341434 ], [ 3.147747, 44.339842 ], [ 3.147556, 44.33937 ], [ 3.143781, 44.333085 ], [ 3.139188, 44.330575 ], [ 3.143331, 44.335091 ], [ 3.144755, 44.33885 ] ] ], [ [ [ 3.168484, 44.325388 ], [ 3.16899, 44.325406 ], [ 3.171262, 44.322364 ], [ 3.171108, 44.318767 ], [ 3.170735, 44.318037 ], [ 3.174379, 44.310221 ], [ 3.175929, 44.308796 ], [ 3.17594, 44.308634 ], [ 3.175833, 44.307872 ], [ 3.1744, 44.305837 ], [ 3.173063, 44.304257 ], [ 3.17282, 44.304207 ], [ 3.165637, 44.303209 ], [ 3.159703, 44.296962 ], [ 3.15747, 44.294441 ], [ 3.155061, 44.294044 ], [ 3.151419, 44.293124 ], [ 3.143658, 44.291012 ], [ 3.143111, 44.287914 ], [ 3.137056, 44.285237 ], [ 3.135384, 44.284342 ], [ 3.128059, 44.279214 ], [ 3.127709, 44.278417 ], [ 3.124195, 44.279199 ], [ 3.116788, 44.280656 ], [ 3.124389, 44.280826 ], [ 3.126733, 44.283558 ], [ 3.133347, 44.28812 ], [ 3.135371, 44.289591 ], [ 3.142418, 44.294251 ], [ 3.146614, 44.299735 ], [ 3.15019, 44.300151 ], [ 3.157035, 44.303012 ], [ 3.164129, 44.304584 ], [ 3.16473, 44.304717 ], [ 3.165058, 44.304822 ], [ 3.163963, 44.308251 ], [ 3.162388, 44.30818 ], [ 3.161972, 44.308245 ], [ 3.161575, 44.308316 ], [ 3.160692, 44.308525 ], [ 3.161284, 44.317405 ], [ 3.162147, 44.317807 ], [ 3.163091, 44.318215 ], [ 3.164457, 44.318939 ], [ 3.162884, 44.325245 ], [ 3.16340422188345, 44.326837307052926 ], [ 3.16607, 44.325143 ], [ 3.168484, 44.325388 ] ] ], [ [ [ 3.113501, 44.269247 ], [ 3.111531, 44.26806 ], [ 3.109404, 44.267489 ], [ 3.107656, 44.267156 ], [ 3.107358, 44.267111 ], [ 3.106198, 44.267326 ], [ 3.103498, 44.268019 ], [ 3.103079, 44.268158 ], [ 3.103007, 44.268187 ], [ 3.102095, 44.269485 ], [ 3.102262, 44.269789 ], [ 3.10264, 44.270298 ], [ 3.102901, 44.276927 ], [ 3.103314, 44.277419 ], [ 3.103723, 44.277817 ], [ 3.104203, 44.278197 ], [ 3.100745, 44.28647 ], [ 3.09809, 44.285462 ], [ 3.093859, 44.279995 ], [ 3.094628, 44.283124 ], [ 3.095381, 44.286189 ], [ 3.102746, 44.290059 ], [ 3.103681, 44.291047 ], [ 3.104574, 44.292413 ], [ 3.105249, 44.293433 ], [ 3.107401, 44.295421 ], [ 3.114656, 44.293333 ], [ 3.114947, 44.285952 ], [ 3.111979, 44.282343 ], [ 3.110483, 44.281399 ], [ 3.109698, 44.280805 ], [ 3.108299, 44.279537 ], [ 3.10843, 44.273448 ], [ 3.108423, 44.27336 ], [ 3.112009, 44.273044 ], [ 3.11401, 44.276088 ], [ 3.114306, 44.276512 ], [ 3.113536, 44.269376 ], [ 3.113501, 44.269247 ] ] ], [ [ [ 3.061874, 44.251959 ], [ 3.057875795413522, 44.248631397589961 ], [ 3.058316, 44.250689 ], [ 3.059077, 44.252381 ], [ 3.059731, 44.253595 ], [ 3.0606, 44.254973 ], [ 3.067299, 44.259853 ], [ 3.068453, 44.260167 ], [ 3.071186, 44.260854 ], [ 3.065422, 44.25415 ], [ 3.061874, 44.251959 ] ] ], [ [ [ 3.058814, 44.241562 ], [ 3.059289, 44.240909 ], [ 3.059674, 44.240253 ], [ 3.060439, 44.238768 ], [ 3.06121, 44.237584 ], [ 3.062394, 44.236165 ], [ 3.063544, 44.235082 ], [ 3.064797, 44.23417 ], [ 3.065563, 44.233487 ], [ 3.065889, 44.233141 ], [ 3.066238, 44.232717 ], [ 3.066589, 44.232216 ], [ 3.06918, 44.229175 ], [ 3.066824, 44.226453 ], [ 3.0657, 44.227426 ], [ 3.0654, 44.227701 ], [ 3.065065, 44.228053 ], [ 3.060416, 44.232992 ], [ 3.059693, 44.233785 ], [ 3.058447, 44.235277 ], [ 3.057932, 44.235958 ], [ 3.054195, 44.241331 ], [ 3.053883, 44.241803 ], [ 3.053641, 44.242241 ], [ 3.053584855877172, 44.242361308834631 ], [ 3.056855, 44.24386 ], [ 3.057604786071405, 44.247364646873123 ], [ 3.058389, 44.242048 ], [ 3.058814, 44.241562 ] ] ], [ [ [ 3.051134, 44.255787 ], [ 3.048273, 44.259762 ], [ 3.047949, 44.26011 ], [ 3.050132, 44.262226 ], [ 3.050583, 44.262564 ], [ 3.053705, 44.262665 ], [ 3.059267, 44.263939 ], [ 3.06613, 44.263257 ], [ 3.064629, 44.262737 ], [ 3.063761, 44.262362 ], [ 3.06321, 44.262095 ], [ 3.057757, 44.260982 ], [ 3.054651, 44.257149 ], [ 3.054381, 44.25671 ], [ 3.054195, 44.256364 ], [ 3.054069, 44.249478 ], [ 3.05318, 44.246903 ], [ 3.052946, 44.253415 ], [ 3.051134, 44.255787 ] ] ], [ [ [ 3.066943, 44.280622 ], [ 3.058188, 44.278954 ], [ 3.05438, 44.280575 ], [ 3.048156, 44.279848 ], [ 3.050523, 44.28077 ], [ 3.051824, 44.281027 ], [ 3.05536, 44.281042 ], [ 3.059691, 44.281585 ], [ 3.060296, 44.28209 ], [ 3.067173, 44.283324 ], [ 3.069195, 44.277753 ], [ 3.067345, 44.280258 ], [ 3.066943, 44.280622 ] ] ], [ [ [ 3.046008, 44.279144 ], [ 3.044957, 44.278854 ], [ 3.044338, 44.278769 ], [ 3.043582, 44.278647 ], [ 3.041351, 44.278445 ], [ 3.040678, 44.27852 ], [ 3.040132, 44.278691 ], [ 3.038111, 44.2796 ], [ 3.037598, 44.28 ], [ 3.037453, 44.28012 ], [ 3.035296, 44.282759 ], [ 3.033812, 44.286737 ], [ 3.031921, 44.289737 ], [ 3.023848, 44.287915 ], [ 3.020578, 44.289421 ], [ 3.017363, 44.297139 ], [ 3.017025, 44.29875 ], [ 3.017757, 44.297835 ], [ 3.018247, 44.297416 ], [ 3.022752, 44.292863 ], [ 3.023809, 44.292369 ], [ 3.025375, 44.29165 ], [ 3.025817, 44.29168 ], [ 3.026707, 44.292554 ], [ 3.035136, 44.290449 ], [ 3.036439, 44.287093 ], [ 3.038841, 44.285301 ], [ 3.038933, 44.285245 ], [ 3.046858, 44.283224 ], [ 3.047812232969707, 44.27975578781377 ], [ 3.04769, 44.279723 ], [ 3.046008, 44.279144 ] ] ], [ [ [ 3.001458, 44.301458 ], [ 3.001018, 44.301104 ], [ 3.000423, 44.300568 ], [ 3.000125, 44.300327 ], [ 2.997811, 44.298372 ], [ 2.997635, 44.298412 ], [ 2.994964, 44.300575 ], [ 2.994903, 44.300756 ], [ 2.991669, 44.309116 ], [ 2.991192, 44.309296 ], [ 2.990683, 44.309526 ], [ 2.990145, 44.309871 ], [ 2.989805, 44.310171 ], [ 2.991141, 44.314382 ], [ 2.988016, 44.32202 ], [ 2.985068, 44.32364 ], [ 2.984472, 44.323932 ], [ 2.983192, 44.324603 ], [ 2.984804, 44.327822 ], [ 2.98702, 44.326895 ], [ 2.987605, 44.326759 ], [ 2.988329, 44.326388 ], [ 2.996687, 44.328551 ], [ 2.998477, 44.331674 ], [ 3.000381, 44.335212 ], [ 3.002478, 44.336645 ], [ 3.001664, 44.33568 ], [ 3.001569, 44.334296 ], [ 3.002322, 44.333207 ], [ 3.002985, 44.328331 ], [ 2.997046, 44.323721 ], [ 2.995882, 44.323777 ], [ 2.994837, 44.323836 ], [ 2.994173, 44.323838 ], [ 2.993606, 44.323758 ], [ 2.993117, 44.323701 ], [ 2.993134, 44.320101 ], [ 2.994567, 44.314006 ], [ 2.99466, 44.309255 ], [ 2.997878, 44.304437 ], [ 3.000539, 44.302012 ], [ 3.000912, 44.302422 ], [ 3.0013, 44.302998 ], [ 3.005414, 44.306701 ], [ 3.008095, 44.309104 ], [ 3.014475, 44.304328 ], [ 3.007339, 44.306651 ], [ 3.001458, 44.301458 ] ] ] ] } },
{ "type": "Feature", "properties": { "codgeo": "12270", "value": 720, "isochrone_group": 12.0, "nb_agences": 2 }, "geometry": { "type": "MultiPolygon", "coordinates": [ [ [ [ 2.945932, 44.351216 ], [ 2.950872, 44.350816 ], [ 2.951518, 44.35074 ], [ 2.955668, 44.350166 ], [ 2.962108, 44.349929 ], [ 2.964012, 44.355522 ], [ 2.963843, 44.359271 ], [ 2.963204, 44.361422 ], [ 2.963388, 44.361732 ], [ 2.96808, 44.365092 ], [ 2.968789, 44.365434 ], [ 2.969044, 44.365498 ], [ 2.970294, 44.364462 ], [ 2.970511, 44.364005 ], [ 2.970648, 44.36287 ], [ 2.973626, 44.357322 ], [ 2.975951236464583, 44.356289848222737 ], [ 2.970333, 44.358343 ], [ 2.969204, 44.358997 ], [ 2.96839, 44.359351 ], [ 2.967599, 44.359703 ], [ 2.965943, 44.35716 ], [ 2.962753, 44.350344 ], [ 2.959503, 44.34755 ], [ 2.957576, 44.344509 ], [ 2.958212, 44.344106 ], [ 2.95138, 44.346045 ], [ 2.947531, 44.346937 ], [ 2.946704, 44.347121 ], [ 2.945939, 44.347344 ], [ 2.945216, 44.347609 ], [ 2.944529, 44.3479 ], [ 2.945932, 44.351216 ] ] ], [ [ [ 2.985647, 44.355937 ], [ 2.987521, 44.359011 ], [ 2.991649, 44.362644 ], [ 2.991697, 44.362716 ], [ 2.995149690322291, 44.360874061899672 ], [ 2.992136, 44.359205 ], [ 2.990619, 44.358476 ], [ 2.987269, 44.354353 ], [ 2.986963, 44.35405 ], [ 2.981606, 44.349718 ], [ 2.977944, 44.354771 ], [ 2.977226, 44.355508 ], [ 2.976677961052938, 44.355975305306679 ], [ 2.976807, 44.355944 ], [ 2.985647, 44.355937 ] ] ], [ [ [ 3.000765, 44.369977 ], [ 3.004346, 44.367116 ], [ 3.004681, 44.366839 ], [ 3.008065, 44.361024 ], [ 3.003721, 44.357123 ], [ 2.999898, 44.357591 ], [ 2.997712, 44.359829 ], [ 3.00375, 44.365966 ], [ 3.000765, 44.369977 ] ] ], [ [ [ 2.995406, 44.372508 ], [ 2.995089, 44.372675 ], [ 2.994386, 44.372976 ], [ 2.989999, 44.375289 ], [ 2.98914, 44.375647 ], [ 2.988219, 44.376181 ], [ 2.989471, 44.379556 ], [ 2.994491, 44.379128 ], [ 2.997188, 44.379008 ], [ 3.001066, 44.376184 ], [ 3.00234, 44.374889 ], [ 3.006724, 44.371006 ], [ 3.005207, 44.371892 ], [ 3.004236, 44.372555 ], [ 3.0005, 44.37536 ], [ 2.997663, 44.376326 ], [ 2.996063, 44.373101 ], [ 2.997402, 44.371914 ], [ 2.998907, 44.370933 ], [ 2.997034, 44.371995 ], [ 2.995406, 44.372508 ] ] ], [ [ [ 3.02267, 44.375126 ], [ 3.030141, 44.376957 ], [ 3.025375, 44.372368 ], [ 3.022317, 44.370469 ], [ 3.016077, 44.365007 ], [ 3.014215, 44.36642 ], [ 3.013492, 44.367046 ], [ 3.020181, 44.372525 ], [ 3.02267, 44.375126 ] ] ], [ [ [ 3.02472, 44.394589 ], [ 3.027056, 44.401034 ], [ 3.030092, 44.402969 ], [ 3.031118, 44.402142 ], [ 3.03142, 44.401763 ], [ 3.03171, 44.401266 ], [ 3.031922, 44.400705 ], [ 3.033128, 44.396797 ], [ 3.033521, 44.393218 ], [ 3.035969, 44.386174 ], [ 3.036675, 44.384429 ], [ 3.037575288199565, 44.380619859828897 ], [ 3.034554, 44.385336 ], [ 3.034568, 44.386727 ], [ 3.033477, 44.389759 ], [ 3.031637, 44.393819 ], [ 3.031217, 44.39485 ], [ 3.027883, 44.393492 ], [ 3.028715, 44.390712 ], [ 3.02897, 44.389649 ], [ 3.029402, 44.383426 ], [ 3.025651, 44.391112 ], [ 3.02472, 44.394589 ] ] ], [ [ [ 3.043579, 44.372288 ], [ 3.043614, 44.372233 ], [ 3.045647, 44.367559 ], [ 3.041244, 44.373623 ], [ 3.039588221723534, 44.377098731178648 ], [ 3.043077, 44.372798 ], [ 3.043579, 44.372288 ] ] ], [ [ [ 3.068323, 44.37171 ], [ 3.068392, 44.372247 ], [ 3.068714, 44.373022 ], [ 3.070606, 44.374288 ], [ 3.070814, 44.37431 ], [ 3.071009, 44.374326 ], [ 3.071196, 44.374326 ], [ 3.072345, 44.372968 ], [ 3.07236, 44.372848 ], [ 3.072532, 44.369287 ], [ 3.072547234991062, 44.36888428840291 ], [ 3.068968, 44.368934 ], [ 3.067468, 44.364174 ], [ 3.061849, 44.359993 ], [ 3.061318, 44.359756 ], [ 3.065044, 44.363886 ], [ 3.068323, 44.37171 ] ] ], [ [ [ 3.104039, 44.377949 ], [ 3.102663, 44.379375 ], [ 3.09927, 44.381389 ], [ 3.099279, 44.382985 ], [ 3.100633, 44.383721 ], [ 3.101229, 44.383992 ], [ 3.101861, 44.384207 ], [ 3.102156, 44.393059 ], [ 3.100812, 44.39364 ], [ 3.100717, 44.393691 ], [ 3.099428, 44.394238 ], [ 3.099095, 44.39436 ], [ 3.096552, 44.395442 ], [ 3.095083, 44.396071 ], [ 3.094515, 44.396292 ], [ 3.091942, 44.397389 ], [ 3.091193, 44.397633 ], [ 3.092309, 44.401056 ], [ 3.093058, 44.400811 ], [ 3.095918, 44.399608 ], [ 3.104328, 44.399198 ], [ 3.107646, 44.397802 ], [ 3.113774, 44.391469 ], [ 3.121598, 44.393786 ], [ 3.120006, 44.39198 ], [ 3.11298, 44.390616 ], [ 3.10974, 44.393015 ], [ 3.10864, 44.394641 ], [ 3.103571, 44.396369 ], [ 3.102166, 44.393055 ], [ 3.105385, 44.385405 ], [ 3.105882, 44.38184 ], [ 3.107551, 44.378941 ], [ 3.111009, 44.372999 ], [ 3.110763328173632, 44.37257894020685 ], [ 3.104909, 44.377701 ], [ 3.104039, 44.377949 ] ] ], [ [ [ 3.129269, 44.401033 ], [ 3.129517, 44.401091 ], [ 3.130264, 44.40113 ], [ 3.13608, 44.398719 ], [ 3.139669, 44.399564 ], [ 3.14193, 44.399426 ], [ 3.149838922839114, 44.400997196480837 ], [ 3.149591, 44.400876 ], [ 3.148086296887933, 44.400397855499115 ], [ 3.143676794159668, 44.399020659602094 ], [ 3.141562, 44.398805 ], [ 3.140365, 44.398642 ], [ 3.136322, 44.398111 ], [ 3.13287737625662, 44.397658138011664 ], [ 3.128482, 44.397197 ], [ 3.128084, 44.397045 ], [ 3.126404, 44.396427 ], [ 3.124702, 44.395801 ], [ 3.123854, 44.395426 ], [ 3.123208, 44.395073 ], [ 3.128839, 44.400763 ], [ 3.129269, 44.401033 ] ] ], [ [ [ 3.165295542277991, 44.40378329334915 ], [ 3.165265, 44.40372 ], [ 3.164146, 44.40309 ], [ 3.161278, 44.402281 ], [ 3.158200348312485, 44.40217105366326 ], [ 3.165295542277991, 44.40378329334915 ] ] ], [ [ [ 3.164356, 44.399107 ], [ 3.163478, 44.398855 ], [ 3.162384, 44.398653 ], [ 3.161841, 44.398602 ], [ 3.161386, 44.398572 ], [ 3.158924978131878, 44.398481600622176 ], [ 3.158920879013607, 44.398594185565194 ], [ 3.161407, 44.398683 ], [ 3.162212, 44.398748 ], [ 3.162945, 44.398858 ], [ 3.163813, 44.399065 ], [ 3.164808253477578, 44.39928206586228 ], [ 3.164356, 44.399107 ] ] ], [ [ [ 3.153558830885737, 44.397537113629767 ], [ 3.157211322137067, 44.398418645347498 ], [ 3.15773704125696, 44.398437774399554 ], [ 3.151993338921065, 44.39708623212497 ], [ 3.153558830885737, 44.397537113629767 ] ] ], [ [ [ 3.13694, 44.385705 ], [ 3.138246, 44.384573 ], [ 3.13865, 44.384249 ], [ 3.136392, 44.381445 ], [ 3.13031, 44.37637 ], [ 3.126974, 44.375015 ], [ 3.125511, 44.376028 ], [ 3.124976, 44.376355 ], [ 3.124431, 44.376958 ], [ 3.117331739312518, 44.373124525181929 ], [ 3.117295510205583, 44.375766772784203 ], [ 3.124227, 44.377994 ], [ 3.127107, 44.380155 ], [ 3.128381, 44.385028 ], [ 3.129456, 44.388464 ], [ 3.132757, 44.39392 ], [ 3.136945, 44.394466 ], [ 3.136568, 44.386071 ], [ 3.13694, 44.385705 ] ] ], [ [ [ 3.126529, 44.362966 ], [ 3.127136, 44.362358 ], [ 3.127487, 44.361969 ], [ 3.127841, 44.361319 ], [ 3.1275, 44.3595 ], [ 3.12717, 44.359127 ], [ 3.124722, 44.359649 ], [ 3.119436993323576, 44.358627612332782 ], [ 3.123774, 44.360398 ], [ 3.125414881993491, 44.363601769596066 ], [ 3.12551, 44.363553 ], [ 3.126529, 44.362966 ] ] ], [ [ [ 3.123814, 44.349481 ], [ 3.124174, 44.349613 ], [ 3.124481, 44.349692 ], [ 3.126003, 44.346801 ], [ 3.13455, 44.345824 ], [ 3.135067, 44.346206 ], [ 3.135549, 44.34649 ], [ 3.135972, 44.346702 ], [ 3.13665, 44.346948 ], [ 3.138556, 44.347794 ], [ 3.138972, 44.347656 ], [ 3.147071, 44.348483 ], [ 3.148559, 44.350123 ], [ 3.149802, 44.352633 ], [ 3.153558, 44.355878 ], [ 3.157016, 44.354876 ], [ 3.157783, 44.352941 ], [ 3.159801, 44.346776 ], [ 3.158939, 44.345885 ], [ 3.156698, 44.341446 ], [ 3.156661285457934, 44.341377941679774 ], [ 3.157026, 44.343053 ], [ 3.156821, 44.344087 ], [ 3.154447, 44.347939 ], [ 3.15106, 44.348651 ], [ 3.150667, 44.348327 ], [ 3.150294, 44.347919 ], [ 3.149757, 44.346876 ], [ 3.14955, 44.34638 ], [ 3.146896, 44.342564 ], [ 3.146264, 44.341105 ], [ 3.144755, 44.33885 ], [ 3.143331, 44.335091 ], [ 3.139188, 44.330575 ], [ 3.137448, 44.329698 ], [ 3.13595, 44.328302 ], [ 3.135487, 44.327998 ], [ 3.134415, 44.327198 ], [ 3.133246, 44.326567 ], [ 3.13236, 44.326235 ], [ 3.131738, 44.325957 ], [ 3.129045, 44.325365 ], [ 3.123187, 44.330539 ], [ 3.123699, 44.333375 ], [ 3.126262, 44.336926 ], [ 3.126988, 44.337453 ], [ 3.127692, 44.33792 ], [ 3.128298, 44.338301 ], [ 3.129359, 44.33888 ], [ 3.130961, 44.33955 ], [ 3.131819, 44.339739 ], [ 3.132776, 44.339992 ], [ 3.133279, 44.340189 ], [ 3.133588, 44.340365 ], [ 3.13431, 44.340853 ], [ 3.134773, 44.341264 ], [ 3.135003, 44.341507 ], [ 3.135789, 44.342191 ], [ 3.136676, 44.342913 ], [ 3.134401, 44.345704 ], [ 3.132946, 44.34491 ], [ 3.129514, 44.343025 ], [ 3.123126, 44.345937 ], [ 3.122801, 44.346328 ], [ 3.121278, 44.346753 ], [ 3.120952, 44.346359 ], [ 3.119503, 44.344987 ], [ 3.115018, 44.343277 ], [ 3.114189, 44.34312 ], [ 3.113191, 44.343075 ], [ 3.108811, 44.350929 ], [ 3.109328, 44.352018 ], [ 3.112023, 44.354595 ], [ 3.114667, 44.355803 ], [ 3.115456, 44.356233 ], [ 3.116124, 44.356684 ], [ 3.116834, 44.357243 ], [ 3.120456, 44.349083 ], [ 3.123814, 44.349481 ] ] ], [ [ [ 3.167076, 44.328695 ], [ 3.172347, 44.327381 ], [ 3.175206, 44.325194 ], [ 3.176988, 44.322744 ], [ 3.180341, 44.315807 ], [ 3.18488, 44.309048 ], [ 3.185223, 44.305464 ], [ 3.181086, 44.302366 ], [ 3.175392, 44.300134 ], [ 3.172015, 44.298886 ], [ 3.165982, 44.295417 ], [ 3.16354, 44.292919 ], [ 3.157797, 44.288006 ], [ 3.156609, 44.286849 ], [ 3.15603, 44.286268 ], [ 3.155516, 44.2859 ], [ 3.154639, 44.285437 ], [ 3.152959, 44.288622 ], [ 3.146117, 44.289565 ], [ 3.144669, 44.288499 ], [ 3.142634, 44.284677 ], [ 3.140743, 44.281711 ], [ 3.13598, 44.280924 ], [ 3.132391, 44.280646 ], [ 3.127054, 44.273406 ], [ 3.12348, 44.273839 ], [ 3.117998, 44.267449 ], [ 3.117517, 44.267287 ], [ 3.117095, 44.267159 ], [ 3.115841, 44.266985 ], [ 3.108024, 44.264175 ], [ 3.104825, 44.264287 ], [ 3.101361, 44.264075 ], [ 3.097142, 44.264791 ], [ 3.096894, 44.264886 ], [ 3.094413, 44.26627 ], [ 3.086474, 44.26778 ], [ 3.087407, 44.268501 ], [ 3.088319, 44.269322 ], [ 3.089198, 44.270255 ], [ 3.089619, 44.270753 ], [ 3.089982, 44.271225 ], [ 3.090702, 44.272322 ], [ 3.091341, 44.273556 ], [ 3.092724, 44.276647 ], [ 3.093134, 44.277672 ], [ 3.0935, 44.278745 ], [ 3.093859, 44.279995 ], [ 3.09809, 44.285462 ], [ 3.100745, 44.28647 ], [ 3.104203, 44.278197 ], [ 3.103723, 44.277817 ], [ 3.103314, 44.277419 ], [ 3.102901, 44.276927 ], [ 3.10264, 44.270298 ], [ 3.102262, 44.269789 ], [ 3.102095, 44.269485 ], [ 3.103007, 44.268187 ], [ 3.103079, 44.268158 ], [ 3.103498, 44.268019 ], [ 3.106198, 44.267326 ], [ 3.107358, 44.267111 ], [ 3.107656, 44.267156 ], [ 3.109404, 44.267489 ], [ 3.111531, 44.26806 ], [ 3.113501, 44.269247 ], [ 3.113536, 44.269376 ], [ 3.114306, 44.276512 ], [ 3.114547, 44.277161 ], [ 3.116788, 44.280656 ], [ 3.124195, 44.279199 ], [ 3.127709, 44.278417 ], [ 3.128059, 44.279214 ], [ 3.135384, 44.284342 ], [ 3.137056, 44.285237 ], [ 3.143111, 44.287914 ], [ 3.143658, 44.291012 ], [ 3.151419, 44.293124 ], [ 3.155061, 44.294044 ], [ 3.15747, 44.294441 ], [ 3.159703, 44.296962 ], [ 3.165637, 44.303209 ], [ 3.17282, 44.304207 ], [ 3.173063, 44.304257 ], [ 3.1744, 44.305837 ], [ 3.175833, 44.307872 ], [ 3.17594, 44.308634 ], [ 3.175929, 44.308796 ], [ 3.174379, 44.310221 ], [ 3.170735, 44.318037 ], [ 3.171108, 44.318767 ], [ 3.171262, 44.322364 ], [ 3.16899, 44.325406 ], [ 3.168484, 44.325388 ], [ 3.16607, 44.325143 ], [ 3.15983, 44.329109 ], [ 3.159053, 44.329682 ], [ 3.157187, 44.330849 ], [ 3.156887354115566, 44.331103027461531 ], [ 3.163537, 44.329354 ], [ 3.167076, 44.328695 ] ] ], [ [ [ 3.082202, 44.265134 ], [ 3.080149, 44.263986 ], [ 3.078283, 44.263006 ], [ 3.077156, 44.262496 ], [ 3.071391, 44.255999 ], [ 3.071226, 44.255142 ], [ 3.070308, 44.253089 ], [ 3.070296, 44.253061 ], [ 3.069857, 44.252668 ], [ 3.069684, 44.252507 ], [ 3.069464, 44.252384 ], [ 3.061282, 44.251241 ], [ 3.059884, 44.249559 ], [ 3.059087, 44.247797 ], [ 3.059674, 44.240253 ], [ 3.059289, 44.240909 ], [ 3.058814, 44.241562 ], [ 3.058389, 44.242048 ], [ 3.057468, 44.248292 ], [ 3.061874, 44.251959 ], [ 3.065422, 44.25415 ], [ 3.071186, 44.260854 ], [ 3.07396, 44.261551 ], [ 3.075535, 44.262005 ], [ 3.07633, 44.262279 ], [ 3.077018, 44.262545 ], [ 3.078092, 44.263018 ], [ 3.080056, 44.264045 ], [ 3.082013, 44.265139 ], [ 3.083928, 44.26621 ], [ 3.085428, 44.26708 ], [ 3.084255, 44.266281 ], [ 3.082202, 44.265134 ] ] ], [ [ [ 3.069661, 44.228716 ], [ 3.070072, 44.228254 ], [ 3.07044, 44.227774 ], [ 3.070733, 44.227313 ], [ 3.071171, 44.226504 ], [ 3.072264, 44.224332 ], [ 3.073432, 44.221992 ], [ 3.073662, 44.221381 ], [ 3.073809, 44.220904 ], [ 3.073974, 44.220204 ], [ 3.074062, 44.219651 ], [ 3.074117, 44.21904 ], [ 3.074119, 44.218468 ], [ 3.074071, 44.217721 ], [ 3.073998, 44.217199 ], [ 3.073873, 44.216632 ], [ 3.073657, 44.215899 ], [ 3.073464, 44.215399 ], [ 3.073245, 44.214921 ], [ 3.072911, 44.214288 ], [ 3.071793, 44.212316 ], [ 3.070675, 44.210345 ], [ 3.067544, 44.212121 ], [ 3.068662, 44.214092 ], [ 3.069049, 44.222713 ], [ 3.067956, 44.224885 ], [ 3.0657, 44.227426 ], [ 3.066824, 44.226453 ], [ 3.06918, 44.229175 ], [ 3.066589, 44.232216 ], [ 3.069311, 44.229058 ], [ 3.069661, 44.228716 ] ] ], [ [ [ 3.050882, 44.250304 ], [ 3.050105, 44.25409 ], [ 3.046502, 44.260417 ], [ 3.043121, 44.261652 ], [ 3.041334, 44.266278 ], [ 3.037048, 44.273757 ], [ 3.036307, 44.273782 ], [ 3.031894, 44.272558 ], [ 3.029467, 44.275217 ], [ 3.030184, 44.275871 ], [ 3.031789, 44.277886 ], [ 3.033514, 44.279732 ], [ 3.034569, 44.281495 ], [ 3.035173, 44.28264 ], [ 3.035300673596889, 44.28275328204812 ], [ 3.037453, 44.28012 ], [ 3.037598, 44.28 ], [ 3.038111, 44.2796 ], [ 3.040132, 44.278691 ], [ 3.040678, 44.27852 ], [ 3.041351, 44.278445 ], [ 3.043582, 44.278647 ], [ 3.044338, 44.278769 ], [ 3.044957, 44.278854 ], [ 3.046008, 44.279144 ], [ 3.04769, 44.279723 ], [ 3.048156, 44.279848 ], [ 3.05438, 44.280575 ], [ 3.058188, 44.278954 ], [ 3.066943, 44.280622 ], [ 3.067345, 44.280258 ], [ 3.069195, 44.277753 ], [ 3.069936, 44.276014 ], [ 3.071017, 44.273296 ], [ 3.070309, 44.264345 ], [ 3.067496, 44.263638 ], [ 3.06613, 44.263257 ], [ 3.059267, 44.263939 ], [ 3.053705, 44.262665 ], [ 3.050583, 44.262564 ], [ 3.050132, 44.262226 ], [ 3.047949, 44.26011 ], [ 3.048273, 44.259762 ], [ 3.051134, 44.255787 ], [ 3.052946, 44.253415 ], [ 3.05318, 44.246903 ], [ 3.053017, 44.246179 ], [ 3.052947, 44.245602 ], [ 3.052923, 44.24508 ], [ 3.053013, 44.244134 ], [ 3.053109, 44.24367 ], [ 3.050977, 44.249847 ], [ 3.050882, 44.250304 ] ] ], [ [ [ 3.025857, 44.288263 ], [ 3.025785, 44.28802 ], [ 3.025693, 44.287831 ], [ 3.024766, 44.286321 ], [ 3.023495, 44.285722 ], [ 3.021122, 44.28527 ], [ 3.020245, 44.286151 ], [ 3.01865, 44.287888 ], [ 3.01729, 44.295598 ], [ 3.014022, 44.297107 ], [ 3.015011, 44.299249 ], [ 3.014475, 44.304328 ], [ 3.015743, 44.302072 ], [ 3.017025, 44.29875 ], [ 3.017363, 44.297139 ], [ 3.020578, 44.289421 ], [ 3.023848, 44.287915 ], [ 3.025881833026085, 44.2883740169421 ], [ 3.025865, 44.288301 ], [ 3.025857, 44.288263 ] ] ], [ [ [ 2.99696, 44.295476 ], [ 2.996785, 44.295454 ], [ 2.993826, 44.295177 ], [ 2.993394, 44.295173 ], [ 2.992735, 44.29527 ], [ 2.991608, 44.296154 ], [ 2.992403, 44.298679 ], [ 2.994797, 44.300622 ], [ 2.994057767290606, 44.3029409553032 ], [ 2.994903, 44.300756 ], [ 2.994964, 44.300575 ], [ 2.997635, 44.298412 ], [ 2.997811, 44.298372 ], [ 3.000125, 44.300327 ], [ 3.000423, 44.300568 ], [ 3.001018, 44.301104 ], [ 3.001458, 44.301458 ], [ 3.007339, 44.306651 ], [ 3.002648, 44.30076 ], [ 2.99696, 44.295476 ] ] ], [ [ [ 2.985896, 44.309254 ], [ 2.985765, 44.309899 ], [ 2.985645, 44.31055 ], [ 2.98572, 44.311472 ], [ 2.985952, 44.312134 ], [ 2.986889, 44.315051 ], [ 2.988745, 44.318135 ], [ 2.988735623096648, 44.32026112601212 ], [ 2.991141, 44.314382 ], [ 2.989805, 44.310171 ], [ 2.990145, 44.309871 ], [ 2.990683, 44.309526 ], [ 2.991192, 44.309296 ], [ 2.989456, 44.309791 ], [ 2.985896, 44.309254 ] ] ], [ [ [ 2.984915, 44.333624 ], [ 2.98438, 44.334127 ], [ 2.983936, 44.334696 ], [ 2.982778, 44.336025 ], [ 2.974377, 44.337116 ], [ 2.972666, 44.336334 ], [ 2.968772, 44.337774 ], [ 2.962983, 44.340085 ], [ 2.962614, 44.340417 ], [ 2.958212, 44.344106 ], [ 2.958468, 44.343962 ], [ 2.9588, 44.343816 ], [ 2.961537, 44.342855 ], [ 2.968486, 44.343863 ], [ 2.970723, 44.341246 ], [ 2.971435, 44.340548 ], [ 2.972057, 44.340147 ], [ 2.979641, 44.338341 ], [ 2.98051, 44.337686 ], [ 2.981392, 44.338069 ], [ 2.98148, 44.338114 ], [ 2.981997, 44.338507 ], [ 2.982675, 44.340562 ], [ 2.985513, 44.344094 ], [ 2.988242, 44.345518 ], [ 2.989008, 44.345742 ], [ 2.991989, 44.346244 ], [ 2.993439, 44.346749 ], [ 2.995731, 44.34715 ], [ 3.000028, 44.345674 ], [ 3.000601, 44.345266 ], [ 3.002478, 44.336645 ], [ 3.000381, 44.335212 ], [ 2.998477, 44.331674 ], [ 2.996687, 44.328551 ], [ 2.988599338839453, 44.326457962061468 ], [ 2.985179, 44.333397 ], [ 2.984915, 44.333624 ] ] ] ] } },
{ "type": "Feature", "properties": { "codgeo": "12270", "value": 780, "isochrone_group": 13.0, "nb_agences": 2 }, "geometry": { "type": "MultiPolygon", "coordinates": [ [ [ [ 2.960072, 44.358222 ], [ 2.964489, 44.363851 ], [ 2.968122, 44.369609 ], [ 2.96847, 44.369882 ], [ 2.971684, 44.369093 ], [ 2.973575, 44.366253 ], [ 2.973896, 44.365841 ], [ 2.97539, 44.364258 ], [ 2.975431, 44.364124 ], [ 2.974636, 44.362202 ], [ 2.977023119077974, 44.35594382886498 ], [ 2.976807, 44.355944 ], [ 2.976638, 44.355985 ], [ 2.973626, 44.357322 ], [ 2.970648, 44.36287 ], [ 2.970511, 44.364005 ], [ 2.970294, 44.364462 ], [ 2.969044, 44.365498 ], [ 2.968789, 44.365434 ], [ 2.96808, 44.365092 ], [ 2.963388, 44.361732 ], [ 2.963204, 44.361422 ], [ 2.963843, 44.359271 ], [ 2.964012, 44.355522 ], [ 2.962108, 44.349929 ], [ 2.956158708968482, 44.350147941300399 ], [ 2.960415, 44.356799 ], [ 2.95979, 44.357844 ], [ 2.960072, 44.358222 ] ] ], [ [ [ 2.991189, 44.362386 ], [ 2.992521, 44.36339 ], [ 2.994068, 44.364547 ], [ 2.995799910996592, 44.372383874483262 ], [ 2.997034, 44.371995 ], [ 2.998907, 44.370933 ], [ 3.000465, 44.370125 ], [ 3.000765, 44.369977 ], [ 3.00375, 44.365966 ], [ 2.997712, 44.359829 ], [ 2.995356, 44.360764 ], [ 2.991697, 44.362716 ], [ 2.991649, 44.362644 ], [ 2.987521, 44.359011 ], [ 2.985647, 44.355937 ], [ 2.978563015872936, 44.355942609489695 ], [ 2.984771, 44.359759 ], [ 2.991189, 44.362386 ] ] ], [ [ [ 2.985647, 44.376111 ], [ 2.983275, 44.376541 ], [ 2.983086, 44.376569 ], [ 2.98263, 44.376692 ], [ 2.980335, 44.378344 ], [ 2.978989, 44.379613 ], [ 2.98057, 44.382848 ], [ 2.985129, 44.382026 ], [ 2.985896, 44.381803 ], [ 2.986286, 44.381603 ], [ 2.99472, 44.380275 ], [ 2.995749, 44.380734 ], [ 2.99676, 44.380694 ], [ 2.998446, 44.379976 ], [ 3.001540402893863, 44.375701777278209 ], [ 3.001066, 44.376184 ], [ 2.997188, 44.379008 ], [ 2.994491, 44.379128 ], [ 2.989471, 44.379556 ], [ 2.988219, 44.376181 ], [ 2.98914, 44.375647 ], [ 2.989999, 44.375289 ], [ 2.98642, 44.375943 ], [ 2.985647, 44.376111 ] ] ], [ [ [ 3.030141, 44.376957 ], [ 3.029961697280646, 44.376913056313853 ], [ 3.029592, 44.382189 ], [ 3.030141, 44.376957 ] ] ], [ [ [ 3.021706, 44.389763 ], [ 3.020665, 44.389716 ], [ 3.019267, 44.389578 ], [ 3.018913, 44.393161 ], [ 3.020311, 44.393299 ], [ 3.024437, 44.400611 ], [ 3.023364, 44.403344 ], [ 3.02274, 44.404565 ], [ 3.022194, 44.405573 ], [ 3.021675, 44.406688 ], [ 3.021624, 44.406863 ], [ 3.021464, 44.407583 ], [ 3.021585, 44.408804 ], [ 3.022017, 44.40958 ], [ 3.022556, 44.410189 ], [ 3.025251, 44.407801 ], [ 3.032433, 44.40337 ], [ 3.033125, 44.403143 ], [ 3.034935, 44.400783 ], [ 3.036821, 44.393233 ], [ 3.036641, 44.393025 ], [ 3.03772, 44.384246 ], [ 3.038097, 44.383988 ], [ 3.039235, 44.383108 ], [ 3.039749, 44.382747 ], [ 3.040467, 44.382242 ], [ 3.041482, 44.38132 ], [ 3.041018, 44.37775 ], [ 3.039635711227919, 44.377040189312147 ], [ 3.038415, 44.378545 ], [ 3.037584, 44.380583 ], [ 3.036675, 44.384429 ], [ 3.035969, 44.386174 ], [ 3.033521, 44.393218 ], [ 3.033128, 44.396797 ], [ 3.031922, 44.400705 ], [ 3.03171, 44.401266 ], [ 3.03142, 44.401763 ], [ 3.031118, 44.402142 ], [ 3.030092, 44.402969 ], [ 3.027056, 44.401034 ], [ 3.02472, 44.394589 ], [ 3.025651, 44.391112 ], [ 3.029402, 44.383426 ], [ 3.024111, 44.390044 ], [ 3.021706, 44.389763 ] ] ], [ [ [ 3.069186, 44.377946 ], [ 3.072769, 44.377603 ], [ 3.074265, 44.375679 ], [ 3.076757, 44.373081 ], [ 3.076019, 44.371892 ], [ 3.075294, 44.370784 ], [ 3.072726, 44.36516 ], [ 3.072705, 44.365736 ], [ 3.072671, 44.367203 ], [ 3.072562, 44.368494 ], [ 3.072532, 44.369287 ], [ 3.07236, 44.372848 ], [ 3.072345, 44.372968 ], [ 3.071196, 44.374326 ], [ 3.071009, 44.374326 ], [ 3.070814, 44.37431 ], [ 3.070606, 44.374288 ], [ 3.068714, 44.373022 ], [ 3.068392, 44.372247 ], [ 3.069109, 44.377147 ], [ 3.069186, 44.377946 ] ] ], [ [ [ 3.080933, 44.35387 ], [ 3.077964, 44.354741 ], [ 3.082380283096205, 44.35499966554643 ], [ 3.080933, 44.35387 ] ] ], [ [ [ 3.102208, 44.377529 ], [ 3.097604, 44.378206 ], [ 3.094516, 44.37995 ], [ 3.095897, 44.383775 ], [ 3.097211, 44.387127 ], [ 3.096552, 44.395442 ], [ 3.099095, 44.39436 ], [ 3.099428, 44.394238 ], [ 3.100717, 44.393691 ], [ 3.100812, 44.39364 ], [ 3.102156, 44.393059 ], [ 3.101861, 44.384207 ], [ 3.101229, 44.383992 ], [ 3.100633, 44.383721 ], [ 3.099279, 44.382985 ], [ 3.09927, 44.381389 ], [ 3.102663, 44.379375 ], [ 3.104039, 44.377949 ], [ 3.104909, 44.377701 ], [ 3.110654968114551, 44.372673746422919 ], [ 3.110730153194336, 44.372036811209142 ], [ 3.105665, 44.376526 ], [ 3.102208, 44.377529 ] ] ], [ [ [ 3.088467, 44.398146 ], [ 3.088027, 44.398275 ], [ 3.087635, 44.398426 ], [ 3.087031, 44.398735 ], [ 3.086505, 44.399113 ], [ 3.081917, 44.401136 ], [ 3.080892, 44.40136 ], [ 3.080366, 44.401516 ], [ 3.081394, 44.404967 ], [ 3.082781, 44.404746 ], [ 3.085168, 44.404105 ], [ 3.085748, 44.403923 ], [ 3.086253, 44.403724 ], [ 3.086757, 44.403469 ], [ 3.087037, 44.403313 ], [ 3.09217, 44.401096 ], [ 3.092307638936839, 44.401051825341213 ], [ 3.091193, 44.397633 ], [ 3.091942, 44.397389 ], [ 3.089736, 44.397899 ], [ 3.088467, 44.398146 ] ] ], [ [ [ 3.108011, 44.40329 ], [ 3.109238, 44.403711 ], [ 3.110512, 44.400344 ], [ 3.110254629304861, 44.395106104212196 ], [ 3.107646, 44.397802 ], [ 3.104328, 44.399198 ], [ 3.101849087622803, 44.399318850662858 ], [ 3.105575, 44.402233 ], [ 3.108011, 44.40329 ] ] ], [ [ [ 3.125618, 44.403004 ], [ 3.13292, 44.4054 ], [ 3.138927, 44.403977 ], [ 3.143238, 44.406456 ], [ 3.143516, 44.406745 ], [ 3.143842, 44.407032 ], [ 3.144134, 44.407259 ], [ 3.146348, 44.40442 ], [ 3.153717221172231, 44.402000456678927 ], [ 3.153035, 44.401946 ], [ 3.152194, 44.401806 ], [ 3.1514, 44.401616 ], [ 3.150661, 44.401367 ], [ 3.150129, 44.401139 ], [ 3.149838922839114, 44.400997196480837 ], [ 3.14193, 44.399426 ], [ 3.139669, 44.399564 ], [ 3.13608, 44.398719 ], [ 3.130264, 44.40113 ], [ 3.129517, 44.401091 ], [ 3.129269, 44.401033 ], [ 3.128839, 44.400763 ], [ 3.123208, 44.395073 ], [ 3.122386, 44.394494 ], [ 3.124603, 44.399054 ], [ 3.125618, 44.403004 ] ] ], [ [ [ 3.140501, 44.384108 ], [ 3.141189, 44.383889 ], [ 3.14358, 44.383789 ], [ 3.146245, 44.382662 ], [ 3.146701, 44.382203 ], [ 3.147388, 44.380312 ], [ 3.146947, 44.378611 ], [ 3.146613, 44.378588 ], [ 3.146116, 44.378603 ], [ 3.145588, 44.378688 ], [ 3.141732, 44.378944 ], [ 3.134376, 44.375843 ], [ 3.133184, 44.372446 ], [ 3.131825, 44.372066 ], [ 3.131307, 44.371893 ], [ 3.130371, 44.371674 ], [ 3.122968, 44.367411 ], [ 3.12551, 44.363553 ], [ 3.124685, 44.363976 ], [ 3.12399, 44.364248 ], [ 3.123504, 44.36439 ], [ 3.121583, 44.365383 ], [ 3.117469, 44.369544 ], [ 3.116979, 44.37077 ], [ 3.11654, 44.372697 ], [ 3.124431, 44.376958 ], [ 3.124976, 44.376355 ], [ 3.125511, 44.376028 ], [ 3.126974, 44.375015 ], [ 3.13031, 44.37637 ], [ 3.136392, 44.381445 ], [ 3.13865, 44.384249 ], [ 3.138246, 44.384573 ], [ 3.13694, 44.385705 ], [ 3.139942, 44.38418 ], [ 3.140501, 44.384108 ] ] ], [ [ [ 3.127464, 44.357084 ], [ 3.12762, 44.350335 ], [ 3.134256, 44.347921 ], [ 3.13758, 44.349303 ], [ 3.139908, 44.349027 ], [ 3.147015, 44.353424 ], [ 3.154144, 44.358088 ], [ 3.155202, 44.359998 ], [ 3.15546, 44.360521 ], [ 3.155841, 44.361145 ], [ 3.156172, 44.361534 ], [ 3.156647, 44.361966 ], [ 3.157061, 44.36224 ], [ 3.157296, 44.362322 ], [ 3.159742, 44.363047 ], [ 3.160121, 44.362547 ], [ 3.160487, 44.361587 ], [ 3.163595, 44.353933 ], [ 3.163777, 44.350337 ], [ 3.162857, 44.350219 ], [ 3.162435, 44.350129 ], [ 3.160874, 44.349999 ], [ 3.159971, 44.341046 ], [ 3.16296, 44.333385 ], [ 3.165291, 44.333734 ], [ 3.173346, 44.331292 ], [ 3.178059, 44.330478 ], [ 3.178688, 44.330469 ], [ 3.178903, 44.33043 ], [ 3.180722, 44.325746 ], [ 3.181446, 44.322765 ], [ 3.185898, 44.315199 ], [ 3.185977, 44.3136 ], [ 3.193537, 44.309595 ], [ 3.194233, 44.309687 ], [ 3.195599, 44.309822 ], [ 3.196837, 44.31013 ], [ 3.197473, 44.31024 ], [ 3.198459, 44.310317 ], [ 3.198738, 44.306728 ], [ 3.193155, 44.300472 ], [ 3.193457, 44.298204 ], [ 3.192625, 44.29691 ], [ 3.192379, 44.296804 ], [ 3.1897, 44.295919 ], [ 3.187365, 44.296021 ], [ 3.186392, 44.296045 ], [ 3.178254, 44.292637 ], [ 3.1782, 44.292007 ], [ 3.178027, 44.291487 ], [ 3.177672, 44.290766 ], [ 3.171872, 44.291377 ], [ 3.165913, 44.290505 ], [ 3.163706, 44.289745 ], [ 3.156443, 44.28629 ], [ 3.155177, 44.28292 ], [ 3.154179, 44.283295 ], [ 3.146188, 44.279752 ], [ 3.145693, 44.278998 ], [ 3.145143, 44.278369 ], [ 3.144715, 44.277988 ], [ 3.142672, 44.27898 ], [ 3.134264, 44.276076 ], [ 3.133941, 44.275223 ], [ 3.126752, 44.271666 ], [ 3.126481, 44.270135 ], [ 3.124247, 44.268501 ], [ 3.120849, 44.267481 ], [ 3.120029, 44.267211 ], [ 3.115001, 44.264693 ], [ 3.112243, 44.262379 ], [ 3.103554, 44.260808 ], [ 3.09856, 44.260259 ], [ 3.09456, 44.263397 ], [ 3.089728, 44.26493 ], [ 3.089141, 44.265119 ], [ 3.080609, 44.262828 ], [ 3.075088, 44.256877 ], [ 3.072828, 44.254074 ], [ 3.067932, 44.246579 ], [ 3.061801, 44.243425 ], [ 3.061899, 44.238042 ], [ 3.062819, 44.236785 ], [ 3.064797, 44.23417 ], [ 3.063544, 44.235082 ], [ 3.062394, 44.236165 ], [ 3.06121, 44.237584 ], [ 3.060439, 44.238768 ], [ 3.059674, 44.240253 ], [ 3.059087, 44.247797 ], [ 3.059884, 44.249559 ], [ 3.061282, 44.251241 ], [ 3.069464, 44.252384 ], [ 3.069684, 44.252507 ], [ 3.069857, 44.252668 ], [ 3.070296, 44.253061 ], [ 3.070308, 44.253089 ], [ 3.071226, 44.255142 ], [ 3.071391, 44.255999 ], [ 3.077156, 44.262496 ], [ 3.078283, 44.263006 ], [ 3.080149, 44.263986 ], [ 3.082202, 44.265134 ], [ 3.084255, 44.266281 ], [ 3.085428, 44.26708 ], [ 3.086474, 44.26778 ], [ 3.094413, 44.26627 ], [ 3.096894, 44.264886 ], [ 3.097142, 44.264791 ], [ 3.101361, 44.264075 ], [ 3.104825, 44.264287 ], [ 3.108024, 44.264175 ], [ 3.115841, 44.266985 ], [ 3.117095, 44.267159 ], [ 3.117517, 44.267287 ], [ 3.117998, 44.267449 ], [ 3.12348, 44.273839 ], [ 3.127054, 44.273406 ], [ 3.132391, 44.280646 ], [ 3.13598, 44.280924 ], [ 3.140743, 44.281711 ], [ 3.142634, 44.284677 ], [ 3.144669, 44.288499 ], [ 3.146117, 44.289565 ], [ 3.152959, 44.288622 ], [ 3.154639, 44.285437 ], [ 3.155516, 44.2859 ], [ 3.15603, 44.286268 ], [ 3.156609, 44.286849 ], [ 3.157797, 44.288006 ], [ 3.16354, 44.292919 ], [ 3.165982, 44.295417 ], [ 3.172015, 44.298886 ], [ 3.175392, 44.300134 ], [ 3.181086, 44.302366 ], [ 3.185223, 44.305464 ], [ 3.18488, 44.309048 ], [ 3.180341, 44.315807 ], [ 3.176988, 44.322744 ], [ 3.175206, 44.325194 ], [ 3.172347, 44.327381 ], [ 3.167076, 44.328695 ], [ 3.163537, 44.329354 ], [ 3.155975, 44.331343 ], [ 3.155105, 44.332705 ], [ 3.154989, 44.338278 ], [ 3.156698, 44.341446 ], [ 3.158939, 44.345885 ], [ 3.159801, 44.346776 ], [ 3.157783, 44.352941 ], [ 3.157016, 44.354876 ], [ 3.153558, 44.355878 ], [ 3.149802, 44.352633 ], [ 3.148559, 44.350123 ], [ 3.147071, 44.348483 ], [ 3.138972, 44.347656 ], [ 3.138556, 44.347794 ], [ 3.13665, 44.346948 ], [ 3.135972, 44.346702 ], [ 3.135549, 44.34649 ], [ 3.135067, 44.346206 ], [ 3.13455, 44.345824 ], [ 3.126003, 44.346801 ], [ 3.124481, 44.349692 ], [ 3.124174, 44.349613 ], [ 3.123814, 44.349481 ], [ 3.120456, 44.349083 ], [ 3.116834, 44.357243 ], [ 3.117412, 44.357801 ], [ 3.117866, 44.358324 ], [ 3.124722, 44.359649 ], [ 3.12717, 44.359127 ], [ 3.1275, 44.3595 ], [ 3.127841, 44.361319 ], [ 3.127487, 44.361969 ], [ 3.128765, 44.360441 ], [ 3.127464, 44.357084 ] ] ], [ [ [ 3.069008, 44.202373 ], [ 3.068883, 44.201589 ], [ 3.06874, 44.200948 ], [ 3.068624, 44.200502 ], [ 3.068308, 44.199481 ], [ 3.067898, 44.198444 ], [ 3.067369, 44.197363 ], [ 3.066985, 44.196701 ], [ 3.066471, 44.195911 ], [ 3.066091, 44.195377 ], [ 3.065627, 44.194787 ], [ 3.062797, 44.197013 ], [ 3.065509, 44.2039 ], [ 3.065542, 44.2056 ], [ 3.065599, 44.206603 ], [ 3.065717, 44.207484 ], [ 3.065931, 44.208454 ], [ 3.066238, 44.209399 ], [ 3.066588, 44.210281 ], [ 3.067261, 44.211619 ], [ 3.067545020282185, 44.212120421264395 ], [ 3.070675, 44.210345 ], [ 3.071670945914145, 44.212100822358487 ], [ 3.069101, 44.20366 ], [ 3.069008, 44.202373 ] ] ], [ [ [ 3.069049, 44.222713 ], [ 3.068662, 44.214092 ], [ 3.068506713439091, 44.213818234515614 ], [ 3.06854, 44.213877 ], [ 3.069049, 44.222713 ] ] ], [ [ [ 3.044775, 44.248515 ], [ 3.045381, 44.252063 ], [ 3.04139, 44.258018 ], [ 3.039211, 44.261633 ], [ 3.039426, 44.265226 ], [ 3.037048, 44.273757 ], [ 3.041334, 44.266278 ], [ 3.043121, 44.261652 ], [ 3.046502, 44.260417 ], [ 3.050105, 44.25409 ], [ 3.050882, 44.250304 ], [ 3.050977, 44.249847 ], [ 3.053109, 44.24367 ], [ 3.053267, 44.243111 ], [ 3.053431, 44.242691 ], [ 3.053641, 44.242241 ], [ 3.053883, 44.241803 ], [ 3.054195, 44.241331 ], [ 3.055216591161968, 44.239868862532759 ], [ 3.048396, 44.242976 ], [ 3.044775, 44.248515 ] ] ], [ [ [ 3.031064, 44.271988 ], [ 3.030266, 44.271742 ], [ 3.026613, 44.268515 ], [ 3.023415, 44.270169 ], [ 3.022929, 44.272841 ], [ 3.023362, 44.27438 ], [ 3.024948, 44.275148 ], [ 3.028855, 44.280319 ], [ 3.022795974327985, 44.285588852252936 ], [ 3.023495, 44.285722 ], [ 3.024766, 44.286321 ], [ 3.025693, 44.287831 ], [ 3.025785, 44.28802 ], [ 3.025857, 44.288263 ], [ 3.025865, 44.288301 ], [ 3.026093, 44.28929 ], [ 3.02629, 44.292342 ], [ 3.026364, 44.293409 ], [ 3.026531, 44.294182 ], [ 3.026341, 44.294886 ], [ 3.031408, 44.302214 ], [ 3.032367, 44.302157 ], [ 3.033057, 44.302242 ], [ 3.040892, 44.298338 ], [ 3.037929, 44.291675 ], [ 3.03735, 44.291305 ], [ 3.035794, 44.283191 ], [ 3.035173, 44.28264 ], [ 3.034569, 44.281495 ], [ 3.033514, 44.279732 ], [ 3.031789, 44.277886 ], [ 3.030184, 44.275871 ], [ 3.029467, 44.275217 ], [ 3.031894, 44.272558 ], [ 3.036307, 44.273782 ], [ 3.031734, 44.272426 ], [ 3.031064, 44.271988 ] ] ], [ [ [ 3.01378, 44.295094 ], [ 3.013722, 44.295863 ], [ 3.013825, 44.296432 ], [ 3.014094994823213, 44.297073294618045 ], [ 3.01729, 44.295598 ], [ 3.017626658516337, 44.293689443264022 ], [ 3.017255, 44.294425 ], [ 3.01378, 44.295094 ] ] ], [ [ [ 3.005182, 44.301025 ], [ 3.000123, 44.297252 ], [ 2.9985, 44.294436 ], [ 2.994935, 44.294937 ], [ 2.993394, 44.295173 ], [ 2.993826, 44.295177 ], [ 2.996785, 44.295454 ], [ 2.99696, 44.295476 ], [ 3.002648, 44.30076 ], [ 3.007339, 44.306651 ], [ 3.014475, 44.304328 ], [ 3.006859, 44.304211 ], [ 3.005182, 44.301025 ] ] ], [ [ [ 2.987116, 44.306673 ], [ 2.986209, 44.308289 ], [ 2.985941, 44.309015 ], [ 2.983475, 44.315163 ], [ 2.982437, 44.31861 ], [ 2.983455, 44.318917 ], [ 2.984744, 44.319012 ], [ 2.986987, 44.319485 ], [ 2.988734845386321, 44.320437464627453 ], [ 2.988745, 44.318135 ], [ 2.986889, 44.315051 ], [ 2.985952, 44.312134 ], [ 2.98572, 44.311472 ], [ 2.985645, 44.31055 ], [ 2.985765, 44.309899 ], [ 2.985896, 44.309254 ], [ 2.989456, 44.309791 ], [ 2.991192, 44.309296 ], [ 2.991669, 44.309116 ], [ 2.992125, 44.309004 ], [ 2.994797, 44.300622 ], [ 2.992403, 44.298679 ], [ 2.991608, 44.296154 ], [ 2.992092, 44.300316 ], [ 2.987116, 44.306673 ] ] ], [ [ [ 2.970287, 44.330637 ], [ 2.966887, 44.331819 ], [ 2.966883, 44.331821 ], [ 2.965386, 44.335095 ], [ 2.960023, 44.341033 ], [ 2.957381431844378, 44.34434172477367 ], [ 2.958212, 44.344106 ], [ 2.962614, 44.340417 ], [ 2.962983, 44.340085 ], [ 2.968772, 44.337774 ], [ 2.972666, 44.336334 ], [ 2.974377, 44.337116 ], [ 2.982778, 44.336025 ], [ 2.983936, 44.334696 ], [ 2.975285, 44.334833 ], [ 2.970287, 44.330637 ] ] ], [ [ [ 2.949812, 44.344052 ], [ 2.94705, 44.345606 ], [ 2.944623523468088, 44.346711546329978 ], [ 2.948363451527901, 44.346744080601987 ], [ 2.95138, 44.346045 ], [ 2.955715784297377, 44.344814454661488 ], [ 2.950063, 44.344186 ], [ 2.949812, 44.344052 ] ] ] ] } },
{ "type": "Feature", "properties": { "codgeo": "12270", "value": 840, "isochrone_group": 14.0, "nb_agences": 2 }, "geometry": { "type": "MultiPolygon", "coordinates": [ [ [ [ 2.966502, 44.369611 ], [ 2.967014, 44.370467 ], [ 2.968166, 44.37242 ], [ 2.970594, 44.380784 ], [ 2.970341, 44.381371 ], [ 2.970152, 44.382 ], [ 2.9736, 44.383036 ], [ 2.976789, 44.383604 ], [ 2.984562, 44.385094 ], [ 2.990895, 44.384987 ], [ 2.993071, 44.384718 ], [ 2.99339, 44.381132 ], [ 2.994064201335402, 44.380378260686101 ], [ 2.986286, 44.381603 ], [ 2.985896, 44.381803 ], [ 2.985129, 44.382026 ], [ 2.98057, 44.382848 ], [ 2.978989, 44.379613 ], [ 2.980335, 44.378344 ], [ 2.98263, 44.376692 ], [ 2.983086, 44.376569 ], [ 2.983275, 44.376541 ], [ 2.985647, 44.376111 ], [ 2.98642, 44.375943 ], [ 2.989999, 44.375289 ], [ 2.990878, 44.375167 ], [ 2.995332, 44.373524 ], [ 2.995969, 44.373149 ], [ 2.994068, 44.364547 ], [ 2.992521, 44.36339 ], [ 2.991189, 44.362386 ], [ 2.984771, 44.359759 ], [ 2.977316, 44.355176 ], [ 2.974636, 44.362202 ], [ 2.975431, 44.364124 ], [ 2.97539, 44.364258 ], [ 2.973896, 44.365841 ], [ 2.973575, 44.366253 ], [ 2.971684, 44.369093 ], [ 2.96847, 44.369882 ], [ 2.968122, 44.369609 ], [ 2.964489, 44.363851 ], [ 2.960072, 44.358222 ], [ 2.95979, 44.357844 ], [ 2.960415, 44.356799 ], [ 2.956107020453411, 44.350067170661042 ], [ 2.954173, 44.351633 ], [ 2.9526, 44.351847 ], [ 2.951585, 44.351735 ], [ 2.95132071577167, 44.351789807982755 ], [ 2.956066, 44.355049 ], [ 2.956111, 44.358649 ], [ 2.959597, 44.361743 ], [ 2.964193, 44.364893 ], [ 2.966502, 44.369611 ] ] ], [ [ [ 3.021977, 44.388661 ], [ 3.016486, 44.389277 ], [ 3.01308, 44.392653 ], [ 3.013224, 44.392881 ], [ 3.014188, 44.393685 ], [ 3.01558, 44.394 ], [ 3.021167, 44.400152 ], [ 3.021608, 44.403359 ], [ 3.018693, 44.409107 ], [ 3.018417321010886, 44.40964451512302 ], [ 3.018883, 44.409073 ], [ 3.022701988019894, 44.404635175963278 ], [ 3.02274, 44.404565 ], [ 3.023364, 44.403344 ], [ 3.024437, 44.400611 ], [ 3.020311, 44.393299 ], [ 3.018913, 44.393161 ], [ 3.019267, 44.389578 ], [ 3.020665, 44.389716 ], [ 3.021706, 44.389763 ], [ 3.024111, 44.390044 ], [ 3.029402, 44.383426 ], [ 3.029394, 44.382994 ], [ 3.025468, 44.387779 ], [ 3.021977, 44.388661 ] ] ], [ [ [ 3.026719213256207, 44.409898879288768 ], [ 3.027252, 44.409507 ], [ 3.034067, 44.404398 ], [ 3.036901, 44.40467 ], [ 3.036907, 44.404554 ], [ 3.038398, 44.397216 ], [ 3.039494, 44.393799 ], [ 3.039307, 44.393732 ], [ 3.037153422876414, 44.388855805901727 ], [ 3.036641, 44.393025 ], [ 3.036821, 44.393233 ], [ 3.034935, 44.400783 ], [ 3.033125, 44.403143 ], [ 3.032433, 44.40337 ], [ 3.025817771477628, 44.40745132519946 ], [ 3.025737, 44.409328 ], [ 3.026719213256207, 44.409898879288768 ] ] ], [ [ [ 3.045907, 44.381112 ], [ 3.046286, 44.377532 ], [ 3.045296, 44.377427 ], [ 3.044936, 44.377402 ], [ 3.044539, 44.377405 ], [ 3.043994, 44.377462 ], [ 3.042131, 44.377526 ], [ 3.041565, 44.377534 ], [ 3.038204, 44.376305 ], [ 3.041018, 44.37775 ], [ 3.041482, 44.38132 ], [ 3.040467, 44.382242 ], [ 3.039749, 44.382747 ], [ 3.039235, 44.383108 ], [ 3.043822, 44.381223 ], [ 3.045907, 44.381112 ] ] ], [ [ [ 3.06946, 44.379168 ], [ 3.070392, 44.38153 ], [ 3.070518, 44.382007 ], [ 3.073999, 44.381087 ], [ 3.073849, 44.379523 ], [ 3.073834, 44.379004 ], [ 3.073667, 44.37842 ], [ 3.073381131129144, 44.376815740446197 ], [ 3.072769, 44.377603 ], [ 3.069193676150408, 44.37794526516339 ], [ 3.069219, 44.378184 ], [ 3.06946, 44.379168 ] ] ], [ [ [ 3.102464, 44.374108 ], [ 3.094119, 44.374252 ], [ 3.092845, 44.373591 ], [ 3.091186, 44.376786 ], [ 3.093128, 44.385254 ], [ 3.092943, 44.386443 ], [ 3.093264, 44.387535 ], [ 3.09396, 44.388192 ], [ 3.094515, 44.396292 ], [ 3.095083, 44.396071 ], [ 3.096552, 44.395442 ], [ 3.097211, 44.387127 ], [ 3.095897, 44.383775 ], [ 3.094516, 44.37995 ], [ 3.097604, 44.378206 ], [ 3.102208, 44.377529 ], [ 3.103051834990198, 44.377284173128395 ], [ 3.104014801115933, 44.374728877286998 ], [ 3.102464, 44.374108 ] ] ], [ [ [ 3.082632, 44.400244 ], [ 3.081631, 44.400501 ], [ 3.079972, 44.401682 ], [ 3.079326, 44.402074 ], [ 3.078751, 44.402544 ], [ 3.078405, 44.402898 ], [ 3.078061, 44.40334 ], [ 3.076955, 44.404898 ], [ 3.077, 44.405273 ], [ 3.077202, 44.406028 ], [ 3.077595, 44.406765 ], [ 3.078242, 44.407598 ], [ 3.081118, 44.410841 ], [ 3.081568, 44.41127 ], [ 3.082055, 44.411609 ], [ 3.082592, 44.411893 ], [ 3.083406, 44.412228 ], [ 3.084776, 44.408898 ], [ 3.087129, 44.404236 ], [ 3.09217, 44.401096 ], [ 3.087037, 44.403313 ], [ 3.086757, 44.403469 ], [ 3.086253, 44.403724 ], [ 3.085748, 44.403923 ], [ 3.085168, 44.404105 ], [ 3.082781, 44.404746 ], [ 3.081394, 44.404967 ], [ 3.080366, 44.401516 ], [ 3.080892, 44.40136 ], [ 3.081917, 44.401136 ], [ 3.086505, 44.399113 ], [ 3.087031, 44.398735 ], [ 3.083677, 44.400044 ], [ 3.082632, 44.400244 ] ] ], [ [ [ 3.104991, 44.404608 ], [ 3.105671, 44.404794 ], [ 3.113688, 44.406561 ], [ 3.121473, 44.403418 ], [ 3.124695, 44.404622 ], [ 3.130092, 44.408581 ], [ 3.133593, 44.407741 ], [ 3.138909, 44.406797 ], [ 3.1437, 44.41061 ], [ 3.144674, 44.412021 ], [ 3.144926, 44.412103 ], [ 3.145427, 44.412195 ], [ 3.14611, 44.412146 ], [ 3.148829, 44.411988 ], [ 3.149227, 44.411977 ], [ 3.153726, 44.411849 ], [ 3.153726060844358, 44.411848596750325 ], [ 3.153339, 44.411781 ], [ 3.152392, 44.411721 ], [ 3.150718, 44.411533 ], [ 3.149306, 44.408221 ], [ 3.14868963029, 44.403651170323698 ], [ 3.146348, 44.40442 ], [ 3.144134, 44.407259 ], [ 3.143842, 44.407032 ], [ 3.143516, 44.406745 ], [ 3.143238, 44.406456 ], [ 3.138927, 44.403977 ], [ 3.13292, 44.4054 ], [ 3.125618, 44.403004 ], [ 3.124603, 44.399054 ], [ 3.122386, 44.394494 ], [ 3.121598, 44.393786 ], [ 3.114143, 44.391699 ], [ 3.110234059977258, 44.394687486255918 ], [ 3.110512, 44.400344 ], [ 3.109238, 44.403711 ], [ 3.108011, 44.40329 ], [ 3.105575, 44.402233 ], [ 3.101848, 44.399318 ], [ 3.097553349654631, 44.399405228945724 ], [ 3.093563, 44.400605 ], [ 3.093560694856917, 44.400599551778711 ], [ 3.093058, 44.400811 ], [ 3.09217, 44.401096 ], [ 3.098423, 44.40211 ], [ 3.104991, 44.404608 ] ] ], [ [ [ 3.154846, 44.385475 ], [ 3.15591, 44.385541 ], [ 3.156053, 44.385484 ], [ 3.157192, 44.383843 ], [ 3.157194, 44.383675 ], [ 3.157121, 44.383117 ], [ 3.157038, 44.382845 ], [ 3.156144, 44.382117 ], [ 3.156043, 44.382078 ], [ 3.15503, 44.381686 ], [ 3.154066, 44.381209 ], [ 3.152591, 44.380482 ], [ 3.151389, 44.379702 ], [ 3.15033, 44.379263 ], [ 3.149718, 44.379148 ], [ 3.14787, 44.378796 ], [ 3.14721, 44.378648 ], [ 3.146949813109115, 44.378621850563732 ], [ 3.147388, 44.380312 ], [ 3.146701, 44.382203 ], [ 3.146245, 44.382662 ], [ 3.14358, 44.383789 ], [ 3.141189, 44.383889 ], [ 3.140501, 44.384108 ], [ 3.139942, 44.38418 ], [ 3.13694, 44.385705 ], [ 3.136568, 44.386071 ], [ 3.136945, 44.394466 ], [ 3.1411, 44.395008 ], [ 3.143526, 44.39528 ], [ 3.146408, 44.395567 ], [ 3.146878, 44.395633 ], [ 3.147223, 44.395698 ], [ 3.147614, 44.395778 ], [ 3.148242, 44.395954 ], [ 3.148951, 44.39621 ], [ 3.149587, 44.39652 ], [ 3.150198, 44.396872 ], [ 3.154142, 44.398307 ], [ 3.154543083903407, 44.398321611232291 ], [ 3.156720384299573, 44.397666159772157 ], [ 3.151163, 44.393451 ], [ 3.154846, 44.385475 ] ] ], [ [ [ 3.137059, 44.371734 ], [ 3.135346, 44.372071 ], [ 3.134204, 44.372113 ], [ 3.131307, 44.371893 ], [ 3.131825, 44.372066 ], [ 3.133184, 44.372446 ], [ 3.134376, 44.375843 ], [ 3.141732, 44.378944 ], [ 3.145588, 44.378688 ], [ 3.146116, 44.378603 ], [ 3.146613, 44.378588 ], [ 3.1404, 44.373076 ], [ 3.137059, 44.371734 ] ] ], [ [ [ 3.130371, 44.371674 ], [ 3.131307, 44.371893 ], [ 3.129960081577852, 44.371437373600756 ], [ 3.130371, 44.371674 ] ] ], [ [ [ 3.12551, 44.363553 ], [ 3.122968, 44.367411 ], [ 3.129730982572748, 44.371305447481781 ], [ 3.126529, 44.362966 ], [ 3.12551, 44.363553 ] ] ], [ [ [ 3.130967, 44.359537 ], [ 3.131479, 44.35727 ], [ 3.13654, 44.351214 ], [ 3.143821, 44.354017 ], [ 3.144652, 44.354036 ], [ 3.147145989096802, 44.353509696892615 ], [ 3.147015, 44.353424 ], [ 3.139908, 44.349027 ], [ 3.13758, 44.349303 ], [ 3.134256, 44.347921 ], [ 3.12762, 44.350335 ], [ 3.127464, 44.357084 ], [ 3.128765, 44.360441 ], [ 3.127487, 44.361969 ], [ 3.130452, 44.359736 ], [ 3.130967, 44.359537 ] ] ], [ [ [ 3.152793, 44.366485 ], [ 3.153003, 44.366489 ], [ 3.154484, 44.366485 ], [ 3.156043, 44.366529 ], [ 3.157968, 44.365487 ], [ 3.15825, 44.365147 ], [ 3.159177, 44.36401 ], [ 3.159561, 44.363525 ], [ 3.160121, 44.362547 ], [ 3.159742, 44.363047 ], [ 3.157296, 44.362322 ], [ 3.157061, 44.36224 ], [ 3.156647, 44.361966 ], [ 3.156172, 44.361534 ], [ 3.155841, 44.361145 ], [ 3.15546, 44.360521 ], [ 3.155202, 44.359998 ], [ 3.154144, 44.358088 ], [ 3.153786395648345, 44.357854044789441 ], [ 3.152861, 44.362886 ], [ 3.152793, 44.366485 ] ] ], [ [ [ 3.168907, 44.355309 ], [ 3.169248, 44.354582 ], [ 3.170548, 44.351225 ], [ 3.169265, 44.350727 ], [ 3.168837, 44.350585 ], [ 3.168467, 44.3505 ], [ 3.166667, 44.350407 ], [ 3.165772, 44.350441 ], [ 3.165142, 44.350464 ], [ 3.164293, 44.35044 ], [ 3.163775815408993, 44.350360405435509 ], [ 3.163595, 44.353933 ], [ 3.160487, 44.361587 ], [ 3.167748, 44.356301 ], [ 3.168907, 44.355309 ] ] ], [ [ [ 3.160874, 44.349999 ], [ 3.162435, 44.350129 ], [ 3.162857, 44.350219 ], [ 3.160620669864547, 44.347487300439958 ], [ 3.160874, 44.349999 ] ] ], [ [ [ 3.163801, 44.334519 ], [ 3.16426, 44.335011 ], [ 3.16492, 44.335689 ], [ 3.16759, 44.333274 ], [ 3.168344663068472, 44.33280823398966 ], [ 3.165291, 44.333734 ], [ 3.16296, 44.333385 ], [ 3.162851142213711, 44.333664009535219 ], [ 3.163158, 44.333702 ], [ 3.163801, 44.334519 ] ] ], [ [ [ 3.182809, 44.335655 ], [ 3.183131, 44.336197 ], [ 3.185295, 44.337339 ], [ 3.18855, 44.337008 ], [ 3.188818, 44.333557 ], [ 3.188745, 44.333413 ], [ 3.186484, 44.331643 ], [ 3.184929, 44.330539 ], [ 3.184466, 44.330178 ], [ 3.184315, 44.330092 ], [ 3.181322, 44.32821 ], [ 3.180393980541721, 44.326590663629801 ], [ 3.178903, 44.33043 ], [ 3.178688, 44.330469 ], [ 3.178059, 44.330478 ], [ 3.17770780075109, 44.330538656946459 ], [ 3.180423, 44.332369 ], [ 3.182809, 44.335655 ] ] ], [ [ [ 3.186153, 44.317645 ], [ 3.186783, 44.317842 ], [ 3.187021, 44.317882 ], [ 3.187275, 44.317677 ], [ 3.19089, 44.313648 ], [ 3.199099, 44.31033 ], [ 3.202525, 44.311046 ], [ 3.211184, 44.310358 ], [ 3.211567, 44.308436 ], [ 3.211793, 44.30681 ], [ 3.210693, 44.306243 ], [ 3.210144, 44.306048 ], [ 3.20963, 44.305968 ], [ 3.208924, 44.30599 ], [ 3.20516, 44.306043 ], [ 3.200667, 44.301217 ], [ 3.199836, 44.293407 ], [ 3.201973, 44.29174 ], [ 3.202581, 44.291453 ], [ 3.202917, 44.291221 ], [ 3.203351, 44.290805 ], [ 3.20346, 44.290664 ], [ 3.200619, 44.288434 ], [ 3.200572, 44.288424 ], [ 3.199801, 44.28869 ], [ 3.199243, 44.288961 ], [ 3.198374, 44.289579 ], [ 3.197936, 44.289981 ], [ 3.195107, 44.292163 ], [ 3.194685, 44.29245 ], [ 3.192954, 44.293601 ], [ 3.192467, 44.293934 ], [ 3.186557, 44.295495 ], [ 3.181108, 44.290788 ], [ 3.180893, 44.290683 ], [ 3.175586, 44.286165 ], [ 3.174652, 44.283378 ], [ 3.174544, 44.282952 ], [ 3.173499, 44.280072 ], [ 3.170115, 44.2813 ], [ 3.170368, 44.284722 ], [ 3.170322, 44.28533 ], [ 3.164196241761531, 44.289913819093236 ], [ 3.165913, 44.290505 ], [ 3.171872, 44.291377 ], [ 3.177672, 44.290766 ], [ 3.178027, 44.291487 ], [ 3.1782, 44.292007 ], [ 3.178254, 44.292637 ], [ 3.186392, 44.296045 ], [ 3.187365, 44.296021 ], [ 3.1897, 44.295919 ], [ 3.192379, 44.296804 ], [ 3.192625, 44.29691 ], [ 3.193457, 44.298204 ], [ 3.193155, 44.300472 ], [ 3.198738, 44.306728 ], [ 3.198459, 44.310317 ], [ 3.197473, 44.31024 ], [ 3.196837, 44.31013 ], [ 3.195599, 44.309822 ], [ 3.194233, 44.309687 ], [ 3.193537, 44.309595 ], [ 3.185977, 44.3136 ], [ 3.185898, 44.315199 ], [ 3.184503222566764, 44.31756936973494 ], [ 3.184737, 44.317371 ], [ 3.186153, 44.317645 ] ] ], [ [ [ 3.159143, 44.283753 ], [ 3.158213, 44.281552 ], [ 3.157941, 44.281518 ], [ 3.157175, 44.281588 ], [ 3.148983, 44.277898 ], [ 3.147704, 44.274533 ], [ 3.140012, 44.270193 ], [ 3.138609, 44.268997 ], [ 3.129847, 44.268509 ], [ 3.127652, 44.265529 ], [ 3.127186, 44.265476 ], [ 3.126523, 44.265464 ], [ 3.121346, 44.264523 ], [ 3.117377, 44.260782 ], [ 3.11673, 44.259824 ], [ 3.115852, 44.25923 ], [ 3.11574, 44.259305 ], [ 3.113916, 44.260314 ], [ 3.112648, 44.260871 ], [ 3.108564900221447, 44.261713987368836 ], [ 3.112243, 44.262379 ], [ 3.115001, 44.264693 ], [ 3.120029, 44.267211 ], [ 3.120849, 44.267481 ], [ 3.124247, 44.268501 ], [ 3.126481, 44.270135 ], [ 3.126752, 44.271666 ], [ 3.133941, 44.275223 ], [ 3.134264, 44.276076 ], [ 3.142672, 44.27898 ], [ 3.144715, 44.277988 ], [ 3.145143, 44.278369 ], [ 3.145693, 44.278998 ], [ 3.146188, 44.279752 ], [ 3.154179, 44.283295 ], [ 3.155177, 44.28292 ], [ 3.156443, 44.28629 ], [ 3.163706, 44.289745 ], [ 3.164193493451956, 44.289912872688504 ], [ 3.161828, 44.288849 ], [ 3.159143, 44.283753 ] ] ], [ [ [ 3.099353, 44.255257 ], [ 3.098439, 44.255773 ], [ 3.096265, 44.258642 ], [ 3.092248, 44.26295 ], [ 3.090249, 44.263757 ], [ 3.082918, 44.261351 ], [ 3.079542, 44.260101 ], [ 3.07823991262527, 44.260274397578875 ], [ 3.080609, 44.262828 ], [ 3.089141, 44.265119 ], [ 3.089728, 44.26493 ], [ 3.09456, 44.263397 ], [ 3.09856, 44.260259 ], [ 3.103554, 44.260808 ], [ 3.103637982887127, 44.260823184384357 ], [ 3.102517, 44.256973 ], [ 3.099353, 44.255257 ] ] ], [ [ [ 3.07646, 44.247681 ], [ 3.077165, 44.247253 ], [ 3.075295, 44.244177 ], [ 3.06919, 44.242154 ], [ 3.068932, 44.23531 ], [ 3.069103, 44.234803 ], [ 3.070545, 44.228585 ], [ 3.072264, 44.224332 ], [ 3.071171, 44.226504 ], [ 3.070733, 44.227313 ], [ 3.07044, 44.227774 ], [ 3.070072, 44.228254 ], [ 3.069661, 44.228716 ], [ 3.069311, 44.229058 ], [ 3.066589, 44.232216 ], [ 3.066238, 44.232717 ], [ 3.065889, 44.233141 ], [ 3.065563, 44.233487 ], [ 3.064797, 44.23417 ], [ 3.062819, 44.236785 ], [ 3.061899, 44.238042 ], [ 3.061801, 44.243425 ], [ 3.067932, 44.246579 ], [ 3.072314584538359, 44.253288042302913 ], [ 3.075271, 44.248253 ], [ 3.07646, 44.247681 ] ] ], [ [ [ 3.064785, 44.193834 ], [ 3.06396, 44.19301 ], [ 3.063412, 44.192515 ], [ 3.061286, 44.190674 ], [ 3.059149, 44.188824 ], [ 3.05655, 44.186611 ], [ 3.055439, 44.185766 ], [ 3.054736, 44.185295 ], [ 3.05396, 44.184826 ], [ 3.053411, 44.184533 ], [ 3.052826, 44.184246 ], [ 3.052034, 44.183889 ], [ 3.051107, 44.183522 ], [ 3.049986859948377, 44.183098339381985 ], [ 3.048752, 44.186368 ], [ 3.045169, 44.185015 ], [ 3.045058546780492, 44.184973260212338 ], [ 3.045022, 44.18507 ], [ 3.047428, 44.18598 ], [ 3.049835, 44.186889 ], [ 3.056813, 44.191563 ], [ 3.058929, 44.193395 ], [ 3.061056, 44.195237 ], [ 3.061544, 44.195679 ], [ 3.062237, 44.196377 ], [ 3.065509, 44.2039 ], [ 3.062797, 44.197013 ], [ 3.065624542272099, 44.194788933181023 ], [ 3.065554, 44.1947 ], [ 3.064785, 44.193834 ] ] ], [ [ [ 3.049678, 44.240415 ], [ 3.048694, 44.24122 ], [ 3.046749, 44.242723 ], [ 3.041963, 44.247416 ], [ 3.040052, 44.250467 ], [ 3.037971, 44.254141 ], [ 3.03608, 44.262337 ], [ 3.038024, 44.265825 ], [ 3.036307, 44.273782 ], [ 3.037048, 44.273757 ], [ 3.039426, 44.265226 ], [ 3.039211, 44.261633 ], [ 3.04139, 44.258018 ], [ 3.045381, 44.252063 ], [ 3.044775, 44.248515 ], [ 3.048396, 44.242976 ], [ 3.055708, 44.239645 ], [ 3.056474, 44.238604 ], [ 3.057284, 44.237035 ], [ 3.057627, 44.236419 ], [ 3.057932, 44.235958 ], [ 3.058447, 44.235277 ], [ 3.051235, 44.239703 ], [ 3.049678, 44.240415 ] ] ], [ [ [ 3.02752, 44.265876 ], [ 3.026608, 44.264983 ], [ 3.025766, 44.263873 ], [ 3.025566, 44.263554 ], [ 3.024218, 44.262132 ], [ 3.023247, 44.261617 ], [ 3.02259, 44.261566 ], [ 3.021514, 44.261701 ], [ 3.019875, 44.264906 ], [ 3.022929, 44.272841 ], [ 3.023415, 44.270169 ], [ 3.026613, 44.268515 ], [ 3.030266, 44.271742 ], [ 3.031064, 44.271988 ], [ 3.027847, 44.26683 ], [ 3.02752, 44.265876 ] ] ], [ [ [ 3.021844, 44.285871 ], [ 3.022352, 44.285975 ], [ 3.028855, 44.280319 ], [ 3.024948, 44.275148 ], [ 3.023362, 44.27438 ], [ 3.024937, 44.278056 ], [ 3.021844, 44.285871 ] ] ], [ [ [ 3.014617, 44.291267 ], [ 3.013919, 44.291812 ], [ 3.01355, 44.292437 ], [ 3.0134, 44.293072 ], [ 3.013532, 44.293978 ], [ 3.007267, 44.299808 ], [ 3.003867526474028, 44.300044666215939 ], [ 3.005182, 44.301025 ], [ 3.006859, 44.304211 ], [ 3.014475, 44.304328 ], [ 3.015011, 44.299249 ], [ 3.013825, 44.296432 ], [ 3.013722, 44.295863 ], [ 3.01378, 44.295094 ], [ 3.017255, 44.294425 ], [ 3.020368, 44.288264 ], [ 3.021844, 44.285871 ], [ 3.014715, 44.291223 ], [ 3.014617, 44.291267 ] ] ], [ [ [ 2.99723, 44.292227 ], [ 2.99597, 44.292945 ], [ 2.992735, 44.29527 ], [ 2.993394, 44.295173 ], [ 2.994935, 44.294937 ], [ 2.9985, 44.294436 ], [ 3.000123, 44.297252 ], [ 3.003371445692946, 44.299674689385149 ], [ 2.999604, 44.294933 ], [ 2.99723, 44.292227 ] ] ], [ [ [ 2.987116, 44.306673 ], [ 2.992092, 44.300316 ], [ 2.991608, 44.296154 ], [ 2.989323, 44.301738 ], [ 2.987116, 44.306673 ] ] ], [ [ [ 2.979009, 44.315382 ], [ 2.977882, 44.315761 ], [ 2.976805, 44.316034 ], [ 2.977563, 44.319553 ], [ 2.978467, 44.319359 ], [ 2.9789, 44.319246 ], [ 2.981225, 44.318806 ], [ 2.983455, 44.318917 ], [ 2.982437, 44.31861 ], [ 2.983475, 44.315163 ], [ 2.9854941624074, 44.310129013592565 ], [ 2.979416, 44.315291 ], [ 2.979009, 44.315382 ] ] ], [ [ [ 2.989268, 44.320728 ], [ 2.986987, 44.319485 ], [ 2.992353, 44.323623 ], [ 2.989268, 44.320728 ] ] ], [ [ [ 2.985056, 44.333518 ], [ 2.991488, 44.330403 ], [ 2.992353, 44.323623 ], [ 2.988797, 44.329543 ], [ 2.985056, 44.333518 ] ] ], [ [ [ 2.972328, 44.329984 ], [ 2.970899, 44.328301 ], [ 2.969754, 44.324443 ], [ 2.969745, 44.32425 ], [ 2.968815, 44.323908 ], [ 2.966221, 44.324077 ], [ 2.9661, 44.324159 ], [ 2.965693, 44.324536 ], [ 2.962404, 44.330129 ], [ 2.960346, 44.333082 ], [ 2.958208, 44.33977 ], [ 2.952142188491739, 44.343760024566784 ], [ 2.957617, 44.343539 ], [ 2.958186564113277, 44.343333247639173 ], [ 2.960023, 44.341033 ], [ 2.965386, 44.335095 ], [ 2.966883, 44.331821 ], [ 2.966887, 44.331819 ], [ 2.970287, 44.330637 ], [ 2.975285, 44.334833 ], [ 2.983936, 44.334696 ], [ 2.98438, 44.334127 ], [ 2.984915, 44.333624 ], [ 2.985056, 44.333518 ], [ 2.978866, 44.333919 ], [ 2.972328, 44.329984 ] ] ], [ [ [ 2.94705, 44.345606 ], [ 2.947828772730581, 44.345167834604162 ], [ 2.94896, 44.343801 ], [ 2.949319, 44.343874 ], [ 2.949510261238141, 44.343866278559318 ], [ 2.948125, 44.343065 ], [ 2.945259, 44.345058 ], [ 2.942525571054367, 44.34590160822507 ], [ 2.944596453963595, 44.346723879682884 ], [ 2.94705, 44.345606 ] ] ] ] } },
{ "type": "Feature", "properties": { "codgeo": "12270", "value": 900, "isochrone_group": 15.0, "nb_agences": 2 }, "geometry": { "type": "MultiPolygon", "coordinates": [ [ [ [ 2.960405, 44.365372 ], [ 2.962928, 44.366461 ], [ 2.964879, 44.374946 ], [ 2.963036, 44.3832 ], [ 2.961159, 44.384087 ], [ 2.962488, 44.387433 ], [ 2.964026, 44.386822 ], [ 2.972388, 44.385437 ], [ 2.972865, 44.385333 ], [ 2.973376, 44.385173 ], [ 2.974242, 44.384814 ], [ 2.977753899215469, 44.383788960739857 ], [ 2.976789, 44.383604 ], [ 2.9736, 44.383036 ], [ 2.970152, 44.382 ], [ 2.970341, 44.381371 ], [ 2.970594, 44.380784 ], [ 2.968166, 44.37242 ], [ 2.967014, 44.370467 ], [ 2.966502, 44.369611 ], [ 2.964193, 44.364893 ], [ 2.959597, 44.361743 ], [ 2.956111, 44.358649 ], [ 2.956066, 44.355049 ], [ 2.951422749706793, 44.351859887702076 ], [ 2.948618300788683, 44.354018535147702 ], [ 2.952156, 44.357712 ], [ 2.955709, 44.361217 ], [ 2.959453, 44.365087 ], [ 2.959664, 44.365189 ], [ 2.960405, 44.365372 ] ] ], [ [ [ 2.994199, 44.386363 ], [ 2.996162, 44.387501 ], [ 2.999681, 44.388258 ], [ 2.999966, 44.387069 ], [ 3.0004, 44.386028 ], [ 3.000477, 44.385362 ], [ 3.000308, 44.384564 ], [ 2.999935, 44.383946 ], [ 2.99976, 44.37526 ], [ 2.999141, 44.375592 ], [ 2.997713, 44.376299 ], [ 2.99339, 44.381132 ], [ 2.993071, 44.384718 ], [ 2.990895, 44.384987 ], [ 2.984562, 44.385094 ], [ 2.981173708607358, 44.384444501199646 ], [ 2.986109, 44.38679 ], [ 2.994199, 44.386363 ] ] ], [ [ [ 3.023201, 44.385785 ], [ 3.020112, 44.38659 ], [ 3.014716, 44.388883 ], [ 3.011261, 44.389894 ], [ 3.011516, 44.390765 ], [ 3.012394, 44.39191 ], [ 3.013224, 44.392881 ], [ 3.01308, 44.392653 ], [ 3.016486, 44.389277 ], [ 3.021977, 44.388661 ], [ 3.025468, 44.387779 ], [ 3.029394, 44.382994 ], [ 3.029592, 44.382189 ], [ 3.023337, 44.385786 ], [ 3.023201, 44.385785 ] ] ], [ [ [ 3.018553305176086, 44.406961637795426 ], [ 3.018572, 44.406951 ], [ 3.019107, 44.406674 ], [ 3.020805378003682, 44.404941665946758 ], [ 3.021608, 44.403359 ], [ 3.021167, 44.400152 ], [ 3.01558, 44.394 ], [ 3.014188, 44.393685 ], [ 3.017482, 44.401176 ], [ 3.018553305176086, 44.406961637795426 ] ] ], [ [ [ 3.034388, 44.409667 ], [ 3.035949, 44.409351 ], [ 3.037432, 44.408685 ], [ 3.037441, 44.408571 ], [ 3.03739, 44.408143 ], [ 3.037613, 44.403202 ], [ 3.042227, 44.396866 ], [ 3.041464, 44.393348 ], [ 3.040044, 44.39152 ], [ 3.039235, 44.383108 ], [ 3.038097, 44.383988 ], [ 3.03772, 44.384246 ], [ 3.035969, 44.386174 ], [ 3.039307, 44.393732 ], [ 3.039494, 44.393799 ], [ 3.038398, 44.397216 ], [ 3.036907, 44.404554 ], [ 3.036901, 44.40467 ], [ 3.034067, 44.404398 ], [ 3.031378551989853, 44.406413448405559 ], [ 3.032148271264304, 44.410581622039338 ], [ 3.034388, 44.409667 ] ] ], [ [ [ 3.046669, 44.381087 ], [ 3.047451, 44.380922 ], [ 3.048239, 44.380698 ], [ 3.049787, 44.380427 ], [ 3.049975, 44.380349 ], [ 3.048594, 44.377025 ], [ 3.047754, 44.377131 ], [ 3.046995, 44.377267 ], [ 3.045296, 44.377427 ], [ 3.046286, 44.377532 ], [ 3.045907, 44.381112 ], [ 3.043822, 44.381223 ], [ 3.04619, 44.381126 ], [ 3.046669, 44.381087 ] ] ], [ [ [ 3.069002, 44.38597 ], [ 3.072145, 44.386316 ], [ 3.073349, 44.386649 ], [ 3.073665, 44.386753 ], [ 3.074791, 44.383334 ], [ 3.073849, 44.379523 ], [ 3.073999, 44.381087 ], [ 3.070518, 44.382007 ], [ 3.070392, 44.38153 ], [ 3.06946, 44.379168 ], [ 3.069219, 44.378184 ], [ 3.069109, 44.377147 ], [ 3.067249, 44.382826 ], [ 3.069002, 44.38597 ] ] ], [ [ [ 3.090282, 44.373195 ], [ 3.088864, 44.373773 ], [ 3.088892, 44.377373 ], [ 3.093128, 44.385254 ], [ 3.091186, 44.376786 ], [ 3.092845, 44.373591 ], [ 3.094119, 44.374252 ], [ 3.09840969613333, 44.374177960426223 ], [ 3.099767, 44.369468 ], [ 3.099502, 44.369261 ], [ 3.101714, 44.366421 ], [ 3.104580167670282, 44.364385564596553 ], [ 3.098775, 44.36174 ], [ 3.0975, 44.36206 ], [ 3.096908, 44.362234 ], [ 3.095596, 44.362655 ], [ 3.093958, 44.363509 ], [ 3.093302, 44.36401 ], [ 3.092448, 44.364257 ], [ 3.091785, 44.364209 ], [ 3.09137, 44.364089 ], [ 3.090683, 44.372973 ], [ 3.090282, 44.373195 ] ] ], [ [ [ 3.09322, 44.391066 ], [ 3.088467, 44.398146 ], [ 3.089736, 44.397899 ], [ 3.091942, 44.397389 ], [ 3.094515, 44.396292 ], [ 3.09396, 44.388192 ], [ 3.093264, 44.387535 ], [ 3.092943, 44.386443 ], [ 3.093128, 44.385254 ], [ 3.091635, 44.387833 ], [ 3.09322, 44.391066 ] ] ], [ [ [ 3.07527, 44.399558 ], [ 3.07346, 44.40267 ], [ 3.07561, 44.406692 ], [ 3.07649, 44.407183 ], [ 3.079359255911458, 44.41211999701072 ], [ 3.082035, 44.412892 ], [ 3.085618, 44.414006 ], [ 3.086999, 44.41486 ], [ 3.08596, 44.417354 ], [ 3.085634864486552, 44.417977419039197 ], [ 3.08575, 44.418054 ], [ 3.087393, 44.419109 ], [ 3.08845, 44.419343 ], [ 3.089275, 44.419346 ], [ 3.090317, 44.418368 ], [ 3.090374, 44.418009 ], [ 3.090248, 44.417005 ], [ 3.089112, 44.413236 ], [ 3.089411, 44.410468 ], [ 3.095428, 44.404963 ], [ 3.095899, 44.404535 ], [ 3.096741, 44.403755 ], [ 3.09728, 44.403316 ], [ 3.097641, 44.402924 ], [ 3.099894017913271, 44.402669470576626 ], [ 3.098423, 44.40211 ], [ 3.09217, 44.401096 ], [ 3.087129, 44.404236 ], [ 3.084776, 44.408898 ], [ 3.083406, 44.412228 ], [ 3.082592, 44.411893 ], [ 3.082055, 44.411609 ], [ 3.081568, 44.41127 ], [ 3.081118, 44.410841 ], [ 3.078242, 44.407598 ], [ 3.077595, 44.406765 ], [ 3.077202, 44.406028 ], [ 3.077, 44.405273 ], [ 3.076955, 44.404898 ], [ 3.078061, 44.40334 ], [ 3.078405, 44.402898 ], [ 3.078751, 44.402544 ], [ 3.079326, 44.402074 ], [ 3.079972, 44.401682 ], [ 3.08101131816961, 44.400942135769554 ], [ 3.075769, 44.39982 ], [ 3.07527, 44.399558 ] ] ], [ [ [ 3.116244, 44.408083 ], [ 3.117145, 44.408687 ], [ 3.118302, 44.409053 ], [ 3.119646, 44.409285 ], [ 3.128327, 44.411139 ], [ 3.131192, 44.413318 ], [ 3.138004, 44.410022 ], [ 3.142562, 44.410656 ], [ 3.142928257108807, 44.410824772396225 ], [ 3.1424085421619, 44.40958217100048 ], [ 3.138909, 44.406797 ], [ 3.133593, 44.407741 ], [ 3.130092, 44.408581 ], [ 3.124695, 44.404622 ], [ 3.121473, 44.403418 ], [ 3.113688, 44.406561 ], [ 3.113501057624985, 44.406519796660035 ], [ 3.114009, 44.406784 ], [ 3.116244, 44.408083 ] ] ], [ [ [ 3.159878, 44.389296 ], [ 3.160175, 44.384892 ], [ 3.159867, 44.383366 ], [ 3.159061, 44.381468 ], [ 3.157019, 44.377421 ], [ 3.155034, 44.375776 ], [ 3.154287, 44.375851 ], [ 3.14721, 44.378648 ], [ 3.14787, 44.378796 ], [ 3.149718, 44.379148 ], [ 3.15033, 44.379263 ], [ 3.151389, 44.379702 ], [ 3.152591, 44.380482 ], [ 3.154066, 44.381209 ], [ 3.15503, 44.381686 ], [ 3.156043, 44.382078 ], [ 3.156144, 44.382117 ], [ 3.157038, 44.382845 ], [ 3.157121, 44.383117 ], [ 3.157194, 44.383675 ], [ 3.157192, 44.383843 ], [ 3.156053, 44.385484 ], [ 3.15591, 44.385541 ], [ 3.154846, 44.385475 ], [ 3.151337467073654, 44.393073169595588 ], [ 3.153947, 44.391753 ], [ 3.154309, 44.391779 ], [ 3.154915, 44.391888 ], [ 3.1556, 44.39215 ], [ 3.156064, 44.392421 ], [ 3.159338102104072, 44.394706976690294 ], [ 3.159878, 44.389296 ] ] ], [ [ [ 3.141047, 44.370769 ], [ 3.141506, 44.369343 ], [ 3.13863, 44.367246 ], [ 3.138516, 44.367338 ], [ 3.137643, 44.368282 ], [ 3.13735, 44.368972 ], [ 3.131307, 44.371893 ], [ 3.134204, 44.372113 ], [ 3.135346, 44.372071 ], [ 3.137059, 44.371734 ], [ 3.1404, 44.373076 ], [ 3.146613, 44.378588 ], [ 3.140636, 44.372726 ], [ 3.141047, 44.370769 ] ] ], [ [ [ 3.133131, 44.358596 ], [ 3.134088579995375, 44.354147372761922 ], [ 3.131479, 44.35727 ], [ 3.130967, 44.359537 ], [ 3.130452, 44.359736 ], [ 3.127487, 44.361969 ], [ 3.127136, 44.362358 ], [ 3.126529, 44.362966 ], [ 3.131037, 44.361524 ], [ 3.133131, 44.358596 ] ] ], [ [ [ 3.13654, 44.351214 ], [ 3.136141619835232, 44.351690702287662 ], [ 3.143821, 44.354017 ], [ 3.13654, 44.351214 ] ] ], [ [ [ 3.150064, 44.364893 ], [ 3.150399, 44.365504 ], [ 3.150848, 44.365938 ], [ 3.151225, 44.366172 ], [ 3.151664, 44.366343 ], [ 3.152412, 44.366438 ], [ 3.152569, 44.366467 ], [ 3.152793125434453, 44.366478361197139 ], [ 3.152861, 44.362886 ], [ 3.153855, 44.357481 ], [ 3.153542361749506, 44.35728274398987 ], [ 3.151146, 44.36215 ], [ 3.150064, 44.364893 ] ] ], [ [ [ 3.1721, 44.359006 ], [ 3.174645, 44.356459 ], [ 3.175154, 44.355998 ], [ 3.17692, 44.353024 ], [ 3.176789, 44.352873 ], [ 3.176652, 44.352724 ], [ 3.17631, 44.352568 ], [ 3.176046, 44.35246 ], [ 3.174449, 44.352047 ], [ 3.174001, 44.351978 ], [ 3.171688, 44.351593 ], [ 3.170526979640468, 44.351216840889293 ], [ 3.170548, 44.351225 ], [ 3.169248, 44.354582 ], [ 3.168907, 44.355309 ], [ 3.167748, 44.356301 ], [ 3.160487, 44.361587 ], [ 3.160121, 44.362547 ], [ 3.159561, 44.363525 ], [ 3.159177, 44.36401 ], [ 3.166411, 44.36055 ], [ 3.1721, 44.359006 ] ] ], [ [ [ 3.168082, 44.337536 ], [ 3.168344, 44.336368 ], [ 3.168422, 44.335863 ], [ 3.168377, 44.335052 ], [ 3.174795886670206, 44.329245892518443 ], [ 3.174387, 44.329079 ], [ 3.16759, 44.333274 ], [ 3.16492, 44.335689 ], [ 3.16426, 44.335011 ], [ 3.163801, 44.334519 ], [ 3.163158, 44.333702 ], [ 3.164569, 44.33675 ], [ 3.168082, 44.337536 ] ] ], [ [ [ 3.181095, 44.338504 ], [ 3.181465, 44.339115 ], [ 3.184596, 44.339341 ], [ 3.192744, 44.338436 ], [ 3.195051, 44.339084 ], [ 3.198242, 44.340201 ], [ 3.199214, 44.340353 ], [ 3.19986, 44.340298 ], [ 3.2005, 44.340151 ], [ 3.201815, 44.339755 ], [ 3.200942, 44.336263 ], [ 3.198109, 44.335971 ], [ 3.196885, 44.33567 ], [ 3.195061, 44.335167 ], [ 3.194267, 44.334892 ], [ 3.193534, 44.334815 ], [ 3.192436, 44.334547 ], [ 3.188156, 44.327509 ], [ 3.18849, 44.319032 ], [ 3.190728, 44.316212 ], [ 3.193471, 44.313234 ], [ 3.20138, 44.312432 ], [ 3.204537, 44.314163 ], [ 3.208376, 44.312142 ], [ 3.216838, 44.312681 ], [ 3.217404, 44.313001 ], [ 3.217988, 44.313264 ], [ 3.218489, 44.31342 ], [ 3.221181, 44.314348 ], [ 3.222874, 44.314846 ], [ 3.223509, 44.315001 ], [ 3.223866, 44.315046 ], [ 3.225108, 44.313393 ], [ 3.225253, 44.313147 ], [ 3.224308, 44.311473 ], [ 3.222618, 44.310861 ], [ 3.216967, 44.308189 ], [ 3.216195, 44.307799 ], [ 3.215507, 44.307544 ], [ 3.214431, 44.307203 ], [ 3.213833, 44.307064 ], [ 3.212855, 44.306888 ], [ 3.210693, 44.306243 ], [ 3.211793, 44.30681 ], [ 3.211567, 44.308436 ], [ 3.211184, 44.310358 ], [ 3.202525, 44.311046 ], [ 3.199099, 44.31033 ], [ 3.19089, 44.313648 ], [ 3.187275, 44.317677 ], [ 3.187021, 44.317882 ], [ 3.186783, 44.317842 ], [ 3.186153, 44.317645 ], [ 3.184737, 44.317371 ], [ 3.17826, 44.322867 ], [ 3.181322, 44.32821 ], [ 3.184315, 44.330092 ], [ 3.184466, 44.330178 ], [ 3.184929, 44.330539 ], [ 3.186484, 44.331643 ], [ 3.188745, 44.333413 ], [ 3.188818, 44.333557 ], [ 3.18855, 44.337008 ], [ 3.185295, 44.337339 ], [ 3.183131, 44.336197 ], [ 3.182809, 44.335655 ], [ 3.180423, 44.332369 ], [ 3.177333, 44.330286 ], [ 3.176984, 44.330139 ], [ 3.179429, 44.336147 ], [ 3.181095, 44.338504 ] ] ], [ [ [ 3.20404, 44.297123 ], [ 3.204328, 44.289012 ], [ 3.208283, 44.284476 ], [ 3.206596, 44.281296 ], [ 3.203982, 44.281223 ], [ 3.201547, 44.281238 ], [ 3.201119, 44.281272 ], [ 3.199338, 44.281563 ], [ 3.19881, 44.281784 ], [ 3.197302, 44.283231 ], [ 3.193361, 44.289786 ], [ 3.184555, 44.288847 ], [ 3.181969, 44.286343 ], [ 3.174544, 44.282952 ], [ 3.174652, 44.283378 ], [ 3.175586, 44.286165 ], [ 3.180893, 44.290683 ], [ 3.181108, 44.290788 ], [ 3.186557, 44.295495 ], [ 3.192467, 44.293934 ], [ 3.192954, 44.293601 ], [ 3.194685, 44.29245 ], [ 3.195107, 44.292163 ], [ 3.197936, 44.289981 ], [ 3.198374, 44.289579 ], [ 3.199243, 44.288961 ], [ 3.199801, 44.28869 ], [ 3.200572, 44.288424 ], [ 3.200619, 44.288434 ], [ 3.20346, 44.290664 ], [ 3.203351, 44.290805 ], [ 3.202917, 44.291221 ], [ 3.202581, 44.291453 ], [ 3.201973, 44.29174 ], [ 3.199836, 44.293407 ], [ 3.200667, 44.301217 ], [ 3.20516, 44.306043 ], [ 3.208924, 44.30599 ], [ 3.20963, 44.305968 ], [ 3.210144, 44.306048 ], [ 3.210693, 44.306243 ], [ 3.204963, 44.300602 ], [ 3.20404, 44.297123 ] ] ], [ [ [ 3.172623, 44.275448 ], [ 3.172499, 44.27488 ], [ 3.172335, 44.274488 ], [ 3.172162, 44.274176 ], [ 3.171474, 44.273109 ], [ 3.171029, 44.272545 ], [ 3.170556, 44.272009 ], [ 3.170261, 44.271741 ], [ 3.169809, 44.271421 ], [ 3.169398, 44.271222 ], [ 3.168883, 44.271041 ], [ 3.167688, 44.274437 ], [ 3.168933, 44.278029 ], [ 3.160751, 44.280935 ], [ 3.160636, 44.280905 ], [ 3.154674, 44.275543 ], [ 3.152105, 44.273021 ], [ 3.15208, 44.272999 ], [ 3.150601, 44.273467 ], [ 3.149623, 44.273658 ], [ 3.145541326123075, 44.27331277058947 ], [ 3.147704, 44.274533 ], [ 3.148983, 44.277898 ], [ 3.157175, 44.281588 ], [ 3.157941, 44.281518 ], [ 3.158213, 44.281552 ], [ 3.159143, 44.283753 ], [ 3.161828, 44.288849 ], [ 3.164196, 44.289914 ], [ 3.170322, 44.28533 ], [ 3.170368, 44.284722 ], [ 3.170115, 44.2813 ], [ 3.173489960473211, 44.280075280301105 ], [ 3.173292, 44.279535 ], [ 3.172623, 44.275448 ] ] ], [ [ [ 3.134108, 44.264344 ], [ 3.127116, 44.262182 ], [ 3.124558, 44.263008 ], [ 3.11673, 44.259824 ], [ 3.117377, 44.260782 ], [ 3.121346, 44.264523 ], [ 3.126523, 44.265464 ], [ 3.127186, 44.265476 ], [ 3.127652, 44.265529 ], [ 3.129847, 44.268509 ], [ 3.138595603462278, 44.268996253879216 ], [ 3.138387, 44.26882 ], [ 3.134108, 44.264344 ] ] ], [ [ [ 3.11365, 44.255876 ], [ 3.113071, 44.255529 ], [ 3.105359, 44.251664 ], [ 3.103515, 44.251451 ], [ 3.102603, 44.25169 ], [ 3.096658, 44.252073 ], [ 3.093431, 44.253561 ], [ 3.093411, 44.253629 ], [ 3.093902, 44.255674 ], [ 3.092248, 44.26295 ], [ 3.096265, 44.258642 ], [ 3.098439, 44.255773 ], [ 3.099353, 44.255257 ], [ 3.102517, 44.256973 ], [ 3.104162, 44.262623 ], [ 3.112648, 44.260871 ], [ 3.113916, 44.260314 ], [ 3.11574, 44.259305 ], [ 3.115852, 44.25923 ], [ 3.11673, 44.259824 ], [ 3.114083, 44.256257 ], [ 3.11365, 44.255876 ] ] ], [ [ [ 3.083216, 44.259339 ], [ 3.083179, 44.258924 ], [ 3.083103, 44.258461 ], [ 3.0829, 44.257718 ], [ 3.079427, 44.258664 ], [ 3.071226, 44.255142 ], [ 3.071391, 44.255999 ], [ 3.075487, 44.260641 ], [ 3.079542, 44.260101 ], [ 3.082918, 44.261351 ], [ 3.085995002591123, 44.262360857895814 ], [ 3.083309, 44.260006 ], [ 3.083216, 44.259339 ] ] ], [ [ [ 3.078294, 44.247509 ], [ 3.078836, 44.247305 ], [ 3.079174, 44.247108 ], [ 3.080821, 44.246405 ], [ 3.081424, 44.246221 ], [ 3.083469, 44.245908 ], [ 3.083839, 44.245806 ], [ 3.083839, 44.242254 ], [ 3.083688, 44.242237 ], [ 3.082162, 44.242292 ], [ 3.081798, 44.242285 ], [ 3.073741, 44.238841 ], [ 3.073074, 44.231168 ], [ 3.073725, 44.222359 ], [ 3.076549, 44.219942 ], [ 3.074806, 44.216792 ], [ 3.071671, 44.212101 ], [ 3.072911, 44.214288 ], [ 3.073245, 44.214921 ], [ 3.073464, 44.215399 ], [ 3.073657, 44.215899 ], [ 3.073873, 44.216632 ], [ 3.073998, 44.217199 ], [ 3.074071, 44.217721 ], [ 3.074119, 44.218468 ], [ 3.074117, 44.21904 ], [ 3.074062, 44.219651 ], [ 3.073974, 44.220204 ], [ 3.073809, 44.220904 ], [ 3.073662, 44.221381 ], [ 3.073432, 44.221992 ], [ 3.072264, 44.224332 ], [ 3.070545, 44.228585 ], [ 3.069103, 44.234803 ], [ 3.068932, 44.23531 ], [ 3.06919, 44.242154 ], [ 3.075295, 44.244177 ], [ 3.077165, 44.247253 ], [ 3.07646, 44.247681 ], [ 3.075271, 44.248253 ], [ 3.077453, 44.247541 ], [ 3.078294, 44.247509 ] ] ], [ [ [ 3.065557920946233, 44.194704943166847 ], [ 3.066091, 44.195377 ], [ 3.065557920946234, 44.194704943166847 ], [ 3.065557920946233, 44.194704943166847 ] ] ], [ [ [ 3.039247, 44.182758 ], [ 3.038898729524686, 44.182746788553189 ], [ 3.041459, 44.183715 ], [ 3.042348, 44.184034 ], [ 3.044321, 44.184805 ], [ 3.046625999959437, 44.185676666651304 ], [ 3.045022, 44.18507 ], [ 3.04505870044574, 44.184972853458476 ], [ 3.041586, 44.183661 ], [ 3.039247, 44.182758 ] ] ], [ [ [ 3.051697, 44.236738 ], [ 3.046955, 44.239306 ], [ 3.046736, 44.239678 ], [ 3.046436, 44.240771 ], [ 3.04651, 44.24166 ], [ 3.03841, 44.24495 ], [ 3.035323, 44.246803 ], [ 3.036124, 44.250569 ], [ 3.036584, 44.25414 ], [ 3.035721, 44.262613 ], [ 3.035058, 44.2633 ], [ 3.034442, 44.264157 ], [ 3.02612, 44.261448 ], [ 3.025968, 44.260938 ], [ 3.025755, 44.260522 ], [ 3.025477, 44.260107 ], [ 3.025062, 44.25972 ], [ 3.022851, 44.258395 ], [ 3.016562, 44.261462 ], [ 3.012066, 44.260391 ], [ 3.01183, 44.260756 ], [ 3.011429, 44.261716 ], [ 3.011328, 44.263232 ], [ 3.011289, 44.264138 ], [ 3.011433, 44.264942 ], [ 3.011971, 44.265748 ], [ 3.013194, 44.266256 ], [ 3.013977, 44.266159 ], [ 3.017804, 44.26527 ], [ 3.020916156314344, 44.267611165472928 ], [ 3.019875, 44.264906 ], [ 3.021514, 44.261701 ], [ 3.02259, 44.261566 ], [ 3.023247, 44.261617 ], [ 3.024218, 44.262132 ], [ 3.025566, 44.263554 ], [ 3.025766, 44.263873 ], [ 3.026608, 44.264983 ], [ 3.02752, 44.265876 ], [ 3.027847, 44.26683 ], [ 3.031064, 44.271988 ], [ 3.031734, 44.272426 ], [ 3.036307, 44.273782 ], [ 3.038024, 44.265825 ], [ 3.03608, 44.262337 ], [ 3.037971, 44.254141 ], [ 3.040052, 44.250467 ], [ 3.041963, 44.247416 ], [ 3.046749, 44.242723 ], [ 3.048694, 44.24122 ], [ 3.049678, 44.240415 ], [ 3.051235, 44.239703 ], [ 3.058447, 44.235277 ], [ 3.059693, 44.233785 ], [ 3.051799, 44.236694 ], [ 3.051697, 44.236738 ] ] ], [ [ [ 3.021844, 44.285871 ], [ 3.024937, 44.278056 ], [ 3.023362, 44.27438 ], [ 3.022929, 44.272841 ], [ 3.022552, 44.277333 ], [ 3.021844, 44.285871 ] ] ], [ [ [ 3.014715, 44.291223 ], [ 3.014805053006385, 44.291155393927589 ], [ 3.014617, 44.291267 ], [ 3.014715, 44.291223 ] ] ], [ [ [ 3.001565, 44.292086 ], [ 3.000873, 44.290972 ], [ 2.997803, 44.290472 ], [ 2.997345, 44.291044 ], [ 2.990259, 44.29588 ], [ 2.98728, 44.298794 ], [ 2.988224, 44.302268 ], [ 2.986609570654233, 44.307575304104475 ], [ 2.987116, 44.306673 ], [ 2.989323, 44.301738 ], [ 2.991608, 44.296154 ], [ 2.992735, 44.29527 ], [ 2.99597, 44.292945 ], [ 2.99723, 44.292227 ], [ 2.999604, 44.294933 ], [ 3.003676, 44.300058 ], [ 3.007267, 44.299808 ], [ 3.013532, 44.293978 ], [ 3.0134, 44.293072 ], [ 3.01355, 44.292437 ], [ 3.007494, 44.297283 ], [ 3.001565, 44.292086 ] ] ], [ [ [ 2.971412, 44.316437 ], [ 2.970223, 44.316996 ], [ 2.965518, 44.318972 ], [ 2.965053, 44.319226 ], [ 2.961037, 44.326647 ], [ 2.956499, 44.328422 ], [ 2.955913, 44.328498 ], [ 2.956371, 44.332068 ], [ 2.957272, 44.337813 ], [ 2.956219029121824, 44.341078323322577 ], [ 2.958208, 44.33977 ], [ 2.960346, 44.333082 ], [ 2.962404, 44.330129 ], [ 2.965693, 44.324536 ], [ 2.9661, 44.324159 ], [ 2.966221, 44.324077 ], [ 2.968815, 44.323908 ], [ 2.969745, 44.32425 ], [ 2.969754, 44.324443 ], [ 2.970899, 44.328301 ], [ 2.972328, 44.329984 ], [ 2.978866, 44.333919 ], [ 2.985056, 44.333518 ], [ 2.988797, 44.329543 ], [ 2.992353, 44.323623 ], [ 2.986987, 44.319485 ], [ 2.984744, 44.319012 ], [ 2.983455, 44.318917 ], [ 2.981225, 44.318806 ], [ 2.9789, 44.319246 ], [ 2.978467, 44.319359 ], [ 2.977563, 44.319553 ], [ 2.976805, 44.316034 ], [ 2.977882, 44.315761 ], [ 2.979009, 44.315382 ], [ 2.974938, 44.315711 ], [ 2.971412, 44.316437 ] ] ], [ [ [ 3.029676, 44.172906 ], [ 3.029639857519757, 44.172673346309807 ], [ 3.029464, 44.172708 ], [ 3.029546, 44.173122 ], [ 3.029575854720557, 44.173241667671576 ], [ 3.029676, 44.172906 ] ] ] ] } },
{ "type": "Feature", "properties": { "codgeo": "12270", "value": 960, "isochrone_group": 16.0, "nb_agences": 2 }, "geometry": { "type": "MultiPolygon", "coordinates": [ [ [ [ 2.956529, 44.376 ], [ 2.956864, 44.375899 ], [ 2.957325, 44.375724 ], [ 2.96087, 44.374967 ], [ 2.963036, 44.3832 ], [ 2.964879, 44.374946 ], [ 2.962928, 44.366461 ], [ 2.960405, 44.365372 ], [ 2.959664, 44.365189 ], [ 2.959453, 44.365087 ], [ 2.955709, 44.361217 ], [ 2.952156, 44.357712 ], [ 2.950485004520863, 44.355967430238138 ], [ 2.94865267566004, 44.357820980644348 ], [ 2.949536, 44.357601 ], [ 2.953779, 44.36221 ], [ 2.958264, 44.366592 ], [ 2.95549, 44.372554 ], [ 2.956529, 44.376 ] ] ], [ [ [ 2.957582, 44.385248 ], [ 2.956779, 44.385333 ], [ 2.956148, 44.385544 ], [ 2.953916, 44.386222 ], [ 2.953179, 44.389746 ], [ 2.95394, 44.389905 ], [ 2.954472, 44.38996 ], [ 2.954938, 44.389952 ], [ 2.955599, 44.389808 ], [ 2.958996, 44.388943 ], [ 2.961291, 44.388474 ], [ 2.96386, 44.387806 ], [ 2.972314, 44.387385 ], [ 2.973049, 44.387249 ], [ 2.973567, 44.387052 ], [ 2.979018, 44.38342 ], [ 2.974242, 44.384814 ], [ 2.973376, 44.385173 ], [ 2.972865, 44.385333 ], [ 2.972388, 44.385437 ], [ 2.964026, 44.386822 ], [ 2.962488, 44.387433 ], [ 2.961159, 44.384087 ], [ 2.963036, 44.3832 ], [ 2.960795, 44.384238 ], [ 2.957582, 44.385248 ] ] ], [ [ [ 2.989627, 44.389027 ], [ 2.996328, 44.392478 ], [ 2.99745, 44.393078 ], [ 2.99837, 44.392994 ], [ 3.000883, 44.392892 ], [ 3.001763, 44.392616 ], [ 3.002374, 44.392109 ], [ 3.002828, 44.39125 ], [ 3.011516, 44.390765 ], [ 3.011261, 44.389894 ], [ 3.014716, 44.388883 ], [ 3.020112, 44.38659 ], [ 3.023201, 44.385785 ], [ 3.023337, 44.385786 ], [ 3.029592, 44.382189 ], [ 3.030141, 44.376957 ], [ 3.030009, 44.376238 ], [ 3.027012, 44.36901 ], [ 3.027755, 44.368004 ], [ 3.028395, 44.367313 ], [ 3.029432, 44.36495 ], [ 3.02981, 44.364326 ], [ 3.03041, 44.356906 ], [ 3.027677, 44.355581 ], [ 3.020349, 44.357412 ], [ 3.019305, 44.360132 ], [ 3.019524, 44.363095 ], [ 3.018685, 44.363839 ], [ 3.018112, 44.364099 ], [ 3.01741, 44.364331 ], [ 3.016077, 44.365007 ], [ 3.014215, 44.36642 ], [ 3.013492, 44.367046 ], [ 3.011746, 44.367959 ], [ 3.009804, 44.36896 ], [ 3.007859, 44.370203 ], [ 3.006724, 44.371006 ], [ 3.005207, 44.371892 ], [ 3.004236, 44.372555 ], [ 3.003605, 44.37285 ], [ 3.000492, 44.374634 ], [ 2.99976, 44.37526 ], [ 2.999935, 44.383946 ], [ 3.000308, 44.384564 ], [ 3.000477, 44.385362 ], [ 3.0004, 44.386028 ], [ 2.999966, 44.387069 ], [ 2.999681, 44.388258 ], [ 2.996162, 44.387501 ], [ 2.994199, 44.386363 ], [ 2.986109, 44.38679 ], [ 2.979018, 44.38342 ], [ 2.986189, 44.387959 ], [ 2.989627, 44.389027 ] ] ], [ [ [ 3.01424, 44.403375 ], [ 3.01427, 44.403428 ], [ 3.016142766170753, 44.407714291242442 ], [ 3.018362479238724, 44.405931072667769 ], [ 3.017482, 44.401176 ], [ 3.014188, 44.393685 ], [ 3.013224, 44.392881 ], [ 3.015348, 44.400742 ], [ 3.01424, 44.403375 ] ] ], [ [ [ 3.039569972914621, 44.410172352681869 ], [ 3.039848, 44.407987 ], [ 3.040193, 44.404403 ], [ 3.043436, 44.39629 ], [ 3.044974, 44.395563 ], [ 3.045873, 44.395079 ], [ 3.04605, 44.394536 ], [ 3.046082, 44.394336 ], [ 3.044303, 44.392026 ], [ 3.039817592794886, 44.389165812843736 ], [ 3.040044, 44.39152 ], [ 3.041464, 44.393348 ], [ 3.042227, 44.396866 ], [ 3.037613, 44.403202 ], [ 3.037455992467091, 44.40668080816188 ], [ 3.039159, 44.40999 ], [ 3.039569972914621, 44.410172352681869 ] ] ], [ [ [ 3.042927, 44.381295 ], [ 3.039235, 44.383108 ], [ 3.039656718031414, 44.387493033473739 ], [ 3.043822, 44.381223 ], [ 3.042927, 44.381295 ] ] ], [ [ [ 3.051851, 44.379931 ], [ 3.052887, 44.379456 ], [ 3.053724, 44.376093 ], [ 3.053468, 44.376011 ], [ 3.052924, 44.375918 ], [ 3.052316, 44.375921 ], [ 3.05175, 44.376022 ], [ 3.051118, 44.376215 ], [ 3.049826, 44.376599 ], [ 3.049291, 44.376677 ], [ 3.048718, 44.37688 ], [ 3.047754, 44.377131 ], [ 3.048594, 44.377025 ], [ 3.049975, 44.380349 ], [ 3.049787, 44.380427 ], [ 3.051024, 44.380138 ], [ 3.051851, 44.379931 ] ] ], [ [ [ 3.063099, 44.384142 ], [ 3.062606, 44.384707 ], [ 3.062101, 44.385446 ], [ 3.06187, 44.386088 ], [ 3.061836, 44.386845 ], [ 3.061896, 44.387213 ], [ 3.06622, 44.388984 ], [ 3.066739, 44.389326 ], [ 3.072672, 44.387751 ], [ 3.075381, 44.387413 ], [ 3.07607, 44.387463 ], [ 3.07679, 44.387383 ], [ 3.07778, 44.387353 ], [ 3.078348, 44.387267 ], [ 3.078768, 44.387127 ], [ 3.079941, 44.386828 ], [ 3.086263, 44.392549 ], [ 3.086508, 44.392946 ], [ 3.084656540266411, 44.399637516881135 ], [ 3.084705, 44.399623 ], [ 3.087031, 44.398735 ], [ 3.087635, 44.398426 ], [ 3.088027, 44.398275 ], [ 3.088467, 44.398146 ], [ 3.09322, 44.391066 ], [ 3.091635, 44.387833 ], [ 3.093128, 44.385254 ], [ 3.088892, 44.377373 ], [ 3.088864, 44.373773 ], [ 3.090282, 44.373195 ], [ 3.090683, 44.372973 ], [ 3.09137, 44.364089 ], [ 3.090883, 44.36387 ], [ 3.087061, 44.356013 ], [ 3.085647, 44.355191 ], [ 3.077964, 44.354741 ], [ 3.071238, 44.360704 ], [ 3.071502, 44.361428 ], [ 3.072246, 44.363359 ], [ 3.072358, 44.363955 ], [ 3.072726, 44.36516 ], [ 3.072705, 44.365736 ], [ 3.072671, 44.367203 ], [ 3.072562, 44.368494 ], [ 3.072532, 44.369287 ], [ 3.072635, 44.373483 ], [ 3.073095, 44.375006 ], [ 3.073229, 44.375962 ], [ 3.073667, 44.37842 ], [ 3.073834, 44.379004 ], [ 3.073849, 44.379523 ], [ 3.074791, 44.383334 ], [ 3.073665, 44.386753 ], [ 3.073349, 44.386649 ], [ 3.072145, 44.386316 ], [ 3.069002, 44.38597 ], [ 3.067249, 44.382826 ], [ 3.069109, 44.377147 ], [ 3.069148, 44.376477 ], [ 3.064064, 44.383494 ], [ 3.063099, 44.384142 ] ] ], [ [ [ 3.0732, 44.398167 ], [ 3.072737, 44.398201 ], [ 3.07218, 44.3983 ], [ 3.070546, 44.398993 ], [ 3.068305, 44.401501 ], [ 3.070312, 44.40449 ], [ 3.075067054333294, 44.410422496358706 ], [ 3.076552, 44.409908 ], [ 3.07770342211469, 44.409270879763213 ], [ 3.07649, 44.407183 ], [ 3.07561, 44.406692 ], [ 3.07346, 44.40267 ], [ 3.07527, 44.399558 ], [ 3.075769, 44.39982 ], [ 3.074764, 44.399238 ], [ 3.0732, 44.398167 ] ] ], [ [ [ 3.093451, 44.41941 ], [ 3.094966393202697, 44.420403175249135 ], [ 3.095071, 44.420331 ], [ 3.098075, 44.420174 ], [ 3.099238, 44.420145 ], [ 3.099831, 44.420028 ], [ 3.100407, 44.419729 ], [ 3.100692, 44.419509 ], [ 3.098867, 44.416564 ], [ 3.09877, 44.41654 ], [ 3.095673, 44.408126 ], [ 3.097641, 44.402924 ], [ 3.09728, 44.403316 ], [ 3.096741, 44.403755 ], [ 3.095899, 44.404535 ], [ 3.095428, 44.404963 ], [ 3.089411, 44.410468 ], [ 3.089129592125178, 44.413073140459879 ], [ 3.093248, 44.415815 ], [ 3.093451, 44.41941 ] ] ], [ [ [ 3.117317, 44.411909 ], [ 3.121226, 44.413706 ], [ 3.124385, 44.414349 ], [ 3.125375, 44.414439 ], [ 3.130304, 44.414873 ], [ 3.133098, 44.414179 ], [ 3.137468944097329, 44.41090342140523 ], [ 3.137002303146049, 44.410506673052062 ], [ 3.131192, 44.413318 ], [ 3.128327, 44.411139 ], [ 3.119646, 44.409285 ], [ 3.118302, 44.409053 ], [ 3.117145, 44.408687 ], [ 3.116244, 44.408083 ], [ 3.114009, 44.406784 ], [ 3.113096464240944, 44.406309349710405 ], [ 3.112575558629817, 44.406189170505947 ], [ 3.116868, 44.411241 ], [ 3.117317, 44.411909 ] ] ], [ [ [ 3.164916, 44.38418 ], [ 3.165375, 44.383845 ], [ 3.165947, 44.383286 ], [ 3.166101, 44.383131 ], [ 3.163551, 44.38059 ], [ 3.157019, 44.377421 ], [ 3.159061, 44.381468 ], [ 3.159867, 44.383366 ], [ 3.160175, 44.384892 ], [ 3.159878, 44.389296 ], [ 3.160362740313453, 44.389844483188313 ], [ 3.164916, 44.38418 ] ] ], [ [ [ 3.142459, 44.367152 ], [ 3.150848, 44.365938 ], [ 3.150399, 44.365504 ], [ 3.150064, 44.364893 ], [ 3.151146, 44.36215 ], [ 3.153686, 44.356991 ], [ 3.148344, 44.353293 ], [ 3.147481, 44.353439 ], [ 3.144652, 44.354036 ], [ 3.143821, 44.354017 ], [ 3.135248, 44.35142 ], [ 3.134514, 44.352171 ], [ 3.133131, 44.358596 ], [ 3.131037, 44.361524 ], [ 3.126529, 44.362966 ], [ 3.129755, 44.371368 ], [ 3.131307, 44.371893 ], [ 3.13735, 44.368972 ], [ 3.137643, 44.368282 ], [ 3.138516, 44.367338 ], [ 3.13863, 44.367246 ], [ 3.141483885372581, 44.369326875391621 ], [ 3.141999, 44.368294 ], [ 3.142459, 44.367152 ] ] ], [ [ [ 3.175108, 44.361603 ], [ 3.175815, 44.361886 ], [ 3.176065, 44.361953 ], [ 3.181791, 44.356638 ], [ 3.181215, 44.353085 ], [ 3.180726, 44.353111 ], [ 3.179933, 44.353204 ], [ 3.176580447683496, 44.352691362101247 ], [ 3.176652, 44.352724 ], [ 3.176789, 44.352873 ], [ 3.17692, 44.353024 ], [ 3.175154, 44.355998 ], [ 3.174645, 44.356459 ], [ 3.1721, 44.359006 ], [ 3.170459254469554, 44.35945129989436 ], [ 3.173445, 44.360299 ], [ 3.175108, 44.361603 ] ] ], [ [ [ 3.164926, 44.338547 ], [ 3.165226, 44.339133 ], [ 3.165437, 44.339552 ], [ 3.168652, 44.337931 ], [ 3.168512, 44.337419 ], [ 3.168422, 44.335863 ], [ 3.168344, 44.336368 ], [ 3.168082, 44.337536 ], [ 3.164569, 44.33675 ], [ 3.163158, 44.333702 ], [ 3.164511, 44.33721 ], [ 3.164926, 44.338547 ] ] ], [ [ [ 3.179755, 44.340025 ], [ 3.181854, 44.342171 ], [ 3.185424, 44.341709 ], [ 3.192744, 44.338436 ], [ 3.184596, 44.339341 ], [ 3.181465, 44.339115 ], [ 3.181095, 44.338504 ], [ 3.179429, 44.336147 ], [ 3.176984, 44.330139 ], [ 3.174882, 44.329168 ], [ 3.174576820056602, 44.329444045931901 ], [ 3.178354, 44.336708 ], [ 3.179755, 44.340025 ] ] ], [ [ [ 3.210713, 44.333856 ], [ 3.210504, 44.332553 ], [ 3.210492, 44.33246 ], [ 3.209009, 44.330959 ], [ 3.208853, 44.330958 ], [ 3.208237, 44.331058 ], [ 3.205867, 44.333547 ], [ 3.199228, 44.336033 ], [ 3.196011, 44.334802 ], [ 3.19074, 44.329595 ], [ 3.190821, 44.320861 ], [ 3.192687, 44.317783 ], [ 3.201448, 44.316832 ], [ 3.208575, 44.316943 ], [ 3.210992, 44.314275 ], [ 3.219453, 44.315058 ], [ 3.220327, 44.315149 ], [ 3.227599, 44.319516 ], [ 3.227717, 44.319633 ], [ 3.229713, 44.320574 ], [ 3.230152, 44.320725 ], [ 3.230869, 44.32087 ], [ 3.231042, 44.320865 ], [ 3.231392, 44.320696 ], [ 3.232338, 44.320058 ], [ 3.232414, 44.319917 ], [ 3.231587, 44.31735 ], [ 3.231252, 44.316858 ], [ 3.230171, 44.315222 ], [ 3.228194, 44.308369 ], [ 3.224762, 44.307282 ], [ 3.216195, 44.307799 ], [ 3.216967, 44.308189 ], [ 3.222618, 44.310861 ], [ 3.224308, 44.311473 ], [ 3.225253, 44.313147 ], [ 3.225108, 44.313393 ], [ 3.223866, 44.315046 ], [ 3.223509, 44.315001 ], [ 3.222874, 44.314846 ], [ 3.221181, 44.314348 ], [ 3.218489, 44.31342 ], [ 3.217988, 44.313264 ], [ 3.217404, 44.313001 ], [ 3.216838, 44.312681 ], [ 3.208376, 44.312142 ], [ 3.204537, 44.314163 ], [ 3.20138, 44.312432 ], [ 3.193471, 44.313234 ], [ 3.190728, 44.316212 ], [ 3.18849, 44.319032 ], [ 3.188156, 44.327509 ], [ 3.192436, 44.334547 ], [ 3.193534, 44.334815 ], [ 3.194267, 44.334892 ], [ 3.195061, 44.335167 ], [ 3.196885, 44.33567 ], [ 3.198109, 44.335971 ], [ 3.200565285298357, 44.336224171658024 ], [ 3.205363, 44.334183 ], [ 3.210830218602771, 44.334468733605391 ], [ 3.210713, 44.333856 ] ] ], [ [ [ 3.2005, 44.340151 ], [ 3.19986, 44.340298 ], [ 3.20181136261759, 44.340788299174619 ], [ 3.200579714865937, 44.340126994610699 ], [ 3.2005, 44.340151 ] ] ], [ [ [ 3.211903, 44.291123 ], [ 3.213715, 44.290107 ], [ 3.213806, 44.28989 ], [ 3.214796, 44.280983 ], [ 3.215211, 44.279894 ], [ 3.213183, 44.273219 ], [ 3.213669, 44.270748 ], [ 3.213528, 44.27071 ], [ 3.212825, 44.270663 ], [ 3.211434, 44.271733 ], [ 3.204924, 44.276884 ], [ 3.196614, 44.280076 ], [ 3.196596, 44.281307 ], [ 3.196697, 44.281618 ], [ 3.197202, 44.282985 ], [ 3.191126, 44.289195 ], [ 3.188551, 44.286333 ], [ 3.187305, 44.283038 ], [ 3.186814, 44.283051 ], [ 3.186281, 44.28316 ], [ 3.185297, 44.28362 ], [ 3.1846, 44.284156 ], [ 3.183977, 44.284651 ], [ 3.182863, 44.2856 ], [ 3.174544, 44.282952 ], [ 3.181969, 44.286343 ], [ 3.184555, 44.288847 ], [ 3.193361, 44.289786 ], [ 3.197302, 44.283231 ], [ 3.19881, 44.281784 ], [ 3.199338, 44.281563 ], [ 3.201119, 44.281272 ], [ 3.201547, 44.281238 ], [ 3.203982, 44.281223 ], [ 3.206596, 44.281296 ], [ 3.208283, 44.284476 ], [ 3.204328, 44.289012 ], [ 3.20404, 44.297123 ], [ 3.204963, 44.300602 ], [ 3.210693, 44.306243 ], [ 3.212855, 44.306888 ], [ 3.213833, 44.307064 ], [ 3.210685, 44.298701 ], [ 3.211903, 44.291123 ] ] ], [ [ [ 3.169522, 44.269629 ], [ 3.16656, 44.268415 ], [ 3.161864, 44.263867 ], [ 3.158466, 44.264851 ], [ 3.158501, 44.265039 ], [ 3.158804, 44.265765 ], [ 3.160066, 44.267698 ], [ 3.16114, 44.26948 ], [ 3.161361, 44.269809 ], [ 3.161784, 44.270212 ], [ 3.162439, 44.270545 ], [ 3.165045, 44.272158 ], [ 3.165672, 44.272851 ], [ 3.166297, 44.273558 ], [ 3.16671, 44.273927 ], [ 3.168933, 44.278029 ], [ 3.167688, 44.274437 ], [ 3.168883, 44.271041 ], [ 3.169398, 44.271222 ], [ 3.169809, 44.271421 ], [ 3.170261, 44.271741 ], [ 3.170556, 44.272009 ], [ 3.171029, 44.272545 ], [ 3.171474, 44.273109 ], [ 3.172162, 44.274176 ], [ 3.171339, 44.272456 ], [ 3.169522, 44.269629 ] ] ], [ [ [ 3.146915, 44.272681 ], [ 3.146899, 44.271521 ], [ 3.145621, 44.269767 ], [ 3.140649, 44.263324 ], [ 3.139103, 44.263563 ], [ 3.135569, 44.263961 ], [ 3.128356, 44.25888 ], [ 3.126239, 44.259462 ], [ 3.125408, 44.259713 ], [ 3.117072, 44.257384 ], [ 3.115023, 44.254424 ], [ 3.10916, 44.250784 ], [ 3.107832, 44.248057 ], [ 3.107691, 44.248058 ], [ 3.107008, 44.248197 ], [ 3.106958, 44.248214 ], [ 3.105444, 44.249259 ], [ 3.096604, 44.248169 ], [ 3.096103, 44.247583 ], [ 3.095707, 44.247261 ], [ 3.087516, 44.246697 ], [ 3.085433, 44.243623 ], [ 3.084653, 44.242562 ], [ 3.083839, 44.242287854922296 ], [ 3.083839, 44.245806 ], [ 3.083469, 44.245908 ], [ 3.081424, 44.246221 ], [ 3.080821, 44.246405 ], [ 3.079174, 44.247108 ], [ 3.078836, 44.247305 ], [ 3.078294, 44.247509 ], [ 3.077453, 44.247541 ], [ 3.075271, 44.248253 ], [ 3.074553, 44.248493 ], [ 3.071226, 44.255142 ], [ 3.079427, 44.258664 ], [ 3.0829, 44.257718 ], [ 3.083103, 44.258461 ], [ 3.083179, 44.258924 ], [ 3.083216, 44.259339 ], [ 3.083309, 44.260006 ], [ 3.089141, 44.265119 ], [ 3.092248, 44.26295 ], [ 3.093902, 44.255674 ], [ 3.093411, 44.253629 ], [ 3.093431, 44.253561 ], [ 3.096658, 44.252073 ], [ 3.102603, 44.25169 ], [ 3.103515, 44.251451 ], [ 3.105359, 44.251664 ], [ 3.113071, 44.255529 ], [ 3.11365, 44.255876 ], [ 3.114083, 44.256257 ], [ 3.11673, 44.259824 ], [ 3.124558, 44.263008 ], [ 3.127116, 44.262182 ], [ 3.134108, 44.264344 ], [ 3.138387, 44.26882 ], [ 3.140012, 44.270193 ], [ 3.143475, 44.273138 ], [ 3.146963385088547, 44.27343304883636 ], [ 3.146992, 44.273262 ], [ 3.146915, 44.272681 ] ] ], [ [ [ 3.074489, 44.230354 ], [ 3.07507, 44.229928 ], [ 3.075728, 44.229274 ], [ 3.077064, 44.228287 ], [ 3.078086, 44.227143 ], [ 3.078492, 44.226569 ], [ 3.078882, 44.225962 ], [ 3.079054, 44.225616 ], [ 3.080895, 44.217979 ], [ 3.079984, 44.214034 ], [ 3.079853, 44.213501 ], [ 3.079698, 44.213085 ], [ 3.079413, 44.21251 ], [ 3.078355, 44.210507 ], [ 3.075212, 44.208751 ], [ 3.069323543653743, 44.202697393524105 ], [ 3.069218, 44.202892 ], [ 3.069287, 44.20374 ], [ 3.069298011072195, 44.204307070218057 ], [ 3.071453542610483, 44.21138677516538 ], [ 3.071583, 44.211613 ], [ 3.072576, 44.21335 ], [ 3.072525138881764, 44.213379075117807 ], [ 3.074806, 44.216792 ], [ 3.076549, 44.219942 ], [ 3.073725, 44.222359 ], [ 3.073074, 44.231168 ], [ 3.073741, 44.238841 ], [ 3.081798, 44.242285 ], [ 3.082162, 44.242292 ], [ 3.083688, 44.242237 ], [ 3.077301, 44.238799 ], [ 3.074489, 44.230354 ] ] ], [ [ [ 3.032202752021264, 44.183318336392148 ], [ 3.033128, 44.182476 ], [ 3.038894, 44.182745 ], [ 3.038077, 44.182405 ], [ 3.038017466768117, 44.18237697329684 ], [ 3.033062, 44.182038 ], [ 3.032202752021264, 44.183318336392148 ] ] ], [ [ [ 3.053251, 44.231661 ], [ 3.047032, 44.237307 ], [ 3.046898, 44.237904 ], [ 3.046805, 44.239193 ], [ 3.046736, 44.239678 ], [ 3.046955, 44.239306 ], [ 3.051697, 44.236738 ], [ 3.051799, 44.236694 ], [ 3.059693, 44.233785 ], [ 3.060416, 44.232992 ], [ 3.060989, 44.232506 ], [ 3.061958637004189, 44.231483857637116 ], [ 3.053489, 44.231794 ], [ 3.053251, 44.231661 ] ] ], [ [ [ 3.036807, 44.240195 ], [ 3.034219, 44.241113 ], [ 3.033747, 44.242091 ], [ 3.034549, 44.24493 ], [ 3.033074, 44.252885 ], [ 3.026402, 44.255527 ], [ 3.022942, 44.254533 ], [ 3.022814, 44.254981 ], [ 3.014544, 44.258222 ], [ 3.0097, 44.257749 ], [ 3.009272, 44.25763 ], [ 3.007402, 44.257456 ], [ 3.004672, 44.259329 ], [ 3.003627, 44.262774 ], [ 3.004903, 44.263161 ], [ 3.00564, 44.263274 ], [ 3.011971, 44.265748 ], [ 3.011433, 44.264942 ], [ 3.011289, 44.264138 ], [ 3.011328, 44.263232 ], [ 3.011429, 44.261716 ], [ 3.01183, 44.260756 ], [ 3.012066, 44.260391 ], [ 3.016562, 44.261462 ], [ 3.022851, 44.258395 ], [ 3.025062, 44.25972 ], [ 3.025477, 44.260107 ], [ 3.025755, 44.260522 ], [ 3.025968, 44.260938 ], [ 3.02612, 44.261448 ], [ 3.034442, 44.264157 ], [ 3.035058, 44.2633 ], [ 3.035721, 44.262613 ], [ 3.036584, 44.25414 ], [ 3.036124, 44.250569 ], [ 3.035323, 44.246803 ], [ 3.03841, 44.24495 ], [ 3.04651, 44.24166 ], [ 3.046436, 44.240771 ], [ 3.037819, 44.241061 ], [ 3.036807, 44.240195 ] ] ], [ [ [ 3.01784, 44.276439 ], [ 3.018388, 44.276782 ], [ 3.019375, 44.277156 ], [ 3.020161, 44.277282 ], [ 3.021844, 44.285871 ], [ 3.022552, 44.277333 ], [ 3.022929, 44.272841 ], [ 3.023213, 44.269339 ], [ 3.017804, 44.26527 ], [ 3.017260680809609, 44.265396211330099 ], [ 3.019747, 44.273386 ], [ 3.01784, 44.276439 ] ] ], [ [ [ 3.014074, 44.29114 ], [ 3.007274, 44.293219 ], [ 3.003223, 44.291896 ], [ 3.002092, 44.29121 ], [ 3.000775, 44.290479 ], [ 2.999471, 44.289533 ], [ 2.998059, 44.289833 ], [ 2.997488, 44.290059 ], [ 2.99653, 44.290853 ], [ 2.99621, 44.291118 ], [ 2.991495, 44.294335 ], [ 2.985169, 44.296935 ], [ 2.982915, 44.297487 ], [ 2.982321, 44.301038 ], [ 2.985941, 44.309015 ], [ 2.986209, 44.308289 ], [ 2.986547, 44.307781 ], [ 2.988224, 44.302268 ], [ 2.98728, 44.298794 ], [ 2.990259, 44.29588 ], [ 2.997345, 44.291044 ], [ 2.997803, 44.290472 ], [ 3.000873, 44.290972 ], [ 3.001565, 44.292086 ], [ 3.007494, 44.297283 ], [ 3.01355, 44.292437 ], [ 3.013919, 44.291812 ], [ 3.014617, 44.291267 ], [ 3.0152, 44.290921 ], [ 3.021844, 44.285871 ], [ 3.015679, 44.287917 ], [ 3.014074, 44.29114 ] ] ], [ [ [ 2.976501, 44.312594 ], [ 2.975842, 44.312479 ], [ 2.974785, 44.312423 ], [ 2.972026, 44.312264 ], [ 2.971066, 44.312565 ], [ 2.966798, 44.316549 ], [ 2.964909, 44.318587 ], [ 2.960691, 44.323683 ], [ 2.952856, 44.32613 ], [ 2.952022, 44.326323 ], [ 2.951169, 44.327175 ], [ 2.950982, 44.327795 ], [ 2.95095, 44.328071 ], [ 2.95104, 44.331196 ], [ 2.951665, 44.331915 ], [ 2.952733, 44.332251 ], [ 2.953006, 44.332249 ], [ 2.955682, 44.33208 ], [ 2.956503351842861, 44.33291190825441 ], [ 2.956371, 44.332068 ], [ 2.955913, 44.328498 ], [ 2.956499, 44.328422 ], [ 2.961037, 44.326647 ], [ 2.965053, 44.319226 ], [ 2.965518, 44.318972 ], [ 2.970223, 44.316996 ], [ 2.971412, 44.316437 ], [ 2.974938, 44.315711 ], [ 2.979009, 44.315382 ], [ 2.979416, 44.315291 ], [ 2.984640549400078, 44.310853959463678 ], [ 2.977301, 44.313075 ], [ 2.976501, 44.312594 ] ] ], [ [ [ 3.023395, 44.161585 ], [ 3.025083, 44.16361 ], [ 3.027314, 44.166268 ], [ 3.025343, 44.163919 ], [ 3.023522, 44.161539 ], [ 3.021834, 44.159516 ], [ 3.020147, 44.157494 ], [ 3.018880221771572, 44.155974917394147 ], [ 3.018783, 44.156056 ], [ 3.020244, 44.157808 ], [ 3.021706, 44.15956 ], [ 3.023395, 44.161585 ] ] ], [ [ [ 3.028551581282379, 44.176122216051517 ], [ 3.029824591023542, 44.173964749121886 ], [ 3.029666, 44.173603 ], [ 3.029559723339428, 44.17317700771887 ], [ 3.029333179624664, 44.172761148267405 ], [ 3.028551581282379, 44.176122216051517 ] ] ], [ [ [ 2.950293974623607, 44.346659850951163 ], [ 2.950293974623631, 44.346659850951163 ], [ 2.950093122900999, 44.346672736670854 ], [ 2.950293974623607, 44.346659850951163 ] ] ], [ [ [ 2.947580475315233, 44.346929429044295 ], [ 2.947580475315255, 44.346929429044273 ], [ 2.947531, 44.346937 ], [ 2.947580475315233, 44.346929429044295 ] ] ], [ [ [ 2.944720650783848, 44.34626820604506 ], [ 2.939463624175736, 44.344007807081518 ], [ 2.939447646521455, 44.344141021052621 ], [ 2.940140151678462, 44.344954445901692 ], [ 2.941546381576084, 44.345512808087591 ], [ 2.944720650783848, 44.34626820604506 ] ] ], [ [ [ 2.9353, 44.338057 ], [ 2.933718, 44.339506 ], [ 2.934216, 44.33914 ], [ 2.935464427318771, 44.338180105270069 ], [ 2.9353, 44.338057 ] ] ] ] } },
{ "type": "Feature", "properties": { "codgeo": "12270", "value": 1020, "isochrone_group": 17.0, "nb_agences": 2 }, "geometry": { "type": "MultiPolygon", "coordinates": [ [ [ [ 2.949258, 44.371679 ], [ 2.949756, 44.37185 ], [ 2.951134, 44.37226 ], [ 2.952788, 44.372758 ], [ 2.954325, 44.373174 ], [ 2.955851, 44.374013 ], [ 2.955904, 44.374088 ], [ 2.956167, 44.374818 ], [ 2.956174, 44.374917 ], [ 2.955438, 44.376598 ], [ 2.954935, 44.376761 ], [ 2.95296, 44.37616 ], [ 2.951608, 44.376159 ], [ 2.951045, 44.376077 ], [ 2.949752, 44.375584 ], [ 2.947408245785444, 44.375603420024582 ], [ 2.951715, 44.377578 ], [ 2.952477, 44.386371 ], [ 2.951869, 44.386719 ], [ 2.951830357630852, 44.386752416829125 ], [ 2.95341805889345, 44.388602928710284 ], [ 2.953916, 44.386222 ], [ 2.956148, 44.385544 ], [ 2.956779, 44.385333 ], [ 2.957582, 44.385248 ], [ 2.960795, 44.384238 ], [ 2.963036, 44.3832 ], [ 2.96087, 44.374967 ], [ 2.957325, 44.375724 ], [ 2.956864, 44.375899 ], [ 2.956529, 44.376 ], [ 2.95549, 44.372554 ], [ 2.958264, 44.366592 ], [ 2.953779, 44.36221 ], [ 2.949669197646982, 44.357745687238982 ], [ 2.948765, 44.357797 ], [ 2.947218, 44.358423 ], [ 2.946701, 44.358628 ], [ 2.946107, 44.358907 ], [ 2.945322, 44.359287 ], [ 2.944623, 44.359538 ], [ 2.944186, 44.35974 ], [ 2.944009638049743, 44.359794588222698 ], [ 2.949252, 44.36195 ], [ 2.952015, 44.364257 ], [ 2.948373967373342, 44.371398572089369 ], [ 2.948843, 44.371572 ], [ 2.949258, 44.371679 ] ] ], [ [ [ 2.953236, 44.391524 ], [ 2.952779540423826, 44.391892216318638 ], [ 2.960601, 44.390262 ], [ 2.961224, 44.389897 ], [ 2.961951, 44.389454 ], [ 2.96386, 44.387806 ], [ 2.961291, 44.388474 ], [ 2.958996, 44.388943 ], [ 2.955599, 44.389808 ], [ 2.954938, 44.389952 ], [ 2.954472, 44.38996 ], [ 2.953980869801578, 44.389909225261441 ], [ 2.953262, 44.391492 ], [ 2.953236, 44.391524 ] ] ], [ [ [ 2.974182, 44.389363 ], [ 2.974697, 44.389229 ], [ 2.975955, 44.388248 ], [ 2.976401, 44.387548 ], [ 2.981926304642444, 44.385260858286443 ], [ 2.979018, 44.38342 ], [ 2.973567, 44.387052 ], [ 2.973049, 44.387249 ], [ 2.972314, 44.387385 ], [ 2.971767259759517, 44.387412227068999 ], [ 2.973549, 44.389454 ], [ 2.974182, 44.389363 ] ] ], [ [ [ 2.986446, 44.389693 ], [ 2.987377, 44.391937 ], [ 2.987735, 44.392226 ], [ 2.988972, 44.392632 ], [ 2.993517, 44.392626 ], [ 3.001261, 44.396433 ], [ 3.001586359389763, 44.396714503342977 ], [ 3.002044, 44.395874 ], [ 3.003962, 44.394014 ], [ 3.004713, 44.394674 ], [ 3.005076, 44.395097 ], [ 3.005571355200102, 44.395701034824974 ], [ 3.012419, 44.40068 ], [ 3.012881, 44.40425 ], [ 3.014972171651392, 44.407084713246327 ], [ 3.016066349953477, 44.407539393720263 ], [ 3.01427, 44.403428 ], [ 3.01424, 44.403375 ], [ 3.015348, 44.400742 ], [ 3.013224, 44.392881 ], [ 3.012394, 44.39191 ], [ 3.011516, 44.390765 ], [ 3.002828, 44.39125 ], [ 3.002374, 44.392109 ], [ 3.001763, 44.392616 ], [ 3.000883, 44.392892 ], [ 2.99837, 44.392994 ], [ 2.99745, 44.393078 ], [ 2.996328, 44.392478 ], [ 2.989627, 44.389027 ], [ 2.986189, 44.387959 ], [ 2.985518282034471, 44.387534458256091 ], [ 2.986107, 44.388511 ], [ 2.986446, 44.389693 ] ] ], [ [ [ 3.042119714102411, 44.409559797726132 ], [ 3.042674, 44.408372 ], [ 3.041954, 44.404967 ], [ 3.042845505170865, 44.397767238528772 ], [ 3.040193, 44.404403 ], [ 3.040023732736855, 44.406161417017714 ], [ 3.041365, 44.408469 ], [ 3.042119714102411, 44.409559797726132 ] ] ], [ [ [ 3.046995, 44.396055 ], [ 3.047422, 44.396032 ], [ 3.047618, 44.396 ], [ 3.048609, 44.395813 ], [ 3.047942, 44.392275 ], [ 3.045257, 44.390287 ], [ 3.039469388144568, 44.388943774927647 ], [ 3.044303, 44.392026 ], [ 3.046082, 44.394336 ], [ 3.04605, 44.394536 ], [ 3.045873, 44.395079 ], [ 3.044974, 44.395563 ], [ 3.043436, 44.39629 ], [ 3.043346131875353, 44.396514822724413 ], [ 3.045358, 44.396211 ], [ 3.046995, 44.396055 ] ] ], [ [ [ 3.038924, 44.388596 ], [ 3.038959235524123, 44.388618468460258 ], [ 3.038963322114583, 44.388536808094969 ], [ 3.038924, 44.388596 ] ] ], [ [ [ 3.054747, 44.38118 ], [ 3.054983, 44.381235 ], [ 3.055326, 44.381308 ], [ 3.06187, 44.386088 ], [ 3.062101, 44.385446 ], [ 3.062606, 44.384707 ], [ 3.063099, 44.384142 ], [ 3.064064, 44.383494 ], [ 3.069148, 44.376477 ], [ 3.068793, 44.373381 ], [ 3.068392, 44.372247 ], [ 3.068323, 44.37171 ], [ 3.068367, 44.371181 ], [ 3.068526, 44.370325 ], [ 3.068651, 44.369533 ], [ 3.069018, 44.367372 ], [ 3.068883, 44.365063 ], [ 3.062525, 44.360164 ], [ 3.061849, 44.359993 ], [ 3.061318, 44.359756 ], [ 3.060722, 44.359335 ], [ 3.056679, 44.35724 ], [ 3.055673, 44.356834 ], [ 3.055082, 44.356446 ], [ 3.051916, 44.354589 ], [ 3.051556, 44.354474 ], [ 3.046996, 44.354004 ], [ 3.046427, 44.354116 ], [ 3.043044, 44.355683 ], [ 3.042809, 44.363201 ], [ 3.04313, 44.363677 ], [ 3.044699, 44.365203 ], [ 3.045302, 44.365786 ], [ 3.045686, 44.366788 ], [ 3.045647, 44.367559 ], [ 3.042461, 44.368023 ], [ 3.036384, 44.373188 ], [ 3.038204, 44.376305 ], [ 3.041565, 44.377534 ], [ 3.042131, 44.377526 ], [ 3.043994, 44.377462 ], [ 3.044539, 44.377405 ], [ 3.044936, 44.377402 ], [ 3.045296, 44.377427 ], [ 3.046995, 44.377267 ], [ 3.047754, 44.377131 ], [ 3.048718, 44.37688 ], [ 3.049291, 44.376677 ], [ 3.049826, 44.376599 ], [ 3.051118, 44.376215 ], [ 3.05175, 44.376022 ], [ 3.052316, 44.375921 ], [ 3.052924, 44.375918 ], [ 3.053468, 44.376011 ], [ 3.053724, 44.376093 ], [ 3.052887, 44.379456 ], [ 3.051851, 44.379931 ], [ 3.051024, 44.380138 ], [ 3.049787, 44.380427 ], [ 3.054322, 44.381015 ], [ 3.054747, 44.38118 ] ] ], [ [ [ 3.062389, 44.392529 ], [ 3.06379, 44.400052 ], [ 3.063323, 44.403622 ], [ 3.06593, 44.404966 ], [ 3.068484257007074, 44.412562919082752 ], [ 3.070125, 44.412077 ], [ 3.073500818772056, 44.408468431039417 ], [ 3.070312, 44.40449 ], [ 3.068305, 44.401501 ], [ 3.070546, 44.398993 ], [ 3.07218, 44.3983 ], [ 3.072737, 44.398201 ], [ 3.0732, 44.398167 ], [ 3.074764, 44.399238 ], [ 3.075769, 44.39982 ], [ 3.076195, 44.40009 ], [ 3.081917, 44.401136 ], [ 3.084564984406872, 44.399968416640135 ], [ 3.086508, 44.392946 ], [ 3.086263, 44.392549 ], [ 3.079941, 44.386828 ], [ 3.078768, 44.387127 ], [ 3.078348, 44.387267 ], [ 3.07778, 44.387353 ], [ 3.07679, 44.387383 ], [ 3.07607, 44.387463 ], [ 3.075381, 44.387413 ], [ 3.072672, 44.387751 ], [ 3.066739, 44.389326 ], [ 3.06622, 44.388984 ], [ 3.061896, 44.387213 ], [ 3.061836, 44.386845 ], [ 3.06187, 44.386088 ], [ 3.060221, 44.389655 ], [ 3.062389, 44.392529 ] ] ], [ [ [ 3.10127, 44.415266 ], [ 3.102495, 44.415363 ], [ 3.103272, 44.415804 ], [ 3.103877, 44.417038 ], [ 3.10574857243169, 44.419987103070689 ], [ 3.105912, 44.419679 ], [ 3.106839, 44.418783 ], [ 3.107182, 44.418355 ], [ 3.1133, 44.413307 ], [ 3.120461, 44.413495 ], [ 3.120916, 44.413642 ], [ 3.121178055111638, 44.413683959333717 ], [ 3.117317, 44.411909 ], [ 3.116868, 44.411241 ], [ 3.112346, 44.405919 ], [ 3.111837, 44.405615 ], [ 3.109662, 44.404102 ], [ 3.108011, 44.40329 ], [ 3.107386, 44.402957 ], [ 3.106671, 44.40233 ], [ 3.106236, 44.401953 ], [ 3.097641, 44.402924 ], [ 3.095673, 44.408126 ], [ 3.098269045431886, 44.41517899524181 ], [ 3.100919, 44.415283 ], [ 3.10127, 44.415266 ] ] ], [ [ [ 3.135423, 44.417236 ], [ 3.135905, 44.417444 ], [ 3.137714, 44.414778 ], [ 3.140080507358967, 44.41398548236635 ], [ 3.138196981917193, 44.410357831014274 ], [ 3.133098, 44.414179 ], [ 3.130304, 44.414873 ], [ 3.130176592589096, 44.414861781737393 ], [ 3.134632, 44.416595 ], [ 3.135423, 44.417236 ] ] ], [ [ [ 3.163474, 44.389136 ], [ 3.163607, 44.388807 ], [ 3.167849, 44.384141 ], [ 3.16887, 44.383536 ], [ 3.168452, 44.379961 ], [ 3.167211, 44.379047 ], [ 3.164761, 44.379847 ], [ 3.157019, 44.377421 ], [ 3.163551, 44.38059 ], [ 3.166101, 44.383131 ], [ 3.165947, 44.383286 ], [ 3.165375, 44.383845 ], [ 3.164916, 44.38418 ], [ 3.160343101741513, 44.389868914555812 ], [ 3.164632, 44.395152 ], [ 3.165905088615294, 44.395053301773579 ], [ 3.163474, 44.389136 ] ] ], [ [ [ 3.176265, 44.364754 ], [ 3.176766, 44.364594 ], [ 3.178003, 44.363387 ], [ 3.180751, 44.360926 ], [ 3.184725, 44.356145 ], [ 3.184753, 44.356078 ], [ 3.185776, 44.353243 ], [ 3.18468, 44.352427 ], [ 3.183931, 44.344064 ], [ 3.1853, 44.342729 ], [ 3.192661799514496, 44.338483405519099 ], [ 3.192646429602501, 44.338479626763785 ], [ 3.185424, 44.341709 ], [ 3.181854, 44.342171 ], [ 3.179755, 44.340025 ], [ 3.178354, 44.336708 ], [ 3.174387, 44.329079 ], [ 3.168377, 44.335052 ], [ 3.168422, 44.335863 ], [ 3.168512, 44.337419 ], [ 3.168652, 44.337931 ], [ 3.165437, 44.339552 ], [ 3.165226, 44.339133 ], [ 3.164926, 44.338547 ], [ 3.164511, 44.33721 ], [ 3.163158, 44.333702 ], [ 3.155105, 44.332705 ], [ 3.155489, 44.341406 ], [ 3.155834, 44.341699 ], [ 3.156643, 44.342549 ], [ 3.157241, 44.343359 ], [ 3.162435, 44.350129 ], [ 3.162857, 44.350219 ], [ 3.164293, 44.35044 ], [ 3.165142, 44.350464 ], [ 3.165732, 44.35046 ], [ 3.166667, 44.350407 ], [ 3.168467, 44.3505 ], [ 3.168837, 44.350585 ], [ 3.169265, 44.350727 ], [ 3.170475, 44.3512 ], [ 3.171688, 44.351593 ], [ 3.174001, 44.351978 ], [ 3.174449, 44.352047 ], [ 3.176046, 44.35246 ], [ 3.17631, 44.352568 ], [ 3.176565, 44.352689 ], [ 3.179933, 44.353204 ], [ 3.180726, 44.353111 ], [ 3.181215, 44.353085 ], [ 3.181791, 44.356638 ], [ 3.176065, 44.361953 ], [ 3.175815, 44.361886 ], [ 3.175108, 44.361603 ], [ 3.173445, 44.360299 ], [ 3.173107102756126, 44.360203065659178 ], [ 3.174623, 44.362191 ], [ 3.176265, 44.364754 ] ] ], [ [ [ 3.216292, 44.32966 ], [ 3.214703, 44.329553 ], [ 3.212635, 44.329376 ], [ 3.210615, 44.328615 ], [ 3.205797, 44.330281 ], [ 3.199056, 44.333204 ], [ 3.193196, 44.32841 ], [ 3.192479, 44.324882 ], [ 3.19163, 44.324935 ], [ 3.190782477443607, 44.325014777870749 ], [ 3.19074, 44.329595 ], [ 3.196011, 44.334802 ], [ 3.197021956502058, 44.335188847203625 ], [ 3.198867, 44.335343 ], [ 3.20455, 44.332241 ], [ 3.20678, 44.33038 ], [ 3.20932, 44.329784 ], [ 3.209929, 44.32969 ], [ 3.210744, 44.329713 ], [ 3.216438, 44.329911 ], [ 3.216530145645744, 44.329882584992752 ], [ 3.216292, 44.32966 ] ] ], [ [ [ 3.201018, 44.317615 ], [ 3.208972, 44.317292 ], [ 3.210397, 44.319175 ], [ 3.213996, 44.319083 ], [ 3.221646, 44.316888 ], [ 3.224187, 44.318992 ], [ 3.227865516551301, 44.321032399701224 ], [ 3.228280388242773, 44.319898605378981 ], [ 3.227717, 44.319633 ], [ 3.227599, 44.319516 ], [ 3.220327, 44.315149 ], [ 3.219453, 44.315058 ], [ 3.210992, 44.314275 ], [ 3.208575, 44.316943 ], [ 3.201448, 44.316832 ], [ 3.19938690856205, 44.317055729934658 ], [ 3.200274, 44.318104 ], [ 3.201018, 44.317615 ] ] ], [ [ [ 3.236901, 44.31448 ], [ 3.234299, 44.308232 ], [ 3.234053, 44.30787 ], [ 3.233521, 44.307247 ], [ 3.231261, 44.304699 ], [ 3.227985, 44.304168 ], [ 3.227547, 44.304427 ], [ 3.226266, 44.305014 ], [ 3.225915, 44.305252 ], [ 3.225524, 44.305625 ], [ 3.225169, 44.306102 ], [ 3.223066882797287, 44.307384296672538 ], [ 3.224762, 44.307282 ], [ 3.228194, 44.308369 ], [ 3.230171, 44.315222 ], [ 3.230461339858012, 44.315661404262457 ], [ 3.232628, 44.314493 ], [ 3.234661, 44.314506 ], [ 3.236019, 44.315693 ], [ 3.236972169820194, 44.316161623185124 ], [ 3.236901, 44.31448 ] ] ], [ [ [ 3.214303, 44.293311 ], [ 3.216724, 44.295256 ], [ 3.217045, 44.295702 ], [ 3.217923, 44.296725 ], [ 3.218205, 44.297 ], [ 3.21882, 44.297543 ], [ 3.219216, 44.297878 ], [ 3.219361, 44.297975 ], [ 3.221562, 44.295489 ], [ 3.221535, 44.295201 ], [ 3.221371, 44.294989 ], [ 3.221242, 44.294833 ], [ 3.219632, 44.292511 ], [ 3.219204, 44.291828 ], [ 3.218738, 44.291383 ], [ 3.218327, 44.291102 ], [ 3.21701, 44.290385 ], [ 3.216571, 44.290169 ], [ 3.214263, 44.288512 ], [ 3.213981695970678, 44.288309268675924 ], [ 3.213806, 44.28989 ], [ 3.213715, 44.290107 ], [ 3.211903, 44.291123 ], [ 3.211046986965256, 44.296448834792528 ], [ 3.213927, 44.293108 ], [ 3.214303, 44.293311 ] ] ], [ [ [ 3.22037, 44.278464 ], [ 3.220393, 44.277875 ], [ 3.220308, 44.276997 ], [ 3.22005, 44.276261 ], [ 3.219522, 44.275573 ], [ 3.219022, 44.275027 ], [ 3.218106, 44.274115 ], [ 3.212203, 44.269367 ], [ 3.20817, 44.267241 ], [ 3.203849, 44.264502 ], [ 3.20294, 44.264588 ], [ 3.202773, 44.264626 ], [ 3.201609, 44.265453 ], [ 3.201511, 44.265686 ], [ 3.201279, 44.267022 ], [ 3.201484, 44.269086 ], [ 3.203044, 44.272484 ], [ 3.200408975289056, 44.278618291080299 ], [ 3.204924, 44.276884 ], [ 3.211434, 44.271733 ], [ 3.212825, 44.270663 ], [ 3.213528, 44.27071 ], [ 3.213669, 44.270748 ], [ 3.213183, 44.273219 ], [ 3.215045932107294, 44.279350692217065 ], [ 3.216773, 44.278323 ], [ 3.22037, 44.278464 ] ] ], [ [ [ 3.185696, 44.280955 ], [ 3.185195, 44.281403 ], [ 3.184997, 44.281597 ], [ 3.182722359308347, 44.285555233014605 ], [ 3.182863, 44.2856 ], [ 3.183977, 44.284651 ], [ 3.1846, 44.284156 ], [ 3.185297, 44.28362 ], [ 3.186281, 44.28316 ], [ 3.186814, 44.283051 ], [ 3.187305, 44.283038 ], [ 3.188551, 44.286333 ], [ 3.191126, 44.289195 ], [ 3.197202, 44.282985 ], [ 3.196697, 44.281618 ], [ 3.196596, 44.281307 ], [ 3.196614, 44.280076 ], [ 3.187718, 44.279887 ], [ 3.185696, 44.280955 ] ] ], [ [ [ 3.17452, 44.271269 ], [ 3.1719, 44.268894 ], [ 3.169579, 44.268021 ], [ 3.16399, 44.26205 ], [ 3.163844, 44.258453 ], [ 3.163903, 44.257453 ], [ 3.162943, 44.255158 ], [ 3.162327, 44.254216 ], [ 3.162217, 44.254158 ], [ 3.160047, 44.25527 ], [ 3.159726, 44.25543 ], [ 3.1592, 44.255808 ], [ 3.15882, 44.256198 ], [ 3.158631, 44.256455 ], [ 3.158397, 44.256904 ], [ 3.158238, 44.25743 ], [ 3.158179, 44.257854 ], [ 3.157974, 44.259514 ], [ 3.157852, 44.260911 ], [ 3.158474, 44.264161 ], [ 3.158494960778894, 44.264842613476645 ], [ 3.161864, 44.263867 ], [ 3.16656, 44.268415 ], [ 3.169522, 44.269629 ], [ 3.171339, 44.272456 ], [ 3.172162, 44.274176 ], [ 3.172335, 44.274488 ], [ 3.172499, 44.27488 ], [ 3.172623, 44.275448 ], [ 3.173292, 44.279535 ], [ 3.173397, 44.274123 ], [ 3.17452, 44.271269 ] ] ], [ [ [ 3.148401, 44.270047 ], [ 3.146694, 44.262424 ], [ 3.146694, 44.262354 ], [ 3.143868, 44.260961 ], [ 3.143773, 44.261038 ], [ 3.141977, 44.262477 ], [ 3.141627, 44.26268 ], [ 3.139103, 44.263563 ], [ 3.140649, 44.263324 ], [ 3.145621, 44.269767 ], [ 3.146899, 44.271521 ], [ 3.146915, 44.272681 ], [ 3.146992, 44.273262 ], [ 3.146724, 44.274864 ], [ 3.146672, 44.275109 ], [ 3.146741, 44.278947 ], [ 3.148401, 44.273647 ], [ 3.148401, 44.270047 ] ] ], [ [ [ 3.132501, 44.255477 ], [ 3.132088, 44.255446 ], [ 3.13123, 44.255484 ], [ 3.130321, 44.255761 ], [ 3.130113, 44.255859 ], [ 3.129333, 44.256319 ], [ 3.122256, 44.256748 ], [ 3.120007, 44.253937 ], [ 3.118595, 44.254075 ], [ 3.117164, 44.253983 ], [ 3.111458, 44.248464 ], [ 3.110991, 44.246912 ], [ 3.110597, 44.246454 ], [ 3.110278, 44.246117 ], [ 3.106748, 44.246826 ], [ 3.104880330789676, 44.249189497800991 ], [ 3.105444, 44.249259 ], [ 3.106958, 44.248214 ], [ 3.107008, 44.248197 ], [ 3.107691, 44.248058 ], [ 3.107832, 44.248057 ], [ 3.10916, 44.250784 ], [ 3.115023, 44.254424 ], [ 3.117072, 44.257384 ], [ 3.125408, 44.259713 ], [ 3.126239, 44.259462 ], [ 3.128356, 44.25888 ], [ 3.135569, 44.263961 ], [ 3.139103, 44.263563 ], [ 3.133261, 44.259206 ], [ 3.132501, 44.255477 ] ] ], [ [ [ 3.093093, 44.245515 ], [ 3.086206, 44.241325 ], [ 3.08111, 44.237139 ], [ 3.080416, 44.23734 ], [ 3.080264, 44.23739 ], [ 3.079472, 44.237696 ], [ 3.07507, 44.229928 ], [ 3.074489, 44.230354 ], [ 3.077301, 44.238799 ], [ 3.083688, 44.242237 ], [ 3.084653, 44.242562 ], [ 3.085433, 44.243623 ], [ 3.087516, 44.246697 ], [ 3.095707, 44.247261 ], [ 3.096103, 44.247583 ], [ 3.096604, 44.248169 ], [ 3.096063, 44.245901 ], [ 3.093093, 44.245515 ] ] ], [ [ [ 3.081079, 44.224996 ], [ 3.082328, 44.22077 ], [ 3.082526, 44.220244 ], [ 3.084998, 44.213684 ], [ 3.085886, 44.208588 ], [ 3.083355, 44.206174 ], [ 3.083068, 44.205941 ], [ 3.08264, 44.205682 ], [ 3.082203, 44.205501 ], [ 3.081466, 44.205303 ], [ 3.080693, 44.205187 ], [ 3.080193, 44.20515 ], [ 3.079938205084241, 44.205145746328618 ], [ 3.07973, 44.205423 ], [ 3.07937330877642, 44.205155060293471 ], [ 3.079213, 44.205166 ], [ 3.078851, 44.205226 ], [ 3.078173, 44.205432 ], [ 3.077697, 44.205652 ], [ 3.077329, 44.205887 ], [ 3.077023, 44.206137 ], [ 3.074932845929414, 44.205155422966719 ], [ 3.073047405902173, 44.20652569678338 ], [ 3.075212, 44.208751 ], [ 3.078355, 44.210507 ], [ 3.079413, 44.21251 ], [ 3.079698, 44.213085 ], [ 3.079853, 44.213501 ], [ 3.079984, 44.214034 ], [ 3.080895, 44.217979 ], [ 3.079054, 44.225616 ], [ 3.078882, 44.225962 ], [ 3.078492, 44.226569 ], [ 3.078086, 44.227143 ], [ 3.080065, 44.225497 ], [ 3.081079, 44.224996 ] ] ], [ [ [ 3.069049, 44.222713 ], [ 3.06854, 44.213877 ], [ 3.067261, 44.211619 ], [ 3.068598, 44.219279 ], [ 3.068604, 44.219498 ], [ 3.0654, 44.227701 ], [ 3.0657, 44.227426 ], [ 3.066583238728449, 44.226431181910918 ], [ 3.068558369659915, 44.223687976302543 ], [ 3.069049, 44.222713 ] ] ], [ [ [ 3.041459, 44.183715 ], [ 3.039172940451554, 44.182850486252612 ], [ 3.039172940451554, 44.182850486252612 ], [ 3.041459, 44.183715 ] ] ], [ [ [ 3.053763, 44.229539 ], [ 3.051633, 44.228672 ], [ 3.050841, 44.229695 ], [ 3.050433, 44.230327 ], [ 3.050073, 44.231156 ], [ 3.047579, 44.235023 ], [ 3.047332, 44.235599 ], [ 3.047032417350339, 44.237306621103059 ], [ 3.053251, 44.231661 ], [ 3.053489, 44.231794 ], [ 3.062419, 44.231467 ], [ 3.063518, 44.230337 ], [ 3.054923, 44.230326 ], [ 3.053763, 44.229539 ] ] ], [ [ [ 3.034994, 44.238005 ], [ 3.033446, 44.23648 ], [ 3.030462, 44.238494 ], [ 3.030986, 44.23927 ], [ 3.031383, 44.239778 ], [ 3.034549, 44.24493 ], [ 3.033747, 44.242091 ], [ 3.034219, 44.241113 ], [ 3.036807, 44.240195 ], [ 3.037819, 44.241061 ], [ 3.046436, 44.240771 ], [ 3.046736, 44.239678 ], [ 3.046805, 44.239193 ], [ 3.03789, 44.239858 ], [ 3.034994, 44.238005 ] ] ], [ [ [ 3.023995, 44.24979 ], [ 3.023651, 44.250194 ], [ 3.022792, 44.251533 ], [ 3.022769, 44.251571 ], [ 3.022386, 44.252229 ], [ 3.015183, 44.256516 ], [ 3.011481, 44.253199 ], [ 3.011141, 44.252742 ], [ 3.010748, 44.252292 ], [ 3.008038, 44.254662 ], [ 3.001109, 44.257827 ], [ 2.993764, 44.259155 ], [ 2.992212, 44.259431 ], [ 2.992778, 44.262987 ], [ 2.994888, 44.263484 ], [ 2.99609, 44.263525 ], [ 2.997077, 44.263386 ], [ 3.004903, 44.263161 ], [ 3.003627, 44.262774 ], [ 3.004672, 44.259329 ], [ 3.007402, 44.257456 ], [ 3.009272, 44.25763 ], [ 3.0097, 44.257749 ], [ 3.014544, 44.258222 ], [ 3.022814, 44.254981 ], [ 3.022942, 44.254533 ], [ 3.026402, 44.255527 ], [ 3.033074, 44.252885 ], [ 3.026735, 44.252125 ], [ 3.023995, 44.24979 ] ] ], [ [ [ 3.011971, 44.265748 ], [ 3.00564, 44.263274 ], [ 3.004903, 44.263161 ], [ 3.008412, 44.265033 ], [ 3.011971, 44.265748 ] ] ], [ [ [ 3.013922, 44.273738 ], [ 3.014866, 44.275893 ], [ 3.017135, 44.276412 ], [ 3.018388, 44.276782 ], [ 3.01784, 44.276439 ], [ 3.019747, 44.273386 ], [ 3.017199, 44.265198 ], [ 3.014963, 44.265604 ], [ 3.013977, 44.266159 ], [ 3.013194, 44.266256 ], [ 3.011971, 44.265748 ], [ 3.013998, 44.273327 ], [ 3.013922, 44.273738 ] ] ], [ [ [ 3.014256, 44.287227 ], [ 3.012401, 44.287464 ], [ 3.005686, 44.290586 ], [ 2.999471, 44.289533 ], [ 3.000775, 44.290479 ], [ 3.002092, 44.29121 ], [ 3.003223, 44.291896 ], [ 3.007274, 44.293219 ], [ 3.014074, 44.29114 ], [ 3.015679, 44.287917 ], [ 3.021844, 44.285871 ], [ 3.015031, 44.287572 ], [ 3.014256, 44.287227 ] ] ], [ [ [ 2.989923, 44.293107 ], [ 2.985099, 44.295078 ], [ 2.984933, 44.295195 ], [ 2.980293, 44.297912 ], [ 2.979897, 44.298233 ], [ 2.978643, 44.29933 ], [ 2.978391, 44.299953 ], [ 2.977582, 44.301726 ], [ 2.977423, 44.302717 ], [ 2.9737, 44.310746 ], [ 2.971745, 44.310222 ], [ 2.970685, 44.309941 ], [ 2.969741, 44.309869 ], [ 2.968982, 44.310138 ], [ 2.968102, 44.310801 ], [ 2.966239, 44.314803 ], [ 2.96498, 44.317479 ], [ 2.958159, 44.32165 ], [ 2.952022, 44.326323 ], [ 2.952856, 44.32613 ], [ 2.960691, 44.323683 ], [ 2.964909, 44.318587 ], [ 2.966798, 44.316549 ], [ 2.971066, 44.312565 ], [ 2.972026, 44.312264 ], [ 2.974785, 44.312423 ], [ 2.975842, 44.312479 ], [ 2.976501, 44.312594 ], [ 2.977301, 44.313075 ], [ 2.985645, 44.31055 ], [ 2.985765, 44.309899 ], [ 2.985941, 44.309015 ], [ 2.982321, 44.301038 ], [ 2.982915, 44.297487 ], [ 2.985169, 44.296935 ], [ 2.991495, 44.294335 ], [ 2.99621, 44.291118 ], [ 2.99653, 44.290853 ], [ 2.997488, 44.290059 ], [ 2.998059, 44.289833 ], [ 2.995586, 44.290355 ], [ 2.989923, 44.293107 ] ] ], [ [ [ 2.949883, 44.327022 ], [ 2.949587, 44.327228 ], [ 2.94874, 44.329144 ], [ 2.948841, 44.330244 ], [ 2.9495, 44.331104 ], [ 2.9499, 44.331351 ], [ 2.950485, 44.331535 ], [ 2.95093, 44.331571 ], [ 2.951329162628431, 44.331528652687737 ], [ 2.95104, 44.331196 ], [ 2.95095, 44.328071 ], [ 2.950982, 44.327795 ], [ 2.951169, 44.327175 ], [ 2.952022, 44.326323 ], [ 2.950453, 44.326781 ], [ 2.949883, 44.327022 ] ] ], [ [ [ 2.959749272148886, 44.336199546699795 ], [ 2.955682, 44.33208 ], [ 2.959749272148885, 44.336199546699795 ], [ 2.959749272148886, 44.336199546699795 ] ] ], [ [ [ 3.019793, 44.19928 ], [ 3.020463104481778, 44.198562537308973 ], [ 3.019792833669395, 44.199279844669583 ], [ 3.019793, 44.19928 ] ] ], [ [ [ 2.949739143237315, 44.388259315849737 ], [ 2.949597, 44.388338 ], [ 2.948570563853752, 44.388841543203704 ], [ 2.949165, 44.388585 ], [ 2.949716, 44.388276 ], [ 2.949739143237315, 44.388259315849737 ] ] ], [ [ [ 2.946297971419181, 44.389781821617525 ], [ 2.946833101814548, 44.389580734299585 ], [ 2.946594, 44.389642 ], [ 2.946297971419181, 44.389781821617525 ] ] ], [ [ [ 2.945696368330136, 44.39010896133049 ], [ 2.946133531473853, 44.389859490669174 ], [ 2.946052, 44.389898 ], [ 2.945696368330136, 44.39010896133049 ] ] ], [ [ [ 2.94514, 44.390439 ], [ 2.944162, 44.391145 ], [ 2.944162730478854, 44.391146010686256 ], [ 2.945212106389885, 44.390396226363031 ], [ 2.94514, 44.390439 ] ] ], [ [ [ 2.950293974623607, 44.346659850951163 ], [ 2.950293974623631, 44.346659850951163 ], [ 2.950093122900999, 44.346672736670854 ], [ 2.950293974623607, 44.346659850951163 ] ] ], [ [ [ 2.947580475315233, 44.346929429044295 ], [ 2.947580475315255, 44.346929429044273 ], [ 2.947531, 44.346937 ], [ 2.947580475315233, 44.346929429044295 ] ] ] ] } },
{ "type": "Feature", "properties": { "codgeo": "12270", "value": 1080, "isochrone_group": 18.0, "nb_agences": 2 }, "geometry": { "type": "MultiPolygon", "coordinates": [ [ [ [ 2.955229, 44.393004 ], [ 2.954781, 44.393143 ], [ 2.954312729367091, 44.393351726909906 ], [ 2.954647, 44.393279 ], [ 2.956248, 44.393175 ], [ 2.956389, 44.393166 ], [ 2.958960768964233, 44.390603871152663 ], [ 2.957527214162533, 44.390902665055336 ], [ 2.955229, 44.393004 ] ] ], [ [ [ 2.97446, 44.391817 ], [ 2.975955, 44.388248 ], [ 2.974697, 44.389229 ], [ 2.974182, 44.389363 ], [ 2.973549, 44.389454 ], [ 2.971651, 44.387279 ], [ 2.96386, 44.387806 ], [ 2.970687, 44.392077 ], [ 2.970964, 44.392366 ], [ 2.97446, 44.391817 ] ] ], [ [ [ 2.987735, 44.392226 ], [ 2.987377, 44.391937 ], [ 2.986446, 44.389693 ], [ 2.986107, 44.388511 ], [ 2.983704, 44.384525 ], [ 2.984997, 44.390555 ], [ 2.986394, 44.39144 ], [ 2.987735, 44.392226 ] ] ], [ [ [ 2.999119, 44.396396 ], [ 2.99887140933005, 44.39525826192142 ], [ 2.993517, 44.392626 ], [ 2.988972, 44.392632 ], [ 2.995379, 44.396264 ], [ 2.998108353296059, 44.397611226852611 ], [ 2.999119, 44.396396 ] ] ], [ [ [ 3.045868, 44.407793 ], [ 3.045031, 44.409957 ], [ 3.045256, 44.413187 ], [ 3.05326, 44.41362 ], [ 3.05569, 44.412131 ], [ 3.056687, 44.412521 ], [ 3.061956, 44.413709 ], [ 3.066425, 44.413029 ], [ 3.066991, 44.412883 ], [ 3.068251, 44.412632 ], [ 3.06849116945536, 44.412583799901697 ], [ 3.06849, 44.41258 ], [ 3.06593, 44.404966 ], [ 3.063323, 44.403622 ], [ 3.06379, 44.400052 ], [ 3.062389, 44.392529 ], [ 3.060221, 44.389655 ], [ 3.06187, 44.386088 ], [ 3.055326, 44.381308 ], [ 3.054983, 44.381235 ], [ 3.054747, 44.38118 ], [ 3.054322, 44.381015 ], [ 3.049787, 44.380427 ], [ 3.048239, 44.380698 ], [ 3.047451, 44.380922 ], [ 3.046669, 44.381087 ], [ 3.04619, 44.381126 ], [ 3.04438, 44.381088 ], [ 3.043822, 44.381223 ], [ 3.042927, 44.381295 ], [ 3.039235, 44.383108 ], [ 3.038949, 44.388823 ], [ 3.045257, 44.390287 ], [ 3.047942, 44.392275 ], [ 3.048609, 44.395813 ], [ 3.047618, 44.396 ], [ 3.047422, 44.396032 ], [ 3.046995, 44.396055 ], [ 3.045358, 44.396211 ], [ 3.042994, 44.396568 ], [ 3.041954, 44.404967 ], [ 3.042126646268408, 44.405783472977667 ], [ 3.042741, 44.407065 ], [ 3.045639, 44.407624 ], [ 3.045868, 44.407793 ] ] ], [ [ [ 3.170983, 44.386461 ], [ 3.17207, 44.386108 ], [ 3.172362, 44.383881 ], [ 3.172389, 44.382823 ], [ 3.172274, 44.382381 ], [ 3.171856, 44.381628 ], [ 3.171386, 44.381156 ], [ 3.17051, 44.380485 ], [ 3.169955, 44.380176 ], [ 3.169235, 44.379984 ], [ 3.168757, 44.379951 ], [ 3.168453316935787, 44.379972263266623 ], [ 3.16887, 44.383536 ], [ 3.167849, 44.384141 ], [ 3.163607, 44.388807 ], [ 3.163474, 44.389136 ], [ 3.16356429565236, 44.38935578080951 ], [ 3.169545, 44.386488 ], [ 3.170606, 44.386554 ], [ 3.170983, 44.386461 ] ] ], [ [ [ 3.17343, 44.365509 ], [ 3.177011, 44.365142 ], [ 3.179938, 44.364569 ], [ 3.182082, 44.361676 ], [ 3.184725, 44.356145 ], [ 3.180751, 44.360926 ], [ 3.178003, 44.363387 ], [ 3.176766, 44.364594 ], [ 3.176265, 44.364754 ], [ 3.174623, 44.362191 ], [ 3.172481, 44.359382 ], [ 3.171565426876019, 44.359208417001561 ], [ 3.172776, 44.363883 ], [ 3.173306, 44.365341 ], [ 3.17343, 44.365509 ] ] ], [ [ [ 3.198913010361433, 44.342845492128362 ], [ 3.198793, 44.342651 ], [ 3.193854858819561, 44.339435641163135 ], [ 3.196959, 44.342229 ], [ 3.198544, 44.342599 ], [ 3.198913010361433, 44.342845492128362 ] ] ], [ [ [ 3.209236, 44.35065 ], [ 3.209339, 44.350585 ], [ 3.210059, 44.349862 ], [ 3.210457862605195, 44.349341521577102 ], [ 3.20677, 44.346658 ], [ 3.206358, 44.346707 ], [ 3.205998, 44.346697 ], [ 3.204623525449186, 44.346660011082434 ], [ 3.204628, 44.346663 ], [ 3.209236, 44.35065 ] ] ], [ [ [ 3.233521, 44.307247 ], [ 3.234053, 44.30787 ], [ 3.234060640813296, 44.307881243798441 ], [ 3.234061, 44.307881 ], [ 3.23650071349203, 44.30848106389324 ], [ 3.233285980142123, 44.306982030708909 ], [ 3.233521, 44.307247 ] ] ], [ [ [ 3.213996, 44.319083 ], [ 3.210397, 44.319175 ], [ 3.208972, 44.317292 ], [ 3.201018, 44.317615 ], [ 3.200274, 44.318104 ], [ 3.198089, 44.315522 ], [ 3.1907, 44.311801 ], [ 3.187262, 44.315917 ], [ 3.185468, 44.317458 ], [ 3.184737, 44.317371 ], [ 3.17826, 44.322867 ], [ 3.184778, 44.328293 ], [ 3.186507, 44.327397 ], [ 3.188735, 44.326609 ], [ 3.189454, 44.32605 ], [ 3.190075, 44.325355 ], [ 3.190727, 44.32502 ], [ 3.19163, 44.324935 ], [ 3.192479, 44.324882 ], [ 3.193196, 44.32841 ], [ 3.198518877481627, 44.332764586117221 ], [ 3.204736, 44.330088 ], [ 3.207355, 44.327451 ], [ 3.207857, 44.326984 ], [ 3.208047, 44.326851 ], [ 3.208535, 44.326663 ], [ 3.215643, 44.327402 ], [ 3.221027, 44.324414 ], [ 3.223072, 44.321451 ], [ 3.222664114590434, 44.317731019715971 ], [ 3.221646, 44.316888 ], [ 3.213996, 44.319083 ] ] ], [ [ [ 3.223973, 44.295635 ], [ 3.224249, 44.293442 ], [ 3.22446, 44.291845 ], [ 3.223946, 44.291024 ], [ 3.221112, 44.282827 ], [ 3.221232, 44.282405 ], [ 3.22147, 44.281308 ], [ 3.221639, 44.280289 ], [ 3.221669, 44.278381 ], [ 3.221657, 44.277732 ], [ 3.221568, 44.277293 ], [ 3.219022, 44.275027 ], [ 3.219522, 44.275573 ], [ 3.22005, 44.276261 ], [ 3.220308, 44.276997 ], [ 3.220393, 44.277875 ], [ 3.22037, 44.278464 ], [ 3.216773, 44.278323 ], [ 3.210308, 44.28217 ], [ 3.210818, 44.28539 ], [ 3.213035, 44.287627 ], [ 3.214263, 44.288512 ], [ 3.216571, 44.290169 ], [ 3.21701, 44.290385 ], [ 3.218327, 44.291102 ], [ 3.218738, 44.291383 ], [ 3.219204, 44.291828 ], [ 3.219632, 44.292511 ], [ 3.221242, 44.294833 ], [ 3.221371, 44.294989 ], [ 3.221535, 44.295201 ], [ 3.221562, 44.295489 ], [ 3.219361, 44.297975 ], [ 3.219216, 44.297878 ], [ 3.21882, 44.297543 ], [ 3.218205, 44.297 ], [ 3.217923, 44.296725 ], [ 3.217045, 44.295702 ], [ 3.216724, 44.295256 ], [ 3.214303, 44.293311 ], [ 3.213927, 44.293108 ], [ 3.208071, 44.299901 ], [ 3.212855, 44.306888 ], [ 3.213833, 44.307064 ], [ 3.214431, 44.307203 ], [ 3.215507, 44.307544 ], [ 3.216195, 44.307799 ], [ 3.216967, 44.308189 ], [ 3.22111, 44.308578 ], [ 3.225169, 44.306102 ], [ 3.225524, 44.305625 ], [ 3.225915, 44.305252 ], [ 3.226266, 44.305014 ], [ 3.227547, 44.304427 ], [ 3.227985, 44.304168 ], [ 3.223797, 44.296726 ], [ 3.223948, 44.296009 ], [ 3.223973, 44.295635 ] ] ], [ [ [ 3.207004, 44.260545 ], [ 3.204399, 44.255548 ], [ 3.204315, 44.255344 ], [ 3.200983, 44.256703 ], [ 3.200767, 44.257628 ], [ 3.200717, 44.258059 ], [ 3.200817, 44.258837 ], [ 3.199767, 44.26465 ], [ 3.197798, 44.267441 ], [ 3.199236, 44.270741 ], [ 3.199724, 44.27067 ], [ 3.20067, 44.270462 ], [ 3.202070179196472, 44.270362818531801 ], [ 3.201484, 44.269086 ], [ 3.201279, 44.267022 ], [ 3.201511, 44.265686 ], [ 3.201609, 44.265453 ], [ 3.202773, 44.264626 ], [ 3.20294, 44.264588 ], [ 3.203849, 44.264502 ], [ 3.20817, 44.267241 ], [ 3.212203, 44.269367 ], [ 3.218106, 44.274115 ], [ 3.213819, 44.266332 ], [ 3.211529, 44.263555 ], [ 3.207004, 44.260545 ] ] ], [ [ [ 3.184598, 44.280614 ], [ 3.182584, 44.285796 ], [ 3.184997, 44.281597 ], [ 3.185195, 44.281403 ], [ 3.185696, 44.280955 ], [ 3.187718, 44.279887 ], [ 3.196614, 44.280076 ], [ 3.188128, 44.279471 ], [ 3.18765, 44.278706 ], [ 3.184598, 44.280614 ] ] ], [ [ [ 3.175762, 44.270439 ], [ 3.174168, 44.267326 ], [ 3.174116, 44.267257 ], [ 3.173953, 44.267212 ], [ 3.173551, 44.267129 ], [ 3.167945, 44.266253 ], [ 3.168685, 44.258701 ], [ 3.167325, 44.255368 ], [ 3.166413, 44.253154 ], [ 3.16334, 44.251279 ], [ 3.159716, 44.246744 ], [ 3.157754, 44.244737 ], [ 3.157602, 44.244742 ], [ 3.156463, 44.245203 ], [ 3.156196, 44.245765 ], [ 3.155561, 44.247739 ], [ 3.155419, 44.248274 ], [ 3.155353, 44.24868 ], [ 3.155339, 44.249183 ], [ 3.155383, 44.249605 ], [ 3.155615, 44.250593 ], [ 3.155759, 44.251121 ], [ 3.156059, 44.251734 ], [ 3.156331, 44.252078 ], [ 3.158179, 44.257854 ], [ 3.158238, 44.25743 ], [ 3.158397, 44.256904 ], [ 3.158631, 44.256455 ], [ 3.15882, 44.256198 ], [ 3.1592, 44.255808 ], [ 3.159726, 44.25543 ], [ 3.160047, 44.25527 ], [ 3.162217, 44.254158 ], [ 3.162327, 44.254216 ], [ 3.162943, 44.255158 ], [ 3.163903, 44.257453 ], [ 3.163844, 44.258453 ], [ 3.16399, 44.26205 ], [ 3.169579, 44.268021 ], [ 3.1719, 44.268894 ], [ 3.17452, 44.271269 ], [ 3.173397, 44.274123 ], [ 3.173292, 44.279535 ], [ 3.174544, 44.282952 ], [ 3.175372, 44.275609 ], [ 3.175886, 44.274037 ], [ 3.175762, 44.270439 ] ] ], [ [ [ 3.148401, 44.270047 ], [ 3.148401, 44.273647 ], [ 3.146741, 44.278947 ], [ 3.153642, 44.28344 ], [ 3.154179, 44.283295 ], [ 3.156583, 44.281863 ], [ 3.157175, 44.281588 ], [ 3.159853, 44.280878 ], [ 3.160636, 44.280905 ], [ 3.16132, 44.281193 ], [ 3.168933, 44.278029 ], [ 3.16671, 44.273927 ], [ 3.166297, 44.273558 ], [ 3.165672, 44.272851 ], [ 3.165045, 44.272158 ], [ 3.162439, 44.270545 ], [ 3.161784, 44.270212 ], [ 3.161361, 44.269809 ], [ 3.16114, 44.26948 ], [ 3.160066, 44.267698 ], [ 3.158804, 44.265765 ], [ 3.158501, 44.265039 ], [ 3.151265, 44.270307 ], [ 3.148274799847194, 44.269483424273687 ], [ 3.148401, 44.270047 ] ] ], [ [ [ 3.134868, 44.255233 ], [ 3.133713, 44.253773 ], [ 3.132651, 44.252597 ], [ 3.132324, 44.252439 ], [ 3.123975, 44.254339 ], [ 3.123134, 44.253368 ], [ 3.122411, 44.253117 ], [ 3.119378, 44.252064 ], [ 3.111458, 44.248464 ], [ 3.117164, 44.253983 ], [ 3.118595, 44.254075 ], [ 3.120007, 44.253937 ], [ 3.122256, 44.256748 ], [ 3.129333, 44.256319 ], [ 3.130113, 44.255859 ], [ 3.130321, 44.255761 ], [ 3.13123, 44.255484 ], [ 3.132088, 44.255446 ], [ 3.132501, 44.255477 ], [ 3.133261, 44.259206 ], [ 3.139103, 44.263563 ], [ 3.141627, 44.26268 ], [ 3.141977, 44.262477 ], [ 3.142482908174472, 44.262071653751079 ], [ 3.135426, 44.257577 ], [ 3.135287, 44.255808 ], [ 3.134868, 44.255233 ] ] ], [ [ [ 3.109902, 44.242321 ], [ 3.108312, 44.242728 ], [ 3.108225, 44.242755 ], [ 3.107586, 44.243262 ], [ 3.107181, 44.243749 ], [ 3.106639, 44.245316 ], [ 3.10656, 44.24583 ], [ 3.104164, 44.250096 ], [ 3.106748, 44.246826 ], [ 3.110278, 44.246117 ], [ 3.110597, 44.246454 ], [ 3.110991, 44.246912 ], [ 3.111458, 44.248464 ], [ 3.11245, 44.243103 ], [ 3.11143, 44.242626 ], [ 3.109902, 44.242321 ] ] ], [ [ [ 3.090252, 44.23845 ], [ 3.084589080362536, 44.239996816012088 ], [ 3.086206, 44.241325 ], [ 3.093093, 44.245515 ], [ 3.096063, 44.245901 ], [ 3.096604, 44.248169 ], [ 3.104164, 44.250096 ], [ 3.097431, 44.246201 ], [ 3.094921, 44.243619 ], [ 3.090252, 44.23845 ] ] ], [ [ [ 3.07507, 44.229928 ], [ 3.076256148435035, 44.232021139719073 ], [ 3.077064, 44.228287 ], [ 3.075728, 44.229274 ], [ 3.07507, 44.229928 ] ] ], [ [ [ 3.086837, 44.218734 ], [ 3.087828, 44.211807 ], [ 3.089855, 44.206249 ], [ 3.089872110675295, 44.20620584111456 ], [ 3.089352, 44.206781 ], [ 3.088813, 44.207069 ], [ 3.088356, 44.207185 ], [ 3.085891, 44.207911 ], [ 3.085148271662615, 44.207884374473949 ], [ 3.085886, 44.208588 ], [ 3.084998, 44.213684 ], [ 3.082526, 44.220244 ], [ 3.082328, 44.22077 ], [ 3.081079392202101, 44.224994672981531 ], [ 3.081315, 44.224878 ], [ 3.082794, 44.224395 ], [ 3.086837, 44.218734 ] ] ], [ [ [ 3.054846, 44.227596 ], [ 3.054531, 44.22637 ], [ 3.054002, 44.224915 ], [ 3.053574, 44.224455 ], [ 3.053251, 44.224168 ], [ 3.050441, 44.226228 ], [ 3.047735, 44.233054 ], [ 3.047673, 44.233413 ], [ 3.047511, 44.234461 ], [ 3.047456, 44.234899 ], [ 3.047332, 44.235599 ], [ 3.047579, 44.235023 ], [ 3.050073, 44.231156 ], [ 3.050433, 44.230327 ], [ 3.050841, 44.229695 ], [ 3.051633, 44.228672 ], [ 3.053763, 44.229539 ], [ 3.054923, 44.230326 ], [ 3.063268650756333, 44.230336680879383 ], [ 3.063309132809757, 44.230294645417658 ], [ 3.055036, 44.228617 ], [ 3.054846, 44.227596 ] ] ], [ [ [ 3.037427, 44.237331 ], [ 3.037035, 44.236837 ], [ 3.030656, 44.232501 ], [ 3.029254, 44.2328 ], [ 3.028762, 44.232968 ], [ 3.028189, 44.233322 ], [ 3.027801, 44.233727 ], [ 3.027237, 44.235428 ], [ 3.027932, 44.236124 ], [ 3.029072, 44.237304 ], [ 3.029557, 44.23775 ], [ 3.030986, 44.23927 ], [ 3.030462, 44.238494 ], [ 3.033446, 44.23648 ], [ 3.034994, 44.238005 ], [ 3.03789, 44.239858 ], [ 3.046805, 44.239193 ], [ 3.037861, 44.239041 ], [ 3.037804, 44.238837 ], [ 3.037427, 44.237331 ] ] ], [ [ [ 3.022792, 44.251533 ], [ 3.023651, 44.250194 ], [ 3.023995, 44.24979 ], [ 3.026735, 44.252125 ], [ 3.033074, 44.252885 ], [ 3.035218, 44.246602 ], [ 3.034549, 44.24493 ], [ 3.031383, 44.239778 ], [ 3.030986, 44.23927 ], [ 3.027482, 44.246779 ], [ 3.023911, 44.247236 ], [ 3.022792, 44.251533 ] ] ], [ [ [ 3.007404, 44.249164 ], [ 3.007006, 44.249515 ], [ 3.005976, 44.250783 ], [ 2.999612, 44.255315 ], [ 2.995081, 44.258185 ], [ 2.989814, 44.259208 ], [ 2.989238, 44.259288 ], [ 2.983968, 44.259531 ], [ 2.983669, 44.25965 ], [ 2.98322, 44.259858 ], [ 2.982751, 44.261149 ], [ 2.982844, 44.261589 ], [ 2.984735, 44.263123 ], [ 2.985804, 44.263809 ], [ 2.989197, 44.265707 ], [ 2.989776, 44.265749 ], [ 2.98995, 44.265688 ], [ 2.991212, 44.265177 ], [ 2.99609, 44.263525 ], [ 2.994888, 44.263484 ], [ 2.992778, 44.262987 ], [ 2.992212, 44.259431 ], [ 2.993764, 44.259155 ], [ 3.001109, 44.257827 ], [ 3.008038, 44.254662 ], [ 3.010748, 44.252292 ], [ 3.011141, 44.252742 ], [ 3.011481, 44.253199 ], [ 3.015183, 44.256516 ], [ 3.022386, 44.252229 ], [ 3.022769, 44.251571 ], [ 3.022792, 44.251533 ], [ 3.018185, 44.254422 ], [ 3.010959, 44.252315 ], [ 3.007404, 44.249164 ] ] ], [ [ [ 3.012022, 44.275883 ], [ 3.012659, 44.275819 ], [ 3.014188, 44.27585 ], [ 3.015038335469455, 44.275932419175263 ], [ 3.014866, 44.275893 ], [ 3.013922, 44.273738 ], [ 3.013998, 44.273327 ], [ 3.011971, 44.265748 ], [ 3.008412, 44.265033 ], [ 3.004903, 44.263161 ], [ 3.00050722560168, 44.263287379918161 ], [ 3.006432, 44.267225 ], [ 3.011, 44.272431 ], [ 3.012022, 44.275883 ] ] ], [ [ [ 3.005103, 44.289253 ], [ 2.999471, 44.289533 ], [ 3.005686, 44.290586 ], [ 3.012401, 44.287464 ], [ 3.014256, 44.287227 ], [ 3.011908, 44.285838 ], [ 3.008874, 44.287775 ], [ 3.005103, 44.289253 ] ] ], [ [ [ 2.989127128801342, 44.29343217871736 ], [ 2.989923, 44.293107 ], [ 2.995586, 44.290355 ], [ 2.998059, 44.289833 ], [ 2.999471, 44.289533 ], [ 2.996117, 44.289417 ], [ 2.992745, 44.289278 ], [ 2.989127128801342, 44.29343217871736 ] ] ], [ [ [ 2.97307, 44.298632 ], [ 2.972363, 44.299107 ], [ 2.972061, 44.299334 ], [ 2.974226, 44.30221 ], [ 2.969741, 44.309869 ], [ 2.970685, 44.309941 ], [ 2.971745, 44.310222 ], [ 2.9737, 44.310746 ], [ 2.977423, 44.302717 ], [ 2.977582, 44.301726 ], [ 2.978391, 44.299953 ], [ 2.978643, 44.29933 ], [ 2.979897, 44.298233 ], [ 2.980293, 44.297912 ], [ 2.980936640137125, 44.297535109859353 ], [ 2.974645, 44.298244 ], [ 2.973777, 44.298333 ], [ 2.97307, 44.298632 ] ] ], [ [ [ 2.963888, 44.311104 ], [ 2.963702, 44.312103 ], [ 2.963709, 44.312635 ], [ 2.957651, 44.319192 ], [ 2.955538, 44.322411 ], [ 2.948382, 44.325672 ], [ 2.946741, 44.326647 ], [ 2.946224, 44.327503 ], [ 2.945909, 44.328065 ], [ 2.945811, 44.328337 ], [ 2.946601, 44.330117 ], [ 2.946821, 44.330246 ], [ 2.9495, 44.331104 ], [ 2.948841, 44.330244 ], [ 2.94874, 44.329144 ], [ 2.949587, 44.327228 ], [ 2.949883, 44.327022 ], [ 2.950453, 44.326781 ], [ 2.952022, 44.326323 ], [ 2.958159, 44.32165 ], [ 2.96498, 44.317479 ], [ 2.966239, 44.314803 ], [ 2.968102, 44.310801 ], [ 2.968982, 44.310138 ], [ 2.969741, 44.309869 ], [ 2.965384, 44.308127 ], [ 2.965046, 44.308614 ], [ 2.963888, 44.311104 ] ] ], [ [ [ 2.955682, 44.33208 ], [ 2.957772663730837, 44.334197533953351 ], [ 2.957772663730837, 44.334197533953351 ], [ 2.955682, 44.33208 ] ] ], [ [ [ 3.090143952754399, 44.205479212572108 ], [ 3.090019783985409, 44.205833359294544 ], [ 3.090146, 44.205515 ], [ 3.090143952754399, 44.205479212572108 ] ] ], [ [ [ 3.090072891425954, 44.204563210415998 ], [ 3.090119276756246, 44.205047857142844 ], [ 3.090094, 44.204606 ], [ 3.090072891425954, 44.204563210415998 ] ] ], [ [ [ 3.089748052593828, 44.203938788429369 ], [ 3.089935800253718, 44.204285310344829 ], [ 3.089799, 44.204008 ], [ 3.089748052593828, 44.203938788429369 ] ] ], [ [ [ 3.012209, 44.196419 ], [ 3.012273427945412, 44.199509969966456 ], [ 3.013250023639076, 44.196778572337145 ], [ 3.012504982562516, 44.196271926778799 ], [ 3.012209, 44.196419 ] ] ], [ [ [ 3.020527166723649, 44.201186258286548 ], [ 3.020227, 44.20154 ], [ 3.020522, 44.201195 ], [ 3.020527166723649, 44.201186258286548 ] ] ], [ [ [ 3.0654, 44.227701 ], [ 3.068604, 44.219498 ], [ 3.068598, 44.219279 ], [ 3.067261, 44.211619 ], [ 3.066588, 44.210281 ], [ 3.066312, 44.219023 ], [ 3.067286, 44.222031 ], [ 3.0654, 44.227701 ] ] ], [ [ [ 3.064387, 44.228924 ], [ 3.063959153033996, 44.229619682120784 ], [ 3.063959153033999, 44.229619682120784 ], [ 3.064387, 44.228924 ] ] ], [ [ [ 2.950293974623631, 44.346659850951163 ], [ 2.950093122900999, 44.346672736670854 ], [ 2.950293974623607, 44.346659850951163 ], [ 2.950293974623631, 44.346659850951163 ] ] ], [ [ [ 2.947580475315255, 44.346929429044273 ], [ 2.947531, 44.346937 ], [ 2.947580475315233, 44.346929429044295 ], [ 2.947580475315255, 44.346929429044273 ] ] ], [ [ [ 2.946704, 44.347121 ], [ 2.946408142279799, 44.347207243492285 ], [ 2.946408142280027, 44.347207243492228 ], [ 2.946704, 44.347121 ] ] ], [ [ [ 2.937046, 44.336717 ], [ 2.937946, 44.33587 ], [ 2.938344169088381, 44.335685723397091 ], [ 2.937652, 44.335427 ], [ 2.93709, 44.335148 ], [ 2.934216, 44.33914 ], [ 2.935765, 44.337949 ], [ 2.936416, 44.337299 ], [ 2.936732, 44.336954 ], [ 2.937046, 44.336717 ] ] ], [ [ [ 2.925978242861238, 44.338598630059856 ], [ 2.925293414108451, 44.338066514350714 ], [ 2.925154, 44.338502 ], [ 2.925978242861238, 44.338598630059856 ] ] ] ] } },
{ "type": "Feature", "properties": { "codgeo": "12270", "value": 1140, "isochrone_group": 19.0, "nb_agences": 2 }, "geometry": { "type": "MultiPolygon", "coordinates": [ [ [ [ 2.956828979781053, 44.394654634848081 ], [ 2.958482, 44.394114 ], [ 2.961692755558577, 44.390348018954356 ], [ 2.960173, 44.391674 ], [ 2.959285, 44.392986 ], [ 2.957872, 44.393981 ], [ 2.956828979781053, 44.394654634848081 ] ] ], [ [ [ 2.973367, 44.396543 ], [ 2.97369, 44.396656 ], [ 2.976014, 44.396484 ], [ 2.976406, 44.396226 ], [ 2.975631, 44.393624 ], [ 2.976401, 44.387548 ], [ 2.975955, 44.388248 ], [ 2.97446, 44.391817 ], [ 2.970964, 44.392366 ], [ 2.970687, 44.392077 ], [ 2.971, 44.392691 ], [ 2.971672, 44.394835 ], [ 2.971736, 44.395048 ], [ 2.972706, 44.396237 ], [ 2.973367, 44.396543 ] ] ], [ [ [ 2.992797, 44.396736 ], [ 2.994703, 44.39826 ], [ 2.997029261488773, 44.40100762375728 ], [ 2.997264068248985, 44.39719448216502 ], [ 2.995379, 44.396264 ], [ 2.992493613896094, 44.394628332397488 ], [ 2.992262, 44.395095 ], [ 2.992398, 44.39598 ], [ 2.992797, 44.396736 ] ] ], [ [ [ 3.174164, 44.38258 ], [ 3.171386, 44.381156 ], [ 3.171856, 44.381628 ], [ 3.172274, 44.382381 ], [ 3.172389, 44.382823 ], [ 3.172376102876469, 44.383328376173928 ], [ 3.174858, 44.384477 ], [ 3.175704822997024, 44.38449417898682 ], [ 3.174447, 44.383009 ], [ 3.174164, 44.38258 ] ] ], [ [ [ 3.175975, 44.368787 ], [ 3.176788, 44.369245 ], [ 3.183775, 44.365273 ], [ 3.183968, 44.361678 ], [ 3.184753, 44.356078 ], [ 3.184725, 44.356145 ], [ 3.182082, 44.361676 ], [ 3.179938, 44.364569 ], [ 3.177011, 44.365142 ], [ 3.17343, 44.365509 ], [ 3.173306, 44.365341 ], [ 3.173807, 44.366441 ], [ 3.174348, 44.367043 ], [ 3.175975, 44.368787 ] ] ], [ [ [ 3.204898, 44.352266 ], [ 3.204977, 44.352621 ], [ 3.205071, 44.352894 ], [ 3.205075, 44.352898 ], [ 3.208619, 44.353502 ], [ 3.208654, 44.353298 ], [ 3.210059, 44.349862 ], [ 3.209339, 44.350585 ], [ 3.209236, 44.35065 ], [ 3.204628, 44.346663 ], [ 3.204623525449186, 44.346660011082434 ], [ 3.204363, 44.346653 ], [ 3.20392, 44.346588 ], [ 3.202409, 44.346502 ], [ 3.196741, 44.342178 ], [ 3.192479861132588, 44.338588330488676 ], [ 3.19222651960008, 44.338734434088778 ], [ 3.194911, 44.341792 ], [ 3.200272, 44.345929 ], [ 3.204898, 44.352266 ] ] ], [ [ [ 3.211312561173506, 44.349963454196491 ], [ 3.210457862605195, 44.349341521577102 ], [ 3.210059, 44.349862 ], [ 3.211312561173506, 44.349963454196491 ] ] ], [ [ [ 3.243239, 44.312105 ], [ 3.24381519055588, 44.312858703807962 ], [ 3.2452853796297, 44.313343135331401 ], [ 3.242273, 44.311471 ], [ 3.243239, 44.312105 ] ] ], [ [ [ 3.224519, 44.281391 ], [ 3.224464, 44.280706 ], [ 3.224325, 44.280148 ], [ 3.221216, 44.276219 ], [ 3.220423, 44.27577 ], [ 3.218106, 44.274115 ], [ 3.219022, 44.275027 ], [ 3.221568, 44.277293 ], [ 3.221657, 44.277732 ], [ 3.221669, 44.278381 ], [ 3.221639, 44.280289 ], [ 3.22147, 44.281308 ], [ 3.221232, 44.282405 ], [ 3.221112, 44.282827 ], [ 3.223946, 44.291024 ], [ 3.22446, 44.291845 ], [ 3.223818, 44.283206 ], [ 3.22439, 44.282082 ], [ 3.224519, 44.281391 ] ] ], [ [ [ 3.217117, 44.26404 ], [ 3.217404, 44.26349 ], [ 3.2177, 44.262543 ], [ 3.217714, 44.262423 ], [ 3.214478, 44.261237 ], [ 3.208129, 44.258153 ], [ 3.208561, 44.250438 ], [ 3.208795, 44.249392 ], [ 3.208561, 44.24858 ], [ 3.208189, 44.248096 ], [ 3.206348, 44.246998 ], [ 3.200698, 44.247872 ], [ 3.199626, 44.251309 ], [ 3.198416, 44.255813 ], [ 3.198092, 44.259991 ], [ 3.19744, 44.263531 ], [ 3.195601, 44.267148 ], [ 3.195601, 44.270748 ], [ 3.196019, 44.270748 ], [ 3.197921, 44.270975 ], [ 3.198782, 44.270892 ], [ 3.199527414424028, 44.270698601589935 ], [ 3.199236, 44.270741 ], [ 3.197798, 44.267441 ], [ 3.199767, 44.26465 ], [ 3.200817, 44.258837 ], [ 3.200717, 44.258059 ], [ 3.200767, 44.257628 ], [ 3.200983, 44.256703 ], [ 3.204315, 44.255344 ], [ 3.204399, 44.255548 ], [ 3.207004, 44.260545 ], [ 3.211529, 44.263555 ], [ 3.213819, 44.266332 ], [ 3.216097889795817, 44.270469298642588 ], [ 3.216131, 44.264898 ], [ 3.216626, 44.264545 ], [ 3.217117, 44.26404 ] ] ], [ [ [ 3.179131, 44.272436 ], [ 3.178843, 44.272088 ], [ 3.176398, 44.268283 ], [ 3.176053, 44.267568 ], [ 3.174925, 44.266572 ], [ 3.173365, 44.265693 ], [ 3.174597, 44.257038 ], [ 3.173397, 44.253644 ], [ 3.168722, 44.248785 ], [ 3.167962, 44.248254 ], [ 3.165405, 44.247387 ], [ 3.162047, 44.239046 ], [ 3.162095, 44.238381 ], [ 3.161886, 44.237617 ], [ 3.161568, 44.237136 ], [ 3.161028, 44.236676 ], [ 3.160433, 44.236423 ], [ 3.159897, 44.236351 ], [ 3.159317, 44.236415 ], [ 3.15903, 44.236498 ], [ 3.15799, 44.23687 ], [ 3.157506, 44.237052 ], [ 3.157192, 44.237186 ], [ 3.156058, 44.242478 ], [ 3.154945, 44.245181 ], [ 3.154551, 44.24601 ], [ 3.154058, 44.24769 ], [ 3.155759, 44.251121 ], [ 3.155615, 44.250593 ], [ 3.155383, 44.249605 ], [ 3.155339, 44.249183 ], [ 3.155353, 44.24868 ], [ 3.155419, 44.248274 ], [ 3.155561, 44.247739 ], [ 3.156196, 44.245765 ], [ 3.156463, 44.245203 ], [ 3.157602, 44.244742 ], [ 3.157754, 44.244737 ], [ 3.159716, 44.246744 ], [ 3.16334, 44.251279 ], [ 3.166413, 44.253154 ], [ 3.167325, 44.255368 ], [ 3.168685, 44.258701 ], [ 3.167945, 44.266253 ], [ 3.173551, 44.267129 ], [ 3.173953, 44.267212 ], [ 3.174116, 44.267257 ], [ 3.174168, 44.267326 ], [ 3.175762, 44.270439 ], [ 3.175886, 44.274037 ], [ 3.175372, 44.275609 ], [ 3.174544, 44.282952 ], [ 3.182584, 44.285796 ], [ 3.184598, 44.280614 ], [ 3.184825178153464, 44.280471976436154 ], [ 3.177868, 44.276613 ], [ 3.179097, 44.272899 ], [ 3.179131, 44.272436 ] ] ], [ [ [ 3.129867, 44.251513 ], [ 3.128936, 44.251333 ], [ 3.127658, 44.251195 ], [ 3.127123, 44.251223 ], [ 3.127068, 44.25124 ], [ 3.124293, 44.252776 ], [ 3.117924, 44.248684 ], [ 3.115305, 44.244731 ], [ 3.112269, 44.242942 ], [ 3.11143, 44.242626 ], [ 3.11245, 44.243103 ], [ 3.111458, 44.248464 ], [ 3.119378, 44.252064 ], [ 3.122411, 44.253117 ], [ 3.123134, 44.253368 ], [ 3.123975, 44.254339 ], [ 3.132316426337638, 44.252440723554727 ], [ 3.13218, 44.252377 ], [ 3.131537, 44.252076 ], [ 3.129867, 44.251513 ] ] ], [ [ [ 3.099204, 44.238568 ], [ 3.099813, 44.238136 ], [ 3.100469, 44.237566 ], [ 3.098109, 44.234848 ], [ 3.095758, 44.236122 ], [ 3.095256, 44.236294 ], [ 3.091417, 44.237427 ], [ 3.091075, 44.237678 ], [ 3.089955426251695, 44.238531008570156 ], [ 3.090252, 44.23845 ], [ 3.094921, 44.243619 ], [ 3.09651003299175, 44.245253614814622 ], [ 3.097539, 44.239365 ], [ 3.098575, 44.238924 ], [ 3.099204, 44.238568 ] ] ], [ [ [ 3.077064, 44.228287 ], [ 3.075531, 44.235373 ], [ 3.08286, 44.240216 ], [ 3.08442, 44.240043 ], [ 3.076953, 44.23515 ], [ 3.078086, 44.227143 ], [ 3.077064, 44.228287 ] ] ], [ [ [ 3.091383, 44.219983 ], [ 3.091948, 44.218725 ], [ 3.09197, 44.218319 ], [ 3.091589, 44.21682 ], [ 3.090077, 44.212196 ], [ 3.090146, 44.205515 ], [ 3.090019783985413, 44.205833359294544 ], [ 3.0899, 44.206175 ], [ 3.089677088512261, 44.206736830315172 ], [ 3.087828, 44.211807 ], [ 3.086837, 44.218734 ], [ 3.082794, 44.224395 ], [ 3.081315, 44.224878 ], [ 3.080065, 44.225497 ], [ 3.078086, 44.227143 ], [ 3.084701, 44.225111 ], [ 3.089569, 44.220461 ], [ 3.091383, 44.219983 ] ] ], [ [ [ 3.074932845929414, 44.205155422966719 ], [ 3.077023, 44.206137 ], [ 3.077329, 44.205887 ], [ 3.077697, 44.205652 ], [ 3.078173, 44.205432 ], [ 3.078851, 44.205226 ], [ 3.079094783511449, 44.20518559389312 ], [ 3.078906134927391, 44.204804272732879 ], [ 3.07719, 44.203515 ], [ 3.074932845929414, 44.205155422966719 ] ] ], [ [ [ 3.063309132809755, 44.230294645417658 ], [ 3.063309132809757, 44.230294645417658 ], [ 3.055036, 44.228617 ], [ 3.063309132809755, 44.230294645417658 ] ] ], [ [ [ 3.052765, 44.222187 ], [ 3.051964, 44.221592 ], [ 3.051413, 44.221355 ], [ 3.048017, 44.222022 ], [ 3.047948, 44.225622 ], [ 3.046655, 44.23184 ], [ 3.046099, 44.232734 ], [ 3.045962, 44.233218 ], [ 3.047012, 44.237423 ], [ 3.047332, 44.235599 ], [ 3.047456, 44.234899 ], [ 3.047511, 44.234461 ], [ 3.047673, 44.233413 ], [ 3.047735, 44.233054 ], [ 3.050441, 44.226228 ], [ 3.053251, 44.224168 ], [ 3.053574, 44.224455 ], [ 3.054002, 44.224915 ], [ 3.053771, 44.223619 ], [ 3.053476, 44.222857 ], [ 3.052765, 44.222187 ] ] ], [ [ [ 3.035967, 44.233947 ], [ 3.034739, 44.230748 ], [ 3.033279, 44.229805 ], [ 3.027182, 44.229038 ], [ 3.026768, 44.229836 ], [ 3.026532, 44.230425 ], [ 3.026424, 44.230875 ], [ 3.026462, 44.233768 ], [ 3.026739, 44.234709 ], [ 3.023028, 44.242193 ], [ 3.022432, 44.242695 ], [ 3.022325, 44.242825 ], [ 3.022828, 44.244825 ], [ 3.023165, 44.245736 ], [ 3.02328, 44.246115 ], [ 3.022792, 44.251533 ], [ 3.023911, 44.247236 ], [ 3.027482, 44.246779 ], [ 3.030986, 44.23927 ], [ 3.029557, 44.23775 ], [ 3.029072, 44.237304 ], [ 3.027932, 44.236124 ], [ 3.027237, 44.235428 ], [ 3.027801, 44.233727 ], [ 3.028189, 44.233322 ], [ 3.028762, 44.232968 ], [ 3.029254, 44.2328 ], [ 3.030656, 44.232501 ], [ 3.037035, 44.236837 ], [ 3.037427, 44.237331 ], [ 3.037804, 44.238837 ], [ 3.037567, 44.237172 ], [ 3.036061, 44.234096 ], [ 3.035967, 44.233947 ] ] ], [ [ [ 3.010275, 44.245606 ], [ 3.007779, 44.2466 ], [ 3.002423, 44.251249 ], [ 2.999049, 44.252432 ], [ 2.996934, 44.254392 ], [ 2.994132, 44.256652 ], [ 2.986644, 44.25718 ], [ 2.983313, 44.253837 ], [ 2.982616, 44.252763 ], [ 2.98235, 44.252698 ], [ 2.980997, 44.252332 ], [ 2.980856, 44.252332 ], [ 2.979963, 44.255162 ], [ 2.975695, 44.261925 ], [ 2.976201, 44.26443 ], [ 2.976765, 44.265362 ], [ 2.977285, 44.2652 ], [ 2.982374, 44.264426 ], [ 2.985241, 44.264517 ], [ 2.988672627332635, 44.265413672760786 ], [ 2.985804, 44.263809 ], [ 2.984735, 44.263123 ], [ 2.982844, 44.261589 ], [ 2.982751, 44.261149 ], [ 2.98322, 44.259858 ], [ 2.983669, 44.25965 ], [ 2.983968, 44.259531 ], [ 2.989238, 44.259288 ], [ 2.989814, 44.259208 ], [ 2.995081, 44.258185 ], [ 2.999612, 44.255315 ], [ 3.005976, 44.250783 ], [ 3.007006, 44.249515 ], [ 3.007404, 44.249164 ], [ 3.010959, 44.252315 ], [ 3.018185, 44.254422 ], [ 3.018780940215976, 44.254048292319524 ], [ 3.012713, 44.248255 ], [ 3.011379, 44.246634 ], [ 3.010275, 44.245606 ] ] ], [ [ [ 2.992273, 44.266431 ], [ 2.992791, 44.266528 ], [ 2.993235, 44.266583 ], [ 2.997077, 44.263386 ], [ 2.99609, 44.263525 ], [ 2.991212, 44.265177 ], [ 2.98995, 44.265688 ], [ 2.989787254001095, 44.2657450546318 ], [ 2.989975, 44.26581 ], [ 2.991292, 44.266129 ], [ 2.992273, 44.266431 ] ] ], [ [ [ 3.007103, 44.274989 ], [ 3.008473, 44.283769 ], [ 3.003646, 44.287962 ], [ 3.003212, 44.288096 ], [ 2.99565, 44.288135 ], [ 2.994224, 44.287722 ], [ 2.993396, 44.288028 ], [ 2.99246, 44.288762 ], [ 2.991795, 44.289274 ], [ 2.987716, 44.294224 ], [ 2.981195, 44.297506 ], [ 2.988232, 44.29446 ], [ 2.992745, 44.289278 ], [ 2.996117, 44.289417 ], [ 2.999471, 44.289533 ], [ 3.005103, 44.289253 ], [ 3.008874, 44.287775 ], [ 3.011908, 44.285838 ], [ 3.014256, 44.287227 ], [ 3.015031, 44.287572 ], [ 3.021844, 44.285871 ], [ 3.020161, 44.277282 ], [ 3.019375, 44.277156 ], [ 3.018388, 44.276782 ], [ 3.017135, 44.276412 ], [ 3.016107, 44.276036 ], [ 3.014188, 44.27585 ], [ 3.012659, 44.275819 ], [ 3.012022, 44.275883 ], [ 3.011, 44.272431 ], [ 3.006432, 44.267225 ], [ 2.999488, 44.26261 ], [ 2.997077, 44.263386 ], [ 3.003161, 44.267779 ], [ 3.003311, 44.268665 ], [ 3.007103, 44.274989 ] ] ], [ [ [ 2.969856, 44.299761 ], [ 2.966377, 44.30191 ], [ 2.96419, 44.304769 ], [ 2.964384, 44.304917 ], [ 2.965236, 44.305313 ], [ 2.965659348352913, 44.308237088783741 ], [ 2.969741, 44.309869 ], [ 2.974226, 44.30221 ], [ 2.972061, 44.299334 ], [ 2.972363, 44.299107 ], [ 2.97307, 44.298632 ], [ 2.973777, 44.298333 ], [ 2.971066, 44.299154 ], [ 2.970596, 44.299327 ], [ 2.969856, 44.299761 ] ] ], [ [ [ 2.957333, 44.314397 ], [ 2.957301, 44.314387 ], [ 2.954814, 44.316991 ], [ 2.954945, 44.317115 ], [ 2.955386, 44.317531 ], [ 2.953704356413696, 44.323246594149651 ], [ 2.955538, 44.322411 ], [ 2.957651, 44.319192 ], [ 2.961491965121656, 44.315034652970837 ], [ 2.95913, 44.315226 ], [ 2.958466, 44.314928 ], [ 2.957333, 44.314397 ] ] ], [ [ [ 2.945466, 44.325227 ], [ 2.945247, 44.325225 ], [ 2.944634, 44.325335 ], [ 2.943253, 44.326023 ], [ 2.942012, 44.327112 ], [ 2.940493, 44.328342 ], [ 2.941599, 44.330782 ], [ 2.937950128173882, 44.335538436259185 ], [ 2.938344169088381, 44.335685723397091 ], [ 2.938914, 44.335422 ], [ 2.941706, 44.333114 ], [ 2.943201, 44.33173 ], [ 2.945999, 44.333995 ], [ 2.950020909021536, 44.331389029504201 ], [ 2.9499, 44.331351 ], [ 2.9495, 44.331104 ], [ 2.946821, 44.330246 ], [ 2.946601, 44.330117 ], [ 2.945811, 44.328337 ], [ 2.945909, 44.328065 ], [ 2.946224, 44.327503 ], [ 2.946741, 44.326647 ], [ 2.948149680390793, 44.325810032674575 ], [ 2.946383, 44.325576 ], [ 2.945596, 44.325241 ], [ 2.945466, 44.325227 ] ] ], [ [ [ 2.964294621232701, 44.388077900876659 ], [ 2.964294621232699, 44.388077900876659 ], [ 2.970687, 44.392077 ], [ 2.964294621232701, 44.388077900876659 ] ] ], [ [ [ 3.065065, 44.228053 ], [ 3.0654, 44.227701 ], [ 3.067286, 44.222031 ], [ 3.066312, 44.219023 ], [ 3.066588, 44.210281 ], [ 3.066238, 44.209399 ], [ 3.065931, 44.208454 ], [ 3.065912338654017, 44.208369413525219 ], [ 3.065034702058468, 44.207530399119427 ], [ 3.062973, 44.215436 ], [ 3.062325, 44.218978 ], [ 3.065817, 44.223861 ], [ 3.064749, 44.228422 ], [ 3.065065, 44.228053 ] ] ], [ [ [ 3.064387, 44.228924 ], [ 3.063959153033996, 44.229619682120784 ], [ 3.063959153033999, 44.229619682120784 ], [ 3.064387, 44.228924 ] ] ], [ [ [ 2.920121708431723, 44.333454527178581 ], [ 2.923988, 44.336692 ], [ 2.921111, 44.333884 ], [ 2.920182528490604, 44.333223144783901 ], [ 2.920121708431723, 44.333454527178581 ] ] ], [ [ [ 2.933718, 44.339506 ], [ 2.925978242861238, 44.338598630059856 ], [ 2.928276, 44.340384 ], [ 2.933718, 44.339506 ] ] ] ] } },
{ "type": "Feature", "properties": { "codgeo": "12270", "value": 1200, "isochrone_group": 20.0, "nb_agences": 2 }, "geometry": { "type": "MultiPolygon", "coordinates": [ [ [ [ 2.961656355631954, 44.392947996261668 ], [ 2.959246, 44.394635 ], [ 2.957653059403756, 44.395816355635581 ], [ 2.960204, 44.395384 ], [ 2.961656355631954, 44.392947996261668 ] ] ], [ [ [ 2.979753, 44.396278 ], [ 2.98145, 44.393873 ], [ 2.981182, 44.393509 ], [ 2.980963, 44.393255 ], [ 2.976401, 44.387548 ], [ 2.975631, 44.393624 ], [ 2.976406, 44.396226 ], [ 2.976014, 44.396484 ], [ 2.977106, 44.396435 ], [ 2.978955, 44.396287 ], [ 2.979753, 44.396278 ] ] ], [ [ [ 3.172906, 44.381052 ], [ 3.17245, 44.380633 ], [ 3.171354, 44.379855 ], [ 3.171024, 44.379742 ], [ 3.168757, 44.379951 ], [ 3.169235, 44.379984 ], [ 3.169955, 44.380176 ], [ 3.17051, 44.380485 ], [ 3.171386, 44.381156 ], [ 3.173326105705698, 44.382150496229272 ], [ 3.173929, 44.38218 ], [ 3.175569915552544, 44.382743968473527 ], [ 3.173217, 44.381458 ], [ 3.172906, 44.381052 ] ] ], [ [ [ 3.180077, 44.371474 ], [ 3.185833, 44.366093 ], [ 3.18749, 44.362897 ], [ 3.184753, 44.356078 ], [ 3.183968, 44.361678 ], [ 3.183775, 44.365273 ], [ 3.176788, 44.369245 ], [ 3.175975, 44.368787 ], [ 3.177162, 44.369647 ], [ 3.178801, 44.370856 ], [ 3.180077, 44.371474 ] ] ], [ [ [ 3.190771009493609, 44.339573835605044 ], [ 3.19222651960008, 44.338734434088778 ], [ 3.192045181048139, 44.33852789334636 ], [ 3.190771009493609, 44.339573835605044 ] ] ], [ [ [ 3.204831, 44.356979 ], [ 3.206169, 44.357198 ], [ 3.206962, 44.357282 ], [ 3.208337880407288, 44.356230362933296 ], [ 3.208538, 44.355815 ], [ 3.208991173426084, 44.355731026544539 ], [ 3.213989, 44.351911 ], [ 3.211312561173506, 44.349963454196491 ], [ 3.210059, 44.349862 ], [ 3.208654, 44.353298 ], [ 3.208619, 44.353502 ], [ 3.205075, 44.352898 ], [ 3.205071, 44.352894 ], [ 3.204977, 44.352621 ], [ 3.204898, 44.352266 ], [ 3.204771710013394, 44.352092999644377 ], [ 3.204199, 44.356318 ], [ 3.204040062208495, 44.356806024754015 ], [ 3.204831, 44.356979 ] ] ], [ [ [ 3.258773, 44.314192 ], [ 3.25927615365912, 44.314271873735571 ], [ 3.259145, 44.314213 ], [ 3.258773, 44.314192 ] ] ], [ [ [ 3.251675, 44.314776 ], [ 3.25108, 44.314918 ], [ 3.250596, 44.315093 ], [ 3.2452853796297, 44.313343135331401 ], [ 3.248595, 44.3154 ], [ 3.250401, 44.316028 ], [ 3.251898401432002, 44.316662085879962 ], [ 3.256351, 44.315206 ], [ 3.256734, 44.314879 ], [ 3.257314, 44.314498 ], [ 3.258121, 44.314235 ], [ 3.252155, 44.314716 ], [ 3.251675, 44.314776 ] ] ], [ [ [ 3.22645, 44.283671 ], [ 3.226459, 44.283104 ], [ 3.226208, 44.281204 ], [ 3.226086, 44.280699 ], [ 3.225723, 44.279881 ], [ 3.224324, 44.277225 ], [ 3.22379, 44.276622 ], [ 3.22292, 44.276257 ], [ 3.218106, 44.274115 ], [ 3.220423, 44.27577 ], [ 3.221216, 44.276219 ], [ 3.224325, 44.280148 ], [ 3.224464, 44.280706 ], [ 3.224519, 44.281391 ], [ 3.22439, 44.282082 ], [ 3.223818, 44.283206 ], [ 3.22446, 44.291845 ], [ 3.226197, 44.284566 ], [ 3.226389, 44.283983 ], [ 3.22645, 44.283671 ] ] ], [ [ [ 3.218106, 44.274115 ], [ 3.216082189495334, 44.273111114509568 ], [ 3.216082, 44.273143 ], [ 3.218106, 44.274115 ] ] ], [ [ [ 3.219483, 44.261254 ], [ 3.219889, 44.26065 ], [ 3.22028, 44.259628 ], [ 3.2203, 44.259385 ], [ 3.219234, 44.258457 ], [ 3.218732, 44.2582 ], [ 3.21402, 44.252151 ], [ 3.214371, 44.249529 ], [ 3.213935, 44.249249 ], [ 3.212524, 44.248776 ], [ 3.205218, 44.24364 ], [ 3.204705, 44.243538 ], [ 3.201695, 44.244379 ], [ 3.193969, 44.248911 ], [ 3.194514, 44.25247 ], [ 3.195078, 44.259587 ], [ 3.193402, 44.262773 ], [ 3.191435, 44.267702 ], [ 3.193778, 44.270436 ], [ 3.195213, 44.270706 ], [ 3.195601, 44.270726218362284 ], [ 3.195601, 44.267148 ], [ 3.19744, 44.263531 ], [ 3.198092, 44.259991 ], [ 3.198416, 44.255813 ], [ 3.199626, 44.251309 ], [ 3.200698, 44.247872 ], [ 3.206348, 44.246998 ], [ 3.208189, 44.248096 ], [ 3.208561, 44.24858 ], [ 3.208795, 44.249392 ], [ 3.208561, 44.250438 ], [ 3.208129, 44.258153 ], [ 3.214478, 44.261237 ], [ 3.217714, 44.262423 ], [ 3.2177, 44.262543 ], [ 3.217404, 44.26349 ], [ 3.217117, 44.26404 ], [ 3.218445, 44.262481 ], [ 3.218903, 44.261919 ], [ 3.219483, 44.261254 ] ] ], [ [ [ 3.176053, 44.267568 ], [ 3.176398, 44.268283 ], [ 3.178843, 44.272088 ], [ 3.179131, 44.272436 ], [ 3.179097, 44.272899 ], [ 3.179092637290701, 44.272912183972622 ], [ 3.181065, 44.272581 ], [ 3.18086, 44.268986 ], [ 3.176053, 44.267568 ] ] ], [ [ [ 3.174925, 44.266572 ], [ 3.173550068553528, 44.26439286336786 ], [ 3.173365, 44.265693 ], [ 3.174925, 44.266572 ] ] ], [ [ [ 3.169988, 44.248227 ], [ 3.170454, 44.24498 ], [ 3.17072, 44.244366 ], [ 3.169519, 44.243315 ], [ 3.167418, 44.242932 ], [ 3.161886, 44.237617 ], [ 3.162095, 44.238381 ], [ 3.162047, 44.239046 ], [ 3.165405, 44.247387 ], [ 3.167962, 44.248254 ], [ 3.168722, 44.248785 ], [ 3.173397, 44.253644 ], [ 3.174597, 44.257038 ], [ 3.173790397981033, 44.26270451012514 ], [ 3.177513, 44.256067 ], [ 3.176511, 44.252609 ], [ 3.169988, 44.248227 ] ] ], [ [ [ 3.15588, 44.22986 ], [ 3.155021, 44.229205 ], [ 3.154529, 44.228981 ], [ 3.153947, 44.228851 ], [ 3.153449, 44.228845 ], [ 3.15281, 44.228915 ], [ 3.153201, 44.232493 ], [ 3.154188, 44.237071 ], [ 3.155543, 44.239244 ], [ 3.151802, 44.246669 ], [ 3.151922, 44.250267 ], [ 3.156331, 44.252078 ], [ 3.156059, 44.251734 ], [ 3.155759, 44.251121 ], [ 3.154058, 44.24769 ], [ 3.154551, 44.24601 ], [ 3.154945, 44.245181 ], [ 3.156058, 44.242478 ], [ 3.157192, 44.237186 ], [ 3.157506, 44.237052 ], [ 3.15799, 44.23687 ], [ 3.15903, 44.236498 ], [ 3.159317, 44.236415 ], [ 3.159897, 44.236351 ], [ 3.160433, 44.236423 ], [ 3.161028, 44.236676 ], [ 3.161568, 44.237136 ], [ 3.157932, 44.232173 ], [ 3.156122, 44.230093 ], [ 3.15588, 44.22986 ] ] ], [ [ [ 3.126567, 44.247767 ], [ 3.125465, 44.247863 ], [ 3.124806, 44.248827 ], [ 3.123804, 44.249938 ], [ 3.123134, 44.250607 ], [ 3.119027217478549, 44.249392802939582 ], [ 3.124293, 44.252776 ], [ 3.127068, 44.25124 ], [ 3.127123, 44.251223 ], [ 3.127658, 44.251195 ], [ 3.128936, 44.251333 ], [ 3.129867, 44.251513 ], [ 3.131537, 44.252076 ], [ 3.13218, 44.252377 ], [ 3.132651, 44.252597 ], [ 3.129162, 44.248727 ], [ 3.12673, 44.247812 ], [ 3.126567, 44.247767 ] ] ], [ [ [ 3.115407, 44.243397 ], [ 3.115016, 44.242881 ], [ 3.114038, 44.242386 ], [ 3.112857, 44.242523 ], [ 3.107679, 44.235489 ], [ 3.108392, 44.231924 ], [ 3.108369, 44.231919 ], [ 3.107812, 44.231867 ], [ 3.10605, 44.231947 ], [ 3.105328, 44.232051 ], [ 3.101851, 44.232857 ], [ 3.101306, 44.232986 ], [ 3.09913, 44.234218 ], [ 3.098297, 44.234693 ], [ 3.095758, 44.236122 ], [ 3.098109, 44.234848 ], [ 3.100469, 44.237566 ], [ 3.099813, 44.238136 ], [ 3.099204, 44.238568 ], [ 3.098575, 44.238924 ], [ 3.097539, 44.239365 ], [ 3.096103, 44.247583 ], [ 3.096604, 44.248169 ], [ 3.104164, 44.250096 ], [ 3.10656, 44.24583 ], [ 3.106639, 44.245316 ], [ 3.107181, 44.243749 ], [ 3.107586, 44.243262 ], [ 3.108225, 44.242755 ], [ 3.108312, 44.242728 ], [ 3.109902, 44.242321 ], [ 3.11143, 44.242626 ], [ 3.112269, 44.242942 ], [ 3.115305, 44.244731 ], [ 3.115915689907022, 44.24565274769089 ], [ 3.116171, 44.244794 ], [ 3.115655, 44.243803 ], [ 3.115407, 44.243397 ] ] ], [ [ [ 3.076953, 44.23515 ], [ 3.08442, 44.240043 ], [ 3.085231, 44.240111 ], [ 3.079121, 44.234812 ], [ 3.078086, 44.227143 ], [ 3.076953, 44.23515 ] ] ], [ [ [ 3.086299, 44.225749 ], [ 3.08761, 44.22565 ], [ 3.088401, 44.225536 ], [ 3.091113, 44.22029 ], [ 3.094339, 44.21833 ], [ 3.095022, 44.214796 ], [ 3.093292, 44.214316 ], [ 3.090422615573276, 44.207581253369113 ], [ 3.090120286127034, 44.208004773699734 ], [ 3.090077, 44.212196 ], [ 3.091589, 44.21682 ], [ 3.09197, 44.218319 ], [ 3.091948, 44.218725 ], [ 3.091383, 44.219983 ], [ 3.089569, 44.220461 ], [ 3.084701, 44.225111 ], [ 3.08350328676434, 44.225478914330296 ], [ 3.085198, 44.22547 ], [ 3.08559, 44.225618 ], [ 3.086299, 44.225749 ] ] ], [ [ [ 3.064749, 44.228422 ], [ 3.065817, 44.223861 ], [ 3.062325, 44.218978 ], [ 3.062973, 44.215436 ], [ 3.064765203966128, 44.208563790121495 ], [ 3.059768, 44.214233 ], [ 3.059304, 44.214629 ], [ 3.05877, 44.216304 ], [ 3.058781, 44.216961 ], [ 3.059597, 44.218205 ], [ 3.053488909834308, 44.222890346758462 ], [ 3.053771, 44.223619 ], [ 3.054002, 44.224915 ], [ 3.054531, 44.22637 ], [ 3.054846, 44.227596 ], [ 3.055036, 44.228617 ], [ 3.063309132809757, 44.230294645417658 ], [ 3.063959153033996, 44.229619682120784 ], [ 3.064387, 44.228924 ], [ 3.064749, 44.228422 ] ] ], [ [ [ 3.044614, 44.22124 ], [ 3.043941, 44.222623 ], [ 3.044157, 44.223158 ], [ 3.040186, 44.231136 ], [ 3.038952, 44.2306 ], [ 3.038124, 44.230243 ], [ 3.0348, 44.227681 ], [ 3.029557, 44.224116 ], [ 3.029149, 44.224399 ], [ 3.025804, 44.225853 ], [ 3.025766, 44.225936 ], [ 3.025757, 44.226007 ], [ 3.025608, 44.227541 ], [ 3.026424, 44.230875 ], [ 3.026532, 44.230425 ], [ 3.026768, 44.229836 ], [ 3.027182, 44.229038 ], [ 3.033279, 44.229805 ], [ 3.034739, 44.230748 ], [ 3.035967, 44.233947 ], [ 3.036061, 44.234096 ], [ 3.037567, 44.237172 ], [ 3.037804, 44.238837 ], [ 3.037861, 44.239041 ], [ 3.046805, 44.239193 ], [ 3.046898, 44.237904 ], [ 3.047012, 44.237423 ], [ 3.045962, 44.233218 ], [ 3.046099, 44.232734 ], [ 3.046655, 44.23184 ], [ 3.047948, 44.225622 ], [ 3.048017, 44.222022 ], [ 3.048922294298826, 44.221844193375354 ], [ 3.047247, 44.221197 ], [ 3.046757, 44.22103 ], [ 3.044614, 44.22124 ] ] ], [ [ [ 3.026462, 44.233768 ], [ 3.023406424807875, 44.241429828008059 ], [ 3.026739, 44.234709 ], [ 3.026462, 44.233768 ] ] ], [ [ [ 3.007395, 44.24345 ], [ 3.006908, 44.244173 ], [ 3.006569, 44.244843 ], [ 3.003347, 44.249137 ], [ 3.00138, 44.25093 ], [ 3.000988, 44.25126 ], [ 3.000664906853359, 44.251865426850152 ], [ 3.002423, 44.251249 ], [ 3.007779, 44.2466 ], [ 3.010275, 44.245606 ], [ 3.011379, 44.246634 ], [ 3.012713, 44.248255 ], [ 3.018855, 44.254119 ], [ 3.022792, 44.251533 ], [ 3.02328, 44.246115 ], [ 3.023165, 44.245736 ], [ 3.022828, 44.244825 ], [ 3.022325, 44.242825 ], [ 3.022432, 44.242695 ], [ 3.023028, 44.242193 ], [ 3.023304655003077, 44.241635067894634 ], [ 3.014447, 44.2421 ], [ 3.008918, 44.242673 ], [ 3.007395, 44.24345 ] ] ], [ [ [ 2.987018, 44.247849 ], [ 2.986411, 44.246854 ], [ 2.986169, 44.246645 ], [ 2.981385, 44.248462 ], [ 2.979695, 44.249042 ], [ 2.975144, 44.251284 ], [ 2.974963, 44.25488 ], [ 2.971006, 44.261681 ], [ 2.970679, 44.264654 ], [ 2.969969, 44.269084 ], [ 2.971694, 44.272243 ], [ 2.97257, 44.271765 ], [ 2.973177, 44.271282 ], [ 2.981016, 44.267067 ], [ 2.986287, 44.267819 ], [ 2.993185, 44.266831 ], [ 2.996702, 44.266063 ], [ 2.99912893618739, 44.264867616645489 ], [ 2.997077, 44.263386 ], [ 2.993235, 44.266583 ], [ 2.992791, 44.266528 ], [ 2.992273, 44.266431 ], [ 2.991292, 44.266129 ], [ 2.989975, 44.26581 ], [ 2.989313, 44.265581 ], [ 2.985241, 44.264517 ], [ 2.982374, 44.264426 ], [ 2.977285, 44.2652 ], [ 2.976765, 44.265362 ], [ 2.976201, 44.26443 ], [ 2.975695, 44.261925 ], [ 2.979963, 44.255162 ], [ 2.980856, 44.252332 ], [ 2.980997, 44.252332 ], [ 2.98235, 44.252698 ], [ 2.982616, 44.252763 ], [ 2.983313, 44.253837 ], [ 2.986644, 44.25718 ], [ 2.990741628243895, 44.256891064675116 ], [ 2.986709, 44.252015 ], [ 2.987095, 44.248862 ], [ 2.987018, 44.247849 ] ] ], [ [ [ 3.005698, 44.276874 ], [ 3.003794, 44.285339 ], [ 3.000712, 44.287199 ], [ 2.994224, 44.287722 ], [ 2.99565, 44.288135 ], [ 3.003212, 44.288096 ], [ 3.003646, 44.287962 ], [ 3.008473, 44.283769 ], [ 3.007103, 44.274989 ], [ 3.006574947767835, 44.274108355929258 ], [ 3.006398, 44.274523 ], [ 3.005713, 44.276837 ], [ 3.005698, 44.276874 ] ] ], [ [ [ 2.990956, 44.289531 ], [ 2.987716, 44.294224 ], [ 2.991795, 44.289274 ], [ 2.99246, 44.288762 ], [ 2.993396, 44.288028 ], [ 2.991549, 44.288496 ], [ 2.991453, 44.288663 ], [ 2.990956, 44.289531 ] ] ], [ [ [ 2.964781, 44.297946 ], [ 2.963105, 44.298014 ], [ 2.961588, 44.297999 ], [ 2.961199, 44.298018 ], [ 2.961210193457303, 44.298244132991364 ], [ 2.961593, 44.298681 ], [ 2.961535, 44.301598 ], [ 2.961417381613835, 44.301654627843192 ], [ 2.962689, 44.302934 ], [ 2.957085, 44.309874 ], [ 2.955354, 44.312062 ], [ 2.955039, 44.312514 ], [ 2.954813, 44.312991 ], [ 2.95426, 44.31466 ], [ 2.954141, 44.31545 ], [ 2.954461, 44.316525 ], [ 2.954829749889466, 44.316974509162783 ], [ 2.957301, 44.314387 ], [ 2.957333, 44.314397 ], [ 2.958466, 44.314928 ], [ 2.95913, 44.315226 ], [ 2.964981, 44.314752 ], [ 2.965891, 44.314327 ], [ 2.966484, 44.313933 ], [ 2.965236, 44.305313 ], [ 2.964384, 44.304917 ], [ 2.96419, 44.304769 ], [ 2.966377, 44.30191 ], [ 2.969856, 44.299761 ], [ 2.970596, 44.299327 ], [ 2.971066, 44.299154 ], [ 2.973777, 44.298333 ], [ 2.966293, 44.298212 ], [ 2.965636, 44.298019 ], [ 2.964781, 44.297946 ] ] ], [ [ [ 2.971, 44.392691 ], [ 2.970687, 44.392077 ], [ 2.964536822735742, 44.388229423158677 ], [ 2.963176, 44.389629 ], [ 2.9622727000471, 44.392337979063662 ], [ 2.971, 44.392691 ] ] ], [ [ [ 2.94281, 44.324656 ], [ 2.941956, 44.324717 ], [ 2.93495, 44.327262 ], [ 2.933916, 44.32761 ], [ 2.935063, 44.331022 ], [ 2.935047377272937, 44.331120545142319 ], [ 2.941234173119236, 44.33125756502028 ], [ 2.941599, 44.330782 ], [ 2.940493, 44.328342 ], [ 2.942012, 44.327112 ], [ 2.943253, 44.326023 ], [ 2.944634, 44.325335 ], [ 2.945247, 44.325225 ], [ 2.945466, 44.325227 ], [ 2.945596, 44.325241 ], [ 2.946383, 44.325576 ], [ 2.94534, 44.324895 ], [ 2.944864, 44.324743 ], [ 2.94422, 44.324632 ], [ 2.943511, 44.324584 ], [ 2.94281, 44.324656 ] ] ] ] } }
]
}
