{
"type": "FeatureCollection",
"name": "Others",
"crs": { "type": "name", "properties": { "name": "urn:ogc:def:crs:OGC:1.3:CRS84" } },
"features": [
{ "type": "Feature", "properties": { "codgeo": "82037", "value": 60, "isochrone_group": 1.0, "nb_agences": 2 }, "geometry": { "type": "Polygon", "coordinates": [ [ [ 1.542559, 44.159689 ], [ 1.547718, 44.158959 ], [ 1.547854, 44.158878 ], [ 1.547944, 44.15875 ], [ 1.549186, 44.156442 ], [ 1.550216, 44.153749 ], [ 1.550371, 44.152301 ], [ 1.550145, 44.15202 ], [ 1.546627, 44.153703 ], [ 1.543476, 44.155149 ], [ 1.543212, 44.155394 ], [ 1.54075, 44.158001 ], [ 1.540214394270368, 44.158693207896285 ], [ 1.537205, 44.157842 ], [ 1.535498, 44.156164 ], [ 1.531684, 44.155318 ], [ 1.531463, 44.155603 ], [ 1.533094, 44.160295 ], [ 1.533715, 44.162033 ], [ 1.533781, 44.162162 ], [ 1.533865, 44.162319 ], [ 1.536084, 44.164623 ], [ 1.536442, 44.164655 ], [ 1.538688, 44.164489 ], [ 1.542803, 44.163762 ], [ 1.542877, 44.163409 ], [ 1.541808700077512, 44.160045530848492 ], [ 1.542559, 44.159689 ] ] ] } },
{ "type": "Feature", "properties": { "codgeo": "82037", "value": 120, "isochrone_group": 2.0, "nb_agences": 2 }, "geometry": { "type": "Polygon", "coordinates": [ [ [ 1.550185, 44.15994 ], [ 1.550392, 44.159645 ], [ 1.554817, 44.156747 ], [ 1.555897, 44.156918 ], [ 1.557244, 44.157168 ], [ 1.557523, 44.157249 ], [ 1.558283, 44.157528 ], [ 1.559044, 44.157806 ], [ 1.559168, 44.157468 ], [ 1.558407, 44.15719 ], [ 1.557646, 44.156911 ], [ 1.555201, 44.153159 ], [ 1.555786, 44.151033 ], [ 1.558083, 44.146912 ], [ 1.558277, 44.146609 ], [ 1.559506, 44.144873 ], [ 1.55927, 44.144601 ], [ 1.555861, 44.146143 ], [ 1.550673, 44.147559 ], [ 1.548254, 44.149029 ], [ 1.545838, 44.152116 ], [ 1.543453, 44.152757 ], [ 1.543103, 44.152959 ], [ 1.542754, 44.153161 ], [ 1.541334681449458, 44.154303361500048 ], [ 1.540716, 44.154015 ], [ 1.540364, 44.153938 ], [ 1.534935, 44.152431 ], [ 1.534528, 44.152187 ], [ 1.533011, 44.151745 ], [ 1.530637, 44.152373 ], [ 1.526149, 44.151062 ], [ 1.525542, 44.150579 ], [ 1.524935, 44.150096 ], [ 1.52471, 44.150378 ], [ 1.525317, 44.150861 ], [ 1.526583, 44.156276 ], [ 1.526599, 44.156636 ], [ 1.528888, 44.157552 ], [ 1.533261, 44.160904 ], [ 1.532686, 44.166039 ], [ 1.532908, 44.166323 ], [ 1.535649, 44.171482 ], [ 1.535697, 44.171689 ], [ 1.535781, 44.171901 ], [ 1.535879, 44.172141 ], [ 1.53601, 44.172346 ], [ 1.53625, 44.172636 ], [ 1.53649, 44.172925 ], [ 1.536767, 44.172696 ], [ 1.53788, 44.17019 ], [ 1.537887, 44.16983 ], [ 1.542254, 44.165883 ], [ 1.54301, 44.166001 ], [ 1.544848, 44.166977 ], [ 1.549539, 44.165505 ], [ 1.5509, 44.165868 ], [ 1.552207, 44.166445 ], [ 1.552307, 44.166472 ], [ 1.552399, 44.166124 ], [ 1.54935, 44.162846 ], [ 1.548841349176833, 44.161131326998955 ], [ 1.549252, 44.160925 ], [ 1.550185, 44.15994 ] ], [ [ 1.541808700077512, 44.160045530848492 ], [ 1.542877, 44.163409 ], [ 1.542803, 44.163762 ], [ 1.538688, 44.164489 ], [ 1.536442, 44.164655 ], [ 1.536084, 44.164623 ], [ 1.533865, 44.162319 ], [ 1.533781, 44.162162 ], [ 1.533715, 44.162033 ], [ 1.533094, 44.160295 ], [ 1.531463, 44.155603 ], [ 1.531684, 44.155318 ], [ 1.535498, 44.156164 ], [ 1.537205, 44.157842 ], [ 1.540214394270368, 44.158693207896285 ], [ 1.54075, 44.158001 ], [ 1.543212, 44.155394 ], [ 1.543476, 44.155149 ], [ 1.546627, 44.153703 ], [ 1.550145, 44.15202 ], [ 1.550371, 44.152301 ], [ 1.550216, 44.153749 ], [ 1.549186, 44.156442 ], [ 1.547944, 44.15875 ], [ 1.547854, 44.158878 ], [ 1.547718, 44.158959 ], [ 1.542559, 44.159689 ], [ 1.541808700077512, 44.160045530848492 ] ] ] } },
{ "type": "Feature", "properties": { "codgeo": "82037", "value": 180, "isochrone_group": 3.0, "nb_agences": 2 }, "geometry": { "type": "Polygon", "coordinates": [ [ [ 1.565258, 44.158233 ], [ 1.566488, 44.157077 ], [ 1.566381, 44.156733 ], [ 1.562709, 44.153032 ], [ 1.562091, 44.145155 ], [ 1.566497, 44.143322 ], [ 1.566723, 44.143042 ], [ 1.57024, 44.137399 ], [ 1.57005, 44.137093 ], [ 1.567933, 44.137538 ], [ 1.56087, 44.140051 ], [ 1.55288, 44.142741 ], [ 1.550009, 44.143555 ], [ 1.549695, 44.143731 ], [ 1.547767, 44.147464 ], [ 1.543788266785332, 44.14948149460762 ], [ 1.542009, 44.149934 ], [ 1.540937, 44.149879 ], [ 1.534168, 44.148469 ], [ 1.534032, 44.148418 ], [ 1.529149, 44.148438 ], [ 1.524623, 44.146148 ], [ 1.524147, 44.145754 ], [ 1.520214, 44.145607 ], [ 1.519253, 44.145722 ], [ 1.519031, 44.146005 ], [ 1.521114, 44.15189 ], [ 1.522253, 44.158461 ], [ 1.522745, 44.158492 ], [ 1.527176, 44.159316 ], [ 1.526869, 44.167471 ], [ 1.526637, 44.167746 ], [ 1.527436, 44.168443 ], [ 1.529728, 44.169651 ], [ 1.536146, 44.17414 ], [ 1.537009, 44.175388 ], [ 1.538526, 44.177814 ], [ 1.538854, 44.177962 ], [ 1.539241, 44.177832 ], [ 1.539424, 44.177537 ], [ 1.543393, 44.173887 ], [ 1.547536, 44.172721 ], [ 1.547638, 44.172682 ], [ 1.548014, 44.172539 ], [ 1.548389, 44.172395 ], [ 1.548711, 44.172244 ], [ 1.549036, 44.172071 ], [ 1.557282, 44.170449 ], [ 1.560017, 44.171072 ], [ 1.560459, 44.170884 ], [ 1.560621, 44.170562 ], [ 1.560223, 44.170302 ], [ 1.556539, 44.165081 ], [ 1.557942188474824, 44.161295959435719 ], [ 1.560752, 44.160383 ], [ 1.565258, 44.158233 ] ], [ [ 1.548841349176833, 44.161131326998955 ], [ 1.54935, 44.162846 ], [ 1.552399, 44.166124 ], [ 1.552307, 44.166472 ], [ 1.552207, 44.166445 ], [ 1.5509, 44.165868 ], [ 1.549539, 44.165505 ], [ 1.544848, 44.166977 ], [ 1.54301, 44.166001 ], [ 1.542254, 44.165883 ], [ 1.537887, 44.16983 ], [ 1.53788, 44.17019 ], [ 1.536767, 44.172696 ], [ 1.53649, 44.172925 ], [ 1.53625, 44.172636 ], [ 1.53601, 44.172346 ], [ 1.535879, 44.172141 ], [ 1.535781, 44.171901 ], [ 1.535697, 44.171689 ], [ 1.535649, 44.171482 ], [ 1.532908, 44.166323 ], [ 1.532686, 44.166039 ], [ 1.533261, 44.160904 ], [ 1.528888, 44.157552 ], [ 1.526599, 44.156636 ], [ 1.526583, 44.156276 ], [ 1.525317, 44.150861 ], [ 1.52471, 44.150378 ], [ 1.524935, 44.150096 ], [ 1.525542, 44.150579 ], [ 1.526149, 44.151062 ], [ 1.530637, 44.152373 ], [ 1.533011, 44.151745 ], [ 1.534528, 44.152187 ], [ 1.534935, 44.152431 ], [ 1.540364, 44.153938 ], [ 1.540716, 44.154015 ], [ 1.541334681449458, 44.154303361500048 ], [ 1.542754, 44.153161 ], [ 1.543103, 44.152959 ], [ 1.543453, 44.152757 ], [ 1.545838, 44.152116 ], [ 1.548254, 44.149029 ], [ 1.550673, 44.147559 ], [ 1.555861, 44.146143 ], [ 1.55927, 44.144601 ], [ 1.559506, 44.144873 ], [ 1.558277, 44.146609 ], [ 1.558083, 44.146912 ], [ 1.555786, 44.151033 ], [ 1.555201, 44.153159 ], [ 1.557646, 44.156911 ], [ 1.558407, 44.15719 ], [ 1.559168, 44.157468 ], [ 1.559044, 44.157806 ], [ 1.558283, 44.157528 ], [ 1.557523, 44.157249 ], [ 1.557244, 44.157168 ], [ 1.555897, 44.156918 ], [ 1.554817, 44.156747 ], [ 1.550392, 44.159645 ], [ 1.550185, 44.15994 ], [ 1.549252, 44.160925 ], [ 1.548841349176833, 44.161131326998955 ] ] ] } },
{ "type": "Feature", "properties": { "codgeo": "82037", "value": 240, "isochrone_group": 4.0, "nb_agences": 2 }, "geometry": { "type": "Polygon", "coordinates": [ [ [ 1.541802, 44.144351 ], [ 1.541119, 44.144105 ], [ 1.540413, 44.144135 ], [ 1.532312, 44.143664 ], [ 1.525656, 44.139372 ], [ 1.524881, 44.136996 ], [ 1.524533, 44.136891 ], [ 1.522563, 44.13753 ], [ 1.513846, 44.139411 ], [ 1.512628, 44.138473 ], [ 1.510432, 44.141325 ], [ 1.514345, 44.147019 ], [ 1.515079, 44.147983 ], [ 1.517996, 44.153923 ], [ 1.516988, 44.157378 ], [ 1.518784, 44.15843 ], [ 1.520043, 44.16633 ], [ 1.517688, 44.168159 ], [ 1.516297, 44.168983 ], [ 1.514721, 44.169648 ], [ 1.51393, 44.17009 ], [ 1.515686, 44.173233 ], [ 1.521984, 44.17323 ], [ 1.522114, 44.17323 ], [ 1.52289, 44.173226 ], [ 1.529141, 44.174485 ], [ 1.5329, 44.181668 ], [ 1.534944, 44.184631 ], [ 1.540627, 44.185782 ], [ 1.542895, 44.18417 ], [ 1.543375, 44.18384 ], [ 1.544729, 44.181072 ], [ 1.548928, 44.176055 ], [ 1.551379, 44.174947 ], [ 1.557643, 44.173629 ], [ 1.564117, 44.175478 ], [ 1.569415, 44.176846 ], [ 1.570585, 44.17664 ], [ 1.570833, 44.176476 ], [ 1.571244, 44.175297 ], [ 1.571441, 44.174414 ], [ 1.571432, 44.174034 ], [ 1.571313, 44.173787 ], [ 1.569074, 44.171411 ], [ 1.566449, 44.166786 ], [ 1.567274200128149, 44.162796536650653 ], [ 1.571269, 44.160611 ], [ 1.576364, 44.15335 ], [ 1.576125, 44.15308 ], [ 1.570149, 44.146358 ], [ 1.570243, 44.14601 ], [ 1.570953, 44.137156 ], [ 1.573325, 44.136559 ], [ 1.575703, 44.13596 ], [ 1.576152, 44.13583 ], [ 1.57663, 44.135689 ], [ 1.580317, 44.135305 ], [ 1.581879, 44.129369 ], [ 1.581581, 44.129168 ], [ 1.579838, 44.131272 ], [ 1.573237, 44.13621 ], [ 1.568962610894384, 44.136130687279675 ], [ 1.568842, 44.135937 ], [ 1.568316943687433, 44.13613683155863 ], [ 1.559892, 44.136369 ], [ 1.559622, 44.136132 ], [ 1.55534, 44.139689 ], [ 1.551667117641118, 44.143068514222399 ], [ 1.551069, 44.143146 ], [ 1.550861, 44.143292 ], [ 1.550843416282699, 44.143318422203386 ], [ 1.55288, 44.142741 ], [ 1.56087, 44.140051 ], [ 1.567933, 44.137538 ], [ 1.57005, 44.137093 ], [ 1.57024, 44.137399 ], [ 1.566723, 44.143042 ], [ 1.566497, 44.143322 ], [ 1.562091, 44.145155 ], [ 1.562709, 44.153032 ], [ 1.566381, 44.156733 ], [ 1.566488, 44.157077 ], [ 1.565258, 44.158233 ], [ 1.560752, 44.160383 ], [ 1.557942188474824, 44.161295959435719 ], [ 1.556539, 44.165081 ], [ 1.560223, 44.170302 ], [ 1.560621, 44.170562 ], [ 1.560459, 44.170884 ], [ 1.560017, 44.171072 ], [ 1.557282, 44.170449 ], [ 1.549036, 44.172071 ], [ 1.548711, 44.172244 ], [ 1.548389, 44.172395 ], [ 1.548014, 44.172539 ], [ 1.547638, 44.172682 ], [ 1.547536, 44.172721 ], [ 1.543393, 44.173887 ], [ 1.539424, 44.177537 ], [ 1.539241, 44.177832 ], [ 1.538854, 44.177962 ], [ 1.538526, 44.177814 ], [ 1.537009, 44.175388 ], [ 1.536146, 44.17414 ], [ 1.529728, 44.169651 ], [ 1.527436, 44.168443 ], [ 1.526637, 44.167746 ], [ 1.526869, 44.167471 ], [ 1.527176, 44.159316 ], [ 1.522745, 44.158492 ], [ 1.522253, 44.158461 ], [ 1.521114, 44.15189 ], [ 1.519031, 44.146005 ], [ 1.519253, 44.145722 ], [ 1.520214, 44.145607 ], [ 1.524147, 44.145754 ], [ 1.524623, 44.146148 ], [ 1.529149, 44.148438 ], [ 1.534032, 44.148418 ], [ 1.534168, 44.148469 ], [ 1.540937, 44.149879 ], [ 1.542009, 44.149934 ], [ 1.543788266785332, 44.14948149460762 ], [ 1.547767, 44.147464 ], [ 1.548657682636364, 44.145739457322847 ], [ 1.541802, 44.144351 ] ] ] } },
{ "type": "Feature", "properties": { "codgeo": "82037", "value": 300, "isochrone_group": 5.0, "nb_agences": 2 }, "geometry": { "type": "Polygon", "coordinates": [ [ [ 1.559808, 44.133362 ], [ 1.553995, 44.134939 ], [ 1.553098, 44.137289 ], [ 1.55213810960501, 44.140476619695356 ], [ 1.550672, 44.141199 ], [ 1.544748, 44.140079 ], [ 1.53659, 44.139303 ], [ 1.533158, 44.14039 ], [ 1.527673, 44.13541 ], [ 1.527564, 44.134586 ], [ 1.527353, 44.134104 ], [ 1.526807, 44.13209 ], [ 1.526355, 44.131179 ], [ 1.524959, 44.12964 ], [ 1.524931, 44.12963 ], [ 1.521483, 44.129805 ], [ 1.515675, 44.136621 ], [ 1.510101, 44.136321 ], [ 1.506988, 44.13419 ], [ 1.504952, 44.132645 ], [ 1.502915, 44.1311 ], [ 1.500739, 44.133968 ], [ 1.502776, 44.135513 ], [ 1.504812, 44.137058 ], [ 1.507486, 44.139087 ], [ 1.510161, 44.141117 ], [ 1.510432836666275, 44.141326217474514 ], [ 1.510432, 44.141325 ], [ 1.512628, 44.138473 ], [ 1.513846, 44.139411 ], [ 1.522563, 44.13753 ], [ 1.524533, 44.136891 ], [ 1.524881, 44.136996 ], [ 1.525656, 44.139372 ], [ 1.532312, 44.143664 ], [ 1.540413, 44.144135 ], [ 1.541119, 44.144105 ], [ 1.541802, 44.144351 ], [ 1.54908373829884, 44.145825744879588 ], [ 1.549613230468228, 44.145166963055978 ], [ 1.550861, 44.143292 ], [ 1.551069, 44.143146 ], [ 1.551667117641118, 44.143068514222399 ], [ 1.55534, 44.139689 ], [ 1.559622, 44.136132 ], [ 1.559892, 44.136369 ], [ 1.568316943687433, 44.13613683155863 ], [ 1.568842, 44.135937 ], [ 1.568962610894384, 44.136130687279675 ], [ 1.573237, 44.13621 ], [ 1.579838, 44.131272 ], [ 1.581581, 44.129168 ], [ 1.581879, 44.129369 ], [ 1.580317, 44.135305 ], [ 1.57663, 44.135689 ], [ 1.576152, 44.13583 ], [ 1.575703, 44.13596 ], [ 1.573325, 44.136559 ], [ 1.570953, 44.137156 ], [ 1.570243, 44.14601 ], [ 1.570149, 44.146358 ], [ 1.576125, 44.15308 ], [ 1.576364, 44.15335 ], [ 1.571269, 44.160611 ], [ 1.567274200128149, 44.162796536650653 ], [ 1.566449, 44.166786 ], [ 1.569074, 44.171411 ], [ 1.571313, 44.173787 ], [ 1.571432, 44.174034 ], [ 1.571441, 44.174414 ], [ 1.571244, 44.175297 ], [ 1.570833, 44.176476 ], [ 1.570585, 44.17664 ], [ 1.569415, 44.176846 ], [ 1.564117, 44.175478 ], [ 1.557643, 44.173629 ], [ 1.551379, 44.174947 ], [ 1.548928, 44.176055 ], [ 1.544729, 44.181072 ], [ 1.543375, 44.18384 ], [ 1.542895, 44.18417 ], [ 1.540627, 44.185782 ], [ 1.534944, 44.184631 ], [ 1.5329, 44.181668 ], [ 1.529141, 44.174485 ], [ 1.52289, 44.173226 ], [ 1.522114, 44.17323 ], [ 1.521984, 44.17323 ], [ 1.515686, 44.173233 ], [ 1.51393, 44.17009 ], [ 1.514721, 44.169648 ], [ 1.516297, 44.168983 ], [ 1.517688, 44.168159 ], [ 1.520043, 44.16633 ], [ 1.518784, 44.15843 ], [ 1.516988, 44.157378 ], [ 1.517996, 44.153923 ], [ 1.515079, 44.147983 ], [ 1.514345, 44.147019 ], [ 1.512172357185277, 44.143857479890848 ], [ 1.513937, 44.149244 ], [ 1.511698, 44.152704 ], [ 1.510434, 44.154232 ], [ 1.510551, 44.154784 ], [ 1.511145, 44.155842 ], [ 1.51158, 44.156282 ], [ 1.512114, 44.156678 ], [ 1.513551, 44.158213 ], [ 1.513636, 44.158307 ], [ 1.517308, 44.162602 ], [ 1.510483, 44.168099 ], [ 1.506497, 44.168949 ], [ 1.501374, 44.171694 ], [ 1.502148, 44.175209 ], [ 1.508554, 44.174966 ], [ 1.513473, 44.175987 ], [ 1.520159, 44.177479 ], [ 1.522946, 44.179758 ], [ 1.528447, 44.184523 ], [ 1.528668, 44.189869 ], [ 1.528642, 44.190147 ], [ 1.530157, 44.191845 ], [ 1.530495, 44.191839 ], [ 1.532226, 44.190487 ], [ 1.539759, 44.189519 ], [ 1.544049, 44.191814 ], [ 1.547424, 44.191417 ], [ 1.547442, 44.191266 ], [ 1.54795, 44.186599 ], [ 1.552575, 44.180065 ], [ 1.558769, 44.176965 ], [ 1.560383, 44.1764 ], [ 1.568279, 44.180657 ], [ 1.572337, 44.182167 ], [ 1.575711, 44.183421 ], [ 1.577683, 44.179892 ], [ 1.575716, 44.175359 ], [ 1.577046, 44.168869 ], [ 1.577108, 44.168738 ], [ 1.575904, 44.166211 ], [ 1.573593468194578, 44.164696055179533 ], [ 1.573724, 44.164534 ], [ 1.573853, 44.16444 ], [ 1.577327, 44.162121 ], [ 1.577419, 44.161998 ], [ 1.57777, 44.161105 ], [ 1.579096, 44.156413 ], [ 1.585594, 44.152888 ], [ 1.589239, 44.15227 ], [ 1.590073, 44.151841 ], [ 1.590215, 44.150681 ], [ 1.590219, 44.150026 ], [ 1.588425, 44.14864 ], [ 1.586205, 44.14934 ], [ 1.584532, 44.14923 ], [ 1.583069, 44.148749 ], [ 1.582461, 44.148565 ], [ 1.58176, 44.148509 ], [ 1.581085, 44.148574 ], [ 1.57639, 44.146912 ], [ 1.574555, 44.145408 ], [ 1.577336, 44.137147 ], [ 1.583295, 44.139291 ], [ 1.58413, 44.138589 ], [ 1.584628, 44.138011 ], [ 1.584944, 44.13736 ], [ 1.587547, 44.132133 ], [ 1.587532, 44.123914 ], [ 1.588614, 44.123024 ], [ 1.586949, 44.121162 ], [ 1.585325, 44.120754 ], [ 1.584553, 44.121892 ], [ 1.577721, 44.125965 ], [ 1.577319, 44.126381 ], [ 1.576978, 44.126868 ], [ 1.573244899436286, 44.133882004951786 ], [ 1.57047, 44.135236 ], [ 1.567148, 44.135544 ], [ 1.56680905812203, 44.135679781520452 ], [ 1.562226, 44.136024 ], [ 1.559808, 44.133362 ] ] ] } },
{ "type": "Feature", "properties": { "codgeo": "82037", "value": 360, "isochrone_group": 6.0, "nb_agences": 2 }, "geometry": { "type": "MultiPolygon", "coordinates": [ [ [ [ 1.50748594022864, 44.139087361303176 ], [ 1.506123, 44.147326 ], [ 1.505454, 44.14856 ], [ 1.504276, 44.150416 ], [ 1.505757, 44.154536 ], [ 1.506511, 44.156915 ], [ 1.506863, 44.157962 ], [ 1.506357, 44.163784 ], [ 1.503756, 44.166911 ], [ 1.496665, 44.17055 ], [ 1.495774, 44.176819 ], [ 1.495909, 44.180416 ], [ 1.497374, 44.180361 ], [ 1.498406, 44.180084 ], [ 1.49974, 44.179739 ], [ 1.499984, 44.179588 ], [ 1.500809, 44.177343 ], [ 1.50951, 44.176857 ], [ 1.51084, 44.180202 ], [ 1.513609, 44.183646 ], [ 1.514995, 44.184826 ], [ 1.516306, 44.185592 ], [ 1.523993, 44.18951 ], [ 1.525015, 44.192962 ], [ 1.527923, 44.200429 ], [ 1.529968, 44.201373 ], [ 1.530306, 44.201324 ], [ 1.531522, 44.200372 ], [ 1.536003, 44.19404 ], [ 1.540862, 44.193622 ], [ 1.540903, 44.193632 ], [ 1.544241, 44.194537 ], [ 1.551, 44.197472 ], [ 1.55137, 44.197239 ], [ 1.552446, 44.196294 ], [ 1.553819, 44.194601 ], [ 1.55283, 44.18776 ], [ 1.554839, 44.184772 ], [ 1.563379, 44.182338 ], [ 1.565972, 44.184836 ], [ 1.569416, 44.191307 ], [ 1.569482, 44.191788 ], [ 1.573048, 44.191297 ], [ 1.579956, 44.186301 ], [ 1.580261, 44.185292 ], [ 1.580362, 44.184707 ], [ 1.580253, 44.183735 ], [ 1.582355, 44.17515 ], [ 1.584618, 44.171514 ], [ 1.58528, 44.167975 ], [ 1.582141, 44.167389 ], [ 1.579499934141483, 44.164067726743362 ], [ 1.579128, 44.16075 ], [ 1.586859, 44.157182 ], [ 1.590074, 44.155563 ], [ 1.597319, 44.152035 ], [ 1.600681, 44.148113 ], [ 1.599936, 44.146258 ], [ 1.598628, 44.145156 ], [ 1.598619, 44.145163 ], [ 1.596649, 44.147219 ], [ 1.589425, 44.145111 ], [ 1.591684, 44.136988 ], [ 1.591796, 44.136873 ], [ 1.593015, 44.130197 ], [ 1.595745, 44.127851 ], [ 1.594206, 44.12606 ], [ 1.593161, 44.125207 ], [ 1.592133, 44.117093 ], [ 1.593843, 44.114541 ], [ 1.590852, 44.112537 ], [ 1.583482, 44.116162 ], [ 1.581754, 44.11569 ], [ 1.580621, 44.115213 ], [ 1.580106, 44.115365 ], [ 1.579701, 44.115542 ], [ 1.579327, 44.115763 ], [ 1.578707, 44.116833 ], [ 1.578752, 44.117186 ], [ 1.574193, 44.12436 ], [ 1.571852, 44.124308 ], [ 1.571517, 44.124505 ], [ 1.572841, 44.127811 ], [ 1.569787953137427, 44.135299236132951 ], [ 1.57047, 44.135236 ], [ 1.573244899436286, 44.133882004951786 ], [ 1.576978, 44.126868 ], [ 1.577319, 44.126381 ], [ 1.577721, 44.125965 ], [ 1.584553, 44.121892 ], [ 1.585325, 44.120754 ], [ 1.586949, 44.121162 ], [ 1.588614, 44.123024 ], [ 1.587532, 44.123914 ], [ 1.587547, 44.132133 ], [ 1.584944, 44.13736 ], [ 1.584628, 44.138011 ], [ 1.58413, 44.138589 ], [ 1.583295, 44.139291 ], [ 1.577336, 44.137147 ], [ 1.574555, 44.145408 ], [ 1.57639, 44.146912 ], [ 1.581085, 44.148574 ], [ 1.58176, 44.148509 ], [ 1.582461, 44.148565 ], [ 1.583069, 44.148749 ], [ 1.584532, 44.14923 ], [ 1.586205, 44.14934 ], [ 1.588425, 44.14864 ], [ 1.590219, 44.150026 ], [ 1.590215, 44.150681 ], [ 1.590073, 44.151841 ], [ 1.589239, 44.15227 ], [ 1.585594, 44.152888 ], [ 1.579096, 44.156413 ], [ 1.57777, 44.161105 ], [ 1.577419, 44.161998 ], [ 1.577327, 44.162121 ], [ 1.573853, 44.16444 ], [ 1.573724, 44.164534 ], [ 1.573593468194578, 44.164696055179533 ], [ 1.575904, 44.166211 ], [ 1.577108, 44.168738 ], [ 1.577046, 44.168869 ], [ 1.575716, 44.175359 ], [ 1.577683, 44.179892 ], [ 1.575711, 44.183421 ], [ 1.572337, 44.182167 ], [ 1.568279, 44.180657 ], [ 1.560383, 44.1764 ], [ 1.558769, 44.176965 ], [ 1.552575, 44.180065 ], [ 1.54795, 44.186599 ], [ 1.547442, 44.191266 ], [ 1.547424, 44.191417 ], [ 1.544049, 44.191814 ], [ 1.539759, 44.189519 ], [ 1.532226, 44.190487 ], [ 1.530495, 44.191839 ], [ 1.530157, 44.191845 ], [ 1.528642, 44.190147 ], [ 1.528668, 44.189869 ], [ 1.528447, 44.184523 ], [ 1.522946, 44.179758 ], [ 1.520159, 44.177479 ], [ 1.513473, 44.175987 ], [ 1.508554, 44.174966 ], [ 1.502148, 44.175209 ], [ 1.501374, 44.171694 ], [ 1.506497, 44.168949 ], [ 1.510483, 44.168099 ], [ 1.517308, 44.162602 ], [ 1.513636, 44.158307 ], [ 1.513551, 44.158213 ], [ 1.512114, 44.156678 ], [ 1.51158, 44.156282 ], [ 1.511145, 44.155842 ], [ 1.510551, 44.154784 ], [ 1.510434, 44.154232 ], [ 1.511698, 44.152704 ], [ 1.513937, 44.149244 ], [ 1.51165, 44.142263 ], [ 1.510161, 44.141117 ], [ 1.507486, 44.139087 ], [ 1.506442084273131, 44.138294888926779 ], [ 1.506442, 44.138295 ], [ 1.50748594022864, 44.139087361303176 ] ] ], [ [ [ 1.561835234843269, 44.135593802792698 ], [ 1.562226, 44.136024 ], [ 1.562348970627267, 44.136014764079086 ], [ 1.561835234843269, 44.135593802792698 ] ] ], [ [ [ 1.558383, 44.132765 ], [ 1.558126, 44.131486 ], [ 1.555255, 44.130984 ], [ 1.554527, 44.131539 ], [ 1.554138, 44.134349 ], [ 1.551481503041751, 44.136322658235073 ], [ 1.548422, 44.137547 ], [ 1.545168, 44.137593 ], [ 1.542253097528605, 44.138490088554853 ], [ 1.541744, 44.138469 ], [ 1.541466423301529, 44.13861129354445 ], [ 1.53514, 44.137623 ], [ 1.532651, 44.136305 ], [ 1.526355, 44.131179 ], [ 1.526807, 44.13209 ], [ 1.527353, 44.134104 ], [ 1.527564, 44.134586 ], [ 1.527673, 44.13541 ], [ 1.533158, 44.14039 ], [ 1.53659, 44.139303 ], [ 1.544748, 44.140079 ], [ 1.550672, 44.141199 ], [ 1.55213810960501, 44.140476619695356 ], [ 1.553098, 44.137289 ], [ 1.553995, 44.134939 ], [ 1.559284792996891, 44.133503940038516 ], [ 1.558383, 44.132765 ] ] ], [ [ [ 1.525367, 44.126875 ], [ 1.52544, 44.125723 ], [ 1.526267, 44.122238 ], [ 1.523139, 44.120457 ], [ 1.522172, 44.122156 ], [ 1.52195, 44.122646 ], [ 1.521578, 44.124274 ], [ 1.521784, 44.126525 ], [ 1.521489, 44.129735 ], [ 1.521484703637608, 44.129804913533462 ], [ 1.524931, 44.12963 ], [ 1.524959, 44.12964 ], [ 1.526355, 44.131179 ], [ 1.525367, 44.126875 ] ] ], [ [ [ 1.514257, 44.13572 ], [ 1.513366, 44.135167 ], [ 1.511554, 44.134387 ], [ 1.509008, 44.13281 ], [ 1.508815, 44.132638 ], [ 1.507851, 44.131901 ], [ 1.501636, 44.130129 ], [ 1.499146, 44.128248 ], [ 1.496652, 44.126363 ], [ 1.494699, 44.124899 ], [ 1.492745, 44.123434 ], [ 1.490586, 44.126314 ], [ 1.492539, 44.127779 ], [ 1.494492, 44.129243 ], [ 1.496976, 44.131121 ], [ 1.499466, 44.133002 ], [ 1.502137, 44.135029 ], [ 1.504812, 44.137058 ], [ 1.502776, 44.135513 ], [ 1.500739, 44.133968 ], [ 1.502915, 44.1311 ], [ 1.504952, 44.132645 ], [ 1.506988, 44.13419 ], [ 1.510101, 44.136321 ], [ 1.515675, 44.136621 ], [ 1.519773936298847, 44.1318106780625 ], [ 1.514257, 44.13572 ] ] ] ] } },
{ "type": "Feature", "properties": { "codgeo": "82037", "value": 420, "isochrone_group": 7.0, "nb_agences": 2 }, "geometry": { "type": "MultiPolygon", "coordinates": [ [ [ [ 1.592809, 44.158728 ], [ 1.599647, 44.154242 ], [ 1.600791, 44.153927 ], [ 1.601753, 44.153701 ], [ 1.6024, 44.153426 ], [ 1.604042, 44.152657 ], [ 1.607969, 44.147204 ], [ 1.607471, 44.143639 ], [ 1.606973, 44.143207 ], [ 1.605623, 44.142334 ], [ 1.601847, 44.134713 ], [ 1.601612, 44.131121 ], [ 1.597437, 44.123988 ], [ 1.597349, 44.117072 ], [ 1.598841, 44.113795 ], [ 1.599065, 44.106817 ], [ 1.596086, 44.104795 ], [ 1.594166, 44.107624 ], [ 1.592246, 44.110452 ], [ 1.585313, 44.111983 ], [ 1.582399, 44.111305 ], [ 1.574512, 44.109463 ], [ 1.572982, 44.112722 ], [ 1.574768, 44.117325 ], [ 1.569465, 44.12385 ], [ 1.567387, 44.123037 ], [ 1.566075, 44.12639 ], [ 1.557339, 44.126691 ], [ 1.55677, 44.126582 ], [ 1.556475, 44.126563 ], [ 1.554963, 44.12837 ], [ 1.554403, 44.129024 ], [ 1.548775987433825, 44.132347213822037 ], [ 1.548533, 44.132394 ], [ 1.541713, 44.132858 ], [ 1.53437, 44.131107 ], [ 1.526355, 44.131179 ], [ 1.532651, 44.136305 ], [ 1.53514, 44.137623 ], [ 1.541466423301529, 44.13861129354445 ], [ 1.541744, 44.138469 ], [ 1.542253097528605, 44.138490088554853 ], [ 1.545168, 44.137593 ], [ 1.548422, 44.137547 ], [ 1.551481503041751, 44.136322658235073 ], [ 1.554138, 44.134349 ], [ 1.554527, 44.131539 ], [ 1.555255, 44.130984 ], [ 1.558126, 44.131486 ], [ 1.558383, 44.132765 ], [ 1.562499695278067, 44.136138269672564 ], [ 1.569722, 44.135461 ], [ 1.572841, 44.127811 ], [ 1.571517, 44.124505 ], [ 1.571852, 44.124308 ], [ 1.574193, 44.12436 ], [ 1.578752, 44.117186 ], [ 1.578707, 44.116833 ], [ 1.579327, 44.115763 ], [ 1.579701, 44.115542 ], [ 1.580106, 44.115365 ], [ 1.580621, 44.115213 ], [ 1.581754, 44.11569 ], [ 1.583482, 44.116162 ], [ 1.590852, 44.112537 ], [ 1.593843, 44.114541 ], [ 1.592133, 44.117093 ], [ 1.593161, 44.125207 ], [ 1.594206, 44.12606 ], [ 1.595745, 44.127851 ], [ 1.593015, 44.130197 ], [ 1.591796, 44.136873 ], [ 1.591684, 44.136988 ], [ 1.589425, 44.145111 ], [ 1.596649, 44.147219 ], [ 1.598619, 44.145163 ], [ 1.598628, 44.145156 ], [ 1.599936, 44.146258 ], [ 1.600681, 44.148113 ], [ 1.597319, 44.152035 ], [ 1.590074, 44.155563 ], [ 1.586859, 44.157182 ], [ 1.579128, 44.16075 ], [ 1.579499934141483, 44.164067726743362 ], [ 1.582141, 44.167389 ], [ 1.58528, 44.167975 ], [ 1.584618, 44.171514 ], [ 1.582355, 44.17515 ], [ 1.581212063909639, 44.17981798588761 ], [ 1.584912, 44.175694 ], [ 1.587251, 44.176433 ], [ 1.593648, 44.173182 ], [ 1.594653, 44.172806 ], [ 1.594734, 44.172732 ], [ 1.594926, 44.172326 ], [ 1.595295, 44.171084 ], [ 1.595229, 44.170795 ], [ 1.594244, 44.169632 ], [ 1.59381, 44.169559 ], [ 1.591266037650238, 44.169086370823123 ], [ 1.591465, 44.160477 ], [ 1.592809, 44.158728 ] ] ], [ [ [ 1.529777, 44.122053 ], [ 1.530944, 44.121801 ], [ 1.532098, 44.116419 ], [ 1.52997, 44.113516 ], [ 1.529519, 44.113846 ], [ 1.529075, 44.114247 ], [ 1.521233, 44.118459 ], [ 1.519647, 44.118433 ], [ 1.518083, 44.118238 ], [ 1.517638, 44.12181 ], [ 1.521784, 44.126525 ], [ 1.521578, 44.124274 ], [ 1.52195, 44.122646 ], [ 1.522172, 44.122156 ], [ 1.523139, 44.120457 ], [ 1.526267, 44.122238 ], [ 1.52544, 44.125723 ], [ 1.525367, 44.126875 ], [ 1.529777, 44.122053 ] ] ], [ [ [ 1.512618, 44.129976 ], [ 1.509039, 44.129588 ], [ 1.50089, 44.126368 ], [ 1.493722, 44.124166 ], [ 1.490821, 44.121991 ], [ 1.490361, 44.121604 ], [ 1.488024, 44.119593 ], [ 1.487947, 44.119586 ], [ 1.486623, 44.120009 ], [ 1.486609, 44.120021 ], [ 1.486258, 44.122945 ], [ 1.487678, 44.124005 ], [ 1.48807, 44.124395 ], [ 1.489706, 44.132249 ], [ 1.487614, 44.135178 ], [ 1.489308, 44.136388 ], [ 1.491002, 44.137598 ], [ 1.492962, 44.138998 ], [ 1.496727, 44.146598 ], [ 1.497969, 44.148033 ], [ 1.500063, 44.155968 ], [ 1.500119, 44.158177 ], [ 1.50033, 44.158499 ], [ 1.49965, 44.167457 ], [ 1.494256, 44.17042 ], [ 1.491439, 44.170737 ], [ 1.489741, 44.170678 ], [ 1.489615, 44.174276 ], [ 1.484427, 44.181179 ], [ 1.486012, 44.184411 ], [ 1.488445, 44.183218 ], [ 1.489452, 44.182529 ], [ 1.493377, 44.181131 ], [ 1.499171, 44.183303 ], [ 1.506546, 44.187563 ], [ 1.508034, 44.189178 ], [ 1.513556, 44.193053 ], [ 1.52144, 44.195415 ], [ 1.522579, 44.197969 ], [ 1.523342, 44.201488 ], [ 1.523554, 44.208914 ], [ 1.523542, 44.209005 ], [ 1.524187, 44.210052 ], [ 1.525847, 44.210691 ], [ 1.527361, 44.210999 ], [ 1.531802, 44.208477 ], [ 1.533098, 44.207259 ], [ 1.533225, 44.207096 ], [ 1.532259, 44.204906 ], [ 1.530466247059434, 44.201198543420581 ], [ 1.530306, 44.201324 ], [ 1.529968, 44.201373 ], [ 1.527923, 44.200429 ], [ 1.525015, 44.192962 ], [ 1.523993, 44.18951 ], [ 1.516306, 44.185592 ], [ 1.514995, 44.184826 ], [ 1.513609, 44.183646 ], [ 1.51084, 44.180202 ], [ 1.50951, 44.176857 ], [ 1.500809, 44.177343 ], [ 1.499984, 44.179588 ], [ 1.49974, 44.179739 ], [ 1.498406, 44.180084 ], [ 1.497374, 44.180361 ], [ 1.495909, 44.180416 ], [ 1.495774, 44.176819 ], [ 1.496665, 44.17055 ], [ 1.503756, 44.166911 ], [ 1.506357, 44.163784 ], [ 1.506863, 44.157962 ], [ 1.506511, 44.156915 ], [ 1.505757, 44.154536 ], [ 1.504276, 44.150416 ], [ 1.505454, 44.14856 ], [ 1.506123, 44.147326 ], [ 1.50748594022864, 44.139087361303176 ], [ 1.506442, 44.138295 ], [ 1.506442084273131, 44.138294888926779 ], [ 1.504812, 44.137058 ], [ 1.502137, 44.135029 ], [ 1.499466, 44.133002 ], [ 1.496976, 44.131121 ], [ 1.494492, 44.129243 ], [ 1.492539, 44.127779 ], [ 1.490586, 44.126314 ], [ 1.492745, 44.123434 ], [ 1.494699, 44.124899 ], [ 1.496652, 44.126363 ], [ 1.499146, 44.128248 ], [ 1.501636, 44.130129 ], [ 1.507851, 44.131901 ], [ 1.508815, 44.132638 ], [ 1.509008, 44.13281 ], [ 1.511554, 44.134387 ], [ 1.513366, 44.135167 ], [ 1.514257, 44.13572 ], [ 1.521498, 44.130589 ], [ 1.521467, 44.130093 ], [ 1.521489, 44.129735 ], [ 1.512618, 44.129976 ] ] ], [ [ [ 1.537346997964296, 44.193924381323498 ], [ 1.536003, 44.19404 ], [ 1.535876952082863, 44.194218115467834 ], [ 1.537346997964296, 44.193924381323498 ] ] ], [ [ [ 1.541498, 44.197519 ], [ 1.547459, 44.200034 ], [ 1.55244, 44.203369 ], [ 1.555831, 44.20216 ], [ 1.555592, 44.199728 ], [ 1.555295, 44.198216 ], [ 1.556962, 44.191094 ], [ 1.56278, 44.187171 ], [ 1.565156, 44.18743 ], [ 1.567906, 44.194864 ], [ 1.570697, 44.197137 ], [ 1.578636, 44.198406 ], [ 1.581482, 44.196201 ], [ 1.581338, 44.189007 ], [ 1.581057, 44.188058 ], [ 1.580362, 44.184707 ], [ 1.580261, 44.185292 ], [ 1.579956, 44.186301 ], [ 1.573048, 44.191297 ], [ 1.569482, 44.191788 ], [ 1.569416, 44.191307 ], [ 1.565972, 44.184836 ], [ 1.563379, 44.182338 ], [ 1.554839, 44.184772 ], [ 1.55283, 44.18776 ], [ 1.553819, 44.194601 ], [ 1.552446, 44.196294 ], [ 1.55137, 44.197239 ], [ 1.551, 44.197472 ], [ 1.544241, 44.194537 ], [ 1.540903, 44.193632 ], [ 1.540862, 44.193622 ], [ 1.537460857418564, 44.193914586457929 ], [ 1.541498, 44.197519 ] ] ] ] } },
{ "type": "Feature", "properties": { "codgeo": "82037", "value": 480, "isochrone_group": 8.0, "nb_agences": 2 }, "geometry": { "type": "MultiPolygon", "coordinates": [ [ [ [ 1.48977, 44.169462 ], [ 1.488519, 44.168883 ], [ 1.487198, 44.168887 ], [ 1.485727, 44.169415 ], [ 1.486942, 44.172804 ], [ 1.485417980689041, 44.179860430282112 ], [ 1.489615, 44.174276 ], [ 1.489741, 44.170678 ], [ 1.491439, 44.170737 ], [ 1.494256, 44.17042 ], [ 1.48977, 44.169462 ] ] ], [ [ [ 1.483731, 44.181529 ], [ 1.48271, 44.181852 ], [ 1.479573, 44.182282 ], [ 1.476725, 44.182696 ], [ 1.476221, 44.182685 ], [ 1.475603, 44.18264 ], [ 1.475337, 44.18623 ], [ 1.475955, 44.186276 ], [ 1.476636, 44.186295 ], [ 1.480062, 44.185848 ], [ 1.483199, 44.185418 ], [ 1.484151, 44.185202 ], [ 1.488074, 44.184522 ], [ 1.494734, 44.184098 ], [ 1.500198, 44.18475 ], [ 1.502653, 44.18976 ], [ 1.505463, 44.193943 ], [ 1.50837, 44.196065 ], [ 1.512775, 44.197901 ], [ 1.515685, 44.200019 ], [ 1.517452, 44.201415 ], [ 1.517001, 44.209429 ], [ 1.514859, 44.210079 ], [ 1.51375, 44.210221 ], [ 1.513488, 44.210268 ], [ 1.51313, 44.211351 ], [ 1.513081, 44.211847 ], [ 1.514125, 44.213811 ], [ 1.51991, 44.219189 ], [ 1.528424, 44.21658 ], [ 1.529852, 44.214033 ], [ 1.536075, 44.210927 ], [ 1.538543, 44.210044 ], [ 1.538323, 44.208115 ], [ 1.542305, 44.202621 ], [ 1.548359, 44.206816 ], [ 1.554422, 44.208763 ], [ 1.558826, 44.20937 ], [ 1.55969, 44.208715 ], [ 1.560009, 44.207347 ], [ 1.559537, 44.205118 ], [ 1.560308, 44.200518 ], [ 1.568307, 44.200184 ], [ 1.57487, 44.202125 ], [ 1.582559, 44.205563 ], [ 1.58609, 44.206056 ], [ 1.586125, 44.205892 ], [ 1.586231, 44.204298 ], [ 1.584556, 44.201111 ], [ 1.584047, 44.200299 ], [ 1.583414, 44.199262 ], [ 1.584992, 44.190923 ], [ 1.585675, 44.190176 ], [ 1.583389, 44.18792 ], [ 1.580253, 44.183735 ], [ 1.580362, 44.184707 ], [ 1.581057, 44.188058 ], [ 1.581338, 44.189007 ], [ 1.581482, 44.196201 ], [ 1.578636, 44.198406 ], [ 1.570697, 44.197137 ], [ 1.567906, 44.194864 ], [ 1.565156, 44.18743 ], [ 1.56278, 44.187171 ], [ 1.556962, 44.191094 ], [ 1.555295, 44.198216 ], [ 1.555592, 44.199728 ], [ 1.555831, 44.20216 ], [ 1.55244, 44.203369 ], [ 1.547459, 44.200034 ], [ 1.541498, 44.197519 ], [ 1.537449, 44.193904 ], [ 1.535467027485443, 44.194300023694232 ], [ 1.531894, 44.197898 ], [ 1.531508, 44.199253 ], [ 1.529951, 44.200133 ], [ 1.532259, 44.204906 ], [ 1.533225, 44.207096 ], [ 1.533098, 44.207259 ], [ 1.531802, 44.208477 ], [ 1.527361, 44.210999 ], [ 1.525847, 44.210691 ], [ 1.524187, 44.210052 ], [ 1.523542, 44.209005 ], [ 1.523554, 44.208914 ], [ 1.523342, 44.201488 ], [ 1.522579, 44.197969 ], [ 1.52144, 44.195415 ], [ 1.513556, 44.193053 ], [ 1.508034, 44.189178 ], [ 1.506546, 44.187563 ], [ 1.499171, 44.183303 ], [ 1.493377, 44.181131 ], [ 1.489452, 44.182529 ], [ 1.488445, 44.183218 ], [ 1.486012, 44.184411 ], [ 1.484428712256311, 44.181182491490468 ], [ 1.483731, 44.181529 ] ] ], [ [ [ 1.587961, 44.177879 ], [ 1.594196, 44.176761 ], [ 1.594522, 44.176753 ], [ 1.599398, 44.175029 ], [ 1.601412, 44.174627 ], [ 1.603475, 44.173295 ], [ 1.60356, 44.172959 ], [ 1.602072, 44.171088 ], [ 1.596457, 44.166809 ], [ 1.594709579738878, 44.162880759763269 ], [ 1.594867, 44.161721 ], [ 1.59524, 44.160576 ], [ 1.598687159656383, 44.155040726805581 ], [ 1.600075333847042, 44.154124058424991 ], [ 1.599647, 44.154242 ], [ 1.592809, 44.158728 ], [ 1.591465, 44.160477 ], [ 1.591266037650238, 44.169086370823123 ], [ 1.59381, 44.169559 ], [ 1.594244, 44.169632 ], [ 1.595229, 44.170795 ], [ 1.595295, 44.171084 ], [ 1.594926, 44.172326 ], [ 1.594734, 44.172732 ], [ 1.594653, 44.172806 ], [ 1.593648, 44.173182 ], [ 1.587251, 44.176433 ], [ 1.584912, 44.175694 ], [ 1.587961, 44.177879 ] ] ], [ [ [ 1.601356629480333, 44.153794118230209 ], [ 1.60587, 44.154013 ], [ 1.609404, 44.153325 ], [ 1.614771, 44.146531 ], [ 1.615829, 44.146378 ], [ 1.617676, 44.146249 ], [ 1.618048, 44.142668 ], [ 1.616805, 44.142539 ], [ 1.609741, 44.137655 ], [ 1.60898, 44.134863 ], [ 1.607984, 44.134513 ], [ 1.605763, 44.133406 ], [ 1.605335, 44.1331 ], [ 1.603972, 44.131983 ], [ 1.601954, 44.12415 ], [ 1.602258, 44.122779 ], [ 1.60383, 44.118507 ], [ 1.602909, 44.117495 ], [ 1.601081, 44.115764 ], [ 1.599349, 44.114133 ], [ 1.603477, 44.106681 ], [ 1.60406, 44.103129 ], [ 1.604468, 44.098851 ], [ 1.603329, 44.097169 ], [ 1.603079, 44.097073 ], [ 1.60297, 44.097045 ], [ 1.601498, 44.096817 ], [ 1.597639, 44.099366 ], [ 1.593073, 44.101674 ], [ 1.592907, 44.10527 ], [ 1.585261, 44.108412 ], [ 1.581947, 44.10716 ], [ 1.581871, 44.107201 ], [ 1.57309, 44.108932 ], [ 1.568365, 44.106831 ], [ 1.565216, 44.107169 ], [ 1.564514, 44.107409 ], [ 1.563943, 44.108709 ], [ 1.564024, 44.109176 ], [ 1.564092, 44.109502 ], [ 1.564351, 44.110192 ], [ 1.564632, 44.110708 ], [ 1.565067, 44.111263 ], [ 1.565427, 44.111603 ], [ 1.565866, 44.111922 ], [ 1.567934, 44.11439 ], [ 1.564454, 44.121263 ], [ 1.561588, 44.12226 ], [ 1.553264, 44.123834 ], [ 1.550976, 44.124653 ], [ 1.550622, 44.125553 ], [ 1.550682, 44.127012 ], [ 1.550082878710587, 44.128801796957461 ], [ 1.545065648014998, 44.130232847101603 ], [ 1.5414, 44.129546 ], [ 1.541229472171763, 44.12966469566161 ], [ 1.54091, 44.129589 ], [ 1.537675, 44.127204 ], [ 1.536762, 44.121014 ], [ 1.53954, 44.113869 ], [ 1.538671, 44.110376 ], [ 1.536156, 44.107559 ], [ 1.534265, 44.106732 ], [ 1.532846, 44.106144 ], [ 1.532501, 44.106489 ], [ 1.53, 44.109546 ], [ 1.527262, 44.112276 ], [ 1.525505663827004, 44.116164118587186 ], [ 1.529075, 44.114247 ], [ 1.529519, 44.113846 ], [ 1.52997, 44.113516 ], [ 1.532098, 44.116419 ], [ 1.530944, 44.121801 ], [ 1.529777, 44.122053 ], [ 1.525367, 44.126875 ], [ 1.526355, 44.131179 ], [ 1.53437, 44.131107 ], [ 1.541713, 44.132858 ], [ 1.548533, 44.132394 ], [ 1.548775987433825, 44.132347213822037 ], [ 1.554403, 44.129024 ], [ 1.554963, 44.12837 ], [ 1.556475, 44.126563 ], [ 1.55677, 44.126582 ], [ 1.557339, 44.126691 ], [ 1.566075, 44.12639 ], [ 1.567387, 44.123037 ], [ 1.569465, 44.12385 ], [ 1.574768, 44.117325 ], [ 1.572982, 44.112722 ], [ 1.574512, 44.109463 ], [ 1.582399, 44.111305 ], [ 1.585313, 44.111983 ], [ 1.592246, 44.110452 ], [ 1.594166, 44.107624 ], [ 1.596086, 44.104795 ], [ 1.599065, 44.106817 ], [ 1.598841, 44.113795 ], [ 1.597349, 44.117072 ], [ 1.597437, 44.123988 ], [ 1.601612, 44.131121 ], [ 1.601847, 44.134713 ], [ 1.605623, 44.142334 ], [ 1.606973, 44.143207 ], [ 1.607471, 44.143639 ], [ 1.607969, 44.147204 ], [ 1.604042, 44.152657 ], [ 1.6024, 44.153426 ], [ 1.601753, 44.153701 ], [ 1.600791, 44.153927 ], [ 1.601356629480333, 44.153794118230209 ] ] ], [ [ [ 1.518088, 44.11728 ], [ 1.517694, 44.116997 ], [ 1.5165, 44.115959 ], [ 1.516028, 44.115456 ], [ 1.51577, 44.115269 ], [ 1.514189, 44.117252 ], [ 1.513583, 44.118068 ], [ 1.512687, 44.119145 ], [ 1.508686, 44.125634 ], [ 1.506344, 44.125749 ], [ 1.504955, 44.126035 ], [ 1.498157, 44.12447 ], [ 1.494252, 44.119296 ], [ 1.494034, 44.118603 ], [ 1.494026, 44.118576 ], [ 1.493787, 44.117856 ], [ 1.493246, 44.117279 ], [ 1.48497, 44.116757 ], [ 1.48415, 44.117027 ], [ 1.477336, 44.11986 ], [ 1.474374, 44.121906 ], [ 1.4764, 44.124838 ], [ 1.477518, 44.126419 ], [ 1.478526, 44.127718 ], [ 1.479146, 44.128437 ], [ 1.479763, 44.129091 ], [ 1.480541, 44.129846 ], [ 1.481002, 44.130262 ], [ 1.481453, 44.130652 ], [ 1.482024, 44.131111 ], [ 1.4828, 44.131715 ], [ 1.484003, 44.132603 ], [ 1.48685, 44.134634 ], [ 1.489448, 44.142901 ], [ 1.491599, 44.145557 ], [ 1.494728, 44.147336 ], [ 1.497638, 44.149374 ], [ 1.494518, 44.156611 ], [ 1.494971, 44.160183 ], [ 1.499825822045019, 44.165140803118682 ], [ 1.50033, 44.158499 ], [ 1.500119, 44.158177 ], [ 1.500063, 44.155968 ], [ 1.497969, 44.148033 ], [ 1.496727, 44.146598 ], [ 1.492962, 44.138998 ], [ 1.491002, 44.137598 ], [ 1.489308, 44.136388 ], [ 1.487614, 44.135178 ], [ 1.489706, 44.132249 ], [ 1.48807, 44.124395 ], [ 1.487678, 44.124005 ], [ 1.486258, 44.122945 ], [ 1.486609, 44.120021 ], [ 1.486623, 44.120009 ], [ 1.487947, 44.119586 ], [ 1.488024, 44.119593 ], [ 1.490361, 44.121604 ], [ 1.490821, 44.121991 ], [ 1.493722, 44.124166 ], [ 1.50089, 44.126368 ], [ 1.509039, 44.129588 ], [ 1.512618, 44.129976 ], [ 1.521489, 44.129735 ], [ 1.521784, 44.126525 ], [ 1.517638, 44.12181 ], [ 1.518083, 44.118238 ], [ 1.519647, 44.118433 ], [ 1.520167390900062, 44.118441530998375 ], [ 1.518088, 44.11728 ] ] ], [ [ [ 1.496928915953704, 44.168951729705078 ], [ 1.49965, 44.167457 ], [ 1.499712400985686, 44.166634958779731 ], [ 1.496928915953704, 44.168951729705078 ] ] ] ] } },
{ "type": "Feature", "properties": { "codgeo": "82037", "value": 540, "isochrone_group": 9.0, "nb_agences": 2 }, "geometry": { "type": "MultiPolygon", "coordinates": [ [ [ [ 1.478555, 44.181013 ], [ 1.475265, 44.179551 ], [ 1.471138, 44.182866 ], [ 1.466601, 44.187427 ], [ 1.465965, 44.19102 ], [ 1.466081, 44.191193 ], [ 1.467612, 44.191885 ], [ 1.467851, 44.191816 ], [ 1.468433, 44.191532 ], [ 1.47063, 44.189104 ], [ 1.476636, 44.186295 ], [ 1.475955, 44.186276 ], [ 1.475337, 44.18623 ], [ 1.475603, 44.18264 ], [ 1.476221, 44.182685 ], [ 1.476725, 44.182696 ], [ 1.479573, 44.182282 ], [ 1.48271, 44.181852 ], [ 1.478555, 44.181013 ] ] ], [ [ [ 1.47707423385005, 44.18623782237858 ], [ 1.477077, 44.186258 ], [ 1.480138, 44.185838 ], [ 1.483199, 44.185418 ], [ 1.480062, 44.185848 ], [ 1.476636, 44.186295 ], [ 1.47707423385005, 44.18623782237858 ] ] ], [ [ [ 1.496398, 44.187647 ], [ 1.497433, 44.191095 ], [ 1.499646, 44.199337 ], [ 1.499572, 44.200709 ], [ 1.499768, 44.201272 ], [ 1.50229, 44.201505 ], [ 1.509649, 44.205049 ], [ 1.506228, 44.212485 ], [ 1.50496, 44.215102 ], [ 1.5042, 44.217313 ], [ 1.506529, 44.221599 ], [ 1.508604, 44.224427 ], [ 1.50888, 44.224326 ], [ 1.511967, 44.222624 ], [ 1.515184, 44.221378 ], [ 1.522242, 44.222631 ], [ 1.524656, 44.223443 ], [ 1.526666, 44.222888 ], [ 1.526867, 44.22261 ], [ 1.526929, 44.222477 ], [ 1.530683, 44.216979 ], [ 1.537613, 44.218071 ], [ 1.540981, 44.219343 ], [ 1.541507, 44.217951 ], [ 1.542179, 44.215918 ], [ 1.542826, 44.213958 ], [ 1.551698, 44.212669 ], [ 1.555364, 44.212727 ], [ 1.558544, 44.211041 ], [ 1.566198, 44.211564 ], [ 1.567919, 44.211736 ], [ 1.568292, 44.211447 ], [ 1.575355, 44.20609 ], [ 1.581897, 44.208757 ], [ 1.583052, 44.211371 ], [ 1.585007, 44.214266 ], [ 1.58604, 44.214826 ], [ 1.587875, 44.214663 ], [ 1.588203, 44.214363 ], [ 1.589265, 44.213226 ], [ 1.588739, 44.212165 ], [ 1.586822, 44.209846 ], [ 1.58992, 44.201954 ], [ 1.590974, 44.20038 ], [ 1.590685, 44.199633 ], [ 1.590111, 44.199039 ], [ 1.589688, 44.198704 ], [ 1.588366, 44.197898 ], [ 1.58538, 44.191299 ], [ 1.587251, 44.188224 ], [ 1.587177, 44.186725 ], [ 1.587128, 44.185934 ], [ 1.593645, 44.179879 ], [ 1.59404, 44.179917 ], [ 1.594709, 44.179909 ], [ 1.595583, 44.179936 ], [ 1.596579, 44.179961 ], [ 1.597725, 44.179675 ], [ 1.605363, 44.177721 ], [ 1.609574, 44.176198 ], [ 1.611486, 44.175371 ], [ 1.611541, 44.175281 ], [ 1.610426, 44.1727 ], [ 1.610374, 44.172687 ], [ 1.606988, 44.171193 ], [ 1.603651, 44.167824 ], [ 1.602608, 44.16697 ], [ 1.599353439982764, 44.164395906718291 ], [ 1.599312, 44.164283 ], [ 1.604508, 44.159691 ], [ 1.608848, 44.161787 ], [ 1.611933, 44.159931 ], [ 1.612377, 44.158194 ], [ 1.611409, 44.154727 ], [ 1.614771, 44.146531 ], [ 1.609404, 44.153325 ], [ 1.60587, 44.154013 ], [ 1.601356629480333, 44.153794118230209 ], [ 1.600791, 44.153927 ], [ 1.600189, 44.154049 ], [ 1.598687159656383, 44.155040726805581 ], [ 1.59524, 44.160576 ], [ 1.594867, 44.161721 ], [ 1.594709579738878, 44.162880759763269 ], [ 1.596457, 44.166809 ], [ 1.602072, 44.171088 ], [ 1.60356, 44.172959 ], [ 1.603475, 44.173295 ], [ 1.601412, 44.174627 ], [ 1.599398, 44.175029 ], [ 1.594522, 44.176753 ], [ 1.594196, 44.176761 ], [ 1.587961, 44.177879 ], [ 1.584912, 44.175694 ], [ 1.57945, 44.181782 ], [ 1.580253, 44.183735 ], [ 1.583389, 44.18792 ], [ 1.585675, 44.190176 ], [ 1.584992, 44.190923 ], [ 1.583414, 44.199262 ], [ 1.584047, 44.200299 ], [ 1.584556, 44.201111 ], [ 1.586231, 44.204298 ], [ 1.586125, 44.205892 ], [ 1.58609, 44.206056 ], [ 1.582559, 44.205563 ], [ 1.57487, 44.202125 ], [ 1.568307, 44.200184 ], [ 1.560308, 44.200518 ], [ 1.559537, 44.205118 ], [ 1.560009, 44.207347 ], [ 1.55969, 44.208715 ], [ 1.558826, 44.20937 ], [ 1.554422, 44.208763 ], [ 1.548359, 44.206816 ], [ 1.542305, 44.202621 ], [ 1.538323, 44.208115 ], [ 1.538543, 44.210044 ], [ 1.536075, 44.210927 ], [ 1.529852, 44.214033 ], [ 1.528424, 44.21658 ], [ 1.51991, 44.219189 ], [ 1.514125, 44.213811 ], [ 1.513081, 44.211847 ], [ 1.51313, 44.211351 ], [ 1.513488, 44.210268 ], [ 1.51375, 44.210221 ], [ 1.514859, 44.210079 ], [ 1.517001, 44.209429 ], [ 1.517452, 44.201415 ], [ 1.515685, 44.200019 ], [ 1.512775, 44.197901 ], [ 1.50837, 44.196065 ], [ 1.505463, 44.193943 ], [ 1.502653, 44.18976 ], [ 1.500198, 44.18475 ], [ 1.494734, 44.184098 ], [ 1.491832129681886, 44.184282743695931 ], [ 1.496398, 44.187647 ] ] ], [ [ [ 1.618052, 44.146275 ], [ 1.620055, 44.146446 ], [ 1.620941, 44.146626 ], [ 1.624037, 44.148189 ], [ 1.627395, 44.146463 ], [ 1.627354, 44.142863 ], [ 1.626505, 44.142873 ], [ 1.626087, 44.142902 ], [ 1.625423, 44.143036 ], [ 1.623003, 44.143294 ], [ 1.621467, 44.143065 ], [ 1.620782, 44.142921 ], [ 1.617233, 44.140506 ], [ 1.616395, 44.134799 ], [ 1.615845, 44.130838 ], [ 1.615315, 44.129665 ], [ 1.614281, 44.129236 ], [ 1.612914, 44.128748 ], [ 1.606928, 44.125655 ], [ 1.607512, 44.118682 ], [ 1.608194, 44.116395 ], [ 1.607971, 44.115824 ], [ 1.610783, 44.107303 ], [ 1.612662, 44.100887 ], [ 1.61078, 44.097902 ], [ 1.610665, 44.089722 ], [ 1.60769, 44.087694 ], [ 1.606533, 44.089392 ], [ 1.605377, 44.091089 ], [ 1.603917, 44.093254 ], [ 1.596231, 44.095172 ], [ 1.591969, 44.098325 ], [ 1.587122, 44.100481 ], [ 1.582834, 44.103953 ], [ 1.574016, 44.104003 ], [ 1.573433, 44.103449 ], [ 1.567003, 44.102456 ], [ 1.559868, 44.103889 ], [ 1.559302, 44.104066 ], [ 1.556014, 44.105531 ], [ 1.556595, 44.106836 ], [ 1.556947, 44.107363 ], [ 1.558156, 44.108013 ], [ 1.561168, 44.110992 ], [ 1.561635, 44.117506 ], [ 1.557385, 44.119947 ], [ 1.55711, 44.119992 ], [ 1.554834, 44.121268 ], [ 1.551312, 44.122709 ], [ 1.549544, 44.122996 ], [ 1.547754, 44.123449 ], [ 1.547043, 44.12365 ], [ 1.543163243863302, 44.12524738218071 ], [ 1.542925, 44.125253 ], [ 1.540522, 44.123111 ], [ 1.54017, 44.122895 ], [ 1.539603, 44.122574 ], [ 1.540408, 44.113619 ], [ 1.543571, 44.113454 ], [ 1.543383, 44.109859 ], [ 1.54297, 44.105258 ], [ 1.538564, 44.099625 ], [ 1.536243, 44.095989 ], [ 1.533086, 44.09772 ], [ 1.527842, 44.104379 ], [ 1.526843, 44.107837 ], [ 1.521551, 44.111871 ], [ 1.51683, 44.112934 ], [ 1.513289, 44.113583 ], [ 1.512083, 44.115763 ], [ 1.509736, 44.122336 ], [ 1.509163, 44.123029 ], [ 1.504955, 44.126035 ], [ 1.506344, 44.125749 ], [ 1.508686, 44.125634 ], [ 1.512687, 44.119145 ], [ 1.513583, 44.118068 ], [ 1.514189, 44.117252 ], [ 1.51577, 44.115269 ], [ 1.516028, 44.115456 ], [ 1.5165, 44.115959 ], [ 1.517694, 44.116997 ], [ 1.518088, 44.11728 ], [ 1.520247, 44.118486 ], [ 1.520791, 44.118619 ], [ 1.524647, 44.118065 ], [ 1.527262, 44.112276 ], [ 1.53, 44.109546 ], [ 1.532501, 44.106489 ], [ 1.532846, 44.106144 ], [ 1.534265, 44.106732 ], [ 1.536156, 44.107559 ], [ 1.538671, 44.110376 ], [ 1.53954, 44.113869 ], [ 1.536762, 44.121014 ], [ 1.537675, 44.127204 ], [ 1.54091, 44.129589 ], [ 1.541229472171763, 44.12966469566161 ], [ 1.5414, 44.129546 ], [ 1.545065648014998, 44.130232847101603 ], [ 1.550082878710587, 44.128801796957461 ], [ 1.550682, 44.127012 ], [ 1.550622, 44.125553 ], [ 1.550976, 44.124653 ], [ 1.553264, 44.123834 ], [ 1.561588, 44.12226 ], [ 1.564454, 44.121263 ], [ 1.567934, 44.11439 ], [ 1.565866, 44.111922 ], [ 1.565427, 44.111603 ], [ 1.565067, 44.111263 ], [ 1.564632, 44.110708 ], [ 1.564351, 44.110192 ], [ 1.564092, 44.109502 ], [ 1.564024, 44.109176 ], [ 1.563943, 44.108709 ], [ 1.564514, 44.107409 ], [ 1.565216, 44.107169 ], [ 1.568365, 44.106831 ], [ 1.57309, 44.108932 ], [ 1.581871, 44.107201 ], [ 1.581947, 44.10716 ], [ 1.585261, 44.108412 ], [ 1.592907, 44.10527 ], [ 1.593073, 44.101674 ], [ 1.597639, 44.099366 ], [ 1.601498, 44.096817 ], [ 1.60297, 44.097045 ], [ 1.603079, 44.097073 ], [ 1.603329, 44.097169 ], [ 1.604468, 44.098851 ], [ 1.60406, 44.103129 ], [ 1.603477, 44.106681 ], [ 1.599349, 44.114133 ], [ 1.601081, 44.115764 ], [ 1.602909, 44.117495 ], [ 1.60383, 44.118507 ], [ 1.602258, 44.122779 ], [ 1.601954, 44.12415 ], [ 1.603972, 44.131983 ], [ 1.605335, 44.1331 ], [ 1.605763, 44.133406 ], [ 1.607984, 44.134513 ], [ 1.60898, 44.134863 ], [ 1.609741, 44.137655 ], [ 1.616805, 44.142539 ], [ 1.618048, 44.142668 ], [ 1.617676, 44.146249 ], [ 1.615829, 44.146378 ], [ 1.618052, 44.146275 ] ] ], [ [ [ 1.499425, 44.119442 ], [ 1.497858, 44.116201 ], [ 1.492276, 44.113529 ], [ 1.489395, 44.115664 ], [ 1.482734, 44.114969 ], [ 1.479658, 44.113695 ], [ 1.478505, 44.113886 ], [ 1.469989, 44.111675 ], [ 1.468776, 44.110627 ], [ 1.4674, 44.1095 ], [ 1.466465, 44.108785 ], [ 1.465577, 44.108125 ], [ 1.464119, 44.107099 ], [ 1.462047, 44.110043 ], [ 1.463506, 44.111069 ], [ 1.464316, 44.111673 ], [ 1.466494, 44.113411 ], [ 1.468149, 44.114873 ], [ 1.470712, 44.11742 ], [ 1.475335, 44.123298 ], [ 1.4764, 44.124838 ], [ 1.474374, 44.121906 ], [ 1.477336, 44.11986 ], [ 1.48415, 44.117027 ], [ 1.48497, 44.116757 ], [ 1.493246, 44.117279 ], [ 1.493787, 44.117856 ], [ 1.494026, 44.118576 ], [ 1.494034, 44.118603 ], [ 1.494252, 44.119296 ], [ 1.498157, 44.12447 ], [ 1.504955, 44.126035 ], [ 1.499425, 44.119442 ] ] ], [ [ [ 1.485689, 44.137218 ], [ 1.483884, 44.141533 ], [ 1.483823, 44.141596 ], [ 1.486656, 44.147015 ], [ 1.489077, 44.149679 ], [ 1.487928, 44.156346 ], [ 1.487958, 44.159946 ], [ 1.487198, 44.168887 ], [ 1.488519, 44.168883 ], [ 1.48977, 44.169462 ], [ 1.494256, 44.17042 ], [ 1.496444811333985, 44.169354663255966 ], [ 1.500581, 44.165912 ], [ 1.494971, 44.160183 ], [ 1.494518, 44.156611 ], [ 1.497638, 44.149374 ], [ 1.494728, 44.147336 ], [ 1.491599, 44.145557 ], [ 1.489448, 44.142901 ], [ 1.48685, 44.134634 ], [ 1.484003, 44.132603 ], [ 1.4828, 44.131715 ], [ 1.485689, 44.137218 ] ] ], [ [ [ 1.48481, 44.168572 ], [ 1.482025, 44.167565 ], [ 1.479544, 44.170173 ], [ 1.481449, 44.171985 ], [ 1.482184, 44.172428 ], [ 1.483237, 44.172579 ], [ 1.483731, 44.181529 ], [ 1.485217, 44.180791 ], [ 1.486942, 44.172804 ], [ 1.485727, 44.169415 ], [ 1.487198, 44.168887 ], [ 1.48481, 44.168572 ] ] ] ] } },
{ "type": "Feature", "properties": { "codgeo": "82037", "value": 600, "isochrone_group": 10.0, "nb_agences": 2 }, "geometry": { "type": "MultiPolygon", "coordinates": [ [ [ [ 1.469692, 44.182408 ], [ 1.466169, 44.183152 ], [ 1.462376, 44.184249 ], [ 1.460802, 44.18512 ], [ 1.459944, 44.185738 ], [ 1.460726, 44.189833 ], [ 1.462537, 44.192945 ], [ 1.466703, 44.195374 ], [ 1.471142, 44.197018 ], [ 1.472186, 44.195727 ], [ 1.47309, 44.194775 ], [ 1.471998, 44.192796 ], [ 1.476636, 44.186295 ], [ 1.47063, 44.189104 ], [ 1.468433, 44.191532 ], [ 1.467851, 44.191816 ], [ 1.467612, 44.191885 ], [ 1.466081, 44.191193 ], [ 1.465965, 44.19102 ], [ 1.466601, 44.187427 ], [ 1.471138, 44.182866 ], [ 1.471563702294302, 44.182524055947283 ], [ 1.469692, 44.182408 ] ] ], [ [ [ 1.490474, 44.191263 ], [ 1.49166, 44.191619 ], [ 1.493881, 44.192426 ], [ 1.497766, 44.199331 ], [ 1.49574, 44.205265 ], [ 1.495879, 44.206932 ], [ 1.496182, 44.207245 ], [ 1.496309, 44.207364 ], [ 1.49649, 44.207518 ], [ 1.499579, 44.212222 ], [ 1.497921, 44.219109 ], [ 1.495404, 44.220431 ], [ 1.495279, 44.220481 ], [ 1.494991, 44.221414 ], [ 1.496615, 44.223824 ], [ 1.501039, 44.230393 ], [ 1.504366, 44.231767 ], [ 1.508828, 44.226679 ], [ 1.511967, 44.222624 ], [ 1.50888, 44.224326 ], [ 1.508604, 44.224427 ], [ 1.506529, 44.221599 ], [ 1.5042, 44.217313 ], [ 1.50496, 44.215102 ], [ 1.506228, 44.212485 ], [ 1.509649, 44.205049 ], [ 1.50229, 44.201505 ], [ 1.499768, 44.201272 ], [ 1.499572, 44.200709 ], [ 1.499646, 44.199337 ], [ 1.497433, 44.191095 ], [ 1.496398, 44.187647 ], [ 1.491416795600601, 44.183976714351267 ], [ 1.487749, 44.183918 ], [ 1.485001, 44.184897 ], [ 1.484151, 44.185202 ], [ 1.490474, 44.191263 ] ] ], [ [ [ 1.518984, 44.22382 ], [ 1.520039, 44.224391 ], [ 1.524196, 44.226934 ], [ 1.527404, 44.232969 ], [ 1.530018, 44.235444 ], [ 1.533399, 44.232688 ], [ 1.533521, 44.232461 ], [ 1.535817, 44.228714 ], [ 1.536689, 44.227473 ], [ 1.53745, 44.226318 ], [ 1.53847, 44.224595 ], [ 1.539009, 44.22356 ], [ 1.539979, 44.221498 ], [ 1.540917, 44.219498 ], [ 1.540976729525149, 44.21934138716032 ], [ 1.537613, 44.218071 ], [ 1.530683, 44.216979 ], [ 1.526929, 44.222477 ], [ 1.526867, 44.22261 ], [ 1.526666, 44.222888 ], [ 1.524656, 44.223443 ], [ 1.522242, 44.222631 ], [ 1.515184, 44.221378 ], [ 1.511967, 44.222624 ], [ 1.518984, 44.22382 ] ] ], [ [ [ 1.544006555600991, 44.213786478790617 ], [ 1.542826, 44.213958 ], [ 1.542179, 44.215918 ], [ 1.544006555600991, 44.213786478790617 ] ] ], [ [ [ 1.552491, 44.213978 ], [ 1.556279, 44.216437 ], [ 1.55717, 44.216934 ], [ 1.55899, 44.214982 ], [ 1.567364, 44.212419 ], [ 1.569107, 44.214736 ], [ 1.56955, 44.2158 ], [ 1.570086, 44.217558 ], [ 1.570527, 44.218752 ], [ 1.571323, 44.22041 ], [ 1.574569, 44.218851 ], [ 1.580361, 44.216867 ], [ 1.58784, 44.221513 ], [ 1.588026, 44.221863 ], [ 1.588543, 44.222663 ], [ 1.58885, 44.223038 ], [ 1.589272, 44.223414 ], [ 1.589441, 44.22353 ], [ 1.591468, 44.220555 ], [ 1.591653, 44.217956 ], [ 1.591713, 44.217014 ], [ 1.591594, 44.216307 ], [ 1.591915, 44.207747 ], [ 1.59292, 44.205648 ], [ 1.593222, 44.198715 ], [ 1.594352, 44.196415 ], [ 1.5946, 44.195925 ], [ 1.593821, 44.195495 ], [ 1.593289, 44.195295 ], [ 1.589733, 44.19074 ], [ 1.591069, 44.186363 ], [ 1.596373567313574, 44.180199689665791 ], [ 1.597303, 44.180362 ], [ 1.598222, 44.180198 ], [ 1.599278515537913, 44.179724156498999 ], [ 1.599816, 44.179677 ], [ 1.600827, 44.179857 ], [ 1.601425, 44.179926 ], [ 1.602541, 44.179903 ], [ 1.603016, 44.179926 ], [ 1.610847, 44.178655 ], [ 1.615499, 44.177755 ], [ 1.616847, 44.176855 ], [ 1.616934, 44.176689 ], [ 1.616417, 44.174274 ], [ 1.614130555843867, 44.172932679071067 ], [ 1.613376, 44.167098 ], [ 1.615227, 44.162466 ], [ 1.615702, 44.161004 ], [ 1.617142, 44.156986 ], [ 1.621881, 44.15055 ], [ 1.625629, 44.149808 ], [ 1.626741, 44.149715 ], [ 1.633385, 44.147317 ], [ 1.636833, 44.147241 ], [ 1.637447, 44.143694 ], [ 1.634921, 44.143056 ], [ 1.633598, 44.142616 ], [ 1.626822, 44.139352 ], [ 1.626393, 44.13901 ], [ 1.62141, 44.133076 ], [ 1.621209, 44.129482 ], [ 1.61813, 44.123109 ], [ 1.613529, 44.116191 ], [ 1.616439, 44.107784 ], [ 1.617446, 44.101573 ], [ 1.61357, 44.094784 ], [ 1.613852, 44.089469 ], [ 1.615098, 44.083196 ], [ 1.612117, 44.081178 ], [ 1.607943, 44.083549 ], [ 1.605891, 44.085149 ], [ 1.605377, 44.091089 ], [ 1.606533, 44.089392 ], [ 1.60769, 44.087694 ], [ 1.610665, 44.089722 ], [ 1.61078, 44.097902 ], [ 1.612662, 44.100887 ], [ 1.610783, 44.107303 ], [ 1.607971, 44.115824 ], [ 1.608194, 44.116395 ], [ 1.607512, 44.118682 ], [ 1.606928, 44.125655 ], [ 1.612914, 44.128748 ], [ 1.614281, 44.129236 ], [ 1.615315, 44.129665 ], [ 1.615845, 44.130838 ], [ 1.616395, 44.134799 ], [ 1.617233, 44.140506 ], [ 1.620782, 44.142921 ], [ 1.621467, 44.143065 ], [ 1.623003, 44.143294 ], [ 1.625423, 44.143036 ], [ 1.626087, 44.142902 ], [ 1.626505, 44.142873 ], [ 1.627354, 44.142863 ], [ 1.627395, 44.146463 ], [ 1.624037, 44.148189 ], [ 1.620941, 44.146626 ], [ 1.620055, 44.146446 ], [ 1.618052, 44.146275 ], [ 1.615829, 44.146378 ], [ 1.614771, 44.146531 ], [ 1.611409, 44.154727 ], [ 1.612377, 44.158194 ], [ 1.611933, 44.159931 ], [ 1.608848, 44.161787 ], [ 1.604508, 44.159691 ], [ 1.599312, 44.164283 ], [ 1.599353439982764, 44.164395906718291 ], [ 1.602608, 44.16697 ], [ 1.603651, 44.167824 ], [ 1.606988, 44.171193 ], [ 1.610374, 44.172687 ], [ 1.610426, 44.1727 ], [ 1.611541, 44.175281 ], [ 1.611486, 44.175371 ], [ 1.609574, 44.176198 ], [ 1.605363, 44.177721 ], [ 1.597725, 44.179675 ], [ 1.596579, 44.179961 ], [ 1.595583, 44.179936 ], [ 1.594709, 44.179909 ], [ 1.59404, 44.179917 ], [ 1.593645, 44.179879 ], [ 1.587128, 44.185934 ], [ 1.587177, 44.186725 ], [ 1.587251, 44.188224 ], [ 1.58538, 44.191299 ], [ 1.588366, 44.197898 ], [ 1.589688, 44.198704 ], [ 1.590111, 44.199039 ], [ 1.590685, 44.199633 ], [ 1.590974, 44.20038 ], [ 1.58992, 44.201954 ], [ 1.586822, 44.209846 ], [ 1.588739, 44.212165 ], [ 1.589265, 44.213226 ], [ 1.588203, 44.214363 ], [ 1.587875, 44.214663 ], [ 1.58604, 44.214826 ], [ 1.585007, 44.214266 ], [ 1.583052, 44.211371 ], [ 1.581897, 44.208757 ], [ 1.575355, 44.20609 ], [ 1.568292, 44.211447 ], [ 1.567919, 44.211736 ], [ 1.566198, 44.211564 ], [ 1.558544, 44.211041 ], [ 1.555364, 44.212727 ], [ 1.551698, 44.212669 ], [ 1.546982966582893, 44.213354040360066 ], [ 1.552491, 44.213978 ] ] ], [ [ [ 1.597535, 44.091451 ], [ 1.591009, 44.093794 ], [ 1.589158, 44.096881 ], [ 1.581876, 44.099159 ], [ 1.581091, 44.099107 ], [ 1.574342, 44.101681 ], [ 1.572111, 44.10006 ], [ 1.571388, 44.099098 ], [ 1.570095, 44.099226 ], [ 1.563335, 44.100418 ], [ 1.559847, 44.099525 ], [ 1.551844, 44.099262 ], [ 1.549602, 44.102079 ], [ 1.550126, 44.102496 ], [ 1.551644, 44.103537 ], [ 1.553594873571067, 44.108488661310126 ], [ 1.55046, 44.108756 ], [ 1.547563, 44.109024 ], [ 1.544159, 44.109901 ], [ 1.543134732214838, 44.107093188669431 ], [ 1.543383, 44.109859 ], [ 1.543571, 44.113454 ], [ 1.540408, 44.113619 ], [ 1.539603, 44.122574 ], [ 1.54017, 44.122895 ], [ 1.540522, 44.123111 ], [ 1.542925, 44.125253 ], [ 1.543163243863302, 44.12524738218071 ], [ 1.547043, 44.12365 ], [ 1.547754, 44.123449 ], [ 1.549544, 44.122996 ], [ 1.551312, 44.122709 ], [ 1.554834, 44.121268 ], [ 1.55711, 44.119992 ], [ 1.557385, 44.119947 ], [ 1.561635, 44.117506 ], [ 1.561168, 44.110992 ], [ 1.558156, 44.108013 ], [ 1.556947, 44.107363 ], [ 1.556595, 44.106836 ], [ 1.556014, 44.105531 ], [ 1.559302, 44.104066 ], [ 1.559868, 44.103889 ], [ 1.567003, 44.102456 ], [ 1.573433, 44.103449 ], [ 1.574016, 44.104003 ], [ 1.582834, 44.103953 ], [ 1.587122, 44.100481 ], [ 1.591969, 44.098325 ], [ 1.596231, 44.095172 ], [ 1.603917, 44.093254 ], [ 1.605377, 44.091089 ], [ 1.597535, 44.091451 ] ] ], [ [ [ 1.541376, 44.102272 ], [ 1.542307, 44.101379 ], [ 1.543789, 44.098868 ], [ 1.544114, 44.09843 ], [ 1.543578, 44.097666 ], [ 1.537735, 44.091122 ], [ 1.537327, 44.090888 ], [ 1.533205, 44.089925 ], [ 1.530002, 44.092141 ], [ 1.530158, 44.09488 ], [ 1.530912, 44.098401 ], [ 1.527452, 44.10358 ], [ 1.5239, 44.104194 ], [ 1.521652, 44.107006 ], [ 1.514417, 44.108558 ], [ 1.509996, 44.111825 ], [ 1.503179, 44.114602 ], [ 1.496099, 44.112329 ], [ 1.492129, 44.108945 ], [ 1.491619, 44.108671 ], [ 1.490625, 44.108917 ], [ 1.484504, 44.110062 ], [ 1.480838, 44.109564 ], [ 1.474929, 44.110022 ], [ 1.466465, 44.108785 ], [ 1.4674, 44.1095 ], [ 1.468776, 44.110627 ], [ 1.469989, 44.111675 ], [ 1.478505, 44.113886 ], [ 1.479658, 44.113695 ], [ 1.482734, 44.114969 ], [ 1.489395, 44.115664 ], [ 1.492276, 44.113529 ], [ 1.497858, 44.116201 ], [ 1.499425, 44.119442 ], [ 1.504955, 44.126035 ], [ 1.509163, 44.123029 ], [ 1.509736, 44.122336 ], [ 1.512083, 44.115763 ], [ 1.513289, 44.113583 ], [ 1.51683, 44.112934 ], [ 1.521551, 44.111871 ], [ 1.526843, 44.107837 ], [ 1.527842, 44.104379 ], [ 1.533086, 44.09772 ], [ 1.536243, 44.095989 ], [ 1.538564, 44.099625 ], [ 1.542024137181153, 44.104048729628119 ], [ 1.541376, 44.102272 ] ] ], [ [ [ 1.464065, 44.107062 ], [ 1.461868, 44.10563 ], [ 1.460107, 44.104572 ], [ 1.458884, 44.103886 ], [ 1.457469, 44.103135 ], [ 1.456356, 44.102571 ], [ 1.454946, 44.101893 ], [ 1.452679, 44.100882 ], [ 1.450674, 44.100056 ], [ 1.447679, 44.098844 ], [ 1.445836, 44.098093 ], [ 1.443992, 44.097341 ], [ 1.442633, 44.100675 ], [ 1.444477, 44.101426 ], [ 1.446321, 44.102178 ], [ 1.449323, 44.103393 ], [ 1.451307, 44.104211 ], [ 1.453479, 44.105181 ], [ 1.454794, 44.105814 ], [ 1.455841, 44.106346 ], [ 1.457196, 44.107066 ], [ 1.458345, 44.107711 ], [ 1.460012, 44.108715 ], [ 1.462073771170378, 44.110061826059493 ], [ 1.462047, 44.110043 ], [ 1.464118545981702, 44.10709964509163 ], [ 1.464065, 44.107062 ] ] ], [ [ [ 1.477334, 44.132154 ], [ 1.479818, 44.139996 ], [ 1.479219, 44.143546 ], [ 1.47967, 44.144349 ], [ 1.482298, 44.149394 ], [ 1.482314, 44.156045 ], [ 1.481927, 44.159624 ], [ 1.477991, 44.16536 ], [ 1.474974, 44.167324 ], [ 1.475715, 44.168462 ], [ 1.475815, 44.168525 ], [ 1.476907, 44.169267 ], [ 1.477479, 44.169446 ], [ 1.481449, 44.171985 ], [ 1.479544, 44.170173 ], [ 1.482025, 44.167565 ], [ 1.48481, 44.168572 ], [ 1.487198, 44.168887 ], [ 1.487958, 44.159946 ], [ 1.487928, 44.156346 ], [ 1.489077, 44.149679 ], [ 1.486656, 44.147015 ], [ 1.483823, 44.141596 ], [ 1.483884, 44.141533 ], [ 1.485689, 44.137218 ], [ 1.4828, 44.131715 ], [ 1.482024, 44.131111 ], [ 1.481453, 44.130652 ], [ 1.481002, 44.130262 ], [ 1.480541, 44.129846 ], [ 1.479763, 44.129091 ], [ 1.479146, 44.128437 ], [ 1.478526, 44.127718 ], [ 1.477518, 44.126419 ], [ 1.4764, 44.124838 ], [ 1.477334, 44.132154 ] ] ] ] } },
{ "type": "Feature", "properties": { "codgeo": "82037", "value": 660, "isochrone_group": 11.0, "nb_agences": 2 }, "geometry": { "type": "MultiPolygon", "coordinates": [ [ [ [ 1.461725, 44.118769 ], [ 1.468249, 44.122305 ], [ 1.47277, 44.1237 ], [ 1.474292, 44.129948 ], [ 1.472405, 44.134135 ], [ 1.47312, 44.143045 ], [ 1.473598, 44.143117 ], [ 1.479209, 44.146591 ], [ 1.478188, 44.152212 ], [ 1.475053, 44.156881 ], [ 1.47174, 44.164088 ], [ 1.473674, 44.170278 ], [ 1.473731, 44.170361 ], [ 1.47462, 44.173639 ], [ 1.468727, 44.178089 ], [ 1.461177, 44.181971 ], [ 1.459311, 44.181489 ], [ 1.459027, 44.181492 ], [ 1.458425, 44.181538 ], [ 1.457663, 44.182499 ], [ 1.453067, 44.190033 ], [ 1.452136, 44.192813 ], [ 1.452182, 44.192878 ], [ 1.45366, 44.193584 ], [ 1.453898, 44.193544 ], [ 1.461238, 44.194651 ], [ 1.463784, 44.197196 ], [ 1.466492, 44.19937 ], [ 1.472499, 44.201635 ], [ 1.476902, 44.201692 ], [ 1.478554, 44.198493 ], [ 1.478637, 44.192397 ], [ 1.483199, 44.185418 ], [ 1.480062, 44.185848 ], [ 1.476636, 44.186295 ], [ 1.471998, 44.192796 ], [ 1.47309, 44.194775 ], [ 1.472186, 44.195727 ], [ 1.471142, 44.197018 ], [ 1.466703, 44.195374 ], [ 1.462537, 44.192945 ], [ 1.460726, 44.189833 ], [ 1.459944, 44.185738 ], [ 1.460802, 44.18512 ], [ 1.462376, 44.184249 ], [ 1.466169, 44.183152 ], [ 1.469692, 44.182408 ], [ 1.471582109549516, 44.182525197299427 ], [ 1.475179, 44.179765 ], [ 1.47828, 44.181593 ], [ 1.48271, 44.181852 ], [ 1.483731, 44.181529 ], [ 1.483237, 44.172579 ], [ 1.482184, 44.172428 ], [ 1.481449, 44.171985 ], [ 1.477479, 44.169446 ], [ 1.476907, 44.169267 ], [ 1.475815, 44.168525 ], [ 1.475715, 44.168462 ], [ 1.474974, 44.167324 ], [ 1.477991, 44.16536 ], [ 1.481927, 44.159624 ], [ 1.482314, 44.156045 ], [ 1.482298, 44.149394 ], [ 1.47967, 44.144349 ], [ 1.479219, 44.143546 ], [ 1.479818, 44.139996 ], [ 1.477334, 44.132154 ], [ 1.4764, 44.124838 ], [ 1.475335, 44.123298 ], [ 1.471452906650365, 44.118235094931556 ], [ 1.470712, 44.11742 ], [ 1.469745, 44.116408 ], [ 1.468973, 44.115645 ], [ 1.468149, 44.114873 ], [ 1.467635, 44.114399 ], [ 1.466494, 44.113411 ], [ 1.465212, 44.112359 ], [ 1.464316, 44.111673 ], [ 1.463506, 44.111069 ], [ 1.462097, 44.110077 ], [ 1.460012, 44.108715 ], [ 1.458345, 44.107711 ], [ 1.457196, 44.107066 ], [ 1.460639, 44.115337 ], [ 1.461725, 44.118769 ] ] ], [ [ [ 1.487793, 44.189727 ], [ 1.488438, 44.194786 ], [ 1.491491, 44.196614 ], [ 1.492311, 44.20308 ], [ 1.489688, 44.209354 ], [ 1.488812, 44.210182 ], [ 1.491285, 44.212798 ], [ 1.491614, 44.219663 ], [ 1.488239, 44.223159 ], [ 1.485068, 44.224559 ], [ 1.484552, 44.227219 ], [ 1.487299, 44.229546 ], [ 1.491087, 44.227043 ], [ 1.49248, 44.226339 ], [ 1.492767, 44.226177 ], [ 1.500251672937967, 44.229223933211919 ], [ 1.496615, 44.223824 ], [ 1.494991, 44.221414 ], [ 1.495279, 44.220481 ], [ 1.495404, 44.220431 ], [ 1.497921, 44.219109 ], [ 1.499579, 44.212222 ], [ 1.49649, 44.207518 ], [ 1.496309, 44.207364 ], [ 1.496182, 44.207245 ], [ 1.495879, 44.206932 ], [ 1.49574, 44.205265 ], [ 1.497766, 44.199331 ], [ 1.493881, 44.192426 ], [ 1.49166, 44.191619 ], [ 1.490474, 44.191263 ], [ 1.484151, 44.185202 ], [ 1.483199, 44.185418 ], [ 1.487738, 44.189546 ], [ 1.487793, 44.189727 ] ] ], [ [ [ 1.500663, 44.232092 ], [ 1.50068, 44.232666 ], [ 1.500742, 44.233164 ], [ 1.500845, 44.233724 ], [ 1.500798, 44.236365 ], [ 1.500727, 44.237002 ], [ 1.500735, 44.237594 ], [ 1.500828, 44.238237 ], [ 1.501021, 44.238895 ], [ 1.50127, 44.239454 ], [ 1.502104, 44.240973 ], [ 1.505259, 44.23924 ], [ 1.508155, 44.232556 ], [ 1.508744, 44.232198 ], [ 1.509224, 44.231748 ], [ 1.509751, 44.231135 ], [ 1.509779, 44.231002 ], [ 1.509897, 44.230362 ], [ 1.509705, 44.229551 ], [ 1.512781078533357, 44.222762754157891 ], [ 1.518984, 44.22382 ], [ 1.511967, 44.222624 ], [ 1.508828, 44.226679 ], [ 1.504366, 44.231767 ], [ 1.501039, 44.230393 ], [ 1.500700580624729, 44.22989049618532 ], [ 1.500722, 44.231474 ], [ 1.500663, 44.232092 ] ] ], [ [ [ 1.525577, 44.23479 ], [ 1.524269, 44.236029 ], [ 1.523231, 44.236973 ], [ 1.520855, 44.239022 ], [ 1.518928, 44.240519 ], [ 1.517011, 44.242007 ], [ 1.5148, 44.2437 ], [ 1.513442, 44.244777 ], [ 1.511953, 44.246193 ], [ 1.514435, 44.248802 ], [ 1.519199, 44.244866 ], [ 1.521136, 44.243362 ], [ 1.523063, 44.241866 ], [ 1.52558, 44.239701 ], [ 1.530005, 44.236165 ], [ 1.532584, 44.233674 ], [ 1.532931, 44.233348 ], [ 1.533324, 44.232822 ], [ 1.533584545341497, 44.232357295995378 ], [ 1.533521, 44.232461 ], [ 1.533399, 44.232688 ], [ 1.530018, 44.235444 ], [ 1.527404, 44.232969 ], [ 1.524196, 44.226934 ], [ 1.523396603172166, 44.22644497759606 ], [ 1.52372, 44.22702 ], [ 1.525577, 44.23479 ] ] ], [ [ [ 1.543735, 44.225886 ], [ 1.54423, 44.225667 ], [ 1.544109, 44.224569 ], [ 1.542774, 44.222374 ], [ 1.544185, 44.21625 ], [ 1.550733, 44.21739 ], [ 1.553652, 44.219497 ], [ 1.559919, 44.217618 ], [ 1.560227, 44.217631 ], [ 1.567571, 44.221668 ], [ 1.567272, 44.225256 ], [ 1.575536, 44.226703 ], [ 1.57604, 44.226784 ], [ 1.577279, 44.226704 ], [ 1.582238, 44.225507 ], [ 1.583972, 44.225177 ], [ 1.592163, 44.22708 ], [ 1.594739, 44.229594 ], [ 1.597988, 44.228044 ], [ 1.603494, 44.221869 ], [ 1.602988, 44.219539 ], [ 1.6024, 44.218439 ], [ 1.600173, 44.217308 ], [ 1.596368, 44.209411 ], [ 1.595788, 44.208438 ], [ 1.598574, 44.200585 ], [ 1.598382, 44.200002 ], [ 1.59767, 44.196013 ], [ 1.596202, 44.195349 ], [ 1.593817, 44.187701 ], [ 1.595197, 44.184376 ], [ 1.600629, 44.181306 ], [ 1.602494, 44.180678 ], [ 1.604734, 44.180274 ], [ 1.608024, 44.180538 ], [ 1.609506, 44.180605 ], [ 1.61088, 44.180557 ], [ 1.616458, 44.181407 ], [ 1.618667, 44.181341 ], [ 1.618719, 44.181329 ], [ 1.620048, 44.180742 ], [ 1.621627, 44.178847 ], [ 1.621948, 44.177258 ], [ 1.621997, 44.176972 ], [ 1.621252, 44.175551 ], [ 1.620298, 44.175125 ], [ 1.619444, 44.174687 ], [ 1.619239081124639, 44.174442459583304 ], [ 1.619249, 44.174086 ], [ 1.617881, 44.169024 ], [ 1.618916, 44.163949 ], [ 1.619352, 44.161083 ], [ 1.620421, 44.157645 ], [ 1.619179372348361, 44.154615303271228 ], [ 1.621264025638994, 44.15141147711357 ], [ 1.622203648304889, 44.150497192949665 ], [ 1.625629, 44.149808 ], [ 1.621881, 44.15055 ], [ 1.617142, 44.156986 ], [ 1.615702, 44.161004 ], [ 1.615227, 44.162466 ], [ 1.613376, 44.167098 ], [ 1.614130555843867, 44.172932679071067 ], [ 1.616417, 44.174274 ], [ 1.616934, 44.176689 ], [ 1.616847, 44.176855 ], [ 1.615499, 44.177755 ], [ 1.610847, 44.178655 ], [ 1.603016, 44.179926 ], [ 1.602541, 44.179903 ], [ 1.601425, 44.179926 ], [ 1.600827, 44.179857 ], [ 1.599816, 44.179677 ], [ 1.599278515537913, 44.179724156498999 ], [ 1.598222, 44.180198 ], [ 1.597303, 44.180362 ], [ 1.596373567313574, 44.180199689665791 ], [ 1.591069, 44.186363 ], [ 1.589733, 44.19074 ], [ 1.593289, 44.195295 ], [ 1.593821, 44.195495 ], [ 1.5946, 44.195925 ], [ 1.594352, 44.196415 ], [ 1.593222, 44.198715 ], [ 1.59292, 44.205648 ], [ 1.591915, 44.207747 ], [ 1.591594, 44.216307 ], [ 1.591713, 44.217014 ], [ 1.591653, 44.217956 ], [ 1.591468, 44.220555 ], [ 1.589441, 44.22353 ], [ 1.589272, 44.223414 ], [ 1.58885, 44.223038 ], [ 1.588543, 44.222663 ], [ 1.588026, 44.221863 ], [ 1.58784, 44.221513 ], [ 1.580361, 44.216867 ], [ 1.574569, 44.218851 ], [ 1.571323, 44.22041 ], [ 1.570527, 44.218752 ], [ 1.570086, 44.217558 ], [ 1.56955, 44.2158 ], [ 1.569107, 44.214736 ], [ 1.567364, 44.212419 ], [ 1.55899, 44.214982 ], [ 1.55717, 44.216934 ], [ 1.556279, 44.216437 ], [ 1.552491, 44.213978 ], [ 1.544608, 44.213085 ], [ 1.542179, 44.215918 ], [ 1.541507, 44.217951 ], [ 1.540917, 44.219498 ], [ 1.539979, 44.221498 ], [ 1.539009, 44.22356 ], [ 1.53847, 44.224595 ], [ 1.53745, 44.226318 ], [ 1.536689, 44.227473 ], [ 1.535817, 44.228714 ], [ 1.535255970780721, 44.22962958209262 ], [ 1.542919, 44.226184 ], [ 1.543735, 44.225886 ] ] ], [ [ [ 1.627858, 44.149356 ], [ 1.628062249181075, 44.149281755654364 ], [ 1.632364, 44.150762 ], [ 1.635886, 44.151507 ], [ 1.644566, 44.150807 ], [ 1.647733, 44.15144 ], [ 1.648573, 44.147939 ], [ 1.649454, 44.142464 ], [ 1.648073, 44.13914 ], [ 1.646284, 44.139883 ], [ 1.638229, 44.141881 ], [ 1.634146, 44.140916 ], [ 1.629377, 44.136723 ], [ 1.624745, 44.129208 ], [ 1.622763, 44.129396 ], [ 1.61808, 44.123019 ], [ 1.619208, 44.120883 ], [ 1.622474, 44.114364 ], [ 1.623888, 44.111053 ], [ 1.623821, 44.105211 ], [ 1.622196, 44.101998 ], [ 1.619537, 44.102115 ], [ 1.618825, 44.101972 ], [ 1.614186, 44.094733 ], [ 1.614471, 44.093858 ], [ 1.617201, 44.089625 ], [ 1.616498, 44.088331 ], [ 1.618577, 44.080085 ], [ 1.618745, 44.079818 ], [ 1.619003, 44.079151 ], [ 1.619007, 44.078327 ], [ 1.617801, 44.075218 ], [ 1.615087, 44.075277 ], [ 1.614804, 44.075313 ], [ 1.608954, 44.080388 ], [ 1.604424, 44.085637 ], [ 1.603553, 44.086488 ], [ 1.600328, 44.089235 ], [ 1.598965, 44.090242 ], [ 1.591473, 44.091839 ], [ 1.588546, 44.089743 ], [ 1.586993, 44.091381 ], [ 1.579838, 44.09569 ], [ 1.576396, 44.097937 ], [ 1.576131, 44.098197 ], [ 1.575566, 44.099219 ], [ 1.573159528729718, 44.100821840013836 ], [ 1.572111, 44.10006 ], [ 1.574342, 44.101681 ], [ 1.581091, 44.099107 ], [ 1.581876, 44.099159 ], [ 1.589158, 44.096881 ], [ 1.591009, 44.093794 ], [ 1.597535, 44.091451 ], [ 1.605377, 44.091089 ], [ 1.605891, 44.085149 ], [ 1.607943, 44.083549 ], [ 1.612117, 44.081178 ], [ 1.615098, 44.083196 ], [ 1.613852, 44.089469 ], [ 1.61357, 44.094784 ], [ 1.617446, 44.101573 ], [ 1.616439, 44.107784 ], [ 1.613529, 44.116191 ], [ 1.61813, 44.123109 ], [ 1.621209, 44.129482 ], [ 1.62141, 44.133076 ], [ 1.626393, 44.13901 ], [ 1.626822, 44.139352 ], [ 1.633598, 44.142616 ], [ 1.634921, 44.143056 ], [ 1.637447, 44.143694 ], [ 1.636833, 44.147241 ], [ 1.633385, 44.147317 ], [ 1.627063857034481, 44.149598472129938 ], [ 1.627485, 44.149536 ], [ 1.627858, 44.149356 ] ] ], [ [ [ 1.562011, 44.096668 ], [ 1.557439, 44.096857 ], [ 1.548651, 44.096437 ], [ 1.547001272569634, 44.09575807921447 ], [ 1.546628, 44.09275 ], [ 1.546609, 44.092596 ], [ 1.545746, 44.091167 ], [ 1.542057, 44.089406 ], [ 1.538179, 44.085629 ], [ 1.537643, 44.085372 ], [ 1.533775, 44.083419 ], [ 1.531101, 44.085829 ], [ 1.524711, 44.090199 ], [ 1.52457, 44.090328 ], [ 1.519282, 44.095755 ], [ 1.518941, 44.097911 ], [ 1.515087, 44.104651 ], [ 1.512005, 44.106512 ], [ 1.505504, 44.11048 ], [ 1.498773, 44.105587 ], [ 1.498071, 44.104457 ], [ 1.497889, 44.104203 ], [ 1.497419, 44.10368 ], [ 1.496462, 44.102827 ], [ 1.488734, 44.104347 ], [ 1.480999, 44.106069 ], [ 1.47269, 44.108249 ], [ 1.470482, 44.106501 ], [ 1.468321, 44.104789 ], [ 1.46616, 44.103077 ], [ 1.457469, 44.103135 ], [ 1.458884, 44.103886 ], [ 1.460107, 44.104572 ], [ 1.461868, 44.10563 ], [ 1.464065, 44.107062 ], [ 1.465577, 44.108125 ], [ 1.466465, 44.108785 ], [ 1.474929, 44.110022 ], [ 1.480838, 44.109564 ], [ 1.484504, 44.110062 ], [ 1.490625, 44.108917 ], [ 1.491619, 44.108671 ], [ 1.492129, 44.108945 ], [ 1.496099, 44.112329 ], [ 1.503179, 44.114602 ], [ 1.509996, 44.111825 ], [ 1.514417, 44.108558 ], [ 1.521652, 44.107006 ], [ 1.5239, 44.104194 ], [ 1.527452, 44.10358 ], [ 1.530912, 44.098401 ], [ 1.530158, 44.09488 ], [ 1.530002, 44.092141 ], [ 1.533205, 44.089925 ], [ 1.537327, 44.090888 ], [ 1.537735, 44.091122 ], [ 1.543578, 44.097666 ], [ 1.544114, 44.09843 ], [ 1.543789, 44.098868 ], [ 1.542307, 44.101379 ], [ 1.541376, 44.102272 ], [ 1.544159, 44.109901 ], [ 1.547563, 44.109024 ], [ 1.55046, 44.108756 ], [ 1.553594873571067, 44.108488661310126 ], [ 1.551644, 44.103537 ], [ 1.550126, 44.102496 ], [ 1.549602, 44.102079 ], [ 1.551844, 44.099262 ], [ 1.559847, 44.099525 ], [ 1.563335, 44.100418 ], [ 1.568669727080802, 44.099477320313568 ], [ 1.564999, 44.096768 ], [ 1.562011, 44.096668 ] ] ], [ [ [ 1.425526999180814, 44.087967631611669 ], [ 1.425538, 44.087979 ], [ 1.42597, 44.088393 ], [ 1.426399, 44.088781 ], [ 1.427385, 44.089585 ], [ 1.428383, 44.090294 ], [ 1.428806, 44.090577 ], [ 1.429753, 44.091151 ], [ 1.430422, 44.091526 ], [ 1.431176, 44.091911 ], [ 1.431269129693714, 44.091954819757625 ], [ 1.425526999180814, 44.087967631611669 ] ] ], [ [ [ 1.422486, 44.090168 ], [ 1.42291, 44.090594 ], [ 1.423808, 44.091433 ], [ 1.424615, 44.092112 ], [ 1.425284, 44.092635 ], [ 1.426542, 44.093518 ], [ 1.42755, 44.094145 ], [ 1.428511, 44.094693 ], [ 1.429355, 44.095132 ], [ 1.430204, 44.095544 ], [ 1.431887, 44.096293 ], [ 1.434228, 44.097261 ], [ 1.43774, 44.098685 ], [ 1.44124, 44.100103 ], [ 1.442633877510988, 44.1006728472247 ], [ 1.442670041339105, 44.100584127428569 ], [ 1.442337, 44.100449 ], [ 1.437544, 44.098501 ], [ 1.433754, 44.096963 ], [ 1.431629, 44.096078 ], [ 1.430621, 44.095628 ], [ 1.429643, 44.095168 ], [ 1.428789, 44.094734 ], [ 1.427999, 44.094295 ], [ 1.426932, 44.093651 ], [ 1.426391, 44.093292 ], [ 1.425302, 44.092521 ], [ 1.424131, 44.091576 ], [ 1.423567, 44.091073 ], [ 1.423052, 44.090582 ], [ 1.422567764820981, 44.090086459719522 ], [ 1.422486, 44.090168 ] ] ], [ [ [ 1.445491414143077, 44.097952474748155 ], [ 1.444383385576991, 44.097499438437886 ], [ 1.444382978268135, 44.097500444499815 ], [ 1.445491414143077, 44.097952474748155 ] ] ], [ [ [ 1.446321, 44.102178 ], [ 1.444477, 44.101426 ], [ 1.444248352465351, 44.101332879447661 ], [ 1.444278, 44.101345 ], [ 1.446321, 44.102178 ] ] ], [ [ [ 1.455823527438048, 44.106337121869188 ], [ 1.454794, 44.105814 ], [ 1.455823527438041, 44.106337121869188 ], [ 1.455823527438048, 44.106337121869188 ] ] ], [ [ [ 1.455841, 44.106346 ], [ 1.455823527438048, 44.106337121869188 ], [ 1.457196, 44.107066 ], [ 1.455841, 44.106346 ] ] ] ] } },
{ "type": "Feature", "properties": { "codgeo": "82037", "value": 720, "isochrone_group": 12.0, "nb_agences": 2 }, "geometry": { "type": "MultiPolygon", "coordinates": [ [ [ [ 1.454094, 44.120583 ], [ 1.453122, 44.122091 ], [ 1.452499, 44.123645 ], [ 1.455841, 44.124985 ], [ 1.463629, 44.126552 ], [ 1.471676, 44.129438 ], [ 1.468343, 44.137365 ], [ 1.469035, 44.141495 ], [ 1.471842, 44.14673 ], [ 1.474266, 44.151591 ], [ 1.471459, 44.157375 ], [ 1.468706, 44.159871 ], [ 1.469982, 44.16503 ], [ 1.467036, 44.171038 ], [ 1.468505, 44.174325 ], [ 1.462236, 44.179132 ], [ 1.459457, 44.176844 ], [ 1.457408, 44.176683 ], [ 1.453162, 44.180744 ], [ 1.450795, 44.188936 ], [ 1.448345, 44.190312 ], [ 1.44569, 44.191308 ], [ 1.445104, 44.191414 ], [ 1.44255, 44.19207 ], [ 1.441856, 44.195602 ], [ 1.443374, 44.1959 ], [ 1.444156, 44.195908 ], [ 1.452379, 44.196464 ], [ 1.459077, 44.199816 ], [ 1.461867, 44.201934 ], [ 1.46626, 44.203957 ], [ 1.467511, 44.203892 ], [ 1.475459, 44.206666 ], [ 1.477063, 44.20794 ], [ 1.479906, 44.205732 ], [ 1.487138, 44.208906 ], [ 1.486041, 44.212839 ], [ 1.485703, 44.213569 ], [ 1.484641, 44.216025 ], [ 1.484276, 44.21651 ], [ 1.484063, 44.216861 ], [ 1.485039, 44.218626 ], [ 1.479971, 44.22547 ], [ 1.476404, 44.225953 ], [ 1.474223, 44.227268 ], [ 1.47326, 44.228526 ], [ 1.473741, 44.229119 ], [ 1.474374, 44.229676 ], [ 1.480647, 44.234714 ], [ 1.483669, 44.234182 ], [ 1.483824, 44.234085 ], [ 1.483928, 44.234016 ], [ 1.49062, 44.229907 ], [ 1.496452, 44.231425 ], [ 1.499852, 44.238712 ], [ 1.499612, 44.246546 ], [ 1.501414, 44.249663 ], [ 1.506994, 44.255468 ], [ 1.506401, 44.25731 ], [ 1.505637, 44.259841 ], [ 1.504821, 44.263127 ], [ 1.508315, 44.263995 ], [ 1.509131, 44.260708 ], [ 1.509847, 44.258354 ], [ 1.510421, 44.256571 ], [ 1.511004, 44.254759 ], [ 1.515645575153637, 44.247801827077097 ], [ 1.514435, 44.248802 ], [ 1.511953, 44.246193 ], [ 1.513442, 44.244777 ], [ 1.5148, 44.2437 ], [ 1.517011, 44.242007 ], [ 1.518928, 44.240519 ], [ 1.520855, 44.239022 ], [ 1.523231, 44.236973 ], [ 1.524269, 44.236029 ], [ 1.525577, 44.23479 ], [ 1.52372, 44.22702 ], [ 1.522952279136674, 44.22565493807484 ], [ 1.519873, 44.224301 ], [ 1.518984, 44.22382 ], [ 1.512781078533357, 44.222762754157891 ], [ 1.509705, 44.229551 ], [ 1.509897, 44.230362 ], [ 1.509779, 44.231002 ], [ 1.509751, 44.231135 ], [ 1.509224, 44.231748 ], [ 1.508744, 44.232198 ], [ 1.508155, 44.232556 ], [ 1.505259, 44.23924 ], [ 1.502104, 44.240973 ], [ 1.50127, 44.239454 ], [ 1.501021, 44.238895 ], [ 1.500828, 44.238237 ], [ 1.500735, 44.237594 ], [ 1.500727, 44.237002 ], [ 1.500798, 44.236365 ], [ 1.500845, 44.233724 ], [ 1.500742, 44.233164 ], [ 1.50068, 44.232666 ], [ 1.500663, 44.232092 ], [ 1.500722, 44.231474 ], [ 1.500694, 44.229404 ], [ 1.492767, 44.226177 ], [ 1.49248, 44.226339 ], [ 1.491087, 44.227043 ], [ 1.487299, 44.229546 ], [ 1.484552, 44.227219 ], [ 1.485068, 44.224559 ], [ 1.488239, 44.223159 ], [ 1.491614, 44.219663 ], [ 1.491285, 44.212798 ], [ 1.488812, 44.210182 ], [ 1.489688, 44.209354 ], [ 1.492311, 44.20308 ], [ 1.491491, 44.196614 ], [ 1.488438, 44.194786 ], [ 1.487793, 44.189727 ], [ 1.487738, 44.189546 ], [ 1.483199, 44.185418 ], [ 1.478637, 44.192397 ], [ 1.478554, 44.198493 ], [ 1.476902, 44.201692 ], [ 1.472499, 44.201635 ], [ 1.466492, 44.19937 ], [ 1.463784, 44.197196 ], [ 1.461238, 44.194651 ], [ 1.453898, 44.193544 ], [ 1.45366, 44.193584 ], [ 1.452182, 44.192878 ], [ 1.452136, 44.192813 ], [ 1.453067, 44.190033 ], [ 1.457663, 44.182499 ], [ 1.458425, 44.181538 ], [ 1.459027, 44.181492 ], [ 1.459311, 44.181489 ], [ 1.461177, 44.181971 ], [ 1.468727, 44.178089 ], [ 1.47462, 44.173639 ], [ 1.473731, 44.170361 ], [ 1.473674, 44.170278 ], [ 1.47174, 44.164088 ], [ 1.475053, 44.156881 ], [ 1.478188, 44.152212 ], [ 1.479209, 44.146591 ], [ 1.473598, 44.143117 ], [ 1.47312, 44.143045 ], [ 1.472405, 44.134135 ], [ 1.474292, 44.129948 ], [ 1.47277, 44.1237 ], [ 1.468249, 44.122305 ], [ 1.461725, 44.118769 ], [ 1.460639, 44.115337 ], [ 1.457196, 44.107066 ], [ 1.455823527438041, 44.106337121869188 ], [ 1.454794, 44.105814 ], [ 1.453479, 44.105181 ], [ 1.454206, 44.113114 ], [ 1.454094, 44.120583 ] ] ], [ [ [ 1.541672, 44.232558 ], [ 1.543164, 44.231946 ], [ 1.543362, 44.231254 ], [ 1.543561, 44.230613 ], [ 1.545791, 44.227046 ], [ 1.552364, 44.224772 ], [ 1.560894, 44.226455 ], [ 1.563252, 44.22559 ], [ 1.569462, 44.227876 ], [ 1.570749, 44.230579 ], [ 1.573335, 44.232884 ], [ 1.577036, 44.233264 ], [ 1.57997, 44.229214 ], [ 1.588788, 44.227456 ], [ 1.592001, 44.229204 ], [ 1.595972, 44.232463 ], [ 1.596414, 44.233041 ], [ 1.596927, 44.233438 ], [ 1.597628, 44.233771 ], [ 1.603, 44.235935 ], [ 1.604212, 44.236283 ], [ 1.604958, 44.2357 ], [ 1.605394, 44.233246 ], [ 1.605046, 44.232937 ], [ 1.604421, 44.232363 ], [ 1.603959, 44.232006 ], [ 1.602578, 44.2247 ], [ 1.605713, 44.22293 ], [ 1.609057, 44.221665 ], [ 1.612014, 44.221595 ], [ 1.612071, 44.221587 ], [ 1.612726, 44.221346 ], [ 1.613498, 44.220246 ], [ 1.614269, 44.216531 ], [ 1.614257, 44.216512 ], [ 1.612521, 44.215673 ], [ 1.608835, 44.21501 ], [ 1.600211, 44.213232 ], [ 1.600907, 44.204727 ], [ 1.600516, 44.201273 ], [ 1.600789, 44.193536 ], [ 1.598909, 44.190465 ], [ 1.597272, 44.185846 ], [ 1.600214336390576, 44.18154035516956 ], [ 1.595197, 44.184376 ], [ 1.593817, 44.187701 ], [ 1.596202, 44.195349 ], [ 1.59767, 44.196013 ], [ 1.598382, 44.200002 ], [ 1.598574, 44.200585 ], [ 1.595788, 44.208438 ], [ 1.596368, 44.209411 ], [ 1.600173, 44.217308 ], [ 1.6024, 44.218439 ], [ 1.602988, 44.219539 ], [ 1.603494, 44.221869 ], [ 1.597988, 44.228044 ], [ 1.594739, 44.229594 ], [ 1.592163, 44.22708 ], [ 1.583972, 44.225177 ], [ 1.582238, 44.225507 ], [ 1.577279, 44.226704 ], [ 1.57604, 44.226784 ], [ 1.575536, 44.226703 ], [ 1.567272, 44.225256 ], [ 1.567571, 44.221668 ], [ 1.560227, 44.217631 ], [ 1.559919, 44.217618 ], [ 1.553652, 44.219497 ], [ 1.550733, 44.21739 ], [ 1.544185, 44.21625 ], [ 1.542774, 44.222374 ], [ 1.544109, 44.224569 ], [ 1.54423, 44.225667 ], [ 1.543735, 44.225886 ], [ 1.542919, 44.226184 ], [ 1.535066, 44.229715 ], [ 1.533324, 44.232822 ], [ 1.532931, 44.233348 ], [ 1.532584, 44.233674 ], [ 1.541233, 44.232454 ], [ 1.541672, 44.232558 ] ] ], [ [ [ 1.616634, 44.184851 ], [ 1.623908, 44.187516 ], [ 1.624926, 44.18784 ], [ 1.625371, 44.187732 ], [ 1.626576, 44.185099 ], [ 1.62697, 44.176903 ], [ 1.626472, 44.174993 ], [ 1.624971, 44.173909 ], [ 1.621726139917637, 44.171405234828583 ], [ 1.622095, 44.166963 ], [ 1.624067, 44.161776 ], [ 1.623493, 44.160557 ], [ 1.62327, 44.159923 ], [ 1.622612, 44.158484 ], [ 1.623224, 44.154365 ], [ 1.630793, 44.153814 ], [ 1.633803, 44.155734 ], [ 1.634217, 44.15513 ], [ 1.634448, 44.15467 ], [ 1.635626, 44.152174 ], [ 1.641019231201589, 44.151103074539897 ], [ 1.64440379194525, 44.150820540683902 ], [ 1.648247, 44.15281 ], [ 1.656286, 44.155999 ], [ 1.657945, 44.156948 ], [ 1.659733, 44.153823 ], [ 1.658073, 44.152874 ], [ 1.65709, 44.151892 ], [ 1.656646, 44.151286 ], [ 1.6563, 44.150888 ], [ 1.655839, 44.150511 ], [ 1.659059, 44.142277 ], [ 1.662584, 44.141838 ], [ 1.662138, 44.138265 ], [ 1.655605, 44.137426 ], [ 1.65285, 44.137499 ], [ 1.648764, 44.138894 ], [ 1.648287975801018, 44.139083833843863 ], [ 1.648276, 44.139055 ], [ 1.646284, 44.139883 ], [ 1.648073, 44.13914 ], [ 1.649454, 44.142464 ], [ 1.648573, 44.147939 ], [ 1.647733, 44.15144 ], [ 1.644566, 44.150807 ], [ 1.635886, 44.151507 ], [ 1.632364, 44.150762 ], [ 1.628062249181075, 44.149281755654364 ], [ 1.627858, 44.149356 ], [ 1.627485, 44.149536 ], [ 1.62613, 44.149737 ], [ 1.625629, 44.149808 ], [ 1.622203648304889, 44.150497192949665 ], [ 1.621264025638994, 44.15141147711357 ], [ 1.619179372348361, 44.154615303271228 ], [ 1.620421, 44.157645 ], [ 1.619352, 44.161083 ], [ 1.618916, 44.163949 ], [ 1.617881, 44.169024 ], [ 1.619249, 44.174086 ], [ 1.619239081124639, 44.174442459583304 ], [ 1.619444, 44.174687 ], [ 1.620298, 44.175125 ], [ 1.621252, 44.175551 ], [ 1.621997, 44.176972 ], [ 1.621948, 44.177258 ], [ 1.621627, 44.178847 ], [ 1.620048, 44.180742 ], [ 1.618719, 44.181329 ], [ 1.618667, 44.181341 ], [ 1.616458, 44.181407 ], [ 1.61088, 44.180557 ], [ 1.609506, 44.180605 ], [ 1.608024, 44.180538 ], [ 1.604734, 44.180274 ], [ 1.611782, 44.184539 ], [ 1.616634, 44.184851 ] ] ], [ [ [ 1.633701, 44.137042 ], [ 1.628418, 44.132928 ], [ 1.628503, 44.129329 ], [ 1.626908, 44.129108 ], [ 1.624534, 44.128004 ], [ 1.619208, 44.120883 ], [ 1.61808, 44.123019 ], [ 1.622763, 44.129396 ], [ 1.624745, 44.129208 ], [ 1.629377, 44.136723 ], [ 1.634146, 44.140916 ], [ 1.638229, 44.141881 ], [ 1.646284, 44.139883 ], [ 1.637465, 44.138722 ], [ 1.633701, 44.137042 ] ] ], [ [ [ 1.629547, 44.116192 ], [ 1.629361, 44.11536 ], [ 1.628666, 44.114256 ], [ 1.627514, 44.106026 ], [ 1.629147, 44.103635 ], [ 1.629094, 44.102791 ], [ 1.629068, 44.102756 ], [ 1.62816, 44.102335 ], [ 1.626208, 44.102124 ], [ 1.622579, 44.101846 ], [ 1.619537, 44.102115 ], [ 1.622196, 44.101998 ], [ 1.623821, 44.105211 ], [ 1.623888, 44.111053 ], [ 1.622474, 44.114364 ], [ 1.619208, 44.120883 ], [ 1.626033, 44.116977 ], [ 1.629547, 44.116192 ] ] ], [ [ [ 1.619115, 44.089949 ], [ 1.621158, 44.081857 ], [ 1.624425, 44.080804 ], [ 1.62512, 44.080663 ], [ 1.625525, 44.080456 ], [ 1.626668, 44.0773 ], [ 1.626599, 44.074246 ], [ 1.626502, 44.074188 ], [ 1.625728, 44.073825 ], [ 1.617289, 44.070842 ], [ 1.616513, 44.070597 ], [ 1.615819, 44.070614 ], [ 1.615055, 44.070777 ], [ 1.614246, 44.071527 ], [ 1.613696, 44.07266 ], [ 1.610922, 44.077871 ], [ 1.610178489046669, 44.079325729587715 ], [ 1.614804, 44.075313 ], [ 1.615087, 44.075277 ], [ 1.617801, 44.075218 ], [ 1.619007, 44.078327 ], [ 1.619003, 44.079151 ], [ 1.618745, 44.079818 ], [ 1.618577, 44.080085 ], [ 1.616498, 44.088331 ], [ 1.617201, 44.089625 ], [ 1.614471, 44.093858 ], [ 1.614186, 44.094733 ], [ 1.618825, 44.101972 ], [ 1.619537, 44.102115 ], [ 1.618851, 44.09354 ], [ 1.619115, 44.089949 ] ] ], [ [ [ 1.596544, 44.084122 ], [ 1.593165, 44.086336 ], [ 1.58504, 44.089257 ], [ 1.58152, 44.090014 ], [ 1.577397, 44.094637 ], [ 1.574008, 44.095851 ], [ 1.567136, 44.091799 ], [ 1.565432, 44.091719 ], [ 1.561788, 44.091371 ], [ 1.558078733830976, 44.092808988701613 ], [ 1.556321, 44.091084 ], [ 1.549307, 44.089149 ], [ 1.54532, 44.087022 ], [ 1.540935, 44.083612 ], [ 1.533364, 44.082923 ], [ 1.532372, 44.079871 ], [ 1.532149, 44.079072 ], [ 1.532037, 44.078486 ], [ 1.531629, 44.077819 ], [ 1.531454, 44.077711 ], [ 1.530613, 44.077325 ], [ 1.529225, 44.076688 ], [ 1.527998, 44.076114 ], [ 1.527017, 44.075676 ], [ 1.525549, 44.078963 ], [ 1.526831, 44.08362 ], [ 1.520931, 44.088058 ], [ 1.519263, 44.091248 ], [ 1.511276, 44.09522 ], [ 1.510258, 44.09506 ], [ 1.507459, 44.096344 ], [ 1.503097, 44.098703 ], [ 1.495762, 44.101481 ], [ 1.490448, 44.102303 ], [ 1.489562, 44.10337 ], [ 1.489231, 44.103761 ], [ 1.488912658759009, 44.104311860078468 ], [ 1.496462, 44.102827 ], [ 1.497419, 44.10368 ], [ 1.497889, 44.104203 ], [ 1.498071, 44.104457 ], [ 1.498773, 44.105587 ], [ 1.505504, 44.11048 ], [ 1.512005, 44.106512 ], [ 1.515087, 44.104651 ], [ 1.518941, 44.097911 ], [ 1.519282, 44.095755 ], [ 1.52457, 44.090328 ], [ 1.524711, 44.090199 ], [ 1.531101, 44.085829 ], [ 1.533775, 44.083419 ], [ 1.537643, 44.085372 ], [ 1.538179, 44.085629 ], [ 1.542057, 44.089406 ], [ 1.545746, 44.091167 ], [ 1.546609, 44.092596 ], [ 1.546628, 44.09275 ], [ 1.547001272569634, 44.09575807921447 ], [ 1.548651, 44.096437 ], [ 1.557439, 44.096857 ], [ 1.562011, 44.096668 ], [ 1.564999, 44.096768 ], [ 1.569196938200831, 44.099866448615828 ], [ 1.569744, 44.099785 ], [ 1.571037, 44.099432 ], [ 1.571499, 44.099631 ], [ 1.572111, 44.10006 ], [ 1.573159528729718, 44.100821840013836 ], [ 1.575566, 44.099219 ], [ 1.576131, 44.098197 ], [ 1.576396, 44.097937 ], [ 1.579838, 44.09569 ], [ 1.586993, 44.091381 ], [ 1.588546, 44.089743 ], [ 1.591473, 44.091839 ], [ 1.598965, 44.090242 ], [ 1.600328, 44.089235 ], [ 1.603553, 44.086488 ], [ 1.604424, 44.085637 ], [ 1.605120014585453, 44.084830514225374 ], [ 1.598976, 44.086777 ], [ 1.596544, 44.084122 ] ] ], [ [ [ 1.479665, 44.10421 ], [ 1.478676, 44.102747 ], [ 1.473355, 44.10451 ], [ 1.464759, 44.102014 ], [ 1.46235, 44.100115 ], [ 1.45994, 44.098216 ], [ 1.45822, 44.096861 ], [ 1.456501, 44.095506 ], [ 1.454272, 44.098333 ], [ 1.447917763208619, 44.09882549431223 ], [ 1.450657, 44.099933 ], [ 1.453136, 44.100967 ], [ 1.455025, 44.101815 ], [ 1.456796, 44.102676 ], [ 1.457685688170486, 44.103133553916251 ], [ 1.46616, 44.103077 ], [ 1.468321, 44.104789 ], [ 1.470482, 44.106501 ], [ 1.47269, 44.108249 ], [ 1.480999, 44.106069 ], [ 1.488734, 44.104347 ], [ 1.488882727541889, 44.104317747170853 ], [ 1.480606, 44.10566 ], [ 1.479665, 44.10421 ] ] ], [ [ [ 1.418518, 44.083896 ], [ 1.418868, 44.084771 ], [ 1.419241, 44.085572 ], [ 1.419748, 44.086514 ], [ 1.420346, 44.087505 ], [ 1.421166, 44.088638 ], [ 1.421796, 44.089403 ], [ 1.422415, 44.090094 ], [ 1.422487137232063, 44.090166865890986 ], [ 1.42256776482098, 44.090086459719522 ], [ 1.422538, 44.090056 ], [ 1.421961, 44.089427 ], [ 1.421486, 44.088861 ], [ 1.421412157148888, 44.088763128919545 ], [ 1.421411, 44.088764 ], [ 1.42073, 44.087859 ], [ 1.419909, 44.086561 ], [ 1.419441, 44.085707 ], [ 1.419016, 44.084808 ], [ 1.418724, 44.084106 ], [ 1.418532, 44.08357 ], [ 1.418401536941269, 44.083557572052882 ], [ 1.418518, 44.083896 ] ] ], [ [ [ 1.437350698105349, 44.098527150940214 ], [ 1.43774, 44.098685 ], [ 1.43479916646351, 44.097492589135548 ], [ 1.434799, 44.097493 ], [ 1.437350698105349, 44.098527150940214 ] ] ] ] } },
{ "type": "Feature", "properties": { "codgeo": "82037", "value": 780, "isochrone_group": 13.0, "nb_agences": 2 }, "geometry": { "type": "MultiPolygon", "coordinates": [ [ [ [ 1.466272, 44.158375 ], [ 1.463411, 44.161124 ], [ 1.463614, 44.164719 ], [ 1.464832, 44.17209 ], [ 1.458202, 44.174845 ], [ 1.455028, 44.173146 ], [ 1.451199, 44.175368 ], [ 1.449432, 44.18325 ], [ 1.449063, 44.18405 ], [ 1.448799, 44.18469 ], [ 1.441613, 44.189693 ], [ 1.438289, 44.18831 ], [ 1.433198, 44.194494 ], [ 1.430342, 44.196169 ], [ 1.431837, 44.199444 ], [ 1.435804, 44.19979 ], [ 1.439372, 44.19931 ], [ 1.444156, 44.195908 ], [ 1.443374, 44.1959 ], [ 1.441856, 44.195602 ], [ 1.44255, 44.19207 ], [ 1.445104, 44.191414 ], [ 1.44569, 44.191308 ], [ 1.448345, 44.190312 ], [ 1.450795, 44.188936 ], [ 1.453162, 44.180744 ], [ 1.457408, 44.176683 ], [ 1.459457, 44.176844 ], [ 1.462236, 44.179132 ], [ 1.468505, 44.174325 ], [ 1.467036, 44.171038 ], [ 1.469982, 44.16503 ], [ 1.468706, 44.159871 ], [ 1.471459, 44.157375 ], [ 1.474266, 44.151591 ], [ 1.473887172423174, 44.150831313180312 ], [ 1.472572, 44.153644 ], [ 1.466272, 44.158375 ] ] ], [ [ [ 1.45619, 44.202821 ], [ 1.458845, 44.20566 ], [ 1.462303, 44.20575 ], [ 1.468349, 44.206353 ], [ 1.470732, 44.209051 ], [ 1.475795, 44.213112 ], [ 1.473944, 44.220688 ], [ 1.472737, 44.22249 ], [ 1.470703, 44.229977 ], [ 1.469516, 44.231783 ], [ 1.468692, 44.235287 ], [ 1.469248, 44.235418 ], [ 1.476202, 44.237857 ], [ 1.476738, 44.238023 ], [ 1.477297, 44.238107 ], [ 1.478459, 44.238339 ], [ 1.478801, 44.238331 ], [ 1.47949, 44.238278 ], [ 1.479668, 44.238228 ], [ 1.480905, 44.237257 ], [ 1.484515, 44.235285 ], [ 1.487431, 44.233174 ], [ 1.491529, 44.232122 ], [ 1.498329, 44.236624 ], [ 1.49836, 44.241735 ], [ 1.495202, 44.248688 ], [ 1.492874, 44.250519 ], [ 1.492391, 44.250864 ], [ 1.491093, 44.251682 ], [ 1.489687, 44.252935 ], [ 1.489592, 44.253157 ], [ 1.490055, 44.255129 ], [ 1.49233, 44.256016 ], [ 1.493389, 44.255642 ], [ 1.501517, 44.253215 ], [ 1.505637, 44.259841 ], [ 1.506401, 44.25731 ], [ 1.506994, 44.255468 ], [ 1.501414, 44.249663 ], [ 1.499612, 44.246546 ], [ 1.499852, 44.238712 ], [ 1.496452, 44.231425 ], [ 1.49062, 44.229907 ], [ 1.483928, 44.234016 ], [ 1.483824, 44.234085 ], [ 1.483669, 44.234182 ], [ 1.480647, 44.234714 ], [ 1.474374, 44.229676 ], [ 1.473741, 44.229119 ], [ 1.47326, 44.228526 ], [ 1.474223, 44.227268 ], [ 1.476404, 44.225953 ], [ 1.479971, 44.22547 ], [ 1.485039, 44.218626 ], [ 1.484063, 44.216861 ], [ 1.484276, 44.21651 ], [ 1.484641, 44.216025 ], [ 1.485703, 44.213569 ], [ 1.486041, 44.212839 ], [ 1.487138, 44.208906 ], [ 1.479906, 44.205732 ], [ 1.477063, 44.20794 ], [ 1.475459, 44.206666 ], [ 1.467511, 44.203892 ], [ 1.46626, 44.203957 ], [ 1.461867, 44.201934 ], [ 1.459077, 44.199816 ], [ 1.452379, 44.196464 ], [ 1.444156, 44.195908 ], [ 1.451683, 44.197615 ], [ 1.45619, 44.202821 ] ] ], [ [ [ 1.504436, 44.26509 ], [ 1.504136, 44.267394 ], [ 1.50398, 44.269384 ], [ 1.503964, 44.271062 ], [ 1.503664, 44.273348 ], [ 1.503373, 44.275576 ], [ 1.502871, 44.278673 ], [ 1.502736, 44.280431 ], [ 1.506326, 44.280707 ], [ 1.506926, 44.27616 ], [ 1.507234, 44.273816 ], [ 1.507533, 44.27153 ], [ 1.507724, 44.267681 ], [ 1.508321922701445, 44.263967114069033 ], [ 1.508315, 44.263995 ], [ 1.504823068298934, 44.263127513818958 ], [ 1.504791, 44.263257 ], [ 1.504436, 44.26509 ] ] ], [ [ [ 1.517025, 44.24653 ], [ 1.515923, 44.247386 ], [ 1.511004, 44.254759 ], [ 1.514565324295009, 44.249420995522044 ], [ 1.517025, 44.24653 ] ] ], [ [ [ 1.530799, 44.235253 ], [ 1.529812504486442, 44.236025383595823 ], [ 1.52669, 44.238693 ], [ 1.525626, 44.239661 ], [ 1.525625117056558, 44.239660028835118 ], [ 1.52558, 44.239701 ], [ 1.529714, 44.236498 ], [ 1.530799, 44.235253 ] ] ], [ [ [ 1.540505, 44.238228 ], [ 1.54403, 44.236299 ], [ 1.544704, 44.232762 ], [ 1.546164180793201, 44.22691689409347 ], [ 1.545791, 44.227046 ], [ 1.543561, 44.230613 ], [ 1.543362, 44.231254 ], [ 1.543164, 44.231946 ], [ 1.541672, 44.232558 ], [ 1.541233, 44.232454 ], [ 1.532584, 44.233674 ], [ 1.531598, 44.2345 ], [ 1.531353161696515, 44.234709170131723 ], [ 1.530799, 44.235253 ], [ 1.537354, 44.236486 ], [ 1.540505, 44.238228 ] ] ], [ [ [ 1.557252, 44.229559 ], [ 1.564656, 44.230914 ], [ 1.569551, 44.234527 ], [ 1.569552, 44.238475 ], [ 1.572413, 44.24066 ], [ 1.576411, 44.236894 ], [ 1.582617, 44.233157 ], [ 1.588736, 44.23088 ], [ 1.596414, 44.233041 ], [ 1.595972, 44.232463 ], [ 1.592001, 44.229204 ], [ 1.588788, 44.227456 ], [ 1.57997, 44.229214 ], [ 1.577036, 44.233264 ], [ 1.573335, 44.232884 ], [ 1.570749, 44.230579 ], [ 1.569462, 44.227876 ], [ 1.563252, 44.22559 ], [ 1.560894, 44.226455 ], [ 1.552364, 44.224772 ], [ 1.551985461157927, 44.224902959581136 ], [ 1.554732, 44.226989 ], [ 1.557252, 44.229559 ] ] ], [ [ [ 1.599066, 44.23933 ], [ 1.599738, 44.239067 ], [ 1.600309, 44.238876 ], [ 1.608403, 44.242513 ], [ 1.60873, 44.242814 ], [ 1.60915, 44.24312 ], [ 1.609945, 44.243593 ], [ 1.61048, 44.242827 ], [ 1.611787, 44.2405 ], [ 1.61052, 44.236028 ], [ 1.613859, 44.229011 ], [ 1.614191, 44.22813 ], [ 1.618135, 44.220676 ], [ 1.622828, 44.21674 ], [ 1.622077, 44.212075 ], [ 1.620075, 44.210473 ], [ 1.61974, 44.210565 ], [ 1.610901, 44.211601 ], [ 1.610067, 44.211744 ], [ 1.603797, 44.208019 ], [ 1.604401, 44.204558 ], [ 1.604383, 44.203661 ], [ 1.604318, 44.20299 ], [ 1.604021, 44.202302 ], [ 1.60339, 44.195989 ], [ 1.605028, 44.192783 ], [ 1.605684, 44.189526 ], [ 1.612758, 44.1879 ], [ 1.619128, 44.194222 ], [ 1.62254, 44.195106 ], [ 1.629378, 44.191248 ], [ 1.630531, 44.19068 ], [ 1.630626, 44.189279 ], [ 1.636588, 44.183352 ], [ 1.639524, 44.184134 ], [ 1.640451, 44.180655 ], [ 1.637955, 44.176335 ], [ 1.631144, 44.174778 ], [ 1.629202, 44.171747 ], [ 1.625655, 44.170138 ], [ 1.624460038912127, 44.163333113263285 ], [ 1.626204, 44.162176 ], [ 1.631689, 44.160036 ], [ 1.632002, 44.159724 ], [ 1.632503, 44.159004 ], [ 1.632826, 44.157984 ], [ 1.634217, 44.15513 ], [ 1.633803, 44.155734 ], [ 1.630793, 44.153814 ], [ 1.623224, 44.154365 ], [ 1.622612, 44.158484 ], [ 1.62327, 44.159923 ], [ 1.623493, 44.160557 ], [ 1.624067, 44.161776 ], [ 1.622095, 44.166963 ], [ 1.621726139917637, 44.171405234828583 ], [ 1.624971, 44.173909 ], [ 1.626472, 44.174993 ], [ 1.62697, 44.176903 ], [ 1.626576, 44.185099 ], [ 1.625371, 44.187732 ], [ 1.624926, 44.18784 ], [ 1.623908, 44.187516 ], [ 1.616634, 44.184851 ], [ 1.611782, 44.184539 ], [ 1.604734, 44.180274 ], [ 1.602494, 44.180678 ], [ 1.6003, 44.181415 ], [ 1.597272, 44.185846 ], [ 1.598909, 44.190465 ], [ 1.600789, 44.193536 ], [ 1.600516, 44.201273 ], [ 1.600907, 44.204727 ], [ 1.600211, 44.213232 ], [ 1.608835, 44.21501 ], [ 1.612521, 44.215673 ], [ 1.614257, 44.216512 ], [ 1.614269, 44.216531 ], [ 1.613498, 44.220246 ], [ 1.612726, 44.221346 ], [ 1.612071, 44.221587 ], [ 1.612014, 44.221595 ], [ 1.609057, 44.221665 ], [ 1.605713, 44.22293 ], [ 1.602578, 44.2247 ], [ 1.603959, 44.232006 ], [ 1.604421, 44.232363 ], [ 1.605046, 44.232937 ], [ 1.605394, 44.233246 ], [ 1.604958, 44.2357 ], [ 1.604212, 44.236283 ], [ 1.603, 44.235935 ], [ 1.597628, 44.233771 ], [ 1.596927, 44.233438 ], [ 1.596414, 44.233041 ], [ 1.597754, 44.235977 ], [ 1.599066, 44.23933 ] ] ], [ [ [ 1.649579, 44.155785 ], [ 1.656683, 44.157861 ], [ 1.660777, 44.160538 ], [ 1.664813, 44.161803 ], [ 1.671278, 44.159865 ], [ 1.670949, 44.15628 ], [ 1.665688, 44.15443 ], [ 1.665166, 44.154439 ], [ 1.664307, 44.15454 ], [ 1.663418, 44.154546 ], [ 1.659773, 44.153846 ], [ 1.659732944207707, 44.153823097511705 ], [ 1.657945, 44.156948 ], [ 1.656286, 44.155999 ], [ 1.648247, 44.15281 ], [ 1.64440379194525, 44.150820540683902 ], [ 1.644373621047163, 44.1508230592678 ], [ 1.64745, 44.152882 ], [ 1.649579, 44.155785 ] ] ], [ [ [ 1.66109040661537, 44.142024200567199 ], [ 1.66428, 44.142479 ], [ 1.665337, 44.142988 ], [ 1.668719, 44.139612 ], [ 1.673045, 44.13522 ], [ 1.672091, 44.131749 ], [ 1.671357, 44.131951 ], [ 1.668466, 44.132911 ], [ 1.665667, 44.133844 ], [ 1.664938, 44.134116 ], [ 1.663282, 44.13472 ], [ 1.655051, 44.135752 ], [ 1.65473, 44.135958 ], [ 1.648764, 44.138894 ], [ 1.65285, 44.137499 ], [ 1.655605, 44.137426 ], [ 1.662138, 44.138265 ], [ 1.662584, 44.141838 ], [ 1.659059, 44.142277 ], [ 1.661068, 44.142027 ], [ 1.66109040661537, 44.142024200567199 ] ] ], [ [ [ 1.638324, 44.138427 ], [ 1.633841, 44.130967 ], [ 1.632037, 44.127852 ], [ 1.631774, 44.120364 ], [ 1.63216, 44.116784 ], [ 1.631729, 44.112525 ], [ 1.631958, 44.106963 ], [ 1.632841, 44.099933 ], [ 1.631388, 44.096639 ], [ 1.624005, 44.092847 ], [ 1.623545, 44.089277 ], [ 1.624588, 44.085773 ], [ 1.632306, 44.085717 ], [ 1.633455, 44.086882 ], [ 1.634448, 44.086055 ], [ 1.634731, 44.085842 ], [ 1.635468, 44.085316 ], [ 1.636017, 44.084352 ], [ 1.635776, 44.077057 ], [ 1.636378, 44.073508 ], [ 1.634142, 44.073048 ], [ 1.634017, 44.073062 ], [ 1.631049, 44.073323 ], [ 1.622949, 44.070878 ], [ 1.618193, 44.069035 ], [ 1.6141, 44.067772 ], [ 1.613552, 44.068151 ], [ 1.607222, 44.072598 ], [ 1.606724, 44.074482 ], [ 1.607426, 44.075745 ], [ 1.607267956020834, 44.082430498575988 ], [ 1.608916, 44.080496 ], [ 1.609952295166313, 44.07976829324982 ], [ 1.610922, 44.077871 ], [ 1.613696, 44.07266 ], [ 1.614246, 44.071527 ], [ 1.615055, 44.070777 ], [ 1.615819, 44.070614 ], [ 1.616513, 44.070597 ], [ 1.617289, 44.070842 ], [ 1.625728, 44.073825 ], [ 1.626502, 44.074188 ], [ 1.626599, 44.074246 ], [ 1.626668, 44.0773 ], [ 1.625525, 44.080456 ], [ 1.62512, 44.080663 ], [ 1.624425, 44.080804 ], [ 1.621158, 44.081857 ], [ 1.619115, 44.089949 ], [ 1.618851, 44.09354 ], [ 1.619537, 44.102115 ], [ 1.622579, 44.101846 ], [ 1.626208, 44.102124 ], [ 1.62816, 44.102335 ], [ 1.629068, 44.102756 ], [ 1.629094, 44.102791 ], [ 1.629147, 44.103635 ], [ 1.627514, 44.106026 ], [ 1.628666, 44.114256 ], [ 1.629361, 44.11536 ], [ 1.629547, 44.116192 ], [ 1.626033, 44.116977 ], [ 1.619208, 44.120883 ], [ 1.624534, 44.128004 ], [ 1.626908, 44.129108 ], [ 1.628503, 44.129329 ], [ 1.628418, 44.132928 ], [ 1.633701, 44.137042 ], [ 1.637465, 44.138722 ], [ 1.646284, 44.139883 ], [ 1.648276, 44.139055 ], [ 1.648287975801018, 44.139083833843863 ], [ 1.648764, 44.138894 ], [ 1.641924, 44.138398 ], [ 1.638324, 44.138427 ] ] ], [ [ [ 1.578899, 44.086782 ], [ 1.577727, 44.090186 ], [ 1.570572, 44.090908 ], [ 1.567013, 44.087992 ], [ 1.563413, 44.087941 ], [ 1.562291943713737, 44.089620898123307 ], [ 1.562022, 44.089492 ], [ 1.561434, 44.089685 ], [ 1.560837, 44.089968 ], [ 1.557382, 44.090931 ], [ 1.556355622313708, 44.091117977328587 ], [ 1.558078733830976, 44.092808988701613 ], [ 1.561788, 44.091371 ], [ 1.565432, 44.091719 ], [ 1.567136, 44.091799 ], [ 1.574008, 44.095851 ], [ 1.577397, 44.094637 ], [ 1.58152, 44.090014 ], [ 1.58504, 44.089257 ], [ 1.590131612341124, 44.08742652619712 ], [ 1.58339, 44.087546 ], [ 1.578899, 44.086782 ] ] ], [ [ [ 1.546023, 44.082167 ], [ 1.544919, 44.079964 ], [ 1.544799, 44.079913 ], [ 1.543047, 44.080143 ], [ 1.535441, 44.080551 ], [ 1.533749, 44.077373 ], [ 1.533305, 44.073119 ], [ 1.533267, 44.073056 ], [ 1.531761, 44.072087 ], [ 1.527168, 44.072131 ], [ 1.521831, 44.073229 ], [ 1.520503, 44.074106 ], [ 1.520299, 44.07437 ], [ 1.520563, 44.08295 ], [ 1.520088, 44.086518 ], [ 1.521435943586043, 44.087678179722907 ], [ 1.526831, 44.08362 ], [ 1.525549, 44.078963 ], [ 1.527017, 44.075676 ], [ 1.527998, 44.076114 ], [ 1.529225, 44.076688 ], [ 1.530613, 44.077325 ], [ 1.531454, 44.077711 ], [ 1.531629, 44.077819 ], [ 1.532037, 44.078486 ], [ 1.532149, 44.079072 ], [ 1.532372, 44.079871 ], [ 1.533364, 44.082923 ], [ 1.540935, 44.083612 ], [ 1.54532, 44.087022 ], [ 1.549307, 44.089149 ], [ 1.553338919154909, 44.090261313026055 ], [ 1.547701, 44.08591 ], [ 1.546023, 44.082167 ] ] ], [ [ [ 1.506074, 44.094744 ], [ 1.505349, 44.094845 ], [ 1.504452, 44.0952 ], [ 1.50415, 44.095312 ], [ 1.502283, 44.098073 ], [ 1.49593, 44.101367 ], [ 1.490752, 44.100949 ], [ 1.489231, 44.103761 ], [ 1.489562, 44.10337 ], [ 1.490448, 44.102303 ], [ 1.495762, 44.101481 ], [ 1.503097, 44.098703 ], [ 1.507459, 44.096344 ], [ 1.510152463076717, 44.095108413508214 ], [ 1.506595, 44.094724 ], [ 1.506074, 44.094744 ] ] ], [ [ [ 1.48902, 44.104095 ], [ 1.488912, 44.104313 ], [ 1.489231, 44.103761 ], [ 1.48904372717857, 44.104085058299148 ], [ 1.48902, 44.104095 ] ] ], [ [ [ 1.479761786017638, 44.104359138921978 ], [ 1.479665, 44.10421 ], [ 1.480606, 44.10566 ], [ 1.479762, 44.104359 ], [ 1.479761786017638, 44.104359138921978 ] ] ], [ [ [ 1.476949, 44.100653 ], [ 1.476284, 44.100137 ], [ 1.475505, 44.09967 ], [ 1.475136, 44.099505 ], [ 1.473739, 44.099024 ], [ 1.472931, 44.098726 ], [ 1.470649, 44.100814 ], [ 1.46235, 44.100115 ], [ 1.464759, 44.102014 ], [ 1.473355, 44.10451 ], [ 1.478670602626939, 44.102748788304588 ], [ 1.478585, 44.102623 ], [ 1.476949, 44.100653 ] ] ], [ [ [ 1.452815, 44.0926 ], [ 1.452401, 44.092382 ], [ 1.451387, 44.092822 ], [ 1.449089, 44.094619 ], [ 1.442728338389311, 44.096721924602086 ], [ 1.443688, 44.097112 ], [ 1.445665, 44.097913 ], [ 1.447642, 44.098714 ], [ 1.447917763208619, 44.09882549431223 ], [ 1.454272, 44.098333 ], [ 1.456501, 44.095506 ], [ 1.45822, 44.096861 ], [ 1.45994, 44.098216 ], [ 1.457531, 44.096317 ], [ 1.452815, 44.0926 ] ] ], [ [ [ 1.43479916646351, 44.097492589135548 ], [ 1.434228, 44.097261 ], [ 1.43479916646351, 44.097492589135548 ], [ 1.43479916646351, 44.097492589135548 ] ] ], [ [ [ 1.446353, 44.115245 ], [ 1.447675, 44.11767 ], [ 1.44799, 44.12479 ], [ 1.446551, 44.128237 ], [ 1.448044, 44.131513 ], [ 1.450444, 44.130676 ], [ 1.450974, 44.130451 ], [ 1.45185, 44.129994 ], [ 1.460087, 44.130123 ], [ 1.465811, 44.13651 ], [ 1.464337, 44.139766 ], [ 1.464636, 44.14221 ], [ 1.465569, 44.143149 ], [ 1.467866, 44.143316 ], [ 1.469898094788867, 44.143104654869859 ], [ 1.469035, 44.141495 ], [ 1.468343, 44.137365 ], [ 1.471676, 44.129438 ], [ 1.463629, 44.126552 ], [ 1.455841, 44.124985 ], [ 1.452499, 44.123645 ], [ 1.453122, 44.122091 ], [ 1.454094, 44.120583 ], [ 1.454206, 44.113114 ], [ 1.453479, 44.105181 ], [ 1.451307, 44.104211 ], [ 1.449323, 44.103393 ], [ 1.446272, 44.111646 ], [ 1.446353, 44.115245 ] ] ] ] } },
{ "type": "Feature", "properties": { "codgeo": "82037", "value": 840, "isochrone_group": 14.0, "nb_agences": 2 }, "geometry": { "type": "MultiPolygon", "coordinates": [ [ [ [ 1.449323, 44.103393 ], [ 1.446321, 44.102178 ], [ 1.448655753300434, 44.105197912163725 ], [ 1.449323, 44.103393 ] ] ], [ [ [ 1.443566, 44.111355 ], [ 1.442099, 44.110661 ], [ 1.440949, 44.110216 ], [ 1.439407, 44.109761 ], [ 1.438312, 44.109044 ], [ 1.436141, 44.111916 ], [ 1.440387, 44.118751 ], [ 1.441752, 44.122326 ], [ 1.443252, 44.12743 ], [ 1.440867, 44.135448 ], [ 1.442259, 44.138768 ], [ 1.442803, 44.13854 ], [ 1.44422, 44.138027 ], [ 1.444726, 44.137865 ], [ 1.445544, 44.137376 ], [ 1.446321, 44.136367 ], [ 1.446555, 44.135377 ], [ 1.454721, 44.131821 ], [ 1.458206, 44.132726 ], [ 1.460249, 44.139394 ], [ 1.460994, 44.146138 ], [ 1.464081, 44.147989 ], [ 1.466275, 44.156594 ], [ 1.461319, 44.161297 ], [ 1.457634, 44.162937 ], [ 1.454608, 44.170092 ], [ 1.448925, 44.17584 ], [ 1.447125, 44.176291 ], [ 1.445381, 44.177047 ], [ 1.439888, 44.182571 ], [ 1.438352, 44.185827 ], [ 1.434947, 44.191465 ], [ 1.428682, 44.196595 ], [ 1.42557, 44.197973 ], [ 1.421772, 44.199096 ], [ 1.421148, 44.199324 ], [ 1.419093, 44.200018 ], [ 1.419982, 44.203506 ], [ 1.421551, 44.203106 ], [ 1.429235, 44.202612 ], [ 1.43693, 44.206145 ], [ 1.437392, 44.206679 ], [ 1.437958, 44.207157 ], [ 1.439254, 44.206 ], [ 1.440282, 44.204408 ], [ 1.440274, 44.202704 ], [ 1.447679, 44.199137 ], [ 1.448119, 44.199388 ], [ 1.448592, 44.199587 ], [ 1.452442, 44.206247 ], [ 1.454535, 44.209176 ], [ 1.462981, 44.208059 ], [ 1.469654, 44.212431 ], [ 1.472259, 44.216802 ], [ 1.47119, 44.224095 ], [ 1.46676, 44.231369 ], [ 1.467033, 44.238866 ], [ 1.469943, 44.241344 ], [ 1.473588, 44.24172 ], [ 1.474774, 44.241522 ], [ 1.479848, 44.248459 ], [ 1.479632, 44.249014 ], [ 1.4794, 44.249874 ], [ 1.479501, 44.250857 ], [ 1.479852, 44.251524 ], [ 1.480443, 44.252076 ], [ 1.480932, 44.252329 ], [ 1.483035, 44.254076 ], [ 1.481841, 44.261646 ], [ 1.484351, 44.264226 ], [ 1.486434, 44.2622 ], [ 1.48853, 44.260004 ], [ 1.496972, 44.258557 ], [ 1.500111, 44.259432 ], [ 1.504136, 44.267394 ], [ 1.504436, 44.26509 ], [ 1.504791, 44.263257 ], [ 1.505637, 44.259841 ], [ 1.501517, 44.253215 ], [ 1.493389, 44.255642 ], [ 1.49233, 44.256016 ], [ 1.490055, 44.255129 ], [ 1.489592, 44.253157 ], [ 1.489687, 44.252935 ], [ 1.491093, 44.251682 ], [ 1.492391, 44.250864 ], [ 1.492874, 44.250519 ], [ 1.495202, 44.248688 ], [ 1.49836, 44.241735 ], [ 1.498329, 44.236624 ], [ 1.491529, 44.232122 ], [ 1.487431, 44.233174 ], [ 1.484515, 44.235285 ], [ 1.480905, 44.237257 ], [ 1.479668, 44.238228 ], [ 1.47949, 44.238278 ], [ 1.478801, 44.238331 ], [ 1.478459, 44.238339 ], [ 1.477297, 44.238107 ], [ 1.476738, 44.238023 ], [ 1.476202, 44.237857 ], [ 1.469248, 44.235418 ], [ 1.468692, 44.235287 ], [ 1.469516, 44.231783 ], [ 1.470703, 44.229977 ], [ 1.472737, 44.22249 ], [ 1.473944, 44.220688 ], [ 1.475795, 44.213112 ], [ 1.470732, 44.209051 ], [ 1.468349, 44.206353 ], [ 1.462303, 44.20575 ], [ 1.458845, 44.20566 ], [ 1.45619, 44.202821 ], [ 1.451683, 44.197615 ], [ 1.444156, 44.195908 ], [ 1.439372, 44.19931 ], [ 1.435804, 44.19979 ], [ 1.431837, 44.199444 ], [ 1.430342, 44.196169 ], [ 1.433198, 44.194494 ], [ 1.438289, 44.18831 ], [ 1.441613, 44.189693 ], [ 1.448799, 44.18469 ], [ 1.449063, 44.18405 ], [ 1.449432, 44.18325 ], [ 1.451199, 44.175368 ], [ 1.455028, 44.173146 ], [ 1.458202, 44.174845 ], [ 1.464832, 44.17209 ], [ 1.463614, 44.164719 ], [ 1.463411, 44.161124 ], [ 1.466272, 44.158375 ], [ 1.472572, 44.153644 ], [ 1.474166, 44.150235 ], [ 1.472447353387604, 44.14329651635542 ], [ 1.47122, 44.143488 ], [ 1.47111389369462, 44.14297820743279 ], [ 1.467866, 44.143316 ], [ 1.465569, 44.143149 ], [ 1.464636, 44.14221 ], [ 1.464337, 44.139766 ], [ 1.465811, 44.13651 ], [ 1.460087, 44.130123 ], [ 1.45185, 44.129994 ], [ 1.450974, 44.130451 ], [ 1.450444, 44.130676 ], [ 1.448044, 44.131513 ], [ 1.446551, 44.128237 ], [ 1.44799, 44.12479 ], [ 1.447675, 44.11767 ], [ 1.446353, 44.115245 ], [ 1.446272, 44.111646 ], [ 1.446380126779704, 44.111353515466107 ], [ 1.446007, 44.111655 ], [ 1.443566, 44.111355 ] ] ], [ [ [ 1.503990249050264, 44.269253258910112 ], [ 1.50398, 44.269384 ], [ 1.504136, 44.267394 ], [ 1.503987, 44.269253 ], [ 1.503990249050264, 44.269253258910112 ] ] ], [ [ [ 1.503225, 44.283917 ], [ 1.504164, 44.286385 ], [ 1.505303, 44.289072 ], [ 1.507348, 44.29655 ], [ 1.507694, 44.299251 ], [ 1.511265, 44.298792 ], [ 1.510918, 44.296092 ], [ 1.510396, 44.293345 ], [ 1.509706, 44.29073 ], [ 1.508696, 44.287867 ], [ 1.50748, 44.284984 ], [ 1.506926, 44.27616 ], [ 1.506326, 44.280707 ], [ 1.502770160435807, 44.280433626261917 ], [ 1.502747, 44.280838 ], [ 1.503225, 44.283917 ] ] ], [ [ [ 1.518993, 44.256941 ], [ 1.519619, 44.254213 ], [ 1.519264, 44.25398 ], [ 1.517407, 44.251915 ], [ 1.519199, 44.244866 ], [ 1.517025, 44.24653 ], [ 1.514565324295009, 44.249420995522044 ], [ 1.511004, 44.254759 ], [ 1.510421, 44.256571 ], [ 1.509847, 44.258354 ], [ 1.517671, 44.257676 ], [ 1.518993, 44.256941 ] ] ], [ [ [ 1.533463, 44.244148 ], [ 1.536989, 44.244876 ], [ 1.540663, 44.243276 ], [ 1.547143, 44.237837 ], [ 1.548861, 44.237976 ], [ 1.550023, 44.237511 ], [ 1.550644, 44.236808 ], [ 1.555366, 44.233457 ], [ 1.558199, 44.231235 ], [ 1.564309, 44.236993 ], [ 1.562114, 44.240087 ], [ 1.561724, 44.240504 ], [ 1.561431, 44.241044 ], [ 1.561289, 44.241728 ], [ 1.561285, 44.242042 ], [ 1.568843, 44.244799 ], [ 1.574797, 44.244303 ], [ 1.576014, 44.240915 ], [ 1.582466, 44.236724 ], [ 1.583054, 44.236455 ], [ 1.583411, 44.236247 ], [ 1.58385, 44.235858 ], [ 1.584416, 44.234632 ], [ 1.593366, 44.235534 ], [ 1.595047, 44.238729 ], [ 1.597116, 44.240784 ], [ 1.598061, 44.241876 ], [ 1.599013, 44.243168 ], [ 1.599612, 44.242843 ], [ 1.608169, 44.244214 ], [ 1.61052, 44.249268 ], [ 1.612079, 44.250048 ], [ 1.614741, 44.249438 ], [ 1.619024, 44.247218 ], [ 1.619091, 44.245332 ], [ 1.619044, 44.245101 ], [ 1.618387, 44.243675 ], [ 1.614969, 44.236872 ], [ 1.618817, 44.229344 ], [ 1.620427, 44.228439 ], [ 1.622606, 44.220824 ], [ 1.62931, 44.215227 ], [ 1.627939, 44.211899 ], [ 1.622503, 44.205131 ], [ 1.622501, 44.204262 ], [ 1.62268, 44.200674 ], [ 1.629633, 44.195775 ], [ 1.630734, 44.196544 ], [ 1.634226, 44.192361 ], [ 1.639338, 44.185917 ], [ 1.647176, 44.187099 ], [ 1.647851, 44.1874 ], [ 1.650724, 44.187127 ], [ 1.651639, 44.183645 ], [ 1.650736, 44.176654 ], [ 1.64981, 44.173175 ], [ 1.64464, 44.173244 ], [ 1.636109, 44.172153 ], [ 1.634033, 44.169212 ], [ 1.631675, 44.16907 ], [ 1.628783, 44.166926 ], [ 1.629910295332627, 44.164354654708518 ], [ 1.631485, 44.161754 ], [ 1.632532, 44.16163 ], [ 1.632826, 44.157984 ], [ 1.632503, 44.159004 ], [ 1.632002, 44.159724 ], [ 1.631689, 44.160036 ], [ 1.626204, 44.162176 ], [ 1.624460038912127, 44.163333113263285 ], [ 1.625655, 44.170138 ], [ 1.629202, 44.171747 ], [ 1.631144, 44.174778 ], [ 1.637955, 44.176335 ], [ 1.640451, 44.180655 ], [ 1.639524, 44.184134 ], [ 1.636588, 44.183352 ], [ 1.630626, 44.189279 ], [ 1.630531, 44.19068 ], [ 1.629378, 44.191248 ], [ 1.62254, 44.195106 ], [ 1.619128, 44.194222 ], [ 1.612758, 44.1879 ], [ 1.605684, 44.189526 ], [ 1.605028, 44.192783 ], [ 1.60339, 44.195989 ], [ 1.604021, 44.202302 ], [ 1.604318, 44.20299 ], [ 1.604383, 44.203661 ], [ 1.604401, 44.204558 ], [ 1.603797, 44.208019 ], [ 1.610067, 44.211744 ], [ 1.610901, 44.211601 ], [ 1.61974, 44.210565 ], [ 1.620075, 44.210473 ], [ 1.622077, 44.212075 ], [ 1.622828, 44.21674 ], [ 1.618135, 44.220676 ], [ 1.614191, 44.22813 ], [ 1.613859, 44.229011 ], [ 1.61052, 44.236028 ], [ 1.611787, 44.2405 ], [ 1.61048, 44.242827 ], [ 1.609945, 44.243593 ], [ 1.60915, 44.24312 ], [ 1.60873, 44.242814 ], [ 1.608403, 44.242513 ], [ 1.600309, 44.238876 ], [ 1.599738, 44.239067 ], [ 1.599066, 44.23933 ], [ 1.597754, 44.235977 ], [ 1.596414, 44.233041 ], [ 1.588736, 44.23088 ], [ 1.582617, 44.233157 ], [ 1.576411, 44.236894 ], [ 1.572413, 44.24066 ], [ 1.569552, 44.238475 ], [ 1.569551, 44.234527 ], [ 1.564656, 44.230914 ], [ 1.557252, 44.229559 ], [ 1.554732, 44.226989 ], [ 1.551343, 44.224415 ], [ 1.550979683552124, 44.224442013830711 ], [ 1.546180797691899, 44.226850376623027 ], [ 1.544704, 44.232762 ], [ 1.54403, 44.236299 ], [ 1.540505, 44.238228 ], [ 1.537354, 44.236486 ], [ 1.530799, 44.235253 ], [ 1.529714, 44.236498 ], [ 1.52558, 44.239701 ], [ 1.533611, 44.243178 ], [ 1.533463, 44.244148 ] ] ], [ [ [ 1.647864, 44.157443 ], [ 1.653758, 44.157932 ], [ 1.65891, 44.160924 ], [ 1.660056, 44.161928 ], [ 1.665544, 44.164486 ], [ 1.667101, 44.16534 ], [ 1.668301, 44.164678 ], [ 1.669855, 44.163022 ], [ 1.677377, 44.159484 ], [ 1.679713, 44.159689 ], [ 1.681132, 44.16005 ], [ 1.681692, 44.160126 ], [ 1.682118, 44.160126 ], [ 1.685088, 44.160338 ], [ 1.685271, 44.160345 ], [ 1.685805, 44.159027 ], [ 1.685874, 44.158619 ], [ 1.68541, 44.156748 ], [ 1.685188, 44.156682 ], [ 1.684356, 44.156539 ], [ 1.683829, 44.156456 ], [ 1.683333, 44.156431 ], [ 1.680616, 44.156204 ], [ 1.680295, 44.156134 ], [ 1.677685, 44.155897 ], [ 1.676744, 44.155838 ], [ 1.671364, 44.152941 ], [ 1.67084, 44.152956 ], [ 1.669445, 44.153147 ], [ 1.668303, 44.15336 ], [ 1.666914, 44.153851 ], [ 1.660495, 44.151019 ], [ 1.659059, 44.142277 ], [ 1.655839, 44.150511 ], [ 1.6563, 44.150888 ], [ 1.656646, 44.151286 ], [ 1.65709, 44.151892 ], [ 1.658073, 44.152874 ], [ 1.659773, 44.153846 ], [ 1.663418, 44.154546 ], [ 1.664307, 44.15454 ], [ 1.665166, 44.154439 ], [ 1.665688, 44.15443 ], [ 1.670949, 44.15628 ], [ 1.671278, 44.159865 ], [ 1.664813, 44.161803 ], [ 1.660777, 44.160538 ], [ 1.656683, 44.157861 ], [ 1.649579, 44.155785 ], [ 1.64745, 44.152882 ], [ 1.644254, 44.150743 ], [ 1.643729, 44.150565 ], [ 1.644753, 44.155632 ], [ 1.647864, 44.157443 ] ] ], [ [ [ 1.66538711023426, 44.142963449780765 ], [ 1.665834, 44.143159 ], [ 1.667619, 44.143489 ], [ 1.668388, 44.14355 ], [ 1.669372, 44.143509 ], [ 1.675264, 44.140602 ], [ 1.677551, 44.135174 ], [ 1.685076, 44.131699 ], [ 1.685133, 44.1281 ], [ 1.682881, 44.127877 ], [ 1.681656, 44.12831 ], [ 1.681224, 44.128455 ], [ 1.672502, 44.128603 ], [ 1.669772, 44.130949 ], [ 1.664938, 44.134116 ], [ 1.665667, 44.133844 ], [ 1.668466, 44.132911 ], [ 1.671357, 44.131951 ], [ 1.672091, 44.131749 ], [ 1.673045, 44.13522 ], [ 1.668719, 44.139612 ], [ 1.665337, 44.142988 ], [ 1.66428, 44.142479 ], [ 1.665347, 44.142993 ], [ 1.66538711023426, 44.142963449780765 ] ] ], [ [ [ 1.661214688403125, 44.134979198829797 ], [ 1.663282, 44.13472 ], [ 1.664938, 44.134116 ], [ 1.66122, 44.134977 ], [ 1.661214688403125, 44.134979198829797 ] ] ], [ [ [ 1.655052313879573, 44.135751835266213 ], [ 1.657610141599068, 44.135431135690666 ], [ 1.655063, 44.135745 ], [ 1.655052313879573, 44.135751835266213 ] ] ], [ [ [ 1.638323, 44.138385 ], [ 1.638251518110254, 44.138306385479048 ], [ 1.638324, 44.138427 ], [ 1.641924, 44.138398 ], [ 1.648764, 44.138894 ], [ 1.641923, 44.138356 ], [ 1.638323, 44.138385 ] ] ], [ [ [ 1.636589, 44.128265 ], [ 1.636068, 44.120052 ], [ 1.636051, 44.119683 ], [ 1.634301, 44.117917 ], [ 1.635786, 44.110386 ], [ 1.635776, 44.104531 ], [ 1.634344, 44.103706 ], [ 1.632622081949317, 44.101675914944842 ], [ 1.631958, 44.106963 ], [ 1.631729, 44.112525 ], [ 1.63216, 44.116784 ], [ 1.631774, 44.120364 ], [ 1.632037, 44.127852 ], [ 1.633841, 44.130967 ], [ 1.635123170521429, 44.133100614117751 ], [ 1.635817, 44.130509 ], [ 1.636589, 44.128265 ] ] ], [ [ [ 1.636243, 44.090859 ], [ 1.638362, 44.091616 ], [ 1.641423, 44.092821 ], [ 1.643332, 44.089768 ], [ 1.641636, 44.088559 ], [ 1.637932, 44.081361 ], [ 1.64357, 44.077136 ], [ 1.645116, 44.077153 ], [ 1.646054, 44.076668 ], [ 1.646312, 44.076478 ], [ 1.644449, 44.073486 ], [ 1.636263, 44.071419 ], [ 1.635321, 44.071248 ], [ 1.632757, 44.070725 ], [ 1.630154, 44.070194 ], [ 1.623207, 44.066891 ], [ 1.619759, 44.06216 ], [ 1.616165, 44.061966 ], [ 1.612717, 44.062934 ], [ 1.611686, 44.063722 ], [ 1.611422, 44.063924 ], [ 1.610691, 44.06591 ], [ 1.605409, 44.070664 ], [ 1.598852, 44.072515 ], [ 1.596044, 44.072426 ], [ 1.593237, 44.072338 ], [ 1.593124, 44.075936 ], [ 1.598055, 44.079561 ], [ 1.598676, 44.079421 ], [ 1.602071, 44.079422 ], [ 1.607227, 44.084163 ], [ 1.607426, 44.075745 ], [ 1.606724, 44.074482 ], [ 1.607222, 44.072598 ], [ 1.613552, 44.068151 ], [ 1.6141, 44.067772 ], [ 1.618193, 44.069035 ], [ 1.622949, 44.070878 ], [ 1.631049, 44.073323 ], [ 1.634017, 44.073062 ], [ 1.634142, 44.073048 ], [ 1.636378, 44.073508 ], [ 1.635776, 44.077057 ], [ 1.636017, 44.084352 ], [ 1.635468, 44.085316 ], [ 1.634731, 44.085842 ], [ 1.634448, 44.086055 ], [ 1.633455, 44.086882 ], [ 1.632306, 44.085717 ], [ 1.624588, 44.085773 ], [ 1.623545, 44.089277 ], [ 1.624005, 44.092847 ], [ 1.630274019562037, 44.096066845886398 ], [ 1.635818, 44.090693 ], [ 1.636243, 44.090859 ] ] ], [ [ [ 1.606902, 44.08885 ], [ 1.607271, 44.087106 ], [ 1.605377, 44.091089 ], [ 1.606902, 44.08885 ] ] ], [ [ [ 1.596197687619489, 44.087300519841079 ], [ 1.596434, 44.087474 ], [ 1.596197687619485, 44.087300519841058 ], [ 1.596197687619489, 44.087300519841079 ] ] ], [ [ [ 1.570322318731191, 44.090703428328219 ], [ 1.570572, 44.090908 ], [ 1.573445295019135, 44.090618060237063 ], [ 1.570385, 44.090741 ], [ 1.570322318731191, 44.090703428328219 ] ] ], [ [ [ 1.562478727171779, 44.089176541551168 ], [ 1.557382, 44.090931 ], [ 1.560837, 44.089968 ], [ 1.561434, 44.089685 ], [ 1.562022, 44.089492 ], [ 1.562291943713737, 44.089620898123307 ], [ 1.563413, 44.087941 ], [ 1.566068110266548, 44.087978614062109 ], [ 1.563424, 44.087695 ], [ 1.562478727171779, 44.089176541551168 ] ] ], [ [ [ 1.548337, 44.077845 ], [ 1.5472, 44.077015 ], [ 1.546207, 44.076269 ], [ 1.54008, 44.070666 ], [ 1.536994, 44.069158 ], [ 1.53001, 44.070474 ], [ 1.524321, 44.06907 ], [ 1.524318, 44.069069 ], [ 1.52168, 44.070086 ], [ 1.51513, 44.072813 ], [ 1.513829, 44.074272 ], [ 1.513803, 44.074372 ], [ 1.514178, 44.078787 ], [ 1.514726, 44.081321 ], [ 1.515201, 44.083604 ], [ 1.5155, 44.087192 ], [ 1.513790578429031, 44.093082709647909 ], [ 1.511761780294754, 44.094807106321596 ], [ 1.507245, 44.092727 ], [ 1.507121, 44.09251 ], [ 1.506937, 44.092188 ], [ 1.501396, 44.094109 ], [ 1.500414, 44.094998 ], [ 1.49608569683649, 44.101145850769058 ], [ 1.495044434787757, 44.101295511730648 ], [ 1.49593, 44.101367 ], [ 1.502283, 44.098073 ], [ 1.50415, 44.095312 ], [ 1.504452, 44.0952 ], [ 1.505349, 44.094845 ], [ 1.506074, 44.094744 ], [ 1.506595, 44.094724 ], [ 1.51311, 44.095428 ], [ 1.513545, 44.095308 ], [ 1.514442, 44.095241 ], [ 1.514796164573616, 44.095272626319115 ], [ 1.514797, 44.095264 ], [ 1.521919, 44.092028 ], [ 1.523094160182332, 44.089105412502619 ], [ 1.520088, 44.086518 ], [ 1.520563, 44.08295 ], [ 1.520299, 44.07437 ], [ 1.520503, 44.074106 ], [ 1.521831, 44.073229 ], [ 1.527168, 44.072131 ], [ 1.531761, 44.072087 ], [ 1.533267, 44.073056 ], [ 1.533305, 44.073119 ], [ 1.533749, 44.077373 ], [ 1.535441, 44.080551 ], [ 1.543047, 44.080143 ], [ 1.544799, 44.079913 ], [ 1.544919, 44.079964 ], [ 1.546023, 44.082167 ], [ 1.547701, 44.08591 ], [ 1.547545, 44.079647 ], [ 1.548337, 44.077845 ] ] ], [ [ [ 1.477225983236464, 44.100986531158838 ], [ 1.478585, 44.102623 ], [ 1.477261, 44.100975 ], [ 1.477225983236464, 44.100986531158838 ] ] ], [ [ [ 1.470184, 44.098029 ], [ 1.46752, 44.097441 ], [ 1.466215, 44.097715 ], [ 1.465455, 44.097986 ], [ 1.465141, 44.098121 ], [ 1.457531, 44.096317 ], [ 1.45994, 44.098216 ], [ 1.46235, 44.100115 ], [ 1.470649, 44.100814 ], [ 1.472923990953259, 44.098732413185623 ], [ 1.472716, 44.098658 ], [ 1.470184, 44.098029 ] ] ], [ [ [ 1.454996, 44.090398 ], [ 1.450127, 44.089437 ], [ 1.448714, 44.089364 ], [ 1.446867, 44.08949 ], [ 1.446496, 44.089736 ], [ 1.446539, 44.091294 ], [ 1.445270372805458, 44.091984615636726 ], [ 1.446500420783948, 44.095474820864418 ], [ 1.449089, 44.094619 ], [ 1.451387, 44.092822 ], [ 1.452401, 44.092382 ], [ 1.452815, 44.0926 ], [ 1.457531, 44.096317 ], [ 1.456047, 44.0906 ], [ 1.454996, 44.090398 ] ] ] ] } },
{ "type": "Feature", "properties": { "codgeo": "82037", "value": 900, "isochrone_group": 15.0, "nb_agences": 2 }, "geometry": { "type": "MultiPolygon", "coordinates": [ [ [ [ 1.413532, 44.199449 ], [ 1.408905, 44.200709 ], [ 1.408782, 44.201618 ], [ 1.408782, 44.201793 ], [ 1.409149, 44.2043 ], [ 1.410238, 44.204226 ], [ 1.411266, 44.20403 ], [ 1.41803, 44.203668 ], [ 1.418918, 44.203686 ], [ 1.424447, 44.20492 ], [ 1.427266, 44.207159 ], [ 1.432247, 44.208984 ], [ 1.440956, 44.210715 ], [ 1.443975, 44.212676 ], [ 1.451415, 44.212627 ], [ 1.452916, 44.211341 ], [ 1.453326, 44.210905 ], [ 1.454882882415647, 44.20912999187091 ], [ 1.454535, 44.209176 ], [ 1.452442, 44.206247 ], [ 1.448592, 44.199587 ], [ 1.448119, 44.199388 ], [ 1.447679, 44.199137 ], [ 1.440274, 44.202704 ], [ 1.440282, 44.204408 ], [ 1.439254, 44.206 ], [ 1.437958, 44.207157 ], [ 1.437392, 44.206679 ], [ 1.43693, 44.206145 ], [ 1.429235, 44.202612 ], [ 1.421551, 44.203106 ], [ 1.419982, 44.203506 ], [ 1.419093, 44.200018 ], [ 1.421148, 44.199324 ], [ 1.421772, 44.199096 ], [ 1.414658, 44.199377 ], [ 1.413532, 44.199449 ] ] ], [ [ [ 1.466359, 44.214019 ], [ 1.466421, 44.213981 ], [ 1.468817, 44.212775 ], [ 1.469949175868065, 44.212926283577481 ], [ 1.469654, 44.212431 ], [ 1.462981, 44.208059 ], [ 1.455847694259101, 44.209002393619777 ], [ 1.463114, 44.212461 ], [ 1.466359, 44.214019 ] ] ], [ [ [ 1.466295, 44.226533 ], [ 1.465236, 44.227508 ], [ 1.463613, 44.228516 ], [ 1.456521, 44.233221 ], [ 1.455502, 44.23363 ], [ 1.455312, 44.233762 ], [ 1.455, 44.234157 ], [ 1.455967, 44.236778 ], [ 1.458501, 44.24252 ], [ 1.459998, 44.245794 ], [ 1.462052, 44.244855 ], [ 1.46765, 44.244496 ], [ 1.47439, 44.250221 ], [ 1.475698, 44.253575 ], [ 1.477843, 44.260236 ], [ 1.472506, 44.267451 ], [ 1.47399, 44.270732 ], [ 1.476373, 44.27006 ], [ 1.480485, 44.267803 ], [ 1.481337, 44.267293 ], [ 1.48218, 44.266592 ], [ 1.483589, 44.265472 ], [ 1.4842, 44.264968 ], [ 1.486434, 44.2622 ], [ 1.484351, 44.264226 ], [ 1.481841, 44.261646 ], [ 1.483035, 44.254076 ], [ 1.480932, 44.252329 ], [ 1.480443, 44.252076 ], [ 1.479852, 44.251524 ], [ 1.479501, 44.250857 ], [ 1.4794, 44.249874 ], [ 1.479632, 44.249014 ], [ 1.479848, 44.248459 ], [ 1.474774, 44.241522 ], [ 1.473588, 44.24172 ], [ 1.469943, 44.241344 ], [ 1.467033, 44.238866 ], [ 1.46676, 44.231369 ], [ 1.469060617567542, 44.2275914171137 ], [ 1.467503, 44.227689 ], [ 1.466295, 44.226533 ] ] ], [ [ [ 1.500603, 44.265876 ], [ 1.503664, 44.273348 ], [ 1.503964, 44.271062 ], [ 1.50398, 44.269384 ], [ 1.503990249050264, 44.269253258910112 ], [ 1.503987, 44.269253 ], [ 1.504136, 44.267394 ], [ 1.500111, 44.259432 ], [ 1.496972, 44.258557 ], [ 1.48853, 44.260004 ], [ 1.496986, 44.262347 ], [ 1.500603, 44.265876 ] ] ], [ [ [ 1.504140565067836, 44.286323405311421 ], [ 1.504164, 44.286385 ], [ 1.503225, 44.283917 ], [ 1.504139, 44.286324 ], [ 1.504140565067836, 44.286323405311421 ] ] ], [ [ [ 1.508163, 44.302048 ], [ 1.508657, 44.304887 ], [ 1.509938, 44.31359 ], [ 1.513492, 44.314165 ], [ 1.513666, 44.313087 ], [ 1.513756, 44.311628 ], [ 1.513679, 44.309938 ], [ 1.513529, 44.308969 ], [ 1.512681, 44.305846 ], [ 1.511713, 44.301446 ], [ 1.511265, 44.298806 ], [ 1.511263238962937, 44.29879222635563 ], [ 1.507695875149969, 44.299250758976811 ], [ 1.507716, 44.299407 ], [ 1.508163, 44.302048 ] ] ], [ [ [ 1.50748, 44.284984 ], [ 1.507504866831755, 44.285042956476929 ], [ 1.506926, 44.27616 ], [ 1.50748, 44.284984 ] ] ], [ [ [ 1.520772, 44.260632 ], [ 1.522247, 44.261526 ], [ 1.522751, 44.261884 ], [ 1.523226, 44.262117 ], [ 1.523748, 44.262289 ], [ 1.524311, 44.262393 ], [ 1.526016, 44.262709 ], [ 1.52855, 44.262216 ], [ 1.528572, 44.260295 ], [ 1.528063, 44.258649 ], [ 1.533816, 44.252016 ], [ 1.534434, 44.252257 ], [ 1.535241, 44.252452 ], [ 1.536923, 44.250806 ], [ 1.53973, 44.247401 ], [ 1.543237, 44.243246 ], [ 1.550933, 44.242135 ], [ 1.557084, 44.247694 ], [ 1.557748, 44.248229 ], [ 1.558759, 44.248945 ], [ 1.559193, 44.249283 ], [ 1.560038, 44.249751 ], [ 1.567184, 44.24857 ], [ 1.569907, 44.248672 ], [ 1.570177, 44.248382 ], [ 1.570248, 44.248302 ], [ 1.570503, 44.247934 ], [ 1.579034, 44.24602 ], [ 1.580059, 44.246403 ], [ 1.58132, 44.243031 ], [ 1.581746, 44.238645 ], [ 1.581968, 44.238222 ], [ 1.58214, 44.23776 ], [ 1.591063, 44.237244 ], [ 1.592284, 44.24063 ], [ 1.594751, 44.244895 ], [ 1.601168, 44.250265 ], [ 1.601553, 44.252608 ], [ 1.60184, 44.252781 ], [ 1.601984, 44.252859 ], [ 1.602252, 44.252989 ], [ 1.610968, 44.254007 ], [ 1.611925, 44.253971 ], [ 1.615676, 44.252457 ], [ 1.62053, 44.248873 ], [ 1.626413, 44.247634 ], [ 1.630761, 44.247824 ], [ 1.631351, 44.246923 ], [ 1.631517, 44.246391 ], [ 1.632041, 44.244459 ], [ 1.631527, 44.244263 ], [ 1.630875, 44.244098 ], [ 1.629804, 44.244053 ], [ 1.625133, 44.242892 ], [ 1.621985, 44.241147 ], [ 1.616192, 44.236002 ], [ 1.620187, 44.231373 ], [ 1.620477, 44.231086 ], [ 1.620845, 44.230569 ], [ 1.625211, 44.227714 ], [ 1.625185, 44.224114 ], [ 1.626209, 44.220252 ], [ 1.632764, 44.214969 ], [ 1.634672, 44.21495 ], [ 1.634636, 44.21135 ], [ 1.632728, 44.211369 ], [ 1.631996, 44.211358 ], [ 1.631256, 44.211316 ], [ 1.625397, 44.204719 ], [ 1.62474838547313, 44.200421928759503 ], [ 1.62478, 44.200357 ], [ 1.632214260941701, 44.197515047081176 ], [ 1.633953, 44.199199 ], [ 1.636458, 44.196613 ], [ 1.638759, 44.18925 ], [ 1.641678, 44.187144 ], [ 1.648512, 44.189174 ], [ 1.64904, 44.189549 ], [ 1.649191, 44.189623 ], [ 1.656271, 44.189127 ], [ 1.660731, 44.189804 ], [ 1.661606, 44.190032 ], [ 1.662516, 44.186549 ], [ 1.66164, 44.18632 ], [ 1.659626, 44.185785 ], [ 1.655666, 44.182536 ], [ 1.655963, 44.175261 ], [ 1.660007, 44.174182 ], [ 1.663469, 44.173263 ], [ 1.666808503198631, 44.166151279444726 ], [ 1.668509, 44.166331 ], [ 1.670828, 44.167034 ], [ 1.671598, 44.167172 ], [ 1.672709, 44.16722 ], [ 1.673321, 44.167116 ], [ 1.679626, 44.161341 ], [ 1.682398, 44.16275 ], [ 1.685659, 44.164275 ], [ 1.691724, 44.160895 ], [ 1.69575, 44.16108 ], [ 1.696293, 44.161103 ], [ 1.696685, 44.161078 ], [ 1.700174, 44.160831 ], [ 1.70007, 44.157233 ], [ 1.698508, 44.157278 ], [ 1.694137, 44.156548 ], [ 1.687674, 44.154106 ], [ 1.686783, 44.153442 ], [ 1.68423, 44.153058 ], [ 1.677685, 44.155897 ], [ 1.680295, 44.156134 ], [ 1.680616, 44.156204 ], [ 1.683333, 44.156431 ], [ 1.683829, 44.156456 ], [ 1.684356, 44.156539 ], [ 1.685188, 44.156682 ], [ 1.68541, 44.156748 ], [ 1.685874, 44.158619 ], [ 1.685805, 44.159027 ], [ 1.685271, 44.160345 ], [ 1.685088, 44.160338 ], [ 1.682118, 44.160126 ], [ 1.681692, 44.160126 ], [ 1.681132, 44.16005 ], [ 1.679713, 44.159689 ], [ 1.677377, 44.159484 ], [ 1.669855, 44.163022 ], [ 1.668301, 44.164678 ], [ 1.667101, 44.16534 ], [ 1.665544, 44.164486 ], [ 1.660056, 44.161928 ], [ 1.65891, 44.160924 ], [ 1.653758, 44.157932 ], [ 1.647864, 44.157443 ], [ 1.644753, 44.155632 ], [ 1.643729, 44.150565 ], [ 1.635626, 44.152174 ], [ 1.634448, 44.15467 ], [ 1.634217, 44.15513 ], [ 1.632826, 44.157984 ], [ 1.632532, 44.16163 ], [ 1.631485, 44.161754 ], [ 1.629910295332627, 44.164354654708518 ], [ 1.628783, 44.166926 ], [ 1.631675, 44.16907 ], [ 1.634033, 44.169212 ], [ 1.636109, 44.172153 ], [ 1.64464, 44.173244 ], [ 1.64981, 44.173175 ], [ 1.650736, 44.176654 ], [ 1.651639, 44.183645 ], [ 1.650724, 44.187127 ], [ 1.647851, 44.1874 ], [ 1.647176, 44.187099 ], [ 1.639338, 44.185917 ], [ 1.634226, 44.192361 ], [ 1.630734, 44.196544 ], [ 1.629633, 44.195775 ], [ 1.62268, 44.200674 ], [ 1.622501, 44.204262 ], [ 1.622503, 44.205131 ], [ 1.627939, 44.211899 ], [ 1.62931, 44.215227 ], [ 1.622606, 44.220824 ], [ 1.620427, 44.228439 ], [ 1.618817, 44.229344 ], [ 1.614969, 44.236872 ], [ 1.618387, 44.243675 ], [ 1.619044, 44.245101 ], [ 1.619091, 44.245332 ], [ 1.619024, 44.247218 ], [ 1.614741, 44.249438 ], [ 1.612079, 44.250048 ], [ 1.61052, 44.249268 ], [ 1.608169, 44.244214 ], [ 1.599612, 44.242843 ], [ 1.599013, 44.243168 ], [ 1.598061, 44.241876 ], [ 1.597116, 44.240784 ], [ 1.595047, 44.238729 ], [ 1.593366, 44.235534 ], [ 1.584416, 44.234632 ], [ 1.58385, 44.235858 ], [ 1.583411, 44.236247 ], [ 1.583054, 44.236455 ], [ 1.582466, 44.236724 ], [ 1.576014, 44.240915 ], [ 1.574797, 44.244303 ], [ 1.568843, 44.244799 ], [ 1.561285, 44.242042 ], [ 1.561289, 44.241728 ], [ 1.561431, 44.241044 ], [ 1.561724, 44.240504 ], [ 1.562114, 44.240087 ], [ 1.564309, 44.236993 ], [ 1.558199, 44.231235 ], [ 1.555366, 44.233457 ], [ 1.550644, 44.236808 ], [ 1.550023, 44.237511 ], [ 1.548861, 44.237976 ], [ 1.547143, 44.237837 ], [ 1.540663, 44.243276 ], [ 1.536989, 44.244876 ], [ 1.533463, 44.244148 ], [ 1.533611, 44.243178 ], [ 1.52558, 44.239701 ], [ 1.523063, 44.241866 ], [ 1.521136, 44.243362 ], [ 1.519199, 44.244866 ], [ 1.517407, 44.251915 ], [ 1.519264, 44.25398 ], [ 1.519619, 44.254213 ], [ 1.518993, 44.256941 ], [ 1.517671, 44.257676 ], [ 1.509847, 44.258354 ], [ 1.509131, 44.260708 ], [ 1.508325, 44.263948 ], [ 1.515478, 44.259349 ], [ 1.520772, 44.260632 ] ] ], [ [ [ 1.67084, 44.152956 ], [ 1.671364, 44.152941 ], [ 1.676744, 44.155838 ], [ 1.677685, 44.155897 ], [ 1.671691, 44.152874 ], [ 1.67084, 44.152956 ] ] ], [ [ [ 1.664509, 44.150455 ], [ 1.668388, 44.14355 ], [ 1.667619, 44.143489 ], [ 1.665834, 44.143159 ], [ 1.66538711023426, 44.142963449780765 ], [ 1.665347, 44.142993 ], [ 1.66428, 44.142479 ], [ 1.661089, 44.142024 ], [ 1.659059, 44.142277 ], [ 1.660495, 44.151019 ], [ 1.666914, 44.153851 ], [ 1.66574586136657, 44.153331442010732 ], [ 1.664509, 44.150455 ] ] ], [ [ [ 1.671863, 44.143743 ], [ 1.679026, 44.141746 ], [ 1.67975, 44.141885 ], [ 1.680427, 44.14191 ], [ 1.681185, 44.138391 ], [ 1.686675, 44.132542 ], [ 1.689524, 44.130342 ], [ 1.692536, 44.128716 ], [ 1.692894, 44.128526 ], [ 1.697805, 44.126926 ], [ 1.69856, 44.1259 ], [ 1.698605, 44.125836 ], [ 1.698922, 44.125238 ], [ 1.698962, 44.125114 ], [ 1.696925, 44.123028 ], [ 1.696477, 44.123069 ], [ 1.693948, 44.123867 ], [ 1.686899, 44.124747 ], [ 1.686219, 44.124746 ], [ 1.67942, 44.127046 ], [ 1.670793, 44.126743 ], [ 1.669135, 44.124942 ], [ 1.666486, 44.12738 ], [ 1.665244792936861, 44.133280507423244 ], [ 1.662696516731755, 44.134635073989777 ], [ 1.664938, 44.134116 ], [ 1.669772, 44.130949 ], [ 1.672502, 44.128603 ], [ 1.681224, 44.128455 ], [ 1.681656, 44.12831 ], [ 1.682881, 44.127877 ], [ 1.685133, 44.1281 ], [ 1.685076, 44.131699 ], [ 1.677551, 44.135174 ], [ 1.675264, 44.140602 ], [ 1.669372, 44.143509 ], [ 1.668388, 44.14355 ], [ 1.670667, 44.143737 ], [ 1.671863, 44.143743 ] ] ], [ [ [ 1.661153439757246, 44.1349945228107 ], [ 1.661187940653337, 44.134990271535479 ], [ 1.66122, 44.134977 ], [ 1.661222459774889, 44.134976430374891 ], [ 1.661186, 44.134981 ], [ 1.661153439757246, 44.1349945228107 ] ] ], [ [ [ 1.638704, 44.130744 ], [ 1.639884, 44.129315 ], [ 1.640352, 44.1285 ], [ 1.640456, 44.128134 ], [ 1.637238, 44.126798 ], [ 1.636609, 44.126874 ], [ 1.63650105243595, 44.126878602027766 ], [ 1.636589, 44.128265 ], [ 1.635817, 44.130509 ], [ 1.63475806925548, 44.134464352074197 ], [ 1.637476558358567, 44.13745409841912 ], [ 1.636288, 44.133413 ], [ 1.638704, 44.130744 ] ] ], [ [ [ 1.634648673644217, 44.116153814670298 ], [ 1.634301, 44.117917 ], [ 1.634644308834321, 44.118263447657952 ], [ 1.634708, 44.118025 ], [ 1.634648673644217, 44.116153814670298 ] ] ], [ [ [ 1.638694, 44.107698 ], [ 1.638907, 44.104104 ], [ 1.637557, 44.104024 ], [ 1.637216, 44.104025 ], [ 1.632565572056456, 44.100712870525676 ], [ 1.63247515978125, 44.101502698514743 ], [ 1.634344, 44.103706 ], [ 1.635776, 44.104531 ], [ 1.635785971658499, 44.110369406051262 ], [ 1.636277, 44.109988 ], [ 1.638694, 44.107698 ] ] ], [ [ [ 1.644817, 44.094704 ], [ 1.647981, 44.096555 ], [ 1.648644, 44.09693 ], [ 1.650997, 44.098125 ], [ 1.652745, 44.094977 ], [ 1.65066, 44.093821 ], [ 1.64977, 44.093325 ], [ 1.645508, 44.090151 ], [ 1.64298, 44.088795 ], [ 1.647072, 44.080879 ], [ 1.647277, 44.08088 ], [ 1.647337, 44.08088 ], [ 1.64798, 44.080863 ], [ 1.648641, 44.078237 ], [ 1.65338, 44.07247 ], [ 1.654083, 44.071946 ], [ 1.652593, 44.068669 ], [ 1.648572, 44.069096 ], [ 1.644338, 44.070126 ], [ 1.637271, 44.069281 ], [ 1.630838, 44.063298 ], [ 1.629137, 44.063776 ], [ 1.628675, 44.063911 ], [ 1.623102, 44.056906 ], [ 1.622292, 44.054872 ], [ 1.622044, 44.054697 ], [ 1.62026, 44.054696 ], [ 1.616652, 44.056477 ], [ 1.610169, 44.060831 ], [ 1.606945, 44.061805 ], [ 1.603436, 44.067665 ], [ 1.599613, 44.069936 ], [ 1.593197, 44.069124 ], [ 1.589752, 44.07017 ], [ 1.582942, 44.07202 ], [ 1.579953, 44.071928 ], [ 1.579842, 44.075526 ], [ 1.582831, 44.075618 ], [ 1.587751, 44.081459 ], [ 1.588784539783742, 44.087450398806965 ], [ 1.591177, 44.087408 ], [ 1.595238, 44.086596 ], [ 1.596434, 44.087474 ], [ 1.597407, 44.088157 ], [ 1.597652, 44.088307 ], [ 1.605377, 44.091089 ], [ 1.607271, 44.087106 ], [ 1.607227, 44.084163 ], [ 1.602071, 44.079422 ], [ 1.598676, 44.079421 ], [ 1.598055, 44.079561 ], [ 1.593124, 44.075936 ], [ 1.593237, 44.072338 ], [ 1.596044, 44.072426 ], [ 1.598852, 44.072515 ], [ 1.605409, 44.070664 ], [ 1.610691, 44.06591 ], [ 1.611422, 44.063924 ], [ 1.611686, 44.063722 ], [ 1.612717, 44.062934 ], [ 1.616165, 44.061966 ], [ 1.619759, 44.06216 ], [ 1.623207, 44.066891 ], [ 1.630154, 44.070194 ], [ 1.632757, 44.070725 ], [ 1.635321, 44.071248 ], [ 1.636263, 44.071419 ], [ 1.644449, 44.073486 ], [ 1.646312, 44.076478 ], [ 1.646054, 44.076668 ], [ 1.645116, 44.077153 ], [ 1.64357, 44.077136 ], [ 1.637932, 44.081361 ], [ 1.641636, 44.088559 ], [ 1.643332, 44.089768 ], [ 1.641424719640077, 44.092818249837009 ], [ 1.641633, 44.092948 ], [ 1.644817, 44.094704 ] ] ], [ [ [ 1.562478727171779, 44.089176541551168 ], [ 1.563424, 44.087695 ], [ 1.557382, 44.090931 ], [ 1.562478727171779, 44.089176541551168 ] ] ], [ [ [ 1.557396, 44.074808 ], [ 1.557511, 44.07121 ], [ 1.554683, 44.071119 ], [ 1.551224, 44.070593 ], [ 1.546345, 44.065372 ], [ 1.546238, 44.065301 ], [ 1.545734, 44.065056 ], [ 1.54463, 44.064729 ], [ 1.541316, 44.065391 ], [ 1.537051, 44.068669 ], [ 1.528933, 44.064934 ], [ 1.528355, 44.064302 ], [ 1.52751, 44.063544 ], [ 1.525997, 44.062852 ], [ 1.518833, 44.065811 ], [ 1.516052, 44.065706 ], [ 1.507182, 44.065368 ], [ 1.505971, 44.068758 ], [ 1.506058, 44.071609 ], [ 1.508693, 44.07608 ], [ 1.506665, 44.08333 ], [ 1.505838, 44.084572 ], [ 1.505035, 44.086998 ], [ 1.501396, 44.094109 ], [ 1.506937, 44.092188 ], [ 1.507121, 44.09251 ], [ 1.507245, 44.092727 ], [ 1.511761780294754, 44.094807106321596 ], [ 1.513790578429031, 44.093082709647909 ], [ 1.5155, 44.087192 ], [ 1.515201, 44.083604 ], [ 1.514726, 44.081321 ], [ 1.514178, 44.078787 ], [ 1.513803, 44.074372 ], [ 1.513829, 44.074272 ], [ 1.51513, 44.072813 ], [ 1.52168, 44.070086 ], [ 1.524318, 44.069069 ], [ 1.524321, 44.06907 ], [ 1.53001, 44.070474 ], [ 1.536994, 44.069158 ], [ 1.54008, 44.070666 ], [ 1.546207, 44.076269 ], [ 1.5472, 44.077015 ], [ 1.548337, 44.077845 ], [ 1.547545, 44.079647 ], [ 1.547701, 44.08591 ], [ 1.553328287922046, 44.090253107902718 ], [ 1.553496, 44.082481 ], [ 1.557396, 44.074808 ] ] ], [ [ [ 1.495756152044076, 44.101193216358318 ], [ 1.49608569683649, 44.101145850769058 ], [ 1.500414, 44.094998 ], [ 1.499479, 44.096133 ], [ 1.495756152044076, 44.101193216358318 ] ] ], [ [ [ 1.491188, 44.100043 ], [ 1.490896, 44.100567 ], [ 1.49065, 44.101342 ], [ 1.489562, 44.10337 ], [ 1.49063, 44.10193 ], [ 1.49558300024125, 44.101218103528019 ], [ 1.491579, 44.0995 ], [ 1.491188, 44.100043 ] ] ], [ [ [ 1.477225983236464, 44.100986531158838 ], [ 1.477225983236464, 44.100986531158838 ], [ 1.476949, 44.100653 ], [ 1.477225983236464, 44.100986531158838 ] ] ], [ [ [ 1.470454831375081, 44.098096279990088 ], [ 1.472716, 44.098658 ], [ 1.470468, 44.098093 ], [ 1.470454831375081, 44.098096279990088 ] ] ], [ [ [ 1.457088, 44.088002 ], [ 1.456412, 44.086 ], [ 1.451826, 44.084387 ], [ 1.451114, 44.084115 ], [ 1.450198, 44.084479 ], [ 1.449221648750004, 44.084698180892865 ], [ 1.450054, 44.084636 ], [ 1.451266, 44.085042 ], [ 1.451963, 44.085292 ], [ 1.452707, 44.087069 ], [ 1.452698, 44.089353 ], [ 1.452596184993775, 44.0899243458162 ], [ 1.454996, 44.090398 ], [ 1.456047, 44.0906 ], [ 1.457531, 44.096317 ], [ 1.4569, 44.089567 ], [ 1.457088, 44.088002 ] ] ], [ [ [ 1.438086, 44.108875 ], [ 1.437355, 44.108334 ], [ 1.436456, 44.107971 ], [ 1.435939, 44.107895 ], [ 1.434145, 44.107774 ], [ 1.432259, 44.107268 ], [ 1.431677, 44.107132 ], [ 1.431032, 44.10704 ], [ 1.428949, 44.107062 ], [ 1.428025, 44.110541 ], [ 1.428783, 44.110742 ], [ 1.429244, 44.11082 ], [ 1.429967, 44.110798 ], [ 1.43321, 44.11125 ], [ 1.433685, 44.111364 ], [ 1.436387769092761, 44.112313236634265 ], [ 1.436141, 44.111916 ], [ 1.438312, 44.109044 ], [ 1.439407, 44.109761 ], [ 1.440949, 44.110216 ], [ 1.442099, 44.110661 ], [ 1.443566, 44.111355 ], [ 1.446007, 44.111655 ], [ 1.45071, 44.107855 ], [ 1.446321, 44.102178 ], [ 1.444278, 44.101345 ], [ 1.445913, 44.104605 ], [ 1.438086, 44.108875 ] ] ], [ [ [ 1.434801, 44.127643 ], [ 1.435525, 44.130141 ], [ 1.432326, 44.137607 ], [ 1.430225, 44.138592 ], [ 1.430191, 44.141522 ], [ 1.430713, 44.142159 ], [ 1.431443, 44.142059 ], [ 1.431833, 44.141977 ], [ 1.432535, 44.141706 ], [ 1.44094, 44.141691 ], [ 1.441683, 44.141886 ], [ 1.442953, 44.142167 ], [ 1.445544, 44.137376 ], [ 1.444726, 44.137865 ], [ 1.44422, 44.138027 ], [ 1.442803, 44.13854 ], [ 1.442259, 44.138768 ], [ 1.440867, 44.135448 ], [ 1.443252, 44.12743 ], [ 1.441752, 44.122326 ], [ 1.440387, 44.118751 ], [ 1.436942729776147, 44.113206584790383 ], [ 1.437255, 44.12019 ], [ 1.434801, 44.127643 ] ] ], [ [ [ 1.455623, 44.137469 ], [ 1.458687, 44.1433 ], [ 1.458416, 44.150546 ], [ 1.459323, 44.150829 ], [ 1.46091, 44.150848 ], [ 1.461923, 44.150617 ], [ 1.463096, 44.149727 ], [ 1.463888, 44.148307 ], [ 1.464079626314414, 44.147988176322649 ], [ 1.460994, 44.146138 ], [ 1.460249, 44.139394 ], [ 1.458206, 44.132726 ], [ 1.454721, 44.131821 ], [ 1.446555, 44.135377 ], [ 1.446321, 44.136367 ], [ 1.445544, 44.137376 ], [ 1.453805, 44.136147 ], [ 1.455623, 44.137469 ] ] ], [ [ [ 1.451309, 44.163713 ], [ 1.451325, 44.167313 ], [ 1.448925, 44.17584 ], [ 1.454608, 44.170092 ], [ 1.457634, 44.162937 ], [ 1.461319, 44.161297 ], [ 1.455379, 44.161502 ], [ 1.451309, 44.163713 ] ] ], [ [ [ 1.44374, 44.177592 ], [ 1.44214, 44.178433 ], [ 1.434428, 44.17776 ], [ 1.432472, 44.180782 ], [ 1.433489, 44.187802 ], [ 1.43342, 44.188289 ], [ 1.433749, 44.189866 ], [ 1.428682, 44.196595 ], [ 1.434947, 44.191465 ], [ 1.438352, 44.185827 ], [ 1.439888, 44.182571 ], [ 1.445381, 44.177047 ], [ 1.447125, 44.176291 ], [ 1.445095, 44.17712 ], [ 1.44374, 44.177592 ] ] ] ] } },
{ "type": "Feature", "properties": { "codgeo": "82037", "value": 960, "isochrone_group": 16.0, "nb_agences": 2 }, "geometry": { "type": "MultiPolygon", "coordinates": [ [ [ [ 1.414914, 44.19739 ], [ 1.413389, 44.197948 ], [ 1.411973, 44.198581 ], [ 1.409829, 44.199976 ], [ 1.402752, 44.199378 ], [ 1.398941, 44.201346 ], [ 1.396335, 44.204452 ], [ 1.396794, 44.205012 ], [ 1.398953, 44.207382 ], [ 1.402007, 44.207008 ], [ 1.408959, 44.204588 ], [ 1.41027, 44.204523 ], [ 1.413923629918686, 44.203887767292947 ], [ 1.411266, 44.20403 ], [ 1.410238, 44.204226 ], [ 1.409149, 44.2043 ], [ 1.408782, 44.201793 ], [ 1.408782, 44.201618 ], [ 1.408905, 44.200709 ], [ 1.413532, 44.199449 ], [ 1.414658, 44.199377 ], [ 1.421772, 44.199096 ], [ 1.42557, 44.197973 ], [ 1.423562399572666, 44.198566611184802 ], [ 1.416497, 44.19684 ], [ 1.414914, 44.19739 ] ] ], [ [ [ 1.414069501423189, 44.203879960450145 ], [ 1.413923629918686, 44.203887767292947 ], [ 1.413923629918687, 44.203887767292947 ], [ 1.414069501423189, 44.203879960450145 ] ] ], [ [ [ 1.420051, 44.207083 ], [ 1.422088, 44.210051 ], [ 1.429444, 44.212141 ], [ 1.430773, 44.211264 ], [ 1.43858, 44.212802 ], [ 1.439896, 44.216153 ], [ 1.441716, 44.217642 ], [ 1.442362, 44.2183 ], [ 1.443388, 44.218677 ], [ 1.443916, 44.218599 ], [ 1.445866, 44.217473 ], [ 1.450622, 44.213095 ], [ 1.451026, 44.212895 ], [ 1.451351436803084, 44.212627418628578 ], [ 1.443975, 44.212676 ], [ 1.440956, 44.210715 ], [ 1.432247, 44.208984 ], [ 1.427266, 44.207159 ], [ 1.424447, 44.20492 ], [ 1.418918, 44.203686 ], [ 1.41803, 44.203668 ], [ 1.414069501423189, 44.203879960450145 ], [ 1.416691940417966, 44.203739611113058 ], [ 1.420051, 44.207083 ] ] ], [ [ [ 1.452916, 44.211341 ], [ 1.451452449641405, 44.212594914564377 ], [ 1.451453, 44.212595 ], [ 1.452916, 44.211341 ] ] ], [ [ [ 1.460587, 44.216644 ], [ 1.462517, 44.219683 ], [ 1.462567, 44.227462 ], [ 1.45546, 44.22842 ], [ 1.45186, 44.228369 ], [ 1.446649, 44.23185 ], [ 1.444125, 44.231893 ], [ 1.443943, 44.232673 ], [ 1.443899, 44.233335 ], [ 1.444351, 44.234519 ], [ 1.444818, 44.23497 ], [ 1.445436, 44.235284 ], [ 1.446294, 44.235433 ], [ 1.446964, 44.23561 ], [ 1.447361, 44.235727 ], [ 1.452507, 44.239518 ], [ 1.451987, 44.244065 ], [ 1.449817, 44.246175 ], [ 1.448248, 44.24683 ], [ 1.449633, 44.250152 ], [ 1.449899, 44.250161 ], [ 1.451203, 44.249498 ], [ 1.453192, 44.248706 ], [ 1.454283, 44.2482 ], [ 1.458101, 44.246598 ], [ 1.462534, 44.246334 ], [ 1.468644, 44.252894 ], [ 1.468337, 44.25371 ], [ 1.468305, 44.253791 ], [ 1.46965, 44.256351 ], [ 1.471512, 44.262952 ], [ 1.466452, 44.265804 ], [ 1.466281, 44.26622 ], [ 1.463513, 44.272007 ], [ 1.463586, 44.273005 ], [ 1.463647, 44.273135 ], [ 1.464392, 44.273962 ], [ 1.464467, 44.274021 ], [ 1.465619, 44.27421 ], [ 1.465771, 44.274165 ], [ 1.468776, 44.273146 ], [ 1.477685, 44.27189 ], [ 1.479579, 44.271919 ], [ 1.481285, 44.27185 ], [ 1.482863, 44.271659 ], [ 1.483042, 44.271645 ], [ 1.485127, 44.269213 ], [ 1.485002, 44.265615 ], [ 1.486434, 44.2622 ], [ 1.4842, 44.264968 ], [ 1.483589, 44.265472 ], [ 1.48218, 44.266592 ], [ 1.481337, 44.267293 ], [ 1.480485, 44.267803 ], [ 1.476373, 44.27006 ], [ 1.47399, 44.270732 ], [ 1.472506, 44.267451 ], [ 1.477843, 44.260236 ], [ 1.475698, 44.253575 ], [ 1.47439, 44.250221 ], [ 1.46765, 44.244496 ], [ 1.462052, 44.244855 ], [ 1.459998, 44.245794 ], [ 1.458501, 44.24252 ], [ 1.455967, 44.236778 ], [ 1.455, 44.234157 ], [ 1.455312, 44.233762 ], [ 1.455502, 44.23363 ], [ 1.456521, 44.233221 ], [ 1.463613, 44.228516 ], [ 1.465236, 44.227508 ], [ 1.466295, 44.226533 ], [ 1.467503, 44.227689 ], [ 1.469081826988045, 44.227590088368771 ], [ 1.471199, 44.224084 ], [ 1.472963, 44.217428 ], [ 1.470280682015354, 44.212970580084175 ], [ 1.468817, 44.212775 ], [ 1.466421, 44.213981 ], [ 1.466359, 44.214019 ], [ 1.463114, 44.212461 ], [ 1.455246, 44.208716 ], [ 1.462956, 44.212976 ], [ 1.460587, 44.216644 ] ] ], [ [ [ 1.495934, 44.263406 ], [ 1.498514, 44.265916 ], [ 1.501589677238689, 44.268284511051107 ], [ 1.500603, 44.265876 ], [ 1.496986, 44.262347 ], [ 1.48853, 44.260004 ], [ 1.486434, 44.2622 ], [ 1.490677390517029, 44.260990685918273 ], [ 1.495934, 44.263406 ] ] ], [ [ [ 1.508592, 44.304573 ], [ 1.508602065365956, 44.304571292659809 ], [ 1.508163, 44.302048 ], [ 1.508195766236141, 44.302236306365195 ], [ 1.508592, 44.304573 ] ] ], [ [ [ 1.508451, 44.317228 ], [ 1.507819, 44.318291 ], [ 1.505399, 44.32208 ], [ 1.502959, 44.325902 ], [ 1.502229, 44.327103 ], [ 1.501544, 44.328345 ], [ 1.501184, 44.329076 ], [ 1.504412, 44.330669 ], [ 1.508433, 44.324018 ], [ 1.510853, 44.320228 ], [ 1.511544, 44.31907 ], [ 1.511996, 44.318251 ], [ 1.512427, 44.317397 ], [ 1.512874, 44.31633 ], [ 1.513194, 44.315361 ], [ 1.51346, 44.31432 ], [ 1.513486056835058, 44.314164038458138 ], [ 1.509938, 44.31359 ], [ 1.509645682355515, 44.311604019937583 ], [ 1.508844, 44.316513 ], [ 1.508451, 44.317228 ] ] ], [ [ [ 1.517707, 44.262858 ], [ 1.517898, 44.263 ], [ 1.521243, 44.265012 ], [ 1.524945, 44.265829 ], [ 1.528532, 44.265524 ], [ 1.535813, 44.264482 ], [ 1.538578, 44.262177 ], [ 1.537919, 44.260698 ], [ 1.540458, 44.253094 ], [ 1.542437, 44.251935 ], [ 1.550992, 44.252314 ], [ 1.552162, 44.253981 ], [ 1.552824, 44.255413 ], [ 1.559212, 44.253057 ], [ 1.566271, 44.253381 ], [ 1.567461, 44.253085 ], [ 1.569593, 44.251891 ], [ 1.572634, 44.249345 ], [ 1.572967, 44.249112 ], [ 1.579893009034681, 44.246340998112984 ], [ 1.579959912874694, 44.246365999021613 ], [ 1.581936, 44.247756 ], [ 1.583477, 44.24894 ], [ 1.584969, 44.249723 ], [ 1.585549, 44.248655 ], [ 1.593871, 44.246586 ], [ 1.59472, 44.25199 ], [ 1.593489, 44.253672 ], [ 1.593358, 44.253797 ], [ 1.593226, 44.255394 ], [ 1.593371, 44.255677 ], [ 1.595731, 44.256491 ], [ 1.59656, 44.256113 ], [ 1.605412, 44.257255 ], [ 1.605707, 44.257363 ], [ 1.60783, 44.257803 ], [ 1.614474, 44.259393 ], [ 1.614765, 44.259365 ], [ 1.621015, 44.25394 ], [ 1.621238, 44.253764 ], [ 1.621665, 44.253285 ], [ 1.623213, 44.251056 ], [ 1.629235425421043, 44.247942309069003 ], [ 1.629843882679025, 44.247783923576115 ], [ 1.626413, 44.247634 ], [ 1.62053, 44.248873 ], [ 1.615676, 44.252457 ], [ 1.611925, 44.253971 ], [ 1.610968, 44.254007 ], [ 1.602252, 44.252989 ], [ 1.601984, 44.252859 ], [ 1.60184, 44.252781 ], [ 1.601553, 44.252608 ], [ 1.601168, 44.250265 ], [ 1.594751, 44.244895 ], [ 1.592284, 44.24063 ], [ 1.591063, 44.237244 ], [ 1.58214, 44.23776 ], [ 1.581968, 44.238222 ], [ 1.581746, 44.238645 ], [ 1.58132, 44.243031 ], [ 1.580059, 44.246403 ], [ 1.579034, 44.24602 ], [ 1.570503, 44.247934 ], [ 1.570248, 44.248302 ], [ 1.570177, 44.248382 ], [ 1.569907, 44.248672 ], [ 1.567184, 44.24857 ], [ 1.560038, 44.249751 ], [ 1.559193, 44.249283 ], [ 1.558759, 44.248945 ], [ 1.557748, 44.248229 ], [ 1.557084, 44.247694 ], [ 1.550933, 44.242135 ], [ 1.543237, 44.243246 ], [ 1.53973, 44.247401 ], [ 1.536923, 44.250806 ], [ 1.535241, 44.252452 ], [ 1.534434, 44.252257 ], [ 1.533816, 44.252016 ], [ 1.528063, 44.258649 ], [ 1.528572, 44.260295 ], [ 1.52855, 44.262216 ], [ 1.526016, 44.262709 ], [ 1.524311, 44.262393 ], [ 1.523748, 44.262289 ], [ 1.523226, 44.262117 ], [ 1.522751, 44.261884 ], [ 1.522247, 44.261526 ], [ 1.520772, 44.260632 ], [ 1.515478, 44.259349 ], [ 1.508325, 44.263948 ], [ 1.508006, 44.265559 ], [ 1.513544, 44.260743 ], [ 1.517707, 44.262858 ] ] ], [ [ [ 1.632433, 44.249305 ], [ 1.632765, 44.249489 ], [ 1.634312, 44.250645 ], [ 1.637834, 44.251391 ], [ 1.641366, 44.249947 ], [ 1.642343, 44.249546 ], [ 1.641197, 44.246134 ], [ 1.634892, 44.245459 ], [ 1.631683, 44.243828 ], [ 1.628319, 44.240534 ], [ 1.62638, 44.2375 ], [ 1.620845, 44.230569 ], [ 1.620477, 44.231086 ], [ 1.620187, 44.231373 ], [ 1.616192, 44.236002 ], [ 1.621985, 44.241147 ], [ 1.625133, 44.242892 ], [ 1.629804, 44.244053 ], [ 1.630875, 44.244098 ], [ 1.631527, 44.244263 ], [ 1.632041, 44.244459 ], [ 1.631517, 44.246391 ], [ 1.631351, 44.246923 ], [ 1.630761, 44.247824 ], [ 1.630027334663013, 44.247791940107163 ], [ 1.632014, 44.24898 ], [ 1.632433, 44.249305 ] ] ], [ [ [ 1.626189, 44.227937 ], [ 1.626526, 44.227979 ], [ 1.627344, 44.228043 ], [ 1.627856, 44.228025 ], [ 1.628318, 44.227937 ], [ 1.629302, 44.227643 ], [ 1.629482, 44.227597 ], [ 1.631149, 44.227278 ], [ 1.631536, 44.227185 ], [ 1.630694, 44.223685 ], [ 1.632764, 44.214969 ], [ 1.626209, 44.220252 ], [ 1.625185, 44.224114 ], [ 1.625211, 44.227714 ], [ 1.620845, 44.230569 ], [ 1.625943, 44.227897 ], [ 1.626189, 44.227937 ] ] ], [ [ [ 1.634582998862797, 44.214950886279667 ], [ 1.632764, 44.214969 ], [ 1.634583, 44.214951 ], [ 1.634582998862797, 44.214950886279667 ] ] ], [ [ [ 1.635212, 44.214916 ], [ 1.635663, 44.214832 ], [ 1.636037, 44.214718 ], [ 1.637724, 44.214161 ], [ 1.638978, 44.213958 ], [ 1.640377, 44.213702 ], [ 1.640952, 44.213604 ], [ 1.641759, 44.212626 ], [ 1.641826, 44.212335 ], [ 1.641863, 44.212117 ], [ 1.641912, 44.211655 ], [ 1.640344, 44.210055 ], [ 1.63775, 44.201454 ], [ 1.639072, 44.200603 ], [ 1.640063, 44.200211 ], [ 1.641536, 44.192681 ], [ 1.648077409077611, 44.190035741456519 ], [ 1.649199, 44.190251 ], [ 1.650581, 44.190957 ], [ 1.656482, 44.189778 ], [ 1.660126527910819, 44.190109008348912 ], [ 1.665114, 44.193064 ], [ 1.665818, 44.193155 ], [ 1.66612, 44.193179 ], [ 1.666348, 44.193182 ], [ 1.672806, 44.193059 ], [ 1.673782, 44.189593 ], [ 1.669054, 44.184876 ], [ 1.667533, 44.185085 ], [ 1.666985, 44.185214 ], [ 1.660091, 44.180834 ], [ 1.66024, 44.177594 ], [ 1.664484, 44.172994 ], [ 1.667137, 44.172285 ], [ 1.669911, 44.172238 ], [ 1.671896, 44.172102 ], [ 1.6762, 44.169861 ], [ 1.676193963598492, 44.169838534207045 ], [ 1.676436, 44.169831 ], [ 1.677023, 44.169797 ], [ 1.677365, 44.169727 ], [ 1.682817, 44.16819 ], [ 1.68426, 44.167717 ], [ 1.687289, 44.16692 ], [ 1.688356, 44.166625 ], [ 1.6886, 44.16656 ], [ 1.697053, 44.164308 ], [ 1.698801, 44.163844 ], [ 1.706329, 44.162912 ], [ 1.714149, 44.159765 ], [ 1.713224, 44.156286 ], [ 1.711476, 44.156751 ], [ 1.709728, 44.157216 ], [ 1.703369, 44.157255 ], [ 1.699732, 44.155536 ], [ 1.696131768750035, 44.156457988308695 ], [ 1.695013, 44.156256 ], [ 1.691204166542011, 44.154855098117899 ], [ 1.687698, 44.151855 ], [ 1.68743, 44.151094 ], [ 1.686627, 44.148885 ], [ 1.684367, 44.14092 ], [ 1.689773, 44.134212 ], [ 1.69625, 44.135018 ], [ 1.696992, 44.135391 ], [ 1.697571, 44.135395 ], [ 1.699532, 44.133539 ], [ 1.704746, 44.12965 ], [ 1.706957, 44.126808 ], [ 1.701305, 44.120392 ], [ 1.697513, 44.118053 ], [ 1.697191, 44.117909 ], [ 1.69453, 44.11689 ], [ 1.693527, 44.116497 ], [ 1.693049, 44.116342 ], [ 1.692544, 44.116214 ], [ 1.691775, 44.116061 ], [ 1.68632, 44.121401 ], [ 1.682779, 44.121573 ], [ 1.679308, 44.125978 ], [ 1.67886, 44.126406 ], [ 1.670716573753906, 44.126659982105416 ], [ 1.670793, 44.126743 ], [ 1.67942, 44.127046 ], [ 1.686219, 44.124746 ], [ 1.686899, 44.124747 ], [ 1.693948, 44.123867 ], [ 1.696477, 44.123069 ], [ 1.696925, 44.123028 ], [ 1.698962, 44.125114 ], [ 1.698922, 44.125238 ], [ 1.698605, 44.125836 ], [ 1.69856, 44.1259 ], [ 1.697805, 44.126926 ], [ 1.692894, 44.128526 ], [ 1.692536, 44.128716 ], [ 1.689524, 44.130342 ], [ 1.686675, 44.132542 ], [ 1.681185, 44.138391 ], [ 1.680427, 44.14191 ], [ 1.67975, 44.141885 ], [ 1.679026, 44.141746 ], [ 1.671863, 44.143743 ], [ 1.670667, 44.143737 ], [ 1.668388, 44.14355 ], [ 1.664509, 44.150455 ], [ 1.66574586136657, 44.153331442010732 ], [ 1.666914, 44.153851 ], [ 1.668303, 44.15336 ], [ 1.669445, 44.153147 ], [ 1.67084, 44.152956 ], [ 1.671691, 44.152874 ], [ 1.677685, 44.155897 ], [ 1.68423, 44.153058 ], [ 1.686783, 44.153442 ], [ 1.687674, 44.154106 ], [ 1.694137, 44.156548 ], [ 1.698508, 44.157278 ], [ 1.70007, 44.157233 ], [ 1.700174, 44.160831 ], [ 1.696685, 44.161078 ], [ 1.696293, 44.161103 ], [ 1.69575, 44.16108 ], [ 1.691724, 44.160895 ], [ 1.685659, 44.164275 ], [ 1.682398, 44.16275 ], [ 1.679626, 44.161341 ], [ 1.673321, 44.167116 ], [ 1.672709, 44.16722 ], [ 1.671598, 44.167172 ], [ 1.670828, 44.167034 ], [ 1.668509, 44.166331 ], [ 1.666808503198631, 44.166151279444726 ], [ 1.663469, 44.173263 ], [ 1.660007, 44.174182 ], [ 1.655963, 44.175261 ], [ 1.655666, 44.182536 ], [ 1.659626, 44.185785 ], [ 1.66164, 44.18632 ], [ 1.662516, 44.186549 ], [ 1.661606, 44.190032 ], [ 1.660731, 44.189804 ], [ 1.656271, 44.189127 ], [ 1.649191, 44.189623 ], [ 1.64904, 44.189549 ], [ 1.648512, 44.189174 ], [ 1.641678, 44.187144 ], [ 1.638759, 44.18925 ], [ 1.636458, 44.196613 ], [ 1.633953, 44.199199 ], [ 1.632214260941701, 44.197515047081176 ], [ 1.62478, 44.200357 ], [ 1.62474838547313, 44.200421928759503 ], [ 1.625397, 44.204719 ], [ 1.631256, 44.211316 ], [ 1.631996, 44.211358 ], [ 1.632728, 44.211369 ], [ 1.634636, 44.21135 ], [ 1.63467197645519, 44.214947645518997 ], [ 1.634819, 44.214946 ], [ 1.635212, 44.214916 ] ] ], [ [ [ 1.665522, 44.121219 ], [ 1.663499, 44.122563 ], [ 1.662937, 44.123725 ], [ 1.663927, 44.126138 ], [ 1.664951838625227, 44.133436230776631 ], [ 1.665244792936861, 44.133280507423244 ], [ 1.666486, 44.12738 ], [ 1.669135, 44.124942 ], [ 1.670715617553827, 44.126658943434535 ], [ 1.669313, 44.122784 ], [ 1.665522, 44.121219 ] ] ], [ [ [ 1.640009597767782, 44.129096277391582 ], [ 1.639884, 44.129315 ], [ 1.640037, 44.129119 ], [ 1.640009597767782, 44.129096277391582 ] ] ], [ [ [ 1.640634, 44.126425 ], [ 1.640432, 44.125567 ], [ 1.639395, 44.124403 ], [ 1.639112, 44.124203 ], [ 1.635484943208798, 44.126428517272458 ], [ 1.635653346014177, 44.1269147415045 ], [ 1.636609, 44.126874 ], [ 1.637238, 44.126798 ], [ 1.640444420120622, 44.128129192442877 ], [ 1.640516, 44.127842 ], [ 1.640634, 44.126425 ] ] ], [ [ [ 1.639542, 44.107585 ], [ 1.640024, 44.107419 ], [ 1.641343, 44.106854 ], [ 1.642734, 44.106482 ], [ 1.643111, 44.106344 ], [ 1.643418, 44.106199 ], [ 1.648035, 44.099649 ], [ 1.653833, 44.09968 ], [ 1.656062, 44.100899 ], [ 1.657906, 44.101924 ], [ 1.659755, 44.102951 ], [ 1.660937, 44.103602 ], [ 1.661754, 44.102817 ], [ 1.662675, 44.10045 ], [ 1.658346, 44.09519 ], [ 1.656714, 44.091981 ], [ 1.651909, 44.088514 ], [ 1.652391, 44.081334 ], [ 1.654237, 44.078243 ], [ 1.658249, 44.070527 ], [ 1.659119, 44.070141 ], [ 1.659291, 44.070062 ], [ 1.65969, 44.069816 ], [ 1.661417, 44.068323 ], [ 1.661985, 44.067813 ], [ 1.6626, 44.067205 ], [ 1.660357, 44.064389 ], [ 1.659427, 44.063244 ], [ 1.653537, 44.064678 ], [ 1.650018, 44.063917 ], [ 1.642315, 44.062129 ], [ 1.638508, 44.06161 ], [ 1.633109, 44.061417 ], [ 1.630151, 44.063468 ], [ 1.629137, 44.063776 ], [ 1.630838, 44.063298 ], [ 1.637271, 44.069281 ], [ 1.644338, 44.070126 ], [ 1.648572, 44.069096 ], [ 1.652593, 44.068669 ], [ 1.654083, 44.071946 ], [ 1.65338, 44.07247 ], [ 1.648641, 44.078237 ], [ 1.64798, 44.080863 ], [ 1.647337, 44.08088 ], [ 1.647277, 44.08088 ], [ 1.647072, 44.080879 ], [ 1.64298, 44.088795 ], [ 1.645508, 44.090151 ], [ 1.64977, 44.093325 ], [ 1.65066, 44.093821 ], [ 1.652745, 44.094977 ], [ 1.650997, 44.098125 ], [ 1.648644, 44.09693 ], [ 1.647981, 44.096555 ], [ 1.644817, 44.094704 ], [ 1.641633, 44.092948 ], [ 1.639673, 44.091727 ], [ 1.636784, 44.090951 ], [ 1.636243, 44.090859 ], [ 1.635818, 44.090693 ], [ 1.629366, 44.096947 ], [ 1.630482, 44.099014 ], [ 1.630645, 44.099345 ], [ 1.637216, 44.104025 ], [ 1.637557, 44.104024 ], [ 1.638907, 44.104104 ], [ 1.638694, 44.107698 ], [ 1.638633476249063, 44.107755343562133 ], [ 1.639117, 44.107677 ], [ 1.639542, 44.107585 ] ] ], [ [ [ 1.628675, 44.063911 ], [ 1.629137, 44.063776 ], [ 1.627256631107485, 44.0621281767285 ], [ 1.628675, 44.063911 ] ] ], [ [ [ 1.624862, 44.054635 ], [ 1.626296, 44.052784 ], [ 1.627483, 44.051252 ], [ 1.628671, 44.049719 ], [ 1.625825, 44.047514 ], [ 1.618781, 44.052497 ], [ 1.610982, 44.055327 ], [ 1.610143, 44.056222 ], [ 1.604267, 44.061819 ], [ 1.60078, 44.062712 ], [ 1.598785, 44.065628 ], [ 1.590111, 44.065534 ], [ 1.589786, 44.06522 ], [ 1.589225, 44.064746 ], [ 1.582086, 44.068787 ], [ 1.5785, 44.069105 ], [ 1.57251, 44.07169 ], [ 1.569229, 44.071585 ], [ 1.565948, 44.07148 ], [ 1.565833, 44.075078 ], [ 1.569114, 44.075183 ], [ 1.572395, 44.075288 ], [ 1.577427, 44.079982 ], [ 1.578573, 44.080317 ], [ 1.583833, 44.084554 ], [ 1.584834, 44.093403 ], [ 1.586993, 44.091381 ], [ 1.589071, 44.089111 ], [ 1.587751, 44.081459 ], [ 1.582831, 44.075618 ], [ 1.579842, 44.075526 ], [ 1.579953, 44.071928 ], [ 1.582942, 44.07202 ], [ 1.589752, 44.07017 ], [ 1.593197, 44.069124 ], [ 1.599613, 44.069936 ], [ 1.603436, 44.067665 ], [ 1.606945, 44.061805 ], [ 1.610169, 44.060831 ], [ 1.616652, 44.056477 ], [ 1.62026, 44.054696 ], [ 1.622044, 44.054697 ], [ 1.622292, 44.054872 ], [ 1.623102, 44.056906 ], [ 1.62351447222643, 44.057424458271356 ], [ 1.623428, 44.056486 ], [ 1.624862, 44.054635 ] ] ], [ [ [ 1.560357, 44.076746 ], [ 1.560728, 44.073166 ], [ 1.557907, 44.071122 ], [ 1.556321, 44.071016 ], [ 1.552972, 44.069695 ], [ 1.552404, 44.061711 ], [ 1.551731, 44.059367 ], [ 1.551658, 44.059204 ], [ 1.550883, 44.058448 ], [ 1.550008, 44.058856 ], [ 1.549579, 44.059094 ], [ 1.546681, 44.061418 ], [ 1.541312, 44.062161 ], [ 1.535981, 44.05718 ], [ 1.535647, 44.057119 ], [ 1.530025, 44.057335 ], [ 1.5269, 44.058214 ], [ 1.519041, 44.062306 ], [ 1.516407, 44.061839 ], [ 1.508946767505903, 44.06163936864597 ], [ 1.509143, 44.062255 ], [ 1.5124864959822, 44.06557013299232 ], [ 1.516052, 44.065706 ], [ 1.518833, 44.065811 ], [ 1.525997, 44.062852 ], [ 1.52751, 44.063544 ], [ 1.528355, 44.064302 ], [ 1.528933, 44.064934 ], [ 1.537051, 44.068669 ], [ 1.541316, 44.065391 ], [ 1.54463, 44.064729 ], [ 1.545734, 44.065056 ], [ 1.546238, 44.065301 ], [ 1.546345, 44.065372 ], [ 1.551224, 44.070593 ], [ 1.554683, 44.071119 ], [ 1.557511, 44.07121 ], [ 1.557396, 44.074808 ], [ 1.553496, 44.082481 ], [ 1.553305083039881, 44.091328467830614 ], [ 1.553687827050829, 44.091418373838863 ], [ 1.554813, 44.091399 ], [ 1.557382, 44.090931 ], [ 1.563424, 44.087695 ], [ 1.559637, 44.081722 ], [ 1.560357, 44.076746 ] ] ], [ [ [ 1.502407, 44.077207 ], [ 1.500132, 44.084369 ], [ 1.494733, 44.086635 ], [ 1.494178, 44.086654 ], [ 1.494303, 44.090252 ], [ 1.494858, 44.090232 ], [ 1.497588, 44.090734 ], [ 1.500285203335718, 44.095154346752899 ], [ 1.500414, 44.094998 ], [ 1.501396, 44.094109 ], [ 1.505035, 44.086998 ], [ 1.505838, 44.084572 ], [ 1.506665, 44.08333 ], [ 1.508693, 44.07608 ], [ 1.506058, 44.071609 ], [ 1.506052251077422, 44.071420607146315 ], [ 1.505771, 44.071414 ], [ 1.503261, 44.070982 ], [ 1.498721242034742, 44.071784609143023 ], [ 1.502407, 44.077207 ] ] ], [ [ [ 1.470454831375078, 44.098096279990088 ], [ 1.470454831375081, 44.098096279990088 ], [ 1.470184, 44.098029 ], [ 1.470454831375078, 44.098096279990088 ] ] ], [ [ [ 1.459054, 44.092307 ], [ 1.458179493219637, 44.091545855209688 ], [ 1.458175950301926, 44.091532431930439 ], [ 1.457176030382392, 44.09251978142813 ], [ 1.457531, 44.096317 ], [ 1.45994, 44.098216 ], [ 1.466073538940333, 44.099187555341551 ], [ 1.469362093516206, 44.098368454903948 ], [ 1.470184, 44.098029 ], [ 1.464675, 44.098649 ], [ 1.459054, 44.092307 ] ] ], [ [ [ 1.462902, 44.089189 ], [ 1.464408, 44.089467 ], [ 1.465135, 44.089471 ], [ 1.465655, 44.089379 ], [ 1.466005, 44.089275 ], [ 1.468116, 44.088527 ], [ 1.469323, 44.087904 ], [ 1.469479, 44.087723 ], [ 1.46821, 44.084928 ], [ 1.468012, 44.084923 ], [ 1.461827, 44.0838 ], [ 1.460804158759058, 44.083082140636655 ], [ 1.460571, 44.085451 ], [ 1.460691, 44.089049 ], [ 1.458310560871042, 44.091399513608508 ], [ 1.462902, 44.089189 ] ] ], [ [ [ 1.421345, 44.104537 ], [ 1.420681, 44.106984 ], [ 1.420267, 44.110561 ], [ 1.422081, 44.111656 ], [ 1.42532, 44.111712 ], [ 1.43136, 44.113587 ], [ 1.431038, 44.122318 ], [ 1.430336, 44.130577 ], [ 1.428326, 44.132282 ], [ 1.428152, 44.132387 ], [ 1.427449, 44.133443 ], [ 1.423089, 44.14114 ], [ 1.419789, 44.141522 ], [ 1.41909, 44.14236 ], [ 1.418864, 44.143765 ], [ 1.418895, 44.143849 ], [ 1.419412, 44.144661 ], [ 1.419475, 44.144719 ], [ 1.419924, 44.145113 ], [ 1.419978, 44.145131 ], [ 1.423964, 44.144973 ], [ 1.424669, 44.144923 ], [ 1.431889, 44.14617 ], [ 1.432369, 44.14623 ], [ 1.432812, 44.146212 ], [ 1.433349, 44.146135 ], [ 1.439209, 44.142612 ], [ 1.445527, 44.143518 ], [ 1.446098, 44.143705 ], [ 1.448769, 44.14431 ], [ 1.456311, 44.14839 ], [ 1.456123, 44.150431 ], [ 1.456471, 44.15121 ], [ 1.457137, 44.152573 ], [ 1.455964, 44.159741 ], [ 1.449485, 44.161143 ], [ 1.446879, 44.163627 ], [ 1.446669, 44.166927 ], [ 1.446468, 44.167988 ], [ 1.447125, 44.176291 ], [ 1.448925, 44.17584 ], [ 1.451325, 44.167313 ], [ 1.451309, 44.163713 ], [ 1.455379, 44.161502 ], [ 1.461319, 44.161297 ], [ 1.466278, 44.156732 ], [ 1.471204, 44.153345 ], [ 1.474166, 44.150235 ], [ 1.472337, 44.142851 ], [ 1.466736, 44.144912 ], [ 1.466422, 44.14521 ], [ 1.465042, 44.146387 ], [ 1.463888, 44.148307 ], [ 1.463096, 44.149727 ], [ 1.461923, 44.150617 ], [ 1.46091, 44.150848 ], [ 1.459323, 44.150829 ], [ 1.458416, 44.150546 ], [ 1.458687, 44.1433 ], [ 1.455623, 44.137469 ], [ 1.453805, 44.136147 ], [ 1.445544, 44.137376 ], [ 1.442953, 44.142167 ], [ 1.441683, 44.141886 ], [ 1.44094, 44.141691 ], [ 1.432535, 44.141706 ], [ 1.431833, 44.141977 ], [ 1.431443, 44.142059 ], [ 1.430713, 44.142159 ], [ 1.430191, 44.141522 ], [ 1.430225, 44.138592 ], [ 1.432326, 44.137607 ], [ 1.435525, 44.130141 ], [ 1.434801, 44.127643 ], [ 1.437255, 44.12019 ], [ 1.436911, 44.112497 ], [ 1.433685, 44.111364 ], [ 1.43321, 44.11125 ], [ 1.429967, 44.110798 ], [ 1.429244, 44.11082 ], [ 1.428783, 44.110742 ], [ 1.428025, 44.110541 ], [ 1.428949, 44.107062 ], [ 1.431032, 44.10704 ], [ 1.431677, 44.107132 ], [ 1.432259, 44.107268 ], [ 1.434145, 44.107774 ], [ 1.435939, 44.107895 ], [ 1.436456, 44.107971 ], [ 1.437355, 44.108334 ], [ 1.438086, 44.108875 ], [ 1.445913, 44.104605 ], [ 1.444278, 44.101345 ], [ 1.44124, 44.100103 ], [ 1.441201185813639, 44.100087274709651 ], [ 1.435294, 44.098206 ], [ 1.434013121483886, 44.09717214805486 ], [ 1.433662814642634, 44.097027296699729 ], [ 1.428501, 44.100667 ], [ 1.426223, 44.099712 ], [ 1.424683086500845, 44.099065466269131 ], [ 1.423748, 44.101856 ], [ 1.421345, 44.104537 ] ] ], [ [ [ 1.436199188739163, 44.177914565614806 ], [ 1.44214, 44.178433 ], [ 1.44374, 44.177592 ], [ 1.445095, 44.17712 ], [ 1.442577189637731, 44.17764174035635 ], [ 1.436199188739163, 44.177914565614806 ] ] ], [ [ [ 1.43235, 44.173505 ], [ 1.431474, 44.172665 ], [ 1.429616, 44.172747 ], [ 1.428404, 44.176137 ], [ 1.426877, 44.179359 ], [ 1.429618, 44.18327 ], [ 1.430247, 44.185272 ], [ 1.430873, 44.186645 ], [ 1.431487991522952, 44.192868629966853 ], [ 1.433749, 44.189866 ], [ 1.43342, 44.188289 ], [ 1.433489, 44.187802 ], [ 1.432472, 44.180782 ], [ 1.434428, 44.17776 ], [ 1.435652355579316, 44.177866845345548 ], [ 1.432929, 44.174813 ], [ 1.43235, 44.173505 ] ] ] ] } },
{ "type": "Feature", "properties": { "codgeo": "82037", "value": 1020, "isochrone_group": 17.0, "nb_agences": 2 }, "geometry": { "type": "MultiPolygon", "coordinates": [ [ [ [ 1.40714, 44.197689 ], [ 1.405391, 44.195611 ], [ 1.404394, 44.195361 ], [ 1.403086, 44.195309 ], [ 1.402673, 44.195524 ], [ 1.394871, 44.199654 ], [ 1.393732, 44.200454 ], [ 1.393128, 44.200964 ], [ 1.392897, 44.201297 ], [ 1.392433, 44.202139 ], [ 1.395641, 44.209158 ], [ 1.402514, 44.210769 ], [ 1.406389, 44.21364 ], [ 1.408955, 44.2144 ], [ 1.409408, 44.214205 ], [ 1.416135, 44.212292 ], [ 1.419408, 44.21379 ], [ 1.424063, 44.215119 ], [ 1.429232, 44.21382 ], [ 1.431301, 44.212369 ], [ 1.431381, 44.212312 ], [ 1.431762323552556, 44.211458899401038 ], [ 1.430773, 44.211264 ], [ 1.429444, 44.212141 ], [ 1.422088, 44.210051 ], [ 1.420051, 44.207083 ], [ 1.416691940417966, 44.203739611113058 ], [ 1.413923629918687, 44.203887767292947 ], [ 1.41027, 44.204523 ], [ 1.408959, 44.204588 ], [ 1.402007, 44.207008 ], [ 1.398953, 44.207382 ], [ 1.396794, 44.205012 ], [ 1.396335, 44.204452 ], [ 1.398941, 44.201346 ], [ 1.402752, 44.199378 ], [ 1.409829, 44.199976 ], [ 1.411973, 44.198581 ], [ 1.41149919895668, 44.198889280063149 ], [ 1.40714, 44.197689 ] ] ], [ [ [ 1.43858, 44.212802 ], [ 1.433263506827867, 44.211754636544292 ], [ 1.438771242529518, 44.21328897090914 ], [ 1.43858, 44.212802 ] ] ], [ [ [ 1.436715, 44.226189 ], [ 1.436978, 44.22978 ], [ 1.439772, 44.236471 ], [ 1.442725, 44.23853 ], [ 1.447969, 44.240403 ], [ 1.446724, 44.247459 ], [ 1.444977, 44.248197 ], [ 1.443315, 44.248901 ], [ 1.442207, 44.249139 ], [ 1.441783, 44.249239 ], [ 1.439007, 44.249441 ], [ 1.438185, 44.251165 ], [ 1.437853, 44.252908 ], [ 1.437917, 44.253087 ], [ 1.438011, 44.253247 ], [ 1.43992, 44.254319 ], [ 1.447176, 44.252374 ], [ 1.455259, 44.253664 ], [ 1.456471, 44.254236 ], [ 1.457201, 44.253836 ], [ 1.464852, 44.257057 ], [ 1.465184, 44.258832 ], [ 1.465806, 44.264093 ], [ 1.465996295903335, 44.266815224930411 ], [ 1.466281, 44.26622 ], [ 1.466452, 44.265804 ], [ 1.471512, 44.262952 ], [ 1.46965, 44.256351 ], [ 1.468305, 44.253791 ], [ 1.468337, 44.25371 ], [ 1.468644, 44.252894 ], [ 1.462534, 44.246334 ], [ 1.458101, 44.246598 ], [ 1.454283, 44.2482 ], [ 1.453192, 44.248706 ], [ 1.451203, 44.249498 ], [ 1.449899, 44.250161 ], [ 1.449633, 44.250152 ], [ 1.448248, 44.24683 ], [ 1.449817, 44.246175 ], [ 1.451987, 44.244065 ], [ 1.452507, 44.239518 ], [ 1.447361, 44.235727 ], [ 1.446964, 44.23561 ], [ 1.446294, 44.235433 ], [ 1.445436, 44.235284 ], [ 1.444818, 44.23497 ], [ 1.444351, 44.234519 ], [ 1.443899, 44.233335 ], [ 1.443943, 44.232673 ], [ 1.444125, 44.231893 ], [ 1.446649, 44.23185 ], [ 1.45186, 44.228369 ], [ 1.45546, 44.22842 ], [ 1.462567, 44.227462 ], [ 1.462517, 44.219683 ], [ 1.460587, 44.216644 ], [ 1.462956, 44.212976 ], [ 1.455246, 44.208716 ], [ 1.453326, 44.210905 ], [ 1.452916, 44.211341 ], [ 1.451453, 44.212595 ], [ 1.451400732932142, 44.212586886255806 ], [ 1.451026, 44.212895 ], [ 1.450622, 44.213095 ], [ 1.445866, 44.217473 ], [ 1.443916, 44.218599 ], [ 1.443388, 44.218677 ], [ 1.442362, 44.2183 ], [ 1.441716, 44.217642 ], [ 1.438924, 44.226028 ], [ 1.436715, 44.226189 ] ] ], [ [ [ 1.461257, 44.273268 ], [ 1.460996, 44.273874 ], [ 1.460854, 44.274602 ], [ 1.460881, 44.275525 ], [ 1.461013, 44.276068 ], [ 1.461438, 44.277063 ], [ 1.462097, 44.278709 ], [ 1.462518, 44.278977 ], [ 1.464523, 44.280235 ], [ 1.472349, 44.278345 ], [ 1.47966, 44.275372 ], [ 1.481458, 44.273771 ], [ 1.489284, 44.271152 ], [ 1.496156, 44.267717 ], [ 1.498952, 44.272021 ], [ 1.502871, 44.278673 ], [ 1.503373, 44.275576 ], [ 1.503664, 44.273348 ], [ 1.502237, 44.268783 ], [ 1.498514, 44.265916 ], [ 1.495934, 44.263406 ], [ 1.490677390517029, 44.260990685918273 ], [ 1.486434, 44.2622 ], [ 1.485002, 44.265615 ], [ 1.485127, 44.269213 ], [ 1.483042, 44.271645 ], [ 1.482863, 44.271659 ], [ 1.481285, 44.27185 ], [ 1.479579, 44.271919 ], [ 1.477685, 44.27189 ], [ 1.468776, 44.273146 ], [ 1.465771, 44.274165 ], [ 1.465619, 44.27421 ], [ 1.464467, 44.274021 ], [ 1.464392, 44.273962 ], [ 1.463647, 44.273135 ], [ 1.463586, 44.273005 ], [ 1.463513, 44.272007 ], [ 1.465033465280992, 44.268828194876775 ], [ 1.461468, 44.272923 ], [ 1.461257, 44.273268 ] ] ], [ [ [ 1.503454, 44.325126 ], [ 1.503454288116305, 44.325126183942409 ], [ 1.502959, 44.325902 ], [ 1.505399, 44.32208 ], [ 1.507819, 44.318291 ], [ 1.505636, 44.321708 ], [ 1.503454, 44.325126 ] ] ], [ [ [ 1.50079, 44.329953 ], [ 1.500329, 44.33113 ], [ 1.500024, 44.332025 ], [ 1.499761, 44.332921 ], [ 1.499468, 44.334111 ], [ 1.499267, 44.335173 ], [ 1.499154, 44.335871 ], [ 1.498773, 44.33874 ], [ 1.498549, 44.340606 ], [ 1.498328, 44.342452 ], [ 1.498006, 44.344913 ], [ 1.497619, 44.347614 ], [ 1.501183, 44.348125 ], [ 1.503462, 44.342691 ], [ 1.5035, 44.342551 ], [ 1.503544, 44.341775 ], [ 1.503476, 44.333048 ], [ 1.503735, 44.332298 ], [ 1.504141, 44.331269 ], [ 1.504414573715823, 44.330664742903785 ], [ 1.504412, 44.330669 ], [ 1.501184407947621, 44.329076201319879 ], [ 1.501155, 44.329136 ], [ 1.50079, 44.329953 ] ] ], [ [ [ 1.510853, 44.320228 ], [ 1.508433, 44.324018 ], [ 1.508426963670993, 44.324027984487486 ], [ 1.508671, 44.323646 ], [ 1.510853, 44.320228 ] ] ], [ [ [ 1.509162, 44.274798 ], [ 1.509072, 44.274388 ], [ 1.51037, 44.268264 ], [ 1.516195, 44.267199 ], [ 1.516928, 44.266878 ], [ 1.517362, 44.266714 ], [ 1.518936, 44.266247 ], [ 1.526316, 44.268161 ], [ 1.526841, 44.268542 ], [ 1.533384, 44.268066 ], [ 1.53862, 44.269067 ], [ 1.542666, 44.271316 ], [ 1.544078, 44.271781 ], [ 1.544494, 44.271738 ], [ 1.544782, 44.271368 ], [ 1.545565, 44.269354 ], [ 1.545301, 44.267686 ], [ 1.54505, 44.266689 ], [ 1.547419, 44.259648 ], [ 1.55126, 44.258762 ], [ 1.555753, 44.258122 ], [ 1.557267, 44.258371 ], [ 1.557469, 44.258247 ], [ 1.558438, 44.257647 ], [ 1.565756, 44.254632 ], [ 1.568387, 44.25624 ], [ 1.570955, 44.257562 ], [ 1.571275, 44.257261 ], [ 1.571813, 44.256319 ], [ 1.572182, 44.255168 ], [ 1.580249, 44.252251 ], [ 1.581988, 44.253295 ], [ 1.58262, 44.252707 ], [ 1.590957, 44.255342 ], [ 1.589542, 44.260914 ], [ 1.592124, 44.263422 ], [ 1.600733, 44.261478 ], [ 1.605729, 44.261433 ], [ 1.613745, 44.263001 ], [ 1.621737, 44.26537 ], [ 1.622236, 44.265337 ], [ 1.623141, 44.264662 ], [ 1.623313, 44.264177 ], [ 1.627047, 44.256311 ], [ 1.633435, 44.255165 ], [ 1.636972, 44.255835 ], [ 1.643288, 44.252218 ], [ 1.646442, 44.253115 ], [ 1.647487, 44.253304 ], [ 1.647618, 44.253288 ], [ 1.650327, 44.251741 ], [ 1.648925, 44.248425 ], [ 1.643435, 44.24631 ], [ 1.642663, 44.246043 ], [ 1.642102, 44.24601 ], [ 1.634905, 44.241468 ], [ 1.633332, 44.237512 ], [ 1.631141, 44.234656 ], [ 1.63373, 44.226963 ], [ 1.63624, 44.226118 ], [ 1.636805, 44.226019 ], [ 1.637259, 44.22586 ], [ 1.637895, 44.225458 ], [ 1.638392, 44.224986 ], [ 1.641292, 44.218146 ], [ 1.644039, 44.21582 ], [ 1.646551, 44.211336 ], [ 1.644871, 44.208152 ], [ 1.643147, 44.199868 ], [ 1.648357, 44.195347 ], [ 1.648374, 44.191747 ], [ 1.650567175456215, 44.190949937678788 ], [ 1.649199, 44.190251 ], [ 1.648077409077611, 44.190035741456519 ], [ 1.641536, 44.192681 ], [ 1.640063, 44.200211 ], [ 1.639072, 44.200603 ], [ 1.63775, 44.201454 ], [ 1.640344, 44.210055 ], [ 1.641912, 44.211655 ], [ 1.641863, 44.212117 ], [ 1.641826, 44.212335 ], [ 1.641759, 44.212626 ], [ 1.640952, 44.213604 ], [ 1.640377, 44.213702 ], [ 1.638978, 44.213958 ], [ 1.637724, 44.214161 ], [ 1.636037, 44.214718 ], [ 1.635663, 44.214832 ], [ 1.635212, 44.214916 ], [ 1.634819, 44.214946 ], [ 1.634582976416265, 44.214948641626478 ], [ 1.634583, 44.214951 ], [ 1.632764, 44.214969 ], [ 1.630694, 44.223685 ], [ 1.631536, 44.227185 ], [ 1.631149, 44.227278 ], [ 1.629482, 44.227597 ], [ 1.629302, 44.227643 ], [ 1.628318, 44.227937 ], [ 1.627856, 44.228025 ], [ 1.627344, 44.228043 ], [ 1.626526, 44.227979 ], [ 1.626189, 44.227937 ], [ 1.625943, 44.227897 ], [ 1.620845, 44.230569 ], [ 1.62638, 44.2375 ], [ 1.628319, 44.240534 ], [ 1.631683, 44.243828 ], [ 1.634892, 44.245459 ], [ 1.641197, 44.246134 ], [ 1.642343, 44.249546 ], [ 1.641366, 44.249947 ], [ 1.637834, 44.251391 ], [ 1.634312, 44.250645 ], [ 1.632765, 44.249489 ], [ 1.632433, 44.249305 ], [ 1.632014, 44.24898 ], [ 1.629962358824733, 44.247753083443186 ], [ 1.629235425421043, 44.247942309069003 ], [ 1.623213, 44.251056 ], [ 1.621665, 44.253285 ], [ 1.621238, 44.253764 ], [ 1.621015, 44.25394 ], [ 1.614765, 44.259365 ], [ 1.614474, 44.259393 ], [ 1.60783, 44.257803 ], [ 1.605707, 44.257363 ], [ 1.605412, 44.257255 ], [ 1.59656, 44.256113 ], [ 1.595731, 44.256491 ], [ 1.593371, 44.255677 ], [ 1.593226, 44.255394 ], [ 1.593358, 44.253797 ], [ 1.593489, 44.253672 ], [ 1.59472, 44.25199 ], [ 1.593871, 44.246586 ], [ 1.585549, 44.248655 ], [ 1.584969, 44.249723 ], [ 1.583477, 44.24894 ], [ 1.581936, 44.247756 ], [ 1.579959912874694, 44.246365999021613 ], [ 1.579893009034681, 44.246340998112984 ], [ 1.572967, 44.249112 ], [ 1.572634, 44.249345 ], [ 1.569593, 44.251891 ], [ 1.567461, 44.253085 ], [ 1.566271, 44.253381 ], [ 1.559212, 44.253057 ], [ 1.552824, 44.255413 ], [ 1.552162, 44.253981 ], [ 1.550992, 44.252314 ], [ 1.542437, 44.251935 ], [ 1.540458, 44.253094 ], [ 1.537919, 44.260698 ], [ 1.538578, 44.262177 ], [ 1.535813, 44.264482 ], [ 1.528532, 44.265524 ], [ 1.524945, 44.265829 ], [ 1.521243, 44.265012 ], [ 1.517898, 44.263 ], [ 1.517707, 44.262858 ], [ 1.513544, 44.260743 ], [ 1.508006, 44.265559 ], [ 1.507724, 44.267681 ], [ 1.50758, 44.269445 ], [ 1.507533, 44.27153 ], [ 1.507234, 44.273816 ], [ 1.506926, 44.27616 ], [ 1.50748, 44.284984 ], [ 1.50721344497527, 44.280738365454482 ], [ 1.509162, 44.274798 ] ] ], [ [ [ 1.659911, 44.19519 ], [ 1.66083, 44.195032 ], [ 1.661425, 44.194849 ], [ 1.661802, 44.19468 ], [ 1.666348, 44.193182 ], [ 1.66612, 44.193179 ], [ 1.665818, 44.193155 ], [ 1.665114, 44.193064 ], [ 1.660126527910819, 44.190109008348912 ], [ 1.657726271229599, 44.18989100892059 ], [ 1.6593, 44.191642 ], [ 1.659911, 44.19519 ] ] ], [ [ [ 1.681697, 44.195589 ], [ 1.682404, 44.193544 ], [ 1.68268, 44.192126 ], [ 1.680714, 44.191568 ], [ 1.679728, 44.191136 ], [ 1.674318, 44.187503 ], [ 1.67417, 44.183906 ], [ 1.673607, 44.183905 ], [ 1.672997, 44.18391 ], [ 1.672344, 44.183996 ], [ 1.666007, 44.180506 ], [ 1.670449, 44.173475 ], [ 1.674031, 44.173872 ], [ 1.67666, 44.173498 ], [ 1.678910461262719, 44.171495542737595 ], [ 1.685091, 44.173755 ], [ 1.685911, 44.172689 ], [ 1.693462, 44.16824 ], [ 1.693589, 44.168045 ], [ 1.697751, 44.164123 ], [ 1.703926, 44.164042 ], [ 1.704626, 44.16384 ], [ 1.705158, 44.163648 ], [ 1.70593, 44.163209 ], [ 1.71439, 44.162621 ], [ 1.715909, 44.162107 ], [ 1.723152, 44.159668 ], [ 1.72489, 44.159599 ], [ 1.725563, 44.159425 ], [ 1.726049, 44.159183 ], [ 1.7264, 44.158942 ], [ 1.726811, 44.15862 ], [ 1.724592, 44.155785 ], [ 1.721235, 44.155611 ], [ 1.720449, 44.155477 ], [ 1.718492, 44.155222 ], [ 1.712465, 44.15368 ], [ 1.710586, 44.152843 ], [ 1.708708, 44.152006 ], [ 1.70103, 44.153424 ], [ 1.698255, 44.155717 ], [ 1.690346, 44.151918 ], [ 1.68993, 44.148342 ], [ 1.687089, 44.142094 ], [ 1.685780124387432, 44.139181576778675 ], [ 1.689767, 44.13422 ], [ 1.694605056579678, 44.134927810260841 ], [ 1.696639, 44.136839 ], [ 1.697053, 44.137405 ], [ 1.697373, 44.137676 ], [ 1.699592, 44.142202 ], [ 1.703154, 44.141675 ], [ 1.702693, 44.138556 ], [ 1.702512, 44.137928 ], [ 1.706791, 44.130073 ], [ 1.707312, 44.129857 ], [ 1.710682, 44.128303 ], [ 1.711258, 44.128126 ], [ 1.71192, 44.12787 ], [ 1.712993, 44.127413 ], [ 1.714662, 44.126692 ], [ 1.714942, 44.126594 ], [ 1.714998, 44.126569 ], [ 1.713571, 44.123262 ], [ 1.70653, 44.119072 ], [ 1.704619, 44.117556 ], [ 1.703495, 44.117135 ], [ 1.698374, 44.116094 ], [ 1.692544, 44.116214 ], [ 1.693049, 44.116342 ], [ 1.693527, 44.116497 ], [ 1.69453, 44.11689 ], [ 1.697191, 44.117909 ], [ 1.697513, 44.118053 ], [ 1.701305, 44.120392 ], [ 1.706957, 44.126808 ], [ 1.704746, 44.12965 ], [ 1.699532, 44.133539 ], [ 1.697571, 44.135395 ], [ 1.696992, 44.135391 ], [ 1.69625, 44.135018 ], [ 1.689773, 44.134212 ], [ 1.684367, 44.14092 ], [ 1.686627, 44.148885 ], [ 1.68743, 44.151094 ], [ 1.687698, 44.151855 ], [ 1.691204166542011, 44.154855098117899 ], [ 1.695013, 44.156256 ], [ 1.696131768750035, 44.156457988308695 ], [ 1.699732, 44.155536 ], [ 1.703369, 44.157255 ], [ 1.709728, 44.157216 ], [ 1.711476, 44.156751 ], [ 1.713224, 44.156286 ], [ 1.714149, 44.159765 ], [ 1.706329, 44.162912 ], [ 1.698801, 44.163844 ], [ 1.697053, 44.164308 ], [ 1.6886, 44.16656 ], [ 1.688356, 44.166625 ], [ 1.687289, 44.16692 ], [ 1.68426, 44.167717 ], [ 1.682817, 44.16819 ], [ 1.677365, 44.169727 ], [ 1.677023, 44.169797 ], [ 1.676436, 44.169831 ], [ 1.676193963598492, 44.169838534207045 ], [ 1.6762, 44.169861 ], [ 1.671896, 44.172102 ], [ 1.669911, 44.172238 ], [ 1.667137, 44.172285 ], [ 1.664484, 44.172994 ], [ 1.66024, 44.177594 ], [ 1.660091, 44.180834 ], [ 1.666985, 44.185214 ], [ 1.667533, 44.185085 ], [ 1.669054, 44.184876 ], [ 1.673782, 44.189593 ], [ 1.672806, 44.193059 ], [ 1.666348, 44.193182 ], [ 1.673983, 44.196054 ], [ 1.681697, 44.195589 ] ] ], [ [ [ 1.686992, 44.113866 ], [ 1.685357, 44.112691 ], [ 1.683939, 44.112105 ], [ 1.683258, 44.112549 ], [ 1.682951, 44.112783 ], [ 1.682051, 44.114117 ], [ 1.678263, 44.122206 ], [ 1.670716, 44.12666 ], [ 1.67886, 44.126406 ], [ 1.679308, 44.125978 ], [ 1.682779, 44.121573 ], [ 1.68632, 44.121401 ], [ 1.691775, 44.116061 ], [ 1.692544, 44.116214 ], [ 1.689044, 44.114999 ], [ 1.686992, 44.113866 ] ] ], [ [ [ 1.665299, 44.120989 ], [ 1.665298651081381, 44.120989297673546 ], [ 1.66463, 44.1203 ], [ 1.661943, 44.117528 ], [ 1.659358, 44.120035 ], [ 1.66131, 44.123567 ], [ 1.662031, 44.125141 ], [ 1.663623907930478, 44.125572607592666 ], [ 1.663874, 44.126144 ], [ 1.665056, 44.134178 ], [ 1.663927, 44.126138 ], [ 1.662937, 44.123725 ], [ 1.663499, 44.122563 ], [ 1.665522, 44.121219 ], [ 1.669313, 44.122784 ], [ 1.670716, 44.12666 ], [ 1.670037, 44.122727 ], [ 1.665299, 44.120989 ] ] ], [ [ [ 1.64000959776778, 44.129096277391582 ], [ 1.640009597767782, 44.129096277391582 ], [ 1.640352, 44.1285 ], [ 1.64000959776778, 44.129096277391582 ] ] ], [ [ [ 1.634446, 44.127066 ], [ 1.639041848799261, 44.124246043910802 ], [ 1.639026, 44.124239 ], [ 1.634446, 44.127066 ] ] ], [ [ [ 1.646474, 44.105017 ], [ 1.650273, 44.101332 ], [ 1.657906, 44.101924 ], [ 1.656062, 44.100899 ], [ 1.653833, 44.09968 ], [ 1.648035, 44.099649 ], [ 1.643418, 44.106199 ], [ 1.643111, 44.106344 ], [ 1.642734, 44.106482 ], [ 1.641343, 44.106854 ], [ 1.640024, 44.107419 ], [ 1.639542, 44.107585 ], [ 1.639117, 44.107677 ], [ 1.644754, 44.10818 ], [ 1.646474, 44.105017 ] ] ], [ [ [ 1.665928, 44.106358 ], [ 1.67096, 44.107954 ], [ 1.672461, 44.106865 ], [ 1.670347, 44.103951 ], [ 1.664775, 44.100315 ], [ 1.662647, 44.092786 ], [ 1.661026, 44.089571 ], [ 1.659165, 44.0821 ], [ 1.659024, 44.078503 ], [ 1.66229, 44.070798 ], [ 1.666869, 44.06445 ], [ 1.667309, 44.06396 ], [ 1.668837, 44.061928 ], [ 1.669175, 44.061369 ], [ 1.669462, 44.060823 ], [ 1.666316, 44.056526 ], [ 1.666302, 44.056523 ], [ 1.664471, 44.057195 ], [ 1.655855, 44.059242 ], [ 1.651981, 44.059169 ], [ 1.64941, 44.059784 ], [ 1.645948, 44.060015 ], [ 1.64178785229494, 44.062057135104034 ], [ 1.642315, 44.062129 ], [ 1.650018, 44.063917 ], [ 1.653537, 44.064678 ], [ 1.659427, 44.063244 ], [ 1.660357, 44.064389 ], [ 1.6626, 44.067205 ], [ 1.661985, 44.067813 ], [ 1.661417, 44.068323 ], [ 1.65969, 44.069816 ], [ 1.659291, 44.070062 ], [ 1.659119, 44.070141 ], [ 1.658249, 44.070527 ], [ 1.654237, 44.078243 ], [ 1.652391, 44.081334 ], [ 1.651909, 44.088514 ], [ 1.656714, 44.091981 ], [ 1.658346, 44.09519 ], [ 1.662675, 44.10045 ], [ 1.661754, 44.102817 ], [ 1.660937, 44.103602 ], [ 1.659755, 44.102951 ], [ 1.662823, 44.104642 ], [ 1.665928, 44.106358 ] ] ], [ [ [ 1.63303, 44.050245 ], [ 1.633326, 44.048015 ], [ 1.633525, 44.043266 ], [ 1.632798, 44.042324 ], [ 1.632362, 44.041864 ], [ 1.630398, 44.041601 ], [ 1.629881, 44.042267 ], [ 1.622598, 44.046401 ], [ 1.622804229579068, 44.049650924901698 ], [ 1.625825, 44.047514 ], [ 1.628671, 44.049719 ], [ 1.627483, 44.051252 ], [ 1.626296, 44.052784 ], [ 1.624862, 44.054635 ], [ 1.623428, 44.056486 ], [ 1.623657244722765, 44.058973927223789 ], [ 1.629137, 44.063776 ], [ 1.630151, 44.063468 ], [ 1.633109, 44.061417 ], [ 1.638508, 44.06161 ], [ 1.641320340908779, 44.061993400297247 ], [ 1.636772, 44.057081 ], [ 1.63303, 44.050245 ] ] ], [ [ [ 1.611586, 44.053438 ], [ 1.611448, 44.0539 ], [ 1.610143, 44.056222 ], [ 1.610982, 44.055327 ], [ 1.618781, 44.052497 ], [ 1.622124500238513, 44.050131772616623 ], [ 1.614277, 44.051673 ], [ 1.611586, 44.053438 ] ] ], [ [ [ 1.599802, 44.059152 ], [ 1.594936, 44.061909 ], [ 1.586916, 44.063346 ], [ 1.585054, 44.062149 ], [ 1.584479, 44.061729 ], [ 1.581005, 44.064228 ], [ 1.578093, 44.066343 ], [ 1.571053, 44.071567 ], [ 1.570936139760768, 44.071639632634835 ], [ 1.57251, 44.07169 ], [ 1.5785, 44.069105 ], [ 1.582086, 44.068787 ], [ 1.589225, 44.064746 ], [ 1.589786, 44.06522 ], [ 1.590111, 44.065534 ], [ 1.598785, 44.065628 ], [ 1.60078, 44.062712 ], [ 1.604267, 44.061819 ], [ 1.610143, 44.056222 ], [ 1.603163, 44.057865 ], [ 1.599802, 44.059152 ] ] ], [ [ [ 1.558959, 44.061553 ], [ 1.559926, 44.060604 ], [ 1.561954, 44.059602 ], [ 1.56036, 44.056374 ], [ 1.556622, 44.056822 ], [ 1.54893, 44.055678 ], [ 1.543337, 44.051049 ], [ 1.54263, 44.050677 ], [ 1.542473, 44.050592 ], [ 1.540653, 44.050461 ], [ 1.536267, 44.052124 ], [ 1.52746, 44.051266 ], [ 1.524249, 44.052892 ], [ 1.520697, 44.058047 ], [ 1.513791039013351, 44.05918806455584 ], [ 1.514006, 44.060052 ], [ 1.515057817664407, 44.061802896688647 ], [ 1.516407, 44.061839 ], [ 1.519041, 44.062306 ], [ 1.5269, 44.058214 ], [ 1.530025, 44.057335 ], [ 1.535647, 44.057119 ], [ 1.535981, 44.05718 ], [ 1.541312, 44.062161 ], [ 1.546681, 44.061418 ], [ 1.549579, 44.059094 ], [ 1.550008, 44.058856 ], [ 1.550883, 44.058448 ], [ 1.551658, 44.059204 ], [ 1.551731, 44.059367 ], [ 1.552404, 44.061711 ], [ 1.552972, 44.069695 ], [ 1.556321, 44.071016 ], [ 1.557907, 44.071122 ], [ 1.560728, 44.073166 ], [ 1.560357, 44.076746 ], [ 1.559637, 44.081722 ], [ 1.563424, 44.087695 ], [ 1.567004, 44.088079 ], [ 1.570414, 44.092049 ], [ 1.575158, 44.095235 ], [ 1.577816, 44.095805 ], [ 1.584834, 44.093403 ], [ 1.583833, 44.084554 ], [ 1.578573, 44.080317 ], [ 1.577427, 44.079982 ], [ 1.572395, 44.075288 ], [ 1.569114, 44.075183 ], [ 1.565833, 44.075078 ], [ 1.565896820726497, 44.073081243704863 ], [ 1.561866, 44.069893 ], [ 1.558959, 44.061553 ] ] ], [ [ [ 1.496676, 44.077483 ], [ 1.493309, 44.08392 ], [ 1.490748, 44.085615 ], [ 1.487263, 44.086722 ], [ 1.486507, 44.086879 ], [ 1.482654, 44.087734 ], [ 1.478604285910437, 44.084205816196601 ], [ 1.47603, 44.085819 ], [ 1.472627, 44.089716 ], [ 1.472381, 44.090009 ], [ 1.471712, 44.090697 ], [ 1.470604, 44.090252 ], [ 1.465655, 44.089379 ], [ 1.465135, 44.089471 ], [ 1.464408, 44.089467 ], [ 1.459075, 44.092325 ], [ 1.459075958197092, 44.092331774752878 ], [ 1.464675, 44.098649 ], [ 1.470184, 44.098029 ], [ 1.472716, 44.098658 ], [ 1.473739, 44.099024 ], [ 1.475136, 44.099505 ], [ 1.475505, 44.09967 ], [ 1.476284, 44.100137 ], [ 1.476949, 44.100653 ], [ 1.478585, 44.102623 ], [ 1.479665, 44.10421 ], [ 1.480606, 44.10566 ], [ 1.481191, 44.106247 ], [ 1.482052, 44.106883 ], [ 1.482729, 44.107508 ], [ 1.490204, 44.106847 ], [ 1.490841, 44.103332 ], [ 1.49593, 44.101367 ], [ 1.500293896297932, 44.095168593327038 ], [ 1.497588, 44.090734 ], [ 1.494858, 44.090232 ], [ 1.494303, 44.090252 ], [ 1.494178, 44.086654 ], [ 1.494733, 44.086635 ], [ 1.500132, 44.084369 ], [ 1.502407, 44.077207 ], [ 1.500430795279735, 44.074299659228409 ], [ 1.49614, 44.074913 ], [ 1.494699797526952, 44.075854605731294 ], [ 1.496676, 44.077483 ] ] ], [ [ [ 1.415996, 44.108965 ], [ 1.417307, 44.11113 ], [ 1.419009, 44.114303 ], [ 1.421561, 44.11651 ], [ 1.421916, 44.11669 ], [ 1.426816, 44.122844 ], [ 1.426581, 44.126437 ], [ 1.425543, 44.129218 ], [ 1.422184, 44.13266 ], [ 1.421245, 44.136985 ], [ 1.420091, 44.138981 ], [ 1.412576, 44.142188 ], [ 1.411688, 44.145677 ], [ 1.411693, 44.147503 ], [ 1.413952, 44.150306 ], [ 1.422594, 44.151051 ], [ 1.422802, 44.15117 ], [ 1.424077, 44.151423 ], [ 1.42474, 44.150782 ], [ 1.432857, 44.147624 ], [ 1.433737, 44.148072 ], [ 1.434435, 44.14825 ], [ 1.435025, 44.14833 ], [ 1.435308, 44.146975 ], [ 1.435499811175222, 44.144841944066513 ], [ 1.433349, 44.146135 ], [ 1.432812, 44.146212 ], [ 1.432369, 44.14623 ], [ 1.431889, 44.14617 ], [ 1.424669, 44.144923 ], [ 1.423964, 44.144973 ], [ 1.419978, 44.145131 ], [ 1.419924, 44.145113 ], [ 1.419475, 44.144719 ], [ 1.419412, 44.144661 ], [ 1.418895, 44.143849 ], [ 1.418864, 44.143765 ], [ 1.41909, 44.14236 ], [ 1.419789, 44.141522 ], [ 1.423089, 44.14114 ], [ 1.427449, 44.133443 ], [ 1.428152, 44.132387 ], [ 1.428326, 44.132282 ], [ 1.430336, 44.130577 ], [ 1.431038, 44.122318 ], [ 1.43136, 44.113587 ], [ 1.42532, 44.111712 ], [ 1.422081, 44.111656 ], [ 1.420267, 44.110561 ], [ 1.420681, 44.106984 ], [ 1.421345, 44.104537 ], [ 1.423748, 44.101856 ], [ 1.424683175833025, 44.099065199679394 ], [ 1.423946, 44.098756 ], [ 1.418949, 44.104076 ], [ 1.417447, 44.10367 ], [ 1.41331222099199, 44.103176938617509 ], [ 1.415996, 44.108965 ] ] ], [ [ [ 1.44478, 44.145793 ], [ 1.446775, 44.146033 ], [ 1.448461, 44.144999 ], [ 1.449384725756875, 44.144643089510481 ], [ 1.448769, 44.14431 ], [ 1.446098, 44.143705 ], [ 1.445527, 44.143518 ], [ 1.439209, 44.142612 ], [ 1.435618509170076, 44.144770583480181 ], [ 1.444302, 44.145439 ], [ 1.44478, 44.145793 ] ] ], [ [ [ 1.456311, 44.14839 ], [ 1.450467361965975, 44.145228763832037 ], [ 1.456123, 44.150431 ], [ 1.456311, 44.14839 ] ] ], [ [ [ 1.450526, 44.159782 ], [ 1.448179, 44.157053 ], [ 1.446866, 44.158182 ], [ 1.446158, 44.158999 ], [ 1.441156, 44.16141 ], [ 1.441572, 44.164986 ], [ 1.443883, 44.170826 ], [ 1.436993, 44.175273 ], [ 1.435496, 44.174451 ], [ 1.434936, 44.174102 ], [ 1.434125, 44.173791 ], [ 1.433418, 44.173622 ], [ 1.43219617646349, 44.173357497978685 ], [ 1.43235, 44.173505 ], [ 1.432929, 44.174813 ], [ 1.435713441200007, 44.177935343943311 ], [ 1.442577189637731, 44.17764174035635 ], [ 1.445095, 44.17712 ], [ 1.447125, 44.176291 ], [ 1.446468, 44.167988 ], [ 1.446669, 44.166927 ], [ 1.446879, 44.163627 ], [ 1.449485, 44.161143 ], [ 1.455964, 44.159741 ], [ 1.457137, 44.152573 ], [ 1.456471, 44.15121 ], [ 1.456754, 44.153689 ], [ 1.450526, 44.159782 ] ] ], [ [ [ 1.425221, 44.170549 ], [ 1.421902, 44.170045 ], [ 1.420515, 44.169601 ], [ 1.418646, 44.172678 ], [ 1.421893, 44.179149 ], [ 1.42217, 44.179988 ], [ 1.424187, 44.185579 ], [ 1.425674, 44.188857 ], [ 1.428682, 44.196595 ], [ 1.431487991522952, 44.192868629966853 ], [ 1.430873, 44.186645 ], [ 1.430247, 44.185272 ], [ 1.429618, 44.18327 ], [ 1.426877, 44.179359 ], [ 1.428404, 44.176137 ], [ 1.429616, 44.172747 ], [ 1.42995471139544, 44.172732051488467 ], [ 1.427982, 44.172162 ], [ 1.425221, 44.170549 ] ] ] ] } },
{ "type": "Feature", "properties": { "codgeo": "82037", "value": 1080, "isochrone_group": 18.0, "nb_agences": 2 }, "geometry": { "type": "MultiPolygon", "coordinates": [ [ [ [ 1.402661, 44.191318 ], [ 1.399254, 44.192479 ], [ 1.392514, 44.198413 ], [ 1.391981, 44.19825 ], [ 1.389734, 44.196758 ], [ 1.387814, 44.196572 ], [ 1.384257, 44.198952 ], [ 1.383757, 44.199276 ], [ 1.382732, 44.200061 ], [ 1.384923, 44.202918 ], [ 1.389524, 44.210088 ], [ 1.392235, 44.212457 ], [ 1.399414, 44.216006 ], [ 1.408315, 44.216259 ], [ 1.408964, 44.216401 ], [ 1.409558, 44.2165 ], [ 1.416822, 44.218381 ], [ 1.419606, 44.218272 ], [ 1.420647, 44.217736 ], [ 1.42172, 44.216994 ], [ 1.423169, 44.215905 ], [ 1.429146, 44.214487 ], [ 1.430847, 44.215068 ], [ 1.431976, 44.214853 ], [ 1.439728182364659, 44.215181870001224 ], [ 1.439010799858512, 44.213355706326766 ], [ 1.432908317842122, 44.211655688683251 ], [ 1.431767869346162, 44.211446492299999 ], [ 1.431381, 44.212312 ], [ 1.431301, 44.212369 ], [ 1.429232, 44.21382 ], [ 1.424063, 44.215119 ], [ 1.419408, 44.21379 ], [ 1.416135, 44.212292 ], [ 1.409408, 44.214205 ], [ 1.408955, 44.2144 ], [ 1.406389, 44.21364 ], [ 1.402514, 44.210769 ], [ 1.395641, 44.209158 ], [ 1.392433, 44.202139 ], [ 1.392897, 44.201297 ], [ 1.393128, 44.200964 ], [ 1.393732, 44.200454 ], [ 1.394871, 44.199654 ], [ 1.402673, 44.195524 ], [ 1.403086, 44.195309 ], [ 1.404394, 44.195361 ], [ 1.405391, 44.195611 ], [ 1.40714, 44.197689 ], [ 1.41149919895668, 44.198889280063149 ], [ 1.411973, 44.198581 ], [ 1.413389, 44.197948 ], [ 1.413603500941917, 44.197869738188452 ], [ 1.411048, 44.194217 ], [ 1.409153, 44.191156 ], [ 1.402661, 44.191318 ] ] ], [ [ [ 1.4356, 44.226208 ], [ 1.43492, 44.226123 ], [ 1.433045, 44.225773 ], [ 1.432291, 44.225734 ], [ 1.428337, 44.224737 ], [ 1.427717, 44.224931 ], [ 1.427038, 44.226251 ], [ 1.427085, 44.226662 ], [ 1.427377, 44.22827 ], [ 1.42775, 44.229571 ], [ 1.428016, 44.229979 ], [ 1.428251, 44.230299 ], [ 1.429492, 44.230134 ], [ 1.430388, 44.230161 ], [ 1.436229, 44.236239 ], [ 1.433442, 44.24296 ], [ 1.432298, 44.246374 ], [ 1.427756, 44.254058 ], [ 1.42866, 44.257543 ], [ 1.4368, 44.261103 ], [ 1.44039, 44.260833 ], [ 1.442942, 44.256793 ], [ 1.445278, 44.254054 ], [ 1.451659336801911, 44.253203155093068 ], [ 1.454545089722996, 44.253760067737694 ], [ 1.458943, 44.258949 ], [ 1.461849, 44.261075 ], [ 1.465879542916942, 44.267380509366021 ], [ 1.466014061537755, 44.267069366254944 ], [ 1.465806, 44.264093 ], [ 1.465184, 44.258832 ], [ 1.464852, 44.257057 ], [ 1.457201, 44.253836 ], [ 1.456471, 44.254236 ], [ 1.455259, 44.253664 ], [ 1.447176, 44.252374 ], [ 1.43992, 44.254319 ], [ 1.438011, 44.253247 ], [ 1.437917, 44.253087 ], [ 1.437853, 44.252908 ], [ 1.438185, 44.251165 ], [ 1.439007, 44.249441 ], [ 1.441783, 44.249239 ], [ 1.442207, 44.249139 ], [ 1.443315, 44.248901 ], [ 1.444977, 44.248197 ], [ 1.446724, 44.247459 ], [ 1.447969, 44.240403 ], [ 1.442725, 44.23853 ], [ 1.439772, 44.236471 ], [ 1.436978, 44.22978 ], [ 1.436715213299886, 44.226191912395009 ], [ 1.436458, 44.226211 ], [ 1.4356, 44.226208 ] ] ], [ [ [ 1.465470803695186, 44.268325927868716 ], [ 1.465470803695188, 44.268325927868709 ], [ 1.461468, 44.272923 ], [ 1.465470803695186, 44.268325927868716 ] ] ], [ [ [ 1.458675, 44.280294 ], [ 1.462225, 44.280889 ], [ 1.468943, 44.283963 ], [ 1.469747, 44.286029 ], [ 1.469809, 44.28621 ], [ 1.470684, 44.287077 ], [ 1.470783, 44.287124 ], [ 1.473217, 44.28505 ], [ 1.477095, 44.281743 ], [ 1.481612, 44.280221 ], [ 1.483619, 44.277231 ], [ 1.489305, 44.27115 ], [ 1.496952, 44.275739 ], [ 1.502747, 44.280838 ], [ 1.502871, 44.278673 ], [ 1.498952, 44.272021 ], [ 1.496156, 44.267717 ], [ 1.489284, 44.271152 ], [ 1.481458, 44.273771 ], [ 1.47966, 44.275372 ], [ 1.472349, 44.278345 ], [ 1.464523, 44.280235 ], [ 1.462518, 44.278977 ], [ 1.462097, 44.278709 ], [ 1.461438, 44.277063 ], [ 1.461013, 44.276068 ], [ 1.460881, 44.275525 ], [ 1.460854, 44.274602 ], [ 1.460996, 44.273874 ], [ 1.45878, 44.277927 ], [ 1.458675, 44.280294 ] ] ], [ [ [ 1.499757640421001, 44.332934644706512 ], [ 1.499761, 44.332921 ], [ 1.499757640420999, 44.332934644706512 ], [ 1.499757640421001, 44.332934644706512 ] ] ], [ [ [ 1.495669, 44.347444 ], [ 1.495049172658153, 44.348003678035703 ], [ 1.496266, 44.352032 ], [ 1.495147, 44.354801 ], [ 1.494842, 44.355692 ], [ 1.494608, 44.356532 ], [ 1.494365, 44.357589 ], [ 1.494177, 44.358838 ], [ 1.494129, 44.360556 ], [ 1.494253, 44.362356 ], [ 1.494507155474282, 44.363616529166791 ], [ 1.497171, 44.363682 ], [ 1.497175616126561, 44.363687264003971 ], [ 1.498155, 44.36349 ], [ 1.498549, 44.35598 ], [ 1.499603, 44.353383 ], [ 1.500553, 44.350789 ], [ 1.501102, 44.348622 ], [ 1.5013514312131, 44.347723396133418 ], [ 1.501183, 44.348125 ], [ 1.497619, 44.347614 ], [ 1.497642126833079, 44.347452590242526 ], [ 1.497388, 44.347545 ], [ 1.495669, 44.347444 ] ] ], [ [ [ 1.505379, 44.328845 ], [ 1.504772, 44.329939 ], [ 1.504438, 44.330613 ], [ 1.504141, 44.331269 ], [ 1.503735, 44.332298 ], [ 1.503476, 44.333048 ], [ 1.503502075082285, 44.336394430045715 ], [ 1.503655744498041, 44.333691859543663 ], [ 1.505379, 44.328845 ] ] ], [ [ [ 1.506487879944824, 44.327062923353033 ], [ 1.506033, 44.327775 ], [ 1.506487879944826, 44.327062923353033 ], [ 1.506487879944824, 44.327062923353033 ] ] ], [ [ [ 1.511829, 44.281685 ], [ 1.51182, 44.280663 ], [ 1.511949, 44.279034 ], [ 1.511094, 44.273981 ], [ 1.515679, 44.269958 ], [ 1.515799, 44.269939 ], [ 1.518873, 44.27023 ], [ 1.519053, 44.270249 ], [ 1.520382, 44.269854 ], [ 1.528523, 44.271557 ], [ 1.529691, 44.271104 ], [ 1.536599, 44.273356 ], [ 1.537709, 44.27601 ], [ 1.541203, 44.276878 ], [ 1.548445, 44.278176 ], [ 1.550251, 44.278614 ], [ 1.551597, 44.278792 ], [ 1.552069, 44.275224 ], [ 1.55107, 44.270022 ], [ 1.55107, 44.269785 ], [ 1.555679, 44.262444 ], [ 1.558004, 44.262299 ], [ 1.558589, 44.260927 ], [ 1.561629, 44.25761 ], [ 1.568452, 44.261051 ], [ 1.568758, 44.26176 ], [ 1.571245, 44.260978 ], [ 1.572064, 44.260334 ], [ 1.579506, 44.25671 ], [ 1.579668, 44.256543 ], [ 1.580239, 44.256062 ], [ 1.58356, 44.254174 ], [ 1.588381, 44.261769 ], [ 1.587745, 44.262368 ], [ 1.586298, 44.26352 ], [ 1.585012, 44.264459 ], [ 1.584484, 44.265109 ], [ 1.584234, 44.266119 ], [ 1.584605, 44.26742 ], [ 1.585021, 44.268381 ], [ 1.586018, 44.269063 ], [ 1.58815, 44.269545 ], [ 1.588356, 44.26954 ], [ 1.589203, 44.269288 ], [ 1.590081, 44.268876 ], [ 1.591838, 44.263661 ], [ 1.592243952465665, 44.263394913509899 ], [ 1.592124, 44.263422 ], [ 1.589542, 44.260914 ], [ 1.590957, 44.255342 ], [ 1.58262, 44.252707 ], [ 1.581988, 44.253295 ], [ 1.580249, 44.252251 ], [ 1.572182, 44.255168 ], [ 1.571813, 44.256319 ], [ 1.571275, 44.257261 ], [ 1.570955, 44.257562 ], [ 1.568387, 44.25624 ], [ 1.565756, 44.254632 ], [ 1.558438, 44.257647 ], [ 1.557469, 44.258247 ], [ 1.557267, 44.258371 ], [ 1.555753, 44.258122 ], [ 1.55126, 44.258762 ], [ 1.547419, 44.259648 ], [ 1.54505, 44.266689 ], [ 1.545301, 44.267686 ], [ 1.545565, 44.269354 ], [ 1.544782, 44.271368 ], [ 1.544494, 44.271738 ], [ 1.544078, 44.271781 ], [ 1.542666, 44.271316 ], [ 1.53862, 44.269067 ], [ 1.533384, 44.268066 ], [ 1.526841, 44.268542 ], [ 1.526316, 44.268161 ], [ 1.518936, 44.266247 ], [ 1.517362, 44.266714 ], [ 1.516928, 44.266878 ], [ 1.516195, 44.267199 ], [ 1.51037, 44.268264 ], [ 1.509072, 44.274388 ], [ 1.509162, 44.274798 ], [ 1.50721344497527, 44.280738365454482 ], [ 1.50748, 44.284984 ], [ 1.508696, 44.287867 ], [ 1.509706, 44.29073 ], [ 1.511492, 44.282459 ], [ 1.511829, 44.281685 ] ] ], [ [ [ 1.60981, 44.266774 ], [ 1.61065, 44.266026 ], [ 1.610986, 44.265738 ], [ 1.618344, 44.266493 ], [ 1.61897, 44.270038 ], [ 1.621653, 44.272607 ], [ 1.622448, 44.273486 ], [ 1.622965, 44.273913 ], [ 1.6232, 44.274059 ], [ 1.625101, 44.271002 ], [ 1.62786, 44.264653 ], [ 1.634161, 44.259688 ], [ 1.636728, 44.259068 ], [ 1.63735, 44.257254 ], [ 1.643288, 44.252218 ], [ 1.636972, 44.255835 ], [ 1.633435, 44.255165 ], [ 1.627047, 44.256311 ], [ 1.623313, 44.264177 ], [ 1.623141, 44.264662 ], [ 1.622236, 44.265337 ], [ 1.621737, 44.26537 ], [ 1.613745, 44.263001 ], [ 1.605729, 44.261433 ], [ 1.600733, 44.261478 ], [ 1.596307908101469, 44.262477230880563 ], [ 1.602089, 44.264513 ], [ 1.60981, 44.266774 ] ] ], [ [ [ 1.648855, 44.253052 ], [ 1.650381, 44.252582 ], [ 1.658519, 44.250816 ], [ 1.661578, 44.25045 ], [ 1.662381, 44.250356 ], [ 1.663072, 44.249243 ], [ 1.663098, 44.249167 ], [ 1.661962, 44.246781 ], [ 1.661158, 44.246875 ], [ 1.658091, 44.247241 ], [ 1.655028, 44.247607 ], [ 1.647527, 44.244551 ], [ 1.646628, 44.24341 ], [ 1.646297, 44.243011 ], [ 1.643442, 44.244864 ], [ 1.641741289326724, 44.245782356832279 ], [ 1.642102, 44.24601 ], [ 1.642663, 44.246043 ], [ 1.643435, 44.24631 ], [ 1.648925, 44.248425 ], [ 1.650327, 44.251741 ], [ 1.64762450321574, 44.253284286277314 ], [ 1.647766, 44.253264 ], [ 1.648855, 44.253052 ] ] ], [ [ [ 1.634045, 44.23658 ], [ 1.634179, 44.236118 ], [ 1.634185, 44.235364 ], [ 1.633926, 44.234638 ], [ 1.633168, 44.233061 ], [ 1.636805, 44.226019 ], [ 1.63624, 44.226118 ], [ 1.63373, 44.226963 ], [ 1.631141, 44.234656 ], [ 1.633332, 44.237512 ], [ 1.633667008174061, 44.238354525325235 ], [ 1.63362, 44.237245 ], [ 1.634045, 44.23658 ] ] ], [ [ [ 1.636958510198085, 44.225965237617849 ], [ 1.636805, 44.226019 ], [ 1.636961, 44.225974 ], [ 1.636958510198085, 44.225965237617849 ] ] ], [ [ [ 1.642705, 44.224328 ], [ 1.642915, 44.224283 ], [ 1.646121, 44.2207 ], [ 1.646178, 44.220254 ], [ 1.646149, 44.219583 ], [ 1.645987, 44.218835 ], [ 1.645524, 44.217499 ], [ 1.646957, 44.211043 ], [ 1.650331, 44.209555 ], [ 1.650904, 44.209451 ], [ 1.651292, 44.20932 ], [ 1.652628, 44.208736 ], [ 1.651187, 44.205438 ], [ 1.652475, 44.196822 ], [ 1.656105, 44.197442 ], [ 1.65633, 44.197409 ], [ 1.658767, 44.195886 ], [ 1.658953, 44.195798 ], [ 1.66083, 44.195032 ], [ 1.659911, 44.19519 ], [ 1.6593, 44.191642 ], [ 1.656681, 44.188728 ], [ 1.648374, 44.191747 ], [ 1.648357, 44.195347 ], [ 1.643147, 44.199868 ], [ 1.644871, 44.208152 ], [ 1.646551, 44.211336 ], [ 1.644039, 44.21582 ], [ 1.641292, 44.218146 ], [ 1.638392, 44.224986 ], [ 1.637895, 44.225458 ], [ 1.637259, 44.22586 ], [ 1.642264, 44.224386 ], [ 1.642705, 44.224328 ] ] ], [ [ [ 1.670392, 44.19924 ], [ 1.670521, 44.199729 ], [ 1.67201, 44.20045 ], [ 1.672602, 44.20037 ], [ 1.673012, 44.20009 ], [ 1.674001, 44.198807 ], [ 1.682045, 44.197988 ], [ 1.683464, 44.197869 ], [ 1.691724, 44.198449 ], [ 1.695969, 44.199822 ], [ 1.69669, 44.198316 ], [ 1.697329, 44.196489 ], [ 1.696014, 44.195952 ], [ 1.690829, 44.192308 ], [ 1.684422, 44.190416 ], [ 1.683125, 44.187058 ], [ 1.680874, 44.184864 ], [ 1.678464, 44.18219 ], [ 1.680048169885503, 44.179453276557595 ], [ 1.682161, 44.176802 ], [ 1.684584, 44.175709 ], [ 1.687625, 44.175465 ], [ 1.695574, 44.171856 ], [ 1.695803, 44.171003 ], [ 1.702114, 44.164836 ], [ 1.703795, 44.164077 ], [ 1.711858, 44.166203 ], [ 1.714182, 44.166675 ], [ 1.714386, 44.166407 ], [ 1.714663, 44.165907 ], [ 1.722796, 44.162285 ], [ 1.725806, 44.162586 ], [ 1.731739, 44.157586 ], [ 1.73627, 44.155317 ], [ 1.737507, 44.151936 ], [ 1.737025, 44.151759 ], [ 1.736474, 44.151636 ], [ 1.736029, 44.151611 ], [ 1.734387, 44.151845 ], [ 1.733653, 44.151976 ], [ 1.73296, 44.152129 ], [ 1.73252, 44.152255 ], [ 1.73202, 44.152444 ], [ 1.731635, 44.152637 ], [ 1.728524, 44.154047 ], [ 1.720449, 44.155477 ], [ 1.721235, 44.155611 ], [ 1.724592, 44.155785 ], [ 1.726811, 44.15862 ], [ 1.7264, 44.158942 ], [ 1.726049, 44.159183 ], [ 1.725563, 44.159425 ], [ 1.72489, 44.159599 ], [ 1.723152, 44.159668 ], [ 1.715909, 44.162107 ], [ 1.71439, 44.162621 ], [ 1.70593, 44.163209 ], [ 1.705158, 44.163648 ], [ 1.704626, 44.16384 ], [ 1.703926, 44.164042 ], [ 1.697751, 44.164123 ], [ 1.693589, 44.168045 ], [ 1.693462, 44.16824 ], [ 1.685911, 44.172689 ], [ 1.685091, 44.173755 ], [ 1.678910461262719, 44.171495542737595 ], [ 1.67666, 44.173498 ], [ 1.674031, 44.173872 ], [ 1.670449, 44.173475 ], [ 1.666007, 44.180506 ], [ 1.672344, 44.183996 ], [ 1.672997, 44.18391 ], [ 1.673607, 44.183905 ], [ 1.67417, 44.183906 ], [ 1.674318, 44.187503 ], [ 1.679728, 44.191136 ], [ 1.680714, 44.191568 ], [ 1.68268, 44.192126 ], [ 1.682404, 44.193544 ], [ 1.681697, 44.195589 ], [ 1.673983, 44.196054 ], [ 1.666348, 44.193182 ], [ 1.663161898352609, 44.194231885672622 ], [ 1.670319, 44.198785 ], [ 1.670392, 44.19924 ] ] ], [ [ [ 1.7064, 44.14996 ], [ 1.705846, 44.144254 ], [ 1.706484, 44.138166 ], [ 1.706392, 44.137984 ], [ 1.70999, 44.129871 ], [ 1.710615, 44.129443 ], [ 1.712113, 44.1284 ], [ 1.715926, 44.12641 ], [ 1.716446, 44.126172 ], [ 1.717249, 44.125602 ], [ 1.717557, 44.12525 ], [ 1.717779, 44.124889 ], [ 1.718943, 44.12246 ], [ 1.719417, 44.120249 ], [ 1.719478, 44.119872 ], [ 1.717228, 44.117656 ], [ 1.716819, 44.117895 ], [ 1.713004, 44.120412 ], [ 1.70708, 44.115709 ], [ 1.706564, 44.11371 ], [ 1.706411, 44.113251 ], [ 1.704769, 44.112481 ], [ 1.704522, 44.112494 ], [ 1.699378, 44.112406 ], [ 1.698288, 44.113294 ], [ 1.692544, 44.116214 ], [ 1.698374, 44.116094 ], [ 1.703495, 44.117135 ], [ 1.704619, 44.117556 ], [ 1.70653, 44.119072 ], [ 1.713571, 44.123262 ], [ 1.714998, 44.126569 ], [ 1.714942, 44.126594 ], [ 1.714662, 44.126692 ], [ 1.712993, 44.127413 ], [ 1.71192, 44.12787 ], [ 1.711258, 44.128126 ], [ 1.710682, 44.128303 ], [ 1.707312, 44.129857 ], [ 1.706791, 44.130073 ], [ 1.702512, 44.137928 ], [ 1.702693, 44.138556 ], [ 1.703154, 44.141675 ], [ 1.699592, 44.142202 ], [ 1.697373, 44.137676 ], [ 1.697053, 44.137405 ], [ 1.696639, 44.136839 ], [ 1.694605056579678, 44.134927810260841 ], [ 1.689767, 44.13422 ], [ 1.685780124387432, 44.139181576778675 ], [ 1.687089, 44.142094 ], [ 1.68993, 44.148342 ], [ 1.690346, 44.151918 ], [ 1.698255, 44.155717 ], [ 1.70103, 44.153424 ], [ 1.708708, 44.152006 ], [ 1.710586, 44.152843 ], [ 1.712465, 44.15368 ], [ 1.71032, 44.152724 ], [ 1.7064, 44.14996 ] ] ], [ [ [ 1.685382, 44.110927 ], [ 1.682362, 44.103549 ], [ 1.680991, 44.10022 ], [ 1.679636, 44.100778 ], [ 1.679269, 44.100897 ], [ 1.678852, 44.101017 ], [ 1.677496, 44.101477 ], [ 1.677121, 44.101635 ], [ 1.669746, 44.101518 ], [ 1.667759, 44.100103 ], [ 1.668277, 44.091549 ], [ 1.667395, 44.088059 ], [ 1.663359, 44.080034 ], [ 1.663117, 44.079119 ], [ 1.662573, 44.078426 ], [ 1.66172, 44.077924 ], [ 1.660522586479074, 44.074967602320491 ], [ 1.659024, 44.078503 ], [ 1.659165, 44.0821 ], [ 1.661026, 44.089571 ], [ 1.662647, 44.092786 ], [ 1.664775, 44.100315 ], [ 1.670347, 44.103951 ], [ 1.672461, 44.106865 ], [ 1.67096, 44.107954 ], [ 1.665928, 44.106358 ], [ 1.662823, 44.104642 ], [ 1.659755, 44.102951 ], [ 1.657906, 44.101924 ], [ 1.650273, 44.101332 ], [ 1.646474, 44.105017 ], [ 1.644754, 44.10818 ], [ 1.639117, 44.107677 ], [ 1.636531, 44.108096 ], [ 1.634576, 44.107893 ], [ 1.628666, 44.114256 ], [ 1.629361, 44.11536 ], [ 1.62947, 44.116035 ], [ 1.628599, 44.117787 ], [ 1.626961, 44.118775 ], [ 1.619208, 44.120883 ], [ 1.61808, 44.123019 ], [ 1.622763, 44.129396 ], [ 1.626908, 44.129108 ], [ 1.630745, 44.1286 ], [ 1.632784, 44.127472 ], [ 1.633962, 44.127133 ], [ 1.634446, 44.127066 ], [ 1.639026, 44.124239 ], [ 1.639395, 44.124403 ], [ 1.640432, 44.125567 ], [ 1.640634, 44.126425 ], [ 1.640516, 44.127842 ], [ 1.640352, 44.1285 ], [ 1.639884, 44.129315 ], [ 1.638792, 44.130045 ], [ 1.637335, 44.1304 ], [ 1.633921, 44.137591 ], [ 1.638613, 44.141318 ], [ 1.642211, 44.141401 ], [ 1.645372, 44.140532 ], [ 1.646284, 44.139883 ], [ 1.648764, 44.138894 ], [ 1.649013, 44.138847 ], [ 1.651708, 44.138339 ], [ 1.652689, 44.138164 ], [ 1.653717, 44.138083 ], [ 1.655222, 44.138094 ], [ 1.655956, 44.138257 ], [ 1.658088, 44.138532 ], [ 1.665056, 44.134178 ], [ 1.663874, 44.126144 ], [ 1.663623907930478, 44.125572607592666 ], [ 1.662031, 44.125141 ], [ 1.66131, 44.123567 ], [ 1.659358, 44.120035 ], [ 1.661943, 44.117528 ], [ 1.66463, 44.1203 ], [ 1.665298651081381, 44.120989297673546 ], [ 1.665299, 44.120989 ], [ 1.670037, 44.122727 ], [ 1.670716, 44.12666 ], [ 1.678263, 44.122206 ], [ 1.682051, 44.114117 ], [ 1.682951, 44.112783 ], [ 1.683258, 44.112549 ], [ 1.683939, 44.112105 ], [ 1.685357, 44.112691 ], [ 1.686992, 44.113866 ], [ 1.689044, 44.114999 ], [ 1.692544, 44.116214 ], [ 1.688281, 44.11306 ], [ 1.685382, 44.110927 ] ] ], [ [ [ 1.666869, 44.06445 ], [ 1.66229, 44.070798 ], [ 1.661942936818771, 44.071616775814874 ], [ 1.66229, 44.070962 ], [ 1.666869, 44.06445 ] ] ], [ [ [ 1.6736, 44.057461 ], [ 1.672958, 44.055387 ], [ 1.671533, 44.053883 ], [ 1.671481, 44.05387 ], [ 1.669943, 44.054113 ], [ 1.662337, 44.05195 ], [ 1.661743, 44.052104 ], [ 1.661101, 44.052359 ], [ 1.655377, 44.054633 ], [ 1.652383, 44.056632 ], [ 1.652035, 44.0573 ], [ 1.648804536054503, 44.059824399240739 ], [ 1.64941, 44.059784 ], [ 1.651981, 44.059169 ], [ 1.655855, 44.059242 ], [ 1.664471, 44.057195 ], [ 1.666302, 44.056523 ], [ 1.666316, 44.056526 ], [ 1.669462, 44.060823 ], [ 1.669175, 44.061369 ], [ 1.668837, 44.061928 ], [ 1.667309, 44.06396 ], [ 1.673286, 44.058281 ], [ 1.6736, 44.057461 ] ] ], [ [ [ 1.638339, 44.049005 ], [ 1.638757, 44.047401 ], [ 1.636189, 44.041321 ], [ 1.638168, 44.038314 ], [ 1.639566, 44.037075 ], [ 1.63731, 44.03427 ], [ 1.635747, 44.035526 ], [ 1.628146, 44.037372 ], [ 1.626145, 44.039411 ], [ 1.62013, 44.043273 ], [ 1.616791, 44.044334 ], [ 1.610108, 44.048205 ], [ 1.609657, 44.048718 ], [ 1.609309, 44.049155 ], [ 1.601171, 44.052714 ], [ 1.600968, 44.052667 ], [ 1.598763, 44.054902 ], [ 1.598126, 44.056876 ], [ 1.59344, 44.061541 ], [ 1.589871, 44.061071 ], [ 1.583939, 44.059153 ], [ 1.580922, 44.058637 ], [ 1.580605, 44.058573 ], [ 1.579463, 44.058419 ], [ 1.574363, 44.065261 ], [ 1.57128, 44.06712 ], [ 1.570035623236211, 44.069065007233945 ], [ 1.567733, 44.067584 ], [ 1.566927, 44.066598 ], [ 1.56797, 44.057834 ], [ 1.570198, 44.05517 ], [ 1.570901, 44.054634 ], [ 1.570301, 44.052389 ], [ 1.569689, 44.051848 ], [ 1.568721, 44.05177 ], [ 1.566228, 44.052883 ], [ 1.559585, 44.05263 ], [ 1.55773, 44.053024 ], [ 1.557692, 44.053031 ], [ 1.55625, 44.053313 ], [ 1.553866, 44.053771 ], [ 1.548015, 44.052679 ], [ 1.549163, 44.045498 ], [ 1.549148, 44.044377 ], [ 1.547408, 44.042355 ], [ 1.542742, 44.044251 ], [ 1.536416, 44.048651 ], [ 1.532082, 44.0471 ], [ 1.52866, 44.045985 ], [ 1.527061, 44.04591 ], [ 1.524314, 44.045698 ], [ 1.523937, 44.045672 ], [ 1.522589, 44.046674 ], [ 1.522571, 44.046711 ], [ 1.518999, 44.054256 ], [ 1.518673136567615, 44.054470101696857 ], [ 1.518432, 44.055144 ], [ 1.518277700772502, 44.058446738226714 ], [ 1.520697, 44.058047 ], [ 1.524249, 44.052892 ], [ 1.52746, 44.051266 ], [ 1.536267, 44.052124 ], [ 1.540653, 44.050461 ], [ 1.542473, 44.050592 ], [ 1.54263, 44.050677 ], [ 1.543337, 44.051049 ], [ 1.54893, 44.055678 ], [ 1.556622, 44.056822 ], [ 1.56036, 44.056374 ], [ 1.561954, 44.059602 ], [ 1.559926, 44.060604 ], [ 1.558959, 44.061553 ], [ 1.561866, 44.069893 ], [ 1.567093633000363, 44.07402788198452 ], [ 1.571053, 44.071567 ], [ 1.578093, 44.066343 ], [ 1.581005, 44.064228 ], [ 1.584479, 44.061729 ], [ 1.585054, 44.062149 ], [ 1.586916, 44.063346 ], [ 1.594936, 44.061909 ], [ 1.599802, 44.059152 ], [ 1.603163, 44.057865 ], [ 1.610143, 44.056222 ], [ 1.611448, 44.0539 ], [ 1.611586, 44.053438 ], [ 1.614277, 44.051673 ], [ 1.622807459065128, 44.049997641388416 ], [ 1.622825368142337, 44.049984042699165 ], [ 1.622598, 44.046401 ], [ 1.629881, 44.042267 ], [ 1.630398, 44.041601 ], [ 1.632362, 44.041864 ], [ 1.632798, 44.042324 ], [ 1.633525, 44.043266 ], [ 1.633326, 44.048015 ], [ 1.63303, 44.050245 ], [ 1.636772, 44.057081 ], [ 1.641499976707234, 44.062187414547175 ], [ 1.641522978715243, 44.062187156361361 ], [ 1.645948, 44.060015 ], [ 1.647930232413403, 44.059882736658736 ], [ 1.642532, 44.055642 ], [ 1.638339, 44.049005 ] ] ], [ [ [ 1.486507, 44.086879 ], [ 1.487263, 44.086722 ], [ 1.490748, 44.085615 ], [ 1.493309, 44.08392 ], [ 1.495436420188381, 44.079852817418278 ], [ 1.494057, 44.0807 ], [ 1.492992, 44.080585 ], [ 1.487411, 44.082398 ], [ 1.485383631677131, 44.087128281057886 ], [ 1.486507, 44.086879 ] ] ], [ [ [ 1.412872, 44.107391 ], [ 1.412998, 44.113511 ], [ 1.413725, 44.117037 ], [ 1.415469, 44.116753 ], [ 1.41936, 44.117818 ], [ 1.421248, 44.125808 ], [ 1.417014, 44.130992 ], [ 1.416826, 44.134587 ], [ 1.410186, 44.139824 ], [ 1.406818, 44.139498 ], [ 1.402323, 44.137967 ], [ 1.402276, 44.137938 ], [ 1.400476, 44.137957 ], [ 1.400381, 44.138021 ], [ 1.400418, 44.141022 ], [ 1.400465, 44.141051 ], [ 1.402868, 44.142498 ], [ 1.405514, 44.145127 ], [ 1.406774, 44.151347 ], [ 1.407593, 44.154853 ], [ 1.408941, 44.154538 ], [ 1.41684, 44.156561 ], [ 1.420267, 44.155456 ], [ 1.427391, 44.152716 ], [ 1.428239, 44.152969 ], [ 1.429254, 44.153116 ], [ 1.432688, 44.148314 ], [ 1.433465968186996, 44.147934020167924 ], [ 1.432857, 44.147624 ], [ 1.42474, 44.150782 ], [ 1.424077, 44.151423 ], [ 1.422802, 44.15117 ], [ 1.422594, 44.151051 ], [ 1.413952, 44.150306 ], [ 1.411693, 44.147503 ], [ 1.411688, 44.145677 ], [ 1.412576, 44.142188 ], [ 1.420091, 44.138981 ], [ 1.421245, 44.136985 ], [ 1.422184, 44.13266 ], [ 1.425543, 44.129218 ], [ 1.426581, 44.126437 ], [ 1.426816, 44.122844 ], [ 1.421916, 44.11669 ], [ 1.421561, 44.11651 ], [ 1.419009, 44.114303 ], [ 1.417307, 44.11113 ], [ 1.415996, 44.108965 ], [ 1.413775178930867, 44.104175392275472 ], [ 1.411782212743334, 44.104449705674035 ], [ 1.412872, 44.107391 ] ] ], [ [ [ 1.446872, 44.154519 ], [ 1.444495173465161, 44.159564011025772 ], [ 1.442151817567992, 44.160930008765206 ], [ 1.446158, 44.158999 ], [ 1.446866, 44.158182 ], [ 1.448179, 44.157053 ], [ 1.450526, 44.159782 ], [ 1.456754, 44.153689 ], [ 1.456471, 44.15121 ], [ 1.456123, 44.150431 ], [ 1.449699, 44.144522 ], [ 1.448461, 44.144999 ], [ 1.446775, 44.146033 ], [ 1.44478, 44.145793 ], [ 1.444302, 44.145439 ], [ 1.435507, 44.144762 ], [ 1.435308, 44.146975 ], [ 1.435291959202337, 44.147051803112483 ], [ 1.44361, 44.149697 ], [ 1.446872, 44.154519 ] ] ], [ [ [ 1.437939, 44.161972 ], [ 1.43628, 44.162219 ], [ 1.436133, 44.165816 ], [ 1.431889, 44.173291 ], [ 1.433418, 44.173622 ], [ 1.434125, 44.173791 ], [ 1.434936, 44.174102 ], [ 1.435496, 44.174451 ], [ 1.436993, 44.175273 ], [ 1.443883, 44.170826 ], [ 1.441572, 44.164986 ], [ 1.441156, 44.16141 ], [ 1.441214757955096, 44.161381678242734 ], [ 1.440424, 44.161499 ], [ 1.437939, 44.161972 ] ] ], [ [ [ 1.424965, 44.16497 ], [ 1.423207, 44.165382 ], [ 1.422562, 44.16566 ], [ 1.421919, 44.166237 ], [ 1.419502, 44.168127 ], [ 1.418961, 44.168532 ], [ 1.41816, 44.169372 ], [ 1.4179, 44.169705 ], [ 1.417543, 44.170711 ], [ 1.417995, 44.172116 ], [ 1.418444, 44.172539 ], [ 1.419461, 44.181374 ], [ 1.418641, 44.187263 ], [ 1.419623, 44.190727 ], [ 1.421078136678661, 44.198930154115693 ], [ 1.421772, 44.199096 ], [ 1.42392, 44.198654 ], [ 1.42557, 44.197973 ], [ 1.428682, 44.196595 ], [ 1.425674, 44.188857 ], [ 1.424187, 44.185579 ], [ 1.42217, 44.179988 ], [ 1.421893, 44.179149 ], [ 1.418646, 44.172678 ], [ 1.420515, 44.169601 ], [ 1.421902, 44.170045 ], [ 1.425221, 44.170549 ], [ 1.427982, 44.172162 ], [ 1.431889, 44.173291 ], [ 1.427777, 44.170012 ], [ 1.424965, 44.16497 ] ] ], [ [ [ 1.499300159574816, 44.334317198773213 ], [ 1.498823808610243, 44.334902415263265 ], [ 1.499197, 44.334843 ], [ 1.499300159574816, 44.334317198773213 ] ] ] ] } },
{ "type": "Feature", "properties": { "codgeo": "82037", "value": 1140, "isochrone_group": 19.0, "nb_agences": 2 }, "geometry": { "type": "MultiPolygon", "coordinates": [ [ [ [ 1.402061, 44.190143 ], [ 1.401473, 44.189621 ], [ 1.401105, 44.189417 ], [ 1.400287, 44.189047 ], [ 1.398905, 44.188416 ], [ 1.398421, 44.188251 ], [ 1.39694, 44.187938 ], [ 1.396604, 44.18793 ], [ 1.396522, 44.191529 ], [ 1.387825, 44.193822 ], [ 1.38476, 44.192615 ], [ 1.382424, 44.195355 ], [ 1.374658, 44.198623 ], [ 1.373372, 44.199458 ], [ 1.373069, 44.19968 ], [ 1.372152, 44.201207 ], [ 1.37318, 44.202205 ], [ 1.375538, 44.203613 ], [ 1.377145, 44.204157 ], [ 1.380195, 44.205319 ], [ 1.384008, 44.208044 ], [ 1.385225, 44.213576 ], [ 1.38848, 44.215114 ], [ 1.395417, 44.218638 ], [ 1.398644, 44.216469 ], [ 1.399793052002973, 44.21601677408794 ], [ 1.399414, 44.216006 ], [ 1.392235, 44.212457 ], [ 1.389524, 44.210088 ], [ 1.384923, 44.202918 ], [ 1.382732, 44.200061 ], [ 1.383757, 44.199276 ], [ 1.384257, 44.198952 ], [ 1.387814, 44.196572 ], [ 1.389734, 44.196758 ], [ 1.391981, 44.19825 ], [ 1.392514, 44.198413 ], [ 1.399254, 44.192479 ], [ 1.402661, 44.191318 ], [ 1.402854146372623, 44.191313180266128 ], [ 1.402413, 44.190676 ], [ 1.402061, 44.190143 ] ] ], [ [ [ 1.407739, 44.220268 ], [ 1.408093, 44.220561 ], [ 1.409599, 44.220996 ], [ 1.410645, 44.22095 ], [ 1.417541, 44.22264 ], [ 1.418663, 44.221857 ], [ 1.419524, 44.22115 ], [ 1.420218, 44.220479 ], [ 1.420959, 44.21991 ], [ 1.423169, 44.215905 ], [ 1.42172, 44.216994 ], [ 1.420647, 44.217736 ], [ 1.419606, 44.218272 ], [ 1.416822, 44.218381 ], [ 1.409558, 44.2165 ], [ 1.408964, 44.216401 ], [ 1.408315, 44.216259 ], [ 1.401879776361505, 44.216076086666604 ], [ 1.407091, 44.219678 ], [ 1.407739, 44.220268 ] ] ], [ [ [ 1.432106, 44.21647 ], [ 1.432646, 44.216116 ], [ 1.433361, 44.215246 ], [ 1.441716, 44.217642 ], [ 1.441104, 44.216162 ], [ 1.440957, 44.215234 ], [ 1.431976, 44.214853 ], [ 1.430847, 44.215068 ], [ 1.429146, 44.214487 ], [ 1.423169, 44.215905 ], [ 1.430078, 44.215019 ], [ 1.432106, 44.21647 ] ] ], [ [ [ 1.427289931420211, 44.227797271722167 ], [ 1.425393, 44.229077 ], [ 1.424399, 44.229832 ], [ 1.424364, 44.229884 ], [ 1.424026, 44.230934 ], [ 1.424026, 44.23104 ], [ 1.424401, 44.231966 ], [ 1.426208, 44.238112 ], [ 1.42614, 44.241711 ], [ 1.428634, 44.243635 ], [ 1.43025, 44.247572 ], [ 1.424374, 44.252614 ], [ 1.4242, 44.252768 ], [ 1.418708, 44.256197 ], [ 1.418032, 44.258034 ], [ 1.417865, 44.258892 ], [ 1.41799, 44.259725 ], [ 1.419132, 44.260067 ], [ 1.419422, 44.260137 ], [ 1.41991, 44.260227 ], [ 1.425094, 44.261309 ], [ 1.430133, 44.260833 ], [ 1.436712, 44.266893 ], [ 1.436965, 44.267474 ], [ 1.437211, 44.267852 ], [ 1.439037, 44.267946 ], [ 1.439492, 44.267886 ], [ 1.440282, 44.267539 ], [ 1.44034, 44.267498 ], [ 1.441102, 44.266697 ], [ 1.441185, 44.266058 ], [ 1.441224, 44.265248 ], [ 1.441169, 44.264066 ], [ 1.448488, 44.259568 ], [ 1.45528, 44.261897 ], [ 1.457636, 44.264619 ], [ 1.466055, 44.267655 ], [ 1.461849, 44.261075 ], [ 1.458943, 44.258949 ], [ 1.454545089722996, 44.253760067737694 ], [ 1.451659336801911, 44.253203155093068 ], [ 1.445278, 44.254054 ], [ 1.442942, 44.256793 ], [ 1.44039, 44.260833 ], [ 1.4368, 44.261103 ], [ 1.42866, 44.257543 ], [ 1.427756, 44.254058 ], [ 1.432298, 44.246374 ], [ 1.433442, 44.24296 ], [ 1.436229, 44.236239 ], [ 1.430388, 44.230161 ], [ 1.429492, 44.230134 ], [ 1.428251, 44.230299 ], [ 1.428016, 44.229979 ], [ 1.42775, 44.229571 ], [ 1.427377, 44.22827 ], [ 1.427202384619332, 44.227308419410562 ], [ 1.4272, 44.227309 ], [ 1.427289931420211, 44.227797271722167 ] ] ], [ [ [ 1.458073, 44.273724 ], [ 1.45684, 44.279983 ], [ 1.458075, 44.284034 ], [ 1.459813, 44.285592 ], [ 1.460421, 44.285585 ], [ 1.461216, 44.285291 ], [ 1.461495, 44.285105 ], [ 1.468291, 44.286795 ], [ 1.468805, 44.290358 ], [ 1.468807, 44.294427 ], [ 1.46827, 44.29717 ], [ 1.471803, 44.297862 ], [ 1.47234, 44.295119 ], [ 1.472878, 44.292377 ], [ 1.47452, 44.28885 ], [ 1.477174, 44.285933 ], [ 1.485532, 44.284921 ], [ 1.486598, 44.286253 ], [ 1.489408, 44.284002 ], [ 1.496685, 44.279032 ], [ 1.497219, 44.279404 ], [ 1.497828, 44.279786 ], [ 1.498866, 44.280435 ], [ 1.504164, 44.286385 ], [ 1.503225, 44.283917 ], [ 1.502747, 44.280838 ], [ 1.496952, 44.275739 ], [ 1.489305, 44.27115 ], [ 1.483619, 44.277231 ], [ 1.481612, 44.280221 ], [ 1.477095, 44.281743 ], [ 1.473217, 44.28505 ], [ 1.470783, 44.287124 ], [ 1.470684, 44.287077 ], [ 1.469809, 44.28621 ], [ 1.469747, 44.286029 ], [ 1.468943, 44.283963 ], [ 1.462225, 44.280889 ], [ 1.458675, 44.280294 ], [ 1.45878, 44.277927 ], [ 1.460996, 44.273874 ], [ 1.461257, 44.273268 ], [ 1.461468, 44.272923 ], [ 1.458997, 44.273662 ], [ 1.458073, 44.273724 ] ] ], [ [ [ 1.517862, 44.287444 ], [ 1.518069, 44.287445 ], [ 1.519547, 44.285756 ], [ 1.51955, 44.285693 ], [ 1.518338, 44.283901 ], [ 1.518089, 44.283845 ], [ 1.517279, 44.283596 ], [ 1.514757, 44.281874 ], [ 1.51318, 44.273592 ], [ 1.518792, 44.271985 ], [ 1.519509, 44.272035 ], [ 1.523245, 44.272604 ], [ 1.525177, 44.27378 ], [ 1.526382, 44.274371 ], [ 1.531807, 44.281084 ], [ 1.53467, 44.283267 ], [ 1.538989, 44.280304 ], [ 1.546691, 44.28033 ], [ 1.549409, 44.282454 ], [ 1.549809, 44.282323 ], [ 1.550191, 44.282137 ], [ 1.558876, 44.28239 ], [ 1.564198, 44.282422 ], [ 1.565017, 44.278917 ], [ 1.562453, 44.278317 ], [ 1.561958, 44.278252 ], [ 1.55936, 44.277423 ], [ 1.558626, 44.277107 ], [ 1.55383, 44.271744 ], [ 1.558556, 44.267154 ], [ 1.558622, 44.267126 ], [ 1.559116, 44.264233 ], [ 1.562732175362283, 44.258166357382628 ], [ 1.561629, 44.25761 ], [ 1.558589, 44.260927 ], [ 1.558004, 44.262299 ], [ 1.555679, 44.262444 ], [ 1.55107, 44.269785 ], [ 1.55107, 44.270022 ], [ 1.552069, 44.275224 ], [ 1.551597, 44.278792 ], [ 1.550251, 44.278614 ], [ 1.548445, 44.278176 ], [ 1.541203, 44.276878 ], [ 1.537709, 44.27601 ], [ 1.536599, 44.273356 ], [ 1.529691, 44.271104 ], [ 1.528523, 44.271557 ], [ 1.520382, 44.269854 ], [ 1.519053, 44.270249 ], [ 1.518873, 44.27023 ], [ 1.515799, 44.269939 ], [ 1.515679, 44.269958 ], [ 1.511094, 44.273981 ], [ 1.511949, 44.279034 ], [ 1.51182, 44.280663 ], [ 1.511829, 44.281685 ], [ 1.511492, 44.282459 ], [ 1.509706, 44.29073 ], [ 1.517167, 44.287305 ], [ 1.517862, 44.287444 ] ] ], [ [ [ 1.569183, 44.265617 ], [ 1.569757, 44.265675 ], [ 1.570571, 44.265597 ], [ 1.571594, 44.265128 ], [ 1.57193, 44.264867 ], [ 1.572482, 44.264395 ], [ 1.572606, 44.263368 ], [ 1.572734, 44.262821 ], [ 1.576842, 44.258858 ], [ 1.582882, 44.264738 ], [ 1.581691, 44.268135 ], [ 1.580855, 44.272347 ], [ 1.580659, 44.273403 ], [ 1.580789, 44.274087 ], [ 1.581662, 44.276422 ], [ 1.585034, 44.275161 ], [ 1.591991, 44.271935 ], [ 1.597594, 44.268284 ], [ 1.603302, 44.269364 ], [ 1.606337, 44.269517 ], [ 1.60683, 44.269164 ], [ 1.607451, 44.268745 ], [ 1.608713, 44.267845 ], [ 1.608988, 44.267646 ], [ 1.616318267436589, 44.267273161692593 ], [ 1.61683327409954, 44.267421432294164 ], [ 1.618963426595919, 44.270000775211699 ], [ 1.618344, 44.266493 ], [ 1.610986, 44.265738 ], [ 1.61065, 44.266026 ], [ 1.60981, 44.266774 ], [ 1.602089, 44.264513 ], [ 1.594769118990065, 44.261935357578878 ], [ 1.593680965951598, 44.262453005510736 ], [ 1.591838, 44.263661 ], [ 1.590081, 44.268876 ], [ 1.589203, 44.269288 ], [ 1.588356, 44.26954 ], [ 1.58815, 44.269545 ], [ 1.586018, 44.269063 ], [ 1.585021, 44.268381 ], [ 1.584605, 44.26742 ], [ 1.584234, 44.266119 ], [ 1.584484, 44.265109 ], [ 1.585012, 44.264459 ], [ 1.586298, 44.26352 ], [ 1.587745, 44.262368 ], [ 1.588381, 44.261769 ], [ 1.58356, 44.254174 ], [ 1.580239, 44.256062 ], [ 1.579668, 44.256543 ], [ 1.579506, 44.25671 ], [ 1.572064, 44.260334 ], [ 1.571245, 44.260978 ], [ 1.568758, 44.26176 ], [ 1.568452, 44.261051 ], [ 1.563073508231872, 44.258338499608072 ], [ 1.568406, 44.262101 ], [ 1.569183, 44.265617 ] ] ], [ [ [ 1.622240329567704, 44.273256387031473 ], [ 1.621653, 44.272607 ], [ 1.622234, 44.273262 ], [ 1.622240329567704, 44.273256387031473 ] ] ], [ [ [ 1.626535, 44.280687 ], [ 1.626946, 44.281278 ], [ 1.627253, 44.281602 ], [ 1.628848, 44.280699 ], [ 1.629492, 44.280261 ], [ 1.629673, 44.280079 ], [ 1.629864, 44.279124 ], [ 1.629931, 44.272761 ], [ 1.634067, 44.265655 ], [ 1.6347, 44.262111 ], [ 1.635939833287097, 44.25925836360031 ], [ 1.634161, 44.259688 ], [ 1.62786, 44.264653 ], [ 1.625101, 44.271002 ], [ 1.6232, 44.274059 ], [ 1.622965, 44.273913 ], [ 1.622448, 44.273486 ], [ 1.625543, 44.278741 ], [ 1.626535, 44.280687 ] ] ], [ [ [ 1.658517540712436, 44.25081645293637 ], [ 1.658523328242913, 44.250815760016508 ], [ 1.663587, 44.250535 ], [ 1.664045, 44.25054 ], [ 1.664513, 44.25049 ], [ 1.666848, 44.250027 ], [ 1.674071, 44.24984 ], [ 1.67566, 44.24661 ], [ 1.674497, 44.246038 ], [ 1.673918, 44.245839 ], [ 1.672962, 44.245762 ], [ 1.670619, 44.245868 ], [ 1.666149, 44.246496 ], [ 1.662622, 44.246744 ], [ 1.655188, 44.244873 ], [ 1.651591, 44.244733 ], [ 1.645304, 44.239261 ], [ 1.641934, 44.240527 ], [ 1.635297, 44.235005 ], [ 1.636366, 44.23291 ], [ 1.636839, 44.231752 ], [ 1.642076, 44.226505 ], [ 1.642635, 44.226171 ], [ 1.642928, 44.225984 ], [ 1.646527, 44.224443 ], [ 1.646773, 44.224387 ], [ 1.649466, 44.221666 ], [ 1.649238, 44.218073 ], [ 1.64776, 44.214915 ], [ 1.653386, 44.209803 ], [ 1.654197, 44.209975 ], [ 1.654669, 44.210006 ], [ 1.657166, 44.20672 ], [ 1.658042, 44.200162 ], [ 1.665565, 44.200083 ], [ 1.66745, 44.20315 ], [ 1.671064, 44.204745 ], [ 1.671859, 44.204755 ], [ 1.6722, 44.204747 ], [ 1.673664, 44.204555 ], [ 1.674135, 44.202056 ], [ 1.674102843711315, 44.201270343649426 ], [ 1.674145, 44.200588 ], [ 1.674144, 44.199907 ], [ 1.675589742651289, 44.198645242139307 ], [ 1.674001, 44.198807 ], [ 1.673012, 44.20009 ], [ 1.672602, 44.20037 ], [ 1.67201, 44.20045 ], [ 1.670521, 44.199729 ], [ 1.670392, 44.19924 ], [ 1.670319, 44.198785 ], [ 1.662909, 44.194071 ], [ 1.661802, 44.19468 ], [ 1.661425, 44.194849 ], [ 1.66083, 44.195032 ], [ 1.658953, 44.195798 ], [ 1.658767, 44.195886 ], [ 1.65633, 44.197409 ], [ 1.656105, 44.197442 ], [ 1.652475, 44.196822 ], [ 1.651187, 44.205438 ], [ 1.652628, 44.208736 ], [ 1.651292, 44.20932 ], [ 1.650904, 44.209451 ], [ 1.650331, 44.209555 ], [ 1.646957, 44.211043 ], [ 1.645524, 44.217499 ], [ 1.645987, 44.218835 ], [ 1.646149, 44.219583 ], [ 1.646178, 44.220254 ], [ 1.646121, 44.2207 ], [ 1.642915, 44.224283 ], [ 1.642705, 44.224328 ], [ 1.642264, 44.224386 ], [ 1.637259, 44.22586 ], [ 1.636958510198085, 44.225965237617849 ], [ 1.636961, 44.225974 ], [ 1.636805, 44.226019 ], [ 1.633168, 44.233061 ], [ 1.633926, 44.234638 ], [ 1.634185, 44.235364 ], [ 1.634179, 44.236118 ], [ 1.634045, 44.23658 ], [ 1.63362, 44.237245 ], [ 1.63371957404722, 44.239595228004646 ], [ 1.634876, 44.241482 ], [ 1.641739907155411, 44.245783103182916 ], [ 1.643442, 44.244864 ], [ 1.646297, 44.243011 ], [ 1.646628, 44.24341 ], [ 1.647527, 44.244551 ], [ 1.655028, 44.247607 ], [ 1.658091, 44.247241 ], [ 1.661158, 44.246875 ], [ 1.661962, 44.246781 ], [ 1.663098, 44.249167 ], [ 1.663072, 44.249243 ], [ 1.662381, 44.250356 ], [ 1.661578, 44.25045 ], [ 1.658519, 44.250816 ], [ 1.650381, 44.252582 ], [ 1.648855, 44.253052 ], [ 1.647766, 44.253264 ], [ 1.651998, 44.25284 ], [ 1.658517540712436, 44.25081645293637 ] ] ], [ [ [ 1.701376, 44.203612 ], [ 1.707624, 44.20481 ], [ 1.708959, 44.202437 ], [ 1.709033, 44.201497 ], [ 1.702689, 44.19689 ], [ 1.697545, 44.192088 ], [ 1.697025, 44.191315 ], [ 1.696489, 44.190676 ], [ 1.690787, 44.186523 ], [ 1.688477, 44.185559 ], [ 1.687014521504468, 44.183751968312166 ], [ 1.687704, 44.179054 ], [ 1.693926, 44.176468 ], [ 1.69434, 44.176389 ], [ 1.69589, 44.176244 ], [ 1.695554, 44.172659 ], [ 1.695678295682719, 44.171832358832994 ], [ 1.696178778021181, 44.170635796219827 ], [ 1.695803, 44.171003 ], [ 1.695574, 44.171856 ], [ 1.687625, 44.175465 ], [ 1.684584, 44.175709 ], [ 1.682161, 44.176802 ], [ 1.680048169885503, 44.179453276557595 ], [ 1.678464, 44.18219 ], [ 1.680874, 44.184864 ], [ 1.683125, 44.187058 ], [ 1.684422, 44.190416 ], [ 1.690829, 44.192308 ], [ 1.696014, 44.195952 ], [ 1.697329, 44.196489 ], [ 1.69669, 44.198316 ], [ 1.695969, 44.199822 ], [ 1.691724, 44.198449 ], [ 1.69799, 44.202387 ], [ 1.701376, 44.203612 ] ] ], [ [ [ 1.702114, 44.164836 ], [ 1.702104952113522, 44.164844841438132 ], [ 1.703795, 44.164077 ], [ 1.702114, 44.164836 ] ] ], [ [ [ 1.709581, 44.166859 ], [ 1.710045, 44.168842 ], [ 1.710086, 44.169414 ], [ 1.71018, 44.169767 ], [ 1.71031, 44.170128 ], [ 1.712859, 44.170083 ], [ 1.713821, 44.169657 ], [ 1.71392, 44.167974 ], [ 1.714663, 44.165907 ], [ 1.714386, 44.166407 ], [ 1.714182, 44.166675 ], [ 1.711858, 44.166203 ], [ 1.703795, 44.164077 ], [ 1.706559351185316, 44.1648125769497 ], [ 1.709581, 44.166859 ] ] ], [ [ [ 1.723971, 44.163361 ], [ 1.725049, 44.164435 ], [ 1.725312, 44.164594 ], [ 1.725971, 44.164621 ], [ 1.731729, 44.163265 ], [ 1.732731, 44.163128 ], [ 1.732977, 44.163083 ], [ 1.736899762801846, 44.155670203560113 ], [ 1.73773, 44.155362 ], [ 1.737926, 44.155295 ], [ 1.737923313796961, 44.155280075193865 ], [ 1.738268, 44.155134 ], [ 1.74662, 44.154154 ], [ 1.74747, 44.150656 ], [ 1.745894, 44.150273 ], [ 1.743117, 44.149523 ], [ 1.742528, 44.149409 ], [ 1.741952, 44.149341 ], [ 1.741261, 44.149303 ], [ 1.740042, 44.14924 ], [ 1.738451, 44.149138 ], [ 1.738057, 44.149151 ], [ 1.737644, 44.149213 ], [ 1.737204, 44.149347 ], [ 1.736725, 44.149602 ], [ 1.736323, 44.149935 ], [ 1.73202, 44.152444 ], [ 1.73252, 44.152255 ], [ 1.73296, 44.152129 ], [ 1.733653, 44.151976 ], [ 1.734387, 44.151845 ], [ 1.736029, 44.151611 ], [ 1.736474, 44.151636 ], [ 1.737025, 44.151759 ], [ 1.737507, 44.151936 ], [ 1.73627, 44.155317 ], [ 1.731739, 44.157586 ], [ 1.725806, 44.162586 ], [ 1.722796, 44.162285 ], [ 1.721716185691663, 44.162765891113345 ], [ 1.723349, 44.162909 ], [ 1.723971, 44.163361 ] ] ], [ [ [ 1.707564, 44.142487 ], [ 1.70839, 44.141377 ], [ 1.708469, 44.14055 ], [ 1.708097, 44.139606 ], [ 1.707561, 44.139094 ], [ 1.706658, 44.1386 ], [ 1.70676739656352, 44.137137531873321 ], [ 1.706392, 44.137984 ], [ 1.706484, 44.138166 ], [ 1.705846, 44.144254 ], [ 1.7064, 44.14996 ], [ 1.71032, 44.152724 ], [ 1.706314, 44.148244 ], [ 1.707564, 44.142487 ] ] ], [ [ [ 1.70999, 44.129871 ], [ 1.709989653380099, 44.129871781580668 ], [ 1.710615, 44.129443 ], [ 1.70999, 44.129871 ] ] ], [ [ [ 1.723719, 44.119 ], [ 1.724125, 44.115423 ], [ 1.722341, 44.112215 ], [ 1.719167, 44.113915 ], [ 1.717872, 44.115891 ], [ 1.717461, 44.116491 ], [ 1.712261548678994, 44.118569108679118 ], [ 1.710556645294228, 44.117620354912688 ], [ 1.708348, 44.113242 ], [ 1.70752, 44.109273 ], [ 1.703976, 44.108645 ], [ 1.69617, 44.111681 ], [ 1.690195609400088, 44.114462788943385 ], [ 1.688293, 44.113044 ], [ 1.685394, 44.110911 ], [ 1.685358330859278, 44.110869175191951 ], [ 1.685382, 44.110927 ], [ 1.688281, 44.11306 ], [ 1.692544, 44.116214 ], [ 1.698288, 44.113294 ], [ 1.699378, 44.112406 ], [ 1.704522, 44.112494 ], [ 1.704769, 44.112481 ], [ 1.706411, 44.113251 ], [ 1.706564, 44.11371 ], [ 1.70708, 44.115709 ], [ 1.713004, 44.120412 ], [ 1.716819, 44.117895 ], [ 1.717228, 44.117656 ], [ 1.719478, 44.119872 ], [ 1.719417, 44.120249 ], [ 1.718943, 44.12246 ], [ 1.717779, 44.124889 ], [ 1.717557, 44.12525 ], [ 1.720475, 44.121874 ], [ 1.723719, 44.119 ] ] ], [ [ [ 1.69012, 44.10174 ], [ 1.690587, 44.101538 ], [ 1.691057, 44.101309 ], [ 1.689483, 44.098071 ], [ 1.68783, 44.098666 ], [ 1.687142, 44.098897 ], [ 1.68412, 44.099573 ], [ 1.683714, 44.099585 ], [ 1.681837, 44.099926 ], [ 1.68143, 44.100044 ], [ 1.680992273450034, 44.100223092133611 ], [ 1.682362, 44.103549 ], [ 1.685200772536233, 44.110484252904733 ], [ 1.686907, 44.10353 ], [ 1.69012, 44.10174 ] ] ], [ [ [ 1.67743, 44.10137 ], [ 1.669466, 44.098846 ], [ 1.672333, 44.090939 ], [ 1.673472, 44.090705 ], [ 1.674811, 44.090304 ], [ 1.673778, 44.086855 ], [ 1.672439, 44.087257 ], [ 1.670833, 44.087407 ], [ 1.670379, 44.087444 ], [ 1.665013, 44.080282 ], [ 1.662573, 44.078426 ], [ 1.663117, 44.079119 ], [ 1.663359, 44.080034 ], [ 1.667395, 44.088059 ], [ 1.668277, 44.091549 ], [ 1.667759, 44.100103 ], [ 1.669746, 44.101518 ], [ 1.677121, 44.101635 ], [ 1.677496, 44.101477 ], [ 1.678852, 44.101017 ], [ 1.679269, 44.100897 ], [ 1.679636, 44.100778 ], [ 1.678641, 44.100986 ], [ 1.67743, 44.10137 ] ] ], [ [ [ 1.660368493692426, 44.074587149328337 ], [ 1.66172, 44.077924 ], [ 1.660992258386154, 44.073410343323815 ], [ 1.660368493692426, 44.074587149328337 ] ] ], [ [ [ 1.675655, 44.065856 ], [ 1.676037, 44.066029 ], [ 1.676378, 44.066167 ], [ 1.678745, 44.064751 ], [ 1.678948, 44.064244 ], [ 1.679027, 44.063838 ], [ 1.679014, 44.06325 ], [ 1.678529, 44.062243 ], [ 1.67564, 44.058633 ], [ 1.675832, 44.051021 ], [ 1.673218, 44.048545 ], [ 1.671624, 44.048923 ], [ 1.666616, 44.053028 ], [ 1.665725676482473, 44.052913674366508 ], [ 1.669943, 44.054113 ], [ 1.671481, 44.05387 ], [ 1.671533, 44.053883 ], [ 1.672958, 44.055387 ], [ 1.6736, 44.057461 ], [ 1.673286, 44.058281 ], [ 1.667309, 44.06396 ], [ 1.666869, 44.06445 ], [ 1.666464775351727, 44.065024865889846 ], [ 1.675028, 44.065525 ], [ 1.675655, 44.065856 ] ] ], [ [ [ 1.659764, 44.051934 ], [ 1.659173, 44.052013 ], [ 1.652635, 44.05142 ], [ 1.651721, 44.051236 ], [ 1.651599, 44.051235 ], [ 1.650345, 44.051523 ], [ 1.642869, 44.046932 ], [ 1.641276, 44.043703 ], [ 1.643076, 44.035525 ], [ 1.644506, 44.033883 ], [ 1.644296, 44.033043 ], [ 1.64363, 44.030472 ], [ 1.643428, 44.029918 ], [ 1.643027, 44.029384 ], [ 1.642622, 44.029069 ], [ 1.642237, 44.028871 ], [ 1.64192, 44.028748 ], [ 1.641182, 44.028466 ], [ 1.640139, 44.030506 ], [ 1.637253, 44.034315 ], [ 1.635747, 44.035526 ], [ 1.63731, 44.03427 ], [ 1.639566, 44.037075 ], [ 1.638168, 44.038314 ], [ 1.636189, 44.041321 ], [ 1.638757, 44.047401 ], [ 1.638339, 44.049005 ], [ 1.642532, 44.055642 ], [ 1.648329, 44.060196 ], [ 1.652035, 44.0573 ], [ 1.652383, 44.056632 ], [ 1.655377, 44.054633 ], [ 1.661101, 44.052359 ], [ 1.661599202917681, 44.052161115663552 ], [ 1.660403, 44.051927 ], [ 1.659764, 44.051934 ] ] ], [ [ [ 1.625032, 44.035321 ], [ 1.621287, 44.037659 ], [ 1.615456, 44.043963 ], [ 1.61325, 44.043264 ], [ 1.612652, 44.042917 ], [ 1.611893, 44.043078 ], [ 1.611222, 44.043252 ], [ 1.60893, 44.046375 ], [ 1.601276, 44.050454 ], [ 1.598238, 44.048694 ], [ 1.596184, 44.050303 ], [ 1.595755, 44.051301 ], [ 1.590366, 44.05629 ], [ 1.58329, 44.053942 ], [ 1.581863, 44.053546 ], [ 1.581566, 44.053627 ], [ 1.579511675394644, 44.054577084264785 ], [ 1.578533, 44.052982 ], [ 1.579028, 44.049416 ], [ 1.578597, 44.049356 ], [ 1.577918, 44.049354 ], [ 1.57481, 44.04935 ], [ 1.573976, 44.049409 ], [ 1.566122, 44.048629 ], [ 1.558383, 44.047789 ], [ 1.559802, 44.040314 ], [ 1.557735, 44.037367 ], [ 1.549534, 44.038956 ], [ 1.541132, 44.04118 ], [ 1.532438, 44.039885 ], [ 1.528838, 44.039836 ], [ 1.527508954793201, 44.041326291480473 ], [ 1.529349, 44.045167 ], [ 1.529599478191223, 44.046291112853076 ], [ 1.532082, 44.0471 ], [ 1.536416, 44.048651 ], [ 1.542742, 44.044251 ], [ 1.547408, 44.042355 ], [ 1.549148, 44.044377 ], [ 1.549163, 44.045498 ], [ 1.548015, 44.052679 ], [ 1.553866, 44.053771 ], [ 1.55625, 44.053313 ], [ 1.557692, 44.053031 ], [ 1.55773, 44.053024 ], [ 1.559585, 44.05263 ], [ 1.566228, 44.052883 ], [ 1.568721, 44.05177 ], [ 1.569689, 44.051848 ], [ 1.570301, 44.052389 ], [ 1.570901, 44.054634 ], [ 1.570198, 44.05517 ], [ 1.56797, 44.057834 ], [ 1.566927, 44.066598 ], [ 1.567733, 44.067584 ], [ 1.570035623236211, 44.069065007233945 ], [ 1.57128, 44.06712 ], [ 1.574363, 44.065261 ], [ 1.579463, 44.058419 ], [ 1.580605, 44.058573 ], [ 1.580922, 44.058637 ], [ 1.583939, 44.059153 ], [ 1.589871, 44.061071 ], [ 1.59344, 44.061541 ], [ 1.598126, 44.056876 ], [ 1.598763, 44.054902 ], [ 1.600968, 44.052667 ], [ 1.601171, 44.052714 ], [ 1.609309, 44.049155 ], [ 1.609657, 44.048718 ], [ 1.610108, 44.048205 ], [ 1.616791, 44.044334 ], [ 1.62013, 44.043273 ], [ 1.626145, 44.039411 ], [ 1.628146, 44.037372 ], [ 1.635747, 44.035526 ], [ 1.62817, 44.033555 ], [ 1.625032, 44.035321 ] ] ], [ [ [ 1.407995, 44.105955 ], [ 1.410075, 44.108893 ], [ 1.406817, 44.115486 ], [ 1.408303, 44.118765 ], [ 1.409975, 44.118211 ], [ 1.416638, 44.122208 ], [ 1.411642, 44.129422 ], [ 1.411088, 44.129467 ], [ 1.411375, 44.133055 ], [ 1.405738407136085, 44.139130289950018 ], [ 1.406818, 44.139498 ], [ 1.410186, 44.139824 ], [ 1.416826, 44.134587 ], [ 1.417014, 44.130992 ], [ 1.421248, 44.125808 ], [ 1.41936, 44.117818 ], [ 1.415469, 44.116753 ], [ 1.413725, 44.117037 ], [ 1.412998, 44.113511 ], [ 1.412872, 44.107391 ], [ 1.411769356050392, 44.10441500594915 ], [ 1.411714, 44.104393 ], [ 1.409422, 44.104664 ], [ 1.408066, 44.104986 ], [ 1.407676, 44.105059 ], [ 1.407008, 44.105146 ], [ 1.406984783644321, 44.105154897013733 ], [ 1.407995, 44.105955 ] ] ], [ [ [ 1.40261, 44.137024 ], [ 1.398309, 44.134982 ], [ 1.397955, 44.1347 ], [ 1.397701, 44.134478 ], [ 1.39602, 44.132616 ], [ 1.394832, 44.131875 ], [ 1.393866, 44.131527 ], [ 1.393414, 44.13146 ], [ 1.392693, 44.131417 ], [ 1.391448, 44.13152 ], [ 1.391745, 44.135108 ], [ 1.393943, 44.13855 ], [ 1.39875, 44.145139 ], [ 1.39883, 44.147631 ], [ 1.399012, 44.147818 ], [ 1.401158, 44.15636 ], [ 1.400605, 44.157156 ], [ 1.400296, 44.157636 ], [ 1.403324, 44.159584 ], [ 1.406527, 44.15715 ], [ 1.413616, 44.160529 ], [ 1.416253, 44.164228 ], [ 1.417543, 44.170711 ], [ 1.4179, 44.169705 ], [ 1.41816, 44.169372 ], [ 1.418961, 44.168532 ], [ 1.419502, 44.168127 ], [ 1.421919, 44.166237 ], [ 1.422562, 44.16566 ], [ 1.423207, 44.165382 ], [ 1.424965, 44.16497 ], [ 1.427777, 44.170012 ], [ 1.431889, 44.173291 ], [ 1.436133, 44.165816 ], [ 1.43628, 44.162219 ], [ 1.437939, 44.161972 ], [ 1.440424, 44.161499 ], [ 1.441432369653194, 44.161349392020817 ], [ 1.444495173465161, 44.159564011025772 ], [ 1.446872, 44.154519 ], [ 1.44361, 44.149697 ], [ 1.43528, 44.147048 ], [ 1.432688, 44.148314 ], [ 1.429254, 44.153116 ], [ 1.428239, 44.152969 ], [ 1.427391, 44.152716 ], [ 1.420267, 44.155456 ], [ 1.41684, 44.156561 ], [ 1.408941, 44.154538 ], [ 1.407593, 44.154853 ], [ 1.406774, 44.151347 ], [ 1.405514, 44.145127 ], [ 1.402868, 44.142498 ], [ 1.400465, 44.141051 ], [ 1.400418, 44.141022 ], [ 1.400381, 44.138021 ], [ 1.400476, 44.137957 ], [ 1.402276, 44.137938 ], [ 1.402323, 44.137967 ], [ 1.404613821697317, 44.138747255399025 ], [ 1.402703, 44.137113 ], [ 1.40261, 44.137024 ] ] ], [ [ [ 1.41489, 44.181404 ], [ 1.41337, 44.181285 ], [ 1.412741, 44.184829 ], [ 1.413338, 44.190516 ], [ 1.413574, 44.190798 ], [ 1.413153037199549, 44.197225862035928 ], [ 1.414658, 44.199377 ], [ 1.421148, 44.199324 ], [ 1.419623, 44.190727 ], [ 1.418641, 44.187263 ], [ 1.419461, 44.181374 ], [ 1.418444, 44.172539 ], [ 1.417431, 44.18062 ], [ 1.41489, 44.181404 ] ] ], [ [ [ 1.504247220032715, 44.3718855063847 ], [ 1.505130520027126, 44.373996311894857 ], [ 1.505985, 44.374622 ], [ 1.508379277867894, 44.375025549150067 ], [ 1.506595, 44.373676 ], [ 1.504768, 44.372296 ], [ 1.504247220032715, 44.3718855063847 ] ] ], [ [ [ 1.500553, 44.350789 ], [ 1.499603, 44.353383 ], [ 1.499632058237537, 44.353303655717717 ], [ 1.499633, 44.353304 ], [ 1.500553, 44.350789 ] ] ] ] } },
{ "type": "Feature", "properties": { "codgeo": "82037", "value": 1200, "isochrone_group": 20.0, "nb_agences": 2 }, "geometry": { "type": "MultiPolygon", "coordinates": [ [ [ [ 1.39694, 44.187938 ], [ 1.398421, 44.188251 ], [ 1.398905, 44.188416 ], [ 1.400287, 44.189047 ], [ 1.401105, 44.189417 ], [ 1.401473, 44.189621 ], [ 1.402061, 44.190143 ], [ 1.402413, 44.190676 ], [ 1.402948123848317, 44.191448918870542 ], [ 1.409055, 44.191217 ], [ 1.41095, 44.194277 ], [ 1.41314815849022, 44.197300357146744 ], [ 1.413574, 44.190798 ], [ 1.413338, 44.190516 ], [ 1.412741, 44.184829 ], [ 1.41337, 44.181285 ], [ 1.41489, 44.181404 ], [ 1.417431, 44.18062 ], [ 1.417692250832244, 44.178535924999643 ], [ 1.41079, 44.179249 ], [ 1.40991, 44.179184 ], [ 1.408629, 44.179905 ], [ 1.408307, 44.180336 ], [ 1.408542, 44.182001 ], [ 1.409002, 44.183421 ], [ 1.407983, 44.18781 ], [ 1.401245083796337, 44.189384270331388 ], [ 1.40018, 44.188278 ], [ 1.397368, 44.187999 ], [ 1.397361264413181, 44.188027031574173 ], [ 1.39694, 44.187938 ] ] ], [ [ [ 1.395395, 44.188186 ], [ 1.392016, 44.189917 ], [ 1.388898, 44.192266 ], [ 1.383054, 44.191434 ], [ 1.382513, 44.191125 ], [ 1.38183, 44.190869 ], [ 1.379839, 44.190076 ], [ 1.378774, 44.190298 ], [ 1.37092, 44.192561 ], [ 1.367609, 44.192098 ], [ 1.367127, 44.191988 ], [ 1.366813, 44.192134 ], [ 1.36595, 44.192566 ], [ 1.366326, 44.195498 ], [ 1.366783, 44.200095 ], [ 1.36616, 44.204916 ], [ 1.368669, 44.207498 ], [ 1.375627, 44.207499 ], [ 1.381074, 44.213835 ], [ 1.381553, 44.216457 ], [ 1.381782, 44.217135 ], [ 1.384372, 44.219636 ], [ 1.391062, 44.218973 ], [ 1.393409, 44.221702 ], [ 1.394095, 44.221113 ], [ 1.39545, 44.219992 ], [ 1.403311, 44.224273 ], [ 1.404769, 44.227009 ], [ 1.404981, 44.226996 ], [ 1.406131, 44.22651 ], [ 1.406283, 44.226318 ], [ 1.412763, 44.223307 ], [ 1.41583, 44.224955 ], [ 1.420853, 44.231254 ], [ 1.419706, 44.233825 ], [ 1.415989, 44.236361 ], [ 1.415483, 44.239925 ], [ 1.41892, 44.243451 ], [ 1.420221, 44.252094 ], [ 1.416778, 44.255363 ], [ 1.411932, 44.256505 ], [ 1.411481, 44.256731 ], [ 1.408004, 44.258574 ], [ 1.408801, 44.262084 ], [ 1.409565, 44.262557 ], [ 1.410244, 44.262946 ], [ 1.410737, 44.263099 ], [ 1.412203, 44.263563 ], [ 1.417158, 44.261561 ], [ 1.421586, 44.263795 ], [ 1.421971, 44.264191 ], [ 1.422439, 44.264622 ], [ 1.431215, 44.265966 ], [ 1.432582, 44.267672 ], [ 1.433514, 44.268737 ], [ 1.440784, 44.273489 ], [ 1.441885, 44.273306 ], [ 1.444346, 44.272895 ], [ 1.444442, 44.270855 ], [ 1.443988, 44.270271 ], [ 1.442025, 44.26709 ], [ 1.448126, 44.260769 ], [ 1.454191, 44.265217 ], [ 1.453803, 44.267892 ], [ 1.453836, 44.268099 ], [ 1.454844, 44.274123 ], [ 1.45483, 44.274244 ], [ 1.454895, 44.27468 ], [ 1.454928, 44.275388 ], [ 1.454929, 44.276083 ], [ 1.455153, 44.277668 ], [ 1.454113, 44.284079 ], [ 1.454413, 44.286312 ], [ 1.454613, 44.28752 ], [ 1.455125, 44.288344 ], [ 1.455316, 44.288553 ], [ 1.457791, 44.287663 ], [ 1.461501, 44.287053 ], [ 1.464641454831161, 44.292878276565354 ], [ 1.46874236623626, 44.289923828598823 ], [ 1.468291, 44.286795 ], [ 1.461495, 44.285105 ], [ 1.461216, 44.285291 ], [ 1.460421, 44.285585 ], [ 1.459813, 44.285592 ], [ 1.458075, 44.284034 ], [ 1.45684, 44.279983 ], [ 1.458073, 44.273724 ], [ 1.458997, 44.273662 ], [ 1.461468, 44.272923 ], [ 1.466055, 44.267655 ], [ 1.457636, 44.264619 ], [ 1.45528, 44.261897 ], [ 1.448488, 44.259568 ], [ 1.441169, 44.264066 ], [ 1.441224, 44.265248 ], [ 1.441185, 44.266058 ], [ 1.441102, 44.266697 ], [ 1.44034, 44.267498 ], [ 1.440282, 44.267539 ], [ 1.439492, 44.267886 ], [ 1.439037, 44.267946 ], [ 1.437211, 44.267852 ], [ 1.436965, 44.267474 ], [ 1.436712, 44.266893 ], [ 1.430133, 44.260833 ], [ 1.425094, 44.261309 ], [ 1.41991, 44.260227 ], [ 1.419422, 44.260137 ], [ 1.419132, 44.260067 ], [ 1.41799, 44.259725 ], [ 1.417865, 44.258892 ], [ 1.418032, 44.258034 ], [ 1.418708, 44.256197 ], [ 1.4242, 44.252768 ], [ 1.424374, 44.252614 ], [ 1.43025, 44.247572 ], [ 1.428634, 44.243635 ], [ 1.42614, 44.241711 ], [ 1.426208, 44.238112 ], [ 1.424401, 44.231966 ], [ 1.424026, 44.23104 ], [ 1.424026, 44.230934 ], [ 1.424364, 44.229884 ], [ 1.424399, 44.229832 ], [ 1.425393, 44.229077 ], [ 1.427289931420211, 44.227797271722167 ], [ 1.4272, 44.227309 ], [ 1.430264, 44.226563 ], [ 1.430464, 44.22646 ], [ 1.431201, 44.226052 ], [ 1.431656, 44.225855 ], [ 1.432291, 44.225734 ], [ 1.433045, 44.225773 ], [ 1.43492, 44.226123 ], [ 1.4356, 44.226208 ], [ 1.436458, 44.226211 ], [ 1.438924, 44.226028 ], [ 1.441716, 44.217642 ], [ 1.433361, 44.215246 ], [ 1.432646, 44.216116 ], [ 1.432106, 44.21647 ], [ 1.430078, 44.215019 ], [ 1.423169, 44.215905 ], [ 1.420959, 44.21991 ], [ 1.420218, 44.220479 ], [ 1.419524, 44.22115 ], [ 1.418663, 44.221857 ], [ 1.417541, 44.22264 ], [ 1.410645, 44.22095 ], [ 1.409599, 44.220996 ], [ 1.408093, 44.220561 ], [ 1.407739, 44.220268 ], [ 1.407091, 44.219678 ], [ 1.401837130952429, 44.216046610850896 ], [ 1.399880262301315, 44.215982451223006 ], [ 1.398644, 44.216469 ], [ 1.395417, 44.218638 ], [ 1.38848, 44.215114 ], [ 1.385225, 44.213576 ], [ 1.384008, 44.208044 ], [ 1.380195, 44.205319 ], [ 1.377145, 44.204157 ], [ 1.375538, 44.203613 ], [ 1.37318, 44.202205 ], [ 1.372152, 44.201207 ], [ 1.373069, 44.19968 ], [ 1.373372, 44.199458 ], [ 1.374658, 44.198623 ], [ 1.382424, 44.195355 ], [ 1.38476, 44.192615 ], [ 1.387825, 44.193822 ], [ 1.396522, 44.191529 ], [ 1.396603480921275, 44.187952782491827 ], [ 1.396166, 44.187972 ], [ 1.395395, 44.188186 ] ] ], [ [ [ 1.474531699818722, 44.288837140779499 ], [ 1.47452, 44.28885 ], [ 1.47445148740054, 44.288997164396044 ], [ 1.474453918912297, 44.289003636207291 ], [ 1.474531699818722, 44.288837140779499 ] ] ], [ [ [ 1.490932, 44.291821 ], [ 1.493731, 44.292154 ], [ 1.494013, 44.291875 ], [ 1.494349, 44.290609 ], [ 1.49974, 44.284351 ], [ 1.502274, 44.284952 ], [ 1.505303, 44.289072 ], [ 1.504164, 44.286385 ], [ 1.498866, 44.280435 ], [ 1.497828, 44.279786 ], [ 1.497219, 44.279404 ], [ 1.496685, 44.279032 ], [ 1.489408, 44.284002 ], [ 1.486598, 44.286253 ], [ 1.485532, 44.284921 ], [ 1.479233427844228, 44.28568364118469 ], [ 1.484963, 44.289685 ], [ 1.490932, 44.291821 ] ] ], [ [ [ 1.522996, 44.288653 ], [ 1.524774, 44.288623 ], [ 1.530945, 44.290056 ], [ 1.532849, 44.288996 ], [ 1.533294, 44.288658 ], [ 1.533681, 44.288178 ], [ 1.535724, 44.285801 ], [ 1.538989, 44.280304 ], [ 1.53467, 44.283267 ], [ 1.531807, 44.281084 ], [ 1.526382, 44.274371 ], [ 1.525177, 44.27378 ], [ 1.523245, 44.272604 ], [ 1.519509, 44.272035 ], [ 1.518792, 44.271985 ], [ 1.51318, 44.273592 ], [ 1.514757, 44.281874 ], [ 1.517279, 44.283596 ], [ 1.518089, 44.283845 ], [ 1.518338, 44.283901 ], [ 1.51955, 44.285693 ], [ 1.519547, 44.285756 ], [ 1.518069, 44.287445 ], [ 1.517862, 44.287444 ], [ 1.517167, 44.287305 ], [ 1.509706, 44.29073 ], [ 1.510396, 44.293345 ], [ 1.510918, 44.296092 ], [ 1.511265, 44.298806 ], [ 1.51498, 44.291475 ], [ 1.522996, 44.288653 ] ] ], [ [ [ 1.546577, 44.282543 ], [ 1.548213, 44.284666 ], [ 1.548664, 44.285243 ], [ 1.548991, 44.285524 ], [ 1.549465, 44.285965 ], [ 1.557584, 44.285096 ], [ 1.558299, 44.284656 ], [ 1.558672, 44.284369 ], [ 1.564522, 44.282498 ], [ 1.568192, 44.283795 ], [ 1.571489, 44.284078 ], [ 1.572223, 44.284171 ], [ 1.580283, 44.283458 ], [ 1.583869, 44.283135 ], [ 1.585025, 44.280979 ], [ 1.585337, 44.280037 ], [ 1.587886929459762, 44.273838080575366 ], [ 1.585034, 44.275161 ], [ 1.581662, 44.276422 ], [ 1.580789, 44.274087 ], [ 1.580659, 44.273403 ], [ 1.580855, 44.272347 ], [ 1.581691, 44.268135 ], [ 1.582882, 44.264738 ], [ 1.576842, 44.258858 ], [ 1.572734, 44.262821 ], [ 1.572606, 44.263368 ], [ 1.572482, 44.264395 ], [ 1.57193, 44.264867 ], [ 1.571594, 44.265128 ], [ 1.570571, 44.265597 ], [ 1.569757, 44.265675 ], [ 1.569183, 44.265617 ], [ 1.568406, 44.262101 ], [ 1.562761, 44.258118 ], [ 1.559116, 44.264233 ], [ 1.558622, 44.267126 ], [ 1.558556, 44.267154 ], [ 1.55383, 44.271744 ], [ 1.558626, 44.277107 ], [ 1.55936, 44.277423 ], [ 1.561958, 44.278252 ], [ 1.562453, 44.278317 ], [ 1.565017, 44.278917 ], [ 1.564198, 44.282422 ], [ 1.558876, 44.28239 ], [ 1.550191, 44.282137 ], [ 1.549809, 44.282323 ], [ 1.549409, 44.282454 ], [ 1.546691, 44.28033 ], [ 1.538989, 44.280304 ], [ 1.544868, 44.281364 ], [ 1.546577, 44.282543 ] ] ], [ [ [ 1.600905, 44.272431 ], [ 1.602037, 44.272822 ], [ 1.605412, 44.271567 ], [ 1.606505, 44.269954 ], [ 1.608713, 44.267845 ], [ 1.607451, 44.268745 ], [ 1.60683, 44.269164 ], [ 1.606337, 44.269517 ], [ 1.603302, 44.269364 ], [ 1.597594, 44.268284 ], [ 1.593493345939779, 44.270956048540761 ], [ 1.598431, 44.269985 ], [ 1.600905, 44.272431 ] ] ], [ [ [ 1.623007, 44.279515 ], [ 1.623044, 44.2872 ], [ 1.624722, 44.288774 ], [ 1.625984, 44.289277 ], [ 1.630323, 44.286986 ], [ 1.635492, 44.282838 ], [ 1.635775, 44.282606 ], [ 1.635932, 44.282452 ], [ 1.635525, 44.279979 ], [ 1.634209, 44.271771 ], [ 1.639556, 44.267541 ], [ 1.64028, 44.264015 ], [ 1.637116587805322, 44.257592615139693 ], [ 1.636564, 44.259082 ], [ 1.635949087369027, 44.259237071599827 ], [ 1.6347, 44.262111 ], [ 1.634067, 44.265655 ], [ 1.629931, 44.272761 ], [ 1.629864, 44.279124 ], [ 1.629673, 44.280079 ], [ 1.629492, 44.280261 ], [ 1.628848, 44.280699 ], [ 1.627253, 44.281602 ], [ 1.626946, 44.281278 ], [ 1.626535, 44.280687 ], [ 1.625543, 44.278741 ], [ 1.622448, 44.273486 ], [ 1.622240329567705, 44.273256387031473 ], [ 1.622234, 44.273262 ], [ 1.621653, 44.272607 ], [ 1.618976, 44.270016 ], [ 1.621753, 44.27614 ], [ 1.623007, 44.279515 ] ] ], [ [ [ 1.654378, 44.253859 ], [ 1.661108194894168, 44.250672439667461 ], [ 1.658523328242913, 44.250815760016508 ], [ 1.658517540712436, 44.25081645293637 ], [ 1.651998, 44.25284 ], [ 1.647766, 44.253264 ], [ 1.647487, 44.253304 ], [ 1.651895, 44.254647 ], [ 1.654378, 44.253859 ] ] ], [ [ [ 1.663587, 44.250535 ], [ 1.661108194894168, 44.250672439667461 ], [ 1.661108194894169, 44.250672439667461 ], [ 1.663587, 44.250535 ] ] ], [ [ [ 1.675581, 44.25043 ], [ 1.680719, 44.252199 ], [ 1.681526, 44.252501 ], [ 1.683509, 44.253101 ], [ 1.685216, 44.253614 ], [ 1.686251, 44.250166 ], [ 1.684132, 44.248671 ], [ 1.679657, 44.247751 ], [ 1.678681, 44.247416 ], [ 1.677459, 44.247102 ], [ 1.674497, 44.246038 ], [ 1.67566, 44.24661 ], [ 1.674071, 44.24984 ], [ 1.666848, 44.250027 ], [ 1.664513, 44.25049 ], [ 1.667634079550276, 44.250063275055389 ], [ 1.675581, 44.25043 ] ] ], [ [ [ 1.665666, 44.244362 ], [ 1.661775278620868, 44.246530895924096 ], [ 1.662622, 44.246744 ], [ 1.666149, 44.246496 ], [ 1.670619, 44.245868 ], [ 1.672962, 44.245762 ], [ 1.673918, 44.245839 ], [ 1.674497, 44.246038 ], [ 1.668875, 44.242732 ], [ 1.665666, 44.244362 ] ] ], [ [ [ 1.651605, 44.241924 ], [ 1.645564, 44.235324 ], [ 1.647017, 44.22745 ], [ 1.648573, 44.225918 ], [ 1.653854, 44.219841 ], [ 1.65569, 44.218986 ], [ 1.654195, 44.215711 ], [ 1.652059064537174, 44.211008704601142 ], [ 1.64776, 44.214915 ], [ 1.649238, 44.218073 ], [ 1.649466, 44.221666 ], [ 1.646773, 44.224387 ], [ 1.646527, 44.224443 ], [ 1.642928, 44.225984 ], [ 1.642635, 44.226171 ], [ 1.642076, 44.226505 ], [ 1.636839, 44.231752 ], [ 1.636366, 44.23291 ], [ 1.635297, 44.235005 ], [ 1.641934, 44.240527 ], [ 1.645304, 44.239261 ], [ 1.651591, 44.244733 ], [ 1.655188, 44.244873 ], [ 1.660099451139638, 44.246109121210964 ], [ 1.655154, 44.242531 ], [ 1.651605, 44.241924 ] ] ], [ [ [ 1.653857690228582, 44.20990303787832 ], [ 1.653386, 44.209803 ], [ 1.653854, 44.209918 ], [ 1.653857690228582, 44.20990303787832 ] ] ], [ [ [ 1.664024, 44.205018 ], [ 1.668977, 44.208476 ], [ 1.670643, 44.208743 ], [ 1.672942, 44.207149 ], [ 1.678719, 44.20476 ], [ 1.684089469294634, 44.197912919151435 ], [ 1.683464, 44.197869 ], [ 1.679731, 44.195031 ], [ 1.674144, 44.199907 ], [ 1.674145, 44.200588 ], [ 1.674102843711315, 44.201270343649426 ], [ 1.674135, 44.202056 ], [ 1.673664, 44.204555 ], [ 1.6722, 44.204747 ], [ 1.671859, 44.204755 ], [ 1.671064, 44.204745 ], [ 1.66745, 44.20315 ], [ 1.665565, 44.200083 ], [ 1.658042, 44.200162 ], [ 1.658017326441322, 44.200346713696106 ], [ 1.661674, 44.202478 ], [ 1.664024, 44.205018 ] ] ], [ [ [ 1.696625, 44.207328 ], [ 1.698677, 44.2067 ], [ 1.699786, 44.205927 ], [ 1.70811, 44.206165 ], [ 1.714713, 44.207839 ], [ 1.717648, 44.209695 ], [ 1.719292, 44.209997 ], [ 1.720016, 44.208862 ], [ 1.721167, 44.206924 ], [ 1.71813, 44.204259 ], [ 1.712862, 44.202571 ], [ 1.709246, 44.195887 ], [ 1.706115, 44.194111 ], [ 1.70132, 44.189408 ], [ 1.695851, 44.185168 ], [ 1.696017791134097, 44.176885893574735 ], [ 1.699209, 44.177831 ], [ 1.701692, 44.175225 ], [ 1.709285, 44.172689 ], [ 1.711893, 44.175171 ], [ 1.712235, 44.174811 ], [ 1.712584, 44.174395 ], [ 1.712929, 44.173893 ], [ 1.713231, 44.173322 ], [ 1.717472, 44.168246 ], [ 1.724259, 44.165321 ], [ 1.727163, 44.166182 ], [ 1.727809, 44.16592 ], [ 1.735647, 44.162597 ], [ 1.735939, 44.162488 ], [ 1.74009, 44.161098 ], [ 1.740279, 44.157503 ], [ 1.746507640493026, 44.15416718394598 ], [ 1.738268, 44.155134 ], [ 1.737923313796961, 44.155280075193865 ], [ 1.737926, 44.155295 ], [ 1.73773, 44.155362 ], [ 1.736899762801846, 44.155670203560113 ], [ 1.732977, 44.163083 ], [ 1.732731, 44.163128 ], [ 1.731729, 44.163265 ], [ 1.725971, 44.164621 ], [ 1.725312, 44.164594 ], [ 1.725049, 44.164435 ], [ 1.723971, 44.163361 ], [ 1.723349, 44.162909 ], [ 1.717165, 44.162367 ], [ 1.714663, 44.165907 ], [ 1.71392, 44.167974 ], [ 1.713821, 44.169657 ], [ 1.712859, 44.170083 ], [ 1.71031, 44.170128 ], [ 1.71018, 44.169767 ], [ 1.710086, 44.169414 ], [ 1.710045, 44.168842 ], [ 1.709581, 44.166859 ], [ 1.706559351185316, 44.1648125769497 ], [ 1.703795, 44.164077 ], [ 1.702098, 44.164848 ], [ 1.696259, 44.170444 ], [ 1.695678295682719, 44.171832358832994 ], [ 1.695554, 44.172659 ], [ 1.69589, 44.176244 ], [ 1.69434, 44.176389 ], [ 1.693926, 44.176468 ], [ 1.687704, 44.179054 ], [ 1.687014521504468, 44.183751968312166 ], [ 1.688477, 44.185559 ], [ 1.690787, 44.186523 ], [ 1.696489, 44.190676 ], [ 1.697025, 44.191315 ], [ 1.697545, 44.192088 ], [ 1.702689, 44.19689 ], [ 1.709033, 44.201497 ], [ 1.708959, 44.202437 ], [ 1.707624, 44.20481 ], [ 1.701376, 44.203612 ], [ 1.69799, 44.202387 ], [ 1.691724, 44.198449 ], [ 1.695372, 44.203953 ], [ 1.696625, 44.207328 ] ] ], [ [ [ 1.748951, 44.154885 ], [ 1.753342, 44.155118 ], [ 1.754214, 44.155063 ], [ 1.754848, 44.154991 ], [ 1.754924, 44.152242 ], [ 1.754868, 44.151745 ], [ 1.754772, 44.151657 ], [ 1.754446, 44.151414 ], [ 1.747642, 44.150702 ], [ 1.747519069589387, 44.15067183000793 ], [ 1.74752, 44.150668 ], [ 1.745894, 44.150273 ], [ 1.74747, 44.150656 ], [ 1.74662, 44.154154 ], [ 1.746617719798432, 44.154154267552379 ], [ 1.746623931320052, 44.154155780321496 ], [ 1.748951, 44.154885 ] ] ], [ [ [ 1.712096, 44.140981 ], [ 1.713494, 44.138621 ], [ 1.712828, 44.137717 ], [ 1.712278, 44.137249 ], [ 1.71077, 44.137136 ], [ 1.710692817619658, 44.129388818573226 ], [ 1.710615, 44.129443 ], [ 1.709966, 44.129888 ], [ 1.707298052647738, 44.13004345520006 ], [ 1.706658, 44.1386 ], [ 1.707561, 44.139094 ], [ 1.708097, 44.139606 ], [ 1.708469, 44.14055 ], [ 1.70839, 44.141377 ], [ 1.707564, 44.142487 ], [ 1.706314, 44.148244 ], [ 1.708608, 44.141958 ], [ 1.712096, 44.140981 ] ] ], [ [ [ 1.723297, 44.123413 ], [ 1.723955, 44.122276 ], [ 1.727975, 44.117303 ], [ 1.7282, 44.117094 ], [ 1.728604, 44.116621 ], [ 1.728917, 44.116139 ], [ 1.729169, 44.115468 ], [ 1.729643, 44.112854 ], [ 1.729524, 44.112446 ], [ 1.729172, 44.111763 ], [ 1.728797, 44.111339 ], [ 1.72771, 44.110335 ], [ 1.727383, 44.110094 ], [ 1.726405, 44.109448 ], [ 1.725305, 44.108738 ], [ 1.716645, 44.107036 ], [ 1.716293, 44.106516 ], [ 1.715912, 44.106171 ], [ 1.715573, 44.105951 ], [ 1.714109, 44.10643 ], [ 1.705259, 44.105291 ], [ 1.704758, 44.104953 ], [ 1.699465, 44.097876 ], [ 1.698852, 44.094329 ], [ 1.695033, 44.093437 ], [ 1.6915, 44.096845 ], [ 1.690961, 44.097081 ], [ 1.690417, 44.097402 ], [ 1.68783, 44.098666 ], [ 1.689483, 44.098071 ], [ 1.691057, 44.101309 ], [ 1.690587, 44.101538 ], [ 1.69012, 44.10174 ], [ 1.686907, 44.10353 ], [ 1.685162632591589, 44.110639703937188 ], [ 1.685394, 44.110911 ], [ 1.688293, 44.113044 ], [ 1.690195609400088, 44.114462788943385 ], [ 1.69617, 44.111681 ], [ 1.703976, 44.108645 ], [ 1.70752, 44.109273 ], [ 1.708348, 44.113242 ], [ 1.710556645294228, 44.117620354912688 ], [ 1.712261548678994, 44.118569108679118 ], [ 1.717461, 44.116491 ], [ 1.717872, 44.115891 ], [ 1.719167, 44.113915 ], [ 1.722341, 44.112215 ], [ 1.724125, 44.115423 ], [ 1.723719, 44.119 ], [ 1.720475, 44.121874 ], [ 1.717557, 44.12525 ], [ 1.717249, 44.125602 ], [ 1.716446, 44.126172 ], [ 1.721619, 44.12528 ], [ 1.723297, 44.123413 ] ] ], [ [ [ 1.68412, 44.099573 ], [ 1.687142, 44.098897 ], [ 1.683714, 44.099585 ], [ 1.68412, 44.099573 ] ] ], [ [ [ 1.679195495406027, 44.100870085382461 ], [ 1.679636, 44.100778 ], [ 1.68143, 44.100044 ], [ 1.679841, 44.100594 ], [ 1.679195495406027, 44.100870085382461 ] ] ], [ [ [ 1.672435, 44.093638 ], [ 1.676711, 44.089941 ], [ 1.677118, 44.089862 ], [ 1.677424, 44.089767 ], [ 1.678288, 44.089416 ], [ 1.680494, 44.088612 ], [ 1.679541, 44.08514 ], [ 1.675701, 44.085494 ], [ 1.672482312711639, 44.08723359095319 ], [ 1.672423395024242, 44.087239785569885 ], [ 1.667339, 44.081631 ], [ 1.666753, 44.081311 ], [ 1.665534, 44.080601 ], [ 1.662573, 44.078426 ], [ 1.665013, 44.080282 ], [ 1.670379, 44.087444 ], [ 1.670833, 44.087407 ], [ 1.672439, 44.087257 ], [ 1.673778, 44.086855 ], [ 1.674811, 44.090304 ], [ 1.673472, 44.090705 ], [ 1.672333, 44.090939 ], [ 1.669466, 44.098846 ], [ 1.67743, 44.10137 ], [ 1.678641, 44.100986 ], [ 1.678746328937341, 44.100963981488484 ], [ 1.671922, 44.09754 ], [ 1.672435, 44.093638 ] ] ], [ [ [ 1.660389489122232, 44.069671800054429 ], [ 1.66172, 44.077924 ], [ 1.660389489122233, 44.069671800054429 ], [ 1.660389489122232, 44.069671800054429 ] ] ], [ [ [ 1.673039, 44.068364 ], [ 1.674132, 44.06889 ], [ 1.674463, 44.068982 ], [ 1.675043, 44.069094 ], [ 1.680104, 44.066517 ], [ 1.680692, 44.066392 ], [ 1.68117, 44.066248 ], [ 1.681658, 44.066063 ], [ 1.682127, 44.065838 ], [ 1.684185, 44.064633 ], [ 1.691109, 44.063997 ], [ 1.691951, 44.060497 ], [ 1.68771, 44.058583 ], [ 1.687286, 44.058354 ], [ 1.686624, 44.058144 ], [ 1.686028, 44.058139 ], [ 1.685123, 44.058469 ], [ 1.683999, 44.058729 ], [ 1.683191, 44.058793 ], [ 1.682472, 44.059158 ], [ 1.679089, 44.059877 ], [ 1.67565103778446, 44.058195397836933 ], [ 1.67564, 44.058633 ], [ 1.678529, 44.062243 ], [ 1.679014, 44.06325 ], [ 1.679027, 44.063838 ], [ 1.678948, 44.064244 ], [ 1.678745, 44.064751 ], [ 1.676378, 44.066167 ], [ 1.676037, 44.066029 ], [ 1.675655, 44.065856 ], [ 1.675028, 44.065525 ], [ 1.666176, 44.065008 ], [ 1.66479, 44.06584 ], [ 1.663681092203749, 44.066597121486652 ], [ 1.672371, 44.067812 ], [ 1.673039, 44.068364 ] ] ], [ [ [ 1.677962, 44.048402 ], [ 1.678006, 44.044803 ], [ 1.672531, 44.043579 ], [ 1.671889, 44.043462 ], [ 1.671137, 44.04374 ], [ 1.669098, 44.045618 ], [ 1.669169, 44.045746 ], [ 1.665105819356098, 44.051110450892665 ], [ 1.660403, 44.051927 ], [ 1.662457, 44.052329 ], [ 1.663096, 44.052576 ], [ 1.666616, 44.053028 ], [ 1.671624, 44.048923 ], [ 1.673218, 44.048545 ], [ 1.675806763671189, 44.050997095963979 ], [ 1.67618, 44.050499 ], [ 1.677962, 44.048402 ] ] ], [ [ [ 1.65333, 44.047752 ], [ 1.653068, 44.047664 ], [ 1.647235, 44.042512 ], [ 1.648122, 44.036981 ], [ 1.647148, 44.029032 ], [ 1.646785, 44.028133 ], [ 1.645951, 44.027359 ], [ 1.644587, 44.026503 ], [ 1.641322, 44.024572 ], [ 1.641177, 44.024525 ], [ 1.637162, 44.024657 ], [ 1.636189, 44.028123 ], [ 1.636133, 44.028699 ], [ 1.635806876508515, 44.034466992425834 ], [ 1.632864688585763, 44.034776226237639 ], [ 1.635747, 44.035526 ], [ 1.637253, 44.034315 ], [ 1.640139, 44.030506 ], [ 1.641182, 44.028466 ], [ 1.64192, 44.028748 ], [ 1.642237, 44.028871 ], [ 1.642622, 44.029069 ], [ 1.643027, 44.029384 ], [ 1.643428, 44.029918 ], [ 1.64363, 44.030472 ], [ 1.644296, 44.033043 ], [ 1.644506, 44.033883 ], [ 1.643076, 44.035525 ], [ 1.641276, 44.043703 ], [ 1.642869, 44.046932 ], [ 1.650345, 44.051523 ], [ 1.651599, 44.051235 ], [ 1.651721, 44.051236 ], [ 1.652635, 44.05142 ], [ 1.65798218090949, 44.05190499208922 ], [ 1.653897, 44.048815 ], [ 1.65333, 44.047752 ] ] ], [ [ [ 1.627619, 44.032865 ], [ 1.627043, 44.032509 ], [ 1.626506, 44.032354 ], [ 1.623865, 44.030938 ], [ 1.621364, 44.033528 ], [ 1.616794, 44.037461 ], [ 1.613780953293457, 44.043432239506856 ], [ 1.615456, 44.043963 ], [ 1.621287, 44.037659 ], [ 1.625032, 44.035321 ], [ 1.62815958553221, 44.033560861042119 ], [ 1.627981, 44.033255 ], [ 1.627619, 44.032865 ] ] ], [ [ [ 1.601232, 44.044955 ], [ 1.592385, 44.04579 ], [ 1.5915, 44.047205 ], [ 1.587426352215702, 44.048675556838774 ], [ 1.586264, 44.046517 ], [ 1.580608, 44.047521 ], [ 1.577586, 44.047053 ], [ 1.574474, 44.048862 ], [ 1.57345123841116, 44.049356884639749 ], [ 1.573976, 44.049409 ], [ 1.57481, 44.04935 ], [ 1.577918, 44.049354 ], [ 1.578597, 44.049356 ], [ 1.579028, 44.049416 ], [ 1.578533, 44.052982 ], [ 1.579511675394644, 44.054577084264785 ], [ 1.581566, 44.053627 ], [ 1.581863, 44.053546 ], [ 1.58329, 44.053942 ], [ 1.590366, 44.05629 ], [ 1.595755, 44.051301 ], [ 1.596184, 44.050303 ], [ 1.598238, 44.048694 ], [ 1.601276, 44.050454 ], [ 1.60893, 44.046375 ], [ 1.609085579110876, 44.046163013279546 ], [ 1.608483, 44.046502 ], [ 1.601232, 44.044955 ] ] ], [ [ [ 1.563822, 44.044292 ], [ 1.563116, 44.037507 ], [ 1.567296, 44.034986 ], [ 1.568102, 44.034666 ], [ 1.56776, 44.032319 ], [ 1.566882, 44.031279 ], [ 1.559595, 44.032904 ], [ 1.557147, 44.035564 ], [ 1.548558, 44.036791 ], [ 1.545021, 44.036123 ], [ 1.544128, 44.038014 ], [ 1.543727, 44.03853 ], [ 1.54344, 44.038973 ], [ 1.543174, 44.039442 ], [ 1.543012959522368, 44.040682112118809 ], [ 1.549534, 44.038956 ], [ 1.557735, 44.037367 ], [ 1.559802, 44.040314 ], [ 1.558383, 44.047789 ], [ 1.566122, 44.048629 ], [ 1.56711572755613, 44.048727689520462 ], [ 1.564697, 44.047784 ], [ 1.563822, 44.044292 ] ] ], [ [ [ 1.533468, 44.034187 ], [ 1.532787471962461, 44.033757310483551 ], [ 1.532455421473548, 44.039887594986006 ], [ 1.533111327625355, 44.039985294372549 ], [ 1.533172, 44.037345 ], [ 1.533468, 44.034187 ] ] ], [ [ [ 1.402196, 44.11613 ], [ 1.401493, 44.117795 ], [ 1.401433, 44.117995 ], [ 1.401433, 44.118609 ], [ 1.402055, 44.119727 ], [ 1.398606, 44.127828 ], [ 1.397561, 44.12774 ], [ 1.39696, 44.128214 ], [ 1.396842, 44.128301 ], [ 1.3889, 44.131511 ], [ 1.385950090914203, 44.131277780691939 ], [ 1.384458, 44.133666 ], [ 1.384277, 44.134262 ], [ 1.383924, 44.135058 ], [ 1.381014358618088, 44.135564509286041 ], [ 1.387102, 44.13929 ], [ 1.388871, 44.142426 ], [ 1.393513, 44.147392 ], [ 1.394343, 44.150895 ], [ 1.396118, 44.150475 ], [ 1.400123, 44.157969 ], [ 1.397635, 44.160295 ], [ 1.397106, 44.160611 ], [ 1.395084, 44.161984 ], [ 1.394658, 44.162341 ], [ 1.39537, 44.165408 ], [ 1.395961, 44.165592 ], [ 1.396529, 44.165417 ], [ 1.396841, 44.165227 ], [ 1.399094, 44.163613 ], [ 1.399644, 44.163341 ], [ 1.400485, 44.162961 ], [ 1.402006, 44.162033 ], [ 1.410026, 44.163301 ], [ 1.411284, 44.166674 ], [ 1.412478, 44.16733 ], [ 1.417995, 44.172116 ], [ 1.417543, 44.170711 ], [ 1.416253, 44.164228 ], [ 1.413616, 44.160529 ], [ 1.406527, 44.15715 ], [ 1.403324, 44.159584 ], [ 1.400296, 44.157636 ], [ 1.400605, 44.157156 ], [ 1.401158, 44.15636 ], [ 1.399012, 44.147818 ], [ 1.39883, 44.147631 ], [ 1.39875, 44.145139 ], [ 1.393943, 44.13855 ], [ 1.391745, 44.135108 ], [ 1.391448, 44.13152 ], [ 1.392693, 44.131417 ], [ 1.393414, 44.13146 ], [ 1.393866, 44.131527 ], [ 1.394832, 44.131875 ], [ 1.39602, 44.132616 ], [ 1.397701, 44.134478 ], [ 1.397955, 44.1347 ], [ 1.398309, 44.134982 ], [ 1.40261, 44.137024 ], [ 1.402703, 44.137113 ], [ 1.405439, 44.139453 ], [ 1.411375, 44.133055 ], [ 1.411088, 44.129467 ], [ 1.411642, 44.129422 ], [ 1.416638, 44.122208 ], [ 1.409975, 44.118211 ], [ 1.408303, 44.118765 ], [ 1.406817, 44.115486 ], [ 1.410075, 44.108893 ], [ 1.408844754437894, 44.107155278143516 ], [ 1.404788, 44.108027 ], [ 1.402675, 44.110674 ], [ 1.402646643094067, 44.11070158195168 ], [ 1.402196, 44.11613 ] ] ], [ [ [ 1.418444, 44.172539 ], [ 1.417995, 44.172116 ], [ 1.417721623384822, 44.178301611478048 ], [ 1.418444, 44.172539 ] ] ], [ [ [ 1.508911018976866, 44.31610261948088 ], [ 1.509870645576125, 44.310226491846635 ], [ 1.509868128027015, 44.310197665909321 ], [ 1.508303, 44.317249 ], [ 1.508695, 44.316533 ], [ 1.508911018976866, 44.31610261948088 ] ] ] ] } }
]
}
