{
"type": "FeatureCollection",
"name": "Others",
"crs": { "type": "name", "properties": { "name": "urn:ogc:def:crs:OGC:1.3:CRS84" } },
"features": [
{ "type": "Feature", "properties": { "codgeo": "34079", "value": 60, "isochrone_group": 1.0, "nb_agences": 3 }, "geometry": { "type": "MultiPolygon", "coordinates": [ [ [ [ 3.435622, 43.62364 ], [ 3.435865, 43.623905 ], [ 3.436729, 43.624311 ], [ 3.437085, 43.624263 ], [ 3.438162, 43.622975 ], [ 3.438302, 43.622819 ], [ 3.438441, 43.622663 ], [ 3.438733, 43.621951 ], [ 3.438716, 43.621416 ], [ 3.438701, 43.621354 ], [ 3.436396, 43.621363 ], [ 3.435572, 43.622567 ], [ 3.435622, 43.62364 ] ] ], [ [ [ 3.435537, 43.623699 ], [ 3.434278, 43.623882 ], [ 3.431674, 43.625296 ], [ 3.431602658339183, 43.625359284249704 ], [ 3.431469, 43.62544 ], [ 3.431047, 43.625713 ], [ 3.431108, 43.626068 ], [ 3.433101, 43.626819 ], [ 3.434721, 43.626348 ], [ 3.43487, 43.62602 ], [ 3.434506190900488, 43.625597851802105 ], [ 3.435742, 43.623995 ], [ 3.435537, 43.623699 ] ] ] ] } },
{ "type": "Feature", "properties": { "codgeo": "34079", "value": 120, "isochrone_group": 2.0, "nb_agences": 3 }, "geometry": { "type": "Polygon", "coordinates": [ [ [ 3.437866, 43.62596 ], [ 3.440038, 43.623955 ], [ 3.442696, 43.619709 ], [ 3.442665, 43.619351 ], [ 3.440526, 43.619072 ], [ 3.436887, 43.616818 ], [ 3.436527, 43.616808 ], [ 3.433236, 43.618593 ], [ 3.433161, 43.618945 ], [ 3.432855428225713, 43.624041533436625 ], [ 3.431977030808603, 43.624732523448394 ], [ 3.42788, 43.625859 ], [ 3.425659, 43.625542 ], [ 3.425629, 43.62554 ], [ 3.425494, 43.625568 ], [ 3.425478231753992, 43.625606724957116 ], [ 3.425475, 43.625607 ], [ 3.425442, 43.625642 ], [ 3.425430962003453, 43.625722813903295 ], [ 3.425358, 43.625902 ], [ 3.425656, 43.626122 ], [ 3.427572, 43.62717 ], [ 3.43086, 43.62794 ], [ 3.431611, 43.62788 ], [ 3.436397, 43.627548 ], [ 3.436458, 43.627358 ], [ 3.436711113130018, 43.626349461600505 ], [ 3.437381, 43.626169 ], [ 3.437866, 43.62596 ] ], [ [ 3.435572, 43.622567 ], [ 3.436396, 43.621363 ], [ 3.438701, 43.621354 ], [ 3.438716, 43.621416 ], [ 3.438733, 43.621951 ], [ 3.438441, 43.622663 ], [ 3.438302, 43.622819 ], [ 3.438162, 43.622975 ], [ 3.437085, 43.624263 ], [ 3.436729, 43.624311 ], [ 3.435865, 43.623905 ], [ 3.435622, 43.62364 ], [ 3.435572, 43.622567 ] ], [ [ 3.435742, 43.623995 ], [ 3.434506190900488, 43.625597851802105 ], [ 3.43487, 43.62602 ], [ 3.434721, 43.626348 ], [ 3.433101, 43.626819 ], [ 3.431108, 43.626068 ], [ 3.431047, 43.625713 ], [ 3.431469, 43.62544 ], [ 3.431602658339183, 43.625359284249704 ], [ 3.431674, 43.625296 ], [ 3.434278, 43.623882 ], [ 3.435537, 43.623699 ], [ 3.435742, 43.623995 ] ] ] } },
{ "type": "Feature", "properties": { "codgeo": "34079", "value": 180, "isochrone_group": 3.0, "nb_agences": 3 }, "geometry": { "type": "Polygon", "coordinates": [ [ [ 3.4385, 43.62943 ], [ 3.441375, 43.626248 ], [ 3.444488, 43.622775 ], [ 3.451251, 43.617297 ], [ 3.451299, 43.617222 ], [ 3.451327, 43.617166 ], [ 3.451222, 43.616938 ], [ 3.451163, 43.616943 ], [ 3.451056, 43.616982 ], [ 3.4503, 43.617251 ], [ 3.442139, 43.615714 ], [ 3.440448, 43.613759 ], [ 3.440263, 43.61345 ], [ 3.437988, 43.610701 ], [ 3.436695, 43.608855 ], [ 3.436344, 43.608934 ], [ 3.433071, 43.610226 ], [ 3.432874, 43.610527 ], [ 3.429154, 43.618665 ], [ 3.428252, 43.618971 ], [ 3.425723438719667, 43.62555119724184 ], [ 3.42788, 43.625859 ], [ 3.431977030808603, 43.624732523448394 ], [ 3.432855428225713, 43.624041533436625 ], [ 3.433161, 43.618945 ], [ 3.433236, 43.618593 ], [ 3.436527, 43.616808 ], [ 3.436887, 43.616818 ], [ 3.440526, 43.619072 ], [ 3.442665, 43.619351 ], [ 3.442696, 43.619709 ], [ 3.440038, 43.623955 ], [ 3.437866, 43.62596 ], [ 3.437381, 43.626169 ], [ 3.436711113130018, 43.626349461600505 ], [ 3.436458, 43.627358 ], [ 3.436397, 43.627548 ], [ 3.431611, 43.62788 ], [ 3.43086, 43.62794 ], [ 3.427572, 43.62717 ], [ 3.425656, 43.626122 ], [ 3.425358, 43.625902 ], [ 3.425430962003453, 43.625722813903295 ], [ 3.425442, 43.625642 ], [ 3.425475, 43.625607 ], [ 3.425478231753992, 43.625606724957116 ], [ 3.425494, 43.625568 ], [ 3.425548507386259, 43.625556694764335 ], [ 3.422543, 43.624566 ], [ 3.420081, 43.624017 ], [ 3.418016, 43.624231 ], [ 3.417907, 43.624574 ], [ 3.421447, 43.628128 ], [ 3.428925, 43.628998 ], [ 3.431434, 43.629547 ], [ 3.435707, 43.63073 ], [ 3.436014, 43.630542 ], [ 3.436820339609934, 43.629268225924463 ], [ 3.438197, 43.629626 ], [ 3.4385, 43.62943 ] ] ] } },
{ "type": "Feature", "properties": { "codgeo": "34079", "value": 240, "isochrone_group": 4.0, "nb_agences": 3 }, "geometry": { "type": "Polygon", "coordinates": [ [ [ 3.440538, 43.633138 ], [ 3.440565, 43.633128 ], [ 3.443798, 43.628537 ], [ 3.446057, 43.625559 ], [ 3.452157, 43.619263 ], [ 3.456821, 43.614973 ], [ 3.456741, 43.614622 ], [ 3.455838, 43.614194 ], [ 3.452493, 43.613563 ], [ 3.445591, 43.611719 ], [ 3.442439, 43.607128 ], [ 3.44123, 43.605929 ], [ 3.438456, 43.602925 ], [ 3.438454, 43.602924 ], [ 3.438245, 43.602968 ], [ 3.434679, 43.603881 ], [ 3.434366, 43.604058 ], [ 3.429976, 43.606749 ], [ 3.429457, 43.607429 ], [ 3.429766, 43.610963 ], [ 3.429871, 43.611307 ], [ 3.427018, 43.619668 ], [ 3.425732, 43.620011 ], [ 3.420803352951097, 43.623312144241119 ], [ 3.418462, 43.622233 ], [ 3.412453, 43.621036 ], [ 3.412251, 43.621333 ], [ 3.414953, 43.623979 ], [ 3.418106, 43.629631 ], [ 3.418622, 43.630662 ], [ 3.418942, 43.630828 ], [ 3.420393, 43.629957 ], [ 3.428682, 43.630728 ], [ 3.429016, 43.630862 ], [ 3.431796, 43.632377 ], [ 3.439633, 43.633031 ], [ 3.439682452881761, 43.632899774636599 ], [ 3.440338, 43.633083 ], [ 3.440538, 43.633138 ] ], [ [ 3.436820339609934, 43.629268225924463 ], [ 3.436014, 43.630542 ], [ 3.435707, 43.63073 ], [ 3.431434, 43.629547 ], [ 3.428925, 43.628998 ], [ 3.421447, 43.628128 ], [ 3.417907, 43.624574 ], [ 3.418016, 43.624231 ], [ 3.420081, 43.624017 ], [ 3.422543, 43.624566 ], [ 3.42570189708877, 43.625607256069166 ], [ 3.428252, 43.618971 ], [ 3.429154, 43.618665 ], [ 3.432874, 43.610527 ], [ 3.433071, 43.610226 ], [ 3.436344, 43.608934 ], [ 3.436695, 43.608855 ], [ 3.437988, 43.610701 ], [ 3.440263, 43.61345 ], [ 3.440448, 43.613759 ], [ 3.442139, 43.615714 ], [ 3.4503, 43.617251 ], [ 3.451056, 43.616982 ], [ 3.451163, 43.616943 ], [ 3.451222, 43.616938 ], [ 3.451327, 43.617166 ], [ 3.451299, 43.617222 ], [ 3.451251, 43.617297 ], [ 3.444488, 43.622775 ], [ 3.441375, 43.626248 ], [ 3.4385, 43.62943 ], [ 3.438197, 43.629626 ], [ 3.436820339609934, 43.629268225924463 ] ] ] } },
{ "type": "Feature", "properties": { "codgeo": "34079", "value": 300, "isochrone_group": 5.0, "nb_agences": 3 }, "geometry": { "type": "Polygon", "coordinates": [ [ [ 3.404923, 43.616288 ], [ 3.405851, 43.618704 ], [ 3.408002, 43.621227 ], [ 3.408116, 43.621354 ], [ 3.412402, 43.624754 ], [ 3.41446, 43.629356 ], [ 3.415121, 43.632831 ], [ 3.416454, 43.634886 ], [ 3.418465, 43.636434 ], [ 3.418509, 43.636427 ], [ 3.420043, 43.634603 ], [ 3.427431, 43.633824 ], [ 3.43074, 43.635177 ], [ 3.430836, 43.635223 ], [ 3.430987, 43.635262 ], [ 3.433054967884779, 43.635444167713601 ], [ 3.439334, 43.638409 ], [ 3.443074, 43.641233 ], [ 3.445522, 43.638594 ], [ 3.447982, 43.631876 ], [ 3.448718, 43.62823 ], [ 3.454317, 43.621644 ], [ 3.456848022540753, 43.618232981201757 ], [ 3.458761380269652, 43.616650642778247 ], [ 3.461447, 43.615517 ], [ 3.461936, 43.615384 ], [ 3.462503, 43.615205 ], [ 3.463198, 43.614952 ], [ 3.463899, 43.614648 ], [ 3.464733, 43.614212 ], [ 3.465155, 43.613969 ], [ 3.462578, 43.605744 ], [ 3.458595, 43.60585 ], [ 3.45816, 43.606087 ], [ 3.455017, 43.607421 ], [ 3.448727, 43.604317 ], [ 3.446573, 43.602375 ], [ 3.444147, 43.598919 ], [ 3.442265, 43.596058 ], [ 3.434273, 43.597869 ], [ 3.433421, 43.597922 ], [ 3.432247, 43.598883 ], [ 3.43206, 43.599307 ], [ 3.426839, 43.60641 ], [ 3.426431, 43.610162 ], [ 3.427310255337455, 43.613315316970308 ], [ 3.426769551301979, 43.614584906276868 ], [ 3.423879, 43.618977 ], [ 3.418118, 43.619516 ], [ 3.4117, 43.616029 ], [ 3.410362, 43.614592 ], [ 3.409415, 43.613418 ], [ 3.408823, 43.612622 ], [ 3.408494, 43.612294 ], [ 3.407226391849989, 43.613185732522709 ], [ 3.406399, 43.612728 ], [ 3.406184, 43.613017 ], [ 3.40607822616581, 43.614413439662016 ], [ 3.404935, 43.616262 ], [ 3.404923, 43.616288 ] ], [ [ 3.439682452881761, 43.632899774636599 ], [ 3.439633, 43.633031 ], [ 3.431796, 43.632377 ], [ 3.429016, 43.630862 ], [ 3.428682, 43.630728 ], [ 3.420393, 43.629957 ], [ 3.418942, 43.630828 ], [ 3.418622, 43.630662 ], [ 3.418106, 43.629631 ], [ 3.414953, 43.623979 ], [ 3.412251, 43.621333 ], [ 3.412453, 43.621036 ], [ 3.418462, 43.622233 ], [ 3.420803352951097, 43.623312144241119 ], [ 3.425732, 43.620011 ], [ 3.427018, 43.619668 ], [ 3.429871, 43.611307 ], [ 3.429766, 43.610963 ], [ 3.429457, 43.607429 ], [ 3.429976, 43.606749 ], [ 3.434366, 43.604058 ], [ 3.434679, 43.603881 ], [ 3.438245, 43.602968 ], [ 3.438454, 43.602924 ], [ 3.438456, 43.602925 ], [ 3.44123, 43.605929 ], [ 3.442439, 43.607128 ], [ 3.445591, 43.611719 ], [ 3.452493, 43.613563 ], [ 3.455838, 43.614194 ], [ 3.456741, 43.614622 ], [ 3.456821, 43.614973 ], [ 3.452157, 43.619263 ], [ 3.446057, 43.625559 ], [ 3.443798, 43.628537 ], [ 3.440565, 43.633128 ], [ 3.440538, 43.633138 ], [ 3.440338, 43.633083 ], [ 3.439682452881761, 43.632899774636599 ] ] ] } },
{ "type": "Feature", "properties": { "codgeo": "34079", "value": 360, "isochrone_group": 6.0, "nb_agences": 3 }, "geometry": { "type": "Polygon", "coordinates": [ [ [ 3.415757, 43.617242 ], [ 3.415374073804897, 43.616817787112268 ], [ 3.412094, 43.613037 ], [ 3.407217240213918, 43.610850659681226 ], [ 3.405313, 43.609777 ], [ 3.403095, 43.606942 ], [ 3.400829, 43.607153 ], [ 3.400401, 43.607208 ], [ 3.400145, 43.607267 ], [ 3.399371, 43.608703 ], [ 3.399367697314225, 43.608750338496094 ], [ 3.398719575734888, 43.611616374103527 ], [ 3.397363, 43.617496 ], [ 3.397101, 43.617577 ], [ 3.396104, 43.618972 ], [ 3.3961, 43.619171 ], [ 3.398174, 43.621014 ], [ 3.406273, 43.62319 ], [ 3.408799, 43.625992 ], [ 3.412084, 43.632684 ], [ 3.412118, 43.632756 ], [ 3.413117630356602, 43.634043306014782 ], [ 3.416931, 43.640317 ], [ 3.417021, 43.640438 ], [ 3.418313, 43.641162 ], [ 3.419307, 43.641528 ], [ 3.419787, 43.641074 ], [ 3.420109, 43.640671 ], [ 3.427479, 43.636841 ], [ 3.432387, 43.6389 ], [ 3.433899, 43.640243 ], [ 3.434692, 43.640409 ], [ 3.434822, 43.64037 ], [ 3.438913395259109, 43.640932264400575 ], [ 3.441689, 43.641753 ], [ 3.444407, 43.644506 ], [ 3.444884, 43.644941 ], [ 3.445327, 43.64525 ], [ 3.449409, 43.645929 ], [ 3.450359, 43.642457 ], [ 3.451626, 43.63581 ], [ 3.455511, 43.630273 ], [ 3.454607, 43.626788 ], [ 3.454842557691122, 43.622704206897033 ], [ 3.455392834548359, 43.621181618813232 ], [ 3.457788447044721, 43.618940148585082 ], [ 3.461778007605352, 43.615519464076471 ], [ 3.462656, 43.615526 ], [ 3.463759, 43.615477 ], [ 3.464267, 43.615266 ], [ 3.46599, 43.614425 ], [ 3.466507, 43.614176 ], [ 3.466947, 43.613805 ], [ 3.473013, 43.609692 ], [ 3.471318, 43.606516 ], [ 3.464222149698299, 43.604804964737447 ], [ 3.464119355365126, 43.604471201896757 ], [ 3.465063, 43.598409 ], [ 3.465402, 43.597824 ], [ 3.465819, 43.597019 ], [ 3.466241, 43.596072 ], [ 3.46656, 43.595226 ], [ 3.46679, 43.594468 ], [ 3.466997, 43.593545 ], [ 3.467165, 43.592534 ], [ 3.467243, 43.591652 ], [ 3.467276, 43.590818 ], [ 3.463679, 43.590676 ], [ 3.463646, 43.591511 ], [ 3.46358, 43.592207 ], [ 3.463449, 43.592936 ], [ 3.463279, 43.593671 ], [ 3.463123, 43.594155 ], [ 3.462877, 43.594792 ], [ 3.462536, 43.595543 ], [ 3.462212, 43.596156 ], [ 3.461953, 43.596597 ], [ 3.453743, 43.593033 ], [ 3.453476, 43.590963 ], [ 3.453167, 43.59068 ], [ 3.451883, 43.58995 ], [ 3.451023, 43.590469 ], [ 3.446805, 43.592434 ], [ 3.446511, 43.592582 ], [ 3.445868, 43.593069 ], [ 3.437287, 43.592355 ], [ 3.429969, 43.591749 ], [ 3.42737, 43.591708 ], [ 3.427316, 43.591832 ], [ 3.428645, 43.595832 ], [ 3.428410003182801, 43.600537208708467 ], [ 3.426475, 43.604467 ], [ 3.426366, 43.604851 ], [ 3.426370560157392, 43.605367311153536 ], [ 3.424613, 43.608079 ], [ 3.423832, 43.610922 ], [ 3.425012, 43.613458 ], [ 3.425093159331217, 43.614779934191525 ], [ 3.424869694848831, 43.615552398821428 ], [ 3.420718331425343, 43.61830182640027 ], [ 3.415757, 43.617242 ] ], [ [ 3.40607822616581, 43.614413439662016 ], [ 3.406184, 43.613017 ], [ 3.406399, 43.612728 ], [ 3.407226391849989, 43.613185732522709 ], [ 3.408494, 43.612294 ], [ 3.408823, 43.612622 ], [ 3.409415, 43.613418 ], [ 3.410362, 43.614592 ], [ 3.4117, 43.616029 ], [ 3.418118, 43.619516 ], [ 3.423879, 43.618977 ], [ 3.426769551301979, 43.614584906276868 ], [ 3.427310255337455, 43.613315316970308 ], [ 3.426431, 43.610162 ], [ 3.426839, 43.60641 ], [ 3.43206, 43.599307 ], [ 3.432247, 43.598883 ], [ 3.433421, 43.597922 ], [ 3.434273, 43.597869 ], [ 3.442265, 43.596058 ], [ 3.444147, 43.598919 ], [ 3.446573, 43.602375 ], [ 3.448727, 43.604317 ], [ 3.455017, 43.607421 ], [ 3.45816, 43.606087 ], [ 3.458595, 43.60585 ], [ 3.462578, 43.605744 ], [ 3.465155, 43.613969 ], [ 3.464733, 43.614212 ], [ 3.463899, 43.614648 ], [ 3.463198, 43.614952 ], [ 3.462503, 43.615205 ], [ 3.461936, 43.615384 ], [ 3.461447, 43.615517 ], [ 3.458761380269652, 43.616650642778247 ], [ 3.456848022540753, 43.618232981201757 ], [ 3.454317, 43.621644 ], [ 3.448718, 43.62823 ], [ 3.447982, 43.631876 ], [ 3.445522, 43.638594 ], [ 3.443074, 43.641233 ], [ 3.439334, 43.638409 ], [ 3.433054967884779, 43.635444167713601 ], [ 3.430987, 43.635262 ], [ 3.430836, 43.635223 ], [ 3.43074, 43.635177 ], [ 3.427431, 43.633824 ], [ 3.420043, 43.634603 ], [ 3.418509, 43.636427 ], [ 3.418465, 43.636434 ], [ 3.416454, 43.634886 ], [ 3.415121, 43.632831 ], [ 3.41446, 43.629356 ], [ 3.412402, 43.624754 ], [ 3.408116, 43.621354 ], [ 3.408002, 43.621227 ], [ 3.405851, 43.618704 ], [ 3.404923, 43.616288 ], [ 3.404935, 43.616262 ], [ 3.40607822616581, 43.614413439662016 ] ] ] } },
{ "type": "Feature", "properties": { "codgeo": "34079", "value": 420, "isochrone_group": 7.0, "nb_agences": 3 }, "geometry": { "type": "MultiPolygon", "coordinates": [ [ [ [ 3.467658, 43.580537 ], [ 3.467622, 43.579081 ], [ 3.46757, 43.578282 ], [ 3.467525, 43.5779 ], [ 3.467262, 43.576402 ], [ 3.466983, 43.575209 ], [ 3.46608, 43.57237 ], [ 3.462649, 43.57346 ], [ 3.463552, 43.5763 ], [ 3.463752, 43.577203 ], [ 3.463979, 43.578519 ], [ 3.456987, 43.583842 ], [ 3.455561, 43.585174 ], [ 3.453836, 43.587967 ], [ 3.445474, 43.589136 ], [ 3.444867, 43.589022 ], [ 3.444404, 43.588963 ], [ 3.443987, 43.588951 ], [ 3.443624, 43.588983 ], [ 3.442676, 43.589132 ], [ 3.438273, 43.589577 ], [ 3.433048, 43.587276 ], [ 3.432227, 43.586695 ], [ 3.4316, 43.586572 ], [ 3.430872, 43.586668 ], [ 3.430587, 43.586772 ], [ 3.428648, 43.587614 ], [ 3.428071, 43.587908 ], [ 3.422474, 43.592144 ], [ 3.422422, 43.595744 ], [ 3.422598, 43.601173 ], [ 3.422608, 43.601233 ], [ 3.423773, 43.602635 ], [ 3.421980191149351, 43.60932497750683 ], [ 3.416390424233027, 43.611587912627023 ], [ 3.416231, 43.611604 ], [ 3.413852, 43.610487 ], [ 3.409686, 43.603771 ], [ 3.409377, 43.60289 ], [ 3.4092, 43.602613 ], [ 3.409193445314608, 43.602615925195799 ], [ 3.409085, 43.602454 ], [ 3.408865, 43.60218 ], [ 3.406166, 43.603967 ], [ 3.405755, 43.604261 ], [ 3.400005543509917, 43.606323842490248 ], [ 3.396652, 43.604905 ], [ 3.396365392253594, 43.605056420198778 ], [ 3.396335, 43.605055 ], [ 3.39626367264417, 43.605110160558773 ], [ 3.394392, 43.606099 ], [ 3.390716, 43.609256 ], [ 3.391403, 43.612789 ], [ 3.387132, 43.618877 ], [ 3.386843, 43.620957 ], [ 3.387001, 43.621247 ], [ 3.387676816141648, 43.621844887310459 ], [ 3.387668, 43.621921 ], [ 3.3882265510937, 43.62233123194131 ], [ 3.388562, 43.622628 ], [ 3.391106, 43.622671 ], [ 3.392303, 43.622697 ], [ 3.396543, 43.623315 ], [ 3.396549466725435, 43.623313777299813 ], [ 3.396551, 43.623314 ], [ 3.396781, 43.62327 ], [ 3.397689, 43.623119 ], [ 3.405875, 43.625358 ], [ 3.406620742685746, 43.625976299658596 ], [ 3.408882, 43.628026 ], [ 3.410200132961874, 43.628846301911985 ], [ 3.408799, 43.625992 ], [ 3.406273, 43.62319 ], [ 3.398174, 43.621014 ], [ 3.3961, 43.619171 ], [ 3.396104, 43.618972 ], [ 3.397101, 43.617577 ], [ 3.397363, 43.617496 ], [ 3.398719575734888, 43.611616374103527 ], [ 3.399367697314225, 43.608750338496094 ], [ 3.399371, 43.608703 ], [ 3.400145, 43.607267 ], [ 3.400401, 43.607208 ], [ 3.400829, 43.607153 ], [ 3.403095, 43.606942 ], [ 3.405313, 43.609777 ], [ 3.407217240213918, 43.610850659681226 ], [ 3.412094, 43.613037 ], [ 3.415374073804897, 43.616817787112268 ], [ 3.415757, 43.617242 ], [ 3.420718331425343, 43.61830182640027 ], [ 3.424869694848831, 43.615552398821428 ], [ 3.425093159331217, 43.614779934191525 ], [ 3.425012, 43.613458 ], [ 3.423832, 43.610922 ], [ 3.424613, 43.608079 ], [ 3.426370560157392, 43.605367311153536 ], [ 3.426366, 43.604851 ], [ 3.426475, 43.604467 ], [ 3.428410003182801, 43.600537208708467 ], [ 3.428645, 43.595832 ], [ 3.427316, 43.591832 ], [ 3.42737, 43.591708 ], [ 3.429969, 43.591749 ], [ 3.437287, 43.592355 ], [ 3.445868, 43.593069 ], [ 3.446511, 43.592582 ], [ 3.446805, 43.592434 ], [ 3.451023, 43.590469 ], [ 3.451883, 43.58995 ], [ 3.453167, 43.59068 ], [ 3.453476, 43.590963 ], [ 3.453743, 43.593033 ], [ 3.461953, 43.596597 ], [ 3.462212, 43.596156 ], [ 3.462536, 43.595543 ], [ 3.462877, 43.594792 ], [ 3.463123, 43.594155 ], [ 3.463279, 43.593671 ], [ 3.463449, 43.592936 ], [ 3.46358, 43.592207 ], [ 3.463646, 43.591511 ], [ 3.463679, 43.590676 ], [ 3.467266975754404, 43.590817643746774 ], [ 3.467273, 43.590608 ], [ 3.467512, 43.582929 ], [ 3.46750641931611, 43.582928080884002 ], [ 3.467546, 43.582684 ], [ 3.4676, 43.581999 ], [ 3.467658, 43.580537 ] ] ], [ [ [ 3.409002, 43.639524 ], [ 3.408938, 43.639737 ], [ 3.41026, 43.642013 ], [ 3.411642, 43.642691 ], [ 3.418424, 43.643728 ], [ 3.421043, 43.642673 ], [ 3.430042, 43.642564 ], [ 3.431067, 43.644581 ], [ 3.431359, 43.644562 ], [ 3.432168, 43.64435 ], [ 3.432664, 43.644203 ], [ 3.434233, 43.643769 ], [ 3.440468250621515, 43.644163303984357 ], [ 3.440489, 43.644166 ], [ 3.444649, 43.647069 ], [ 3.445413, 43.647687 ], [ 3.445562, 43.647753 ], [ 3.44559885701262, 43.647747068986483 ], [ 3.446038, 43.647889 ], [ 3.446608, 43.647952 ], [ 3.446808, 43.647913 ], [ 3.453306316015974, 43.646597150115426 ], [ 3.453814, 43.645747 ], [ 3.453206, 43.642647 ], [ 3.453279, 43.64262 ], [ 3.455756, 43.641926 ], [ 3.456038191451492, 43.641866920316431 ], [ 3.457673, 43.636846 ], [ 3.457552, 43.6359 ], [ 3.457742, 43.633247 ], [ 3.462985, 43.628707 ], [ 3.463447, 43.628594 ], [ 3.464031, 43.628411 ], [ 3.462951, 43.624976 ], [ 3.464469, 43.616424 ], [ 3.468289, 43.615445 ], [ 3.47455, 43.611392 ], [ 3.47736, 43.610301 ], [ 3.480549, 43.605444 ], [ 3.478622, 43.602403 ], [ 3.478217, 43.602659 ], [ 3.472691, 43.604185 ], [ 3.470908, 43.604908 ], [ 3.465402, 43.597824 ], [ 3.465063, 43.598409 ], [ 3.464119355365126, 43.604471201896757 ], [ 3.464222149698299, 43.604804964737447 ], [ 3.471318, 43.606516 ], [ 3.473013, 43.609692 ], [ 3.466947, 43.613805 ], [ 3.466507, 43.614176 ], [ 3.46599, 43.614425 ], [ 3.464267, 43.615266 ], [ 3.463759, 43.615477 ], [ 3.462656, 43.615526 ], [ 3.461778007605352, 43.615519464076471 ], [ 3.457788447044721, 43.618940148585082 ], [ 3.455392834548359, 43.621181618813232 ], [ 3.454842557691122, 43.622704206897033 ], [ 3.454607, 43.626788 ], [ 3.455511, 43.630273 ], [ 3.451626, 43.63581 ], [ 3.450359, 43.642457 ], [ 3.449409, 43.645929 ], [ 3.445327, 43.64525 ], [ 3.444884, 43.644941 ], [ 3.444407, 43.644506 ], [ 3.441689, 43.641753 ], [ 3.438913395259109, 43.640932264400575 ], [ 3.434822, 43.64037 ], [ 3.434692, 43.640409 ], [ 3.433899, 43.640243 ], [ 3.432387, 43.6389 ], [ 3.427479, 43.636841 ], [ 3.420109, 43.640671 ], [ 3.419787, 43.641074 ], [ 3.419307, 43.641528 ], [ 3.418313, 43.641162 ], [ 3.417021, 43.640438 ], [ 3.416931, 43.640317 ], [ 3.413117630356602, 43.634043306014782 ], [ 3.412118, 43.632756 ], [ 3.412084, 43.632684 ], [ 3.411258244416977, 43.631001821503318 ], [ 3.410817, 43.638456 ], [ 3.409002, 43.639524 ] ] ], [ [ [ 3.466971082479296, 43.593660564597151 ], [ 3.466997, 43.593545 ], [ 3.46679, 43.594468 ], [ 3.466973, 43.593661 ], [ 3.466971082479296, 43.593660564597151 ] ] ] ] } },
{ "type": "Feature", "properties": { "codgeo": "34079", "value": 480, "isochrone_group": 8.0, "nb_agences": 3 }, "geometry": { "type": "MultiPolygon", "coordinates": [ [ [ [ 3.43059, 43.585933 ], [ 3.422167, 43.584268 ], [ 3.421051, 43.585624 ], [ 3.420675, 43.587545 ], [ 3.415985, 43.594179 ], [ 3.416817, 43.597372 ], [ 3.417208054893178, 43.597789986445179 ], [ 3.41312622282273, 43.599702961271021 ], [ 3.413139, 43.599677 ], [ 3.411822, 43.598085 ], [ 3.410745, 43.596989 ], [ 3.407093, 43.598832 ], [ 3.406155, 43.601058 ], [ 3.398220590777271, 43.603441357683096 ], [ 3.395101, 43.602142 ], [ 3.393185, 43.601644 ], [ 3.390364, 43.6011 ], [ 3.389816, 43.600996 ], [ 3.388285, 43.602418 ], [ 3.380671556489537, 43.606648243812195 ], [ 3.38055, 43.606657 ], [ 3.38051325889766, 43.606851304962738 ], [ 3.378658, 43.609622 ], [ 3.379127, 43.618249 ], [ 3.378458, 43.621787 ], [ 3.379659, 43.622154 ], [ 3.380068, 43.622268 ], [ 3.382265, 43.622802 ], [ 3.387033, 43.623628 ], [ 3.395377, 43.624595 ], [ 3.396093, 43.624453 ], [ 3.402813, 43.625163 ], [ 3.403099, 43.625192 ], [ 3.403585, 43.625253 ], [ 3.407248, 43.627067 ], [ 3.402288, 43.634294 ], [ 3.40173, 43.634183 ], [ 3.400159, 43.635775 ], [ 3.400144, 43.635866 ], [ 3.401025, 43.637713 ], [ 3.402924, 43.64374 ], [ 3.404456, 43.644446 ], [ 3.406821, 43.645304 ], [ 3.411722, 43.645191 ], [ 3.420164, 43.647031 ], [ 3.420182947844635, 43.647026988519386 ], [ 3.420183, 43.647027 ], [ 3.420386, 43.646984 ], [ 3.42083, 43.646829 ], [ 3.421535990634707, 43.646497794517074 ], [ 3.428132980141068, 43.645129410332999 ], [ 3.431209, 43.646495 ], [ 3.431371, 43.646673 ], [ 3.43155332830121, 43.64660429923255 ], [ 3.433619, 43.64726 ], [ 3.434076, 43.646717 ], [ 3.436608, 43.644201 ], [ 3.444649, 43.647069 ], [ 3.440489, 43.644166 ], [ 3.440468250621515, 43.644163303984357 ], [ 3.434233, 43.643769 ], [ 3.432664, 43.644203 ], [ 3.432168, 43.64435 ], [ 3.431359, 43.644562 ], [ 3.431067, 43.644581 ], [ 3.430042, 43.642564 ], [ 3.421043, 43.642673 ], [ 3.418424, 43.643728 ], [ 3.411642, 43.642691 ], [ 3.41026, 43.642013 ], [ 3.408938, 43.639737 ], [ 3.409002, 43.639524 ], [ 3.410817, 43.638456 ], [ 3.411275893703611, 43.630703662642027 ], [ 3.41034042103215, 43.628933606133629 ], [ 3.408882, 43.628026 ], [ 3.406620742685746, 43.625976299658596 ], [ 3.405875, 43.625358 ], [ 3.397689, 43.623119 ], [ 3.396781, 43.62327 ], [ 3.396551, 43.623314 ], [ 3.396549466725435, 43.623313777299813 ], [ 3.396543, 43.623315 ], [ 3.392303, 43.622697 ], [ 3.391106, 43.622671 ], [ 3.388562, 43.622628 ], [ 3.3882265510937, 43.62233123194131 ], [ 3.387668, 43.621921 ], [ 3.387676816141648, 43.621844887310459 ], [ 3.387001, 43.621247 ], [ 3.386843, 43.620957 ], [ 3.387132, 43.618877 ], [ 3.391403, 43.612789 ], [ 3.390716, 43.609256 ], [ 3.394392, 43.606099 ], [ 3.39626367264417, 43.605110160558773 ], [ 3.396335, 43.605055 ], [ 3.396365392253594, 43.605056420198778 ], [ 3.396652, 43.604905 ], [ 3.400005543509917, 43.606323842490248 ], [ 3.405755, 43.604261 ], [ 3.406166, 43.603967 ], [ 3.408865, 43.60218 ], [ 3.409085, 43.602454 ], [ 3.409193445314608, 43.602615925195799 ], [ 3.4092, 43.602613 ], [ 3.409377, 43.60289 ], [ 3.409686, 43.603771 ], [ 3.413852, 43.610487 ], [ 3.416231, 43.611604 ], [ 3.416390424233027, 43.611587912627023 ], [ 3.421980191149351, 43.60932497750683 ], [ 3.423773, 43.602635 ], [ 3.422608, 43.601233 ], [ 3.422598, 43.601173 ], [ 3.422422, 43.595744 ], [ 3.422474, 43.592144 ], [ 3.428071, 43.587908 ], [ 3.428648, 43.587614 ], [ 3.430587, 43.586772 ], [ 3.430872, 43.586668 ], [ 3.4316, 43.586572 ], [ 3.432227, 43.586695 ], [ 3.433048, 43.587276 ], [ 3.438273, 43.589577 ], [ 3.442676, 43.589132 ], [ 3.443624, 43.588983 ], [ 3.443987, 43.588951 ], [ 3.444404, 43.588963 ], [ 3.444867, 43.589022 ], [ 3.445474, 43.589136 ], [ 3.453836, 43.587967 ], [ 3.455561, 43.585174 ], [ 3.456987, 43.583842 ], [ 3.463979, 43.578519 ], [ 3.463752, 43.577203 ], [ 3.463552, 43.5763 ], [ 3.462649, 43.57346 ], [ 3.46608, 43.57237 ], [ 3.466983, 43.575209 ], [ 3.467262, 43.576402 ], [ 3.467114510879031, 43.568379320160624 ], [ 3.467131, 43.567523 ], [ 3.467698, 43.566219 ], [ 3.46791, 43.56558 ], [ 3.468098, 43.564814 ], [ 3.468232, 43.563824 ], [ 3.468254, 43.563325 ], [ 3.468228, 43.562561 ], [ 3.468087, 43.561566 ], [ 3.467878, 43.560776 ], [ 3.467635, 43.56009 ], [ 3.467302, 43.559333 ], [ 3.466771, 43.55841 ], [ 3.465947, 43.557263 ], [ 3.465409, 43.556661 ], [ 3.464663, 43.555971 ], [ 3.462217, 43.558612 ], [ 3.463837, 43.56607 ], [ 3.463836439195004, 43.566071204392522 ], [ 3.463836, 43.566071 ], [ 3.462936, 43.568005 ], [ 3.462687, 43.568705 ], [ 3.462403, 43.570104 ], [ 3.462357, 43.570977 ], [ 3.462364, 43.571658 ], [ 3.461636593441207, 43.575312684722583 ], [ 3.460162086459537, 43.578724349416476 ], [ 3.460063, 43.578893 ], [ 3.452685, 43.581637 ], [ 3.451319, 43.581537 ], [ 3.449971, 43.583097 ], [ 3.449739, 43.583541 ], [ 3.445831758789278, 43.588250861695883 ], [ 3.444648, 43.588581 ], [ 3.444183, 43.588551 ], [ 3.440237242139169, 43.588581491716461 ], [ 3.43872, 43.588239 ], [ 3.436859, 43.587646 ], [ 3.43059, 43.585933 ] ] ], [ [ [ 3.460711804210507, 43.639198632534786 ], [ 3.46075091627634, 43.639128453143655 ], [ 3.464111, 43.635704 ], [ 3.465990024118686, 43.632192534661911 ], [ 3.464304, 43.627173 ], [ 3.464561, 43.624462 ], [ 3.466859, 43.622067 ], [ 3.466902, 43.622024 ], [ 3.467058, 43.621972 ], [ 3.469577649162957, 43.621037154276344 ], [ 3.469024, 43.619525 ], [ 3.475542, 43.615041 ], [ 3.482137, 43.609048 ], [ 3.482725, 43.60888 ], [ 3.487169, 43.602365 ], [ 3.487294, 43.602169 ], [ 3.486483, 43.599515 ], [ 3.486164, 43.599445 ], [ 3.484004, 43.599245 ], [ 3.479783, 43.599488 ], [ 3.475043, 43.599273 ], [ 3.469373272127394, 43.598749508041521 ], [ 3.4679864913383, 43.597012621938468 ], [ 3.466997, 43.593545 ], [ 3.466971082479296, 43.593660564597151 ], [ 3.466973, 43.593661 ], [ 3.46679, 43.594468 ], [ 3.46656, 43.595226 ], [ 3.466241, 43.596072 ], [ 3.465819, 43.597019 ], [ 3.465402, 43.597824 ], [ 3.470908, 43.604908 ], [ 3.472691, 43.604185 ], [ 3.478217, 43.602659 ], [ 3.478622, 43.602403 ], [ 3.480549, 43.605444 ], [ 3.47736, 43.610301 ], [ 3.47455, 43.611392 ], [ 3.468289, 43.615445 ], [ 3.464469, 43.616424 ], [ 3.462951, 43.624976 ], [ 3.464031, 43.628411 ], [ 3.463447, 43.628594 ], [ 3.462985, 43.628707 ], [ 3.457742, 43.633247 ], [ 3.457552, 43.6359 ], [ 3.457673, 43.636846 ], [ 3.455442178255516, 43.643697431153491 ], [ 3.45954, 43.642964 ], [ 3.460128144121984, 43.642649516157526 ], [ 3.460711804210507, 43.639198632534786 ] ] ], [ [ [ 3.44559885701262, 43.647747068986483 ], [ 3.445562, 43.647753 ], [ 3.445413, 43.647687 ], [ 3.444649, 43.647069 ], [ 3.445991040734336, 43.648804259397664 ], [ 3.445901010004346, 43.647844724833405 ], [ 3.44559885701262, 43.647747068986483 ] ] ] ] } },
{ "type": "Feature", "properties": { "codgeo": "34079", "value": 540, "isochrone_group": 9.0, "nb_agences": 3 }, "geometry": { "type": "MultiPolygon", "coordinates": [ [ [ [ 3.375643, 43.600125 ], [ 3.369293, 43.603911 ], [ 3.368941, 43.607412 ], [ 3.370466, 43.615407 ], [ 3.369965, 43.617246 ], [ 3.369847, 43.618954 ], [ 3.377452, 43.622404 ], [ 3.380109, 43.623699 ], [ 3.380617, 43.623735 ], [ 3.381226, 43.623799 ], [ 3.38162, 43.623796 ], [ 3.384529654535353, 43.623194324799975 ], [ 3.382265, 43.622802 ], [ 3.380068, 43.622268 ], [ 3.379659, 43.622154 ], [ 3.378458, 43.621787 ], [ 3.379127, 43.618249 ], [ 3.378658, 43.609622 ], [ 3.38051325889766, 43.606851304962738 ], [ 3.38055, 43.606657 ], [ 3.380671556489537, 43.606648243812195 ], [ 3.388285, 43.602418 ], [ 3.389816, 43.600996 ], [ 3.390364, 43.6011 ], [ 3.393185, 43.601644 ], [ 3.395101, 43.602142 ], [ 3.398220590777271, 43.603441357683096 ], [ 3.406155, 43.601058 ], [ 3.406782503937179, 43.599568848865502 ], [ 3.405340596855203, 43.60050909697275 ], [ 3.399063512638005, 43.6015107686626 ], [ 3.398759, 43.601528 ], [ 3.394458642661241, 43.600275101838889 ], [ 3.394329, 43.600235 ], [ 3.392674, 43.599877 ], [ 3.392314, 43.599811 ], [ 3.391303, 43.599655 ], [ 3.386302, 43.598696 ], [ 3.382429, 43.598071 ], [ 3.382021, 43.597997 ], [ 3.376747, 43.596698 ], [ 3.375643, 43.600125 ] ] ], [ [ [ 3.391187761405111, 43.624109502190635 ], [ 3.387033, 43.623628 ], [ 3.39118776140511, 43.624109502190635 ], [ 3.391187761405111, 43.624109502190635 ] ] ], [ [ [ 3.393156049772152, 43.632052226571055 ], [ 3.393137, 43.632094 ], [ 3.393083, 43.63225 ], [ 3.393033, 43.63268 ], [ 3.393048, 43.632843 ], [ 3.39391, 43.63476 ], [ 3.396286, 43.64029 ], [ 3.398177, 43.643259 ], [ 3.39824432736689, 43.64331559421597 ], [ 3.398872, 43.645579 ], [ 3.403048, 43.647396 ], [ 3.403104391855185, 43.647400880064389 ], [ 3.40312, 43.647414 ], [ 3.403256, 43.647414 ], [ 3.403743, 43.647409 ], [ 3.412265, 43.646669 ], [ 3.41338, 43.646437 ], [ 3.415475953316171, 43.646009203518339 ], [ 3.411722, 43.645191 ], [ 3.406821, 43.645304 ], [ 3.404456, 43.644446 ], [ 3.402924, 43.64374 ], [ 3.401025, 43.637713 ], [ 3.400144, 43.635866 ], [ 3.400159, 43.635775 ], [ 3.40173, 43.634183 ], [ 3.402288, 43.634294 ], [ 3.407248, 43.627067 ], [ 3.403585, 43.625253 ], [ 3.403099, 43.625192 ], [ 3.402813, 43.625163 ], [ 3.396093, 43.624453 ], [ 3.395377, 43.624595 ], [ 3.391187761405111, 43.624109502190635 ], [ 3.393476, 43.631186 ], [ 3.393156049772152, 43.632052226571055 ] ] ], [ [ [ 3.427696, 43.648719 ], [ 3.429742, 43.648946 ], [ 3.437934, 43.651815 ], [ 3.438921888427828, 43.651540472006985 ], [ 3.443231268023221, 43.656752977565425 ], [ 3.446094, 43.652108 ], [ 3.445152313610736, 43.64771978477178 ], [ 3.444649, 43.647069 ], [ 3.436608, 43.644201 ], [ 3.434076, 43.646717 ], [ 3.433619, 43.64726 ], [ 3.43155332830121, 43.64660429923255 ], [ 3.431371, 43.646673 ], [ 3.431209, 43.646495 ], [ 3.428132980141068, 43.645129410332999 ], [ 3.422560686516273, 43.6462852464091 ], [ 3.422909064438173, 43.64641567335488 ], [ 3.427696, 43.648719 ] ] ], [ [ [ 3.492188, 43.603407 ], [ 3.492218, 43.603372 ], [ 3.493095, 43.601848 ], [ 3.493321, 43.600777 ], [ 3.491742, 43.599001 ], [ 3.491448, 43.598692 ], [ 3.490176, 43.597954 ], [ 3.489899, 43.597942 ], [ 3.487473, 43.598299 ], [ 3.487121, 43.598342 ], [ 3.47848, 43.597034 ], [ 3.47361, 43.594845 ], [ 3.467273, 43.590608 ], [ 3.467243, 43.591652 ], [ 3.467165, 43.592534 ], [ 3.466997, 43.593545 ], [ 3.4679864913383, 43.597012621938468 ], [ 3.469373272127394, 43.598749508041521 ], [ 3.475043, 43.599273 ], [ 3.479783, 43.599488 ], [ 3.484004, 43.599245 ], [ 3.486164, 43.599445 ], [ 3.486483, 43.599515 ], [ 3.487294, 43.602169 ], [ 3.487169, 43.602365 ], [ 3.482725, 43.60888 ], [ 3.482137, 43.609048 ], [ 3.480716813084144, 43.610338550445313 ], [ 3.481496072073205, 43.610749343488493 ], [ 3.485153, 43.608673 ], [ 3.492188, 43.603407 ] ] ], [ [ [ 3.467247407539872, 43.575608242230608 ], [ 3.467262, 43.576402 ], [ 3.467525, 43.5779 ], [ 3.46757, 43.578282 ], [ 3.467622, 43.579081 ], [ 3.467658, 43.580537 ], [ 3.4676, 43.581999 ], [ 3.468591, 43.577637 ], [ 3.467247407539872, 43.575608242230608 ] ] ], [ [ [ 3.466867468995372, 43.558577685278209 ], [ 3.466771, 43.55841 ], [ 3.467302, 43.559333 ], [ 3.466874, 43.558574 ], [ 3.466867468995372, 43.558577685278209 ] ] ], [ [ [ 3.464117, 43.55553 ], [ 3.462968, 43.554743 ], [ 3.462269, 43.554358 ], [ 3.461399, 43.553913 ], [ 3.456614, 43.55155 ], [ 3.456613940955827, 43.551550110074722 ], [ 3.455928, 43.551151 ], [ 3.454543, 43.550266 ], [ 3.453774, 43.549723 ], [ 3.447893, 43.543518 ], [ 3.444892, 43.545507 ], [ 3.445786, 43.546909 ], [ 3.446501, 43.54778 ], [ 3.44721, 43.548618 ], [ 3.448023, 43.549499 ], [ 3.449269, 43.550694 ], [ 3.450056, 43.551389 ], [ 3.450758, 43.551959 ], [ 3.451612, 43.552602 ], [ 3.452464, 43.553205 ], [ 3.453987, 43.554183 ], [ 3.454837, 43.554681 ], [ 3.454912710722679, 43.554721675015841 ], [ 3.454912, 43.554723 ], [ 3.456099, 43.555359 ], [ 3.457363, 43.555986 ], [ 3.459859, 43.557167 ], [ 3.460626, 43.557562 ], [ 3.461229, 43.557895 ], [ 3.463249991081747, 43.564229970127798 ], [ 3.462747817233411, 43.568221583929869 ], [ 3.46012, 43.571246 ], [ 3.45869, 43.57455 ], [ 3.450995, 43.578291 ], [ 3.445905, 43.580399 ], [ 3.444399, 43.582307 ], [ 3.438943266929441, 43.587237977313634 ], [ 3.438921, 43.587233 ], [ 3.438176620965812, 43.587200216467387 ], [ 3.43295, 43.584791 ], [ 3.425862, 43.579425 ], [ 3.418609, 43.578357 ], [ 3.417908, 43.578967 ], [ 3.41522, 43.583551 ], [ 3.415112, 43.584175 ], [ 3.414827, 43.585596 ], [ 3.41496, 43.586317 ], [ 3.414417073426891, 43.593288057214956 ], [ 3.414409, 43.593289 ], [ 3.414400124439755, 43.593295512564531 ], [ 3.414181, 43.59329 ], [ 3.413698, 43.593322 ], [ 3.411776, 43.595221 ], [ 3.409037100760139, 43.597850899862841 ], [ 3.410745, 43.596989 ], [ 3.411822, 43.598085 ], [ 3.413139, 43.599677 ], [ 3.41312622282273, 43.599702961271021 ], [ 3.417208054893178, 43.597789986445179 ], [ 3.416817, 43.597372 ], [ 3.415985, 43.594179 ], [ 3.420675, 43.587545 ], [ 3.421051, 43.585624 ], [ 3.422167, 43.584268 ], [ 3.43059, 43.585933 ], [ 3.436859, 43.587646 ], [ 3.43872, 43.588239 ], [ 3.440237242139169, 43.588581491716461 ], [ 3.444183, 43.588551 ], [ 3.444648, 43.588581 ], [ 3.445831758789278, 43.588250861695883 ], [ 3.449739, 43.583541 ], [ 3.449971, 43.583097 ], [ 3.451319, 43.581537 ], [ 3.452685, 43.581637 ], [ 3.460063, 43.578893 ], [ 3.460162086459537, 43.578724349416476 ], [ 3.461636593441207, 43.575312684722583 ], [ 3.462364, 43.571658 ], [ 3.462357, 43.570977 ], [ 3.462403, 43.570104 ], [ 3.462687, 43.568705 ], [ 3.462936, 43.568005 ], [ 3.463836, 43.566071 ], [ 3.463836439195004, 43.566071204392522 ], [ 3.463837, 43.56607 ], [ 3.462217, 43.558612 ], [ 3.464660731081892, 43.55597344980076 ], [ 3.464571, 43.555891 ], [ 3.464117, 43.55553 ] ] ] ] } },
{ "type": "Feature", "properties": { "codgeo": "34079", "value": 600, "isochrone_group": 10.0, "nb_agences": 3 }, "geometry": { "type": "MultiPolygon", "coordinates": [ [ [ [ 3.382021, 43.597997 ], [ 3.382429, 43.598071 ], [ 3.386302, 43.598696 ], [ 3.391303, 43.599655 ], [ 3.389214, 43.598438 ], [ 3.388242, 43.598041 ], [ 3.382021, 43.597997 ] ] ], [ [ [ 3.3685, 43.595036 ], [ 3.364933, 43.603273 ], [ 3.364365, 43.603429 ], [ 3.362286, 43.603929 ], [ 3.359033, 43.603544 ], [ 3.358228, 43.603568 ], [ 3.35751, 43.603713 ], [ 3.354909, 43.604579 ], [ 3.356046, 43.607995 ], [ 3.359017, 43.607144 ], [ 3.361849, 43.607502 ], [ 3.362092, 43.615616 ], [ 3.361884, 43.615776 ], [ 3.361884153047993, 43.615776259097686 ], [ 3.361795, 43.615845 ], [ 3.363649, 43.618764 ], [ 3.363944, 43.618833 ], [ 3.364461, 43.618833 ], [ 3.373163, 43.620602 ], [ 3.377588969267304, 43.622470757697101 ], [ 3.377452, 43.622404 ], [ 3.369847, 43.618954 ], [ 3.369965, 43.617246 ], [ 3.370466, 43.615407 ], [ 3.368941, 43.607412 ], [ 3.369293, 43.603911 ], [ 3.375643, 43.600125 ], [ 3.376747, 43.596698 ], [ 3.377314164546545, 43.596837694111869 ], [ 3.371911, 43.593026 ], [ 3.370752, 43.592228 ], [ 3.3685, 43.595036 ] ] ], [ [ [ 3.386367, 43.63433 ], [ 3.389695, 43.635407 ], [ 3.389629, 43.642942 ], [ 3.389205, 43.645385 ], [ 3.393351, 43.648926 ], [ 3.399679, 43.649248 ], [ 3.403095, 43.650268 ], [ 3.410451, 43.647841 ], [ 3.413051, 43.647789 ], [ 3.416215023588649, 43.646566648524249 ], [ 3.416451, 43.646607 ], [ 3.423181, 43.647927 ], [ 3.427174, 43.648863 ], [ 3.431922, 43.655184 ], [ 3.432522, 43.658584 ], [ 3.432723, 43.658589 ], [ 3.432763091922605, 43.658583051275777 ], [ 3.433703687442664, 43.662530841531087 ], [ 3.434827, 43.661649 ], [ 3.439102, 43.660162 ], [ 3.442573699159486, 43.655957600578702 ], [ 3.438921888427828, 43.651540472006985 ], [ 3.437934, 43.651815 ], [ 3.429742, 43.648946 ], [ 3.427696, 43.648719 ], [ 3.422909064438173, 43.64641567335488 ], [ 3.421529, 43.645899 ], [ 3.41814370074861, 43.645464700472019 ], [ 3.41338, 43.646437 ], [ 3.412265, 43.646669 ], [ 3.403743, 43.647409 ], [ 3.403256, 43.647414 ], [ 3.40312, 43.647414 ], [ 3.403104391855185, 43.647400880064389 ], [ 3.403048, 43.647396 ], [ 3.398872, 43.645579 ], [ 3.39824432736689, 43.64331559421597 ], [ 3.398177, 43.643259 ], [ 3.396286, 43.64029 ], [ 3.39391, 43.63476 ], [ 3.393048, 43.632843 ], [ 3.393033, 43.63268 ], [ 3.393083, 43.63225 ], [ 3.393137, 43.632094 ], [ 3.393156049772152, 43.632052226571055 ], [ 3.393476, 43.631186 ], [ 3.39118776140511, 43.624109502190635 ], [ 3.387033, 43.623628 ], [ 3.384830184361202, 43.623132179503699 ], [ 3.38162, 43.623796 ], [ 3.381226, 43.623799 ], [ 3.380617, 43.623735 ], [ 3.380109, 43.623699 ], [ 3.379798253338521, 43.623547544626781 ], [ 3.384435, 43.63067 ], [ 3.384326, 43.634269 ], [ 3.386367, 43.63433 ] ] ], [ [ [ 3.428384, 43.672325 ], [ 3.42893857468054, 43.671821466289096 ], [ 3.428857, 43.671816 ], [ 3.42838398779594, 43.672324988661387 ], [ 3.428384, 43.672325 ] ] ], [ [ [ 3.49125, 43.605393 ], [ 3.49483, 43.602767 ], [ 3.495559, 43.601577 ], [ 3.498054, 43.595917 ], [ 3.497931, 43.595353 ], [ 3.4976, 43.59462 ], [ 3.496396, 43.593574 ], [ 3.495603, 43.593822 ], [ 3.49365, 43.594423 ], [ 3.489253, 43.595302 ], [ 3.48288, 43.596522 ], [ 3.47771, 43.593776 ], [ 3.476367, 43.593405 ], [ 3.473289, 43.585174 ], [ 3.473822, 43.58334 ], [ 3.472925, 43.57872 ], [ 3.468957, 43.571647 ], [ 3.468341, 43.565799 ], [ 3.468254, 43.563325 ], [ 3.468232, 43.563824 ], [ 3.468098, 43.564814 ], [ 3.46791, 43.56558 ], [ 3.467698, 43.566219 ], [ 3.467131, 43.567523 ], [ 3.466983, 43.575209 ], [ 3.468591, 43.577637 ], [ 3.4676, 43.581999 ], [ 3.467546, 43.582684 ], [ 3.467174, 43.584978 ], [ 3.467072, 43.587917 ], [ 3.467273, 43.590608 ], [ 3.47361, 43.594845 ], [ 3.47848, 43.597034 ], [ 3.487121, 43.598342 ], [ 3.487473, 43.598299 ], [ 3.489899, 43.597942 ], [ 3.490176, 43.597954 ], [ 3.491448, 43.598692 ], [ 3.491742, 43.599001 ], [ 3.493321, 43.600777 ], [ 3.493095, 43.601848 ], [ 3.492218, 43.603372 ], [ 3.492188, 43.603407 ], [ 3.485789880119378, 43.608196267845265 ], [ 3.486372, 43.608747 ], [ 3.487018888706189, 43.609978232924213 ], [ 3.49125, 43.605393 ] ] ], [ [ [ 3.454543, 43.550266 ], [ 3.455928, 43.551151 ], [ 3.456613940955827, 43.551550110074722 ], [ 3.456614, 43.55155 ], [ 3.456642375874269, 43.551564012997069 ], [ 3.452152063074444, 43.548011706236501 ], [ 3.453774, 43.549723 ], [ 3.454543, 43.550266 ] ] ], [ [ [ 3.441912, 43.536555 ], [ 3.441996, 43.537475 ], [ 3.442086, 43.538102 ], [ 3.442242, 43.538872 ], [ 3.442532, 43.540109 ], [ 3.442879, 43.541265 ], [ 3.443651, 43.545027 ], [ 3.443852, 43.545211 ], [ 3.446501, 43.54778 ], [ 3.445786, 43.546909 ], [ 3.444892, 43.545507 ], [ 3.444996327483084, 43.545437853927403 ], [ 3.444973, 43.545402 ], [ 3.444565, 43.54473 ], [ 3.44389, 43.543439 ], [ 3.443378, 43.542261 ], [ 3.44304, 43.541358 ], [ 3.442682, 43.540191 ], [ 3.44229, 43.538525 ], [ 3.442137, 43.537626 ], [ 3.442043, 43.536669 ], [ 3.441938, 43.533308 ], [ 3.441826462796697, 43.532810729968617 ], [ 3.441859, 43.534235 ], [ 3.441912, 43.536555 ] ] ], [ [ [ 3.448023, 43.549499 ], [ 3.44721, 43.548618 ], [ 3.447270027557641, 43.548683048312753 ], [ 3.447269, 43.548684 ], [ 3.448023, 43.549499 ] ] ], [ [ [ 3.461099577493457, 43.56763491241405 ], [ 3.456213, 43.568948 ], [ 3.4534, 43.567355 ], [ 3.453266, 43.567294 ], [ 3.452477, 43.567204 ], [ 3.452457, 43.567206 ], [ 3.451549, 43.568302 ], [ 3.451784, 43.570575 ], [ 3.450706, 43.575085 ], [ 3.44295, 43.578015 ], [ 3.442431, 43.57813 ], [ 3.439597, 43.57937 ], [ 3.43351, 43.57517 ], [ 3.431205, 43.575646 ], [ 3.43008, 43.576155 ], [ 3.421527, 43.574049 ], [ 3.421378, 43.573344 ], [ 3.421289, 43.57314 ], [ 3.417095, 43.5705 ], [ 3.414155, 43.572578 ], [ 3.410509, 43.579679 ], [ 3.408837, 43.582867 ], [ 3.411733, 43.585601 ], [ 3.412483, 43.586835 ], [ 3.413861100432366, 43.5906448178158 ], [ 3.411997333410021, 43.594735238263077 ], [ 3.411116701314106, 43.595854060719574 ], [ 3.411776, 43.595221 ], [ 3.413698, 43.593322 ], [ 3.414181, 43.59329 ], [ 3.414400124439755, 43.593295512564531 ], [ 3.414409, 43.593289 ], [ 3.414417073426891, 43.593288057214956 ], [ 3.41496, 43.586317 ], [ 3.414827, 43.585596 ], [ 3.415112, 43.584175 ], [ 3.41522, 43.583551 ], [ 3.417908, 43.578967 ], [ 3.418609, 43.578357 ], [ 3.425862, 43.579425 ], [ 3.43295, 43.584791 ], [ 3.438176620965812, 43.587200216467387 ], [ 3.438921, 43.587233 ], [ 3.438943266929441, 43.587237977313634 ], [ 3.444399, 43.582307 ], [ 3.445905, 43.580399 ], [ 3.450995, 43.578291 ], [ 3.45869, 43.57455 ], [ 3.46012, 43.571246 ], [ 3.462747817233411, 43.568221583929869 ], [ 3.463249991081747, 43.564229970127798 ], [ 3.461229, 43.557895 ], [ 3.462307361017216, 43.561275215228441 ], [ 3.46278219255325, 43.566673005660974 ], [ 3.461099577493457, 43.56763491241405 ] ] ], [ [ [ 3.401331, 43.599215 ], [ 3.397549732396993, 43.601175682962889 ], [ 3.398759, 43.601528 ], [ 3.399063512638005, 43.6015107686626 ], [ 3.405340596855203, 43.60050909697275 ], [ 3.408233, 43.598623 ], [ 3.40850997550106, 43.598357047232689 ], [ 3.402652, 43.599123 ], [ 3.402505, 43.599139 ], [ 3.401331, 43.599215 ] ] ] ] } },
{ "type": "Feature", "properties": { "codgeo": "34079", "value": 660, "isochrone_group": 11.0, "nb_agences": 3 }, "geometry": { "type": "MultiPolygon", "coordinates": [ [ [ [ 3.357151, 43.602536 ], [ 3.356387, 43.602852 ], [ 3.356034, 43.603028 ], [ 3.351681, 43.604773 ], [ 3.351092, 43.605051 ], [ 3.343688, 43.607952 ], [ 3.343947, 43.611543 ], [ 3.344087987172392, 43.61153282214697 ], [ 3.344088, 43.611533 ], [ 3.346011, 43.611394 ], [ 3.350808852137319, 43.612266072781075 ], [ 3.357322, 43.618039 ], [ 3.358148, 43.619419 ], [ 3.358481, 43.619851 ], [ 3.359139, 43.61974 ], [ 3.360363, 43.619387 ], [ 3.363944, 43.618833 ], [ 3.363649, 43.618764 ], [ 3.361795, 43.615845 ], [ 3.361884153047993, 43.615776259097686 ], [ 3.361884, 43.615776 ], [ 3.362092, 43.615616 ], [ 3.361849, 43.607502 ], [ 3.359017, 43.607144 ], [ 3.356046, 43.607995 ], [ 3.354909, 43.604579 ], [ 3.35751, 43.603713 ], [ 3.358228, 43.603568 ], [ 3.359033, 43.603544 ], [ 3.362286, 43.603929 ], [ 3.364365, 43.603429 ], [ 3.357732, 43.602365 ], [ 3.357551, 43.602407 ], [ 3.357151, 43.602536 ] ] ], [ [ [ 3.372009, 43.621336 ], [ 3.372017484758293, 43.621339816356858 ], [ 3.37202, 43.621341 ], [ 3.379617, 43.624758 ], [ 3.377101, 43.632796 ], [ 3.374795, 43.633389 ], [ 3.374883, 43.636988 ], [ 3.38075, 43.643576 ], [ 3.381186349949129, 43.643929266825388 ], [ 3.381233, 43.644004 ], [ 3.381417, 43.644116 ], [ 3.382149, 43.644385 ], [ 3.382746511882103, 43.644744613632739 ], [ 3.388941, 43.650666 ], [ 3.389114, 43.651078 ], [ 3.389569, 43.651772 ], [ 3.390041, 43.652218 ], [ 3.390593, 43.652582 ], [ 3.390931, 43.652742 ], [ 3.391421, 43.652934 ], [ 3.391971, 43.6531 ], [ 3.39258, 43.653223 ], [ 3.393002, 43.653275 ], [ 3.394055, 43.653381 ], [ 3.402665, 43.652931 ], [ 3.403709, 43.652956 ], [ 3.404083, 43.652955 ], [ 3.412347, 43.649749 ], [ 3.413043, 43.650022 ], [ 3.413895, 43.650044 ], [ 3.413978, 43.650026 ], [ 3.413998004068298, 43.65000979487543 ], [ 3.414425, 43.649868 ], [ 3.414523, 43.649818 ], [ 3.41794749664426, 43.646900517915356 ], [ 3.416451, 43.646607 ], [ 3.416215023588649, 43.646566648524249 ], [ 3.413051, 43.647789 ], [ 3.410451, 43.647841 ], [ 3.403095, 43.650268 ], [ 3.399679, 43.649248 ], [ 3.393351, 43.648926 ], [ 3.389205, 43.645385 ], [ 3.389629, 43.642942 ], [ 3.389695, 43.635407 ], [ 3.386367, 43.63433 ], [ 3.384326, 43.634269 ], [ 3.384435, 43.63067 ], [ 3.379776458242189, 43.623514065419869 ], [ 3.378882545500812, 43.623016938747419 ], [ 3.373163, 43.620602 ], [ 3.364461, 43.618833 ], [ 3.37141, 43.621051 ], [ 3.371476, 43.621085 ], [ 3.372009, 43.621336 ] ] ], [ [ [ 3.427639, 43.652946 ], [ 3.43124, 43.658331 ], [ 3.429180123467861, 43.665159434772576 ], [ 3.432116, 43.661315 ], [ 3.433108331519787, 43.660032062554734 ], [ 3.432763091922605, 43.658583051275777 ], [ 3.432723, 43.658589 ], [ 3.432522, 43.658584 ], [ 3.431922, 43.655184 ], [ 3.427174, 43.648863 ], [ 3.424779070792701, 43.648301604122715 ], [ 3.427203, 43.649979 ], [ 3.427296, 43.652269 ], [ 3.427639, 43.652946 ] ] ], [ [ [ 3.424066155698234, 43.676175463088157 ], [ 3.424074, 43.676188 ], [ 3.424667, 43.675822 ], [ 3.423268, 43.676645 ], [ 3.424066155698234, 43.676175463088157 ] ] ], [ [ [ 3.492243, 43.607723 ], [ 3.493843, 43.606432 ], [ 3.495792, 43.60449 ], [ 3.496919, 43.60292 ], [ 3.502593, 43.59643 ], [ 3.505097, 43.592268 ], [ 3.504163, 43.589747 ], [ 3.504011, 43.589695 ], [ 3.499156, 43.587895 ], [ 3.496046, 43.589708 ], [ 3.487187, 43.5892 ], [ 3.482504, 43.589143 ], [ 3.477981, 43.586345 ], [ 3.475963, 43.580975 ], [ 3.474742, 43.573004 ], [ 3.474215, 43.572669 ], [ 3.473334, 43.572262 ], [ 3.47203, 43.57144 ], [ 3.469238069966889, 43.566939338104866 ], [ 3.469007285723249, 43.565387374375881 ], [ 3.469506, 43.561905 ], [ 3.470082, 43.559991 ], [ 3.470081955296463, 43.559990966742049 ], [ 3.470397, 43.558944 ], [ 3.470839, 43.557569 ], [ 3.471018, 43.556854 ], [ 3.471088, 43.556397 ], [ 3.471124, 43.555609 ], [ 3.471031, 43.554727 ], [ 3.470706, 43.553572 ], [ 3.470478, 43.553085 ], [ 3.470262, 43.552695 ], [ 3.46875, 43.55255 ], [ 3.468548, 43.552587 ], [ 3.461550523698774, 43.553884895310595 ], [ 3.462383, 43.554303 ], [ 3.463183, 43.554758 ], [ 3.463772, 43.555161 ], [ 3.464313, 43.555553 ], [ 3.465385, 43.556457 ], [ 3.466042, 43.557164 ], [ 3.465941811884732, 43.557257194711148 ], [ 3.465947, 43.557263 ], [ 3.466771, 43.55841 ], [ 3.467302, 43.559333 ], [ 3.467635, 43.56009 ], [ 3.467878, 43.560776 ], [ 3.468087, 43.561566 ], [ 3.468228, 43.562561 ], [ 3.468254, 43.563325 ], [ 3.468341, 43.565799 ], [ 3.468957, 43.571647 ], [ 3.472925, 43.57872 ], [ 3.473822, 43.58334 ], [ 3.473289, 43.585174 ], [ 3.476367, 43.593405 ], [ 3.47771, 43.593776 ], [ 3.48288, 43.596522 ], [ 3.489253, 43.595302 ], [ 3.49365, 43.594423 ], [ 3.495603, 43.593822 ], [ 3.496396, 43.593574 ], [ 3.4976, 43.59462 ], [ 3.497931, 43.595353 ], [ 3.498054, 43.595917 ], [ 3.495559, 43.601577 ], [ 3.49483, 43.602767 ], [ 3.49125, 43.605393 ], [ 3.488702650811237, 43.608153548838999 ], [ 3.488587, 43.608549 ], [ 3.489115407956915, 43.609981774937168 ], [ 3.492243, 43.607723 ] ] ], [ [ [ 3.44684149576308, 43.540473721783577 ], [ 3.446171016483804, 43.537410529904683 ], [ 3.446171016483802, 43.537410529904683 ], [ 3.446841495763078, 43.540473721783577 ], [ 3.44684149576308, 43.540473721783577 ] ] ], [ [ [ 3.44369327433053, 43.545065698889637 ], [ 3.443651, 43.545027 ], [ 3.442879, 43.541265 ], [ 3.442532, 43.540109 ], [ 3.442242, 43.538872 ], [ 3.44269, 43.543428 ], [ 3.442703, 43.544275 ], [ 3.44369327433053, 43.545065698889637 ] ] ], [ [ [ 3.452692, 43.566089 ], [ 3.450609, 43.564857 ], [ 3.449704, 43.564695 ], [ 3.447674, 43.564169 ], [ 3.447583, 43.56421 ], [ 3.447354, 43.564333 ], [ 3.447179, 43.564444 ], [ 3.446766, 43.566776 ], [ 3.439501, 43.571445 ], [ 3.439484, 43.571447 ], [ 3.432137, 43.571402 ], [ 3.42582, 43.571132 ], [ 3.421704, 43.568627 ], [ 3.421459, 43.568457 ], [ 3.416595, 43.565973 ], [ 3.413491, 43.563715 ], [ 3.410225, 43.56523 ], [ 3.408803, 43.567512 ], [ 3.40884, 43.571112 ], [ 3.404671, 43.576492 ], [ 3.402027, 43.578307 ], [ 3.402293, 43.578812 ], [ 3.402645, 43.57929 ], [ 3.40341, 43.579827 ], [ 3.406847, 43.587271 ], [ 3.406422, 43.588751 ], [ 3.406552, 43.589868 ], [ 3.407972555035137, 43.597266548086054 ], [ 3.40472, 43.598754 ], [ 3.398009, 43.596561 ], [ 3.397427, 43.596305 ], [ 3.396954, 43.596185 ], [ 3.396952680849349, 43.596184944115407 ], [ 3.396945, 43.596183 ], [ 3.388291, 43.595818 ], [ 3.385032, 43.596875 ], [ 3.377428, 43.596918 ], [ 3.382021, 43.597997 ], [ 3.388242, 43.598041 ], [ 3.389214, 43.598438 ], [ 3.391303, 43.599655 ], [ 3.392314, 43.599811 ], [ 3.392674, 43.599877 ], [ 3.393261, 43.600041 ], [ 3.394136, 43.600241 ], [ 3.397514830726015, 43.601193780362728 ], [ 3.401331, 43.599215 ], [ 3.402505, 43.599139 ], [ 3.402652, 43.599123 ], [ 3.408648, 43.598339 ], [ 3.410730412189348, 43.59634483200702 ], [ 3.411997333410021, 43.594735238263077 ], [ 3.413861100432366, 43.5906448178158 ], [ 3.412483, 43.586835 ], [ 3.411733, 43.585601 ], [ 3.408837, 43.582867 ], [ 3.410509, 43.579679 ], [ 3.414155, 43.572578 ], [ 3.417095, 43.5705 ], [ 3.421289, 43.57314 ], [ 3.421378, 43.573344 ], [ 3.421527, 43.574049 ], [ 3.43008, 43.576155 ], [ 3.431205, 43.575646 ], [ 3.43351, 43.57517 ], [ 3.439597, 43.57937 ], [ 3.442431, 43.57813 ], [ 3.44295, 43.578015 ], [ 3.450706, 43.575085 ], [ 3.451784, 43.570575 ], [ 3.451549, 43.568302 ], [ 3.452457, 43.567206 ], [ 3.452477, 43.567204 ], [ 3.453266, 43.567294 ], [ 3.4534, 43.567355 ], [ 3.456213, 43.568948 ], [ 3.461099577493457, 43.56763491241405 ], [ 3.46278219255325, 43.566673005660974 ], [ 3.462307361017216, 43.561275215228441 ], [ 3.461376642600531, 43.558357798412288 ], [ 3.461192381092266, 43.558243556277205 ], [ 3.460309, 43.566652 ], [ 3.457094, 43.566714 ], [ 3.452692, 43.566089 ] ] ], [ [ [ 3.36559, 43.587549 ], [ 3.36317, 43.588083 ], [ 3.363055, 43.588211 ], [ 3.363036702746019, 43.588291476905226 ], [ 3.36242, 43.589256 ], [ 3.362629, 43.589643 ], [ 3.362701512303875, 43.589765746731253 ], [ 3.362701, 43.589768 ], [ 3.362961, 43.590205 ], [ 3.363207, 43.590607 ], [ 3.36368, 43.591142 ], [ 3.365125, 43.592309 ], [ 3.366848, 43.593711 ], [ 3.368431, 43.594982 ], [ 3.367911483439048, 43.59639501623564 ], [ 3.3685, 43.595036 ], [ 3.370752, 43.592228 ], [ 3.370755812148032, 43.592230624757669 ], [ 3.370684, 43.592173 ], [ 3.369148, 43.590942 ], [ 3.36559, 43.587549 ] ] ] ] } },
{ "type": "Feature", "properties": { "codgeo": "34079", "value": 720, "isochrone_group": 12.0, "nb_agences": 3 }, "geometry": { "type": "MultiPolygon", "coordinates": [ [ [ [ 3.366724, 43.585675 ], [ 3.364709, 43.583585 ], [ 3.363918, 43.583082 ], [ 3.360679, 43.581582 ], [ 3.360599, 43.581733 ], [ 3.360551, 43.581859 ], [ 3.360419, 43.582234 ], [ 3.358847, 43.586299 ], [ 3.363175, 43.592274 ], [ 3.363269, 43.592508 ], [ 3.363658, 43.593518 ], [ 3.361338, 43.601654 ], [ 3.355581, 43.601613 ], [ 3.355438, 43.601665 ], [ 3.352034, 43.602234 ], [ 3.347085586974438, 43.606620773661149 ], [ 3.351092, 43.605051 ], [ 3.351681, 43.604773 ], [ 3.356034, 43.603028 ], [ 3.356387, 43.602852 ], [ 3.357151, 43.602536 ], [ 3.357551, 43.602407 ], [ 3.357732, 43.602365 ], [ 3.364365, 43.603429 ], [ 3.364933, 43.603273 ], [ 3.365877605756261, 43.601926894145059 ], [ 3.368431, 43.594982 ], [ 3.366848, 43.593711 ], [ 3.365125, 43.592309 ], [ 3.36368, 43.591142 ], [ 3.363207, 43.590607 ], [ 3.362961, 43.590205 ], [ 3.362701, 43.589768 ], [ 3.362701512303875, 43.589765746731253 ], [ 3.362629, 43.589643 ], [ 3.36242, 43.589256 ], [ 3.363036702746019, 43.588291476905226 ], [ 3.363055, 43.588211 ], [ 3.36317, 43.588083 ], [ 3.36559, 43.587549 ], [ 3.369148, 43.590942 ], [ 3.370684, 43.592173 ], [ 3.372243, 43.593424 ], [ 3.377428, 43.596918 ], [ 3.385032, 43.596875 ], [ 3.388291, 43.595818 ], [ 3.396945, 43.596183 ], [ 3.396952680849349, 43.596184944115407 ], [ 3.396954, 43.596185 ], [ 3.397427, 43.596305 ], [ 3.398009, 43.596561 ], [ 3.399089904771801, 43.596914214746647 ], [ 3.397133, 43.594199 ], [ 3.396915, 43.593924 ], [ 3.396835, 43.593849 ], [ 3.395529, 43.593014 ], [ 3.387519, 43.593638 ], [ 3.38437, 43.594173 ], [ 3.379137061769113, 43.596242204183767 ], [ 3.374632, 43.593501 ], [ 3.374393, 43.593282 ], [ 3.369859331563036, 43.590837811928608 ], [ 3.36698, 43.586176 ], [ 3.366724, 43.585675 ] ] ], [ [ [ 3.340015, 43.606563 ], [ 3.339838, 43.606527 ], [ 3.332595, 43.606745 ], [ 3.331495, 43.610172 ], [ 3.331613, 43.61021 ], [ 3.331928095036904, 43.610311705609014 ], [ 3.331928, 43.610312 ], [ 3.334234, 43.611056 ], [ 3.334841, 43.611203 ], [ 3.335189, 43.611261 ], [ 3.33988, 43.612056 ], [ 3.341022, 43.612074 ], [ 3.348213, 43.61462 ], [ 3.349925, 43.617787 ], [ 3.350926, 43.61937 ], [ 3.35127, 43.619693 ], [ 3.351306, 43.619731 ], [ 3.35132181594785, 43.619735925275847 ], [ 3.351643, 43.620002 ], [ 3.351831, 43.620119 ], [ 3.35485, 43.620868 ], [ 3.35788, 43.620327 ], [ 3.359121434295423, 43.619742963211579 ], [ 3.358481, 43.619851 ], [ 3.358148, 43.619419 ], [ 3.357322, 43.618039 ], [ 3.350808852137319, 43.612266072781075 ], [ 3.346011, 43.611394 ], [ 3.344088, 43.611533 ], [ 3.344087987172392, 43.61153282214697 ], [ 3.343947, 43.611543 ], [ 3.343688, 43.607952 ], [ 3.344650111158268, 43.607575030190425 ], [ 3.340469, 43.60671 ], [ 3.340295, 43.606644 ], [ 3.340267947843047, 43.606644901614388 ], [ 3.340015, 43.606563 ] ] ], [ [ [ 3.363944, 43.618833 ], [ 3.360363, 43.619387 ], [ 3.360328464854806, 43.619396959890736 ], [ 3.363944, 43.618833 ] ] ], [ [ [ 3.377101, 43.632796 ], [ 3.379617, 43.624758 ], [ 3.379249258548969, 43.624592596217177 ], [ 3.377101, 43.632796 ] ] ], [ [ [ 3.370264296385821, 43.632849023335275 ], [ 3.370264, 43.632849 ], [ 3.370106, 43.632949 ], [ 3.369792, 43.633187 ], [ 3.368782, 43.634029 ], [ 3.367439, 43.636179 ], [ 3.367457, 43.63626 ], [ 3.368016268896918, 43.636967981507354 ], [ 3.368016, 43.636982 ], [ 3.36807, 43.637036 ], [ 3.374529, 43.64249 ], [ 3.37519, 43.642808 ], [ 3.375905, 43.64294 ], [ 3.381417, 43.644116 ], [ 3.381233, 43.644004 ], [ 3.381186349949129, 43.643929266825388 ], [ 3.38075, 43.643576 ], [ 3.374883, 43.636988 ], [ 3.374795, 43.633389 ], [ 3.377101, 43.632796 ], [ 3.373876, 43.63314 ], [ 3.373452, 43.6331 ], [ 3.370277, 43.632841 ], [ 3.370264296385821, 43.632849023335275 ] ] ], [ [ [ 3.381417, 43.644116 ], [ 3.384069051094555, 43.646008844916061 ], [ 3.382746511882103, 43.644744613632739 ], [ 3.382149, 43.644385 ], [ 3.381417, 43.644116 ] ] ], [ [ [ 3.389114, 43.651078 ], [ 3.388941, 43.650666 ], [ 3.388038799273769, 43.649803575376829 ], [ 3.389114, 43.651078 ] ] ], [ [ [ 3.391421, 43.652934 ], [ 3.391789, 43.653052 ], [ 3.391804771046404, 43.653049829079471 ], [ 3.391971, 43.6531 ], [ 3.391421, 43.652934 ] ] ], [ [ [ 3.404327, 43.654451 ], [ 3.405621, 43.652609 ], [ 3.405876, 43.652335 ], [ 3.413043, 43.650022 ], [ 3.412347, 43.649749 ], [ 3.404083, 43.652955 ], [ 3.403709, 43.652956 ], [ 3.402665, 43.652931 ], [ 3.394077555862351, 43.653379821122172 ], [ 3.394182, 43.65339 ], [ 3.400667, 43.654595 ], [ 3.401242, 43.654548 ], [ 3.404327, 43.654451 ] ] ], [ [ [ 3.416501, 43.650505 ], [ 3.425241, 43.652635 ], [ 3.425455, 43.653176 ], [ 3.428639, 43.660952 ], [ 3.426657095384583, 43.667842803898395 ], [ 3.427751, 43.667279 ], [ 3.428481, 43.666644 ], [ 3.428874973026891, 43.66617100019868 ], [ 3.43124, 43.658331 ], [ 3.427639, 43.652946 ], [ 3.427296, 43.652269 ], [ 3.427203, 43.649979 ], [ 3.420102, 43.645065 ], [ 3.414523, 43.649818 ], [ 3.414425, 43.649868 ], [ 3.413998004068298, 43.65000979487543 ], [ 3.413978, 43.650026 ], [ 3.413895, 43.650044 ], [ 3.413043, 43.650022 ], [ 3.414815, 43.650619 ], [ 3.41545, 43.650757 ], [ 3.416455, 43.650546 ], [ 3.416501, 43.650505 ] ] ], [ [ [ 3.413557, 43.675311 ], [ 3.413557001333551, 43.675310999140144 ], [ 3.41355699893596, 43.675310999492659 ], [ 3.413557, 43.675311 ] ] ], [ [ [ 3.503347, 43.606911 ], [ 3.50365, 43.606829 ], [ 3.505026, 43.604887 ], [ 3.510287, 43.597708 ], [ 3.511071, 43.597291 ], [ 3.510925, 43.595826 ], [ 3.509187, 43.592703 ], [ 3.511062, 43.586653 ], [ 3.511701, 43.584372 ], [ 3.511918, 43.58353 ], [ 3.508431, 43.582633 ], [ 3.505234, 43.584046 ], [ 3.497117380084769, 43.583986472167837 ], [ 3.497039, 43.583959 ], [ 3.497038470603473, 43.583959287879239 ], [ 3.495889, 43.581846 ], [ 3.495375, 43.580969 ], [ 3.494872, 43.580479 ], [ 3.494825, 43.580447 ], [ 3.492689, 43.583366 ], [ 3.48519, 43.585875 ], [ 3.484342, 43.585905 ], [ 3.481966, 43.585561 ], [ 3.478314, 43.584753 ], [ 3.477728, 43.576087 ], [ 3.477757, 43.57574 ], [ 3.476325, 43.572772 ], [ 3.472525, 43.566653 ], [ 3.470397, 43.558944 ], [ 3.470081955296463, 43.559990966742049 ], [ 3.470082, 43.559991 ], [ 3.469506, 43.561905 ], [ 3.469007285723249, 43.565387374375881 ], [ 3.469238069966889, 43.566939338104866 ], [ 3.47203, 43.57144 ], [ 3.473334, 43.572262 ], [ 3.474215, 43.572669 ], [ 3.474742, 43.573004 ], [ 3.475963, 43.580975 ], [ 3.477981, 43.586345 ], [ 3.482504, 43.589143 ], [ 3.487187, 43.5892 ], [ 3.496046, 43.589708 ], [ 3.499156, 43.587895 ], [ 3.504011, 43.589695 ], [ 3.504163, 43.589747 ], [ 3.505097, 43.592268 ], [ 3.502593, 43.59643 ], [ 3.496919, 43.60292 ], [ 3.495792, 43.60449 ], [ 3.493843, 43.606432 ], [ 3.492243, 43.607723 ], [ 3.490894930420537, 43.60869658790331 ], [ 3.491213060534053, 43.611035635470373 ], [ 3.494872, 43.608733 ], [ 3.503347, 43.606911 ] ] ], [ [ [ 3.471124, 43.555609 ], [ 3.471084, 43.55507 ], [ 3.471067297161059, 43.555071237591967 ], [ 3.471031, 43.554727 ], [ 3.471124, 43.555609 ] ] ], [ [ [ 3.453879026855045, 43.549670328795521 ], [ 3.454587, 43.550171 ], [ 3.455334, 43.550672 ], [ 3.456637, 43.55146 ], [ 3.458996, 43.552673 ], [ 3.461491, 43.553855 ], [ 3.461550523698774, 43.553884895310595 ], [ 3.468548, 43.552587 ], [ 3.46875, 43.55255 ], [ 3.470262, 43.552695 ], [ 3.470478, 43.553085 ], [ 3.470706, 43.553572 ], [ 3.469035, 43.548755 ], [ 3.464825, 43.543825 ], [ 3.461762, 43.545717 ], [ 3.453879026855045, 43.549670328795521 ] ] ], [ [ [ 3.442702745307801, 43.544258405823641 ], [ 3.44269, 43.543428 ], [ 3.442242, 43.538872 ], [ 3.442143582944681, 43.538386223509008 ], [ 3.441771398534705, 43.538033461009398 ], [ 3.441355, 43.542412 ], [ 3.441967, 43.543766 ], [ 3.442582, 43.544166 ], [ 3.442702745307801, 43.544258405823641 ] ] ], [ [ [ 3.441136, 43.560603 ], [ 3.437196, 43.567921 ], [ 3.434633768958807, 43.569701612763353 ], [ 3.43296, 43.569894 ], [ 3.43004674345896, 43.570179491361948 ], [ 3.426364, 43.568248 ], [ 3.425604, 43.567112 ], [ 3.422122, 43.564176 ], [ 3.420021, 43.563877 ], [ 3.414409, 43.558809 ], [ 3.41091, 43.55706 ], [ 3.409129, 43.556632 ], [ 3.407431, 43.559913 ], [ 3.404088, 43.567941 ], [ 3.397961, 43.574415 ], [ 3.396059, 43.57484 ], [ 3.394953, 43.57578 ], [ 3.394899, 43.575959 ], [ 3.394972, 43.577775 ], [ 3.395043, 43.577887 ], [ 3.396433, 43.578643 ], [ 3.396772, 43.578589 ], [ 3.399257, 43.578583 ], [ 3.403267, 43.586397 ], [ 3.403692, 43.589972 ], [ 3.399213673755769, 43.596954659595667 ], [ 3.40472, 43.598754 ], [ 3.407972555035137, 43.597266548086054 ], [ 3.406552, 43.589868 ], [ 3.406422, 43.588751 ], [ 3.406847, 43.587271 ], [ 3.40341, 43.579827 ], [ 3.402645, 43.57929 ], [ 3.402293, 43.578812 ], [ 3.402027, 43.578307 ], [ 3.404671, 43.576492 ], [ 3.40884, 43.571112 ], [ 3.408803, 43.567512 ], [ 3.410225, 43.56523 ], [ 3.413491, 43.563715 ], [ 3.416595, 43.565973 ], [ 3.421459, 43.568457 ], [ 3.421704, 43.568627 ], [ 3.42582, 43.571132 ], [ 3.432137, 43.571402 ], [ 3.439484, 43.571447 ], [ 3.439501, 43.571445 ], [ 3.446766, 43.566776 ], [ 3.447179, 43.564444 ], [ 3.447354, 43.564333 ], [ 3.447583, 43.56421 ], [ 3.447674, 43.564169 ], [ 3.449704, 43.564695 ], [ 3.450609, 43.564857 ], [ 3.452692, 43.566089 ], [ 3.457094, 43.566714 ], [ 3.460309, 43.566652 ], [ 3.461229, 43.557895 ], [ 3.460626, 43.557562 ], [ 3.459859, 43.557167 ], [ 3.457363, 43.555986 ], [ 3.456099, 43.555359 ], [ 3.454837, 43.554681 ], [ 3.453987, 43.554183 ], [ 3.452464, 43.553205 ], [ 3.451612, 43.552602 ], [ 3.450758, 43.551959 ], [ 3.450056, 43.551389 ], [ 3.449269, 43.550694 ], [ 3.449013, 43.559144 ], [ 3.442545, 43.56094 ], [ 3.441417, 43.560645 ], [ 3.441136, 43.560603 ] ] ] ] } },
{ "type": "Feature", "properties": { "codgeo": "34079", "value": 780, "isochrone_group": 13.0, "nb_agences": 3 }, "geometry": { "type": "MultiPolygon", "coordinates": [ [ [ [ 3.3412, 43.605497 ], [ 3.340812, 43.605454 ], [ 3.340109, 43.605472 ], [ 3.338078, 43.605403 ], [ 3.329842254591301, 43.605423171524791 ], [ 3.32663, 43.6036 ], [ 3.326114, 43.603499 ], [ 3.325918, 43.603489 ], [ 3.325779425403455, 43.603600715943145 ], [ 3.325541, 43.603484 ], [ 3.325387, 43.603502 ], [ 3.321775, 43.606829 ], [ 3.321197, 43.607412 ], [ 3.320803, 43.608116 ], [ 3.320625, 43.608889 ], [ 3.32065, 43.609592 ], [ 3.320756, 43.610058 ], [ 3.320875, 43.610509 ], [ 3.32152250085093, 43.610400110420287 ], [ 3.32429, 43.611176 ], [ 3.331115, 43.610432 ], [ 3.334234, 43.611056 ], [ 3.331928, 43.610312 ], [ 3.331928095036904, 43.610311705609014 ], [ 3.331613, 43.61021 ], [ 3.331495, 43.610172 ], [ 3.332595, 43.606745 ], [ 3.339838, 43.606527 ], [ 3.340015, 43.606563 ], [ 3.340267947843047, 43.606644901614388 ], [ 3.340295, 43.606644 ], [ 3.340469, 43.60671 ], [ 3.345752, 43.607803 ], [ 3.347691492537716, 43.606083637704138 ], [ 3.342247, 43.605722 ], [ 3.342034, 43.605673 ], [ 3.341546, 43.605572 ], [ 3.3412, 43.605497 ] ] ], [ [ [ 3.340512, 43.617283 ], [ 3.348754, 43.620862 ], [ 3.351184, 43.620551 ], [ 3.351653, 43.620464 ], [ 3.352268, 43.620255 ], [ 3.352356259847249, 43.620249314549717 ], [ 3.351831, 43.620119 ], [ 3.351643, 43.620002 ], [ 3.35132181594785, 43.619735925275847 ], [ 3.351306, 43.619731 ], [ 3.35127, 43.619693 ], [ 3.350926, 43.61937 ], [ 3.349925, 43.617787 ], [ 3.348213, 43.61462 ], [ 3.341022, 43.612074 ], [ 3.33988, 43.612056 ], [ 3.335189, 43.611261 ], [ 3.334841, 43.611203 ], [ 3.334234, 43.611056 ], [ 3.339485, 43.616864 ], [ 3.339726, 43.617003 ], [ 3.340248, 43.617214 ], [ 3.340512, 43.617283 ] ] ], [ [ [ 3.363944, 43.618833 ], [ 3.359623, 43.619507 ], [ 3.35788, 43.620327 ], [ 3.355410769174852, 43.620767875866804 ], [ 3.357006, 43.621197 ], [ 3.357199, 43.621171 ], [ 3.358512, 43.620225 ], [ 3.363944, 43.618833 ] ] ], [ [ [ 3.364283, 43.633659 ], [ 3.360696, 43.636871 ], [ 3.361661, 43.640339 ], [ 3.363099238156471, 43.64029662158012 ], [ 3.365586, 43.640324 ], [ 3.371248824562398, 43.643321409560436 ], [ 3.372557, 43.644944 ], [ 3.372752, 43.64496 ], [ 3.372997226159995, 43.644872895941766 ], [ 3.373083, 43.644956 ], [ 3.37314, 43.64495 ], [ 3.373924, 43.644678 ], [ 3.379099084988334, 43.644493647428384 ], [ 3.381572, 43.64556 ], [ 3.388520711224512, 43.650374780772474 ], [ 3.38600002427975, 43.647387035850656 ], [ 3.381417, 43.644116 ], [ 3.375905, 43.64294 ], [ 3.37519, 43.642808 ], [ 3.374529, 43.64249 ], [ 3.36807, 43.637036 ], [ 3.368016, 43.636982 ], [ 3.368016268896918, 43.636967981507354 ], [ 3.367457, 43.63626 ], [ 3.367439, 43.636179 ], [ 3.368782, 43.634029 ], [ 3.368868666180714, 43.633956749580037 ], [ 3.367206, 43.634267 ], [ 3.365468, 43.633822 ], [ 3.364684, 43.633675 ], [ 3.364283, 43.633659 ] ] ], [ [ [ 3.403295, 43.658691 ], [ 3.403328221930539, 43.658690109893115 ], [ 3.403648, 43.65879 ], [ 3.404201, 43.658885 ], [ 3.406182, 43.65847 ], [ 3.406637, 43.658393 ], [ 3.407225, 43.65819 ], [ 3.407728, 43.657856 ], [ 3.408312, 43.656953 ], [ 3.408267, 43.655695 ], [ 3.408525631577306, 43.654354908970113 ], [ 3.416687, 43.651903 ], [ 3.416958, 43.652073 ], [ 3.425289761169525, 43.653154550261284 ], [ 3.425441, 43.654766 ], [ 3.427787119846093, 43.65887152887035 ], [ 3.425455, 43.653176 ], [ 3.425241, 43.652635 ], [ 3.416501, 43.650505 ], [ 3.416455, 43.650546 ], [ 3.41545, 43.650757 ], [ 3.414815, 43.650619 ], [ 3.413043, 43.650022 ], [ 3.405876, 43.652335 ], [ 3.405621, 43.652609 ], [ 3.404327, 43.654451 ], [ 3.401242, 43.654548 ], [ 3.400667, 43.654595 ], [ 3.394973529234139, 43.653537076750531 ], [ 3.402184, 43.657734 ], [ 3.402921, 43.658496 ], [ 3.403155, 43.658636 ], [ 3.403295, 43.658691 ] ] ], [ [ [ 3.420622, 43.665152 ], [ 3.420214, 43.66526 ], [ 3.419782, 43.6654 ], [ 3.419562, 43.667875 ], [ 3.419295668554859, 43.668802484009724 ], [ 3.422288, 43.668595 ], [ 3.426981462339703, 43.66671502556769 ], [ 3.428639, 43.660952 ], [ 3.428502674183235, 43.660619063583184 ], [ 3.424682, 43.664371 ], [ 3.424331, 43.66452 ], [ 3.422788, 43.664899 ], [ 3.420622, 43.665152 ] ] ], [ [ [ 3.376495, 43.679472 ], [ 3.376421, 43.679518 ], [ 3.374759151621261, 43.680333003012777 ], [ 3.377410707528378, 43.679339712919599 ], [ 3.376539, 43.679447 ], [ 3.376495, 43.679472 ] ] ], [ [ [ 3.364039, 43.687024 ], [ 3.363116987265713, 43.687029471885651 ], [ 3.363117, 43.687031 ], [ 3.364039, 43.687024 ] ] ], [ [ [ 3.397745, 43.681252 ], [ 3.395305, 43.681613 ], [ 3.393795, 43.681872 ], [ 3.397745, 43.681252 ] ] ], [ [ [ 3.509892, 43.604974 ], [ 3.515076, 43.597863 ], [ 3.516427, 43.594938 ], [ 3.514911, 43.591673 ], [ 3.517173, 43.585356 ], [ 3.516305, 43.581862 ], [ 3.513353, 43.573699 ], [ 3.513191, 43.573587 ], [ 3.513091, 43.573535 ], [ 3.512596, 43.573327 ], [ 3.511836, 43.573158 ], [ 3.510836, 43.57382 ], [ 3.51073, 43.573998 ], [ 3.510551, 43.574371 ], [ 3.510289, 43.575165 ], [ 3.509471, 43.578463 ], [ 3.507923855357243, 43.580388140208889 ], [ 3.506866474999789, 43.581043825038783 ], [ 3.502372, 43.582199 ], [ 3.49809, 43.577773 ], [ 3.497816, 43.575989 ], [ 3.497605, 43.575273 ], [ 3.497242, 43.574666 ], [ 3.496852, 43.574242 ], [ 3.496343, 43.573894 ], [ 3.495835, 43.573701 ], [ 3.495302, 43.573606 ], [ 3.493772, 43.57341 ], [ 3.493567, 43.573397 ], [ 3.48581, 43.576365 ], [ 3.484104, 43.575534 ], [ 3.481707, 43.57822 ], [ 3.478474253767672, 43.57911009319681 ], [ 3.47806, 43.575982 ], [ 3.47703, 43.572533 ], [ 3.474382358496475, 43.568176379876647 ], [ 3.474504, 43.564911 ], [ 3.475224, 43.563987 ], [ 3.472236, 43.558667 ], [ 3.471527, 43.553852 ], [ 3.471259, 43.553164 ], [ 3.469565, 43.549266 ], [ 3.469311, 43.548659 ], [ 3.468082, 43.545316 ], [ 3.466422, 43.539854 ], [ 3.46558, 43.538826 ], [ 3.463679, 43.538899 ], [ 3.462286215643147, 43.538830175805508 ], [ 3.463441, 43.541507 ], [ 3.463454, 43.541524 ], [ 3.46298, 43.544069 ], [ 3.462821, 43.544153 ], [ 3.459093, 43.545029 ], [ 3.459067119518906, 43.547068488633862 ], [ 3.461762, 43.545717 ], [ 3.464825, 43.543825 ], [ 3.469035, 43.548755 ], [ 3.470706, 43.553572 ], [ 3.471031, 43.554727 ], [ 3.471067297161059, 43.555071237591967 ], [ 3.471084, 43.55507 ], [ 3.471124, 43.555609 ], [ 3.471088, 43.556397 ], [ 3.471018, 43.556854 ], [ 3.470839, 43.557569 ], [ 3.470397, 43.558944 ], [ 3.472525, 43.566653 ], [ 3.476325, 43.572772 ], [ 3.477757, 43.57574 ], [ 3.477728, 43.576087 ], [ 3.478314, 43.584753 ], [ 3.481966, 43.585561 ], [ 3.484342, 43.585905 ], [ 3.48519, 43.585875 ], [ 3.492689, 43.583366 ], [ 3.494825, 43.580447 ], [ 3.494872, 43.580479 ], [ 3.495375, 43.580969 ], [ 3.495889, 43.581846 ], [ 3.497038470603473, 43.583959287879239 ], [ 3.497039, 43.583959 ], [ 3.497117380084769, 43.583986472167837 ], [ 3.505234, 43.584046 ], [ 3.508431, 43.582633 ], [ 3.511918, 43.58353 ], [ 3.511701, 43.584372 ], [ 3.511062, 43.586653 ], [ 3.509187, 43.592703 ], [ 3.510925, 43.595826 ], [ 3.511071, 43.597291 ], [ 3.510287, 43.597708 ], [ 3.505026, 43.604887 ], [ 3.50365, 43.606829 ], [ 3.503347, 43.606911 ], [ 3.496235174463187, 43.608439937596231 ], [ 3.502322, 43.61033 ], [ 3.505834, 43.609538 ], [ 3.507631322993683, 43.610923852764735 ], [ 3.509145, 43.605448 ], [ 3.509892, 43.604974 ] ] ], [ [ [ 3.435204, 43.557332 ], [ 3.433247, 43.557287 ], [ 3.431141, 43.558707 ], [ 3.42275, 43.558512 ], [ 3.421386, 43.558417 ], [ 3.415052, 43.55272 ], [ 3.413793, 43.550977 ], [ 3.41233, 43.551204 ], [ 3.406112, 43.550927 ], [ 3.40277, 43.552266 ], [ 3.402846, 43.552456 ], [ 3.403975, 43.556363 ], [ 3.401814, 43.562107 ], [ 3.399032, 43.564392 ], [ 3.396464, 43.572121 ], [ 3.393391, 43.574957 ], [ 3.393211, 43.575118 ], [ 3.392203, 43.576154 ], [ 3.392219, 43.576889 ], [ 3.392234, 43.576949 ], [ 3.393076, 43.578543 ], [ 3.395809, 43.580235 ], [ 3.399394, 43.587235 ], [ 3.399382, 43.587683 ], [ 3.399429389513991, 43.58820728821464 ], [ 3.395191, 43.591125 ], [ 3.395022, 43.591225 ], [ 3.386999, 43.592359 ], [ 3.385597, 43.592287 ], [ 3.384422, 43.59227 ], [ 3.378775726599221, 43.596022341831116 ], [ 3.379137061769113, 43.596242204183767 ], [ 3.38437, 43.594173 ], [ 3.387519, 43.593638 ], [ 3.395529, 43.593014 ], [ 3.396835, 43.593849 ], [ 3.396915, 43.593924 ], [ 3.397133, 43.594199 ], [ 3.399169120708176, 43.597024127237873 ], [ 3.403692, 43.589972 ], [ 3.403267, 43.586397 ], [ 3.399257, 43.578583 ], [ 3.396772, 43.578589 ], [ 3.396433, 43.578643 ], [ 3.395043, 43.577887 ], [ 3.394972, 43.577775 ], [ 3.394899, 43.575959 ], [ 3.394953, 43.57578 ], [ 3.396059, 43.57484 ], [ 3.397961, 43.574415 ], [ 3.404088, 43.567941 ], [ 3.407431, 43.559913 ], [ 3.409129, 43.556632 ], [ 3.41091, 43.55706 ], [ 3.414409, 43.558809 ], [ 3.420021, 43.563877 ], [ 3.422122, 43.564176 ], [ 3.425604, 43.567112 ], [ 3.426364, 43.568248 ], [ 3.43004674345896, 43.570179491361948 ], [ 3.43296, 43.569894 ], [ 3.434633768958807, 43.569701612763353 ], [ 3.437196, 43.567921 ], [ 3.441136, 43.560603 ], [ 3.441417, 43.560645 ], [ 3.442545, 43.56094 ], [ 3.449013, 43.559144 ], [ 3.449269, 43.550694 ], [ 3.448023, 43.549499 ], [ 3.44721, 43.548618 ], [ 3.447361, 43.555467 ], [ 3.440214, 43.556842 ], [ 3.440033, 43.556733 ], [ 3.435204, 43.557332 ] ] ], [ [ [ 3.365801, 43.577663 ], [ 3.365791, 43.577186 ], [ 3.365753, 43.576887 ], [ 3.365729822110823, 43.576888832244215 ], [ 3.365745, 43.576825 ], [ 3.36574, 43.57679 ], [ 3.363974, 43.575249 ], [ 3.363775, 43.57527 ], [ 3.361258, 43.57798 ], [ 3.360602, 43.579027 ], [ 3.358889, 43.583814 ], [ 3.356557, 43.589023 ], [ 3.356399, 43.589534 ], [ 3.356367, 43.589736 ], [ 3.356826, 43.591415 ], [ 3.353126, 43.599211 ], [ 3.352274, 43.599974 ], [ 3.351967, 43.600446 ], [ 3.351331, 43.602216 ], [ 3.350890138367945, 43.603248034611418 ], [ 3.352034, 43.602234 ], [ 3.355438, 43.601665 ], [ 3.355581, 43.601613 ], [ 3.361338, 43.601654 ], [ 3.363658, 43.593518 ], [ 3.363269, 43.592508 ], [ 3.363175, 43.592274 ], [ 3.358847, 43.586299 ], [ 3.360419, 43.582234 ], [ 3.360551, 43.581859 ], [ 3.360599, 43.581733 ], [ 3.360679, 43.581582 ], [ 3.363918, 43.583082 ], [ 3.364709, 43.583585 ], [ 3.366263028726406, 43.585196870986685 ], [ 3.36515565863419, 43.580916393030783 ], [ 3.365228, 43.580527 ], [ 3.365699, 43.578261 ], [ 3.365801, 43.577663 ] ] ] ] } },
{ "type": "Feature", "properties": { "codgeo": "34079", "value": 840, "isochrone_group": 14.0, "nb_agences": 3 }, "geometry": { "type": "MultiPolygon", "coordinates": [ [ [ [ 3.364463932411069, 43.687098509181624 ], [ 3.364039, 43.687024 ], [ 3.363117, 43.687031 ], [ 3.363116987265713, 43.687029471885651 ], [ 3.363028, 43.68703 ], [ 3.36026, 43.68691 ], [ 3.360291020462004, 43.688060374854622 ], [ 3.36240894785567, 43.687474734865802 ], [ 3.364463932411069, 43.687098509181624 ] ] ], [ [ [ 3.369866, 43.682089 ], [ 3.370779, 43.681777 ], [ 3.373654, 43.680747 ], [ 3.371160404250728, 43.681640357781454 ], [ 3.366486068198726, 43.68268838635985 ], [ 3.367125271957114, 43.68279519944786 ], [ 3.367243029872254, 43.682776659203832 ], [ 3.369866, 43.682089 ] ] ], [ [ [ 3.373654, 43.680747 ], [ 3.374150084519422, 43.680631701455653 ], [ 3.37587786509217, 43.67978436400282 ], [ 3.373654, 43.680747 ] ] ], [ [ [ 3.392965, 43.681948 ], [ 3.392176, 43.68196 ], [ 3.391760981811554, 43.682998829562045 ], [ 3.393795, 43.681872 ], [ 3.392965, 43.681948 ] ] ], [ [ [ 3.408824, 43.683357 ], [ 3.404422864043965, 43.681821028934174 ], [ 3.400231, 43.680884 ], [ 3.397745, 43.681252 ], [ 3.402458686279716, 43.681947002495463 ], [ 3.407176, 43.684198 ], [ 3.407841822656818, 43.686559887718509 ], [ 3.408824, 43.683357 ] ] ], [ [ [ 3.511244, 43.606977 ], [ 3.513925, 43.603522 ], [ 3.519709, 43.596855 ], [ 3.520546, 43.596309 ], [ 3.521656, 43.592377 ], [ 3.521798, 43.5918 ], [ 3.523015, 43.583973 ], [ 3.52305, 43.583411 ], [ 3.522265, 43.582142 ], [ 3.517968, 43.577351 ], [ 3.520057, 43.572954 ], [ 3.519854, 43.572544 ], [ 3.517058, 43.566948 ], [ 3.513459, 43.566864 ], [ 3.510712, 43.569819 ], [ 3.510209, 43.570239 ], [ 3.506139, 43.57342 ], [ 3.497242, 43.574666 ], [ 3.497605, 43.575273 ], [ 3.497816, 43.575989 ], [ 3.49809, 43.577773 ], [ 3.502372, 43.582199 ], [ 3.506866474999789, 43.581043825038783 ], [ 3.507923855357243, 43.580388140208889 ], [ 3.509471, 43.578463 ], [ 3.510289, 43.575165 ], [ 3.510551, 43.574371 ], [ 3.51073, 43.573998 ], [ 3.510836, 43.57382 ], [ 3.511836, 43.573158 ], [ 3.512596, 43.573327 ], [ 3.513091, 43.573535 ], [ 3.513191, 43.573587 ], [ 3.513353, 43.573699 ], [ 3.516305, 43.581862 ], [ 3.517173, 43.585356 ], [ 3.514911, 43.591673 ], [ 3.516427, 43.594938 ], [ 3.515076, 43.597863 ], [ 3.509892, 43.604974 ], [ 3.509145, 43.605448 ], [ 3.50806860114223, 43.609341962606734 ], [ 3.509408902430149, 43.609662775748347 ], [ 3.510108, 43.607796 ], [ 3.511244, 43.606977 ] ] ], [ [ [ 3.496735, 43.574145 ], [ 3.496723689037246, 43.574154274626636 ], [ 3.496852, 43.574242 ], [ 3.496735, 43.574145 ] ] ], [ [ [ 3.482842, 43.566282 ], [ 3.478061, 43.561062 ], [ 3.475196, 43.558883 ], [ 3.472126, 43.553021 ], [ 3.475961, 43.548352 ], [ 3.476158, 43.547816 ], [ 3.476162, 43.546693 ], [ 3.47704, 43.540451 ], [ 3.477794, 43.537757 ], [ 3.477872, 43.537289 ], [ 3.477794, 43.537231 ], [ 3.476682, 43.536869 ], [ 3.47654, 43.536883 ], [ 3.469606, 43.536328 ], [ 3.469566513133332, 43.536309618979026 ], [ 3.469784, 43.537312 ], [ 3.471005, 43.537285 ], [ 3.471527, 43.537248 ], [ 3.47236, 43.537762 ], [ 3.471787, 43.540838 ], [ 3.46991, 43.545554 ], [ 3.469355, 43.546253 ], [ 3.469195, 43.546449 ], [ 3.46863184666536, 43.546811636617015 ], [ 3.469311, 43.548659 ], [ 3.469565, 43.549266 ], [ 3.471259, 43.553164 ], [ 3.471527, 43.553852 ], [ 3.472236, 43.558667 ], [ 3.475224, 43.563987 ], [ 3.474504, 43.564911 ], [ 3.474382358496475, 43.568176379876647 ], [ 3.47703, 43.572533 ], [ 3.47806, 43.575982 ], [ 3.478474253767672, 43.57911009319681 ], [ 3.481707, 43.57822 ], [ 3.484104, 43.575534 ], [ 3.48581, 43.576365 ], [ 3.493567, 43.573397 ], [ 3.493772, 43.57341 ], [ 3.495302, 43.573606 ], [ 3.495835, 43.573701 ], [ 3.493106, 43.572664 ], [ 3.491474, 43.571989 ], [ 3.484083, 43.567354 ], [ 3.482842, 43.566282 ] ] ], [ [ [ 3.443614358318691, 43.54467017080114 ], [ 3.444241, 43.54524 ], [ 3.444145821792101, 43.544956442371706 ], [ 3.443614358318691, 43.54467017080114 ] ] ], [ [ [ 3.431112, 43.552988 ], [ 3.430652, 43.552666 ], [ 3.428341, 43.554406 ], [ 3.420138, 43.553922 ], [ 3.418557, 43.545959 ], [ 3.415802, 43.543641 ], [ 3.408123, 43.546122 ], [ 3.40501, 43.544771 ], [ 3.401967, 43.544835 ], [ 3.400357, 43.547656 ], [ 3.399006, 43.550737 ], [ 3.396976, 43.559271 ], [ 3.396561, 43.559576 ], [ 3.39611, 43.561117 ], [ 3.391092, 43.568433 ], [ 3.391286, 43.57323 ], [ 3.391298558247352, 43.576561075110163 ], [ 3.390894, 43.577782 ], [ 3.391304275722064, 43.578077635277339 ], [ 3.391306, 43.578535 ], [ 3.391228, 43.57891 ], [ 3.39126, 43.579121 ], [ 3.391744, 43.580008 ], [ 3.396593, 43.587131 ], [ 3.396013, 43.58968 ], [ 3.390648305033374, 43.591843193953899 ], [ 3.395022, 43.591225 ], [ 3.395191, 43.591125 ], [ 3.399429389513991, 43.58820728821464 ], [ 3.399382, 43.587683 ], [ 3.399394, 43.587235 ], [ 3.395809, 43.580235 ], [ 3.393076, 43.578543 ], [ 3.392234, 43.576949 ], [ 3.392219, 43.576889 ], [ 3.392203, 43.576154 ], [ 3.393211, 43.575118 ], [ 3.393391, 43.574957 ], [ 3.396464, 43.572121 ], [ 3.399032, 43.564392 ], [ 3.401814, 43.562107 ], [ 3.403975, 43.556363 ], [ 3.402846, 43.552456 ], [ 3.40277, 43.552266 ], [ 3.406112, 43.550927 ], [ 3.41233, 43.551204 ], [ 3.413793, 43.550977 ], [ 3.415052, 43.55272 ], [ 3.421386, 43.558417 ], [ 3.42275, 43.558512 ], [ 3.431141, 43.558707 ], [ 3.433247, 43.557287 ], [ 3.435204, 43.557332 ], [ 3.440033, 43.556733 ], [ 3.440214, 43.556842 ], [ 3.447361, 43.555467 ], [ 3.44721, 43.548618 ], [ 3.446501, 43.54778 ], [ 3.446112, 43.547266 ], [ 3.445533, 43.546588 ], [ 3.444478, 43.545617 ], [ 3.444241, 43.54524 ], [ 3.444213, 43.551207 ], [ 3.437434, 43.555963 ], [ 3.431807, 43.553434 ], [ 3.431112, 43.552988 ] ] ], [ [ [ 3.382236, 43.592264 ], [ 3.381433, 43.592596 ], [ 3.380942, 43.592891 ], [ 3.372243, 43.593424 ], [ 3.377428, 43.596918 ], [ 3.384422, 43.59227 ], [ 3.385597, 43.592287 ], [ 3.383688, 43.591839 ], [ 3.383359, 43.591923 ], [ 3.382333, 43.592231 ], [ 3.382236, 43.592264 ] ] ], [ [ [ 3.370488, 43.576463 ], [ 3.366555, 43.57266 ], [ 3.364659, 43.569963 ], [ 3.364383, 43.569919 ], [ 3.36108, 43.570355 ], [ 3.360918, 43.570896 ], [ 3.358678, 43.578809 ], [ 3.357385, 43.582234 ], [ 3.355698, 43.589674 ], [ 3.350324, 43.596496 ], [ 3.350293, 43.596556 ], [ 3.350066, 43.597805 ], [ 3.349831, 43.59918 ], [ 3.349568, 43.600323 ], [ 3.34358584497191, 43.605776504063428 ], [ 3.341971548099699, 43.605660074504236 ], [ 3.341546, 43.605572 ], [ 3.342034, 43.605673 ], [ 3.342247, 43.605722 ], [ 3.34910652270445, 43.606177627778941 ], [ 3.349777578775702, 43.605852479913473 ], [ 3.351331, 43.602216 ], [ 3.351967, 43.600446 ], [ 3.352274, 43.599974 ], [ 3.353126, 43.599211 ], [ 3.356826, 43.591415 ], [ 3.356367, 43.589736 ], [ 3.356399, 43.589534 ], [ 3.356557, 43.589023 ], [ 3.358889, 43.583814 ], [ 3.360602, 43.579027 ], [ 3.361258, 43.57798 ], [ 3.363775, 43.57527 ], [ 3.363974, 43.575249 ], [ 3.36574, 43.57679 ], [ 3.365745, 43.576825 ], [ 3.365729822110823, 43.576888832244215 ], [ 3.365753, 43.576887 ], [ 3.365791, 43.577186 ], [ 3.365801, 43.577663 ], [ 3.365699, 43.578261 ], [ 3.365228, 43.580527 ], [ 3.36515565863419, 43.580916393030783 ], [ 3.366440730715443, 43.585883768214764 ], [ 3.367175, 43.587064 ], [ 3.36745163899271, 43.587466778174353 ], [ 3.367655, 43.582003 ], [ 3.369926, 43.580019 ], [ 3.370715, 43.579558 ], [ 3.370488, 43.576463 ] ] ], [ [ [ 3.329119780857681, 43.605013118865173 ], [ 3.329842254591301, 43.605423171524791 ], [ 3.329891269980426, 43.605423051473103 ], [ 3.329119780857681, 43.605013118865173 ] ] ], [ [ [ 3.32334, 43.603144 ], [ 3.322245, 43.603511 ], [ 3.316155, 43.605481 ], [ 3.313853, 43.607933 ], [ 3.313814, 43.608038 ], [ 3.31354, 43.608802 ], [ 3.313403, 43.609406 ], [ 3.313418, 43.610288 ], [ 3.313833, 43.611357 ], [ 3.314793, 43.61305 ], [ 3.316861, 43.613971 ], [ 3.32081, 43.615132 ], [ 3.322296, 43.61502 ], [ 3.322744, 43.614651 ], [ 3.33114, 43.616227 ], [ 3.331856, 43.619755 ], [ 3.333612, 43.619446 ], [ 3.334476, 43.619181 ], [ 3.340034, 43.618687 ], [ 3.346503, 43.623365 ], [ 3.348906, 43.625507 ], [ 3.348919795883191, 43.62549482012048 ], [ 3.34892, 43.625495 ], [ 3.349367, 43.6251 ], [ 3.349593, 43.624873 ], [ 3.349963, 43.624435 ], [ 3.350791, 43.622984 ], [ 3.351604, 43.621998 ], [ 3.355481525031575, 43.62078690950456 ], [ 3.353265364661821, 43.620190752583142 ], [ 3.352268, 43.620255 ], [ 3.351653, 43.620464 ], [ 3.351184, 43.620551 ], [ 3.348754, 43.620862 ], [ 3.340512, 43.617283 ], [ 3.340248, 43.617214 ], [ 3.339726, 43.617003 ], [ 3.339485, 43.616864 ], [ 3.334234, 43.611056 ], [ 3.331115, 43.610432 ], [ 3.32429, 43.611176 ], [ 3.32152250085093, 43.610400110420287 ], [ 3.320875, 43.610509 ], [ 3.320756, 43.610058 ], [ 3.32065, 43.609592 ], [ 3.320625, 43.608889 ], [ 3.320803, 43.608116 ], [ 3.321197, 43.607412 ], [ 3.321775, 43.606829 ], [ 3.325387, 43.603502 ], [ 3.325541, 43.603484 ], [ 3.325779425403455, 43.603600715943145 ], [ 3.325918, 43.603489 ], [ 3.326114, 43.603499 ], [ 3.326361336405776, 43.603547412746096 ], [ 3.325907, 43.603306 ], [ 3.325091, 43.60316 ], [ 3.324265, 43.60305 ], [ 3.32334, 43.603144 ] ] ], [ [ [ 3.361491, 43.632838 ], [ 3.361490228330686, 43.63283842949879 ], [ 3.361471, 43.632838 ], [ 3.355717, 43.636025 ], [ 3.355514895207907, 43.636671476225999 ], [ 3.354869, 43.638341 ], [ 3.354492456240445, 43.63952337670802 ], [ 3.35321, 43.642418 ], [ 3.353286, 43.642988 ], [ 3.353312, 43.643172 ], [ 3.356027, 43.64466 ], [ 3.3611000141193, 43.643924579463011 ], [ 3.363274, 43.643631 ], [ 3.371626599003271, 43.643789980654503 ], [ 3.371248824562398, 43.643321409560436 ], [ 3.365586, 43.640324 ], [ 3.363099238156471, 43.64029662158012 ], [ 3.361661, 43.640339 ], [ 3.360696, 43.636871 ], [ 3.364283, 43.633659 ], [ 3.364523775001838, 43.633668606982603 ], [ 3.364467, 43.633649 ], [ 3.362567, 43.632936 ], [ 3.362053, 43.632851 ], [ 3.361491, 43.632838 ] ] ], [ [ [ 3.408772, 43.661557 ], [ 3.409136, 43.661252 ], [ 3.40942, 43.661069 ], [ 3.415199, 43.665608 ], [ 3.418668, 43.665611 ], [ 3.42009217252303, 43.665299481126787 ], [ 3.420214, 43.66526 ], [ 3.420622, 43.665152 ], [ 3.420931897916609, 43.665115802320919 ], [ 3.421027, 43.665095 ], [ 3.421132238351569, 43.665092401522216 ], [ 3.422788, 43.664899 ], [ 3.424331, 43.66452 ], [ 3.424682, 43.664371 ], [ 3.428684, 43.660441 ], [ 3.425441, 43.654766 ], [ 3.425289761169525, 43.653154550261284 ], [ 3.416958, 43.652073 ], [ 3.416687, 43.651903 ], [ 3.408525631577306, 43.654354908970113 ], [ 3.408267, 43.655695 ], [ 3.408312, 43.656953 ], [ 3.407728, 43.657856 ], [ 3.407225, 43.65819 ], [ 3.406637, 43.658393 ], [ 3.406182, 43.65847 ], [ 3.404201, 43.658885 ], [ 3.403648, 43.65879 ], [ 3.406705721561407, 43.66021518638167 ], [ 3.408276, 43.661049 ], [ 3.408684546593656, 43.661673440771352 ], [ 3.408772, 43.661557 ] ] ], [ [ [ 3.377187652478787, 43.67936716584876 ], [ 3.377646124174795, 43.679018944440628 ], [ 3.376704212498444, 43.67942666615405 ], [ 3.377187652478787, 43.67936716584876 ] ] ] ] } },
{ "type": "Feature", "properties": { "codgeo": "34079", "value": 900, "isochrone_group": 15.0, "nb_agences": 3 }, "geometry": { "type": "MultiPolygon", "coordinates": [ [ [ [ 3.329055757389856, 43.7005911280935 ], [ 3.329475, 43.699935 ], [ 3.329054, 43.70059 ], [ 3.329055757389856, 43.7005911280935 ] ] ], [ [ [ 3.345625518446515, 43.690652277976376 ], [ 3.345232, 43.690831 ], [ 3.345326440279355, 43.690804577364474 ], [ 3.345326, 43.690803 ], [ 3.345625518446515, 43.690652277976376 ] ] ], [ [ [ 3.41909, 43.68664 ], [ 3.419601839194475, 43.683282071276096 ], [ 3.418497, 43.684892 ], [ 3.418600634010199, 43.687036269487344 ], [ 3.418823, 43.686864 ], [ 3.41909, 43.68664 ] ] ], [ [ [ 3.521862, 43.596657 ], [ 3.523752, 43.595528 ], [ 3.524165, 43.595335 ], [ 3.524338, 43.595234 ], [ 3.526392, 43.593622 ], [ 3.526525, 43.593445 ], [ 3.526839, 43.592923 ], [ 3.527617, 43.587996 ], [ 3.527485, 43.585605 ], [ 3.527185, 43.579792 ], [ 3.526011, 43.577818 ], [ 3.523502, 43.575607 ], [ 3.522990820677122, 43.575123052452319 ], [ 3.522989, 43.575111 ], [ 3.519565865244828, 43.570165744776901 ], [ 3.520775, 43.563056 ], [ 3.521309, 43.562518 ], [ 3.521243, 43.560566 ], [ 3.519275, 43.559547 ], [ 3.51866, 43.559968 ], [ 3.514959, 43.562585 ], [ 3.508542, 43.562581 ], [ 3.506796, 43.562964 ], [ 3.506727, 43.562993 ], [ 3.505737, 43.564163 ], [ 3.505711, 43.564308 ], [ 3.505294, 43.566623 ], [ 3.502922, 43.571173 ], [ 3.495359, 43.570175 ], [ 3.488736712936355, 43.567644401344332 ], [ 3.487926862585716, 43.566171191579038 ], [ 3.48751, 43.564953 ], [ 3.48905, 43.560034 ], [ 3.490149, 43.558403 ], [ 3.487165, 43.556391 ], [ 3.481651, 43.549482 ], [ 3.480783, 43.548735 ], [ 3.478580462113087, 43.544083741708434 ], [ 3.476719, 43.547312 ], [ 3.477092, 43.547975 ], [ 3.4774, 43.548756 ], [ 3.474776858659326, 43.549793657345376 ], [ 3.473268770374004, 43.551629710592906 ], [ 3.472349117301719, 43.553447030495974 ], [ 3.475196, 43.558883 ], [ 3.478061, 43.561062 ], [ 3.482842, 43.566282 ], [ 3.484083, 43.567354 ], [ 3.491474, 43.571989 ], [ 3.493106, 43.572664 ], [ 3.495835, 43.573701 ], [ 3.496343, 43.573894 ], [ 3.496723689037245, 43.574154274626636 ], [ 3.496735, 43.574145 ], [ 3.496852, 43.574242 ], [ 3.497242, 43.574666 ], [ 3.506139, 43.57342 ], [ 3.510209, 43.570239 ], [ 3.510712, 43.569819 ], [ 3.513459, 43.566864 ], [ 3.517058, 43.566948 ], [ 3.519854, 43.572544 ], [ 3.520057, 43.572954 ], [ 3.517968, 43.577351 ], [ 3.522265, 43.582142 ], [ 3.52305, 43.583411 ], [ 3.523015, 43.583973 ], [ 3.521798, 43.5918 ], [ 3.521656, 43.592377 ], [ 3.520546, 43.596309 ], [ 3.519709, 43.596855 ], [ 3.514217328755485, 43.603185043600824 ], [ 3.51684, 43.604818 ], [ 3.516590731011076, 43.606001597923267 ], [ 3.518547, 43.603222 ], [ 3.521862, 43.596657 ] ] ], [ [ [ 3.485564, 43.539744 ], [ 3.48696, 43.538662 ], [ 3.487028, 43.5385 ], [ 3.485852, 43.536183 ], [ 3.485798, 43.536173 ], [ 3.485355578411875, 43.536178813687087 ], [ 3.482133, 43.539658 ], [ 3.481182, 43.539572 ], [ 3.478943284314883, 43.543454513870223 ], [ 3.485117, 43.539708 ], [ 3.48517, 43.539718 ], [ 3.485564, 43.539744 ] ] ], [ [ [ 3.39757, 43.538196 ], [ 3.396049, 43.538684 ], [ 3.395775, 43.538893 ], [ 3.395793, 43.54009 ], [ 3.395832, 43.541348 ], [ 3.396236, 43.549442 ], [ 3.395287, 43.55039 ], [ 3.39328, 43.55739 ], [ 3.38885, 43.563733 ], [ 3.386148, 43.564404 ], [ 3.383179, 43.565649 ], [ 3.382619, 43.565855 ], [ 3.383222, 43.569404 ], [ 3.388054, 43.573796 ], [ 3.388056, 43.579226 ], [ 3.387908, 43.580065 ], [ 3.387977, 43.58049 ], [ 3.391652, 43.583078 ], [ 3.391994, 43.583517 ], [ 3.391893143055775, 43.58975964141969 ], [ 3.386568485199775, 43.590706313624054 ], [ 3.386138, 43.59076 ], [ 3.385589, 43.590914 ], [ 3.385121, 43.591158 ], [ 3.383359, 43.591923 ], [ 3.383688, 43.591839 ], [ 3.385597, 43.592287 ], [ 3.386999, 43.592359 ], [ 3.387772, 43.593003 ], [ 3.396013, 43.58968 ], [ 3.396593, 43.587131 ], [ 3.391744, 43.580008 ], [ 3.39126, 43.579121 ], [ 3.391228, 43.57891 ], [ 3.391306, 43.578535 ], [ 3.391304275722064, 43.578077635277339 ], [ 3.390894, 43.577782 ], [ 3.391298558247352, 43.576561075110163 ], [ 3.391286, 43.57323 ], [ 3.391092, 43.568433 ], [ 3.39611, 43.561117 ], [ 3.396561, 43.559576 ], [ 3.396976, 43.559271 ], [ 3.399006, 43.550737 ], [ 3.400357, 43.547656 ], [ 3.401967, 43.544835 ], [ 3.40501, 43.544771 ], [ 3.408123, 43.546122 ], [ 3.412475791728468, 43.54471566111755 ], [ 3.411222, 43.542936 ], [ 3.41048983128344, 43.540360016161841 ], [ 3.405263, 43.54052 ], [ 3.398072, 43.538473 ], [ 3.39757, 43.538196 ] ] ], [ [ [ 3.430652, 43.552666 ], [ 3.431112, 43.552988 ], [ 3.431807, 43.553434 ], [ 3.437434, 43.555963 ], [ 3.444213, 43.551207 ], [ 3.444232718873436, 43.547004767221559 ], [ 3.441366, 43.54555 ], [ 3.440899, 43.545236 ], [ 3.437768, 43.543701 ], [ 3.430324, 43.543063 ], [ 3.423991, 43.543885 ], [ 3.418902327081978, 43.547698303955613 ], [ 3.420138, 43.553922 ], [ 3.428341, 43.554406 ], [ 3.430652, 43.552666 ] ] ], [ [ [ 3.383183068818163, 43.591975813649128 ], [ 3.383169, 43.591974 ], [ 3.382333, 43.592231 ], [ 3.383183068818163, 43.591975813649128 ] ] ], [ [ [ 3.372243, 43.593424 ], [ 3.380942, 43.592891 ], [ 3.381433, 43.592596 ], [ 3.381119, 43.592784 ], [ 3.372243, 43.593424 ] ] ], [ [ [ 3.374796, 43.578835 ], [ 3.373976, 43.577639 ], [ 3.37229, 43.569344 ], [ 3.371448, 43.567577 ], [ 3.370876, 43.566033 ], [ 3.364705, 43.562351 ], [ 3.360177, 43.56577 ], [ 3.360095591056806, 43.565915288223437 ], [ 3.358721, 43.567987 ], [ 3.357581, 43.575432 ], [ 3.354196, 43.580259 ], [ 3.349104, 43.585273 ], [ 3.350553, 43.588569 ], [ 3.350293, 43.596556 ], [ 3.350324, 43.596496 ], [ 3.355698, 43.589674 ], [ 3.357385, 43.582234 ], [ 3.358678, 43.578809 ], [ 3.360918, 43.570896 ], [ 3.36108, 43.570355 ], [ 3.364383, 43.569919 ], [ 3.364659, 43.569963 ], [ 3.366555, 43.57266 ], [ 3.370488, 43.576463 ], [ 3.370715, 43.579558 ], [ 3.369926, 43.580019 ], [ 3.367655, 43.582003 ], [ 3.367376, 43.589499 ], [ 3.369148, 43.590942 ], [ 3.370684, 43.592173 ], [ 3.373633, 43.583766 ], [ 3.374337, 43.583463 ], [ 3.374395, 43.583422 ], [ 3.374924, 43.581675 ], [ 3.37475, 43.580275 ], [ 3.374796, 43.578835 ] ] ], [ [ [ 3.341971548099699, 43.605660074504236 ], [ 3.34358584497191, 43.605776504063428 ], [ 3.349568, 43.600323 ], [ 3.349831, 43.59918 ], [ 3.350066, 43.597805 ], [ 3.344157, 43.604334 ], [ 3.340109, 43.605472 ], [ 3.340812, 43.605454 ], [ 3.3412, 43.605497 ], [ 3.341546, 43.605572 ], [ 3.341971548099699, 43.605660074504236 ] ] ], [ [ [ 3.304949, 43.609567 ], [ 3.308278, 43.611127 ], [ 3.308542, 43.611165 ], [ 3.314982, 43.617024 ], [ 3.315122, 43.619149 ], [ 3.315218, 43.619311 ], [ 3.322066, 43.621017 ], [ 3.32292, 43.620923 ], [ 3.330693, 43.621495 ], [ 3.330843, 43.621527 ], [ 3.330853757819815, 43.621520053166741 ], [ 3.331155, 43.621567 ], [ 3.331744, 43.621589 ], [ 3.334476, 43.619181 ], [ 3.333612, 43.619446 ], [ 3.331856, 43.619755 ], [ 3.33114, 43.616227 ], [ 3.322744, 43.614651 ], [ 3.322296, 43.61502 ], [ 3.32081, 43.615132 ], [ 3.316861, 43.613971 ], [ 3.314793, 43.61305 ], [ 3.313833, 43.611357 ], [ 3.313418, 43.610288 ], [ 3.313403, 43.609406 ], [ 3.31354, 43.608802 ], [ 3.313814, 43.608038 ], [ 3.313853, 43.607933 ], [ 3.316155, 43.605481 ], [ 3.322245, 43.603511 ], [ 3.32334, 43.603144 ], [ 3.317248, 43.604022 ], [ 3.310984, 43.603996 ], [ 3.304354, 43.605988 ], [ 3.303901, 43.606112 ], [ 3.303655, 43.606207 ], [ 3.304949, 43.609567 ] ] ], [ [ [ 3.351391, 43.626622 ], [ 3.351851148525696, 43.622551703742865 ], [ 3.358462, 43.619856 ], [ 3.351604, 43.621998 ], [ 3.350791, 43.622984 ], [ 3.349963, 43.624435 ], [ 3.349593, 43.624873 ], [ 3.349367, 43.6251 ], [ 3.34892, 43.625495 ], [ 3.348919795883191, 43.62549482012048 ], [ 3.348906, 43.625507 ], [ 3.346503, 43.623365 ], [ 3.340034, 43.618687 ], [ 3.334476, 43.619181 ], [ 3.34151, 43.620258 ], [ 3.345219, 43.624999 ], [ 3.346272, 43.627509 ], [ 3.348483, 43.628717 ], [ 3.35146, 43.626953 ], [ 3.351391, 43.626622 ] ] ], [ [ [ 3.352171374770268, 43.637909641460986 ], [ 3.347078, 43.645252 ], [ 3.345306, 43.645351 ], [ 3.345306018458809, 43.64535132842061 ], [ 3.345187, 43.645358 ], [ 3.345388, 43.648952 ], [ 3.347279, 43.648846 ], [ 3.348936, 43.648817 ], [ 3.350378, 43.648148 ], [ 3.359366, 43.648323 ], [ 3.359516, 43.648353 ], [ 3.359516617385136, 43.648352615777966 ], [ 3.359544, 43.648358 ], [ 3.361438, 43.647177 ], [ 3.361821, 43.6462 ], [ 3.362657, 43.644836 ], [ 3.368008808376652, 43.643721120803662 ], [ 3.363274, 43.643631 ], [ 3.3611000141193, 43.643924579463011 ], [ 3.356027, 43.64466 ], [ 3.353312, 43.643172 ], [ 3.353286, 43.642988 ], [ 3.35321, 43.642418 ], [ 3.354492456240445, 43.63952337670802 ], [ 3.354869, 43.638341 ], [ 3.355421633835279, 43.636912540220408 ], [ 3.355119, 43.636906 ], [ 3.353176, 43.636694 ], [ 3.352376, 43.637477 ], [ 3.352317, 43.637571 ], [ 3.352216, 43.63779 ], [ 3.352171374770268, 43.637909641460986 ] ] ], [ [ [ 3.403155, 43.658636 ], [ 3.403668742127143, 43.659452175592826 ], [ 3.404110874530499, 43.659005743148647 ], [ 3.403648, 43.65879 ], [ 3.403155, 43.658636 ] ] ], [ [ [ 3.396794825035147, 43.675615080032053 ], [ 3.399214, 43.67421 ], [ 3.399474, 43.673894 ], [ 3.39962, 43.673725 ], [ 3.400047, 43.673355 ], [ 3.400084577464181, 43.67320572676298 ], [ 3.399036577025056, 43.67399149914722 ], [ 3.398096, 43.674584 ], [ 3.396794825035147, 43.675615080032053 ] ] ], [ [ [ 3.392363487266634, 43.678044332116301 ], [ 3.392641887544066, 43.678027145975157 ], [ 3.394399400020013, 43.677006365865417 ], [ 3.386114, 43.676671 ], [ 3.392363487266634, 43.678044332116301 ] ] ], [ [ [ 3.385687208788438, 43.676405320534364 ], [ 3.386114, 43.676671 ], [ 3.385691, 43.676404 ], [ 3.385687208788438, 43.676405320534364 ] ] ], [ [ [ 3.35217, 43.687359 ], [ 3.352097888106194, 43.686926165488096 ], [ 3.351023975645143, 43.687935696066347 ], [ 3.35217, 43.687359 ] ] ] ] } },
{ "type": "Feature", "properties": { "codgeo": "34079", "value": 960, "isochrone_group": 16.0, "nb_agences": 3 }, "geometry": { "type": "MultiPolygon", "coordinates": [ [ [ [ 3.302587, 43.614261 ], [ 3.303028, 43.614122 ], [ 3.303444, 43.613945 ], [ 3.303771, 43.613772 ], [ 3.304113, 43.61355 ], [ 3.304435, 43.613293 ], [ 3.311259, 43.619056 ], [ 3.311404733346698, 43.621700545023671 ], [ 3.311125, 43.62258 ], [ 3.311589, 43.622728 ], [ 3.312021, 43.622822 ], [ 3.315298, 43.623594 ], [ 3.317047, 43.623698 ], [ 3.317942, 43.623281 ], [ 3.321428, 43.621941 ], [ 3.322406, 43.621381 ], [ 3.330693, 43.621495 ], [ 3.32292, 43.620923 ], [ 3.322066, 43.621017 ], [ 3.315218, 43.619311 ], [ 3.315122, 43.619149 ], [ 3.314982, 43.617024 ], [ 3.308542, 43.611165 ], [ 3.308278, 43.611127 ], [ 3.304949, 43.609567 ], [ 3.303656464334028, 43.606210802289276 ], [ 3.303505, 43.606272 ], [ 3.303059, 43.606513 ], [ 3.298396, 43.609397 ], [ 3.297407, 43.612858 ], [ 3.298816, 43.613765 ], [ 3.299357, 43.614039 ], [ 3.299943, 43.614242 ], [ 3.300537, 43.614363 ], [ 3.301034, 43.614419 ], [ 3.301702, 43.614416 ], [ 3.30212, 43.614365 ], [ 3.302587, 43.614261 ] ] ], [ [ [ 3.331744, 43.621589 ], [ 3.331155, 43.621567 ], [ 3.331777, 43.621674 ], [ 3.334647, 43.622358 ], [ 3.342765824226323, 43.621863247413593 ], [ 3.34151, 43.620258 ], [ 3.334476, 43.619181 ], [ 3.331744, 43.621589 ] ] ], [ [ [ 3.341872, 43.645331 ], [ 3.341272, 43.64536 ], [ 3.340581, 43.645417 ], [ 3.340294, 43.645457 ], [ 3.339865, 43.645534 ], [ 3.339385, 43.645652 ], [ 3.338218, 43.645989 ], [ 3.335666, 43.646415 ], [ 3.335907, 43.650007 ], [ 3.335952993351343, 43.650003901314172 ], [ 3.335953, 43.650004 ], [ 3.336946, 43.649937 ], [ 3.343344, 43.650113 ], [ 3.347589319167486, 43.648840568946369 ], [ 3.347279, 43.648846 ], [ 3.345388, 43.648952 ], [ 3.345187, 43.645358 ], [ 3.345306018458809, 43.64535132842061 ], [ 3.345306, 43.645351 ], [ 3.347078, 43.645252 ], [ 3.352171374770268, 43.637909641460986 ], [ 3.352216, 43.63779 ], [ 3.352317, 43.637571 ], [ 3.352376, 43.637477 ], [ 3.353176, 43.636694 ], [ 3.355119, 43.636906 ], [ 3.356911571538857, 43.636944739267051 ], [ 3.357349, 43.63619 ], [ 3.360476, 43.635468 ], [ 3.363248, 43.63346 ], [ 3.363631, 43.633479 ], [ 3.364467, 43.633649 ], [ 3.3648, 43.633764 ], [ 3.367206, 43.634267 ], [ 3.372265, 43.633323 ], [ 3.372818, 43.633178 ], [ 3.373452, 43.6331 ], [ 3.373876, 43.63314 ], [ 3.377101, 43.632796 ], [ 3.379617, 43.624758 ], [ 3.37923, 43.624001 ], [ 3.373472, 43.619584 ], [ 3.372859, 43.619555 ], [ 3.372467, 43.619482 ], [ 3.37188, 43.61939 ], [ 3.371202, 43.619205 ], [ 3.369879, 43.618957 ], [ 3.368991, 43.618841 ], [ 3.36725, 43.618744 ], [ 3.365638, 43.618696 ], [ 3.364461, 43.618833 ], [ 3.363944, 43.618833 ], [ 3.359623, 43.619507 ], [ 3.358462, 43.619856 ], [ 3.351851148525696, 43.622551703742865 ], [ 3.351391, 43.626622 ], [ 3.35146, 43.626953 ], [ 3.348483, 43.628717 ], [ 3.350601, 43.630473 ], [ 3.350472, 43.63865 ], [ 3.344869, 43.645376 ], [ 3.344057, 43.645437 ], [ 3.342732, 43.645357 ], [ 3.341872, 43.645331 ] ] ], [ [ [ 3.360488, 43.648549 ], [ 3.360752, 43.648362 ], [ 3.361215, 43.647806 ], [ 3.361821, 43.6462 ], [ 3.361438, 43.647177 ], [ 3.359544, 43.648358 ], [ 3.359516617385136, 43.648352615777966 ], [ 3.359516, 43.648353 ], [ 3.359366, 43.648323 ], [ 3.350378, 43.648148 ], [ 3.348936, 43.648817 ], [ 3.347822188892499, 43.648836493374866 ], [ 3.356097, 43.651576 ], [ 3.356275, 43.65165 ], [ 3.356282633390584, 43.651644051219748 ], [ 3.356528, 43.651734 ], [ 3.356762, 43.651794 ], [ 3.360488, 43.648549 ] ] ], [ [ [ 3.392954, 43.675944 ], [ 3.384246, 43.675583 ], [ 3.385563, 43.676328 ], [ 3.385687208788438, 43.676405320534364 ], [ 3.385691, 43.676404 ], [ 3.386114, 43.676671 ], [ 3.394399400020013, 43.677006365865417 ], [ 3.396794825035147, 43.675615080032053 ], [ 3.398096, 43.674584 ], [ 3.399036577025056, 43.67399149914722 ], [ 3.399617261889138, 43.673556111800892 ], [ 3.399614926008913, 43.673412033410834 ], [ 3.397368338631874, 43.674763476649865 ], [ 3.396238, 43.675116 ], [ 3.395802, 43.675225 ], [ 3.395226, 43.675365 ], [ 3.394604, 43.675534 ], [ 3.392954, 43.675944 ] ] ], [ [ [ 3.380921, 43.675576 ], [ 3.380446, 43.675773 ], [ 3.373654, 43.680747 ], [ 3.380116, 43.677567 ], [ 3.381959, 43.675528 ], [ 3.383045, 43.675445 ], [ 3.381858, 43.675506 ], [ 3.380921, 43.675576 ] ] ], [ [ [ 3.343375, 43.691598 ], [ 3.343756, 43.691386 ], [ 3.343910451846386, 43.69051273005666 ], [ 3.343715, 43.690573 ], [ 3.342717, 43.690554 ], [ 3.342476, 43.690663 ], [ 3.340991724285437, 43.691900185676708 ], [ 3.343375, 43.691598 ] ] ], [ [ [ 3.32417745048647, 43.708962427284312 ], [ 3.3249, 43.707717 ], [ 3.324900978982086, 43.707714978767122 ], [ 3.324175, 43.708961 ], [ 3.32417745048647, 43.708962427284312 ] ] ], [ [ [ 3.322741236759486, 43.717182902399976 ], [ 3.322742, 43.717181 ], [ 3.322703, 43.713496 ], [ 3.322731, 43.716221 ], [ 3.322741236759486, 43.717182902399976 ] ] ], [ [ [ 3.326341, 43.717143 ], [ 3.326341346290952, 43.717155551349514 ], [ 3.326334274336283, 43.716490787610539 ], [ 3.326341, 43.717143 ] ] ], [ [ [ 3.326707, 43.711756 ], [ 3.326303, 43.713458 ], [ 3.326331096467034, 43.716182617921639 ], [ 3.328011, 43.709529 ], [ 3.326707, 43.711756 ] ] ], [ [ [ 3.446067, 43.683215 ], [ 3.445280386107994, 43.684565887686041 ], [ 3.447317553553945, 43.683454419644889 ], [ 3.446067, 43.683215 ] ] ], [ [ [ 3.455114, 43.687149 ], [ 3.455661, 43.687558 ], [ 3.45596785623392, 43.687741913833996 ], [ 3.455968, 43.687744 ], [ 3.457196, 43.688478 ], [ 3.45766, 43.688704 ], [ 3.460523629962316, 43.689501133378165 ], [ 3.459871, 43.688115 ], [ 3.457273, 43.685852 ], [ 3.449389, 43.683851 ], [ 3.44925126849558, 43.683824631174957 ], [ 3.454643, 43.686677 ], [ 3.455114, 43.687149 ] ] ], [ [ [ 3.519969, 43.604154 ], [ 3.524401, 43.596621 ], [ 3.528579, 43.595168 ], [ 3.531758, 43.594938 ], [ 3.531896, 43.594939 ], [ 3.533172, 43.594114 ], [ 3.533199, 43.594065 ], [ 3.531923, 43.591339 ], [ 3.535506, 43.583919 ], [ 3.536822, 43.582419 ], [ 3.536866, 43.582036 ], [ 3.536814, 43.580565 ], [ 3.536177, 43.580317 ], [ 3.534212, 43.579585 ], [ 3.533488, 43.57928 ], [ 3.532627, 43.57898 ], [ 3.525751, 43.573635 ], [ 3.523262, 43.572515 ], [ 3.520911528647195, 43.572109766688101 ], [ 3.522989, 43.575111 ], [ 3.522990820677122, 43.575123052452319 ], [ 3.523502, 43.575607 ], [ 3.526011, 43.577818 ], [ 3.527185, 43.579792 ], [ 3.527485, 43.585605 ], [ 3.527617, 43.587996 ], [ 3.526839, 43.592923 ], [ 3.526525, 43.593445 ], [ 3.526392, 43.593622 ], [ 3.524338, 43.595234 ], [ 3.524165, 43.595335 ], [ 3.523752, 43.595528 ], [ 3.521862, 43.596657 ], [ 3.520755398083356, 43.598848505756486 ], [ 3.521492, 43.599468 ], [ 3.520977, 43.600081 ], [ 3.519667, 43.601678 ], [ 3.51880130146123, 43.60541987259338 ], [ 3.519516, 43.604604 ], [ 3.519969, 43.604154 ] ] ], [ [ [ 3.526582, 43.559819 ], [ 3.527811, 43.558324 ], [ 3.529124, 43.556832 ], [ 3.529095, 43.554496 ], [ 3.528967, 43.554368 ], [ 3.527045, 43.553893 ], [ 3.526299, 43.554058 ], [ 3.524902, 43.554439 ], [ 3.524585, 43.554606 ], [ 3.519458, 43.557519 ], [ 3.511575, 43.56026 ], [ 3.510035, 43.559186 ], [ 3.508172, 43.559083 ], [ 3.501409, 43.557956 ], [ 3.493665, 43.554215 ], [ 3.492274, 43.553401 ], [ 3.489754, 43.552925 ], [ 3.48749, 43.544886 ], [ 3.493196, 43.540037 ], [ 3.493262611724394, 43.536458856774644 ], [ 3.489242, 43.53998 ], [ 3.487322, 43.540387 ], [ 3.480901, 43.545241 ], [ 3.482097, 43.549911 ], [ 3.482197, 43.55004 ], [ 3.482134922154038, 43.550088350772974 ], [ 3.487165, 43.556391 ], [ 3.490149, 43.558403 ], [ 3.48905, 43.560034 ], [ 3.48751, 43.564953 ], [ 3.487926862585716, 43.566171191579038 ], [ 3.488736712936355, 43.567644401344332 ], [ 3.495359, 43.570175 ], [ 3.502922, 43.571173 ], [ 3.505294, 43.566623 ], [ 3.505711, 43.564308 ], [ 3.505737, 43.564163 ], [ 3.506727, 43.562993 ], [ 3.506796, 43.562964 ], [ 3.508542, 43.562581 ], [ 3.514959, 43.562585 ], [ 3.51866, 43.559968 ], [ 3.519275, 43.559547 ], [ 3.521243, 43.560566 ], [ 3.521309, 43.562518 ], [ 3.520775, 43.563056 ], [ 3.519565865244828, 43.570165744776901 ], [ 3.520738093102539, 43.571859211832873 ], [ 3.520409581266959, 43.566106704975255 ], [ 3.520849437332046, 43.563872524231563 ], [ 3.52104092580576, 43.563672081260883 ], [ 3.524095, 43.562038 ], [ 3.524754, 43.561673 ], [ 3.526582, 43.559819 ] ] ], [ [ [ 3.389804, 43.555748 ], [ 3.386705, 43.562646 ], [ 3.385056, 43.56395 ], [ 3.380229557919143, 43.565418585802924 ], [ 3.375688, 43.561809 ], [ 3.37399, 43.559096 ], [ 3.372806697963549, 43.558942433367029 ], [ 3.368905, 43.558282 ], [ 3.367590319753628, 43.558152602337962 ], [ 3.36717, 43.558096 ], [ 3.363676, 43.557397 ], [ 3.359331165287069, 43.561130248851725 ], [ 3.35688677823709, 43.563192343476096 ], [ 3.356729, 43.563178 ], [ 3.355598, 43.563165 ], [ 3.355486, 43.563161 ], [ 3.355479506139156, 43.563170386084558 ], [ 3.355092, 43.563188 ], [ 3.354744, 43.563251 ], [ 3.353587, 43.565156 ], [ 3.353109, 43.568724 ], [ 3.35244, 43.577306 ], [ 3.348343, 43.585219 ], [ 3.346083, 43.58501 ], [ 3.345114, 43.585251 ], [ 3.344723, 43.585473 ], [ 3.341513, 43.587147 ], [ 3.34117, 43.587315 ], [ 3.340354, 43.587739 ], [ 3.340354640689806, 43.587741309012358 ], [ 3.340229, 43.587807 ], [ 3.339494, 43.588249 ], [ 3.34135, 43.591334 ], [ 3.342708, 43.590663 ], [ 3.342923, 43.590591 ], [ 3.343758, 43.590299 ], [ 3.344581, 43.589935 ], [ 3.350293, 43.596556 ], [ 3.350553, 43.588569 ], [ 3.349104, 43.585273 ], [ 3.354196, 43.580259 ], [ 3.357581, 43.575432 ], [ 3.358721, 43.567987 ], [ 3.360095591056806, 43.565915288223437 ], [ 3.360177, 43.56577 ], [ 3.364705, 43.562351 ], [ 3.370876, 43.566033 ], [ 3.371448, 43.567577 ], [ 3.37229, 43.569344 ], [ 3.373976, 43.577639 ], [ 3.374796, 43.578835 ], [ 3.37475, 43.580275 ], [ 3.374924, 43.581675 ], [ 3.374395, 43.583422 ], [ 3.374337, 43.583463 ], [ 3.373633, 43.583766 ], [ 3.370684, 43.592173 ], [ 3.372243, 43.593424 ], [ 3.381119, 43.592784 ], [ 3.381433, 43.592596 ], [ 3.382236, 43.592264 ], [ 3.382333, 43.592231 ], [ 3.383169, 43.591974 ], [ 3.383183068818163, 43.591975813649128 ], [ 3.383359, 43.591923 ], [ 3.385121, 43.591158 ], [ 3.385589, 43.590914 ], [ 3.386138, 43.59076 ], [ 3.386568485199775, 43.590706313624054 ], [ 3.391893143055775, 43.58975964141969 ], [ 3.391994, 43.583517 ], [ 3.391652, 43.583078 ], [ 3.387977, 43.58049 ], [ 3.387908, 43.580065 ], [ 3.388056, 43.579226 ], [ 3.388054, 43.573796 ], [ 3.383222, 43.569404 ], [ 3.382619, 43.565855 ], [ 3.383179, 43.565649 ], [ 3.386148, 43.564404 ], [ 3.38885, 43.563733 ], [ 3.39328, 43.55739 ], [ 3.395287, 43.55039 ], [ 3.396236, 43.549442 ], [ 3.395832, 43.541348 ], [ 3.395793, 43.54009 ], [ 3.395775, 43.538893 ], [ 3.39591242581956, 43.538788175196018 ], [ 3.394608, 43.537977 ], [ 3.389599, 43.539872 ], [ 3.388953, 43.540331 ], [ 3.388586, 43.540533 ], [ 3.388549047141682, 43.540549433580708 ], [ 3.39117, 43.543397 ], [ 3.389663, 43.552151 ], [ 3.389804, 43.555748 ] ] ], [ [ [ 3.340109, 43.605472 ], [ 3.344157, 43.604334 ], [ 3.350066, 43.597805 ], [ 3.345001, 43.602482 ], [ 3.340109, 43.605472 ] ] ], [ [ [ 3.304354, 43.605988 ], [ 3.310984, 43.603996 ], [ 3.317248, 43.604022 ], [ 3.32334, 43.603144 ], [ 3.324265, 43.60305 ], [ 3.32059, 43.603088 ], [ 3.314569, 43.601878 ], [ 3.313871, 43.601643 ], [ 3.313001, 43.601642 ], [ 3.312089, 43.602025 ], [ 3.304354, 43.605988 ] ] ] ] } },
{ "type": "Feature", "properties": { "codgeo": "34079", "value": 1020, "isochrone_group": 17.0, "nb_agences": 3 }, "geometry": { "type": "MultiPolygon", "coordinates": [ [ [ [ 3.2877, 43.612732 ], [ 3.29019, 43.612755 ], [ 3.296391, 43.614687 ], [ 3.301604, 43.620696 ], [ 3.301987, 43.62298 ], [ 3.302704, 43.624124 ], [ 3.304394124898578, 43.623826275853261 ], [ 3.308092780635421, 43.625624385937002 ], [ 3.312047, 43.628195 ], [ 3.313316, 43.630352 ], [ 3.313557, 43.630393 ], [ 3.317997, 43.631207 ], [ 3.321117, 43.629409 ], [ 3.321727, 43.623134 ], [ 3.329360802335704, 43.621476673641411 ], [ 3.329966823735784, 43.621485010366349 ], [ 3.331983, 43.62429 ], [ 3.331989989283319, 43.624284985090512 ], [ 3.33199, 43.624285 ], [ 3.332514, 43.623909 ], [ 3.333655, 43.623053 ], [ 3.334488, 43.622493 ], [ 3.342728703416074, 43.621873567087384 ], [ 3.343007415455728, 43.622139478300994 ], [ 3.342792517470029, 43.621861620755482 ], [ 3.334647, 43.622358 ], [ 3.331777, 43.621674 ], [ 3.331155, 43.621567 ], [ 3.330693, 43.621495 ], [ 3.322406, 43.621381 ], [ 3.321428, 43.621941 ], [ 3.317942, 43.623281 ], [ 3.317047, 43.623698 ], [ 3.315298, 43.623594 ], [ 3.312021, 43.622822 ], [ 3.311589, 43.622728 ], [ 3.311125, 43.62258 ], [ 3.311404733346698, 43.621700545023671 ], [ 3.311259, 43.619056 ], [ 3.304435, 43.613293 ], [ 3.304113, 43.61355 ], [ 3.303771, 43.613772 ], [ 3.303444, 43.613945 ], [ 3.303028, 43.614122 ], [ 3.302587, 43.614261 ], [ 3.30212, 43.614365 ], [ 3.301702, 43.614416 ], [ 3.301034, 43.614419 ], [ 3.300537, 43.614363 ], [ 3.299943, 43.614242 ], [ 3.299357, 43.614039 ], [ 3.298816, 43.613765 ], [ 3.297407, 43.612858 ], [ 3.298396, 43.609397 ], [ 3.303059, 43.606513 ], [ 3.303505, 43.606272 ], [ 3.303901, 43.606112 ], [ 3.304354, 43.605988 ], [ 3.300792860979664, 43.605230981599384 ], [ 3.295427, 43.60371 ], [ 3.294634, 43.602612 ], [ 3.293811, 43.602832 ], [ 3.293167, 43.603152 ], [ 3.291716, 43.60472 ], [ 3.285769, 43.609085 ], [ 3.285556, 43.612679 ], [ 3.286078, 43.61271 ], [ 3.286169022558085, 43.612711234584623 ], [ 3.286169, 43.612713 ], [ 3.2877, 43.612732 ] ] ], [ [ [ 3.340581, 43.645417 ], [ 3.341272, 43.64536 ], [ 3.341872, 43.645331 ], [ 3.342732, 43.645357 ], [ 3.344057, 43.645437 ], [ 3.344869, 43.645376 ], [ 3.350472, 43.63865 ], [ 3.350601, 43.630473 ], [ 3.348483, 43.628717 ], [ 3.347485560419998, 43.627691660012168 ], [ 3.34741008158696, 43.627671767807414 ], [ 3.348231, 43.629182 ], [ 3.348861, 43.630234 ], [ 3.349677837809456, 43.635001182225785 ], [ 3.349029, 43.638498 ], [ 3.348299, 43.639205 ], [ 3.347200243791367, 43.640252297422442 ], [ 3.340581, 43.645417 ] ] ], [ [ [ 3.328641, 43.64539 ], [ 3.331836, 43.650548 ], [ 3.335419, 43.6502 ], [ 3.343293, 43.651234 ], [ 3.346605, 43.650177 ], [ 3.348543243633616, 43.649075209910464 ], [ 3.347718, 43.648802 ], [ 3.343344, 43.650113 ], [ 3.336946, 43.649937 ], [ 3.335953, 43.650004 ], [ 3.335952993351343, 43.650003901314172 ], [ 3.335907, 43.650007 ], [ 3.335666, 43.646415 ], [ 3.338218, 43.645989 ], [ 3.339385, 43.645652 ], [ 3.339865, 43.645534 ], [ 3.331286, 43.642911 ], [ 3.330913, 43.642585 ], [ 3.330694, 43.642433 ], [ 3.328782370899961, 43.645186379078815 ], [ 3.328618, 43.645313 ], [ 3.328653945056127, 43.645371354831489 ], [ 3.328641, 43.64539 ] ] ], [ [ [ 3.357731365676994, 43.650949772511574 ], [ 3.357825, 43.65098 ], [ 3.357875, 43.650936 ], [ 3.358301162794935, 43.650554719835178 ], [ 3.358514, 43.650594 ], [ 3.360752, 43.648362 ], [ 3.360488, 43.648549 ], [ 3.357731365676994, 43.650949772511574 ] ] ], [ [ [ 3.399026448271876, 43.673766034446892 ], [ 3.399012664248541, 43.673641978236866 ], [ 3.396238, 43.675116 ], [ 3.397368338631874, 43.674763476649865 ], [ 3.399026448271876, 43.673766034446892 ] ] ], [ [ [ 3.380032, 43.675769 ], [ 3.379237, 43.675946 ], [ 3.379095, 43.676006 ], [ 3.373654, 43.680747 ], [ 3.380446, 43.675773 ], [ 3.380638551783174, 43.675693141681499 ], [ 3.380032, 43.675769 ] ] ], [ [ [ 3.326728, 43.722472 ], [ 3.327805, 43.725191 ], [ 3.326443, 43.72084 ], [ 3.326473, 43.721087 ], [ 3.326728, 43.722472 ] ] ], [ [ [ 3.32631643498702, 43.718909447751528 ], [ 3.326297, 43.720307 ], [ 3.326443, 43.72084 ], [ 3.326341346290952, 43.717155551349514 ], [ 3.32636, 43.718909 ], [ 3.32631643498702, 43.718909447751528 ] ] ], [ [ [ 3.326341202923558, 43.71714207481439 ], [ 3.328011, 43.709529 ], [ 3.326331096467034, 43.716182617921639 ], [ 3.32633427433628, 43.716490787610347 ], [ 3.326341202923558, 43.71714207481439 ] ] ], [ [ [ 3.455114, 43.687149 ], [ 3.454643, 43.686677 ], [ 3.44925126849558, 43.683824631174957 ], [ 3.447317553553945, 43.683454419644889 ], [ 3.445280386107994, 43.684565887686041 ], [ 3.442285, 43.68971 ], [ 3.442822, 43.691046 ], [ 3.44329740065876, 43.691455908924333 ], [ 3.449054, 43.686933 ], [ 3.452748204939663, 43.686447121481947 ], [ 3.455114, 43.687149 ] ] ], [ [ [ 3.460523629962316, 43.689501133378165 ], [ 3.45766, 43.688704 ], [ 3.460564725483601, 43.689588416949327 ], [ 3.460523629962316, 43.689501133378165 ] ] ], [ [ [ 3.543232, 43.583197 ], [ 3.544987, 43.583183 ], [ 3.545536, 43.5832 ], [ 3.545649, 43.579602 ], [ 3.5451, 43.579585 ], [ 3.544247, 43.579521 ], [ 3.543579, 43.579528 ], [ 3.543078, 43.579574 ], [ 3.542606, 43.579652 ], [ 3.54202, 43.579763 ], [ 3.533567, 43.57692 ], [ 3.528731, 43.573751 ], [ 3.524500601024739, 43.568477649476819 ], [ 3.524082725382159, 43.566964820557871 ], [ 3.526143, 43.564496 ], [ 3.533823, 43.562638 ], [ 3.535142, 43.56276 ], [ 3.536156, 43.562 ], [ 3.53638, 43.560831 ], [ 3.536414, 43.560019 ], [ 3.536714, 43.553567 ], [ 3.537447, 43.550098 ], [ 3.534931, 43.547523 ], [ 3.532664, 43.548408 ], [ 3.53241, 43.548494 ], [ 3.523704, 43.549322 ], [ 3.522844, 43.548449 ], [ 3.518084, 43.548982 ], [ 3.512776, 43.555138 ], [ 3.511829, 43.555469 ], [ 3.510948, 43.555954 ], [ 3.502696, 43.554731 ], [ 3.50235, 43.555093 ], [ 3.501807, 43.555757 ], [ 3.500991, 43.556648 ], [ 3.496019506753382, 43.555352423781571 ], [ 3.501409, 43.557956 ], [ 3.508172, 43.559083 ], [ 3.510035, 43.559186 ], [ 3.511575, 43.56026 ], [ 3.519458, 43.557519 ], [ 3.524585, 43.554606 ], [ 3.524902, 43.554439 ], [ 3.526299, 43.554058 ], [ 3.527045, 43.553893 ], [ 3.528967, 43.554368 ], [ 3.529095, 43.554496 ], [ 3.529124, 43.556832 ], [ 3.527811, 43.558324 ], [ 3.526582, 43.559819 ], [ 3.524754, 43.561673 ], [ 3.524095, 43.562038 ], [ 3.52104092580576, 43.563672081260883 ], [ 3.520849437332046, 43.563872524231563 ], [ 3.520409581266959, 43.566106704975255 ], [ 3.520750819402162, 43.572082059590315 ], [ 3.523262, 43.572515 ], [ 3.525751, 43.573635 ], [ 3.532627, 43.57898 ], [ 3.533488, 43.57928 ], [ 3.534212, 43.579585 ], [ 3.536177, 43.580317 ], [ 3.536814, 43.580565 ], [ 3.536866, 43.582036 ], [ 3.536822, 43.582419 ], [ 3.535506, 43.583919 ], [ 3.531923, 43.591339 ], [ 3.532768984104796, 43.593146329678412 ], [ 3.532881, 43.593167 ], [ 3.534396, 43.592649 ], [ 3.539409, 43.592992 ], [ 3.540174949773017, 43.59368524095661 ], [ 3.539936, 43.591736 ], [ 3.542692, 43.5833 ], [ 3.543232, 43.583197 ] ] ], [ [ [ 3.499219, 43.537538 ], [ 3.499237322347609, 43.537296324251912 ], [ 3.496994, 43.540271 ], [ 3.496501, 43.54078 ], [ 3.495673, 43.540825 ], [ 3.495568, 43.540803 ], [ 3.495074, 43.540635 ], [ 3.487567909456497, 43.545162640512721 ], [ 3.489754, 43.552925 ], [ 3.492274, 43.553401 ], [ 3.49265558177081, 43.553624298031231 ], [ 3.492859, 43.551605 ], [ 3.493437, 43.543289 ], [ 3.495734, 43.542184 ], [ 3.497164, 43.541057 ], [ 3.498334, 43.540151 ], [ 3.498462, 43.53975 ], [ 3.499219, 43.537538 ] ] ], [ [ [ 3.386378, 43.552053 ], [ 3.385481, 43.551933 ], [ 3.38316, 43.552809 ], [ 3.383, 43.553103 ], [ 3.382999111188575, 43.554007810030306 ], [ 3.379791286289413, 43.55518778427745 ], [ 3.379597, 43.55511 ], [ 3.375047, 43.558496 ], [ 3.372686418306239, 43.558922073846688 ], [ 3.372806697963549, 43.558942433367029 ], [ 3.37399, 43.559096 ], [ 3.375688, 43.561809 ], [ 3.380229557919143, 43.565418585802924 ], [ 3.385056, 43.56395 ], [ 3.386705, 43.562646 ], [ 3.389804, 43.555748 ], [ 3.389663, 43.552151 ], [ 3.39117, 43.543397 ], [ 3.389942057326514, 43.542062886602771 ], [ 3.387714379581396, 43.541974928574277 ], [ 3.390559, 43.54386 ], [ 3.388037139725855, 43.551533634385365 ], [ 3.386954, 43.552087 ], [ 3.386378, 43.552053 ] ] ], [ [ [ 3.368905, 43.558282 ], [ 3.369529455538201, 43.558387700461061 ], [ 3.36905, 43.558259 ], [ 3.368291985466315, 43.55822166392386 ], [ 3.368905, 43.558282 ] ] ], [ [ [ 3.347661, 43.578203 ], [ 3.343948742847118, 43.585876771487214 ], [ 3.344723, 43.585473 ], [ 3.345114, 43.585251 ], [ 3.346083, 43.58501 ], [ 3.348343, 43.585219 ], [ 3.35244, 43.577306 ], [ 3.353109, 43.568724 ], [ 3.353587, 43.565156 ], [ 3.354744, 43.563251 ], [ 3.355092, 43.563188 ], [ 3.355479506139156, 43.563170386084558 ], [ 3.355486, 43.563161 ], [ 3.355598, 43.563165 ], [ 3.356729, 43.563178 ], [ 3.35688677823709, 43.563192343476096 ], [ 3.359331165287069, 43.561130248851725 ], [ 3.363676, 43.557397 ], [ 3.365263910272973, 43.557714672948144 ], [ 3.363588, 43.556935 ], [ 3.362667, 43.556738 ], [ 3.354086, 43.555797 ], [ 3.348898, 43.562763 ], [ 3.348272, 43.565309 ], [ 3.350335, 43.571563 ], [ 3.347661, 43.578203 ] ] ], [ [ [ 3.337271, 43.593871 ], [ 3.338912, 43.593002 ], [ 3.339571, 43.592778 ], [ 3.341409698891164, 43.592110199707747 ], [ 3.343547, 43.591377 ], [ 3.344850597929387, 43.592377790642786 ], [ 3.347566396704524, 43.59975536112492 ], [ 3.347565, 43.599757 ], [ 3.347259, 43.599887 ], [ 3.346692, 43.600171 ], [ 3.345976, 43.600704 ], [ 3.345663, 43.601024 ], [ 3.345266, 43.601698 ], [ 3.340109, 43.605472 ], [ 3.345001, 43.602482 ], [ 3.350066, 43.597805 ], [ 3.350293, 43.596556 ], [ 3.344581, 43.589935 ], [ 3.343758, 43.590299 ], [ 3.342923, 43.590591 ], [ 3.342708, 43.590663 ], [ 3.34135, 43.591334 ], [ 3.339494, 43.588249 ], [ 3.340229, 43.587807 ], [ 3.340354640689806, 43.587741309012358 ], [ 3.340354, 43.587739 ], [ 3.34117, 43.587315 ], [ 3.341513, 43.587147 ], [ 3.337144, 43.588327 ], [ 3.333414, 43.590093 ], [ 3.332721, 43.590354 ], [ 3.333991, 43.593723 ], [ 3.336172, 43.593977 ], [ 3.336751, 43.593908 ], [ 3.337271, 43.593871 ] ] ] ] } },
{ "type": "Feature", "properties": { "codgeo": "34079", "value": 1080, "isochrone_group": 18.0, "nb_agences": 3 }, "geometry": { "type": "MultiPolygon", "coordinates": [ [ [ [ 3.284985, 43.612608 ], [ 3.285437, 43.612668 ], [ 3.285556189081593, 43.612675809581013 ], [ 3.285769, 43.609085 ], [ 3.291716, 43.60472 ], [ 3.293167, 43.603152 ], [ 3.293811, 43.602832 ], [ 3.294634, 43.602612 ], [ 3.295427, 43.60371 ], [ 3.300792860979664, 43.605230981599384 ], [ 3.304354, 43.605988 ], [ 3.30531901503638, 43.605493577945815 ], [ 3.298793, 43.601843 ], [ 3.291859, 43.598401 ], [ 3.29161, 43.598573 ], [ 3.291113, 43.598948 ], [ 3.290751, 43.599356 ], [ 3.289974, 43.600532 ], [ 3.284495821669283, 43.605378273109878 ], [ 3.284493931731773, 43.605379076925942 ], [ 3.277782959979456, 43.605862333652837 ], [ 3.275331, 43.605921 ], [ 3.274796, 43.605795 ], [ 3.273967, 43.609298 ], [ 3.276747547846835, 43.610126311613293 ], [ 3.276869, 43.610164 ], [ 3.279158, 43.610875 ], [ 3.280999, 43.611446 ], [ 3.28284, 43.612017 ], [ 3.284071, 43.612399 ], [ 3.284541, 43.61252 ], [ 3.284985, 43.612608 ] ] ], [ [ [ 3.28790200122948, 43.612733865874802 ], [ 3.287902, 43.612734 ], [ 3.294897127360109, 43.614221565079802 ], [ 3.29019, 43.612755 ], [ 3.28790200122948, 43.612733865874802 ] ] ], [ [ [ 3.294668, 43.624436 ], [ 3.295695, 43.625666 ], [ 3.299366, 43.624739 ], [ 3.30086, 43.624517 ], [ 3.302285, 43.624245 ], [ 3.308125, 43.626906 ], [ 3.309052, 43.631418 ], [ 3.309035, 43.631622 ], [ 3.30872, 43.634837 ], [ 3.311854, 43.63661 ], [ 3.311900945214804, 43.636526969023819 ], [ 3.311901, 43.636527 ], [ 3.31255, 43.635379 ], [ 3.321061, 43.636162 ], [ 3.321369, 43.636895 ], [ 3.321527, 43.637128 ], [ 3.323633062630342, 43.639366556711323 ], [ 3.323844072721668, 43.639655059707245 ], [ 3.324174, 43.640119 ], [ 3.324696, 43.64084 ], [ 3.327445, 43.644405 ], [ 3.330076964411947, 43.647708217351109 ], [ 3.328641, 43.64539 ], [ 3.328653945056127, 43.645371354831489 ], [ 3.328618, 43.645313 ], [ 3.328782370899961, 43.645186379078815 ], [ 3.330694, 43.642433 ], [ 3.330913, 43.642585 ], [ 3.331286, 43.642911 ], [ 3.339865, 43.645534 ], [ 3.340294, 43.645457 ], [ 3.340581, 43.645417 ], [ 3.347200243791367, 43.640252297422442 ], [ 3.348299, 43.639205 ], [ 3.349029, 43.638498 ], [ 3.349677837809456, 43.635001182225785 ], [ 3.348861, 43.630234 ], [ 3.348231, 43.629182 ], [ 3.347339, 43.627541 ], [ 3.346614, 43.626217 ], [ 3.34645, 43.625899 ], [ 3.346057, 43.625049 ], [ 3.342728703416074, 43.621873567087384 ], [ 3.334488, 43.622493 ], [ 3.333655, 43.623053 ], [ 3.332514, 43.623909 ], [ 3.33199, 43.624285 ], [ 3.331989989283319, 43.624284985090512 ], [ 3.331983, 43.62429 ], [ 3.329966823735784, 43.621485010366349 ], [ 3.329360802335704, 43.621476673641411 ], [ 3.321727, 43.623134 ], [ 3.321117, 43.629409 ], [ 3.317997, 43.631207 ], [ 3.313557, 43.630393 ], [ 3.313316, 43.630352 ], [ 3.312047, 43.628195 ], [ 3.308092780635421, 43.625624385937002 ], [ 3.304394124898578, 43.623826275853261 ], [ 3.302704, 43.624124 ], [ 3.301987, 43.62298 ], [ 3.301604, 43.620696 ], [ 3.296391, 43.614687 ], [ 3.295192416965412, 43.61431356629209 ], [ 3.296655, 43.615205 ], [ 3.294809, 43.622071 ], [ 3.294242, 43.622364 ], [ 3.294242029612913, 43.62236441269058 ], [ 3.294038, 43.62247 ], [ 3.294514299185892, 43.62395635587216 ], [ 3.294613, 43.624367 ], [ 3.294668, 43.624436 ] ] ], [ [ [ 3.332480516180631, 43.650485401163586 ], [ 3.331884262457554, 43.650543312493667 ], [ 3.331908, 43.650582 ], [ 3.332480516180631, 43.650485401163586 ] ] ], [ [ [ 3.349175246167337, 43.648715949538776 ], [ 3.346605, 43.650177 ], [ 3.343293, 43.651234 ], [ 3.338422569277705, 43.650594423499257 ], [ 3.344515, 43.653307 ], [ 3.344520521933633, 43.653303080842996 ], [ 3.344877, 43.653624 ], [ 3.345055, 43.653741 ], [ 3.34744, 43.651231 ], [ 3.349750524443406, 43.648806443546974 ], [ 3.351003329602327, 43.649003515755382 ], [ 3.349175246167337, 43.648715949538776 ] ] ], [ [ [ 3.391796, 43.653054 ], [ 3.39155934485424, 43.652975754992369 ], [ 3.391421, 43.652934 ], [ 3.391355880968396, 43.652908483971295 ], [ 3.391303, 43.652891 ], [ 3.391132510125161, 43.652820959069444 ], [ 3.390931, 43.652742 ], [ 3.393693543967803, 43.655730852756832 ], [ 3.392427, 43.653197 ], [ 3.392228189043764, 43.65315194458519 ], [ 3.391971, 43.6531 ], [ 3.391886674816005, 43.653074549126295 ], [ 3.391796, 43.653054 ] ] ], [ [ [ 3.364134, 43.679834 ], [ 3.365012, 43.68014 ], [ 3.364387, 43.679791 ], [ 3.364103167278162, 43.679777484156105 ], [ 3.364134, 43.679834 ] ] ], [ [ [ 3.351977, 43.670999 ], [ 3.346844, 43.675087 ], [ 3.346679, 43.675168 ], [ 3.339751647668569, 43.67519013735506 ], [ 3.34014, 43.676275 ], [ 3.340967, 43.676496 ], [ 3.343286, 43.676773 ], [ 3.34463, 43.676608 ], [ 3.346362, 43.676388 ], [ 3.352591, 43.671405 ], [ 3.352964, 43.670404 ], [ 3.35386, 43.669699 ], [ 3.353295, 43.669844 ], [ 3.35321, 43.669912 ], [ 3.351977, 43.670999 ] ] ], [ [ [ 3.332518704228448, 43.742351651564618 ], [ 3.332415, 43.740367 ], [ 3.332451, 43.74145 ], [ 3.332518704228448, 43.742351651564618 ] ] ], [ [ [ 3.331534, 43.737997 ], [ 3.329031, 43.729989 ], [ 3.329619, 43.733875 ], [ 3.331534, 43.737997 ] ] ], [ [ [ 3.320669680622313, 43.721476985319249 ], [ 3.320168, 43.723281 ], [ 3.320605, 43.722747 ], [ 3.320669680622313, 43.721476985319249 ] ] ], [ [ [ 3.328144, 43.72583 ], [ 3.328519726880344, 43.726820867205625 ], [ 3.328522, 43.72682 ], [ 3.328144, 43.72583 ] ] ], [ [ [ 3.331009342814998, 43.708246413882598 ], [ 3.334226905593719, 43.710351034814991 ], [ 3.332794, 43.707483 ], [ 3.331009342814998, 43.708246413882598 ] ] ], [ [ [ 3.451295, 43.688676 ], [ 3.451377766709508, 43.688670585806435 ], [ 3.451603, 43.688696 ], [ 3.453798, 43.689331 ], [ 3.457447152031114, 43.688600328359982 ], [ 3.457196, 43.688478 ], [ 3.455661, 43.687558 ], [ 3.455114, 43.687149 ], [ 3.452748204939663, 43.686447121481947 ], [ 3.449054, 43.686933 ], [ 3.44320501853354, 43.691528492738804 ], [ 3.44523043353304, 43.694079930710515 ], [ 3.4504, 43.68848 ], [ 3.450894, 43.688616 ], [ 3.451295, 43.688676 ] ] ], [ [ [ 3.553943, 43.583879 ], [ 3.554878, 43.582086 ], [ 3.555968, 43.578936 ], [ 3.555912, 43.578885 ], [ 3.555182, 43.578499 ], [ 3.554355, 43.578345 ], [ 3.546679, 43.575735 ], [ 3.546525, 43.575698 ], [ 3.545784, 43.575977 ], [ 3.54529, 43.576565 ], [ 3.544449, 43.577712 ], [ 3.543514636054457, 43.578383468881931 ], [ 3.543094, 43.578226 ], [ 3.542325, 43.578976 ], [ 3.541510371742884, 43.579591596576954 ], [ 3.54202, 43.579763 ], [ 3.542606, 43.579652 ], [ 3.543078, 43.579574 ], [ 3.543579, 43.579528 ], [ 3.544247, 43.579521 ], [ 3.5451, 43.579585 ], [ 3.545649, 43.579602 ], [ 3.545536, 43.5832 ], [ 3.544987, 43.583183 ], [ 3.543232, 43.583197 ], [ 3.542692, 43.5833 ], [ 3.539936, 43.591736 ], [ 3.539955197922973, 43.591892607714101 ], [ 3.546735, 43.592141 ], [ 3.550263, 43.592855 ], [ 3.550642375823063, 43.592674596319462 ], [ 3.550612, 43.59254 ], [ 3.550482, 43.59212 ], [ 3.553943, 43.583879 ] ] ], [ [ [ 3.543635, 43.56458 ], [ 3.543952, 43.564701 ], [ 3.545234, 43.561337 ], [ 3.545052, 43.553322 ], [ 3.546094, 43.549876 ], [ 3.544851, 43.542242 ], [ 3.544435, 43.541907 ], [ 3.541659, 43.540577 ], [ 3.54063, 43.541718 ], [ 3.540112, 43.542303 ], [ 3.53948, 43.543143 ], [ 3.537999, 43.544559 ], [ 3.530359, 43.543677 ], [ 3.528238, 43.542477 ], [ 3.527809, 43.542549 ], [ 3.526762, 43.543546 ], [ 3.522288, 43.546352 ], [ 3.519366836020748, 43.547525713191668 ], [ 3.518286177718771, 43.547703796401535 ], [ 3.511922, 43.547798 ], [ 3.511407, 43.547655 ], [ 3.510714, 43.547568 ], [ 3.510254, 43.547532 ], [ 3.502208, 43.549121 ], [ 3.500823, 43.5408 ], [ 3.501672947384596, 43.538167826760528 ], [ 3.498906, 43.541141 ], [ 3.494468, 43.545445 ], [ 3.493176128592541, 43.547042298658191 ], [ 3.492859, 43.551605 ], [ 3.492588311274738, 43.554292080760511 ], [ 3.492888520621411, 43.554536485597275 ], [ 3.500991, 43.556648 ], [ 3.501807, 43.555757 ], [ 3.50235, 43.555093 ], [ 3.502696, 43.554731 ], [ 3.510948, 43.555954 ], [ 3.511829, 43.555469 ], [ 3.512776, 43.555138 ], [ 3.518084, 43.548982 ], [ 3.522844, 43.548449 ], [ 3.523704, 43.549322 ], [ 3.53241, 43.548494 ], [ 3.532664, 43.548408 ], [ 3.534931, 43.547523 ], [ 3.537447, 43.550098 ], [ 3.536714, 43.553567 ], [ 3.536414, 43.560019 ], [ 3.53638, 43.560831 ], [ 3.536156, 43.562 ], [ 3.535142, 43.56276 ], [ 3.533823, 43.562638 ], [ 3.526143, 43.564496 ], [ 3.524082725382159, 43.566964820557871 ], [ 3.524500601024739, 43.568477649476819 ], [ 3.528731, 43.573751 ], [ 3.533567, 43.57692 ], [ 3.537430886071107, 43.578219541949643 ], [ 3.533702, 43.57621 ], [ 3.532319, 43.574949 ], [ 3.531890525237329, 43.575078600391173 ], [ 3.53085, 43.57409 ], [ 3.528231, 43.569373 ], [ 3.535127, 43.564723 ], [ 3.54052, 43.564089 ], [ 3.543635, 43.56458 ] ] ], [ [ [ 3.379597, 43.55511 ], [ 3.379791286289413, 43.55518778427745 ], [ 3.382999111188575, 43.554007810030306 ], [ 3.383, 43.553103 ], [ 3.38316, 43.552809 ], [ 3.385481, 43.551933 ], [ 3.386378, 43.552053 ], [ 3.386954, 43.552087 ], [ 3.388037139725855, 43.551533634385365 ], [ 3.390340142237807, 43.544525950634416 ], [ 3.388526, 43.544474 ], [ 3.388105, 43.544674 ], [ 3.387693, 43.54482 ], [ 3.387105, 43.544985 ], [ 3.379382, 43.543048 ], [ 3.375630283502141, 43.543734202884835 ], [ 3.379443, 43.54941 ], [ 3.377400284635156, 43.555334224938044 ], [ 3.375047, 43.558496 ], [ 3.379597, 43.55511 ] ] ], [ [ [ 3.34477, 43.560209 ], [ 3.344988, 43.563802 ], [ 3.343994, 43.572663 ], [ 3.343732, 43.572717 ], [ 3.341625213191856, 43.577971535154838 ], [ 3.340989, 43.579319 ], [ 3.341003329882806, 43.579375568762877 ], [ 3.340689, 43.579912 ], [ 3.340549, 43.580393 ], [ 3.339023508631516, 43.587819373498462 ], [ 3.341513, 43.587147 ], [ 3.342914045850472, 43.586467080690191 ], [ 3.342914045850488, 43.586467080690184 ], [ 3.343934438348771, 43.585906340950473 ], [ 3.347661, 43.578203 ], [ 3.350335, 43.571563 ], [ 3.348272, 43.565309 ], [ 3.348898, 43.562763 ], [ 3.354086, 43.555797 ], [ 3.36013181697688, 43.556459989602068 ], [ 3.354055, 43.553568 ], [ 3.352772, 43.553317 ], [ 3.352223, 43.553224 ], [ 3.34896, 43.553975 ], [ 3.347205, 43.555468 ], [ 3.346772, 43.555924 ], [ 3.346458, 43.556592 ], [ 3.34477, 43.560209 ] ] ], [ [ [ 3.325063, 43.59352 ], [ 3.324854, 43.594488 ], [ 3.32643, 43.596478 ], [ 3.325058205885354, 43.603155632745015 ], [ 3.325091, 43.60316 ], [ 3.325907, 43.603306 ], [ 3.329504, 43.605424 ], [ 3.330484, 43.605738 ], [ 3.339064, 43.605873 ], [ 3.339712, 43.60556 ], [ 3.340109, 43.605472 ], [ 3.345266, 43.601698 ], [ 3.345663, 43.601024 ], [ 3.345976, 43.600704 ], [ 3.346692, 43.600171 ], [ 3.347259, 43.599887 ], [ 3.347565, 43.599757 ], [ 3.347566396704524, 43.59975536112492 ], [ 3.344850597929387, 43.592377790642786 ], [ 3.343547, 43.591377 ], [ 3.341409698891164, 43.592110199707747 ], [ 3.339571, 43.592778 ], [ 3.338912, 43.593002 ], [ 3.337271, 43.593871 ], [ 3.336751, 43.593908 ], [ 3.336172, 43.593977 ], [ 3.333991, 43.593723 ], [ 3.332721, 43.590354 ], [ 3.333414, 43.590093 ], [ 3.330769, 43.590391 ], [ 3.32921, 43.590252 ], [ 3.328236, 43.590431 ], [ 3.327225, 43.591058 ], [ 3.325477, 43.592958 ], [ 3.325190544111979, 43.593346860408381 ], [ 3.325109, 43.593435 ], [ 3.325063, 43.59352 ] ] ] ] } },
{ "type": "Feature", "properties": { "codgeo": "34079", "value": 1140, "isochrone_group": 19.0, "nb_agences": 3 }, "geometry": { "type": "MultiPolygon", "coordinates": [ [ [ [ 3.299366, 43.624739 ], [ 3.295695, 43.625666 ], [ 3.294668, 43.624436 ], [ 3.294613, 43.624367 ], [ 3.294514299185892, 43.62395635587216 ], [ 3.294038, 43.62247 ], [ 3.294242029612913, 43.62236441269058 ], [ 3.294242, 43.622364 ], [ 3.294809, 43.622071 ], [ 3.296655, 43.615205 ], [ 3.295118820418655, 43.614268709732812 ], [ 3.290448371043524, 43.613275504457249 ], [ 3.294173, 43.620779 ], [ 3.292044, 43.623018 ], [ 3.291221, 43.623447 ], [ 3.287416, 43.623657 ], [ 3.286077, 43.625263 ], [ 3.286298, 43.628341 ], [ 3.286534, 43.628834 ], [ 3.287486, 43.629213 ], [ 3.290936, 43.628715 ], [ 3.294939, 43.625923 ], [ 3.299366, 43.624739 ] ] ], [ [ [ 3.309674, 43.643115 ], [ 3.310085, 43.642447 ], [ 3.310214, 43.641861 ], [ 3.311995, 43.637701 ], [ 3.318873838867, 43.635960784259538 ], [ 3.31255, 43.635379 ], [ 3.311901, 43.636527 ], [ 3.311900945214804, 43.636526969023819 ], [ 3.311854, 43.63661 ], [ 3.30872, 43.634837 ], [ 3.309035, 43.631622 ], [ 3.309052, 43.631418 ], [ 3.308125, 43.626906 ], [ 3.302285, 43.624245 ], [ 3.307749, 43.630945 ], [ 3.304362, 43.634862 ], [ 3.30299, 43.638191 ], [ 3.306532, 43.644043 ], [ 3.306676, 43.644086 ], [ 3.307695397833307, 43.64396110397557 ], [ 3.307707, 43.643976 ], [ 3.308317, 43.64385 ], [ 3.308663, 43.64376 ], [ 3.30926, 43.64347 ], [ 3.309674, 43.643115 ] ] ], [ [ [ 3.321061, 43.636162 ], [ 3.319481867557105, 43.636016722041738 ], [ 3.322554437752514, 43.64127019947383 ], [ 3.322563570605186, 43.641326518731994 ], [ 3.322572, 43.641416 ], [ 3.327445, 43.644405 ], [ 3.324696, 43.64084 ], [ 3.324174, 43.640119 ], [ 3.323844072721668, 43.639655059707245 ], [ 3.323633062630342, 43.639366556711323 ], [ 3.321527, 43.637128 ], [ 3.321369, 43.636895 ], [ 3.321061, 43.636162 ] ] ], [ [ [ 3.347418, 43.654902 ], [ 3.348253, 43.653568 ], [ 3.348258, 43.652689 ], [ 3.356785, 43.649913 ], [ 3.349750524443406, 43.648806443546974 ], [ 3.34744, 43.651231 ], [ 3.345055, 43.653741 ], [ 3.344877, 43.653624 ], [ 3.346484, 43.655211 ], [ 3.347418, 43.654902 ] ] ], [ [ [ 3.351773, 43.670757 ], [ 3.350116987552918, 43.672480342467125 ], [ 3.351977, 43.670999 ], [ 3.35321, 43.669912 ], [ 3.353295, 43.669844 ], [ 3.35386, 43.669699 ], [ 3.354515, 43.669555 ], [ 3.355313221246409, 43.669311627086699 ], [ 3.354886, 43.669293 ], [ 3.354582, 43.669284 ], [ 3.352829, 43.669418 ], [ 3.351927, 43.670196 ], [ 3.351773, 43.670757 ] ] ], [ [ [ 3.364387, 43.679791 ], [ 3.365012, 43.68014 ], [ 3.363830185020626, 43.678430771707056 ], [ 3.364121957400666, 43.679778378923835 ], [ 3.364387, 43.679791 ] ] ], [ [ [ 3.333635, 43.675907 ], [ 3.333280288411252, 43.675391118485493 ], [ 3.333268, 43.6754 ], [ 3.333635, 43.675907 ] ] ], [ [ [ 3.340480370088035, 43.675187808617309 ], [ 3.339918974695755, 43.674995673676285 ], [ 3.339432977917102, 43.674299933070309 ], [ 3.339751647668569, 43.67519013735506 ], [ 3.340480370088035, 43.675187808617309 ] ] ], [ [ [ 3.322684, 43.711628 ], [ 3.32282, 43.711136 ], [ 3.32208, 43.71341 ], [ 3.321818, 43.714252 ], [ 3.321801673458116, 43.7143834109159 ], [ 3.322559, 43.712424 ], [ 3.322684, 43.711628 ] ] ], [ [ [ 3.327115421212933, 43.738389140208525 ], [ 3.327013565283575, 43.738319046491327 ], [ 3.327504976226759, 43.740025162370209 ], [ 3.327307473847306, 43.738846016504368 ], [ 3.327115421212933, 43.738389140208525 ] ] ], [ [ [ 3.331534, 43.737997 ], [ 3.33181365397449, 43.738476983023524 ], [ 3.331825, 43.73847 ], [ 3.331534, 43.737997 ] ] ], [ [ [ 3.345491, 43.71173 ], [ 3.345517242331124, 43.711809556397029 ], [ 3.34569051440853, 43.711560684718968 ], [ 3.345491, 43.71173 ] ] ], [ [ [ 3.462504, 43.696085 ], [ 3.462621, 43.694861 ], [ 3.462647, 43.694011 ], [ 3.459871, 43.688115 ], [ 3.453798, 43.689331 ], [ 3.451603, 43.688696 ], [ 3.451377766709508, 43.688670585806435 ], [ 3.451295, 43.688676 ], [ 3.450894, 43.688616 ], [ 3.4504, 43.68848 ], [ 3.44523043353304, 43.694079930710515 ], [ 3.447266891054914, 43.696645279071419 ], [ 3.447601, 43.693388 ], [ 3.45544, 43.693332 ], [ 3.462835370353139, 43.697486213918303 ], [ 3.462677, 43.697007 ], [ 3.462504, 43.696085 ] ] ], [ [ [ 3.56277, 43.579613 ], [ 3.560968, 43.578859 ], [ 3.560152, 43.578854 ], [ 3.553759, 43.575145 ], [ 3.553139, 43.567495 ], [ 3.551063, 43.563927 ], [ 3.554925, 43.555851 ], [ 3.555499, 43.554134 ], [ 3.555436, 43.553365 ], [ 3.554128, 43.55234 ], [ 3.552753, 43.551907 ], [ 3.550718, 43.550486 ], [ 3.550607, 43.543046 ], [ 3.550673, 43.542924 ], [ 3.552122, 43.53863 ], [ 3.554072, 43.535604 ], [ 3.55341, 43.535154 ], [ 3.553034, 43.53493 ], [ 3.552514, 43.534721 ], [ 3.551904, 43.534611 ], [ 3.551069, 43.534642 ], [ 3.549724, 43.534757 ], [ 3.544019, 43.535248 ], [ 3.542423, 43.535339 ], [ 3.542175, 43.538931 ], [ 3.53425, 43.542329 ], [ 3.533609, 43.542217 ], [ 3.532636, 43.541938 ], [ 3.532162, 43.541748 ], [ 3.531652, 43.541606 ], [ 3.5259, 43.53648 ], [ 3.525779, 43.536386 ], [ 3.52295, 43.537314 ], [ 3.522928, 43.537412 ], [ 3.522758, 43.538423 ], [ 3.518745, 43.544136 ], [ 3.511965, 43.546621 ], [ 3.510459, 43.546988 ], [ 3.510162, 43.547081 ], [ 3.509910417054841, 43.54718501045884 ], [ 3.509898, 43.547186 ], [ 3.508990192503084, 43.547512077506873 ], [ 3.505561, 43.547657 ], [ 3.501821, 43.541406 ], [ 3.503255536818594, 43.539746486274055 ], [ 3.501266, 43.541546 ], [ 3.500990036570021, 43.541803546064358 ], [ 3.502208, 43.549121 ], [ 3.510254, 43.547532 ], [ 3.510714, 43.547568 ], [ 3.511407, 43.547655 ], [ 3.511922, 43.547798 ], [ 3.518286177718771, 43.547703796401535 ], [ 3.519366836020748, 43.547525713191668 ], [ 3.522288, 43.546352 ], [ 3.526762, 43.543546 ], [ 3.527809, 43.542549 ], [ 3.528238, 43.542477 ], [ 3.530359, 43.543677 ], [ 3.537999, 43.544559 ], [ 3.53948, 43.543143 ], [ 3.540112, 43.542303 ], [ 3.54063, 43.541718 ], [ 3.541659, 43.540577 ], [ 3.544435, 43.541907 ], [ 3.544851, 43.542242 ], [ 3.546094, 43.549876 ], [ 3.545052, 43.553322 ], [ 3.545234, 43.561337 ], [ 3.543952, 43.564701 ], [ 3.543635, 43.56458 ], [ 3.54052, 43.564089 ], [ 3.535127, 43.564723 ], [ 3.528231, 43.569373 ], [ 3.53085, 43.57409 ], [ 3.531890525237329, 43.575078600391173 ], [ 3.532319, 43.574949 ], [ 3.533702, 43.57621 ], [ 3.537497586594959, 43.578255487671278 ], [ 3.537572269802358, 43.5782871070871 ], [ 3.54150826308771, 43.579593190041081 ], [ 3.542325, 43.578976 ], [ 3.543094, 43.578226 ], [ 3.543514636054457, 43.578383468881931 ], [ 3.544449, 43.577712 ], [ 3.54529, 43.576565 ], [ 3.545784, 43.575977 ], [ 3.546525, 43.575698 ], [ 3.546679, 43.575735 ], [ 3.554355, 43.578345 ], [ 3.555182, 43.578499 ], [ 3.555912, 43.578885 ], [ 3.555968, 43.578936 ], [ 3.554878, 43.582086 ], [ 3.553943, 43.583879 ], [ 3.552689641399424, 43.58686337683541 ], [ 3.555574, 43.586497 ], [ 3.557178, 43.583514 ], [ 3.557392, 43.582994 ], [ 3.560151, 43.582704 ], [ 3.560434, 43.582688 ], [ 3.56214, 43.5847 ], [ 3.562317651207415, 43.584904907184168 ], [ 3.562469, 43.583984 ], [ 3.564306, 43.581234 ], [ 3.56379, 43.579972 ], [ 3.563727, 43.579908 ], [ 3.56277, 43.579613 ] ] ], [ [ [ 3.505829, 43.537388 ], [ 3.505961735249582, 43.537203003025787 ], [ 3.505799505919842, 43.53742032227963 ], [ 3.505829, 43.537388 ] ] ], [ [ [ 3.379246996672187, 43.549118219815696 ], [ 3.379024, 43.549055 ], [ 3.378846, 43.548867 ], [ 3.370637, 43.546248 ], [ 3.370002, 43.546717 ], [ 3.369398462942391, 43.547028094708494 ], [ 3.374213, 43.549386 ], [ 3.376107, 43.552448 ], [ 3.37113, 43.559203 ], [ 3.375047, 43.558496 ], [ 3.377400284635156, 43.555334224938044 ], [ 3.379443, 43.54941 ], [ 3.379246996672187, 43.549118219815696 ] ] ], [ [ [ 3.35532424901896, 43.552086614249816 ], [ 3.355797, 43.553061 ], [ 3.356714, 43.554164 ], [ 3.356732, 43.554222 ], [ 3.356499927875901, 43.554731554212971 ], [ 3.360855837377, 43.556804554771091 ], [ 3.362667, 43.556738 ], [ 3.363588, 43.556935 ], [ 3.358181, 43.552901 ], [ 3.35532424901896, 43.552086614249816 ] ] ], [ [ [ 3.339239, 43.574159 ], [ 3.337523, 43.577474 ], [ 3.337298, 43.577928 ], [ 3.337172, 43.579158 ], [ 3.337271, 43.579656 ], [ 3.337567, 43.580394 ], [ 3.337797, 43.580781 ], [ 3.338427, 43.581335 ], [ 3.338805813567625, 43.587341661934339 ], [ 3.336293, 43.58737 ], [ 3.32921, 43.590252 ], [ 3.330769, 43.590391 ], [ 3.333414, 43.590093 ], [ 3.334268, 43.589912 ], [ 3.336447391538543, 43.589253268038853 ], [ 3.337322, 43.588431 ], [ 3.339003706431086, 43.587915774264481 ], [ 3.340549, 43.580393 ], [ 3.340689, 43.579912 ], [ 3.341003329882806, 43.579375568762877 ], [ 3.340989, 43.579319 ], [ 3.341625213191856, 43.577971535154838 ], [ 3.343732, 43.572717 ], [ 3.343994, 43.572663 ], [ 3.344988, 43.563802 ], [ 3.34477, 43.560209 ], [ 3.346458, 43.556592 ], [ 3.346772, 43.555924 ], [ 3.347205, 43.555468 ], [ 3.348520245258227, 43.554349104746159 ], [ 3.347979, 43.554113 ], [ 3.34695105313011, 43.553672680079103 ], [ 3.346192, 43.554441 ], [ 3.34002, 43.560936 ], [ 3.339767, 43.561132 ], [ 3.339412, 43.561469 ], [ 3.338597, 43.562332 ], [ 3.338387, 43.563414 ], [ 3.338525, 43.563997 ], [ 3.340228, 43.572066 ], [ 3.339239, 43.574159 ] ] ], [ [ [ 3.325109, 43.593435 ], [ 3.325190544111979, 43.593346860408381 ], [ 3.325477, 43.592958 ], [ 3.327225, 43.591058 ], [ 3.328236, 43.590431 ], [ 3.32921, 43.590252 ], [ 3.327535, 43.590061 ], [ 3.321903, 43.593621 ], [ 3.316982, 43.595624 ], [ 3.316856, 43.599222 ], [ 3.315568, 43.605113 ], [ 3.323852, 43.605555 ], [ 3.324622, 43.605279 ], [ 3.32643, 43.596478 ], [ 3.324854, 43.594488 ], [ 3.325063, 43.59352 ], [ 3.325109, 43.593435 ] ] ], [ [ [ 3.288773, 43.599223 ], [ 3.288606, 43.59948 ], [ 3.288441, 43.599812 ], [ 3.282537, 43.604955 ], [ 3.274511, 43.601994 ], [ 3.270915, 43.601811 ], [ 3.270653924117126, 43.60234225323078 ], [ 3.270888, 43.602359 ], [ 3.274483, 43.602542 ], [ 3.277453192268785, 43.605870223776314 ], [ 3.277782959979456, 43.605862333652837 ], [ 3.284493931731773, 43.605379076925942 ], [ 3.284495821669283, 43.605378273109878 ], [ 3.289974, 43.600532 ], [ 3.290751, 43.599356 ], [ 3.291113, 43.598948 ], [ 3.29161, 43.598573 ], [ 3.291859, 43.598401 ], [ 3.296906768492819, 43.600906684908033 ], [ 3.298496, 43.597896 ], [ 3.298496, 43.597825 ], [ 3.298496, 43.597731 ], [ 3.294087, 43.597204 ], [ 3.293527, 43.597123 ], [ 3.292132, 43.597247 ], [ 3.291466, 43.597448 ], [ 3.290126, 43.598211 ], [ 3.289669, 43.598465 ], [ 3.289345, 43.598685 ], [ 3.288773, 43.599223 ] ] ] ] } },
{ "type": "Feature", "properties": { "codgeo": "34079", "value": 1200, "isochrone_group": 20.0, "nb_agences": 3 }, "geometry": { "type": "MultiPolygon", "coordinates": [ [ [ [ 3.334699, 43.564528 ], [ 3.334781, 43.56629 ], [ 3.335831, 43.573573 ], [ 3.337174874972462, 43.579129934792626 ], [ 3.337172, 43.579158 ], [ 3.337298, 43.577928 ], [ 3.337523, 43.577474 ], [ 3.339239, 43.574159 ], [ 3.340228, 43.572066 ], [ 3.338525, 43.563997 ], [ 3.338387, 43.563414 ], [ 3.338597, 43.562332 ], [ 3.339412, 43.561469 ], [ 3.339767, 43.561132 ], [ 3.34002, 43.560936 ], [ 3.338162, 43.562049 ], [ 3.337372, 43.562377 ], [ 3.336906, 43.562768 ], [ 3.334734, 43.56444 ], [ 3.334699, 43.564528 ] ] ], [ [ [ 3.338427, 43.581335 ], [ 3.337797, 43.580781 ], [ 3.337567, 43.580394 ], [ 3.337271, 43.579656 ], [ 3.337349322619132, 43.579851277340929 ], [ 3.337542, 43.580648 ], [ 3.33825, 43.584178 ], [ 3.335314894623564, 43.587767981038375 ], [ 3.336293, 43.58737 ], [ 3.338805813567625, 43.587341661934339 ], [ 3.338427, 43.581335 ] ] ], [ [ [ 3.275847, 43.595687 ], [ 3.275123, 43.59513 ], [ 3.274469, 43.594906 ], [ 3.273899, 43.594862 ], [ 3.273333, 43.594928 ], [ 3.272932256032413, 43.595060544200457 ], [ 3.274301, 43.59837 ], [ 3.274478, 43.600749 ], [ 3.276181, 43.596072 ], [ 3.275847, 43.595687 ] ] ], [ [ [ 3.295673, 43.59424 ], [ 3.295564, 43.594337 ], [ 3.291466, 43.597448 ], [ 3.292132, 43.597247 ], [ 3.293527, 43.597123 ], [ 3.294087, 43.597204 ], [ 3.298496, 43.597731 ], [ 3.298496, 43.597825 ], [ 3.298496, 43.597896 ], [ 3.296811190018653, 43.601087751460248 ], [ 3.298793, 43.601843 ], [ 3.306185, 43.605978 ], [ 3.31057, 43.605752 ], [ 3.315568, 43.605113 ], [ 3.316856, 43.599222 ], [ 3.316982, 43.595624 ], [ 3.321903, 43.593621 ], [ 3.327535, 43.590061 ], [ 3.32921, 43.590252 ], [ 3.327055, 43.589879 ], [ 3.326634, 43.5898 ], [ 3.326204, 43.589768 ], [ 3.323851, 43.591128 ], [ 3.319363, 43.592984 ], [ 3.311172, 43.595472 ], [ 3.310278, 43.595058 ], [ 3.308744, 43.594618 ], [ 3.300118, 43.594104 ], [ 3.299602, 43.59357 ], [ 3.298894, 43.593235 ], [ 3.298511390271307, 43.59335437993709 ], [ 3.298312, 43.593166 ], [ 3.298194, 43.59317 ], [ 3.297502, 43.593334 ], [ 3.296499954775765, 43.593981977786527 ], [ 3.295673, 43.59424 ] ] ], [ [ [ 3.288433, 43.599766 ], [ 3.288348243677366, 43.599892800434851 ], [ 3.288441, 43.599812 ], [ 3.288606, 43.59948 ], [ 3.288433, 43.599766 ] ] ], [ [ [ 3.279666443825894, 43.603895977220077 ], [ 3.282537, 43.604955 ], [ 3.282812211890785, 43.6047152617286 ], [ 3.279666443825894, 43.603895977220077 ] ] ], [ [ [ 3.284985, 43.612608 ], [ 3.284806988412434, 43.612572718424097 ], [ 3.284643, 43.612543 ], [ 3.284585183203148, 43.612528757031264 ], [ 3.284541, 43.61252 ], [ 3.284349351340397, 43.612470660664236 ], [ 3.284164, 43.612425 ], [ 3.284123427430635, 43.612412497274711 ], [ 3.284071, 43.612399 ], [ 3.28284, 43.612017 ], [ 3.280999, 43.611446 ], [ 3.283366, 43.61969 ], [ 3.282229, 43.621251 ], [ 3.282079, 43.621465 ], [ 3.277943, 43.628249 ], [ 3.279632, 43.631428 ], [ 3.288444, 43.633002 ], [ 3.289684, 43.634158 ], [ 3.289786, 43.634185 ], [ 3.295526146969688, 43.634224269298123 ], [ 3.296646118213872, 43.634461098586819 ], [ 3.300283, 43.640609 ], [ 3.301301, 43.644062 ], [ 3.30161, 43.647811 ], [ 3.301631, 43.649216 ], [ 3.30523, 43.649285 ], [ 3.309225, 43.647596 ], [ 3.309582, 43.647259 ], [ 3.311161, 43.644965 ], [ 3.312102, 43.64149 ], [ 3.31447, 43.638129 ], [ 3.32177, 43.641419 ], [ 3.322224, 43.644991 ], [ 3.323213910967117, 43.645270798931207 ], [ 3.326204, 43.646375 ], [ 3.331315, 43.649262 ], [ 3.329986, 43.64731 ], [ 3.327445, 43.644405 ], [ 3.322572, 43.641416 ], [ 3.322563570605186, 43.641326518731994 ], [ 3.322554437752514, 43.64127019947383 ], [ 3.319375, 43.635834 ], [ 3.311995, 43.637701 ], [ 3.310214, 43.641861 ], [ 3.310085, 43.642447 ], [ 3.309674, 43.643115 ], [ 3.30926, 43.64347 ], [ 3.308663, 43.64376 ], [ 3.308317, 43.64385 ], [ 3.307707, 43.643976 ], [ 3.307695397833307, 43.64396110397557 ], [ 3.306676, 43.644086 ], [ 3.306532, 43.644043 ], [ 3.30299, 43.638191 ], [ 3.304362, 43.634862 ], [ 3.307749, 43.630945 ], [ 3.302285, 43.624245 ], [ 3.30086, 43.624517 ], [ 3.299366, 43.624739 ], [ 3.294939, 43.625923 ], [ 3.290936, 43.628715 ], [ 3.287486, 43.629213 ], [ 3.286534, 43.628834 ], [ 3.286298, 43.628341 ], [ 3.286077, 43.625263 ], [ 3.287416, 43.623657 ], [ 3.291221, 43.623447 ], [ 3.292044, 43.623018 ], [ 3.294173, 43.620779 ], [ 3.29019, 43.612755 ], [ 3.289366005772366, 43.61274738880833 ], [ 3.289366, 43.612748 ], [ 3.287865704099098, 43.612733530600117 ], [ 3.2877, 43.612732 ], [ 3.287632458985573, 43.612731083907335 ], [ 3.286161, 43.612713 ], [ 3.286118314396392, 43.612710546804408 ], [ 3.286078, 43.61271 ], [ 3.285858146993474, 43.612695594654802 ], [ 3.285552, 43.612678 ], [ 3.285502480889452, 43.612672290479487 ], [ 3.285437, 43.612668 ], [ 3.285250149606283, 43.612643196850392 ], [ 3.285101, 43.612626 ], [ 3.285047332403392, 43.61261627421284 ], [ 3.284985, 43.612608 ] ] ], [ [ [ 3.333357, 43.664941 ], [ 3.332781171165126, 43.661738850517366 ], [ 3.332115, 43.66997 ], [ 3.332301, 43.669343 ], [ 3.332504, 43.668917 ], [ 3.33332, 43.665553 ], [ 3.333357, 43.664941 ] ] ], [ [ [ 3.332507, 43.672813 ], [ 3.332075, 43.670722 ], [ 3.33214291523082, 43.671050728582514 ], [ 3.332119, 43.671056 ], [ 3.332507, 43.672813 ] ] ], [ [ [ 3.334249052460974, 43.760782740499934 ], [ 3.332277072385788, 43.757282071577286 ], [ 3.33197, 43.755854 ], [ 3.332430624083947, 43.750443385760207 ], [ 3.332353, 43.750613 ], [ 3.332233, 43.75109 ], [ 3.331725, 43.754424 ], [ 3.331823, 43.756476 ], [ 3.333739, 43.760649 ], [ 3.334249052460974, 43.760782740499934 ] ] ], [ [ [ 3.37113, 43.559203 ], [ 3.376107, 43.552448 ], [ 3.374213, 43.549386 ], [ 3.372622381987104, 43.548606999530271 ], [ 3.366241, 43.549036 ], [ 3.36531, 43.548592 ], [ 3.363707504267836, 43.547563652670284 ], [ 3.362515669871312, 43.548709568310095 ], [ 3.362341063230972, 43.548985808795877 ], [ 3.361604042719974, 43.549586072473311 ], [ 3.358161933632255, 43.552895564672134 ], [ 3.358181, 43.552901 ], [ 3.363588, 43.556935 ], [ 3.366406, 43.558246 ], [ 3.367059, 43.558444 ], [ 3.369586, 43.559246 ], [ 3.37113, 43.559203 ] ] ], [ [ [ 3.342912957218684, 43.554579268928777 ], [ 3.343102, 43.555243 ], [ 3.34002, 43.560936 ], [ 3.345627280325654, 43.55503527321531 ], [ 3.34503, 43.553916 ], [ 3.342912957218684, 43.554579268928777 ] ] ], [ [ [ 3.545935, 43.531828 ], [ 3.54526, 43.531859 ], [ 3.53972, 43.533574 ], [ 3.539229, 43.53376 ], [ 3.538576, 43.53412 ], [ 3.529977, 43.531874 ], [ 3.528351, 43.530071 ], [ 3.526921, 43.529511 ], [ 3.526213, 43.530759 ], [ 3.526143, 43.530884 ], [ 3.525601110142982, 43.531478843263258 ], [ 3.525449, 43.531725 ], [ 3.524902, 43.532501 ], [ 3.524704240085232, 43.532463355346167 ], [ 3.524301, 43.532906 ], [ 3.523669, 43.534444 ], [ 3.519746, 43.538614 ], [ 3.517208, 43.542264 ], [ 3.510164, 43.543414 ], [ 3.507566, 43.540922 ], [ 3.50709226321754, 43.535951224012976 ], [ 3.510004891414, 43.531809612581782 ], [ 3.509817254118959, 43.53182945434785 ], [ 3.505829, 43.537388 ], [ 3.50561, 43.537628 ], [ 3.505276, 43.537919 ], [ 3.504595, 43.538405 ], [ 3.504215, 43.538679 ], [ 3.504190993910655, 43.53869281172264 ], [ 3.504061, 43.539553 ], [ 3.502036418584024, 43.541766048547785 ], [ 3.505561, 43.547657 ], [ 3.508990192503084, 43.547512077506873 ], [ 3.509898, 43.547186 ], [ 3.509910417054841, 43.54718501045884 ], [ 3.510162, 43.547081 ], [ 3.510459, 43.546988 ], [ 3.511965, 43.546621 ], [ 3.518745, 43.544136 ], [ 3.522758, 43.538423 ], [ 3.522928, 43.537412 ], [ 3.52295, 43.537314 ], [ 3.525779, 43.536386 ], [ 3.5259, 43.53648 ], [ 3.531652, 43.541606 ], [ 3.532162, 43.541748 ], [ 3.532636, 43.541938 ], [ 3.533609, 43.542217 ], [ 3.53425, 43.542329 ], [ 3.542175, 43.538931 ], [ 3.542423, 43.535339 ], [ 3.544019, 43.535248 ], [ 3.549724, 43.534757 ], [ 3.551069, 43.534642 ], [ 3.551904, 43.534611 ], [ 3.552514, 43.534721 ], [ 3.553034, 43.53493 ], [ 3.55341, 43.535154 ], [ 3.554072, 43.535604 ], [ 3.552122, 43.53863 ], [ 3.550673, 43.542924 ], [ 3.550607, 43.543046 ], [ 3.550718, 43.550486 ], [ 3.552753, 43.551907 ], [ 3.554128, 43.55234 ], [ 3.555436, 43.553365 ], [ 3.555499, 43.554134 ], [ 3.554925, 43.555851 ], [ 3.551063, 43.563927 ], [ 3.553139, 43.567495 ], [ 3.553759, 43.575145 ], [ 3.559714726042651, 43.578600308601942 ], [ 3.561061, 43.578651 ], [ 3.562892, 43.57891 ], [ 3.564468, 43.580534 ], [ 3.565451, 43.584816 ], [ 3.567361248174589, 43.587532227964026 ], [ 3.567483, 43.587078 ], [ 3.565376, 43.581124 ], [ 3.564444, 43.579134 ], [ 3.56407, 43.578741 ], [ 3.563551, 43.578215 ], [ 3.559967, 43.574434 ], [ 3.558388, 43.571913 ], [ 3.557521, 43.570391 ], [ 3.556969, 43.569591 ], [ 3.556729, 43.5692 ], [ 3.556522, 43.568932 ], [ 3.552421, 43.562891 ], [ 3.556137, 43.555649 ], [ 3.558794, 43.555255 ], [ 3.561161, 43.55571 ], [ 3.561918, 43.555752 ], [ 3.562791, 43.55531 ], [ 3.564899, 43.552508 ], [ 3.56462, 43.552265 ], [ 3.563801, 43.551854 ], [ 3.562588, 43.551744 ], [ 3.558846, 43.550533 ], [ 3.555219, 43.54449 ], [ 3.561385, 43.53879 ], [ 3.561425787141581, 43.538757215843184 ], [ 3.56138, 43.538789 ], [ 3.560567, 43.538805 ], [ 3.556363, 43.538872 ], [ 3.554737, 43.535661 ], [ 3.554306929420695, 43.53370765102094 ], [ 3.550033, 43.532356 ], [ 3.545935, 43.531828 ] ] ], [ [ [ 3.392038, 43.659974 ], [ 3.392246274092868, 43.660681119032631 ], [ 3.390349, 43.652437 ], [ 3.390215987874925, 43.652333390555199 ], [ 3.390041, 43.652218 ], [ 3.389914976887928, 43.652098918839009 ], [ 3.389779, 43.651993 ], [ 3.389696230379096, 43.651892221926019 ], [ 3.389569, 43.651772 ], [ 3.392038, 43.659974 ] ] ], [ [ [ 3.353038, 43.668485 ], [ 3.352858, 43.66852 ], [ 3.352770198365117, 43.669468718039852 ], [ 3.352829, 43.669418 ], [ 3.354582, 43.669284 ], [ 3.354635975491012, 43.669285597958613 ], [ 3.353038, 43.668485 ] ] ], [ [ [ 3.362251, 43.671137 ], [ 3.363598, 43.670023 ], [ 3.363124, 43.670356 ], [ 3.362251, 43.671137 ] ] ], [ [ [ 3.363830185020625, 43.678430771707056 ], [ 3.363830185020626, 43.678430771707056 ], [ 3.362251, 43.671137 ], [ 3.363830185020625, 43.678430771707056 ] ] ], [ [ [ 3.447601, 43.693388 ], [ 3.447266891054914, 43.696645279071419 ], [ 3.447739, 43.69724 ], [ 3.448847, 43.697884 ], [ 3.44902, 43.698841 ], [ 3.449117, 43.699301 ], [ 3.448661, 43.700274 ], [ 3.447887, 43.70414 ], [ 3.447953, 43.70668 ], [ 3.448001307569173, 43.707066309118993 ], [ 3.448706, 43.704913 ], [ 3.449068, 43.702002 ], [ 3.449274159071562, 43.699231526247324 ], [ 3.452498502945849, 43.697806172517502 ], [ 3.457921, 43.696246 ], [ 3.458392, 43.696618 ], [ 3.458480896423334, 43.696672686627316 ], [ 3.459573756098054, 43.697510359910034 ], [ 3.464521, 43.702345 ], [ 3.464254, 43.701573 ], [ 3.463763, 43.70008 ], [ 3.463439, 43.699378 ], [ 3.463256, 43.698759 ], [ 3.462835370353139, 43.697486213918303 ], [ 3.45544, 43.693332 ], [ 3.447601, 43.693388 ] ] ], [ [ [ 3.34494, 43.714902 ], [ 3.344961146784578, 43.715048216432415 ], [ 3.345140174180609, 43.714780747942605 ], [ 3.34494, 43.714902 ] ] ] ] } }
]
}
