{
"type": "FeatureCollection",
"name": "La_Banque_Postale",
"crs": { "type": "name", "properties": { "name": "urn:ogc:def:crs:OGC:1.3:CRS84" } },
"features": [
{ "type": "Feature", "properties": { "codgeo": "30028", "value": 60, "isochrone_group": 1.0, "nb_agences": 1 }, "geometry": { "type": "Polygon", "coordinates": [ [ [ 4.621955, 44.156473 ], [ 4.621861, 44.156087 ], [ 4.622046, 44.155804 ], [ 4.622066, 44.155791 ], [ 4.623561, 44.156659 ], [ 4.62614, 44.158116 ], [ 4.6264, 44.158366 ], [ 4.62615, 44.159853 ], [ 4.626121, 44.159896 ], [ 4.62586, 44.160255 ], [ 4.625121, 44.160823 ], [ 4.623902, 44.160724 ], [ 4.622375, 44.158169 ], [ 4.621955, 44.156473 ] ] ] } },
{ "type": "Feature", "properties": { "codgeo": "30028", "value": 120, "isochrone_group": 2.0, "nb_agences": 1 }, "geometry": { "type": "Polygon", "coordinates": [ [ [ 4.61501, 44.155193 ], [ 4.61673, 44.156759 ], [ 4.620199, 44.159703 ], [ 4.621337, 44.160694 ], [ 4.624686, 44.163722 ], [ 4.625487, 44.164028 ], [ 4.62584, 44.163956 ], [ 4.626347, 44.163 ], [ 4.626439, 44.162839 ], [ 4.626852, 44.161321 ], [ 4.631615, 44.158842 ], [ 4.631952, 44.158715 ], [ 4.632232, 44.158383 ], [ 4.632088, 44.158053 ], [ 4.629583, 44.157508 ], [ 4.629257, 44.157413 ], [ 4.6289, 44.157356 ], [ 4.628701, 44.15734 ], [ 4.628516, 44.157326 ], [ 4.628167, 44.157331 ], [ 4.623324, 44.154217 ], [ 4.62322, 44.154052 ], [ 4.623115, 44.153886 ], [ 4.622288, 44.153558 ], [ 4.616633, 44.15402 ], [ 4.616276, 44.154062 ], [ 4.61595, 44.154207 ], [ 4.614999, 44.154833 ], [ 4.61501, 44.155193 ] ], [ [ 4.621861, 44.156087 ], [ 4.622046, 44.155804 ], [ 4.622066, 44.155791 ], [ 4.623561, 44.156659 ], [ 4.62614, 44.158116 ], [ 4.6264, 44.158366 ], [ 4.62615, 44.159853 ], [ 4.626121, 44.159896 ], [ 4.62586, 44.160255 ], [ 4.625121, 44.160823 ], [ 4.623902, 44.160724 ], [ 4.622375, 44.158169 ], [ 4.621955, 44.156473 ], [ 4.621861, 44.156087 ] ] ] } },
{ "type": "Feature", "properties": { "codgeo": "30028", "value": 180, "isochrone_group": 3.0, "nb_agences": 1 }, "geometry": { "type": "Polygon", "coordinates": [ [ [ 4.610715, 44.155741 ], [ 4.611185, 44.156245 ], [ 4.617087, 44.162084 ], [ 4.617141, 44.162111 ], [ 4.617486, 44.162211 ], [ 4.62285, 44.169068 ], [ 4.622898, 44.169425 ], [ 4.623056, 44.169404 ], [ 4.623264, 44.169341 ], [ 4.623442, 44.169285 ], [ 4.623603, 44.169205 ], [ 4.623766, 44.169096 ], [ 4.623947, 44.168929 ], [ 4.624146, 44.168641 ], [ 4.624516, 44.168001 ], [ 4.62488, 44.167371 ], [ 4.625014, 44.167128 ], [ 4.625146, 44.166887 ], [ 4.625279, 44.166588 ], [ 4.631582, 44.160238 ], [ 4.631867, 44.160133 ], [ 4.632088, 44.160039 ], [ 4.635999, 44.157583 ], [ 4.638183, 44.156077 ], [ 4.638073, 44.155734 ], [ 4.635727, 44.155378 ], [ 4.635509, 44.155341 ], [ 4.635269, 44.15533 ], [ 4.634599, 44.155332 ], [ 4.63424, 44.155347 ], [ 4.625826, 44.15273 ], [ 4.62033, 44.150372 ], [ 4.615783, 44.148353 ], [ 4.615436, 44.148447 ], [ 4.61071, 44.155381 ], [ 4.610715, 44.155741 ] ], [ [ 4.61595, 44.154207 ], [ 4.616276, 44.154062 ], [ 4.616633, 44.15402 ], [ 4.622288, 44.153558 ], [ 4.623115, 44.153886 ], [ 4.62322, 44.154052 ], [ 4.623324, 44.154217 ], [ 4.628167, 44.157331 ], [ 4.628516, 44.157326 ], [ 4.628701, 44.15734 ], [ 4.6289, 44.157356 ], [ 4.629257, 44.157413 ], [ 4.629583, 44.157508 ], [ 4.632088, 44.158053 ], [ 4.632232, 44.158383 ], [ 4.631952, 44.158715 ], [ 4.631615, 44.158842 ], [ 4.626852, 44.161321 ], [ 4.626439, 44.162839 ], [ 4.626347, 44.163 ], [ 4.62584, 44.163956 ], [ 4.625487, 44.164028 ], [ 4.624686, 44.163722 ], [ 4.621337, 44.160694 ], [ 4.620199, 44.159703 ], [ 4.61673, 44.156759 ], [ 4.61501, 44.155193 ], [ 4.614999, 44.154833 ], [ 4.61595, 44.154207 ] ] ] } },
{ "type": "Feature", "properties": { "codgeo": "30028", "value": 240, "isochrone_group": 4.0, "nb_agences": 1 }, "geometry": { "type": "Polygon", "coordinates": [ [ [ 4.637215, 44.158151 ], [ 4.6402, 44.157912 ], [ 4.641069, 44.157885 ], [ 4.641506, 44.157824 ], [ 4.642052, 44.157657 ], [ 4.64236, 44.157517 ], [ 4.646356, 44.154656 ], [ 4.646778, 44.15237 ], [ 4.646682, 44.152252 ], [ 4.646355, 44.151934 ], [ 4.64483, 44.151395 ], [ 4.643543, 44.151569 ], [ 4.638794, 44.152406 ], [ 4.636181, 44.152476 ], [ 4.629832, 44.151416 ], [ 4.626793, 44.149487 ], [ 4.622276, 44.147038 ], [ 4.62115, 44.146373 ], [ 4.615093, 44.139982 ], [ 4.611713, 44.141223 ], [ 4.609837, 44.147517 ], [ 4.606795, 44.155162 ], [ 4.607001, 44.156344 ], [ 4.610943, 44.161892 ], [ 4.613117, 44.163987 ], [ 4.616181, 44.170471 ], [ 4.618252, 44.171191 ], [ 4.622514, 44.171053 ], [ 4.62393, 44.17083 ], [ 4.624337, 44.170649 ], [ 4.624679, 44.170435 ], [ 4.625059, 44.170106 ], [ 4.625488, 44.169548 ], [ 4.626283, 44.16818 ], [ 4.626565, 44.167669 ], [ 4.626761, 44.167242 ], [ 4.629297, 44.162835 ], [ 4.631631866639495, 44.160219628080206 ], [ 4.631582, 44.160238 ], [ 4.625279, 44.166588 ], [ 4.625146, 44.166887 ], [ 4.625014, 44.167128 ], [ 4.62488, 44.167371 ], [ 4.624516, 44.168001 ], [ 4.624146, 44.168641 ], [ 4.623947, 44.168929 ], [ 4.623766, 44.169096 ], [ 4.623603, 44.169205 ], [ 4.623442, 44.169285 ], [ 4.623264, 44.169341 ], [ 4.623056, 44.169404 ], [ 4.622898, 44.169425 ], [ 4.62285, 44.169068 ], [ 4.617486, 44.162211 ], [ 4.617141, 44.162111 ], [ 4.617087, 44.162084 ], [ 4.611185, 44.156245 ], [ 4.610715, 44.155741 ], [ 4.61071, 44.155381 ], [ 4.615436, 44.148447 ], [ 4.615783, 44.148353 ], [ 4.62033, 44.150372 ], [ 4.625826, 44.15273 ], [ 4.63424, 44.155347 ], [ 4.634599, 44.155332 ], [ 4.635269, 44.15533 ], [ 4.635509, 44.155341 ], [ 4.635727, 44.155378 ], [ 4.638073, 44.155734 ], [ 4.638183, 44.156077 ], [ 4.635999, 44.157583 ], [ 4.634649312776864, 44.158430566305306 ], [ 4.637215, 44.158151 ] ] ] } },
{ "type": "Feature", "properties": { "codgeo": "30028", "value": 300, "isochrone_group": 5.0, "nb_agences": 1 }, "geometry": { "type": "Polygon", "coordinates": [ [ [ 4.643397, 44.15739 ], [ 4.646631, 44.156645 ], [ 4.647795, 44.15634 ], [ 4.654482, 44.150758 ], [ 4.65521, 44.150334 ], [ 4.654913, 44.147991 ], [ 4.65483, 44.147911 ], [ 4.653399, 44.147223 ], [ 4.650421, 44.146222 ], [ 4.648938, 44.146282 ], [ 4.646985, 44.14778 ], [ 4.645425, 44.148891 ], [ 4.644981, 44.149188 ], [ 4.636214, 44.149428 ], [ 4.636064, 44.149343 ], [ 4.627414, 44.147631 ], [ 4.61986, 44.143811 ], [ 4.618018, 44.141762 ], [ 4.61586, 44.137214 ], [ 4.615633, 44.132077 ], [ 4.61368, 44.131525 ], [ 4.612087, 44.131453 ], [ 4.611782, 44.132866 ], [ 4.607439, 44.139346 ], [ 4.606602, 44.140414 ], [ 4.606595, 44.140444 ], [ 4.606782, 44.142725 ], [ 4.606805, 44.14309 ], [ 4.606711, 44.146905 ], [ 4.60387, 44.15453 ], [ 4.60044, 44.16063 ], [ 4.600444, 44.160654 ], [ 4.60207, 44.16209 ], [ 4.603879, 44.162397 ], [ 4.609777, 44.165967 ], [ 4.611007, 44.16935 ], [ 4.618268, 44.174372 ], [ 4.620026, 44.176273 ], [ 4.620081, 44.176273 ], [ 4.623143, 44.174872 ], [ 4.624199, 44.173954 ], [ 4.628375, 44.1668 ], [ 4.629106, 44.166124 ], [ 4.631114, 44.163136 ], [ 4.637215, 44.158151 ], [ 4.633076, 44.158602 ], [ 4.629297, 44.162835 ], [ 4.626761, 44.167242 ], [ 4.626565, 44.167669 ], [ 4.626283, 44.16818 ], [ 4.625488, 44.169548 ], [ 4.625059, 44.170106 ], [ 4.624679, 44.170435 ], [ 4.624337, 44.170649 ], [ 4.62393, 44.17083 ], [ 4.622514, 44.171053 ], [ 4.618252, 44.171191 ], [ 4.616181, 44.170471 ], [ 4.613117, 44.163987 ], [ 4.610943, 44.161892 ], [ 4.607001, 44.156344 ], [ 4.606795, 44.155162 ], [ 4.609837, 44.147517 ], [ 4.611713, 44.141223 ], [ 4.615093, 44.139982 ], [ 4.62115, 44.146373 ], [ 4.622276, 44.147038 ], [ 4.626793, 44.149487 ], [ 4.629832, 44.151416 ], [ 4.636181, 44.152476 ], [ 4.638794, 44.152406 ], [ 4.643543, 44.151569 ], [ 4.64483, 44.151395 ], [ 4.646355, 44.151934 ], [ 4.646682, 44.152252 ], [ 4.646778, 44.15237 ], [ 4.646356, 44.154656 ], [ 4.64236, 44.157517 ], [ 4.642052, 44.157657 ], [ 4.641506, 44.157824 ], [ 4.643397, 44.15739 ] ] ] } },
{ "type": "Feature", "properties": { "codgeo": "30028", "value": 360, "isochrone_group": 6.0, "nb_agences": 1 }, "geometry": { "type": "Polygon", "coordinates": [ [ [ 4.593655, 44.162661 ], [ 4.600327, 44.167854 ], [ 4.602007, 44.170279 ], [ 4.602336, 44.170221 ], [ 4.604054, 44.169991 ], [ 4.604576, 44.169901 ], [ 4.605581, 44.169635 ], [ 4.613735, 44.172647 ], [ 4.614046, 44.173256 ], [ 4.616555, 44.178089 ], [ 4.616671, 44.178269 ], [ 4.619525, 44.180662 ], [ 4.61976, 44.180636 ], [ 4.627892, 44.179103 ], [ 4.62907, 44.179601 ], [ 4.630657, 44.179502 ], [ 4.631354, 44.179443 ], [ 4.631055, 44.175856 ], [ 4.631085, 44.167776 ], [ 4.634419, 44.166418 ], [ 4.635803, 44.166281 ], [ 4.637834, 44.166214 ], [ 4.637715, 44.162616 ], [ 4.644547, 44.157943 ], [ 4.644975, 44.157969 ], [ 4.646719, 44.158186 ], [ 4.650835, 44.155528 ], [ 4.655138, 44.15264 ], [ 4.658453, 44.149318 ], [ 4.664055, 44.142878 ], [ 4.661688, 44.140165 ], [ 4.659672, 44.140052 ], [ 4.65825, 44.140224 ], [ 4.652305, 44.141948 ], [ 4.648927, 44.141825 ], [ 4.648157, 44.143532 ], [ 4.643809, 44.147762 ], [ 4.637578, 44.14807 ], [ 4.634612, 44.147731 ], [ 4.629395, 44.145426 ], [ 4.628452, 44.145334 ], [ 4.62065, 44.141163 ], [ 4.619581, 44.138524 ], [ 4.618273, 44.133481 ], [ 4.616841, 44.126626 ], [ 4.616843, 44.124729 ], [ 4.616722, 44.122588 ], [ 4.616349395455616, 44.122524814666001 ], [ 4.614487, 44.12631 ], [ 4.614134, 44.12624 ], [ 4.614019315966595, 44.122129685693487 ], [ 4.613172, 44.121986 ], [ 4.608261, 44.128168 ], [ 4.603465, 44.131247 ], [ 4.602455, 44.133741 ], [ 4.602323, 44.134502 ], [ 4.603476, 44.137302 ], [ 4.604933, 44.142338 ], [ 4.603842, 44.1469 ], [ 4.603796, 44.147854 ], [ 4.603844, 44.148073 ], [ 4.603656, 44.152297 ], [ 4.599373, 44.157203 ], [ 4.596377, 44.158087 ], [ 4.593607, 44.158884 ], [ 4.591539, 44.159367 ], [ 4.592137, 44.162917 ], [ 4.593655, 44.162661 ] ], [ [ 4.606711, 44.146905 ], [ 4.606805, 44.14309 ], [ 4.606782, 44.142725 ], [ 4.606595, 44.140444 ], [ 4.606602, 44.140414 ], [ 4.607439, 44.139346 ], [ 4.611782, 44.132866 ], [ 4.612087, 44.131453 ], [ 4.61368, 44.131525 ], [ 4.615633, 44.132077 ], [ 4.61586, 44.137214 ], [ 4.618018, 44.141762 ], [ 4.61986, 44.143811 ], [ 4.627414, 44.147631 ], [ 4.636064, 44.149343 ], [ 4.636214, 44.149428 ], [ 4.644981, 44.149188 ], [ 4.645425, 44.148891 ], [ 4.646985, 44.14778 ], [ 4.648938, 44.146282 ], [ 4.650421, 44.146222 ], [ 4.653399, 44.147223 ], [ 4.65483, 44.147911 ], [ 4.654913, 44.147991 ], [ 4.65521, 44.150334 ], [ 4.654482, 44.150758 ], [ 4.647795, 44.15634 ], [ 4.646631, 44.156645 ], [ 4.643397, 44.15739 ], [ 4.641506, 44.157824 ], [ 4.641069, 44.157885 ], [ 4.6402, 44.157912 ], [ 4.637215, 44.158151 ], [ 4.631114, 44.163136 ], [ 4.629106, 44.166124 ], [ 4.628375, 44.1668 ], [ 4.624199, 44.173954 ], [ 4.623143, 44.174872 ], [ 4.620081, 44.176273 ], [ 4.620026, 44.176273 ], [ 4.618268, 44.174372 ], [ 4.611007, 44.16935 ], [ 4.609777, 44.165967 ], [ 4.603879, 44.162397 ], [ 4.60207, 44.16209 ], [ 4.600444, 44.160654 ], [ 4.60044, 44.16063 ], [ 4.60387, 44.15453 ], [ 4.606711, 44.146905 ] ] ] } },
{ "type": "Feature", "properties": { "codgeo": "30028", "value": 420, "isochrone_group": 7.0, "nb_agences": 1 }, "geometry": { "type": "MultiPolygon", "coordinates": [ [ [ [ 4.593535, 44.155342 ], [ 4.584651, 44.156778 ], [ 4.58447, 44.156812 ], [ 4.582982, 44.158928 ], [ 4.583736, 44.161824 ], [ 4.58609, 44.16212 ], [ 4.589594, 44.16881 ], [ 4.592839, 44.169719 ], [ 4.595745, 44.170256 ], [ 4.598448, 44.170887 ], [ 4.600133, 44.170795 ], [ 4.600521, 44.170789 ], [ 4.600883, 44.170748 ], [ 4.601394, 44.170626 ], [ 4.601988494278517, 44.170252287872266 ], [ 4.600327, 44.167854 ], [ 4.593655, 44.162661 ], [ 4.592137, 44.162917 ], [ 4.591539, 44.159367 ], [ 4.593607, 44.158884 ], [ 4.596377, 44.158087 ], [ 4.599373, 44.157203 ], [ 4.603285510519835, 44.152721380431856 ], [ 4.599398, 44.155619 ], [ 4.593535, 44.155342 ] ] ], [ [ [ 4.621763, 44.132348 ], [ 4.621271, 44.13032 ], [ 4.620825, 44.128873 ], [ 4.619839, 44.124644 ], [ 4.619580650225922, 44.12351751456486 ], [ 4.618364, 44.128291 ], [ 4.617549186524791, 44.130016096806877 ], [ 4.618273, 44.133481 ], [ 4.619581, 44.138524 ], [ 4.62065, 44.141163 ], [ 4.626279362540202, 44.144172493867615 ], [ 4.62104, 44.140621 ], [ 4.621763, 44.132348 ] ] ], [ [ [ 4.606412, 44.125531 ], [ 4.600953, 44.123773 ], [ 4.597659, 44.125226 ], [ 4.598087, 44.126302 ], [ 4.598919, 44.127865 ], [ 4.599286, 44.13563 ], [ 4.599387, 44.136568 ], [ 4.599699, 44.137477 ], [ 4.602702, 44.144149 ], [ 4.603818389997721, 44.14738965091685 ], [ 4.603842, 44.1469 ], [ 4.604933, 44.142338 ], [ 4.603476, 44.137302 ], [ 4.602323, 44.134502 ], [ 4.602455, 44.133741 ], [ 4.603465, 44.131247 ], [ 4.608261, 44.128168 ], [ 4.610321241313098, 44.125574554307157 ], [ 4.610720985906593, 44.122649931272868 ], [ 4.606412, 44.125531 ] ] ], [ [ [ 4.610434, 44.177438 ], [ 4.610591, 44.179 ], [ 4.611393, 44.180908 ], [ 4.614367, 44.182186 ], [ 4.619882, 44.186748 ], [ 4.620683, 44.187732 ], [ 4.624017, 44.186374 ], [ 4.630648, 44.180954 ], [ 4.635099, 44.178785 ], [ 4.635509, 44.178585 ], [ 4.637307, 44.177718 ], [ 4.638189, 44.176292 ], [ 4.638516, 44.175675 ], [ 4.636862, 44.172946 ], [ 4.642802, 44.167207 ], [ 4.643259, 44.167219 ], [ 4.645858, 44.165529 ], [ 4.64947, 44.159027 ], [ 4.650852, 44.155524 ], [ 4.657197, 44.152733 ], [ 4.66313, 44.150972 ], [ 4.669184, 44.148057 ], [ 4.670399, 44.144669 ], [ 4.670153, 44.136957 ], [ 4.668729, 44.135168 ], [ 4.66864, 44.135117 ], [ 4.667379, 44.134663 ], [ 4.661859, 44.136649 ], [ 4.661348, 44.136851 ], [ 4.658355, 44.137894 ], [ 4.653785, 44.139364 ], [ 4.646921, 44.141465 ], [ 4.646391, 44.141547 ], [ 4.64625, 44.141659 ], [ 4.643346, 44.143956 ], [ 4.636636, 44.145508 ], [ 4.630944, 44.144503 ], [ 4.628254581692633, 44.145228458887445 ], [ 4.628452, 44.145334 ], [ 4.629395, 44.145426 ], [ 4.634612, 44.147731 ], [ 4.637578, 44.14807 ], [ 4.643809, 44.147762 ], [ 4.648157, 44.143532 ], [ 4.648927, 44.141825 ], [ 4.652305, 44.141948 ], [ 4.65825, 44.140224 ], [ 4.659672, 44.140052 ], [ 4.661688, 44.140165 ], [ 4.664055, 44.142878 ], [ 4.658453, 44.149318 ], [ 4.655138, 44.15264 ], [ 4.650835, 44.155528 ], [ 4.646719, 44.158186 ], [ 4.644975, 44.157969 ], [ 4.644547, 44.157943 ], [ 4.637715, 44.162616 ], [ 4.637834, 44.166214 ], [ 4.635803, 44.166281 ], [ 4.634419, 44.166418 ], [ 4.631085, 44.167776 ], [ 4.631055, 44.175856 ], [ 4.631354, 44.179443 ], [ 4.630657, 44.179502 ], [ 4.62907, 44.179601 ], [ 4.627892, 44.179103 ], [ 4.61976, 44.180636 ], [ 4.619525, 44.180662 ], [ 4.616671, 44.178269 ], [ 4.616555, 44.178089 ], [ 4.614046, 44.173256 ], [ 4.613735, 44.172647 ], [ 4.611479689061514, 44.171813912368584 ], [ 4.612788, 44.173259 ], [ 4.610434, 44.177438 ] ] ] ] } },
{ "type": "Feature", "properties": { "codgeo": "30028", "value": 480, "isochrone_group": 8.0, "nb_agences": 1 }, "geometry": { "type": "MultiPolygon", "coordinates": [ [ [ [ 4.597393, 44.138838 ], [ 4.597463, 44.138948 ], [ 4.599909, 44.14413 ], [ 4.602949, 44.145358 ], [ 4.599775, 44.15353 ], [ 4.593077, 44.155206 ], [ 4.58485, 44.153263 ], [ 4.584119, 44.152143 ], [ 4.582107, 44.151098 ], [ 4.581616, 44.151235 ], [ 4.58133, 44.151329 ], [ 4.580547, 44.151701 ], [ 4.580527, 44.151862 ], [ 4.580521, 44.152352 ], [ 4.58079, 44.156308 ], [ 4.580851, 44.159154 ], [ 4.577255, 44.166771 ], [ 4.577088, 44.170367 ], [ 4.578773, 44.170445 ], [ 4.580503, 44.170626 ], [ 4.580744, 44.17059 ], [ 4.583935, 44.169086 ], [ 4.590765, 44.170905 ], [ 4.590856, 44.170881 ], [ 4.591776, 44.170327 ], [ 4.591906, 44.170265 ], [ 4.593388404461858, 44.169820524499642 ], [ 4.592839, 44.169719 ], [ 4.589594, 44.16881 ], [ 4.58609, 44.16212 ], [ 4.583736, 44.161824 ], [ 4.582982, 44.158928 ], [ 4.58447, 44.156812 ], [ 4.584651, 44.156778 ], [ 4.593535, 44.155342 ], [ 4.599398, 44.155619 ], [ 4.605171, 44.151316 ], [ 4.602702, 44.144149 ], [ 4.599699, 44.137477 ], [ 4.599387, 44.136568 ], [ 4.599286, 44.13563 ], [ 4.597643, 44.137875 ], [ 4.597393, 44.138838 ] ] ], [ [ [ 4.635474, 44.144251 ], [ 4.634573, 44.143457 ], [ 4.631232, 44.143659 ], [ 4.627817, 44.143555 ], [ 4.623388, 44.138019 ], [ 4.624601, 44.131357 ], [ 4.624428, 44.128589 ], [ 4.622767208164148, 44.124975696750248 ], [ 4.622334, 44.126675 ], [ 4.62235, 44.127223 ], [ 4.62226, 44.127992 ], [ 4.622167, 44.128464 ], [ 4.621136065296661, 44.1298822185746 ], [ 4.621271, 44.13032 ], [ 4.621763, 44.132348 ], [ 4.62104, 44.140621 ], [ 4.627956, 44.145309 ], [ 4.630944, 44.144503 ], [ 4.636636, 44.145508 ], [ 4.641119625711224, 44.144470952741599 ], [ 4.636099, 44.144719 ], [ 4.635474, 44.144251 ] ] ], [ [ [ 4.672803, 44.149277 ], [ 4.673403, 44.149381 ], [ 4.673565, 44.149387 ], [ 4.673979, 44.149372 ], [ 4.674424, 44.149308 ], [ 4.676209, 44.148951 ], [ 4.678116, 44.148566 ], [ 4.679008, 44.148322 ], [ 4.679292, 44.148243 ], [ 4.680396, 44.146296 ], [ 4.680406, 44.146195 ], [ 4.680156, 44.145822 ], [ 4.678387, 44.144328 ], [ 4.678346, 44.144334 ], [ 4.675504, 44.145421 ], [ 4.672196, 44.145299 ], [ 4.672094, 44.136877 ], [ 4.672434, 44.136719 ], [ 4.672761, 44.136535 ], [ 4.672987, 44.136411 ], [ 4.675012, 44.133718 ], [ 4.675721, 44.133035 ], [ 4.672721, 44.128167 ], [ 4.671548, 44.128483 ], [ 4.666699, 44.130052 ], [ 4.660551, 44.130859 ], [ 4.660497, 44.13089 ], [ 4.659877, 44.131493 ], [ 4.654392, 44.137321 ], [ 4.649928, 44.13746 ], [ 4.649368, 44.137408 ], [ 4.649232, 44.137403 ], [ 4.649163, 44.137408 ], [ 4.646417, 44.139686 ], [ 4.644974200157404, 44.142668129558686 ], [ 4.64625, 44.141659 ], [ 4.646391, 44.141547 ], [ 4.646921, 44.141465 ], [ 4.653785, 44.139364 ], [ 4.658355, 44.137894 ], [ 4.661348, 44.136851 ], [ 4.661859, 44.136649 ], [ 4.667379, 44.134663 ], [ 4.66864, 44.135117 ], [ 4.668729, 44.135168 ], [ 4.670153, 44.136957 ], [ 4.670399, 44.144669 ], [ 4.669184, 44.148057 ], [ 4.666087631424659, 44.149547900957572 ], [ 4.671074, 44.148719 ], [ 4.672803, 44.149277 ] ] ], [ [ [ 4.604732, 44.177713 ], [ 4.60221, 44.178775 ], [ 4.601002, 44.178775 ], [ 4.599835, 44.178604 ], [ 4.598616, 44.178567 ], [ 4.598077, 44.178866 ], [ 4.597659, 44.180422 ], [ 4.597823, 44.180822 ], [ 4.599823, 44.182014 ], [ 4.605013, 44.181302 ], [ 4.612764, 44.185867 ], [ 4.613307, 44.186166 ], [ 4.614108, 44.186534 ], [ 4.620012, 44.189157 ], [ 4.622382, 44.193072 ], [ 4.624271, 44.194282 ], [ 4.624292, 44.194279 ], [ 4.624617, 44.194012 ], [ 4.628001, 44.191212 ], [ 4.629534, 44.187955 ], [ 4.633417, 44.182333 ], [ 4.637754, 44.179174 ], [ 4.640863, 44.175766 ], [ 4.646538, 44.169233 ], [ 4.651649, 44.165968 ], [ 4.654078, 44.159593 ], [ 4.657526, 44.155171 ], [ 4.662157, 44.151919 ], [ 4.662557, 44.151657 ], [ 4.66319593718411, 44.150940251256756 ], [ 4.66313, 44.150972 ], [ 4.657197, 44.152733 ], [ 4.650852, 44.155524 ], [ 4.64947, 44.159027 ], [ 4.645858, 44.165529 ], [ 4.643259, 44.167219 ], [ 4.642802, 44.167207 ], [ 4.636862, 44.172946 ], [ 4.638516, 44.175675 ], [ 4.638189, 44.176292 ], [ 4.637307, 44.177718 ], [ 4.635509, 44.178585 ], [ 4.635099, 44.178785 ], [ 4.630648, 44.180954 ], [ 4.624017, 44.186374 ], [ 4.620683, 44.187732 ], [ 4.619882, 44.186748 ], [ 4.614367, 44.182186 ], [ 4.611393, 44.180908 ], [ 4.610591, 44.179 ], [ 4.610434, 44.177438 ], [ 4.612788, 44.173259 ], [ 4.608101, 44.168082 ], [ 4.604224, 44.168847 ], [ 4.603280540076607, 44.169440079577278 ], [ 4.608499, 44.172568 ], [ 4.604732, 44.177713 ] ] ] ] } },
{ "type": "Feature", "properties": { "codgeo": "30028", "value": 540, "isochrone_group": 9.0, "nb_agences": 1 }, "geometry": { "type": "MultiPolygon", "coordinates": [ [ [ [ 4.598306, 44.152241 ], [ 4.594935, 44.15354 ], [ 4.594, 44.153802 ], [ 4.587835, 44.152303 ], [ 4.584533, 44.149386 ], [ 4.580481, 44.145946 ], [ 4.580137, 44.145409 ], [ 4.580075, 44.145345 ], [ 4.579091, 44.145616 ], [ 4.577132, 44.146061 ], [ 4.577085, 44.146271 ], [ 4.577486, 44.147846 ], [ 4.578337, 44.15483 ], [ 4.578407, 44.15503 ], [ 4.578661, 44.156007 ], [ 4.579095, 44.157463 ], [ 4.576115, 44.164109 ], [ 4.571894, 44.164411 ], [ 4.570694, 44.164073 ], [ 4.570424, 44.163981 ], [ 4.570155, 44.163903 ], [ 4.568506, 44.163278 ], [ 4.567553, 44.162934 ], [ 4.566416, 44.163996 ], [ 4.566357, 44.16415 ], [ 4.566328, 44.164247 ], [ 4.566077, 44.166218 ], [ 4.569977, 44.169009 ], [ 4.570154, 44.169087 ], [ 4.573183, 44.170011 ], [ 4.5737, 44.170183 ], [ 4.575092, 44.170274 ], [ 4.576963, 44.170361 ], [ 4.581645, 44.171612 ], [ 4.583337, 44.172297 ], [ 4.589344, 44.171881 ], [ 4.589037, 44.180294 ], [ 4.588761, 44.183883 ], [ 4.59093, 44.18405 ], [ 4.592498, 44.184154 ], [ 4.595469, 44.183733 ], [ 4.600758, 44.183306 ], [ 4.602471, 44.183408 ], [ 4.603409, 44.183416 ], [ 4.603823, 44.183399 ], [ 4.608268, 44.184097 ], [ 4.612643, 44.187004 ], [ 4.614806, 44.18913 ], [ 4.621126, 44.194385 ], [ 4.622329, 44.197 ], [ 4.622787, 44.197899 ], [ 4.623478, 44.199431 ], [ 4.623987, 44.200281 ], [ 4.625192, 44.200345 ], [ 4.62548, 44.20025 ], [ 4.627225, 44.198399 ], [ 4.632086, 44.193736 ], [ 4.639812, 44.192501 ], [ 4.640236, 44.188926 ], [ 4.638815, 44.188768 ], [ 4.63866, 44.179944 ], [ 4.641216, 44.178301 ], [ 4.641434, 44.178215 ], [ 4.645997, 44.174365 ], [ 4.646917, 44.170646 ], [ 4.653494, 44.166405 ], [ 4.655137, 44.164534 ], [ 4.656768, 44.159579 ], [ 4.661607265395829, 44.152305036910562 ], [ 4.657526, 44.155171 ], [ 4.654078, 44.159593 ], [ 4.651649, 44.165968 ], [ 4.646538, 44.169233 ], [ 4.640863, 44.175766 ], [ 4.637754, 44.179174 ], [ 4.633417, 44.182333 ], [ 4.629534, 44.187955 ], [ 4.628001, 44.191212 ], [ 4.624617, 44.194012 ], [ 4.624292, 44.194279 ], [ 4.624271, 44.194282 ], [ 4.622382, 44.193072 ], [ 4.620012, 44.189157 ], [ 4.614108, 44.186534 ], [ 4.613307, 44.186166 ], [ 4.612764, 44.185867 ], [ 4.605013, 44.181302 ], [ 4.599823, 44.182014 ], [ 4.597823, 44.180822 ], [ 4.597659, 44.180422 ], [ 4.598077, 44.178866 ], [ 4.598616, 44.178567 ], [ 4.599835, 44.178604 ], [ 4.601002, 44.178775 ], [ 4.60221, 44.178775 ], [ 4.604732, 44.177713 ], [ 4.608499, 44.172568 ], [ 4.601884, 44.168603 ], [ 4.600935, 44.168886 ], [ 4.597047, 44.169507 ], [ 4.594921, 44.169361 ], [ 4.591906, 44.170265 ], [ 4.591776, 44.170327 ], [ 4.590856, 44.170881 ], [ 4.590765, 44.170905 ], [ 4.583935, 44.169086 ], [ 4.580744, 44.17059 ], [ 4.580503, 44.170626 ], [ 4.578773, 44.170445 ], [ 4.577088, 44.170367 ], [ 4.577255, 44.166771 ], [ 4.580851, 44.159154 ], [ 4.58079, 44.156308 ], [ 4.580521, 44.152352 ], [ 4.580527, 44.151862 ], [ 4.580547, 44.151701 ], [ 4.58133, 44.151329 ], [ 4.581616, 44.151235 ], [ 4.582107, 44.151098 ], [ 4.584119, 44.152143 ], [ 4.58485, 44.153263 ], [ 4.593077, 44.155206 ], [ 4.599775, 44.15353 ], [ 4.602949, 44.145358 ], [ 4.602189142558886, 44.145051057586294 ], [ 4.600697, 44.150892 ], [ 4.598306, 44.152241 ] ] ], [ [ [ 4.596277, 44.134298 ], [ 4.593429, 44.134609 ], [ 4.593352, 44.134806 ], [ 4.593226, 44.135397 ], [ 4.593475, 44.136485 ], [ 4.594109, 44.137172 ], [ 4.597187, 44.141263 ], [ 4.597445, 44.141742 ], [ 4.597563, 44.141891 ], [ 4.59759, 44.141898 ], [ 4.59907724448931, 44.142367875283568 ], [ 4.597463, 44.138948 ], [ 4.597393, 44.138838 ], [ 4.597643, 44.137875 ], [ 4.599286, 44.13563 ], [ 4.599029322495789, 44.130199207574385 ], [ 4.594968234216857, 44.125859904819229 ], [ 4.596277, 44.134298 ] ] ], [ [ [ 4.624180485426772, 44.128050494696389 ], [ 4.623508360223131, 44.122767334664132 ], [ 4.622880496252723, 44.125222172081912 ], [ 4.624180485426772, 44.128050494696389 ] ] ], [ [ [ 4.633912, 44.141549 ], [ 4.633476, 44.141617 ], [ 4.632635, 44.141731 ], [ 4.627968, 44.141234 ], [ 4.625322, 44.133188 ], [ 4.627579, 44.130383 ], [ 4.626986, 44.129906 ], [ 4.626436, 44.129508 ], [ 4.625634, 44.129129 ], [ 4.624915, 44.128814 ], [ 4.624419135422691, 44.128569713774404 ], [ 4.624428, 44.128589 ], [ 4.624601, 44.131357 ], [ 4.623388, 44.138019 ], [ 4.627817, 44.143555 ], [ 4.631232, 44.143659 ], [ 4.634573, 44.143457 ], [ 4.635474, 44.144251 ], [ 4.636099, 44.144719 ], [ 4.634368, 44.142437 ], [ 4.633912, 44.141549 ] ] ], [ [ [ 4.679821, 44.15151 ], [ 4.682138, 44.151509 ], [ 4.682872, 44.151241 ], [ 4.683729, 44.15078 ], [ 4.683771, 44.15074 ], [ 4.684041, 44.150033 ], [ 4.684087, 44.149875 ], [ 4.684182, 44.149493 ], [ 4.68444, 44.146999 ], [ 4.683892, 44.143441 ], [ 4.683638, 44.135824 ], [ 4.684952, 44.133149 ], [ 4.684827, 44.132894 ], [ 4.681745, 44.125904 ], [ 4.682143, 44.12424 ], [ 4.682169, 44.124041 ], [ 4.680174, 44.122147 ], [ 4.678628, 44.122261 ], [ 4.677623, 44.123486 ], [ 4.67616, 44.12478 ], [ 4.668365, 44.125495 ], [ 4.666759, 44.12346 ], [ 4.666729, 44.123457 ], [ 4.662243, 44.126445 ], [ 4.660727, 44.127645 ], [ 4.660208, 44.128092 ], [ 4.657635, 44.13204 ], [ 4.653387, 44.135827 ], [ 4.648536, 44.136004 ], [ 4.646134, 44.138686 ], [ 4.644175, 44.14432 ], [ 4.646417, 44.139686 ], [ 4.649163, 44.137408 ], [ 4.649232, 44.137403 ], [ 4.649368, 44.137408 ], [ 4.649928, 44.13746 ], [ 4.654392, 44.137321 ], [ 4.659877, 44.131493 ], [ 4.660497, 44.13089 ], [ 4.660551, 44.130859 ], [ 4.666699, 44.130052 ], [ 4.671548, 44.128483 ], [ 4.672721, 44.128167 ], [ 4.675721, 44.133035 ], [ 4.675012, 44.133718 ], [ 4.672987, 44.136411 ], [ 4.672761, 44.136535 ], [ 4.672434, 44.136719 ], [ 4.672094, 44.136877 ], [ 4.672196, 44.145299 ], [ 4.675504, 44.145421 ], [ 4.678346, 44.144334 ], [ 4.678387, 44.144328 ], [ 4.680156, 44.145822 ], [ 4.680406, 44.146195 ], [ 4.680396, 44.146296 ], [ 4.679292, 44.148243 ], [ 4.679008, 44.148322 ], [ 4.678116, 44.148566 ], [ 4.676209, 44.148951 ], [ 4.674424, 44.149308 ], [ 4.673979, 44.149372 ], [ 4.673565, 44.149387 ], [ 4.673403, 44.149381 ], [ 4.672803, 44.149277 ], [ 4.676163, 44.15072 ], [ 4.679821, 44.15151 ] ] ] ] } },
{ "type": "Feature", "properties": { "codgeo": "30028", "value": 600, "isochrone_group": 10.0, "nb_agences": 1 }, "geometry": { "type": "MultiPolygon", "coordinates": [ [ [ [ 4.596994, 44.144084 ], [ 4.597138, 44.144723 ], [ 4.593431, 44.152537 ], [ 4.590816, 44.151533 ], [ 4.585803, 44.14741 ], [ 4.582491, 44.145999 ], [ 4.580379, 44.143607 ], [ 4.576084, 44.140236 ], [ 4.575861, 44.13997 ], [ 4.573101, 44.142281 ], [ 4.573452, 44.143437 ], [ 4.574051, 44.145075 ], [ 4.574145, 44.145359 ], [ 4.574454, 44.1459 ], [ 4.575643, 44.149432 ], [ 4.576376, 44.153639 ], [ 4.57655, 44.154132 ], [ 4.576973, 44.15619 ], [ 4.576784, 44.157992 ], [ 4.569895, 44.162191 ], [ 4.566034, 44.161345 ], [ 4.563803, 44.160344 ], [ 4.56345, 44.160251 ], [ 4.559191, 44.16053 ], [ 4.558781, 44.160515 ], [ 4.556962, 44.160396 ], [ 4.554284, 44.160329 ], [ 4.553305, 44.160318 ], [ 4.553266, 44.163918 ], [ 4.554245, 44.163929 ], [ 4.556872, 44.163995 ], [ 4.56277, 44.170035 ], [ 4.562687, 44.173634 ], [ 4.564578, 44.17393 ], [ 4.565424, 44.174024 ], [ 4.565992, 44.173997 ], [ 4.566915, 44.173747 ], [ 4.5673, 44.173595 ], [ 4.571769, 44.172724 ], [ 4.576963, 44.170361 ], [ 4.575092, 44.170274 ], [ 4.5737, 44.170183 ], [ 4.573183, 44.170011 ], [ 4.570154, 44.169087 ], [ 4.569977, 44.169009 ], [ 4.566077, 44.166218 ], [ 4.566328, 44.164247 ], [ 4.566357, 44.16415 ], [ 4.566416, 44.163996 ], [ 4.567553, 44.162934 ], [ 4.568506, 44.163278 ], [ 4.570155, 44.163903 ], [ 4.570424, 44.163981 ], [ 4.570694, 44.164073 ], [ 4.571894, 44.164411 ], [ 4.576115, 44.164109 ], [ 4.579095, 44.157463 ], [ 4.578661, 44.156007 ], [ 4.578407, 44.15503 ], [ 4.578337, 44.15483 ], [ 4.577486, 44.147846 ], [ 4.577085, 44.146271 ], [ 4.577132, 44.146061 ], [ 4.579091, 44.145616 ], [ 4.580075, 44.145345 ], [ 4.580137, 44.145409 ], [ 4.580481, 44.145946 ], [ 4.584533, 44.149386 ], [ 4.587835, 44.152303 ], [ 4.594, 44.153802 ], [ 4.594935, 44.15354 ], [ 4.598306, 44.152241 ], [ 4.600697, 44.150892 ], [ 4.602591, 44.143478 ], [ 4.59759, 44.141898 ], [ 4.597563, 44.141891 ], [ 4.597445, 44.141742 ], [ 4.597187, 44.141263 ], [ 4.594109, 44.137172 ], [ 4.596982, 44.143309 ], [ 4.596994, 44.144084 ] ] ], [ [ [ 4.59398, 44.125912 ], [ 4.593025, 44.133703 ], [ 4.593157, 44.135437 ], [ 4.593475, 44.136485 ], [ 4.593226, 44.135397 ], [ 4.593352, 44.134806 ], [ 4.593429, 44.134609 ], [ 4.596277, 44.134298 ], [ 4.595916140896632, 44.13197140841249 ], [ 4.595558, 44.131248 ], [ 4.595572, 44.131218 ], [ 4.594278, 44.125236 ], [ 4.592556081529514, 44.125068896758549 ], [ 4.59398, 44.125912 ] ] ], [ [ [ 4.63341, 44.139678 ], [ 4.629303, 44.131805 ], [ 4.629143, 44.131672 ], [ 4.62757035844256, 44.130393739729129 ], [ 4.625322, 44.133188 ], [ 4.627968, 44.141234 ], [ 4.632635, 44.141731 ], [ 4.633476, 44.141617 ], [ 4.633912, 44.141549 ], [ 4.634368, 44.142437 ], [ 4.636099, 44.144719 ], [ 4.644175, 44.14432 ], [ 4.635981, 44.141053 ], [ 4.63341, 44.139678 ] ] ], [ [ [ 4.676339, 44.153142 ], [ 4.677177, 44.153762 ], [ 4.677611, 44.153778 ], [ 4.682277, 44.153433 ], [ 4.683481, 44.153393 ], [ 4.687066, 44.151469 ], [ 4.688017, 44.148486 ], [ 4.689014, 44.142537 ], [ 4.691774, 44.138311 ], [ 4.693827, 44.135354 ], [ 4.692789, 44.134634 ], [ 4.692104, 44.134135 ], [ 4.691107, 44.133288 ], [ 4.68906, 44.131995 ], [ 4.688562, 44.131708 ], [ 4.685251, 44.123379 ], [ 4.687082, 44.121802 ], [ 4.687319, 44.121516 ], [ 4.68734, 44.121491 ], [ 4.687586, 44.121193 ], [ 4.687724, 44.120997 ], [ 4.684781, 44.118924 ], [ 4.679349, 44.120357 ], [ 4.673429, 44.117852 ], [ 4.670072, 44.116552 ], [ 4.665859, 44.120921 ], [ 4.66439, 44.122304 ], [ 4.662534, 44.124787 ], [ 4.657183, 44.128217 ], [ 4.655806, 44.131979 ], [ 4.647891, 44.135104 ], [ 4.644326, 44.13541 ], [ 4.644338, 44.135656 ], [ 4.644551, 44.136448 ], [ 4.644972, 44.13714 ], [ 4.645428, 44.1379 ], [ 4.644175, 44.14432 ], [ 4.646134, 44.138686 ], [ 4.648536, 44.136004 ], [ 4.653387, 44.135827 ], [ 4.657635, 44.13204 ], [ 4.660208, 44.128092 ], [ 4.660727, 44.127645 ], [ 4.662243, 44.126445 ], [ 4.666729, 44.123457 ], [ 4.666759, 44.12346 ], [ 4.668365, 44.125495 ], [ 4.67616, 44.12478 ], [ 4.677623, 44.123486 ], [ 4.678628, 44.122261 ], [ 4.680174, 44.122147 ], [ 4.682169, 44.124041 ], [ 4.682143, 44.12424 ], [ 4.681745, 44.125904 ], [ 4.684827, 44.132894 ], [ 4.684952, 44.133149 ], [ 4.683638, 44.135824 ], [ 4.683892, 44.143441 ], [ 4.68444, 44.146999 ], [ 4.684182, 44.149493 ], [ 4.684087, 44.149875 ], [ 4.684041, 44.150033 ], [ 4.683771, 44.15074 ], [ 4.683729, 44.15078 ], [ 4.682872, 44.151241 ], [ 4.682138, 44.151509 ], [ 4.679821, 44.15151 ], [ 4.676163, 44.15072 ], [ 4.672803, 44.149277 ], [ 4.671074, 44.148719 ], [ 4.67468, 44.151768 ], [ 4.676339, 44.153142 ] ] ], [ [ [ 4.608299, 44.186081 ], [ 4.611966, 44.189101 ], [ 4.612445, 44.189282 ], [ 4.618644, 44.195653 ], [ 4.620496, 44.200552 ], [ 4.626969, 44.205217 ], [ 4.630053, 44.203359 ], [ 4.634176, 44.195403 ], [ 4.642952, 44.194253 ], [ 4.644872, 44.195434 ], [ 4.645918, 44.196404 ], [ 4.648366, 44.193764 ], [ 4.64732, 44.192794 ], [ 4.644617, 44.190775 ], [ 4.644179, 44.190388 ], [ 4.643811, 44.190165 ], [ 4.642287, 44.189548 ], [ 4.641004, 44.189069 ], [ 4.642193, 44.18028 ], [ 4.642368, 44.180168 ], [ 4.643187, 44.179626 ], [ 4.647682, 44.175417 ], [ 4.648641, 44.174809 ], [ 4.648816, 44.172 ], [ 4.655124, 44.166488 ], [ 4.657173, 44.166253 ], [ 4.658082, 44.165827 ], [ 4.65865, 44.164206 ], [ 4.659537, 44.158549 ], [ 4.662557, 44.151657 ], [ 4.662157, 44.151919 ], [ 4.661747, 44.152095 ], [ 4.656768, 44.159579 ], [ 4.655137, 44.164534 ], [ 4.653494, 44.166405 ], [ 4.646917, 44.170646 ], [ 4.645997, 44.174365 ], [ 4.641434, 44.178215 ], [ 4.641216, 44.178301 ], [ 4.63866, 44.179944 ], [ 4.638815, 44.188768 ], [ 4.640236, 44.188926 ], [ 4.639812, 44.192501 ], [ 4.632086, 44.193736 ], [ 4.627225, 44.198399 ], [ 4.62548, 44.20025 ], [ 4.625192, 44.200345 ], [ 4.623987, 44.200281 ], [ 4.623478, 44.199431 ], [ 4.622787, 44.197899 ], [ 4.622329, 44.197 ], [ 4.621126, 44.194385 ], [ 4.614806, 44.18913 ], [ 4.612643, 44.187004 ], [ 4.608268, 44.184097 ], [ 4.603823, 44.183399 ], [ 4.603409, 44.183416 ], [ 4.602471, 44.183408 ], [ 4.600758, 44.183306 ], [ 4.595469, 44.183733 ], [ 4.60338, 44.185244 ], [ 4.608299, 44.186081 ] ] ], [ [ [ 4.579714, 44.182454 ], [ 4.582254, 44.184971 ], [ 4.585353, 44.1847 ], [ 4.592498, 44.184154 ], [ 4.59093, 44.18405 ], [ 4.588761, 44.183883 ], [ 4.589037, 44.180294 ], [ 4.589344, 44.171881 ], [ 4.583337, 44.172297 ], [ 4.581645, 44.171612 ], [ 4.578832112339705, 44.170860414681108 ], [ 4.579971, 44.178864 ], [ 4.579714, 44.182454 ] ] ] ] } },
{ "type": "Feature", "properties": { "codgeo": "30028", "value": 660, "isochrone_group": 11.0, "nb_agences": 1 }, "geometry": { "type": "MultiPolygon", "coordinates": [ [ [ [ 4.551486, 44.160058 ], [ 4.549345, 44.159642 ], [ 4.547365, 44.159226 ], [ 4.545501, 44.15878 ], [ 4.541826, 44.157523 ], [ 4.541514, 44.157465 ], [ 4.540723, 44.157666 ], [ 4.540663, 44.157698 ], [ 4.540857, 44.161005 ], [ 4.542682, 44.161637 ], [ 4.544266, 44.162162 ], [ 4.547299, 44.163837 ], [ 4.551421, 44.170322 ], [ 4.553083, 44.172625 ], [ 4.553617, 44.172842 ], [ 4.554272, 44.173062 ], [ 4.559566, 44.174481 ], [ 4.561921, 44.173683 ], [ 4.567094, 44.180941 ], [ 4.568799, 44.184112 ], [ 4.572678, 44.186421 ], [ 4.574115, 44.186953 ], [ 4.577175, 44.186963 ], [ 4.57974, 44.186792 ], [ 4.588069, 44.185638 ], [ 4.589105, 44.185897 ], [ 4.589216, 44.185879 ], [ 4.590148, 44.185431 ], [ 4.595469, 44.183733 ], [ 4.592498, 44.184154 ], [ 4.585353, 44.1847 ], [ 4.582254, 44.184971 ], [ 4.579714, 44.182454 ], [ 4.579971, 44.178864 ], [ 4.578773, 44.170445 ], [ 4.576963, 44.170361 ], [ 4.571769, 44.172724 ], [ 4.5673, 44.173595 ], [ 4.566915, 44.173747 ], [ 4.565992, 44.173997 ], [ 4.565424, 44.174024 ], [ 4.564578, 44.17393 ], [ 4.562687, 44.173634 ], [ 4.56277, 44.170035 ], [ 4.556872, 44.163995 ], [ 4.554245, 44.163929 ], [ 4.553266, 44.163918 ], [ 4.553305, 44.160318 ], [ 4.554284, 44.160329 ], [ 4.556962, 44.160396 ], [ 4.558781, 44.160515 ], [ 4.559191, 44.16053 ], [ 4.562112358732653, 44.160338626652631 ], [ 4.559317, 44.159049 ], [ 4.558794, 44.158659 ], [ 4.551486, 44.160058 ] ] ], [ [ [ 4.586031, 44.144892 ], [ 4.58582, 44.14411 ], [ 4.581175, 44.142244 ], [ 4.578279, 44.141014 ], [ 4.574624, 44.135724 ], [ 4.574384, 44.135141 ], [ 4.573315, 44.133257 ], [ 4.572664, 44.133338 ], [ 4.572333, 44.133407 ], [ 4.571883, 44.133581 ], [ 4.571349, 44.133976 ], [ 4.57092, 44.134641 ], [ 4.57079, 44.135499 ], [ 4.570542, 44.139741 ], [ 4.571023, 44.140909 ], [ 4.572023, 44.147643 ], [ 4.572013, 44.148216 ], [ 4.572633, 44.148926 ], [ 4.575071, 44.153827 ], [ 4.571553, 44.160484 ], [ 4.568063, 44.161365 ], [ 4.566299412814681, 44.161403155721622 ], [ 4.569895, 44.162191 ], [ 4.576784, 44.157992 ], [ 4.576973, 44.15619 ], [ 4.57655, 44.154132 ], [ 4.576376, 44.153639 ], [ 4.575643, 44.149432 ], [ 4.574454, 44.1459 ], [ 4.574145, 44.145359 ], [ 4.574051, 44.145075 ], [ 4.573452, 44.143437 ], [ 4.573101, 44.142281 ], [ 4.575861, 44.13997 ], [ 4.576084, 44.140236 ], [ 4.580379, 44.143607 ], [ 4.582491, 44.145999 ], [ 4.585803, 44.14741 ], [ 4.590816, 44.151533 ], [ 4.593431, 44.152537 ], [ 4.594907274882243, 44.14942515432157 ], [ 4.58997, 44.150213 ], [ 4.586105, 44.145297 ], [ 4.586031, 44.144892 ] ] ], [ [ [ 4.593157, 44.135437 ], [ 4.593025, 44.133703 ], [ 4.59398, 44.125912 ], [ 4.593378090764765, 44.125555609070446 ], [ 4.589394605267541, 44.125505271309748 ], [ 4.591595, 44.132363 ], [ 4.593157, 44.135437 ] ] ], [ [ [ 4.63341, 44.139678 ], [ 4.634291417363007, 44.140149392016404 ], [ 4.633218, 44.139298 ], [ 4.633198378240644, 44.139272327219039 ], [ 4.63341, 44.139678 ] ] ], [ [ [ 4.644355194730307, 44.143396735699483 ], [ 4.642246737165233, 44.143551189323752 ], [ 4.644175, 44.14432 ], [ 4.644355194730307, 44.143396735699483 ] ] ], [ [ [ 4.653495, 44.129211 ], [ 4.646426, 44.132502 ], [ 4.644785, 44.131828 ], [ 4.6442, 44.131899 ], [ 4.643731, 44.134906 ], [ 4.644551, 44.136448 ], [ 4.644338, 44.135656 ], [ 4.644326, 44.13541 ], [ 4.647891, 44.135104 ], [ 4.655806, 44.131979 ], [ 4.657183, 44.128217 ], [ 4.662534, 44.124787 ], [ 4.66439, 44.122304 ], [ 4.665651621476071, 44.121116237915999 ], [ 4.660572, 44.123313 ], [ 4.656302, 44.126957 ], [ 4.653495, 44.129211 ] ] ], [ [ [ 4.672809, 44.154357 ], [ 4.675191, 44.155346 ], [ 4.676546, 44.155708 ], [ 4.682618, 44.155977 ], [ 4.68291, 44.155978 ], [ 4.687592, 44.153444 ], [ 4.692967, 44.152712 ], [ 4.693534, 44.152718 ], [ 4.694768, 44.152717 ], [ 4.695328, 44.150803 ], [ 4.695164, 44.150058 ], [ 4.695036, 44.149778 ], [ 4.694765, 44.149117 ], [ 4.694759, 44.140337 ], [ 4.699911, 44.137437 ], [ 4.700532, 44.137229 ], [ 4.701133, 44.136569 ], [ 4.69964, 44.133741 ], [ 4.693531, 44.129699 ], [ 4.692441, 44.124155 ], [ 4.693163, 44.120628 ], [ 4.692644, 44.112706 ], [ 4.691376, 44.11112 ], [ 4.69094, 44.111002 ], [ 4.690247, 44.111039 ], [ 4.689281, 44.111424 ], [ 4.687296, 44.113615 ], [ 4.684206, 44.116746 ], [ 4.683401, 44.117164 ], [ 4.675175, 44.114555 ], [ 4.674576, 44.112948 ], [ 4.672266539564637, 44.111681577127342 ], [ 4.672005, 44.113073 ], [ 4.673184, 44.113857 ], [ 4.673444, 44.11442 ], [ 4.673675, 44.115265 ], [ 4.673705, 44.115451 ], [ 4.672417, 44.116649 ], [ 4.671921, 44.116707 ], [ 4.670153, 44.116033 ], [ 4.666036388002332, 44.113681024031848 ], [ 4.666247618873617, 44.12051799125117 ], [ 4.670072, 44.116552 ], [ 4.673429, 44.117852 ], [ 4.679349, 44.120357 ], [ 4.684781, 44.118924 ], [ 4.687724, 44.120997 ], [ 4.687586, 44.121193 ], [ 4.68734, 44.121491 ], [ 4.687319, 44.121516 ], [ 4.687082, 44.121802 ], [ 4.685251, 44.123379 ], [ 4.688562, 44.131708 ], [ 4.68906, 44.131995 ], [ 4.691107, 44.133288 ], [ 4.692104, 44.134135 ], [ 4.692789, 44.134634 ], [ 4.693827, 44.135354 ], [ 4.691774, 44.138311 ], [ 4.689014, 44.142537 ], [ 4.688017, 44.148486 ], [ 4.687066, 44.151469 ], [ 4.683481, 44.153393 ], [ 4.682277, 44.153433 ], [ 4.677611, 44.153778 ], [ 4.677177, 44.153762 ], [ 4.676339, 44.153142 ], [ 4.67468, 44.151768 ], [ 4.671074, 44.148719 ], [ 4.66415, 44.14987 ], [ 4.662557, 44.151657 ], [ 4.671314, 44.151083 ], [ 4.672454, 44.153428 ], [ 4.672809, 44.154357 ] ] ], [ [ [ 4.661989, 44.158113 ], [ 4.661664, 44.156633 ], [ 4.661583, 44.154913 ], [ 4.662557, 44.151657 ], [ 4.659537, 44.158549 ], [ 4.65865, 44.164206 ], [ 4.658513703688138, 44.164594972397047 ], [ 4.659445, 44.16378 ], [ 4.660422, 44.161241 ], [ 4.661989, 44.158113 ] ] ], [ [ [ 4.645055, 44.180746 ], [ 4.650863, 44.174514 ], [ 4.652125, 44.171104 ], [ 4.656580319415967, 44.166320974591144 ], [ 4.655124, 44.166488 ], [ 4.648816, 44.172 ], [ 4.648641, 44.174809 ], [ 4.647682, 44.175417 ], [ 4.643187, 44.179626 ], [ 4.642368, 44.180168 ], [ 4.642193, 44.18028 ], [ 4.641770187488492, 44.183405398791948 ], [ 4.644051, 44.181011 ], [ 4.644605, 44.180903 ], [ 4.645055, 44.180746 ] ] ], [ [ [ 4.642287, 44.189548 ], [ 4.643811, 44.190165 ], [ 4.641400139869392, 44.186140763404467 ], [ 4.641004, 44.189069 ], [ 4.642287, 44.189548 ] ] ], [ [ [ 4.64723, 44.198823 ], [ 4.654228, 44.198429 ], [ 4.65528, 44.195855 ], [ 4.655237, 44.195765 ], [ 4.654693, 44.194859 ], [ 4.654231, 44.194799 ], [ 4.648559, 44.192217 ], [ 4.64762, 44.191897 ], [ 4.644179, 44.190388 ], [ 4.644617, 44.190775 ], [ 4.64732, 44.192794 ], [ 4.648366, 44.193764 ], [ 4.645918, 44.196404 ], [ 4.644872, 44.195434 ], [ 4.642952, 44.194253 ], [ 4.645358, 44.197749 ], [ 4.646664, 44.198856 ], [ 4.64723, 44.198823 ] ] ], [ [ [ 4.619088, 44.200832 ], [ 4.619796, 44.201911 ], [ 4.620923, 44.203538 ], [ 4.626703, 44.207187 ], [ 4.629129, 44.211402 ], [ 4.629691, 44.213148 ], [ 4.629691253731138, 44.213147918335146 ], [ 4.62912, 44.211372 ], [ 4.626704, 44.207184 ], [ 4.626168471608545, 44.204640070454779 ], [ 4.620496, 44.200552 ], [ 4.618644, 44.195653 ], [ 4.615510775339877, 44.192432839601615 ], [ 4.616351, 44.195 ], [ 4.616802, 44.196987 ], [ 4.619088, 44.200832 ] ] ], [ [ [ 4.631723, 44.201312 ], [ 4.631734, 44.201268 ], [ 4.635242, 44.196218 ], [ 4.642952, 44.194253 ], [ 4.634176, 44.195403 ], [ 4.630053, 44.203359 ], [ 4.630037167716478, 44.203368538386137 ], [ 4.630563, 44.204207 ], [ 4.630958, 44.205072 ], [ 4.631294751194874, 44.205493037076472 ], [ 4.631723, 44.201312 ] ] ], [ [ [ 4.612309781442725, 44.189230904887538 ], [ 4.612605983055417, 44.189447449757381 ], [ 4.612445, 44.189282 ], [ 4.612309781442725, 44.189230904887538 ] ] ], [ [ [ 4.605436, 44.187797 ], [ 4.6088, 44.186665 ], [ 4.61065314798474, 44.188019785632363 ], [ 4.608299, 44.186081 ], [ 4.60338, 44.185244 ], [ 4.595469, 44.183733 ], [ 4.602021, 44.186623 ], [ 4.602231, 44.186806 ], [ 4.605436, 44.187797 ] ] ] ] } },
{ "type": "Feature", "properties": { "codgeo": "30028", "value": 720, "isochrone_group": 12.0, "nb_agences": 1 }, "geometry": { "type": "MultiPolygon", "coordinates": [ [ [ [ 4.554379, 44.158307 ], [ 4.547605, 44.157027 ], [ 4.540035, 44.156677 ], [ 4.53611, 44.156128 ], [ 4.529566, 44.155748 ], [ 4.529116, 44.156045 ], [ 4.528397, 44.159153 ], [ 4.535764, 44.163168 ], [ 4.537042, 44.162747 ], [ 4.53988, 44.162253 ], [ 4.545095, 44.169366 ], [ 4.545878, 44.17288 ], [ 4.551153, 44.17434 ], [ 4.55552, 44.175756 ], [ 4.555895, 44.17571 ], [ 4.556545, 44.175643 ], [ 4.557149, 44.175507 ], [ 4.5583, 44.175157 ], [ 4.562508, 44.183015 ], [ 4.557911, 44.186838 ], [ 4.558827, 44.190319 ], [ 4.560168, 44.189966 ], [ 4.560912, 44.189727 ], [ 4.561845, 44.189335 ], [ 4.567259, 44.187799 ], [ 4.572401, 44.188103 ], [ 4.573449, 44.188218 ], [ 4.582287, 44.188819 ], [ 4.584970923792129, 44.186067244800569 ], [ 4.57974, 44.186792 ], [ 4.577175, 44.186963 ], [ 4.574115, 44.186953 ], [ 4.572678, 44.186421 ], [ 4.568799, 44.184112 ], [ 4.567094, 44.180941 ], [ 4.561921, 44.173683 ], [ 4.559566, 44.174481 ], [ 4.554272, 44.173062 ], [ 4.553617, 44.172842 ], [ 4.553083, 44.172625 ], [ 4.551421, 44.170322 ], [ 4.547299, 44.163837 ], [ 4.544266, 44.162162 ], [ 4.542682, 44.161637 ], [ 4.540857, 44.161005 ], [ 4.540663, 44.157698 ], [ 4.540723, 44.157666 ], [ 4.541514, 44.157465 ], [ 4.541826, 44.157523 ], [ 4.545501, 44.15878 ], [ 4.547365, 44.159226 ], [ 4.549345, 44.159642 ], [ 4.551486, 44.160058 ], [ 4.558794, 44.158659 ], [ 4.559317, 44.159049 ], [ 4.55875, 44.158462 ], [ 4.557672, 44.156853 ], [ 4.554379, 44.158307 ] ] ], [ [ [ 4.571249, 44.158528 ], [ 4.57005, 44.159092 ], [ 4.567775, 44.159307 ], [ 4.559317, 44.159049 ], [ 4.564504, 44.161442 ], [ 4.568063, 44.161365 ], [ 4.571553, 44.160484 ], [ 4.575071, 44.153827 ], [ 4.572633, 44.148926 ], [ 4.572013, 44.148216 ], [ 4.572023, 44.147643 ], [ 4.571023, 44.140909 ], [ 4.570542, 44.139741 ], [ 4.569808, 44.146431 ], [ 4.571147, 44.149773 ], [ 4.571249, 44.158528 ] ] ], [ [ [ 4.581079, 44.13936 ], [ 4.576102, 44.133713 ], [ 4.575945, 44.133072 ], [ 4.575593, 44.13271 ], [ 4.575489, 44.132689 ], [ 4.575022, 44.132644 ], [ 4.573403, 44.132187 ], [ 4.571763, 44.131416 ], [ 4.57124, 44.131195 ], [ 4.570831, 44.131126 ], [ 4.57031, 44.131137 ], [ 4.570018, 44.131196 ], [ 4.568087, 44.131741 ], [ 4.567925, 44.131782 ], [ 4.565893, 44.1321 ], [ 4.565793, 44.132127 ], [ 4.564789, 44.13469 ], [ 4.564794, 44.134699 ], [ 4.566753, 44.135597 ], [ 4.570542, 44.139741 ], [ 4.57079, 44.135499 ], [ 4.57092, 44.134641 ], [ 4.571349, 44.133976 ], [ 4.571883, 44.133581 ], [ 4.572333, 44.133407 ], [ 4.572664, 44.133338 ], [ 4.573315, 44.133257 ], [ 4.574384, 44.135141 ], [ 4.574624, 44.135724 ], [ 4.578279, 44.141014 ], [ 4.581175, 44.142244 ], [ 4.58582, 44.14411 ], [ 4.586031, 44.144892 ], [ 4.586105, 44.145297 ], [ 4.58997, 44.150213 ], [ 4.59603, 44.149246 ], [ 4.596902, 44.148606 ], [ 4.598594238383326, 44.143138280560777 ], [ 4.597597, 44.142475 ], [ 4.594109, 44.137172 ], [ 4.593475, 44.136485 ], [ 4.586746, 44.142264 ], [ 4.584353, 44.141686 ], [ 4.581079, 44.13936 ] ] ], [ [ [ 4.590178, 44.129664 ], [ 4.590391, 44.130452 ], [ 4.590758, 44.131343 ], [ 4.591283, 44.132078 ], [ 4.593157, 44.135437 ], [ 4.591595, 44.132363 ], [ 4.589383587149852, 44.125470932351959 ], [ 4.589294, 44.125504 ], [ 4.590079, 44.128833 ], [ 4.590178, 44.129664 ] ] ], [ [ [ 4.635975, 44.118625 ], [ 4.63536, 44.118892 ], [ 4.631846, 44.121304 ], [ 4.630017, 44.122585 ], [ 4.629957, 44.12263 ], [ 4.629633, 44.122862 ], [ 4.629722910072489, 44.126638647148589 ], [ 4.631527, 44.123566 ], [ 4.631555, 44.123526 ], [ 4.635975, 44.118625 ] ] ], [ [ [ 4.654502, 44.124863 ], [ 4.652194, 44.127626 ], [ 4.64425, 44.13142 ], [ 4.642561, 44.131889 ], [ 4.64223, 44.132266 ], [ 4.641966, 44.132709 ], [ 4.641707, 44.133348 ], [ 4.641567, 44.133765 ], [ 4.634135, 44.13772 ], [ 4.631561, 44.135559 ], [ 4.629958083078586, 44.133491054026379 ], [ 4.629371990618385, 44.134305623208341 ], [ 4.630835, 44.137444 ], [ 4.632397, 44.138454 ], [ 4.632884, 44.138861 ], [ 4.633218, 44.139298 ], [ 4.635645, 44.141223 ], [ 4.638154, 44.143851 ], [ 4.645157, 44.143338 ], [ 4.645428, 44.1379 ], [ 4.644972, 44.13714 ], [ 4.644551, 44.136448 ], [ 4.643731, 44.134906 ], [ 4.6442, 44.131899 ], [ 4.644785, 44.131828 ], [ 4.646426, 44.132502 ], [ 4.653495, 44.129211 ], [ 4.656302, 44.126957 ], [ 4.658354073053188, 44.125205769506827 ], [ 4.655023, 44.125348 ], [ 4.654716, 44.125042 ], [ 4.654502, 44.124863 ] ] ], [ [ [ 4.687318, 44.156607 ], [ 4.696004, 44.154387 ], [ 4.699917, 44.152391 ], [ 4.705981, 44.149882 ], [ 4.705345, 44.146338 ], [ 4.703716, 44.146631 ], [ 4.703017, 44.146802 ], [ 4.697004, 44.142354 ], [ 4.702655, 44.137225 ], [ 4.704758, 44.137145 ], [ 4.705606, 44.137235 ], [ 4.706101, 44.137137 ], [ 4.707844, 44.136509 ], [ 4.710325, 44.13634 ], [ 4.710805, 44.13548 ], [ 4.710872, 44.134562 ], [ 4.710762, 44.134392 ], [ 4.706079, 44.133537 ], [ 4.702645, 44.128825 ], [ 4.701434, 44.124756 ], [ 4.701053, 44.123568 ], [ 4.700837, 44.123385 ], [ 4.697789, 44.12026 ], [ 4.696333, 44.112732 ], [ 4.696376, 44.112107 ], [ 4.696748, 44.105542 ], [ 4.695785, 44.103034 ], [ 4.695756, 44.103023 ], [ 4.694004, 44.103211 ], [ 4.693729, 44.103534 ], [ 4.691352, 44.106184 ], [ 4.689937, 44.107868 ], [ 4.687971, 44.109779 ], [ 4.687418, 44.110544 ], [ 4.687068, 44.111008 ], [ 4.685137, 44.113032 ], [ 4.677433, 44.115127 ], [ 4.675462413901518, 44.112826844020546 ], [ 4.675394, 44.112959 ], [ 4.675445, 44.114587 ], [ 4.675439955032104, 44.114639034485634 ], [ 4.683401, 44.117164 ], [ 4.684206, 44.116746 ], [ 4.687296, 44.113615 ], [ 4.689281, 44.111424 ], [ 4.690247, 44.111039 ], [ 4.69094, 44.111002 ], [ 4.691376, 44.11112 ], [ 4.692644, 44.112706 ], [ 4.693163, 44.120628 ], [ 4.692441, 44.124155 ], [ 4.693531, 44.129699 ], [ 4.69964, 44.133741 ], [ 4.701133, 44.136569 ], [ 4.700532, 44.137229 ], [ 4.699911, 44.137437 ], [ 4.694759, 44.140337 ], [ 4.694765, 44.149117 ], [ 4.695036, 44.149778 ], [ 4.695164, 44.150058 ], [ 4.695328, 44.150803 ], [ 4.694768, 44.152717 ], [ 4.693534, 44.152718 ], [ 4.692967, 44.152712 ], [ 4.687592, 44.153444 ], [ 4.68443350924943, 44.155153443733852 ], [ 4.686928, 44.156759 ], [ 4.687006, 44.156731 ], [ 4.687318, 44.156607 ] ] ], [ [ [ 4.663433, 44.119326 ], [ 4.663035482079348, 44.122247628485212 ], [ 4.66568408746553, 44.121102197488959 ], [ 4.663954, 44.115652 ], [ 4.663386364125458, 44.115259439304133 ], [ 4.663831, 44.116599 ], [ 4.663433, 44.119326 ] ] ], [ [ [ 4.673637, 44.157099 ], [ 4.674117, 44.15749 ], [ 4.677248, 44.157176 ], [ 4.679755462578857, 44.155850184689349 ], [ 4.676546, 44.155708 ], [ 4.675191, 44.155346 ], [ 4.672809, 44.154357 ], [ 4.672454, 44.153428 ], [ 4.671314, 44.151083 ], [ 4.662557, 44.151657 ], [ 4.669928, 44.152889 ], [ 4.671289, 44.155263 ], [ 4.673637, 44.157099 ] ] ], [ [ [ 4.661664, 44.156633 ], [ 4.661802344513055, 44.157262999628664 ], [ 4.662065303157124, 44.153300701150322 ], [ 4.661583, 44.154913 ], [ 4.661664, 44.156633 ] ] ], [ [ [ 4.662317, 44.163299 ], [ 4.662574, 44.162853 ], [ 4.662162, 44.161231 ], [ 4.661914, 44.161023 ], [ 4.66157, 44.160764 ], [ 4.66170881641801, 44.158672294348726 ], [ 4.660422, 44.161241 ], [ 4.659445, 44.16378 ], [ 4.658124, 44.164936 ], [ 4.661542, 44.164042 ], [ 4.661757, 44.163899 ], [ 4.662317, 44.163299 ] ] ], [ [ [ 4.647193, 44.180605 ], [ 4.647472, 44.180555 ], [ 4.652692, 44.175867 ], [ 4.654631, 44.174399 ], [ 4.655742, 44.173036 ], [ 4.655826, 44.172586 ], [ 4.658124, 44.164936 ], [ 4.657536, 44.165295 ], [ 4.652125, 44.171104 ], [ 4.650863, 44.174514 ], [ 4.645055, 44.180746 ], [ 4.644605, 44.180903 ], [ 4.645975, 44.180717 ], [ 4.64638, 44.180653 ], [ 4.647193, 44.180605 ] ] ], [ [ [ 4.642583042992894, 44.188115279461258 ], [ 4.644051, 44.181011 ], [ 4.640537, 44.1847 ], [ 4.642583042992894, 44.188115279461258 ] ] ], [ [ [ 4.640167, 44.198621 ], [ 4.64563, 44.201708 ], [ 4.645995, 44.202009 ], [ 4.646141, 44.20201 ], [ 4.649141, 44.201258 ], [ 4.657093, 44.202163 ], [ 4.660112, 44.200203 ], [ 4.659483, 44.195691 ], [ 4.659411, 44.195569 ], [ 4.65736, 44.194738 ], [ 4.655453, 44.193957 ], [ 4.648684, 44.18995 ], [ 4.648143, 44.189852 ], [ 4.646445, 44.190299 ], [ 4.643811, 44.190165 ], [ 4.644179, 44.190388 ], [ 4.64762, 44.191897 ], [ 4.648559, 44.192217 ], [ 4.654231, 44.194799 ], [ 4.654693, 44.194859 ], [ 4.655237, 44.195765 ], [ 4.65528, 44.195855 ], [ 4.654228, 44.198429 ], [ 4.64723, 44.198823 ], [ 4.646664, 44.198856 ], [ 4.645358, 44.197749 ], [ 4.642952, 44.194253 ], [ 4.635242, 44.196218 ], [ 4.631734, 44.201268 ], [ 4.631723, 44.201312 ], [ 4.631290780804814, 44.205531800402483 ], [ 4.632588324421381, 44.207324605361443 ], [ 4.632615, 44.20487 ], [ 4.634633, 44.201889 ], [ 4.640167, 44.198621 ] ] ], [ [ [ 4.609171, 44.189031 ], [ 4.613898, 44.195122 ], [ 4.616345, 44.20073 ], [ 4.618839, 44.203934 ], [ 4.621879, 44.205862 ], [ 4.624451, 44.207964 ], [ 4.62687, 44.209807 ], [ 4.630532, 44.216283 ], [ 4.630852471028233, 44.217723871038629 ], [ 4.631461, 44.216558 ], [ 4.629699, 44.213172 ], [ 4.62687, 44.209805 ], [ 4.626671, 44.20878 ], [ 4.624769432829027, 44.205966310275628 ], [ 4.620923, 44.203538 ], [ 4.619796, 44.201911 ], [ 4.619088, 44.200832 ], [ 4.616802, 44.196987 ], [ 4.616351, 44.195 ], [ 4.61514, 44.1913 ], [ 4.6088, 44.186665 ], [ 4.605436, 44.187797 ], [ 4.602231, 44.186806 ], [ 4.602021, 44.186623 ], [ 4.595469, 44.183733 ], [ 4.601072, 44.18738 ], [ 4.605674, 44.189886 ], [ 4.609171, 44.189031 ] ] ] ] } },
{ "type": "Feature", "properties": { "codgeo": "30028", "value": 780, "isochrone_group": 13.0, "nb_agences": 1 }, "geometry": { "type": "MultiPolygon", "coordinates": [ [ [ [ 4.539374, 44.154044 ], [ 4.535003, 44.153538 ], [ 4.526813, 44.154634 ], [ 4.525001, 44.153862 ], [ 4.524284, 44.153576 ], [ 4.523626, 44.153351 ], [ 4.521267, 44.152579 ], [ 4.519968, 44.152084 ], [ 4.519321, 44.151877 ], [ 4.51902, 44.151807 ], [ 4.518564, 44.151728 ], [ 4.517949, 44.155275 ], [ 4.524033, 44.160254 ], [ 4.524228, 44.160415 ], [ 4.525769, 44.160368 ], [ 4.532, 44.162502 ], [ 4.53594, 44.170158 ], [ 4.535685, 44.170929 ], [ 4.53563, 44.171375 ], [ 4.537622, 44.172693 ], [ 4.537899, 44.172862 ], [ 4.538514, 44.173004 ], [ 4.539022, 44.173038 ], [ 4.542773, 44.173923 ], [ 4.545303, 44.175073 ], [ 4.548992, 44.175703 ], [ 4.549271, 44.175706 ], [ 4.551564, 44.175804 ], [ 4.557664, 44.178419 ], [ 4.559373, 44.182924 ], [ 4.556195, 44.187438 ], [ 4.554515, 44.18855 ], [ 4.552906, 44.189767 ], [ 4.55201, 44.190204 ], [ 4.549582, 44.191062 ], [ 4.550781, 44.194456 ], [ 4.553209, 44.193598 ], [ 4.553674, 44.193413 ], [ 4.554338, 44.193092 ], [ 4.554708, 44.192883 ], [ 4.563046, 44.190018 ], [ 4.571848, 44.189914 ], [ 4.575232, 44.190372 ], [ 4.576475, 44.190091 ], [ 4.584848, 44.18984 ], [ 4.585369, 44.189901 ], [ 4.586478, 44.189897 ], [ 4.592498, 44.184154 ], [ 4.59093, 44.18405 ], [ 4.586679, 44.184316 ], [ 4.582287, 44.188819 ], [ 4.573449, 44.188218 ], [ 4.572401, 44.188103 ], [ 4.567259, 44.187799 ], [ 4.561845, 44.189335 ], [ 4.560912, 44.189727 ], [ 4.560168, 44.189966 ], [ 4.558827, 44.190319 ], [ 4.557911, 44.186838 ], [ 4.562508, 44.183015 ], [ 4.5583, 44.175157 ], [ 4.557149, 44.175507 ], [ 4.556545, 44.175643 ], [ 4.555895, 44.17571 ], [ 4.55552, 44.175756 ], [ 4.551153, 44.17434 ], [ 4.545878, 44.17288 ], [ 4.545095, 44.169366 ], [ 4.53988, 44.162253 ], [ 4.537042, 44.162747 ], [ 4.535764, 44.163168 ], [ 4.528397, 44.159153 ], [ 4.529116, 44.156045 ], [ 4.529566, 44.155748 ], [ 4.53611, 44.156128 ], [ 4.540035, 44.156677 ], [ 4.543569574506855, 44.15684042154259 ], [ 4.539986, 44.154588 ], [ 4.539903, 44.154518 ], [ 4.539374, 44.154044 ] ] ], [ [ [ 4.567532, 44.157485 ], [ 4.562944701486043, 44.159159658191463 ], [ 4.567775, 44.159307 ], [ 4.57005, 44.159092 ], [ 4.571249, 44.158528 ], [ 4.571147, 44.149773 ], [ 4.569951671743696, 44.146789589221399 ], [ 4.56988, 44.147183 ], [ 4.569157, 44.149407 ], [ 4.567532, 44.157485 ] ] ], [ [ [ 4.561877, 44.129324 ], [ 4.561443, 44.129212 ], [ 4.561083, 44.129175 ], [ 4.560736, 44.129174 ], [ 4.560333, 44.129191 ], [ 4.560073, 44.129398 ], [ 4.559732, 44.129968 ], [ 4.560485, 44.132787 ], [ 4.560971, 44.134573 ], [ 4.561483, 44.135266 ], [ 4.561968, 44.13577 ], [ 4.562324, 44.136043 ], [ 4.562826, 44.136281 ], [ 4.563743, 44.136382 ], [ 4.565849, 44.137007 ], [ 4.567424, 44.137759 ], [ 4.570467222057332, 44.140422559177715 ], [ 4.570542, 44.139741 ], [ 4.566753, 44.135597 ], [ 4.564794, 44.134699 ], [ 4.564789, 44.13469 ], [ 4.565793, 44.132127 ], [ 4.565893, 44.1321 ], [ 4.567925, 44.131782 ], [ 4.568087, 44.131741 ], [ 4.570018, 44.131196 ], [ 4.563144, 44.12998 ], [ 4.562823, 44.129775 ], [ 4.561877, 44.129324 ] ] ], [ [ [ 4.57060240986446, 44.116409891567478 ], [ 4.570602, 44.116082 ], [ 4.570082534764405, 44.115783863681067 ], [ 4.570596, 44.116402 ], [ 4.57060240986446, 44.116409891567478 ] ] ], [ [ [ 4.573403, 44.132187 ], [ 4.575022, 44.132644 ], [ 4.575489, 44.132689 ], [ 4.575593, 44.13271 ], [ 4.575945, 44.133072 ], [ 4.576102, 44.133713 ], [ 4.581079, 44.13936 ], [ 4.584353, 44.141686 ], [ 4.586746, 44.142264 ], [ 4.593475, 44.136485 ], [ 4.593157, 44.135437 ], [ 4.591283, 44.132078 ], [ 4.590758, 44.131343 ], [ 4.590521448753472, 44.130768702559529 ], [ 4.587268, 44.127111 ], [ 4.581278, 44.130343 ], [ 4.580815, 44.130818 ], [ 4.57929, 44.131186 ], [ 4.575558, 44.131803 ], [ 4.573756943293487, 44.129053230825747 ], [ 4.571763, 44.131416 ], [ 4.573403, 44.132187 ] ] ], [ [ [ 4.631527, 44.123566 ], [ 4.62958129259255, 44.126879843853523 ], [ 4.629845, 44.131767 ], [ 4.63181, 44.133197 ], [ 4.632559, 44.133893 ], [ 4.632766, 44.134235 ], [ 4.631442488739665, 44.135406106933381 ], [ 4.631561, 44.135559 ], [ 4.634135, 44.13772 ], [ 4.641567, 44.133765 ], [ 4.641707, 44.133348 ], [ 4.641966, 44.132709 ], [ 4.64223, 44.132266 ], [ 4.642561, 44.131889 ], [ 4.64425, 44.13142 ], [ 4.652194, 44.127626 ], [ 4.654502, 44.124863 ], [ 4.654716, 44.125042 ], [ 4.655023, 44.125348 ], [ 4.662658, 44.125022 ], [ 4.663433, 44.119326 ], [ 4.66347033091674, 44.119070217562943 ], [ 4.659537, 44.114723 ], [ 4.659137, 44.114558 ], [ 4.657828, 44.114065 ], [ 4.652909, 44.113788 ], [ 4.648753, 44.111135 ], [ 4.642863, 44.113818 ], [ 4.641308, 44.116251 ], [ 4.640393, 44.116791 ], [ 4.640084, 44.116876 ], [ 4.639373, 44.117056 ], [ 4.635975, 44.118625 ], [ 4.631555, 44.123526 ], [ 4.631527, 44.123566 ] ] ], [ [ [ 4.701904, 44.152694 ], [ 4.702366, 44.152637 ], [ 4.702861, 44.152544 ], [ 4.710525, 44.151272 ], [ 4.714011, 44.150374 ], [ 4.713698, 44.149159 ], [ 4.713568, 44.148765 ], [ 4.713236, 44.142496 ], [ 4.714262, 44.139564 ], [ 4.714074, 44.138984 ], [ 4.713765, 44.138467 ], [ 4.710475, 44.130375 ], [ 4.710518, 44.127751 ], [ 4.710553, 44.12527 ], [ 4.710588, 44.122789 ], [ 4.706988, 44.122739 ], [ 4.699709, 44.118556 ], [ 4.701414, 44.109911 ], [ 4.700989, 44.102311 ], [ 4.702104, 44.09927 ], [ 4.702101718099523, 44.099260468491337 ], [ 4.699537, 44.102258 ], [ 4.699418, 44.102375 ], [ 4.698862, 44.102761 ], [ 4.697761, 44.103048 ], [ 4.697593, 44.102993 ], [ 4.696356, 44.101178 ], [ 4.694077209321638, 44.100831030846884 ], [ 4.693525, 44.101584 ], [ 4.687869, 44.10425 ], [ 4.687452, 44.107894 ], [ 4.687068, 44.111008 ], [ 4.687418, 44.110544 ], [ 4.687971, 44.109779 ], [ 4.689937, 44.107868 ], [ 4.691352, 44.106184 ], [ 4.693729, 44.103534 ], [ 4.694004, 44.103211 ], [ 4.695756, 44.103023 ], [ 4.695785, 44.103034 ], [ 4.696748, 44.105542 ], [ 4.696376, 44.112107 ], [ 4.696333, 44.112732 ], [ 4.697789, 44.12026 ], [ 4.700837, 44.123385 ], [ 4.701053, 44.123568 ], [ 4.701434, 44.124756 ], [ 4.702645, 44.128825 ], [ 4.706079, 44.133537 ], [ 4.710762, 44.134392 ], [ 4.710872, 44.134562 ], [ 4.710805, 44.13548 ], [ 4.710325, 44.13634 ], [ 4.707844, 44.136509 ], [ 4.706101, 44.137137 ], [ 4.705606, 44.137235 ], [ 4.704758, 44.137145 ], [ 4.702655, 44.137225 ], [ 4.697004, 44.142354 ], [ 4.703017, 44.146802 ], [ 4.703716, 44.146631 ], [ 4.705345, 44.146338 ], [ 4.705981, 44.149882 ], [ 4.699917, 44.152391 ], [ 4.699418672015502, 44.152645194392306 ], [ 4.700879, 44.152639 ], [ 4.701486, 44.15271 ], [ 4.701904, 44.152694 ] ] ], [ [ [ 4.661853, 44.165307 ], [ 4.662985, 44.164963 ], [ 4.663614, 44.164237 ], [ 4.663803, 44.163661 ], [ 4.671483, 44.158996 ], [ 4.673024, 44.15965 ], [ 4.67363, 44.159869 ], [ 4.676232, 44.158876 ], [ 4.684441, 44.157124 ], [ 4.686386, 44.156865 ], [ 4.686526, 44.15685 ], [ 4.686918283857884, 44.156752746293563 ], [ 4.682918, 44.154178 ], [ 4.677248, 44.157176 ], [ 4.674117, 44.15749 ], [ 4.673637, 44.157099 ], [ 4.671289, 44.155263 ], [ 4.669928, 44.152889 ], [ 4.662557, 44.151657 ], [ 4.662157, 44.151919 ], [ 4.66157, 44.160764 ], [ 4.661914, 44.161023 ], [ 4.662162, 44.161231 ], [ 4.662574, 44.162853 ], [ 4.662317, 44.163299 ], [ 4.661757, 44.163899 ], [ 4.661542, 44.164042 ], [ 4.658124, 44.164936 ], [ 4.655826, 44.172586 ], [ 4.655742, 44.173036 ], [ 4.654631, 44.174399 ], [ 4.652692, 44.175867 ], [ 4.65199044487435, 44.176497055637746 ], [ 4.655296, 44.177129 ], [ 4.657453, 44.172348 ], [ 4.661853, 44.165307 ] ] ], [ [ [ 4.637247, 44.205216 ], [ 4.644067, 44.203385 ], [ 4.645636, 44.203581 ], [ 4.646173, 44.203414 ], [ 4.648398, 44.202981 ], [ 4.657066, 44.204409 ], [ 4.659772742574392, 44.206038019650435 ], [ 4.658936, 44.204413 ], [ 4.658618, 44.203964 ], [ 4.657534, 44.202749 ], [ 4.65711, 44.202191 ], [ 4.657091838731181, 44.202162867838489 ], [ 4.649141, 44.201258 ], [ 4.646141, 44.20201 ], [ 4.645995, 44.202009 ], [ 4.64563, 44.201708 ], [ 4.640167, 44.198621 ], [ 4.634633, 44.201889 ], [ 4.633254721642377, 44.203924999892998 ], [ 4.635658, 44.208124 ], [ 4.637165552709736, 44.2086487053067 ], [ 4.637247, 44.205216 ] ] ], [ [ [ 4.662221, 44.196192 ], [ 4.658884, 44.193127 ], [ 4.651952, 44.190855 ], [ 4.649976, 44.188714 ], [ 4.648869, 44.18827 ], [ 4.646418, 44.189265 ], [ 4.642805545757095, 44.187038461945406 ], [ 4.642287, 44.189548 ], [ 4.643811, 44.190165 ], [ 4.646445, 44.190299 ], [ 4.648143, 44.189852 ], [ 4.648684, 44.18995 ], [ 4.655453, 44.193957 ], [ 4.65736, 44.194738 ], [ 4.659411, 44.195569 ], [ 4.659483, 44.195691 ], [ 4.660101331475792, 44.200126471571984 ], [ 4.660801, 44.200866 ], [ 4.66112, 44.201196 ], [ 4.665424344782161, 44.203084151242734 ], [ 4.662221, 44.196192 ] ] ], [ [ [ 4.601135, 44.190328 ], [ 4.601363, 44.190711 ], [ 4.602164, 44.191155 ], [ 4.602439, 44.191253 ], [ 4.6026, 44.191256 ], [ 4.606663, 44.192044 ], [ 4.606799, 44.192039 ], [ 4.61238, 44.194126 ], [ 4.614565, 44.199336 ], [ 4.614669, 44.200226 ], [ 4.61471, 44.202742 ], [ 4.614719, 44.203807 ], [ 4.618734, 44.207688 ], [ 4.622858, 44.209729 ], [ 4.626794827366457, 44.212918252185069 ], [ 4.627138, 44.212596 ], [ 4.626858, 44.210953 ], [ 4.626845, 44.21008 ], [ 4.626801471811441, 44.209754789395802 ], [ 4.624451, 44.207964 ], [ 4.621879, 44.205862 ], [ 4.618839, 44.203934 ], [ 4.616345, 44.20073 ], [ 4.613898, 44.195122 ], [ 4.609171, 44.189031 ], [ 4.605674, 44.189886 ], [ 4.601072, 44.18738 ], [ 4.595469, 44.183733 ], [ 4.592498, 44.184154 ], [ 4.600229, 44.188203 ], [ 4.600458, 44.189155 ], [ 4.601135, 44.190328 ] ] ] ] } },
{ "type": "Feature", "properties": { "codgeo": "30028", "value": 840, "isochrone_group": 14.0, "nb_agences": 1 }, "geometry": { "type": "MultiPolygon", "coordinates": [ [ [ [ 4.508412, 44.152652 ], [ 4.513084, 44.153829 ], [ 4.515273, 44.154707 ], [ 4.515789, 44.154892 ], [ 4.516532, 44.155086 ], [ 4.523555991485273, 44.159863627647134 ], [ 4.517949, 44.155275 ], [ 4.518564, 44.151728 ], [ 4.51902, 44.151807 ], [ 4.512111, 44.149055 ], [ 4.506791, 44.148819 ], [ 4.506341, 44.152391 ], [ 4.508412, 44.152652 ] ] ], [ [ [ 4.535875, 44.148922 ], [ 4.530885, 44.153618 ], [ 4.524284, 44.153576 ], [ 4.525001, 44.153862 ], [ 4.526813, 44.154634 ], [ 4.535003, 44.153538 ], [ 4.539374, 44.154044 ], [ 4.539903, 44.154518 ], [ 4.539986, 44.154588 ], [ 4.542510347756537, 44.1561746546815 ], [ 4.541264, 44.15002 ], [ 4.539167, 44.147094 ], [ 4.536595, 44.148251 ], [ 4.535875, 44.148922 ] ] ], [ [ [ 4.559191, 44.16053 ], [ 4.567532, 44.157485 ], [ 4.568261512999026, 44.153858534765455 ], [ 4.567565, 44.155087 ], [ 4.566388, 44.156695 ], [ 4.558781, 44.160515 ], [ 4.559191, 44.16053 ] ] ], [ [ [ 4.556913, 44.126782 ], [ 4.556037, 44.126561 ], [ 4.555301, 44.126335 ], [ 4.553953, 44.125831 ], [ 4.552681, 44.126582 ], [ 4.550767, 44.127506 ], [ 4.550912, 44.127783 ], [ 4.551157, 44.128162 ], [ 4.551754, 44.128765 ], [ 4.552357, 44.12915 ], [ 4.553671, 44.130044 ], [ 4.559489, 44.135052 ], [ 4.560328, 44.135663 ], [ 4.564778, 44.138625 ], [ 4.566008, 44.13923 ], [ 4.571023, 44.140909 ], [ 4.567424, 44.137759 ], [ 4.565849, 44.137007 ], [ 4.563743, 44.136382 ], [ 4.562826, 44.136281 ], [ 4.562324, 44.136043 ], [ 4.561968, 44.13577 ], [ 4.561483, 44.135266 ], [ 4.560971, 44.134573 ], [ 4.560485, 44.132787 ], [ 4.559732, 44.129968 ], [ 4.560073, 44.129398 ], [ 4.560333, 44.129191 ], [ 4.560736, 44.129174 ], [ 4.561083, 44.129175 ], [ 4.561443, 44.129212 ], [ 4.561877, 44.129324 ], [ 4.562823, 44.129775 ], [ 4.563144, 44.12998 ], [ 4.570018, 44.131196 ], [ 4.565042, 44.129762 ], [ 4.561927, 44.128069 ], [ 4.557485, 44.127006 ], [ 4.556913, 44.126782 ] ] ], [ [ [ 4.57065620223082, 44.116476118566922 ], [ 4.570596, 44.116402 ], [ 4.570082534764405, 44.115783863681067 ], [ 4.564718, 44.112705 ], [ 4.564099928633467, 44.113403371389523 ], [ 4.569032, 44.118303 ], [ 4.57114811618669, 44.120052953328134 ], [ 4.57065620223082, 44.116476118566922 ] ] ], [ [ [ 4.570831, 44.131126 ], [ 4.57124, 44.131195 ], [ 4.571763, 44.131416 ], [ 4.573652005755234, 44.129177578986209 ], [ 4.573399, 44.128636 ], [ 4.57238431590685, 44.126968360456203 ], [ 4.570018, 44.131196 ], [ 4.57031, 44.131137 ], [ 4.570831, 44.131126 ] ] ], [ [ [ 4.710166, 44.118811 ], [ 4.709903, 44.118141 ], [ 4.709609, 44.117518 ], [ 4.709166, 44.116779 ], [ 4.708611, 44.11602 ], [ 4.707572, 44.114841 ], [ 4.706527, 44.106526 ], [ 4.705486101512343, 44.099001561575093 ], [ 4.701049359057995, 44.103390361978249 ], [ 4.701414, 44.109911 ], [ 4.699709, 44.118556 ], [ 4.706988, 44.122739 ], [ 4.710584097285984, 44.122788945795641 ], [ 4.710602, 44.121316 ], [ 4.71054, 44.120475 ], [ 4.710396, 44.119605 ], [ 4.710166, 44.118811 ] ] ], [ [ [ 4.682162589222804, 44.103164698665267 ], [ 4.680672, 44.104328 ], [ 4.681248, 44.112159 ], [ 4.681636, 44.115738 ], [ 4.680493, 44.119737 ], [ 4.679998562402551, 44.121243907375487 ], [ 4.681027, 44.121947 ], [ 4.682061, 44.121422 ], [ 4.686351, 44.115199 ], [ 4.687068, 44.111008 ], [ 4.687452, 44.107894 ], [ 4.687869, 44.10425 ], [ 4.688381588419582, 44.104008387424578 ], [ 4.687057206255216, 44.102139496626144 ], [ 4.686767, 44.102496 ], [ 4.686046, 44.10332 ], [ 4.682162589222804, 44.103164698665267 ] ] ], [ [ [ 4.716853, 44.153738 ], [ 4.71792, 44.14718 ], [ 4.71861, 44.14423 ], [ 4.71848, 44.143498 ], [ 4.718272, 44.142749 ], [ 4.717775, 44.141671 ], [ 4.716994, 44.140586 ], [ 4.716636, 44.140135 ], [ 4.71631, 44.139834 ], [ 4.713699002752281, 44.138304674854574 ], [ 4.713765, 44.138467 ], [ 4.714074, 44.138984 ], [ 4.714262, 44.139564 ], [ 4.713236, 44.142496 ], [ 4.713568, 44.148765 ], [ 4.713698, 44.149159 ], [ 4.714011, 44.150374 ], [ 4.710525, 44.151272 ], [ 4.702861, 44.152544 ], [ 4.706565, 44.152508 ], [ 4.712264, 44.158997 ], [ 4.715863, 44.159076 ], [ 4.716853, 44.153738 ] ] ], [ [ [ 4.687838, 44.156285 ], [ 4.687318, 44.156607 ], [ 4.687006, 44.156731 ], [ 4.686526, 44.15685 ], [ 4.686386, 44.156865 ], [ 4.684441, 44.157124 ], [ 4.684178251911598, 44.157180076824332 ], [ 4.685498, 44.157899 ], [ 4.685977, 44.158211 ], [ 4.686247, 44.158338 ], [ 4.687838, 44.156285 ] ] ], [ [ [ 4.675816, 44.160712 ], [ 4.677033, 44.161049 ], [ 4.682831729272161, 44.15746745746317 ], [ 4.676232, 44.158876 ], [ 4.67363, 44.159869 ], [ 4.673024, 44.15965 ], [ 4.671483, 44.158996 ], [ 4.670182850011817, 44.159785739543615 ], [ 4.674017, 44.160108 ], [ 4.674437, 44.16028 ], [ 4.675003, 44.160439 ], [ 4.675816, 44.160712 ] ] ], [ [ [ 4.658453, 44.192476 ], [ 4.652466, 44.18686 ], [ 4.65482, 44.179345 ], [ 4.654943, 44.178612 ], [ 4.659968, 44.171632 ], [ 4.66477, 44.164184 ], [ 4.664889, 44.164093 ], [ 4.665196, 44.163525 ], [ 4.666844017889453, 44.16181381921168 ], [ 4.663803, 44.163661 ], [ 4.663614, 44.164237 ], [ 4.662985, 44.164963 ], [ 4.661853, 44.165307 ], [ 4.657453, 44.172348 ], [ 4.655296, 44.177129 ], [ 4.65176, 44.176453 ], [ 4.646698, 44.174813 ], [ 4.646155, 44.17466 ], [ 4.640271, 44.175791 ], [ 4.638932, 44.184651 ], [ 4.646418, 44.189265 ], [ 4.648869, 44.18827 ], [ 4.649976, 44.188714 ], [ 4.651952, 44.190855 ], [ 4.658884, 44.193127 ], [ 4.662221, 44.196192 ], [ 4.664672544240266, 44.201466616012688 ], [ 4.663229, 44.195204 ], [ 4.66322, 44.193645 ], [ 4.661789, 44.191905 ], [ 4.658453, 44.192476 ] ] ], [ [ [ 4.663286, 44.208654 ], [ 4.659103, 44.206712 ], [ 4.656905, 44.205441 ], [ 4.659614, 44.207399 ], [ 4.663250378991203, 44.209030820697443 ], [ 4.663286, 44.208654 ] ] ], [ [ [ 4.656905, 44.205441 ], [ 4.656463503326593, 44.20430974235699 ], [ 4.653695554025723, 44.203853739634141 ], [ 4.656905, 44.205441 ] ] ], [ [ [ 4.647072, 44.206049 ], [ 4.653238152579805, 44.203778385542677 ], [ 4.648398, 44.202981 ], [ 4.646173, 44.203414 ], [ 4.645636, 44.203581 ], [ 4.644067, 44.203385 ], [ 4.637247, 44.205216 ], [ 4.637229670065799, 44.20594639332441 ], [ 4.638715, 44.208428 ], [ 4.643746892077713, 44.209394246206401 ], [ 4.64512, 44.20576 ], [ 4.647072, 44.206049 ] ] ], [ [ [ 4.604991, 44.193915 ], [ 4.612334, 44.19824 ], [ 4.613976, 44.202182 ], [ 4.614577, 44.206698 ], [ 4.614764, 44.207539 ], [ 4.616242, 44.208708 ], [ 4.619026, 44.209843 ], [ 4.621671887507197, 44.209910497130281 ], [ 4.621716385253478, 44.209164005892909 ], [ 4.618734, 44.207688 ], [ 4.614719, 44.203807 ], [ 4.61471, 44.202742 ], [ 4.614669, 44.200226 ], [ 4.614565, 44.199336 ], [ 4.61238, 44.194126 ], [ 4.606799, 44.192039 ], [ 4.606663, 44.192044 ], [ 4.6026, 44.191256 ], [ 4.602439, 44.191253 ], [ 4.602164, 44.191155 ], [ 4.601363, 44.190711 ], [ 4.601135, 44.190328 ], [ 4.600458, 44.189155 ], [ 4.600229, 44.188203 ], [ 4.592498, 44.184154 ], [ 4.597861, 44.189806 ], [ 4.601094, 44.191492 ], [ 4.603001, 44.192731 ], [ 4.604991, 44.193915 ] ] ], [ [ [ 4.588912540653832, 44.187574480568962 ], [ 4.586478, 44.189897 ], [ 4.585369, 44.189901 ], [ 4.584848, 44.18984 ], [ 4.587792, 44.19057 ], [ 4.588427, 44.190594 ], [ 4.588888, 44.190529 ], [ 4.588912540653832, 44.187574480568962 ] ] ], [ [ [ 4.574509, 44.193025 ], [ 4.575991, 44.193049 ], [ 4.582858226719769, 44.189899648046499 ], [ 4.576475, 44.190091 ], [ 4.575232, 44.190372 ], [ 4.571848, 44.189914 ], [ 4.563046, 44.190018 ], [ 4.558082077538579, 44.191723641383042 ], [ 4.563821, 44.191689 ], [ 4.564755, 44.191885 ], [ 4.57152, 44.192571 ], [ 4.574509, 44.193025 ] ] ], [ [ [ 4.52794, 44.171435 ], [ 4.527218, 44.173585 ], [ 4.527374, 44.174 ], [ 4.528376, 44.175009 ], [ 4.530041, 44.175246 ], [ 4.531654, 44.175039 ], [ 4.532884, 44.175009 ], [ 4.533262, 44.174982 ], [ 4.533524, 44.174938 ], [ 4.534875, 44.174678 ], [ 4.541121, 44.175704 ], [ 4.548947, 44.176426 ], [ 4.551239, 44.177526 ], [ 4.556002, 44.183359 ], [ 4.550162, 44.188984 ], [ 4.547231, 44.191491 ], [ 4.545277, 44.192298 ], [ 4.544645, 44.192543 ], [ 4.543831, 44.192977 ], [ 4.543128, 44.193481 ], [ 4.540103, 44.195344 ], [ 4.539375, 44.19574 ], [ 4.541093, 44.198903 ], [ 4.54328, 44.197911 ], [ 4.550695, 44.196562 ], [ 4.554271, 44.194956 ], [ 4.555880963348502, 44.192479960902673 ], [ 4.554708, 44.192883 ], [ 4.554338, 44.193092 ], [ 4.553674, 44.193413 ], [ 4.553209, 44.193598 ], [ 4.550781, 44.194456 ], [ 4.549582, 44.191062 ], [ 4.55201, 44.190204 ], [ 4.552906, 44.189767 ], [ 4.554515, 44.18855 ], [ 4.556195, 44.187438 ], [ 4.559373, 44.182924 ], [ 4.557664, 44.178419 ], [ 4.551564, 44.175804 ], [ 4.549271, 44.175706 ], [ 4.548992, 44.175703 ], [ 4.545303, 44.175073 ], [ 4.542773, 44.173923 ], [ 4.539022, 44.173038 ], [ 4.538514, 44.173004 ], [ 4.537899, 44.172862 ], [ 4.537622, 44.172693 ], [ 4.53563, 44.171375 ], [ 4.535685, 44.170929 ], [ 4.53594, 44.170158 ], [ 4.532, 44.162502 ], [ 4.525769, 44.160368 ], [ 4.524228, 44.160415 ], [ 4.524033, 44.160254 ], [ 4.523858169762687, 44.160110923117756 ], [ 4.524763, 44.161437 ], [ 4.525646, 44.162512 ], [ 4.526225, 44.16278 ], [ 4.52794, 44.171435 ] ] ] ] } },
{ "type": "Feature", "properties": { "codgeo": "30028", "value": 900, "isochrone_group": 15.0, "nb_agences": 1 }, "geometry": { "type": "MultiPolygon", "coordinates": [ [ [ [ 4.499599, 44.145858 ], [ 4.49896, 44.145623 ], [ 4.498543, 44.145563 ], [ 4.498076, 44.145549 ], [ 4.495471, 44.147018 ], [ 4.493525, 44.149473 ], [ 4.493795, 44.150204 ], [ 4.494009, 44.150332 ], [ 4.494404, 44.150524 ], [ 4.499373, 44.151692 ], [ 4.503225, 44.153244 ], [ 4.508946, 44.155857 ], [ 4.516532, 44.155086 ], [ 4.515789, 44.154892 ], [ 4.515273, 44.154707 ], [ 4.513084, 44.153829 ], [ 4.508412, 44.152652 ], [ 4.506341, 44.152391 ], [ 4.506791, 44.148819 ], [ 4.512111, 44.149055 ], [ 4.51902, 44.151807 ], [ 4.519321, 44.151877 ], [ 4.519968, 44.152084 ], [ 4.516153, 44.149379 ], [ 4.513458, 44.147938 ], [ 4.50974, 44.147417 ], [ 4.503658, 44.147183 ], [ 4.499599, 44.145858 ] ] ], [ [ [ 4.530885, 44.153618 ], [ 4.535875, 44.148922 ], [ 4.536595, 44.148251 ], [ 4.532486, 44.149351 ], [ 4.531345, 44.150486 ], [ 4.523626, 44.153351 ], [ 4.524284, 44.153576 ], [ 4.530885, 44.153618 ] ] ], [ [ [ 4.548398, 44.148563 ], [ 4.548558, 44.147927 ], [ 4.548578, 44.147226 ], [ 4.548183, 44.146304 ], [ 4.547646, 44.145816 ], [ 4.547444, 44.145698 ], [ 4.547114, 44.145576 ], [ 4.546609, 44.145483 ], [ 4.545965, 44.145513 ], [ 4.544015, 44.145487 ], [ 4.540246, 44.146688 ], [ 4.539598, 44.146858 ], [ 4.536595, 44.148251 ], [ 4.539167, 44.147094 ], [ 4.541264, 44.15002 ], [ 4.542606, 44.156647 ], [ 4.547365, 44.159226 ], [ 4.549345, 44.159642 ], [ 4.544479, 44.155129 ], [ 4.546216, 44.150525 ], [ 4.547103, 44.149752 ], [ 4.548194, 44.148713 ], [ 4.548398, 44.148563 ] ] ], [ [ [ 4.559904, 44.125378 ], [ 4.555306, 44.124542 ], [ 4.554171, 44.124473 ], [ 4.550681, 44.123873 ], [ 4.550242, 44.123655 ], [ 4.549523, 44.123326 ], [ 4.548297, 44.123682 ], [ 4.544387, 44.124212 ], [ 4.543194, 44.124464 ], [ 4.542436, 44.126434 ], [ 4.542466, 44.126539 ], [ 4.543078, 44.127467 ], [ 4.54379, 44.128015 ], [ 4.550456, 44.130508 ], [ 4.550704, 44.130506 ], [ 4.557497, 44.134953 ], [ 4.557707, 44.137159 ], [ 4.55789, 44.137265 ], [ 4.558486, 44.137494 ], [ 4.558971, 44.137576 ], [ 4.564972, 44.140049 ], [ 4.566366, 44.141114 ], [ 4.566823, 44.14153 ], [ 4.567486, 44.141819 ], [ 4.571751, 44.147704 ], [ 4.571023, 44.140909 ], [ 4.566008, 44.13923 ], [ 4.564778, 44.138625 ], [ 4.560328, 44.135663 ], [ 4.559489, 44.135052 ], [ 4.553671, 44.130044 ], [ 4.552357, 44.12915 ], [ 4.551754, 44.128765 ], [ 4.551157, 44.128162 ], [ 4.550912, 44.127783 ], [ 4.550767, 44.127506 ], [ 4.552681, 44.126582 ], [ 4.553953, 44.125831 ], [ 4.555301, 44.126335 ], [ 4.556037, 44.126561 ], [ 4.556913, 44.126782 ], [ 4.557485, 44.127006 ], [ 4.561927, 44.128069 ], [ 4.565042, 44.129762 ], [ 4.570018, 44.131196 ], [ 4.570722137170094, 44.129937994618771 ], [ 4.570603, 44.1298 ], [ 4.568963, 44.129775 ], [ 4.569018, 44.126176 ], [ 4.57061, 44.122482 ], [ 4.571284, 44.121041 ], [ 4.57114811618669, 44.120052953328134 ], [ 4.569032, 44.118303 ], [ 4.56743528685517, 44.116716789901702 ], [ 4.566869306284495, 44.116830244684117 ], [ 4.568337, 44.11957 ], [ 4.568362, 44.120428 ], [ 4.568455, 44.120792 ], [ 4.560797, 44.125313 ], [ 4.559904, 44.125378 ] ] ], [ [ [ 4.545599, 44.087484 ], [ 4.546369, 44.087605 ], [ 4.547668913656509, 44.087515893015492 ], [ 4.545599, 44.087484 ] ] ], [ [ [ 4.706023650603465, 44.102887392023 ], [ 4.706527, 44.106526 ], [ 4.707572, 44.114841 ], [ 4.708611, 44.11602 ], [ 4.709166, 44.116779 ], [ 4.709609, 44.117518 ], [ 4.709903, 44.118141 ], [ 4.710166, 44.118811 ], [ 4.710396, 44.119605 ], [ 4.71054, 44.120475 ], [ 4.711999, 44.111903 ], [ 4.711608, 44.108324 ], [ 4.70725, 44.104069 ], [ 4.708234601029905, 44.099743764264247 ], [ 4.706023650603465, 44.102887392023 ] ] ], [ [ [ 4.713522, 44.138201 ], [ 4.713699002752281, 44.138304674854574 ], [ 4.710475, 44.130375 ], [ 4.713522, 44.138201 ] ] ], [ [ [ 4.712128, 44.169682 ], [ 4.715727, 44.169709 ], [ 4.715743, 44.167634 ], [ 4.715759, 44.165558 ], [ 4.715798, 44.162506 ], [ 4.716853, 44.153738 ], [ 4.715863, 44.159076 ], [ 4.712264, 44.158997 ], [ 4.712263997695339, 44.158996997375866 ], [ 4.712259, 44.159222 ], [ 4.71222, 44.161105 ], [ 4.711708, 44.164669 ], [ 4.712144, 44.167606 ], [ 4.712128, 44.169682 ] ] ], [ [ [ 4.687124, 44.158826 ], [ 4.689512, 44.15851 ], [ 4.695221, 44.152663 ], [ 4.687838, 44.156285 ], [ 4.686247, 44.158338 ], [ 4.685977, 44.158211 ], [ 4.685498, 44.157899 ], [ 4.68371, 44.156925 ], [ 4.677033, 44.161049 ], [ 4.675816, 44.160712 ], [ 4.675003, 44.160439 ], [ 4.674437, 44.16028 ], [ 4.676832, 44.161444 ], [ 4.678503, 44.162787 ], [ 4.678648, 44.162735 ], [ 4.679166, 44.162497 ], [ 4.687124, 44.158826 ] ] ], [ [ [ 4.665296, 44.166528 ], [ 4.666256, 44.163907 ], [ 4.666975, 44.162894 ], [ 4.674437, 44.16028 ], [ 4.674017, 44.160108 ], [ 4.668901, 44.159678 ], [ 4.665196, 44.163525 ], [ 4.664889, 44.164093 ], [ 4.66477, 44.164184 ], [ 4.659968, 44.171632 ], [ 4.657969259528068, 44.174408359899331 ], [ 4.662206, 44.171217 ], [ 4.662412, 44.171165 ], [ 4.664514, 44.167742 ], [ 4.665201, 44.166818 ], [ 4.665296, 44.166528 ] ] ], [ [ [ 4.665619, 44.192279 ], [ 4.66541, 44.191406 ], [ 4.663433, 44.190542 ], [ 4.657936, 44.188115 ], [ 4.656072, 44.186292 ], [ 4.655602, 44.186283 ], [ 4.654644, 44.186373 ], [ 4.652879618028823, 44.185539549920705 ], [ 4.652466, 44.18686 ], [ 4.658453, 44.192476 ], [ 4.661789, 44.191905 ], [ 4.66322, 44.193645 ], [ 4.663229, 44.195204 ], [ 4.664494772368466, 44.200695377459766 ], [ 4.666939833984809, 44.200140279365378 ], [ 4.664641, 44.197494 ], [ 4.665168, 44.1954 ], [ 4.665454, 44.19476 ], [ 4.665596, 44.194227 ], [ 4.665619, 44.192279 ] ] ], [ [ [ 4.675453900194598, 44.213590800388744 ], [ 4.675912, 44.213313 ], [ 4.675948763965989, 44.213288523195047 ], [ 4.675453900194598, 44.213590800388744 ] ] ], [ [ [ 4.601414, 44.194998 ], [ 4.607821, 44.197106 ], [ 4.610985, 44.204143 ], [ 4.613274, 44.20931 ], [ 4.618567, 44.211612 ], [ 4.619446736341676, 44.211863353240474 ], [ 4.619583846313452, 44.209857230773295 ], [ 4.619026, 44.209843 ], [ 4.616242, 44.208708 ], [ 4.614764, 44.207539 ], [ 4.614577, 44.206698 ], [ 4.613976, 44.202182 ], [ 4.612334, 44.19824 ], [ 4.604991, 44.193915 ], [ 4.603001, 44.192731 ], [ 4.601094, 44.191492 ], [ 4.597861, 44.189806 ], [ 4.592498, 44.184154 ], [ 4.588916, 44.187158 ], [ 4.588888, 44.190529 ], [ 4.588427, 44.190594 ], [ 4.587792, 44.19057 ], [ 4.588995, 44.191006 ], [ 4.590086, 44.19145 ], [ 4.597682, 44.192914 ], [ 4.601065, 44.194904 ], [ 4.601414, 44.194998 ] ] ], [ [ [ 4.549045, 44.187635 ], [ 4.546357, 44.189067 ], [ 4.545856, 44.189305 ], [ 4.543311, 44.191987 ], [ 4.535101, 44.194318 ], [ 4.534156, 44.195111 ], [ 4.533923, 44.195576 ], [ 4.531301, 44.200924 ], [ 4.531561, 44.203655 ], [ 4.532819, 44.204076 ], [ 4.532983, 44.204068 ], [ 4.533083, 44.204052 ], [ 4.536489, 44.203256 ], [ 4.544035, 44.202838 ], [ 4.545495, 44.203762 ], [ 4.545785, 44.203928 ], [ 4.546867, 44.204064 ], [ 4.548969, 44.20378 ], [ 4.554096, 44.198419 ], [ 4.555399, 44.196536 ], [ 4.563484, 44.193884 ], [ 4.571316, 44.194663 ], [ 4.577711, 44.193572 ], [ 4.585275248628291, 44.189945941405782 ], [ 4.584848, 44.18984 ], [ 4.584412, 44.189732 ], [ 4.583782, 44.189476 ], [ 4.575991, 44.193049 ], [ 4.574509, 44.193025 ], [ 4.57152, 44.192571 ], [ 4.564755, 44.191885 ], [ 4.563821, 44.191689 ], [ 4.556366, 44.191734 ], [ 4.554271, 44.194956 ], [ 4.550695, 44.196562 ], [ 4.54328, 44.197911 ], [ 4.541093, 44.198903 ], [ 4.539375, 44.19574 ], [ 4.540103, 44.195344 ], [ 4.543128, 44.193481 ], [ 4.543831, 44.192977 ], [ 4.544645, 44.192543 ], [ 4.545277, 44.192298 ], [ 4.547231, 44.191491 ], [ 4.550162, 44.188984 ], [ 4.556002, 44.183359 ], [ 4.551239, 44.177526 ], [ 4.548947, 44.176426 ], [ 4.541121, 44.175704 ], [ 4.541119019378098, 44.175703674652887 ], [ 4.541518, 44.176063 ], [ 4.542295, 44.176945 ], [ 4.544951, 44.177127 ], [ 4.548192, 44.178695 ], [ 4.549045, 44.187635 ] ] ], [ [ [ 4.520207, 44.173125 ], [ 4.519547, 44.173278 ], [ 4.519856, 44.175412 ], [ 4.52036, 44.176785 ], [ 4.529032, 44.179086 ], [ 4.529813, 44.178988 ], [ 4.530447, 44.178803 ], [ 4.531088, 44.178463 ], [ 4.531558, 44.178085 ], [ 4.531998, 44.177396 ], [ 4.534875, 44.174678 ], [ 4.533524, 44.174938 ], [ 4.533262, 44.174982 ], [ 4.532884, 44.175009 ], [ 4.531654, 44.175039 ], [ 4.530041, 44.175246 ], [ 4.528376, 44.175009 ], [ 4.527374, 44.174 ], [ 4.527218, 44.173585 ], [ 4.52794, 44.171435 ], [ 4.526225, 44.16278 ], [ 4.525646, 44.162512 ], [ 4.526829, 44.17114 ], [ 4.524682, 44.172078 ], [ 4.520976, 44.173058 ], [ 4.520637, 44.173069 ], [ 4.520207, 44.173125 ] ] ] ] } },
{ "type": "Feature", "properties": { "codgeo": "30028", "value": 960, "isochrone_group": 16.0, "nb_agences": 1 }, "geometry": { "type": "MultiPolygon", "coordinates": [ [ [ [ 4.491153, 44.140567 ], [ 4.48822, 44.141435 ], [ 4.486559, 44.142549 ], [ 4.485006, 44.143757 ], [ 4.484429, 44.144614 ], [ 4.484527, 44.144919 ], [ 4.48513, 44.145853 ], [ 4.486932, 44.147109 ], [ 4.491157, 44.149037 ], [ 4.493660174716269, 44.149838973028125 ], [ 4.493525, 44.149473 ], [ 4.495471, 44.147018 ], [ 4.498076, 44.145549 ], [ 4.498543, 44.145563 ], [ 4.49896, 44.145623 ], [ 4.499599, 44.145858 ], [ 4.497881, 44.144916 ], [ 4.4947, 44.14225 ], [ 4.491891, 44.140488 ], [ 4.491244, 44.140556 ], [ 4.491153, 44.140567 ] ] ], [ [ [ 4.50974, 44.147417 ], [ 4.511075708224204, 44.147604171593571 ], [ 4.509567, 44.146297 ], [ 4.50606, 44.14711 ], [ 4.499599, 44.145858 ], [ 4.503658, 44.147183 ], [ 4.50974, 44.147417 ] ] ], [ [ [ 4.523626, 44.153351 ], [ 4.531345, 44.150486 ], [ 4.532486, 44.149351 ], [ 4.536595, 44.148251 ], [ 4.532592, 44.148119 ], [ 4.529351, 44.149686 ], [ 4.521267, 44.152579 ], [ 4.522608, 44.153057 ], [ 4.523626, 44.153351 ] ] ], [ [ [ 4.543514, 44.123285 ], [ 4.542196, 44.124432 ], [ 4.538748, 44.125469 ], [ 4.538718, 44.125369 ], [ 4.538571, 44.12399 ], [ 4.538354482387663, 44.123967700843913 ], [ 4.537468, 44.127833 ], [ 4.537337, 44.128317 ], [ 4.537179, 44.129497 ], [ 4.540298, 44.129796 ], [ 4.540747, 44.129975 ], [ 4.541806, 44.129556 ], [ 4.547894, 44.130739 ], [ 4.549622, 44.132306 ], [ 4.548454, 44.140909 ], [ 4.544838, 44.140016 ], [ 4.544268, 44.139586 ], [ 4.543246, 44.138977 ], [ 4.541864, 44.139529 ], [ 4.540578, 44.141394 ], [ 4.536595, 44.148251 ], [ 4.539598, 44.146858 ], [ 4.540246, 44.146688 ], [ 4.544015, 44.145487 ], [ 4.545965, 44.145513 ], [ 4.546609, 44.145483 ], [ 4.547114, 44.145576 ], [ 4.547444, 44.145698 ], [ 4.547646, 44.145816 ], [ 4.548183, 44.146304 ], [ 4.548578, 44.147226 ], [ 4.548558, 44.147927 ], [ 4.548398, 44.148563 ], [ 4.548194, 44.148713 ], [ 4.547103, 44.149752 ], [ 4.546216, 44.150525 ], [ 4.544479, 44.155129 ], [ 4.549345, 44.159642 ], [ 4.551486, 44.160058 ], [ 4.55318, 44.160319 ], [ 4.554284, 44.160329 ], [ 4.556962, 44.160396 ], [ 4.558781, 44.160515 ], [ 4.566388, 44.156695 ], [ 4.567565, 44.155087 ], [ 4.571751, 44.147704 ], [ 4.567486, 44.141819 ], [ 4.566823, 44.14153 ], [ 4.566366, 44.141114 ], [ 4.564972, 44.140049 ], [ 4.558971, 44.137576 ], [ 4.558486, 44.137494 ], [ 4.55789, 44.137265 ], [ 4.557707, 44.137159 ], [ 4.557497, 44.134953 ], [ 4.550704, 44.130506 ], [ 4.550456, 44.130508 ], [ 4.54379, 44.128015 ], [ 4.543078, 44.127467 ], [ 4.542466, 44.126539 ], [ 4.542436, 44.126434 ], [ 4.543194, 44.124464 ], [ 4.544387, 44.124212 ], [ 4.548297, 44.123682 ], [ 4.549523, 44.123326 ], [ 4.550242, 44.123655 ], [ 4.550681, 44.123873 ], [ 4.554171, 44.124473 ], [ 4.54897, 44.122165 ], [ 4.547498, 44.122185 ], [ 4.544295405717927, 44.122660515112415 ], [ 4.543965, 44.122848 ], [ 4.543514, 44.123285 ] ] ], [ [ [ 4.559904, 44.125378 ], [ 4.560797, 44.125313 ], [ 4.561245137121822, 44.125048436415803 ], [ 4.560694, 44.124922 ], [ 4.556349, 44.123919 ], [ 4.554171, 44.124473 ], [ 4.555306, 44.124542 ], [ 4.559904, 44.125378 ] ] ], [ [ [ 4.716368, 44.110376 ], [ 4.716858, 44.109785 ], [ 4.717567, 44.107698 ], [ 4.71863, 44.104119 ], [ 4.715238, 44.102914 ], [ 4.711009, 44.099032 ], [ 4.710845, 44.099848 ], [ 4.710785, 44.100014 ], [ 4.709724, 44.100665 ], [ 4.707630330031217, 44.104440341046988 ], [ 4.711608, 44.108324 ], [ 4.711999, 44.111903 ], [ 4.711601482797315, 44.114238515737782 ], [ 4.714739, 44.111548 ], [ 4.715176, 44.111385 ], [ 4.715713, 44.111075 ], [ 4.715993, 44.110831 ], [ 4.716368, 44.110376 ] ] ], [ [ [ 4.710136, 44.17849 ], [ 4.713094, 44.180542 ], [ 4.713563, 44.179865 ], [ 4.714118, 44.178997 ], [ 4.714626, 44.178012 ], [ 4.714997, 44.177084 ], [ 4.715355, 44.175903 ], [ 4.715537, 44.174966 ], [ 4.71559, 44.174673 ], [ 4.715695, 44.173414 ], [ 4.71573, 44.169426 ], [ 4.715759, 44.165558 ], [ 4.715743, 44.167634 ], [ 4.715727, 44.169709 ], [ 4.712128, 44.169682 ], [ 4.712144, 44.167606 ], [ 4.711708, 44.164669 ], [ 4.71222, 44.161105 ], [ 4.712259, 44.159222 ], [ 4.712306, 44.157106 ], [ 4.711767140930994, 44.156419468118983 ], [ 4.709217, 44.160583 ], [ 4.709088, 44.16418 ], [ 4.710838, 44.168375 ], [ 4.710506, 44.173411 ], [ 4.710136, 44.17849 ] ] ], [ [ [ 4.673608, 44.164502 ], [ 4.674295, 44.164324 ], [ 4.675277, 44.164007 ], [ 4.675997, 44.163814 ], [ 4.676381, 44.163696 ], [ 4.681001, 44.16265 ], [ 4.681194, 44.162623 ], [ 4.687124, 44.158826 ], [ 4.679166, 44.162497 ], [ 4.678648, 44.162735 ], [ 4.678503, 44.162787 ], [ 4.676832, 44.161444 ], [ 4.674437, 44.16028 ], [ 4.666975, 44.162894 ], [ 4.666256, 44.163907 ], [ 4.665296, 44.166528 ], [ 4.665201, 44.166818 ], [ 4.664514, 44.167742 ], [ 4.662412, 44.171165 ], [ 4.662206, 44.171217 ], [ 4.661895237608434, 44.17145108434886 ], [ 4.663314, 44.171328 ], [ 4.664703, 44.171311 ], [ 4.665639, 44.170986 ], [ 4.666612, 44.166317 ], [ 4.673608, 44.164502 ] ] ], [ [ [ 4.692294407612237, 44.199760186633519 ], [ 4.692443423055609, 44.199715562987166 ], [ 4.692327, 44.199723 ], [ 4.692294407612237, 44.199760186633519 ] ] ], [ [ [ 4.659938, 44.185799 ], [ 4.659741, 44.185809 ], [ 4.654089, 44.183741 ], [ 4.655454, 44.176303 ], [ 4.652991, 44.176043 ], [ 4.650101, 44.184227 ], [ 4.654644, 44.186373 ], [ 4.655602, 44.186283 ], [ 4.656072, 44.186292 ], [ 4.657936, 44.188115 ], [ 4.663433, 44.190542 ], [ 4.66541, 44.191406 ], [ 4.665619, 44.192279 ], [ 4.66560010740978, 44.19387912024996 ], [ 4.667587698252981, 44.1944532429955 ], [ 4.666844, 44.189137 ], [ 4.666168, 44.18903 ], [ 4.659938, 44.185799 ] ] ], [ [ [ 4.544394, 44.186878 ], [ 4.541872, 44.189761 ], [ 4.536051, 44.192696 ], [ 4.531942, 44.193674 ], [ 4.529664, 44.193256 ], [ 4.529443, 44.193204 ], [ 4.529141, 44.193147 ], [ 4.528572, 44.193345 ], [ 4.527977, 44.193875 ], [ 4.527895, 44.193994 ], [ 4.527348, 44.195539 ], [ 4.524451, 44.202443 ], [ 4.523858, 44.206618 ], [ 4.523806, 44.209027 ], [ 4.524129, 44.209435 ], [ 4.525675, 44.209726 ], [ 4.530191, 44.20921 ], [ 4.530327, 44.209176 ], [ 4.531776, 44.20781 ], [ 4.53728, 44.204394 ], [ 4.545682, 44.207351 ], [ 4.545984, 44.207644 ], [ 4.548133, 44.209879 ], [ 4.549436, 44.210591 ], [ 4.551361, 44.210775 ], [ 4.551411, 44.210709 ], [ 4.551486, 44.210565 ], [ 4.551729, 44.21006 ], [ 4.551744, 44.209752 ], [ 4.55162, 44.208135 ], [ 4.551442, 44.207484 ], [ 4.551318, 44.207155 ], [ 4.551089, 44.206402 ], [ 4.556136, 44.199252 ], [ 4.557557, 44.195945 ], [ 4.563824, 44.194277 ], [ 4.564337, 44.194479 ], [ 4.569591, 44.195927 ], [ 4.571531, 44.196093 ], [ 4.574881, 44.195204 ], [ 4.581313, 44.194789 ], [ 4.589622, 44.191381 ], [ 4.59194, 44.192774 ], [ 4.599685, 44.195921 ], [ 4.607428, 44.198986 ], [ 4.607798, 44.199318 ], [ 4.609699, 44.207842 ], [ 4.609563, 44.209062 ], [ 4.610729, 44.209777 ], [ 4.612273, 44.20959 ], [ 4.612694, 44.20949 ], [ 4.613374801047428, 44.209353839790509 ], [ 4.613274, 44.20931 ], [ 4.610985, 44.204143 ], [ 4.607821, 44.197106 ], [ 4.601414, 44.194998 ], [ 4.601065, 44.194904 ], [ 4.597682, 44.192914 ], [ 4.590086, 44.19145 ], [ 4.588995, 44.191006 ], [ 4.587792, 44.19057 ], [ 4.585369, 44.189901 ], [ 4.577711, 44.193572 ], [ 4.571316, 44.194663 ], [ 4.563484, 44.193884 ], [ 4.555399, 44.196536 ], [ 4.554096, 44.198419 ], [ 4.548969, 44.20378 ], [ 4.546867, 44.204064 ], [ 4.545785, 44.203928 ], [ 4.545495, 44.203762 ], [ 4.544035, 44.202838 ], [ 4.536489, 44.203256 ], [ 4.533083, 44.204052 ], [ 4.532983, 44.204068 ], [ 4.532819, 44.204076 ], [ 4.531561, 44.203655 ], [ 4.531301, 44.200924 ], [ 4.533923, 44.195576 ], [ 4.534156, 44.195111 ], [ 4.535101, 44.194318 ], [ 4.543311, 44.191987 ], [ 4.545856, 44.189305 ], [ 4.546357, 44.189067 ], [ 4.549045, 44.187635 ], [ 4.548192, 44.178695 ], [ 4.544951, 44.177127 ], [ 4.542295, 44.176945 ], [ 4.541518, 44.176063 ], [ 4.541025, 44.175619 ], [ 4.540827, 44.175464 ], [ 4.534875, 44.174678 ], [ 4.531998, 44.177396 ], [ 4.531558, 44.178085 ], [ 4.540367, 44.177318 ], [ 4.540788, 44.177763 ], [ 4.541959, 44.178172 ], [ 4.545493, 44.181027 ], [ 4.544394, 44.186878 ] ] ], [ [ [ 4.513231, 44.172948 ], [ 4.512754, 44.173005 ], [ 4.510945, 44.173045 ], [ 4.510507, 44.173007 ], [ 4.508833, 44.172999 ], [ 4.508725, 44.174408 ], [ 4.508774, 44.175322 ], [ 4.508815, 44.176599 ], [ 4.510852, 44.176683 ], [ 4.511731, 44.176785 ], [ 4.512361, 44.176763 ], [ 4.514711, 44.176562 ], [ 4.520782, 44.18007 ], [ 4.521268, 44.180858 ], [ 4.521611, 44.18118 ], [ 4.522476, 44.181876 ], [ 4.523197, 44.182374 ], [ 4.526047, 44.181243 ], [ 4.529813, 44.178988 ], [ 4.529032, 44.179086 ], [ 4.52036, 44.176785 ], [ 4.519856, 44.175412 ], [ 4.519547, 44.173278 ], [ 4.520207, 44.173125 ], [ 4.520637, 44.173069 ], [ 4.520976, 44.173058 ], [ 4.524682, 44.172078 ], [ 4.526829, 44.17114 ], [ 4.525646, 44.162512 ], [ 4.524763, 44.161437 ], [ 4.5251, 44.168477 ], [ 4.518616, 44.171983 ], [ 4.514838, 44.172964 ], [ 4.513889, 44.172933 ], [ 4.513231, 44.172948 ] ] ], [ [ [ 4.51832175896511, 44.156208466116404 ], [ 4.516532, 44.155086 ], [ 4.508946, 44.155857 ], [ 4.503225, 44.153244 ], [ 4.499373, 44.151692 ], [ 4.497821907214192, 44.151327404231473 ], [ 4.500666, 44.154704 ], [ 4.504473, 44.15502 ], [ 4.50855, 44.156503 ], [ 4.512079, 44.157216 ], [ 4.51832175896511, 44.156208466116404 ] ] ] ] } },
{ "type": "Feature", "properties": { "codgeo": "30028", "value": 1020, "isochrone_group": 17.0, "nb_agences": 1 }, "geometry": { "type": "MultiPolygon", "coordinates": [ [ [ [ 4.4947, 44.14225 ], [ 4.497881, 44.144916 ], [ 4.499599, 44.145858 ], [ 4.496842, 44.143757 ], [ 4.495883, 44.142233 ], [ 4.494996, 44.140666 ], [ 4.494281729970639, 44.139621787977376 ], [ 4.492504900759669, 44.140873081216981 ], [ 4.4947, 44.14225 ] ] ], [ [ [ 4.476687, 44.138074 ], [ 4.475511, 44.139131 ], [ 4.475429, 44.139261 ], [ 4.475316, 44.14084 ], [ 4.475433, 44.140988 ], [ 4.476727, 44.141674 ], [ 4.480264, 44.144555 ], [ 4.483645, 44.151306 ], [ 4.483728, 44.151514 ], [ 4.483785, 44.151642 ], [ 4.483837, 44.151748 ], [ 4.484789, 44.15264 ], [ 4.485218, 44.152758 ], [ 4.487205, 44.152867 ], [ 4.487399, 44.152829 ], [ 4.488147, 44.152702 ], [ 4.489085, 44.152448 ], [ 4.497119, 44.153394 ], [ 4.499803, 44.155794 ], [ 4.504055, 44.156603 ], [ 4.509174, 44.16029 ], [ 4.509339, 44.160239 ], [ 4.510146, 44.159786 ], [ 4.511043, 44.158712 ], [ 4.511637, 44.158093 ], [ 4.519979, 44.155941 ], [ 4.512079, 44.157216 ], [ 4.50855, 44.156503 ], [ 4.504473, 44.15502 ], [ 4.500666, 44.154704 ], [ 4.497643, 44.151115 ], [ 4.491157, 44.149037 ], [ 4.486932, 44.147109 ], [ 4.48513, 44.145853 ], [ 4.484527, 44.144919 ], [ 4.484429, 44.144614 ], [ 4.485006, 44.143757 ], [ 4.486559, 44.142549 ], [ 4.48822, 44.141435 ], [ 4.489458023657678, 44.141068615910385 ], [ 4.489074, 44.140979 ], [ 4.488526, 44.140213 ], [ 4.488445, 44.139999 ], [ 4.488403, 44.139786 ], [ 4.488180974724914, 44.139565389693864 ], [ 4.488145, 44.139615 ], [ 4.479965, 44.138911 ], [ 4.479861, 44.138761 ], [ 4.476826, 44.138072 ], [ 4.476687, 44.138074 ] ] ], [ [ [ 4.505929, 44.145086 ], [ 4.499599, 44.145858 ], [ 4.50606, 44.14711 ], [ 4.509567, 44.146297 ], [ 4.514388, 44.150474 ], [ 4.509411, 44.145611 ], [ 4.508966, 44.14502 ], [ 4.508314, 44.144625 ], [ 4.507443, 44.144501 ], [ 4.506875, 44.144619 ], [ 4.505929, 44.145086 ] ] ], [ [ [ 4.532592, 44.148119 ], [ 4.536595, 44.148251 ], [ 4.540578, 44.141394 ], [ 4.541864, 44.139529 ], [ 4.543246, 44.138977 ], [ 4.544268, 44.139586 ], [ 4.544838, 44.140016 ], [ 4.548454, 44.140909 ], [ 4.549622, 44.132306 ], [ 4.547894, 44.130739 ], [ 4.541907166781729, 44.129575658394032 ], [ 4.541761, 44.129622 ], [ 4.539612, 44.138105 ], [ 4.540376, 44.140733 ], [ 4.540204, 44.141022 ], [ 4.539849, 44.14135 ], [ 4.539473, 44.141494 ], [ 4.538912, 44.141636 ], [ 4.53516, 44.142228 ], [ 4.530699052509612, 44.140979323533308 ], [ 4.529614, 44.146578 ], [ 4.52912, 44.147895 ], [ 4.524810965614557, 44.151310730266843 ], [ 4.529351, 44.149686 ], [ 4.532592, 44.148119 ] ] ], [ [ [ 4.55924, 44.120678 ], [ 4.558043, 44.120309 ], [ 4.549459, 44.121326 ], [ 4.549140176113935, 44.122240517491065 ], [ 4.554171, 44.124473 ], [ 4.556349, 44.123919 ], [ 4.560694, 44.124922 ], [ 4.563023420337259, 44.125456392525372 ], [ 4.55924, 44.120678 ] ] ], [ [ [ 4.716666, 44.099344 ], [ 4.710929016696018, 44.098879360695676 ], [ 4.711009, 44.099032 ], [ 4.715238, 44.102914 ], [ 4.71863, 44.104119 ], [ 4.718552043580519, 44.104381470390692 ], [ 4.722006, 44.09808 ], [ 4.722386, 44.097495 ], [ 4.719368, 44.095533 ], [ 4.719086, 44.095968 ], [ 4.718987, 44.096118 ], [ 4.716666, 44.099344 ] ] ], [ [ [ 4.715898, 44.162706 ], [ 4.715920167958917, 44.161490674252349 ], [ 4.715798, 44.162506 ], [ 4.715759, 44.165558 ], [ 4.71573, 44.169426 ], [ 4.715898, 44.162706 ] ] ], [ [ [ 4.707372, 44.182915 ], [ 4.707348237780801, 44.182960130301154 ], [ 4.710505, 44.18469 ], [ 4.709933, 44.185733 ], [ 4.70907351753333, 44.187181455430235 ], [ 4.709219, 44.187113 ], [ 4.713563, 44.179865 ], [ 4.713094, 44.180542 ], [ 4.710136, 44.17849 ], [ 4.710506, 44.173411 ], [ 4.710838, 44.168375 ], [ 4.709088, 44.16418 ], [ 4.709217, 44.160583 ], [ 4.71207, 44.155925 ], [ 4.707499, 44.151062 ], [ 4.70332, 44.152389 ], [ 4.702861, 44.152544 ], [ 4.702366, 44.152637 ], [ 4.701904, 44.152694 ], [ 4.706531, 44.16035 ], [ 4.705205, 44.163601 ], [ 4.707125, 44.169082 ], [ 4.708983, 44.177378 ], [ 4.70777, 44.181989 ], [ 4.707372, 44.182915 ] ] ], [ [ [ 4.675163, 44.164103 ], [ 4.683521, 44.164301 ], [ 4.686011, 44.161702 ], [ 4.689002, 44.156817 ], [ 4.687124, 44.158826 ], [ 4.681194, 44.162623 ], [ 4.681001, 44.16265 ], [ 4.676381, 44.163696 ], [ 4.675997, 44.163814 ], [ 4.675277, 44.164007 ], [ 4.674295, 44.164324 ], [ 4.673608, 44.164502 ], [ 4.666612, 44.166317 ], [ 4.665639, 44.170986 ], [ 4.664703, 44.171311 ], [ 4.666728, 44.171449 ], [ 4.667436, 44.171602 ], [ 4.667911, 44.171576 ], [ 4.668007, 44.171558 ], [ 4.669088, 44.169695 ], [ 4.675163, 44.164103 ] ] ], [ [ [ 4.668163, 44.188082 ], [ 4.6622, 44.186092 ], [ 4.661702, 44.185657 ], [ 4.66138, 44.185444 ], [ 4.655688, 44.182909 ], [ 4.655454, 44.176303 ], [ 4.654089, 44.183741 ], [ 4.659741, 44.185809 ], [ 4.659938, 44.185799 ], [ 4.666168, 44.18903 ], [ 4.666844, 44.189137 ], [ 4.667228121073467, 44.191882846125182 ], [ 4.670678, 44.192041 ], [ 4.670810704062853, 44.191915456228323 ], [ 4.670377, 44.191519 ], [ 4.670188, 44.190848 ], [ 4.669776, 44.190115 ], [ 4.668163, 44.188082 ] ] ], [ [ [ 4.701174, 44.198719 ], [ 4.699509, 44.198724 ], [ 4.697424, 44.19912 ], [ 4.701174, 44.198719 ] ] ], [ [ [ 4.701568, 44.198692 ], [ 4.70153364334509, 44.198194382643408 ], [ 4.701174, 44.198719 ], [ 4.701568, 44.198692 ] ] ], [ [ [ 4.697424, 44.19912 ], [ 4.695322, 44.199365 ], [ 4.694049, 44.199613 ], [ 4.697424, 44.19912 ] ] ], [ [ [ 4.609563, 44.209062 ], [ 4.609699, 44.207842 ], [ 4.609029394631336, 44.204839519114941 ], [ 4.608646, 44.205039 ], [ 4.60651, 44.207937 ], [ 4.606763, 44.208123 ], [ 4.608521, 44.208911 ], [ 4.609725723095559, 44.209161783030304 ], [ 4.609563, 44.209062 ] ] ], [ [ [ 4.573721, 44.198239 ], [ 4.574312, 44.198424 ], [ 4.574738, 44.198575 ], [ 4.582568, 44.194928 ], [ 4.583361, 44.195082 ], [ 4.583838, 44.195027 ], [ 4.584348, 44.194848 ], [ 4.592716, 44.194428 ], [ 4.598074, 44.198277 ], [ 4.598357, 44.198616 ], [ 4.598505, 44.19873 ], [ 4.599469, 44.198667 ], [ 4.600119, 44.198488 ], [ 4.600765, 44.198369 ], [ 4.602104817565555, 44.196878863985326 ], [ 4.599685, 44.195921 ], [ 4.59194, 44.192774 ], [ 4.589622, 44.191381 ], [ 4.581313, 44.194789 ], [ 4.574881, 44.195204 ], [ 4.571531, 44.196093 ], [ 4.569591, 44.195927 ], [ 4.564337, 44.194479 ], [ 4.563824, 44.194277 ], [ 4.557557, 44.195945 ], [ 4.556136, 44.199252 ], [ 4.551089, 44.206402 ], [ 4.551318, 44.207155 ], [ 4.557698, 44.200906 ], [ 4.559874, 44.199278 ], [ 4.560072, 44.199132 ], [ 4.566878, 44.196925 ], [ 4.573242, 44.198022 ], [ 4.573721, 44.198239 ] ] ], [ [ [ 4.520395, 44.208252 ], [ 4.51625, 44.210058 ], [ 4.515918, 44.213643 ], [ 4.516787, 44.214067 ], [ 4.516851, 44.21409 ], [ 4.517084, 44.214157 ], [ 4.517297, 44.214203 ], [ 4.518882, 44.213302 ], [ 4.519315, 44.213102 ], [ 4.527748, 44.213407 ], [ 4.528358, 44.213827 ], [ 4.5285, 44.213871 ], [ 4.530675, 44.214074 ], [ 4.532009, 44.21398 ], [ 4.532337, 44.213904 ], [ 4.532842, 44.213541 ], [ 4.532945, 44.213425 ], [ 4.534831, 44.208739 ], [ 4.541124, 44.20703 ], [ 4.543803, 44.21146 ], [ 4.54418, 44.211781 ], [ 4.544686, 44.212088 ], [ 4.551219, 44.216387 ], [ 4.551739, 44.216742 ], [ 4.552137, 44.216886 ], [ 4.555049, 44.216793 ], [ 4.556184, 44.214111 ], [ 4.557198, 44.210657 ], [ 4.55662, 44.210487 ], [ 4.55542, 44.210377 ], [ 4.555037, 44.210293 ], [ 4.551318, 44.207155 ], [ 4.551442, 44.207484 ], [ 4.55162, 44.208135 ], [ 4.551744, 44.209752 ], [ 4.551729, 44.21006 ], [ 4.551486, 44.210565 ], [ 4.551411, 44.210709 ], [ 4.551361, 44.210775 ], [ 4.549436, 44.210591 ], [ 4.548133, 44.209879 ], [ 4.545984, 44.207644 ], [ 4.545682, 44.207351 ], [ 4.53728, 44.204394 ], [ 4.531776, 44.20781 ], [ 4.530327, 44.209176 ], [ 4.530191, 44.20921 ], [ 4.525675, 44.209726 ], [ 4.524129, 44.209435 ], [ 4.523806, 44.209027 ], [ 4.523858, 44.206618 ], [ 4.524451, 44.202443 ], [ 4.527348, 44.195539 ], [ 4.527895, 44.193994 ], [ 4.527977, 44.193875 ], [ 4.528572, 44.193345 ], [ 4.529141, 44.193147 ], [ 4.529443, 44.193204 ], [ 4.529664, 44.193256 ], [ 4.531942, 44.193674 ], [ 4.536051, 44.192696 ], [ 4.541872, 44.189761 ], [ 4.544394, 44.186878 ], [ 4.545493, 44.181027 ], [ 4.541959, 44.178172 ], [ 4.540788, 44.177763 ], [ 4.540367, 44.177318 ], [ 4.531558, 44.178085 ], [ 4.531088, 44.178463 ], [ 4.530447, 44.178803 ], [ 4.529813, 44.178988 ], [ 4.526047, 44.181243 ], [ 4.523197, 44.182374 ], [ 4.522476, 44.181876 ], [ 4.521611, 44.18118 ], [ 4.521268, 44.180858 ], [ 4.520782, 44.18007 ], [ 4.514711, 44.176562 ], [ 4.512361, 44.176763 ], [ 4.520086, 44.180529 ], [ 4.52236, 44.185011 ], [ 4.522328, 44.193087 ], [ 4.521871, 44.197348 ], [ 4.521646, 44.200054 ], [ 4.520395, 44.208252 ] ] ], [ [ [ 4.508945, 44.171244 ], [ 4.504688, 44.172758 ], [ 4.503726, 44.172863 ], [ 4.500245, 44.17404 ], [ 4.498824, 44.174302 ], [ 4.499476, 44.177842 ], [ 4.504134, 44.177627 ], [ 4.504705, 44.1776 ], [ 4.505202, 44.177499 ], [ 4.511731, 44.176785 ], [ 4.510852, 44.176683 ], [ 4.508815, 44.176599 ], [ 4.508774, 44.175322 ], [ 4.508725, 44.174408 ], [ 4.508833, 44.172999 ], [ 4.510507, 44.173007 ], [ 4.510945, 44.173045 ], [ 4.512754, 44.173005 ], [ 4.513231, 44.172948 ], [ 4.513889, 44.172933 ], [ 4.514838, 44.172964 ], [ 4.518616, 44.171983 ], [ 4.5251, 44.168477 ], [ 4.524763, 44.161437 ], [ 4.523805, 44.160033 ], [ 4.523932, 44.166965 ], [ 4.520468, 44.1693 ], [ 4.518871, 44.170133 ], [ 4.516766, 44.17069 ], [ 4.511569, 44.171522 ], [ 4.508945, 44.171244 ] ] ] ] } },
{ "type": "Feature", "properties": { "codgeo": "30028", "value": 1080, "isochrone_group": 18.0, "nb_agences": 1 }, "geometry": { "type": "MultiPolygon", "coordinates": [ [ [ [ 4.496640909137593, 44.1434374353761 ], [ 4.496842, 44.143757 ], [ 4.499599, 44.145858 ], [ 4.502147661212449, 44.145547168016428 ], [ 4.49951, 44.142472 ], [ 4.499075919247741, 44.139959674169255 ], [ 4.496640909137593, 44.1434374353761 ] ] ], [ [ [ 4.487046, 44.157589 ], [ 4.487929, 44.156928 ], [ 4.496799, 44.157331 ], [ 4.497018, 44.157768 ], [ 4.49714, 44.157992 ], [ 4.497708, 44.158188 ], [ 4.49801, 44.15828 ], [ 4.498386, 44.158365 ], [ 4.506167, 44.161846 ], [ 4.507608, 44.16925 ], [ 4.502458, 44.17116 ], [ 4.495588, 44.173982 ], [ 4.495388, 44.173971 ], [ 4.49073, 44.176794 ], [ 4.489923, 44.177055 ], [ 4.49103, 44.180481 ], [ 4.493515, 44.180043 ], [ 4.494, 44.179935 ], [ 4.49451, 44.179734 ], [ 4.496777, 44.178966 ], [ 4.502418, 44.17856 ], [ 4.505916, 44.178513 ], [ 4.508107182051424, 44.177181294381263 ], [ 4.505202, 44.177499 ], [ 4.504705, 44.1776 ], [ 4.504134, 44.177627 ], [ 4.499476, 44.177842 ], [ 4.498824, 44.174302 ], [ 4.500245, 44.17404 ], [ 4.503726, 44.172863 ], [ 4.504688, 44.172758 ], [ 4.508945, 44.171244 ], [ 4.511569, 44.171522 ], [ 4.516766, 44.17069 ], [ 4.518871, 44.170133 ], [ 4.520468, 44.1693 ], [ 4.523932, 44.166965 ], [ 4.523805, 44.160033 ], [ 4.523417, 44.159404 ], [ 4.519979, 44.155941 ], [ 4.511637, 44.158093 ], [ 4.511043, 44.158712 ], [ 4.510146, 44.159786 ], [ 4.509339, 44.160239 ], [ 4.509174, 44.16029 ], [ 4.504055, 44.156603 ], [ 4.499803, 44.155794 ], [ 4.497119, 44.153394 ], [ 4.489085, 44.152448 ], [ 4.488147, 44.152702 ], [ 4.487399, 44.152829 ], [ 4.487205, 44.152867 ], [ 4.485218, 44.152758 ], [ 4.484789, 44.15264 ], [ 4.483837, 44.151748 ], [ 4.483785, 44.151642 ], [ 4.483728, 44.151514 ], [ 4.483645, 44.151306 ], [ 4.480264, 44.144555 ], [ 4.477978454633921, 44.142693349957682 ], [ 4.476316, 44.142103 ], [ 4.475451, 44.141241 ], [ 4.472934510407776, 44.140482198800633 ], [ 4.473482, 44.141347 ], [ 4.475088, 44.14286 ], [ 4.477693, 44.14529 ], [ 4.480901, 44.153041 ], [ 4.484529, 44.158113 ], [ 4.486307, 44.158022 ], [ 4.486808, 44.157781 ], [ 4.487046, 44.157589 ] ] ], [ [ [ 4.522608, 44.153057 ], [ 4.52912, 44.147895 ], [ 4.529614, 44.146578 ], [ 4.530169551916511, 44.143711451686954 ], [ 4.530016, 44.143674 ], [ 4.529467, 44.143441 ], [ 4.526967, 44.137728 ], [ 4.526073134684546, 44.136622445045759 ], [ 4.52756, 44.145115 ], [ 4.525923, 44.148322 ], [ 4.518478, 44.151715 ], [ 4.51902, 44.151807 ], [ 4.519321, 44.151877 ], [ 4.519968, 44.152084 ], [ 4.521267, 44.152579 ], [ 4.522608, 44.153057 ] ] ], [ [ [ 4.716853, 44.153738 ], [ 4.715932, 44.160842 ], [ 4.715898, 44.162706 ], [ 4.71573, 44.169426 ], [ 4.715877, 44.163886 ], [ 4.715922, 44.161432 ], [ 4.716853, 44.153738 ] ] ], [ [ [ 4.701538546351824, 44.198265397160306 ], [ 4.706344, 44.192286 ], [ 4.709163687092251, 44.187139026977583 ], [ 4.709073517533329, 44.187181455430242 ], [ 4.707836, 44.189267 ], [ 4.70719, 44.190455 ], [ 4.706903, 44.191024 ], [ 4.702829, 44.19607 ], [ 4.701530470763947, 44.198148431387487 ], [ 4.701538546351824, 44.198265397160306 ] ] ], [ [ [ 4.700879, 44.152639 ], [ 4.698565, 44.152301 ], [ 4.695221, 44.152663 ], [ 4.689002, 44.156817 ], [ 4.686011, 44.161702 ], [ 4.683521, 44.164301 ], [ 4.675163, 44.164103 ], [ 4.669088, 44.169695 ], [ 4.668007, 44.171558 ], [ 4.667911, 44.171576 ], [ 4.667436, 44.171602 ], [ 4.666728, 44.171449 ], [ 4.664703, 44.171311 ], [ 4.663314, 44.171328 ], [ 4.660513, 44.171571 ], [ 4.655548, 44.176079 ], [ 4.655454, 44.176303 ], [ 4.655688, 44.182909 ], [ 4.66138, 44.185444 ], [ 4.661702, 44.185657 ], [ 4.6622, 44.186092 ], [ 4.668163, 44.188082 ], [ 4.668534712326113, 44.188550500408546 ], [ 4.672643, 44.189209 ], [ 4.675414, 44.189468 ], [ 4.678975, 44.189995 ], [ 4.687494, 44.188413 ], [ 4.687547, 44.188401 ], [ 4.689637, 44.190258 ], [ 4.698451, 44.189345 ], [ 4.700963, 44.185397 ], [ 4.704335, 44.183256 ], [ 4.708357559072886, 44.179755500506943 ], [ 4.708983, 44.177378 ], [ 4.707125, 44.169082 ], [ 4.705205, 44.163601 ], [ 4.706531, 44.16035 ], [ 4.701904, 44.152694 ], [ 4.701486, 44.15271 ], [ 4.700879, 44.152639 ] ] ], [ [ [ 4.671065600880324, 44.220774228518962 ], [ 4.671374758799264, 44.220835158567255 ], [ 4.674728, 44.214031 ], [ 4.674637032512227, 44.21407979605916 ], [ 4.674286, 44.214273 ], [ 4.674220622238076, 44.214303163559684 ], [ 4.674165, 44.214333 ], [ 4.67414787360038, 44.214340263847731 ], [ 4.671065600880324, 44.220774228518962 ] ] ], [ [ [ 4.606763, 44.208123 ], [ 4.60651, 44.207937 ], [ 4.608646, 44.205039 ], [ 4.611537130525055, 44.203534739823112 ], [ 4.611522, 44.198666 ], [ 4.609856, 44.195474 ], [ 4.610271130240316, 44.194090988689361 ], [ 4.606035, 44.19341 ], [ 4.603332, 44.195514 ], [ 4.600765, 44.198369 ], [ 4.600119, 44.198488 ], [ 4.599469, 44.198667 ], [ 4.598505, 44.19873 ], [ 4.598357, 44.198616 ], [ 4.598074, 44.198277 ], [ 4.592716, 44.194428 ], [ 4.584348, 44.194848 ], [ 4.583838, 44.195027 ], [ 4.592161, 44.195998 ], [ 4.596743, 44.199319 ], [ 4.60019, 44.201163 ], [ 4.604368, 44.20771 ], [ 4.604652, 44.208419 ], [ 4.605287, 44.2084 ], [ 4.605415, 44.208396 ], [ 4.608521, 44.208911 ], [ 4.606763, 44.208123 ] ] ], [ [ [ 4.503752, 44.211363 ], [ 4.504888, 44.212313 ], [ 4.50929, 44.213033 ], [ 4.516325, 44.218408 ], [ 4.518069, 44.218336 ], [ 4.519558, 44.21713 ], [ 4.527347, 44.215384 ], [ 4.532811, 44.217701 ], [ 4.533157, 44.217959 ], [ 4.533796, 44.218486 ], [ 4.534025, 44.218604 ], [ 4.536075, 44.215889 ], [ 4.544126, 44.212691 ], [ 4.545564, 44.214645 ], [ 4.547665, 44.215434 ], [ 4.551013730685731, 44.218184120159506 ], [ 4.550852013776365, 44.21614550699902 ], [ 4.544686, 44.212088 ], [ 4.54418, 44.211781 ], [ 4.543803, 44.21146 ], [ 4.541124, 44.20703 ], [ 4.534831, 44.208739 ], [ 4.532945, 44.213425 ], [ 4.532842, 44.213541 ], [ 4.532337, 44.213904 ], [ 4.532009, 44.21398 ], [ 4.530675, 44.214074 ], [ 4.5285, 44.213871 ], [ 4.528358, 44.213827 ], [ 4.527748, 44.213407 ], [ 4.519315, 44.213102 ], [ 4.518882, 44.213302 ], [ 4.517297, 44.214203 ], [ 4.517084, 44.214157 ], [ 4.516851, 44.21409 ], [ 4.516787, 44.214067 ], [ 4.515918, 44.213643 ], [ 4.51625, 44.210058 ], [ 4.520395, 44.208252 ], [ 4.513604, 44.209785 ], [ 4.510079, 44.209448 ], [ 4.509379, 44.209221 ], [ 4.5089, 44.209135 ], [ 4.506766, 44.208695 ], [ 4.505363, 44.208719 ], [ 4.504932, 44.208713 ], [ 4.503685, 44.211237 ], [ 4.503752, 44.211363 ] ] ], [ [ [ 4.561395, 44.201214 ], [ 4.561564, 44.201155 ], [ 4.568413, 44.199896 ], [ 4.569018, 44.200129 ], [ 4.569456, 44.200209 ], [ 4.569887, 44.200248 ], [ 4.570249, 44.200249 ], [ 4.576915, 44.1994 ], [ 4.577421, 44.199487 ], [ 4.583838, 44.195027 ], [ 4.583361, 44.195082 ], [ 4.582568, 44.194928 ], [ 4.574738, 44.198575 ], [ 4.574312, 44.198424 ], [ 4.573721, 44.198239 ], [ 4.573242, 44.198022 ], [ 4.566878, 44.196925 ], [ 4.560072, 44.199132 ], [ 4.559874, 44.199278 ], [ 4.557698, 44.200906 ], [ 4.551318, 44.207155 ], [ 4.555037, 44.210293 ], [ 4.55542, 44.210377 ], [ 4.55662, 44.210487 ], [ 4.557198, 44.210657 ], [ 4.556184, 44.214111 ], [ 4.55542079808345, 44.215914442766682 ], [ 4.558024, 44.219097 ], [ 4.559625157250268, 44.219555964672082 ], [ 4.561698, 44.214768 ], [ 4.56309, 44.211448 ], [ 4.562501, 44.211201 ], [ 4.561955, 44.210902 ], [ 4.561073, 44.210323 ], [ 4.560649, 44.201554 ], [ 4.561395, 44.201214 ] ] ], [ [ [ 4.52236, 44.185011 ], [ 4.520086, 44.180529 ], [ 4.512361, 44.176763 ], [ 4.511731, 44.176785 ], [ 4.508250674973419, 44.177165602246745 ], [ 4.516107, 44.180946 ], [ 4.516838, 44.180941 ], [ 4.521669, 44.188494 ], [ 4.520709, 44.190208 ], [ 4.520706, 44.194787 ], [ 4.521646, 44.200054 ], [ 4.521871, 44.197348 ], [ 4.522328, 44.193087 ], [ 4.52236, 44.185011 ] ] ] ] } },
{ "type": "Feature", "properties": { "codgeo": "30028", "value": 1140, "isochrone_group": 19.0, "nb_agences": 1 }, "geometry": { "type": "MultiPolygon", "coordinates": [ [ [ [ 4.71573, 44.169426 ], [ 4.715855, 44.165067 ], [ 4.715876108753317, 44.163919588480447 ], [ 4.71573, 44.169426 ] ] ], [ [ [ 4.715911193856851, 44.162021295006355 ], [ 4.716853, 44.153738 ], [ 4.715922, 44.161432 ], [ 4.715911193856851, 44.162021295006355 ] ] ], [ [ [ 4.468455137632373, 44.126383260139882 ], [ 4.46975, 44.126837 ], [ 4.46847, 44.126387 ], [ 4.468455137632373, 44.126383260139882 ] ] ], [ [ [ 4.465611, 44.125671 ], [ 4.465671281787636, 44.125682750522024 ], [ 4.465565112754593, 44.125656034904225 ], [ 4.465611, 44.125671 ] ] ], [ [ [ 4.48478, 44.165365 ], [ 4.48512, 44.165375 ], [ 4.4868, 44.16476 ], [ 4.48855, 44.161967 ], [ 4.49434, 44.157284 ], [ 4.497873, 44.160226 ], [ 4.498854, 44.16008 ], [ 4.499394, 44.159979 ], [ 4.503215, 44.160658 ], [ 4.501337, 44.169222 ], [ 4.49369, 44.173147 ], [ 4.492991, 44.173145 ], [ 4.492564, 44.173535 ], [ 4.492357, 44.173787 ], [ 4.491451, 44.174769 ], [ 4.487026, 44.177746 ], [ 4.486258, 44.178085 ], [ 4.485841, 44.178494 ], [ 4.485198, 44.179126 ], [ 4.483928, 44.180422 ], [ 4.481745, 44.182046 ], [ 4.483893, 44.184935 ], [ 4.486597, 44.183052 ], [ 4.488237, 44.182224 ], [ 4.488464, 44.182096 ], [ 4.493515, 44.180043 ], [ 4.49103, 44.180481 ], [ 4.489923, 44.177055 ], [ 4.49073, 44.176794 ], [ 4.495388, 44.173971 ], [ 4.495588, 44.173982 ], [ 4.502458, 44.17116 ], [ 4.507608, 44.16925 ], [ 4.506167, 44.161846 ], [ 4.498386, 44.158365 ], [ 4.49801, 44.15828 ], [ 4.497708, 44.158188 ], [ 4.49714, 44.157992 ], [ 4.497018, 44.157768 ], [ 4.496799, 44.157331 ], [ 4.487929, 44.156928 ], [ 4.487046, 44.157589 ], [ 4.486808, 44.157781 ], [ 4.486307, 44.158022 ], [ 4.484529, 44.158113 ], [ 4.480901, 44.153041 ], [ 4.477693, 44.14529 ], [ 4.475882859248806, 44.143601461794482 ], [ 4.472874, 44.143047 ], [ 4.472805, 44.142994 ], [ 4.470513, 44.140899 ], [ 4.462764, 44.139781 ], [ 4.462606537997821, 44.139822504929931 ], [ 4.462623, 44.139889 ], [ 4.469961, 44.142438 ], [ 4.472163, 44.144507 ], [ 4.477408, 44.149415 ], [ 4.47889, 44.152256 ], [ 4.482747, 44.158207 ], [ 4.483271, 44.164049 ], [ 4.48478, 44.165365 ] ] ], [ [ [ 4.525923, 44.148322 ], [ 4.52756, 44.145115 ], [ 4.527145961185983, 44.142750127173464 ], [ 4.52692, 44.142596 ], [ 4.524241, 44.134356 ], [ 4.523978, 44.134028 ], [ 4.523757, 44.133705 ], [ 4.518773, 44.129596 ], [ 4.512809, 44.128415 ], [ 4.506207, 44.13069 ], [ 4.503864, 44.133837 ], [ 4.502712, 44.139889 ], [ 4.503267885500123, 44.146853203031235 ], [ 4.504526, 44.14832 ], [ 4.506527, 44.148788 ], [ 4.508771, 44.149069 ], [ 4.510933, 44.149341 ], [ 4.514388, 44.150474 ], [ 4.516612, 44.151365 ], [ 4.518478, 44.151715 ], [ 4.525923, 44.148322 ] ] ], [ [ [ 4.508185, 44.177134 ], [ 4.505916, 44.178513 ], [ 4.502418, 44.17856 ], [ 4.509337, 44.178566 ], [ 4.5131, 44.18085 ], [ 4.513972, 44.180924 ], [ 4.51456, 44.180894 ], [ 4.515989, 44.180945 ], [ 4.5189453457688, 44.18423571798629 ], [ 4.516838, 44.180941 ], [ 4.516107, 44.180946 ], [ 4.508185, 44.177134 ] ] ], [ [ [ 4.4992, 44.213631 ], [ 4.507289, 44.214457 ], [ 4.513692, 44.22038 ], [ 4.513846, 44.221053 ], [ 4.514059, 44.223541 ], [ 4.516073, 44.225377 ], [ 4.517053, 44.225398 ], [ 4.517173, 44.225227 ], [ 4.517437, 44.224734 ], [ 4.517693, 44.224289 ], [ 4.517785, 44.22408 ], [ 4.517755, 44.22307 ], [ 4.51779, 44.222604 ], [ 4.519288, 44.218907 ], [ 4.527555, 44.216944 ], [ 4.530283, 44.217749 ], [ 4.535344, 44.219365 ], [ 4.537657, 44.220642 ], [ 4.537914, 44.220763 ], [ 4.538278, 44.2209 ], [ 4.541414, 44.22212 ], [ 4.544975, 44.22159 ], [ 4.54875746929599, 44.222249708029715 ], [ 4.550701, 44.221791 ], [ 4.550783670959577, 44.217995185321151 ], [ 4.547665, 44.215434 ], [ 4.545564, 44.214645 ], [ 4.544126, 44.212691 ], [ 4.536075, 44.215889 ], [ 4.534025, 44.218604 ], [ 4.533796, 44.218486 ], [ 4.533157, 44.217959 ], [ 4.532811, 44.217701 ], [ 4.527347, 44.215384 ], [ 4.519558, 44.21713 ], [ 4.518069, 44.218336 ], [ 4.516325, 44.218408 ], [ 4.50929, 44.213033 ], [ 4.504888, 44.212313 ], [ 4.503752, 44.211363 ], [ 4.503685, 44.211237 ], [ 4.504932, 44.208713 ], [ 4.505363, 44.208719 ], [ 4.506766, 44.208695 ], [ 4.5089, 44.209135 ], [ 4.509379, 44.209221 ], [ 4.510079, 44.209448 ], [ 4.513604, 44.209785 ], [ 4.516520497068425, 44.209126630097792 ], [ 4.510864, 44.20576 ], [ 4.507339, 44.205028 ], [ 4.50209, 44.207692 ], [ 4.495041, 44.209755 ], [ 4.494483, 44.209837 ], [ 4.492743, 44.209984 ], [ 4.492139, 44.210731 ], [ 4.493617, 44.214013 ], [ 4.4992, 44.213631 ] ] ], [ [ [ 4.566230569347613, 44.21551154432651 ], [ 4.566311, 44.215454 ], [ 4.565599, 44.214406 ], [ 4.565406, 44.214054 ], [ 4.563837, 44.211995 ], [ 4.563055412338503, 44.21153049356046 ], [ 4.562474863504881, 44.212915135893532 ], [ 4.566230569347613, 44.21551154432651 ] ] ], [ [ [ 4.595807, 44.199465 ], [ 4.598482, 44.201993 ], [ 4.601448, 44.20693 ], [ 4.600674335615699, 44.214084368132404 ], [ 4.606748, 44.211498 ], [ 4.607805648000988, 44.208792388834674 ], [ 4.605415, 44.208396 ], [ 4.605287, 44.2084 ], [ 4.604652, 44.208419 ], [ 4.604368, 44.20771 ], [ 4.60019, 44.201163 ], [ 4.596743, 44.199319 ], [ 4.592161, 44.195998 ], [ 4.583838, 44.195027 ], [ 4.577421, 44.199487 ], [ 4.576915, 44.1994 ], [ 4.570249, 44.200249 ], [ 4.569887, 44.200248 ], [ 4.569456, 44.200209 ], [ 4.569018, 44.200129 ], [ 4.568413, 44.199896 ], [ 4.561564, 44.201155 ], [ 4.561395, 44.201214 ], [ 4.560649, 44.201554 ], [ 4.561073, 44.210323 ], [ 4.561955, 44.210902 ], [ 4.562328, 44.202043 ], [ 4.568153, 44.20203 ], [ 4.569032, 44.202419 ], [ 4.570575, 44.20266 ], [ 4.57658, 44.200946 ], [ 4.578396, 44.200848 ], [ 4.58097, 44.198419 ], [ 4.589707, 44.197211 ], [ 4.595807, 44.199465 ] ] ] ] } },
{ "type": "Feature", "properties": { "codgeo": "30028", "value": 1200, "isochrone_group": 20.0, "nb_agences": 1 }, "geometry": { "type": "MultiPolygon", "coordinates": [ [ [ [ 4.553000808392163, 44.039415039137701 ], [ 4.553035, 44.039469 ], [ 4.557822, 44.038231 ], [ 4.55968, 44.035424 ], [ 4.563208952879125, 44.036104099023277 ], [ 4.563306, 44.036038 ], [ 4.563179735302617, 44.034927659817399 ], [ 4.559111, 44.035209 ], [ 4.553000808392163, 44.039415039137701 ] ] ], [ [ [ 4.468455137632373, 44.126383260139882 ], [ 4.468306, 44.126331 ], [ 4.467057, 44.125949 ], [ 4.465904, 44.125533 ], [ 4.459932989071176, 44.123104261743457 ], [ 4.461253, 44.12425 ], [ 4.465306, 44.125572 ], [ 4.465560942255856, 44.125655177113089 ], [ 4.465561, 44.125655 ], [ 4.468455137632373, 44.126383260139882 ] ] ], [ [ [ 4.456348944047712, 44.127868022276317 ], [ 4.456372, 44.127866 ], [ 4.459047, 44.1364 ], [ 4.456426, 44.127855 ], [ 4.456348944047712, 44.127868022276317 ] ] ], [ [ [ 4.452183, 44.138854 ], [ 4.453806, 44.138214 ], [ 4.45212607612542, 44.138872871501874 ], [ 4.452183, 44.138854 ] ] ], [ [ [ 4.455121, 44.141566 ], [ 4.453426120670121, 44.142227756838835 ], [ 4.453427, 44.14223 ], [ 4.455121, 44.141566 ] ] ], [ [ [ 4.482756, 44.16866 ], [ 4.48314, 44.169061 ], [ 4.483542, 44.169335 ], [ 4.48441, 44.178139 ], [ 4.479467, 44.180577 ], [ 4.475766, 44.179895 ], [ 4.473653, 44.181006 ], [ 4.473035, 44.181406 ], [ 4.472855, 44.181563 ], [ 4.472934, 44.184533 ], [ 4.477682, 44.188322 ], [ 4.482178, 44.185707 ], [ 4.485722, 44.185078 ], [ 4.488464, 44.182096 ], [ 4.488237, 44.182224 ], [ 4.486597, 44.183052 ], [ 4.483893, 44.184935 ], [ 4.481745, 44.182046 ], [ 4.483928, 44.180422 ], [ 4.485198, 44.179126 ], [ 4.485841, 44.178494 ], [ 4.486258, 44.178085 ], [ 4.487026, 44.177746 ], [ 4.491451, 44.174769 ], [ 4.492357, 44.173787 ], [ 4.492564, 44.173535 ], [ 4.492991, 44.173145 ], [ 4.49369, 44.173147 ], [ 4.501337, 44.169222 ], [ 4.503215, 44.160658 ], [ 4.499394, 44.159979 ], [ 4.498854, 44.16008 ], [ 4.497873, 44.160226 ], [ 4.49434, 44.157284 ], [ 4.48855, 44.161967 ], [ 4.4868, 44.16476 ], [ 4.48512, 44.165375 ], [ 4.48478, 44.165365 ], [ 4.483271, 44.164049 ], [ 4.482747, 44.158207 ], [ 4.47889, 44.152256 ], [ 4.477408, 44.149415 ], [ 4.473377646940524, 44.145643603848256 ], [ 4.473493, 44.14579 ], [ 4.47407, 44.148217 ], [ 4.475165, 44.151647 ], [ 4.478149, 44.153806 ], [ 4.482178, 44.160191 ], [ 4.481373, 44.162224 ], [ 4.481618, 44.165359 ], [ 4.482438, 44.168051 ], [ 4.482756, 44.16866 ] ] ], [ [ [ 4.488635, 44.209289 ], [ 4.484411, 44.216531 ], [ 4.484161, 44.216792 ], [ 4.486755, 44.219288 ], [ 4.494389, 44.217611 ], [ 4.494986, 44.217453 ], [ 4.500061, 44.217189 ], [ 4.500514, 44.217191 ], [ 4.507827, 44.216522 ], [ 4.50858, 44.216576 ], [ 4.513059, 44.224327 ], [ 4.512725, 44.224906 ], [ 4.512573, 44.22567 ], [ 4.512301, 44.226647 ], [ 4.511821, 44.228788 ], [ 4.512086, 44.229589 ], [ 4.512301, 44.229908 ], [ 4.512385, 44.230025 ], [ 4.512619, 44.230284 ], [ 4.515606, 44.231631 ], [ 4.515823, 44.231197 ], [ 4.515976, 44.230807 ], [ 4.516091, 44.229992 ], [ 4.517437, 44.224734 ], [ 4.517173, 44.225227 ], [ 4.517053, 44.225398 ], [ 4.516073, 44.225377 ], [ 4.514059, 44.223541 ], [ 4.513846, 44.221053 ], [ 4.513692, 44.22038 ], [ 4.507289, 44.214457 ], [ 4.4992, 44.213631 ], [ 4.493617, 44.214013 ], [ 4.492139, 44.210731 ], [ 4.492743, 44.209984 ], [ 4.494483, 44.209837 ], [ 4.495041, 44.209755 ], [ 4.50209, 44.207692 ], [ 4.507339, 44.205028 ], [ 4.510864, 44.20576 ], [ 4.517751, 44.209859 ], [ 4.511062, 44.20456 ], [ 4.510961, 44.202343 ], [ 4.510728, 44.201218 ], [ 4.507148, 44.201595 ], [ 4.503471, 44.203989 ], [ 4.495319, 44.204029 ], [ 4.493283, 44.203905 ], [ 4.493001, 44.203882 ], [ 4.488635, 44.209289 ] ] ], [ [ [ 4.537657, 44.220642 ], [ 4.535344, 44.219365 ], [ 4.530283, 44.217749 ], [ 4.527555, 44.216944 ], [ 4.519288, 44.218907 ], [ 4.526152, 44.218789 ], [ 4.531774, 44.220756 ], [ 4.531979, 44.220905 ], [ 4.539612769301851, 44.223418277889003 ], [ 4.539611, 44.22341 ], [ 4.538284222648581, 44.220902420800783 ], [ 4.538278, 44.2209 ], [ 4.537914, 44.220763 ], [ 4.537657, 44.220642 ] ] ], [ [ [ 4.581678, 44.202496 ], [ 4.582639, 44.199027 ], [ 4.583089525513341, 44.19812594897332 ], [ 4.58097, 44.198419 ], [ 4.578396, 44.200848 ], [ 4.57658, 44.200946 ], [ 4.570575, 44.20266 ], [ 4.569032, 44.202419 ], [ 4.568153, 44.20203 ], [ 4.562328, 44.202043 ], [ 4.561956717194762, 44.21086121547345 ], [ 4.562271887687414, 44.211075533733599 ], [ 4.562501, 44.211201 ], [ 4.563837, 44.211995 ], [ 4.564066041835321, 44.21229557179025 ], [ 4.566324, 44.213831 ], [ 4.567609892338485, 44.213902166143811 ], [ 4.567473, 44.213795 ], [ 4.565248, 44.211765 ], [ 4.569778, 44.204497 ], [ 4.571313, 44.20382 ], [ 4.579941, 44.202495 ], [ 4.580376, 44.202651 ], [ 4.581678, 44.202496 ] ] ], [ [ [ 4.597684, 44.214782 ], [ 4.598102, 44.214839 ], [ 4.598557, 44.214986 ], [ 4.600333, 44.215706 ], [ 4.600510311707229, 44.215601159453698 ], [ 4.601448, 44.20693 ], [ 4.598482, 44.201993 ], [ 4.595807, 44.199465 ], [ 4.594256544371365, 44.198892093936571 ], [ 4.594237, 44.200387 ], [ 4.594103, 44.200844 ], [ 4.594061, 44.201217 ], [ 4.596898, 44.202812 ], [ 4.598772, 44.210123 ], [ 4.594953451452475, 44.214890329014857 ], [ 4.596696, 44.214847 ], [ 4.597301, 44.214784 ], [ 4.597684, 44.214782 ] ] ] ] } }
]
}
