{
"type": "FeatureCollection",
"name": "Credit_Mutuel",
"crs": { "type": "name", "properties": { "name": "urn:ogc:def:crs:OGC:1.3:CRS84" } },
"features": [
{ "type": "Feature", "properties": { "codgeo": "66149", "value": 60, "isochrone_group": 1.0, "nb_agences": 1 }, "geometry": { "type": "Polygon", "coordinates": [ [ [ 2.421011, 42.618582 ], [ 2.424435, 42.616658 ], [ 2.424747, 42.616836 ], [ 2.425366, 42.61738 ], [ 2.425444, 42.618763 ], [ 2.425204, 42.61903 ], [ 2.424389, 42.619613 ], [ 2.423671, 42.619742 ], [ 2.42102, 42.618942 ], [ 2.421011, 42.618582 ] ] ] } },
{ "type": "Feature", "properties": { "codgeo": "66149", "value": 120, "isochrone_group": 2.0, "nb_agences": 1 }, "geometry": { "type": "Polygon", "coordinates": [ [ [ 2.417942, 42.618995 ], [ 2.421066, 42.619534 ], [ 2.424369, 42.621782 ], [ 2.426573, 42.621305 ], [ 2.427346, 42.621146 ], [ 2.427616, 42.620908 ], [ 2.429107, 42.618882 ], [ 2.42915, 42.618445 ], [ 2.428902, 42.618184 ], [ 2.42383, 42.615398 ], [ 2.423354, 42.61537 ], [ 2.421587, 42.615917 ], [ 2.418355, 42.618212 ], [ 2.417897, 42.618637 ], [ 2.417942, 42.618995 ] ], [ [ 2.424435, 42.616658 ], [ 2.424747, 42.616836 ], [ 2.425366, 42.61738 ], [ 2.425444, 42.618763 ], [ 2.425204, 42.61903 ], [ 2.424389, 42.619613 ], [ 2.423671, 42.619742 ], [ 2.42102, 42.618942 ], [ 2.421011, 42.618582 ], [ 2.424435, 42.616658 ] ] ] } },
{ "type": "Feature", "properties": { "codgeo": "66149", "value": 180, "isochrone_group": 3.0, "nb_agences": 1 }, "geometry": { "type": "Polygon", "coordinates": [ [ [ 2.429056, 42.618286 ], [ 2.426975, 42.615967 ], [ 2.424841, 42.61364 ], [ 2.424534, 42.613453 ], [ 2.423676, 42.613575 ], [ 2.418983, 42.615521 ], [ 2.416536, 42.616938 ], [ 2.416494, 42.616984 ], [ 2.414704, 42.619206 ], [ 2.414598, 42.61955 ], [ 2.414853, 42.620095 ], [ 2.415128, 42.620328 ], [ 2.415234, 42.620328 ], [ 2.420052, 42.620593 ], [ 2.424, 42.623001 ], [ 2.424585, 42.623352 ], [ 2.426631, 42.624421 ], [ 2.427482, 42.624414 ], [ 2.427834, 42.62434 ], [ 2.428434, 42.624156 ], [ 2.430054, 42.622364 ], [ 2.430137, 42.622013 ], [ 2.429882, 42.62015 ], [ 2.429145722362021, 42.618488472739472 ], [ 2.429107, 42.618882 ], [ 2.427616, 42.620908 ], [ 2.427346, 42.621146 ], [ 2.426573, 42.621305 ], [ 2.424369, 42.621782 ], [ 2.421066, 42.619534 ], [ 2.417942, 42.618995 ], [ 2.417897, 42.618637 ], [ 2.418355, 42.618212 ], [ 2.421587, 42.615917 ], [ 2.423354, 42.61537 ], [ 2.42383, 42.615398 ], [ 2.428902, 42.618184 ], [ 2.429105884257724, 42.618398571738972 ], [ 2.429056, 42.618286 ] ] ] } },
{ "type": "Feature", "properties": { "codgeo": "66149", "value": 240, "isochrone_group": 4.0, "nb_agences": 1 }, "geometry": { "type": "Polygon", "coordinates": [ [ [ 2.412156, 42.618685 ], [ 2.413588, 42.621452 ], [ 2.41615, 42.622785 ], [ 2.423335, 42.623846 ], [ 2.427771, 42.625548 ], [ 2.42815, 42.625722 ], [ 2.431644, 42.626131 ], [ 2.432026, 42.626021 ], [ 2.438862, 42.622685 ], [ 2.438938, 42.62262 ], [ 2.438901, 42.622458 ], [ 2.438871, 42.622406 ], [ 2.438705, 42.622347 ], [ 2.430967, 42.620143 ], [ 2.429678, 42.617588 ], [ 2.428523, 42.615388 ], [ 2.427989, 42.614019 ], [ 2.427556, 42.612802 ], [ 2.42648, 42.612221 ], [ 2.424887, 42.61175 ], [ 2.424307, 42.61161 ], [ 2.42395, 42.611559 ], [ 2.418569, 42.613296 ], [ 2.413736, 42.616108 ], [ 2.412074, 42.617053 ], [ 2.412016, 42.617791 ], [ 2.412016, 42.617994 ], [ 2.412017, 42.618175 ], [ 2.412064, 42.618429 ], [ 2.412156, 42.618685 ] ], [ [ 2.416494, 42.616984 ], [ 2.416536, 42.616938 ], [ 2.418983, 42.615521 ], [ 2.423676, 42.613575 ], [ 2.424534, 42.613453 ], [ 2.424841, 42.61364 ], [ 2.426975, 42.615967 ], [ 2.429056, 42.618286 ], [ 2.429882, 42.62015 ], [ 2.430137, 42.622013 ], [ 2.430054, 42.622364 ], [ 2.428434, 42.624156 ], [ 2.427834, 42.62434 ], [ 2.427482, 42.624414 ], [ 2.426631, 42.624421 ], [ 2.424585, 42.623352 ], [ 2.424, 42.623001 ], [ 2.420052, 42.620593 ], [ 2.415234, 42.620328 ], [ 2.415128, 42.620328 ], [ 2.414853, 42.620095 ], [ 2.414598, 42.61955 ], [ 2.414704, 42.619206 ], [ 2.416494, 42.616984 ] ] ] } },
{ "type": "Feature", "properties": { "codgeo": "66149", "value": 300, "isochrone_group": 5.0, "nb_agences": 1 }, "geometry": { "type": "Polygon", "coordinates": [ [ [ 2.408563, 42.618653 ], [ 2.408596, 42.618723 ], [ 2.409116, 42.619654 ], [ 2.409855, 42.620633 ], [ 2.410135, 42.620965 ], [ 2.414723, 42.625611 ], [ 2.418043, 42.626923 ], [ 2.418909, 42.626878 ], [ 2.427496, 42.629396 ], [ 2.43505, 42.631417 ], [ 2.442419, 42.633533 ], [ 2.442741, 42.633633 ], [ 2.443302, 42.633545 ], [ 2.443917, 42.633329 ], [ 2.443982, 42.633292 ], [ 2.444451, 42.630561 ], [ 2.446381, 42.623095 ], [ 2.445147, 42.620314 ], [ 2.443914, 42.619358 ], [ 2.443355, 42.619074 ], [ 2.441868, 42.618828 ], [ 2.436452, 42.618378 ], [ 2.432562, 42.612453 ], [ 2.432467, 42.611559 ], [ 2.43238, 42.611307 ], [ 2.429492, 42.608057 ], [ 2.424473, 42.606928 ], [ 2.4169, 42.607846 ], [ 2.41652, 42.607908 ], [ 2.416394, 42.607941 ], [ 2.415406, 42.608899 ], [ 2.409739, 42.614974 ], [ 2.40868, 42.61815 ], [ 2.408563, 42.618653 ] ], [ [ 2.412017, 42.618175 ], [ 2.412016, 42.617994 ], [ 2.412016, 42.617791 ], [ 2.412074, 42.617053 ], [ 2.413736, 42.616108 ], [ 2.418569, 42.613296 ], [ 2.42395, 42.611559 ], [ 2.424307, 42.61161 ], [ 2.424887, 42.61175 ], [ 2.42648, 42.612221 ], [ 2.427556, 42.612802 ], [ 2.427989, 42.614019 ], [ 2.428523, 42.615388 ], [ 2.429678, 42.617588 ], [ 2.430967, 42.620143 ], [ 2.438705, 42.622347 ], [ 2.438871, 42.622406 ], [ 2.438901, 42.622458 ], [ 2.438938, 42.62262 ], [ 2.438862, 42.622685 ], [ 2.432026, 42.626021 ], [ 2.431644, 42.626131 ], [ 2.42815, 42.625722 ], [ 2.427771, 42.625548 ], [ 2.423335, 42.623846 ], [ 2.41615, 42.622785 ], [ 2.413588, 42.621452 ], [ 2.412156, 42.618685 ], [ 2.412064, 42.618429 ], [ 2.412017, 42.618175 ] ] ] } },
{ "type": "Feature", "properties": { "codgeo": "66149", "value": 360, "isochrone_group": 6.0, "nb_agences": 1 }, "geometry": { "type": "Polygon", "coordinates": [ [ [ 2.414738, 42.62664 ], [ 2.415809, 42.628125 ], [ 2.416812, 42.628585 ], [ 2.417597, 42.628912 ], [ 2.421235, 42.630454 ], [ 2.429205, 42.632784 ], [ 2.431076, 42.633077 ], [ 2.431648, 42.633143 ], [ 2.438552, 42.634403 ], [ 2.439647, 42.634569 ], [ 2.447062, 42.638873 ], [ 2.450532, 42.638317 ], [ 2.452866, 42.636458 ], [ 2.452811, 42.636206 ], [ 2.451852, 42.634967 ], [ 2.452295, 42.626404 ], [ 2.446733, 42.619482 ], [ 2.446504, 42.619225 ], [ 2.445992, 42.618826 ], [ 2.445223, 42.618601 ], [ 2.436688, 42.616368 ], [ 2.435074, 42.614479 ], [ 2.433348, 42.610995 ], [ 2.431111, 42.605929 ], [ 2.431, 42.605592 ], [ 2.428379, 42.603416 ], [ 2.424467, 42.60302 ], [ 2.417748, 42.602973 ], [ 2.41663, 42.603239 ], [ 2.415244, 42.604533 ], [ 2.410739, 42.60909 ], [ 2.408279, 42.610905 ], [ 2.408247, 42.61095 ], [ 2.40603, 42.617066 ], [ 2.406074, 42.617361 ], [ 2.40624, 42.618147 ], [ 2.406882, 42.61926 ], [ 2.406926, 42.619279 ], [ 2.41110743699952, 42.621949730230995 ], [ 2.410135, 42.620965 ], [ 2.409855, 42.620633 ], [ 2.409116, 42.619654 ], [ 2.408596, 42.618723 ], [ 2.408563, 42.618653 ], [ 2.40868, 42.61815 ], [ 2.409739, 42.614974 ], [ 2.415406, 42.608899 ], [ 2.416394, 42.607941 ], [ 2.41652, 42.607908 ], [ 2.4169, 42.607846 ], [ 2.424473, 42.606928 ], [ 2.429492, 42.608057 ], [ 2.43238, 42.611307 ], [ 2.432467, 42.611559 ], [ 2.432562, 42.612453 ], [ 2.436452, 42.618378 ], [ 2.441868, 42.618828 ], [ 2.443355, 42.619074 ], [ 2.443914, 42.619358 ], [ 2.445147, 42.620314 ], [ 2.446381, 42.623095 ], [ 2.444451, 42.630561 ], [ 2.443982, 42.633292 ], [ 2.443917, 42.633329 ], [ 2.443302, 42.633545 ], [ 2.442741, 42.633633 ], [ 2.442419, 42.633533 ], [ 2.43505, 42.631417 ], [ 2.427496, 42.629396 ], [ 2.418909, 42.626878 ], [ 2.418043, 42.626923 ], [ 2.414723, 42.625611 ], [ 2.411831712572489, 42.622683161859591 ], [ 2.414738, 42.62664 ] ] ] } },
{ "type": "Feature", "properties": { "codgeo": "66149", "value": 420, "isochrone_group": 7.0, "nb_agences": 1 }, "geometry": { "type": "MultiPolygon", "coordinates": [ [ [ [ 2.439765, 42.635332 ], [ 2.441949, 42.640543 ], [ 2.442125, 42.64064 ], [ 2.442473, 42.640828 ], [ 2.442743, 42.640935 ], [ 2.443552, 42.641248 ], [ 2.444052, 42.641361 ], [ 2.452476, 42.641608 ], [ 2.453616, 42.642392 ], [ 2.454004, 42.64267 ], [ 2.454173, 42.642767 ], [ 2.454739, 42.642891 ], [ 2.456251, 42.641913 ], [ 2.456318, 42.641781 ], [ 2.456718, 42.636913 ], [ 2.458459, 42.629664 ], [ 2.452467, 42.623722 ], [ 2.449024, 42.616792 ], [ 2.449082, 42.615301 ], [ 2.449127, 42.614239 ], [ 2.449124, 42.613986 ], [ 2.448325, 42.612762 ], [ 2.448259, 42.612718 ], [ 2.445524, 42.614029 ], [ 2.443721, 42.614663 ], [ 2.436649, 42.614083 ], [ 2.43486, 42.606757 ], [ 2.43636, 42.603735 ], [ 2.436186, 42.603599 ], [ 2.43556, 42.603276 ], [ 2.435, 42.603163 ], [ 2.433631, 42.603045 ], [ 2.429087, 42.6031 ], [ 2.42355, 42.602323 ], [ 2.417775, 42.598423 ], [ 2.416437, 42.597043 ], [ 2.415161, 42.595947 ], [ 2.415143, 42.595966 ], [ 2.41515, 42.600406 ], [ 2.415063, 42.601764 ], [ 2.411057, 42.607294 ], [ 2.40707, 42.607252 ], [ 2.406681, 42.607167 ], [ 2.406329, 42.607112 ], [ 2.406187, 42.607088 ], [ 2.405594, 42.610639 ], [ 2.405433, 42.611766 ], [ 2.405393, 42.613122 ], [ 2.405341, 42.614777 ], [ 2.406373976571048, 42.616117077713781 ], [ 2.408247, 42.61095 ], [ 2.408279, 42.610905 ], [ 2.410739, 42.60909 ], [ 2.415244, 42.604533 ], [ 2.41663, 42.603239 ], [ 2.417748, 42.602973 ], [ 2.424467, 42.60302 ], [ 2.428379, 42.603416 ], [ 2.431, 42.605592 ], [ 2.431111, 42.605929 ], [ 2.433348, 42.610995 ], [ 2.435074, 42.614479 ], [ 2.436688, 42.616368 ], [ 2.445223, 42.618601 ], [ 2.445992, 42.618826 ], [ 2.446504, 42.619225 ], [ 2.446733, 42.619482 ], [ 2.452295, 42.626404 ], [ 2.451852, 42.634967 ], [ 2.452811, 42.636206 ], [ 2.452866, 42.636458 ], [ 2.450532, 42.638317 ], [ 2.447062, 42.638873 ], [ 2.439647, 42.634569 ], [ 2.438552, 42.634403 ], [ 2.43848895924816, 42.634391494880177 ], [ 2.439765, 42.635332 ] ] ], [ [ [ 2.423059, 42.633959 ], [ 2.423462, 42.634123 ], [ 2.423772, 42.634224 ], [ 2.424279, 42.634305 ], [ 2.424734, 42.634289 ], [ 2.426172, 42.634133 ], [ 2.426303, 42.634071 ], [ 2.427386, 42.633576 ], [ 2.42880170032563, 42.632666096832949 ], [ 2.421678453071345, 42.630583641864014 ], [ 2.423059, 42.633959 ] ] ], [ [ [ 2.414206, 42.627353 ], [ 2.414444, 42.627704 ], [ 2.414532, 42.627823 ], [ 2.414729, 42.627974 ], [ 2.415014, 42.628048 ], [ 2.415997794014923, 42.628211585490384 ], [ 2.415809, 42.628125 ], [ 2.414738, 42.62664 ], [ 2.411457, 42.622173 ], [ 2.41042555290329, 42.621514203288946 ], [ 2.414206, 42.627353 ] ] ] ] } },
{ "type": "Feature", "properties": { "codgeo": "66149", "value": 480, "isochrone_group": 8.0, "nb_agences": 1 }, "geometry": { "type": "MultiPolygon", "coordinates": [ [ [ [ 2.402947, 42.605726 ], [ 2.402704, 42.605624 ], [ 2.400504, 42.609425 ], [ 2.400903, 42.611617 ], [ 2.401277, 42.611824 ], [ 2.402724, 42.612482 ], [ 2.402975, 42.612614 ], [ 2.405352650296461, 42.614406206910729 ], [ 2.405393, 42.613122 ], [ 2.405433, 42.611766 ], [ 2.405594, 42.610639 ], [ 2.406187, 42.607088 ], [ 2.406329, 42.607112 ], [ 2.406681, 42.607167 ], [ 2.402947, 42.605726 ] ] ], [ [ [ 2.419862, 42.597063 ], [ 2.420317, 42.592912 ], [ 2.417092, 42.591312 ], [ 2.414869, 42.59359 ], [ 2.414586, 42.593976 ], [ 2.412247, 42.598836 ], [ 2.411993, 42.599378 ], [ 2.408826165165696, 42.607270499858778 ], [ 2.411057, 42.607294 ], [ 2.415063, 42.601764 ], [ 2.41515, 42.600406 ], [ 2.415143, 42.595966 ], [ 2.415161, 42.595947 ], [ 2.416437, 42.597043 ], [ 2.417775, 42.598423 ], [ 2.42355, 42.602323 ], [ 2.423974209119524, 42.602382528713356 ], [ 2.419862, 42.597063 ] ] ], [ [ [ 2.433349, 42.63815 ], [ 2.435411, 42.638982 ], [ 2.436088, 42.639232 ], [ 2.443525, 42.641969 ], [ 2.444491, 42.642037 ], [ 2.453136, 42.643722 ], [ 2.45443, 42.644746 ], [ 2.455027, 42.645203 ], [ 2.455863, 42.645672 ], [ 2.456712, 42.645553 ], [ 2.457234, 42.645382 ], [ 2.463226, 42.643462 ], [ 2.46488, 42.641855 ], [ 2.467468, 42.633271 ], [ 2.462355, 42.629011 ], [ 2.457119, 42.624023 ], [ 2.45512, 42.621028 ], [ 2.452445, 42.613641 ], [ 2.448519, 42.60686 ], [ 2.446952, 42.606461 ], [ 2.439067, 42.602162 ], [ 2.438772, 42.60134 ], [ 2.438545, 42.600509 ], [ 2.438392, 42.600108 ], [ 2.435389, 42.601177 ], [ 2.43503, 42.601396 ], [ 2.429087, 42.6031 ], [ 2.433631, 42.603045 ], [ 2.435, 42.603163 ], [ 2.43556, 42.603276 ], [ 2.436186, 42.603599 ], [ 2.43636, 42.603735 ], [ 2.43486, 42.606757 ], [ 2.436649, 42.614083 ], [ 2.443721, 42.614663 ], [ 2.445524, 42.614029 ], [ 2.448259, 42.612718 ], [ 2.448325, 42.612762 ], [ 2.449124, 42.613986 ], [ 2.449127, 42.614239 ], [ 2.449082, 42.615301 ], [ 2.449024, 42.616792 ], [ 2.452467, 42.623722 ], [ 2.458459, 42.629664 ], [ 2.456718, 42.636913 ], [ 2.456318, 42.641781 ], [ 2.456251, 42.641913 ], [ 2.454739, 42.642891 ], [ 2.454173, 42.642767 ], [ 2.454004, 42.64267 ], [ 2.453616, 42.642392 ], [ 2.452476, 42.641608 ], [ 2.444052, 42.641361 ], [ 2.443552, 42.641248 ], [ 2.442743, 42.640935 ], [ 2.442473, 42.640828 ], [ 2.442125, 42.64064 ], [ 2.441949, 42.640543 ], [ 2.439765, 42.635332 ], [ 2.434688, 42.63159 ], [ 2.429516, 42.632207 ], [ 2.427386, 42.633576 ], [ 2.426303, 42.634071 ], [ 2.426172, 42.634133 ], [ 2.425958466448797, 42.634156164974947 ], [ 2.433349, 42.63815 ] ] ], [ [ [ 2.412649, 42.627983 ], [ 2.413658, 42.629359 ], [ 2.41533, 42.630431 ], [ 2.421212, 42.63584 ], [ 2.421583, 42.635616 ], [ 2.424302, 42.634476 ], [ 2.42498579059042, 42.634261684748196 ], [ 2.424734, 42.634289 ], [ 2.424279, 42.634305 ], [ 2.423772, 42.634224 ], [ 2.423462, 42.634123 ], [ 2.423059, 42.633959 ], [ 2.421052, 42.629052 ], [ 2.415014, 42.628048 ], [ 2.414729, 42.627974 ], [ 2.414532, 42.627823 ], [ 2.414444, 42.627704 ], [ 2.414206, 42.627353 ], [ 2.409855, 42.620633 ], [ 2.412649, 42.627983 ] ] ] ] } },
{ "type": "Feature", "properties": { "codgeo": "66149", "value": 540, "isochrone_group": 9.0, "nb_agences": 1 }, "geometry": { "type": "MultiPolygon", "coordinates": [ [ [ [ 2.407231, 42.606129 ], [ 2.399397, 42.604997 ], [ 2.398452, 42.604137 ], [ 2.397974, 42.604004 ], [ 2.397221, 42.603959 ], [ 2.396566, 42.604123 ], [ 2.396423, 42.604188 ], [ 2.392214, 42.609939 ], [ 2.394335, 42.61262 ], [ 2.394762, 42.612685 ], [ 2.395593, 42.612576 ], [ 2.402975, 42.612614 ], [ 2.402724, 42.612482 ], [ 2.401277, 42.611824 ], [ 2.400903, 42.611617 ], [ 2.400504, 42.609425 ], [ 2.402704, 42.605624 ], [ 2.402947, 42.605726 ], [ 2.406681, 42.607167 ], [ 2.40707, 42.607252 ], [ 2.408773, 42.607403 ], [ 2.410744793388076, 42.602488825484699 ], [ 2.407231, 42.606129 ] ] ], [ [ [ 2.42239, 42.5916 ], [ 2.423562, 42.589886 ], [ 2.424002, 42.588447 ], [ 2.425062, 42.586708 ], [ 2.422485, 42.584193 ], [ 2.421836, 42.584797 ], [ 2.421288, 42.585437 ], [ 2.421029, 42.585861 ], [ 2.417881, 42.590044 ], [ 2.414493, 42.592331 ], [ 2.414048, 42.592735 ], [ 2.413719, 42.593103 ], [ 2.413682, 42.59339 ], [ 2.411868, 42.599364 ], [ 2.411382, 42.600104 ], [ 2.41078090406766, 42.602398829148136 ], [ 2.411993, 42.599378 ], [ 2.412247, 42.598836 ], [ 2.414586, 42.593976 ], [ 2.414869, 42.59359 ], [ 2.417092, 42.591312 ], [ 2.420317, 42.592912 ], [ 2.420089285101925, 42.594989460531693 ], [ 2.42239, 42.5916 ] ] ], [ [ [ 2.419939899844318, 42.596352313727976 ], [ 2.419862, 42.597063 ], [ 2.424467, 42.60302 ], [ 2.419939899844318, 42.596352313727976 ] ] ], [ [ [ 2.443888, 42.642872 ], [ 2.445384, 42.642815 ], [ 2.453416, 42.646646 ], [ 2.454142, 42.646792 ], [ 2.45498, 42.646757 ], [ 2.455354, 42.646712 ], [ 2.455831, 42.646617 ], [ 2.457802, 42.64614 ], [ 2.466286, 42.643542 ], [ 2.467517, 42.643533 ], [ 2.468937, 42.64361 ], [ 2.469364, 42.643581 ], [ 2.473103, 42.643418 ], [ 2.476629, 42.641424 ], [ 2.477807, 42.638022 ], [ 2.477342, 42.637861 ], [ 2.474802, 42.636827 ], [ 2.46977, 42.63401 ], [ 2.466678, 42.630987 ], [ 2.462389, 42.623239 ], [ 2.461711, 42.620256 ], [ 2.461489, 42.61982 ], [ 2.460889, 42.61917 ], [ 2.456318, 42.614439 ], [ 2.45547, 42.613421 ], [ 2.455398, 42.613381 ], [ 2.451916, 42.61154 ], [ 2.450034, 42.603792 ], [ 2.450127, 42.603179 ], [ 2.450025, 42.601917 ], [ 2.44983, 42.601362 ], [ 2.449579, 42.600854 ], [ 2.449354, 42.600544 ], [ 2.446109, 42.600137 ], [ 2.438729, 42.595621 ], [ 2.438235, 42.595092 ], [ 2.437664, 42.594523 ], [ 2.434585, 42.595045 ], [ 2.434561, 42.595124 ], [ 2.434588, 42.596254 ], [ 2.434307, 42.597871 ], [ 2.429087, 42.6031 ], [ 2.43503, 42.601396 ], [ 2.435389, 42.601177 ], [ 2.438392, 42.600108 ], [ 2.438545, 42.600509 ], [ 2.438772, 42.60134 ], [ 2.439067, 42.602162 ], [ 2.446952, 42.606461 ], [ 2.448519, 42.60686 ], [ 2.452445, 42.613641 ], [ 2.45512, 42.621028 ], [ 2.457119, 42.624023 ], [ 2.462355, 42.629011 ], [ 2.467468, 42.633271 ], [ 2.46488, 42.641855 ], [ 2.463226, 42.643462 ], [ 2.457234, 42.645382 ], [ 2.456712, 42.645553 ], [ 2.455863, 42.645672 ], [ 2.455027, 42.645203 ], [ 2.45443, 42.644746 ], [ 2.453136, 42.643722 ], [ 2.444491, 42.642037 ], [ 2.443525, 42.641969 ], [ 2.436088, 42.639232 ], [ 2.443888, 42.642872 ] ] ], [ [ [ 2.408005, 42.625029 ], [ 2.407626, 42.625895 ], [ 2.407605, 42.626547 ], [ 2.408061, 42.627657 ], [ 2.409148, 42.628569 ], [ 2.412925, 42.636707 ], [ 2.412885, 42.637661 ], [ 2.413133, 42.638335 ], [ 2.416584, 42.638351 ], [ 2.42186, 42.637365 ], [ 2.423154, 42.636979 ], [ 2.426272, 42.636369 ], [ 2.427563, 42.636158 ], [ 2.435411, 42.638982 ], [ 2.433349, 42.63815 ], [ 2.425725, 42.63403 ], [ 2.424302, 42.634476 ], [ 2.421583, 42.635616 ], [ 2.421212, 42.63584 ], [ 2.41533, 42.630431 ], [ 2.413658, 42.629359 ], [ 2.412649, 42.627983 ], [ 2.409855, 42.620633 ], [ 2.40782618376267, 42.616810146738757 ], [ 2.408005, 42.625029 ] ] ] ] } },
{ "type": "Feature", "properties": { "codgeo": "66149", "value": 600, "isochrone_group": 10.0, "nb_agences": 1 }, "geometry": { "type": "MultiPolygon", "coordinates": [ [ [ [ 2.408389, 42.604782 ], [ 2.400936, 42.60379 ], [ 2.40062, 42.60361 ], [ 2.400202, 42.603459 ], [ 2.399566, 42.603315 ], [ 2.395771, 42.602567 ], [ 2.395232, 42.602611 ], [ 2.392903, 42.602733 ], [ 2.391975, 42.604234 ], [ 2.3918, 42.604492 ], [ 2.385291, 42.610465 ], [ 2.384748, 42.6109 ], [ 2.384573, 42.611123 ], [ 2.384964, 42.614451 ], [ 2.385454, 42.614455 ], [ 2.389187, 42.614326 ], [ 2.391841, 42.614183 ], [ 2.39245, 42.614104 ], [ 2.392883, 42.613976 ], [ 2.393371, 42.61371 ], [ 2.398581, 42.61262 ], [ 2.403314, 42.612753 ], [ 2.402975, 42.612614 ], [ 2.395593, 42.612576 ], [ 2.394762, 42.612685 ], [ 2.394335, 42.61262 ], [ 2.392214, 42.609939 ], [ 2.396423, 42.604188 ], [ 2.396566, 42.604123 ], [ 2.397221, 42.603959 ], [ 2.397974, 42.604004 ], [ 2.398452, 42.604137 ], [ 2.399397, 42.604997 ], [ 2.407231, 42.606129 ], [ 2.410762, 42.602471 ], [ 2.411382, 42.600104 ], [ 2.408389, 42.604782 ] ] ], [ [ [ 2.415029, 42.591175 ], [ 2.413964, 42.591977 ], [ 2.413913, 42.592147 ], [ 2.413821314586355, 42.592988556936831 ], [ 2.414048, 42.592735 ], [ 2.414493, 42.592331 ], [ 2.417881, 42.590044 ], [ 2.421029, 42.585861 ], [ 2.421288, 42.585437 ], [ 2.415029, 42.591175 ] ] ], [ [ [ 2.427175, 42.585683 ], [ 2.427447, 42.585356 ], [ 2.428383, 42.584261 ], [ 2.428902, 42.583515 ], [ 2.429111, 42.582826 ], [ 2.427967, 42.579983 ], [ 2.42724, 42.579926 ], [ 2.426497, 42.580126 ], [ 2.426019, 42.580414 ], [ 2.424055, 42.582365 ], [ 2.421836, 42.584797 ], [ 2.422485, 42.584193 ], [ 2.425062, 42.586708 ], [ 2.424002, 42.588447 ], [ 2.427175, 42.585683 ] ] ], [ [ [ 2.421949, 42.593314 ], [ 2.421985, 42.593114 ], [ 2.422147, 42.59245 ], [ 2.422341, 42.591792 ], [ 2.422526305216645, 42.591400659435728 ], [ 2.42239, 42.5916 ], [ 2.419552, 42.595781 ], [ 2.420140767962928, 42.596648159976318 ], [ 2.421949, 42.593314 ] ] ], [ [ [ 2.424467, 42.60302 ], [ 2.429087, 42.6031 ], [ 2.430752160438203, 42.601431968595499 ], [ 2.424467, 42.60302 ] ] ], [ [ [ 2.431758892178248, 42.600423501111088 ], [ 2.434307, 42.597871 ], [ 2.434588, 42.596254 ], [ 2.434561, 42.595124 ], [ 2.431758892178248, 42.600423501111088 ] ] ], [ [ [ 2.453247, 42.598567 ], [ 2.453121, 42.596889 ], [ 2.453011, 42.594975 ], [ 2.452276, 42.595023 ], [ 2.451381, 42.595147 ], [ 2.449926, 42.595639 ], [ 2.447755, 42.597468 ], [ 2.441085, 42.592537 ], [ 2.437647, 42.591627 ], [ 2.437587, 42.591689 ], [ 2.437292, 42.59212 ], [ 2.435783, 42.593843 ], [ 2.434646270546212, 42.595034612463408 ], [ 2.437664, 42.594523 ], [ 2.438235, 42.595092 ], [ 2.438729, 42.595621 ], [ 2.446109, 42.600137 ], [ 2.449354, 42.600544 ], [ 2.449579, 42.600854 ], [ 2.44983, 42.601362 ], [ 2.450025, 42.601917 ], [ 2.450127, 42.603179 ], [ 2.453247, 42.598567 ] ] ], [ [ [ 2.45324, 42.608866 ], [ 2.453174, 42.608722 ], [ 2.452404, 42.607955 ], [ 2.452334, 42.607903 ], [ 2.450127, 42.603179 ], [ 2.450034, 42.603792 ], [ 2.451916, 42.61154 ], [ 2.454530641579675, 42.612922411013258 ], [ 2.45324, 42.608866 ] ] ], [ [ [ 2.473175, 42.644458 ], [ 2.47413, 42.644668 ], [ 2.480981, 42.645939 ], [ 2.482867, 42.643593 ], [ 2.4838, 42.640116 ], [ 2.477155, 42.636124 ], [ 2.469622, 42.631776 ], [ 2.469546, 42.630257 ], [ 2.467914, 42.629249 ], [ 2.462706, 42.622343 ], [ 2.462281, 42.62063 ], [ 2.461223, 42.616446 ], [ 2.460874, 42.616141 ], [ 2.459739, 42.615537 ], [ 2.456499732055785, 42.614627093274109 ], [ 2.460889, 42.61917 ], [ 2.461489, 42.61982 ], [ 2.461711, 42.620256 ], [ 2.462389, 42.623239 ], [ 2.466678, 42.630987 ], [ 2.46977, 42.63401 ], [ 2.474802, 42.636827 ], [ 2.477342, 42.637861 ], [ 2.477807, 42.638022 ], [ 2.476629, 42.641424 ], [ 2.473103, 42.643418 ], [ 2.469364, 42.643581 ], [ 2.468937, 42.64361 ], [ 2.467517, 42.643533 ], [ 2.466286, 42.643542 ], [ 2.466015330960591, 42.64362488521504 ], [ 2.473175, 42.644458 ] ] ], [ [ [ 2.439532, 42.64164 ], [ 2.441428, 42.643382 ], [ 2.442126, 42.643211 ], [ 2.450356, 42.64559 ], [ 2.451223, 42.646025 ], [ 2.45153, 42.646143 ], [ 2.453416, 42.646646 ], [ 2.445384, 42.642815 ], [ 2.443888, 42.642872 ], [ 2.436088, 42.639232 ], [ 2.435411, 42.638982 ], [ 2.439532, 42.64164 ] ] ], [ [ [ 2.408238, 42.635891 ], [ 2.408077, 42.638589 ], [ 2.408134, 42.6388 ], [ 2.408344, 42.639416 ], [ 2.408995, 42.640281 ], [ 2.409438, 42.640781 ], [ 2.40981, 42.641103 ], [ 2.410382, 42.641424 ], [ 2.412005, 42.641871 ], [ 2.412538, 42.641901 ], [ 2.413077, 42.641845 ], [ 2.413812, 42.641774 ], [ 2.414661, 42.641642 ], [ 2.416179, 42.64115 ], [ 2.418336, 42.639117 ], [ 2.426393, 42.637765 ], [ 2.427601, 42.637844 ], [ 2.428477, 42.637825 ], [ 2.435411, 42.638982 ], [ 2.427563, 42.636158 ], [ 2.426272, 42.636369 ], [ 2.423154, 42.636979 ], [ 2.42186, 42.637365 ], [ 2.416584, 42.638351 ], [ 2.413133, 42.638335 ], [ 2.412885, 42.637661 ], [ 2.412925, 42.636707 ], [ 2.409148, 42.628569 ], [ 2.408061, 42.627657 ], [ 2.408238, 42.635891 ] ] ], [ [ [ 2.407055, 42.621233 ], [ 2.406085, 42.6247 ], [ 2.408061, 42.627657 ], [ 2.407605, 42.626547 ], [ 2.407626, 42.625895 ], [ 2.408005, 42.625029 ], [ 2.407818, 42.616434 ], [ 2.407349, 42.615911 ], [ 2.406797, 42.615232 ], [ 2.407055, 42.621233 ] ] ] ] } },
{ "type": "Feature", "properties": { "codgeo": "66149", "value": 660, "isochrone_group": 11.0, "nb_agences": 1 }, "geometry": { "type": "MultiPolygon", "coordinates": [ [ [ [ 2.392555, 42.602199 ], [ 2.390866, 42.60186 ], [ 2.390437, 42.601767 ], [ 2.387629, 42.600994 ], [ 2.3839, 42.59973 ], [ 2.383735, 42.599661 ], [ 2.382505, 42.600469 ], [ 2.381934, 42.601151 ], [ 2.381919, 42.601216 ], [ 2.382347, 42.602983 ], [ 2.377907, 42.610792 ], [ 2.376669, 42.610826 ], [ 2.376084, 42.610906 ], [ 2.375057, 42.611165 ], [ 2.375417, 42.614747 ], [ 2.375646, 42.614724 ], [ 2.379823, 42.614599 ], [ 2.380778, 42.614626 ], [ 2.382216, 42.614587 ], [ 2.383021, 42.614541 ], [ 2.384415, 42.614489 ], [ 2.384794, 42.614482 ], [ 2.385454, 42.614455 ], [ 2.384964, 42.614451 ], [ 2.384573, 42.611123 ], [ 2.384748, 42.6109 ], [ 2.385291, 42.610465 ], [ 2.3918, 42.604492 ], [ 2.391975, 42.604234 ], [ 2.392903, 42.602733 ], [ 2.394171120771916, 42.602666572033421 ], [ 2.392555, 42.602199 ] ] ], [ [ [ 2.403542, 42.602347 ], [ 2.402837, 42.602212 ], [ 2.402495, 42.602206 ], [ 2.397599166807566, 42.602927334327298 ], [ 2.399566, 42.603315 ], [ 2.400202, 42.603459 ], [ 2.40062, 42.60361 ], [ 2.400936, 42.60379 ], [ 2.408389, 42.604782 ], [ 2.411382, 42.600104 ], [ 2.411868, 42.599364 ], [ 2.403542, 42.602347 ] ] ], [ [ [ 2.414871, 42.588565 ], [ 2.414037, 42.588856 ], [ 2.412914, 42.58942 ], [ 2.412724, 42.590837 ], [ 2.411868, 42.599364 ], [ 2.413706, 42.594047 ], [ 2.413913, 42.592147 ], [ 2.413964, 42.591977 ], [ 2.415029, 42.591175 ], [ 2.421288, 42.585437 ], [ 2.414871, 42.588565 ] ] ], [ [ [ 2.426621, 42.578674 ], [ 2.426597, 42.57866 ], [ 2.425607, 42.578542 ], [ 2.424296, 42.579061 ], [ 2.424239, 42.579138 ], [ 2.423342, 42.582006 ], [ 2.421288, 42.585437 ], [ 2.421836, 42.584797 ], [ 2.424055, 42.582365 ], [ 2.426019, 42.580414 ], [ 2.426497, 42.580126 ], [ 2.42724, 42.579926 ], [ 2.427967, 42.579983 ], [ 2.426621, 42.578674 ] ] ], [ [ [ 2.46655, 42.621097 ], [ 2.463564, 42.613658 ], [ 2.462584, 42.611985 ], [ 2.462378, 42.611912 ], [ 2.461783, 42.611806 ], [ 2.456413, 42.608214 ], [ 2.455397, 42.606338 ], [ 2.457256, 42.598061 ], [ 2.45577, 42.594782 ], [ 2.454607, 42.592856 ], [ 2.452844, 42.592673 ], [ 2.450949, 42.593002 ], [ 2.444723, 42.587521 ], [ 2.444548, 42.586668 ], [ 2.444393, 42.586367 ], [ 2.444178, 42.586017 ], [ 2.442664, 42.586764 ], [ 2.441133, 42.587344 ], [ 2.440011, 42.587719 ], [ 2.438182, 42.588827 ], [ 2.435349, 42.591048 ], [ 2.42776, 42.586478 ], [ 2.428902, 42.583515 ], [ 2.428383, 42.584261 ], [ 2.427447, 42.585356 ], [ 2.427175, 42.585683 ], [ 2.424002, 42.588447 ], [ 2.423512, 42.589319 ], [ 2.422341, 42.591792 ], [ 2.422147, 42.59245 ], [ 2.421985, 42.593114 ], [ 2.421949, 42.593314 ], [ 2.419515, 42.597802 ], [ 2.424467, 42.60302 ], [ 2.431037, 42.60136 ], [ 2.431462, 42.600985 ], [ 2.434561, 42.595124 ], [ 2.435783, 42.593843 ], [ 2.437292, 42.59212 ], [ 2.437587, 42.591689 ], [ 2.437647, 42.591627 ], [ 2.441085, 42.592537 ], [ 2.447755, 42.597468 ], [ 2.449926, 42.595639 ], [ 2.451381, 42.595147 ], [ 2.452276, 42.595023 ], [ 2.453011, 42.594975 ], [ 2.453121, 42.596889 ], [ 2.453247, 42.598567 ], [ 2.450127, 42.603179 ], [ 2.452334, 42.607903 ], [ 2.452404, 42.607955 ], [ 2.453174, 42.608722 ], [ 2.45324, 42.608866 ], [ 2.454933, 42.614187 ], [ 2.459739, 42.615537 ], [ 2.460874, 42.616141 ], [ 2.461223, 42.616446 ], [ 2.462281, 42.62063 ], [ 2.462706, 42.622343 ], [ 2.467914, 42.629249 ], [ 2.46655, 42.621097 ] ] ], [ [ [ 2.474928, 42.645573 ], [ 2.475792, 42.645727 ], [ 2.478515, 42.646175 ], [ 2.479451, 42.646231 ], [ 2.487676, 42.647834 ], [ 2.488354, 42.647678 ], [ 2.488745, 42.647561 ], [ 2.489895, 42.644999 ], [ 2.487678, 42.641135 ], [ 2.48696, 42.640129 ], [ 2.484043, 42.637656 ], [ 2.48355, 42.637438 ], [ 2.478701, 42.634852 ], [ 2.471215, 42.630915 ], [ 2.47079, 42.63034 ], [ 2.470578, 42.630292 ], [ 2.469289, 42.629842 ], [ 2.467914, 42.629249 ], [ 2.469546, 42.630257 ], [ 2.469622, 42.631776 ], [ 2.477155, 42.636124 ], [ 2.4838, 42.640116 ], [ 2.482867, 42.643593 ], [ 2.480981, 42.645939 ], [ 2.47413, 42.644668 ], [ 2.473175, 42.644458 ], [ 2.467249995869062, 42.643768553530421 ], [ 2.474928, 42.645573 ] ] ], [ [ [ 2.45091, 42.647076 ], [ 2.453056, 42.647982 ], [ 2.453276, 42.647875 ], [ 2.455831, 42.646617 ], [ 2.455354, 42.646712 ], [ 2.45498, 42.646757 ], [ 2.454142, 42.646792 ], [ 2.453416, 42.646646 ], [ 2.45153, 42.646143 ], [ 2.451223, 42.646025 ], [ 2.450356, 42.64559 ], [ 2.448896103660482, 42.645167995942685 ], [ 2.45091, 42.647076 ] ] ], [ [ [ 2.441643, 42.644007 ], [ 2.442391, 42.643968 ], [ 2.44848830226654, 42.645050115078007 ], [ 2.442126, 42.643211 ], [ 2.441428, 42.643382 ], [ 2.439532, 42.64164 ], [ 2.441643, 42.644007 ] ] ], [ [ [ 2.406938, 42.636078 ], [ 2.405839, 42.636432 ], [ 2.403784, 42.637219 ], [ 2.403359, 42.637359 ], [ 2.402594, 42.637944 ], [ 2.402241, 42.638593 ], [ 2.40135, 42.640055 ], [ 2.403279, 42.64289 ], [ 2.403395, 42.642848 ], [ 2.40478, 42.642206 ], [ 2.413231, 42.643194 ], [ 2.413628, 42.643253 ], [ 2.414267, 42.643212 ], [ 2.414777, 42.643096 ], [ 2.417643, 42.642244 ], [ 2.418216, 42.64206 ], [ 2.419129, 42.641672 ], [ 2.419636, 42.641388 ], [ 2.420562, 42.640901 ], [ 2.421301, 42.639751 ], [ 2.426541531906679, 42.637774713593245 ], [ 2.426393, 42.637765 ], [ 2.418336, 42.639117 ], [ 2.416179, 42.64115 ], [ 2.414661, 42.641642 ], [ 2.413812, 42.641774 ], [ 2.413077, 42.641845 ], [ 2.412538, 42.641901 ], [ 2.412005, 42.641871 ], [ 2.410382, 42.641424 ], [ 2.40981, 42.641103 ], [ 2.409438, 42.640781 ], [ 2.408995, 42.640281 ], [ 2.408344, 42.639416 ], [ 2.408134, 42.6388 ], [ 2.408077, 42.638589 ], [ 2.408238, 42.635891 ], [ 2.408061, 42.627657 ], [ 2.406938, 42.636078 ] ] ], [ [ [ 2.40213, 42.620201 ], [ 2.401368, 42.622048 ], [ 2.401238, 42.622414 ], [ 2.401213, 42.623101 ], [ 2.401657, 42.62412 ], [ 2.402179, 42.624573 ], [ 2.402594, 42.624806 ], [ 2.403014, 42.624966 ], [ 2.403733, 42.625109 ], [ 2.408061, 42.627657 ], [ 2.406085, 42.6247 ], [ 2.407055, 42.621233 ], [ 2.406797, 42.615232 ], [ 2.403314, 42.612753 ], [ 2.401705155315079, 42.612707790546558 ], [ 2.40213, 42.620201 ] ] ] ] } },
{ "type": "Feature", "properties": { "codgeo": "66149", "value": 720, "isochrone_group": 12.0, "nb_agences": 1 }, "geometry": { "type": "MultiPolygon", "coordinates": [ [ [ [ 2.373436, 42.610127 ], [ 2.373, 42.609859 ], [ 2.37214, 42.609542 ], [ 2.371542, 42.609271 ], [ 2.370806, 42.609068 ], [ 2.370374, 42.609052 ], [ 2.369322, 42.609194 ], [ 2.368673, 42.609453 ], [ 2.368208, 42.60972 ], [ 2.36617, 42.610974 ], [ 2.366264, 42.61128 ], [ 2.366488, 42.611756 ], [ 2.367315, 42.612513 ], [ 2.367588, 42.612721 ], [ 2.36837, 42.613136 ], [ 2.371779, 42.614097 ], [ 2.372556, 42.614365 ], [ 2.374471, 42.614638 ], [ 2.37509, 42.61475 ], [ 2.375415770465259, 42.614734766129317 ], [ 2.375057, 42.611165 ], [ 2.376084, 42.610906 ], [ 2.376669, 42.610826 ], [ 2.373436, 42.610127 ] ] ], [ [ [ 2.382468, 42.600192 ], [ 2.378189, 42.595447 ], [ 2.377838, 42.595276 ], [ 2.374708, 42.595856 ], [ 2.374669, 42.596147 ], [ 2.374791, 42.597087 ], [ 2.375397, 42.597922 ], [ 2.376322, 42.598525 ], [ 2.380512, 42.603162 ], [ 2.376669, 42.610826 ], [ 2.377907, 42.610792 ], [ 2.382347, 42.602983 ], [ 2.381919, 42.601216 ], [ 2.381934, 42.601151 ], [ 2.382505, 42.600469 ], [ 2.382838925969463, 42.600249640501367 ], [ 2.382468, 42.600192 ] ] ], [ [ [ 2.389952, 42.601117 ], [ 2.389161, 42.600944 ], [ 2.38807, 42.600927 ], [ 2.387629, 42.600994 ], [ 2.390437, 42.601767 ], [ 2.390866, 42.60186 ], [ 2.392555, 42.602199 ], [ 2.39341041940325, 42.602446487809537 ], [ 2.389952, 42.601117 ] ] ], [ [ [ 2.404313, 42.60137 ], [ 2.401034, 42.600871 ], [ 2.395327634574884, 42.603001171724181 ], [ 2.395925, 42.603174 ], [ 2.402495, 42.602206 ], [ 2.402837, 42.602212 ], [ 2.403542, 42.602347 ], [ 2.411868, 42.599364 ], [ 2.411910206018027, 42.598943566920887 ], [ 2.404313, 42.60137 ] ] ], [ [ [ 2.41463, 42.587897 ], [ 2.413147, 42.587501 ], [ 2.412221, 42.587903 ], [ 2.411415, 42.588573 ], [ 2.411883, 42.589937 ], [ 2.412463, 42.591149 ], [ 2.412373719887553, 42.594326297335087 ], [ 2.412724, 42.590837 ], [ 2.412914, 42.58942 ], [ 2.414037, 42.588856 ], [ 2.414871, 42.588565 ], [ 2.421288, 42.585437 ], [ 2.41463, 42.587897 ] ] ], [ [ [ 2.47368, 42.631135 ], [ 2.4714, 42.630259 ], [ 2.467195, 42.624022 ], [ 2.469344, 42.616781 ], [ 2.465382, 42.610995 ], [ 2.464024, 42.60936 ], [ 2.463642, 42.609055 ], [ 2.459154, 42.60547 ], [ 2.459506, 42.598034 ], [ 2.459876, 42.596055 ], [ 2.459333, 42.59532 ], [ 2.456788, 42.592225 ], [ 2.455159, 42.59238 ], [ 2.45203, 42.591998 ], [ 2.451376, 42.591834 ], [ 2.450553, 42.59157 ], [ 2.445119, 42.584581 ], [ 2.445056, 42.584501 ], [ 2.444695, 42.584046 ], [ 2.441373, 42.583254 ], [ 2.434537, 42.584742 ], [ 2.430209, 42.578262 ], [ 2.43023, 42.577619 ], [ 2.430232, 42.577589 ], [ 2.429611, 42.576416 ], [ 2.429421, 42.57618 ], [ 2.427633, 42.575841 ], [ 2.423843, 42.577417 ], [ 2.423729, 42.577557 ], [ 2.423316, 42.578116 ], [ 2.422471, 42.579252 ], [ 2.421288, 42.585437 ], [ 2.423342, 42.582006 ], [ 2.424239, 42.579138 ], [ 2.424296, 42.579061 ], [ 2.425607, 42.578542 ], [ 2.426597, 42.57866 ], [ 2.426621, 42.578674 ], [ 2.427967, 42.579983 ], [ 2.429111, 42.582826 ], [ 2.428902, 42.583515 ], [ 2.42776, 42.586478 ], [ 2.435349, 42.591048 ], [ 2.438182, 42.588827 ], [ 2.440011, 42.587719 ], [ 2.441133, 42.587344 ], [ 2.442664, 42.586764 ], [ 2.444178, 42.586017 ], [ 2.444393, 42.586367 ], [ 2.444548, 42.586668 ], [ 2.444723, 42.587521 ], [ 2.450949, 42.593002 ], [ 2.452844, 42.592673 ], [ 2.454607, 42.592856 ], [ 2.45577, 42.594782 ], [ 2.457256, 42.598061 ], [ 2.455397, 42.606338 ], [ 2.456413, 42.608214 ], [ 2.461783, 42.611806 ], [ 2.462378, 42.611912 ], [ 2.462584, 42.611985 ], [ 2.463564, 42.613658 ], [ 2.46655, 42.621097 ], [ 2.467914, 42.629249 ], [ 2.469289, 42.629842 ], [ 2.470578, 42.630292 ], [ 2.47079, 42.63034 ], [ 2.471215, 42.630915 ], [ 2.477358932647387, 42.634146186592687 ], [ 2.47368, 42.631135 ] ] ], [ [ [ 2.486566, 42.649977 ], [ 2.487067, 42.650607 ], [ 2.488218, 42.651806 ], [ 2.489106, 42.652104 ], [ 2.489822, 42.652046 ], [ 2.490359, 42.651825 ], [ 2.490921, 42.651344 ], [ 2.49546, 42.645876 ], [ 2.495943, 42.643927 ], [ 2.495872, 42.643429 ], [ 2.495591, 42.642278 ], [ 2.487607, 42.63813 ], [ 2.485725, 42.636467 ], [ 2.485611, 42.63643 ], [ 2.479202431956298, 42.635119416588779 ], [ 2.48355, 42.637438 ], [ 2.484043, 42.637656 ], [ 2.48696, 42.640129 ], [ 2.487678, 42.641135 ], [ 2.489895, 42.644999 ], [ 2.488745, 42.647561 ], [ 2.488354, 42.647678 ], [ 2.487676, 42.647834 ], [ 2.479451, 42.646231 ], [ 2.486566, 42.649977 ] ] ], [ [ [ 2.473028, 42.647007 ], [ 2.473139, 42.647079 ], [ 2.473343, 42.647197 ], [ 2.473688, 42.647396 ], [ 2.47469, 42.64747 ], [ 2.474872, 42.647452 ], [ 2.475273, 42.647418 ], [ 2.475714, 42.647337 ], [ 2.47626, 42.647204 ], [ 2.479451, 42.646231 ], [ 2.478515, 42.646175 ], [ 2.475792, 42.645727 ], [ 2.474928, 42.645573 ], [ 2.466286, 42.643542 ], [ 2.465621, 42.643579 ], [ 2.473028, 42.647007 ] ] ], [ [ [ 2.450163, 42.648194 ], [ 2.452403, 42.649005 ], [ 2.45283, 42.648799 ], [ 2.455831, 42.646617 ], [ 2.453276, 42.647875 ], [ 2.453056, 42.647982 ], [ 2.45091, 42.647076 ], [ 2.448837, 42.645112 ], [ 2.450163, 42.648194 ] ] ], [ [ [ 2.43836, 42.643504 ], [ 2.441539, 42.644916 ], [ 2.448837, 42.645112 ], [ 2.442391, 42.643968 ], [ 2.441643, 42.644007 ], [ 2.439532, 42.64164 ], [ 2.435411, 42.638982 ], [ 2.43836, 42.643504 ] ] ], [ [ [ 2.411444, 42.645191 ], [ 2.414074, 42.64765 ], [ 2.415547, 42.646544 ], [ 2.415945, 42.646139 ], [ 2.420562, 42.640901 ], [ 2.419636, 42.641388 ], [ 2.419129, 42.641672 ], [ 2.418216, 42.64206 ], [ 2.417643, 42.642244 ], [ 2.414777, 42.643096 ], [ 2.414267, 42.643212 ], [ 2.413628, 42.643253 ], [ 2.413231, 42.643194 ], [ 2.40478, 42.642206 ], [ 2.403395, 42.642848 ], [ 2.411444, 42.645191 ] ] ], [ [ [ 2.399947, 42.639027 ], [ 2.398602, 42.639339 ], [ 2.397757, 42.639429 ], [ 2.397233, 42.639535 ], [ 2.397055, 42.639597 ], [ 2.395623, 42.642043 ], [ 2.394134, 42.643907 ], [ 2.394133, 42.643984 ], [ 2.394559, 42.645483 ], [ 2.395248, 42.645696 ], [ 2.395575, 42.645771 ], [ 2.396443, 42.64581 ], [ 2.399041, 42.645921 ], [ 2.399139, 42.645901 ], [ 2.403395, 42.642848 ], [ 2.403279, 42.64289 ], [ 2.40135, 42.640055 ], [ 2.402241, 42.638593 ], [ 2.402594, 42.637944 ], [ 2.403359, 42.637359 ], [ 2.399947, 42.639027 ] ] ], [ [ [ 2.395052, 42.62094 ], [ 2.397181, 42.623524 ], [ 2.397206, 42.623542 ], [ 2.398009, 42.623607 ], [ 2.398413, 42.623596 ], [ 2.402179, 42.624573 ], [ 2.401657, 42.62412 ], [ 2.401213, 42.623101 ], [ 2.401238, 42.622414 ], [ 2.401368, 42.622048 ], [ 2.40213, 42.620201 ], [ 2.401661, 42.611929 ], [ 2.396542, 42.612235 ], [ 2.395593, 42.612576 ], [ 2.393371, 42.61371 ], [ 2.392883, 42.613976 ], [ 2.39245, 42.614104 ], [ 2.391841, 42.614183 ], [ 2.389727, 42.614245 ], [ 2.389187, 42.614326 ], [ 2.395052, 42.62094 ] ] ] ] } },
{ "type": "Feature", "properties": { "codgeo": "66149", "value": 780, "isochrone_group": 13.0, "nb_agences": 1 }, "geometry": { "type": "MultiPolygon", "coordinates": [ [ [ [ 2.368649, 42.607995 ], [ 2.368057, 42.607609 ], [ 2.367547, 42.607469 ], [ 2.366761, 42.607509 ], [ 2.365605, 42.607888 ], [ 2.362651, 42.608821 ], [ 2.36212, 42.612507 ], [ 2.362793, 42.613257 ], [ 2.363223, 42.613567 ], [ 2.363538, 42.613744 ], [ 2.364949, 42.613977 ], [ 2.372556, 42.614365 ], [ 2.371779, 42.614097 ], [ 2.36837, 42.613136 ], [ 2.367588, 42.612721 ], [ 2.367315, 42.612513 ], [ 2.366488, 42.611756 ], [ 2.366264, 42.61128 ], [ 2.36617, 42.610974 ], [ 2.368208, 42.60972 ], [ 2.368673, 42.609453 ], [ 2.369322, 42.609194 ], [ 2.370374, 42.609052 ], [ 2.370806, 42.609068 ], [ 2.368649, 42.607995 ] ] ], [ [ [ 2.375848, 42.59379 ], [ 2.373018, 42.590146 ], [ 2.371034, 42.58887 ], [ 2.371007, 42.588873 ], [ 2.369437, 42.590513 ], [ 2.36947, 42.590839 ], [ 2.370612, 42.593144 ], [ 2.371978, 42.594874 ], [ 2.372597, 42.595647 ], [ 2.372957, 42.596055 ], [ 2.373601, 42.596602 ], [ 2.374779317592589, 42.59699698800847 ], [ 2.374669, 42.596147 ], [ 2.374708, 42.595856 ], [ 2.376945222011078, 42.595441434898909 ], [ 2.375848, 42.59379 ] ] ], [ [ [ 2.382468, 42.600192 ], [ 2.387629, 42.600994 ], [ 2.38807, 42.600927 ], [ 2.382468, 42.600192 ] ] ], [ [ [ 2.411087, 42.588715 ], [ 2.410477, 42.589538 ], [ 2.410399, 42.590246 ], [ 2.410371, 42.590525 ], [ 2.410388, 42.590891 ], [ 2.410397, 42.591765 ], [ 2.410458, 42.592105 ], [ 2.404811, 42.598614 ], [ 2.403742, 42.598386 ], [ 2.399466, 42.600046 ], [ 2.390826, 42.601111 ], [ 2.389503, 42.600945 ], [ 2.389161, 42.600944 ], [ 2.389952, 42.601117 ], [ 2.395087, 42.603091 ], [ 2.401034, 42.600871 ], [ 2.404313, 42.60137 ], [ 2.412247, 42.598836 ], [ 2.412463, 42.591149 ], [ 2.411883, 42.589937 ], [ 2.411415, 42.588573 ], [ 2.412221, 42.587903 ], [ 2.411087, 42.588715 ] ] ], [ [ [ 2.445849, 42.584297 ], [ 2.446053, 42.582996 ], [ 2.444787, 42.581599 ], [ 2.441744, 42.580833 ], [ 2.441644, 42.580816 ], [ 2.441037, 42.580781 ], [ 2.436729, 42.581676 ], [ 2.430427, 42.576293 ], [ 2.430906, 42.574583 ], [ 2.428559, 42.571853 ], [ 2.421032, 42.575187 ], [ 2.420089, 42.575861 ], [ 2.419158, 42.576976 ], [ 2.419176, 42.578641 ], [ 2.419776, 42.579329 ], [ 2.420970191125238, 42.585554424126173 ], [ 2.421288, 42.585437 ], [ 2.422471, 42.579252 ], [ 2.423316, 42.578116 ], [ 2.423729, 42.577557 ], [ 2.423843, 42.577417 ], [ 2.427633, 42.575841 ], [ 2.429421, 42.57618 ], [ 2.429611, 42.576416 ], [ 2.430232, 42.577589 ], [ 2.43023, 42.577619 ], [ 2.430209, 42.578262 ], [ 2.434537, 42.584742 ], [ 2.441373, 42.583254 ], [ 2.444695, 42.584046 ], [ 2.445056, 42.584501 ], [ 2.445119, 42.584581 ], [ 2.448886787185718, 42.589426981715292 ], [ 2.445849, 42.584297 ] ] ], [ [ [ 2.497212, 42.650864 ], [ 2.503612, 42.645744 ], [ 2.50273, 42.642463 ], [ 2.502653, 42.642461 ], [ 2.501974, 42.64245 ], [ 2.501883, 42.642454 ], [ 2.495666, 42.640944 ], [ 2.492138, 42.636985 ], [ 2.485932, 42.631995 ], [ 2.485773, 42.631929 ], [ 2.484663, 42.631941 ], [ 2.484364, 42.631981 ], [ 2.482603, 42.632531 ], [ 2.474961, 42.629515 ], [ 2.472801, 42.628538 ], [ 2.470557, 42.620237 ], [ 2.47062, 42.620061 ], [ 2.470935, 42.618966 ], [ 2.472577, 42.614594 ], [ 2.473001, 42.613933 ], [ 2.47074, 42.611758 ], [ 2.466773, 42.610185 ], [ 2.462196, 42.604887 ], [ 2.461188, 42.597829 ], [ 2.461224, 42.597215 ], [ 2.461055, 42.596315 ], [ 2.45819, 42.592008 ], [ 2.456641, 42.590201 ], [ 2.453342, 42.590817 ], [ 2.450474576709756, 42.591469135006335 ], [ 2.450553, 42.59157 ], [ 2.451376, 42.591834 ], [ 2.45203, 42.591998 ], [ 2.455159, 42.59238 ], [ 2.456788, 42.592225 ], [ 2.459333, 42.59532 ], [ 2.459876, 42.596055 ], [ 2.459506, 42.598034 ], [ 2.459154, 42.60547 ], [ 2.463642, 42.609055 ], [ 2.464024, 42.60936 ], [ 2.465382, 42.610995 ], [ 2.469344, 42.616781 ], [ 2.467195, 42.624022 ], [ 2.4714, 42.630259 ], [ 2.47368, 42.631135 ], [ 2.47833, 42.634941 ], [ 2.485611, 42.63643 ], [ 2.485725, 42.636467 ], [ 2.487607, 42.63813 ], [ 2.495591, 42.642278 ], [ 2.495872, 42.643429 ], [ 2.495943, 42.643927 ], [ 2.49546, 42.645876 ], [ 2.490921, 42.651344 ], [ 2.490359, 42.651825 ], [ 2.489822, 42.652046 ], [ 2.497212, 42.650864 ] ] ], [ [ [ 2.469012, 42.645926 ], [ 2.470315, 42.647252 ], [ 2.471985, 42.647904 ], [ 2.47218, 42.64796 ], [ 2.47242, 42.648023 ], [ 2.475273, 42.647418 ], [ 2.474872, 42.647452 ], [ 2.47469, 42.64747 ], [ 2.473688, 42.647396 ], [ 2.473343, 42.647197 ], [ 2.473139, 42.647079 ], [ 2.473028, 42.647007 ], [ 2.465621, 42.643579 ], [ 2.463647992565626, 42.644062110231616 ], [ 2.469012, 42.645926 ] ] ], [ [ [ 2.448954, 42.648984 ], [ 2.45004, 42.649695 ], [ 2.451243, 42.64984 ], [ 2.451851, 42.649761 ], [ 2.455831, 42.646617 ], [ 2.45283, 42.648799 ], [ 2.452403, 42.649005 ], [ 2.450163, 42.648194 ], [ 2.448837, 42.645112 ], [ 2.444091971213757, 42.644984564313219 ], [ 2.448954, 42.648984 ] ] ], [ [ [ 2.429755, 42.636613 ], [ 2.429691, 42.636587 ], [ 2.429677291757806, 42.63659216959217 ], [ 2.429755, 42.636613 ] ] ], [ [ [ 2.39737, 42.638912 ], [ 2.39694, 42.638903 ], [ 2.395698, 42.639268 ], [ 2.389276, 42.641478 ], [ 2.388725, 42.641499 ], [ 2.388333, 42.641574 ], [ 2.38773, 42.641775 ], [ 2.387246, 42.64207 ], [ 2.386788, 42.642551 ], [ 2.386494, 42.643109 ], [ 2.386348, 42.643979 ], [ 2.38656, 42.646383 ], [ 2.386593, 42.646461 ], [ 2.386972, 42.646982 ], [ 2.387536, 42.647325 ], [ 2.387637, 42.647363 ], [ 2.395857, 42.64669 ], [ 2.397186, 42.646575 ], [ 2.398132, 42.646357 ], [ 2.398755, 42.646223 ], [ 2.399225, 42.64604 ], [ 2.399474, 42.645866 ], [ 2.40846, 42.646277 ], [ 2.409812, 42.649614 ], [ 2.417886, 42.651388 ], [ 2.41823, 42.651086 ], [ 2.418486, 42.650815 ], [ 2.418976, 42.649998 ], [ 2.419424, 42.649242 ], [ 2.419482, 42.648352 ], [ 2.419462, 42.64764 ], [ 2.420562, 42.640901 ], [ 2.415945, 42.646139 ], [ 2.415547, 42.646544 ], [ 2.414074, 42.64765 ], [ 2.411444, 42.645191 ], [ 2.403395, 42.642848 ], [ 2.399139, 42.645901 ], [ 2.399041, 42.645921 ], [ 2.396443, 42.64581 ], [ 2.395575, 42.645771 ], [ 2.395248, 42.645696 ], [ 2.394559, 42.645483 ], [ 2.394133, 42.643984 ], [ 2.394134, 42.643907 ], [ 2.395623, 42.642043 ], [ 2.397055, 42.639597 ], [ 2.397233, 42.639535 ], [ 2.397757, 42.639429 ], [ 2.398602, 42.639339 ], [ 2.399947, 42.639027 ], [ 2.403359, 42.637359 ], [ 2.39737, 42.638912 ] ] ], [ [ [ 2.390619, 42.620874 ], [ 2.390588, 42.624474 ], [ 2.390823, 42.624476 ], [ 2.391242, 42.62444 ], [ 2.392191, 42.624197 ], [ 2.395736, 42.623861 ], [ 2.396528, 42.623942 ], [ 2.402179, 42.624573 ], [ 2.398413, 42.623596 ], [ 2.398009, 42.623607 ], [ 2.397206, 42.623542 ], [ 2.397181, 42.623524 ], [ 2.395052, 42.62094 ], [ 2.389187, 42.614326 ], [ 2.388526, 42.614264 ], [ 2.386024, 42.614371 ], [ 2.385454, 42.614455 ], [ 2.384794, 42.614482 ], [ 2.384415, 42.614489 ], [ 2.390619, 42.620874 ] ] ] ] } },
{ "type": "Feature", "properties": { "codgeo": "66149", "value": 840, "isochrone_group": 14.0, "nb_agences": 1 }, "geometry": { "type": "MultiPolygon", "coordinates": [ [ [ [ 2.362282, 42.608811 ], [ 2.361768, 42.608863 ], [ 2.359454, 42.609064 ], [ 2.358561, 42.609064 ], [ 2.357928, 42.609286 ], [ 2.356854, 42.609856 ], [ 2.356412, 42.610366 ], [ 2.356132, 42.610922 ], [ 2.355927, 42.611793 ], [ 2.355711, 42.61518 ], [ 2.356232, 42.615474 ], [ 2.356895, 42.615722 ], [ 2.357496, 42.615803 ], [ 2.358949, 42.615472 ], [ 2.364949, 42.613977 ], [ 2.363538, 42.613744 ], [ 2.363223, 42.613567 ], [ 2.362793, 42.613257 ], [ 2.36212, 42.612507 ], [ 2.362651, 42.608821 ], [ 2.365605, 42.607888 ], [ 2.362282, 42.608811 ] ] ], [ [ [ 2.37096, 42.607684 ], [ 2.370595, 42.607737 ], [ 2.370171, 42.607777 ], [ 2.368057, 42.607609 ], [ 2.368649, 42.607995 ], [ 2.370806, 42.609068 ], [ 2.371542, 42.609271 ], [ 2.37214, 42.609542 ], [ 2.373, 42.609859 ], [ 2.37096, 42.607684 ] ] ], [ [ [ 2.372368, 42.585289 ], [ 2.368889, 42.584363 ], [ 2.367969, 42.58572 ], [ 2.367875, 42.589266 ], [ 2.367956, 42.589586 ], [ 2.368858, 42.59233 ], [ 2.369229, 42.593523 ], [ 2.369563, 42.593784 ], [ 2.372957, 42.596055 ], [ 2.372597, 42.595647 ], [ 2.371978, 42.594874 ], [ 2.370612, 42.593144 ], [ 2.36947, 42.590839 ], [ 2.369437, 42.590513 ], [ 2.371007, 42.588873 ], [ 2.371034, 42.58887 ], [ 2.373018, 42.590146 ], [ 2.374729003553627, 42.592349143798387 ], [ 2.372368, 42.585289 ] ] ], [ [ [ 2.388857, 42.600564 ], [ 2.388508, 42.600421 ], [ 2.387225, 42.599967 ], [ 2.378786, 42.598212 ], [ 2.382468, 42.600192 ], [ 2.38807, 42.600927 ], [ 2.389161, 42.600944 ], [ 2.389503, 42.600945 ], [ 2.390826, 42.601111 ], [ 2.388857, 42.600564 ] ] ], [ [ [ 2.404327, 42.59375 ], [ 2.404103, 42.593891 ], [ 2.401547, 42.596036 ], [ 2.398606, 42.598109 ], [ 2.390826, 42.601111 ], [ 2.399466, 42.600046 ], [ 2.403742, 42.598386 ], [ 2.404811, 42.598614 ], [ 2.410458, 42.592105 ], [ 2.410397, 42.591765 ], [ 2.410388, 42.590891 ], [ 2.410371, 42.590525 ], [ 2.410399, 42.590246 ], [ 2.410477, 42.589538 ], [ 2.404327, 42.59375 ] ] ], [ [ [ 2.415837, 42.577934 ], [ 2.415382, 42.578242 ], [ 2.415026, 42.578639 ], [ 2.413094, 42.580828 ], [ 2.411087, 42.588715 ], [ 2.412221, 42.587903 ], [ 2.413147, 42.587501 ], [ 2.41463, 42.587897 ], [ 2.421029, 42.585861 ], [ 2.419776, 42.579329 ], [ 2.419176, 42.578641 ], [ 2.419158, 42.576976 ], [ 2.420089, 42.575861 ], [ 2.421032, 42.575187 ], [ 2.415837, 42.577934 ] ] ], [ [ [ 2.442536, 42.579218 ], [ 2.442187, 42.578889 ], [ 2.439137, 42.579187 ], [ 2.435676, 42.579552 ], [ 2.431737, 42.573147 ], [ 2.431769, 42.5729 ], [ 2.431787, 42.572474 ], [ 2.431882, 42.570977 ], [ 2.431015, 42.569672 ], [ 2.430451, 42.569204 ], [ 2.428856, 42.568281 ], [ 2.428715, 42.568204 ], [ 2.427182, 42.56825 ], [ 2.426268, 42.569205 ], [ 2.421032, 42.575187 ], [ 2.428559, 42.571853 ], [ 2.430906, 42.574583 ], [ 2.430427, 42.576293 ], [ 2.436729, 42.581676 ], [ 2.441037, 42.580781 ], [ 2.441644, 42.580816 ], [ 2.441744, 42.580833 ], [ 2.444787, 42.581599 ], [ 2.442536, 42.579218 ] ] ], [ [ [ 2.447379, 42.5856 ], [ 2.447421, 42.585398 ], [ 2.447149, 42.58402 ], [ 2.444787, 42.581599 ], [ 2.446053, 42.582996 ], [ 2.445849, 42.584297 ], [ 2.450141, 42.591545 ], [ 2.453342, 42.590817 ], [ 2.453770160039672, 42.590737052566084 ], [ 2.447379, 42.5856 ] ] ], [ [ [ 2.495526, 42.656612 ], [ 2.496154, 42.656233 ], [ 2.497649, 42.655257 ], [ 2.498191, 42.654804 ], [ 2.498428, 42.654507 ], [ 2.498542, 42.654301 ], [ 2.499017, 42.653043 ], [ 2.499727, 42.650729 ], [ 2.506891, 42.647055 ], [ 2.508217, 42.64706 ], [ 2.510377, 42.647282 ], [ 2.511277, 42.647474 ], [ 2.51203, 42.643954 ], [ 2.506841, 42.638789 ], [ 2.504577, 42.635787 ], [ 2.503946, 42.635092 ], [ 2.503699, 42.634877 ], [ 2.50134, 42.637597 ], [ 2.49396, 42.636933 ], [ 2.487365, 42.631444 ], [ 2.486769, 42.629311 ], [ 2.485946, 42.62738 ], [ 2.485749, 42.626812 ], [ 2.485214, 42.626079 ], [ 2.484692, 42.625637 ], [ 2.482418, 42.628184 ], [ 2.47584, 42.628784 ], [ 2.473428, 42.62611 ], [ 2.471584, 42.619302 ], [ 2.476282, 42.613249 ], [ 2.47626, 42.613085 ], [ 2.476086, 42.612516 ], [ 2.475565, 42.611829 ], [ 2.474844, 42.611124 ], [ 2.473647, 42.61026 ], [ 2.467491, 42.60974 ], [ 2.462441, 42.603562 ], [ 2.463423, 42.597986 ], [ 2.463587, 42.597189 ], [ 2.463584, 42.597014 ], [ 2.463261, 42.592228 ], [ 2.462875, 42.590894 ], [ 2.461556, 42.590146 ], [ 2.460047, 42.590352 ], [ 2.459069, 42.590527 ], [ 2.457187437171187, 42.590838451238426 ], [ 2.45819, 42.592008 ], [ 2.461055, 42.596315 ], [ 2.461224, 42.597215 ], [ 2.461188, 42.597829 ], [ 2.462196, 42.604887 ], [ 2.466773, 42.610185 ], [ 2.47074, 42.611758 ], [ 2.473001, 42.613933 ], [ 2.472577, 42.614594 ], [ 2.470935, 42.618966 ], [ 2.47062, 42.620061 ], [ 2.470557, 42.620237 ], [ 2.472801, 42.628538 ], [ 2.474961, 42.629515 ], [ 2.482603, 42.632531 ], [ 2.484364, 42.631981 ], [ 2.484663, 42.631941 ], [ 2.485773, 42.631929 ], [ 2.485932, 42.631995 ], [ 2.492138, 42.636985 ], [ 2.495666, 42.640944 ], [ 2.501883, 42.642454 ], [ 2.501974, 42.64245 ], [ 2.502653, 42.642461 ], [ 2.50273, 42.642463 ], [ 2.503612, 42.645744 ], [ 2.497212, 42.650864 ], [ 2.489822, 42.652046 ], [ 2.489106, 42.652104 ], [ 2.488218, 42.651806 ], [ 2.495526, 42.656612 ] ] ], [ [ [ 2.4745, 42.650158 ], [ 2.47508, 42.650242 ], [ 2.476899, 42.650242 ], [ 2.477696, 42.649417 ], [ 2.486566, 42.649977 ], [ 2.479451, 42.646231 ], [ 2.47626, 42.647204 ], [ 2.475714, 42.647337 ], [ 2.475273, 42.647418 ], [ 2.47242, 42.648023 ], [ 2.47218, 42.64796 ], [ 2.471985, 42.647904 ], [ 2.470315, 42.647252 ], [ 2.4745, 42.650158 ] ] ], [ [ [ 2.448313, 42.649466 ], [ 2.449351, 42.650575 ], [ 2.44974, 42.650719 ], [ 2.450417, 42.650729 ], [ 2.450931, 42.650587 ], [ 2.451768, 42.650169 ], [ 2.452462, 42.649824 ], [ 2.453087, 42.649299 ], [ 2.455831, 42.646617 ], [ 2.451851, 42.649761 ], [ 2.451243, 42.64984 ], [ 2.45004, 42.649695 ], [ 2.448954, 42.648984 ], [ 2.442658, 42.643805 ], [ 2.448313, 42.649466 ] ] ], [ [ [ 2.405085, 42.651002 ], [ 2.405249, 42.65106 ], [ 2.413817, 42.65345 ], [ 2.414475, 42.653556 ], [ 2.416643, 42.653586 ], [ 2.417167, 42.653563 ], [ 2.418854, 42.653109 ], [ 2.420078, 42.65266 ], [ 2.422125, 42.651604 ], [ 2.421891, 42.650989 ], [ 2.421405, 42.65018 ], [ 2.419462, 42.64764 ], [ 2.419482, 42.648352 ], [ 2.419424, 42.649242 ], [ 2.418976, 42.649998 ], [ 2.418486, 42.650815 ], [ 2.41823, 42.651086 ], [ 2.417886, 42.651388 ], [ 2.409812, 42.649614 ], [ 2.40846, 42.646277 ], [ 2.399474, 42.645866 ], [ 2.399225, 42.64604 ], [ 2.398755, 42.646223 ], [ 2.405085, 42.651002 ] ] ], [ [ [ 2.383051, 42.64462 ], [ 2.380742, 42.646698 ], [ 2.380475, 42.647009 ], [ 2.380135, 42.647707 ], [ 2.380111, 42.648475 ], [ 2.380147, 42.648854 ], [ 2.381013, 42.649559 ], [ 2.381528, 42.649831 ], [ 2.381618, 42.649863 ], [ 2.383221, 42.649868 ], [ 2.387036, 42.649084 ], [ 2.395629, 42.647572 ], [ 2.396079, 42.647393 ], [ 2.396784, 42.646996 ], [ 2.398755, 42.646223 ], [ 2.398132, 42.646357 ], [ 2.397186, 42.646575 ], [ 2.395857, 42.64669 ], [ 2.387637, 42.647363 ], [ 2.387536, 42.647325 ], [ 2.386972, 42.646982 ], [ 2.386593, 42.646461 ], [ 2.38656, 42.646383 ], [ 2.386348, 42.643979 ], [ 2.386494, 42.643109 ], [ 2.386788, 42.642551 ], [ 2.387246, 42.64207 ], [ 2.383051, 42.64462 ] ] ], [ [ [ 2.384878, 42.620663 ], [ 2.38469, 42.624258 ], [ 2.384862, 42.624267 ], [ 2.38714, 42.624511 ], [ 2.387744, 42.624637 ], [ 2.388548, 42.624753 ], [ 2.389083, 42.624789 ], [ 2.389732, 42.62467 ], [ 2.390823, 42.624476 ], [ 2.390588, 42.624474 ], [ 2.390619, 42.620874 ], [ 2.384415, 42.614489 ], [ 2.383021, 42.614541 ], [ 2.382216, 42.614587 ], [ 2.380778, 42.614626 ], [ 2.380424, 42.614609 ], [ 2.379823, 42.614599 ], [ 2.378702, 42.614503 ], [ 2.384878, 42.620663 ] ] ] ] } },
{ "type": "Feature", "properties": { "codgeo": "66149", "value": 900, "isochrone_group": 15.0, "nb_agences": 1 }, "geometry": { "type": "MultiPolygon", "coordinates": [ [ [ [ 2.350602, 42.610214 ], [ 2.348637, 42.609871 ], [ 2.348219, 42.609826 ], [ 2.347883, 42.609824 ], [ 2.346919, 42.609881 ], [ 2.347129, 42.613475 ], [ 2.352944, 42.614569 ], [ 2.353882, 42.614788 ], [ 2.354713, 42.614846 ], [ 2.355321, 42.614789 ], [ 2.355741829097134, 42.614696582629648 ], [ 2.355927, 42.611793 ], [ 2.356132, 42.610922 ], [ 2.356412, 42.610366 ], [ 2.356854, 42.609856 ], [ 2.357928, 42.609286 ], [ 2.350602, 42.610214 ] ] ], [ [ [ 2.373633, 42.607974 ], [ 2.372946, 42.607812 ], [ 2.372408, 42.607756 ], [ 2.371936, 42.607692 ], [ 2.371544, 42.607663 ], [ 2.371179, 42.607665 ], [ 2.370966725717673, 42.607691170801928 ], [ 2.373, 42.609859 ], [ 2.373436, 42.610127 ], [ 2.376669, 42.610826 ], [ 2.380512, 42.603162 ], [ 2.373633, 42.607974 ] ] ], [ [ [ 2.374965, 42.582484 ], [ 2.375367, 42.582119 ], [ 2.375687, 42.581711 ], [ 2.375925, 42.58131 ], [ 2.376307, 42.580553 ], [ 2.376791, 42.579589 ], [ 2.376872, 42.579437 ], [ 2.377456, 42.578389 ], [ 2.377959, 42.577352 ], [ 2.37472, 42.575781 ], [ 2.373832, 42.577258 ], [ 2.373487, 42.577803 ], [ 2.371605, 42.5802 ], [ 2.369879, 42.582467 ], [ 2.362986, 42.583856 ], [ 2.362924, 42.58388 ], [ 2.362241, 42.586568 ], [ 2.362281, 42.586621 ], [ 2.366346, 42.592641 ], [ 2.366616, 42.593237 ], [ 2.367302, 42.594015 ], [ 2.368413, 42.594794 ], [ 2.368784, 42.595046 ], [ 2.369912, 42.595466 ], [ 2.373601, 42.596602 ], [ 2.372957, 42.596055 ], [ 2.369563, 42.593784 ], [ 2.369229, 42.593523 ], [ 2.368858, 42.59233 ], [ 2.367956, 42.589586 ], [ 2.367875, 42.589266 ], [ 2.367969, 42.58572 ], [ 2.368889, 42.584363 ], [ 2.372368, 42.585289 ], [ 2.373732522726795, 42.589369352463912 ], [ 2.374965, 42.582484 ] ] ], [ [ [ 2.387035, 42.599904 ], [ 2.386863, 42.599862 ], [ 2.384666, 42.599084 ], [ 2.37868562486065, 42.598060924824289 ], [ 2.378786, 42.598212 ], [ 2.387199220400717, 42.599961638796458 ], [ 2.387035, 42.599904 ] ] ], [ [ [ 2.401613, 42.590783 ], [ 2.400871, 42.590341 ], [ 2.400712, 42.590279 ], [ 2.398602, 42.591558 ], [ 2.398362, 42.592184 ], [ 2.398368, 42.593195 ], [ 2.396874, 42.598656 ], [ 2.388857, 42.600564 ], [ 2.390826, 42.601111 ], [ 2.398606, 42.598109 ], [ 2.401547, 42.596036 ], [ 2.404103, 42.593891 ], [ 2.404327, 42.59375 ], [ 2.410477, 42.589538 ], [ 2.401613, 42.590783 ] ] ], [ [ [ 2.411685, 42.579421 ], [ 2.408766, 42.580411 ], [ 2.408521, 42.580556 ], [ 2.407998, 42.580968 ], [ 2.407729, 42.581564 ], [ 2.40764, 42.582002 ], [ 2.407255, 42.583569 ], [ 2.407945, 42.584216 ], [ 2.410477, 42.589538 ], [ 2.411087, 42.588715 ], [ 2.413094, 42.580828 ], [ 2.415026, 42.578639 ], [ 2.415382, 42.578242 ], [ 2.415837, 42.577934 ], [ 2.411685, 42.579421 ] ] ], [ [ [ 2.459088, 42.589236 ], [ 2.458759, 42.589184 ], [ 2.45525, 42.58885 ], [ 2.44763, 42.58455 ], [ 2.447107, 42.58368 ], [ 2.446947, 42.583521 ], [ 2.442508, 42.577392 ], [ 2.441933, 42.57684 ], [ 2.441698, 42.576642 ], [ 2.44156, 42.576529 ], [ 2.435786, 42.577548 ], [ 2.431882, 42.570977 ], [ 2.431787, 42.572474 ], [ 2.431769, 42.5729 ], [ 2.431737, 42.573147 ], [ 2.435676, 42.579552 ], [ 2.439137, 42.579187 ], [ 2.442187, 42.578889 ], [ 2.442536, 42.579218 ], [ 2.444787, 42.581599 ], [ 2.447149, 42.58402 ], [ 2.447421, 42.585398 ], [ 2.447379, 42.5856 ], [ 2.45432, 42.591179 ], [ 2.455849, 42.59106 ], [ 2.459069, 42.590527 ], [ 2.460047, 42.590352 ], [ 2.461556, 42.590146 ], [ 2.459088, 42.589236 ] ] ], [ [ [ 2.473256, 42.609475 ], [ 2.469508, 42.608182 ], [ 2.469371, 42.608106 ], [ 2.464622, 42.601147 ], [ 2.465358, 42.597336 ], [ 2.462875, 42.590894 ], [ 2.463261, 42.592228 ], [ 2.463584, 42.597014 ], [ 2.463587, 42.597189 ], [ 2.463423, 42.597986 ], [ 2.462441, 42.603562 ], [ 2.467491, 42.60974 ], [ 2.473647, 42.61026 ], [ 2.47429690903976, 42.610729107276811 ], [ 2.473256, 42.609475 ] ] ], [ [ [ 2.489229, 42.632689 ], [ 2.488699, 42.627467 ], [ 2.484412, 42.621527 ], [ 2.482016, 42.620549 ], [ 2.48134, 42.620956 ], [ 2.48102, 42.621164 ], [ 2.480619, 42.621573 ], [ 2.475535, 42.624415 ], [ 2.471952561966709, 42.620662721187273 ], [ 2.473428, 42.62611 ], [ 2.47584, 42.628784 ], [ 2.482418, 42.628184 ], [ 2.484692, 42.625637 ], [ 2.485214, 42.626079 ], [ 2.485749, 42.626812 ], [ 2.485946, 42.62738 ], [ 2.486769, 42.629311 ], [ 2.487365, 42.631444 ], [ 2.489590087236047, 42.633295933864844 ], [ 2.489229, 42.632689 ] ] ], [ [ [ 2.503776, 42.634079 ], [ 2.503408, 42.633222 ], [ 2.501502, 42.629157 ], [ 2.50127, 42.628592 ], [ 2.497941, 42.629961 ], [ 2.489615243329418, 42.633316871210823 ], [ 2.49396, 42.636933 ], [ 2.50134, 42.637597 ], [ 2.503699, 42.634877 ], [ 2.503946, 42.635092 ], [ 2.504577, 42.635787 ], [ 2.504747925466375, 42.636013642336586 ], [ 2.503776, 42.634079 ] ] ], [ [ [ 2.505134, 42.648555 ], [ 2.51126, 42.650288 ], [ 2.514856, 42.650125 ], [ 2.521007, 42.64833 ], [ 2.520147, 42.644834 ], [ 2.518918, 42.643755 ], [ 2.517725, 42.642995 ], [ 2.511761, 42.642908 ], [ 2.506726502941465, 42.63863718013706 ], [ 2.506841, 42.638789 ], [ 2.51203, 42.643954 ], [ 2.511277, 42.647474 ], [ 2.510377, 42.647282 ], [ 2.508217, 42.64706 ], [ 2.506891, 42.647055 ], [ 2.499727, 42.650729 ], [ 2.499017, 42.653043 ], [ 2.505134, 42.648555 ] ] ], [ [ [ 2.488356, 42.659433 ], [ 2.488297, 42.65954 ], [ 2.489434, 42.662196 ], [ 2.490071, 42.662292 ], [ 2.490544, 42.662235 ], [ 2.49132, 42.661847 ], [ 2.494265, 42.658517 ], [ 2.497649, 42.655257 ], [ 2.496154, 42.656233 ], [ 2.495526, 42.656612 ], [ 2.488218, 42.651806 ], [ 2.487067, 42.650607 ], [ 2.488356, 42.659433 ] ] ], [ [ [ 2.469411, 42.648064 ], [ 2.470322, 42.650533 ], [ 2.471921, 42.651522 ], [ 2.47282, 42.651319 ], [ 2.475858312878142, 42.650242 ], [ 2.47508, 42.650242 ], [ 2.4745, 42.650158 ], [ 2.470315, 42.647252 ], [ 2.469012, 42.645926 ], [ 2.467019130666198, 42.645233516104987 ], [ 2.469411, 42.648064 ] ] ], [ [ [ 2.447068, 42.650181 ], [ 2.449928, 42.65112 ], [ 2.450508, 42.650992 ], [ 2.451117, 42.650723 ], [ 2.452462, 42.649824 ], [ 2.451768, 42.650169 ], [ 2.450931, 42.650587 ], [ 2.450417, 42.650729 ], [ 2.44974, 42.650719 ], [ 2.449351, 42.650575 ], [ 2.448313, 42.649466 ], [ 2.442658, 42.643805 ], [ 2.441428, 42.643382 ], [ 2.447068, 42.650181 ] ] ], [ [ [ 2.420672, 42.656669 ], [ 2.421485, 42.656863 ], [ 2.424307, 42.656494 ], [ 2.424589, 42.656187 ], [ 2.42602, 42.654647 ], [ 2.426676, 42.653262 ], [ 2.426353, 42.652164 ], [ 2.425861, 42.651655 ], [ 2.425008, 42.651306 ], [ 2.419462, 42.64764 ], [ 2.421405, 42.65018 ], [ 2.421891, 42.650989 ], [ 2.422125, 42.651604 ], [ 2.420078, 42.65266 ], [ 2.418854, 42.653109 ], [ 2.417167, 42.653563 ], [ 2.416643, 42.653586 ], [ 2.414475, 42.653556 ], [ 2.413817, 42.65345 ], [ 2.420672, 42.656669 ] ] ], [ [ [ 2.375583, 42.649714 ], [ 2.375087, 42.649892 ], [ 2.37504, 42.650048 ], [ 2.374876, 42.651902 ], [ 2.374967, 42.653258 ], [ 2.37504, 42.654561 ], [ 2.375202, 42.654966 ], [ 2.376027, 42.656605 ], [ 2.376138, 42.65661 ], [ 2.376741, 42.656503 ], [ 2.376902, 42.656424 ], [ 2.37722, 42.656085 ], [ 2.383005, 42.652915 ], [ 2.388633, 42.653591 ], [ 2.388912, 42.653534 ], [ 2.389519, 42.653291 ], [ 2.389715, 42.653134 ], [ 2.390403, 42.651955 ], [ 2.393841, 42.649091 ], [ 2.40184, 42.652149 ], [ 2.402808, 42.651928 ], [ 2.403306, 42.651831 ], [ 2.405787391951633, 42.651210181695177 ], [ 2.405249, 42.65106 ], [ 2.405085, 42.651002 ], [ 2.398755, 42.646223 ], [ 2.396784, 42.646996 ], [ 2.396079, 42.647393 ], [ 2.395629, 42.647572 ], [ 2.387036, 42.649084 ], [ 2.383221, 42.649868 ], [ 2.381618, 42.649863 ], [ 2.381528, 42.649831 ], [ 2.381013, 42.649559 ], [ 2.380147, 42.648854 ], [ 2.380111, 42.648475 ], [ 2.380135, 42.647707 ], [ 2.380475, 42.647009 ], [ 2.380742, 42.646698 ], [ 2.375583, 42.649714 ] ] ], [ [ [ 2.378931, 42.622382 ], [ 2.378894, 42.623767 ], [ 2.380328, 42.625969 ], [ 2.380481, 42.625933 ], [ 2.380726, 42.625858 ], [ 2.381262, 42.625571 ], [ 2.387744, 42.624637 ], [ 2.38714, 42.624511 ], [ 2.384862, 42.624267 ], [ 2.38469, 42.624258 ], [ 2.384878, 42.620663 ], [ 2.378702, 42.614503 ], [ 2.375646, 42.614724 ], [ 2.37509, 42.61475 ], [ 2.374471, 42.614638 ], [ 2.378931, 42.622382 ] ] ] ] } },
{ "type": "Feature", "properties": { "codgeo": "66149", "value": 960, "isochrone_group": 16.0, "nb_agences": 1 }, "geometry": { "type": "MultiPolygon", "coordinates": [ [ [ [ 2.345208, 42.609837 ], [ 2.344517, 42.609819 ], [ 2.34112, 42.610262 ], [ 2.34071, 42.610341 ], [ 2.339876, 42.610508 ], [ 2.339475, 42.610583 ], [ 2.337836, 42.610851 ], [ 2.33815, 42.614437 ], [ 2.338532, 42.614404 ], [ 2.338978, 42.614345 ], [ 2.339574, 42.614251 ], [ 2.340645, 42.614095 ], [ 2.342136, 42.613945 ], [ 2.345723, 42.613726 ], [ 2.352944, 42.614569 ], [ 2.347129, 42.613475 ], [ 2.346919, 42.609881 ], [ 2.347883, 42.609824 ], [ 2.345208, 42.609837 ] ] ], [ [ [ 2.360886, 42.58134 ], [ 2.360188, 42.581155 ], [ 2.358316, 42.580944 ], [ 2.357898, 42.58092 ], [ 2.356899, 42.580963 ], [ 2.354513, 42.582245 ], [ 2.354569, 42.582749 ], [ 2.354803, 42.583464 ], [ 2.355389, 42.585632 ], [ 2.356469, 42.585823 ], [ 2.360142, 42.586516 ], [ 2.366346, 42.592641 ], [ 2.362281, 42.586621 ], [ 2.362241, 42.586568 ], [ 2.362924, 42.58388 ], [ 2.362986, 42.583856 ], [ 2.365714762839301, 42.583306130337483 ], [ 2.360886, 42.58134 ] ] ], [ [ [ 2.378164, 42.576908 ], [ 2.378343, 42.576366 ], [ 2.37841, 42.576006 ], [ 2.379788, 42.570777 ], [ 2.378164, 42.567565 ], [ 2.377915, 42.567691 ], [ 2.377372, 42.568048 ], [ 2.376595, 42.568766 ], [ 2.375387, 42.569949 ], [ 2.374955, 42.570458 ], [ 2.374647, 42.571376 ], [ 2.373487, 42.577803 ], [ 2.373832, 42.577258 ], [ 2.37472, 42.575781 ], [ 2.377953109291623, 42.577349142851823 ], [ 2.378164, 42.576908 ] ] ], [ [ [ 2.376860642636927, 42.579458312582567 ], [ 2.376791, 42.579589 ], [ 2.376307, 42.580553 ], [ 2.376860642636927, 42.579458312582567 ] ] ], [ [ [ 2.375848, 42.59379 ], [ 2.378575, 42.598042 ], [ 2.37868562486065, 42.598060924824289 ], [ 2.375848, 42.59379 ] ] ], [ [ [ 2.401471, 42.589852 ], [ 2.399768, 42.588859 ], [ 2.399339, 42.588481 ], [ 2.398066, 42.588164 ], [ 2.397795, 42.588199 ], [ 2.396659, 42.590513 ], [ 2.396732, 42.590937 ], [ 2.396962, 42.591503 ], [ 2.397259, 42.59572 ], [ 2.396874, 42.598656 ], [ 2.398368, 42.593195 ], [ 2.398362, 42.592184 ], [ 2.398602, 42.591558 ], [ 2.400712, 42.590279 ], [ 2.400871, 42.590341 ], [ 2.401613, 42.590783 ], [ 2.410477, 42.589538 ], [ 2.407945, 42.584216 ], [ 2.407255, 42.583569 ], [ 2.401471, 42.589852 ] ] ], [ [ [ 2.412868, 42.573261 ], [ 2.41267, 42.573225 ], [ 2.412336, 42.57318 ], [ 2.411426, 42.573112 ], [ 2.410705, 42.573146 ], [ 2.410149, 42.573272 ], [ 2.409782, 42.573434 ], [ 2.409123, 42.573992 ], [ 2.407175, 42.575921 ], [ 2.406733, 42.576639 ], [ 2.406602, 42.577686 ], [ 2.40608, 42.579936 ], [ 2.407153, 42.583322 ], [ 2.407255, 42.583569 ], [ 2.40764, 42.582002 ], [ 2.407729, 42.581564 ], [ 2.407998, 42.580968 ], [ 2.408521, 42.580556 ], [ 2.408766, 42.580411 ], [ 2.411685, 42.579421 ], [ 2.415837, 42.577934 ], [ 2.421032, 42.575187 ], [ 2.412868, 42.573261 ] ] ], [ [ [ 2.466007, 42.598993 ], [ 2.467634, 42.595457 ], [ 2.467644, 42.595128 ], [ 2.467578, 42.594567 ], [ 2.467168, 42.593755 ], [ 2.460627, 42.587836 ], [ 2.460032, 42.587168 ], [ 2.458363, 42.585188 ], [ 2.458148, 42.585224 ], [ 2.457639, 42.585385 ], [ 2.456946, 42.585789 ], [ 2.449451, 42.581434 ], [ 2.448726, 42.580862 ], [ 2.441334, 42.576372 ], [ 2.4385, 42.574567 ], [ 2.431015, 42.569672 ], [ 2.431882, 42.570977 ], [ 2.435786, 42.577548 ], [ 2.44156, 42.576529 ], [ 2.441698, 42.576642 ], [ 2.441933, 42.57684 ], [ 2.442508, 42.577392 ], [ 2.446947, 42.583521 ], [ 2.447107, 42.58368 ], [ 2.44763, 42.58455 ], [ 2.45525, 42.58885 ], [ 2.458759, 42.589184 ], [ 2.459088, 42.589236 ], [ 2.461556, 42.590146 ], [ 2.462875, 42.590894 ], [ 2.465358, 42.597336 ], [ 2.464622, 42.601147 ], [ 2.464969237950523, 42.601655828995092 ], [ 2.466007, 42.598993 ] ] ], [ [ [ 2.47305, 42.60857 ], [ 2.472621, 42.607735 ], [ 2.471979, 42.606645 ], [ 2.465839765644654, 42.602931466439479 ], [ 2.469371, 42.608106 ], [ 2.469508, 42.608182 ], [ 2.473256, 42.609475 ], [ 2.474335, 42.610775 ], [ 2.47305, 42.60857 ] ] ], [ [ [ 2.473877, 42.614318 ], [ 2.470768, 42.619422 ], [ 2.472552459545295, 42.621291059473386 ], [ 2.473877, 42.614318 ] ] ], [ [ [ 2.47544970216184, 42.624325658253419 ], [ 2.475535, 42.624415 ], [ 2.475596685408899, 42.624380517322571 ], [ 2.47544970216184, 42.624325658253419 ] ] ], [ [ [ 2.503239, 42.625482 ], [ 2.501351, 42.622514 ], [ 2.501272, 42.622467 ], [ 2.50051, 42.622919 ], [ 2.499801, 42.623302 ], [ 2.497627, 42.624682 ], [ 2.497192, 42.625348 ], [ 2.497109, 42.626423 ], [ 2.497388, 42.627131 ], [ 2.497658, 42.629054 ], [ 2.495893743580903, 42.630786189727473 ], [ 2.497941, 42.629961 ], [ 2.50127, 42.628592 ], [ 2.501502, 42.629157 ], [ 2.503408, 42.633222 ], [ 2.503776, 42.634079 ], [ 2.503239, 42.625482 ] ] ], [ [ [ 2.513677, 42.653102 ], [ 2.514381, 42.653349 ], [ 2.517789, 42.654701 ], [ 2.518203, 42.654782 ], [ 2.518726, 42.65479 ], [ 2.520327, 42.654757 ], [ 2.525512, 42.649528 ], [ 2.528692, 42.650924 ], [ 2.529137, 42.651108 ], [ 2.529295, 42.651115 ], [ 2.529385, 42.651111 ], [ 2.530429, 42.650721 ], [ 2.531275, 42.649474 ], [ 2.531285, 42.649431 ], [ 2.531317, 42.649018 ], [ 2.531316, 42.648989 ], [ 2.530508, 42.647779 ], [ 2.530063, 42.647596 ], [ 2.526958, 42.646231 ], [ 2.52183, 42.642564 ], [ 2.51897, 42.639996 ], [ 2.516918, 42.640944 ], [ 2.509904, 42.640128 ], [ 2.503776, 42.634079 ], [ 2.504937, 42.63639 ], [ 2.505307, 42.637433 ], [ 2.511761, 42.642908 ], [ 2.517725, 42.642995 ], [ 2.518918, 42.643755 ], [ 2.520147, 42.644834 ], [ 2.521007, 42.64833 ], [ 2.514856, 42.650125 ], [ 2.511822690455488, 42.65026249428692 ], [ 2.513677, 42.653102 ] ] ], [ [ [ 2.48715, 42.659449 ], [ 2.486446, 42.660124 ], [ 2.484552, 42.662307 ], [ 2.483642, 42.663433 ], [ 2.483613, 42.663589 ], [ 2.483487, 42.665104 ], [ 2.483445, 42.665671 ], [ 2.48346, 42.665859 ], [ 2.483715, 42.666366 ], [ 2.484027, 42.666788 ], [ 2.48459, 42.667218 ], [ 2.484785, 42.667314 ], [ 2.487025, 42.665768 ], [ 2.490439349389523, 42.662247611172937 ], [ 2.490071, 42.662292 ], [ 2.489434, 42.662196 ], [ 2.488297, 42.65954 ], [ 2.488356, 42.659433 ], [ 2.487067, 42.650607 ], [ 2.48715, 42.659449 ] ] ], [ [ [ 2.464309, 42.649984 ], [ 2.467394, 42.651448 ], [ 2.467532, 42.65148 ], [ 2.467827, 42.651534 ], [ 2.468181, 42.651571 ], [ 2.469048, 42.651585 ], [ 2.469397, 42.651573 ], [ 2.471921, 42.651522 ], [ 2.470322, 42.650533 ], [ 2.469411, 42.648064 ], [ 2.465621, 42.643579 ], [ 2.461708, 42.643388 ], [ 2.457061, 42.645675 ], [ 2.464309, 42.649984 ] ] ], [ [ [ 2.447067, 42.650722 ], [ 2.447085, 42.651935 ], [ 2.447768, 42.652843 ], [ 2.448832, 42.65319 ], [ 2.449576, 42.65305 ], [ 2.450188, 42.652807 ], [ 2.450967, 42.652112 ], [ 2.451585, 42.651436 ], [ 2.453087, 42.649299 ], [ 2.452462, 42.649824 ], [ 2.451117, 42.650723 ], [ 2.450508, 42.650992 ], [ 2.449928, 42.65112 ], [ 2.447068, 42.650181 ], [ 2.445574718745112, 42.648380854742562 ], [ 2.447067, 42.650722 ] ] ], [ [ [ 2.418128, 42.66121 ], [ 2.417734, 42.662225 ], [ 2.419301, 42.664335 ], [ 2.419551, 42.664293 ], [ 2.420059, 42.664152 ], [ 2.420852, 42.663763 ], [ 2.422154, 42.663054 ], [ 2.422368, 42.662927 ], [ 2.422793, 42.662567 ], [ 2.423111, 42.662094 ], [ 2.423913, 42.660388 ], [ 2.424414, 42.65938 ], [ 2.424566, 42.658896 ], [ 2.42602, 42.654647 ], [ 2.424589, 42.656187 ], [ 2.424307, 42.656494 ], [ 2.421485, 42.656863 ], [ 2.420672, 42.656669 ], [ 2.413817, 42.65345 ], [ 2.418128, 42.66121 ] ] ], [ [ [ 2.376947, 42.645098 ], [ 2.375955, 42.646121 ], [ 2.370864, 42.649213 ], [ 2.370704, 42.649275 ], [ 2.370576, 42.649411 ], [ 2.369583, 42.650663 ], [ 2.36669, 42.65803 ], [ 2.368503, 42.661139 ], [ 2.368839, 42.661073 ], [ 2.369416, 42.660875 ], [ 2.373666, 42.659334 ], [ 2.375449, 42.657895 ], [ 2.375995, 42.657361 ], [ 2.380384, 42.654569 ], [ 2.387252, 42.65485 ], [ 2.389353, 42.65514 ], [ 2.389446, 42.655132 ], [ 2.389674, 42.655005 ], [ 2.389844, 42.654907 ], [ 2.397458, 42.65337 ], [ 2.400382, 42.654403 ], [ 2.405944, 42.651171 ], [ 2.403306, 42.651831 ], [ 2.402808, 42.651928 ], [ 2.40184, 42.652149 ], [ 2.393841, 42.649091 ], [ 2.390403, 42.651955 ], [ 2.389715, 42.653134 ], [ 2.389519, 42.653291 ], [ 2.388912, 42.653534 ], [ 2.388633, 42.653591 ], [ 2.383005, 42.652915 ], [ 2.37722, 42.656085 ], [ 2.376902, 42.656424 ], [ 2.376741, 42.656503 ], [ 2.376138, 42.65661 ], [ 2.376027, 42.656605 ], [ 2.375202, 42.654966 ], [ 2.37504, 42.654561 ], [ 2.374967, 42.653258 ], [ 2.374876, 42.651902 ], [ 2.37504, 42.650048 ], [ 2.375087, 42.649892 ], [ 2.375583, 42.649714 ], [ 2.380742, 42.646698 ], [ 2.383051, 42.64462 ], [ 2.376947, 42.645098 ] ] ], [ [ [ 2.37581, 42.619774 ], [ 2.373344, 42.623646 ], [ 2.374459, 42.627069 ], [ 2.376498, 42.626591 ], [ 2.376681, 42.626546 ], [ 2.379401, 42.626129 ], [ 2.380117, 42.626006 ], [ 2.380324938027611, 42.625964298142812 ], [ 2.378894, 42.623767 ], [ 2.378931, 42.622382 ], [ 2.374471, 42.614638 ], [ 2.372556, 42.614365 ], [ 2.37581, 42.619774 ] ] ], [ [ [ 2.362211349116244, 42.613904602734458 ], [ 2.359655, 42.613837 ], [ 2.355831, 42.614677 ], [ 2.362211349116244, 42.613904602734458 ] ] ] ] } },
{ "type": "Feature", "properties": { "codgeo": "66149", "value": 1020, "isochrone_group": 17.0, "nb_agences": 1 }, "geometry": { "type": "MultiPolygon", "coordinates": [ [ [ [ 2.335797, 42.610413 ], [ 2.335169, 42.610433 ], [ 2.332798, 42.610805 ], [ 2.332196, 42.61085 ], [ 2.331804, 42.610939 ], [ 2.328563, 42.611646 ], [ 2.328958, 42.615224 ], [ 2.330594, 42.615043 ], [ 2.333794, 42.614824 ], [ 2.334355, 42.61474 ], [ 2.337863, 42.61444 ], [ 2.338148915484052, 42.614424614413409 ], [ 2.337836, 42.610851 ], [ 2.339475, 42.610583 ], [ 2.339876, 42.610508 ], [ 2.34071, 42.610341 ], [ 2.34112, 42.610262 ], [ 2.335797, 42.610413 ] ] ], [ [ [ 2.374768, 42.6071 ], [ 2.373845, 42.606948 ], [ 2.373501, 42.606937 ], [ 2.371179, 42.607665 ], [ 2.371544, 42.607663 ], [ 2.371936, 42.607692 ], [ 2.372408, 42.607756 ], [ 2.372946, 42.607812 ], [ 2.373633, 42.607974 ], [ 2.380512, 42.603162 ], [ 2.374768, 42.6071 ] ] ], [ [ [ 2.366616, 42.593237 ], [ 2.366346, 42.592641 ], [ 2.362810502367727, 42.589150522405284 ], [ 2.366616, 42.593237 ] ] ], [ [ [ 2.361654574110468, 42.588009313414993 ], [ 2.360142, 42.586516 ], [ 2.356469, 42.585823 ], [ 2.361654574110468, 42.588009313414993 ] ] ], [ [ [ 2.360105, 42.574775 ], [ 2.360146, 42.573832 ], [ 2.360068, 42.573459 ], [ 2.356594, 42.57388 ], [ 2.349307, 42.577972 ], [ 2.348273, 42.577677 ], [ 2.346407, 42.576719 ], [ 2.344991, 42.575547 ], [ 2.342695, 42.578319 ], [ 2.34411, 42.579492 ], [ 2.344563, 42.579841 ], [ 2.345164, 42.580235 ], [ 2.345784, 42.580573 ], [ 2.346524, 42.580889 ], [ 2.34717, 42.581104 ], [ 2.348712, 42.581706 ], [ 2.350681, 42.582775 ], [ 2.353129, 42.584484 ], [ 2.353507, 42.584788 ], [ 2.353775, 42.584953 ], [ 2.354572, 42.585351 ], [ 2.354804, 42.585457 ], [ 2.355157, 42.585578 ], [ 2.355385960697501, 42.585620755618052 ], [ 2.354803, 42.583464 ], [ 2.354569, 42.582749 ], [ 2.354513, 42.582245 ], [ 2.356899, 42.580963 ], [ 2.357898, 42.58092 ], [ 2.358316, 42.580944 ], [ 2.360188, 42.581155 ], [ 2.360886, 42.58134 ], [ 2.360105, 42.574775 ] ] ], [ [ [ 2.382298, 42.570151 ], [ 2.383289, 42.568824 ], [ 2.38283, 42.567266 ], [ 2.380759, 42.564014 ], [ 2.380516, 42.563849 ], [ 2.380075, 42.563822 ], [ 2.377878, 42.564505 ], [ 2.376493, 42.565084 ], [ 2.374955, 42.570458 ], [ 2.375387, 42.569949 ], [ 2.376595, 42.568766 ], [ 2.377372, 42.568048 ], [ 2.377915, 42.567691 ], [ 2.378164, 42.567565 ], [ 2.379788, 42.570777 ], [ 2.37841, 42.576006 ], [ 2.378343, 42.576366 ], [ 2.382298, 42.570151 ] ] ], [ [ [ 2.406675, 42.583736 ], [ 2.398587, 42.587149 ], [ 2.395745, 42.587364 ], [ 2.395629, 42.587651 ], [ 2.395501, 42.588471 ], [ 2.395795, 42.590079 ], [ 2.395973, 42.593672 ], [ 2.396217, 42.594827 ], [ 2.396753, 42.596424 ], [ 2.396432, 42.600056 ], [ 2.396874, 42.598656 ], [ 2.397259, 42.59572 ], [ 2.396962, 42.591503 ], [ 2.396732, 42.590937 ], [ 2.396659, 42.590513 ], [ 2.397795, 42.588199 ], [ 2.398066, 42.588164 ], [ 2.399339, 42.588481 ], [ 2.399768, 42.588859 ], [ 2.401471, 42.589852 ], [ 2.407255, 42.583569 ], [ 2.407153, 42.583322 ], [ 2.406835871109287, 42.582321255895664 ], [ 2.406675, 42.583736 ] ] ], [ [ [ 2.416721, 42.571467 ], [ 2.415984, 42.570521 ], [ 2.414889, 42.569092 ], [ 2.414444, 42.568668 ], [ 2.414292, 42.568593 ], [ 2.412182, 42.567946 ], [ 2.412105, 42.567989 ], [ 2.411553, 42.568462 ], [ 2.410789, 42.570119 ], [ 2.407175, 42.575921 ], [ 2.409123, 42.573992 ], [ 2.409782, 42.573434 ], [ 2.410149, 42.573272 ], [ 2.410705, 42.573146 ], [ 2.411426, 42.573112 ], [ 2.412336, 42.57318 ], [ 2.41267, 42.573225 ], [ 2.412868, 42.573261 ], [ 2.421032, 42.575187 ], [ 2.421383220806472, 42.574918018476794 ], [ 2.416721, 42.571467 ] ] ], [ [ [ 2.462162, 42.588031 ], [ 2.460878, 42.585603 ], [ 2.459033, 42.584059 ], [ 2.458638, 42.584176 ], [ 2.450266, 42.581013 ], [ 2.444689687098091, 42.578410289376428 ], [ 2.448726, 42.580862 ], [ 2.449451, 42.581434 ], [ 2.456946, 42.585789 ], [ 2.457639, 42.585385 ], [ 2.458148, 42.585224 ], [ 2.458363, 42.585188 ], [ 2.460032, 42.587168 ], [ 2.460627, 42.587836 ], [ 2.462545869231297, 42.589572399171381 ], [ 2.462162, 42.588031 ] ] ], [ [ [ 2.471817, 42.605859 ], [ 2.471263, 42.604807 ], [ 2.469582197824566, 42.605195209227851 ], [ 2.471979, 42.606645 ], [ 2.472621, 42.607735 ], [ 2.47305, 42.60857 ], [ 2.471817, 42.605859 ] ] ], [ [ [ 2.472392737522746, 42.622131918020592 ], [ 2.472206, 42.623115 ], [ 2.473205896354626, 42.623488194798369 ], [ 2.472392737522746, 42.622131918020592 ] ] ], [ [ [ 2.491616, 42.633524 ], [ 2.48791, 42.629392 ], [ 2.489229, 42.632689 ], [ 2.489605, 42.633321 ], [ 2.491661, 42.634942 ], [ 2.497658, 42.629054 ], [ 2.491616, 42.633524 ] ] ], [ [ [ 2.503816, 42.625023 ], [ 2.506163, 42.623246 ], [ 2.50691, 42.62293 ], [ 2.507356, 42.62268 ], [ 2.507741, 42.622348 ], [ 2.508262, 42.621763 ], [ 2.508723, 42.62119 ], [ 2.509505, 42.620114 ], [ 2.509877, 42.619482 ], [ 2.506772, 42.61766 ], [ 2.503123, 42.616872 ], [ 2.500285, 42.61889 ], [ 2.497933, 42.623241 ], [ 2.497849, 42.623412 ], [ 2.497774, 42.623582 ], [ 2.497708456844069, 42.624630293263664 ], [ 2.499801, 42.623302 ], [ 2.50051, 42.622919 ], [ 2.501272, 42.622467 ], [ 2.501351, 42.622514 ], [ 2.503239, 42.625482 ], [ 2.503547438872609, 42.630419893832055 ], [ 2.503816, 42.625023 ] ] ], [ [ [ 2.525191, 42.65661 ], [ 2.527198, 42.656658 ], [ 2.53488, 42.652625 ], [ 2.535288, 42.652697 ], [ 2.535909, 42.652772 ], [ 2.536596, 42.652798 ], [ 2.542451, 42.653667 ], [ 2.543731, 42.650302 ], [ 2.542239, 42.649735 ], [ 2.541219, 42.649419 ], [ 2.538178, 42.649154 ], [ 2.532502, 42.645863 ], [ 2.531338, 42.64543 ], [ 2.526246, 42.643262 ], [ 2.52214, 42.639045 ], [ 2.518626, 42.638261 ], [ 2.510004, 42.637748 ], [ 2.503736550626611, 42.63344744271317 ], [ 2.503776, 42.634079 ], [ 2.509904, 42.640128 ], [ 2.516918, 42.640944 ], [ 2.51897, 42.639996 ], [ 2.52183, 42.642564 ], [ 2.526958, 42.646231 ], [ 2.530063, 42.647596 ], [ 2.530508, 42.647779 ], [ 2.531316, 42.648989 ], [ 2.531317, 42.649018 ], [ 2.531285, 42.649431 ], [ 2.531275, 42.649474 ], [ 2.530429, 42.650721 ], [ 2.529385, 42.651111 ], [ 2.529295, 42.651115 ], [ 2.529137, 42.651108 ], [ 2.528692, 42.650924 ], [ 2.525512, 42.649528 ], [ 2.520327, 42.654757 ], [ 2.518726, 42.65479 ], [ 2.518203, 42.654782 ], [ 2.525191, 42.65661 ] ] ], [ [ [ 2.481759, 42.662332 ], [ 2.480914, 42.663254 ], [ 2.480574, 42.66445 ], [ 2.480308, 42.665306 ], [ 2.479768, 42.666682 ], [ 2.479768, 42.666792 ], [ 2.480966, 42.667914 ], [ 2.488902, 42.671005 ], [ 2.489821, 42.670489 ], [ 2.490016, 42.670335 ], [ 2.490082, 42.66775 ], [ 2.492692, 42.659925 ], [ 2.487025, 42.665768 ], [ 2.484785, 42.667314 ], [ 2.48459, 42.667218 ], [ 2.484027, 42.666788 ], [ 2.483715, 42.666366 ], [ 2.48346, 42.665859 ], [ 2.483445, 42.665671 ], [ 2.483487, 42.665104 ], [ 2.483613, 42.663589 ], [ 2.483642, 42.663433 ], [ 2.484552, 42.662307 ], [ 2.486446, 42.660124 ], [ 2.481759, 42.662332 ] ] ], [ [ [ 2.463994, 42.651137 ], [ 2.463643, 42.651966 ], [ 2.463567, 42.653139 ], [ 2.463938, 42.656136 ], [ 2.464371, 42.656197 ], [ 2.465028, 42.656178 ], [ 2.465563, 42.656036 ], [ 2.466222, 42.655653 ], [ 2.471921, 42.651522 ], [ 2.469397, 42.651573 ], [ 2.469048, 42.651585 ], [ 2.468181, 42.651571 ], [ 2.467827, 42.651534 ], [ 2.467532, 42.65148 ], [ 2.467394, 42.651448 ], [ 2.464309, 42.649984 ], [ 2.457061, 42.645675 ], [ 2.463994, 42.651137 ] ] ], [ [ [ 2.449672, 42.653856 ], [ 2.450085, 42.653657 ], [ 2.450829, 42.653102 ], [ 2.451317, 42.652516 ], [ 2.451544, 42.651963 ], [ 2.453087, 42.649299 ], [ 2.451585, 42.651436 ], [ 2.450967, 42.652112 ], [ 2.450188, 42.652807 ], [ 2.449576, 42.65305 ], [ 2.448832, 42.65319 ], [ 2.447768, 42.652843 ], [ 2.449672, 42.653856 ] ] ], [ [ [ 2.446758, 42.651817 ], [ 2.447768, 42.652843 ], [ 2.447085, 42.651935 ], [ 2.447067, 42.650722 ], [ 2.442658, 42.643805 ], [ 2.446758, 42.651817 ] ] ], [ [ [ 2.417431, 42.661582 ], [ 2.41708, 42.662354 ], [ 2.416803, 42.665782 ], [ 2.416585, 42.66654 ], [ 2.416293, 42.668363 ], [ 2.416507, 42.669258 ], [ 2.417357, 42.670097 ], [ 2.418249, 42.670309 ], [ 2.418907, 42.670196 ], [ 2.420309, 42.669509 ], [ 2.422323, 42.666569 ], [ 2.423913, 42.660388 ], [ 2.423111, 42.662094 ], [ 2.422793, 42.662567 ], [ 2.422368, 42.662927 ], [ 2.422154, 42.663054 ], [ 2.420852, 42.663763 ], [ 2.420059, 42.664152 ], [ 2.419551, 42.664293 ], [ 2.419301, 42.664335 ], [ 2.417734, 42.662225 ], [ 2.418128, 42.66121 ], [ 2.413817, 42.65345 ], [ 2.417431, 42.661582 ] ] ], [ [ [ 2.383238, 42.656665 ], [ 2.384739, 42.657463 ], [ 2.386186, 42.657788 ], [ 2.386986, 42.657442 ], [ 2.394787, 42.655068 ], [ 2.398056, 42.655539 ], [ 2.39876, 42.655552 ], [ 2.400027, 42.654876 ], [ 2.405944, 42.651171 ], [ 2.400382, 42.654403 ], [ 2.397458, 42.65337 ], [ 2.389844, 42.654907 ], [ 2.389674, 42.655005 ], [ 2.389446, 42.655132 ], [ 2.389353, 42.65514 ], [ 2.387252, 42.65485 ], [ 2.380384, 42.654569 ], [ 2.375995, 42.657361 ], [ 2.375449, 42.657895 ], [ 2.383238, 42.656665 ] ] ], [ [ [ 2.369394, 42.649978 ], [ 2.368511, 42.650474 ], [ 2.367335, 42.651996 ], [ 2.363762, 42.658988 ], [ 2.361413, 42.659084 ], [ 2.360902, 42.659038 ], [ 2.360439, 42.659089 ], [ 2.360056, 42.659204 ], [ 2.358719, 42.659535 ], [ 2.359103, 42.663114 ], [ 2.361659, 42.663998 ], [ 2.361693, 42.663992 ], [ 2.366385, 42.663271 ], [ 2.368959, 42.662595 ], [ 2.372907212276366, 42.659609127501682 ], [ 2.369416, 42.660875 ], [ 2.368839, 42.661073 ], [ 2.368503, 42.661139 ], [ 2.36669, 42.65803 ], [ 2.369583, 42.650663 ], [ 2.370576, 42.649411 ], [ 2.370704, 42.649275 ], [ 2.370864, 42.649213 ], [ 2.372073384225301, 42.648478484968642 ], [ 2.369394, 42.649978 ] ] ], [ [ [ 2.381576, 42.642087 ], [ 2.380759, 42.642434 ], [ 2.380397, 42.64261 ], [ 2.379232, 42.643413 ], [ 2.377367, 42.644757 ], [ 2.377019910493381, 42.645092290429922 ], [ 2.383051, 42.64462 ], [ 2.384116, 42.644213 ], [ 2.387246, 42.64207 ], [ 2.38773, 42.641775 ], [ 2.381576, 42.642087 ] ] ], [ [ [ 2.37209, 42.623881 ], [ 2.371352, 42.624257 ], [ 2.369819, 42.625345 ], [ 2.368969, 42.625825 ], [ 2.369488, 42.629388 ], [ 2.369829, 42.629338 ], [ 2.370219, 42.629241 ], [ 2.377497, 42.628275 ], [ 2.380726, 42.625858 ], [ 2.380481, 42.625933 ], [ 2.380117, 42.626006 ], [ 2.379401, 42.626129 ], [ 2.376681, 42.626546 ], [ 2.376498, 42.626591 ], [ 2.374459, 42.627069 ], [ 2.373344, 42.623646 ], [ 2.374569910734499, 42.621721131239269 ], [ 2.37209, 42.623881 ] ] ], [ [ [ 2.374985559323538, 42.621068498904819 ], [ 2.37581, 42.619774 ], [ 2.372556, 42.614365 ], [ 2.371779, 42.614097 ], [ 2.374985559323538, 42.621068498904819 ] ] ] ] } },
{ "type": "Feature", "properties": { "codgeo": "66149", "value": 1080, "isochrone_group": 18.0, "nb_agences": 1 }, "geometry": { "type": "MultiPolygon", "coordinates": [ [ [ [ 2.327757, 42.611934 ], [ 2.324328, 42.61412 ], [ 2.323707, 42.61445 ], [ 2.3233, 42.614772 ], [ 2.32278, 42.615414 ], [ 2.322537, 42.616056 ], [ 2.322474, 42.616799 ], [ 2.32261, 42.617457 ], [ 2.323421, 42.619046 ], [ 2.323793, 42.619109 ], [ 2.324152, 42.619135 ], [ 2.324755, 42.619045 ], [ 2.325493, 42.618643 ], [ 2.328221, 42.616778 ], [ 2.334355, 42.61474 ], [ 2.333794, 42.614824 ], [ 2.330594, 42.615043 ], [ 2.328958, 42.615224 ], [ 2.328575503904009, 42.611759263211511 ], [ 2.327757, 42.611934 ] ] ], [ [ [ 2.373274, 42.605423 ], [ 2.367547, 42.607469 ], [ 2.368057, 42.607609 ], [ 2.370171, 42.607777 ], [ 2.370595, 42.607737 ], [ 2.371179, 42.607665 ], [ 2.373501, 42.606937 ], [ 2.373845, 42.606948 ], [ 2.374768, 42.6071 ], [ 2.380512, 42.603162 ], [ 2.378565, 42.598266 ], [ 2.373601, 42.596602 ], [ 2.373274, 42.605423 ] ] ], [ [ [ 2.345573, 42.580651 ], [ 2.345885, 42.580797 ], [ 2.346618, 42.581089 ], [ 2.347228, 42.581277 ], [ 2.353129, 42.584484 ], [ 2.350681, 42.582775 ], [ 2.348712, 42.581706 ], [ 2.34717, 42.581104 ], [ 2.346524, 42.580889 ], [ 2.345784, 42.580573 ], [ 2.345164, 42.580235 ], [ 2.344563, 42.579841 ], [ 2.345573, 42.580651 ] ] ], [ [ [ 2.360941, 42.572432 ], [ 2.360505, 42.569235 ], [ 2.359227, 42.567905 ], [ 2.359116, 42.567785 ], [ 2.357009, 42.567 ], [ 2.356019, 42.566667 ], [ 2.355667, 42.567215 ], [ 2.355635, 42.567267 ], [ 2.355299, 42.568055 ], [ 2.355209, 42.568423 ], [ 2.355005, 42.569098 ], [ 2.354891, 42.569759 ], [ 2.354935, 42.570578 ], [ 2.348832, 42.576684 ], [ 2.347931, 42.576519 ], [ 2.344931, 42.575497 ], [ 2.342687, 42.573711 ], [ 2.338864, 42.571447 ], [ 2.336715, 42.569777 ], [ 2.33608, 42.569347 ], [ 2.335698, 42.569155 ], [ 2.334774, 42.568818 ], [ 2.333635, 42.568468 ], [ 2.331544, 42.571398 ], [ 2.332037, 42.57175 ], [ 2.332401, 42.57198 ], [ 2.332878, 42.572198 ], [ 2.337232, 42.574661 ], [ 2.340549, 42.576607 ], [ 2.342687, 42.578313 ], [ 2.34411, 42.579492 ], [ 2.342695, 42.578319 ], [ 2.344991, 42.575547 ], [ 2.346407, 42.576719 ], [ 2.348273, 42.577677 ], [ 2.349307, 42.577972 ], [ 2.356594, 42.57388 ], [ 2.360068, 42.573459 ], [ 2.360146, 42.573832 ], [ 2.360105, 42.574775 ], [ 2.360941, 42.572432 ] ] ], [ [ [ 2.383639, 42.568192 ], [ 2.384097, 42.565697 ], [ 2.384252, 42.565098 ], [ 2.382172, 42.56005 ], [ 2.381088, 42.558573 ], [ 2.379898, 42.557259 ], [ 2.379534, 42.557555 ], [ 2.379021, 42.558104 ], [ 2.375617, 42.561493 ], [ 2.371715, 42.565199 ], [ 2.372276, 42.566912 ], [ 2.372673, 42.568669 ], [ 2.373832, 42.577258 ], [ 2.374647, 42.571376 ], [ 2.374955, 42.570458 ], [ 2.376493, 42.565084 ], [ 2.377878, 42.564505 ], [ 2.380075, 42.563822 ], [ 2.380516, 42.563849 ], [ 2.380759, 42.564014 ], [ 2.38283, 42.567266 ], [ 2.383200821138213, 42.568524691358007 ], [ 2.383639, 42.568192 ] ] ], [ [ [ 2.398042, 42.585478 ], [ 2.396987, 42.585436 ], [ 2.396311, 42.585512 ], [ 2.395833, 42.585847 ], [ 2.395806, 42.585867 ], [ 2.395295, 42.586475 ], [ 2.392829, 42.593713 ], [ 2.392644, 42.594368 ], [ 2.387629, 42.600994 ], [ 2.396432, 42.600056 ], [ 2.396753, 42.596424 ], [ 2.396217, 42.594827 ], [ 2.395973, 42.593672 ], [ 2.395795, 42.590079 ], [ 2.395501, 42.588471 ], [ 2.395629, 42.587651 ], [ 2.395745, 42.587364 ], [ 2.398587, 42.587149 ], [ 2.406675, 42.583736 ], [ 2.398042, 42.585478 ] ] ], [ [ [ 2.419703, 42.568412 ], [ 2.419234, 42.56736 ], [ 2.418939, 42.566393 ], [ 2.418902, 42.566335 ], [ 2.417673, 42.565439 ], [ 2.409727, 42.562929 ], [ 2.407094, 42.565384 ], [ 2.407643, 42.566199 ], [ 2.40954, 42.571705 ], [ 2.407175, 42.575921 ], [ 2.410789, 42.570119 ], [ 2.411553, 42.568462 ], [ 2.412105, 42.567989 ], [ 2.412182, 42.567946 ], [ 2.414292, 42.568593 ], [ 2.414444, 42.568668 ], [ 2.414889, 42.569092 ], [ 2.415984, 42.570521 ], [ 2.416721, 42.571467 ], [ 2.421598, 42.575077 ], [ 2.427989, 42.569859 ], [ 2.419703, 42.568412 ] ] ], [ [ [ 2.446692, 42.579104 ], [ 2.441334, 42.576372 ], [ 2.441698, 42.576642 ], [ 2.441933, 42.57684 ], [ 2.442508, 42.577392 ], [ 2.447297833681943, 42.579627626161667 ], [ 2.446692, 42.579104 ] ] ], [ [ [ 2.46516, 42.585379 ], [ 2.464916, 42.584831 ], [ 2.464567, 42.584353 ], [ 2.463684, 42.583726 ], [ 2.460435, 42.583123 ], [ 2.460355, 42.583159 ], [ 2.458638, 42.584176 ], [ 2.459033, 42.584059 ], [ 2.460878, 42.585603 ], [ 2.462162, 42.588031 ], [ 2.462875, 42.590894 ], [ 2.463261, 42.592228 ], [ 2.46516, 42.585379 ] ] ], [ [ [ 2.470978, 42.603347 ], [ 2.470745, 42.602775 ], [ 2.470454, 42.60229 ], [ 2.470025, 42.601754 ], [ 2.469526, 42.601887 ], [ 2.467214, 42.604003 ], [ 2.461455, 42.597485 ], [ 2.461188, 42.597829 ], [ 2.462168, 42.604972 ], [ 2.467756, 42.605617 ], [ 2.471263, 42.604807 ], [ 2.471817, 42.605859 ], [ 2.470978, 42.603347 ] ] ], [ [ [ 2.512166, 42.617914 ], [ 2.51239, 42.617614 ], [ 2.51268, 42.617037 ], [ 2.512795, 42.616198 ], [ 2.512787, 42.6144 ], [ 2.512754, 42.614327 ], [ 2.512349, 42.613774 ], [ 2.512328, 42.613758 ], [ 2.511296, 42.613576 ], [ 2.510408, 42.613599 ], [ 2.510393, 42.613607 ], [ 2.506832, 42.614773 ], [ 2.499635, 42.612342 ], [ 2.497282, 42.612813 ], [ 2.496821, 42.61318 ], [ 2.496322, 42.614737 ], [ 2.496976, 42.616502 ], [ 2.496797, 42.622068 ], [ 2.496961, 42.625664 ], [ 2.49099, 42.631344 ], [ 2.487844, 42.628256 ], [ 2.48791, 42.629392 ], [ 2.491616, 42.633524 ], [ 2.497658, 42.629054 ], [ 2.497388, 42.627131 ], [ 2.497609, 42.626221 ], [ 2.497774, 42.623582 ], [ 2.497849, 42.623412 ], [ 2.497933, 42.623241 ], [ 2.500285, 42.61889 ], [ 2.503123, 42.616872 ], [ 2.506772, 42.61766 ], [ 2.509877, 42.619482 ], [ 2.509505, 42.620114 ], [ 2.508723, 42.62119 ], [ 2.512166, 42.617914 ] ] ], [ [ [ 2.508882, 42.636547 ], [ 2.507796, 42.636009 ], [ 2.503408, 42.633222 ], [ 2.510004, 42.637748 ], [ 2.510679930235297, 42.637788217143431 ], [ 2.508882, 42.636547 ] ] ], [ [ [ 2.534839, 42.644577 ], [ 2.533169, 42.642437 ], [ 2.532944, 42.64232 ], [ 2.532199, 42.642118 ], [ 2.53132, 42.642248 ], [ 2.524544, 42.637277 ], [ 2.524418, 42.637016 ], [ 2.52334, 42.635905 ], [ 2.520923, 42.63548 ], [ 2.51824, 42.636364 ], [ 2.518024, 42.636412 ], [ 2.513402734692943, 42.637950221166477 ], [ 2.518626, 42.638261 ], [ 2.52214, 42.639045 ], [ 2.526246, 42.643262 ], [ 2.531338, 42.64543 ], [ 2.532502, 42.645863 ], [ 2.538178, 42.649154 ], [ 2.541219, 42.649419 ], [ 2.534839, 42.644577 ] ] ], [ [ [ 2.54252, 42.653693 ], [ 2.543272, 42.653961 ], [ 2.543524, 42.654033 ], [ 2.543856, 42.654122 ], [ 2.544444, 42.654236 ], [ 2.545086, 42.654303 ], [ 2.545553, 42.654317 ], [ 2.546071, 42.654299 ], [ 2.546499, 42.654258 ], [ 2.552004, 42.654135 ], [ 2.552957, 42.654117 ], [ 2.553214, 42.654112 ], [ 2.555387, 42.652788 ], [ 2.555399, 42.652778 ], [ 2.554598, 42.65162 ], [ 2.553084, 42.650021 ], [ 2.549203, 42.650394 ], [ 2.54841, 42.650394 ], [ 2.542239, 42.649735 ], [ 2.543731, 42.650302 ], [ 2.542451070474674, 42.653666814728702 ], [ 2.54252, 42.653693 ] ] ], [ [ [ 2.525366, 42.659043 ], [ 2.52603, 42.659649 ], [ 2.526603, 42.660064 ], [ 2.527028, 42.660334 ], [ 2.529596, 42.660362 ], [ 2.529858, 42.659623 ], [ 2.530628, 42.65701 ], [ 2.537370770941057, 42.652912991622166 ], [ 2.536596, 42.652798 ], [ 2.535909, 42.652772 ], [ 2.535288, 42.652697 ], [ 2.53488, 42.652625 ], [ 2.527198, 42.656658 ], [ 2.525191, 42.65661 ], [ 2.518203, 42.654782 ], [ 2.517789, 42.654701 ], [ 2.525366, 42.659043 ] ] ], [ [ [ 2.484739, 42.658443 ], [ 2.481939, 42.659185 ], [ 2.47888, 42.660119 ], [ 2.476991, 42.663183 ], [ 2.477996, 42.66774 ], [ 2.478179, 42.66904 ], [ 2.478851, 42.669411 ], [ 2.479091, 42.669522 ], [ 2.480036, 42.669643 ], [ 2.4811, 42.669163 ], [ 2.48886, 42.671874 ], [ 2.49062, 42.672491 ], [ 2.49126, 42.672403 ], [ 2.491554, 42.672169 ], [ 2.493183, 42.67065 ], [ 2.493585, 42.669445 ], [ 2.492907, 42.668003 ], [ 2.492274, 42.666671 ], [ 2.494265, 42.658517 ], [ 2.493788, 42.658935 ], [ 2.492692, 42.659925 ], [ 2.490082, 42.66775 ], [ 2.490016, 42.670335 ], [ 2.489821, 42.670489 ], [ 2.488902, 42.671005 ], [ 2.480966, 42.667914 ], [ 2.479768, 42.666792 ], [ 2.479768, 42.666682 ], [ 2.480308, 42.665306 ], [ 2.480574, 42.66445 ], [ 2.480914, 42.663254 ], [ 2.481759, 42.662332 ], [ 2.486446, 42.660124 ], [ 2.48715, 42.659449 ], [ 2.487067, 42.650607 ], [ 2.486566, 42.649977 ], [ 2.484739, 42.658443 ] ] ], [ [ [ 2.445814, 42.65209 ], [ 2.445523, 42.653993 ], [ 2.446374, 42.654923 ], [ 2.44682, 42.655125 ], [ 2.44755, 42.655344 ], [ 2.450091, 42.654361 ], [ 2.458821, 42.656028 ], [ 2.458947, 42.656703 ], [ 2.459922, 42.65783 ], [ 2.46118, 42.657982 ], [ 2.465028, 42.656178 ], [ 2.464371, 42.656197 ], [ 2.463938, 42.656136 ], [ 2.463567, 42.653139 ], [ 2.463643, 42.651966 ], [ 2.463994, 42.651137 ], [ 2.457061, 42.645675 ], [ 2.455831, 42.646617 ], [ 2.453087, 42.649299 ], [ 2.451544, 42.651963 ], [ 2.451317, 42.652516 ], [ 2.450829, 42.653102 ], [ 2.450085, 42.653657 ], [ 2.449672, 42.653856 ], [ 2.447768, 42.652843 ], [ 2.446758, 42.651817 ], [ 2.442658, 42.643805 ], [ 2.445814, 42.65209 ] ] ], [ [ [ 2.42045, 42.671844 ], [ 2.421259, 42.672291 ], [ 2.421818, 42.672365 ], [ 2.427557, 42.672602 ], [ 2.428123, 42.672423 ], [ 2.428376, 42.672296 ], [ 2.428905, 42.670886 ], [ 2.428678, 42.669903 ], [ 2.428457, 42.669056 ], [ 2.427144, 42.667964 ], [ 2.423913, 42.660388 ], [ 2.422323, 42.666569 ], [ 2.420309, 42.669509 ], [ 2.418907, 42.670196 ], [ 2.418249, 42.670309 ], [ 2.417357, 42.670097 ], [ 2.42045, 42.671844 ] ] ], [ [ [ 2.415397, 42.659353 ], [ 2.415579, 42.660105 ], [ 2.416585, 42.66654 ], [ 2.416803, 42.665782 ], [ 2.41708, 42.662354 ], [ 2.417431, 42.661582 ], [ 2.413817, 42.65345 ], [ 2.413203, 42.653115 ], [ 2.415397, 42.659353 ] ] ], [ [ [ 2.390403, 42.657534 ], [ 2.390883, 42.657501 ], [ 2.391359, 42.657408 ], [ 2.391966, 42.657149 ], [ 2.39876, 42.655552 ], [ 2.398056, 42.655539 ], [ 2.394787, 42.655068 ], [ 2.386986, 42.657442 ], [ 2.386186, 42.657788 ], [ 2.390403, 42.657534 ] ] ], [ [ [ 2.379533, 42.65784 ], [ 2.386186, 42.657788 ], [ 2.384739, 42.657463 ], [ 2.383238, 42.656665 ], [ 2.375449, 42.657895 ], [ 2.373632, 42.659061 ], [ 2.373201361603452, 42.659386674319158 ], [ 2.379533, 42.65784 ] ] ], [ [ [ 2.365343, 42.653043 ], [ 2.363874, 42.655106 ], [ 2.357484, 42.659855 ], [ 2.353489, 42.661081 ], [ 2.353421, 42.661128 ], [ 2.351973, 42.662942 ], [ 2.351392, 42.663625 ], [ 2.350908, 42.664376 ], [ 2.350052, 42.665847 ], [ 2.352893, 42.668057 ], [ 2.360697, 42.665255 ], [ 2.361443, 42.665078 ], [ 2.364324626499207, 42.663587608971433 ], [ 2.361693, 42.663992 ], [ 2.361659, 42.663998 ], [ 2.359103, 42.663114 ], [ 2.358719, 42.659535 ], [ 2.360056, 42.659204 ], [ 2.360439, 42.659089 ], [ 2.360902, 42.659038 ], [ 2.361413, 42.659084 ], [ 2.363762, 42.658988 ], [ 2.367335, 42.651996 ], [ 2.368511, 42.650474 ], [ 2.365343, 42.653043 ] ] ], [ [ [ 2.382315, 42.641019 ], [ 2.381366, 42.64079 ], [ 2.379148, 42.640242 ], [ 2.378489, 42.640147 ], [ 2.3775, 42.640345 ], [ 2.377077, 42.64056 ], [ 2.375664, 42.646469 ], [ 2.375955, 42.646121 ], [ 2.377367, 42.644757 ], [ 2.379232, 42.643413 ], [ 2.380397, 42.64261 ], [ 2.380759, 42.642434 ], [ 2.381576, 42.642087 ], [ 2.38773, 42.641775 ], [ 2.388333, 42.641574 ], [ 2.382315, 42.641019 ] ] ], [ [ [ 2.366685, 42.624775 ], [ 2.365938, 42.624595 ], [ 2.363893, 42.626304 ], [ 2.362924, 42.629771 ], [ 2.363928, 42.630052 ], [ 2.364535, 42.630204 ], [ 2.365046, 42.63035 ], [ 2.366074, 42.630327 ], [ 2.36655, 42.630218 ], [ 2.366969, 42.630062 ], [ 2.368059, 42.629725 ], [ 2.368444, 42.629644 ], [ 2.373967, 42.630166 ], [ 2.376117, 42.631192 ], [ 2.376532, 42.630923 ], [ 2.377193, 42.630157 ], [ 2.381262, 42.625571 ], [ 2.380726, 42.625858 ], [ 2.377497, 42.628275 ], [ 2.370219, 42.629241 ], [ 2.369829, 42.629338 ], [ 2.369488, 42.629388 ], [ 2.368969, 42.625825 ], [ 2.369819, 42.625345 ], [ 2.371352, 42.624257 ], [ 2.366685, 42.624775 ] ] ], [ [ [ 2.37209, 42.623881 ], [ 2.375081, 42.621276 ], [ 2.37486833236356, 42.620813631447007 ], [ 2.37209, 42.623881 ] ] ], [ [ [ 2.357894, 42.61377 ], [ 2.356539, 42.614334 ], [ 2.355831, 42.614677 ], [ 2.357894, 42.61377 ] ] ] ] } },
{ "type": "Feature", "properties": { "codgeo": "66149", "value": 1140, "isochrone_group": 19.0, "nb_agences": 1 }, "geometry": { "type": "MultiPolygon", "coordinates": [ [ [ [ 2.317413, 42.615854 ], [ 2.316842, 42.616749 ], [ 2.316461, 42.619326 ], [ 2.317025, 42.619481 ], [ 2.317409, 42.619556 ], [ 2.318393, 42.619724 ], [ 2.319248, 42.619849 ], [ 2.320582, 42.620021 ], [ 2.321675, 42.620157 ], [ 2.321753, 42.620146 ], [ 2.323695991123854, 42.619092571077431 ], [ 2.323421, 42.619046 ], [ 2.32261, 42.617457 ], [ 2.322474, 42.616799 ], [ 2.322537, 42.616056 ], [ 2.32278, 42.615414 ], [ 2.3233, 42.614772 ], [ 2.323707, 42.61445 ], [ 2.324328, 42.61412 ], [ 2.317413, 42.615854 ] ] ], [ [ [ 2.372338, 42.605496 ], [ 2.367547, 42.607469 ], [ 2.373274, 42.605423 ], [ 2.373601, 42.596602 ], [ 2.372338, 42.605496 ] ] ], [ [ [ 2.342514, 42.578669 ], [ 2.343825, 42.579889 ], [ 2.344257, 42.580198 ], [ 2.344374, 42.58026 ], [ 2.345885, 42.580797 ], [ 2.345573, 42.580651 ], [ 2.344563, 42.579841 ], [ 2.34411, 42.579492 ], [ 2.342687, 42.578313 ], [ 2.340549, 42.576607 ], [ 2.338094791054993, 42.575167177688577 ], [ 2.342514, 42.578669 ] ] ], [ [ [ 2.331331, 42.567357 ], [ 2.330709, 42.567014 ], [ 2.327445, 42.566477 ], [ 2.324697, 42.566644 ], [ 2.323391, 42.567079 ], [ 2.321963, 42.567707 ], [ 2.32148, 42.56903 ], [ 2.321501, 42.569597 ], [ 2.321755, 42.569974 ], [ 2.323136, 42.570656 ], [ 2.323957, 42.570825 ], [ 2.327545, 42.570907 ], [ 2.332878, 42.572198 ], [ 2.332401, 42.57198 ], [ 2.332037, 42.57175 ], [ 2.331544, 42.571398 ], [ 2.333635, 42.568468 ], [ 2.334774, 42.568818 ], [ 2.331331, 42.567357 ] ] ], [ [ [ 2.347503, 42.57564 ], [ 2.347042, 42.575319 ], [ 2.345536, 42.574409 ], [ 2.342142, 42.573191 ], [ 2.341568, 42.572818 ], [ 2.340929, 42.572445 ], [ 2.340233, 42.572088 ], [ 2.339292, 42.571639 ], [ 2.336715, 42.569777 ], [ 2.338864, 42.571447 ], [ 2.342687, 42.573711 ], [ 2.344931, 42.575497 ], [ 2.347931, 42.576519 ], [ 2.348832, 42.576684 ], [ 2.354935, 42.570578 ], [ 2.347503, 42.57564 ] ] ], [ [ [ 2.38679, 42.567998 ], [ 2.387325, 42.567989 ], [ 2.390166, 42.56822 ], [ 2.390525, 42.567874 ], [ 2.391121, 42.567192 ], [ 2.391524, 42.566165 ], [ 2.391138, 42.564847 ], [ 2.387282, 42.55681 ], [ 2.387597, 42.553365 ], [ 2.3878, 42.552459 ], [ 2.38781, 42.552188 ], [ 2.386194, 42.551106 ], [ 2.385944, 42.55106 ], [ 2.384567, 42.551666 ], [ 2.384213, 42.552054 ], [ 2.382336, 42.554028 ], [ 2.375274, 42.557376 ], [ 2.375093, 42.557428 ], [ 2.373502, 42.559463 ], [ 2.372944, 42.560326 ], [ 2.370657, 42.565523 ], [ 2.363673, 42.560737 ], [ 2.363482, 42.559385 ], [ 2.363207, 42.558966 ], [ 2.363022, 42.558755 ], [ 2.359425, 42.560017 ], [ 2.357788, 42.561735 ], [ 2.354228, 42.56534 ], [ 2.353515, 42.566387 ], [ 2.354891, 42.569759 ], [ 2.355005, 42.569098 ], [ 2.355209, 42.568423 ], [ 2.355299, 42.568055 ], [ 2.355635, 42.567267 ], [ 2.355667, 42.567215 ], [ 2.356019, 42.566667 ], [ 2.357009, 42.567 ], [ 2.359116, 42.567785 ], [ 2.359227, 42.567905 ], [ 2.360505, 42.569235 ], [ 2.360941, 42.572432 ], [ 2.360105, 42.574775 ], [ 2.360886, 42.58134 ], [ 2.368863, 42.584588 ], [ 2.372321, 42.579824 ], [ 2.373487, 42.577803 ], [ 2.373832, 42.577258 ], [ 2.372673, 42.568669 ], [ 2.372276, 42.566912 ], [ 2.371715, 42.565199 ], [ 2.375617, 42.561493 ], [ 2.379021, 42.558104 ], [ 2.379534, 42.557555 ], [ 2.379898, 42.557259 ], [ 2.381088, 42.558573 ], [ 2.382172, 42.56005 ], [ 2.384252, 42.565098 ], [ 2.384097, 42.565697 ], [ 2.383639, 42.568192 ], [ 2.381263, 42.569996 ], [ 2.38679, 42.567998 ] ] ], [ [ [ 2.391369, 42.589577 ], [ 2.390995, 42.589462 ], [ 2.389937, 42.592903 ], [ 2.387629, 42.600994 ], [ 2.392644, 42.594368 ], [ 2.392829, 42.593713 ], [ 2.394213385554404, 42.589649665594976 ], [ 2.391369, 42.589577 ] ] ], [ [ [ 2.422198, 42.565568 ], [ 2.421406, 42.563237 ], [ 2.41324, 42.559458 ], [ 2.41321, 42.559412 ], [ 2.41232, 42.558704 ], [ 2.41176, 42.558452 ], [ 2.410272, 42.558284 ], [ 2.40845, 42.558911 ], [ 2.408029, 42.559034 ], [ 2.407671, 42.559206 ], [ 2.407509, 42.559303 ], [ 2.405709, 42.563056 ], [ 2.404192, 42.565675 ], [ 2.406744, 42.568214 ], [ 2.406733, 42.576639 ], [ 2.407175, 42.575921 ], [ 2.40954, 42.571705 ], [ 2.407643, 42.566199 ], [ 2.407094, 42.565384 ], [ 2.409727, 42.562929 ], [ 2.417673, 42.565439 ], [ 2.418902, 42.566335 ], [ 2.418939, 42.566393 ], [ 2.419234, 42.56736 ], [ 2.419703, 42.568412 ], [ 2.427989, 42.569859 ], [ 2.429459, 42.568822 ], [ 2.422198, 42.565568 ] ] ], [ [ [ 2.459311, 42.582087 ], [ 2.458631, 42.581893 ], [ 2.458146, 42.581865 ], [ 2.457423, 42.582028 ], [ 2.457228, 42.582081 ], [ 2.45715, 42.582123 ], [ 2.453585515704186, 42.583058202830266 ], [ 2.457747, 42.584693 ], [ 2.458638, 42.584176 ], [ 2.460355, 42.583159 ], [ 2.460435, 42.583123 ], [ 2.463684, 42.583726 ], [ 2.459311, 42.582087 ] ] ], [ [ [ 2.467582, 42.59057 ], [ 2.468403, 42.590215 ], [ 2.46859, 42.590074 ], [ 2.468168, 42.587347 ], [ 2.467955, 42.587103 ], [ 2.464567, 42.584353 ], [ 2.464916, 42.584831 ], [ 2.46516, 42.585379 ], [ 2.463261, 42.592228 ], [ 2.467582, 42.59057 ] ] ], [ [ [ 2.471676, 42.602458 ], [ 2.469131, 42.599911 ], [ 2.468304, 42.600394 ], [ 2.461455, 42.597485 ], [ 2.467214, 42.604003 ], [ 2.469526, 42.601887 ], [ 2.470025, 42.601754 ], [ 2.470454, 42.60229 ], [ 2.470745, 42.602775 ], [ 2.470978, 42.603347 ], [ 2.471817, 42.605859 ], [ 2.472621, 42.607735 ], [ 2.471676, 42.602458 ] ] ], [ [ [ 2.510523, 42.611899 ], [ 2.510432, 42.611877 ], [ 2.509776, 42.611839 ], [ 2.509062, 42.612049 ], [ 2.501615, 42.612108 ], [ 2.499699, 42.610069 ], [ 2.49897, 42.609171 ], [ 2.493473, 42.606096 ], [ 2.491971, 42.606692 ], [ 2.491898, 42.606751 ], [ 2.491246, 42.608925 ], [ 2.492852, 42.612703 ], [ 2.493646, 42.613904 ], [ 2.494532, 42.621736 ], [ 2.493049, 42.623789 ], [ 2.484507, 42.625496 ], [ 2.487621, 42.627105 ], [ 2.487844, 42.628256 ], [ 2.49099, 42.631344 ], [ 2.496961, 42.625664 ], [ 2.496797, 42.622068 ], [ 2.496976, 42.616502 ], [ 2.496322, 42.614737 ], [ 2.496821, 42.61318 ], [ 2.497282, 42.612813 ], [ 2.499635, 42.612342 ], [ 2.506832, 42.614773 ], [ 2.510393, 42.613607 ], [ 2.510408, 42.613599 ], [ 2.511296, 42.613576 ], [ 2.511796140012184, 42.61366420298662 ], [ 2.510523, 42.611899 ] ] ], [ [ [ 2.511805, 42.620083 ], [ 2.512955, 42.619961 ], [ 2.51356, 42.61986 ], [ 2.513787, 42.619805 ], [ 2.513846, 42.619769 ], [ 2.514462, 42.619254 ], [ 2.514924, 42.618287 ], [ 2.514706, 42.617796 ], [ 2.514372, 42.617204 ], [ 2.513796, 42.616437 ], [ 2.512789856446812, 42.615041986420898 ], [ 2.512795, 42.616198 ], [ 2.51268, 42.617037 ], [ 2.51239, 42.617614 ], [ 2.512166, 42.617914 ], [ 2.508723, 42.62119 ], [ 2.508262, 42.621763 ], [ 2.507741, 42.622348 ], [ 2.511805, 42.620083 ] ] ], [ [ [ 2.503417267924664, 42.633035755602151 ], [ 2.503408, 42.633222 ], [ 2.505546754716049, 42.634580411438854 ], [ 2.503417267924664, 42.633035755602151 ] ] ], [ [ [ 2.53588, 42.64243 ], [ 2.535066, 42.641787 ], [ 2.532195, 42.639135 ], [ 2.526773, 42.632947 ], [ 2.526416, 42.632428 ], [ 2.52483, 42.630956 ], [ 2.524716, 42.630964 ], [ 2.516693, 42.632305 ], [ 2.514923, 42.634263 ], [ 2.509808, 42.635769 ], [ 2.505753069186528, 42.634711450278687 ], [ 2.507796, 42.636009 ], [ 2.508882, 42.636547 ], [ 2.511724, 42.638509 ], [ 2.518024, 42.636412 ], [ 2.51824, 42.636364 ], [ 2.520923, 42.63548 ], [ 2.52334, 42.635905 ], [ 2.524418, 42.637016 ], [ 2.524544, 42.637277 ], [ 2.53132, 42.642248 ], [ 2.532199, 42.642118 ], [ 2.532944, 42.64232 ], [ 2.533169, 42.642437 ], [ 2.534839, 42.644577 ], [ 2.541219, 42.649419 ], [ 2.53588, 42.64243 ] ] ], [ [ [ 2.558497, 42.649496 ], [ 2.558668, 42.649317 ], [ 2.557306, 42.647443 ], [ 2.557211, 42.647378 ], [ 2.556065, 42.64683 ], [ 2.549819, 42.649849 ], [ 2.548675, 42.650018 ], [ 2.547073121961438, 42.650251235030396 ], [ 2.54841, 42.650394 ], [ 2.549203, 42.650394 ], [ 2.553084, 42.650021 ], [ 2.554598, 42.65162 ], [ 2.555145721933557, 42.652411837701699 ], [ 2.558497, 42.649496 ] ] ], [ [ [ 2.540978, 42.653183 ], [ 2.542139, 42.653618 ], [ 2.545607, 42.655548 ], [ 2.545776, 42.655691 ], [ 2.551782, 42.654501 ], [ 2.552987312144903, 42.654116410269552 ], [ 2.552957, 42.654117 ], [ 2.552004, 42.654135 ], [ 2.546499, 42.654258 ], [ 2.546071, 42.654299 ], [ 2.545553, 42.654317 ], [ 2.545086, 42.654303 ], [ 2.544444, 42.654236 ], [ 2.543856, 42.654122 ], [ 2.543524, 42.654033 ], [ 2.543272, 42.653961 ], [ 2.54252, 42.653693 ], [ 2.540959, 42.6531 ], [ 2.53822, 42.652754 ], [ 2.540978, 42.653183 ] ] ], [ [ [ 2.524841, 42.66014 ], [ 2.524912, 42.661429 ], [ 2.525089, 42.662087 ], [ 2.525259, 42.662498 ], [ 2.525581, 42.663089 ], [ 2.525881, 42.663559 ], [ 2.526506, 42.664146 ], [ 2.528173, 42.665623 ], [ 2.531649, 42.664688 ], [ 2.531497, 42.663759 ], [ 2.531317, 42.663201 ], [ 2.530628, 42.65701 ], [ 2.529858, 42.659623 ], [ 2.529596, 42.660362 ], [ 2.527028, 42.660334 ], [ 2.526603, 42.660064 ], [ 2.52603, 42.659649 ], [ 2.525366, 42.659043 ], [ 2.5202100191293, 42.656088365059965 ], [ 2.524841, 42.66014 ] ] ], [ [ [ 2.493695, 42.67193 ], [ 2.496041, 42.670171 ], [ 2.498991, 42.668107 ], [ 2.498822, 42.66784 ], [ 2.498525, 42.667383 ], [ 2.497732, 42.666715 ], [ 2.494265, 42.658517 ], [ 2.492274, 42.666671 ], [ 2.492907, 42.668003 ], [ 2.493585, 42.669445 ], [ 2.493183, 42.67065 ], [ 2.491833429910522, 42.671908438898633 ], [ 2.493695, 42.67193 ] ] ], [ [ [ 2.477247, 42.664388 ], [ 2.475457, 42.669379 ], [ 2.475318, 42.670931 ], [ 2.475383, 42.671428 ], [ 2.482923, 42.671568 ], [ 2.48886, 42.671874 ], [ 2.4811, 42.669163 ], [ 2.480036, 42.669643 ], [ 2.479091, 42.669522 ], [ 2.478851, 42.669411 ], [ 2.478179, 42.66904 ], [ 2.477996, 42.66774 ], [ 2.477247451444769, 42.664345835058512 ], [ 2.477247, 42.664388 ] ] ], [ [ [ 2.477636, 42.661343 ], [ 2.477480094543963, 42.662389677775174 ], [ 2.47846360672076, 42.660794399157005 ], [ 2.477636, 42.661343 ] ] ], [ [ [ 2.482751, 42.658082 ], [ 2.480753413780823, 42.659546993307849 ], [ 2.481939, 42.659185 ], [ 2.484739, 42.658443 ], [ 2.486566, 42.649977 ], [ 2.482751, 42.658082 ] ] ], [ [ [ 2.446561, 42.65524 ], [ 2.449315, 42.657558 ], [ 2.457632, 42.656857 ], [ 2.458648, 42.657222 ], [ 2.459922, 42.65783 ], [ 2.458947, 42.656703 ], [ 2.458821, 42.656028 ], [ 2.450091, 42.654361 ], [ 2.44755, 42.655344 ], [ 2.44682, 42.655125 ], [ 2.446374, 42.654923 ], [ 2.445523, 42.653993 ], [ 2.446561, 42.65524 ] ] ], [ [ [ 2.431064, 42.675815 ], [ 2.431371, 42.676073 ], [ 2.432575, 42.677075 ], [ 2.43345, 42.677607 ], [ 2.433961, 42.677783 ], [ 2.436702, 42.675449 ], [ 2.436415, 42.675113 ], [ 2.433146, 42.669217 ], [ 2.432715, 42.668943 ], [ 2.429769, 42.667971 ], [ 2.426943780772959, 42.667494528980484 ], [ 2.427144, 42.667964 ], [ 2.428457, 42.669056 ], [ 2.428678, 42.669903 ], [ 2.428905, 42.670886 ], [ 2.428376, 42.672296 ], [ 2.428123, 42.672423 ], [ 2.427557, 42.672602 ], [ 2.426610778509159, 42.672562924465346 ], [ 2.431064, 42.675815 ] ] ], [ [ [ 2.413077, 42.658903 ], [ 2.414897, 42.662009 ], [ 2.416293, 42.668363 ], [ 2.416585, 42.66654 ], [ 2.415579, 42.660105 ], [ 2.415397, 42.659353 ], [ 2.413203, 42.653115 ], [ 2.412739451669531, 42.652969795506145 ], [ 2.413077, 42.658903 ] ] ], [ [ [ 2.3798, 42.659483 ], [ 2.380008, 42.659526 ], [ 2.388289, 42.658268 ], [ 2.390265, 42.658558 ], [ 2.391194, 42.658658 ], [ 2.39876, 42.655552 ], [ 2.391966, 42.657149 ], [ 2.391359, 42.657408 ], [ 2.390883, 42.657501 ], [ 2.390403, 42.657534 ], [ 2.386186, 42.657788 ], [ 2.379533, 42.65784 ], [ 2.372893, 42.659462 ], [ 2.372583952950841, 42.659602354357361 ], [ 2.3798, 42.659483 ] ] ], [ [ [ 2.350753, 42.66349 ], [ 2.349972, 42.664022 ], [ 2.347531, 42.66599 ], [ 2.346534, 42.668102 ], [ 2.346545, 42.66814 ], [ 2.348939, 42.669827 ], [ 2.349374, 42.670071 ], [ 2.35281, 42.669439 ], [ 2.353548, 42.669029 ], [ 2.355007336093412, 42.667297854724019 ], [ 2.352893, 42.668057 ], [ 2.350052, 42.665847 ], [ 2.350908, 42.664376 ], [ 2.351392, 42.663625 ], [ 2.351973, 42.662942 ], [ 2.352602372783564, 42.662153545421702 ], [ 2.350753, 42.66349 ] ] ], [ [ [ 2.363554, 42.653835 ], [ 2.357654, 42.657518 ], [ 2.354032320368316, 42.660914263886966 ], [ 2.357484, 42.659855 ], [ 2.363874, 42.655106 ], [ 2.365343, 42.653043 ], [ 2.368511, 42.650474 ], [ 2.363554, 42.653835 ] ] ], [ [ [ 2.374032, 42.631993 ], [ 2.376404, 42.639671 ], [ 2.376024, 42.641502 ], [ 2.375664, 42.646469 ], [ 2.377077, 42.64056 ], [ 2.3775, 42.640345 ], [ 2.378489, 42.640147 ], [ 2.379148, 42.640242 ], [ 2.381366, 42.64079 ], [ 2.382315, 42.641019 ], [ 2.388333, 42.641574 ], [ 2.388725, 42.641499 ], [ 2.389276, 42.641478 ], [ 2.39223, 42.641243 ], [ 2.39286, 42.641207 ], [ 2.399387, 42.639316 ], [ 2.399947, 42.639027 ], [ 2.403359, 42.637359 ], [ 2.403784, 42.637219 ], [ 2.405839, 42.636432 ], [ 2.406938, 42.636078 ], [ 2.408061, 42.627657 ], [ 2.403733, 42.625109 ], [ 2.403014, 42.624966 ], [ 2.402594, 42.624806 ], [ 2.402179, 42.624573 ], [ 2.396528, 42.623942 ], [ 2.395736, 42.623861 ], [ 2.392191, 42.624197 ], [ 2.391242, 42.62444 ], [ 2.390823, 42.624476 ], [ 2.389732, 42.62467 ], [ 2.389083, 42.624789 ], [ 2.388548, 42.624753 ], [ 2.387744, 42.624637 ], [ 2.38714, 42.624511 ], [ 2.381262, 42.625571 ], [ 2.377193, 42.630157 ], [ 2.376532, 42.630923 ], [ 2.376117, 42.631192 ], [ 2.373967, 42.630166 ], [ 2.368444, 42.629644 ], [ 2.368059, 42.629725 ], [ 2.366969, 42.630062 ], [ 2.36655, 42.630218 ], [ 2.374032, 42.631993 ] ] ], [ [ [ 2.365432, 42.623161 ], [ 2.364727, 42.62307 ], [ 2.364181, 42.623028 ], [ 2.363013, 42.623349 ], [ 2.35945, 42.625357 ], [ 2.358722, 42.626111 ], [ 2.358541, 42.626849 ], [ 2.358553, 42.627379 ], [ 2.358607, 42.627968 ], [ 2.358651, 42.628072 ], [ 2.361169, 42.630025 ], [ 2.361487, 42.630236 ], [ 2.361844, 42.630397 ], [ 2.365046, 42.63035 ], [ 2.364535, 42.630204 ], [ 2.363928, 42.630052 ], [ 2.362924, 42.629771 ], [ 2.363893, 42.626304 ], [ 2.365938, 42.624595 ], [ 2.366685, 42.624775 ], [ 2.371352, 42.624257 ], [ 2.37209, 42.623881 ], [ 2.365432, 42.623161 ] ] ] ] } },
{ "type": "Feature", "properties": { "codgeo": "66149", "value": 1200, "isochrone_group": 20.0, "nb_agences": 1 }, "geometry": { "type": "MultiPolygon", "coordinates": [ [ [ [ 2.316257, 42.615574 ], [ 2.315715, 42.615527 ], [ 2.314968, 42.615582 ], [ 2.31454, 42.615714 ], [ 2.314166, 42.615881 ], [ 2.313561, 42.616246 ], [ 2.313379, 42.616397 ], [ 2.31568, 42.619166 ], [ 2.317025, 42.619481 ], [ 2.316461, 42.619326 ], [ 2.316842, 42.616749 ], [ 2.317413, 42.615854 ], [ 2.324328, 42.61412 ], [ 2.316257, 42.615574 ] ] ], [ [ [ 2.372237, 42.604145 ], [ 2.37207, 42.604393 ], [ 2.366761, 42.607509 ], [ 2.367547, 42.607469 ], [ 2.372338, 42.605496 ], [ 2.373601, 42.596602 ], [ 2.369912, 42.595466 ], [ 2.372237, 42.604145 ] ] ], [ [ [ 2.330295, 42.572381 ], [ 2.330647, 42.572503 ], [ 2.331517, 42.572714 ], [ 2.337745, 42.57489 ], [ 2.332878, 42.572198 ], [ 2.327545, 42.570907 ], [ 2.325577314745311, 42.570862030604538 ], [ 2.330295, 42.572381 ] ] ], [ [ [ 2.329426, 42.566179 ], [ 2.325005, 42.564908 ], [ 2.316343, 42.565179 ], [ 2.314688, 42.568376 ], [ 2.315334, 42.568711 ], [ 2.318164, 42.569519 ], [ 2.318625, 42.569674 ], [ 2.320001, 42.569955 ], [ 2.322126412543257, 42.570157420242218 ], [ 2.321755, 42.569974 ], [ 2.321501, 42.569597 ], [ 2.32148, 42.56903 ], [ 2.321963, 42.567707 ], [ 2.323391, 42.567079 ], [ 2.324697, 42.566644 ], [ 2.327445, 42.566477 ], [ 2.330709, 42.567014 ], [ 2.331331, 42.567357 ], [ 2.329426, 42.566179 ] ] ], [ [ [ 2.425082, 42.562548 ], [ 2.424333, 42.560368 ], [ 2.423334, 42.560119 ], [ 2.421278, 42.560037 ], [ 2.41406, 42.558681 ], [ 2.40763, 42.556611 ], [ 2.40545, 42.555765 ], [ 2.404621, 42.55569 ], [ 2.404069, 42.555796 ], [ 2.40357, 42.555997 ], [ 2.402961, 42.556227 ], [ 2.402875, 42.556529 ], [ 2.401309, 42.560735 ], [ 2.394185, 42.561991 ], [ 2.389259, 42.556138 ], [ 2.38917, 42.552539 ], [ 2.390239, 42.547375 ], [ 2.389713, 42.544981 ], [ 2.389482, 42.544831 ], [ 2.389367, 42.544757 ], [ 2.388027, 42.544534 ], [ 2.385492, 42.545804 ], [ 2.385404, 42.54587 ], [ 2.383411, 42.548538 ], [ 2.382958, 42.549292 ], [ 2.382826, 42.549751 ], [ 2.3822, 42.551578 ], [ 2.375969, 42.556895 ], [ 2.373016, 42.55571 ], [ 2.365293, 42.551123 ], [ 2.363866, 42.549908 ], [ 2.363667, 42.549868 ], [ 2.361696, 42.55127 ], [ 2.355421, 42.557644 ], [ 2.354981, 42.5586 ], [ 2.351542, 42.564291 ], [ 2.350738, 42.565717 ], [ 2.351266, 42.567142 ], [ 2.345094, 42.573585 ], [ 2.343961, 42.572607 ], [ 2.340233, 42.572088 ], [ 2.340929, 42.572445 ], [ 2.341568, 42.572818 ], [ 2.342142, 42.573191 ], [ 2.345536, 42.574409 ], [ 2.347042, 42.575319 ], [ 2.347503, 42.57564 ], [ 2.354935, 42.570578 ], [ 2.354891, 42.569759 ], [ 2.353515, 42.566387 ], [ 2.354228, 42.56534 ], [ 2.357788, 42.561735 ], [ 2.359425, 42.560017 ], [ 2.363022, 42.558755 ], [ 2.363207, 42.558966 ], [ 2.363482, 42.559385 ], [ 2.363673, 42.560737 ], [ 2.370657, 42.565523 ], [ 2.372944, 42.560326 ], [ 2.373502, 42.559463 ], [ 2.375093, 42.557428 ], [ 2.375274, 42.557376 ], [ 2.382336, 42.554028 ], [ 2.384213, 42.552054 ], [ 2.384567, 42.551666 ], [ 2.385944, 42.55106 ], [ 2.386194, 42.551106 ], [ 2.38781, 42.552188 ], [ 2.3878, 42.552459 ], [ 2.387597, 42.553365 ], [ 2.387282, 42.55681 ], [ 2.391138, 42.564847 ], [ 2.391524, 42.566165 ], [ 2.391121, 42.567192 ], [ 2.390525, 42.567874 ], [ 2.390166, 42.56822 ], [ 2.387325, 42.567989 ], [ 2.38679, 42.567998 ], [ 2.381263, 42.569996 ], [ 2.37841, 42.576006 ], [ 2.378343, 42.576366 ], [ 2.378164, 42.576908 ], [ 2.377456, 42.578389 ], [ 2.377142, 42.578902 ], [ 2.376307, 42.580553 ], [ 2.375925, 42.58131 ], [ 2.375687, 42.581711 ], [ 2.375367, 42.582119 ], [ 2.374965, 42.582484 ], [ 2.373458, 42.590903 ], [ 2.374846, 42.592699 ], [ 2.375848, 42.59379 ], [ 2.378575, 42.598042 ], [ 2.378786, 42.598212 ], [ 2.379489, 42.598796 ], [ 2.382468, 42.600192 ], [ 2.38358, 42.600709 ], [ 2.387629, 42.600994 ], [ 2.389937, 42.592903 ], [ 2.390995, 42.589462 ], [ 2.391369, 42.589577 ], [ 2.400098, 42.5898 ], [ 2.406675, 42.583736 ], [ 2.407059, 42.580359 ], [ 2.406602, 42.577686 ], [ 2.406733, 42.576639 ], [ 2.406744, 42.568214 ], [ 2.404192, 42.565675 ], [ 2.405709, 42.563056 ], [ 2.407509, 42.559303 ], [ 2.407671, 42.559206 ], [ 2.408029, 42.559034 ], [ 2.40845, 42.558911 ], [ 2.410272, 42.558284 ], [ 2.41176, 42.558452 ], [ 2.41232, 42.558704 ], [ 2.41321, 42.559412 ], [ 2.41324, 42.559458 ], [ 2.421406, 42.563237 ], [ 2.422198, 42.565568 ], [ 2.429459, 42.568822 ], [ 2.429852, 42.568936 ], [ 2.430451, 42.569204 ], [ 2.425082, 42.562548 ] ] ], [ [ [ 2.472868, 42.601184 ], [ 2.471154, 42.598018 ], [ 2.47078, 42.59822 ], [ 2.470283, 42.598552 ], [ 2.469748, 42.59906 ], [ 2.46926, 42.599432 ], [ 2.461455, 42.597485 ], [ 2.468304, 42.600394 ], [ 2.469131, 42.599911 ], [ 2.471676, 42.602458 ], [ 2.472621, 42.607735 ], [ 2.472868, 42.601184 ] ] ], [ [ [ 2.50098, 42.610323 ], [ 2.499067, 42.608329 ], [ 2.497875, 42.607009 ], [ 2.497556, 42.606772 ], [ 2.489758, 42.602639 ], [ 2.488844, 42.60196 ], [ 2.487504, 42.600893 ], [ 2.485501, 42.601014 ], [ 2.485375, 42.601091 ], [ 2.485298, 42.601137 ], [ 2.485032, 42.601836 ], [ 2.48498, 42.601949 ], [ 2.485037, 42.603515 ], [ 2.486361, 42.606164 ], [ 2.488628, 42.61 ], [ 2.489917, 42.612276 ], [ 2.490788, 42.616931 ], [ 2.491164, 42.618041 ], [ 2.491465, 42.618563 ], [ 2.490827857123323, 42.624232864538818 ], [ 2.493049, 42.623789 ], [ 2.494532, 42.621736 ], [ 2.493646, 42.613904 ], [ 2.492852, 42.612703 ], [ 2.491246, 42.608925 ], [ 2.491898, 42.606751 ], [ 2.491971, 42.606692 ], [ 2.493473, 42.606096 ], [ 2.49897, 42.609171 ], [ 2.499699, 42.610069 ], [ 2.501615, 42.612108 ], [ 2.503309718459492, 42.612094573332989 ], [ 2.50098, 42.610323 ] ] ], [ [ [ 2.544268, 42.64954 ], [ 2.538236, 42.642919 ], [ 2.534938, 42.638541 ], [ 2.534593, 42.638033 ], [ 2.532756, 42.636005 ], [ 2.529979, 42.628682 ], [ 2.529491, 42.628138 ], [ 2.529293, 42.627991 ], [ 2.524772, 42.624698 ], [ 2.524314, 42.624388 ], [ 2.518922, 42.620733 ], [ 2.514974, 42.615167 ], [ 2.51459, 42.614433 ], [ 2.51403, 42.614044 ], [ 2.513078, 42.613775 ], [ 2.511919219099556, 42.613834851596032 ], [ 2.513796, 42.616437 ], [ 2.514372, 42.617204 ], [ 2.514706, 42.617796 ], [ 2.514924, 42.618287 ], [ 2.514462, 42.619254 ], [ 2.513846, 42.619769 ], [ 2.513787, 42.619805 ], [ 2.51356, 42.61986 ], [ 2.512955, 42.619961 ], [ 2.511805, 42.620083 ], [ 2.507741, 42.622348 ], [ 2.507356, 42.62268 ], [ 2.50691, 42.62293 ], [ 2.506163, 42.623246 ], [ 2.503816, 42.625023 ], [ 2.503044, 42.632765 ], [ 2.505713, 42.634701 ], [ 2.509808, 42.635769 ], [ 2.514923, 42.634263 ], [ 2.516693, 42.632305 ], [ 2.524716, 42.630964 ], [ 2.52483, 42.630956 ], [ 2.526416, 42.632428 ], [ 2.526773, 42.632947 ], [ 2.532195, 42.639135 ], [ 2.535066, 42.641787 ], [ 2.53588, 42.64243 ], [ 2.541219, 42.649419 ], [ 2.542239, 42.649735 ], [ 2.547061, 42.650253 ], [ 2.548675, 42.650018 ], [ 2.544268, 42.64954 ] ] ], [ [ [ 2.560226, 42.649715 ], [ 2.561436, 42.647272 ], [ 2.560116, 42.645081 ], [ 2.559084, 42.644246 ], [ 2.558234, 42.643845 ], [ 2.557174, 42.643823 ], [ 2.557156, 42.643839 ], [ 2.553534, 42.646311 ], [ 2.548675, 42.650018 ], [ 2.549819, 42.649849 ], [ 2.556065, 42.64683 ], [ 2.557211, 42.647378 ], [ 2.557306, 42.647443 ], [ 2.558668, 42.649317 ], [ 2.558497, 42.649496 ], [ 2.553302, 42.654016 ], [ 2.560226, 42.649715 ] ] ], [ [ [ 2.547007, 42.656314 ], [ 2.55057, 42.656633 ], [ 2.550889, 42.656564 ], [ 2.553302, 42.654016 ], [ 2.551782, 42.654501 ], [ 2.545997595736642, 42.655647094084813 ], [ 2.547007, 42.656314 ] ] ], [ [ [ 2.537588, 42.652781 ], [ 2.536596, 42.652798 ], [ 2.536537615858176, 42.652839205429842 ], [ 2.537588, 42.652781 ] ] ], [ [ [ 2.525968, 42.66916 ], [ 2.525899, 42.670504 ], [ 2.525904, 42.670568 ], [ 2.526734, 42.67134 ], [ 2.529493, 42.670292 ], [ 2.531283, 42.667688 ], [ 2.531935, 42.666382 ], [ 2.531806, 42.665069 ], [ 2.531497, 42.663759 ], [ 2.531649, 42.664688 ], [ 2.528173, 42.665623 ], [ 2.526506, 42.664146 ], [ 2.525881, 42.663559 ], [ 2.525581, 42.663089 ], [ 2.525259, 42.662498 ], [ 2.525089, 42.662087 ], [ 2.525968, 42.66916 ] ] ], [ [ [ 2.498442, 42.670971 ], [ 2.499318, 42.670405 ], [ 2.499775, 42.669511 ], [ 2.500029, 42.668431 ], [ 2.500631, 42.666403 ], [ 2.500697, 42.66564 ], [ 2.500795, 42.664673 ], [ 2.500836, 42.664307 ], [ 2.500839, 42.663924 ], [ 2.500815, 42.663554 ], [ 2.497649, 42.655257 ], [ 2.496154, 42.656233 ], [ 2.494265, 42.658517 ], [ 2.497732, 42.666715 ], [ 2.498525, 42.667383 ], [ 2.498822, 42.66784 ], [ 2.498991, 42.668107 ], [ 2.496041, 42.670171 ], [ 2.493695, 42.67193 ], [ 2.498442, 42.670971 ] ] ], [ [ [ 2.473921, 42.672657 ], [ 2.473926, 42.672699 ], [ 2.474269, 42.674535 ], [ 2.476442, 42.675304 ], [ 2.484291, 42.67652 ], [ 2.486476, 42.674073 ], [ 2.493695, 42.67193 ], [ 2.48886, 42.671874 ], [ 2.482923, 42.671568 ], [ 2.475383, 42.671428 ], [ 2.475318, 42.670931 ], [ 2.475457, 42.669379 ], [ 2.473921, 42.672657 ] ] ], [ [ [ 2.476891, 42.661152 ], [ 2.475856, 42.66205 ], [ 2.47561, 42.662667 ], [ 2.475493, 42.663048 ], [ 2.475567, 42.663687 ], [ 2.475612, 42.663873 ], [ 2.475457, 42.669379 ], [ 2.477247, 42.664388 ], [ 2.477252, 42.663921 ], [ 2.477636, 42.661343 ], [ 2.479131, 42.660352 ], [ 2.476891, 42.661152 ] ] ], [ [ [ 2.445611, 42.657658 ], [ 2.44562, 42.658184 ], [ 2.449189, 42.658658 ], [ 2.45578, 42.658351 ], [ 2.456451, 42.658442 ], [ 2.456922, 42.658382 ], [ 2.46118, 42.657982 ], [ 2.459922, 42.65783 ], [ 2.458648, 42.657222 ], [ 2.457632, 42.656857 ], [ 2.449315, 42.657558 ], [ 2.446561, 42.65524 ], [ 2.445523, 42.653993 ], [ 2.445611, 42.657658 ] ] ], [ [ [ 2.435459, 42.679323 ], [ 2.436136, 42.679518 ], [ 2.439483, 42.680393 ], [ 2.440144, 42.680562 ], [ 2.440501, 42.680569 ], [ 2.442875, 42.680534 ], [ 2.443384, 42.680419 ], [ 2.443986, 42.680116 ], [ 2.445066, 42.679504 ], [ 2.444094, 42.676037 ], [ 2.439744, 42.675585 ], [ 2.434001, 42.669042 ], [ 2.43388, 42.667365 ], [ 2.433458, 42.666818 ], [ 2.432761, 42.66577 ], [ 2.431869, 42.665605 ], [ 2.431286, 42.665715 ], [ 2.430546, 42.666169 ], [ 2.423913, 42.660388 ], [ 2.425986, 42.667333 ], [ 2.429769, 42.667971 ], [ 2.432715, 42.668943 ], [ 2.433146, 42.669217 ], [ 2.436415, 42.675113 ], [ 2.436702, 42.675449 ], [ 2.433961, 42.677783 ], [ 2.43345, 42.677607 ], [ 2.432575, 42.677075 ], [ 2.435459, 42.679323 ] ] ], [ [ [ 2.41274066855376, 42.652991185103801 ], [ 2.412715, 42.65254 ], [ 2.406665, 42.651067 ], [ 2.405944, 42.651171 ], [ 2.41274066855376, 42.652991185103801 ] ] ], [ [ [ 2.405944, 42.651171 ], [ 2.404218, 42.651486 ], [ 2.400382, 42.654403 ], [ 2.400027, 42.654876 ], [ 2.405944, 42.651171 ] ] ], [ [ [ 2.390705, 42.659857 ], [ 2.391588, 42.660118 ], [ 2.392434, 42.659983 ], [ 2.394175, 42.65978 ], [ 2.39876, 42.655552 ], [ 2.391194, 42.658658 ], [ 2.390265, 42.658558 ], [ 2.388289, 42.658268 ], [ 2.38787846099062, 42.65833036663129 ], [ 2.390705, 42.659857 ] ] ], [ [ [ 2.378253, 42.660181 ], [ 2.379679, 42.659924 ], [ 2.380271, 42.659792 ], [ 2.380911, 42.659592 ], [ 2.381450570489731, 42.659306853317702 ], [ 2.380008, 42.659526 ], [ 2.3798, 42.659483 ], [ 2.372424, 42.659605 ], [ 2.370787, 42.660257 ], [ 2.36961217795317, 42.660859593470683 ], [ 2.378253, 42.660181 ] ] ], [ [ [ 2.36155, 42.664044 ], [ 2.356109, 42.665991 ], [ 2.355425698017491, 42.66680157064539 ], [ 2.36155, 42.664044 ] ] ], [ [ [ 2.365919, 42.649521 ], [ 2.362937, 42.651686 ], [ 2.362418, 42.652489 ], [ 2.355668, 42.65812 ], [ 2.354518, 42.658379 ], [ 2.353868, 42.658531 ], [ 2.3536, 42.658626 ], [ 2.353117, 42.658834 ], [ 2.352629, 42.659098 ], [ 2.345594, 42.662156 ], [ 2.3446, 42.663737 ], [ 2.339569, 42.671181 ], [ 2.341349, 42.67431 ], [ 2.343795, 42.673323 ], [ 2.344696, 42.672959 ], [ 2.349908, 42.67049 ], [ 2.350786740721195, 42.669811147806818 ], [ 2.349374, 42.670071 ], [ 2.348939, 42.669827 ], [ 2.346545, 42.66814 ], [ 2.346534, 42.668102 ], [ 2.347531, 42.66599 ], [ 2.349972, 42.664022 ], [ 2.350753, 42.66349 ], [ 2.353075, 42.661812 ], [ 2.357654, 42.657518 ], [ 2.363554, 42.653835 ], [ 2.368511, 42.650474 ], [ 2.369394, 42.649978 ], [ 2.370127, 42.649861 ], [ 2.365919, 42.649521 ] ] ], [ [ [ 2.361626, 42.632973 ], [ 2.364804, 42.633425 ], [ 2.365215, 42.633253 ], [ 2.365826, 42.632603 ], [ 2.374423496351548, 42.633260246621923 ], [ 2.374032, 42.631993 ], [ 2.36655, 42.630218 ], [ 2.366074, 42.630327 ], [ 2.365046, 42.63035 ], [ 2.361844, 42.630397 ], [ 2.361487, 42.630236 ], [ 2.361169, 42.630025 ], [ 2.359643691032439, 42.628841946618891 ], [ 2.361626, 42.632973 ] ] ], [ [ [ 2.359162, 42.622756 ], [ 2.35874, 42.623431 ], [ 2.358521, 42.623903 ], [ 2.358281, 42.625032 ], [ 2.358253, 42.625549 ], [ 2.358343, 42.626148 ], [ 2.358582635091691, 42.626679239239387 ], [ 2.358722, 42.626111 ], [ 2.35945, 42.625357 ], [ 2.363013, 42.623349 ], [ 2.364181, 42.623028 ], [ 2.364727, 42.62307 ], [ 2.365432, 42.623161 ], [ 2.37209, 42.623881 ], [ 2.37639, 42.619421 ], [ 2.372556, 42.614365 ], [ 2.371779, 42.614097 ], [ 2.369219, 42.613182 ], [ 2.36837, 42.613136 ], [ 2.365846, 42.613792 ], [ 2.364949, 42.613977 ], [ 2.363538, 42.613744 ], [ 2.358645, 42.613437 ], [ 2.357894, 42.61377 ], [ 2.355831, 42.614677 ], [ 2.355321, 42.614789 ], [ 2.359162, 42.622756 ] ] ], [ [ [ 2.323068, 42.620297 ], [ 2.324005, 42.620148 ], [ 2.324628, 42.620041 ], [ 2.325011, 42.619981 ], [ 2.325537, 42.619774 ], [ 2.326285, 42.619222 ], [ 2.326821, 42.618819 ], [ 2.334355, 42.61474 ], [ 2.328221, 42.616778 ], [ 2.327231, 42.617176 ], [ 2.321753, 42.620146 ], [ 2.321675, 42.620157 ], [ 2.323068, 42.620297 ] ] ] ] } }
]
}
