{
"type": "FeatureCollection",
"name": "Others",
"crs": { "type": "name", "properties": { "name": "urn:ogc:def:crs:OGC:1.3:CRS84" } },
"features": [
{ "type": "Feature", "properties": { "codgeo": "46309", "value": 60, "isochrone_group": 1.0, "nb_agences": 1 }, "geometry": { "type": "Polygon", "coordinates": [ [ [ 1.476505, 44.89646 ], [ 1.476226, 44.894988 ], [ 1.476529, 44.892692 ], [ 1.476656, 44.892355 ], [ 1.481547, 44.89037 ], [ 1.481852, 44.890561 ], [ 1.482434, 44.895095 ], [ 1.482441, 44.895455 ], [ 1.478733, 44.89896 ], [ 1.478374, 44.898948 ], [ 1.477481, 44.898761 ], [ 1.477087, 44.898666 ], [ 1.476505, 44.89646 ] ] ] } },
{ "type": "Feature", "properties": { "codgeo": "46309", "value": 120, "isochrone_group": 2.0, "nb_agences": 1 }, "geometry": { "type": "Polygon", "coordinates": [ [ [ 1.469383, 44.899568 ], [ 1.472287, 44.900159 ], [ 1.475391, 44.901978 ], [ 1.478366, 44.903455 ], [ 1.48044, 44.903411 ], [ 1.480534, 44.903064 ], [ 1.482154, 44.897804 ], [ 1.484906, 44.894773 ], [ 1.485354, 44.894349 ], [ 1.484765, 44.888544 ], [ 1.485451, 44.885238 ], [ 1.485378, 44.885022 ], [ 1.485259, 44.884786 ], [ 1.485188, 44.884762 ], [ 1.485061, 44.88484 ], [ 1.485048, 44.88486 ], [ 1.484611, 44.88557 ], [ 1.483925, 44.88665 ], [ 1.479759, 44.889206 ], [ 1.4783, 44.889263 ], [ 1.474068, 44.890463 ], [ 1.471017, 44.890727 ], [ 1.468753, 44.894351 ], [ 1.469341, 44.89921 ], [ 1.469383, 44.899568 ] ], [ [ 1.476226, 44.894988 ], [ 1.476529, 44.892692 ], [ 1.476656, 44.892355 ], [ 1.481547, 44.89037 ], [ 1.481852, 44.890561 ], [ 1.482434, 44.895095 ], [ 1.482441, 44.895455 ], [ 1.478733, 44.89896 ], [ 1.478374, 44.898948 ], [ 1.477481, 44.898761 ], [ 1.477087, 44.898666 ], [ 1.476505, 44.89646 ], [ 1.476226, 44.894988 ] ] ] } },
{ "type": "Feature", "properties": { "codgeo": "46309", "value": 180, "isochrone_group": 3.0, "nb_agences": 1 }, "geometry": { "type": "Polygon", "coordinates": [ [ [ 1.463485, 44.900223 ], [ 1.464433, 44.901108 ], [ 1.466263, 44.901947 ], [ 1.472675, 44.907357 ], [ 1.472951, 44.907589 ], [ 1.48158, 44.907951 ], [ 1.488142, 44.906262 ], [ 1.488211, 44.905909 ], [ 1.486962, 44.905475 ], [ 1.485774, 44.904937 ], [ 1.48705, 44.896219 ], [ 1.489031, 44.895985 ], [ 1.489407, 44.89602 ], [ 1.489593, 44.896015 ], [ 1.489814, 44.895978 ], [ 1.489986, 44.895924 ], [ 1.490186, 44.895858 ], [ 1.492773, 44.895577 ], [ 1.494917, 44.895297 ], [ 1.495809, 44.894445 ], [ 1.496024, 44.89425 ], [ 1.495782, 44.893983 ], [ 1.492393, 44.894757 ], [ 1.488774, 44.886737 ], [ 1.488898, 44.886399 ], [ 1.492096, 44.879424 ], [ 1.492232, 44.878062 ], [ 1.491931, 44.877864 ], [ 1.489681, 44.880018 ], [ 1.481275, 44.879906 ], [ 1.480915, 44.879886 ], [ 1.480771, 44.879902 ], [ 1.480588, 44.880212 ], [ 1.480905, 44.887126 ], [ 1.476457, 44.888471 ], [ 1.476306, 44.888457 ], [ 1.475798, 44.888515 ], [ 1.475293, 44.888574 ], [ 1.474971, 44.888605 ], [ 1.474648, 44.888637 ], [ 1.468004, 44.890775 ], [ 1.467572, 44.89081 ], [ 1.467135, 44.890845 ], [ 1.466766, 44.890884 ], [ 1.466386, 44.890923 ], [ 1.4661, 44.89097 ], [ 1.465796, 44.891021 ], [ 1.464823, 44.891283 ], [ 1.463521, 44.89162 ], [ 1.463184, 44.891698 ], [ 1.462715, 44.897997 ], [ 1.462803, 44.898271 ], [ 1.463485, 44.900223 ] ], [ [ 1.468753, 44.894351 ], [ 1.471017, 44.890727 ], [ 1.474068, 44.890463 ], [ 1.4783, 44.889263 ], [ 1.479759, 44.889206 ], [ 1.483925, 44.88665 ], [ 1.484611, 44.88557 ], [ 1.485048, 44.88486 ], [ 1.485061, 44.88484 ], [ 1.485188, 44.884762 ], [ 1.485259, 44.884786 ], [ 1.485378, 44.885022 ], [ 1.485451, 44.885238 ], [ 1.484765, 44.888544 ], [ 1.485354, 44.894349 ], [ 1.484906, 44.894773 ], [ 1.482154, 44.897804 ], [ 1.480534, 44.903064 ], [ 1.48044, 44.903411 ], [ 1.478366, 44.903455 ], [ 1.475391, 44.901978 ], [ 1.472287, 44.900159 ], [ 1.469383, 44.899568 ], [ 1.469341, 44.89921 ], [ 1.468753, 44.894351 ] ] ] } },
{ "type": "Feature", "properties": { "codgeo": "46309", "value": 240, "isochrone_group": 4.0, "nb_agences": 1 }, "geometry": { "type": "MultiPolygon", "coordinates": [ [ [ [ 1.458625, 44.890907 ], [ 1.458561, 44.8909 ], [ 1.456483, 44.890814 ], [ 1.453446, 44.891363 ], [ 1.453387, 44.891719 ], [ 1.455093, 44.898806 ], [ 1.462921, 44.903125 ], [ 1.463017, 44.903185 ], [ 1.463135, 44.903211 ], [ 1.463303, 44.903199 ], [ 1.463914, 44.903173 ], [ 1.467987946953235, 44.903402390364455 ], [ 1.466263, 44.901947 ], [ 1.464433, 44.901108 ], [ 1.463485, 44.900223 ], [ 1.462803, 44.898271 ], [ 1.462715, 44.897997 ], [ 1.463184, 44.891698 ], [ 1.463521, 44.89162 ], [ 1.464823, 44.891283 ], [ 1.458625, 44.890907 ] ] ], [ [ [ 1.471449, 44.908142 ], [ 1.471215, 44.908866 ], [ 1.470577, 44.912657 ], [ 1.470806, 44.912935 ], [ 1.471313, 44.912518 ], [ 1.471821, 44.912101 ], [ 1.477467, 44.910282 ], [ 1.481832, 44.912931 ], [ 1.482186, 44.912871 ], [ 1.482865, 44.911685 ], [ 1.490734, 44.908297 ], [ 1.492159, 44.909054 ], [ 1.492517, 44.909093 ], [ 1.495521, 44.908034 ], [ 1.495819, 44.907832 ], [ 1.495612, 44.906849 ], [ 1.494762, 44.905322 ], [ 1.494135, 44.90483 ], [ 1.492534, 44.897622 ], [ 1.49732, 44.896187 ], [ 1.497595, 44.895955 ], [ 1.502409, 44.888406 ], [ 1.503382, 44.887098 ], [ 1.503436, 44.886742 ], [ 1.503081, 44.886689 ], [ 1.502454, 44.886798 ], [ 1.501825, 44.886899 ], [ 1.501353, 44.887129 ], [ 1.501186, 44.887337 ], [ 1.500164, 44.888534 ], [ 1.500036, 44.888732 ], [ 1.498286, 44.89044 ], [ 1.49698, 44.891368 ], [ 1.496775, 44.891544 ], [ 1.489322, 44.886611 ], [ 1.494131, 44.879354 ], [ 1.494782, 44.879366 ], [ 1.494914, 44.878791 ], [ 1.496556, 44.874837 ], [ 1.49675, 44.87456 ], [ 1.496968, 44.874236 ], [ 1.497761, 44.87248 ], [ 1.49782, 44.872302 ], [ 1.497888, 44.872077 ], [ 1.498593, 44.869632 ], [ 1.498747, 44.869118 ], [ 1.4989, 44.868603 ], [ 1.498555, 44.8685 ], [ 1.497798, 44.870191 ], [ 1.497689, 44.870401 ], [ 1.497599, 44.870582 ], [ 1.497506, 44.870899 ], [ 1.496876, 44.873164 ], [ 1.494474, 44.875811 ], [ 1.487666, 44.873754 ], [ 1.487309, 44.873706 ], [ 1.483147, 44.873285 ], [ 1.482914, 44.873357 ], [ 1.482681, 44.873429 ], [ 1.475062, 44.877276 ], [ 1.471045, 44.881637 ], [ 1.471073, 44.881996 ], [ 1.470998450646031, 44.889811403449549 ], [ 1.474648, 44.888637 ], [ 1.474971, 44.888605 ], [ 1.475293, 44.888574 ], [ 1.475798, 44.888515 ], [ 1.476306, 44.888457 ], [ 1.476457, 44.888471 ], [ 1.480905, 44.887126 ], [ 1.480588, 44.880212 ], [ 1.480771, 44.879902 ], [ 1.480915, 44.879886 ], [ 1.481275, 44.879906 ], [ 1.489681, 44.880018 ], [ 1.491931, 44.877864 ], [ 1.492232, 44.878062 ], [ 1.492096, 44.879424 ], [ 1.488898, 44.886399 ], [ 1.488774, 44.886737 ], [ 1.492393, 44.894757 ], [ 1.495782, 44.893983 ], [ 1.496024, 44.89425 ], [ 1.495809, 44.894445 ], [ 1.494917, 44.895297 ], [ 1.492773, 44.895577 ], [ 1.490186, 44.895858 ], [ 1.489986, 44.895924 ], [ 1.489814, 44.895978 ], [ 1.489593, 44.896015 ], [ 1.489407, 44.89602 ], [ 1.489031, 44.895985 ], [ 1.48705, 44.896219 ], [ 1.485774, 44.904937 ], [ 1.486962, 44.905475 ], [ 1.488211, 44.905909 ], [ 1.488142, 44.906262 ], [ 1.48158, 44.907951 ], [ 1.472951, 44.907589 ], [ 1.472675, 44.907357 ], [ 1.470811545574593, 44.905784746656053 ], [ 1.471449, 44.908142 ] ] ] ] } },
{ "type": "Feature", "properties": { "codgeo": "46309", "value": 300, "isochrone_group": 5.0, "nb_agences": 1 }, "geometry": { "type": "Polygon", "coordinates": [ [ [ 1.502336, 44.865999 ], [ 1.502505, 44.864605 ], [ 1.501717, 44.859486 ], [ 1.501687, 44.859362 ], [ 1.501679, 44.85934 ], [ 1.501536, 44.859175 ], [ 1.493602, 44.862688 ], [ 1.493557, 44.863045 ], [ 1.487544, 44.869278 ], [ 1.486238, 44.868916 ], [ 1.481105, 44.868057 ], [ 1.479433, 44.867368 ], [ 1.479106, 44.86752 ], [ 1.476117, 44.873825 ], [ 1.472754, 44.875171 ], [ 1.472586, 44.875257 ], [ 1.472419, 44.875342 ], [ 1.471611, 44.875892 ], [ 1.471464, 44.876221 ], [ 1.466926, 44.883045 ], [ 1.463975, 44.884317 ], [ 1.463809, 44.8844 ], [ 1.463695, 44.884528 ], [ 1.462522, 44.885922 ], [ 1.454544, 44.8863 ], [ 1.453331, 44.885529 ], [ 1.451379, 44.884987 ], [ 1.451092, 44.885205 ], [ 1.448119, 44.88978 ], [ 1.446801, 44.894201 ], [ 1.451067, 44.900765 ], [ 1.451296, 44.901043 ], [ 1.456866, 44.902917 ], [ 1.458506, 44.903688 ], [ 1.464029, 44.905832 ], [ 1.464189, 44.905936 ], [ 1.464512, 44.906081 ], [ 1.47015, 44.913035 ], [ 1.46995, 44.913262 ], [ 1.46963, 44.913611 ], [ 1.469251, 44.91397 ], [ 1.468551, 44.914546 ], [ 1.467875, 44.915146 ], [ 1.467622, 44.915326 ], [ 1.467267, 44.915563 ], [ 1.467075, 44.915677 ], [ 1.466307, 44.916056 ], [ 1.466113, 44.916131 ], [ 1.465382, 44.916377 ], [ 1.464637, 44.916629 ], [ 1.464325, 44.916766 ], [ 1.464028, 44.916934 ], [ 1.463805, 44.917091 ], [ 1.463639, 44.917236 ], [ 1.463448, 44.917408 ], [ 1.463243, 44.91769 ], [ 1.46318, 44.917867 ], [ 1.463153, 44.918087 ], [ 1.463237, 44.919306 ], [ 1.463596, 44.919337 ], [ 1.467257, 44.915988 ], [ 1.475162, 44.914487 ], [ 1.483276, 44.915622 ], [ 1.484659, 44.918178 ], [ 1.488036, 44.91936 ], [ 1.488252, 44.919072 ], [ 1.49106, 44.915867 ], [ 1.491304, 44.915602 ], [ 1.493882, 44.911197 ], [ 1.498652, 44.910321 ], [ 1.501167, 44.910852 ], [ 1.501525, 44.910937 ], [ 1.501728, 44.910952 ], [ 1.501954, 44.910944 ], [ 1.502248, 44.910902 ], [ 1.502507, 44.910832 ], [ 1.502765, 44.910728 ], [ 1.502978, 44.910594 ], [ 1.503245, 44.910383 ], [ 1.503471, 44.910137 ], [ 1.503612, 44.909955 ], [ 1.503753, 44.909773 ], [ 1.502483, 44.903666 ], [ 1.502325, 44.903343 ], [ 1.500366, 44.900206 ], [ 1.505207, 44.893035 ], [ 1.505937, 44.893112 ], [ 1.506297, 44.893107 ], [ 1.513336, 44.889205 ], [ 1.513622, 44.888987 ], [ 1.509608, 44.882288 ], [ 1.509301, 44.882099 ], [ 1.506154, 44.880307 ], [ 1.505818, 44.880179 ], [ 1.497779, 44.879581 ], [ 1.496968, 44.874236 ], [ 1.49675, 44.87456 ], [ 1.496556, 44.874837 ], [ 1.494914, 44.878791 ], [ 1.494782, 44.879366 ], [ 1.494131, 44.879354 ], [ 1.489322, 44.886611 ], [ 1.496775, 44.891544 ], [ 1.49698, 44.891368 ], [ 1.498286, 44.89044 ], [ 1.500036, 44.888732 ], [ 1.500164, 44.888534 ], [ 1.501186, 44.887337 ], [ 1.501353, 44.887129 ], [ 1.501825, 44.886899 ], [ 1.502454, 44.886798 ], [ 1.503081, 44.886689 ], [ 1.503436, 44.886742 ], [ 1.503382, 44.887098 ], [ 1.502409, 44.888406 ], [ 1.497595, 44.895955 ], [ 1.49732, 44.896187 ], [ 1.492534, 44.897622 ], [ 1.494135, 44.90483 ], [ 1.494762, 44.905322 ], [ 1.495612, 44.906849 ], [ 1.495819, 44.907832 ], [ 1.495521, 44.908034 ], [ 1.492517, 44.909093 ], [ 1.492159, 44.909054 ], [ 1.490734, 44.908297 ], [ 1.482865, 44.911685 ], [ 1.482186, 44.912871 ], [ 1.481832, 44.912931 ], [ 1.477467, 44.910282 ], [ 1.471821, 44.912101 ], [ 1.471313, 44.912518 ], [ 1.470806, 44.912935 ], [ 1.470577, 44.912657 ], [ 1.471215, 44.908866 ], [ 1.471449, 44.908142 ], [ 1.470201, 44.903527 ], [ 1.463914, 44.903173 ], [ 1.463303, 44.903199 ], [ 1.463135, 44.903211 ], [ 1.463017, 44.903185 ], [ 1.462921, 44.903125 ], [ 1.455093, 44.898806 ], [ 1.453387, 44.891719 ], [ 1.453446, 44.891363 ], [ 1.456483, 44.890814 ], [ 1.458561, 44.8909 ], [ 1.458625, 44.890907 ], [ 1.464823, 44.891283 ], [ 1.465796, 44.891021 ], [ 1.4661, 44.89097 ], [ 1.466386, 44.890923 ], [ 1.466766, 44.890884 ], [ 1.467135, 44.890845 ], [ 1.467572, 44.89081 ], [ 1.468004, 44.890775 ], [ 1.469509, 44.890912 ], [ 1.469607, 44.890914 ], [ 1.470988, 44.890907 ], [ 1.471073, 44.881996 ], [ 1.471045, 44.881637 ], [ 1.475062, 44.877276 ], [ 1.482681, 44.873429 ], [ 1.482914, 44.873357 ], [ 1.483147, 44.873285 ], [ 1.487309, 44.873706 ], [ 1.487666, 44.873754 ], [ 1.494474, 44.875811 ], [ 1.496876, 44.873164 ], [ 1.497506, 44.870899 ], [ 1.497599, 44.870582 ], [ 1.497689, 44.870401 ], [ 1.497798, 44.870191 ], [ 1.498555, 44.8685 ], [ 1.4989, 44.868603 ], [ 1.498747, 44.869118 ], [ 1.498593, 44.869632 ], [ 1.49853880526667, 44.869819951947498 ], [ 1.502336, 44.865999 ] ] ] } },
{ "type": "Feature", "properties": { "codgeo": "46309", "value": 360, "isochrone_group": 6.0, "nb_agences": 1 }, "geometry": { "type": "Polygon", "coordinates": [ [ [ 1.454828, 44.881988 ], [ 1.454547, 44.881172 ], [ 1.454226, 44.880626 ], [ 1.447537, 44.87714 ], [ 1.444406, 44.878918 ], [ 1.444495, 44.879075 ], [ 1.445299, 44.880242 ], [ 1.440597, 44.887502 ], [ 1.437028, 44.887969 ], [ 1.437169, 44.889577 ], [ 1.437253, 44.890182 ], [ 1.437651, 44.891371 ], [ 1.437825, 44.891773 ], [ 1.438048, 44.892249 ], [ 1.438119, 44.892324 ], [ 1.438564, 44.892671 ], [ 1.43912, 44.893034 ], [ 1.440313, 44.893776 ], [ 1.44441, 44.896726 ], [ 1.448664, 44.90109 ], [ 1.453257, 44.9047 ], [ 1.455209, 44.907726 ], [ 1.457727, 44.906655 ], [ 1.463257, 44.908093 ], [ 1.462738, 44.915872 ], [ 1.462158, 44.916428 ], [ 1.461728, 44.917117 ], [ 1.458442, 44.919593 ], [ 1.457392, 44.92078 ], [ 1.457196, 44.921042 ], [ 1.455199, 44.923117 ], [ 1.457133, 44.926153 ], [ 1.457475, 44.925935 ], [ 1.460186, 44.924431 ], [ 1.463401, 44.922127 ], [ 1.463759, 44.921922 ], [ 1.464135, 44.921634 ], [ 1.464661, 44.921018 ], [ 1.464918, 44.920569 ], [ 1.467628, 44.917639 ], [ 1.473931, 44.917668 ], [ 1.477445, 44.918211 ], [ 1.486135, 44.919961 ], [ 1.488901, 44.923267 ], [ 1.488982, 44.923424 ], [ 1.490209, 44.926854 ], [ 1.492936, 44.930031 ], [ 1.496229, 44.928577 ], [ 1.496064, 44.928203 ], [ 1.498833, 44.919665 ], [ 1.499958, 44.916241 ], [ 1.503624, 44.912102 ], [ 1.503972, 44.911873 ], [ 1.512634, 44.911064 ], [ 1.513268, 44.911222 ], [ 1.513815, 44.911273 ], [ 1.515089, 44.906438 ], [ 1.514016, 44.903002 ], [ 1.511954, 44.90314 ], [ 1.506609, 44.898463 ], [ 1.506382, 44.89763 ], [ 1.506597, 44.894344 ], [ 1.512691, 44.890788 ], [ 1.516375, 44.894042 ], [ 1.51997, 44.894241 ], [ 1.522131, 44.892088 ], [ 1.522487, 44.891722 ], [ 1.523107, 44.891101 ], [ 1.523664, 44.890525 ], [ 1.524227, 44.889879 ], [ 1.52458, 44.88939 ], [ 1.524641, 44.889276 ], [ 1.523735, 44.887193 ], [ 1.519564, 44.880213 ], [ 1.516991, 44.877696 ], [ 1.511624, 44.877477 ], [ 1.508903, 44.873538 ], [ 1.508805, 44.872548 ], [ 1.508521, 44.87123 ], [ 1.507847, 44.869379 ], [ 1.508802, 44.861426 ], [ 1.511025, 44.857788 ], [ 1.511461, 44.854995 ], [ 1.511107, 44.854602 ], [ 1.50982, 44.854396 ], [ 1.50165, 44.852828 ], [ 1.499544, 44.854117 ], [ 1.493967, 44.857586 ], [ 1.490382, 44.858485 ], [ 1.490139, 44.859437 ], [ 1.484233, 44.864318 ], [ 1.481825, 44.863822 ], [ 1.478982, 44.861613 ], [ 1.478534, 44.861846 ], [ 1.475245, 44.864715 ], [ 1.473329, 44.867763 ], [ 1.468191, 44.874101 ], [ 1.468201, 44.874356 ], [ 1.468508, 44.875333 ], [ 1.468123933354839, 44.881243612337279 ], [ 1.471464, 44.876221 ], [ 1.471611, 44.875892 ], [ 1.472419, 44.875342 ], [ 1.472586, 44.875257 ], [ 1.472754, 44.875171 ], [ 1.476117, 44.873825 ], [ 1.479106, 44.86752 ], [ 1.479433, 44.867368 ], [ 1.481105, 44.868057 ], [ 1.486238, 44.868916 ], [ 1.487544, 44.869278 ], [ 1.493557, 44.863045 ], [ 1.493602, 44.862688 ], [ 1.501536, 44.859175 ], [ 1.501679, 44.85934 ], [ 1.501687, 44.859362 ], [ 1.501717, 44.859486 ], [ 1.502505, 44.864605 ], [ 1.502336, 44.865999 ], [ 1.4985, 44.869859 ], [ 1.497888, 44.872077 ], [ 1.49782, 44.872302 ], [ 1.497761, 44.87248 ], [ 1.497048, 44.87399 ], [ 1.496968, 44.874236 ], [ 1.497779, 44.879581 ], [ 1.505818, 44.880179 ], [ 1.506154, 44.880307 ], [ 1.509301, 44.882099 ], [ 1.509608, 44.882288 ], [ 1.513622, 44.888987 ], [ 1.513336, 44.889205 ], [ 1.506297, 44.893107 ], [ 1.505937, 44.893112 ], [ 1.505207, 44.893035 ], [ 1.500366, 44.900206 ], [ 1.502325, 44.903343 ], [ 1.502483, 44.903666 ], [ 1.503753, 44.909773 ], [ 1.503612, 44.909955 ], [ 1.503471, 44.910137 ], [ 1.503245, 44.910383 ], [ 1.502978, 44.910594 ], [ 1.502765, 44.910728 ], [ 1.502507, 44.910832 ], [ 1.502248, 44.910902 ], [ 1.501954, 44.910944 ], [ 1.501728, 44.910952 ], [ 1.501525, 44.910937 ], [ 1.501167, 44.910852 ], [ 1.498652, 44.910321 ], [ 1.493882, 44.911197 ], [ 1.491304, 44.915602 ], [ 1.49106, 44.915867 ], [ 1.488252, 44.919072 ], [ 1.488036, 44.91936 ], [ 1.484659, 44.918178 ], [ 1.483276, 44.915622 ], [ 1.475162, 44.914487 ], [ 1.467257, 44.915988 ], [ 1.463596, 44.919337 ], [ 1.463237, 44.919306 ], [ 1.463153, 44.918087 ], [ 1.46318, 44.917867 ], [ 1.463243, 44.91769 ], [ 1.463448, 44.917408 ], [ 1.463639, 44.917236 ], [ 1.463805, 44.917091 ], [ 1.464028, 44.916934 ], [ 1.464325, 44.916766 ], [ 1.464637, 44.916629 ], [ 1.465382, 44.916377 ], [ 1.466113, 44.916131 ], [ 1.466307, 44.916056 ], [ 1.467075, 44.915677 ], [ 1.467267, 44.915563 ], [ 1.467622, 44.915326 ], [ 1.467875, 44.915146 ], [ 1.468551, 44.914546 ], [ 1.469251, 44.91397 ], [ 1.46963, 44.913611 ], [ 1.46995, 44.913262 ], [ 1.47015, 44.913035 ], [ 1.464512, 44.906081 ], [ 1.464189, 44.905936 ], [ 1.464029, 44.905832 ], [ 1.458506, 44.903688 ], [ 1.456866, 44.902917 ], [ 1.451296, 44.901043 ], [ 1.451067, 44.900765 ], [ 1.446801, 44.894201 ], [ 1.448119, 44.88978 ], [ 1.451092, 44.885205 ], [ 1.451379, 44.884987 ], [ 1.453331, 44.885529 ], [ 1.454544, 44.8863 ], [ 1.458665642726155, 44.886104715348388 ], [ 1.454828, 44.881988 ] ] ] } },
{ "type": "Feature", "properties": { "codgeo": "46309", "value": 420, "isochrone_group": 7.0, "nb_agences": 1 }, "geometry": { "type": "MultiPolygon", "coordinates": [ [ [ [ 1.453943, 44.880238 ], [ 1.453318, 44.879238 ], [ 1.446624, 44.874087 ], [ 1.445846, 44.870572 ], [ 1.443693, 44.869302 ], [ 1.441944, 44.868105 ], [ 1.441558, 44.868089 ], [ 1.441432, 44.868116 ], [ 1.440268, 44.869249 ], [ 1.440189, 44.869453 ], [ 1.440114, 44.869691 ], [ 1.440153, 44.870042 ], [ 1.440457, 44.872292 ], [ 1.440646, 44.873064 ], [ 1.441098, 44.87437 ], [ 1.436094, 44.880901 ], [ 1.435263, 44.884404 ], [ 1.433859, 44.892911 ], [ 1.433064, 44.893417 ], [ 1.434752, 44.896597 ], [ 1.443357, 44.89846 ], [ 1.448664, 44.90109 ], [ 1.44441, 44.896726 ], [ 1.440313, 44.893776 ], [ 1.43912, 44.893034 ], [ 1.438564, 44.892671 ], [ 1.438119, 44.892324 ], [ 1.438048, 44.892249 ], [ 1.437825, 44.891773 ], [ 1.437651, 44.891371 ], [ 1.437253, 44.890182 ], [ 1.437169, 44.889577 ], [ 1.437028, 44.887969 ], [ 1.440597, 44.887502 ], [ 1.445299, 44.880242 ], [ 1.444495, 44.879075 ], [ 1.444406, 44.878918 ], [ 1.447537, 44.87714 ], [ 1.45417760062743, 44.880600776466906 ], [ 1.453943, 44.880238 ] ] ], [ [ [ 1.508326, 44.868277 ], [ 1.510606, 44.862796 ], [ 1.514836, 44.857432 ], [ 1.515084, 44.856961 ], [ 1.515694, 44.855871 ], [ 1.515747, 44.854982 ], [ 1.515626, 44.85479 ], [ 1.511214, 44.848339 ], [ 1.50875, 44.848119 ], [ 1.500483, 44.848314 ], [ 1.494251, 44.848662 ], [ 1.491448, 44.850921 ], [ 1.490353, 44.852779 ], [ 1.4854, 44.859215 ], [ 1.481802, 44.859088 ], [ 1.476436, 44.863135 ], [ 1.473105, 44.863952 ], [ 1.472003, 44.864753 ], [ 1.468647, 44.870874 ], [ 1.468399, 44.872193 ], [ 1.466517, 44.877682 ], [ 1.466247, 44.881272 ], [ 1.46055, 44.88531 ], [ 1.454547, 44.881172 ], [ 1.454828, 44.881988 ], [ 1.459696, 44.88721 ], [ 1.460319, 44.887481 ], [ 1.465375, 44.889457 ], [ 1.468087, 44.881812 ], [ 1.468508, 44.875333 ], [ 1.468201, 44.874356 ], [ 1.468191, 44.874101 ], [ 1.473329, 44.867763 ], [ 1.475245, 44.864715 ], [ 1.478534, 44.861846 ], [ 1.478982, 44.861613 ], [ 1.481825, 44.863822 ], [ 1.484233, 44.864318 ], [ 1.490139, 44.859437 ], [ 1.490382, 44.858485 ], [ 1.493967, 44.857586 ], [ 1.499544, 44.854117 ], [ 1.50165, 44.852828 ], [ 1.50982, 44.854396 ], [ 1.511107, 44.854602 ], [ 1.511461, 44.854995 ], [ 1.511025, 44.857788 ], [ 1.508802, 44.861426 ], [ 1.507847, 44.869379 ], [ 1.508521, 44.87123 ], [ 1.508326, 44.868277 ] ] ], [ [ [ 1.488853, 44.926011 ], [ 1.488809, 44.926527 ], [ 1.488995, 44.929099 ], [ 1.489293, 44.92974 ], [ 1.489516, 44.930116 ], [ 1.491532, 44.937637 ], [ 1.491327, 44.939409 ], [ 1.491278, 44.940045 ], [ 1.492788, 44.941314 ], [ 1.492961, 44.941347 ], [ 1.494868, 44.940316 ], [ 1.498606, 44.934544 ], [ 1.500926, 44.932299 ], [ 1.505365, 44.926388 ], [ 1.505451, 44.923457 ], [ 1.504712, 44.922541 ], [ 1.504317, 44.916485 ], [ 1.512115, 44.914807 ], [ 1.513566, 44.917713 ], [ 1.514087, 44.917583 ], [ 1.514621, 44.9174 ], [ 1.515293, 44.916977 ], [ 1.515396, 44.916904 ], [ 1.517548, 44.915111 ], [ 1.518218, 44.914053 ], [ 1.521773, 44.907063 ], [ 1.52394, 44.904733 ], [ 1.525277, 44.896254 ], [ 1.525331, 44.896029 ], [ 1.531843, 44.889909 ], [ 1.532945, 44.889733 ], [ 1.534616, 44.889562 ], [ 1.535237, 44.888952 ], [ 1.535762, 44.887639 ], [ 1.535875, 44.886189 ], [ 1.534629, 44.885404 ], [ 1.533947, 44.88552 ], [ 1.533515, 44.885612 ], [ 1.532567, 44.885967 ], [ 1.529917, 44.886126 ], [ 1.529236, 44.886015 ], [ 1.528591, 44.885832 ], [ 1.527861, 44.876959 ], [ 1.52952, 44.87573 ], [ 1.52956, 44.875622 ], [ 1.528623, 44.87344 ], [ 1.528211, 44.873351 ], [ 1.526193, 44.873029 ], [ 1.524799, 44.87267 ], [ 1.521907, 44.87172 ], [ 1.521417, 44.871577 ], [ 1.520917, 44.871509 ], [ 1.520702, 44.871508 ], [ 1.5175, 44.872396 ], [ 1.508805, 44.872548 ], [ 1.508903, 44.873538 ], [ 1.511624, 44.877477 ], [ 1.516991, 44.877696 ], [ 1.519564, 44.880213 ], [ 1.523735, 44.887193 ], [ 1.524641, 44.889276 ], [ 1.52458, 44.88939 ], [ 1.524227, 44.889879 ], [ 1.523664, 44.890525 ], [ 1.523107, 44.891101 ], [ 1.522487, 44.891722 ], [ 1.522131, 44.892088 ], [ 1.51997, 44.894241 ], [ 1.516375, 44.894042 ], [ 1.512691, 44.890788 ], [ 1.506597, 44.894344 ], [ 1.506382, 44.89763 ], [ 1.506609, 44.898463 ], [ 1.511954, 44.90314 ], [ 1.514016, 44.903002 ], [ 1.515089, 44.906438 ], [ 1.513815, 44.911273 ], [ 1.513268, 44.911222 ], [ 1.512634, 44.911064 ], [ 1.503972, 44.911873 ], [ 1.503624, 44.912102 ], [ 1.499958, 44.916241 ], [ 1.498833, 44.919665 ], [ 1.496064, 44.928203 ], [ 1.496229, 44.928577 ], [ 1.492936, 44.930031 ], [ 1.490209, 44.926854 ], [ 1.488982, 44.923424 ], [ 1.488901, 44.923267 ], [ 1.486135, 44.919961 ], [ 1.488853, 44.926011 ] ] ], [ [ [ 1.452397, 44.923895 ], [ 1.450821, 44.924433 ], [ 1.449218, 44.925584 ], [ 1.44828, 44.926899 ], [ 1.447947, 44.927592 ], [ 1.447867, 44.928163 ], [ 1.44787, 44.928361 ], [ 1.451269, 44.928906 ], [ 1.456244, 44.926536 ], [ 1.462313, 44.925931 ], [ 1.465795, 44.925326 ], [ 1.473045, 44.923045 ], [ 1.475989, 44.921464 ], [ 1.47649, 44.920885 ], [ 1.476778, 44.920437 ], [ 1.480891744839954, 44.918905108569625 ], [ 1.477445, 44.918211 ], [ 1.473931, 44.917668 ], [ 1.467628, 44.917639 ], [ 1.464918, 44.920569 ], [ 1.464661, 44.921018 ], [ 1.464135, 44.921634 ], [ 1.463759, 44.921922 ], [ 1.463401, 44.922127 ], [ 1.460186, 44.924431 ], [ 1.457475, 44.925935 ], [ 1.457133, 44.926153 ], [ 1.455199, 44.923117 ], [ 1.457196, 44.921042 ], [ 1.452397, 44.923895 ] ] ], [ [ [ 1.448701, 44.907737 ], [ 1.448523, 44.90852 ], [ 1.4486, 44.909099 ], [ 1.448876, 44.909691 ], [ 1.451666, 44.909758 ], [ 1.451877, 44.909705 ], [ 1.452382, 44.9096 ], [ 1.453091, 44.909303 ], [ 1.459448, 44.909406 ], [ 1.461728, 44.917117 ], [ 1.462158, 44.916428 ], [ 1.462738, 44.915872 ], [ 1.463257, 44.908093 ], [ 1.457727, 44.906655 ], [ 1.455209, 44.907726 ], [ 1.453257, 44.9047 ], [ 1.448664, 44.90109 ], [ 1.448701, 44.907737 ] ] ] ] } },
{ "type": "Feature", "properties": { "codgeo": "46309", "value": 480, "isochrone_group": 8.0, "nb_agences": 1 }, "geometry": { "type": "MultiPolygon", "coordinates": [ [ [ [ 1.450626, 44.922473 ], [ 1.449787, 44.922561 ], [ 1.449437, 44.922686 ], [ 1.448716, 44.922912 ], [ 1.447382, 44.923546 ], [ 1.445765, 44.924058 ], [ 1.444924, 44.924757 ], [ 1.441247, 44.929506 ], [ 1.442016, 44.933023 ], [ 1.442716, 44.93287 ], [ 1.450666, 44.935586 ], [ 1.451144, 44.935915 ], [ 1.451958, 44.936314 ], [ 1.453543, 44.933082 ], [ 1.456790289297447, 44.926481542095082 ], [ 1.456244, 44.926536 ], [ 1.451269, 44.928906 ], [ 1.44787, 44.928361 ], [ 1.447867, 44.928163 ], [ 1.447947, 44.927592 ], [ 1.44828, 44.926899 ], [ 1.449218, 44.925584 ], [ 1.450821, 44.924433 ], [ 1.452397, 44.923895 ], [ 1.457196, 44.921042 ], [ 1.457392, 44.92078 ], [ 1.450626, 44.922473 ] ] ], [ [ [ 1.432535, 44.893923 ], [ 1.432074, 44.894273 ], [ 1.431582, 44.894576 ], [ 1.430686, 44.895138 ], [ 1.43032, 44.895495 ], [ 1.432835, 44.898071 ], [ 1.438179, 44.897553 ], [ 1.438813, 44.897631 ], [ 1.438909, 44.897626 ], [ 1.443623, 44.898665 ], [ 1.444877, 44.899462 ], [ 1.445601, 44.908164 ], [ 1.444095, 44.911434 ], [ 1.444489, 44.911615 ], [ 1.44526, 44.911866 ], [ 1.446246, 44.912006 ], [ 1.446734, 44.912071 ], [ 1.447207, 44.912063 ], [ 1.447824, 44.911969 ], [ 1.448404, 44.911899 ], [ 1.449784, 44.911744 ], [ 1.450174, 44.911675 ], [ 1.450574, 44.911565 ], [ 1.45595, 44.91244 ], [ 1.457392, 44.92078 ], [ 1.457859, 44.92034 ], [ 1.458198, 44.92012 ], [ 1.4586, 44.919937 ], [ 1.461728, 44.917117 ], [ 1.459448, 44.909406 ], [ 1.453091, 44.909303 ], [ 1.452382, 44.9096 ], [ 1.451877, 44.909705 ], [ 1.451666, 44.909758 ], [ 1.448876, 44.909691 ], [ 1.4486, 44.909099 ], [ 1.448523, 44.90852 ], [ 1.448701, 44.907737 ], [ 1.448664, 44.90109 ], [ 1.443357, 44.89846 ], [ 1.434752, 44.896597 ], [ 1.433096073315444, 44.893477422478149 ], [ 1.432535, 44.893923 ] ] ], [ [ [ 1.454285, 44.878848 ], [ 1.45183, 44.876215 ], [ 1.44871, 44.872138 ], [ 1.446641, 44.869922 ], [ 1.442841, 44.866074 ], [ 1.441005, 44.863818 ], [ 1.440265, 44.863497 ], [ 1.439426, 44.863208 ], [ 1.438727, 44.863016 ], [ 1.437204, 44.862752 ], [ 1.436589, 44.866299 ], [ 1.437871, 44.869123 ], [ 1.438607, 44.87158 ], [ 1.438612, 44.87565 ], [ 1.43424, 44.880082 ], [ 1.433625, 44.880301 ], [ 1.433332, 44.880384 ], [ 1.427198, 44.880451 ], [ 1.427087, 44.880447 ], [ 1.425344, 44.882356 ], [ 1.425351, 44.882466 ], [ 1.426973, 44.884046 ], [ 1.427084, 44.884049 ], [ 1.429166, 44.884124 ], [ 1.4334, 44.884869 ], [ 1.43339004121559, 44.893209481943288 ], [ 1.433859, 44.892911 ], [ 1.435263, 44.884404 ], [ 1.436094, 44.880901 ], [ 1.441098, 44.87437 ], [ 1.440646, 44.873064 ], [ 1.440457, 44.872292 ], [ 1.440153, 44.870042 ], [ 1.440114, 44.869691 ], [ 1.440189, 44.869453 ], [ 1.440268, 44.869249 ], [ 1.441432, 44.868116 ], [ 1.441558, 44.868089 ], [ 1.441944, 44.868105 ], [ 1.443693, 44.869302 ], [ 1.445846, 44.870572 ], [ 1.446624, 44.874087 ], [ 1.453318, 44.879238 ], [ 1.453943, 44.880238 ], [ 1.454547, 44.881172 ], [ 1.458734798760956, 44.884058741841208 ], [ 1.454285, 44.878848 ] ] ], [ [ [ 1.489683, 44.938873 ], [ 1.489352, 44.939119 ], [ 1.489023, 44.939377 ], [ 1.488389, 44.941512 ], [ 1.492511, 44.948562 ], [ 1.494053, 44.950867 ], [ 1.494362, 44.951308 ], [ 1.497311, 44.949242 ], [ 1.49737, 44.94461 ], [ 1.499897, 44.939593 ], [ 1.505002, 44.93549 ], [ 1.508405, 44.934315 ], [ 1.508445, 44.934293 ], [ 1.508364, 44.933489 ], [ 1.508123, 44.932887 ], [ 1.510819, 44.924954 ], [ 1.513622, 44.924482 ], [ 1.514127, 44.924181 ], [ 1.5145, 44.923481 ], [ 1.518863, 44.916488 ], [ 1.524949, 44.915149 ], [ 1.532915, 44.912257 ], [ 1.534292, 44.911932 ], [ 1.534616, 44.911742 ], [ 1.534999, 44.909321 ], [ 1.534422, 44.908912 ], [ 1.531547, 44.904588 ], [ 1.534269, 44.898038 ], [ 1.541223, 44.892451 ], [ 1.543933, 44.894291 ], [ 1.54496, 44.894222 ], [ 1.546305, 44.893715 ], [ 1.546539, 44.89364 ], [ 1.546726, 44.893505 ], [ 1.547156, 44.893186 ], [ 1.548752, 44.886128 ], [ 1.548187, 44.885524 ], [ 1.547928, 44.885487 ], [ 1.546502, 44.885214 ], [ 1.540228, 44.879593 ], [ 1.538349, 44.874142 ], [ 1.536442, 44.869187 ], [ 1.533122, 44.867652 ], [ 1.532403, 44.86774 ], [ 1.531194, 44.868113 ], [ 1.52987, 44.868331 ], [ 1.529316, 44.86841 ], [ 1.528342, 44.868727 ], [ 1.521375, 44.867646 ], [ 1.519466, 44.865748 ], [ 1.520438, 44.856879 ], [ 1.522894, 44.855365 ], [ 1.524216, 44.85474 ], [ 1.522677, 44.851485 ], [ 1.521216, 44.850464 ], [ 1.515547, 44.847022 ], [ 1.514024, 44.844529 ], [ 1.513679, 44.844493 ], [ 1.509166, 44.844842 ], [ 1.508309, 44.844887 ], [ 1.50707, 44.845133 ], [ 1.505951, 44.845435 ], [ 1.50565, 44.845489 ], [ 1.504645, 44.846063 ], [ 1.50092, 44.846751 ], [ 1.495838, 44.839705 ], [ 1.49634, 44.838888 ], [ 1.496771, 44.838058 ], [ 1.497307, 44.836661 ], [ 1.497562, 44.835651 ], [ 1.497721, 44.834565 ], [ 1.497775, 44.833497 ], [ 1.49418, 44.833314 ], [ 1.49041, 44.84095 ], [ 1.489998, 44.841736 ], [ 1.489681, 44.842571 ], [ 1.489478, 44.84338 ], [ 1.486175, 44.850489 ], [ 1.479215, 44.855614 ], [ 1.478298, 44.856144 ], [ 1.473512, 44.859064 ], [ 1.472197, 44.860826 ], [ 1.471849, 44.861455 ], [ 1.471706, 44.862051 ], [ 1.46731, 44.869289 ], [ 1.467169, 44.86956 ], [ 1.46669, 44.87109 ], [ 1.46638, 44.874676 ], [ 1.464916, 44.877572 ], [ 1.464532, 44.878147 ], [ 1.458839748046488, 44.88413108569322 ], [ 1.46055, 44.88531 ], [ 1.466247, 44.881272 ], [ 1.466517, 44.877682 ], [ 1.468399, 44.872193 ], [ 1.468647, 44.870874 ], [ 1.472003, 44.864753 ], [ 1.473105, 44.863952 ], [ 1.476436, 44.863135 ], [ 1.481802, 44.859088 ], [ 1.4854, 44.859215 ], [ 1.490353, 44.852779 ], [ 1.491448, 44.850921 ], [ 1.494251, 44.848662 ], [ 1.500483, 44.848314 ], [ 1.50875, 44.848119 ], [ 1.511214, 44.848339 ], [ 1.515626, 44.85479 ], [ 1.515747, 44.854982 ], [ 1.515694, 44.855871 ], [ 1.515084, 44.856961 ], [ 1.514836, 44.857432 ], [ 1.510606, 44.862796 ], [ 1.508326, 44.868277 ], [ 1.508521, 44.87123 ], [ 1.508805, 44.872548 ], [ 1.5175, 44.872396 ], [ 1.520702, 44.871508 ], [ 1.520917, 44.871509 ], [ 1.521417, 44.871577 ], [ 1.521907, 44.87172 ], [ 1.524799, 44.87267 ], [ 1.526193, 44.873029 ], [ 1.528211, 44.873351 ], [ 1.528623, 44.87344 ], [ 1.52956, 44.875622 ], [ 1.52952, 44.87573 ], [ 1.527861, 44.876959 ], [ 1.528591, 44.885832 ], [ 1.529236, 44.886015 ], [ 1.529917, 44.886126 ], [ 1.532567, 44.885967 ], [ 1.533515, 44.885612 ], [ 1.533947, 44.88552 ], [ 1.534629, 44.885404 ], [ 1.535875, 44.886189 ], [ 1.535762, 44.887639 ], [ 1.535237, 44.888952 ], [ 1.534616, 44.889562 ], [ 1.532945, 44.889733 ], [ 1.531843, 44.889909 ], [ 1.525331, 44.896029 ], [ 1.525277, 44.896254 ], [ 1.52394, 44.904733 ], [ 1.521773, 44.907063 ], [ 1.518218, 44.914053 ], [ 1.517548, 44.915111 ], [ 1.515396, 44.916904 ], [ 1.515293, 44.916977 ], [ 1.514621, 44.9174 ], [ 1.514087, 44.917583 ], [ 1.513566, 44.917713 ], [ 1.512115, 44.914807 ], [ 1.504317, 44.916485 ], [ 1.504712, 44.922541 ], [ 1.505451, 44.923457 ], [ 1.505365, 44.926388 ], [ 1.500926, 44.932299 ], [ 1.498606, 44.934544 ], [ 1.494868, 44.940316 ], [ 1.492961, 44.941347 ], [ 1.492788, 44.941314 ], [ 1.491278, 44.940045 ], [ 1.491327, 44.939409 ], [ 1.491532, 44.937637 ], [ 1.489521992753837, 44.930138356895625 ], [ 1.489683, 44.938873 ] ] ], [ [ [ 1.462702, 44.927061 ], [ 1.463411, 44.927476 ], [ 1.464966, 44.927304 ], [ 1.465597, 44.926719 ], [ 1.474203, 44.92621 ], [ 1.477637, 44.927291 ], [ 1.478041, 44.92601 ], [ 1.478143, 44.925313 ], [ 1.478031, 44.924199 ], [ 1.477937, 44.923815 ], [ 1.483419, 44.917964 ], [ 1.476778, 44.920437 ], [ 1.47649, 44.920885 ], [ 1.475989, 44.921464 ], [ 1.473045, 44.923045 ], [ 1.465795, 44.925326 ], [ 1.462313, 44.925931 ], [ 1.457680786731283, 44.92639277113652 ], [ 1.462702, 44.927061 ] ] ] ] } },
{ "type": "Feature", "properties": { "codgeo": "46309", "value": 540, "isochrone_group": 9.0, "nb_agences": 1 }, "geometry": { "type": "MultiPolygon", "coordinates": [ [ [ [ 1.448589, 44.864173 ], [ 1.449286, 44.862763 ], [ 1.449092, 44.861814 ], [ 1.44864, 44.86122 ], [ 1.448054, 44.860856 ], [ 1.447527, 44.86072 ], [ 1.447027, 44.860715 ], [ 1.446437, 44.860874 ], [ 1.444244, 44.861718 ], [ 1.435677, 44.862567 ], [ 1.434849, 44.862508 ], [ 1.431294, 44.862551 ], [ 1.430104, 44.862622 ], [ 1.429605, 44.862684 ], [ 1.42874, 44.862843 ], [ 1.425504, 44.863717 ], [ 1.422999, 44.864655 ], [ 1.424262, 44.868026 ], [ 1.426767, 44.867088 ], [ 1.434441, 44.871391 ], [ 1.434401, 44.872168 ], [ 1.428617, 44.877983 ], [ 1.425023, 44.87825 ], [ 1.41787, 44.880574 ], [ 1.417534, 44.880564 ], [ 1.416359, 44.880855 ], [ 1.41619, 44.88292 ], [ 1.416795, 44.884429 ], [ 1.419163, 44.884827 ], [ 1.425287, 44.886311 ], [ 1.426418, 44.886667 ], [ 1.426514, 44.886664 ], [ 1.426674, 44.886649 ], [ 1.431706, 44.888038 ], [ 1.432218166166112, 44.894163546294713 ], [ 1.432535, 44.893923 ], [ 1.43339, 44.893244 ], [ 1.4334, 44.884869 ], [ 1.429166, 44.884124 ], [ 1.427084, 44.884049 ], [ 1.426973, 44.884046 ], [ 1.425351, 44.882466 ], [ 1.425344, 44.882356 ], [ 1.427087, 44.880447 ], [ 1.427198, 44.880451 ], [ 1.433332, 44.880384 ], [ 1.433625, 44.880301 ], [ 1.43424, 44.880082 ], [ 1.438612, 44.87565 ], [ 1.438607, 44.87158 ], [ 1.437871, 44.869123 ], [ 1.436589, 44.866299 ], [ 1.437204, 44.862752 ], [ 1.438727, 44.863016 ], [ 1.439426, 44.863208 ], [ 1.440265, 44.863497 ], [ 1.441005, 44.863818 ], [ 1.442841, 44.866074 ], [ 1.446641, 44.869922 ], [ 1.44871, 44.872138 ], [ 1.448589, 44.864173 ] ] ], [ [ [ 1.48358, 44.847466 ], [ 1.482602, 44.847685 ], [ 1.481924, 44.847941 ], [ 1.480521, 44.849315 ], [ 1.474447, 44.853597 ], [ 1.473895, 44.854116 ], [ 1.473603, 44.854496 ], [ 1.472706, 44.855984 ], [ 1.467205, 44.861602 ], [ 1.46736, 44.86238 ], [ 1.466501, 44.869207 ], [ 1.464274, 44.871451 ], [ 1.463319, 44.872224 ], [ 1.462825, 44.873032 ], [ 1.462502, 44.878344 ], [ 1.458489, 44.88128 ], [ 1.45537567133257, 44.880125182868909 ], [ 1.458817, 44.884155 ], [ 1.464532, 44.878147 ], [ 1.464916, 44.877572 ], [ 1.46638, 44.874676 ], [ 1.46669, 44.87109 ], [ 1.467169, 44.86956 ], [ 1.46731, 44.869289 ], [ 1.471706, 44.862051 ], [ 1.471849, 44.861455 ], [ 1.472197, 44.860826 ], [ 1.473512, 44.859064 ], [ 1.478298, 44.856144 ], [ 1.479215, 44.855614 ], [ 1.486175, 44.850489 ], [ 1.489478, 44.84338 ], [ 1.489681, 44.842571 ], [ 1.489998, 44.841736 ], [ 1.48358, 44.847466 ] ] ], [ [ [ 1.497772, 44.833263 ], [ 1.497668, 44.83203 ], [ 1.497415, 44.830491 ], [ 1.498619, 44.822741 ], [ 1.500242, 44.820258 ], [ 1.501234, 44.818679 ], [ 1.502498, 44.816484 ], [ 1.499378, 44.814688 ], [ 1.495606, 44.820771 ], [ 1.495096, 44.821641 ], [ 1.494717, 44.822401 ], [ 1.494411, 44.823105 ], [ 1.49411, 44.823947 ], [ 1.493879, 44.824718 ], [ 1.493732, 44.825384 ], [ 1.493608, 44.826158 ], [ 1.493528, 44.827054 ], [ 1.493519, 44.827935 ], [ 1.493541, 44.82857 ], [ 1.493845, 44.830959 ], [ 1.491867860316065, 44.83799715613435 ], [ 1.49418, 44.833314 ], [ 1.497762858311142, 44.833496381939071 ], [ 1.497772, 44.833263 ] ] ], [ [ [ 1.527774, 44.853076 ], [ 1.530452, 44.851477 ], [ 1.532585, 44.850192 ], [ 1.532338, 44.846601 ], [ 1.530914, 44.846641 ], [ 1.530293, 44.847052 ], [ 1.529923, 44.847295 ], [ 1.528204, 44.848666 ], [ 1.520462, 44.847797 ], [ 1.51632, 44.844236 ], [ 1.51454, 44.843194 ], [ 1.513742, 44.843195 ], [ 1.512543, 44.843294 ], [ 1.503963, 44.845731 ], [ 1.502472, 44.84507 ], [ 1.49634, 44.838888 ], [ 1.495838, 44.839705 ], [ 1.50092, 44.846751 ], [ 1.504645, 44.846063 ], [ 1.50565, 44.845489 ], [ 1.505951, 44.845435 ], [ 1.50707, 44.845133 ], [ 1.508309, 44.844887 ], [ 1.509166, 44.844842 ], [ 1.513679, 44.844493 ], [ 1.514024, 44.844529 ], [ 1.515547, 44.847022 ], [ 1.521216, 44.850464 ], [ 1.522677, 44.851485 ], [ 1.524216, 44.85474 ], [ 1.522894, 44.855365 ], [ 1.527774, 44.853076 ] ] ], [ [ [ 1.524083, 44.865821 ], [ 1.521252, 44.858357 ], [ 1.522894, 44.855365 ], [ 1.520438, 44.856879 ], [ 1.519466, 44.865748 ], [ 1.521375, 44.867646 ], [ 1.528342, 44.868727 ], [ 1.529316, 44.86841 ], [ 1.52987, 44.868331 ], [ 1.524083, 44.865821 ] ] ], [ [ [ 1.486712, 44.938462 ], [ 1.486254, 44.938558 ], [ 1.485822, 44.938715 ], [ 1.485238, 44.939 ], [ 1.484315, 44.939303 ], [ 1.48339, 44.939541 ], [ 1.484288, 44.943027 ], [ 1.486361, 44.944992 ], [ 1.491065, 44.950813 ], [ 1.493528, 44.953439 ], [ 1.499096, 44.959572 ], [ 1.500442, 44.959311 ], [ 1.50171, 44.956739 ], [ 1.503054, 44.952553 ], [ 1.502838, 44.951716 ], [ 1.50225, 44.950706 ], [ 1.50112, 44.946214 ], [ 1.505624, 44.939185 ], [ 1.506768, 44.938858 ], [ 1.510572, 44.937934 ], [ 1.513459, 44.938073 ], [ 1.515375, 44.938302 ], [ 1.515782, 44.938332 ], [ 1.51604, 44.934741 ], [ 1.515633, 44.934712 ], [ 1.513891, 44.934499 ], [ 1.51017, 44.927752 ], [ 1.512939, 44.925452 ], [ 1.515385, 44.923884 ], [ 1.516151, 44.92344 ], [ 1.516915, 44.922455 ], [ 1.523236, 44.918397 ], [ 1.530786, 44.919025 ], [ 1.531478, 44.919153 ], [ 1.532105, 44.919212 ], [ 1.533386, 44.919416 ], [ 1.53488, 44.919796 ], [ 1.53959, 44.914046 ], [ 1.540996, 44.912894 ], [ 1.541668, 44.912154 ], [ 1.542213, 44.911241 ], [ 1.542483, 44.910641 ], [ 1.542699, 44.910051 ], [ 1.543777, 44.901966 ], [ 1.544699, 44.900713 ], [ 1.553062, 44.899353 ], [ 1.553706, 44.89966 ], [ 1.554094, 44.899736 ], [ 1.554431, 44.899766 ], [ 1.555319, 44.898835 ], [ 1.555564, 44.898498 ], [ 1.55604, 44.897729 ], [ 1.558845, 44.889691 ], [ 1.559251, 44.884379 ], [ 1.556828, 44.881717 ], [ 1.552367, 44.875106 ], [ 1.550345, 44.873907 ], [ 1.545395, 44.868922 ], [ 1.545228, 44.868716 ], [ 1.542854, 44.866371 ], [ 1.538142, 44.86394 ], [ 1.536507, 44.862816 ], [ 1.535254, 44.864812 ], [ 1.534726, 44.865474 ], [ 1.534468, 44.865783 ], [ 1.52987, 44.868331 ], [ 1.531194, 44.868113 ], [ 1.532403, 44.86774 ], [ 1.533122, 44.867652 ], [ 1.536442, 44.869187 ], [ 1.538349, 44.874142 ], [ 1.540228, 44.879593 ], [ 1.546502, 44.885214 ], [ 1.547928, 44.885487 ], [ 1.548187, 44.885524 ], [ 1.548752, 44.886128 ], [ 1.547156, 44.893186 ], [ 1.546726, 44.893505 ], [ 1.546539, 44.89364 ], [ 1.546305, 44.893715 ], [ 1.54496, 44.894222 ], [ 1.543933, 44.894291 ], [ 1.541223, 44.892451 ], [ 1.534269, 44.898038 ], [ 1.531547, 44.904588 ], [ 1.534422, 44.908912 ], [ 1.534999, 44.909321 ], [ 1.534616, 44.911742 ], [ 1.534292, 44.911932 ], [ 1.532915, 44.912257 ], [ 1.524949, 44.915149 ], [ 1.518863, 44.916488 ], [ 1.5145, 44.923481 ], [ 1.514127, 44.924181 ], [ 1.513622, 44.924482 ], [ 1.510819, 44.924954 ], [ 1.508123, 44.932887 ], [ 1.508364, 44.933489 ], [ 1.508445, 44.934293 ], [ 1.508405, 44.934315 ], [ 1.505002, 44.93549 ], [ 1.499897, 44.939593 ], [ 1.49737, 44.94461 ], [ 1.497311, 44.949242 ], [ 1.494362, 44.951308 ], [ 1.494053, 44.950867 ], [ 1.492511, 44.948562 ], [ 1.488389, 44.941512 ], [ 1.489023, 44.939377 ], [ 1.489352, 44.939119 ], [ 1.489683, 44.938873 ], [ 1.489519, 44.929976 ], [ 1.486712, 44.938462 ] ] ], [ [ [ 1.486135, 44.919961 ], [ 1.483419, 44.917964 ], [ 1.481624465099843, 44.919879327198252 ], [ 1.486135, 44.919961 ] ] ], [ [ [ 1.478303601862757, 44.923423721725833 ], [ 1.477937, 44.923815 ], [ 1.478031, 44.924199 ], [ 1.478303601862757, 44.923423721725833 ] ] ], [ [ [ 1.474191, 44.928424 ], [ 1.475433, 44.930266 ], [ 1.477042, 44.931358 ], [ 1.477234, 44.93133 ], [ 1.478248, 44.930827 ], [ 1.479391, 44.928722 ], [ 1.479316, 44.928619 ], [ 1.478143, 44.925313 ], [ 1.478041, 44.92601 ], [ 1.477637, 44.927291 ], [ 1.474203, 44.92621 ], [ 1.465597, 44.926719 ], [ 1.474191, 44.928424 ] ] ], [ [ [ 1.449461, 44.938452 ], [ 1.4497, 44.938486 ], [ 1.455349, 44.93942 ], [ 1.45841, 44.938325 ], [ 1.458825, 44.938201 ], [ 1.459548, 44.937914 ], [ 1.46015, 44.937608 ], [ 1.462923, 44.936308 ], [ 1.46291, 44.936207 ], [ 1.462813, 44.935797 ], [ 1.464966, 44.927304 ], [ 1.463411, 44.927476 ], [ 1.462702, 44.927061 ], [ 1.456886, 44.926287 ], [ 1.453543, 44.933082 ], [ 1.451958, 44.936314 ], [ 1.451144, 44.935915 ], [ 1.450666, 44.935586 ], [ 1.442716, 44.93287 ], [ 1.449461, 44.938452 ] ] ], [ [ [ 1.445898, 44.922284 ], [ 1.445611, 44.922265 ], [ 1.443824, 44.922284 ], [ 1.442357, 44.925572 ], [ 1.435587, 44.93076 ], [ 1.435496, 44.930933 ], [ 1.434822, 44.932338 ], [ 1.434826, 44.933455 ], [ 1.436153, 44.935281 ], [ 1.439687, 44.935967 ], [ 1.442716, 44.93287 ], [ 1.442016, 44.933023 ], [ 1.441247, 44.929506 ], [ 1.444924, 44.924757 ], [ 1.445765, 44.924058 ], [ 1.447382, 44.923546 ], [ 1.448716, 44.922912 ], [ 1.449437, 44.922686 ], [ 1.449787, 44.922561 ], [ 1.445898, 44.922284 ] ] ], [ [ [ 1.454278, 44.915821 ], [ 1.449787, 44.922561 ], [ 1.450626, 44.922473 ], [ 1.457392, 44.92078 ], [ 1.45595, 44.91244 ], [ 1.450574, 44.911565 ], [ 1.450174, 44.911675 ], [ 1.449784, 44.911744 ], [ 1.448404, 44.911899 ], [ 1.454278, 44.915821 ] ] ], [ [ [ 1.444378, 44.9079 ], [ 1.443403, 44.908069 ], [ 1.441304, 44.908476 ], [ 1.439725, 44.908991 ], [ 1.438617, 44.910051 ], [ 1.44074, 44.912958 ], [ 1.443573, 44.911875 ], [ 1.44526, 44.911866 ], [ 1.444489, 44.911615 ], [ 1.444095, 44.911434 ], [ 1.445601, 44.908164 ], [ 1.445438802765287, 44.906214496772861 ], [ 1.444378, 44.9079 ] ] ], [ [ [ 1.443989866853182, 44.898898168167442 ], [ 1.443623, 44.898665 ], [ 1.443377008269673, 44.898610781627561 ], [ 1.443989866853182, 44.898898168167442 ] ] ], [ [ [ 1.437121, 44.897956 ], [ 1.437252, 44.898018 ], [ 1.437689, 44.898186 ], [ 1.438176, 44.898313 ], [ 1.438764, 44.898361 ], [ 1.439323, 44.898277 ], [ 1.439897, 44.898049 ], [ 1.440099, 44.897946 ], [ 1.440153178194301, 44.897900225953322 ], [ 1.438909, 44.897626 ], [ 1.438813, 44.897631 ], [ 1.438179, 44.897553 ], [ 1.436365776587189, 44.897728757808366 ], [ 1.437121, 44.897956 ] ] ] ] } },
{ "type": "Feature", "properties": { "codgeo": "46309", "value": 600, "isochrone_group": 10.0, "nb_agences": 1 }, "geometry": { "type": "MultiPolygon", "coordinates": [ [ [ [ 1.422473, 44.864853 ], [ 1.419995, 44.865773 ], [ 1.419347, 44.866107 ], [ 1.414856, 44.869006 ], [ 1.416335, 44.872289 ], [ 1.415783, 44.880029 ], [ 1.413595, 44.881362 ], [ 1.413035, 44.881727 ], [ 1.411149, 44.882554 ], [ 1.408034, 44.883926 ], [ 1.407896, 44.883986 ], [ 1.407235, 44.886462 ], [ 1.407337, 44.886684 ], [ 1.407425, 44.886781 ], [ 1.409347, 44.887281 ], [ 1.412648, 44.886989 ], [ 1.415313, 44.88592 ], [ 1.423564, 44.887329 ], [ 1.424809, 44.88998 ], [ 1.425525, 44.890739 ], [ 1.428967, 44.893191 ], [ 1.431703, 44.898463 ], [ 1.434025, 44.901214 ], [ 1.434148, 44.90111 ], [ 1.438456, 44.899557 ], [ 1.440227, 44.898146 ], [ 1.448664, 44.90109 ], [ 1.440763, 44.897385 ], [ 1.440099, 44.897946 ], [ 1.439897, 44.898049 ], [ 1.439323, 44.898277 ], [ 1.438764, 44.898361 ], [ 1.438176, 44.898313 ], [ 1.437689, 44.898186 ], [ 1.437252, 44.898018 ], [ 1.437121, 44.897956 ], [ 1.433206, 44.896778 ], [ 1.432299, 44.895947 ], [ 1.432232, 44.894329 ], [ 1.431706, 44.888038 ], [ 1.426674, 44.886649 ], [ 1.426514, 44.886664 ], [ 1.426418, 44.886667 ], [ 1.425287, 44.886311 ], [ 1.419163, 44.884827 ], [ 1.416795, 44.884429 ], [ 1.41619, 44.88292 ], [ 1.416359, 44.880855 ], [ 1.417534, 44.880564 ], [ 1.41787, 44.880574 ], [ 1.425023, 44.87825 ], [ 1.428617, 44.877983 ], [ 1.434401, 44.872168 ], [ 1.434441, 44.871391 ], [ 1.426767, 44.867088 ], [ 1.424262, 44.868026 ], [ 1.422999282033139, 44.864655752758303 ], [ 1.422473, 44.864853 ] ] ], [ [ [ 1.452754, 44.864263 ], [ 1.453186, 44.864166 ], [ 1.453503, 44.861586 ], [ 1.453585, 44.861281 ], [ 1.453569, 44.861109 ], [ 1.450577, 44.859303 ], [ 1.442478, 44.861238 ], [ 1.437276, 44.861454 ], [ 1.430104, 44.862622 ], [ 1.431294, 44.862551 ], [ 1.434849, 44.862508 ], [ 1.435677, 44.862567 ], [ 1.444244, 44.861718 ], [ 1.446437, 44.860874 ], [ 1.447027, 44.860715 ], [ 1.447527, 44.86072 ], [ 1.448054, 44.860856 ], [ 1.44864, 44.86122 ], [ 1.449092, 44.861814 ], [ 1.449286, 44.862763 ], [ 1.448589, 44.864173 ], [ 1.44871, 44.872138 ], [ 1.452754, 44.864263 ] ] ], [ [ [ 1.469693, 44.854386 ], [ 1.468491, 44.85436 ], [ 1.466184, 44.8542 ], [ 1.46549, 44.855075 ], [ 1.463803, 44.858256 ], [ 1.464783, 44.860494 ], [ 1.465595, 44.867733 ], [ 1.463346, 44.870613 ], [ 1.460912, 44.875537 ], [ 1.460526, 44.875912 ], [ 1.460225, 44.876279 ], [ 1.453364, 44.879379 ], [ 1.458489, 44.88128 ], [ 1.462502, 44.878344 ], [ 1.462825, 44.873032 ], [ 1.463319, 44.872224 ], [ 1.464274, 44.871451 ], [ 1.466501, 44.869207 ], [ 1.46736, 44.86238 ], [ 1.467205, 44.861602 ], [ 1.472706, 44.855984 ], [ 1.473603, 44.854496 ], [ 1.473895, 44.854116 ], [ 1.474447, 44.853597 ], [ 1.469693, 44.854386 ] ] ], [ [ [ 1.484313, 44.840992 ], [ 1.480877, 44.842065 ], [ 1.479616, 44.842842 ], [ 1.479342, 44.844747 ], [ 1.47608718922258, 44.852440712503913 ], [ 1.480521, 44.849315 ], [ 1.481924, 44.847941 ], [ 1.482602, 44.847685 ], [ 1.48358, 44.847466 ], [ 1.489998, 44.841736 ], [ 1.49041, 44.84095 ], [ 1.490853, 44.84029 ], [ 1.491444, 44.839506 ], [ 1.491737589472817, 44.838460889952458 ], [ 1.484313, 44.840992 ] ] ], [ [ [ 1.502544, 44.816401 ], [ 1.503307, 44.81495 ], [ 1.504032, 44.813464 ], [ 1.504664, 44.812108 ], [ 1.505083, 44.811156 ], [ 1.505675, 44.80973 ], [ 1.506287, 44.808187 ], [ 1.506853, 44.806857 ], [ 1.51012, 44.801361 ], [ 1.507361, 44.799048 ], [ 1.506695, 44.799843 ], [ 1.506157, 44.800565 ], [ 1.505645, 44.801323 ], [ 1.505106, 44.802231 ], [ 1.504708, 44.80297 ], [ 1.504146, 44.804121 ], [ 1.503579, 44.805362 ], [ 1.502975, 44.806775 ], [ 1.502329, 44.808403 ], [ 1.500769, 44.811943 ], [ 1.497937308603923, 44.817011363139521 ], [ 1.499378, 44.814688 ], [ 1.502496699906553, 44.816483251612887 ], [ 1.502544, 44.816401 ] ] ], [ [ [ 1.518267, 44.842986 ], [ 1.517792, 44.842849 ], [ 1.516106, 44.842268 ], [ 1.513107, 44.841496 ], [ 1.512603, 44.841429 ], [ 1.511886, 44.841373 ], [ 1.505151, 44.843734 ], [ 1.501959, 44.844332 ], [ 1.497307, 44.836661 ], [ 1.496771, 44.838058 ], [ 1.49634, 44.838888 ], [ 1.502472, 44.84507 ], [ 1.503963, 44.845731 ], [ 1.512543, 44.843294 ], [ 1.513742, 44.843195 ], [ 1.51454, 44.843194 ], [ 1.51632, 44.844236 ], [ 1.519152575431253, 44.846671248940318 ], [ 1.518267, 44.842986 ] ] ], [ [ [ 1.473471, 44.930879 ], [ 1.473967, 44.930993 ], [ 1.477074, 44.93277 ], [ 1.478518, 44.940436 ], [ 1.478867, 44.941065 ], [ 1.479125, 44.941405 ], [ 1.480017, 44.942183 ], [ 1.480513, 44.942537 ], [ 1.485433, 44.949584 ], [ 1.485577, 44.949931 ], [ 1.487335, 44.953746 ], [ 1.487671, 44.954543 ], [ 1.487969, 44.955213 ], [ 1.488474, 44.955724 ], [ 1.493827, 44.95897 ], [ 1.496241, 44.960444 ], [ 1.501141, 44.966723 ], [ 1.501513, 44.967339 ], [ 1.504594, 44.965479 ], [ 1.5045, 44.964838 ], [ 1.504373, 44.957094 ], [ 1.505182, 44.954485 ], [ 1.504864, 44.947759 ], [ 1.50714, 44.944033 ], [ 1.514238, 44.940866 ], [ 1.515785, 44.940957 ], [ 1.520335, 44.941709 ], [ 1.520517, 44.941361 ], [ 1.520693, 44.940894 ], [ 1.521008, 44.940071 ], [ 1.522494, 44.936341 ], [ 1.521592, 44.932856 ], [ 1.519306, 44.930129 ], [ 1.518747, 44.927829 ], [ 1.523683, 44.922051 ], [ 1.531286, 44.924187 ], [ 1.532279, 44.925297 ], [ 1.5373, 44.92586 ], [ 1.544681, 44.924889 ], [ 1.545502, 44.921384 ], [ 1.549689, 44.916206 ], [ 1.550827, 44.913847 ], [ 1.549735, 44.912066 ], [ 1.552749, 44.9047 ], [ 1.559419, 44.902848 ], [ 1.561518, 44.902138 ], [ 1.562125, 44.901012 ], [ 1.565021, 44.89524 ], [ 1.564898, 44.886714 ], [ 1.56629, 44.885272 ], [ 1.56646, 44.885032 ], [ 1.567147, 44.883657 ], [ 1.567802, 44.881787 ], [ 1.567787, 44.881668 ], [ 1.563428, 44.877751 ], [ 1.563313, 44.877661 ], [ 1.562411, 44.878134 ], [ 1.561876, 44.878406 ], [ 1.560249, 44.879552 ], [ 1.558537, 44.880526 ], [ 1.552743, 44.873842 ], [ 1.553842, 44.868655 ], [ 1.553929, 44.867788 ], [ 1.552904, 44.865862 ], [ 1.549765, 44.857721 ], [ 1.549308, 44.857751 ], [ 1.548317, 44.857918 ], [ 1.542171, 44.85179 ], [ 1.543379, 44.848751 ], [ 1.544046, 44.847919 ], [ 1.540751, 44.841633 ], [ 1.537763, 44.839625 ], [ 1.535599, 44.84241 ], [ 1.528504, 44.845994 ], [ 1.528338, 44.84627 ], [ 1.527865, 44.846941 ], [ 1.521661775424867, 44.847931668670135 ], [ 1.528204, 44.848666 ], [ 1.529923, 44.847295 ], [ 1.530293, 44.847052 ], [ 1.530914, 44.846641 ], [ 1.532338, 44.846601 ], [ 1.532585, 44.850192 ], [ 1.530452, 44.851477 ], [ 1.527774, 44.853076 ], [ 1.522894, 44.855365 ], [ 1.521252, 44.858357 ], [ 1.524083, 44.865821 ], [ 1.52987, 44.868331 ], [ 1.534468, 44.865783 ], [ 1.534726, 44.865474 ], [ 1.535254, 44.864812 ], [ 1.536507, 44.862816 ], [ 1.538142, 44.86394 ], [ 1.542854, 44.866371 ], [ 1.545228, 44.868716 ], [ 1.545395, 44.868922 ], [ 1.550345, 44.873907 ], [ 1.552367, 44.875106 ], [ 1.556828, 44.881717 ], [ 1.559251, 44.884379 ], [ 1.558845, 44.889691 ], [ 1.55604, 44.897729 ], [ 1.555564, 44.898498 ], [ 1.555319, 44.898835 ], [ 1.554431, 44.899766 ], [ 1.554094, 44.899736 ], [ 1.553706, 44.89966 ], [ 1.553062, 44.899353 ], [ 1.544699, 44.900713 ], [ 1.543777, 44.901966 ], [ 1.542699, 44.910051 ], [ 1.542483, 44.910641 ], [ 1.542213, 44.911241 ], [ 1.541668, 44.912154 ], [ 1.540996, 44.912894 ], [ 1.53959, 44.914046 ], [ 1.53488, 44.919796 ], [ 1.533386, 44.919416 ], [ 1.532105, 44.919212 ], [ 1.531478, 44.919153 ], [ 1.530786, 44.919025 ], [ 1.523236, 44.918397 ], [ 1.516915, 44.922455 ], [ 1.516151, 44.92344 ], [ 1.515385, 44.923884 ], [ 1.512939, 44.925452 ], [ 1.51017, 44.927752 ], [ 1.513891, 44.934499 ], [ 1.515633, 44.934712 ], [ 1.51604, 44.934741 ], [ 1.515782, 44.938332 ], [ 1.515375, 44.938302 ], [ 1.513459, 44.938073 ], [ 1.510572, 44.937934 ], [ 1.506768, 44.938858 ], [ 1.505624, 44.939185 ], [ 1.50112, 44.946214 ], [ 1.50225, 44.950706 ], [ 1.502838, 44.951716 ], [ 1.503054, 44.952553 ], [ 1.50171, 44.956739 ], [ 1.500442, 44.959311 ], [ 1.499096, 44.959572 ], [ 1.493528, 44.953439 ], [ 1.491065, 44.950813 ], [ 1.486361, 44.944992 ], [ 1.484288, 44.943027 ], [ 1.48339, 44.939541 ], [ 1.484315, 44.939303 ], [ 1.485238, 44.939 ], [ 1.485822, 44.938715 ], [ 1.486254, 44.938558 ], [ 1.486712, 44.938462 ], [ 1.489519, 44.929976 ], [ 1.489376, 44.929825 ], [ 1.489293, 44.92974 ], [ 1.488995, 44.929099 ], [ 1.488809, 44.926527 ], [ 1.488853, 44.926011 ], [ 1.487173, 44.920736 ], [ 1.486135, 44.919961 ], [ 1.479563, 44.919842 ], [ 1.478031, 44.924199 ], [ 1.478143, 44.925313 ], [ 1.479316, 44.928619 ], [ 1.479391, 44.928722 ], [ 1.478248, 44.930827 ], [ 1.477234, 44.93133 ], [ 1.477042, 44.931358 ], [ 1.475433, 44.930266 ], [ 1.474191, 44.928424 ], [ 1.465597, 44.926719 ], [ 1.473471, 44.930879 ] ] ], [ [ [ 1.432787, 44.933681 ], [ 1.431257, 44.93476 ], [ 1.428005, 44.937082 ], [ 1.4285, 44.940648 ], [ 1.429773, 44.940685 ], [ 1.438525, 44.94174 ], [ 1.443707, 44.938842 ], [ 1.447953, 44.940848 ], [ 1.450735, 44.94191 ], [ 1.454737, 44.943487 ], [ 1.458302, 44.94399 ], [ 1.462041, 44.93822 ], [ 1.462508, 44.937775 ], [ 1.465159, 44.93596 ], [ 1.464168, 44.932499 ], [ 1.465597, 44.926719 ], [ 1.464966, 44.927304 ], [ 1.462813, 44.935797 ], [ 1.46291, 44.936207 ], [ 1.462923, 44.936308 ], [ 1.46015, 44.937608 ], [ 1.459548, 44.937914 ], [ 1.458825, 44.938201 ], [ 1.45841, 44.938325 ], [ 1.455349, 44.93942 ], [ 1.4497, 44.938486 ], [ 1.449461, 44.938452 ], [ 1.442716, 44.93287 ], [ 1.439687, 44.935967 ], [ 1.436153, 44.935281 ], [ 1.434826, 44.933455 ], [ 1.434823344027513, 44.932713319683025 ], [ 1.432787, 44.933681 ] ] ], [ [ [ 1.437681, 44.910441 ], [ 1.437559, 44.911268 ], [ 1.436834, 44.91394 ], [ 1.438869, 44.922635 ], [ 1.437849572081937, 44.92902614121698 ], [ 1.442357, 44.925572 ], [ 1.443824, 44.922284 ], [ 1.445611, 44.922265 ], [ 1.445898, 44.922284 ], [ 1.449787, 44.922561 ], [ 1.454278, 44.915821 ], [ 1.448404, 44.911899 ], [ 1.447824, 44.911969 ], [ 1.447207, 44.912063 ], [ 1.446734, 44.912071 ], [ 1.446246, 44.912006 ], [ 1.44526, 44.911866 ], [ 1.443573, 44.911875 ], [ 1.44074, 44.912958 ], [ 1.438617, 44.910051 ], [ 1.439725, 44.908991 ], [ 1.437681, 44.910441 ] ] ] ] } },
{ "type": "Feature", "properties": { "codgeo": "46309", "value": 660, "isochrone_group": 11.0, "nb_agences": 1 }, "geometry": { "type": "MultiPolygon", "coordinates": [ [ [ [ 1.432176, 44.933505 ], [ 1.431234, 44.933484 ], [ 1.42716, 44.933175 ], [ 1.420919, 44.937367 ], [ 1.418617, 44.937895 ], [ 1.418205, 44.937978 ], [ 1.415575, 44.938651 ], [ 1.415338, 44.938755 ], [ 1.416785, 44.942052 ], [ 1.421001, 44.94143 ], [ 1.422948, 44.941339 ], [ 1.423653, 44.941273 ], [ 1.425445, 44.940892 ], [ 1.433066, 44.944301 ], [ 1.43563, 44.946827 ], [ 1.436151, 44.946298 ], [ 1.436606, 44.945603 ], [ 1.436836, 44.944989 ], [ 1.437363, 44.943644 ], [ 1.445961, 44.943851 ], [ 1.448793, 44.946073 ], [ 1.453864, 44.946537 ], [ 1.458172, 44.949286 ], [ 1.459026, 44.949906 ], [ 1.461276, 44.949847 ], [ 1.461414, 44.949572 ], [ 1.461592, 44.949024 ], [ 1.461597, 44.948278 ], [ 1.461293, 44.947493 ], [ 1.460853, 44.946898 ], [ 1.462041, 44.93822 ], [ 1.458302, 44.94399 ], [ 1.454737, 44.943487 ], [ 1.450735, 44.94191 ], [ 1.447953, 44.940848 ], [ 1.443707, 44.938842 ], [ 1.438525, 44.94174 ], [ 1.429773, 44.940685 ], [ 1.4285, 44.940648 ], [ 1.428005, 44.937082 ], [ 1.431257, 44.93476 ], [ 1.432787, 44.933681 ], [ 1.433122033715465, 44.933521790393193 ], [ 1.432176, 44.933505 ] ] ], [ [ [ 1.436954, 44.91041 ], [ 1.436001, 44.910662 ], [ 1.433478, 44.912003 ], [ 1.435167, 44.915182 ], [ 1.436299, 44.922665 ], [ 1.437799, 44.925937 ], [ 1.434257965414348, 44.932981990275124 ], [ 1.437183, 44.931592 ], [ 1.437473, 44.931387 ], [ 1.438869, 44.922635 ], [ 1.436834, 44.91394 ], [ 1.437559, 44.911268 ], [ 1.437681, 44.910441 ], [ 1.439725, 44.908991 ], [ 1.436954, 44.91041 ] ] ], [ [ [ 1.43943, 44.899745 ], [ 1.441304, 44.908476 ], [ 1.443403, 44.908069 ], [ 1.444378, 44.9079 ], [ 1.448664, 44.90109 ], [ 1.440227, 44.898146 ], [ 1.438456, 44.899557 ], [ 1.434148, 44.90111 ], [ 1.43943, 44.899745 ] ] ], [ [ [ 1.421326, 44.888427 ], [ 1.422629, 44.890821 ], [ 1.423038, 44.895166 ], [ 1.425653, 44.901739 ], [ 1.426317, 44.902234 ], [ 1.427074, 44.902567 ], [ 1.427758, 44.902602 ], [ 1.429428, 44.902527 ], [ 1.429805, 44.902527 ], [ 1.431409, 44.902417 ], [ 1.431927, 44.902305 ], [ 1.432447, 44.90205 ], [ 1.433352, 44.901606 ], [ 1.433754, 44.901403 ], [ 1.434018502179976, 44.90120630167835 ], [ 1.431703, 44.898463 ], [ 1.428967, 44.893191 ], [ 1.425525, 44.890739 ], [ 1.424809, 44.88998 ], [ 1.423564, 44.887329 ], [ 1.417585539394066, 44.886308075143162 ], [ 1.421326, 44.888427 ] ] ], [ [ [ 1.41333, 44.864208 ], [ 1.412036, 44.8634 ], [ 1.410984, 44.862769 ], [ 1.409133, 44.865856 ], [ 1.40419, 44.873099 ], [ 1.404695, 44.876663 ], [ 1.403701, 44.883592 ], [ 1.404048, 44.886652 ], [ 1.406295, 44.889464 ], [ 1.406874, 44.889507 ], [ 1.409021, 44.888971 ], [ 1.410081, 44.88833 ], [ 1.41092, 44.887812 ], [ 1.411751, 44.887394 ], [ 1.412227355284366, 44.887026209408347 ], [ 1.409347, 44.887281 ], [ 1.407425, 44.886781 ], [ 1.407337, 44.886684 ], [ 1.407235, 44.886462 ], [ 1.407896, 44.883986 ], [ 1.408034, 44.883926 ], [ 1.411149, 44.882554 ], [ 1.413035, 44.881727 ], [ 1.413595, 44.881362 ], [ 1.415783, 44.880029 ], [ 1.416335, 44.872289 ], [ 1.414856, 44.869006 ], [ 1.419347, 44.866107 ], [ 1.419995, 44.865773 ], [ 1.41333, 44.864208 ] ] ], [ [ [ 1.438167, 44.856183 ], [ 1.434624, 44.856824 ], [ 1.42874, 44.862843 ], [ 1.429605, 44.862684 ], [ 1.430104, 44.862622 ], [ 1.437276, 44.861454 ], [ 1.442478, 44.861238 ], [ 1.445086139945878, 44.860614867416302 ], [ 1.438167, 44.856183 ] ] ], [ [ [ 1.469732, 44.852588 ], [ 1.469486, 44.852425 ], [ 1.464939, 44.85398 ], [ 1.458172, 44.851303 ], [ 1.457854, 44.851 ], [ 1.457402, 44.850657 ], [ 1.456615, 44.850086 ], [ 1.45359, 44.852038 ], [ 1.453725, 44.852248 ], [ 1.451346920199084, 44.85976773124316 ], [ 1.453569, 44.861109 ], [ 1.453585, 44.861281 ], [ 1.453503, 44.861586 ], [ 1.453186, 44.864166 ], [ 1.452754, 44.864263 ], [ 1.44871, 44.872138 ], [ 1.453364, 44.879379 ], [ 1.460225, 44.876279 ], [ 1.460526, 44.875912 ], [ 1.460912, 44.875537 ], [ 1.463346, 44.870613 ], [ 1.465595, 44.867733 ], [ 1.464783, 44.860494 ], [ 1.463803, 44.858256 ], [ 1.46549, 44.855075 ], [ 1.466184, 44.8542 ], [ 1.468491, 44.85436 ], [ 1.469693, 44.854386 ], [ 1.474447, 44.853597 ], [ 1.47595, 44.852765 ], [ 1.469732, 44.852588 ] ] ], [ [ [ 1.483636, 44.838138 ], [ 1.482982, 44.836993 ], [ 1.48259, 44.836004 ], [ 1.482243, 44.835507 ], [ 1.479292, 44.837568 ], [ 1.47704, 44.844745 ], [ 1.477885, 44.847838 ], [ 1.47595, 44.852765 ], [ 1.479342, 44.844747 ], [ 1.479616, 44.842842 ], [ 1.480877, 44.842065 ], [ 1.484313, 44.840992 ], [ 1.492497, 44.838202 ], [ 1.483636, 44.838138 ] ] ], [ [ [ 1.512809, 44.798985 ], [ 1.513987, 44.798199 ], [ 1.515031, 44.797599 ], [ 1.516428, 44.796879 ], [ 1.518071, 44.796102 ], [ 1.519836, 44.795291 ], [ 1.521621, 44.79447 ], [ 1.522691, 44.793962 ], [ 1.523637, 44.793484 ], [ 1.524327, 44.793105 ], [ 1.525347, 44.792486 ], [ 1.526287, 44.791837 ], [ 1.527091, 44.791205 ], [ 1.527777, 44.790607 ], [ 1.52541, 44.787895 ], [ 1.518333, 44.792019 ], [ 1.516568, 44.79283 ], [ 1.514888, 44.793625 ], [ 1.513385, 44.794398 ], [ 1.512199, 44.795075 ], [ 1.51082, 44.795984 ], [ 1.509609, 44.796907 ], [ 1.508804, 44.797602 ], [ 1.508094, 44.798275 ], [ 1.507439, 44.798961 ], [ 1.507363701678979, 44.799050264945073 ], [ 1.51012, 44.801361 ], [ 1.507988232006122, 44.804947224944712 ], [ 1.512809, 44.798985 ] ] ], [ [ [ 1.511442, 44.841389 ], [ 1.509614, 44.841679 ], [ 1.507786, 44.84197 ], [ 1.507406, 44.842826 ], [ 1.506951762623907, 44.843102730429841 ], [ 1.511804710761356, 44.841401496494782 ], [ 1.511442, 44.841389 ] ] ], [ [ [ 1.516353, 44.9455 ], [ 1.516501, 44.946105 ], [ 1.516703, 44.946519 ], [ 1.517072, 44.94705 ], [ 1.517337, 44.947323 ], [ 1.520312, 44.948547 ], [ 1.520553, 44.94804 ], [ 1.520708, 44.947622 ], [ 1.52081, 44.947167 ], [ 1.523842, 44.939968 ], [ 1.526664, 44.937733 ], [ 1.528571, 44.935944 ], [ 1.528327, 44.932352 ], [ 1.535654, 44.928891 ], [ 1.538363, 44.930111 ], [ 1.538693, 44.930303 ], [ 1.540662, 44.931297 ], [ 1.541358, 44.930519 ], [ 1.541808, 44.92912 ], [ 1.546878, 44.925181 ], [ 1.550649, 44.926466 ], [ 1.556518, 44.92738 ], [ 1.556829, 44.927011 ], [ 1.557065, 44.926676 ], [ 1.557278, 44.926249 ], [ 1.557419, 44.925762 ], [ 1.557488, 44.925189 ], [ 1.558143, 44.920479 ], [ 1.561125, 44.914136 ], [ 1.565056, 44.911595 ], [ 1.565817, 44.910398 ], [ 1.565747, 44.909855 ], [ 1.565673, 44.909483 ], [ 1.565538, 44.909012 ], [ 1.565402, 44.908662 ], [ 1.564644, 44.905731 ], [ 1.562804, 44.903206 ], [ 1.565188, 44.895108 ], [ 1.566947, 44.894213 ], [ 1.569671, 44.893634 ], [ 1.574249, 44.891341 ], [ 1.574297, 44.891082 ], [ 1.574361, 44.890733 ], [ 1.571195, 44.886529 ], [ 1.57172, 44.880285 ], [ 1.57143, 44.879898 ], [ 1.569196, 44.877149 ], [ 1.564251, 44.875286 ], [ 1.560768, 44.874118 ], [ 1.554511, 44.867856 ], [ 1.554714, 44.867295 ], [ 1.554799, 44.865731 ], [ 1.554659, 44.864882 ], [ 1.554614, 44.858821 ], [ 1.554428, 44.857611 ], [ 1.55398, 44.853678 ], [ 1.553606, 44.853239 ], [ 1.553163, 44.852845 ], [ 1.55174, 44.844111 ], [ 1.552552, 44.84217 ], [ 1.552724, 44.841614 ], [ 1.552774, 44.840816 ], [ 1.549316, 44.839815 ], [ 1.542124, 44.836333 ], [ 1.541658, 44.834904 ], [ 1.541378, 44.833817 ], [ 1.540813, 44.832471 ], [ 1.539029, 44.830089 ], [ 1.537038, 44.830936 ], [ 1.535798, 44.831676 ], [ 1.536404, 44.833504 ], [ 1.536721, 44.834192 ], [ 1.536618, 44.840128 ], [ 1.532235, 44.842893 ], [ 1.528204, 44.844216 ], [ 1.527865, 44.846941 ], [ 1.528338, 44.84627 ], [ 1.528504, 44.845994 ], [ 1.535599, 44.84241 ], [ 1.537763, 44.839625 ], [ 1.540751, 44.841633 ], [ 1.544046, 44.847919 ], [ 1.543379, 44.848751 ], [ 1.542171, 44.85179 ], [ 1.548317, 44.857918 ], [ 1.549308, 44.857751 ], [ 1.549765, 44.857721 ], [ 1.552904, 44.865862 ], [ 1.553929, 44.867788 ], [ 1.553842, 44.868655 ], [ 1.552743, 44.873842 ], [ 1.558537, 44.880526 ], [ 1.560249, 44.879552 ], [ 1.561876, 44.878406 ], [ 1.562411, 44.878134 ], [ 1.563313, 44.877661 ], [ 1.563428, 44.877751 ], [ 1.567787, 44.881668 ], [ 1.567802, 44.881787 ], [ 1.567147, 44.883657 ], [ 1.56646, 44.885032 ], [ 1.56629, 44.885272 ], [ 1.564898, 44.886714 ], [ 1.565021, 44.89524 ], [ 1.562125, 44.901012 ], [ 1.561518, 44.902138 ], [ 1.559419, 44.902848 ], [ 1.552749, 44.9047 ], [ 1.549735, 44.912066 ], [ 1.550827, 44.913847 ], [ 1.549689, 44.916206 ], [ 1.545502, 44.921384 ], [ 1.544681, 44.924889 ], [ 1.5373, 44.92586 ], [ 1.532279, 44.925297 ], [ 1.531286, 44.924187 ], [ 1.523683, 44.922051 ], [ 1.518747, 44.927829 ], [ 1.519306, 44.930129 ], [ 1.521592, 44.932856 ], [ 1.522494, 44.936341 ], [ 1.521008, 44.940071 ], [ 1.520693, 44.940894 ], [ 1.520517, 44.941361 ], [ 1.520335, 44.941709 ], [ 1.515785, 44.940957 ], [ 1.514238, 44.940866 ], [ 1.516353, 44.9455 ] ] ], [ [ [ 1.489486, 44.96176 ], [ 1.489304, 44.962665 ], [ 1.495066, 44.967509 ], [ 1.497169, 44.968965 ], [ 1.502415, 44.973632 ], [ 1.506007, 44.975844 ], [ 1.508491, 44.973238 ], [ 1.511587, 44.968705 ], [ 1.517234, 44.96981 ], [ 1.517971, 44.970546 ], [ 1.520513, 44.967996 ], [ 1.519776, 44.967261 ], [ 1.518968, 44.966545 ], [ 1.518261, 44.965966 ], [ 1.516683, 44.964803 ], [ 1.515061, 44.963716 ], [ 1.513505, 44.962677 ], [ 1.512452, 44.961956 ], [ 1.511341, 44.961167 ], [ 1.510201, 44.960297 ], [ 1.509461, 44.959671 ], [ 1.50883, 44.959099 ], [ 1.508299, 44.958583 ], [ 1.507762, 44.958024 ], [ 1.507027, 44.957185 ], [ 1.5056, 44.950322 ], [ 1.505041178868308, 44.947468943557446 ], [ 1.504864, 44.947759 ], [ 1.505182, 44.954485 ], [ 1.504373, 44.957094 ], [ 1.5045, 44.964838 ], [ 1.504594, 44.965479 ], [ 1.501513, 44.967339 ], [ 1.501141, 44.966723 ], [ 1.496241, 44.960444 ], [ 1.493827, 44.95897 ], [ 1.488474, 44.955724 ], [ 1.487969, 44.955213 ], [ 1.489486, 44.96176 ] ] ], [ [ [ 1.485968, 44.953467 ], [ 1.487969, 44.955213 ], [ 1.487671, 44.954543 ], [ 1.487335, 44.953746 ], [ 1.485606313091303, 44.949994611742504 ], [ 1.485968, 44.953467 ] ] ], [ [ [ 1.485503290250397, 44.949753379978389 ], [ 1.485433, 44.949584 ], [ 1.480513, 44.942537 ], [ 1.485503290250397, 44.949753379978389 ] ] ], [ [ [ 1.468812, 44.936682 ], [ 1.475855, 44.939505 ], [ 1.476467, 44.940026 ], [ 1.476714, 44.940207 ], [ 1.477254, 44.94055 ], [ 1.480017, 44.942183 ], [ 1.479125, 44.941405 ], [ 1.478867, 44.941065 ], [ 1.478518, 44.940436 ], [ 1.477074, 44.93277 ], [ 1.473967, 44.930993 ], [ 1.473471, 44.930879 ], [ 1.465597, 44.926719 ], [ 1.464168, 44.932499 ], [ 1.465159, 44.93596 ], [ 1.462508, 44.937775 ], [ 1.462041, 44.93822 ], [ 1.468812, 44.936682 ] ] ] ] } },
{ "type": "Feature", "properties": { "codgeo": "46309", "value": 720, "isochrone_group": 12.0, "nb_agences": 1 }, "geometry": { "type": "MultiPolygon", "coordinates": [ [ [ [ 1.43283, 44.912505 ], [ 1.432465, 44.912576 ], [ 1.431552, 44.912829 ], [ 1.432513, 44.916298 ], [ 1.43482, 44.924419 ], [ 1.430086, 44.929307 ], [ 1.426504, 44.928944 ], [ 1.42612, 44.930095 ], [ 1.425944, 44.930612 ], [ 1.425879, 44.931081 ], [ 1.419084, 44.936466 ], [ 1.417765, 44.936558 ], [ 1.417054, 44.936745 ], [ 1.416454, 44.936917 ], [ 1.410767, 44.940941 ], [ 1.406823, 44.942491 ], [ 1.404804, 44.943087 ], [ 1.405184, 44.946667 ], [ 1.40963, 44.947037 ], [ 1.413555, 44.944471 ], [ 1.414298, 44.944153 ], [ 1.414987, 44.943728 ], [ 1.421001, 44.94143 ], [ 1.416785, 44.942052 ], [ 1.415338, 44.938755 ], [ 1.415575, 44.938651 ], [ 1.418205, 44.937978 ], [ 1.418617, 44.937895 ], [ 1.420919, 44.937367 ], [ 1.42716, 44.933175 ], [ 1.431234, 44.933484 ], [ 1.432176, 44.933505 ], [ 1.433979, 44.933537 ], [ 1.437799, 44.925937 ], [ 1.436299, 44.922665 ], [ 1.435167, 44.915182 ], [ 1.433528897222074, 44.912098797672577 ], [ 1.43283, 44.912505 ] ] ], [ [ [ 1.416916, 44.863815 ], [ 1.416503, 44.863608 ], [ 1.413631, 44.861438 ], [ 1.407401, 44.856716 ], [ 1.405233, 44.855218 ], [ 1.405076, 44.855251 ], [ 1.403818, 44.856367 ], [ 1.403793, 44.85662 ], [ 1.403802, 44.857103 ], [ 1.403931, 44.857817 ], [ 1.404271, 44.859204 ], [ 1.403618, 44.867149 ], [ 1.398577, 44.87419 ], [ 1.397338, 44.874325 ], [ 1.396925, 44.874366 ], [ 1.394931, 44.874258 ], [ 1.392938, 44.87415 ], [ 1.392744, 44.877745 ], [ 1.394737, 44.877853 ], [ 1.393686, 44.886727 ], [ 1.392969, 44.888648 ], [ 1.392978, 44.888762 ], [ 1.393617, 44.890326 ], [ 1.39893, 44.891367 ], [ 1.399376, 44.891422 ], [ 1.399796, 44.891426 ], [ 1.40248, 44.890631 ], [ 1.410894, 44.892272 ], [ 1.411809, 44.892913 ], [ 1.41293, 44.893379 ], [ 1.41899, 44.895362 ], [ 1.421522, 44.898909 ], [ 1.421973, 44.899328 ], [ 1.4225, 44.899741 ], [ 1.424565, 44.901105 ], [ 1.426317, 44.902234 ], [ 1.425653, 44.901739 ], [ 1.423038, 44.895166 ], [ 1.422629, 44.890821 ], [ 1.421326, 44.888427 ], [ 1.414994, 44.88484 ], [ 1.412396, 44.886896 ], [ 1.411751, 44.887394 ], [ 1.41092, 44.887812 ], [ 1.410081, 44.88833 ], [ 1.409021, 44.888971 ], [ 1.406874, 44.889507 ], [ 1.406295, 44.889464 ], [ 1.404048, 44.886652 ], [ 1.403701, 44.883592 ], [ 1.404695, 44.876663 ], [ 1.40419, 44.873099 ], [ 1.409133, 44.865856 ], [ 1.410984, 44.862769 ], [ 1.412036, 44.8634 ], [ 1.41333, 44.864208 ], [ 1.419995, 44.865773 ], [ 1.422473, 44.864853 ], [ 1.416916, 44.863815 ] ] ], [ [ [ 1.437873, 44.855425 ], [ 1.437603, 44.85508 ], [ 1.43731, 44.854806 ], [ 1.437126, 44.854668 ], [ 1.436546, 44.854162 ], [ 1.43609, 44.853847 ], [ 1.43467, 44.852811 ], [ 1.433934, 44.85231 ], [ 1.433618, 44.852076 ], [ 1.433267, 44.851878 ], [ 1.432509, 44.851668 ], [ 1.43162, 44.851488 ], [ 1.429981, 44.851322 ], [ 1.429406, 44.851349 ], [ 1.427458, 44.852407 ], [ 1.427458, 44.852765 ], [ 1.427514, 44.853253 ], [ 1.428097, 44.854329 ], [ 1.428899, 44.854847 ], [ 1.42874, 44.862843 ], [ 1.434624, 44.856824 ], [ 1.438095839216222, 44.85619587441785 ], [ 1.437873, 44.855425 ] ] ], [ [ [ 1.484912, 44.837285 ], [ 1.484199, 44.834278 ], [ 1.484182, 44.833759 ], [ 1.484, 44.832853 ], [ 1.483664, 44.8316 ], [ 1.482934, 44.831327 ], [ 1.477517, 44.831847 ], [ 1.47635, 44.835253 ], [ 1.477096, 44.839913 ], [ 1.474694, 44.846018 ], [ 1.467763, 44.850297 ], [ 1.463276, 44.843654 ], [ 1.460655, 44.841186 ], [ 1.460253, 44.841614 ], [ 1.457307, 44.844504 ], [ 1.450049, 44.845627 ], [ 1.449755, 44.845658 ], [ 1.448707, 44.84594 ], [ 1.448323, 44.84608 ], [ 1.447673, 44.846492 ], [ 1.447064, 44.848052 ], [ 1.447523, 44.849143 ], [ 1.448338, 44.849724 ], [ 1.448974, 44.849873 ], [ 1.451814, 44.851108 ], [ 1.453626656876821, 44.852558971000896 ], [ 1.453725, 44.852248 ], [ 1.45359, 44.852038 ], [ 1.456615, 44.850086 ], [ 1.457402, 44.850657 ], [ 1.457854, 44.851 ], [ 1.458172, 44.851303 ], [ 1.464939, 44.85398 ], [ 1.469486, 44.852425 ], [ 1.469732, 44.852588 ], [ 1.47595, 44.852765 ], [ 1.477885, 44.847838 ], [ 1.47704, 44.844745 ], [ 1.479292, 44.837568 ], [ 1.482243, 44.835507 ], [ 1.48259, 44.836004 ], [ 1.482982, 44.836993 ], [ 1.483636, 44.838138 ], [ 1.492497, 44.838202 ], [ 1.492778, 44.837807 ], [ 1.493166, 44.837189 ], [ 1.484912, 44.837285 ] ] ], [ [ [ 1.527857, 44.790532 ], [ 1.528642, 44.789755 ], [ 1.529376, 44.788928 ], [ 1.530124, 44.787896 ], [ 1.530674, 44.78703 ], [ 1.531174, 44.786085 ], [ 1.531598, 44.78508 ], [ 1.535442, 44.778737 ], [ 1.536717, 44.777338 ], [ 1.537323, 44.77661 ], [ 1.537921, 44.775824 ], [ 1.538576, 44.774873 ], [ 1.535611, 44.772831 ], [ 1.53156, 44.77765 ], [ 1.530913, 44.778425 ], [ 1.530321, 44.779256 ], [ 1.529929, 44.779874 ], [ 1.529579, 44.780503 ], [ 1.529144, 44.781409 ], [ 1.528857, 44.782114 ], [ 1.528222, 44.783831 ], [ 1.524004313955847, 44.788714139359328 ], [ 1.52541, 44.787895 ], [ 1.527774671940501, 44.790604332616233 ], [ 1.527857, 44.790532 ] ] ], [ [ [ 1.498748, 44.838305 ], [ 1.498498, 44.834967 ], [ 1.497668, 44.83203 ], [ 1.497772, 44.833263 ], [ 1.497721, 44.834565 ], [ 1.497562, 44.835651 ], [ 1.497307, 44.836661 ], [ 1.496771, 44.838058 ], [ 1.49634, 44.838888 ], [ 1.495838, 44.839705 ], [ 1.501766, 44.846262 ], [ 1.498748, 44.838305 ] ] ], [ [ [ 1.555286, 44.853728 ], [ 1.555135, 44.852282 ], [ 1.553721, 44.849111 ], [ 1.553758, 44.840338 ], [ 1.554105, 44.839484 ], [ 1.55416, 44.838715 ], [ 1.553927, 44.837939 ], [ 1.553396, 44.837306 ], [ 1.548746, 44.832945 ], [ 1.54526, 44.832046 ], [ 1.541746, 44.824072 ], [ 1.541796, 44.82302 ], [ 1.54183, 44.821104 ], [ 1.538265, 44.8206 ], [ 1.538092, 44.821315 ], [ 1.53284, 44.828344 ], [ 1.532339, 44.828755 ], [ 1.53214, 44.828976 ], [ 1.531795, 44.82942 ], [ 1.531459, 44.830116 ], [ 1.531416, 44.830279 ], [ 1.534106, 44.8326 ], [ 1.536216, 44.835517 ], [ 1.530463, 44.841172 ], [ 1.528596, 44.841522 ], [ 1.528086, 44.842487 ], [ 1.527995, 44.842647 ], [ 1.52778, 44.843099 ], [ 1.527865, 44.846941 ], [ 1.528204, 44.844216 ], [ 1.532235, 44.842893 ], [ 1.536618, 44.840128 ], [ 1.536721, 44.834192 ], [ 1.536404, 44.833504 ], [ 1.535798, 44.831676 ], [ 1.537038, 44.830936 ], [ 1.539029, 44.830089 ], [ 1.540813, 44.832471 ], [ 1.541378, 44.833817 ], [ 1.541658, 44.834904 ], [ 1.542124, 44.836333 ], [ 1.549316, 44.839815 ], [ 1.552774, 44.840816 ], [ 1.552724, 44.841614 ], [ 1.552552, 44.84217 ], [ 1.55174, 44.844111 ], [ 1.553163, 44.852845 ], [ 1.553606, 44.853239 ], [ 1.55398, 44.853678 ], [ 1.554428, 44.857611 ], [ 1.554614, 44.858821 ], [ 1.555286, 44.853728 ] ] ], [ [ [ 1.571481, 44.902429 ], [ 1.572171, 44.902365 ], [ 1.572547, 44.902103 ], [ 1.573296, 44.901318 ], [ 1.574626, 44.899409 ], [ 1.578902, 44.892392 ], [ 1.578219, 44.891328 ], [ 1.577707, 44.89073 ], [ 1.577321, 44.890389 ], [ 1.57484, 44.887508 ], [ 1.574238, 44.886619 ], [ 1.573927, 44.878479 ], [ 1.574416, 44.877185 ], [ 1.574652, 44.876331 ], [ 1.574152, 44.875638 ], [ 1.573752, 44.87518 ], [ 1.573079, 44.87498 ], [ 1.568901, 44.873552 ], [ 1.563901, 44.870586 ], [ 1.558119, 44.869578 ], [ 1.554721495936672, 44.867157074765245 ], [ 1.554714, 44.867295 ], [ 1.554511, 44.867856 ], [ 1.560768, 44.874118 ], [ 1.564251, 44.875286 ], [ 1.569196, 44.877149 ], [ 1.57143, 44.879898 ], [ 1.57172, 44.880285 ], [ 1.571195, 44.886529 ], [ 1.574361, 44.890733 ], [ 1.574297, 44.891082 ], [ 1.574249, 44.891341 ], [ 1.569671, 44.893634 ], [ 1.566947, 44.894213 ], [ 1.565188, 44.895108 ], [ 1.562804, 44.903206 ], [ 1.564644, 44.905731 ], [ 1.565402, 44.908662 ], [ 1.565538, 44.909012 ], [ 1.571481, 44.902429 ] ] ], [ [ [ 1.536972, 44.931349 ], [ 1.538834, 44.934071 ], [ 1.539349, 44.934651 ], [ 1.539882, 44.935166 ], [ 1.544567, 44.933773 ], [ 1.551415, 44.933315 ], [ 1.558815, 44.930058 ], [ 1.566941, 44.926736 ], [ 1.567421, 44.923168 ], [ 1.567883, 44.915201 ], [ 1.567983, 44.911686 ], [ 1.565538, 44.909012 ], [ 1.565673, 44.909483 ], [ 1.565747, 44.909855 ], [ 1.565817, 44.910398 ], [ 1.565056, 44.911595 ], [ 1.561125, 44.914136 ], [ 1.558143, 44.920479 ], [ 1.557488, 44.925189 ], [ 1.557419, 44.925762 ], [ 1.557278, 44.926249 ], [ 1.557065, 44.926676 ], [ 1.556829, 44.927011 ], [ 1.556518, 44.92738 ], [ 1.550649, 44.926466 ], [ 1.546878, 44.925181 ], [ 1.541808, 44.92912 ], [ 1.541358, 44.930519 ], [ 1.540662, 44.931297 ], [ 1.538693, 44.930303 ], [ 1.538363, 44.930111 ], [ 1.535654, 44.928891 ], [ 1.535410130021107, 44.929006195031654 ], [ 1.536972, 44.931349 ] ] ], [ [ [ 1.52566, 44.941412 ], [ 1.52805, 44.93872 ], [ 1.527335, 44.938086 ], [ 1.526802068152491, 44.937603475131205 ], [ 1.526664, 44.937733 ], [ 1.523842, 44.939968 ], [ 1.52081, 44.947167 ], [ 1.52566, 44.941412 ] ] ], [ [ [ 1.48918, 44.96329 ], [ 1.489211, 44.963975 ], [ 1.489359, 44.965569 ], [ 1.489381, 44.966311 ], [ 1.489454, 44.967706 ], [ 1.490975, 44.969093 ], [ 1.493792, 44.971919 ], [ 1.494603, 44.97162 ], [ 1.50193, 44.975813 ], [ 1.50209, 44.976125 ], [ 1.505565, 44.981611 ], [ 1.50791, 44.984863 ], [ 1.508615, 44.984984 ], [ 1.508932, 44.985021 ], [ 1.510205, 44.985089 ], [ 1.510381, 44.985033 ], [ 1.511164, 44.982781 ], [ 1.511231, 44.979422 ], [ 1.511125, 44.976453 ], [ 1.51363, 44.971446 ], [ 1.519956, 44.973229 ], [ 1.520224, 44.973739 ], [ 1.520517, 44.974385 ], [ 1.520714, 44.974874 ], [ 1.520923, 44.9755 ], [ 1.521092, 44.976044 ], [ 1.521348, 44.976999 ], [ 1.522254, 44.980799 ], [ 1.52316, 44.9846 ], [ 1.523336, 44.985338 ], [ 1.526838, 44.984503 ], [ 1.526661, 44.983765 ], [ 1.525756, 44.979965 ], [ 1.52485, 44.976165 ], [ 1.52457, 44.975115 ], [ 1.524363, 44.974438 ], [ 1.524129, 44.973736 ], [ 1.523864, 44.973059 ], [ 1.523507, 44.972261 ], [ 1.523151, 44.971569 ], [ 1.522728, 44.970841 ], [ 1.522217, 44.970067 ], [ 1.521758, 44.969437 ], [ 1.520352, 44.966743 ], [ 1.519041, 44.963391 ], [ 1.521656, 44.955843 ], [ 1.523101, 44.954182 ], [ 1.523861, 44.952998 ], [ 1.521856, 44.950804 ], [ 1.52081, 44.947167 ], [ 1.520708, 44.947622 ], [ 1.520553, 44.94804 ], [ 1.520312, 44.948547 ], [ 1.517337, 44.947323 ], [ 1.517072, 44.94705 ], [ 1.516703, 44.946519 ], [ 1.516501, 44.946105 ], [ 1.516353, 44.9455 ], [ 1.514238, 44.940866 ], [ 1.513018, 44.939985 ], [ 1.506768, 44.938858 ], [ 1.5046, 44.945837 ], [ 1.504908, 44.946789 ], [ 1.5056, 44.950322 ], [ 1.507027, 44.957185 ], [ 1.507762, 44.958024 ], [ 1.508299, 44.958583 ], [ 1.50883, 44.959099 ], [ 1.509461, 44.959671 ], [ 1.510201, 44.960297 ], [ 1.511341, 44.961167 ], [ 1.512452, 44.961956 ], [ 1.513505, 44.962677 ], [ 1.515061, 44.963716 ], [ 1.516683, 44.964803 ], [ 1.518261, 44.965966 ], [ 1.518968, 44.966545 ], [ 1.519776, 44.967261 ], [ 1.520513, 44.967996 ], [ 1.517971, 44.970546 ], [ 1.517234, 44.96981 ], [ 1.511587, 44.968705 ], [ 1.508491, 44.973238 ], [ 1.506007, 44.975844 ], [ 1.502415, 44.973632 ], [ 1.497169, 44.968965 ], [ 1.495066, 44.967509 ], [ 1.489304, 44.962665 ], [ 1.489486, 44.96176 ], [ 1.487969, 44.955213 ], [ 1.48918, 44.96329 ] ] ], [ [ [ 1.469149, 44.938883 ], [ 1.472734, 44.939209 ], [ 1.476714, 44.940207 ], [ 1.476467, 44.940026 ], [ 1.475855, 44.939505 ], [ 1.468812, 44.936682 ], [ 1.462041, 44.93822 ], [ 1.469149, 44.938883 ] ] ], [ [ [ 1.444458, 44.947929 ], [ 1.444862, 44.948637 ], [ 1.445456, 44.949497 ], [ 1.445903, 44.94998 ], [ 1.448543, 44.947532 ], [ 1.456206, 44.950566 ], [ 1.456571, 44.951045 ], [ 1.456783, 44.951299 ], [ 1.45735, 44.951876 ], [ 1.459153, 44.953529 ], [ 1.463962, 44.954915 ], [ 1.466793, 44.953273 ], [ 1.467265, 44.952891 ], [ 1.467632, 44.952349 ], [ 1.467763, 44.952053 ], [ 1.467301, 44.950325 ], [ 1.46718, 44.95027 ], [ 1.466531, 44.950054 ], [ 1.464099, 44.948854 ], [ 1.46377, 44.948627 ], [ 1.463354, 44.948424 ], [ 1.460853, 44.946898 ], [ 1.461293, 44.947493 ], [ 1.461597, 44.948278 ], [ 1.461592, 44.949024 ], [ 1.461414, 44.949572 ], [ 1.461276, 44.949847 ], [ 1.459026, 44.949906 ], [ 1.458172, 44.949286 ], [ 1.453864, 44.946537 ], [ 1.448793, 44.946073 ], [ 1.445961, 44.943851 ], [ 1.437363, 44.943644 ], [ 1.436836, 44.944989 ], [ 1.436606, 44.945603 ], [ 1.436151, 44.946298 ], [ 1.444458, 44.947929 ] ] ], [ [ [ 1.431236, 44.947027 ], [ 1.431191, 44.947982 ], [ 1.43144, 44.949304 ], [ 1.432083, 44.95021 ], [ 1.432617, 44.950671 ], [ 1.43497, 44.947946 ], [ 1.436151, 44.946298 ], [ 1.43563, 44.946827 ], [ 1.433066, 44.944301 ], [ 1.425445, 44.940892 ], [ 1.431236, 44.947027 ] ] ] ] } },
{ "type": "Feature", "properties": { "codgeo": "46309", "value": 780, "isochrone_group": 13.0, "nb_agences": 1 }, "geometry": { "type": "MultiPolygon", "coordinates": [ [ [ [ 1.529338, 44.991171 ], [ 1.529196, 44.990608 ], [ 1.526661, 44.983765 ], [ 1.526838, 44.984503 ], [ 1.523336, 44.985338 ], [ 1.52316, 44.9846 ], [ 1.522254, 44.980799 ], [ 1.521348, 44.976999 ], [ 1.521092, 44.976044 ], [ 1.520923, 44.9755 ], [ 1.520714, 44.974874 ], [ 1.520517, 44.974385 ], [ 1.520224, 44.973739 ], [ 1.519956, 44.973229 ], [ 1.51363, 44.971446 ], [ 1.511125, 44.976453 ], [ 1.511231, 44.979422 ], [ 1.511164, 44.982781 ], [ 1.510381, 44.985033 ], [ 1.510205, 44.985089 ], [ 1.508932, 44.985021 ], [ 1.508615, 44.984984 ], [ 1.50791, 44.984863 ], [ 1.505565, 44.981611 ], [ 1.50209, 44.976125 ], [ 1.50193, 44.975813 ], [ 1.494603, 44.97162 ], [ 1.493792, 44.971919 ], [ 1.490975, 44.969093 ], [ 1.489454, 44.967706 ], [ 1.489381, 44.966311 ], [ 1.489359, 44.965569 ], [ 1.489211, 44.963975 ], [ 1.48918, 44.96329 ], [ 1.487969, 44.955213 ], [ 1.486947886665711, 44.953640679394674 ], [ 1.486069, 44.962477 ], [ 1.48418, 44.964436 ], [ 1.485334, 44.967846 ], [ 1.489061, 44.971732 ], [ 1.4924, 44.973077 ], [ 1.496071, 44.975677 ], [ 1.502328, 44.980086 ], [ 1.500781, 44.986171 ], [ 1.500442, 44.987281 ], [ 1.500439, 44.987594 ], [ 1.502944, 44.989048 ], [ 1.508016, 44.989169 ], [ 1.512069, 44.992713 ], [ 1.512904, 44.993937 ], [ 1.516096, 44.992272 ], [ 1.524486, 44.989531 ], [ 1.525203, 44.991388 ], [ 1.525414, 44.992199 ], [ 1.525966, 44.994601 ], [ 1.526201638402799, 44.995258394002903 ], [ 1.52945, 44.994124 ], [ 1.530666417786995, 44.997069128884029 ], [ 1.530719, 44.997049 ], [ 1.529338, 44.991171 ] ] ], [ [ [ 1.527133, 44.96712 ], [ 1.529628, 44.965728 ], [ 1.530746, 44.9644 ], [ 1.530757, 44.964014 ], [ 1.530361, 44.9586 ], [ 1.529913, 44.954425 ], [ 1.527781, 44.950265 ], [ 1.528828, 44.943056 ], [ 1.530051, 44.93967 ], [ 1.529793, 44.939577 ], [ 1.529051, 44.939265 ], [ 1.527335, 44.938086 ], [ 1.52805, 44.93872 ], [ 1.52566, 44.941412 ], [ 1.52081, 44.947167 ], [ 1.521856, 44.950804 ], [ 1.523861, 44.952998 ], [ 1.523101, 44.954182 ], [ 1.521656, 44.955843 ], [ 1.519041, 44.963391 ], [ 1.520352, 44.966743 ], [ 1.521758, 44.969437 ], [ 1.522217, 44.970067 ], [ 1.522728, 44.970841 ], [ 1.523151, 44.971569 ], [ 1.523507, 44.972261 ], [ 1.523864, 44.973059 ], [ 1.524129, 44.973736 ], [ 1.524363, 44.974438 ], [ 1.52457, 44.975115 ], [ 1.527133, 44.96712 ] ] ], [ [ [ 1.544527, 44.938761 ], [ 1.544593, 44.939541 ], [ 1.544747, 44.939967 ], [ 1.544918, 44.940303 ], [ 1.545223, 44.940821 ], [ 1.545783, 44.941791 ], [ 1.546449, 44.943255 ], [ 1.548654, 44.944142 ], [ 1.54958, 44.943886 ], [ 1.550049, 44.943187 ], [ 1.550042, 44.942801 ], [ 1.554837, 44.935219 ], [ 1.557993, 44.932843 ], [ 1.566064, 44.931561 ], [ 1.574029, 44.930502 ], [ 1.577461, 44.930981 ], [ 1.578273, 44.931073 ], [ 1.579003, 44.931156 ], [ 1.579574, 44.927601 ], [ 1.577743, 44.92389 ], [ 1.575302, 44.921244 ], [ 1.572282, 44.912977 ], [ 1.572313, 44.909391 ], [ 1.573250156613788, 44.901366046806636 ], [ 1.572547, 44.902103 ], [ 1.572171, 44.902365 ], [ 1.571481, 44.902429 ], [ 1.565538, 44.909012 ], [ 1.567983, 44.911686 ], [ 1.567883, 44.915201 ], [ 1.567421, 44.923168 ], [ 1.566941, 44.926736 ], [ 1.558815, 44.930058 ], [ 1.551415, 44.933315 ], [ 1.544567, 44.933773 ], [ 1.541370486306928, 44.934723425522833 ], [ 1.544527, 44.938761 ] ] ], [ [ [ 1.579644, 44.900969 ], [ 1.580685, 44.901638 ], [ 1.581143, 44.90185 ], [ 1.582917, 44.902864 ], [ 1.584704, 44.899738 ], [ 1.587023, 44.893247 ], [ 1.586062, 44.889778 ], [ 1.585481, 44.889938 ], [ 1.583685, 44.890394 ], [ 1.581851, 44.890859 ], [ 1.57484, 44.887508 ], [ 1.577321, 44.890389 ], [ 1.577707, 44.89073 ], [ 1.578219, 44.891328 ], [ 1.578902, 44.892392 ], [ 1.574626, 44.899409 ], [ 1.573395681109934, 44.901174923880568 ], [ 1.579644, 44.900969 ] ] ], [ [ [ 1.577378, 44.879463 ], [ 1.578519, 44.878625 ], [ 1.580149, 44.876929 ], [ 1.581473, 44.876038 ], [ 1.581301, 44.874643 ], [ 1.579921, 44.87279 ], [ 1.572799, 44.869634 ], [ 1.572339, 44.869794 ], [ 1.571403, 44.870153 ], [ 1.564499250758149, 44.870940882349721 ], [ 1.568901, 44.873552 ], [ 1.573079, 44.87498 ], [ 1.573752, 44.87518 ], [ 1.574152, 44.875638 ], [ 1.574652, 44.876331 ], [ 1.574416, 44.877185 ], [ 1.573927, 44.878479 ], [ 1.574238, 44.886619 ], [ 1.57484, 44.887508 ], [ 1.577378, 44.879463 ] ] ], [ [ [ 1.557596, 44.869074 ], [ 1.552904, 44.865862 ], [ 1.558119, 44.869578 ], [ 1.560853518665398, 44.870054719961033 ], [ 1.557596, 44.869074 ] ] ], [ [ [ 1.555189, 44.85022 ], [ 1.555122, 44.845518 ], [ 1.555005, 44.84192 ], [ 1.55416, 44.838715 ], [ 1.554105, 44.839484 ], [ 1.553758, 44.840338 ], [ 1.553721, 44.849111 ], [ 1.555135, 44.852282 ], [ 1.555286, 44.853728 ], [ 1.555189, 44.85022 ] ] ], [ [ [ 1.552538, 44.830526 ], [ 1.552351, 44.829285 ], [ 1.551516, 44.828455 ], [ 1.547778, 44.826183 ], [ 1.547189, 44.825805 ], [ 1.541728, 44.819606 ], [ 1.541406, 44.81812 ], [ 1.5411, 44.816147 ], [ 1.541016, 44.815769 ], [ 1.540746, 44.814858 ], [ 1.540407, 44.81395 ], [ 1.54002, 44.812873 ], [ 1.53991, 44.812654 ], [ 1.536696, 44.814276 ], [ 1.535869, 44.819403 ], [ 1.533767919450593, 44.827102121512141 ], [ 1.538092, 44.821315 ], [ 1.538265, 44.8206 ], [ 1.54183, 44.821104 ], [ 1.541796, 44.82302 ], [ 1.541746, 44.824072 ], [ 1.54526, 44.832046 ], [ 1.548746, 44.832945 ], [ 1.553396, 44.837306 ], [ 1.553927, 44.837939 ], [ 1.55416, 44.838715 ], [ 1.552538, 44.830526 ] ] ], [ [ [ 1.530632, 44.829937 ], [ 1.531814, 44.833338 ], [ 1.528596, 44.841522 ], [ 1.530463, 44.841172 ], [ 1.536216, 44.835517 ], [ 1.534106, 44.8326 ], [ 1.531416, 44.830279 ], [ 1.531459, 44.830116 ], [ 1.531795, 44.82942 ], [ 1.53214, 44.828976 ], [ 1.532339, 44.828755 ], [ 1.530632, 44.829937 ] ] ], [ [ [ 1.527681, 44.843326 ], [ 1.527508, 44.843901 ], [ 1.527564, 44.846169 ], [ 1.519537, 44.848271 ], [ 1.527865, 44.846941 ], [ 1.527780272798182, 44.843111330477839 ], [ 1.527681, 44.843326 ] ] ], [ [ [ 1.510644, 44.837919 ], [ 1.510401, 44.836689 ], [ 1.510203, 44.836109 ], [ 1.509117, 44.835144 ], [ 1.508432, 44.834561 ], [ 1.506415, 44.833932 ], [ 1.505384, 44.833569 ], [ 1.50473, 44.833515 ], [ 1.503989, 44.83358 ], [ 1.497731494466216, 44.828453764025618 ], [ 1.497415, 44.830491 ], [ 1.497668, 44.83203 ], [ 1.498498, 44.834967 ], [ 1.498748, 44.838305 ], [ 1.501766, 44.846262 ], [ 1.505899, 44.847354 ], [ 1.507884, 44.847152 ], [ 1.514652, 44.843946 ], [ 1.510644, 44.837919 ] ] ], [ [ [ 1.53862, 44.774805 ], [ 1.539073, 44.774077 ], [ 1.539544, 44.773224 ], [ 1.540122, 44.772033 ], [ 1.540486, 44.771145 ], [ 1.540796, 44.770264 ], [ 1.541129, 44.769131 ], [ 1.541305, 44.768346 ], [ 1.541444, 44.767588 ], [ 1.541566, 44.766678 ], [ 1.541623, 44.766027 ], [ 1.541668, 44.765055 ], [ 1.541633, 44.763148 ], [ 1.541316, 44.757222 ], [ 1.537719, 44.757077 ], [ 1.537674, 44.7582 ], [ 1.537758, 44.759863 ], [ 1.538045, 44.763436 ], [ 1.538069, 44.765115 ], [ 1.535576302016305, 44.772872276125248 ], [ 1.535611, 44.772831 ], [ 1.538574203148656, 44.774871762505754 ], [ 1.53862, 44.774805 ] ] ], [ [ [ 1.4867, 44.831704 ], [ 1.481906, 44.828223 ], [ 1.481841, 44.828132 ], [ 1.479808, 44.827683 ], [ 1.479085, 44.827807 ], [ 1.472439, 44.829861 ], [ 1.464221, 44.831569 ], [ 1.459305, 44.833658 ], [ 1.459119, 44.833811 ], [ 1.456726, 44.837205 ], [ 1.455961, 44.840238 ], [ 1.449533, 44.845034 ], [ 1.44822, 44.845087 ], [ 1.44547, 44.844739 ], [ 1.443582, 44.844371 ], [ 1.443122, 44.844252 ], [ 1.442526, 44.844152 ], [ 1.442037, 44.846021 ], [ 1.434422, 44.848711 ], [ 1.433115, 44.847561 ], [ 1.4324, 44.847494 ], [ 1.427682, 44.847509 ], [ 1.427508, 44.847774 ], [ 1.426507, 44.851215 ], [ 1.426343, 44.851679 ], [ 1.427514, 44.853253 ], [ 1.427458, 44.852765 ], [ 1.427458, 44.852407 ], [ 1.429406, 44.851349 ], [ 1.429981, 44.851322 ], [ 1.43162, 44.851488 ], [ 1.432509, 44.851668 ], [ 1.433267, 44.851878 ], [ 1.433618, 44.852076 ], [ 1.433934, 44.85231 ], [ 1.43467, 44.852811 ], [ 1.43609, 44.853847 ], [ 1.436546, 44.854162 ], [ 1.437126, 44.854668 ], [ 1.43731, 44.854806 ], [ 1.437603, 44.85508 ], [ 1.437873, 44.855425 ], [ 1.438291, 44.856871 ], [ 1.445216, 44.861027 ], [ 1.445664, 44.860985 ], [ 1.447027, 44.860715 ], [ 1.447527, 44.86072 ], [ 1.448054, 44.860856 ], [ 1.449802, 44.861005 ], [ 1.451023, 44.860792 ], [ 1.455673, 44.854197 ], [ 1.451814, 44.851108 ], [ 1.448974, 44.849873 ], [ 1.448338, 44.849724 ], [ 1.447523, 44.849143 ], [ 1.447064, 44.848052 ], [ 1.447673, 44.846492 ], [ 1.448323, 44.84608 ], [ 1.448707, 44.84594 ], [ 1.449755, 44.845658 ], [ 1.450049, 44.845627 ], [ 1.457307, 44.844504 ], [ 1.460253, 44.841614 ], [ 1.460655, 44.841186 ], [ 1.463276, 44.843654 ], [ 1.467763, 44.850297 ], [ 1.474694, 44.846018 ], [ 1.477096, 44.839913 ], [ 1.47635, 44.835253 ], [ 1.477517, 44.831847 ], [ 1.482934, 44.831327 ], [ 1.483664, 44.8316 ], [ 1.484, 44.832853 ], [ 1.484182, 44.833759 ], [ 1.484199, 44.834278 ], [ 1.484912, 44.837285 ], [ 1.493166, 44.837189 ], [ 1.493421, 44.83674 ], [ 1.493825, 44.835748 ], [ 1.494005, 44.835099 ], [ 1.494125, 44.834382 ], [ 1.494183, 44.833546 ], [ 1.494116, 44.832613 ], [ 1.493845, 44.830959 ], [ 1.493541, 44.82857 ], [ 1.493519, 44.827935 ], [ 1.493528, 44.827054 ], [ 1.493608, 44.826158 ], [ 1.4867, 44.831704 ] ] ], [ [ [ 1.428582, 44.858923 ], [ 1.425504, 44.863717 ], [ 1.42874, 44.862843 ], [ 1.428899, 44.854847 ], [ 1.428097, 44.854329 ], [ 1.428582, 44.858923 ] ] ], [ [ [ 1.419258, 44.861266 ], [ 1.417401, 44.858183 ], [ 1.411493, 44.853541 ], [ 1.406911, 44.84661 ], [ 1.406876, 44.846587 ], [ 1.406022, 44.846157 ], [ 1.405288, 44.846439 ], [ 1.40479, 44.846713 ], [ 1.404338, 44.847115 ], [ 1.403998, 44.847614 ], [ 1.40376, 44.848325 ], [ 1.398999, 44.855641 ], [ 1.399105, 44.85924 ], [ 1.400551, 44.859689 ], [ 1.399619, 44.868375 ], [ 1.399291, 44.868725 ], [ 1.392825, 44.874144 ], [ 1.389725, 44.873964 ], [ 1.386544, 44.872706 ], [ 1.384119, 44.870961 ], [ 1.383176, 44.870325 ], [ 1.381165, 44.873311 ], [ 1.382108, 44.873946 ], [ 1.38444, 44.875627 ], [ 1.387062, 44.877024 ], [ 1.382266, 44.884598 ], [ 1.38157, 44.885667 ], [ 1.380318, 44.887625 ], [ 1.381938, 44.889248 ], [ 1.382142, 44.889372 ], [ 1.385672, 44.890079 ], [ 1.386992, 44.889965 ], [ 1.392344, 44.89022 ], [ 1.398875, 44.893077 ], [ 1.399439, 44.893467 ], [ 1.403104623282873, 44.890752821583945 ], [ 1.40248, 44.890631 ], [ 1.399796, 44.891426 ], [ 1.399376, 44.891422 ], [ 1.39893, 44.891367 ], [ 1.393617, 44.890326 ], [ 1.392978, 44.888762 ], [ 1.392969, 44.888648 ], [ 1.393686, 44.886727 ], [ 1.394737, 44.877853 ], [ 1.392744, 44.877745 ], [ 1.392938, 44.87415 ], [ 1.394931, 44.874258 ], [ 1.396925, 44.874366 ], [ 1.397338, 44.874325 ], [ 1.398577, 44.87419 ], [ 1.403618, 44.867149 ], [ 1.404271, 44.859204 ], [ 1.403931, 44.857817 ], [ 1.403802, 44.857103 ], [ 1.403793, 44.85662 ], [ 1.403818, 44.856367 ], [ 1.405076, 44.855251 ], [ 1.405233, 44.855218 ], [ 1.407401, 44.856716 ], [ 1.413631, 44.861438 ], [ 1.416503, 44.863608 ], [ 1.416916, 44.863815 ], [ 1.422473, 44.864853 ], [ 1.425504, 44.863717 ], [ 1.419258, 44.861266 ] ] ], [ [ [ 1.413463, 44.895264 ], [ 1.41382, 44.895629 ], [ 1.419365, 44.901244 ], [ 1.41967, 44.90113 ], [ 1.420705, 44.900541 ], [ 1.425320452385571, 44.901591818346652 ], [ 1.424565, 44.901105 ], [ 1.4225, 44.899741 ], [ 1.421973, 44.899328 ], [ 1.421522, 44.898909 ], [ 1.41899, 44.895362 ], [ 1.41293, 44.893379 ], [ 1.411809, 44.892913 ], [ 1.410894, 44.892272 ], [ 1.409899934224325, 44.8920781252748 ], [ 1.413463, 44.895264 ] ] ], [ [ [ 1.430975, 44.913098 ], [ 1.430747, 44.913296 ], [ 1.428378, 44.914721 ], [ 1.428388, 44.915344 ], [ 1.431728, 44.919993 ], [ 1.42842, 44.924813 ], [ 1.425551, 44.925048 ], [ 1.424944, 44.925143 ], [ 1.424118, 44.925585 ], [ 1.423622, 44.926119 ], [ 1.423384, 44.926485 ], [ 1.425144, 44.928669 ], [ 1.425879, 44.931081 ], [ 1.425944, 44.930612 ], [ 1.42612, 44.930095 ], [ 1.426504, 44.928944 ], [ 1.430086, 44.929307 ], [ 1.43482, 44.924419 ], [ 1.432513, 44.916298 ], [ 1.431568882424187, 44.912889941862154 ], [ 1.430975, 44.913098 ] ] ], [ [ [ 1.414469, 44.937195 ], [ 1.413731, 44.937452 ], [ 1.405307, 44.935968 ], [ 1.402088, 44.93758 ], [ 1.397471, 44.945048 ], [ 1.397134, 44.945377 ], [ 1.396797, 44.945778 ], [ 1.396522, 44.94617 ], [ 1.396172, 44.9468 ], [ 1.39595, 44.947399 ], [ 1.39586, 44.947848 ], [ 1.395821, 44.948272 ], [ 1.39582, 44.948772 ], [ 1.395843, 44.949101 ], [ 1.399432, 44.949377 ], [ 1.404878, 44.946694 ], [ 1.410035, 44.947371 ], [ 1.410756, 44.947663 ], [ 1.411366, 44.947728 ], [ 1.412418, 44.947476 ], [ 1.413191, 44.946691 ], [ 1.4155, 44.944669 ], [ 1.422948, 44.941339 ], [ 1.421001, 44.94143 ], [ 1.414987, 44.943728 ], [ 1.414298, 44.944153 ], [ 1.413555, 44.944471 ], [ 1.40963, 44.947037 ], [ 1.405184, 44.946667 ], [ 1.404804, 44.943087 ], [ 1.406823, 44.942491 ], [ 1.410767, 44.940941 ], [ 1.416454, 44.936917 ], [ 1.417054, 44.936745 ], [ 1.414469, 44.937195 ] ] ], [ [ [ 1.431153, 44.952206 ], [ 1.43395, 44.954473 ], [ 1.435059, 44.953564 ], [ 1.435582, 44.952918 ], [ 1.435853, 44.951808 ], [ 1.435649, 44.949455 ], [ 1.444458, 44.947929 ], [ 1.436151, 44.946298 ], [ 1.43497, 44.947946 ], [ 1.432617, 44.950671 ], [ 1.432083, 44.95021 ], [ 1.43144, 44.949304 ], [ 1.431191, 44.947982 ], [ 1.431153, 44.952206 ] ] ], [ [ [ 1.446213, 44.950247 ], [ 1.44831, 44.95244 ], [ 1.450976, 44.953912 ], [ 1.456025, 44.953695 ], [ 1.462596, 44.958984 ], [ 1.467279, 44.960673 ], [ 1.46864, 44.959901 ], [ 1.470034, 44.958356 ], [ 1.471478, 44.955544 ], [ 1.473091, 44.952326 ], [ 1.471996, 44.951777 ], [ 1.470926, 44.943322 ], [ 1.471308, 44.942881 ], [ 1.480017, 44.942183 ], [ 1.477254, 44.94055 ], [ 1.476714, 44.940207 ], [ 1.472734, 44.939209 ], [ 1.469149, 44.938883 ], [ 1.462041, 44.93822 ], [ 1.460853, 44.946898 ], [ 1.463354, 44.948424 ], [ 1.46377, 44.948627 ], [ 1.464099, 44.948854 ], [ 1.466531, 44.950054 ], [ 1.46718, 44.95027 ], [ 1.467301, 44.950325 ], [ 1.467763, 44.952053 ], [ 1.467632, 44.952349 ], [ 1.467265, 44.952891 ], [ 1.466793, 44.953273 ], [ 1.463962, 44.954915 ], [ 1.459153, 44.953529 ], [ 1.45735, 44.951876 ], [ 1.456783, 44.951299 ], [ 1.456571, 44.951045 ], [ 1.456206, 44.950566 ], [ 1.448543, 44.947532 ], [ 1.445923924339757, 44.949960597430405 ], [ 1.446213, 44.950247 ] ] ] ] } },
{ "type": "Feature", "properties": { "codgeo": "46309", "value": 840, "isochrone_group": 14.0, "nb_agences": 1 }, "geometry": { "type": "MultiPolygon", "coordinates": [ [ [ [ 1.529495, 44.970304 ], [ 1.531093, 44.969332 ], [ 1.538429, 44.966206 ], [ 1.538662, 44.966163 ], [ 1.538669, 44.964684 ], [ 1.538004, 44.962623 ], [ 1.537394, 44.960662 ], [ 1.535808, 44.959296 ], [ 1.53298, 44.953092 ], [ 1.533433, 44.951032 ], [ 1.531463, 44.948325 ], [ 1.533297, 44.941089 ], [ 1.532644, 44.94061 ], [ 1.531969, 44.940143 ], [ 1.531606, 44.939945 ], [ 1.529793, 44.939577 ], [ 1.530051, 44.93967 ], [ 1.528828, 44.943056 ], [ 1.527781, 44.950265 ], [ 1.529913, 44.954425 ], [ 1.530361, 44.9586 ], [ 1.530757, 44.964014 ], [ 1.530746, 44.9644 ], [ 1.529628, 44.965728 ], [ 1.527133, 44.96712 ], [ 1.52457, 44.975115 ], [ 1.52485, 44.976165 ], [ 1.529495, 44.970304 ] ] ], [ [ [ 1.546075, 44.943618 ], [ 1.545703, 44.94683 ], [ 1.545675, 44.948318 ], [ 1.546591, 44.950318 ], [ 1.546874, 44.951812 ], [ 1.547103, 44.952639 ], [ 1.5474, 44.953075 ], [ 1.550813, 44.952436 ], [ 1.553255, 44.951113 ], [ 1.553677, 44.947538 ], [ 1.552971, 44.94542 ], [ 1.552449, 44.943875 ], [ 1.551401, 44.94218 ], [ 1.55103451289707, 44.941231608386737 ], [ 1.550042, 44.942801 ], [ 1.550049, 44.943187 ], [ 1.54958, 44.943886 ], [ 1.548654, 44.944142 ], [ 1.546449, 44.943255 ], [ 1.545783, 44.941791 ], [ 1.545223, 44.940821 ], [ 1.546075, 44.943618 ] ] ], [ [ [ 1.565179, 44.935193 ], [ 1.565599, 44.935799 ], [ 1.565947, 44.936082 ], [ 1.5677, 44.935929 ], [ 1.568607, 44.93382 ], [ 1.574029, 44.930502 ], [ 1.566064, 44.931561 ], [ 1.559757718600032, 44.932562691581552 ], [ 1.565179, 44.935193 ] ] ], [ [ [ 1.579392, 44.933455 ], [ 1.58087, 44.933102 ], [ 1.588442, 44.93413 ], [ 1.588536, 44.934173 ], [ 1.590003, 44.930885 ], [ 1.589909, 44.930843 ], [ 1.585832, 44.929972 ], [ 1.582049, 44.924487 ], [ 1.582661, 44.918562 ], [ 1.583041, 44.917676 ], [ 1.583054, 44.916779 ], [ 1.583112, 44.914656 ], [ 1.590211, 44.909484 ], [ 1.594622, 44.906529 ], [ 1.594397, 44.903884 ], [ 1.594187, 44.902956 ], [ 1.59153, 44.8945 ], [ 1.593856, 44.893429 ], [ 1.596691, 44.889055 ], [ 1.597154, 44.88812 ], [ 1.597172, 44.888019 ], [ 1.596424, 44.886203 ], [ 1.5956, 44.885624 ], [ 1.595054, 44.885758 ], [ 1.593076, 44.886748 ], [ 1.590014, 44.888769 ], [ 1.587756, 44.889239 ], [ 1.587438, 44.889276 ], [ 1.587051, 44.889359 ], [ 1.585993938011217, 44.889796743404837 ], [ 1.586062, 44.889778 ], [ 1.587023, 44.893247 ], [ 1.584704, 44.899738 ], [ 1.582917, 44.902864 ], [ 1.581143, 44.90185 ], [ 1.580685, 44.901638 ], [ 1.579644, 44.900969 ], [ 1.573272, 44.901179 ], [ 1.572313, 44.909391 ], [ 1.572282, 44.912977 ], [ 1.575302, 44.921244 ], [ 1.577743, 44.92389 ], [ 1.579574, 44.927601 ], [ 1.579003, 44.931156 ], [ 1.578273, 44.931073 ], [ 1.577461, 44.930981 ], [ 1.574029, 44.930502 ], [ 1.579392, 44.933455 ] ] ], [ [ [ 1.578758, 44.882629 ], [ 1.578985, 44.882453 ], [ 1.582359, 44.879672 ], [ 1.584864, 44.878573 ], [ 1.587512, 44.87697 ], [ 1.588802, 44.872498 ], [ 1.587917, 44.87038 ], [ 1.587241, 44.869254 ], [ 1.583904, 44.868882 ], [ 1.58024, 44.870318 ], [ 1.573304575479821, 44.869858037659966 ], [ 1.579921, 44.87279 ], [ 1.581301, 44.874643 ], [ 1.581473, 44.876038 ], [ 1.580149, 44.876929 ], [ 1.578519, 44.878625 ], [ 1.577378, 44.879463 ], [ 1.57484, 44.887508 ], [ 1.581851, 44.890859 ], [ 1.578758, 44.882629 ] ] ], [ [ [ 1.561438, 44.848829 ], [ 1.562808, 44.8455 ], [ 1.560518, 44.843804 ], [ 1.556297, 44.838312 ], [ 1.555837, 44.837324 ], [ 1.553295910889885, 44.834352468728284 ], [ 1.55416, 44.838715 ], [ 1.555005, 44.84192 ], [ 1.555122, 44.845518 ], [ 1.555189, 44.85022 ], [ 1.555286, 44.853728 ], [ 1.561438, 44.848829 ] ] ], [ [ [ 1.54451, 44.817374 ], [ 1.544576, 44.816139 ], [ 1.543688, 44.813869 ], [ 1.539713, 44.80906 ], [ 1.536754, 44.808344 ], [ 1.536158, 44.808494 ], [ 1.531004, 44.810626 ], [ 1.530432, 44.811657 ], [ 1.531004, 44.814226 ], [ 1.531798, 44.817304 ], [ 1.532278, 44.817417 ], [ 1.532596, 44.817463 ], [ 1.532734, 44.81747 ], [ 1.535710574888845, 44.819983527091971 ], [ 1.535869, 44.819403 ], [ 1.536696, 44.814276 ], [ 1.53991, 44.812654 ], [ 1.54002, 44.812873 ], [ 1.540407, 44.81395 ], [ 1.540746, 44.814858 ], [ 1.541016, 44.815769 ], [ 1.5411, 44.816147 ], [ 1.541406, 44.81812 ], [ 1.541728, 44.819606 ], [ 1.542833738296236, 44.820861167862731 ], [ 1.54451, 44.817374 ] ] ], [ [ [ 1.530435, 44.835363 ], [ 1.529922, 44.835915 ], [ 1.52977, 44.836121 ], [ 1.525739, 44.842447 ], [ 1.524491, 44.84373 ], [ 1.519537, 44.848271 ], [ 1.527564, 44.846169 ], [ 1.527508, 44.843901 ], [ 1.527681, 44.843326 ], [ 1.527995, 44.842647 ], [ 1.528086, 44.842487 ], [ 1.528596, 44.841522 ], [ 1.531256858218917, 44.834754919930511 ], [ 1.530435, 44.835363 ] ] ], [ [ [ 1.512625, 44.834967 ], [ 1.51261, 44.831337 ], [ 1.512225, 44.829804 ], [ 1.511002, 44.827581 ], [ 1.50763, 44.828367 ], [ 1.504035, 44.828177 ], [ 1.500242, 44.820258 ], [ 1.498619, 44.822741 ], [ 1.498206, 44.823454 ], [ 1.497947, 44.823991 ], [ 1.497716, 44.824531 ], [ 1.497507, 44.82514 ], [ 1.497254, 44.826131 ], [ 1.497165, 44.826715 ], [ 1.497116, 44.827356 ], [ 1.497119, 44.827952 ], [ 1.503989, 44.83358 ], [ 1.50473, 44.833515 ], [ 1.505384, 44.833569 ], [ 1.506415, 44.833932 ], [ 1.508432, 44.834561 ], [ 1.509117, 44.835144 ], [ 1.510203, 44.836109 ], [ 1.510401, 44.836689 ], [ 1.510644, 44.837919 ], [ 1.510811368244968, 44.83817067874562 ], [ 1.512625, 44.834967 ] ] ], [ [ [ 1.542906, 44.752396 ], [ 1.544013, 44.750795 ], [ 1.544538, 44.75016 ], [ 1.545142, 44.749517 ], [ 1.54583, 44.748859 ], [ 1.546404, 44.748357 ], [ 1.547031, 44.747858 ], [ 1.547994, 44.747161 ], [ 1.550554, 44.745441 ], [ 1.551704, 44.744614 ], [ 1.55256, 44.743928 ], [ 1.550308, 44.741119 ], [ 1.545987, 44.744172 ], [ 1.544923, 44.74494 ], [ 1.544169, 44.745534 ], [ 1.543466, 44.746144 ], [ 1.542658, 44.746912 ], [ 1.541923, 44.747686 ], [ 1.541248, 44.748489 ], [ 1.540575, 44.749367 ], [ 1.53987, 44.750462 ], [ 1.53939, 44.751316 ], [ 1.53902, 44.752071 ], [ 1.538624, 44.753027 ], [ 1.538297, 44.753992 ], [ 1.538041, 44.754951 ], [ 1.537857, 44.755919 ], [ 1.537761, 44.756633 ], [ 1.537726, 44.75697 ], [ 1.537721472209574, 44.757077099658162 ], [ 1.541316, 44.757222 ], [ 1.541427761172243, 44.759311264059029 ], [ 1.542906, 44.752396 ] ] ], [ [ [ 1.48184, 44.82813 ], [ 1.481241, 44.827473 ], [ 1.48036, 44.826866 ], [ 1.478852, 44.825393 ], [ 1.47738, 44.824075 ], [ 1.47437, 44.822101 ], [ 1.47381, 44.822954 ], [ 1.473043, 44.823941 ], [ 1.465049, 44.826374 ], [ 1.464108, 44.826195 ], [ 1.463406, 44.827223 ], [ 1.462413, 44.828708 ], [ 1.455264, 44.831202 ], [ 1.454813, 44.831195 ], [ 1.450733, 44.836803 ], [ 1.447839, 44.841782 ], [ 1.439186, 44.842003 ], [ 1.435225, 44.841571 ], [ 1.426509, 44.843054 ], [ 1.426164, 44.84305 ], [ 1.425599, 44.843085 ], [ 1.425014, 44.845601 ], [ 1.424218, 44.847205 ], [ 1.423776, 44.852722 ], [ 1.416829, 44.852492 ], [ 1.415079, 44.852553 ], [ 1.414248, 44.843843 ], [ 1.414583, 44.843683 ], [ 1.414625, 44.841889 ], [ 1.413034, 44.840434 ], [ 1.411876, 44.839566 ], [ 1.410215, 44.840724 ], [ 1.409874, 44.841164 ], [ 1.402429, 44.845526 ], [ 1.402218, 44.845577 ], [ 1.400737, 44.847191 ], [ 1.399413, 44.852152 ], [ 1.39547, 44.855684 ], [ 1.395762, 44.859272 ], [ 1.400382183535332, 44.861262325978664 ], [ 1.400551, 44.859689 ], [ 1.399105, 44.85924 ], [ 1.398999, 44.855641 ], [ 1.40376, 44.848325 ], [ 1.403998, 44.847614 ], [ 1.404338, 44.847115 ], [ 1.40479, 44.846713 ], [ 1.405288, 44.846439 ], [ 1.406022, 44.846157 ], [ 1.406876, 44.846587 ], [ 1.406911, 44.84661 ], [ 1.411493, 44.853541 ], [ 1.417401, 44.858183 ], [ 1.419258, 44.861266 ], [ 1.425504, 44.863717 ], [ 1.428582, 44.858923 ], [ 1.428097, 44.854329 ], [ 1.427514, 44.853253 ], [ 1.426343, 44.851679 ], [ 1.426507, 44.851215 ], [ 1.427508, 44.847774 ], [ 1.427682, 44.847509 ], [ 1.4324, 44.847494 ], [ 1.433115, 44.847561 ], [ 1.434422, 44.848711 ], [ 1.442037, 44.846021 ], [ 1.442526, 44.844152 ], [ 1.443122, 44.844252 ], [ 1.443582, 44.844371 ], [ 1.44547, 44.844739 ], [ 1.44822, 44.845087 ], [ 1.449533, 44.845034 ], [ 1.455961, 44.840238 ], [ 1.456726, 44.837205 ], [ 1.459119, 44.833811 ], [ 1.459305, 44.833658 ], [ 1.464221, 44.831569 ], [ 1.472439, 44.829861 ], [ 1.479085, 44.827807 ], [ 1.479808, 44.827683 ], [ 1.481841, 44.828132 ], [ 1.481906, 44.828223 ], [ 1.48184, 44.82813 ] ] ], [ [ [ 1.398808, 44.868615 ], [ 1.394712, 44.868467 ], [ 1.394174, 44.868388 ], [ 1.393475, 44.868234 ], [ 1.392222, 44.868666 ], [ 1.391408, 44.869577 ], [ 1.383108, 44.87028 ], [ 1.380066, 44.866736 ], [ 1.379576, 44.865826 ], [ 1.378279, 44.864778 ], [ 1.377811, 44.864895 ], [ 1.37687, 44.865489 ], [ 1.376459, 44.865908 ], [ 1.376389, 44.866053 ], [ 1.375402, 44.868776 ], [ 1.3739, 44.877355 ], [ 1.372224, 44.880541 ], [ 1.376226, 44.887841 ], [ 1.376966, 44.893613 ], [ 1.378886, 44.896086 ], [ 1.379607, 44.89606 ], [ 1.384882, 44.895818 ], [ 1.386794, 44.89343 ], [ 1.393047583874202, 44.890527784279392 ], [ 1.392344, 44.89022 ], [ 1.386992, 44.889965 ], [ 1.385672, 44.890079 ], [ 1.382142, 44.889372 ], [ 1.381938, 44.889248 ], [ 1.380318, 44.887625 ], [ 1.38157, 44.885667 ], [ 1.382266, 44.884598 ], [ 1.387062, 44.877024 ], [ 1.38444, 44.875627 ], [ 1.382108, 44.873946 ], [ 1.381165, 44.873311 ], [ 1.383176, 44.870325 ], [ 1.384119, 44.870961 ], [ 1.386544, 44.872706 ], [ 1.389725, 44.873964 ], [ 1.392825, 44.874144 ], [ 1.399291, 44.868725 ], [ 1.399619, 44.868375 ], [ 1.399977269810653, 44.865036017623055 ], [ 1.398808, 44.868615 ] ] ], [ [ [ 1.401075, 44.894892 ], [ 1.40146, 44.895225 ], [ 1.403816, 44.892504 ], [ 1.41147, 44.894217 ], [ 1.412194, 44.897743 ], [ 1.412629, 44.899931 ], [ 1.413763, 44.903348 ], [ 1.414506, 44.903199 ], [ 1.416225, 44.9029 ], [ 1.417893, 44.902508 ], [ 1.418444, 44.902321 ], [ 1.418975, 44.902029 ], [ 1.419452, 44.901571 ], [ 1.420705, 44.900541 ], [ 1.41967, 44.90113 ], [ 1.419365, 44.901244 ], [ 1.41382, 44.895629 ], [ 1.413463, 44.895264 ], [ 1.408976, 44.891252 ], [ 1.403519, 44.890446 ], [ 1.399439, 44.893467 ], [ 1.398875, 44.893077 ], [ 1.401075, 44.894892 ] ] ], [ [ [ 1.430237, 44.912186 ], [ 1.429441, 44.911985 ], [ 1.428495, 44.911806 ], [ 1.427991, 44.911737 ], [ 1.425621, 44.917792 ], [ 1.425381, 44.918078 ], [ 1.423678, 44.923317 ], [ 1.419686, 44.927714 ], [ 1.418936, 44.928277 ], [ 1.417054, 44.936745 ], [ 1.417765, 44.936558 ], [ 1.419084, 44.936466 ], [ 1.419869, 44.936531 ], [ 1.425879, 44.931081 ], [ 1.425144, 44.928669 ], [ 1.423384, 44.926485 ], [ 1.423622, 44.926119 ], [ 1.424118, 44.925585 ], [ 1.424944, 44.925143 ], [ 1.425551, 44.925048 ], [ 1.42842, 44.924813 ], [ 1.431728, 44.919993 ], [ 1.428388, 44.915344 ], [ 1.428378, 44.914721 ], [ 1.430747, 44.913296 ], [ 1.430975, 44.913098 ], [ 1.432465, 44.912576 ], [ 1.43283, 44.912505 ], [ 1.436001, 44.910662 ], [ 1.430237, 44.912186 ] ] ], [ [ [ 1.407431, 44.936042 ], [ 1.404893, 44.933384 ], [ 1.401416, 44.931765 ], [ 1.401087, 44.931578 ], [ 1.399515, 44.930942 ], [ 1.399183, 44.930901 ], [ 1.398416, 44.930874 ], [ 1.397887, 44.930871 ], [ 1.396661, 44.932238 ], [ 1.396661, 44.932239 ], [ 1.39787, 44.934471 ], [ 1.400185, 44.935987 ], [ 1.398448878581427, 44.943466280865039 ], [ 1.402088, 44.93758 ], [ 1.405307, 44.935968 ], [ 1.413731, 44.937452 ], [ 1.414469, 44.937195 ], [ 1.407431, 44.936042 ] ] ], [ [ [ 1.392991, 44.949115 ], [ 1.390615, 44.951908 ], [ 1.391064, 44.954125 ], [ 1.391553, 44.955384 ], [ 1.392904, 44.955019 ], [ 1.39341, 44.954857 ], [ 1.39757, 44.952403 ], [ 1.397908, 44.952045 ], [ 1.398371, 44.951506 ], [ 1.398653, 44.951154 ], [ 1.402605, 44.948095 ], [ 1.410756, 44.947663 ], [ 1.410035, 44.947371 ], [ 1.404878, 44.946694 ], [ 1.399432, 44.949377 ], [ 1.395843, 44.949101 ], [ 1.39582, 44.948772 ], [ 1.395821, 44.948272 ], [ 1.39586, 44.947848 ], [ 1.39595, 44.947399 ], [ 1.396172, 44.9468 ], [ 1.396522, 44.94617 ], [ 1.396797, 44.945778 ], [ 1.392991, 44.949115 ] ] ], [ [ [ 1.416544, 44.946148 ], [ 1.41869, 44.943257 ], [ 1.422948, 44.941339 ], [ 1.4155, 44.944669 ], [ 1.413191, 44.946691 ], [ 1.412418, 44.947476 ], [ 1.416544, 44.946148 ] ] ], [ [ [ 1.42866, 44.951471 ], [ 1.427766, 44.951971 ], [ 1.42938, 44.95519 ], [ 1.432707, 44.955136 ], [ 1.43379, 44.954887 ], [ 1.434076, 44.954781 ], [ 1.435722, 44.954044 ], [ 1.44369, 44.954631 ], [ 1.446871, 44.956317 ], [ 1.447255, 44.956099 ], [ 1.448547, 44.955246 ], [ 1.456003, 44.959012 ], [ 1.456894, 44.959406 ], [ 1.459323, 44.960594 ], [ 1.464636, 44.964526 ], [ 1.466775, 44.967326 ], [ 1.471094, 44.966325 ], [ 1.477766, 44.967277 ], [ 1.480072, 44.970042 ], [ 1.487715, 44.973954 ], [ 1.491159, 44.975002 ], [ 1.493941, 44.975334 ], [ 1.496904, 44.977379 ], [ 1.49985, 44.980312 ], [ 1.495033, 44.987169 ], [ 1.494541, 44.987204 ], [ 1.494197, 44.987249 ], [ 1.49376, 44.987289 ], [ 1.493304, 44.987313 ], [ 1.491546, 44.988564 ], [ 1.49222, 44.9921 ], [ 1.498823, 44.991802 ], [ 1.502376, 44.992382 ], [ 1.508758, 44.995795 ], [ 1.512251, 44.999272 ], [ 1.514404, 45.001604 ], [ 1.515914, 45.003373 ], [ 1.5163, 45.003828 ], [ 1.517907, 45.003897 ], [ 1.51819, 45.003793 ], [ 1.519043, 45.001497 ], [ 1.526763541056317, 44.998653125569213 ], [ 1.525119, 44.996198 ], [ 1.524802, 44.995674 ], [ 1.52464, 44.995196 ], [ 1.523601, 44.990185 ], [ 1.523554036841646, 44.989835470919793 ], [ 1.516096, 44.992272 ], [ 1.512904, 44.993937 ], [ 1.512069, 44.992713 ], [ 1.508016, 44.989169 ], [ 1.502944, 44.989048 ], [ 1.500439, 44.987594 ], [ 1.500442, 44.987281 ], [ 1.500781, 44.986171 ], [ 1.502328, 44.980086 ], [ 1.496071, 44.975677 ], [ 1.4924, 44.973077 ], [ 1.489061, 44.971732 ], [ 1.485334, 44.967846 ], [ 1.48418, 44.964436 ], [ 1.486069, 44.962477 ], [ 1.486958, 44.953539 ], [ 1.4866, 44.953105 ], [ 1.486371, 44.952688 ], [ 1.486634, 44.951588 ], [ 1.4859, 44.945628 ], [ 1.482431, 44.943263 ], [ 1.481561, 44.943081 ], [ 1.480853, 44.942737 ], [ 1.480513, 44.942537 ], [ 1.480017, 44.942183 ], [ 1.471308, 44.942881 ], [ 1.470926, 44.943322 ], [ 1.471996, 44.951777 ], [ 1.473091, 44.952326 ], [ 1.471478, 44.955544 ], [ 1.470034, 44.958356 ], [ 1.46864, 44.959901 ], [ 1.467279, 44.960673 ], [ 1.462596, 44.958984 ], [ 1.456025, 44.953695 ], [ 1.450976, 44.953912 ], [ 1.44831, 44.95244 ], [ 1.446213, 44.950247 ], [ 1.445456, 44.949497 ], [ 1.444862, 44.948637 ], [ 1.444458, 44.947929 ], [ 1.435649, 44.949455 ], [ 1.435853, 44.951808 ], [ 1.435582, 44.952918 ], [ 1.435059, 44.953564 ], [ 1.43395, 44.954473 ], [ 1.431153, 44.952206 ], [ 1.431191, 44.947982 ], [ 1.431236, 44.947027 ], [ 1.42866, 44.951471 ] ] ], [ [ [ 1.53766, 45.013338 ], [ 1.53748, 45.012448 ], [ 1.537152, 45.011293 ], [ 1.536397, 45.009362 ], [ 1.535377, 45.00716 ], [ 1.534117, 45.004571 ], [ 1.532871, 45.002011 ], [ 1.532552300564013, 45.00130819939347 ], [ 1.532722, 45.002046 ], [ 1.534461, 45.005646 ], [ 1.536219, 45.009286 ], [ 1.536967, 45.011134 ], [ 1.53732, 45.012325 ], [ 1.53765, 45.014219 ], [ 1.537652848067084, 45.014266917479524 ], [ 1.537788, 45.014248 ], [ 1.53766, 45.013338 ] ] ], [ [ [ 1.533626, 45.012477 ], [ 1.533411148057219, 45.011938711465376 ], [ 1.533609001184855, 45.012623108016776 ], [ 1.533626, 45.012477 ] ] ] ] } },
{ "type": "Feature", "properties": { "codgeo": "46309", "value": 900, "isochrone_group": 15.0, "nb_agences": 1 }, "geometry": { "type": "MultiPolygon", "coordinates": [ [ [ [ 1.529412, 44.982716 ], [ 1.528581, 44.98228 ], [ 1.528237, 44.982097 ], [ 1.525756, 44.979965 ], [ 1.526661, 44.983765 ], [ 1.52724, 44.986192 ], [ 1.527287715526569, 44.986372557344673 ], [ 1.529447990164206, 44.988646684859937 ], [ 1.530415, 44.983105 ], [ 1.529412, 44.982716 ] ] ], [ [ [ 1.533093, 44.972238 ], [ 1.53328, 44.972387 ], [ 1.535572, 44.972022 ], [ 1.542438, 44.970446 ], [ 1.544513, 44.967751 ], [ 1.544541, 44.967503 ], [ 1.549541, 44.960117 ], [ 1.550148, 44.957962 ], [ 1.550314, 44.957548 ], [ 1.55051, 44.956164 ], [ 1.556286, 44.951451 ], [ 1.558489, 44.951821 ], [ 1.55936, 44.948328 ], [ 1.558177, 44.944522 ], [ 1.556185, 44.940778 ], [ 1.563466, 44.936808 ], [ 1.565487, 44.938585 ], [ 1.566443, 44.939396 ], [ 1.566601, 44.939521 ], [ 1.567475, 44.938809 ], [ 1.567781, 44.93857 ], [ 1.568209, 44.938212 ], [ 1.568681, 44.937711 ], [ 1.568989, 44.937299 ], [ 1.569203, 44.937034 ], [ 1.569156, 44.935089 ], [ 1.577824, 44.934045 ], [ 1.57828, 44.934466 ], [ 1.581037, 44.934947 ], [ 1.58555, 44.936392 ], [ 1.588074, 44.937397 ], [ 1.591273, 44.937105 ], [ 1.597604, 44.936598 ], [ 1.597981, 44.93636 ], [ 1.598556, 44.934975 ], [ 1.598768, 44.934163 ], [ 1.598456, 44.93375 ], [ 1.597794, 44.932882 ], [ 1.597356, 44.932465 ], [ 1.594705, 44.928808 ], [ 1.591597, 44.926992 ], [ 1.592378, 44.919314 ], [ 1.593799, 44.916006 ], [ 1.600327, 44.909944 ], [ 1.600943, 44.910323 ], [ 1.602446, 44.91095 ], [ 1.602948, 44.910972 ], [ 1.603352, 44.910947 ], [ 1.60365, 44.909122 ], [ 1.60313, 44.907353 ], [ 1.602005, 44.905588 ], [ 1.60164, 44.905225 ], [ 1.597902, 44.903624 ], [ 1.597413, 44.903381 ], [ 1.596426, 44.903041 ], [ 1.595941, 44.902923 ], [ 1.594322, 44.902943 ], [ 1.59153, 44.8945 ], [ 1.594187, 44.902956 ], [ 1.594397, 44.903884 ], [ 1.594622, 44.906529 ], [ 1.590211, 44.909484 ], [ 1.583112, 44.914656 ], [ 1.583054, 44.916779 ], [ 1.583041, 44.917676 ], [ 1.582661, 44.918562 ], [ 1.582049, 44.924487 ], [ 1.585832, 44.929972 ], [ 1.589909, 44.930843 ], [ 1.590003, 44.930885 ], [ 1.588536, 44.934173 ], [ 1.588442, 44.93413 ], [ 1.58087, 44.933102 ], [ 1.579392, 44.933455 ], [ 1.574029, 44.930502 ], [ 1.568607, 44.93382 ], [ 1.5677, 44.935929 ], [ 1.565947, 44.936082 ], [ 1.565599, 44.935799 ], [ 1.565179, 44.935193 ], [ 1.558093, 44.931755 ], [ 1.554809, 44.932472 ], [ 1.549288, 44.936712 ], [ 1.551401, 44.94218 ], [ 1.552449, 44.943875 ], [ 1.552971, 44.94542 ], [ 1.553677, 44.947538 ], [ 1.553255, 44.951113 ], [ 1.550813, 44.952436 ], [ 1.5474, 44.953075 ], [ 1.547103, 44.952639 ], [ 1.546874, 44.951812 ], [ 1.546591, 44.950318 ], [ 1.545675, 44.948318 ], [ 1.545703, 44.94683 ], [ 1.546075, 44.943618 ], [ 1.545223, 44.940821 ], [ 1.544918, 44.940303 ], [ 1.544747, 44.939967 ], [ 1.544593, 44.939541 ], [ 1.544527, 44.938761 ], [ 1.540189, 44.932886 ], [ 1.536972, 44.931349 ], [ 1.53491, 44.928256 ], [ 1.528014, 44.92553 ], [ 1.525541, 44.923773 ], [ 1.519306, 44.930129 ], [ 1.522993, 44.934518 ], [ 1.525382, 44.936323 ], [ 1.526024, 44.936899 ], [ 1.527335, 44.938086 ], [ 1.529051, 44.939265 ], [ 1.529793, 44.939577 ], [ 1.531606, 44.939945 ], [ 1.531969, 44.940143 ], [ 1.532644, 44.94061 ], [ 1.533297, 44.941089 ], [ 1.531463, 44.948325 ], [ 1.533433, 44.951032 ], [ 1.53298, 44.953092 ], [ 1.535808, 44.959296 ], [ 1.537394, 44.960662 ], [ 1.538004, 44.962623 ], [ 1.538669, 44.964684 ], [ 1.538662, 44.966163 ], [ 1.538429, 44.966206 ], [ 1.531093, 44.969332 ], [ 1.529495, 44.970304 ], [ 1.526088345893173, 44.974602471414443 ], [ 1.533093, 44.972238 ] ] ], [ [ [ 1.598739, 44.890366 ], [ 1.601818, 44.889021 ], [ 1.601836, 44.888623 ], [ 1.601076, 44.885302 ], [ 1.599456, 44.883526 ], [ 1.598445, 44.881957 ], [ 1.598351, 44.881859 ], [ 1.596573, 44.881487 ], [ 1.594228, 44.879875 ], [ 1.593799, 44.879804 ], [ 1.590761, 44.871556 ], [ 1.591638, 44.870998 ], [ 1.595289, 44.870301 ], [ 1.598111, 44.870696 ], [ 1.59891, 44.870834 ], [ 1.599821, 44.870573 ], [ 1.601467, 44.869388 ], [ 1.600178, 44.865097 ], [ 1.591973, 44.86433 ], [ 1.591324, 44.864812 ], [ 1.590564, 44.866074 ], [ 1.582432, 44.867786 ], [ 1.580715, 44.864622 ], [ 1.579185, 44.865236 ], [ 1.575905, 44.866338 ], [ 1.575381, 44.866487 ], [ 1.574895, 44.866603 ], [ 1.574544, 44.866664 ], [ 1.574067, 44.866721 ], [ 1.571354, 44.866699 ], [ 1.56399, 44.870999 ], [ 1.571403, 44.870153 ], [ 1.572339, 44.869794 ], [ 1.58024, 44.870318 ], [ 1.583904, 44.868882 ], [ 1.587241, 44.869254 ], [ 1.587917, 44.87038 ], [ 1.588802, 44.872498 ], [ 1.587512, 44.87697 ], [ 1.584864, 44.878573 ], [ 1.582359, 44.879672 ], [ 1.578985, 44.882453 ], [ 1.578758, 44.882629 ], [ 1.581851, 44.890859 ], [ 1.583685, 44.890394 ], [ 1.585481, 44.889938 ], [ 1.585974, 44.889805 ], [ 1.587051, 44.889359 ], [ 1.587438, 44.889276 ], [ 1.587756, 44.889239 ], [ 1.590014, 44.888769 ], [ 1.593076, 44.886748 ], [ 1.595054, 44.885758 ], [ 1.5956, 44.885624 ], [ 1.596424, 44.886203 ], [ 1.597172, 44.888019 ], [ 1.597154, 44.88812 ], [ 1.596691, 44.889055 ], [ 1.594203981685863, 44.892892113970369 ], [ 1.598739, 44.890366 ] ] ], [ [ [ 1.564092, 44.854548 ], [ 1.56425, 44.855584 ], [ 1.564285, 44.855766 ], [ 1.564376, 44.856794 ], [ 1.567962, 44.856476 ], [ 1.567871, 44.855448 ], [ 1.567801, 44.854995 ], [ 1.567651, 44.854007 ], [ 1.567375, 44.852468 ], [ 1.567749, 44.846738 ], [ 1.566324, 44.843432 ], [ 1.560682, 44.837115 ], [ 1.555265323030263, 44.836655485076179 ], [ 1.555837, 44.837324 ], [ 1.556297, 44.838312 ], [ 1.560518, 44.843804 ], [ 1.562808, 44.8455 ], [ 1.561438, 44.848829 ], [ 1.555286, 44.853728 ], [ 1.564092, 44.854548 ] ] ], [ [ [ 1.54941, 44.822034 ], [ 1.549219, 44.818439 ], [ 1.547438, 44.814328 ], [ 1.546857, 44.809713 ], [ 1.546913, 44.806114 ], [ 1.543951, 44.801069 ], [ 1.540668, 44.799667 ], [ 1.539195, 44.798802 ], [ 1.53556, 44.799228 ], [ 1.529678, 44.804849 ], [ 1.528617, 44.804911 ], [ 1.523816, 44.803505 ], [ 1.521314, 44.806094 ], [ 1.518426, 44.809514 ], [ 1.516387, 44.812481 ], [ 1.517066, 44.812948 ], [ 1.517845, 44.813284 ], [ 1.518163, 44.813371 ], [ 1.523872, 44.819301 ], [ 1.523908, 44.820262 ], [ 1.516271, 44.824978 ], [ 1.514948, 44.825323 ], [ 1.514208, 44.825466 ], [ 1.512955, 44.826077 ], [ 1.512043, 44.826879 ], [ 1.511738, 44.827146 ], [ 1.509922596160289, 44.827832604809629 ], [ 1.511002, 44.827581 ], [ 1.512225, 44.829804 ], [ 1.51261, 44.831337 ], [ 1.512625, 44.834967 ], [ 1.509782, 44.839989 ], [ 1.514652, 44.843946 ], [ 1.519537, 44.848271 ], [ 1.524491, 44.84373 ], [ 1.525739, 44.842447 ], [ 1.52977, 44.836121 ], [ 1.529922, 44.835915 ], [ 1.530435, 44.835363 ], [ 1.531646, 44.834467 ], [ 1.535612, 44.827685 ], [ 1.535971, 44.827074 ], [ 1.536314, 44.826703 ], [ 1.538018, 44.821932 ], [ 1.532734, 44.81747 ], [ 1.532596, 44.817463 ], [ 1.532278, 44.817417 ], [ 1.531798, 44.817304 ], [ 1.531004, 44.814226 ], [ 1.530432, 44.811657 ], [ 1.531004, 44.810626 ], [ 1.536158, 44.808494 ], [ 1.536754, 44.808344 ], [ 1.539713, 44.80906 ], [ 1.543688, 44.813869 ], [ 1.544576, 44.816139 ], [ 1.54451, 44.817374 ], [ 1.541796, 44.82302 ], [ 1.541746, 44.824072 ], [ 1.548993, 44.829325 ], [ 1.549159, 44.829247 ], [ 1.549175, 44.829255 ], [ 1.54941, 44.822034 ] ] ], [ [ [ 1.552644, 44.743856 ], [ 1.55337, 44.743193 ], [ 1.554025, 44.74252 ], [ 1.554672, 44.74177 ], [ 1.555282, 44.740962 ], [ 1.555929, 44.739945 ], [ 1.556386, 44.739083 ], [ 1.556853, 44.737968 ], [ 1.5572, 44.736892 ], [ 1.557422, 44.735886 ], [ 1.559815, 44.727339 ], [ 1.556803, 44.725367 ], [ 1.556458, 44.725895 ], [ 1.556009, 44.726655 ], [ 1.555652, 44.727344 ], [ 1.555143, 44.72852 ], [ 1.55481, 44.729458 ], [ 1.554556, 44.730437 ], [ 1.554339, 44.73157 ], [ 1.554022, 44.734267 ], [ 1.549538110297986, 44.741662965114607 ], [ 1.550308, 44.741119 ], [ 1.55255792384915, 44.743925410342904 ], [ 1.552644, 44.743856 ] ] ], [ [ [ 1.486399, 44.829235 ], [ 1.48041, 44.82495 ], [ 1.48081, 44.816461 ], [ 1.482459, 44.812449 ], [ 1.479129, 44.81108 ], [ 1.47748, 44.815092 ], [ 1.475831, 44.819104 ], [ 1.469534, 44.819714 ], [ 1.468216, 44.819563 ], [ 1.465946, 44.820009 ], [ 1.464068, 44.820159 ], [ 1.46166, 44.82319 ], [ 1.456498, 44.828876 ], [ 1.449064, 44.831678 ], [ 1.448423, 44.83175 ], [ 1.448207, 44.831793 ], [ 1.445729, 44.83777 ], [ 1.438358, 44.839729 ], [ 1.43351, 44.838574 ], [ 1.431397, 44.838003 ], [ 1.428078, 44.838151 ], [ 1.427756, 44.838403 ], [ 1.419515, 44.83971 ], [ 1.414859, 44.835668 ], [ 1.413422, 44.833782 ], [ 1.412503, 44.833429 ], [ 1.412341, 44.833541 ], [ 1.411832, 44.834018 ], [ 1.411494, 44.834494 ], [ 1.41126, 44.835088 ], [ 1.410643, 44.838247 ], [ 1.410215, 44.840724 ], [ 1.411876, 44.839566 ], [ 1.413034, 44.840434 ], [ 1.414625, 44.841889 ], [ 1.414583, 44.843683 ], [ 1.414248, 44.843843 ], [ 1.415079, 44.852553 ], [ 1.416829, 44.852492 ], [ 1.423776, 44.852722 ], [ 1.424218, 44.847205 ], [ 1.425014, 44.845601 ], [ 1.425599, 44.843085 ], [ 1.426164, 44.84305 ], [ 1.426509, 44.843054 ], [ 1.435225, 44.841571 ], [ 1.439186, 44.842003 ], [ 1.447839, 44.841782 ], [ 1.450733, 44.836803 ], [ 1.454813, 44.831195 ], [ 1.455264, 44.831202 ], [ 1.462413, 44.828708 ], [ 1.463406, 44.827223 ], [ 1.464108, 44.826195 ], [ 1.465049, 44.826374 ], [ 1.473043, 44.823941 ], [ 1.47381, 44.822954 ], [ 1.47437, 44.822101 ], [ 1.47738, 44.824075 ], [ 1.478852, 44.825393 ], [ 1.48036, 44.826866 ], [ 1.481241, 44.827473 ], [ 1.48184, 44.82813 ], [ 1.481906, 44.828223 ], [ 1.4867, 44.831704 ], [ 1.493608, 44.826158 ], [ 1.493732, 44.825384 ], [ 1.493879, 44.824718 ], [ 1.486399, 44.829235 ] ] ], [ [ [ 1.40125, 44.84004 ], [ 1.400959, 44.839336 ], [ 1.400555, 44.838868 ], [ 1.400083, 44.83851 ], [ 1.399968, 44.838443 ], [ 1.39768, 44.840882 ], [ 1.397734, 44.84142 ], [ 1.398013, 44.842569 ], [ 1.398062, 44.84284 ], [ 1.398196, 44.843667 ], [ 1.395348, 44.851958 ], [ 1.393509, 44.855623 ], [ 1.393543, 44.859223 ], [ 1.393433, 44.863301 ], [ 1.392994, 44.864488 ], [ 1.389208, 44.867773 ], [ 1.38178, 44.864322 ], [ 1.378467, 44.862914 ], [ 1.37022, 44.863897 ], [ 1.369069, 44.863513 ], [ 1.368333, 44.863251 ], [ 1.364787, 44.869743 ], [ 1.362287, 44.872334 ], [ 1.362621, 44.872655 ], [ 1.362984, 44.872962 ], [ 1.364149, 44.873809 ], [ 1.364439, 44.874026 ], [ 1.366163, 44.875186 ], [ 1.366793, 44.875715 ], [ 1.367158, 44.876051 ], [ 1.370807, 44.883873 ], [ 1.37117, 44.884729 ], [ 1.37164, 44.885284 ], [ 1.373267, 44.892817 ], [ 1.370963, 44.895583 ], [ 1.372727, 44.900303 ], [ 1.373017, 44.900891 ], [ 1.373193, 44.901125 ], [ 1.374309, 44.902501 ], [ 1.377211, 44.900371 ], [ 1.385489, 44.899821 ], [ 1.38693, 44.89905 ], [ 1.387281, 44.898852 ], [ 1.387709, 44.898545 ], [ 1.387903, 44.898367 ], [ 1.388064, 44.897305 ], [ 1.393491, 44.890322 ], [ 1.386794, 44.89343 ], [ 1.384882, 44.895818 ], [ 1.379607, 44.89606 ], [ 1.378886, 44.896086 ], [ 1.376966, 44.893613 ], [ 1.376226, 44.887841 ], [ 1.372224, 44.880541 ], [ 1.3739, 44.877355 ], [ 1.375402, 44.868776 ], [ 1.376389, 44.866053 ], [ 1.376459, 44.865908 ], [ 1.37687, 44.865489 ], [ 1.377811, 44.864895 ], [ 1.378279, 44.864778 ], [ 1.379576, 44.865826 ], [ 1.380066, 44.866736 ], [ 1.383108, 44.87028 ], [ 1.391408, 44.869577 ], [ 1.392222, 44.868666 ], [ 1.393475, 44.868234 ], [ 1.394174, 44.868388 ], [ 1.394712, 44.868467 ], [ 1.398808, 44.868615 ], [ 1.401108, 44.861575 ], [ 1.395762, 44.859272 ], [ 1.39547, 44.855684 ], [ 1.399413, 44.852152 ], [ 1.400737, 44.847191 ], [ 1.402218, 44.845577 ], [ 1.402429, 44.845526 ], [ 1.409874, 44.841164 ], [ 1.410215, 44.840724 ], [ 1.40125, 44.84004 ] ] ], [ [ [ 1.401604, 44.89632 ], [ 1.40749, 44.898545 ], [ 1.408209, 44.903844 ], [ 1.409013, 44.905876 ], [ 1.410092, 44.906503 ], [ 1.410641, 44.906835 ], [ 1.412588, 44.906299 ], [ 1.417893, 44.902508 ], [ 1.416225, 44.9029 ], [ 1.414506, 44.903199 ], [ 1.413763, 44.903348 ], [ 1.412629, 44.899931 ], [ 1.412194, 44.897743 ], [ 1.41147, 44.894217 ], [ 1.403816, 44.892504 ], [ 1.40146, 44.895225 ], [ 1.401075, 44.894892 ], [ 1.398875, 44.893077 ], [ 1.401604, 44.89632 ] ] ], [ [ [ 1.427091, 44.911685 ], [ 1.425284, 44.911651 ], [ 1.425151, 44.911718 ], [ 1.425079, 44.911855 ], [ 1.421123, 44.917803 ], [ 1.421075, 44.918514 ], [ 1.422133, 44.920286 ], [ 1.417912, 44.927969 ], [ 1.417335, 44.927996 ], [ 1.416681, 44.928075 ], [ 1.415091, 44.928441 ], [ 1.414754, 44.928551 ], [ 1.407811, 44.933486 ], [ 1.405707, 44.931781 ], [ 1.400981, 44.928374 ], [ 1.399828, 44.92753 ], [ 1.399422, 44.927702 ], [ 1.396949, 44.929692 ], [ 1.390201, 44.930556 ], [ 1.388565, 44.933763 ], [ 1.389061, 44.934016 ], [ 1.390565, 44.934674 ], [ 1.390898, 44.934824 ], [ 1.391278, 44.934956 ], [ 1.393957, 44.936069 ], [ 1.396688, 44.935106 ], [ 1.397129, 44.935085 ], [ 1.40014760220294, 44.936148111213157 ], [ 1.400185, 44.935987 ], [ 1.39787, 44.934471 ], [ 1.396661, 44.932239 ], [ 1.396661, 44.932238 ], [ 1.397887, 44.930871 ], [ 1.398416, 44.930874 ], [ 1.399183, 44.930901 ], [ 1.399515, 44.930942 ], [ 1.401087, 44.931578 ], [ 1.401416, 44.931765 ], [ 1.404893, 44.933384 ], [ 1.407431, 44.936042 ], [ 1.414469, 44.937195 ], [ 1.416185, 44.936994 ], [ 1.417054, 44.936745 ], [ 1.418936, 44.928277 ], [ 1.419686, 44.927714 ], [ 1.423678, 44.923317 ], [ 1.425381, 44.918078 ], [ 1.425621, 44.917792 ], [ 1.427986298161418, 44.911749012503215 ], [ 1.427091, 44.911685 ] ] ], [ [ [ 1.393336, 44.946342 ], [ 1.393203, 44.946439 ], [ 1.392678, 44.94757 ], [ 1.385879, 44.952234 ], [ 1.385362, 44.952828 ], [ 1.386107, 44.955432 ], [ 1.387335, 44.957668 ], [ 1.389273, 44.957976 ], [ 1.391376, 44.957884 ], [ 1.39757, 44.952403 ], [ 1.39341, 44.954857 ], [ 1.392904, 44.955019 ], [ 1.391553, 44.955384 ], [ 1.391064, 44.954125 ], [ 1.390615, 44.951908 ], [ 1.392991, 44.949115 ], [ 1.396797, 44.945778 ], [ 1.397134, 44.945377 ], [ 1.397471, 44.945048 ], [ 1.393336, 44.946342 ] ] ], [ [ [ 1.402763471007801, 44.948086601094921 ], [ 1.402605, 44.948095 ], [ 1.401773759401261, 44.94873841219421 ], [ 1.402763471007801, 44.948086601094921 ] ] ], [ [ [ 1.418197, 44.946926 ], [ 1.418804, 44.947054 ], [ 1.419492, 44.94712 ], [ 1.425853, 44.95347 ], [ 1.425327, 44.954846 ], [ 1.425041, 44.955402 ], [ 1.424429, 44.956327 ], [ 1.42421, 44.956951 ], [ 1.427605, 44.958147 ], [ 1.435892, 44.956107 ], [ 1.443431, 44.959776 ], [ 1.444047, 44.960703 ], [ 1.444849, 44.96138 ], [ 1.45114, 44.960603 ], [ 1.451528, 44.960455 ], [ 1.452685, 44.960172 ], [ 1.457427, 44.961957 ], [ 1.4583, 44.967377 ], [ 1.45961, 44.97073 ], [ 1.463779, 44.972945 ], [ 1.464774, 44.971264 ], [ 1.464878, 44.971081 ], [ 1.473254, 44.968157 ], [ 1.473619, 44.968309 ], [ 1.475052, 44.969016 ], [ 1.477403, 44.970412 ], [ 1.477984, 44.970857 ], [ 1.479745, 44.972671 ], [ 1.487177, 44.975389 ], [ 1.490545, 44.976659 ], [ 1.492093, 44.978199 ], [ 1.490086, 44.98592 ], [ 1.487008, 44.987235 ], [ 1.48393, 44.989957 ], [ 1.483503, 44.990299 ], [ 1.483046, 44.990822 ], [ 1.482256, 44.991852 ], [ 1.482049, 44.992094 ], [ 1.484779, 44.99444 ], [ 1.490273, 44.994861 ], [ 1.496414, 44.994766 ], [ 1.499976, 44.995286 ], [ 1.504934, 44.998813 ], [ 1.508064, 45.003591 ], [ 1.509244, 45.003744 ], [ 1.515987, 45.008199 ], [ 1.5166, 45.010206 ], [ 1.517212, 45.011946 ], [ 1.519036, 45.013439 ], [ 1.519826, 45.013364 ], [ 1.519974, 45.013322 ], [ 1.520811, 45.012006 ], [ 1.520814, 45.011835 ], [ 1.52067, 45.010814 ], [ 1.521307, 45.007018 ], [ 1.523273, 45.001407 ], [ 1.529436875258143, 45.003518473697142 ], [ 1.528215, 45.00082 ], [ 1.526801408730368, 44.998639176947066 ], [ 1.519043, 45.001497 ], [ 1.51819, 45.003793 ], [ 1.517907, 45.003897 ], [ 1.5163, 45.003828 ], [ 1.515914, 45.003373 ], [ 1.514404, 45.001604 ], [ 1.512251, 44.999272 ], [ 1.508758, 44.995795 ], [ 1.502376, 44.992382 ], [ 1.498823, 44.991802 ], [ 1.49222, 44.9921 ], [ 1.491546, 44.988564 ], [ 1.493304, 44.987313 ], [ 1.49376, 44.987289 ], [ 1.494197, 44.987249 ], [ 1.494541, 44.987204 ], [ 1.495033, 44.987169 ], [ 1.49985, 44.980312 ], [ 1.496904, 44.977379 ], [ 1.493941, 44.975334 ], [ 1.491159, 44.975002 ], [ 1.487715, 44.973954 ], [ 1.480072, 44.970042 ], [ 1.477766, 44.967277 ], [ 1.471094, 44.966325 ], [ 1.466775, 44.967326 ], [ 1.464636, 44.964526 ], [ 1.459323, 44.960594 ], [ 1.456894, 44.959406 ], [ 1.456003, 44.959012 ], [ 1.448547, 44.955246 ], [ 1.447255, 44.956099 ], [ 1.446871, 44.956317 ], [ 1.44369, 44.954631 ], [ 1.435722, 44.954044 ], [ 1.434076, 44.954781 ], [ 1.43379, 44.954887 ], [ 1.432707, 44.955136 ], [ 1.42938, 44.95519 ], [ 1.427766, 44.951971 ], [ 1.42866, 44.951471 ], [ 1.431236, 44.947027 ], [ 1.425445, 44.940892 ], [ 1.423653, 44.941273 ], [ 1.422948, 44.941339 ], [ 1.41869, 44.943257 ], [ 1.416544, 44.946148 ], [ 1.412418, 44.947476 ], [ 1.418197, 44.946926 ] ] ], [ [ [ 1.534555, 45.024617 ], [ 1.53546, 45.023359 ], [ 1.535867, 45.022684 ], [ 1.53661, 45.021221 ], [ 1.537154, 45.019877 ], [ 1.537517, 45.018471 ], [ 1.537842, 45.016338 ], [ 1.53786, 45.015274 ], [ 1.537804, 45.014392 ], [ 1.537784395309303, 45.014248504555589 ], [ 1.537652848067084, 45.014266917479524 ], [ 1.537707, 45.015178 ], [ 1.537699, 45.016115 ], [ 1.537658, 45.016918 ], [ 1.537487, 45.017974 ], [ 1.537082, 45.019645 ], [ 1.536548, 45.021048 ], [ 1.536054, 45.022088 ], [ 1.535493, 45.023071 ], [ 1.534526, 45.024457 ], [ 1.533158, 45.026037 ], [ 1.531895, 45.027485 ], [ 1.530665, 45.029087 ], [ 1.52964, 45.030695 ], [ 1.529546122465656, 45.030873993165471 ], [ 1.529645, 45.030927 ], [ 1.534555, 45.024617 ] ] ] ] } },
{ "type": "Feature", "properties": { "codgeo": "46309", "value": 960, "isochrone_group": 16.0, "nb_agences": 1 }, "geometry": { "type": "MultiPolygon", "coordinates": [ [ [ [ 1.53588, 44.973498 ], [ 1.54136, 44.975359 ], [ 1.543506, 44.978249 ], [ 1.547794, 44.976233 ], [ 1.548927, 44.973771 ], [ 1.550224, 44.968666 ], [ 1.55355, 44.961462 ], [ 1.55519, 44.961069 ], [ 1.557408, 44.960779 ], [ 1.557567, 44.957183 ], [ 1.562406, 44.952454 ], [ 1.565651, 44.952943 ], [ 1.566491, 44.949442 ], [ 1.571665, 44.942534 ], [ 1.573778, 44.939286 ], [ 1.581076, 44.93969 ], [ 1.587083, 44.941096 ], [ 1.592972, 44.942552 ], [ 1.593218, 44.942486 ], [ 1.593795, 44.942236 ], [ 1.60189, 44.939577 ], [ 1.602398, 44.937777 ], [ 1.60238, 44.936011 ], [ 1.601589, 44.934456 ], [ 1.598802, 44.930686 ], [ 1.597026, 44.922258 ], [ 1.596428, 44.919333 ], [ 1.602447, 44.914121 ], [ 1.603506, 44.913957 ], [ 1.604099, 44.913582 ], [ 1.605751, 44.912588 ], [ 1.606121, 44.909858 ], [ 1.605909, 44.909042 ], [ 1.605714, 44.908641 ], [ 1.604773, 44.907746 ], [ 1.604052, 44.907447 ], [ 1.602005, 44.905588 ], [ 1.60313, 44.907353 ], [ 1.60365, 44.909122 ], [ 1.603352, 44.910947 ], [ 1.602948, 44.910972 ], [ 1.602446, 44.91095 ], [ 1.600943, 44.910323 ], [ 1.600327, 44.909944 ], [ 1.593799, 44.916006 ], [ 1.592378, 44.919314 ], [ 1.591597, 44.926992 ], [ 1.594705, 44.928808 ], [ 1.597356, 44.932465 ], [ 1.597794, 44.932882 ], [ 1.598456, 44.93375 ], [ 1.598768, 44.934163 ], [ 1.598556, 44.934975 ], [ 1.597981, 44.93636 ], [ 1.597604, 44.936598 ], [ 1.591273, 44.937105 ], [ 1.588074, 44.937397 ], [ 1.58555, 44.936392 ], [ 1.581037, 44.934947 ], [ 1.57828, 44.934466 ], [ 1.577824, 44.934045 ], [ 1.569156, 44.935089 ], [ 1.569203, 44.937034 ], [ 1.568989, 44.937299 ], [ 1.568681, 44.937711 ], [ 1.568209, 44.938212 ], [ 1.567781, 44.93857 ], [ 1.567475, 44.938809 ], [ 1.566601, 44.939521 ], [ 1.566443, 44.939396 ], [ 1.565487, 44.938585 ], [ 1.563466, 44.936808 ], [ 1.556185, 44.940778 ], [ 1.558177, 44.944522 ], [ 1.55936, 44.948328 ], [ 1.558489, 44.951821 ], [ 1.556286, 44.951451 ], [ 1.55051, 44.956164 ], [ 1.550314, 44.957548 ], [ 1.550148, 44.957962 ], [ 1.549541, 44.960117 ], [ 1.544541, 44.967503 ], [ 1.544513, 44.967751 ], [ 1.542438, 44.970446 ], [ 1.535572, 44.972022 ], [ 1.53328, 44.972387 ], [ 1.533093, 44.972238 ], [ 1.52457, 44.975115 ], [ 1.52485, 44.976165 ], [ 1.525756, 44.979965 ], [ 1.528237, 44.982097 ], [ 1.528581, 44.98228 ], [ 1.529412, 44.982716 ], [ 1.530415, 44.983105 ], [ 1.529735854185834, 44.986997010129315 ], [ 1.533898, 44.988316 ], [ 1.535252374563913, 44.98626085956289 ], [ 1.53339, 44.981982 ], [ 1.53588, 44.973498 ] ] ], [ [ [ 1.605367, 44.89817 ], [ 1.608075, 44.895798 ], [ 1.607604, 44.895073 ], [ 1.607393, 44.894786 ], [ 1.606969, 44.89436 ], [ 1.606524, 44.894036 ], [ 1.605331, 44.885454 ], [ 1.604322, 44.881998 ], [ 1.604544, 44.873034 ], [ 1.605352, 44.87281 ], [ 1.605988, 44.872308 ], [ 1.60605, 44.872264 ], [ 1.607587, 44.871225 ], [ 1.608435, 44.870813 ], [ 1.609562, 44.867394 ], [ 1.609262, 44.860896 ], [ 1.609168, 44.859922 ], [ 1.608978, 44.859245 ], [ 1.605633, 44.857914 ], [ 1.605497, 44.858257 ], [ 1.605343, 44.859071 ], [ 1.604392, 44.862303 ], [ 1.596266, 44.861813 ], [ 1.59502, 44.858436 ], [ 1.594119, 44.858768 ], [ 1.593398, 44.859123 ], [ 1.592841, 44.859463 ], [ 1.590369, 44.86065 ], [ 1.588075, 44.861809 ], [ 1.582645, 44.863923 ], [ 1.580958, 44.864511 ], [ 1.579185, 44.865236 ], [ 1.580715, 44.864622 ], [ 1.582432, 44.867786 ], [ 1.590564, 44.866074 ], [ 1.591324, 44.864812 ], [ 1.591973, 44.86433 ], [ 1.600178, 44.865097 ], [ 1.601467, 44.869388 ], [ 1.599821, 44.870573 ], [ 1.59891, 44.870834 ], [ 1.598111, 44.870696 ], [ 1.595289, 44.870301 ], [ 1.591638, 44.870998 ], [ 1.590761, 44.871556 ], [ 1.593799, 44.879804 ], [ 1.594228, 44.879875 ], [ 1.596573, 44.881487 ], [ 1.598351, 44.881859 ], [ 1.598445, 44.881957 ], [ 1.599456, 44.883526 ], [ 1.601076, 44.885302 ], [ 1.601836, 44.888623 ], [ 1.601818, 44.889021 ], [ 1.598739, 44.890366 ], [ 1.59261, 44.89378 ], [ 1.59153, 44.8945 ], [ 1.594322, 44.902943 ], [ 1.595941, 44.902923 ], [ 1.596426, 44.903041 ], [ 1.597413, 44.903381 ], [ 1.597902, 44.903624 ], [ 1.60164, 44.905225 ], [ 1.602005, 44.905588 ], [ 1.605367, 44.89817 ] ] ], [ [ [ 1.567815, 44.862365 ], [ 1.567737, 44.860093 ], [ 1.568013, 44.858125 ], [ 1.568034, 44.857573 ], [ 1.568012, 44.85705 ], [ 1.567961483432563, 44.856476045808257 ], [ 1.564376, 44.856794 ], [ 1.564285, 44.855766 ], [ 1.56425, 44.855584 ], [ 1.564092, 44.854548 ], [ 1.555286, 44.853728 ], [ 1.554428, 44.857611 ], [ 1.554614, 44.858821 ], [ 1.55423, 44.860022 ], [ 1.553573, 44.860942 ], [ 1.552904, 44.865862 ], [ 1.557596, 44.869074 ], [ 1.557896, 44.869334 ], [ 1.56399, 44.870999 ], [ 1.571354, 44.866699 ], [ 1.574067, 44.866721 ], [ 1.567815, 44.862365 ] ] ], [ [ [ 1.570379, 44.845717 ], [ 1.572152, 44.844302 ], [ 1.57242, 44.844114 ], [ 1.571415, 44.840657 ], [ 1.569758, 44.833853 ], [ 1.570322, 44.830347 ], [ 1.567136, 44.828682 ], [ 1.567082, 44.828662 ], [ 1.565816, 44.828268 ], [ 1.562169, 44.827405 ], [ 1.561728, 44.827408 ], [ 1.560197, 44.827477 ], [ 1.558811, 44.828106 ], [ 1.558244, 44.829523 ], [ 1.551374, 44.832105 ], [ 1.555071, 44.836639 ], [ 1.560682, 44.837115 ], [ 1.566324, 44.843432 ], [ 1.567749, 44.846738 ], [ 1.567375, 44.852468 ], [ 1.567651, 44.854007 ], [ 1.570379, 44.845717 ] ] ], [ [ [ 1.554703, 44.810407 ], [ 1.555513, 44.811046 ], [ 1.557756, 44.80946 ], [ 1.558111, 44.808554 ], [ 1.557614, 44.808035 ], [ 1.557094, 44.807571 ], [ 1.556358, 44.807141 ], [ 1.554589, 44.806102 ], [ 1.552564, 44.805021 ], [ 1.551933, 44.804771 ], [ 1.551001, 44.804498 ], [ 1.550349, 44.804488 ], [ 1.54557, 44.797887 ], [ 1.546146, 44.796488 ], [ 1.546406, 44.795947 ], [ 1.546805, 44.794889 ], [ 1.54692, 44.794325 ], [ 1.547104, 44.792852 ], [ 1.543808, 44.790596 ], [ 1.540837, 44.792629 ], [ 1.539116452868542, 44.798811205248427 ], [ 1.539195, 44.798802 ], [ 1.540668, 44.799667 ], [ 1.543951, 44.801069 ], [ 1.546913, 44.806114 ], [ 1.546857, 44.809713 ], [ 1.547438, 44.814328 ], [ 1.547913212225306, 44.815424910420127 ], [ 1.554703, 44.810407 ] ] ], [ [ [ 1.522802, 44.800646 ], [ 1.525347, 44.792486 ], [ 1.524327, 44.793105 ], [ 1.523637, 44.793484 ], [ 1.522691, 44.793962 ], [ 1.521621, 44.79447 ], [ 1.519836, 44.795291 ], [ 1.518071, 44.796102 ], [ 1.516428, 44.796879 ], [ 1.515031, 44.797599 ], [ 1.513987, 44.798199 ], [ 1.512809, 44.798985 ], [ 1.5118, 44.799764 ], [ 1.511165, 44.80032 ], [ 1.510574, 44.800884 ], [ 1.510049, 44.801441 ], [ 1.509454, 44.802156 ], [ 1.509052, 44.802704 ], [ 1.508631, 44.803333 ], [ 1.508207, 44.804059 ], [ 1.507881, 44.804671 ], [ 1.507382, 44.805697 ], [ 1.506853, 44.806857 ], [ 1.506287, 44.808187 ], [ 1.505675, 44.80973 ], [ 1.505083, 44.811156 ], [ 1.504664, 44.812108 ], [ 1.504032, 44.813464 ], [ 1.503307, 44.81495 ], [ 1.502544, 44.816401 ], [ 1.501234, 44.818679 ], [ 1.500242, 44.820258 ], [ 1.498619, 44.822741 ], [ 1.504252, 44.82907 ], [ 1.505781, 44.829399 ], [ 1.511738, 44.827146 ], [ 1.512043, 44.826879 ], [ 1.512955, 44.826077 ], [ 1.514208, 44.825466 ], [ 1.514948, 44.825323 ], [ 1.516271, 44.824978 ], [ 1.523908, 44.820262 ], [ 1.523872, 44.819301 ], [ 1.518163, 44.813371 ], [ 1.517845, 44.813284 ], [ 1.517066, 44.812948 ], [ 1.516387, 44.812481 ], [ 1.518426, 44.809514 ], [ 1.521314, 44.806094 ], [ 1.523816, 44.803505 ], [ 1.524087675524619, 44.803584561713734 ], [ 1.522802, 44.800646 ] ] ], [ [ [ 1.561886, 44.724914 ], [ 1.564197, 44.722668 ], [ 1.566165, 44.720639 ], [ 1.568012, 44.718431 ], [ 1.569325, 44.716646 ], [ 1.570207, 44.71531 ], [ 1.570814, 44.714314 ], [ 1.571323, 44.713384 ], [ 1.572387, 44.711175 ], [ 1.569143, 44.709613 ], [ 1.565114, 44.716294 ], [ 1.563406, 44.718327 ], [ 1.561617, 44.720157 ], [ 1.559378, 44.722332 ], [ 1.558183, 44.723584 ], [ 1.557305, 44.724673 ], [ 1.556851, 44.725298 ], [ 1.556804801469013, 44.725368179447834 ], [ 1.559815, 44.727339 ], [ 1.559037548534703, 44.730115798025032 ], [ 1.561886, 44.724914 ] ] ], [ [ [ 1.489041, 44.821888 ], [ 1.487583, 44.821009 ], [ 1.486557, 44.82082 ], [ 1.480853429583492, 44.81635533627108 ], [ 1.48081, 44.816461 ], [ 1.48041, 44.82495 ], [ 1.486399, 44.829235 ], [ 1.493879, 44.824718 ], [ 1.49411, 44.823947 ], [ 1.494411, 44.823105 ], [ 1.494717, 44.822401 ], [ 1.495096, 44.821641 ], [ 1.495606, 44.820771 ], [ 1.497195, 44.81834 ], [ 1.489041, 44.821888 ] ] ], [ [ [ 1.482598, 44.812092 ], [ 1.482902, 44.811084 ], [ 1.483034, 44.810296 ], [ 1.483056, 44.809609 ], [ 1.482969, 44.808739 ], [ 1.482705, 44.807725 ], [ 1.482241, 44.80672 ], [ 1.481732, 44.80597 ], [ 1.481021, 44.80516 ], [ 1.478823, 44.803392 ], [ 1.476544, 44.801575 ], [ 1.474055, 44.804176 ], [ 1.474666, 44.804761 ], [ 1.472071, 44.813219 ], [ 1.4716, 44.813355 ], [ 1.470468, 44.813847 ], [ 1.469965, 44.814027 ], [ 1.462476, 44.815879 ], [ 1.458938, 44.815523 ], [ 1.458836, 44.815582 ], [ 1.456468, 44.821945 ], [ 1.452931, 44.827231 ], [ 1.445939, 44.832146 ], [ 1.445164, 44.832331 ], [ 1.443329, 44.832778 ], [ 1.44238, 44.833025 ], [ 1.434629, 44.837531 ], [ 1.433456, 44.837476 ], [ 1.432969, 44.83743 ], [ 1.432389, 44.837476 ], [ 1.431853, 44.83764 ], [ 1.431387, 44.837913 ], [ 1.431321740601837, 44.838006355947847 ], [ 1.431397, 44.838003 ], [ 1.43351, 44.838574 ], [ 1.438358, 44.839729 ], [ 1.445729, 44.83777 ], [ 1.448207, 44.831793 ], [ 1.448423, 44.83175 ], [ 1.449064, 44.831678 ], [ 1.456498, 44.828876 ], [ 1.46166, 44.82319 ], [ 1.464068, 44.820159 ], [ 1.465946, 44.820009 ], [ 1.468216, 44.819563 ], [ 1.469534, 44.819714 ], [ 1.475831, 44.819104 ], [ 1.47748, 44.815092 ], [ 1.479129, 44.81108 ], [ 1.482452894452687, 44.812446489941657 ], [ 1.482598, 44.812092 ] ] ], [ [ [ 1.420205, 44.836505 ], [ 1.421199, 44.834256 ], [ 1.422649, 44.832446 ], [ 1.423058, 44.831841 ], [ 1.422035, 44.829866 ], [ 1.421465, 44.829548 ], [ 1.414399, 44.825686 ], [ 1.414061, 44.825605 ], [ 1.412183, 44.827157 ], [ 1.408325, 44.830801 ], [ 1.406852, 44.832391 ], [ 1.405925, 44.833608 ], [ 1.397774, 44.836632 ], [ 1.396375, 44.835812 ], [ 1.395254, 44.835046 ], [ 1.394798, 44.834772 ], [ 1.394426, 44.83459 ], [ 1.391674, 44.835372 ], [ 1.390008, 44.836656 ], [ 1.390237, 44.837414 ], [ 1.390359, 44.837789 ], [ 1.390454, 44.838049 ], [ 1.390693, 44.838244 ], [ 1.391261, 44.838737 ], [ 1.391862, 44.838963 ], [ 1.392022, 44.839024 ], [ 1.394255, 44.839701 ], [ 1.396989521606453, 44.84717925855368 ], [ 1.398196, 44.843667 ], [ 1.398062, 44.84284 ], [ 1.398013, 44.842569 ], [ 1.397734, 44.84142 ], [ 1.39768, 44.840882 ], [ 1.399968, 44.838443 ], [ 1.400083, 44.83851 ], [ 1.400555, 44.838868 ], [ 1.400959, 44.839336 ], [ 1.40125, 44.84004 ], [ 1.410215, 44.840724 ], [ 1.410643, 44.838247 ], [ 1.41126, 44.835088 ], [ 1.411494, 44.834494 ], [ 1.411832, 44.834018 ], [ 1.412341, 44.833541 ], [ 1.412503, 44.833429 ], [ 1.413422, 44.833782 ], [ 1.414859, 44.835668 ], [ 1.419515, 44.83971 ], [ 1.422497426200992, 44.839236995383487 ], [ 1.420205, 44.836505 ] ] ], [ [ [ 1.391823, 44.851275 ], [ 1.391139, 44.851494 ], [ 1.390652, 44.851761 ], [ 1.389256, 44.852706 ], [ 1.390606, 44.85621 ], [ 1.390391, 44.859804 ], [ 1.389216, 44.864002 ], [ 1.381955, 44.863932 ], [ 1.380901, 44.86049 ], [ 1.380205, 44.860703 ], [ 1.373265, 44.861725 ], [ 1.372819, 44.861739 ], [ 1.36617, 44.861679 ], [ 1.364007, 44.863503 ], [ 1.357315, 44.865392 ], [ 1.356409, 44.865486 ], [ 1.356335, 44.865513 ], [ 1.355602, 44.866588 ], [ 1.35546, 44.866825 ], [ 1.356455, 44.868888 ], [ 1.35983, 44.870806 ], [ 1.362621, 44.872655 ], [ 1.362287, 44.872334 ], [ 1.364787, 44.869743 ], [ 1.368333, 44.863251 ], [ 1.369069, 44.863513 ], [ 1.37022, 44.863897 ], [ 1.378467, 44.862914 ], [ 1.38178, 44.864322 ], [ 1.389208, 44.867773 ], [ 1.392994, 44.864488 ], [ 1.393433, 44.863301 ], [ 1.393543, 44.859223 ], [ 1.393509, 44.855623 ], [ 1.395348, 44.851958 ], [ 1.396876280875477, 44.847508921088988 ], [ 1.391823, 44.851275 ] ] ], [ [ [ 1.369422, 44.882591 ], [ 1.36679, 44.889483 ], [ 1.366728, 44.893083 ], [ 1.369927, 44.897897 ], [ 1.3723, 44.90583 ], [ 1.374086, 44.908956 ], [ 1.374336, 44.908812 ], [ 1.375116, 44.908163 ], [ 1.37659, 44.907178 ], [ 1.377037, 44.906827 ], [ 1.377677, 44.906116 ], [ 1.384506, 44.903377 ], [ 1.387838, 44.904174 ], [ 1.390347, 44.901592 ], [ 1.389431, 44.89982 ], [ 1.389188, 44.898855 ], [ 1.388675, 44.897987 ], [ 1.391920487945911, 44.89234280075064 ], [ 1.388064, 44.897305 ], [ 1.387903, 44.898367 ], [ 1.387709, 44.898545 ], [ 1.387281, 44.898852 ], [ 1.38693, 44.89905 ], [ 1.385489, 44.899821 ], [ 1.377211, 44.900371 ], [ 1.374309, 44.902501 ], [ 1.373193, 44.901125 ], [ 1.373017, 44.900891 ], [ 1.372727, 44.900303 ], [ 1.370963, 44.895583 ], [ 1.373267, 44.892817 ], [ 1.37164, 44.885284 ], [ 1.37117, 44.884729 ], [ 1.370807, 44.883873 ], [ 1.367158, 44.876051 ], [ 1.366793, 44.875715 ], [ 1.366163, 44.875186 ], [ 1.369422, 44.882591 ] ] ], [ [ [ 1.400827, 44.896791 ], [ 1.400562, 44.900382 ], [ 1.400871, 44.900405 ], [ 1.401761, 44.900438 ], [ 1.402348, 44.900477 ], [ 1.402504, 44.90049 ], [ 1.40385, 44.900608 ], [ 1.408582, 44.907795 ], [ 1.408835, 44.908475 ], [ 1.409815, 44.911177 ], [ 1.410054, 44.91109 ], [ 1.410606, 44.910821 ], [ 1.410975, 44.910585 ], [ 1.41896, 44.914184 ], [ 1.419875, 44.917665 ], [ 1.420319, 44.921156 ], [ 1.420277, 44.92176 ], [ 1.420563, 44.922707 ], [ 1.42059308250378, 44.923088934404994 ], [ 1.422133, 44.920286 ], [ 1.421075, 44.918514 ], [ 1.421123, 44.917803 ], [ 1.425079, 44.911855 ], [ 1.425151, 44.911718 ], [ 1.425284, 44.911651 ], [ 1.427091, 44.911685 ], [ 1.428112, 44.911758 ], [ 1.428495, 44.911806 ], [ 1.429441, 44.911985 ], [ 1.430237, 44.912186 ], [ 1.436001, 44.910662 ], [ 1.436954, 44.91041 ], [ 1.439725, 44.908991 ], [ 1.441304, 44.908476 ], [ 1.443403, 44.908069 ], [ 1.444378, 44.9079 ], [ 1.448664, 44.90109 ], [ 1.440763, 44.897385 ], [ 1.440099, 44.897946 ], [ 1.439897, 44.898049 ], [ 1.439323, 44.898277 ], [ 1.438764, 44.898361 ], [ 1.435226, 44.90017 ], [ 1.434864, 44.900436 ], [ 1.434148, 44.90111 ], [ 1.433754, 44.901403 ], [ 1.433352, 44.901606 ], [ 1.432447, 44.90205 ], [ 1.431927, 44.902305 ], [ 1.431409, 44.902417 ], [ 1.429805, 44.902527 ], [ 1.429428, 44.902527 ], [ 1.420705, 44.900541 ], [ 1.419452, 44.901571 ], [ 1.418975, 44.902029 ], [ 1.418444, 44.902321 ], [ 1.417893, 44.902508 ], [ 1.412588, 44.906299 ], [ 1.410641, 44.906835 ], [ 1.410092, 44.906503 ], [ 1.409013, 44.905876 ], [ 1.408209, 44.903844 ], [ 1.40749, 44.898545 ], [ 1.401604, 44.89632 ], [ 1.398875, 44.893077 ], [ 1.400827, 44.896791 ] ] ], [ [ [ 1.408079, 44.930998 ], [ 1.408073, 44.930745 ], [ 1.401187, 44.927208 ], [ 1.400027, 44.9238 ], [ 1.399424, 44.924006 ], [ 1.398982, 44.924197 ], [ 1.398408, 44.924527 ], [ 1.397719, 44.925051 ], [ 1.397098, 44.925598 ], [ 1.396642, 44.926134 ], [ 1.388873, 44.930114 ], [ 1.388392, 44.930068 ], [ 1.38731, 44.930058 ], [ 1.386708, 44.930088 ], [ 1.38597, 44.930168 ], [ 1.384262, 44.930407 ], [ 1.381056, 44.930324 ], [ 1.379904, 44.930092 ], [ 1.378885, 44.933545 ], [ 1.379201, 44.933713 ], [ 1.379787, 44.933949 ], [ 1.380273, 44.934026 ], [ 1.383327, 44.934277 ], [ 1.383876, 44.934255 ], [ 1.38489, 44.933952 ], [ 1.386465, 44.933734 ], [ 1.390565, 44.934674 ], [ 1.389061, 44.934016 ], [ 1.388565, 44.933763 ], [ 1.390201, 44.930556 ], [ 1.396949, 44.929692 ], [ 1.399422, 44.927702 ], [ 1.399828, 44.92753 ], [ 1.400981, 44.928374 ], [ 1.405707, 44.931781 ], [ 1.407811, 44.933486 ], [ 1.409446089243768, 44.932323798441892 ], [ 1.408079, 44.930998 ] ] ], [ [ [ 1.398829, 44.944323 ], [ 1.400559, 44.936293 ], [ 1.400158186028111, 44.936151838694443 ], [ 1.398829, 44.944323 ] ] ], [ [ [ 1.39092, 44.947668 ], [ 1.387901, 44.950301 ], [ 1.386893, 44.950781 ], [ 1.380611, 44.953074 ], [ 1.378478, 44.95323 ], [ 1.378742, 44.956821 ], [ 1.383318, 44.958155 ], [ 1.39114, 44.962287 ], [ 1.392518, 44.962276 ], [ 1.392641, 44.962215 ], [ 1.397808, 44.959359 ], [ 1.397938, 44.958777 ], [ 1.397991, 44.958401 ], [ 1.397907, 44.957566 ], [ 1.399061, 44.950525 ], [ 1.398653, 44.951154 ], [ 1.398371, 44.951506 ], [ 1.397908, 44.952045 ], [ 1.39757, 44.952403 ], [ 1.391376, 44.957884 ], [ 1.389273, 44.957976 ], [ 1.387335, 44.957668 ], [ 1.386107, 44.955432 ], [ 1.385362, 44.952828 ], [ 1.385879, 44.952234 ], [ 1.392678, 44.94757 ], [ 1.393203, 44.946439 ], [ 1.393336, 44.946342 ], [ 1.39092, 44.947668 ] ] ], [ [ [ 1.420518, 44.94892 ], [ 1.422047, 44.954165 ], [ 1.421405, 44.958958 ], [ 1.423733, 44.961693 ], [ 1.424848, 44.961632 ], [ 1.425348, 44.961587 ], [ 1.425706, 44.961498 ], [ 1.425987, 44.961418 ], [ 1.426864, 44.961174 ], [ 1.427835, 44.960627 ], [ 1.435218, 44.958076 ], [ 1.442883, 44.961702 ], [ 1.443196, 44.962512 ], [ 1.444351, 44.96333 ], [ 1.447626, 44.964386 ], [ 1.45357, 44.96743 ], [ 1.453814, 44.971022 ], [ 1.455439, 44.976783 ], [ 1.457158, 44.978718 ], [ 1.457302, 44.97871 ], [ 1.457995, 44.978552 ], [ 1.458731, 44.978238 ], [ 1.460247, 44.976244 ], [ 1.461637, 44.973996 ], [ 1.463198155793683, 44.972636396038126 ], [ 1.45961, 44.97073 ], [ 1.4583, 44.967377 ], [ 1.457427, 44.961957 ], [ 1.452685, 44.960172 ], [ 1.451528, 44.960455 ], [ 1.45114, 44.960603 ], [ 1.444849, 44.96138 ], [ 1.444047, 44.960703 ], [ 1.443431, 44.959776 ], [ 1.435892, 44.956107 ], [ 1.427605, 44.958147 ], [ 1.42421, 44.956951 ], [ 1.424429, 44.956327 ], [ 1.425041, 44.955402 ], [ 1.425327, 44.954846 ], [ 1.425853, 44.95347 ], [ 1.419492, 44.94712 ], [ 1.418804, 44.947054 ], [ 1.418197, 44.946926 ], [ 1.412418, 44.947476 ], [ 1.420518, 44.94892 ] ] ], [ [ [ 1.474555, 44.971081 ], [ 1.47441, 44.973895 ], [ 1.474464, 44.973955 ], [ 1.476821, 44.976673 ], [ 1.47875, 44.976412 ], [ 1.479691, 44.976006 ], [ 1.487216, 44.977013 ], [ 1.48621, 44.983365 ], [ 1.485733, 44.983913 ], [ 1.483503, 44.990299 ], [ 1.48393, 44.989957 ], [ 1.487008, 44.987235 ], [ 1.490086, 44.98592 ], [ 1.492093, 44.978199 ], [ 1.490545, 44.976659 ], [ 1.487177, 44.975389 ], [ 1.479745, 44.972671 ], [ 1.477984, 44.970857 ], [ 1.477403, 44.970412 ], [ 1.475052, 44.969016 ], [ 1.473619, 44.968309 ], [ 1.473254, 44.968157 ], [ 1.472985542867172, 44.968250716410758 ], [ 1.474555, 44.971081 ] ] ], [ [ [ 1.479944, 44.993069 ], [ 1.477173, 44.996097 ], [ 1.478884, 44.999265 ], [ 1.480965, 45.000021 ], [ 1.488502, 44.999266 ], [ 1.494956, 44.998038 ], [ 1.500215, 45.001207 ], [ 1.502518, 45.003759 ], [ 1.504393, 45.004604 ], [ 1.508486, 45.004693 ], [ 1.513727, 45.010439 ], [ 1.516094915163601, 45.016801277106232 ], [ 1.517661, 45.015956 ], [ 1.517716, 45.01596 ], [ 1.521369354310312, 45.016591703915324 ], [ 1.522686, 45.015102 ], [ 1.523702, 45.014391 ], [ 1.526655, 45.012332 ], [ 1.533122956500272, 45.015353210935181 ], [ 1.5341, 45.014815 ], [ 1.533861, 45.013323 ], [ 1.533626, 45.012477 ], [ 1.532977, 45.010851 ], [ 1.531219, 45.007211 ], [ 1.528042, 45.003117 ], [ 1.52775512230012, 45.002942378791367 ], [ 1.523273, 45.001407 ], [ 1.521307, 45.007018 ], [ 1.52067, 45.010814 ], [ 1.520814, 45.011835 ], [ 1.520811, 45.012006 ], [ 1.519974, 45.013322 ], [ 1.519826, 45.013364 ], [ 1.519036, 45.013439 ], [ 1.517212, 45.011946 ], [ 1.5166, 45.010206 ], [ 1.515987, 45.008199 ], [ 1.509244, 45.003744 ], [ 1.508064, 45.003591 ], [ 1.504934, 44.998813 ], [ 1.499976, 44.995286 ], [ 1.496414, 44.994766 ], [ 1.490273, 44.994861 ], [ 1.484779, 44.99444 ], [ 1.482049, 44.992094 ], [ 1.482256, 44.991852 ], [ 1.483046, 44.990822 ], [ 1.479944, 44.993069 ] ] ], [ [ [ 1.531367, 45.03057 ], [ 1.53546, 45.023359 ], [ 1.534555, 45.024617 ], [ 1.529645, 45.030927 ], [ 1.529546122465656, 45.030873993165471 ], [ 1.52904, 45.031839 ], [ 1.528597, 45.032793 ], [ 1.527483, 45.035292 ], [ 1.526374, 45.037542 ], [ 1.526432050713372, 45.037785046465018 ], [ 1.53104, 45.031093 ], [ 1.531367, 45.03057 ] ] ] ] } },
{ "type": "Feature", "properties": { "codgeo": "46309", "value": 1020, "isochrone_group": 17.0, "nb_agences": 1 }, "geometry": { "type": "MultiPolygon", "coordinates": [ [ [ [ 1.549516, 44.984018 ], [ 1.549578, 44.983924 ], [ 1.551649, 44.979854 ], [ 1.556441, 44.972436 ], [ 1.560251, 44.967921 ], [ 1.5659, 44.96368 ], [ 1.566877, 44.962666 ], [ 1.566929, 44.962549 ], [ 1.567855, 44.955133 ], [ 1.569987, 44.952233 ], [ 1.572972, 44.945591 ], [ 1.573577, 44.944597 ], [ 1.581895, 44.943924 ], [ 1.58204, 44.944005 ], [ 1.587105, 44.946848 ], [ 1.589839, 44.947741 ], [ 1.593042, 44.945871 ], [ 1.593661, 44.945486 ], [ 1.594167, 44.945048 ], [ 1.602213, 44.94167 ], [ 1.605974, 44.941593 ], [ 1.606263, 44.941349 ], [ 1.607564, 44.940166 ], [ 1.607679, 44.936829 ], [ 1.604989, 44.93131 ], [ 1.603681, 44.928703 ], [ 1.599963, 44.923312 ], [ 1.599028, 44.922834 ], [ 1.598651, 44.922614 ], [ 1.596428, 44.919333 ], [ 1.597026, 44.922258 ], [ 1.598802, 44.930686 ], [ 1.601589, 44.934456 ], [ 1.60238, 44.936011 ], [ 1.602398, 44.937777 ], [ 1.60189, 44.939577 ], [ 1.593795, 44.942236 ], [ 1.593218, 44.942486 ], [ 1.592972, 44.942552 ], [ 1.587083, 44.941096 ], [ 1.581076, 44.93969 ], [ 1.573778, 44.939286 ], [ 1.571665, 44.942534 ], [ 1.566491, 44.949442 ], [ 1.565651, 44.952943 ], [ 1.562406, 44.952454 ], [ 1.557567, 44.957183 ], [ 1.557408, 44.960779 ], [ 1.55519, 44.961069 ], [ 1.55355, 44.961462 ], [ 1.550224, 44.968666 ], [ 1.548927, 44.973771 ], [ 1.547794, 44.976233 ], [ 1.545886153071304, 44.977129972809763 ], [ 1.544747, 44.982083 ], [ 1.544526, 44.985676 ], [ 1.543754488261546, 44.987326097187768 ], [ 1.547324, 44.984573 ], [ 1.549516, 44.984018 ] ] ], [ [ [ 1.606533, 44.914886 ], [ 1.609523, 44.916892 ], [ 1.611594, 44.915534 ], [ 1.611969, 44.915205 ], [ 1.612269, 44.914861 ], [ 1.612926, 44.913912 ], [ 1.613117, 44.913388 ], [ 1.613188, 44.912866 ], [ 1.613188, 44.912697 ], [ 1.613792, 44.903815 ], [ 1.613717, 44.903306 ], [ 1.612044, 44.900818 ], [ 1.61019, 44.897509 ], [ 1.610035, 44.897216 ], [ 1.609697, 44.896757 ], [ 1.609117, 44.896267 ], [ 1.607393, 44.894786 ], [ 1.607604, 44.895073 ], [ 1.608075, 44.895798 ], [ 1.605367, 44.89817 ], [ 1.602005, 44.905588 ], [ 1.604052, 44.907447 ], [ 1.604773, 44.907746 ], [ 1.605714, 44.908641 ], [ 1.605909, 44.909042 ], [ 1.606121, 44.909858 ], [ 1.605751, 44.912588 ], [ 1.604099, 44.913582 ], [ 1.603506, 44.913957 ], [ 1.602447, 44.914121 ], [ 1.606533, 44.914886 ] ] ], [ [ [ 1.609146, 44.886466 ], [ 1.609574, 44.882891 ], [ 1.611085, 44.874293 ], [ 1.611979, 44.874183 ], [ 1.613741, 44.874437 ], [ 1.616315, 44.874931 ], [ 1.61678, 44.874953 ], [ 1.619391, 44.875046 ], [ 1.620298, 44.871562 ], [ 1.619675, 44.865445 ], [ 1.619595, 44.86507 ], [ 1.619272, 44.864858 ], [ 1.61857, 44.864385 ], [ 1.619, 44.85554 ], [ 1.619977, 44.854956 ], [ 1.618129, 44.851866 ], [ 1.616556, 44.850985 ], [ 1.609846, 44.854624 ], [ 1.609518, 44.854741 ], [ 1.609146, 44.854896 ], [ 1.60751, 44.855807 ], [ 1.607183, 44.856016 ], [ 1.598702, 44.858088 ], [ 1.59672, 44.858238 ], [ 1.589461, 44.853914 ], [ 1.586279, 44.85223 ], [ 1.58572, 44.853287 ], [ 1.585452, 44.854792 ], [ 1.576742, 44.853933 ], [ 1.573309, 44.852847 ], [ 1.576586, 44.844742 ], [ 1.578217, 44.844272 ], [ 1.581139, 44.837261 ], [ 1.581504, 44.836939 ], [ 1.58155, 44.833861 ], [ 1.581139, 44.833661 ], [ 1.580939, 44.833602 ], [ 1.580174, 44.833526 ], [ 1.579495, 44.833623 ], [ 1.576818, 44.833115 ], [ 1.576589, 44.824629 ], [ 1.577702, 44.824132 ], [ 1.578599, 44.823838 ], [ 1.577477, 44.820417 ], [ 1.572788, 44.820638 ], [ 1.571041, 44.822826 ], [ 1.56965, 44.82405 ], [ 1.568997, 44.82452 ], [ 1.568242, 44.825216 ], [ 1.561728, 44.827408 ], [ 1.562169, 44.827405 ], [ 1.565816, 44.828268 ], [ 1.567082, 44.828662 ], [ 1.567136, 44.828682 ], [ 1.570322, 44.830347 ], [ 1.569758, 44.833853 ], [ 1.571415, 44.840657 ], [ 1.57242, 44.844114 ], [ 1.572152, 44.844302 ], [ 1.570379, 44.845717 ], [ 1.567651, 44.854007 ], [ 1.567801, 44.854995 ], [ 1.567871, 44.855448 ], [ 1.568012, 44.85705 ], [ 1.568034, 44.857573 ], [ 1.568013, 44.858125 ], [ 1.567737, 44.860093 ], [ 1.567815, 44.862365 ], [ 1.574067, 44.866721 ], [ 1.574544, 44.866664 ], [ 1.574895, 44.866603 ], [ 1.575381, 44.866487 ], [ 1.575905, 44.866338 ], [ 1.579185, 44.865236 ], [ 1.580958, 44.864511 ], [ 1.582645, 44.863923 ], [ 1.588075, 44.861809 ], [ 1.590369, 44.86065 ], [ 1.592841, 44.859463 ], [ 1.593398, 44.859123 ], [ 1.594119, 44.858768 ], [ 1.59502, 44.858436 ], [ 1.596266, 44.861813 ], [ 1.604392, 44.862303 ], [ 1.605343, 44.859071 ], [ 1.605497, 44.858257 ], [ 1.605633, 44.857914 ], [ 1.608978, 44.859245 ], [ 1.609168, 44.859922 ], [ 1.609262, 44.860896 ], [ 1.609562, 44.867394 ], [ 1.608435, 44.870813 ], [ 1.607587, 44.871225 ], [ 1.60605, 44.872264 ], [ 1.605988, 44.872308 ], [ 1.605352, 44.87281 ], [ 1.604544, 44.873034 ], [ 1.604322, 44.881998 ], [ 1.605331, 44.885454 ], [ 1.606524, 44.894036 ], [ 1.606969, 44.89436 ], [ 1.607393, 44.894786 ], [ 1.609146, 44.886466 ] ] ], [ [ [ 1.553137, 44.827472 ], [ 1.552303, 44.827111 ], [ 1.551455, 44.826932 ], [ 1.548993, 44.829325 ], [ 1.549159, 44.829247 ], [ 1.549175, 44.829255 ], [ 1.551374, 44.832105 ], [ 1.558244, 44.829523 ], [ 1.558811, 44.828106 ], [ 1.560197, 44.827477 ], [ 1.553137, 44.827472 ] ] ], [ [ [ 1.556742, 44.812779 ], [ 1.557773, 44.812715 ], [ 1.558113, 44.812041 ], [ 1.558672, 44.810305 ], [ 1.558628, 44.809619 ], [ 1.558741, 44.807337 ], [ 1.558541, 44.80688 ], [ 1.557509, 44.805904 ], [ 1.552564, 44.805021 ], [ 1.554589, 44.806102 ], [ 1.556358, 44.807141 ], [ 1.557094, 44.807571 ], [ 1.557614, 44.808035 ], [ 1.558111, 44.808554 ], [ 1.557756, 44.80946 ], [ 1.555513, 44.811046 ], [ 1.554703, 44.810407 ], [ 1.55258517578548, 44.811972152335642 ], [ 1.556742, 44.812779 ] ] ], [ [ [ 1.548804, 44.79635 ], [ 1.554019, 44.795975 ], [ 1.554522, 44.796111 ], [ 1.555212, 44.796154 ], [ 1.555899, 44.796013 ], [ 1.556634, 44.795602 ], [ 1.557126, 44.795043 ], [ 1.557459, 44.794451 ], [ 1.557622, 44.794088 ], [ 1.555089, 44.792538 ], [ 1.550997, 44.787278 ], [ 1.549886, 44.785268 ], [ 1.54918, 44.78417 ], [ 1.548334, 44.784664 ], [ 1.54766, 44.785202 ], [ 1.547283, 44.785605 ], [ 1.54179, 44.787573 ], [ 1.541397, 44.78754 ], [ 1.540609, 44.787548 ], [ 1.539959, 44.787597 ], [ 1.539378, 44.787687 ], [ 1.539001, 44.787791 ], [ 1.533682, 44.780726 ], [ 1.533263, 44.78133 ], [ 1.532977, 44.78179 ], [ 1.532731, 44.782242 ], [ 1.532396, 44.782955 ], [ 1.532197, 44.783457 ], [ 1.531598, 44.78508 ], [ 1.531174, 44.786085 ], [ 1.530674, 44.78703 ], [ 1.530124, 44.787896 ], [ 1.529376, 44.788928 ], [ 1.528642, 44.789755 ], [ 1.527857, 44.790532 ], [ 1.527091, 44.791205 ], [ 1.526287, 44.791837 ], [ 1.525347, 44.792486 ], [ 1.522802, 44.800646 ], [ 1.524269, 44.803999 ], [ 1.52552, 44.806384 ], [ 1.528029, 44.808846 ], [ 1.528441, 44.809123 ], [ 1.536485, 44.807139 ], [ 1.536939, 44.805504 ], [ 1.537403, 44.802823 ], [ 1.538238, 44.801137 ], [ 1.53864, 44.799725 ], [ 1.538815, 44.799338 ], [ 1.539082, 44.798935 ], [ 1.540837, 44.792629 ], [ 1.543808, 44.790596 ], [ 1.547104, 44.792852 ], [ 1.54692, 44.794325 ], [ 1.546805, 44.794889 ], [ 1.546406, 44.795947 ], [ 1.546146, 44.796488 ], [ 1.54557, 44.797887 ], [ 1.550349, 44.804488 ], [ 1.551001, 44.804498 ], [ 1.548804, 44.79635 ] ] ], [ [ [ 1.57256, 44.710811 ], [ 1.573053, 44.709665 ], [ 1.573426, 44.708699 ], [ 1.573697, 44.70789 ], [ 1.574239, 44.706011 ], [ 1.574447, 44.705013 ], [ 1.574651, 44.703819 ], [ 1.57477, 44.702891 ], [ 1.574856, 44.701997 ], [ 1.574945, 44.700461 ], [ 1.574922, 44.698874 ], [ 1.574855, 44.697931 ], [ 1.574772, 44.696809 ], [ 1.57466, 44.696006 ], [ 1.574407, 44.694556 ], [ 1.573736, 44.691377 ], [ 1.570214, 44.69212 ], [ 1.570878, 44.700981 ], [ 1.569255, 44.709385 ], [ 1.569144603596598, 44.709613772138674 ], [ 1.572385378158746, 44.711174219076419 ], [ 1.57256, 44.710811 ] ] ], [ [ [ 1.493592, 44.81605 ], [ 1.493097, 44.81609 ], [ 1.491947, 44.816529 ], [ 1.490861, 44.817003 ], [ 1.490392, 44.817212 ], [ 1.49023, 44.817308 ], [ 1.489822, 44.817628 ], [ 1.482708, 44.812299 ], [ 1.48302, 44.811293 ], [ 1.483167, 44.810502 ], [ 1.48322, 44.809869 ], [ 1.48319, 44.809042 ], [ 1.482954, 44.807964 ], [ 1.482537, 44.806946 ], [ 1.482038, 44.806126 ], [ 1.481517, 44.805478 ], [ 1.479704, 44.803201 ], [ 1.478109, 44.800458 ], [ 1.47475, 44.796124 ], [ 1.473915, 44.795688 ], [ 1.473287, 44.795489 ], [ 1.472826, 44.795453 ], [ 1.472634, 44.795598 ], [ 1.471039, 44.797008 ], [ 1.471064, 44.797376 ], [ 1.468966, 44.805996 ], [ 1.466755, 44.809381 ], [ 1.460825, 44.811547 ], [ 1.459618, 44.81237 ], [ 1.451741, 44.815441 ], [ 1.44761, 44.819948 ], [ 1.450179, 44.824417 ], [ 1.445939, 44.832146 ], [ 1.452931, 44.827231 ], [ 1.456468, 44.821945 ], [ 1.458836, 44.815582 ], [ 1.458938, 44.815523 ], [ 1.462476, 44.815879 ], [ 1.469965, 44.814027 ], [ 1.470468, 44.813847 ], [ 1.4716, 44.813355 ], [ 1.472071, 44.813219 ], [ 1.474666, 44.804761 ], [ 1.474055, 44.804176 ], [ 1.476544, 44.801575 ], [ 1.478823, 44.803392 ], [ 1.481021, 44.80516 ], [ 1.481732, 44.80597 ], [ 1.482241, 44.80672 ], [ 1.482705, 44.807725 ], [ 1.482969, 44.808739 ], [ 1.483056, 44.809609 ], [ 1.483034, 44.810296 ], [ 1.482902, 44.811084 ], [ 1.482598, 44.812092 ], [ 1.480853, 44.816355 ], [ 1.486557, 44.82082 ], [ 1.487583, 44.821009 ], [ 1.489041, 44.821888 ], [ 1.497195, 44.81834 ], [ 1.498114, 44.816883 ], [ 1.499359, 44.814724 ], [ 1.500071, 44.813372 ], [ 1.500769, 44.811943 ], [ 1.493592, 44.81605 ] ] ], [ [ [ 1.440163, 44.832679 ], [ 1.432519, 44.828105 ], [ 1.431872, 44.824575 ], [ 1.431747, 44.82459 ], [ 1.430997, 44.824843 ], [ 1.428989, 44.825486 ], [ 1.428127, 44.825755 ], [ 1.425781, 44.826618 ], [ 1.425328, 44.826791 ], [ 1.424933, 44.826994 ], [ 1.416766, 44.823877 ], [ 1.41653, 44.823459 ], [ 1.415519, 44.82158 ], [ 1.412086, 44.820496 ], [ 1.411899, 44.820934 ], [ 1.411664, 44.821494 ], [ 1.407178, 44.827127 ], [ 1.404822, 44.828092 ], [ 1.404181, 44.82835 ], [ 1.395687, 44.830821 ], [ 1.393702, 44.830543 ], [ 1.388845, 44.829635 ], [ 1.388369, 44.829577 ], [ 1.386989, 44.83223 ], [ 1.384028, 44.839049 ], [ 1.385672, 44.840588 ], [ 1.386527, 44.84164 ], [ 1.387817, 44.840653 ], [ 1.393002, 44.840337 ], [ 1.393725, 44.847611 ], [ 1.391139, 44.851494 ], [ 1.391823, 44.851275 ], [ 1.39706, 44.847372 ], [ 1.394255, 44.839701 ], [ 1.392022, 44.839024 ], [ 1.391862, 44.838963 ], [ 1.391261, 44.838737 ], [ 1.390693, 44.838244 ], [ 1.390454, 44.838049 ], [ 1.390359, 44.837789 ], [ 1.390237, 44.837414 ], [ 1.390008, 44.836656 ], [ 1.391674, 44.835372 ], [ 1.394426, 44.83459 ], [ 1.394798, 44.834772 ], [ 1.395254, 44.835046 ], [ 1.396375, 44.835812 ], [ 1.397774, 44.836632 ], [ 1.405925, 44.833608 ], [ 1.406852, 44.832391 ], [ 1.408325, 44.830801 ], [ 1.412183, 44.827157 ], [ 1.414061, 44.825605 ], [ 1.414399, 44.825686 ], [ 1.421465, 44.829548 ], [ 1.422035, 44.829866 ], [ 1.423058, 44.831841 ], [ 1.422649, 44.832446 ], [ 1.421199, 44.834256 ], [ 1.420205, 44.836505 ], [ 1.425707, 44.843062 ], [ 1.43066, 44.838953 ], [ 1.431387, 44.837913 ], [ 1.431853, 44.83764 ], [ 1.432389, 44.837476 ], [ 1.432969, 44.83743 ], [ 1.433456, 44.837476 ], [ 1.434629, 44.837531 ], [ 1.44238, 44.833025 ], [ 1.443329, 44.832778 ], [ 1.440163, 44.832679 ] ] ], [ [ [ 1.383923, 44.856755 ], [ 1.383846, 44.856765 ], [ 1.383172, 44.857728 ], [ 1.382523, 44.860112 ], [ 1.381162889582011, 44.861345240931009 ], [ 1.381955, 44.863932 ], [ 1.389216, 44.864002 ], [ 1.390391, 44.859804 ], [ 1.390606, 44.85621 ], [ 1.389304380384002, 44.852831573974484 ], [ 1.383923, 44.856755 ] ] ], [ [ [ 1.37221, 44.859875 ], [ 1.370172, 44.859659 ], [ 1.363962, 44.859343 ], [ 1.357995, 44.861791 ], [ 1.351441, 44.86111 ], [ 1.349848, 44.864338 ], [ 1.350529, 44.873037 ], [ 1.353982, 44.874052 ], [ 1.362621, 44.872655 ], [ 1.35983, 44.870806 ], [ 1.356455, 44.868888 ], [ 1.35546, 44.866825 ], [ 1.355602, 44.866588 ], [ 1.356335, 44.865513 ], [ 1.356409, 44.865486 ], [ 1.357315, 44.865392 ], [ 1.364007, 44.863503 ], [ 1.36617, 44.861679 ], [ 1.372819, 44.861739 ], [ 1.373265, 44.861725 ], [ 1.374924833077809, 44.861480569249935 ], [ 1.37221, 44.859875 ] ] ], [ [ [ 1.364396, 44.878881 ], [ 1.364098, 44.879617 ], [ 1.363984, 44.879962 ], [ 1.362837, 44.88883 ], [ 1.362666, 44.888955 ], [ 1.362905, 44.890763 ], [ 1.363494, 44.891911 ], [ 1.365285, 44.896894 ], [ 1.367262, 44.899902 ], [ 1.368477, 44.907764 ], [ 1.366093, 44.908831 ], [ 1.364052, 44.910627 ], [ 1.36433, 44.911996 ], [ 1.365848, 44.913747 ], [ 1.367875, 44.913357 ], [ 1.370712, 44.911222 ], [ 1.373764, 44.909111 ], [ 1.373945, 44.909028 ], [ 1.37408344102206, 44.908951521072197 ], [ 1.3723, 44.90583 ], [ 1.369927, 44.897897 ], [ 1.366728, 44.893083 ], [ 1.36679, 44.889483 ], [ 1.369422, 44.882591 ], [ 1.366163, 44.875186 ], [ 1.364439, 44.874026 ], [ 1.364149, 44.873809 ], [ 1.362984, 44.872962 ], [ 1.362621, 44.872655 ], [ 1.364396, 44.878881 ] ] ], [ [ [ 1.383397, 44.905472 ], [ 1.388571, 44.907868 ], [ 1.392009, 44.906801 ], [ 1.398107, 44.900921 ], [ 1.400511, 44.900665 ], [ 1.402348, 44.900477 ], [ 1.401761, 44.900438 ], [ 1.400871, 44.900405 ], [ 1.400562, 44.900382 ], [ 1.400827, 44.896791 ], [ 1.398875, 44.893077 ], [ 1.394074, 44.890335 ], [ 1.393491, 44.890322 ], [ 1.393098, 44.890295 ], [ 1.388675, 44.897987 ], [ 1.389188, 44.898855 ], [ 1.389431, 44.89982 ], [ 1.390347, 44.901592 ], [ 1.387838, 44.904174 ], [ 1.384506, 44.903377 ], [ 1.377677, 44.906116 ], [ 1.377037, 44.906827 ], [ 1.37659, 44.907178 ], [ 1.383397, 44.905472 ] ] ], [ [ [ 1.406624, 44.907509 ], [ 1.404653, 44.909505 ], [ 1.404099, 44.909874 ], [ 1.403558, 44.910398 ], [ 1.403242, 44.910758 ], [ 1.405949, 44.913132 ], [ 1.413176, 44.91511 ], [ 1.413856, 44.915457 ], [ 1.417517, 44.91958 ], [ 1.418177, 44.920995 ], [ 1.421014, 44.928433 ], [ 1.420563, 44.922707 ], [ 1.420277, 44.92176 ], [ 1.420319, 44.921156 ], [ 1.419875, 44.917665 ], [ 1.41896, 44.914184 ], [ 1.410975, 44.910585 ], [ 1.410606, 44.910821 ], [ 1.410054, 44.91109 ], [ 1.409815, 44.911177 ], [ 1.408835, 44.908475 ], [ 1.408582, 44.907795 ], [ 1.40385, 44.900608 ], [ 1.402504, 44.90049 ], [ 1.402348, 44.900477 ], [ 1.406624, 44.907509 ] ] ], [ [ [ 1.408682, 44.930433 ], [ 1.406661, 44.927454 ], [ 1.402553, 44.92322 ], [ 1.402251, 44.922317 ], [ 1.401878, 44.921506 ], [ 1.401009, 44.920843 ], [ 1.400358, 44.920699 ], [ 1.399895, 44.920725 ], [ 1.398397, 44.920998 ], [ 1.392119, 44.926944 ], [ 1.38597, 44.930168 ], [ 1.386708, 44.930088 ], [ 1.38731, 44.930058 ], [ 1.388392, 44.930068 ], [ 1.388873, 44.930114 ], [ 1.396642, 44.926134 ], [ 1.397098, 44.925598 ], [ 1.397719, 44.925051 ], [ 1.398408, 44.924527 ], [ 1.398982, 44.924197 ], [ 1.399424, 44.924006 ], [ 1.400027, 44.9238 ], [ 1.401187, 44.927208 ], [ 1.408073, 44.930745 ], [ 1.408079, 44.930998 ], [ 1.414469, 44.937195 ], [ 1.408682, 44.930433 ] ] ], [ [ [ 1.379651, 44.930037 ], [ 1.379254, 44.929988 ], [ 1.375646, 44.929247 ], [ 1.371684, 44.92992 ], [ 1.369513, 44.930251 ], [ 1.369718, 44.933845 ], [ 1.371685, 44.933733 ], [ 1.376757, 44.9348 ], [ 1.380273, 44.934026 ], [ 1.379787, 44.933949 ], [ 1.379201, 44.933713 ], [ 1.378885, 44.933545 ], [ 1.379904, 44.930092 ], [ 1.381056, 44.930324 ], [ 1.379651, 44.930037 ] ] ], [ [ [ 1.390489, 44.945775 ], [ 1.390372, 44.946608 ], [ 1.385565227081354, 44.95126565191061 ], [ 1.386893, 44.950781 ], [ 1.387901, 44.950301 ], [ 1.39092, 44.947668 ], [ 1.393336, 44.946342 ], [ 1.390489, 44.945775 ] ] ], [ [ [ 1.379616, 44.950299 ], [ 1.375666, 44.950526 ], [ 1.374692, 44.950325 ], [ 1.374508, 44.950306 ], [ 1.372849, 44.957986 ], [ 1.372833, 44.958524 ], [ 1.372852, 44.958694 ], [ 1.373063, 44.960161 ], [ 1.373347, 44.961949 ], [ 1.376682, 44.963304 ], [ 1.383962, 44.960592 ], [ 1.38733, 44.961863 ], [ 1.390797, 44.964938 ], [ 1.394253, 44.965945 ], [ 1.395788, 44.965353 ], [ 1.398054, 44.962556 ], [ 1.399651, 44.960641 ], [ 1.399912, 44.960348 ], [ 1.400741, 44.959499 ], [ 1.401364, 44.958639 ], [ 1.399061, 44.950525 ], [ 1.397907, 44.957566 ], [ 1.397991, 44.958401 ], [ 1.397938, 44.958777 ], [ 1.397808, 44.959359 ], [ 1.392641, 44.962215 ], [ 1.392518, 44.962276 ], [ 1.39114, 44.962287 ], [ 1.383318, 44.958155 ], [ 1.378742, 44.956821 ], [ 1.378478, 44.95323 ], [ 1.380611, 44.953074 ], [ 1.383399458934314, 44.952056181417312 ], [ 1.379616, 44.950299 ] ] ], [ [ [ 1.416483, 44.951461 ], [ 1.416741, 44.951754 ], [ 1.417127, 44.952091 ], [ 1.417494, 44.952341 ], [ 1.417994, 44.961216 ], [ 1.417644, 44.964425 ], [ 1.417738, 44.964462 ], [ 1.417888, 44.964508 ], [ 1.418827, 44.964718 ], [ 1.420091, 44.964455 ], [ 1.421127, 44.964286 ], [ 1.421753, 44.964073 ], [ 1.422193, 44.96381 ], [ 1.425706, 44.961498 ], [ 1.425348, 44.961587 ], [ 1.424848, 44.961632 ], [ 1.423733, 44.961693 ], [ 1.421405, 44.958958 ], [ 1.422047, 44.954165 ], [ 1.420518, 44.94892 ], [ 1.412418, 44.947476 ], [ 1.411366, 44.947728 ], [ 1.410756, 44.947663 ], [ 1.416483, 44.951461 ] ] ], [ [ [ 1.433493, 44.959379 ], [ 1.440014, 44.961544 ], [ 1.442056, 44.962228 ], [ 1.4428, 44.96247 ], [ 1.443733597652707, 44.962892740155766 ], [ 1.443196, 44.962512 ], [ 1.442883, 44.961702 ], [ 1.435218, 44.958076 ], [ 1.427835, 44.960627 ], [ 1.427329859731632, 44.960911564085293 ], [ 1.433493, 44.959379 ] ] ], [ [ [ 1.447131, 44.970408 ], [ 1.449145, 44.972994 ], [ 1.449755, 44.980747 ], [ 1.449616, 44.982147 ], [ 1.449516, 44.983063 ], [ 1.451344, 44.983977 ], [ 1.453082, 44.983554 ], [ 1.458479, 44.980744 ], [ 1.458858059797785, 44.978070877812151 ], [ 1.458731, 44.978238 ], [ 1.457995, 44.978552 ], [ 1.457302, 44.97871 ], [ 1.457158, 44.978718 ], [ 1.455439, 44.976783 ], [ 1.453814, 44.971022 ], [ 1.45357, 44.96743 ], [ 1.447626, 44.964386 ], [ 1.444533524875526, 44.963388853822451 ], [ 1.447131, 44.970408 ] ] ], [ [ [ 1.471532, 44.976963 ], [ 1.471541, 44.978109 ], [ 1.471698, 44.979171 ], [ 1.473629, 44.979889 ], [ 1.474005, 44.97962 ], [ 1.475291, 44.978947 ], [ 1.481516, 44.979132 ], [ 1.485733, 44.983913 ], [ 1.48621, 44.983365 ], [ 1.487216, 44.977013 ], [ 1.479691, 44.976006 ], [ 1.47875, 44.976412 ], [ 1.476821, 44.976673 ], [ 1.474464, 44.973955 ], [ 1.47441, 44.973895 ], [ 1.474555, 44.971081 ], [ 1.472765, 44.967853 ], [ 1.46508, 44.970543 ], [ 1.464878, 44.971081 ], [ 1.464774, 44.971264 ], [ 1.471532, 44.976963 ] ] ], [ [ [ 1.48093, 44.990274 ], [ 1.480368, 44.990354 ], [ 1.479775, 44.99057 ], [ 1.478613, 44.991162 ], [ 1.476742, 44.993715 ], [ 1.471469, 44.996826 ], [ 1.471032, 44.99691 ], [ 1.470674, 44.99704 ], [ 1.468322, 44.997641 ], [ 1.468699, 45.001222 ], [ 1.469438, 45.001144 ], [ 1.474735, 45.00075 ], [ 1.482072, 45.001993 ], [ 1.48829, 45.002185 ], [ 1.491851, 45.002717 ], [ 1.49594, 45.003772 ], [ 1.500996, 45.006782 ], [ 1.504447, 45.007807 ], [ 1.509676, 45.009764 ], [ 1.506822, 45.018201 ], [ 1.506821986513022, 45.018201308997824 ], [ 1.508024, 45.018254 ], [ 1.508765, 45.018237 ], [ 1.511169, 45.017862 ], [ 1.515243773644368, 45.014514371610119 ], [ 1.513727, 45.010439 ], [ 1.508486, 45.004693 ], [ 1.504393, 45.004604 ], [ 1.502518, 45.003759 ], [ 1.500215, 45.001207 ], [ 1.494956, 44.998038 ], [ 1.488502, 44.999266 ], [ 1.480965, 45.000021 ], [ 1.478884, 44.999265 ], [ 1.477173, 44.996097 ], [ 1.479944, 44.993069 ], [ 1.483046, 44.990822 ], [ 1.483503, 44.990299 ], [ 1.485733, 44.983913 ], [ 1.48093, 44.990274 ] ] ], [ [ [ 1.534796, 44.979787 ], [ 1.539493, 44.976863 ], [ 1.539934, 44.976438 ], [ 1.540312, 44.976137 ], [ 1.541359586200352, 44.975358859474255 ], [ 1.53588, 44.973498 ], [ 1.533904890719693, 44.980227649451464 ], [ 1.534796, 44.979787 ] ] ] ] } },
{ "type": "Feature", "properties": { "codgeo": "46309", "value": 1080, "isochrone_group": 18.0, "nb_agences": 1 }, "geometry": { "type": "MultiPolygon", "coordinates": [ [ [ [ 1.553288, 44.990043 ], [ 1.556264, 44.988018 ], [ 1.555725, 44.986835 ], [ 1.55482, 44.982977 ], [ 1.559188, 44.975299 ], [ 1.559529, 44.974811 ], [ 1.560827, 44.973063 ], [ 1.563367, 44.969422 ], [ 1.569367, 44.963403 ], [ 1.572586, 44.962221 ], [ 1.575852, 44.959129 ], [ 1.576365, 44.958601 ], [ 1.582838, 44.954945 ], [ 1.585467, 44.954626 ], [ 1.586448, 44.954409 ], [ 1.592474, 44.950252 ], [ 1.592846, 44.950012 ], [ 1.593533, 44.949477 ], [ 1.59403056231072, 44.945166102189532 ], [ 1.593661, 44.945486 ], [ 1.593042, 44.945871 ], [ 1.589839, 44.947741 ], [ 1.587105, 44.946848 ], [ 1.58204, 44.944005 ], [ 1.581895, 44.943924 ], [ 1.573577, 44.944597 ], [ 1.572972, 44.945591 ], [ 1.569987, 44.952233 ], [ 1.567855, 44.955133 ], [ 1.566929, 44.962549 ], [ 1.566877, 44.962666 ], [ 1.5659, 44.96368 ], [ 1.560251, 44.967921 ], [ 1.556441, 44.972436 ], [ 1.551649, 44.979854 ], [ 1.550347330209035, 44.982412085972577 ], [ 1.550708, 44.983126 ], [ 1.551233, 44.983965 ], [ 1.550183, 44.984673 ], [ 1.548182, 44.985876 ], [ 1.548395824404041, 44.987685644741369 ], [ 1.550104, 44.987203 ], [ 1.553288, 44.990043 ] ] ], [ [ [ 1.606785, 44.942632 ], [ 1.609969, 44.94384 ], [ 1.61382, 44.93792 ], [ 1.61383, 44.937864 ], [ 1.613186, 44.935608 ], [ 1.611527, 44.934855 ], [ 1.608965, 44.93197 ], [ 1.610497, 44.924198 ], [ 1.610962, 44.923717 ], [ 1.611258, 44.923188 ], [ 1.611394, 44.922617 ], [ 1.611262, 44.921225 ], [ 1.611188, 44.920899 ], [ 1.612269, 44.914861 ], [ 1.611969, 44.915205 ], [ 1.611594, 44.915534 ], [ 1.609523, 44.916892 ], [ 1.606533, 44.914886 ], [ 1.602447, 44.914121 ], [ 1.596428, 44.919333 ], [ 1.598651, 44.922614 ], [ 1.599028, 44.922834 ], [ 1.599963, 44.923312 ], [ 1.603681, 44.928703 ], [ 1.604989, 44.93131 ], [ 1.607679, 44.936829 ], [ 1.607564, 44.940166 ], [ 1.606263, 44.941349 ], [ 1.605974, 44.941593 ], [ 1.60334867474092, 44.941646749014886 ], [ 1.606785, 44.942632 ] ] ], [ [ [ 1.62106, 44.911488 ], [ 1.621569, 44.91166 ], [ 1.622727, 44.908252 ], [ 1.622218, 44.908079 ], [ 1.619835, 44.907056 ], [ 1.616905, 44.905304 ], [ 1.616131, 44.904786 ], [ 1.615573, 44.90439 ], [ 1.612044, 44.900818 ], [ 1.613717, 44.903306 ], [ 1.613792, 44.903815 ], [ 1.613188, 44.912697 ], [ 1.613188, 44.912866 ], [ 1.613117, 44.913388 ], [ 1.612926, 44.913912 ], [ 1.62106, 44.911488 ] ] ], [ [ [ 1.608823452346303, 44.887996859371817 ], [ 1.607393, 44.894786 ], [ 1.609117, 44.896267 ], [ 1.608823452346303, 44.887996859371817 ] ] ], [ [ [ 1.612072, 44.885963 ], [ 1.611779, 44.885332 ], [ 1.611398, 44.884629 ], [ 1.611039, 44.884103 ], [ 1.6106, 44.883639 ], [ 1.609904344817243, 44.881011248352976 ], [ 1.609574, 44.882891 ], [ 1.609146, 44.886466 ], [ 1.60894683414315, 44.887411270923558 ], [ 1.612072, 44.885963 ] ] ], [ [ [ 1.613741, 44.874437 ], [ 1.611979, 44.874183 ], [ 1.611085, 44.874293 ], [ 1.610738460351977, 44.876264904628535 ], [ 1.613741, 44.874437 ] ] ], [ [ [ 1.617971, 44.877004 ], [ 1.618752, 44.877694 ], [ 1.620024, 44.879961 ], [ 1.622602, 44.879527 ], [ 1.624585, 44.879413 ], [ 1.630783, 44.873235 ], [ 1.633682, 44.873017 ], [ 1.633413, 44.869427 ], [ 1.630869, 44.862689 ], [ 1.628727, 44.859796 ], [ 1.624523, 44.859003 ], [ 1.624279, 44.851673 ], [ 1.624866, 44.851176 ], [ 1.625127, 44.850907 ], [ 1.625383, 44.850572 ], [ 1.625604, 44.850184 ], [ 1.626261, 44.849219 ], [ 1.626557, 44.848639 ], [ 1.626661, 44.847889 ], [ 1.626528, 44.84611 ], [ 1.623451, 44.844242 ], [ 1.615446, 44.842387 ], [ 1.611878, 44.842867 ], [ 1.611264, 44.845599 ], [ 1.611, 44.84638 ], [ 1.611207, 44.847554 ], [ 1.609146, 44.854896 ], [ 1.609518, 44.854741 ], [ 1.609846, 44.854624 ], [ 1.616556, 44.850985 ], [ 1.618129, 44.851866 ], [ 1.619977, 44.854956 ], [ 1.619, 44.85554 ], [ 1.61857, 44.864385 ], [ 1.619272, 44.864858 ], [ 1.619595, 44.86507 ], [ 1.619675, 44.865445 ], [ 1.620298, 44.871562 ], [ 1.619391, 44.875046 ], [ 1.61678, 44.874953 ], [ 1.616315, 44.874931 ], [ 1.613741, 44.874437 ], [ 1.617971, 44.877004 ] ] ], [ [ [ 1.592046, 44.852241 ], [ 1.59099, 44.848799 ], [ 1.590708, 44.848886 ], [ 1.583153, 44.844201 ], [ 1.585345, 44.837921 ], [ 1.585345, 44.834321 ], [ 1.58969, 44.826558 ], [ 1.591376, 44.823377 ], [ 1.591042, 44.8232 ], [ 1.584156, 44.819398 ], [ 1.581355, 44.817104 ], [ 1.574926, 44.815419 ], [ 1.573948, 44.81495 ], [ 1.57323, 44.814782 ], [ 1.57247, 44.814873 ], [ 1.571692, 44.8151 ], [ 1.571133, 44.815324 ], [ 1.570669, 44.81565 ], [ 1.570193, 44.816236 ], [ 1.569453, 44.817341 ], [ 1.569356, 44.818581 ], [ 1.569217, 44.819257 ], [ 1.568378, 44.821497 ], [ 1.561728, 44.827408 ], [ 1.568242, 44.825216 ], [ 1.568997, 44.82452 ], [ 1.56965, 44.82405 ], [ 1.571041, 44.822826 ], [ 1.572788, 44.820638 ], [ 1.577477, 44.820417 ], [ 1.578599, 44.823838 ], [ 1.577702, 44.824132 ], [ 1.576589, 44.824629 ], [ 1.576818, 44.833115 ], [ 1.579495, 44.833623 ], [ 1.580174, 44.833526 ], [ 1.580939, 44.833602 ], [ 1.581139, 44.833661 ], [ 1.58155, 44.833861 ], [ 1.581504, 44.836939 ], [ 1.581139, 44.837261 ], [ 1.578217, 44.844272 ], [ 1.576586, 44.844742 ], [ 1.573309, 44.852847 ], [ 1.576742, 44.853933 ], [ 1.585452, 44.854792 ], [ 1.58572, 44.853287 ], [ 1.586279, 44.85223 ], [ 1.589461, 44.853914 ], [ 1.591968474024487, 44.855407637922852 ], [ 1.592046, 44.852241 ] ] ], [ [ [ 1.552556, 44.825216 ], [ 1.548957, 44.825105 ], [ 1.547003, 44.816947 ], [ 1.546457, 44.81752 ], [ 1.54635, 44.817642 ], [ 1.545987, 44.817926 ], [ 1.545576, 44.818138 ], [ 1.541796, 44.82302 ], [ 1.541746, 44.824072 ], [ 1.548993, 44.829325 ], [ 1.551455, 44.826932 ], [ 1.552303, 44.827111 ], [ 1.553137, 44.827472 ], [ 1.560197, 44.827477 ], [ 1.552556, 44.825216 ] ] ], [ [ [ 1.552009907295326, 44.811860491602893 ], [ 1.548875, 44.811252 ], [ 1.548118141479541, 44.813960920200799 ], [ 1.552009907295326, 44.811860491602893 ] ] ], [ [ [ 1.556679, 44.814027 ], [ 1.557207, 44.813909 ], [ 1.558017, 44.813554 ], [ 1.558706, 44.813092 ], [ 1.55923, 44.812586 ], [ 1.559711, 44.811619 ], [ 1.559807, 44.811066 ], [ 1.559405, 44.80807 ], [ 1.559007, 44.806286 ], [ 1.562199, 44.798038 ], [ 1.562682, 44.797549 ], [ 1.563103, 44.796823 ], [ 1.563254, 44.796103 ], [ 1.563225, 44.795458 ], [ 1.563051, 44.794581 ], [ 1.562297, 44.791948 ], [ 1.560746, 44.787046 ], [ 1.559639, 44.783621 ], [ 1.552984, 44.782837 ], [ 1.552085, 44.78262 ], [ 1.551614, 44.782612 ], [ 1.549466, 44.784014 ], [ 1.549183861387346, 44.784176005387124 ], [ 1.549886, 44.785268 ], [ 1.550997, 44.787278 ], [ 1.555089, 44.792538 ], [ 1.557622, 44.794088 ], [ 1.557459, 44.794451 ], [ 1.557126, 44.795043 ], [ 1.556634, 44.795602 ], [ 1.555899, 44.796013 ], [ 1.555212, 44.796154 ], [ 1.554522, 44.796111 ], [ 1.554019, 44.795975 ], [ 1.548804, 44.79635 ], [ 1.551001, 44.804498 ], [ 1.551933, 44.804771 ], [ 1.552564, 44.805021 ], [ 1.557509, 44.805904 ], [ 1.558541, 44.80688 ], [ 1.558741, 44.807337 ], [ 1.558628, 44.809619 ], [ 1.558672, 44.810305 ], [ 1.558113, 44.812041 ], [ 1.557773, 44.812715 ], [ 1.556742, 44.812779 ], [ 1.555909574284592, 44.8126174245497 ], [ 1.556679, 44.814027 ] ] ], [ [ [ 1.534219, 44.780077 ], [ 1.533682, 44.780726 ], [ 1.533965821578952, 44.781102988053263 ], [ 1.534219, 44.780077 ] ] ], [ [ [ 1.578254, 44.700014 ], [ 1.578147, 44.696415 ], [ 1.573407, 44.689445 ], [ 1.573219, 44.687861 ], [ 1.573028, 44.685104 ], [ 1.573113, 44.682994 ], [ 1.573198, 44.680883 ], [ 1.573253, 44.67941 ], [ 1.573204, 44.676761 ], [ 1.569605, 44.676828 ], [ 1.569516, 44.68285 ], [ 1.569431, 44.68496 ], [ 1.569627, 44.688097 ], [ 1.569832, 44.689865 ], [ 1.57001, 44.691132 ], [ 1.570215903231, 44.692119598495012 ], [ 1.573736, 44.691377 ], [ 1.574407, 44.694556 ], [ 1.57466, 44.696006 ], [ 1.574772, 44.696809 ], [ 1.574855, 44.697931 ], [ 1.574922, 44.698874 ], [ 1.574945, 44.700461 ], [ 1.574856, 44.701997 ], [ 1.57477, 44.702891 ], [ 1.574651, 44.703819 ], [ 1.574447, 44.705013 ], [ 1.574239, 44.706011 ], [ 1.578254, 44.700014 ] ] ], [ [ [ 1.526529, 44.785114 ], [ 1.521073, 44.790746 ], [ 1.521906, 44.790328 ], [ 1.522469, 44.790021 ], [ 1.52331, 44.789518 ], [ 1.528222, 44.783831 ], [ 1.528857, 44.782114 ], [ 1.529144, 44.781409 ], [ 1.529579, 44.780503 ], [ 1.526529, 44.785114 ] ] ], [ [ [ 1.517476, 44.791968 ], [ 1.516952, 44.792194 ], [ 1.51664, 44.792359 ], [ 1.511723, 44.794571 ], [ 1.511302, 44.794852 ], [ 1.508804, 44.797602 ], [ 1.509609, 44.796907 ], [ 1.51082, 44.795984 ], [ 1.512199, 44.795075 ], [ 1.513385, 44.794398 ], [ 1.514888, 44.793625 ], [ 1.516568, 44.79283 ], [ 1.518333, 44.792019 ], [ 1.520077, 44.791218 ], [ 1.521073, 44.790746 ], [ 1.517476, 44.791968 ] ] ], [ [ [ 1.498217, 44.802206 ], [ 1.497182, 44.805654 ], [ 1.499753598566006, 44.81252405805899 ], [ 1.500769, 44.811943 ], [ 1.501369, 44.810656 ], [ 1.501759, 44.809773 ], [ 1.502329, 44.808403 ], [ 1.502975, 44.806775 ], [ 1.503579, 44.805362 ], [ 1.504146, 44.804121 ], [ 1.504708, 44.80297 ], [ 1.505106, 44.802231 ], [ 1.505645, 44.801323 ], [ 1.506157, 44.800565 ], [ 1.506695, 44.799843 ], [ 1.498217, 44.802206 ] ] ], [ [ [ 1.489202776047616, 44.817164147815262 ], [ 1.489822, 44.817628 ], [ 1.49023, 44.817308 ], [ 1.489202776047616, 44.817164147815262 ] ] ], [ [ [ 1.483994, 44.808117 ], [ 1.484217, 44.807022 ], [ 1.484319, 44.806547 ], [ 1.483942, 44.803229 ], [ 1.483989, 44.802675 ], [ 1.4834, 44.801349 ], [ 1.483234, 44.801015 ], [ 1.48286, 44.80069 ], [ 1.482223, 44.800125 ], [ 1.481714, 44.799801 ], [ 1.476746, 44.793619 ], [ 1.476526, 44.791983 ], [ 1.475681, 44.791423 ], [ 1.474797, 44.791052 ], [ 1.474304, 44.79087 ], [ 1.472331, 44.790103 ], [ 1.471387, 44.790523 ], [ 1.466444, 44.794632 ], [ 1.466401, 44.794722 ], [ 1.465805, 44.796372 ], [ 1.466569, 44.798384 ], [ 1.466817, 44.798512 ], [ 1.469474270093443, 44.803907683410188 ], [ 1.471064, 44.797376 ], [ 1.471039, 44.797008 ], [ 1.472634, 44.795598 ], [ 1.472826, 44.795453 ], [ 1.473287, 44.795489 ], [ 1.473915, 44.795688 ], [ 1.47475, 44.796124 ], [ 1.478109, 44.800458 ], [ 1.479704, 44.803201 ], [ 1.481517, 44.805478 ], [ 1.482038, 44.806126 ], [ 1.482537, 44.806946 ], [ 1.482954, 44.807964 ], [ 1.48319, 44.809042 ], [ 1.48322, 44.809869 ], [ 1.483167, 44.810502 ], [ 1.483994, 44.808117 ] ] ], [ [ [ 1.459385, 44.811365 ], [ 1.455565, 44.811243 ], [ 1.455251, 44.811281 ], [ 1.44827, 44.814779 ], [ 1.446981, 44.818141 ], [ 1.439843, 44.82023 ], [ 1.434789, 44.821972 ], [ 1.434063, 44.82216 ], [ 1.433377, 44.822607 ], [ 1.431613, 44.823947 ], [ 1.428989, 44.825486 ], [ 1.430997, 44.824843 ], [ 1.431747, 44.82459 ], [ 1.431872, 44.824575 ], [ 1.432519, 44.828105 ], [ 1.440163, 44.832679 ], [ 1.443329, 44.832778 ], [ 1.445164, 44.832331 ], [ 1.445939, 44.832146 ], [ 1.450179, 44.824417 ], [ 1.44761, 44.819948 ], [ 1.451741, 44.815441 ], [ 1.459618, 44.81237 ], [ 1.460825, 44.811547 ], [ 1.46219990012709, 44.811044802078364 ], [ 1.459385, 44.811365 ] ] ], [ [ [ 1.420047, 44.823624 ], [ 1.418812, 44.821305 ], [ 1.417212, 44.817995 ], [ 1.415638, 44.816303 ], [ 1.414474, 44.814712 ], [ 1.413023, 44.812687 ], [ 1.412712, 44.812246 ], [ 1.40977, 44.81432 ], [ 1.410133, 44.815402 ], [ 1.409789, 44.820239 ], [ 1.404246, 44.822944 ], [ 1.402792, 44.826238 ], [ 1.401446576977776, 44.829145474368737 ], [ 1.404181, 44.82835 ], [ 1.404822, 44.828092 ], [ 1.407178, 44.827127 ], [ 1.411664, 44.821494 ], [ 1.411899, 44.820934 ], [ 1.412086, 44.820496 ], [ 1.415519, 44.82158 ], [ 1.41653, 44.823459 ], [ 1.416766, 44.823877 ], [ 1.424933, 44.826994 ], [ 1.425328, 44.826791 ], [ 1.425781, 44.826618 ], [ 1.428127, 44.825755 ], [ 1.420047, 44.823624 ] ] ], [ [ [ 1.393724, 44.828686 ], [ 1.390755, 44.827125 ], [ 1.388878, 44.826005 ], [ 1.387405, 44.825107 ], [ 1.381355, 44.824744 ], [ 1.380308, 44.824899 ], [ 1.379896, 44.825607 ], [ 1.37971, 44.827149 ], [ 1.380092, 44.828115 ], [ 1.381489, 44.834723 ], [ 1.380646, 44.839603 ], [ 1.378076, 44.844709 ], [ 1.380843, 44.847013 ], [ 1.378884, 44.855294 ], [ 1.37728, 44.855519 ], [ 1.375617, 44.855723 ], [ 1.374762, 44.856117 ], [ 1.374325, 44.856288 ], [ 1.367309, 44.857096 ], [ 1.366688, 44.857086 ], [ 1.363132, 44.85639 ], [ 1.359548, 44.856045 ], [ 1.35668, 44.857995 ], [ 1.350722, 44.859858 ], [ 1.347287, 44.857083 ], [ 1.346753, 44.857007 ], [ 1.346387, 44.856995 ], [ 1.345899, 44.857047 ], [ 1.34177, 44.857713 ], [ 1.341712, 44.858103 ], [ 1.3417, 44.858624 ], [ 1.341796, 44.859147 ], [ 1.342231, 44.860359 ], [ 1.342533, 44.861223 ], [ 1.344207, 44.861398 ], [ 1.349067, 44.863808 ], [ 1.350157846201281, 44.868295932606372 ], [ 1.349848, 44.864338 ], [ 1.351441, 44.86111 ], [ 1.357995, 44.861791 ], [ 1.363962, 44.859343 ], [ 1.370172, 44.859659 ], [ 1.37221, 44.859875 ], [ 1.37861, 44.86366 ], [ 1.382523, 44.860112 ], [ 1.383172, 44.857728 ], [ 1.383846, 44.856765 ], [ 1.383923, 44.856755 ], [ 1.391139, 44.851494 ], [ 1.393725, 44.847611 ], [ 1.393002, 44.840337 ], [ 1.387817, 44.840653 ], [ 1.386527, 44.84164 ], [ 1.385672, 44.840588 ], [ 1.384028, 44.839049 ], [ 1.386989, 44.83223 ], [ 1.388369, 44.829577 ], [ 1.388845, 44.829635 ], [ 1.393702, 44.830543 ], [ 1.395687, 44.830821 ], [ 1.400546087477924, 44.829407436878043 ], [ 1.393724, 44.828686 ] ] ], [ [ [ 1.348983, 44.87427 ], [ 1.346324, 44.876698 ], [ 1.347585, 44.879751 ], [ 1.349295, 44.88124 ], [ 1.34967, 44.881458 ], [ 1.350042, 44.881482 ], [ 1.352005, 44.879673 ], [ 1.35996, 44.883201 ], [ 1.360225, 44.887894 ], [ 1.360232, 44.890464 ], [ 1.360286, 44.890517 ], [ 1.362871, 44.898408 ], [ 1.362162, 44.900003 ], [ 1.36218, 44.900231 ], [ 1.364208, 44.908436 ], [ 1.359561, 44.910955 ], [ 1.357663, 44.914015 ], [ 1.35797, 44.914205 ], [ 1.359844, 44.915296 ], [ 1.360271, 44.915562 ], [ 1.360883, 44.915796 ], [ 1.362297, 44.91647 ], [ 1.365273, 44.915548 ], [ 1.371043, 44.915113 ], [ 1.374239, 44.913457 ], [ 1.37659, 44.907178 ], [ 1.375116, 44.908163 ], [ 1.374336, 44.908812 ], [ 1.373945, 44.909028 ], [ 1.373764, 44.909111 ], [ 1.370712, 44.911222 ], [ 1.367875, 44.913357 ], [ 1.365848, 44.913747 ], [ 1.36433, 44.911996 ], [ 1.364052, 44.910627 ], [ 1.366093, 44.908831 ], [ 1.368477, 44.907764 ], [ 1.367262, 44.899902 ], [ 1.365285, 44.896894 ], [ 1.363494, 44.891911 ], [ 1.362905, 44.890763 ], [ 1.362666, 44.888955 ], [ 1.362837, 44.88883 ], [ 1.363984, 44.879962 ], [ 1.364098, 44.879617 ], [ 1.364396, 44.878881 ], [ 1.362621, 44.872655 ], [ 1.353982, 44.874052 ], [ 1.350529, 44.873037 ], [ 1.350444416352718, 44.871956540164888 ], [ 1.348983, 44.87427 ] ] ], [ [ [ 1.383448, 44.907908 ], [ 1.383962, 44.908125 ], [ 1.388024, 44.911198 ], [ 1.391623, 44.91129 ], [ 1.392411, 44.909623 ], [ 1.39211, 44.907723 ], [ 1.391923698963877, 44.906827473590916 ], [ 1.388571, 44.907868 ], [ 1.383397, 44.905472 ], [ 1.37659, 44.907178 ], [ 1.383448, 44.907908 ] ] ], [ [ [ 1.403437, 44.906715 ], [ 1.402769, 44.908869 ], [ 1.402717, 44.910242 ], [ 1.400951, 44.913674 ], [ 1.399425, 44.919782 ], [ 1.394502, 44.920284 ], [ 1.393717, 44.920372 ], [ 1.38875, 44.92494 ], [ 1.388421, 44.927078 ], [ 1.380375, 44.928814 ], [ 1.37775, 44.926349 ], [ 1.370851, 44.926155 ], [ 1.37067, 44.926043 ], [ 1.36838, 44.928821 ], [ 1.36501, 44.931143 ], [ 1.36343, 44.931826 ], [ 1.36279, 44.932318 ], [ 1.362286, 44.932909 ], [ 1.361716, 44.933522 ], [ 1.361379, 44.933909 ], [ 1.361312, 44.934011 ], [ 1.361975, 44.936348 ], [ 1.362007, 44.936368 ], [ 1.364181, 44.936146 ], [ 1.364695, 44.935729 ], [ 1.369741179475437, 44.933843680172231 ], [ 1.369718, 44.933845 ], [ 1.369513, 44.930251 ], [ 1.371684, 44.92992 ], [ 1.375646, 44.929247 ], [ 1.379254, 44.929988 ], [ 1.379651, 44.930037 ], [ 1.381056, 44.930324 ], [ 1.384262, 44.930407 ], [ 1.38597, 44.930168 ], [ 1.392119, 44.926944 ], [ 1.398397, 44.920998 ], [ 1.399895, 44.920725 ], [ 1.400358, 44.920699 ], [ 1.401009, 44.920843 ], [ 1.401878, 44.921506 ], [ 1.402251, 44.922317 ], [ 1.402553, 44.92322 ], [ 1.406661, 44.927454 ], [ 1.408682, 44.930433 ], [ 1.414469, 44.937195 ], [ 1.419982, 44.93124 ], [ 1.420259, 44.930625 ], [ 1.421014, 44.928433 ], [ 1.418177, 44.920995 ], [ 1.417517, 44.91958 ], [ 1.413856, 44.915457 ], [ 1.413176, 44.91511 ], [ 1.405949, 44.913132 ], [ 1.403242, 44.910758 ], [ 1.403558, 44.910398 ], [ 1.404099, 44.909874 ], [ 1.404653, 44.909505 ], [ 1.406624, 44.907509 ], [ 1.402348, 44.900477 ], [ 1.400511, 44.900665 ], [ 1.398107, 44.900921 ], [ 1.403437, 44.906715 ] ] ], [ [ [ 1.374947, 44.936128 ], [ 1.377117, 44.937943 ], [ 1.376336, 44.94676 ], [ 1.370368, 44.948344 ], [ 1.369262, 44.949104 ], [ 1.369041, 44.949261 ], [ 1.368208, 44.951224 ], [ 1.368959, 44.952691 ], [ 1.372849, 44.957986 ], [ 1.374508, 44.950306 ], [ 1.374692, 44.950325 ], [ 1.375666, 44.950526 ], [ 1.379616, 44.950299 ], [ 1.384312, 44.95248 ], [ 1.390372, 44.946608 ], [ 1.390489, 44.945775 ], [ 1.393336, 44.946342 ], [ 1.394054, 44.946274 ], [ 1.397471, 44.945048 ], [ 1.39787, 44.944748 ], [ 1.398195, 44.94456 ], [ 1.398829, 44.944323 ], [ 1.400185, 44.935987 ], [ 1.396372, 44.934687 ], [ 1.395489, 44.934741 ], [ 1.394604, 44.934934 ], [ 1.393964, 44.935049 ], [ 1.393268, 44.935122 ], [ 1.392799, 44.935138 ], [ 1.392038, 44.935098 ], [ 1.391278, 44.934956 ], [ 1.390898, 44.934824 ], [ 1.390565, 44.934674 ], [ 1.390156, 44.934458 ], [ 1.389061, 44.934016 ], [ 1.386465, 44.933734 ], [ 1.38489, 44.933952 ], [ 1.383876, 44.934255 ], [ 1.383327, 44.934277 ], [ 1.382725, 44.93414 ], [ 1.380832, 44.933994 ], [ 1.380273, 44.934026 ], [ 1.376757, 44.9348 ], [ 1.371685, 44.933733 ], [ 1.369744162265326, 44.933843510333638 ], [ 1.374947, 44.936128 ] ] ], [ [ [ 1.366666, 44.962315 ], [ 1.363642, 44.963116 ], [ 1.363975, 44.9667 ], [ 1.366463, 44.966823 ], [ 1.367454, 44.96675 ], [ 1.367866, 44.96669 ], [ 1.370975, 44.966289 ], [ 1.371429, 44.96622 ], [ 1.372467, 44.966 ], [ 1.3732, 44.96579 ], [ 1.373899, 44.965562 ], [ 1.374363, 44.965386 ], [ 1.374847, 44.96517 ], [ 1.375222, 44.964966 ], [ 1.382252, 44.963825 ], [ 1.384464, 44.964749 ], [ 1.391363, 44.970253 ], [ 1.394813, 44.969224 ], [ 1.400486, 44.967586 ], [ 1.402239, 44.964442 ], [ 1.403896, 44.957994 ], [ 1.404179, 44.957716 ], [ 1.406164, 44.955918 ], [ 1.406003, 44.955246 ], [ 1.410756, 44.947663 ], [ 1.410035, 44.947371 ], [ 1.406353, 44.946542 ], [ 1.404878, 44.946694 ], [ 1.399061, 44.950525 ], [ 1.401364, 44.958639 ], [ 1.400741, 44.959499 ], [ 1.399912, 44.960348 ], [ 1.399651, 44.960641 ], [ 1.398054, 44.962556 ], [ 1.395788, 44.965353 ], [ 1.394253, 44.965945 ], [ 1.390797, 44.964938 ], [ 1.38733, 44.961863 ], [ 1.383962, 44.960592 ], [ 1.376682, 44.963304 ], [ 1.373347, 44.961949 ], [ 1.373063, 44.960161 ], [ 1.372852, 44.958694 ], [ 1.372833, 44.958524 ], [ 1.372849, 44.957986 ], [ 1.366666, 44.962315 ] ] ], [ [ [ 1.415943, 44.952563 ], [ 1.415949, 44.952608 ], [ 1.416075, 44.958673 ], [ 1.414382, 44.961143 ], [ 1.413531, 44.963154 ], [ 1.413024, 44.963802 ], [ 1.412819, 44.964342 ], [ 1.41276, 44.96471 ], [ 1.412794, 44.965356 ], [ 1.413034, 44.96615 ], [ 1.413195, 44.966465 ], [ 1.416177, 44.965889 ], [ 1.41798, 44.965582 ], [ 1.418784, 44.965242 ], [ 1.421127, 44.964286 ], [ 1.420091, 44.964455 ], [ 1.418827, 44.964718 ], [ 1.417888, 44.964508 ], [ 1.417738, 44.964462 ], [ 1.417644, 44.964425 ], [ 1.417994, 44.961216 ], [ 1.417494, 44.952341 ], [ 1.417127, 44.952091 ], [ 1.416741, 44.951754 ], [ 1.416483, 44.951461 ], [ 1.41222953324943, 44.948640209582912 ], [ 1.415943, 44.952563 ] ] ], [ [ [ 1.432202, 44.961858 ], [ 1.432887, 44.962173 ], [ 1.433278, 44.962357 ], [ 1.437923, 44.965196 ], [ 1.441972, 44.970946 ], [ 1.44395, 44.973954 ], [ 1.444143, 44.982429 ], [ 1.445263, 44.984123 ], [ 1.446242, 44.985353 ], [ 1.450409, 44.990613 ], [ 1.453842, 44.989529 ], [ 1.45364, 44.988155 ], [ 1.453608, 44.987586 ], [ 1.453485, 44.987107 ], [ 1.459083, 44.980839 ], [ 1.460224, 44.981108 ], [ 1.460566, 44.9811 ], [ 1.469442, 44.982456 ], [ 1.470531, 44.983626 ], [ 1.472678, 44.984034 ], [ 1.475201, 44.991308 ], [ 1.471767, 44.993678 ], [ 1.469528, 44.995204 ], [ 1.465406, 44.998563 ], [ 1.46456, 44.998865 ], [ 1.464118, 44.999087 ], [ 1.462886, 44.99987 ], [ 1.461657, 45.000637 ], [ 1.460742, 45.001326 ], [ 1.459352, 45.002095 ], [ 1.459194, 45.002225 ], [ 1.458734, 45.003915 ], [ 1.458815, 45.004127 ], [ 1.461483, 45.005004 ], [ 1.462408, 45.004517 ], [ 1.46279, 45.004291 ], [ 1.467723, 45.001794 ], [ 1.469776863123531, 45.001118794776161 ], [ 1.469438, 45.001144 ], [ 1.468699, 45.001222 ], [ 1.468322, 44.997641 ], [ 1.470674, 44.99704 ], [ 1.471032, 44.99691 ], [ 1.471469, 44.996826 ], [ 1.476742, 44.993715 ], [ 1.478613, 44.991162 ], [ 1.479775, 44.99057 ], [ 1.480368, 44.990354 ], [ 1.48093, 44.990274 ], [ 1.485733, 44.983913 ], [ 1.481516, 44.979132 ], [ 1.475291, 44.978947 ], [ 1.474005, 44.97962 ], [ 1.473629, 44.979889 ], [ 1.471698, 44.979171 ], [ 1.471541, 44.978109 ], [ 1.471532, 44.976963 ], [ 1.464774, 44.971264 ], [ 1.461732, 44.973844 ], [ 1.461637, 44.973996 ], [ 1.461527, 44.974104 ], [ 1.458883, 44.977895 ], [ 1.458479, 44.980744 ], [ 1.453082, 44.983554 ], [ 1.451344, 44.983977 ], [ 1.449516, 44.983063 ], [ 1.449616, 44.982147 ], [ 1.449755, 44.980747 ], [ 1.449145, 44.972994 ], [ 1.447131, 44.970408 ], [ 1.444474, 44.963228 ], [ 1.4428, 44.96247 ], [ 1.442056, 44.962228 ], [ 1.440014, 44.961544 ], [ 1.433493, 44.959379 ], [ 1.426371, 44.96115 ], [ 1.425706, 44.961498 ], [ 1.432202, 44.961858 ] ] ], [ [ [ 1.48129, 45.005255 ], [ 1.486179, 45.006377 ], [ 1.489387, 45.006949 ], [ 1.492142, 45.006777 ], [ 1.492852, 45.006754 ], [ 1.497433, 45.008609 ], [ 1.498283612846694, 45.015204735680101 ], [ 1.500321, 45.015423 ], [ 1.500775, 45.01547 ], [ 1.501293, 45.015597 ], [ 1.507684789710933, 45.015650419484537 ], [ 1.509676, 45.009764 ], [ 1.504447, 45.007807 ], [ 1.500996, 45.006782 ], [ 1.49594, 45.003772 ], [ 1.491851, 45.002717 ], [ 1.48829, 45.002185 ], [ 1.482072, 45.001993 ], [ 1.474735, 45.00075 ], [ 1.474463922991696, 45.000770163175609 ], [ 1.48129, 45.005255 ] ] ] ] } },
{ "type": "Feature", "properties": { "codgeo": "46309", "value": 1140, "isochrone_group": 19.0, "nb_agences": 1 }, "geometry": { "type": "MultiPolygon", "coordinates": [ [ [ [ 1.558095, 44.995662 ], [ 1.558191, 44.992338 ], [ 1.557746, 44.989255 ], [ 1.557598, 44.980785 ], [ 1.563914, 44.975876 ], [ 1.56671, 44.973873 ], [ 1.566459, 44.973496 ], [ 1.566219, 44.97319 ], [ 1.56575, 44.97278 ], [ 1.565004, 44.972445 ], [ 1.566282934445473, 44.966496831762107 ], [ 1.563367, 44.969422 ], [ 1.560827, 44.973063 ], [ 1.559529, 44.974811 ], [ 1.559188, 44.975299 ], [ 1.555437936740018, 44.98189080075781 ], [ 1.555738, 44.98261 ], [ 1.557162, 44.988642 ], [ 1.557471, 44.990318 ], [ 1.555877074892974, 44.996116577523104 ], [ 1.557405, 44.996835 ], [ 1.557627, 44.996595 ], [ 1.558095, 44.995662 ] ] ], [ [ [ 1.572595, 44.965405 ], [ 1.573066, 44.965893 ], [ 1.573359, 44.9661 ], [ 1.574414, 44.966735 ], [ 1.576269, 44.96365 ], [ 1.581208, 44.959966 ], [ 1.58841, 44.957219 ], [ 1.591169, 44.955072 ], [ 1.591924, 44.951552 ], [ 1.591725535071466, 44.950768324047104 ], [ 1.586448, 44.954409 ], [ 1.585467, 44.954626 ], [ 1.582838, 44.954945 ], [ 1.576365, 44.958601 ], [ 1.575852, 44.959129 ], [ 1.572586, 44.962221 ], [ 1.569367, 44.963403 ], [ 1.568666306759965, 44.96410591210195 ], [ 1.572595, 44.965405 ] ] ], [ [ [ 1.601746, 44.944852 ], [ 1.604866, 44.946648 ], [ 1.607783, 44.949827 ], [ 1.609582, 44.951847 ], [ 1.609676, 44.951842 ], [ 1.611265, 44.950742 ], [ 1.611633, 44.950041 ], [ 1.611696, 44.948783 ], [ 1.611674, 44.948333 ], [ 1.615973, 44.940784 ], [ 1.61812, 44.93909 ], [ 1.61844, 44.938544 ], [ 1.619104, 44.936336 ], [ 1.619123, 44.936015 ], [ 1.619101, 44.935317 ], [ 1.619011, 44.934835 ], [ 1.618536, 44.934086 ], [ 1.617446, 44.932444 ], [ 1.617056, 44.932497 ], [ 1.612791, 44.931862 ], [ 1.6105, 44.925402 ], [ 1.611258, 44.923188 ], [ 1.610962, 44.923717 ], [ 1.610497, 44.924198 ], [ 1.608965, 44.93197 ], [ 1.611527, 44.934855 ], [ 1.613186, 44.935608 ], [ 1.61383, 44.937864 ], [ 1.61382, 44.93792 ], [ 1.609969, 44.94384 ], [ 1.606785, 44.942632 ], [ 1.602366, 44.941365 ], [ 1.600612, 44.941376 ], [ 1.59442, 44.941792 ], [ 1.594347762614704, 44.942417867312265 ], [ 1.601746, 44.944852 ] ] ], [ [ [ 1.615798565736675, 44.913055951395904 ], [ 1.612926, 44.913912 ], [ 1.612269, 44.914861 ], [ 1.615798565736675, 44.913055951395904 ] ] ], [ [ [ 1.626281, 44.91286 ], [ 1.6274, 44.913013 ], [ 1.627601, 44.913021 ], [ 1.62955, 44.909852 ], [ 1.629221, 44.908398 ], [ 1.627698, 44.906765 ], [ 1.627442, 44.90686 ], [ 1.619835, 44.907056 ], [ 1.622218, 44.908079 ], [ 1.622727, 44.908252 ], [ 1.621592290045162, 44.911591457276408 ], [ 1.626281, 44.91286 ] ] ], [ [ [ 1.616244, 44.882473 ], [ 1.616371, 44.882662 ], [ 1.617699, 44.883058 ], [ 1.618287, 44.882996 ], [ 1.618457, 44.882954 ], [ 1.619444, 44.882753 ], [ 1.619849, 44.882693 ], [ 1.620458, 44.882462 ], [ 1.620852, 44.882182 ], [ 1.624549, 44.880019 ], [ 1.624577, 44.879674 ], [ 1.630783, 44.873235 ], [ 1.624585, 44.879413 ], [ 1.622602, 44.879527 ], [ 1.620024, 44.879961 ], [ 1.618752, 44.877694 ], [ 1.617971, 44.877004 ], [ 1.613741, 44.874437 ], [ 1.608938, 44.877361 ], [ 1.610336630667728, 44.882644154832747 ], [ 1.616244, 44.882473 ] ] ], [ [ [ 1.635837, 44.872855 ], [ 1.638461, 44.872656 ], [ 1.640637, 44.872797 ], [ 1.641089, 44.872808 ], [ 1.643375, 44.872759 ], [ 1.644938, 44.872845 ], [ 1.645365, 44.872785 ], [ 1.647898, 44.872426 ], [ 1.647638, 44.868836 ], [ 1.645635, 44.868981 ], [ 1.645094, 44.869086 ], [ 1.643637, 44.869169 ], [ 1.643171, 44.869151 ], [ 1.640986, 44.86921 ], [ 1.638201, 44.860887 ], [ 1.640227, 44.855655 ], [ 1.638086, 44.85276 ], [ 1.636752, 44.853747 ], [ 1.636462, 44.853988 ], [ 1.635939, 44.854557 ], [ 1.62785, 44.854449 ], [ 1.626557, 44.848639 ], [ 1.626261, 44.849219 ], [ 1.625604, 44.850184 ], [ 1.625383, 44.850572 ], [ 1.625127, 44.850907 ], [ 1.624866, 44.851176 ], [ 1.624279, 44.851673 ], [ 1.624523, 44.859003 ], [ 1.628727, 44.859796 ], [ 1.630869, 44.862689 ], [ 1.633413, 44.869427 ], [ 1.633681997465221, 44.873016966171527 ], [ 1.635837, 44.872855 ] ] ], [ [ [ 1.62773, 44.845249 ], [ 1.627773, 44.84342 ], [ 1.627667, 44.840233 ], [ 1.627767, 44.839203 ], [ 1.627436, 44.837786 ], [ 1.62718, 44.837337 ], [ 1.626967, 44.837136 ], [ 1.624082, 44.835975 ], [ 1.615247, 44.83604 ], [ 1.610098, 44.834298 ], [ 1.60928, 44.835092 ], [ 1.608419, 44.835937 ], [ 1.59982, 44.833559 ], [ 1.601342, 44.830297 ], [ 1.601958, 44.825917 ], [ 1.602043, 44.823714 ], [ 1.600126, 44.822817 ], [ 1.59875, 44.822261 ], [ 1.59051, 44.819965 ], [ 1.589164, 44.817605 ], [ 1.588699, 44.816156 ], [ 1.588203, 44.814525 ], [ 1.584759, 44.81557 ], [ 1.578914, 44.812782 ], [ 1.578345, 44.812174 ], [ 1.577616, 44.811633 ], [ 1.576929, 44.811329 ], [ 1.574282, 44.810546 ], [ 1.573611, 44.810426 ], [ 1.5731, 44.810442 ], [ 1.5723, 44.810565 ], [ 1.570993, 44.810945 ], [ 1.570228, 44.811159 ], [ 1.569101, 44.81162 ], [ 1.567691, 44.814943 ], [ 1.559807, 44.811066 ], [ 1.559711, 44.811619 ], [ 1.55923, 44.812586 ], [ 1.558706, 44.813092 ], [ 1.558017, 44.813554 ], [ 1.557207, 44.813909 ], [ 1.556679, 44.814027 ], [ 1.554703, 44.810407 ], [ 1.547438, 44.814328 ], [ 1.547656, 44.815615 ], [ 1.547531, 44.816088 ], [ 1.547003, 44.816947 ], [ 1.548957, 44.825105 ], [ 1.552556, 44.825216 ], [ 1.560197, 44.827477 ], [ 1.560659, 44.827489 ], [ 1.561728, 44.827408 ], [ 1.568378, 44.821497 ], [ 1.569217, 44.819257 ], [ 1.569356, 44.818581 ], [ 1.569453, 44.817341 ], [ 1.570193, 44.816236 ], [ 1.570669, 44.81565 ], [ 1.571133, 44.815324 ], [ 1.571692, 44.8151 ], [ 1.57247, 44.814873 ], [ 1.57323, 44.814782 ], [ 1.573948, 44.81495 ], [ 1.574926, 44.815419 ], [ 1.581355, 44.817104 ], [ 1.584156, 44.819398 ], [ 1.591042, 44.8232 ], [ 1.591376, 44.823377 ], [ 1.58969, 44.826558 ], [ 1.585345, 44.834321 ], [ 1.585345, 44.837921 ], [ 1.583153, 44.844201 ], [ 1.590708, 44.848886 ], [ 1.59099, 44.848799 ], [ 1.592046, 44.852241 ], [ 1.591838, 44.860737 ], [ 1.59491, 44.862614 ], [ 1.602974, 44.863701 ], [ 1.605343, 44.859071 ], [ 1.605497, 44.858257 ], [ 1.6057, 44.857765 ], [ 1.606044, 44.857137 ], [ 1.606501, 44.856572 ], [ 1.606847, 44.856266 ], [ 1.607183, 44.856016 ], [ 1.60751, 44.855807 ], [ 1.609146, 44.854896 ], [ 1.611207, 44.847554 ], [ 1.611, 44.84638 ], [ 1.611264, 44.845599 ], [ 1.611878, 44.842867 ], [ 1.615446, 44.842387 ], [ 1.623451, 44.844242 ], [ 1.626528, 44.84611 ], [ 1.626661, 44.847889 ], [ 1.62773, 44.845249 ] ] ], [ [ [ 1.560455, 44.808532 ], [ 1.560497, 44.806786 ], [ 1.562199, 44.798038 ], [ 1.559007, 44.806286 ], [ 1.559405, 44.80807 ], [ 1.559807, 44.811066 ], [ 1.560455, 44.808532 ] ] ], [ [ [ 1.565525, 44.785189 ], [ 1.568538, 44.784569 ], [ 1.56893, 44.784555 ], [ 1.569346, 44.784513 ], [ 1.569845, 44.784423 ], [ 1.569208, 44.78088 ], [ 1.567211, 44.780843 ], [ 1.566705, 44.780923 ], [ 1.564267, 44.781816 ], [ 1.562059, 44.78264 ], [ 1.553296, 44.781163 ], [ 1.550238, 44.780726 ], [ 1.550033, 44.780851 ], [ 1.549173, 44.782542 ], [ 1.54766, 44.785202 ], [ 1.548334, 44.784664 ], [ 1.549466, 44.784014 ], [ 1.551614, 44.782612 ], [ 1.552085, 44.78262 ], [ 1.552984, 44.782837 ], [ 1.559639, 44.783621 ], [ 1.560746, 44.787046 ], [ 1.562297, 44.791948 ], [ 1.565525, 44.785189 ] ] ], [ [ [ 1.53636, 44.78026 ], [ 1.53787, 44.778859 ], [ 1.539009, 44.77776 ], [ 1.539694, 44.776965 ], [ 1.5409, 44.775531 ], [ 1.540796, 44.770264 ], [ 1.540486, 44.771145 ], [ 1.540122, 44.772033 ], [ 1.539544, 44.773224 ], [ 1.539073, 44.774077 ], [ 1.53862, 44.774805 ], [ 1.537921, 44.775824 ], [ 1.537323, 44.77661 ], [ 1.536717, 44.777338 ], [ 1.535442, 44.778737 ], [ 1.534219, 44.780077 ], [ 1.53317, 44.784328 ], [ 1.539001, 44.787791 ], [ 1.539378, 44.787687 ], [ 1.539959, 44.787597 ], [ 1.540609, 44.787548 ], [ 1.53636, 44.78026 ] ] ], [ [ [ 1.571483, 44.713389 ], [ 1.572658, 44.710925 ], [ 1.573156, 44.70976 ], [ 1.573524, 44.708822 ], [ 1.573809, 44.707984 ], [ 1.574343, 44.706141 ], [ 1.578893, 44.699995 ], [ 1.584622, 44.699857 ], [ 1.586541, 44.699398 ], [ 1.586617, 44.69931 ], [ 1.586397, 44.696725 ], [ 1.586327, 44.696685 ], [ 1.58265, 44.695418 ], [ 1.581258, 44.694932 ], [ 1.574606082245478, 44.691208207436908 ], [ 1.578147, 44.696415 ], [ 1.578254, 44.700014 ], [ 1.574239, 44.706011 ], [ 1.573697, 44.70789 ], [ 1.573426, 44.708699 ], [ 1.573053, 44.709665 ], [ 1.57256, 44.710811 ], [ 1.571323, 44.713384 ], [ 1.570814, 44.714314 ], [ 1.570207, 44.71531 ], [ 1.571483, 44.713389 ] ] ], [ [ [ 1.573191, 44.676369 ], [ 1.572897, 44.67345 ], [ 1.572677, 44.671994 ], [ 1.572451, 44.670745 ], [ 1.571783, 44.667647 ], [ 1.57126, 44.665975 ], [ 1.570726, 44.664439 ], [ 1.570196, 44.663 ], [ 1.569704, 44.661801 ], [ 1.568748, 44.659716 ], [ 1.568152, 44.658538 ], [ 1.56494, 44.660164 ], [ 1.566636, 44.663975 ], [ 1.566804, 44.66438 ], [ 1.569133, 44.672632 ], [ 1.569558143723004, 44.679998432585087 ], [ 1.569605, 44.676828 ], [ 1.57319899400788, 44.676761093192944 ], [ 1.573191, 44.676369 ] ] ], [ [ [ 1.524245, 44.778119 ], [ 1.523037, 44.777507 ], [ 1.522215, 44.777002 ], [ 1.521489, 44.776473 ], [ 1.521168, 44.77633 ], [ 1.520775, 44.776181 ], [ 1.519072, 44.776868 ], [ 1.518891, 44.777266 ], [ 1.516054, 44.78371 ], [ 1.516153, 44.78377 ], [ 1.51664, 44.792359 ], [ 1.516952, 44.792194 ], [ 1.517476, 44.791968 ], [ 1.521073, 44.790746 ], [ 1.526529, 44.785114 ], [ 1.529579, 44.780503 ], [ 1.529929, 44.779874 ], [ 1.530321, 44.779256 ], [ 1.530913, 44.778425 ], [ 1.53156, 44.77765 ], [ 1.532783, 44.77631 ], [ 1.524245, 44.778119 ] ] ], [ [ [ 1.512212, 44.793103 ], [ 1.508756, 44.79411 ], [ 1.508841, 44.794575 ], [ 1.507439, 44.798961 ], [ 1.508094, 44.798275 ], [ 1.508804, 44.797602 ], [ 1.511302, 44.794852 ], [ 1.511723, 44.794571 ], [ 1.51664, 44.792359 ], [ 1.512212, 44.793103 ] ] ], [ [ [ 1.499493, 44.796413 ], [ 1.496123, 44.795695 ], [ 1.495948, 44.795787 ], [ 1.491509, 44.798061 ], [ 1.486092, 44.799125 ], [ 1.4815, 44.791978 ], [ 1.481242, 44.791759 ], [ 1.48076, 44.791386 ], [ 1.480378, 44.791157 ], [ 1.474771, 44.788279 ], [ 1.470225, 44.785541 ], [ 1.469467, 44.785404 ], [ 1.466256, 44.786688 ], [ 1.460311, 44.790976 ], [ 1.45773, 44.794157 ], [ 1.457673, 44.797757 ], [ 1.457893, 44.803473 ], [ 1.453073, 44.810471 ], [ 1.444932, 44.812573 ], [ 1.444588, 44.812913 ], [ 1.441559, 44.816505 ], [ 1.440839, 44.817249 ], [ 1.440122, 44.81792 ], [ 1.439557, 44.818486 ], [ 1.434621582129828, 44.822015353387869 ], [ 1.434789, 44.821972 ], [ 1.439843, 44.82023 ], [ 1.446981, 44.818141 ], [ 1.44827, 44.814779 ], [ 1.455251, 44.811281 ], [ 1.455565, 44.811243 ], [ 1.459385, 44.811365 ], [ 1.467508, 44.810441 ], [ 1.470714, 44.806425 ], [ 1.466817, 44.798512 ], [ 1.466569, 44.798384 ], [ 1.465805, 44.796372 ], [ 1.466401, 44.794722 ], [ 1.466444, 44.794632 ], [ 1.471387, 44.790523 ], [ 1.472331, 44.790103 ], [ 1.474304, 44.79087 ], [ 1.474797, 44.791052 ], [ 1.475681, 44.791423 ], [ 1.476526, 44.791983 ], [ 1.476746, 44.793619 ], [ 1.481714, 44.799801 ], [ 1.482223, 44.800125 ], [ 1.48286, 44.80069 ], [ 1.483234, 44.801015 ], [ 1.4834, 44.801349 ], [ 1.483989, 44.802675 ], [ 1.483942, 44.803229 ], [ 1.484319, 44.806547 ], [ 1.484217, 44.807022 ], [ 1.483994, 44.808117 ], [ 1.483167, 44.810502 ], [ 1.48302, 44.811293 ], [ 1.482708, 44.812299 ], [ 1.483689, 44.816392 ], [ 1.49023, 44.817308 ], [ 1.490392, 44.817212 ], [ 1.490861, 44.817003 ], [ 1.491947, 44.816529 ], [ 1.493097, 44.81609 ], [ 1.493592, 44.81605 ], [ 1.493894, 44.816069 ], [ 1.494452, 44.816111 ], [ 1.496087, 44.815982 ], [ 1.500071, 44.813372 ], [ 1.497182, 44.805654 ], [ 1.498217, 44.802206 ], [ 1.506695, 44.799843 ], [ 1.507439, 44.798961 ], [ 1.499493, 44.796413 ] ] ], [ [ [ 1.425028, 44.821371 ], [ 1.423326, 44.81801 ], [ 1.418469, 44.811876 ], [ 1.411637, 44.806407 ], [ 1.411605, 44.806041 ], [ 1.40826, 44.80516 ], [ 1.40805, 44.805729 ], [ 1.40697, 44.808288 ], [ 1.406748, 44.810507 ], [ 1.40629, 44.816898 ], [ 1.400808, 44.819504 ], [ 1.392303, 44.822149 ], [ 1.388404, 44.821568 ], [ 1.380875, 44.819316 ], [ 1.377649, 44.817718 ], [ 1.377075, 44.818875 ], [ 1.375173, 44.822907 ], [ 1.374562, 44.824324 ], [ 1.37517, 44.831121 ], [ 1.375379, 44.834715 ], [ 1.376713, 44.835913 ], [ 1.378885652779159, 44.843100405801401 ], [ 1.380646, 44.839603 ], [ 1.381489, 44.834723 ], [ 1.380092, 44.828115 ], [ 1.37971, 44.827149 ], [ 1.379896, 44.825607 ], [ 1.380308, 44.824899 ], [ 1.381355, 44.824744 ], [ 1.387405, 44.825107 ], [ 1.388878, 44.826005 ], [ 1.390755, 44.827125 ], [ 1.393724, 44.828686 ], [ 1.401289, 44.829486 ], [ 1.402792, 44.826238 ], [ 1.404246, 44.822944 ], [ 1.409789, 44.820239 ], [ 1.410133, 44.815402 ], [ 1.40977, 44.81432 ], [ 1.412712, 44.812246 ], [ 1.413023, 44.812687 ], [ 1.414474, 44.814712 ], [ 1.415638, 44.816303 ], [ 1.417212, 44.817995 ], [ 1.418812, 44.821305 ], [ 1.420047, 44.823624 ], [ 1.428127, 44.825755 ], [ 1.428989, 44.825486 ], [ 1.431613, 44.823947 ], [ 1.432033462941946, 44.823627600713024 ], [ 1.425028, 44.821371 ] ] ], [ [ [ 1.377707, 44.845266 ], [ 1.376873, 44.8461 ], [ 1.37653, 44.846395 ], [ 1.376007, 44.847093 ], [ 1.375573, 44.847842 ], [ 1.373011, 44.850178 ], [ 1.366339, 44.849518 ], [ 1.360214, 44.848372 ], [ 1.359482, 44.848469 ], [ 1.359068, 44.848564 ], [ 1.358697, 44.848706 ], [ 1.357307, 44.850925 ], [ 1.355265, 44.854585 ], [ 1.347287, 44.857083 ], [ 1.350722, 44.859858 ], [ 1.35668, 44.857995 ], [ 1.359548, 44.856045 ], [ 1.363132, 44.85639 ], [ 1.366688, 44.857086 ], [ 1.367309, 44.857096 ], [ 1.374325, 44.856288 ], [ 1.374762, 44.856117 ], [ 1.375617, 44.855723 ], [ 1.37728, 44.855519 ], [ 1.378884, 44.855294 ], [ 1.380843, 44.847013 ], [ 1.378114853459965, 44.84474135214014 ], [ 1.377707, 44.845266 ] ] ], [ [ [ 1.346708575899992, 44.856868693127481 ], [ 1.347261259132982, 44.857079336505826 ], [ 1.347287, 44.857083 ], [ 1.346708575899992, 44.856868693127481 ] ] ], [ [ [ 1.342599, 44.861472 ], [ 1.340427260727256, 44.861192909864741 ], [ 1.341335, 44.862323 ], [ 1.341896, 44.862713 ], [ 1.342383, 44.863127 ], [ 1.343254, 44.871831 ], [ 1.343244, 44.875431 ], [ 1.342464, 44.880173 ], [ 1.343066, 44.880431 ], [ 1.350355, 44.88529 ], [ 1.350847, 44.885873 ], [ 1.354502, 44.891972 ], [ 1.354628, 44.89222 ], [ 1.357079, 44.892999 ], [ 1.360589, 44.901045 ], [ 1.360267, 44.901536 ], [ 1.361029, 44.908185 ], [ 1.356947, 44.909918 ], [ 1.356354, 44.909949 ], [ 1.355862, 44.910047 ], [ 1.35511, 44.910294 ], [ 1.354533, 44.910578 ], [ 1.352239, 44.911523 ], [ 1.351578, 44.911703 ], [ 1.35114, 44.911913 ], [ 1.350075, 44.912446 ], [ 1.348851, 44.915597 ], [ 1.348924, 44.915652 ], [ 1.349551, 44.915956 ], [ 1.350104, 44.916045 ], [ 1.358106, 44.919374 ], [ 1.361404, 44.919619 ], [ 1.36696, 44.926159 ], [ 1.36343, 44.931826 ], [ 1.36501, 44.931143 ], [ 1.36838, 44.928821 ], [ 1.37067, 44.926043 ], [ 1.370851, 44.926155 ], [ 1.37775, 44.926349 ], [ 1.380375, 44.928814 ], [ 1.388421, 44.927078 ], [ 1.38875, 44.92494 ], [ 1.393717, 44.920372 ], [ 1.394502, 44.920284 ], [ 1.399425, 44.919782 ], [ 1.400951, 44.913674 ], [ 1.402717, 44.910242 ], [ 1.402769, 44.908869 ], [ 1.403437, 44.906715 ], [ 1.398107, 44.900921 ], [ 1.391732, 44.905906 ], [ 1.39211, 44.907723 ], [ 1.392411, 44.909623 ], [ 1.391623, 44.91129 ], [ 1.388024, 44.911198 ], [ 1.383962, 44.908125 ], [ 1.383448, 44.907908 ], [ 1.37659, 44.907178 ], [ 1.374239, 44.913457 ], [ 1.371043, 44.915113 ], [ 1.365273, 44.915548 ], [ 1.362297, 44.91647 ], [ 1.360883, 44.915796 ], [ 1.360271, 44.915562 ], [ 1.359844, 44.915296 ], [ 1.35797, 44.914205 ], [ 1.357663, 44.914015 ], [ 1.359561, 44.910955 ], [ 1.364208, 44.908436 ], [ 1.36218, 44.900231 ], [ 1.362162, 44.900003 ], [ 1.362871, 44.898408 ], [ 1.360286, 44.890517 ], [ 1.360232, 44.890464 ], [ 1.360225, 44.887894 ], [ 1.35996, 44.883201 ], [ 1.352005, 44.879673 ], [ 1.350042, 44.881482 ], [ 1.34967, 44.881458 ], [ 1.349295, 44.88124 ], [ 1.347585, 44.879751 ], [ 1.346324, 44.876698 ], [ 1.348983, 44.87427 ], [ 1.35088, 44.871267 ], [ 1.349067, 44.863808 ], [ 1.344279140967719, 44.861433773607452 ], [ 1.342599, 44.861472 ] ] ], [ [ [ 1.360601, 44.933389 ], [ 1.355678, 44.935406 ], [ 1.354324, 44.9376 ], [ 1.354341, 44.937814 ], [ 1.354708, 44.938873 ], [ 1.355445, 44.939125 ], [ 1.357502, 44.939696 ], [ 1.357669, 44.939564 ], [ 1.362017, 44.938476 ], [ 1.363344, 44.946651 ], [ 1.364024, 44.950186 ], [ 1.364663, 44.95034 ], [ 1.36748, 44.952346 ], [ 1.364851, 44.960515 ], [ 1.362844, 44.960478 ], [ 1.36276, 44.960515 ], [ 1.360192, 44.962584 ], [ 1.356526, 44.966737 ], [ 1.356129, 44.967094 ], [ 1.353486, 44.969289 ], [ 1.354771, 44.971196 ], [ 1.355587, 44.972212 ], [ 1.356954, 44.971229 ], [ 1.357697, 44.970642 ], [ 1.358101, 44.970265 ], [ 1.35988, 44.969062 ], [ 1.367189, 44.969921 ], [ 1.36991, 44.969151 ], [ 1.377336, 44.969218 ], [ 1.384463, 44.968724 ], [ 1.391297, 44.974569 ], [ 1.394582, 44.973096 ], [ 1.402574, 44.970494 ], [ 1.410431, 44.966702 ], [ 1.410986, 44.967009 ], [ 1.414008, 44.969909 ], [ 1.416032, 44.971454 ], [ 1.416709, 44.971407 ], [ 1.417653, 44.970132 ], [ 1.421753, 44.964073 ], [ 1.421127, 44.964286 ], [ 1.418784, 44.965242 ], [ 1.41798, 44.965582 ], [ 1.416177, 44.965889 ], [ 1.413195, 44.966465 ], [ 1.413034, 44.96615 ], [ 1.412794, 44.965356 ], [ 1.41276, 44.96471 ], [ 1.412819, 44.964342 ], [ 1.413024, 44.963802 ], [ 1.413531, 44.963154 ], [ 1.414382, 44.961143 ], [ 1.416075, 44.958673 ], [ 1.415949, 44.952608 ], [ 1.415943, 44.952563 ], [ 1.411366, 44.947728 ], [ 1.410756, 44.947663 ], [ 1.406003, 44.955246 ], [ 1.406164, 44.955918 ], [ 1.404179, 44.957716 ], [ 1.403896, 44.957994 ], [ 1.402239, 44.964442 ], [ 1.400486, 44.967586 ], [ 1.394813, 44.969224 ], [ 1.391363, 44.970253 ], [ 1.384464, 44.964749 ], [ 1.382252, 44.963825 ], [ 1.375222, 44.964966 ], [ 1.374847, 44.96517 ], [ 1.374363, 44.965386 ], [ 1.373899, 44.965562 ], [ 1.3732, 44.96579 ], [ 1.372467, 44.966 ], [ 1.371429, 44.96622 ], [ 1.370975, 44.966289 ], [ 1.367866, 44.96669 ], [ 1.367454, 44.96675 ], [ 1.366463, 44.966823 ], [ 1.363975, 44.9667 ], [ 1.363642, 44.963116 ], [ 1.366666, 44.962315 ], [ 1.372849, 44.957986 ], [ 1.368959, 44.952691 ], [ 1.368208, 44.951224 ], [ 1.369041, 44.949261 ], [ 1.369262, 44.949104 ], [ 1.370368, 44.948344 ], [ 1.376336, 44.94676 ], [ 1.377117, 44.937943 ], [ 1.374947, 44.936128 ], [ 1.369743, 44.933843 ], [ 1.364695, 44.935729 ], [ 1.364181, 44.936146 ], [ 1.362007, 44.936368 ], [ 1.361975, 44.936348 ], [ 1.361312, 44.934011 ], [ 1.361379, 44.933909 ], [ 1.361716, 44.933522 ], [ 1.362286, 44.932909 ], [ 1.36279, 44.932318 ], [ 1.360601, 44.933389 ] ] ], [ [ [ 1.432042, 44.965089 ], [ 1.434153, 44.968005 ], [ 1.438696, 44.974544 ], [ 1.438995, 44.981317 ], [ 1.438332, 44.984489 ], [ 1.44, 44.987208 ], [ 1.44302, 44.987812 ], [ 1.446983, 44.99411 ], [ 1.447047, 44.994219 ], [ 1.447294, 44.994272 ], [ 1.447968, 44.994363 ], [ 1.453038, 44.995897 ], [ 1.453633, 45.004705 ], [ 1.453247, 45.005077 ], [ 1.452366, 45.00615 ], [ 1.455149, 45.008434 ], [ 1.457638, 45.008751 ], [ 1.458092, 45.008589 ], [ 1.458584, 45.008327 ], [ 1.466264, 45.007162 ], [ 1.467563, 45.007495 ], [ 1.468779, 45.004106 ], [ 1.476931, 45.005728 ], [ 1.48302, 45.010338 ], [ 1.487369404215893, 45.013871515976753 ], [ 1.487464, 45.011961 ], [ 1.490007, 45.011969 ], [ 1.49039, 45.011962 ], [ 1.490782, 45.012002 ], [ 1.494422, 45.012431 ], [ 1.498101762593957, 45.01379465093347 ], [ 1.497433, 45.008609 ], [ 1.492852, 45.006754 ], [ 1.492142, 45.006777 ], [ 1.489387, 45.006949 ], [ 1.486179, 45.006377 ], [ 1.48129, 45.005255 ], [ 1.474348, 45.000694 ], [ 1.469977, 45.001053 ], [ 1.467723, 45.001794 ], [ 1.46279, 45.004291 ], [ 1.462408, 45.004517 ], [ 1.461483, 45.005004 ], [ 1.458815, 45.004127 ], [ 1.458734, 45.003915 ], [ 1.459194, 45.002225 ], [ 1.459352, 45.002095 ], [ 1.460742, 45.001326 ], [ 1.461657, 45.000637 ], [ 1.462886, 44.99987 ], [ 1.464118, 44.999087 ], [ 1.46456, 44.998865 ], [ 1.465406, 44.998563 ], [ 1.469528, 44.995204 ], [ 1.471767, 44.993678 ], [ 1.475201, 44.991308 ], [ 1.472678, 44.984034 ], [ 1.470531, 44.983626 ], [ 1.469442, 44.982456 ], [ 1.460566, 44.9811 ], [ 1.460224, 44.981108 ], [ 1.459083, 44.980839 ], [ 1.453485, 44.987107 ], [ 1.453608, 44.987586 ], [ 1.45364, 44.988155 ], [ 1.453842, 44.989529 ], [ 1.450409, 44.990613 ], [ 1.446242, 44.985353 ], [ 1.445263, 44.984123 ], [ 1.444143, 44.982429 ], [ 1.44395, 44.973954 ], [ 1.441972, 44.970946 ], [ 1.437923, 44.965196 ], [ 1.433278, 44.962357 ], [ 1.432887, 44.962173 ], [ 1.432202, 44.961858 ], [ 1.425706, 44.961498 ], [ 1.425472110456243, 44.961651929013698 ], [ 1.432042, 44.965089 ] ] ], [ [ [ 1.338212861377543, 44.852627950534469 ], [ 1.338396177320108, 44.852737665126092 ], [ 1.338333, 44.852694 ], [ 1.338212861377543, 44.852627950534469 ] ] ] ] } },
{ "type": "Feature", "properties": { "codgeo": "46309", "value": 1200, "isochrone_group": 20.0, "nb_agences": 1 }, "geometry": { "type": "MultiPolygon", "coordinates": [ [ [ [ 1.56061, 45.000957 ], [ 1.561432, 45.001356 ], [ 1.562818, 44.999715 ], [ 1.563339, 44.998302 ], [ 1.56385, 44.995312 ], [ 1.562593, 44.991939 ], [ 1.5596, 44.99032 ], [ 1.559003, 44.989743 ], [ 1.562169, 44.981482 ], [ 1.562365, 44.981393 ], [ 1.569907, 44.978808 ], [ 1.570851, 44.978735 ], [ 1.570996, 44.978684 ], [ 1.570378, 44.975239 ], [ 1.575858, 44.969363 ], [ 1.579059, 44.967715 ], [ 1.582443, 44.963885 ], [ 1.587532, 44.9615 ], [ 1.594324, 44.95866 ], [ 1.594481, 44.958613 ], [ 1.5958, 44.956398 ], [ 1.60461, 44.955417 ], [ 1.6093, 44.957777 ], [ 1.610046, 44.958331 ], [ 1.610486, 44.958487 ], [ 1.611145, 44.958567 ], [ 1.611524, 44.958538 ], [ 1.612136, 44.95839 ], [ 1.614113, 44.956929 ], [ 1.614037, 44.956458 ], [ 1.613914, 44.956028 ], [ 1.613275, 44.955189 ], [ 1.611665557642001, 44.94939088073594 ], [ 1.611633, 44.950041 ], [ 1.611265, 44.950742 ], [ 1.609676, 44.951842 ], [ 1.609582, 44.951847 ], [ 1.607783, 44.949827 ], [ 1.604866, 44.946648 ], [ 1.601746, 44.944852 ], [ 1.593795, 44.942236 ], [ 1.593218, 44.942486 ], [ 1.590248, 44.944934 ], [ 1.591924, 44.951552 ], [ 1.591169, 44.955072 ], [ 1.58841, 44.957219 ], [ 1.581208, 44.959966 ], [ 1.576269, 44.96365 ], [ 1.574414, 44.966735 ], [ 1.573359, 44.9661 ], [ 1.573066, 44.965893 ], [ 1.572595, 44.965405 ], [ 1.568334700846358, 44.963996261079856 ], [ 1.567707, 44.964357 ], [ 1.56599584795228, 44.967832036053764 ], [ 1.565004, 44.972445 ], [ 1.56575, 44.97278 ], [ 1.566219, 44.97319 ], [ 1.566459, 44.973496 ], [ 1.56671, 44.973873 ], [ 1.563914, 44.975876 ], [ 1.562798911012477, 44.97674268331852 ], [ 1.558512, 44.981057 ], [ 1.558443, 44.98943 ], [ 1.559933, 44.993023 ], [ 1.558646, 44.998081 ], [ 1.558064, 44.999076 ], [ 1.557776, 44.99933 ], [ 1.554639316551672, 44.999409243979905 ], [ 1.556488, 45.000125 ], [ 1.557361, 45.000187 ], [ 1.56061, 45.000957 ] ] ], [ [ [ 1.615959, 44.945403 ], [ 1.620983, 44.944096 ], [ 1.623222, 44.944469 ], [ 1.62519, 44.944848 ], [ 1.626579, 44.944971 ], [ 1.627114, 44.942943 ], [ 1.626992, 44.941395 ], [ 1.623808, 44.934805 ], [ 1.624579, 44.929646 ], [ 1.62207, 44.927064 ], [ 1.61408, 44.925098 ], [ 1.613516, 44.921542 ], [ 1.612971598227788, 44.91450168555599 ], [ 1.612269, 44.914861 ], [ 1.611188, 44.920899 ], [ 1.611262, 44.921225 ], [ 1.611394, 44.922617 ], [ 1.611258, 44.923188 ], [ 1.6105, 44.925402 ], [ 1.612791, 44.931862 ], [ 1.617056, 44.932497 ], [ 1.617446, 44.932444 ], [ 1.618536, 44.934086 ], [ 1.619011, 44.934835 ], [ 1.619101, 44.935317 ], [ 1.619123, 44.936015 ], [ 1.619104, 44.936336 ], [ 1.61844, 44.938544 ], [ 1.61812, 44.93909 ], [ 1.615973, 44.940784 ], [ 1.611674, 44.948333 ], [ 1.611696, 44.948783 ], [ 1.611672298868078, 44.949256270221561 ], [ 1.615959, 44.945403 ] ] ], [ [ [ 1.62902, 44.913152 ], [ 1.630285, 44.913237 ], [ 1.6308, 44.91324 ], [ 1.631642, 44.913182 ], [ 1.638966, 44.910547 ], [ 1.639777, 44.909694 ], [ 1.640167, 44.909184 ], [ 1.640419, 44.908174 ], [ 1.638959, 44.906103 ], [ 1.637963, 44.9059 ], [ 1.634077, 44.906244 ], [ 1.626253, 44.902548 ], [ 1.62527, 44.90199 ], [ 1.624582, 44.902176 ], [ 1.623281, 44.903929 ], [ 1.615573, 44.90439 ], [ 1.616131, 44.904786 ], [ 1.616905, 44.905304 ], [ 1.617409, 44.90568 ], [ 1.619835, 44.907056 ], [ 1.627442, 44.90686 ], [ 1.627698, 44.906765 ], [ 1.629221, 44.908398 ], [ 1.62955, 44.909852 ], [ 1.627949679144536, 44.912454060949699 ], [ 1.62902, 44.913152 ] ] ], [ [ [ 1.615221, 44.887546 ], [ 1.615546, 44.888057 ], [ 1.61628, 44.888895 ], [ 1.617834, 44.889918 ], [ 1.621324, 44.889033 ], [ 1.621595, 44.88811 ], [ 1.623395, 44.882575 ], [ 1.624066, 44.881454 ], [ 1.624209, 44.881184 ], [ 1.624475, 44.880416 ], [ 1.624527875106441, 44.880031359519819 ], [ 1.620852, 44.882182 ], [ 1.620458, 44.882462 ], [ 1.619849, 44.882693 ], [ 1.619444, 44.882753 ], [ 1.618457, 44.882954 ], [ 1.618287, 44.882996 ], [ 1.617699, 44.883058 ], [ 1.616371, 44.882662 ], [ 1.616244, 44.882473 ], [ 1.608064, 44.88271 ], [ 1.607636, 44.886285 ], [ 1.615221, 44.887546 ] ] ], [ [ [ 1.648138, 44.872408 ], [ 1.652387, 44.872367 ], [ 1.65283, 44.872407 ], [ 1.653293, 44.872417 ], [ 1.654264, 44.872353 ], [ 1.656109, 44.871968 ], [ 1.657906, 44.871593 ], [ 1.659614, 44.871348 ], [ 1.661358, 44.871221 ], [ 1.661096, 44.86763 ], [ 1.659352, 44.867758 ], [ 1.658743, 44.867817 ], [ 1.657994, 44.86792 ], [ 1.657267, 44.86805 ], [ 1.655374, 44.868444 ], [ 1.651369, 44.868137 ], [ 1.650924, 44.868038 ], [ 1.650428, 44.868017 ], [ 1.649682, 44.868188 ], [ 1.647755, 44.868828 ], [ 1.647638031979275, 44.868836441559992 ], [ 1.647898, 44.872426 ], [ 1.645365, 44.872785 ], [ 1.648138, 44.872408 ] ] ], [ [ [ 1.644085, 44.860549 ], [ 1.64407, 44.856949 ], [ 1.647327, 44.850422 ], [ 1.649795, 44.848595 ], [ 1.65017, 44.848249 ], [ 1.650434, 44.847955 ], [ 1.651253, 44.846951 ], [ 1.648464, 44.844675 ], [ 1.647416, 44.845893 ], [ 1.645191, 44.847524 ], [ 1.642845, 44.849253 ], [ 1.640498, 44.850982 ], [ 1.638152, 44.852712 ], [ 1.638086379093096, 44.852760512599033 ], [ 1.640227, 44.855655 ], [ 1.638201, 44.860887 ], [ 1.640986, 44.86921 ], [ 1.643171, 44.869151 ], [ 1.643637, 44.869169 ], [ 1.645094, 44.869086 ], [ 1.645635, 44.868981 ], [ 1.644085, 44.860549 ] ] ], [ [ [ 1.631209, 44.836852 ], [ 1.631878, 44.836402 ], [ 1.634387, 44.834664 ], [ 1.635137, 44.833981 ], [ 1.635411, 44.833515 ], [ 1.635724, 44.832643 ], [ 1.635749, 44.831888 ], [ 1.635616, 44.831329 ], [ 1.635394, 44.830744 ], [ 1.632091, 44.829311 ], [ 1.623788, 44.830655 ], [ 1.621619, 44.827782 ], [ 1.616491, 44.828238 ], [ 1.615859, 44.828686 ], [ 1.61141, 44.832518 ], [ 1.607891, 44.833281 ], [ 1.603427, 44.825739 ], [ 1.605363, 44.822283 ], [ 1.606204, 44.821645 ], [ 1.607489, 44.820784 ], [ 1.605484, 44.817794 ], [ 1.604187, 44.815755 ], [ 1.60153, 44.814424 ], [ 1.600729, 44.814752 ], [ 1.600669, 44.814815 ], [ 1.600565, 44.815319 ], [ 1.598985, 44.82187 ], [ 1.596741681133423, 44.821701400471156 ], [ 1.59875, 44.822261 ], [ 1.600126, 44.822817 ], [ 1.602043, 44.823714 ], [ 1.601958, 44.825917 ], [ 1.601342, 44.830297 ], [ 1.59982, 44.833559 ], [ 1.608419, 44.835937 ], [ 1.60928, 44.835092 ], [ 1.610098, 44.834298 ], [ 1.615247, 44.83604 ], [ 1.624082, 44.835975 ], [ 1.626967, 44.837136 ], [ 1.62718, 44.837337 ], [ 1.627436, 44.837786 ], [ 1.627767, 44.839203 ], [ 1.627667, 44.840233 ], [ 1.627773, 44.84342 ], [ 1.631209, 44.836852 ] ] ], [ [ [ 1.588129, 44.814283 ], [ 1.587879, 44.812705 ], [ 1.587744, 44.810355 ], [ 1.587676, 44.809799 ], [ 1.587627, 44.808744 ], [ 1.587445, 44.808156 ], [ 1.58718, 44.807583 ], [ 1.5865, 44.806454 ], [ 1.586023, 44.806001 ], [ 1.585664, 44.805738 ], [ 1.585296, 44.805592 ], [ 1.582138, 44.807319 ], [ 1.573328, 44.808529 ], [ 1.564896, 44.806896 ], [ 1.564486, 44.806297 ], [ 1.563387, 44.799836 ], [ 1.563254, 44.796103 ], [ 1.563103, 44.796823 ], [ 1.562682, 44.797549 ], [ 1.562199, 44.798038 ], [ 1.560497, 44.806786 ], [ 1.560455, 44.808532 ], [ 1.559807, 44.811066 ], [ 1.567691, 44.814943 ], [ 1.569101, 44.81162 ], [ 1.570228, 44.811159 ], [ 1.570993, 44.810945 ], [ 1.5723, 44.810565 ], [ 1.5731, 44.810442 ], [ 1.573611, 44.810426 ], [ 1.574282, 44.810546 ], [ 1.576929, 44.811329 ], [ 1.577616, 44.811633 ], [ 1.578345, 44.812174 ], [ 1.578914, 44.812782 ], [ 1.584759, 44.81557 ], [ 1.588202676434399, 44.814525098178308 ], [ 1.588129, 44.814283 ] ] ], [ [ [ 1.570058, 44.784372 ], [ 1.570457, 44.784228 ], [ 1.578377, 44.782538 ], [ 1.578748, 44.778957 ], [ 1.573894, 44.775507 ], [ 1.570423, 44.776462 ], [ 1.56784, 44.77968 ], [ 1.564267, 44.781816 ], [ 1.566705, 44.780923 ], [ 1.567211, 44.780843 ], [ 1.569208, 44.78088 ], [ 1.569843468966286, 44.784414484376057 ], [ 1.570058, 44.784372 ] ] ], [ [ [ 1.555791, 44.781344 ], [ 1.554969, 44.781035 ], [ 1.551629, 44.779274 ], [ 1.546885, 44.780104 ], [ 1.542141, 44.773107 ], [ 1.542391, 44.771345 ], [ 1.543221, 44.768592 ], [ 1.543608, 44.76748 ], [ 1.543711, 44.766759 ], [ 1.541353, 44.759661 ], [ 1.541633, 44.763148 ], [ 1.541668, 44.765055 ], [ 1.541623, 44.766027 ], [ 1.541566, 44.766678 ], [ 1.541444, 44.767588 ], [ 1.541305, 44.768346 ], [ 1.541129, 44.769131 ], [ 1.540796, 44.770264 ], [ 1.5409, 44.775531 ], [ 1.539694, 44.776965 ], [ 1.539009, 44.77776 ], [ 1.53787, 44.778859 ], [ 1.53636, 44.78026 ], [ 1.540609, 44.787548 ], [ 1.541397, 44.78754 ], [ 1.54179, 44.787573 ], [ 1.547283, 44.785605 ], [ 1.54766, 44.785202 ], [ 1.549173, 44.782542 ], [ 1.550033, 44.780851 ], [ 1.550238, 44.780726 ], [ 1.553296, 44.781163 ], [ 1.562059, 44.78264 ], [ 1.564267, 44.781816 ], [ 1.555791, 44.781344 ] ] ], [ [ [ 1.559403216851232, 44.729448020199108 ], [ 1.557876, 44.732237 ], [ 1.557598, 44.734681 ], [ 1.559403216851232, 44.729448020199108 ] ] ], [ [ [ 1.562048, 44.724914 ], [ 1.564269, 44.72275 ], [ 1.566184, 44.720789 ], [ 1.568084, 44.718544 ], [ 1.569104, 44.7172 ], [ 1.569763, 44.716243 ], [ 1.570439, 44.715197 ], [ 1.570911, 44.714409 ], [ 1.571417, 44.713518 ], [ 1.571467753523011, 44.713411953356037 ], [ 1.570207, 44.71531 ], [ 1.569325, 44.716646 ], [ 1.568012, 44.718431 ], [ 1.566165, 44.720639 ], [ 1.564197, 44.722668 ], [ 1.561886, 44.724914 ], [ 1.561668060865031, 44.725311997078649 ], [ 1.562048, 44.724914 ] ] ], [ [ [ 1.579133, 44.703894 ], [ 1.581134, 44.70354 ], [ 1.583165, 44.703179 ], [ 1.583863, 44.702978 ], [ 1.584445, 44.702755 ], [ 1.585151, 44.702355 ], [ 1.58573, 44.70188 ], [ 1.591315, 44.697337 ], [ 1.593856, 44.695809 ], [ 1.596398, 44.694282 ], [ 1.594543, 44.691196 ], [ 1.588082, 44.690908 ], [ 1.586728, 44.69146 ], [ 1.585034, 44.691998 ], [ 1.584603, 44.692148 ], [ 1.584194, 44.692342 ], [ 1.580795, 44.693622 ], [ 1.580083, 44.693724 ], [ 1.573407, 44.689445 ], [ 1.573575, 44.690631 ], [ 1.581258, 44.694932 ], [ 1.58265, 44.695418 ], [ 1.586327, 44.696685 ], [ 1.586397, 44.696725 ], [ 1.586617, 44.69931 ], [ 1.586541, 44.699398 ], [ 1.584622, 44.699857 ], [ 1.578893, 44.699995 ], [ 1.574343, 44.706141 ], [ 1.573809, 44.707984 ], [ 1.573524, 44.708822 ], [ 1.579133, 44.703894 ] ] ], [ [ [ 1.571283, 44.659141 ], [ 1.571238, 44.65899 ], [ 1.564893, 44.653071 ], [ 1.564344, 44.652309 ], [ 1.56178, 44.64898 ], [ 1.560885, 44.647944 ], [ 1.559601, 44.646586 ], [ 1.558191, 44.645415 ], [ 1.555848, 44.643715 ], [ 1.553734, 44.646628 ], [ 1.559055, 44.651332 ], [ 1.561499, 44.654514 ], [ 1.564546, 44.662336 ], [ 1.564815, 44.662899 ], [ 1.565252, 44.66338 ], [ 1.568618189474918, 44.670807948281251 ], [ 1.566804, 44.66438 ], [ 1.566636, 44.663975 ], [ 1.56494, 44.660164 ], [ 1.568152, 44.658538 ], [ 1.568748, 44.659716 ], [ 1.569704, 44.661801 ], [ 1.570196, 44.663 ], [ 1.570726, 44.664439 ], [ 1.57126, 44.665975 ], [ 1.571783, 44.667647 ], [ 1.571283, 44.659141 ] ] ], [ [ [ 1.569305, 44.694615 ], [ 1.570908109935914, 44.702505983704825 ], [ 1.571227, 44.701179 ], [ 1.570884, 44.695299 ], [ 1.570457, 44.693276 ], [ 1.57001, 44.691132 ], [ 1.569832, 44.689865 ], [ 1.569627, 44.688097 ], [ 1.569305, 44.694615 ] ] ], [ [ [ 1.536666, 44.765603 ], [ 1.534254, 44.768276 ], [ 1.530928, 44.772799 ], [ 1.522382, 44.775014 ], [ 1.521792, 44.774876 ], [ 1.518113, 44.773616 ], [ 1.516901, 44.77309 ], [ 1.516332, 44.772922 ], [ 1.515835, 44.772785 ], [ 1.5126, 44.772702 ], [ 1.51052, 44.772468 ], [ 1.51001, 44.772411 ], [ 1.509501, 44.772441 ], [ 1.509056, 44.772527 ], [ 1.504593, 44.780026 ], [ 1.504205, 44.780787 ], [ 1.504136, 44.781655 ], [ 1.501543, 44.789212 ], [ 1.49835, 44.792255 ], [ 1.497634, 44.792796 ], [ 1.490686, 44.796416 ], [ 1.483216, 44.792128 ], [ 1.480378, 44.791157 ], [ 1.48076, 44.791386 ], [ 1.481242, 44.791759 ], [ 1.4815, 44.791978 ], [ 1.486092, 44.799125 ], [ 1.491509, 44.798061 ], [ 1.495948, 44.795787 ], [ 1.496123, 44.795695 ], [ 1.499493, 44.796413 ], [ 1.507439, 44.798961 ], [ 1.508841, 44.794575 ], [ 1.508756, 44.79411 ], [ 1.512212, 44.793103 ], [ 1.51664, 44.792359 ], [ 1.516153, 44.78377 ], [ 1.516054, 44.78371 ], [ 1.518891, 44.777266 ], [ 1.519072, 44.776868 ], [ 1.520775, 44.776181 ], [ 1.521168, 44.77633 ], [ 1.521489, 44.776473 ], [ 1.522215, 44.777002 ], [ 1.523037, 44.777507 ], [ 1.524245, 44.778119 ], [ 1.532783, 44.77631 ], [ 1.533956, 44.775028 ], [ 1.534461, 44.774426 ], [ 1.534956, 44.773782 ], [ 1.535569, 44.772895 ], [ 1.535926, 44.77233 ], [ 1.536309, 44.771644 ], [ 1.536795, 44.770657 ], [ 1.537093, 44.769944 ], [ 1.537346, 44.769233 ], [ 1.537765, 44.76769 ], [ 1.537877, 44.7671 ], [ 1.53798, 44.766357 ], [ 1.538027, 44.765843 ], [ 1.538069, 44.765115 ], [ 1.538045, 44.763436 ], [ 1.537758, 44.759863 ], [ 1.536666, 44.765603 ] ] ], [ [ [ 1.472453, 44.780998 ], [ 1.47072, 44.777843 ], [ 1.469693, 44.778408 ], [ 1.469244, 44.778717 ], [ 1.462662, 44.78337 ], [ 1.45927, 44.791327 ], [ 1.456621, 44.792067 ], [ 1.452299, 44.79089 ], [ 1.447217, 44.796961 ], [ 1.44837, 44.799286 ], [ 1.448818, 44.800185 ], [ 1.45341, 44.805042 ], [ 1.453388566675897, 44.810012839087562 ], [ 1.457893, 44.803473 ], [ 1.457673, 44.797757 ], [ 1.45773, 44.794157 ], [ 1.460311, 44.790976 ], [ 1.466256, 44.786688 ], [ 1.469467, 44.785404 ], [ 1.470225, 44.785541 ], [ 1.474771, 44.788279 ], [ 1.475182976555231, 44.788490462194758 ], [ 1.472453, 44.780998 ] ] ], [ [ [ 1.4416, 44.812376 ], [ 1.4384, 44.812055 ], [ 1.437322, 44.813161 ], [ 1.436832, 44.814047 ], [ 1.435633, 44.8155 ], [ 1.426887, 44.816024 ], [ 1.421928, 44.811551 ], [ 1.421397, 44.80799 ], [ 1.415752, 44.801358 ], [ 1.41554, 44.800963 ], [ 1.414125, 44.800163 ], [ 1.406148, 44.797285 ], [ 1.403041, 44.799101 ], [ 1.401765, 44.800891 ], [ 1.401589, 44.804487 ], [ 1.405365, 44.811003 ], [ 1.400742, 44.815727 ], [ 1.395953, 44.818189 ], [ 1.391016, 44.81757 ], [ 1.389685, 44.817281 ], [ 1.382466, 44.814243 ], [ 1.378264, 44.811374 ], [ 1.375533, 44.81372 ], [ 1.369894, 44.819541 ], [ 1.368297, 44.826256 ], [ 1.368901, 44.834942 ], [ 1.364191, 44.842216 ], [ 1.363187, 44.84483 ], [ 1.362985, 44.845159 ], [ 1.356171, 44.84861 ], [ 1.351645, 44.844928 ], [ 1.351242, 44.844872 ], [ 1.350689, 44.844859 ], [ 1.350273, 44.844883 ], [ 1.349868, 44.845556 ], [ 1.34969, 44.845938 ], [ 1.348264, 44.853338 ], [ 1.341597644470591, 44.85450814862704 ], [ 1.34402, 44.855844 ], [ 1.344850023713838, 44.856180097153612 ], [ 1.347287, 44.857083 ], [ 1.355265, 44.854585 ], [ 1.357307, 44.850925 ], [ 1.358697, 44.848706 ], [ 1.359068, 44.848564 ], [ 1.359482, 44.848469 ], [ 1.360214, 44.848372 ], [ 1.366339, 44.849518 ], [ 1.373011, 44.850178 ], [ 1.375573, 44.847842 ], [ 1.376007, 44.847093 ], [ 1.37653, 44.846395 ], [ 1.376873, 44.8461 ], [ 1.377707, 44.845266 ], [ 1.379027, 44.843568 ], [ 1.376713, 44.835913 ], [ 1.375379, 44.834715 ], [ 1.37517, 44.831121 ], [ 1.374562, 44.824324 ], [ 1.375173, 44.822907 ], [ 1.377075, 44.818875 ], [ 1.377649, 44.817718 ], [ 1.380875, 44.819316 ], [ 1.388404, 44.821568 ], [ 1.392303, 44.822149 ], [ 1.400808, 44.819504 ], [ 1.40629, 44.816898 ], [ 1.406748, 44.810507 ], [ 1.40697, 44.808288 ], [ 1.40805, 44.805729 ], [ 1.40826, 44.80516 ], [ 1.411605, 44.806041 ], [ 1.411637, 44.806407 ], [ 1.418469, 44.811876 ], [ 1.423326, 44.81801 ], [ 1.425028, 44.821371 ], [ 1.432103, 44.82365 ], [ 1.432428, 44.823584 ], [ 1.439557, 44.818486 ], [ 1.440122, 44.81792 ], [ 1.440839, 44.817249 ], [ 1.441559, 44.816505 ], [ 1.444248849306199, 44.813315188607504 ], [ 1.4416, 44.812376 ] ] ], [ [ [ 1.340074, 44.872045 ], [ 1.339684, 44.872203 ], [ 1.337764, 44.872701 ], [ 1.337197, 44.872896 ], [ 1.336996, 44.875876 ], [ 1.337037, 44.87636 ], [ 1.337233, 44.879468 ], [ 1.343592, 44.883598 ], [ 1.346153, 44.8859 ], [ 1.348875, 44.888255 ], [ 1.351317, 44.893706 ], [ 1.351735, 44.894302 ], [ 1.353469, 44.894872 ], [ 1.353919, 44.894948 ], [ 1.355355, 44.895373 ], [ 1.359026, 44.902658 ], [ 1.358821, 44.903419 ], [ 1.356435, 44.907095 ], [ 1.348868, 44.907804 ], [ 1.34846, 44.907619 ], [ 1.347685, 44.907505 ], [ 1.346847, 44.907687 ], [ 1.345568, 44.908128 ], [ 1.344274, 44.908565 ], [ 1.345427, 44.911976 ], [ 1.346094, 44.917601 ], [ 1.346191, 44.91776 ], [ 1.346558, 44.918195 ], [ 1.347645, 44.918692 ], [ 1.348934, 44.918641 ], [ 1.351072, 44.917984 ], [ 1.358258, 44.922857 ], [ 1.358176, 44.923512 ], [ 1.358182, 44.923735 ], [ 1.359224, 44.930906 ], [ 1.35246, 44.930706 ], [ 1.352296, 44.930698 ], [ 1.352115, 44.930728 ], [ 1.350823, 44.931332 ], [ 1.350737, 44.931495 ], [ 1.349784, 44.933639 ], [ 1.349809, 44.934199 ], [ 1.349956, 44.934727 ], [ 1.351735, 44.943057 ], [ 1.354848, 44.944793 ], [ 1.358581, 44.951328 ], [ 1.358749, 44.951454 ], [ 1.359142, 44.951732 ], [ 1.360066, 44.951985 ], [ 1.360903, 44.951917 ], [ 1.365933677768593, 44.957150833133639 ], [ 1.36748, 44.952346 ], [ 1.364663, 44.95034 ], [ 1.364024, 44.950186 ], [ 1.363344, 44.946651 ], [ 1.362017, 44.938476 ], [ 1.357669, 44.939564 ], [ 1.357502, 44.939696 ], [ 1.355445, 44.939125 ], [ 1.354708, 44.938873 ], [ 1.354341, 44.937814 ], [ 1.354324, 44.9376 ], [ 1.355678, 44.935406 ], [ 1.360601, 44.933389 ], [ 1.36279, 44.932318 ], [ 1.36343, 44.931826 ], [ 1.36696, 44.926159 ], [ 1.361404, 44.919619 ], [ 1.358106, 44.919374 ], [ 1.350104, 44.916045 ], [ 1.349551, 44.915956 ], [ 1.348924, 44.915652 ], [ 1.348851, 44.915597 ], [ 1.350075, 44.912446 ], [ 1.35114, 44.911913 ], [ 1.351578, 44.911703 ], [ 1.352239, 44.911523 ], [ 1.354533, 44.910578 ], [ 1.35511, 44.910294 ], [ 1.355862, 44.910047 ], [ 1.356354, 44.909949 ], [ 1.356947, 44.909918 ], [ 1.361029, 44.908185 ], [ 1.360267, 44.901536 ], [ 1.360589, 44.901045 ], [ 1.357079, 44.892999 ], [ 1.354628, 44.89222 ], [ 1.354502, 44.891972 ], [ 1.350847, 44.885873 ], [ 1.350355, 44.88529 ], [ 1.343066, 44.880431 ], [ 1.342464, 44.880173 ], [ 1.343244, 44.875431 ], [ 1.343254, 44.871831 ], [ 1.342610135474095, 44.865396790087829 ], [ 1.340074, 44.872045 ] ] ], [ [ [ 1.36438499874582, 44.960506409045138 ], [ 1.364851, 44.960515 ], [ 1.365097312769467, 44.95974964092288 ], [ 1.36438499874582, 44.960506409045138 ] ] ], [ [ [ 1.359731, 44.962875 ], [ 1.359218, 44.963478 ], [ 1.352155, 44.96715 ], [ 1.348462, 44.971578 ], [ 1.348202, 44.971827 ], [ 1.347731, 44.972333 ], [ 1.347123, 44.973126 ], [ 1.346658, 44.973944 ], [ 1.345698, 44.975804 ], [ 1.34562, 44.975998 ], [ 1.348961, 44.977339 ], [ 1.354716, 44.972721 ], [ 1.355312, 44.972397 ], [ 1.355581574236275, 44.972205244392214 ], [ 1.354771, 44.971196 ], [ 1.353486, 44.969289 ], [ 1.356129, 44.967094 ], [ 1.356526, 44.966737 ], [ 1.360145274269126, 44.962636932886056 ], [ 1.359731, 44.962875 ] ] ], [ [ [ 1.364973, 44.971209 ], [ 1.365738, 44.971523 ], [ 1.366519, 44.971578 ], [ 1.373253, 44.972417 ], [ 1.376706, 44.971454 ], [ 1.376719, 44.971445 ], [ 1.376824, 44.971274 ], [ 1.385611, 44.972208 ], [ 1.385786, 44.973007 ], [ 1.392562, 44.978018 ], [ 1.393058, 44.978476 ], [ 1.395683, 44.978513 ], [ 1.396895, 44.977791 ], [ 1.40186, 44.975522 ], [ 1.403311, 44.974176 ], [ 1.403244, 44.972734 ], [ 1.403207, 44.972273 ], [ 1.403073, 44.971639 ], [ 1.410431, 44.966702 ], [ 1.402574, 44.970494 ], [ 1.394582, 44.973096 ], [ 1.391297, 44.974569 ], [ 1.384463, 44.968724 ], [ 1.377336, 44.969218 ], [ 1.36991, 44.969151 ], [ 1.367189, 44.969921 ], [ 1.35988, 44.969062 ], [ 1.358101, 44.970265 ], [ 1.357697, 44.970642 ], [ 1.356954, 44.971229 ], [ 1.364973, 44.971209 ] ] ], [ [ [ 1.412793, 44.970992 ], [ 1.412996, 44.972244 ], [ 1.413421, 44.972785 ], [ 1.413976, 44.973167 ], [ 1.414481, 44.973503 ], [ 1.414885, 44.973779 ], [ 1.41555, 44.974161 ], [ 1.415673, 44.974194 ], [ 1.418771, 44.97236 ], [ 1.422104, 44.970479 ], [ 1.427508, 44.969921 ], [ 1.428521, 44.969613 ], [ 1.431949, 44.969626 ], [ 1.435806, 44.976621 ], [ 1.434753, 44.98158 ], [ 1.433788, 44.98322 ], [ 1.432457, 44.986565 ], [ 1.432982, 44.98828 ], [ 1.4356, 44.989102 ], [ 1.436046, 44.989022 ], [ 1.443756, 44.993611 ], [ 1.446457, 44.997853 ], [ 1.447953, 45.003954 ], [ 1.445011, 45.009819 ], [ 1.446588, 45.013056 ], [ 1.454888, 45.015222 ], [ 1.457731, 45.012104 ], [ 1.460853, 45.010312 ], [ 1.467365, 45.009692 ], [ 1.467905, 45.009625 ], [ 1.470823, 45.009162 ], [ 1.472278, 45.009007 ], [ 1.477774910322869, 45.012428026358066 ], [ 1.477622, 45.012228 ], [ 1.477488, 45.011854 ], [ 1.477384, 45.011435 ], [ 1.478668, 45.010425 ], [ 1.479787, 45.009818 ], [ 1.482236218692683, 45.009744596842367 ], [ 1.476931, 45.005728 ], [ 1.468779, 45.004106 ], [ 1.467563, 45.007495 ], [ 1.466264, 45.007162 ], [ 1.458584, 45.008327 ], [ 1.458092, 45.008589 ], [ 1.457638, 45.008751 ], [ 1.455149, 45.008434 ], [ 1.452366, 45.00615 ], [ 1.453247, 45.005077 ], [ 1.453633, 45.004705 ], [ 1.453038, 44.995897 ], [ 1.447968, 44.994363 ], [ 1.447294, 44.994272 ], [ 1.447047, 44.994219 ], [ 1.446983, 44.99411 ], [ 1.44302, 44.987812 ], [ 1.44, 44.987208 ], [ 1.438332, 44.984489 ], [ 1.438995, 44.981317 ], [ 1.438696, 44.974544 ], [ 1.434153, 44.968005 ], [ 1.432042, 44.965089 ], [ 1.425348, 44.961587 ], [ 1.422769, 44.963176 ], [ 1.422193, 44.96381 ], [ 1.421753, 44.964073 ], [ 1.417653, 44.970132 ], [ 1.416709, 44.971407 ], [ 1.416032, 44.971454 ], [ 1.414008, 44.969909 ], [ 1.410986, 44.967009 ], [ 1.410431, 44.966702 ], [ 1.412793, 44.970992 ] ] ], [ [ [ 1.335918, 44.849868 ], [ 1.331431600295477, 44.849868610145492 ], [ 1.332779, 44.85004 ], [ 1.333709, 44.850329 ], [ 1.334254, 44.850545 ], [ 1.335031, 44.850916 ], [ 1.336502, 44.851604 ], [ 1.338212861377543, 44.852627950534469 ], [ 1.338333, 44.852694 ], [ 1.338396177320108, 44.852737665126092 ], [ 1.338502, 44.852801 ], [ 1.340270372925093, 44.853776200944388 ], [ 1.33854, 44.851031 ], [ 1.335918, 44.849868 ] ] ], [ [ [ 1.553186794056852, 44.999604791890967 ], [ 1.553414195514645, 44.999440194972706 ], [ 1.553224, 44.999445 ], [ 1.553186794056852, 44.999604791890967 ] ] ], [ [ [ 1.484999, 45.016896 ], [ 1.482085, 45.01546 ], [ 1.480727811828314, 45.014548430416511 ], [ 1.482224, 45.015826 ], [ 1.486311697373972, 45.019408466809459 ], [ 1.484999, 45.016896 ] ] ] ] } }
]
}
