{
"type": "FeatureCollection",
"name": "La_Banque_Postale",
"crs": { "type": "name", "properties": { "name": "urn:ogc:def:crs:OGC:1.3:CRS84" } },
"features": [
{ "type": "Feature", "properties": { "codgeo": "30258", "value": 60, "isochrone_group": 1.0, "nb_agences": 1 }, "geometry": { "type": "Polygon", "coordinates": [ [ [ 4.426703, 43.675825 ], [ 4.430957, 43.673138 ], [ 4.432053, 43.672181 ], [ 4.432317, 43.671937 ], [ 4.434841, 43.672751 ], [ 4.434996, 43.673076 ], [ 4.434475, 43.675895 ], [ 4.432421, 43.679428 ], [ 4.430031, 43.681205 ], [ 4.429682, 43.681294 ], [ 4.428244, 43.67995 ], [ 4.426516, 43.676132 ], [ 4.426703, 43.675825 ] ] ] } },
{ "type": "Feature", "properties": { "codgeo": "30258", "value": 120, "isochrone_group": 2.0, "nb_agences": 1 }, "geometry": { "type": "Polygon", "coordinates": [ [ [ 4.419304, 43.673275 ], [ 4.420948, 43.67592 ], [ 4.423175, 43.680034 ], [ 4.424875, 43.682651 ], [ 4.428356, 43.686229 ], [ 4.428685, 43.686374 ], [ 4.430953, 43.685088 ], [ 4.434131, 43.681567 ], [ 4.437121, 43.679218 ], [ 4.437409, 43.679002 ], [ 4.437355, 43.678813 ], [ 4.436969, 43.67727 ], [ 4.438585, 43.672128 ], [ 4.438621, 43.67177 ], [ 4.437814, 43.671159 ], [ 4.435435, 43.670954 ], [ 4.431219, 43.669312 ], [ 4.428734, 43.670796 ], [ 4.427087, 43.671244 ], [ 4.422715, 43.670467 ], [ 4.422392, 43.670627 ], [ 4.419358, 43.672919 ], [ 4.419304, 43.673275 ] ], [ [ 4.430957, 43.673138 ], [ 4.432053, 43.672181 ], [ 4.432317, 43.671937 ], [ 4.434841, 43.672751 ], [ 4.434996, 43.673076 ], [ 4.434475, 43.675895 ], [ 4.432421, 43.679428 ], [ 4.430031, 43.681205 ], [ 4.429682, 43.681294 ], [ 4.428244, 43.67995 ], [ 4.426516, 43.676132 ], [ 4.426703, 43.675825 ], [ 4.430957, 43.673138 ] ] ] } },
{ "type": "Feature", "properties": { "codgeo": "30258", "value": 180, "isochrone_group": 3.0, "nb_agences": 1 }, "geometry": { "type": "Polygon", "coordinates": [ [ [ 4.405924, 43.671027 ], [ 4.405932, 43.671387 ], [ 4.409444, 43.674815 ], [ 4.414868, 43.677485 ], [ 4.418933, 43.682501 ], [ 4.419095, 43.682832 ], [ 4.424425, 43.689564 ], [ 4.425813, 43.694479 ], [ 4.426141, 43.694628 ], [ 4.431302, 43.689604 ], [ 4.432487, 43.688741 ], [ 4.440067, 43.685415 ], [ 4.44194, 43.685844 ], [ 4.442762, 43.686181 ], [ 4.442899, 43.685848 ], [ 4.440232, 43.683555 ], [ 4.441292, 43.674758 ], [ 4.444578, 43.672938 ], [ 4.444734, 43.672614 ], [ 4.445811, 43.669287 ], [ 4.445675, 43.668954 ], [ 4.441631, 43.665112 ], [ 4.441298, 43.664977 ], [ 4.435376, 43.668907 ], [ 4.430346, 43.668275 ], [ 4.430216, 43.668217 ], [ 4.427446, 43.666313 ], [ 4.420111, 43.666237 ], [ 4.419824, 43.666454 ], [ 4.417278, 43.668654 ], [ 4.410665, 43.67122 ], [ 4.408429, 43.67105 ], [ 4.408182, 43.671013 ], [ 4.40797, 43.670999 ], [ 4.407741, 43.670984 ], [ 4.406833, 43.671005 ], [ 4.405924, 43.671027 ] ], [ [ 4.422392, 43.670627 ], [ 4.422715, 43.670467 ], [ 4.427087, 43.671244 ], [ 4.428734, 43.670796 ], [ 4.431219, 43.669312 ], [ 4.435435, 43.670954 ], [ 4.437814, 43.671159 ], [ 4.438621, 43.67177 ], [ 4.438585, 43.672128 ], [ 4.436969, 43.67727 ], [ 4.437355, 43.678813 ], [ 4.437409, 43.679002 ], [ 4.437121, 43.679218 ], [ 4.434131, 43.681567 ], [ 4.430953, 43.685088 ], [ 4.428685, 43.686374 ], [ 4.428356, 43.686229 ], [ 4.424875, 43.682651 ], [ 4.423175, 43.680034 ], [ 4.420948, 43.67592 ], [ 4.419304, 43.673275 ], [ 4.419358, 43.672919 ], [ 4.422392, 43.670627 ] ] ] } },
{ "type": "Feature", "properties": { "codgeo": "30258", "value": 240, "isochrone_group": 4.0, "nb_agences": 1 }, "geometry": { "type": "Polygon", "coordinates": [ [ [ 4.392646, 43.672198 ], [ 4.392979, 43.672294 ], [ 4.394342, 43.672605 ], [ 4.395631, 43.672921 ], [ 4.396312, 43.673017 ], [ 4.396938, 43.673023 ], [ 4.398268, 43.672929 ], [ 4.398909, 43.67292 ], [ 4.405277, 43.679181 ], [ 4.407708, 43.681836 ], [ 4.413264, 43.688715 ], [ 4.419719, 43.693284 ], [ 4.421463, 43.702091 ], [ 4.422298, 43.704072 ], [ 4.423103, 43.70415 ], [ 4.424865, 43.703267 ], [ 4.427081, 43.699646 ], [ 4.431762, 43.694454 ], [ 4.436093, 43.689703 ], [ 4.444537, 43.690021 ], [ 4.44668, 43.693858 ], [ 4.450217, 43.693189 ], [ 4.45009, 43.692517 ], [ 4.449962, 43.691992 ], [ 4.449831, 43.691586 ], [ 4.449561, 43.691017 ], [ 4.44751, 43.687991 ], [ 4.446158, 43.686055 ], [ 4.444152, 43.684613 ], [ 4.442821, 43.678483 ], [ 4.448618, 43.674305 ], [ 4.450991, 43.672553 ], [ 4.452713, 43.669391 ], [ 4.454118, 43.667081 ], [ 4.451871, 43.664269 ], [ 4.446178, 43.659542 ], [ 4.441939, 43.65578 ], [ 4.438738, 43.657428 ], [ 4.438862, 43.658392 ], [ 4.439028, 43.659182 ], [ 4.434907, 43.66573 ], [ 4.427324, 43.661654 ], [ 4.42389, 43.662733 ], [ 4.418047, 43.661065 ], [ 4.416426, 43.661388 ], [ 4.416295, 43.661484 ], [ 4.41588, 43.661905 ], [ 4.41189, 43.665586 ], [ 4.405655, 43.66615 ], [ 4.405241, 43.66607 ], [ 4.404723, 43.666023 ], [ 4.402363, 43.66588 ], [ 4.393979, 43.668836 ], [ 4.393646, 43.66874 ], [ 4.392646, 43.672198 ] ], [ [ 4.407741, 43.670984 ], [ 4.40797, 43.670999 ], [ 4.408182, 43.671013 ], [ 4.408429, 43.67105 ], [ 4.410665, 43.67122 ], [ 4.417278, 43.668654 ], [ 4.419824, 43.666454 ], [ 4.420111, 43.666237 ], [ 4.427446, 43.666313 ], [ 4.430216, 43.668217 ], [ 4.430346, 43.668275 ], [ 4.435376, 43.668907 ], [ 4.441298, 43.664977 ], [ 4.441631, 43.665112 ], [ 4.445675, 43.668954 ], [ 4.445811, 43.669287 ], [ 4.444734, 43.672614 ], [ 4.444578, 43.672938 ], [ 4.441292, 43.674758 ], [ 4.440232, 43.683555 ], [ 4.442899, 43.685848 ], [ 4.442762, 43.686181 ], [ 4.44194, 43.685844 ], [ 4.440067, 43.685415 ], [ 4.432487, 43.688741 ], [ 4.431302, 43.689604 ], [ 4.426141, 43.694628 ], [ 4.425813, 43.694479 ], [ 4.424425, 43.689564 ], [ 4.419095, 43.682832 ], [ 4.418933, 43.682501 ], [ 4.414868, 43.677485 ], [ 4.409444, 43.674815 ], [ 4.405932, 43.671387 ], [ 4.405924, 43.671027 ], [ 4.406833, 43.671005 ], [ 4.407741, 43.670984 ] ] ] } },
{ "type": "Feature", "properties": { "codgeo": "30258", "value": 300, "isochrone_group": 5.0, "nb_agences": 1 }, "geometry": { "type": "MultiPolygon", "coordinates": [ [ [ [ 4.424584, 43.660145 ], [ 4.424201, 43.659476 ], [ 4.415612, 43.657482 ], [ 4.412623, 43.659488 ], [ 4.409717, 43.661866 ], [ 4.404103, 43.662461 ], [ 4.403084, 43.662194 ], [ 4.400382, 43.663553 ], [ 4.392414, 43.666952 ], [ 4.386481, 43.665514 ], [ 4.38119, 43.668983 ], [ 4.381319, 43.67043 ], [ 4.381899, 43.670981 ], [ 4.38228, 43.671263 ], [ 4.383548, 43.671718 ], [ 4.38407, 43.67178 ], [ 4.391768, 43.675591 ], [ 4.392182, 43.675351 ], [ 4.400293, 43.679177 ], [ 4.399053, 43.684228 ], [ 4.401859, 43.686484 ], [ 4.405498, 43.692131 ], [ 4.406502, 43.693684 ], [ 4.407261, 43.694345 ], [ 4.413484, 43.694993 ], [ 4.419984, 43.699871 ], [ 4.41905, 43.703347 ], [ 4.419215, 43.703964 ], [ 4.419894, 43.707499 ], [ 4.420082, 43.708446 ], [ 4.420407, 43.711369 ], [ 4.422444, 43.712142 ], [ 4.422662, 43.712121 ], [ 4.423989, 43.711728 ], [ 4.424023, 43.711394 ], [ 4.424065, 43.710801 ], [ 4.42407, 43.710355 ], [ 4.424034, 43.709744 ], [ 4.423972, 43.709263 ], [ 4.424246, 43.705329 ], [ 4.424866511943341, 43.703264529446379 ], [ 4.424865, 43.703267 ], [ 4.423103, 43.70415 ], [ 4.422298, 43.704072 ], [ 4.421463, 43.702091 ], [ 4.419719, 43.693284 ], [ 4.413264, 43.688715 ], [ 4.407708, 43.681836 ], [ 4.405277, 43.679181 ], [ 4.398909, 43.67292 ], [ 4.398268, 43.672929 ], [ 4.396938, 43.673023 ], [ 4.396312, 43.673017 ], [ 4.395631, 43.672921 ], [ 4.394342, 43.672605 ], [ 4.392979, 43.672294 ], [ 4.392646, 43.672198 ], [ 4.393646, 43.66874 ], [ 4.393979, 43.668836 ], [ 4.402363, 43.66588 ], [ 4.404723, 43.666023 ], [ 4.405241, 43.66607 ], [ 4.405655, 43.66615 ], [ 4.41189, 43.665586 ], [ 4.41588, 43.661905 ], [ 4.416295, 43.661484 ], [ 4.416426, 43.661388 ], [ 4.418047, 43.661065 ], [ 4.42389, 43.662733 ], [ 4.42702014363824, 43.661749474960502 ], [ 4.424584, 43.660145 ] ] ], [ [ [ 4.442777, 43.654106 ], [ 4.439372, 43.650046 ], [ 4.438994, 43.649481 ], [ 4.437341, 43.646978 ], [ 4.434218, 43.64877 ], [ 4.434924, 43.65 ], [ 4.435372, 43.650648 ], [ 4.436601, 43.652726 ], [ 4.436978, 43.659373 ], [ 4.430243609270581, 43.663223342923246 ], [ 4.434907, 43.66573 ], [ 4.439028, 43.659182 ], [ 4.438862, 43.658392 ], [ 4.438738, 43.657428 ], [ 4.441939, 43.65578 ], [ 4.443594343413698, 43.657249073348041 ], [ 4.442777, 43.654106 ] ] ], [ [ [ 4.44854, 43.679362 ], [ 4.449053, 43.679037 ], [ 4.449776, 43.678395 ], [ 4.45685, 43.676578 ], [ 4.460237, 43.675359 ], [ 4.459781, 43.674092 ], [ 4.459126, 43.673171 ], [ 4.46175, 43.664615 ], [ 4.462784, 43.661167 ], [ 4.462402, 43.661052 ], [ 4.461756, 43.660901 ], [ 4.461206, 43.660802 ], [ 4.460598, 43.660732 ], [ 4.459966, 43.660705 ], [ 4.459305, 43.660716 ], [ 4.458696, 43.660759 ], [ 4.458128, 43.660834 ], [ 4.457632, 43.660928 ], [ 4.457269, 43.661009 ], [ 4.456738, 43.66116 ], [ 4.456169, 43.661359 ], [ 4.455633, 43.661583 ], [ 4.452000458194319, 43.664431009987723 ], [ 4.454118, 43.667081 ], [ 4.452713, 43.669391 ], [ 4.450991, 43.672553 ], [ 4.448618, 43.674305 ], [ 4.442821, 43.678483 ], [ 4.444152, 43.684613 ], [ 4.446158, 43.686055 ], [ 4.44751, 43.687991 ], [ 4.44854, 43.679362 ] ] ], [ [ [ 4.432681, 43.698771 ], [ 4.432713, 43.698363 ], [ 4.435871, 43.69228 ], [ 4.44101, 43.690816 ], [ 4.445427, 43.695575 ], [ 4.445632, 43.697328 ], [ 4.445731, 43.697945 ], [ 4.4491, 43.702123 ], [ 4.450022, 43.703792 ], [ 4.450183, 43.704087 ], [ 4.452651, 43.704393 ], [ 4.452949, 43.704082 ], [ 4.453023, 43.703967 ], [ 4.453343, 43.702362 ], [ 4.452099, 43.694641 ], [ 4.449831, 43.691586 ], [ 4.449962, 43.691992 ], [ 4.45009, 43.692517 ], [ 4.450217, 43.693189 ], [ 4.44668, 43.693858 ], [ 4.444537, 43.690021 ], [ 4.436093, 43.689703 ], [ 4.431762, 43.694454 ], [ 4.427081, 43.699646 ], [ 4.424906633565831, 43.703198969701312 ], [ 4.432681, 43.698771 ] ] ] ] } },
{ "type": "Feature", "properties": { "codgeo": "30258", "value": 360, "isochrone_group": 6.0, "nb_agences": 1 }, "geometry": { "type": "MultiPolygon", "coordinates": [ [ [ [ 4.433893, 43.660021 ], [ 4.42843, 43.660509 ], [ 4.421318, 43.655329 ], [ 4.421303, 43.655308 ], [ 4.41926, 43.654679 ], [ 4.412801, 43.65341 ], [ 4.410174, 43.654851 ], [ 4.409821, 43.655431 ], [ 4.409152, 43.658303 ], [ 4.400986, 43.659564 ], [ 4.399973, 43.658716 ], [ 4.395002, 43.662636 ], [ 4.387173, 43.66505 ], [ 4.382254, 43.663627 ], [ 4.382127, 43.663577 ], [ 4.374643, 43.664975 ], [ 4.371976, 43.664907 ], [ 4.370947, 43.664872 ], [ 4.370709, 43.665272 ], [ 4.370822, 43.668469 ], [ 4.372169, 43.668562 ], [ 4.37809, 43.672202 ], [ 4.379026, 43.674804 ], [ 4.37964, 43.674691 ], [ 4.382336, 43.674368 ], [ 4.384076, 43.672449 ], [ 4.385163094486243, 43.672321151349315 ], [ 4.38407, 43.67178 ], [ 4.383548, 43.671718 ], [ 4.38228, 43.671263 ], [ 4.381899, 43.670981 ], [ 4.381319, 43.67043 ], [ 4.38119, 43.668983 ], [ 4.386481, 43.665514 ], [ 4.392414, 43.666952 ], [ 4.400382, 43.663553 ], [ 4.403084, 43.662194 ], [ 4.404103, 43.662461 ], [ 4.409717, 43.661866 ], [ 4.412623, 43.659488 ], [ 4.415612, 43.657482 ], [ 4.424201, 43.659476 ], [ 4.424584, 43.660145 ], [ 4.429716, 43.663525 ], [ 4.436978, 43.659373 ], [ 4.436601, 43.652726 ], [ 4.433893, 43.660021 ] ] ], [ [ [ 4.43713, 43.646659 ], [ 4.436729, 43.646209 ], [ 4.436498, 43.646014 ], [ 4.433541, 43.643479 ], [ 4.430545, 43.641483 ], [ 4.429803, 43.642597 ], [ 4.429345, 43.643251 ], [ 4.429067, 43.643708 ], [ 4.428804, 43.644451 ], [ 4.42884, 43.645549 ], [ 4.428881, 43.646167 ], [ 4.429007, 43.646386 ], [ 4.429455, 43.646944 ], [ 4.430018, 43.647394 ], [ 4.431665, 43.649558 ], [ 4.432234, 43.650177 ], [ 4.436601, 43.652726 ], [ 4.435372, 43.650648 ], [ 4.434924, 43.65 ], [ 4.434218, 43.64877 ], [ 4.437340787746697, 43.646978121792479 ], [ 4.43713, 43.646659 ] ] ], [ [ [ 4.450226, 43.665435 ], [ 4.45085, 43.665333 ], [ 4.455633, 43.661583 ], [ 4.450226, 43.665435 ] ] ], [ [ [ 4.448286, 43.682132 ], [ 4.450185, 43.678973 ], [ 4.458229, 43.680722 ], [ 4.458336, 43.683055 ], [ 4.458453, 43.683948 ], [ 4.458687, 43.684399 ], [ 4.460657, 43.687171 ], [ 4.463591, 43.685085 ], [ 4.46319, 43.676251 ], [ 4.463528, 43.672667 ], [ 4.470185, 43.670011 ], [ 4.471731, 43.66676 ], [ 4.471622, 43.6657 ], [ 4.470245, 43.662374 ], [ 4.461946, 43.659338 ], [ 4.46147, 43.659067 ], [ 4.459989, 43.658291 ], [ 4.455633, 43.661583 ], [ 4.456169, 43.661359 ], [ 4.456738, 43.66116 ], [ 4.457269, 43.661009 ], [ 4.457632, 43.660928 ], [ 4.458128, 43.660834 ], [ 4.458696, 43.660759 ], [ 4.459305, 43.660716 ], [ 4.459966, 43.660705 ], [ 4.460598, 43.660732 ], [ 4.461206, 43.660802 ], [ 4.461756, 43.660901 ], [ 4.462402, 43.661052 ], [ 4.462784, 43.661167 ], [ 4.46175, 43.664615 ], [ 4.459126, 43.673171 ], [ 4.459781, 43.674092 ], [ 4.460237, 43.675359 ], [ 4.45685, 43.676578 ], [ 4.449776, 43.678395 ], [ 4.449053, 43.679037 ], [ 4.44854, 43.679362 ], [ 4.44751, 43.687991 ], [ 4.448286, 43.682132 ] ] ], [ [ [ 4.434531, 43.698896 ], [ 4.434493, 43.697943 ], [ 4.441127, 43.692704 ], [ 4.444687, 43.700842 ], [ 4.447153, 43.706556 ], [ 4.450304, 43.708298 ], [ 4.455338, 43.713778 ], [ 4.457529, 43.713744 ], [ 4.458462, 43.713134 ], [ 4.458487, 43.712033 ], [ 4.458242, 43.70924 ], [ 4.458083, 43.70869 ], [ 4.458053, 43.708631 ], [ 4.455499, 43.703787 ], [ 4.454792, 43.69898 ], [ 4.452869, 43.697552 ], [ 4.452836, 43.697524 ], [ 4.452467795161884, 43.696929960968589 ], [ 4.453343, 43.702362 ], [ 4.453023, 43.703967 ], [ 4.452949, 43.704082 ], [ 4.452651, 43.704393 ], [ 4.450183, 43.704087 ], [ 4.450022, 43.703792 ], [ 4.4491, 43.702123 ], [ 4.445731, 43.697945 ], [ 4.445632, 43.697328 ], [ 4.445427, 43.695575 ], [ 4.44101, 43.690816 ], [ 4.435871, 43.69228 ], [ 4.432713, 43.698363 ], [ 4.432681, 43.698771 ], [ 4.432305076244158, 43.698985111209566 ], [ 4.434531, 43.698896 ] ] ], [ [ [ 4.393843, 43.677047 ], [ 4.394742, 43.680533 ], [ 4.393893, 43.689431 ], [ 4.393059, 43.690542 ], [ 4.395938, 43.692703 ], [ 4.398689, 43.697792 ], [ 4.400191, 43.697463 ], [ 4.401538, 43.697226 ], [ 4.406182, 43.697144 ], [ 4.411769, 43.700003 ], [ 4.414401, 43.705438 ], [ 4.414428, 43.705508 ], [ 4.414963, 43.706253 ], [ 4.417334, 43.713854 ], [ 4.416699, 43.717205 ], [ 4.416228, 43.718735 ], [ 4.416072, 43.719196 ], [ 4.419483, 43.720349 ], [ 4.419639, 43.719888 ], [ 4.424467, 43.713443 ], [ 4.426381, 43.712345 ], [ 4.427037, 43.711852 ], [ 4.424875, 43.708973 ], [ 4.424882, 43.703213 ], [ 4.424246, 43.705329 ], [ 4.423972, 43.709263 ], [ 4.424034, 43.709744 ], [ 4.42407, 43.710355 ], [ 4.424065, 43.710801 ], [ 4.424023, 43.711394 ], [ 4.423989, 43.711728 ], [ 4.422662, 43.712121 ], [ 4.422444, 43.712142 ], [ 4.420407, 43.711369 ], [ 4.420082, 43.708446 ], [ 4.419894, 43.707499 ], [ 4.419215, 43.703964 ], [ 4.41905, 43.703347 ], [ 4.419984, 43.699871 ], [ 4.413484, 43.694993 ], [ 4.407261, 43.694345 ], [ 4.406502, 43.693684 ], [ 4.405498, 43.692131 ], [ 4.401859, 43.686484 ], [ 4.399053, 43.684228 ], [ 4.400293, 43.679177 ], [ 4.393270269001982, 43.675864342029548 ], [ 4.393843, 43.677047 ] ] ] ] } },
{ "type": "Feature", "properties": { "codgeo": "30258", "value": 420, "isochrone_group": 7.0, "nb_agences": 1 }, "geometry": { "type": "MultiPolygon", "coordinates": [ [ [ [ 4.382292, 43.663262 ], [ 4.381552, 43.662731 ], [ 4.380567, 43.662592 ], [ 4.376835, 43.662791 ], [ 4.367883, 43.662877 ], [ 4.364824, 43.660902 ], [ 4.363369, 43.659929 ], [ 4.362885, 43.659662 ], [ 4.362795, 43.659627 ], [ 4.362756, 43.659612 ], [ 4.360539, 43.662143 ], [ 4.360622, 43.662273 ], [ 4.361447, 43.662973 ], [ 4.366056, 43.670307 ], [ 4.37267, 43.672885 ], [ 4.373654, 43.676348 ], [ 4.379656, 43.677317 ], [ 4.383229, 43.677755 ], [ 4.389394, 43.68186 ], [ 4.393893, 43.689431 ], [ 4.394742, 43.680533 ], [ 4.393843, 43.677047 ], [ 4.39121, 43.67161 ], [ 4.384076, 43.672449 ], [ 4.382336, 43.674368 ], [ 4.37964, 43.674691 ], [ 4.379026, 43.674804 ], [ 4.37809, 43.672202 ], [ 4.372169, 43.668562 ], [ 4.370822, 43.668469 ], [ 4.370709, 43.665272 ], [ 4.370947, 43.664872 ], [ 4.371976, 43.664907 ], [ 4.374643, 43.664975 ], [ 4.382127, 43.663577 ], [ 4.382254, 43.663627 ], [ 4.387173, 43.66505 ], [ 4.382292, 43.663262 ] ] ], [ [ [ 4.420217, 43.653794 ], [ 4.41904, 43.65216 ], [ 4.418248, 43.651202 ], [ 4.409843, 43.649071 ], [ 4.406869, 43.651099 ], [ 4.404933, 43.652745 ], [ 4.403632, 43.656102 ], [ 4.396819, 43.65989 ], [ 4.392568, 43.661756 ], [ 4.387173, 43.66505 ], [ 4.395002, 43.662636 ], [ 4.399973, 43.658716 ], [ 4.400986, 43.659564 ], [ 4.409152, 43.658303 ], [ 4.409821, 43.655431 ], [ 4.410174, 43.654851 ], [ 4.412801, 43.65341 ], [ 4.41926, 43.654679 ], [ 4.421302919734014, 43.655307975287663 ], [ 4.420217, 43.653794 ] ] ], [ [ [ 4.437329, 43.645412 ], [ 4.434129, 43.639886 ], [ 4.43292, 43.636914 ], [ 4.432428, 43.635578 ], [ 4.431903, 43.634881 ], [ 4.430675, 43.633342 ], [ 4.429916, 43.632463 ], [ 4.42719, 43.634814 ], [ 4.428035, 43.64034 ], [ 4.427758, 43.642791 ], [ 4.42774, 43.645098 ], [ 4.429326, 43.647046 ], [ 4.429883, 43.650602 ], [ 4.427009, 43.65715 ], [ 4.421318, 43.655329 ], [ 4.42843, 43.660509 ], [ 4.433893, 43.660021 ], [ 4.436601, 43.652726 ], [ 4.432234, 43.650177 ], [ 4.431665, 43.649558 ], [ 4.430018, 43.647394 ], [ 4.429455, 43.646944 ], [ 4.429007, 43.646386 ], [ 4.428881, 43.646167 ], [ 4.42884, 43.645549 ], [ 4.428804, 43.644451 ], [ 4.429067, 43.643708 ], [ 4.429345, 43.643251 ], [ 4.429803, 43.642597 ], [ 4.430545, 43.641483 ], [ 4.433541, 43.643479 ], [ 4.436498, 43.646014 ], [ 4.436729, 43.646209 ], [ 4.43713, 43.646659 ], [ 4.438994, 43.649481 ], [ 4.439372, 43.650046 ], [ 4.437329, 43.645412 ] ] ], [ [ [ 4.461183, 43.68921 ], [ 4.466029, 43.691701 ], [ 4.466731, 43.692218 ], [ 4.467566, 43.692804 ], [ 4.468301, 43.693247 ], [ 4.470157, 43.690162 ], [ 4.467617, 43.687258 ], [ 4.464089, 43.68421 ], [ 4.465989, 43.676512 ], [ 4.4664, 43.674904 ], [ 4.474616, 43.671567 ], [ 4.475123, 43.671736 ], [ 4.476151, 43.672173 ], [ 4.478042, 43.67304 ], [ 4.479834, 43.673715 ], [ 4.481425, 43.674591 ], [ 4.481767, 43.67475 ], [ 4.483572, 43.674098 ], [ 4.483652, 43.674001 ], [ 4.483278, 43.671482 ], [ 4.480675, 43.663743 ], [ 4.480007, 43.660878 ], [ 4.478968, 43.658098 ], [ 4.478598, 43.657565 ], [ 4.477159, 43.658176 ], [ 4.476141, 43.658583 ], [ 4.475634, 43.658841 ], [ 4.471022, 43.660532 ], [ 4.465774, 43.660165 ], [ 4.458791, 43.656319 ], [ 4.457703, 43.654412 ], [ 4.454576, 43.656196 ], [ 4.451872, 43.663393 ], [ 4.443417, 43.66078 ], [ 4.450226, 43.665435 ], [ 4.455633, 43.661583 ], [ 4.459989, 43.658291 ], [ 4.46147, 43.659067 ], [ 4.461946, 43.659338 ], [ 4.470245, 43.662374 ], [ 4.471622, 43.6657 ], [ 4.471731, 43.66676 ], [ 4.470185, 43.670011 ], [ 4.463528, 43.672667 ], [ 4.46319, 43.676251 ], [ 4.463591, 43.685085 ], [ 4.460657, 43.687171 ], [ 4.459884306559207, 43.686083737960473 ], [ 4.461183, 43.68921 ] ] ], [ [ [ 4.458229, 43.680722 ], [ 4.450185, 43.678973 ], [ 4.450036615233298, 43.679219839114289 ], [ 4.458229, 43.680722 ] ] ], [ [ [ 4.455138, 43.717616 ], [ 4.455681, 43.718103 ], [ 4.459831, 43.72178 ], [ 4.462962, 43.720003 ], [ 4.461977, 43.71613 ], [ 4.460578, 43.709822 ], [ 4.460013, 43.706021 ], [ 4.458969, 43.704056 ], [ 4.454900558839999, 43.699718107982839 ], [ 4.455499, 43.703787 ], [ 4.458053, 43.708631 ], [ 4.458083, 43.70869 ], [ 4.458242, 43.70924 ], [ 4.458487, 43.712033 ], [ 4.458462, 43.713134 ], [ 4.457529, 43.713744 ], [ 4.455338, 43.713778 ], [ 4.454979413162352, 43.713387643251814 ], [ 4.455138, 43.717616 ] ] ], [ [ [ 4.427906, 43.711458 ], [ 4.430375, 43.710336 ], [ 4.430623, 43.709429 ], [ 4.434588, 43.701807 ], [ 4.442039, 43.703723 ], [ 4.444433, 43.71035 ], [ 4.446093, 43.711898 ], [ 4.446662, 43.712127 ], [ 4.447376, 43.712293 ], [ 4.454697534215586, 43.713080790524721 ], [ 4.450304, 43.708298 ], [ 4.447153, 43.706556 ], [ 4.444687, 43.700842 ], [ 4.441127, 43.692704 ], [ 4.434493, 43.697943 ], [ 4.434531, 43.698896 ], [ 4.430934, 43.69904 ], [ 4.424882, 43.703213 ], [ 4.424875, 43.708973 ], [ 4.427037, 43.711852 ], [ 4.426381, 43.712345 ], [ 4.427906, 43.711458 ] ] ], [ [ [ 4.415708, 43.71258 ], [ 4.415318, 43.713143 ], [ 4.41232, 43.716583 ], [ 4.409654, 43.723504 ], [ 4.409936, 43.725025 ], [ 4.410606, 43.72669 ], [ 4.410918, 43.727064 ], [ 4.413703, 43.729346 ], [ 4.419326, 43.726033 ], [ 4.419318, 43.724928 ], [ 4.419639, 43.719888 ], [ 4.419483, 43.720349 ], [ 4.416072, 43.719196 ], [ 4.416228, 43.718735 ], [ 4.416699, 43.717205 ], [ 4.417334, 43.713854 ], [ 4.416309003727938, 43.710568046113906 ], [ 4.415708, 43.71258 ] ] ], [ [ [ 4.407419, 43.700213 ], [ 4.409474, 43.703169 ], [ 4.409958, 43.702936 ], [ 4.413700306001891, 43.703991088191593 ], [ 4.411769, 43.700003 ], [ 4.406182, 43.697144 ], [ 4.401538, 43.697226 ], [ 4.400191, 43.697463 ], [ 4.407419, 43.700213 ] ] ], [ [ [ 4.392791, 43.690909 ], [ 4.390224, 43.692815 ], [ 4.387966, 43.693866 ], [ 4.38537, 43.694991 ], [ 4.386801, 43.698294 ], [ 4.392911, 43.700729 ], [ 4.394907, 43.701831 ], [ 4.397074, 43.699327 ], [ 4.39775, 43.698745 ], [ 4.400191, 43.697463 ], [ 4.398689, 43.697792 ], [ 4.395938, 43.692703 ], [ 4.393062613616582, 43.690544712408979 ], [ 4.392791, 43.690909 ] ] ] ] } },
{ "type": "Feature", "properties": { "codgeo": "30258", "value": 480, "isochrone_group": 8.0, "nb_agences": 1 }, "geometry": { "type": "MultiPolygon", "coordinates": [ [ [ [ 4.377219, 43.661668 ], [ 4.373455, 43.662361 ], [ 4.365148, 43.659684 ], [ 4.362837, 43.658875 ], [ 4.358224, 43.657654 ], [ 4.353465, 43.655817 ], [ 4.351548, 43.655603 ], [ 4.350118, 43.656131 ], [ 4.350037, 43.656207 ], [ 4.350364, 43.659002 ], [ 4.350761, 43.659141 ], [ 4.352374, 43.659463 ], [ 4.352781, 43.659569 ], [ 4.355789, 43.660928 ], [ 4.359596, 43.667005 ], [ 4.359707, 43.670604 ], [ 4.36328, 43.670493 ], [ 4.367159, 43.676 ], [ 4.367411, 43.676473 ], [ 4.36766, 43.676964 ], [ 4.36862, 43.677615 ], [ 4.369457, 43.677404 ], [ 4.371436, 43.676952 ], [ 4.379075, 43.680948 ], [ 4.382143, 43.682831 ], [ 4.382675, 43.681964 ], [ 4.383148, 43.68058 ], [ 4.383334, 43.6797 ], [ 4.383396151326384, 43.677866298652859 ], [ 4.383229, 43.677755 ], [ 4.379656, 43.677317 ], [ 4.373654, 43.676348 ], [ 4.37267, 43.672885 ], [ 4.366056, 43.670307 ], [ 4.361447, 43.662973 ], [ 4.360622, 43.662273 ], [ 4.360539, 43.662143 ], [ 4.362756, 43.659612 ], [ 4.362795, 43.659627 ], [ 4.362885, 43.659662 ], [ 4.363369, 43.659929 ], [ 4.364824, 43.660902 ], [ 4.367883, 43.662877 ], [ 4.376835, 43.662791 ], [ 4.38023777357344, 43.662609555214075 ], [ 4.377219, 43.661668 ] ] ], [ [ [ 4.391413, 43.660633 ], [ 4.38875, 43.663055 ], [ 4.381616643459698, 43.662777386050138 ], [ 4.382292, 43.663262 ], [ 4.387173, 43.66505 ], [ 4.392568, 43.661756 ], [ 4.396819, 43.65989 ], [ 4.391413, 43.660633 ] ] ], [ [ [ 4.428951, 43.626686 ], [ 4.428353, 43.626234 ], [ 4.426951, 43.625482 ], [ 4.423465, 43.626379 ], [ 4.422448, 43.629314 ], [ 4.424542, 43.632242 ], [ 4.426057, 43.638411 ], [ 4.424872, 43.64181 ], [ 4.425521, 43.644166 ], [ 4.41897, 43.65012 ], [ 4.415915, 43.648215 ], [ 4.41291, 43.646749 ], [ 4.407255, 43.645319 ], [ 4.404301, 43.647376 ], [ 4.402391, 43.649568 ], [ 4.401969, 43.651778 ], [ 4.401605, 43.653012 ], [ 4.396819, 43.65989 ], [ 4.403632, 43.656102 ], [ 4.404933, 43.652745 ], [ 4.406869, 43.651099 ], [ 4.409843, 43.649071 ], [ 4.418248, 43.651202 ], [ 4.41904, 43.65216 ], [ 4.420217, 43.653794 ], [ 4.421318, 43.655329 ], [ 4.427009, 43.65715 ], [ 4.429883, 43.650602 ], [ 4.429326, 43.647046 ], [ 4.42774, 43.645098 ], [ 4.427758, 43.642791 ], [ 4.428035, 43.64034 ], [ 4.42719, 43.634814 ], [ 4.429916, 43.632463 ], [ 4.430675, 43.633342 ], [ 4.431903, 43.634881 ], [ 4.428951, 43.626686 ] ] ], [ [ [ 4.43927, 43.646752 ], [ 4.434129, 43.639886 ], [ 4.437329, 43.645412 ], [ 4.439372, 43.650046 ], [ 4.43995, 43.651406 ], [ 4.43927, 43.646752 ] ] ], [ [ [ 4.483369, 43.67568 ], [ 4.48427, 43.676587 ], [ 4.486672, 43.678928 ], [ 4.487194, 43.679442 ], [ 4.492185, 43.679341 ], [ 4.493389, 43.679648 ], [ 4.494401, 43.679847 ], [ 4.495023, 43.679934 ], [ 4.495524, 43.67637 ], [ 4.490108, 43.672781 ], [ 4.486523, 43.672457 ], [ 4.484952, 43.664271 ], [ 4.48501, 43.664202 ], [ 4.485433, 43.663507 ], [ 4.485443, 43.663283 ], [ 4.485155, 43.656189 ], [ 4.483155, 43.652141 ], [ 4.479788, 43.653415 ], [ 4.474368, 43.658324 ], [ 4.470797, 43.658782 ], [ 4.46385, 43.658399 ], [ 4.458802, 43.653766 ], [ 4.457575, 43.652642 ], [ 4.454428, 43.650817 ], [ 4.452502, 43.653859 ], [ 4.450885, 43.661837 ], [ 4.442892, 43.659267 ], [ 4.443417, 43.66078 ], [ 4.451872, 43.663393 ], [ 4.454576, 43.656196 ], [ 4.457703, 43.654412 ], [ 4.458791, 43.656319 ], [ 4.465774, 43.660165 ], [ 4.471022, 43.660532 ], [ 4.475634, 43.658841 ], [ 4.476141, 43.658583 ], [ 4.477159, 43.658176 ], [ 4.478598, 43.657565 ], [ 4.478968, 43.658098 ], [ 4.480007, 43.660878 ], [ 4.480675, 43.663743 ], [ 4.483278, 43.671482 ], [ 4.483652, 43.674001 ], [ 4.483572, 43.674098 ], [ 4.481767, 43.67475 ], [ 4.481425, 43.674591 ], [ 4.479834, 43.673715 ], [ 4.483369, 43.67568 ] ] ], [ [ [ 4.466988, 43.676604 ], [ 4.469065, 43.676738 ], [ 4.471677, 43.675731 ], [ 4.479834, 43.673715 ], [ 4.478042, 43.67304 ], [ 4.476151, 43.672173 ], [ 4.475123, 43.671736 ], [ 4.474616, 43.671567 ], [ 4.4664, 43.674904 ], [ 4.465989, 43.676512 ], [ 4.465170833494586, 43.67982686618879 ], [ 4.466988, 43.676604 ] ] ], [ [ [ 4.465855, 43.691727 ], [ 4.467576, 43.694889 ], [ 4.476055, 43.697385 ], [ 4.477112, 43.698255 ], [ 4.4794, 43.695475 ], [ 4.478343, 43.694605 ], [ 4.477677, 43.693945 ], [ 4.475805, 43.692493 ], [ 4.474772, 43.691723 ], [ 4.470569, 43.687154 ], [ 4.469608, 43.68723 ], [ 4.468521, 43.687297 ], [ 4.467193262262377, 43.686891913655259 ], [ 4.467617, 43.687258 ], [ 4.470157, 43.690162 ], [ 4.468301, 43.693247 ], [ 4.467566, 43.692804 ], [ 4.466731, 43.692218 ], [ 4.466029, 43.691701 ], [ 4.465589281186684, 43.691474970374763 ], [ 4.465855, 43.691727 ] ] ], [ [ [ 4.429281, 43.713372 ], [ 4.430636, 43.712113 ], [ 4.430768, 43.71147 ], [ 4.437093, 43.706669 ], [ 4.441193, 43.712864 ], [ 4.441184, 43.714612 ], [ 4.444098, 43.716725 ], [ 4.446327, 43.715125 ], [ 4.45406, 43.719053 ], [ 4.45694, 43.721214 ], [ 4.461736, 43.72792 ], [ 4.462425, 43.729965 ], [ 4.465975, 43.729366 ], [ 4.465906, 43.727604 ], [ 4.464564, 43.723605 ], [ 4.467403, 43.718293 ], [ 4.466885, 43.71473 ], [ 4.463903, 43.714296 ], [ 4.460438807436663, 43.70888559126859 ], [ 4.460578, 43.709822 ], [ 4.461977, 43.71613 ], [ 4.462962, 43.720003 ], [ 4.459831, 43.72178 ], [ 4.455681, 43.718103 ], [ 4.455138, 43.717616 ], [ 4.454969, 43.71311 ], [ 4.447376, 43.712293 ], [ 4.446662, 43.712127 ], [ 4.446093, 43.711898 ], [ 4.444433, 43.71035 ], [ 4.442039, 43.703723 ], [ 4.434588, 43.701807 ], [ 4.430623, 43.709429 ], [ 4.430375, 43.710336 ], [ 4.427906, 43.711458 ], [ 4.426381, 43.712345 ], [ 4.424467, 43.713443 ], [ 4.429281, 43.713372 ] ] ], [ [ [ 4.384917, 43.695188 ], [ 4.382766, 43.69622 ], [ 4.382003, 43.696679 ], [ 4.380598, 43.697259 ], [ 4.378811, 43.698137 ], [ 4.374812, 43.698754 ], [ 4.374109, 43.701705 ], [ 4.37655, 43.704351 ], [ 4.376768, 43.704151 ], [ 4.380398, 43.701368 ], [ 4.382185, 43.70049 ], [ 4.384322, 43.699466 ], [ 4.39143, 43.701876 ], [ 4.396023, 43.704965 ], [ 4.399446, 43.70385 ], [ 4.406562, 43.707174 ], [ 4.410615, 43.714655 ], [ 4.409883, 43.715665 ], [ 4.407807, 43.717168 ], [ 4.40687, 43.717635 ], [ 4.401022, 43.723532 ], [ 4.398977, 43.723361 ], [ 4.398677, 43.726948 ], [ 4.400722, 43.72712 ], [ 4.402766, 43.727291 ], [ 4.408293, 43.734203 ], [ 4.408069, 43.735855 ], [ 4.407878, 43.736567 ], [ 4.40966, 43.738117 ], [ 4.409695, 43.738119 ], [ 4.409737, 43.738122 ], [ 4.409772, 43.738122 ], [ 4.411354, 43.737501 ], [ 4.411546, 43.73679 ], [ 4.411856, 43.734714 ], [ 4.412218, 43.733439 ], [ 4.412542, 43.731907 ], [ 4.419313, 43.72761 ], [ 4.423887, 43.726601 ], [ 4.42448, 43.725195 ], [ 4.424649, 43.724485 ], [ 4.424767, 43.723628 ], [ 4.424036, 43.723004 ], [ 4.42279055459773, 43.715680922663132 ], [ 4.419639, 43.719888 ], [ 4.419318, 43.724928 ], [ 4.419326, 43.726033 ], [ 4.413703, 43.729346 ], [ 4.410918, 43.727064 ], [ 4.410606, 43.72669 ], [ 4.409936, 43.725025 ], [ 4.409654, 43.723504 ], [ 4.41232, 43.716583 ], [ 4.415318, 43.713143 ], [ 4.415708, 43.71258 ], [ 4.416732, 43.709152 ], [ 4.417254, 43.704993 ], [ 4.409958, 43.702936 ], [ 4.409474, 43.703169 ], [ 4.407419, 43.700213 ], [ 4.400191, 43.697463 ], [ 4.39775, 43.698745 ], [ 4.397074, 43.699327 ], [ 4.394907, 43.701831 ], [ 4.392911, 43.700729 ], [ 4.386801, 43.698294 ], [ 4.385370213765469, 43.694991493408345 ], [ 4.384917, 43.695188 ] ] ] ] } },
{ "type": "Feature", "properties": { "codgeo": "30258", "value": 540, "isochrone_group": 9.0, "nb_agences": 1 }, "geometry": { "type": "MultiPolygon", "coordinates": [ [ [ [ 4.4743, 43.719356 ], [ 4.475363, 43.715917 ], [ 4.473349, 43.715294 ], [ 4.471334, 43.714672 ], [ 4.469589, 43.714408 ], [ 4.463556, 43.710536 ], [ 4.459207, 43.705921 ], [ 4.459106, 43.706804 ], [ 4.463903, 43.714296 ], [ 4.466885, 43.71473 ], [ 4.467403, 43.718293 ], [ 4.464564, 43.723605 ], [ 4.465906, 43.727604 ], [ 4.465910622590721, 43.727722043548525 ], [ 4.467722, 43.731744 ], [ 4.467756646243547, 43.731761123901336 ], [ 4.466829, 43.725729 ], [ 4.472286, 43.718734 ], [ 4.4743, 43.719356 ] ] ], [ [ [ 4.46299, 43.693383 ], [ 4.465511, 43.695954 ], [ 4.466477, 43.695475 ], [ 4.468765463944695, 43.695239147659635 ], [ 4.467576, 43.694889 ], [ 4.465855, 43.691727 ], [ 4.463351, 43.689352 ], [ 4.461592, 43.68825 ], [ 4.46299, 43.693383 ] ] ], [ [ [ 4.47712, 43.698261 ], [ 4.478892, 43.699762 ], [ 4.479281, 43.700039 ], [ 4.480047, 43.700492 ], [ 4.480406, 43.700662 ], [ 4.480883, 43.700839 ], [ 4.481413, 43.70098 ], [ 4.484222, 43.70165 ], [ 4.485276, 43.702019 ], [ 4.48669, 43.702428 ], [ 4.488592, 43.702854 ], [ 4.489379, 43.699341 ], [ 4.487477, 43.698915 ], [ 4.486284, 43.698563 ], [ 4.485418, 43.698255 ], [ 4.484355, 43.697957 ], [ 4.47956, 43.693918 ], [ 4.475805, 43.692493 ], [ 4.477677, 43.693945 ], [ 4.478343, 43.694605 ], [ 4.4794, 43.695475 ], [ 4.477112284791021, 43.698254653968945 ], [ 4.47712, 43.698261 ] ] ], [ [ [ 4.473109, 43.688317 ], [ 4.473007, 43.68686 ], [ 4.4726, 43.685886 ], [ 4.472307, 43.678633 ], [ 4.474186, 43.675562 ], [ 4.475294633691867, 43.674836902963982 ], [ 4.471677, 43.675731 ], [ 4.469065, 43.676738 ], [ 4.466988, 43.676604 ], [ 4.462819, 43.683998 ], [ 4.465263, 43.686303 ], [ 4.468521, 43.687297 ], [ 4.469608, 43.68723 ], [ 4.470569, 43.687154 ], [ 4.474772, 43.691723 ], [ 4.475805, 43.692493 ], [ 4.473109, 43.688317 ] ] ], [ [ [ 4.482698, 43.679447 ], [ 4.482406, 43.681156 ], [ 4.482449, 43.681279 ], [ 4.483987, 43.682404 ], [ 4.484371, 43.682347 ], [ 4.484754, 43.682262 ], [ 4.490041, 43.681321 ], [ 4.493554, 43.682442 ], [ 4.497122, 43.682919 ], [ 4.502921, 43.680841 ], [ 4.506499, 43.681251 ], [ 4.510077, 43.681661 ], [ 4.510487, 43.678084 ], [ 4.506909, 43.677674 ], [ 4.503331, 43.677264 ], [ 4.495838, 43.674559 ], [ 4.491019, 43.670206 ], [ 4.489114, 43.664028 ], [ 4.488123, 43.65586 ], [ 4.489145, 43.654208 ], [ 4.491152, 43.651219 ], [ 4.49019, 43.650573 ], [ 4.489847, 43.650364 ], [ 4.488171, 43.649617 ], [ 4.487936, 43.649514 ], [ 4.487416, 43.649372 ], [ 4.47923, 43.647221 ], [ 4.477081, 43.644716 ], [ 4.473589, 43.645591 ], [ 4.47371, 43.646074 ], [ 4.474005, 43.646773 ], [ 4.474542, 43.647555 ], [ 4.476658, 43.64974 ], [ 4.476256122658917, 43.65661389038145 ], [ 4.479788, 43.653415 ], [ 4.483155, 43.652141 ], [ 4.485155, 43.656189 ], [ 4.485443, 43.663283 ], [ 4.485433, 43.663507 ], [ 4.48501, 43.664202 ], [ 4.484952, 43.664271 ], [ 4.486523, 43.672457 ], [ 4.490108, 43.672781 ], [ 4.495524, 43.67637 ], [ 4.495023, 43.679934 ], [ 4.494401, 43.679847 ], [ 4.493389, 43.679648 ], [ 4.492185, 43.679341 ], [ 4.487194, 43.679442 ], [ 4.486672, 43.678928 ], [ 4.48427, 43.676587 ], [ 4.483369, 43.67568 ], [ 4.479834, 43.673715 ], [ 4.478730686549456, 43.673987683574381 ], [ 4.482698, 43.679447 ] ] ], [ [ [ 4.458773, 43.652921 ], [ 4.458258, 43.651617 ], [ 4.45687, 43.648295 ], [ 4.453044, 43.647044 ], [ 4.449802, 43.647082 ], [ 4.447274, 43.649644 ], [ 4.440599, 43.648085 ], [ 4.439929, 43.647383 ], [ 4.439474, 43.646929 ], [ 4.43927293658757, 43.646772098350809 ], [ 4.43995, 43.651406 ], [ 4.440761, 43.653119 ], [ 4.441644, 43.655161 ], [ 4.441962, 43.655826 ], [ 4.442037, 43.65597 ], [ 4.442292, 43.656784 ], [ 4.442442, 43.658007 ], [ 4.442892, 43.659267 ], [ 4.450885, 43.661837 ], [ 4.452502, 43.653859 ], [ 4.454428, 43.650817 ], [ 4.457575, 43.652642 ], [ 4.458802, 43.653766 ], [ 4.459460462689532, 43.654370329960493 ], [ 4.458773, 43.652921 ] ] ], [ [ [ 4.431371, 43.628408 ], [ 4.430865, 43.627994 ], [ 4.425275, 43.621502 ], [ 4.422874, 43.618819 ], [ 4.419358, 43.618784 ], [ 4.416444, 43.620897 ], [ 4.416595, 43.621106 ], [ 4.417043, 43.621635 ], [ 4.417942, 43.622602 ], [ 4.418659, 43.623241 ], [ 4.418147, 43.632075 ], [ 4.419552, 43.63539 ], [ 4.42121, 43.642666 ], [ 4.415417, 43.646759 ], [ 4.413341477259305, 43.646959497724502 ], [ 4.415915, 43.648215 ], [ 4.41897, 43.65012 ], [ 4.425521, 43.644166 ], [ 4.424872, 43.64181 ], [ 4.426057, 43.638411 ], [ 4.424542, 43.632242 ], [ 4.422448, 43.629314 ], [ 4.423465, 43.626379 ], [ 4.426951, 43.625482 ], [ 4.428353, 43.626234 ], [ 4.428951, 43.626686 ], [ 4.431903, 43.634881 ], [ 4.432091, 43.635142 ], [ 4.432387, 43.635642 ], [ 4.43292, 43.636914 ], [ 4.431371, 43.628408 ] ] ], [ [ [ 4.407066, 43.642931 ], [ 4.406954, 43.642084 ], [ 4.404869, 43.641337 ], [ 4.404403, 43.641597 ], [ 4.403385, 43.642558 ], [ 4.402512, 43.643474 ], [ 4.401529, 43.645996 ], [ 4.401673, 43.646136 ], [ 4.402605, 43.647073 ], [ 4.403784742015289, 43.647968480367794 ], [ 4.404301, 43.647376 ], [ 4.407255, 43.645319 ], [ 4.408012911149108, 43.645510655692895 ], [ 4.407066, 43.642931 ] ] ], [ [ [ 4.389865, 43.658309 ], [ 4.388515, 43.658576 ], [ 4.382014, 43.658527 ], [ 4.378587, 43.657426 ], [ 4.371726886479449, 43.66180410101186 ], [ 4.373455, 43.662361 ], [ 4.377219, 43.661668 ], [ 4.380656, 43.66274 ], [ 4.38875, 43.663055 ], [ 4.391413, 43.660633 ], [ 4.396819, 43.65989 ], [ 4.389865, 43.658309 ] ] ], [ [ [ 4.356235, 43.654409 ], [ 4.355421, 43.653709 ], [ 4.354105, 43.652514 ], [ 4.353615, 43.652065 ], [ 4.349642, 43.652205 ], [ 4.340738, 43.651874 ], [ 4.339582, 43.655284 ], [ 4.339667, 43.655312 ], [ 4.343804, 43.656901 ], [ 4.348366, 43.659169 ], [ 4.351553, 43.660844 ], [ 4.355826, 43.668341 ], [ 4.360413, 43.675903 ], [ 4.36199, 43.677639 ], [ 4.363214, 43.678859 ], [ 4.366813, 43.678883 ], [ 4.373371, 43.679257 ], [ 4.375858, 43.68635 ], [ 4.37722, 43.694071 ], [ 4.373956, 43.695589 ], [ 4.372842, 43.702852 ], [ 4.37092, 43.705033 ], [ 4.369159, 43.70642 ], [ 4.367241, 43.709513 ], [ 4.366052, 43.7112 ], [ 4.368995, 43.713273 ], [ 4.371829, 43.71004 ], [ 4.372499, 43.709044 ], [ 4.37463, 43.706571 ], [ 4.375175, 43.706012 ], [ 4.375526, 43.705535 ], [ 4.376768, 43.704151 ], [ 4.37655, 43.704351 ], [ 4.374109, 43.701705 ], [ 4.374812, 43.698754 ], [ 4.378811, 43.698137 ], [ 4.380598, 43.697259 ], [ 4.382003, 43.696679 ], [ 4.382766, 43.69622 ], [ 4.384917, 43.695188 ], [ 4.387966, 43.693866 ], [ 4.389529, 43.693358 ], [ 4.390567, 43.692802 ], [ 4.392791, 43.690909 ], [ 4.393893, 43.689431 ], [ 4.394847, 43.688415 ], [ 4.397328, 43.681495 ], [ 4.395631, 43.672921 ], [ 4.394342, 43.672605 ], [ 4.392979, 43.672294 ], [ 4.392531, 43.672161 ], [ 4.392047, 43.671983 ], [ 4.39121, 43.67161 ], [ 4.383465, 43.675835 ], [ 4.383334, 43.6797 ], [ 4.383148, 43.68058 ], [ 4.382675, 43.681964 ], [ 4.382143, 43.682831 ], [ 4.379075, 43.680948 ], [ 4.371436, 43.676952 ], [ 4.369457, 43.677404 ], [ 4.36862, 43.677615 ], [ 4.36766, 43.676964 ], [ 4.367411, 43.676473 ], [ 4.367159, 43.676 ], [ 4.36328, 43.670493 ], [ 4.359707, 43.670604 ], [ 4.359596, 43.667005 ], [ 4.355789, 43.660928 ], [ 4.352781, 43.659569 ], [ 4.352374, 43.659463 ], [ 4.350761, 43.659141 ], [ 4.350364, 43.659002 ], [ 4.350037, 43.656207 ], [ 4.350118, 43.656131 ], [ 4.351548, 43.655603 ], [ 4.353465, 43.655817 ], [ 4.358224, 43.657654 ], [ 4.362837, 43.658875 ], [ 4.356235, 43.654409 ] ] ], [ [ [ 4.390485, 43.70307 ], [ 4.39396, 43.70401 ], [ 4.401052, 43.707518 ], [ 4.404034, 43.712576 ], [ 4.404331, 43.713559 ], [ 4.405066, 43.718655 ], [ 4.400337252732185, 43.723474742404505 ], [ 4.401022, 43.723532 ], [ 4.40687, 43.717635 ], [ 4.407807, 43.717168 ], [ 4.409883, 43.715665 ], [ 4.410615, 43.714655 ], [ 4.406562, 43.707174 ], [ 4.399446, 43.70385 ], [ 4.396023, 43.704965 ], [ 4.39143, 43.701876 ], [ 4.384322, 43.699466 ], [ 4.382185, 43.70049 ], [ 4.390485, 43.70307 ] ] ], [ [ [ 4.397094, 43.723277 ], [ 4.391697, 43.724172 ], [ 4.39077, 43.727651 ], [ 4.392266, 43.728049 ], [ 4.392832, 43.728151 ], [ 4.393562, 43.728201 ], [ 4.39412, 43.728191 ], [ 4.398044, 43.728514 ], [ 4.402766, 43.727291 ], [ 4.400722, 43.72712 ], [ 4.398677, 43.726948 ], [ 4.398974423324122, 43.723391808454565 ], [ 4.397094, 43.723277 ] ] ], [ [ [ 4.407424, 43.734224 ], [ 4.406792, 43.736539 ], [ 4.405996, 43.737795 ], [ 4.405099, 43.739065 ], [ 4.405034, 43.739202 ], [ 4.405118, 43.741287 ], [ 4.407086, 43.743679 ], [ 4.410677, 43.743436 ], [ 4.412601, 43.742384 ], [ 4.412767, 43.738788 ], [ 4.412218, 43.733439 ], [ 4.411856, 43.734714 ], [ 4.411546, 43.73679 ], [ 4.411354, 43.737501 ], [ 4.409772, 43.738122 ], [ 4.409737, 43.738122 ], [ 4.409695, 43.738119 ], [ 4.40966, 43.738117 ], [ 4.407878, 43.736567 ], [ 4.408069, 43.735855 ], [ 4.408293, 43.734203 ], [ 4.402766, 43.727291 ], [ 4.407424, 43.734224 ] ] ], [ [ [ 4.419187, 43.73006 ], [ 4.427205, 43.726955 ], [ 4.429158, 43.726388 ], [ 4.43087, 43.725871 ], [ 4.431571, 43.725317 ], [ 4.429339, 43.722492 ], [ 4.430824, 43.714502 ], [ 4.438574, 43.71848 ], [ 4.438707, 43.718969 ], [ 4.44023, 43.719995 ], [ 4.440804, 43.719739 ], [ 4.442876, 43.718044 ], [ 4.443359, 43.717648 ], [ 4.451921, 43.720051 ], [ 4.454207, 43.722832 ], [ 4.460712603443591, 43.726489037258695 ], [ 4.45694, 43.721214 ], [ 4.45406, 43.719053 ], [ 4.446327, 43.715125 ], [ 4.444098, 43.716725 ], [ 4.441184, 43.714612 ], [ 4.441193, 43.712864 ], [ 4.437093, 43.706669 ], [ 4.430768, 43.71147 ], [ 4.430636, 43.712113 ], [ 4.429281, 43.713372 ], [ 4.424467, 43.713443 ], [ 4.422629, 43.714731 ], [ 4.424036, 43.723004 ], [ 4.424767, 43.723628 ], [ 4.424649, 43.724485 ], [ 4.42448, 43.725195 ], [ 4.423887, 43.726601 ], [ 4.419313, 43.72761 ], [ 4.412542, 43.731907 ], [ 4.412218, 43.733439 ], [ 4.419187, 43.73006 ] ] ], [ [ [ 4.462474, 43.730196 ], [ 4.463091567433133, 43.732434310215098 ], [ 4.462434, 43.730016 ], [ 4.462426792223918, 43.729964697593779 ], [ 4.462425, 43.729965 ], [ 4.461736, 43.72792 ], [ 4.46077345382398, 43.726574121214249 ], [ 4.462474, 43.730196 ] ] ], [ [ [ 4.46820305712025, 43.739171684380757 ], [ 4.466885666531739, 43.737793897662144 ], [ 4.46779, 43.738846 ], [ 4.468195, 43.739173 ], [ 4.46820305712025, 43.739171684380757 ] ] ], [ [ [ 4.463660511536569, 43.733934978179619 ], [ 4.46368735314315, 43.73391987523776 ], [ 4.463569811339461, 43.733726410509377 ], [ 4.463660511536569, 43.733934978179619 ] ] ], [ [ [ 4.463216063202249, 43.732881961440242 ], [ 4.46324, 43.732968 ], [ 4.463269174618169, 43.733035087860166 ], [ 4.463216063202249, 43.732881961440242 ] ] ] ] } },
{ "type": "Feature", "properties": { "codgeo": "30258", "value": 600, "isochrone_group": 10.0, "nb_agences": 1 }, "geometry": { "type": "MultiPolygon", "coordinates": [ [ [ [ 4.503331, 43.677264 ], [ 4.506909, 43.677674 ], [ 4.510487, 43.678084 ], [ 4.510077, 43.681661 ], [ 4.506499, 43.681251 ], [ 4.502921, 43.680841 ], [ 4.497122, 43.682919 ], [ 4.493554, 43.682442 ], [ 4.490041, 43.681321 ], [ 4.484754, 43.682262 ], [ 4.484371, 43.682347 ], [ 4.483987, 43.682404 ], [ 4.482449, 43.681279 ], [ 4.482406, 43.681156 ], [ 4.482698, 43.679447 ], [ 4.478042, 43.67304 ], [ 4.474186, 43.675562 ], [ 4.472307, 43.678633 ], [ 4.4726, 43.685886 ], [ 4.473007, 43.68686 ], [ 4.473109, 43.688317 ], [ 4.473513195891699, 43.68894308384413 ], [ 4.473343, 43.688628 ], [ 4.481035, 43.684435 ], [ 4.481485, 43.684382 ], [ 4.484576, 43.684431 ], [ 4.485524, 43.684436 ], [ 4.493453, 43.686989 ], [ 4.497047, 43.687196 ], [ 4.501979, 43.682206 ], [ 4.507283, 43.684833 ], [ 4.513674, 43.686538 ], [ 4.520018129248021, 43.683521511186022 ], [ 4.519003, 43.682697 ], [ 4.515425, 43.682292 ], [ 4.513194, 43.682027 ], [ 4.510963, 43.681763 ], [ 4.511386, 43.678188 ], [ 4.518168, 43.678302 ], [ 4.519582587750576, 43.678420527450712 ], [ 4.514543, 43.67607 ], [ 4.511025, 43.675304 ], [ 4.510962, 43.675345 ], [ 4.503331, 43.677264 ] ] ], [ [ [ 4.497662, 43.671913 ], [ 4.494622, 43.665302 ], [ 4.495217, 43.656798 ], [ 4.498543, 43.65542 ], [ 4.4991, 43.654175 ], [ 4.497242, 43.651092 ], [ 4.489067976772218, 43.650016786186654 ], [ 4.489847, 43.650364 ], [ 4.49019, 43.650573 ], [ 4.491152, 43.651219 ], [ 4.489145, 43.654208 ], [ 4.488123, 43.65586 ], [ 4.489114, 43.664028 ], [ 4.491019, 43.670206 ], [ 4.495838, 43.674559 ], [ 4.503331, 43.677264 ], [ 4.497662, 43.671913 ] ] ], [ [ [ 4.478271, 43.640169 ], [ 4.478512, 43.63909 ], [ 4.478555, 43.638303 ], [ 4.47863, 43.636972 ], [ 4.477876, 43.635658 ], [ 4.477276, 43.635027 ], [ 4.474174, 43.636854 ], [ 4.473687, 43.639044 ], [ 4.473684, 43.642644 ], [ 4.47363, 43.644076 ], [ 4.473545, 43.644645 ], [ 4.473533, 43.645162 ], [ 4.473614995675503, 43.645584486192419 ], [ 4.477081, 43.644716 ], [ 4.47923, 43.647221 ], [ 4.478271, 43.640169 ] ] ], [ [ [ 4.462951, 43.654953 ], [ 4.461414, 43.651698 ], [ 4.457942, 43.647847 ], [ 4.45437, 43.646491 ], [ 4.447474, 43.643617 ], [ 4.444991, 43.646224 ], [ 4.438527, 43.64619 ], [ 4.439474, 43.646929 ], [ 4.439929, 43.647383 ], [ 4.440599, 43.648085 ], [ 4.447274, 43.649644 ], [ 4.449802, 43.647082 ], [ 4.453044, 43.647044 ], [ 4.45687, 43.648295 ], [ 4.458258, 43.651617 ], [ 4.458773, 43.652921 ], [ 4.460316, 43.656174 ], [ 4.462417, 43.659714 ], [ 4.463881558136507, 43.660165049959943 ], [ 4.462951, 43.654953 ] ] ], [ [ [ 4.433551, 43.630756 ], [ 4.432925, 43.629985 ], [ 4.432077, 43.629087 ], [ 4.431499, 43.628521 ], [ 4.431372416834026, 43.62841578023901 ], [ 4.43292, 43.636914 ], [ 4.433551, 43.630756 ] ] ], [ [ [ 4.4273, 43.619365 ], [ 4.42746, 43.618911 ], [ 4.427608, 43.618167 ], [ 4.427661, 43.616539 ], [ 4.427716, 43.614719 ], [ 4.426019, 43.614691 ], [ 4.424118, 43.61461 ], [ 4.415509, 43.612991 ], [ 4.414443, 43.611739 ], [ 4.413702, 43.611378 ], [ 4.4133, 43.611297 ], [ 4.410895, 43.611027 ], [ 4.408491, 43.610757 ], [ 4.408089, 43.614334 ], [ 4.414422, 43.618968 ], [ 4.416595, 43.621106 ], [ 4.416444, 43.620897 ], [ 4.419358, 43.618784 ], [ 4.422874, 43.618819 ], [ 4.425275, 43.621502 ], [ 4.430157263451778, 43.627172063386226 ], [ 4.4273, 43.619365 ] ] ], [ [ [ 4.415894, 43.63201 ], [ 4.413184, 43.630613 ], [ 4.41034, 43.63282 ], [ 4.405079, 43.636243 ], [ 4.403086, 43.637466 ], [ 4.402739, 43.637912 ], [ 4.398744, 43.644628 ], [ 4.398819, 43.64528 ], [ 4.398971, 43.645839 ], [ 4.400321, 43.646989 ], [ 4.401235, 43.647045 ], [ 4.405755, 43.649464 ], [ 4.402605, 43.647073 ], [ 4.401673, 43.646136 ], [ 4.401529, 43.645996 ], [ 4.402512, 43.643474 ], [ 4.403385, 43.642558 ], [ 4.404403, 43.641597 ], [ 4.404869, 43.641337 ], [ 4.406954, 43.642084 ], [ 4.407066, 43.642931 ], [ 4.408709, 43.647407 ], [ 4.415417, 43.646759 ], [ 4.42121, 43.642666 ], [ 4.419552, 43.63539 ], [ 4.418147, 43.632075 ], [ 4.418560241792179, 43.624944964859161 ], [ 4.415894, 43.63201 ] ] ], [ [ [ 4.391005, 43.658097 ], [ 4.389882395391294, 43.658312954862467 ], [ 4.396819, 43.65989 ], [ 4.391005, 43.658097 ] ] ], [ [ [ 4.382165, 43.658058 ], [ 4.378737, 43.656957 ], [ 4.377086814281519, 43.658383413400294 ], [ 4.378587, 43.657426 ], [ 4.382014, 43.658527 ], [ 4.388515, 43.658576 ], [ 4.382165, 43.658058 ] ] ], [ [ [ 4.370932, 43.661719 ], [ 4.36944, 43.661268 ], [ 4.368753, 43.661002 ], [ 4.368454617714757, 43.660900650471092 ], [ 4.370124, 43.661651 ], [ 4.371445, 43.661984 ], [ 4.37156093292773, 43.661910012001599 ], [ 4.370932, 43.661719 ] ] ], [ [ [ 4.348806, 43.648994 ], [ 4.348204, 43.648506 ], [ 4.347814, 43.648382 ], [ 4.347649, 43.648339 ], [ 4.347404, 43.648286 ], [ 4.342033, 43.650628 ], [ 4.337487, 43.648211 ], [ 4.335031, 43.64789 ], [ 4.32772, 43.647483 ], [ 4.326736, 43.648625 ], [ 4.326706, 43.648673 ], [ 4.32659, 43.650901 ], [ 4.327708, 43.65127 ], [ 4.331947, 43.653144 ], [ 4.334991, 43.655067 ], [ 4.339155, 43.659841 ], [ 4.341295, 43.662006 ], [ 4.344698, 43.66318 ], [ 4.350828, 43.66299 ], [ 4.350905, 43.662943 ], [ 4.352658213091433, 43.662783101929868 ], [ 4.351553, 43.660844 ], [ 4.348366, 43.659169 ], [ 4.343804, 43.656901 ], [ 4.339667, 43.655312 ], [ 4.339582, 43.655284 ], [ 4.340738, 43.651874 ], [ 4.349642, 43.652205 ], [ 4.353138095580883, 43.652081805089018 ], [ 4.348806, 43.648994 ] ] ], [ [ [ 4.354886, 43.673547 ], [ 4.354966, 43.677146 ], [ 4.358051, 43.680073 ], [ 4.361389, 43.681421 ], [ 4.366553, 43.681513 ], [ 4.369221614346915, 43.679020362269874 ], [ 4.366813, 43.678883 ], [ 4.363214, 43.678859 ], [ 4.36199, 43.677639 ], [ 4.360413, 43.675903 ], [ 4.358065141880167, 43.672032386722876 ], [ 4.354886, 43.673547 ] ] ], [ [ [ 4.375311, 43.692331 ], [ 4.374074, 43.692132 ], [ 4.3715, 43.691794 ], [ 4.371031, 43.695363 ], [ 4.372842, 43.702852 ], [ 4.373956, 43.695589 ], [ 4.37722, 43.694071 ], [ 4.376480484547984, 43.689878783549915 ], [ 4.375311, 43.692331 ] ] ], [ [ [ 4.365426, 43.70771 ], [ 4.364919, 43.708613 ], [ 4.364742, 43.708937 ], [ 4.364518, 43.709744 ], [ 4.359301, 43.716712 ], [ 4.357166, 43.717242 ], [ 4.35779, 43.720787 ], [ 4.358965, 43.720581 ], [ 4.359632, 43.720415 ], [ 4.36008, 43.720276 ], [ 4.360657, 43.720047 ], [ 4.36204, 43.719395 ], [ 4.362525, 43.719137 ], [ 4.362861, 43.718926 ], [ 4.363535, 43.718414 ], [ 4.369641, 43.715291 ], [ 4.371829, 43.71004 ], [ 4.368995, 43.713273 ], [ 4.366052, 43.7112 ], [ 4.367241, 43.709513 ], [ 4.369159, 43.70642 ], [ 4.37092, 43.705033 ], [ 4.365426, 43.70771 ] ] ], [ [ [ 4.389694, 43.70625 ], [ 4.393188, 43.707115 ], [ 4.401052, 43.707518 ], [ 4.39396, 43.70401 ], [ 4.390485, 43.70307 ], [ 4.386095393390036, 43.70170551987303 ], [ 4.389694, 43.70625 ] ] ], [ [ [ 4.391809, 43.722334 ], [ 4.388414, 43.721137 ], [ 4.385999, 43.72154 ], [ 4.384106, 43.721862 ], [ 4.382597, 43.723024 ], [ 4.383143, 43.725331 ], [ 4.383893, 43.726382 ], [ 4.388074, 43.731108 ], [ 4.395624, 43.735725 ], [ 4.397108, 43.739005 ], [ 4.400515, 43.739926 ], [ 4.404053518996085, 43.742208114978524 ], [ 4.405112711285779, 43.7411557265577 ], [ 4.405034, 43.739202 ], [ 4.405099, 43.739065 ], [ 4.405996, 43.737795 ], [ 4.406792, 43.736539 ], [ 4.407424, 43.734224 ], [ 4.402766, 43.727291 ], [ 4.398044, 43.728514 ], [ 4.39412, 43.728191 ], [ 4.393562, 43.728201 ], [ 4.392832, 43.728151 ], [ 4.392266, 43.728049 ], [ 4.39077, 43.727651 ], [ 4.391697, 43.724172 ], [ 4.397094, 43.723277 ], [ 4.391809, 43.722334 ] ] ], [ [ [ 4.410678, 43.74345 ], [ 4.411003, 43.746775 ], [ 4.411007, 43.747224 ], [ 4.410939, 43.7478 ], [ 4.410830141718843, 43.748218977803063 ], [ 4.410887, 43.748042 ], [ 4.417937, 43.742535 ], [ 4.418735, 43.740713 ], [ 4.418735, 43.740238 ], [ 4.418185, 43.738943 ], [ 4.417555, 43.7389 ], [ 4.413594348474088, 43.732771661573565 ], [ 4.412218, 43.733439 ], [ 4.412767, 43.738788 ], [ 4.412601, 43.742384 ], [ 4.410677020888622, 43.743435988578568 ], [ 4.410678, 43.74345 ] ] ], [ [ [ 4.423398, 43.728713 ], [ 4.426937, 43.729371 ], [ 4.43355, 43.725478 ], [ 4.441451, 43.721783 ], [ 4.44315, 43.72036 ], [ 4.451535, 43.722742 ], [ 4.4519, 43.723306 ], [ 4.451989, 43.723364 ], [ 4.459056, 43.728876 ], [ 4.463657993382461, 43.73393639506704 ], [ 4.463660511536569, 43.733934978179619 ], [ 4.463569811339461, 43.733726410509377 ], [ 4.463428, 43.733493 ], [ 4.463269174618169, 43.733035087860166 ], [ 4.46324, 43.732968 ], [ 4.463216063202249, 43.732881961440242 ], [ 4.463197, 43.732827 ], [ 4.461509006879911, 43.728140726136047 ], [ 4.460741, 43.726505 ], [ 4.454207, 43.722832 ], [ 4.451921, 43.720051 ], [ 4.443359, 43.717648 ], [ 4.442876, 43.718044 ], [ 4.440804, 43.719739 ], [ 4.44023, 43.719995 ], [ 4.438707, 43.718969 ], [ 4.438574, 43.71848 ], [ 4.430824, 43.714502 ], [ 4.429339, 43.722492 ], [ 4.431571, 43.725317 ], [ 4.43087, 43.725871 ], [ 4.429158, 43.726388 ], [ 4.427205, 43.726955 ], [ 4.422764694252818, 43.728674524737457 ], [ 4.423398, 43.728713 ] ] ], [ [ [ 4.468069, 43.727384 ], [ 4.470207, 43.73028 ], [ 4.470436483107108, 43.73030673865766 ], [ 4.470446, 43.730104 ], [ 4.468308, 43.727207 ], [ 4.467364284953319, 43.725042850421765 ], [ 4.466977341406571, 43.725538850075317 ], [ 4.468069, 43.727384 ] ] ], [ [ [ 4.472778, 43.718886 ], [ 4.475284, 43.71966 ], [ 4.476347, 43.716221 ], [ 4.47536297658019, 43.715917075767386 ], [ 4.4743, 43.719356 ], [ 4.472286, 43.718734 ], [ 4.471227713292078, 43.720090554063013 ], [ 4.472778, 43.718886 ] ] ], [ [ [ 4.465713, 43.709265 ], [ 4.459770167636142, 43.706518612931887 ], [ 4.463556, 43.710536 ], [ 4.469589, 43.714408 ], [ 4.471334, 43.714672 ], [ 4.465713, 43.709265 ] ] ], [ [ [ 4.48931, 43.703144 ], [ 4.49309, 43.704747 ], [ 4.494681, 43.705759 ], [ 4.496039, 43.706467 ], [ 4.497539, 43.707006 ], [ 4.498591, 43.70727 ], [ 4.500069, 43.70752 ], [ 4.500668, 43.70397 ], [ 4.499189, 43.703721 ], [ 4.498439, 43.70352 ], [ 4.496147, 43.702471 ], [ 4.494133, 43.700821 ], [ 4.493189, 43.700256 ], [ 4.491442, 43.69994 ], [ 4.48976, 43.699456 ], [ 4.489373742366572, 43.699364468953263 ], [ 4.488592, 43.702854 ], [ 4.48669, 43.702428 ], [ 4.48931, 43.703144 ] ] ], [ [ [ 4.481963927276372, 43.695942913924753 ], [ 4.484355, 43.697957 ], [ 4.485418, 43.698255 ], [ 4.481963927276372, 43.695942913924753 ] ] ], [ [ [ 4.410500517562019, 43.749057617322542 ], [ 4.409283, 43.750992 ], [ 4.409012564639677, 43.75176303861322 ], [ 4.410438, 43.749181 ], [ 4.410500517562019, 43.749057617322542 ] ] ], [ [ [ 4.410703330708211, 43.74861369135418 ], [ 4.410596560790344, 43.748868069453422 ], [ 4.410665, 43.748733 ], [ 4.410703330708211, 43.74861369135418 ] ] ], [ [ [ 4.46820305712025, 43.739171684380757 ], [ 4.468199542083537, 43.73917225833894 ], [ 4.46821659699249, 43.739185844992157 ], [ 4.46820305712025, 43.739171684380757 ] ] ], [ [ [ 4.466885666531739, 43.737793897662144 ], [ 4.46779, 43.738846 ], [ 4.466885666531759, 43.737793897662172 ], [ 4.466885666531739, 43.737793897662144 ] ] ], [ [ [ 4.468282135868925, 43.739238056000062 ], [ 4.468326, 43.739273 ], [ 4.468413982038466, 43.739332121688243 ], [ 4.468282135868925, 43.739238056000062 ] ] ], [ [ [ 4.468869761420403, 43.739638393820712 ], [ 4.468954, 43.739695 ], [ 4.469102263554971, 43.739768759255981 ], [ 4.468869761420403, 43.739638393820712 ] ] ], [ [ [ 4.469286784361985, 43.739860556039382 ], [ 4.469352, 43.739893 ], [ 4.469499478382485, 43.739951551119027 ], [ 4.469286784361985, 43.739860556039382 ] ] ], [ [ [ 4.469622562344439, 43.740000417288989 ], [ 4.469687, 43.740026 ], [ 4.469887471698121, 43.740090150943416 ], [ 4.469622562344439, 43.740000417288989 ] ] ], [ [ [ 4.47033851448637, 43.740234484635643 ], [ 4.470437, 43.740266 ], [ 4.471240076031721, 43.740444069548211 ], [ 4.47033851448637, 43.740234484635643 ] ] ], [ [ [ 4.475825, 43.741342 ], [ 4.473304, 43.740849 ], [ 4.471324159976837, 43.740462713847776 ], [ 4.471348, 43.740468 ], [ 4.473303, 43.740849 ], [ 4.475825, 43.741342 ] ] ], [ [ [ 4.480158074576043, 43.742182109805746 ], [ 4.480711, 43.742288 ], [ 4.480711040952262, 43.742287785788172 ], [ 4.480158074576043, 43.742182109805746 ] ] ] ] } },
{ "type": "Feature", "properties": { "codgeo": "30258", "value": 660, "isochrone_group": 11.0, "nb_agences": 1 }, "geometry": { "type": "MultiPolygon", "coordinates": [ [ [ [ 4.50677, 43.650682 ], [ 4.506904, 43.650385 ], [ 4.507132, 43.648117 ], [ 4.507121, 43.648113 ], [ 4.506369, 43.647909 ], [ 4.50392, 43.647565 ], [ 4.502758, 43.647716 ], [ 4.501132, 43.648027 ], [ 4.497473, 43.650952 ], [ 4.494342961841557, 43.650710659528315 ], [ 4.497242, 43.651092 ], [ 4.4991, 43.654175 ], [ 4.498543, 43.65542 ], [ 4.495217, 43.656798 ], [ 4.494622, 43.665302 ], [ 4.497662, 43.671913 ], [ 4.503331, 43.677264 ], [ 4.499872, 43.671891 ], [ 4.49726, 43.664609 ], [ 4.498814, 43.656073 ], [ 4.50637, 43.651509 ], [ 4.50677, 43.650682 ] ] ], [ [ [ 4.483165, 43.63901 ], [ 4.483607, 43.635437 ], [ 4.47915, 43.634133 ], [ 4.47214, 43.630451 ], [ 4.469763, 43.628614 ], [ 4.467047, 43.630976 ], [ 4.467441, 43.631429 ], [ 4.468018, 43.631963 ], [ 4.469667, 43.63402 ], [ 4.470168, 43.634545 ], [ 4.470739, 43.634951 ], [ 4.473685005244588, 43.641437706493718 ], [ 4.473687, 43.639044 ], [ 4.474174, 43.636854 ], [ 4.477276, 43.635027 ], [ 4.477876, 43.635658 ], [ 4.47863, 43.636972 ], [ 4.478555, 43.638303 ], [ 4.478512, 43.63909 ], [ 4.478271, 43.640169 ], [ 4.47923, 43.647221 ], [ 4.478688, 43.640738 ], [ 4.483165, 43.63901 ] ] ], [ [ [ 4.46391, 43.65052 ], [ 4.463034, 43.649622 ], [ 4.461646, 43.6463 ], [ 4.458672, 43.644697 ], [ 4.451768, 43.643409 ], [ 4.443872, 43.640944 ], [ 4.443447, 43.640734 ], [ 4.442763, 43.640593 ], [ 4.442267, 43.640562 ], [ 4.442099, 43.640637 ], [ 4.441856, 43.64074 ], [ 4.441549, 43.640862 ], [ 4.434129, 43.639886 ], [ 4.434323, 43.640398 ], [ 4.43445, 43.640971 ], [ 4.437472, 43.645499 ], [ 4.438527, 43.64619 ], [ 4.444991, 43.646224 ], [ 4.447474, 43.643617 ], [ 4.45437, 43.646491 ], [ 4.457942, 43.647847 ], [ 4.461414, 43.651698 ], [ 4.462951, 43.654953 ], [ 4.464159, 43.661719 ], [ 4.465446, 43.653775 ], [ 4.46391, 43.65052 ] ] ], [ [ [ 4.434439, 43.632097 ], [ 4.434113, 43.631557 ], [ 4.433656, 43.630894 ], [ 4.433550324498327, 43.63076259229679 ], [ 4.43292, 43.636914 ], [ 4.434129, 43.639886 ], [ 4.434843, 43.632846 ], [ 4.434439, 43.632097 ] ] ], [ [ [ 4.430304, 43.627573 ], [ 4.430865, 43.627994 ], [ 4.429340018148161, 43.624939057576597 ], [ 4.430304, 43.627573 ] ] ], [ [ [ 4.429169, 43.615425 ], [ 4.431003, 43.610364 ], [ 4.429606, 43.607046 ], [ 4.426431, 43.606966 ], [ 4.423203, 43.60856 ], [ 4.415509, 43.612991 ], [ 4.424118, 43.61461 ], [ 4.426019, 43.614691 ], [ 4.427716, 43.614719 ], [ 4.427661, 43.616539 ], [ 4.427608, 43.618167 ], [ 4.42746, 43.618911 ], [ 4.4273, 43.619365 ], [ 4.427952269480116, 43.621147232986949 ], [ 4.428787, 43.617199 ], [ 4.429169, 43.615425 ] ] ], [ [ [ 4.406733, 43.610559 ], [ 4.40345, 43.61019 ], [ 4.400167, 43.609821 ], [ 4.398368, 43.609619 ], [ 4.398168, 43.611733 ], [ 4.397966, 43.613196 ], [ 4.399765, 43.613398 ], [ 4.403048, 43.613767 ], [ 4.406331, 43.614137 ], [ 4.411357, 43.619554 ], [ 4.416595, 43.621106 ], [ 4.414422, 43.618968 ], [ 4.408089, 43.614334 ], [ 4.408491, 43.610757 ], [ 4.410895, 43.611027 ], [ 4.4133, 43.611297 ], [ 4.410017, 43.610928 ], [ 4.406733, 43.610559 ] ] ], [ [ [ 4.409664, 43.631949 ], [ 4.406737, 43.633099 ], [ 4.403715, 43.63412 ], [ 4.403676, 43.63413 ], [ 4.401719, 43.634646 ], [ 4.40191, 43.63824 ], [ 4.39643, 43.642059 ], [ 4.396369, 43.645658 ], [ 4.400321, 43.646989 ], [ 4.398971, 43.645839 ], [ 4.398819, 43.64528 ], [ 4.398744, 43.644628 ], [ 4.402739, 43.637912 ], [ 4.403086, 43.637466 ], [ 4.405079, 43.636243 ], [ 4.41034, 43.63282 ], [ 4.413184, 43.630613 ], [ 4.415894, 43.63201 ], [ 4.419058, 43.623626 ], [ 4.418659, 43.623241 ], [ 4.417942, 43.622602 ], [ 4.412508, 43.629742 ], [ 4.409664, 43.631949 ] ] ], [ [ [ 4.389211, 43.657804 ], [ 4.381495, 43.653889 ], [ 4.380644, 43.652254 ], [ 4.37745, 43.653916 ], [ 4.378302, 43.655552 ], [ 4.372631, 43.662235 ], [ 4.378737, 43.656957 ], [ 4.382165, 43.658058 ], [ 4.388515, 43.658576 ], [ 4.391005, 43.658097 ], [ 4.396819, 43.65989 ], [ 4.40063, 43.65937 ], [ 4.392411, 43.656155 ], [ 4.389211, 43.657804 ] ] ], [ [ [ 4.346489, 43.64623 ], [ 4.340157, 43.646953 ], [ 4.336751, 43.646469 ], [ 4.330760965588228, 43.647515780084838 ], [ 4.330961364261505, 43.647663445254345 ], [ 4.335031, 43.64789 ], [ 4.337487, 43.648211 ], [ 4.342033, 43.650628 ], [ 4.347404, 43.648286 ], [ 4.347649, 43.648339 ], [ 4.347814, 43.648382 ], [ 4.348204, 43.648506 ], [ 4.348806, 43.648994 ], [ 4.355421, 43.653709 ], [ 4.349873, 43.647459 ], [ 4.346489, 43.64623 ] ] ], [ [ [ 4.32568, 43.644063 ], [ 4.324828, 43.643951 ], [ 4.324597467904536, 43.644105875215708 ], [ 4.325680063399693, 43.64406307656035 ], [ 4.32568, 43.644063 ] ] ], [ [ [ 4.326503, 43.65528 ], [ 4.332655, 43.660311 ], [ 4.335676, 43.662269 ], [ 4.339346, 43.669666 ], [ 4.340691, 43.670629 ], [ 4.344218, 43.669909 ], [ 4.349942, 43.665015 ], [ 4.353206578155726, 43.662733089460829 ], [ 4.350905, 43.662943 ], [ 4.350828, 43.66299 ], [ 4.344698, 43.66318 ], [ 4.341295, 43.662006 ], [ 4.339155, 43.659841 ], [ 4.334991, 43.655067 ], [ 4.331947, 43.653144 ], [ 4.330640607826395, 43.652566463096633 ], [ 4.327849, 43.652232 ], [ 4.321249990367161, 43.652660076069822 ], [ 4.326503, 43.65528 ] ] ], [ [ [ 4.35557754441646, 43.673217532994656 ], [ 4.361672, 43.670314 ], [ 4.35926, 43.662181 ], [ 4.357654, 43.670402 ], [ 4.35557754441646, 43.673217532994656 ] ] ], [ [ [ 4.353202, 43.676916 ], [ 4.353573, 43.678334 ], [ 4.353077, 43.683813 ], [ 4.35571, 43.686268 ], [ 4.361838, 43.683351 ], [ 4.36525, 43.684499 ], [ 4.365513, 43.683716 ], [ 4.366277, 43.682175 ], [ 4.366305, 43.682099 ], [ 4.36649348757267, 43.681511939747608 ], [ 4.361389, 43.681421 ], [ 4.358051, 43.680073 ], [ 4.354966, 43.677146 ], [ 4.354900540301499, 43.674201131813653 ], [ 4.353182, 43.676818 ], [ 4.353202, 43.676916 ] ] ], [ [ [ 4.372842, 43.702852 ], [ 4.371031, 43.695363 ], [ 4.371294850511737, 43.69335514823797 ], [ 4.370167, 43.695068 ], [ 4.372842, 43.702852 ] ] ], [ [ [ 4.364116, 43.70604 ], [ 4.364518, 43.709744 ], [ 4.364742, 43.708937 ], [ 4.364919, 43.708613 ], [ 4.365426, 43.70771 ], [ 4.37092, 43.705033 ], [ 4.372842, 43.702852 ], [ 4.367224, 43.704222 ], [ 4.364116, 43.70604 ] ] ], [ [ [ 4.356127, 43.713695 ], [ 4.353529, 43.715816 ], [ 4.351284, 43.718295 ], [ 4.351176, 43.718534 ], [ 4.350945, 43.720951 ], [ 4.35197, 43.723659 ], [ 4.352215, 43.723729 ], [ 4.356502, 43.723567 ], [ 4.35914, 43.722285 ], [ 4.36204, 43.719395 ], [ 4.360657, 43.720047 ], [ 4.36008, 43.720276 ], [ 4.359632, 43.720415 ], [ 4.358965, 43.720581 ], [ 4.35779, 43.720787 ], [ 4.357166, 43.717242 ], [ 4.359301, 43.716712 ], [ 4.364518, 43.709744 ], [ 4.356707, 43.713637 ], [ 4.356127, 43.713695 ] ] ], [ [ [ 4.37011, 43.716612 ], [ 4.377951, 43.720837 ], [ 4.377596, 43.722376 ], [ 4.373837, 43.725738 ], [ 4.372998, 43.725909 ], [ 4.373717, 43.729437 ], [ 4.374555, 43.729266 ], [ 4.382356, 43.732419 ], [ 4.388405, 43.735931 ], [ 4.392886, 43.73921 ], [ 4.398380924168097, 43.742940863687295 ], [ 4.397613334092747, 43.739141604842807 ], [ 4.397108, 43.739005 ], [ 4.395624, 43.735725 ], [ 4.388074, 43.731108 ], [ 4.383893, 43.726382 ], [ 4.383143, 43.725331 ], [ 4.382597, 43.723024 ], [ 4.384106, 43.721862 ], [ 4.385999, 43.72154 ], [ 4.388414, 43.721137 ], [ 4.391809, 43.722334 ], [ 4.397094, 43.723277 ], [ 4.400337, 43.723475 ], [ 4.403067, 43.723703 ], [ 4.409208, 43.717662 ], [ 4.407549, 43.71184 ], [ 4.404447, 43.708716 ], [ 4.401052, 43.707518 ], [ 4.393188, 43.707115 ], [ 4.389694, 43.70625 ], [ 4.384322, 43.699466 ], [ 4.382185, 43.70049 ], [ 4.380398, 43.701368 ], [ 4.376768, 43.704151 ], [ 4.375526, 43.705535 ], [ 4.375175, 43.706012 ], [ 4.37463, 43.706571 ], [ 4.372499, 43.709044 ], [ 4.371829, 43.71004 ], [ 4.369641, 43.715291 ], [ 4.363535, 43.718414 ], [ 4.362861, 43.718926 ], [ 4.366653, 43.717616 ], [ 4.37011, 43.716612 ] ] ], [ [ [ 4.41908062667985, 43.738619392598245 ], [ 4.41719, 43.737538 ], [ 4.413583, 43.729522 ], [ 4.4131, 43.730362 ], [ 4.412693, 43.731377 ], [ 4.417555, 43.7389 ], [ 4.418185, 43.738943 ], [ 4.418185450281159, 43.738944060207466 ], [ 4.418218, 43.738946 ], [ 4.41908062667985, 43.738619392598245 ] ] ], [ [ [ 4.426856, 43.730973 ], [ 4.429133845692795, 43.728077741224546 ], [ 4.426937, 43.729371 ], [ 4.423398, 43.728713 ], [ 4.41474, 43.728187 ], [ 4.423262, 43.730767 ], [ 4.426856, 43.730973 ] ] ], [ [ [ 4.435717, 43.725963 ], [ 4.436011, 43.725949 ], [ 4.437043, 43.725958 ], [ 4.440822, 43.722961 ], [ 4.441001, 43.722196 ], [ 4.441110497639287, 43.721942240124392 ], [ 4.43355, 43.725478 ], [ 4.432948513119107, 43.725832088677954 ], [ 4.434716, 43.725799 ], [ 4.435717, 43.725963 ] ] ], [ [ [ 4.452069, 43.725084 ], [ 4.452332, 43.725428 ], [ 4.453255, 43.726601 ], [ 4.45848264990783, 43.728428808022059 ], [ 4.451989, 43.723364 ], [ 4.4519, 43.723306 ], [ 4.451535, 43.722742 ], [ 4.451732, 43.724284 ], [ 4.452069, 43.725084 ] ] ], [ [ [ 4.470638, 43.726336 ], [ 4.472072054479707, 43.727006761951152 ], [ 4.477698, 43.720406 ], [ 4.48004, 43.72113 ], [ 4.481103, 43.717691 ], [ 4.478761, 43.716967 ], [ 4.476418, 43.716243 ], [ 4.473012, 43.714482 ], [ 4.471084, 43.71394 ], [ 4.465515, 43.70874 ], [ 4.458226, 43.705805 ], [ 4.465713, 43.709265 ], [ 4.471334, 43.714672 ], [ 4.473841, 43.715447 ], [ 4.476347, 43.716221 ], [ 4.475284, 43.71966 ], [ 4.472778, 43.718886 ], [ 4.466911740935511, 43.72344401249844 ], [ 4.470585, 43.726325 ], [ 4.470638, 43.726336 ] ] ], [ [ [ 4.494932, 43.708117 ], [ 4.501055, 43.709752 ], [ 4.50452, 43.710725 ], [ 4.513086, 43.708109 ], [ 4.512813, 43.70452 ], [ 4.510794, 43.704673 ], [ 4.508775, 43.704827 ], [ 4.508124, 43.704816 ], [ 4.506207, 43.704597 ], [ 4.504107, 43.704367 ], [ 4.500994, 43.704028 ], [ 4.500667581258877, 43.703972481687799 ], [ 4.500069, 43.70752 ], [ 4.498591, 43.70727 ], [ 4.497539, 43.707006 ], [ 4.496039, 43.706467 ], [ 4.494681, 43.705759 ], [ 4.49309, 43.704747 ], [ 4.48931, 43.703144 ], [ 4.48669, 43.702428 ], [ 4.491958, 43.70609 ], [ 4.494932, 43.708117 ] ] ], [ [ [ 4.480872, 43.695212 ], [ 4.485418, 43.698255 ], [ 4.480665, 43.69497 ], [ 4.480872, 43.695212 ] ] ], [ [ [ 4.475226, 43.692114 ], [ 4.475805, 43.692493 ], [ 4.473343, 43.688628 ], [ 4.475226, 43.692114 ] ] ], [ [ [ 4.48563, 43.686731 ], [ 4.487205, 43.687082 ], [ 4.493787, 43.69087 ], [ 4.49443, 43.691069 ], [ 4.494882, 43.691176 ], [ 4.495023, 43.691153 ], [ 4.496863, 43.689656 ], [ 4.496891, 43.688355 ], [ 4.504483, 43.683637 ], [ 4.507403, 43.686092 ], [ 4.512426, 43.689003 ], [ 4.516026, 43.689042 ], [ 4.517505, 43.689171 ], [ 4.52106, 43.689738 ], [ 4.522744, 43.690327 ], [ 4.525426504575821, 43.688549449868368 ], [ 4.525288, 43.688384 ], [ 4.522679, 43.690272 ], [ 4.520235, 43.688843 ], [ 4.513818, 43.686643 ], [ 4.507294, 43.684947 ], [ 4.506887965295261, 43.68463734461362 ], [ 4.501979, 43.682206 ], [ 4.497047, 43.687196 ], [ 4.493453, 43.686989 ], [ 4.485524, 43.684436 ], [ 4.484576, 43.684431 ], [ 4.483045966715501, 43.684406745185719 ], [ 4.485113, 43.686046 ], [ 4.48563, 43.686731 ] ] ], [ [ [ 4.46779, 43.738846 ], [ 4.466885666531759, 43.737793897662172 ], [ 4.466885666531739, 43.737793897662144 ], [ 4.46779, 43.738846 ] ] ], [ [ [ 4.478827995935204, 43.743660818875568 ], [ 4.478347, 43.741836 ], [ 4.475825, 43.741342 ], [ 4.473303, 43.740849 ], [ 4.471348, 43.740468 ], [ 4.471324159976837, 43.740462713847776 ], [ 4.4713, 43.740458 ], [ 4.471240076031721, 43.740444069548211 ], [ 4.470437, 43.740266 ], [ 4.47033851448637, 43.740234484635643 ], [ 4.470259, 43.740216 ], [ 4.469887471698121, 43.740090150943416 ], [ 4.469687, 43.740026 ], [ 4.469622562344439, 43.740000417288989 ], [ 4.46958, 43.739986 ], [ 4.469499478382477, 43.739951551119006 ], [ 4.469352, 43.739893 ], [ 4.476696, 43.743534 ], [ 4.477885, 43.743768 ], [ 4.478827995935204, 43.743660818875568 ] ] ], [ [ [ 4.469352, 43.739893 ], [ 4.469286784362, 43.739860556039396 ], [ 4.469286784361985, 43.739860556039382 ], [ 4.469352, 43.739893 ] ] ], [ [ [ 4.487792, 43.739952 ], [ 4.489806, 43.740326 ], [ 4.491605, 43.74066 ], [ 4.492132784819592, 43.740584233754625 ], [ 4.491618, 43.740499 ], [ 4.490327, 43.740316 ], [ 4.487413131008844, 43.739685303539943 ], [ 4.487792, 43.739952 ] ] ], [ [ [ 4.480122, 43.734198 ], [ 4.480689, 43.734952 ], [ 4.481711529505035, 43.735671787065364 ], [ 4.480122, 43.734198 ] ] ], [ [ [ 4.510617, 43.670249 ], [ 4.509585, 43.671759 ], [ 4.508995, 43.674582 ], [ 4.503331, 43.677264 ], [ 4.511052, 43.67441 ], [ 4.512266, 43.673891 ], [ 4.512342, 43.673882 ], [ 4.512851, 43.673879 ], [ 4.514647, 43.674603 ], [ 4.520359, 43.675309 ], [ 4.521088801794629, 43.675316771364706 ], [ 4.514872, 43.670442 ], [ 4.514308, 43.67011 ], [ 4.514146, 43.670068 ], [ 4.512454, 43.669585 ], [ 4.510617, 43.670249 ] ] ] ] } },
{ "type": "Feature", "properties": { "codgeo": "30258", "value": 720, "isochrone_group": 12.0, "nb_agences": 1 }, "geometry": { "type": "MultiPolygon", "coordinates": [ [ [ [ 4.509953, 43.66756 ], [ 4.50779, 43.670426 ], [ 4.499999, 43.6662 ], [ 4.498986, 43.660308 ], [ 4.499469, 43.65674 ], [ 4.505832, 43.652821 ], [ 4.510992, 43.653191 ], [ 4.512007, 43.653452 ], [ 4.514783, 43.654336 ], [ 4.515875, 43.650905 ], [ 4.51042, 43.647864 ], [ 4.507272, 43.646117 ], [ 4.501374, 43.645896 ], [ 4.497473, 43.650952 ], [ 4.501132, 43.648027 ], [ 4.502758, 43.647716 ], [ 4.50392, 43.647565 ], [ 4.506369, 43.647909 ], [ 4.507121, 43.648113 ], [ 4.507132, 43.648117 ], [ 4.506904, 43.650385 ], [ 4.50677, 43.650682 ], [ 4.50637, 43.651509 ], [ 4.498814, 43.656073 ], [ 4.49726, 43.664609 ], [ 4.499872, 43.671891 ], [ 4.503331, 43.677264 ], [ 4.509528, 43.671684 ], [ 4.51043, 43.670259 ], [ 4.512398, 43.66951 ], [ 4.514052, 43.670028 ], [ 4.514146, 43.670068 ], [ 4.514308, 43.67011 ], [ 4.514872, 43.670442 ], [ 4.519272743761162, 43.672001897204943 ], [ 4.518505, 43.670964 ], [ 4.518372, 43.670709 ], [ 4.517945, 43.670169 ], [ 4.515166, 43.668068 ], [ 4.509953, 43.66756 ] ] ], [ [ [ 4.484665, 43.639215 ], [ 4.486358, 43.639418 ], [ 4.486787, 43.635843 ], [ 4.481098, 43.632607 ], [ 4.477553, 43.631044 ], [ 4.47214, 43.630451 ], [ 4.47915, 43.634133 ], [ 4.483607, 43.635437 ], [ 4.483165, 43.63901 ], [ 4.478688, 43.640738 ], [ 4.47923, 43.647221 ], [ 4.481184, 43.649216 ], [ 4.478983, 43.642542 ], [ 4.484665, 43.639215 ] ] ], [ [ [ 4.470209, 43.621037 ], [ 4.466844, 43.619758 ], [ 4.464814, 43.623626 ], [ 4.464422, 43.624972 ], [ 4.464151, 43.627165 ], [ 4.466422, 43.629929 ], [ 4.466857, 43.630713 ], [ 4.467061341249746, 43.630963527970579 ], [ 4.469763, 43.628614 ], [ 4.47214, 43.630451 ], [ 4.469628, 43.622567 ], [ 4.470209, 43.621037 ] ] ], [ [ [ 4.470168, 43.634545 ], [ 4.469667, 43.63402 ], [ 4.468018, 43.631963 ], [ 4.467441, 43.631429 ], [ 4.46905, 43.633825 ], [ 4.470168, 43.634545 ] ] ], [ [ [ 4.465294, 43.649058 ], [ 4.463029, 43.645829 ], [ 4.459998, 43.644144 ], [ 4.45339, 43.642737 ], [ 4.451178, 43.641441 ], [ 4.445035, 43.639481 ], [ 4.441718, 43.638348 ], [ 4.434977, 43.633122 ], [ 4.434841240345004, 43.632863350099683 ], [ 4.434129, 43.639886 ], [ 4.441549, 43.640862 ], [ 4.441856, 43.64074 ], [ 4.442099, 43.640637 ], [ 4.442267, 43.640562 ], [ 4.442763, 43.640593 ], [ 4.443447, 43.640734 ], [ 4.443872, 43.640944 ], [ 4.451768, 43.643409 ], [ 4.458672, 43.644697 ], [ 4.461646, 43.6463 ], [ 4.463034, 43.649622 ], [ 4.46391, 43.65052 ], [ 4.465446, 43.653775 ], [ 4.464159, 43.661719 ], [ 4.469435, 43.66271 ], [ 4.470528, 43.662212 ], [ 4.472791, 43.660696 ], [ 4.474648, 43.65946 ], [ 4.475634, 43.658841 ], [ 4.476141, 43.658583 ], [ 4.476658, 43.64974 ], [ 4.474542, 43.647555 ], [ 4.474005, 43.646773 ], [ 4.47371, 43.646074 ], [ 4.473533, 43.645162 ], [ 4.467743, 43.650739 ], [ 4.465294, 43.649058 ] ] ], [ [ [ 4.431404, 43.617983 ], [ 4.431049, 43.614323 ], [ 4.434739, 43.607219 ], [ 4.437191, 43.604894 ], [ 4.43794, 43.604208 ], [ 4.435508, 43.601554 ], [ 4.434759, 43.602239 ], [ 4.432262, 43.604606 ], [ 4.425245, 43.60367 ], [ 4.42174, 43.60449 ], [ 4.421853, 43.604975 ], [ 4.422818, 43.607106 ], [ 4.422941, 43.607563 ], [ 4.422417717303951, 43.609012246897095 ], [ 4.423203, 43.60856 ], [ 4.426431, 43.606966 ], [ 4.429606, 43.607046 ], [ 4.431003, 43.610364 ], [ 4.429169, 43.615425 ], [ 4.428787, 43.617199 ], [ 4.427802, 43.621858 ], [ 4.430865, 43.627994 ], [ 4.430304, 43.61906 ], [ 4.431404, 43.617983 ] ] ], [ [ [ 4.397347, 43.607178 ], [ 4.389983, 43.606983 ], [ 4.387791, 43.609796 ], [ 4.388046, 43.610018 ], [ 4.389119, 43.610844 ], [ 4.389451, 43.611046 ], [ 4.389922, 43.611253 ], [ 4.390294, 43.611377 ], [ 4.392245, 43.611925 ], [ 4.393514, 43.612331 ], [ 4.394731, 43.612702 ], [ 4.395353, 43.612864 ], [ 4.395914, 43.612963 ], [ 4.397885, 43.613187 ], [ 4.399765, 43.613398 ], [ 4.397966, 43.613196 ], [ 4.398168, 43.611733 ], [ 4.398368, 43.609619 ], [ 4.400167, 43.609821 ], [ 4.40345, 43.61019 ], [ 4.406733, 43.610559 ], [ 4.400861, 43.606396 ], [ 4.397347, 43.607178 ] ] ], [ [ [ 4.407757, 43.628807 ], [ 4.401856, 43.63237 ], [ 4.395734, 43.634708 ], [ 4.391944, 43.641982 ], [ 4.391882, 43.645581 ], [ 4.391525, 43.654496 ], [ 4.388316, 43.656127 ], [ 4.381324, 43.65356 ], [ 4.380301, 43.651595 ], [ 4.377107, 43.653257 ], [ 4.377450064869572, 43.653915966245087 ], [ 4.380644, 43.652254 ], [ 4.381495, 43.653889 ], [ 4.389211, 43.657804 ], [ 4.392411, 43.656155 ], [ 4.40063, 43.65937 ], [ 4.400986, 43.659564 ], [ 4.401715, 43.660302 ], [ 4.404103, 43.662461 ], [ 4.410795, 43.656867 ], [ 4.409505, 43.654964 ], [ 4.407625, 43.652207 ], [ 4.405755, 43.649464 ], [ 4.401235, 43.647045 ], [ 4.400321, 43.646989 ], [ 4.396369, 43.645658 ], [ 4.39643, 43.642059 ], [ 4.40191, 43.63824 ], [ 4.401719, 43.634646 ], [ 4.403676, 43.63413 ], [ 4.403715, 43.63412 ], [ 4.406737, 43.633099 ], [ 4.409664, 43.631949 ], [ 4.412508, 43.629742 ], [ 4.417942, 43.622602 ], [ 4.417043, 43.621635 ], [ 4.416595, 43.621106 ], [ 4.411357, 43.619554 ], [ 4.406331, 43.614137 ], [ 4.403048, 43.613767 ], [ 4.407824, 43.620387 ], [ 4.407757, 43.628807 ] ] ], [ [ [ 4.372631, 43.662235 ], [ 4.378302, 43.655552 ], [ 4.377700043476819, 43.654396130432012 ], [ 4.37813, 43.655222 ], [ 4.372631, 43.662235 ] ] ], [ [ [ 4.351, 43.645019 ], [ 4.348552, 43.644151 ], [ 4.342142, 43.64342 ], [ 4.339328, 43.644812 ], [ 4.336751, 43.646469 ], [ 4.340157, 43.646953 ], [ 4.346489, 43.64623 ], [ 4.349873, 43.647459 ], [ 4.355421, 43.653709 ], [ 4.352721, 43.645839 ], [ 4.351, 43.645019 ] ] ], [ [ [ 4.319953, 43.643354 ], [ 4.314822, 43.643666 ], [ 4.311483, 43.647532 ], [ 4.311128577035416, 43.647679264314569 ], [ 4.312582, 43.647935 ], [ 4.31975, 43.64568 ], [ 4.320897, 43.644451 ], [ 4.326639, 43.641684 ], [ 4.319953, 43.643354 ] ] ], [ [ [ 4.326361, 43.656683 ], [ 4.329259, 43.664079 ], [ 4.330105, 43.665931 ], [ 4.333676, 43.666387 ], [ 4.337603, 43.672619 ], [ 4.339392, 43.67632 ], [ 4.34055, 43.677302 ], [ 4.341319, 43.677439 ], [ 4.342697, 43.677747 ], [ 4.344772, 43.676121 ], [ 4.351847, 43.678993 ], [ 4.3503, 43.686324 ], [ 4.352567, 43.689121 ], [ 4.354179, 43.687815 ], [ 4.360657, 43.686768 ], [ 4.364054, 43.68796 ], [ 4.364941, 43.685433 ], [ 4.365513, 43.683716 ], [ 4.36525, 43.684499 ], [ 4.361838, 43.683351 ], [ 4.35571, 43.686268 ], [ 4.353077, 43.683813 ], [ 4.353573, 43.678334 ], [ 4.353202, 43.676916 ], [ 4.353182, 43.676818 ], [ 4.355294, 43.673602 ], [ 4.357654, 43.670402 ], [ 4.35926, 43.662181 ], [ 4.355789, 43.660928 ], [ 4.349942, 43.665015 ], [ 4.344218, 43.669909 ], [ 4.340691, 43.670629 ], [ 4.339346, 43.669666 ], [ 4.335676, 43.662269 ], [ 4.332655, 43.660311 ], [ 4.327624988067962, 43.656197542582873 ], [ 4.324490294167019, 43.656631519065975 ], [ 4.326361, 43.656683 ] ] ], [ [ [ 4.336751, 43.646469 ], [ 4.329390495514176, 43.642035129519115 ], [ 4.333886191954895, 43.646969635522694 ], [ 4.336751, 43.646469 ] ] ], [ [ [ 4.36397, 43.701605 ], [ 4.363255, 43.701119 ], [ 4.361544, 43.701572 ], [ 4.361238, 43.702564 ], [ 4.35677, 43.708208 ], [ 4.354901, 43.711725 ], [ 4.353252, 43.714411 ], [ 4.352695673090993, 43.71673618592758 ], [ 4.353529, 43.715816 ], [ 4.356127, 43.713695 ], [ 4.356707, 43.713637 ], [ 4.364518, 43.709744 ], [ 4.364116, 43.70604 ], [ 4.367224, 43.704222 ], [ 4.372842, 43.702852 ], [ 4.370167, 43.695068 ], [ 4.36553, 43.702269 ], [ 4.36397, 43.701605 ] ] ], [ [ [ 4.34944, 43.724701 ], [ 4.350563, 43.726848 ], [ 4.350833, 43.726955 ], [ 4.352634, 43.726362 ], [ 4.353949, 43.725105 ], [ 4.354752, 43.724612 ], [ 4.356464171410507, 43.723568429491856 ], [ 4.352215, 43.723729 ], [ 4.35197, 43.723659 ], [ 4.351068245319436, 43.721276608121968 ], [ 4.350093, 43.723213 ], [ 4.34944, 43.724701 ] ] ], [ [ [ 4.36287, 43.728723 ], [ 4.364843, 43.730394 ], [ 4.369189, 43.731993 ], [ 4.370181, 43.730939 ], [ 4.37332, 43.729517 ], [ 4.379194, 43.731929 ], [ 4.381814, 43.734397 ], [ 4.388177, 43.738835 ], [ 4.388331, 43.740851 ], [ 4.393561, 43.743678 ], [ 4.393787, 43.749779 ], [ 4.393811167797866, 43.749851397394472 ], [ 4.394552, 43.749524 ], [ 4.396706, 43.744099 ], [ 4.393416785732424, 43.739570385176243 ], [ 4.392886, 43.73921 ], [ 4.388405, 43.735931 ], [ 4.382356, 43.732419 ], [ 4.374555, 43.729266 ], [ 4.373717, 43.729437 ], [ 4.372998, 43.725909 ], [ 4.373837, 43.725738 ], [ 4.377596, 43.722376 ], [ 4.377951, 43.720837 ], [ 4.37011, 43.716612 ], [ 4.366653, 43.717616 ], [ 4.362861, 43.718926 ], [ 4.362525, 43.719137 ], [ 4.36204, 43.719395 ], [ 4.35914, 43.722285 ], [ 4.356905195128308, 43.723371057560854 ], [ 4.362872, 43.728578 ], [ 4.36287, 43.728723 ] ] ], [ [ [ 4.414129343920105, 43.728826739421109 ], [ 4.413866736452481, 43.72916092566031 ], [ 4.413588461003261, 43.729534136235692 ], [ 4.41719, 43.737538 ], [ 4.422874, 43.736153 ], [ 4.426467, 43.736367 ], [ 4.428145910308557, 43.737402669529146 ], [ 4.427489, 43.731923 ], [ 4.427265986652696, 43.730451885923749 ], [ 4.426856, 43.730973 ], [ 4.423262, 43.730767 ], [ 4.41474045742062, 43.72818713848217 ], [ 4.41472, 43.728208 ], [ 4.414129343920105, 43.728826739421109 ] ] ], [ [ [ 4.439642, 43.725891 ], [ 4.440656, 43.726231 ], [ 4.441687, 43.726391 ], [ 4.442146, 43.72563 ], [ 4.442587, 43.724894 ], [ 4.442864, 43.723238 ], [ 4.451732, 43.724284 ], [ 4.451535, 43.722742 ], [ 4.451284, 43.722026 ], [ 4.451256, 43.721407 ], [ 4.443359, 43.717648 ], [ 4.442516, 43.718685 ], [ 4.441001, 43.722196 ], [ 4.440822, 43.722961 ], [ 4.438508688943354, 43.724795610541612 ], [ 4.438619, 43.72491 ], [ 4.439642, 43.725891 ] ] ], [ [ [ 4.459407, 43.728752 ], [ 4.453255, 43.726601 ], [ 4.452332, 43.725428 ], [ 4.452069, 43.725084 ], [ 4.453017, 43.727567 ], [ 4.459407, 43.728752 ] ] ], [ [ [ 4.478770916232596, 43.720737678630393 ], [ 4.477698, 43.720406 ], [ 4.477575112635775, 43.720550180251159 ], [ 4.477898, 43.720468 ], [ 4.478770916232596, 43.720737678630393 ] ] ], [ [ [ 4.482964, 43.722055 ], [ 4.485501, 43.72286 ], [ 4.48659, 43.719429 ], [ 4.484053, 43.718623 ], [ 4.481516, 43.717818 ], [ 4.478797, 43.716262 ], [ 4.475957, 43.715387 ], [ 4.473117, 43.714512 ], [ 4.473013941060664, 43.714483003584213 ], [ 4.476418, 43.716243 ], [ 4.478761, 43.716967 ], [ 4.481103, 43.717691 ], [ 4.480040070762533, 43.721129771070231 ], [ 4.480426, 43.721249 ], [ 4.482964, 43.722055 ] ] ], [ [ [ 4.464799, 43.707054 ], [ 4.458226, 43.705805 ], [ 4.465515, 43.70874 ], [ 4.471084, 43.71394 ], [ 4.465304, 43.708206 ], [ 4.464799, 43.707054 ] ] ], [ [ [ 4.490031, 43.710647 ], [ 4.493365, 43.712006 ], [ 4.500683, 43.71461 ], [ 4.504281, 43.714734 ], [ 4.508139953662032, 43.70961948998599 ], [ 4.50452, 43.710725 ], [ 4.501055, 43.709752 ], [ 4.494932, 43.708117 ], [ 4.491958, 43.70609 ], [ 4.48669, 43.702428 ], [ 4.485276, 43.702019 ], [ 4.484222, 43.70165 ], [ 4.487473, 43.709247 ], [ 4.490031, 43.710647 ] ] ], [ [ [ 4.518034, 43.708045 ], [ 4.51877, 43.708137 ], [ 4.51939256246419, 43.708194847057072 ], [ 4.520113, 43.707938 ], [ 4.522708105546167, 43.706772583188425 ], [ 4.523351, 43.705078 ], [ 4.522983, 43.704938 ], [ 4.521739, 43.704615 ], [ 4.521153, 43.70453 ], [ 4.518171, 43.704354 ], [ 4.517372, 43.704238 ], [ 4.514322, 43.704405 ], [ 4.509652, 43.702487 ], [ 4.505644, 43.701649 ], [ 4.504745, 43.701342 ], [ 4.503815, 43.701401 ], [ 4.503361, 43.701608 ], [ 4.503033, 43.701754 ], [ 4.494133, 43.700821 ], [ 4.495058, 43.701733 ], [ 4.496147, 43.702471 ], [ 4.498439, 43.70352 ], [ 4.499189, 43.703721 ], [ 4.500994, 43.704028 ], [ 4.504107, 43.704367 ], [ 4.506207, 43.704597 ], [ 4.508124, 43.704816 ], [ 4.508775, 43.704827 ], [ 4.510794, 43.704673 ], [ 4.512813, 43.70452 ], [ 4.513086, 43.708109 ], [ 4.513085254470816, 43.708109227679699 ], [ 4.514551, 43.707998 ], [ 4.518034, 43.708045 ] ] ], [ [ [ 4.492139, 43.690249 ], [ 4.493646, 43.690822 ], [ 4.493773263401782, 43.690862094464592 ], [ 4.487205, 43.687082 ], [ 4.48563, 43.686731 ], [ 4.485113, 43.686046 ], [ 4.480827, 43.682647 ], [ 4.473101, 43.679051 ], [ 4.470636, 43.687149 ], [ 4.473343, 43.688628 ], [ 4.475805, 43.692493 ], [ 4.477677, 43.693945 ], [ 4.480665, 43.69497 ], [ 4.485418, 43.698255 ], [ 4.486284, 43.698563 ], [ 4.487477, 43.698915 ], [ 4.487765, 43.690364 ], [ 4.492139, 43.690249 ] ] ], [ [ [ 4.504241, 43.688048 ], [ 4.507793, 43.690596 ], [ 4.512216, 43.691048 ], [ 4.515816, 43.691069 ], [ 4.520846, 43.691083 ], [ 4.523362633856343, 43.692775810362619 ], [ 4.52097, 43.690301 ], [ 4.517415, 43.689734 ], [ 4.512425, 43.689092 ], [ 4.507414, 43.686206 ], [ 4.503852025342498, 43.684029115178369 ], [ 4.496891, 43.688355 ], [ 4.496863, 43.689656 ], [ 4.500646, 43.687851 ], [ 4.504241, 43.688048 ] ] ], [ [ [ 4.469352, 43.739893 ], [ 4.469286784362, 43.739860556039396 ], [ 4.469286784361985, 43.739860556039382 ], [ 4.469352, 43.739893 ] ] ], [ [ [ 4.497738512949997, 43.739382918863093 ], [ 4.496032, 43.739486 ], [ 4.490155405190024, 43.740278858920711 ], [ 4.490327, 43.740316 ], [ 4.491618, 43.740499 ], [ 4.492132784819592, 43.740584233754625 ], [ 4.49754, 43.739808 ], [ 4.497738512949997, 43.739382918863093 ] ] ], [ [ [ 4.479210959797705, 43.733262479681073 ], [ 4.480122, 43.734198 ], [ 4.481711529505035, 43.735671787065364 ], [ 4.487413131008844, 43.739685303539943 ], [ 4.487902751710824, 43.739791280179404 ], [ 4.484334, 43.73292 ], [ 4.4839366813917, 43.732668787051466 ], [ 4.480495, 43.733042 ], [ 4.479210959797705, 43.733262479681073 ] ] ] ] } },
{ "type": "Feature", "properties": { "codgeo": "30258", "value": 780, "isochrone_group": 13.0, "nb_agences": 1 }, "geometry": { "type": "MultiPolygon", "coordinates": [ [ [ [ 4.516862, 43.654993 ], [ 4.518654, 43.655557 ], [ 4.520378, 43.656099 ], [ 4.521224, 43.656401 ], [ 4.522927, 43.657072 ], [ 4.523842, 43.657337 ], [ 4.52452, 43.65743 ], [ 4.525967, 43.656682 ], [ 4.526147, 43.656456 ], [ 4.525563, 43.653985 ], [ 4.52508, 43.653838 ], [ 4.522314, 43.65297 ], [ 4.521596, 43.652711 ], [ 4.519736, 43.652123 ], [ 4.517944, 43.651559 ], [ 4.515865752259273, 43.650899844660039 ], [ 4.515875, 43.650905 ], [ 4.514783, 43.654336 ], [ 4.512007, 43.653452 ], [ 4.510992, 43.653191 ], [ 4.505832, 43.652821 ], [ 4.499469, 43.65674 ], [ 4.498986, 43.660308 ], [ 4.499999, 43.6662 ], [ 4.505965312263578, 43.66943625152431 ], [ 4.501343, 43.663641 ], [ 4.501939, 43.660675 ], [ 4.504659, 43.655768 ], [ 4.511889, 43.655776 ], [ 4.516862, 43.654993 ] ] ], [ [ [ 4.505121, 43.644755 ], [ 4.501538, 43.644408 ], [ 4.501471, 43.645102 ], [ 4.497473, 43.650952 ], [ 4.501374, 43.645896 ], [ 4.507272, 43.646117 ], [ 4.51042, 43.647864 ], [ 4.512634389050116, 43.649098455930599 ], [ 4.510829, 43.645502 ], [ 4.505121, 43.644755 ] ] ], [ [ [ 4.478983, 43.642542 ], [ 4.481184, 43.649216 ], [ 4.480995239784576, 43.641363766673145 ], [ 4.478983, 43.642542 ] ] ], [ [ [ 4.488057, 43.639395 ], [ 4.488574, 43.639105 ], [ 4.489335, 43.638497 ], [ 4.487089, 43.635684 ], [ 4.480222, 43.630862 ], [ 4.476994, 43.629925 ], [ 4.473538, 43.623834 ], [ 4.475229, 43.620656 ], [ 4.473631, 43.614873 ], [ 4.471148, 43.612267 ], [ 4.470473, 43.612909 ], [ 4.463634, 43.617589 ], [ 4.460275, 43.62404 ], [ 4.460413, 43.624947 ], [ 4.461006, 43.627131 ], [ 4.461069, 43.627169 ], [ 4.463398, 43.629027 ], [ 4.465194, 43.632559 ], [ 4.466389, 43.635955 ], [ 4.464154, 43.644622 ], [ 4.459214, 43.642469 ], [ 4.459149, 43.642379 ], [ 4.455011, 43.642064 ], [ 4.452523, 43.64088 ], [ 4.445588, 43.638118 ], [ 4.441234, 43.634212 ], [ 4.439668, 43.632879 ], [ 4.432925, 43.629985 ], [ 4.433656, 43.630894 ], [ 4.434113, 43.631557 ], [ 4.434439, 43.632097 ], [ 4.434977, 43.633122 ], [ 4.441718, 43.638348 ], [ 4.445035, 43.639481 ], [ 4.451178, 43.641441 ], [ 4.45339, 43.642737 ], [ 4.459998, 43.644144 ], [ 4.463029, 43.645829 ], [ 4.465294, 43.649058 ], [ 4.467743, 43.650739 ], [ 4.473533, 43.645162 ], [ 4.473545, 43.644645 ], [ 4.47363, 43.644076 ], [ 4.474063, 43.64227 ], [ 4.470739, 43.634951 ], [ 4.470168, 43.634545 ], [ 4.46905, 43.633825 ], [ 4.467441, 43.631429 ], [ 4.466857, 43.630713 ], [ 4.466422, 43.629929 ], [ 4.464151, 43.627165 ], [ 4.464422, 43.624972 ], [ 4.464814, 43.623626 ], [ 4.466844, 43.619758 ], [ 4.470209, 43.621037 ], [ 4.469628, 43.622567 ], [ 4.47214, 43.630451 ], [ 4.477553, 43.631044 ], [ 4.481098, 43.632607 ], [ 4.486787, 43.635843 ], [ 4.486358, 43.639418 ], [ 4.484665, 43.639215 ], [ 4.482754316406075, 43.640333768799188 ], [ 4.484343, 43.639716 ], [ 4.488057, 43.639395 ] ] ], [ [ [ 4.434706, 43.615351 ], [ 4.435304, 43.6147 ], [ 4.439502, 43.606819 ], [ 4.445808, 43.604747 ], [ 4.448147, 43.60483 ], [ 4.448274, 43.601232 ], [ 4.445935, 43.60115 ], [ 4.443596, 43.601067 ], [ 4.440464, 43.600956 ], [ 4.437332, 43.600846 ], [ 4.436756, 43.600898 ], [ 4.435928, 43.601222 ], [ 4.435534, 43.60153 ], [ 4.434759, 43.602239 ], [ 4.435508, 43.601554 ], [ 4.43794, 43.604208 ], [ 4.437191, 43.604894 ], [ 4.434739, 43.607219 ], [ 4.431049, 43.614323 ], [ 4.431404, 43.617983 ], [ 4.431362201571808, 43.618023924461056 ], [ 4.433948, 43.615855 ], [ 4.434706, 43.615351 ] ] ], [ [ [ 4.423424, 43.600619 ], [ 4.422244, 43.598179 ], [ 4.419003, 43.599746 ], [ 4.420183, 43.602186 ], [ 4.421853, 43.604975 ], [ 4.42174, 43.60449 ], [ 4.425245, 43.60367 ], [ 4.432262, 43.604606 ], [ 4.425008, 43.603096 ], [ 4.423424, 43.600619 ] ] ], [ [ [ 4.416713, 43.612739 ], [ 4.414443, 43.611739 ], [ 4.415509, 43.612991 ], [ 4.420624, 43.61398 ], [ 4.422941, 43.607563 ], [ 4.422818, 43.607106 ], [ 4.421853, 43.604975 ], [ 4.42029, 43.612336 ], [ 4.416713, 43.612739 ] ] ], [ [ [ 4.39539, 43.602884 ], [ 4.388918, 43.603646 ], [ 4.382347, 43.603759 ], [ 4.380627, 43.603768 ], [ 4.378893, 43.603784 ], [ 4.377094, 43.603875 ], [ 4.377276, 43.60747 ], [ 4.379075, 43.607379 ], [ 4.386419, 43.609197 ], [ 4.389119, 43.610844 ], [ 4.388046, 43.610018 ], [ 4.387791, 43.609796 ], [ 4.389983, 43.606983 ], [ 4.397347, 43.607178 ], [ 4.400861, 43.606396 ], [ 4.406733, 43.610559 ], [ 4.400739, 43.605846 ], [ 4.39539, 43.602884 ] ] ], [ [ [ 4.403429, 43.6209 ], [ 4.407318, 43.628011 ], [ 4.399216, 43.631723 ], [ 4.39478, 43.634778 ], [ 4.393422, 43.635239 ], [ 4.390858, 43.641963 ], [ 4.390796, 43.645563 ], [ 4.390138, 43.652029 ], [ 4.387001, 43.653795 ], [ 4.379957, 43.650936 ], [ 4.376764, 43.652598 ], [ 4.377107109708557, 43.653256942913082 ], [ 4.380301, 43.651595 ], [ 4.381324, 43.65356 ], [ 4.388316, 43.656127 ], [ 4.391525, 43.654496 ], [ 4.391882, 43.645581 ], [ 4.391944, 43.641982 ], [ 4.395734, 43.634708 ], [ 4.401856, 43.63237 ], [ 4.407757, 43.628807 ], [ 4.407824, 43.620387 ], [ 4.403048, 43.613767 ], [ 4.399765, 43.613398 ], [ 4.397885, 43.613187 ], [ 4.403013, 43.617324 ], [ 4.403429, 43.6209 ] ] ], [ [ [ 4.37813, 43.655222 ], [ 4.377958979011521, 43.654893499274323 ], [ 4.377934699036448, 43.65547107176895 ], [ 4.37813, 43.655222 ] ] ], [ [ [ 4.357578, 43.646551 ], [ 4.357383, 43.646123 ], [ 4.355216, 43.645748 ], [ 4.353049, 43.645373 ], [ 4.351031, 43.645025 ], [ 4.351000528777662, 43.645019251945193 ], [ 4.352721, 43.645839 ], [ 4.355421, 43.653709 ], [ 4.356235, 43.654409 ], [ 4.356729, 43.655061 ], [ 4.356975, 43.6501 ], [ 4.357578, 43.646551 ] ] ], [ [ [ 4.338187, 43.64276 ], [ 4.335362, 43.642271 ], [ 4.330840217109841, 43.642908422620266 ], [ 4.336751, 43.646469 ], [ 4.339328, 43.644812 ], [ 4.342133729611929, 43.643424091108827 ], [ 4.341259, 43.643265 ], [ 4.338187, 43.64276 ] ] ], [ [ [ 4.310433, 43.643005 ], [ 4.308827, 43.642756 ], [ 4.307721, 43.642564 ], [ 4.305593532412912, 43.642182588368648 ], [ 4.309621, 43.647414 ], [ 4.311128577035416, 43.647679264314569 ], [ 4.311483, 43.647532 ], [ 4.314822, 43.643666 ], [ 4.319953, 43.643354 ], [ 4.313688, 43.643366 ], [ 4.310433, 43.643005 ] ] ], [ [ [ 4.326194, 43.663973 ], [ 4.327627432636278, 43.669718494828118 ], [ 4.329555, 43.669935 ], [ 4.330701, 43.671192 ], [ 4.330711, 43.671232 ], [ 4.331333161618776, 43.673358995878978 ], [ 4.336586, 43.677307 ], [ 4.337636, 43.681312 ], [ 4.337825, 43.682217 ], [ 4.338278, 43.683283 ], [ 4.338721, 43.683915 ], [ 4.339517, 43.685036 ], [ 4.342811, 43.683583 ], [ 4.347577, 43.689674 ], [ 4.350705, 43.691456 ], [ 4.350953, 43.69102 ], [ 4.352434, 43.689229 ], [ 4.354179, 43.687815 ], [ 4.352567, 43.689121 ], [ 4.3503, 43.686324 ], [ 4.351847, 43.678993 ], [ 4.344772, 43.676121 ], [ 4.342697, 43.677747 ], [ 4.341319, 43.677439 ], [ 4.34055, 43.677302 ], [ 4.339392, 43.67632 ], [ 4.337603, 43.672619 ], [ 4.333676, 43.666387 ], [ 4.330105, 43.665931 ], [ 4.329259, 43.664079 ], [ 4.326538381982213, 43.657135697425964 ], [ 4.322117301646626, 43.660195997807435 ], [ 4.326194, 43.663973 ] ] ], [ [ [ 4.364714, 43.690694 ], [ 4.370167, 43.695068 ], [ 4.372147, 43.692061 ], [ 4.374074, 43.692132 ], [ 4.375311, 43.692331 ], [ 4.379008, 43.684579 ], [ 4.377812, 43.683004 ], [ 4.371436, 43.676952 ], [ 4.366689, 43.680903 ], [ 4.366305, 43.682099 ], [ 4.366277, 43.682175 ], [ 4.365513, 43.683716 ], [ 4.364941, 43.685433 ], [ 4.364054, 43.68796 ], [ 4.360657, 43.686768 ], [ 4.354179, 43.687815 ], [ 4.361603, 43.689764 ], [ 4.364714, 43.690694 ] ] ], [ [ [ 4.353665, 43.709112 ], [ 4.353657, 43.70914 ], [ 4.353145, 43.712206 ], [ 4.353033, 43.712828 ], [ 4.349623, 43.720805 ], [ 4.347633, 43.722434 ], [ 4.347493, 43.722538 ], [ 4.346947400708197, 43.726915930753968 ], [ 4.350533, 43.727079 ], [ 4.350944, 43.727125 ], [ 4.352048, 43.72796 ], [ 4.354156, 43.730094 ], [ 4.354169426783757, 43.730150009451528 ], [ 4.355719, 43.730225 ], [ 4.357429, 43.730833 ], [ 4.36338, 43.735722 ], [ 4.363487, 43.735779 ], [ 4.365357, 43.735674 ], [ 4.365413, 43.735632 ], [ 4.369012, 43.73218 ], [ 4.376862, 43.733517 ], [ 4.378515, 43.736715 ], [ 4.379019, 43.736454 ], [ 4.379741, 43.736033 ], [ 4.386516, 43.741711 ], [ 4.38758, 43.745265 ], [ 4.388271885101107, 43.746779441648499 ], [ 4.390832, 43.743305 ], [ 4.39027053159033, 43.741899385431331 ], [ 4.388331, 43.740851 ], [ 4.388177, 43.738835 ], [ 4.381814, 43.734397 ], [ 4.379194, 43.731929 ], [ 4.37332, 43.729517 ], [ 4.370181, 43.730939 ], [ 4.369189, 43.731993 ], [ 4.364843, 43.730394 ], [ 4.36287, 43.728723 ], [ 4.362872, 43.728578 ], [ 4.356857, 43.723329 ], [ 4.354752, 43.724612 ], [ 4.353949, 43.725105 ], [ 4.352634, 43.726362 ], [ 4.350833, 43.726955 ], [ 4.350563, 43.726848 ], [ 4.34944, 43.724701 ], [ 4.350093, 43.723213 ], [ 4.352099, 43.71923 ], [ 4.353252, 43.714411 ], [ 4.354901, 43.711725 ], [ 4.35677, 43.708208 ], [ 4.35683068470649, 43.708131342774543 ], [ 4.356603, 43.708224 ], [ 4.353665, 43.709112 ] ] ], [ [ [ 4.429604, 43.735451 ], [ 4.429452, 43.731854 ], [ 4.427677, 43.725446 ], [ 4.427164, 43.727783 ], [ 4.427028, 43.728882 ], [ 4.427489, 43.731923 ], [ 4.427846562241203, 43.734905633842665 ], [ 4.429726618131372, 43.735593921709103 ], [ 4.429604, 43.735451 ] ] ], [ [ [ 4.442822, 43.726509 ], [ 4.443957, 43.726579 ], [ 4.444783, 43.726608 ], [ 4.453262, 43.72918 ], [ 4.453351, 43.730231 ], [ 4.453399, 43.730358 ], [ 4.456806, 43.729805 ], [ 4.463655437199176, 43.733937833352314 ], [ 4.463660511536569, 43.733934978179619 ], [ 4.463569811339461, 43.733726410509377 ], [ 4.463428, 43.733493 ], [ 4.459407, 43.728752 ], [ 4.453017, 43.727567 ], [ 4.452069, 43.725084 ], [ 4.451732, 43.724284 ], [ 4.442864, 43.723238 ], [ 4.442587, 43.724894 ], [ 4.442146, 43.72563 ], [ 4.441688550566889, 43.726388429234419 ], [ 4.441994, 43.726435 ], [ 4.442822, 43.726509 ] ] ], [ [ [ 4.449447, 43.690826 ], [ 4.449510397016393, 43.69094234147812 ], [ 4.449561, 43.691017 ], [ 4.449627858271171, 43.691157897615916 ], [ 4.449726, 43.691338 ], [ 4.449777058791509, 43.691472323897671 ], [ 4.449831, 43.691586 ], [ 4.449891261970419, 43.691772766106816 ], [ 4.449921, 43.691851 ], [ 4.45126761004352, 43.694993656141939 ], [ 4.452836, 43.697524 ], [ 4.452869, 43.697552 ], [ 4.452997000677791, 43.698240803647344 ], [ 4.457666, 43.703853 ], [ 4.459582079201498, 43.706062681868644 ], [ 4.464799, 43.707054 ], [ 4.465304, 43.708206 ], [ 4.471084, 43.71394 ], [ 4.473117, 43.714512 ], [ 4.475957, 43.715387 ], [ 4.478797, 43.716262 ], [ 4.481516, 43.717818 ], [ 4.484053, 43.718623 ], [ 4.48659, 43.719429 ], [ 4.485501, 43.72286 ], [ 4.482964, 43.722055 ], [ 4.480426, 43.721249 ], [ 4.477898, 43.720468 ], [ 4.474896886895652, 43.721231833633524 ], [ 4.474797, 43.728207 ], [ 4.475805, 43.729765 ], [ 4.475975789917486, 43.730066309370216 ], [ 4.477704, 43.729769 ], [ 4.479919, 43.729389 ], [ 4.481492, 43.729156 ], [ 4.483605, 43.7289 ], [ 4.484737, 43.728789 ], [ 4.485310273847306, 43.728746745208561 ], [ 4.486751, 43.723257 ], [ 4.48784, 43.719825 ], [ 4.492888, 43.713175 ], [ 4.499291, 43.717967 ], [ 4.50248, 43.719636 ], [ 4.503924, 43.716877 ], [ 4.504136, 43.716315 ], [ 4.504259, 43.715349 ], [ 4.509048, 43.708416 ], [ 4.504281, 43.714734 ], [ 4.500683, 43.71461 ], [ 4.493365, 43.712006 ], [ 4.490031, 43.710647 ], [ 4.487473, 43.709247 ], [ 4.484222, 43.70165 ], [ 4.481413, 43.70098 ], [ 4.480883, 43.700839 ], [ 4.480406, 43.700662 ], [ 4.480047, 43.700492 ], [ 4.479281, 43.700039 ], [ 4.478892, 43.699762 ], [ 4.47712, 43.698261 ], [ 4.476055, 43.697385 ], [ 4.475601, 43.696971 ], [ 4.472396, 43.695109 ], [ 4.471736, 43.694933 ], [ 4.468648, 43.693447 ], [ 4.467566, 43.692804 ], [ 4.466731, 43.692218 ], [ 4.466086, 43.691682 ], [ 4.465517, 43.691103 ], [ 4.463351, 43.689352 ], [ 4.461592, 43.68825 ], [ 4.459884, 43.686083 ], [ 4.458687, 43.684399 ], [ 4.458453, 43.683948 ], [ 4.458336, 43.683055 ], [ 4.458229, 43.680722 ], [ 4.449683, 43.679155 ], [ 4.446158, 43.686055 ], [ 4.44751, 43.687991 ], [ 4.448251537748448, 43.689085048379738 ], [ 4.448256, 43.689082 ], [ 4.449447, 43.690826 ] ] ], [ [ [ 4.517595, 43.70889 ], [ 4.518148, 43.708662 ], [ 4.518747, 43.708425 ], [ 4.519392562464192, 43.708194847057072 ], [ 4.51877, 43.708137 ], [ 4.518034, 43.708045 ], [ 4.514551, 43.707998 ], [ 4.517056294275716, 43.709140524312545 ], [ 4.517595, 43.70889 ] ] ], [ [ [ 4.525914, 43.699662 ], [ 4.525711, 43.698348 ], [ 4.525672, 43.698164 ], [ 4.520756, 43.691646 ], [ 4.517201, 43.691079 ], [ 4.515816, 43.691183 ], [ 4.512216, 43.691161 ], [ 4.507805, 43.69074 ], [ 4.502044457853487, 43.68792763315637 ], [ 4.500646, 43.687851 ], [ 4.496863, 43.689656 ], [ 4.495023, 43.691153 ], [ 4.49443, 43.691069 ], [ 4.493646, 43.690822 ], [ 4.492139, 43.690249 ], [ 4.487765, 43.690364 ], [ 4.487477, 43.698915 ], [ 4.48976, 43.699456 ], [ 4.491442, 43.69994 ], [ 4.493189, 43.700256 ], [ 4.494133, 43.700821 ], [ 4.503033, 43.701754 ], [ 4.503361, 43.701608 ], [ 4.503815, 43.701401 ], [ 4.504745, 43.701342 ], [ 4.505644, 43.701649 ], [ 4.509652, 43.702487 ], [ 4.514322, 43.704405 ], [ 4.517372, 43.704238 ], [ 4.518171, 43.704354 ], [ 4.521153, 43.70453 ], [ 4.521739, 43.704615 ], [ 4.522983, 43.704938 ], [ 4.523351, 43.705078 ], [ 4.522707914645599, 43.706773086376622 ], [ 4.523078855866804, 43.706606562794491 ], [ 4.525914, 43.699662 ] ] ], [ [ [ 4.507338724479282, 43.670181218797254 ], [ 4.507614423599585, 43.670330763718617 ], [ 4.508051162804547, 43.669780059948607 ], [ 4.507338724479282, 43.670181218797254 ] ] ], [ [ [ 4.511764379590131, 43.667689226654396 ], [ 4.515142, 43.668019 ], [ 4.515234, 43.668116 ], [ 4.52214, 43.671338 ], [ 4.522234099215206, 43.671263384050185 ], [ 4.518264, 43.667478 ], [ 4.514244, 43.666256 ], [ 4.513073, 43.66679 ], [ 4.512838, 43.666878 ], [ 4.511985, 43.667565 ], [ 4.511764379590131, 43.667689226654396 ] ] ], [ [ [ 4.526673, 43.712732 ], [ 4.52688705735001, 43.709938356984786 ], [ 4.525985, 43.709739 ], [ 4.524761, 43.710243 ], [ 4.524048, 43.710506 ], [ 4.522219, 43.711135 ], [ 4.521768477010291, 43.711289486768408 ], [ 4.522013, 43.711401 ], [ 4.525366, 43.712387 ], [ 4.526046, 43.712648 ], [ 4.526487, 43.712718 ], [ 4.526673900108129, 43.712732306550336 ], [ 4.526673, 43.712732 ] ] ], [ [ [ 4.485585, 43.732628 ], [ 4.485574773631339, 43.732524200909594 ], [ 4.48396415175789, 43.732686155761478 ], [ 4.484334, 43.73292 ], [ 4.488006957188834, 43.739991917571317 ], [ 4.489806, 43.740326 ], [ 4.485585, 43.732628 ] ] ] ] } },
{ "type": "Feature", "properties": { "codgeo": "30258", "value": 840, "isochrone_group": 14.0, "nb_agences": 1 }, "geometry": { "type": "MultiPolygon", "coordinates": [ [ [ [ 4.511129, 43.644443 ], [ 4.5113, 43.642094 ], [ 4.505464, 43.641165 ], [ 4.501883, 43.640794 ], [ 4.501726, 43.642308 ], [ 4.501649, 43.643269 ], [ 4.501538389679466, 43.644408037738984 ], [ 4.505121, 43.644755 ], [ 4.510829, 43.645502 ], [ 4.513098, 43.650022 ], [ 4.511069, 43.64555 ], [ 4.511129, 43.644443 ] ] ], [ [ [ 4.486464149689286, 43.639532669614894 ], [ 4.484343, 43.639716 ], [ 4.480987, 43.641021 ], [ 4.481184, 43.649216 ], [ 4.486085, 43.649681 ], [ 4.487416, 43.649372 ], [ 4.487936, 43.649514 ], [ 4.488171, 43.649617 ], [ 4.485082, 43.641811 ], [ 4.486464149689286, 43.639532669614894 ] ] ], [ [ [ 4.488471, 43.636868 ], [ 4.490086, 43.635748 ], [ 4.489032, 43.634117 ], [ 4.483515591330719, 43.633174756283196 ], [ 4.487089, 43.635684 ], [ 4.488220904283228, 43.637101652158819 ], [ 4.488334, 43.636993 ], [ 4.488471, 43.636868 ] ] ], [ [ [ 4.479221, 43.622802 ], [ 4.476863, 43.61425 ], [ 4.477835, 43.612208 ], [ 4.477904, 43.611624 ], [ 4.477931, 43.611152 ], [ 4.47622, 43.608991 ], [ 4.475327, 43.609439 ], [ 4.471431, 43.612033 ], [ 4.467384, 43.613759 ], [ 4.467047, 43.613832 ], [ 4.467046, 43.613832 ], [ 4.466112, 43.614032 ], [ 4.458443, 43.616359 ], [ 4.457758, 43.61737 ], [ 4.457623, 43.617752 ], [ 4.457519, 43.618513 ], [ 4.45731, 43.619776 ], [ 4.457962, 43.622585 ], [ 4.45825, 43.624454 ], [ 4.458439, 43.625626 ], [ 4.459306, 43.627896 ], [ 4.459493, 43.629069 ], [ 4.460775, 43.629842 ], [ 4.463974, 43.632988 ], [ 4.465169, 43.636384 ], [ 4.4587, 43.640519 ], [ 4.456381, 43.63927 ], [ 4.448951, 43.636965 ], [ 4.445975, 43.634207 ], [ 4.444555, 43.630898 ], [ 4.43913, 43.629535 ], [ 4.438701, 43.629278 ], [ 4.438191, 43.628944 ], [ 4.43786, 43.628942 ], [ 4.437091, 43.62911 ], [ 4.430865, 43.627994 ], [ 4.431499, 43.628521 ], [ 4.432077, 43.629087 ], [ 4.432925, 43.629985 ], [ 4.439668, 43.632879 ], [ 4.441234, 43.634212 ], [ 4.445588, 43.638118 ], [ 4.452523, 43.64088 ], [ 4.455011, 43.642064 ], [ 4.459149, 43.642379 ], [ 4.459214, 43.642469 ], [ 4.464154, 43.644622 ], [ 4.466389, 43.635955 ], [ 4.465194, 43.632559 ], [ 4.463398, 43.629027 ], [ 4.461069, 43.627169 ], [ 4.461006, 43.627131 ], [ 4.460413, 43.624947 ], [ 4.460275, 43.62404 ], [ 4.463634, 43.617589 ], [ 4.470473, 43.612909 ], [ 4.471148, 43.612267 ], [ 4.473631, 43.614873 ], [ 4.475229, 43.620656 ], [ 4.473538, 43.623834 ], [ 4.476994, 43.629925 ], [ 4.480222, 43.630862 ], [ 4.481358165553994, 43.631659814227653 ], [ 4.480837, 43.62934 ], [ 4.479221, 43.622802 ] ] ], [ [ [ 4.436437, 43.613774 ], [ 4.43824, 43.612554 ], [ 4.439279, 43.612046 ], [ 4.442875462224529, 43.605710561413062 ], [ 4.439502, 43.606819 ], [ 4.435304, 43.6147 ], [ 4.434706, 43.615351 ], [ 4.435444, 43.614628 ], [ 4.436437, 43.613774 ] ] ], [ [ [ 4.451634, 43.606345 ], [ 4.456027, 43.605104 ], [ 4.456751, 43.605126 ], [ 4.457944, 43.604566 ], [ 4.457878, 43.603217 ], [ 4.456859, 43.601527 ], [ 4.456134, 43.601506 ], [ 4.453001, 43.601397 ], [ 4.449859, 43.601288 ], [ 4.448273988898078, 43.601232314525326 ], [ 4.448147, 43.60483 ], [ 4.445808, 43.604747 ], [ 4.44465399622143, 43.605126177898704 ], [ 4.448035, 43.606442 ], [ 4.451634, 43.606345 ] ] ], [ [ [ 4.445935, 43.60115 ], [ 4.446207674865867, 43.60115955935828 ], [ 4.443596, 43.601067 ], [ 4.445935, 43.60115 ] ] ], [ [ [ 4.417954, 43.597575 ], [ 4.417653, 43.600269 ], [ 4.418299, 43.60381 ], [ 4.415948, 43.609394 ], [ 4.410017, 43.610928 ], [ 4.4133, 43.611297 ], [ 4.413702, 43.611378 ], [ 4.414443, 43.611739 ], [ 4.416713, 43.612739 ], [ 4.42029, 43.612336 ], [ 4.421853, 43.604975 ], [ 4.420183, 43.602186 ], [ 4.419003, 43.599746 ], [ 4.422243824229038, 43.598179084983997 ], [ 4.421195, 43.596008 ], [ 4.417954, 43.597575 ] ] ], [ [ [ 4.400313, 43.603203 ], [ 4.399745, 43.601384 ], [ 4.394177, 43.59726 ], [ 4.386178, 43.597611 ], [ 4.379383, 43.599795 ], [ 4.372817, 43.603349 ], [ 4.370937, 43.603095 ], [ 4.369889, 43.60302 ], [ 4.369231, 43.603012 ], [ 4.367102, 43.603125 ], [ 4.365397, 43.603118 ], [ 4.365286, 43.604467 ], [ 4.365279, 43.604788 ], [ 4.365382, 43.606718 ], [ 4.367087, 43.606725 ], [ 4.372328, 43.606916 ], [ 4.374346, 43.607188 ], [ 4.376359, 43.60746 ], [ 4.37693, 43.607483 ], [ 4.377275809317039, 43.607466233487663 ], [ 4.377094, 43.603875 ], [ 4.378893, 43.603784 ], [ 4.380627, 43.603768 ], [ 4.382347, 43.603759 ], [ 4.388918, 43.603646 ], [ 4.39539, 43.602884 ], [ 4.400739, 43.605846 ], [ 4.406733, 43.610559 ], [ 4.400705, 43.604977 ], [ 4.400313, 43.603203 ] ] ], [ [ [ 4.402255, 43.621036 ], [ 4.406112, 43.627251 ], [ 4.397957, 43.629438 ], [ 4.394684, 43.630938 ], [ 4.393892, 43.63219 ], [ 4.393827, 43.634848 ], [ 4.393646964964636, 43.635162631186525 ], [ 4.39478, 43.634778 ], [ 4.399216, 43.631723 ], [ 4.407318, 43.628011 ], [ 4.403429, 43.6209 ], [ 4.403013, 43.617324 ], [ 4.397885, 43.613187 ], [ 4.395914, 43.612963 ], [ 4.401839, 43.61746 ], [ 4.402255, 43.621036 ] ] ], [ [ [ 4.387537, 43.642833 ], [ 4.387443, 43.64329 ], [ 4.387446, 43.644038 ], [ 4.386125, 43.650973 ], [ 4.379896, 43.650818 ], [ 4.377776, 43.648586 ], [ 4.376927, 43.648998 ], [ 4.376744, 43.652558 ], [ 4.376764637752201, 43.652597668041302 ], [ 4.379957, 43.650936 ], [ 4.387001, 43.653795 ], [ 4.390138, 43.652029 ], [ 4.390796, 43.645563 ], [ 4.390858, 43.641963 ], [ 4.39305990255354, 43.636188587843201 ], [ 4.389746, 43.64198 ], [ 4.387537, 43.642833 ] ] ], [ [ [ 4.377742, 43.660055 ], [ 4.377959, 43.654893 ], [ 4.377732496731811, 43.654457999999586 ], [ 4.377938, 43.654853 ], [ 4.377742, 43.660055 ] ] ], [ [ [ 4.35784, 43.646202 ], [ 4.357383001445468, 43.646123003172612 ], [ 4.357578, 43.646551 ], [ 4.356975, 43.6501 ], [ 4.356729, 43.655061 ], [ 4.357226, 43.649749 ], [ 4.35784, 43.646202 ] ] ], [ [ [ 4.33436, 43.642097 ], [ 4.331603, 43.641619 ], [ 4.328846, 43.641141 ], [ 4.325330508638959, 43.643448740615241 ], [ 4.326821, 43.643475 ], [ 4.335362, 43.642271 ], [ 4.338187, 43.64276 ], [ 4.341259, 43.643265 ], [ 4.337686, 43.642673 ], [ 4.33436, 43.642097 ] ] ], [ [ [ 4.336369, 43.68246 ], [ 4.33756, 43.682453 ], [ 4.337901828615598, 43.682397793166061 ], [ 4.337825, 43.682217 ], [ 4.337636, 43.681312 ], [ 4.337219396020713, 43.679722953393281 ], [ 4.337296, 43.680324 ], [ 4.337267, 43.680624 ], [ 4.337227, 43.681053 ], [ 4.336781, 43.681942 ], [ 4.336155835616807, 43.682376669267477 ], [ 4.336369, 43.68246 ] ] ], [ [ [ 4.336586, 43.677307 ], [ 4.335258973514195, 43.676309614271673 ], [ 4.336245, 43.678371 ], [ 4.336971586068859, 43.678777735434075 ], [ 4.336586, 43.677307 ] ] ], [ [ [ 4.344471, 43.694571 ], [ 4.346443, 43.695451 ], [ 4.34716, 43.695477 ], [ 4.347947, 43.695506 ], [ 4.350325, 43.691926 ], [ 4.35066613208387, 43.69143385721658 ], [ 4.347577, 43.689674 ], [ 4.342811, 43.683583 ], [ 4.341375418342958, 43.684216242303485 ], [ 4.344006, 43.690045 ], [ 4.344471, 43.694571 ] ] ], [ [ [ 4.364123798850517, 43.690517565712312 ], [ 4.361603, 43.689764 ], [ 4.36373, 43.6904 ], [ 4.364123798850517, 43.690517565712312 ] ] ], [ [ [ 4.355386, 43.707374 ], [ 4.353984, 43.707034 ], [ 4.351919, 43.709983 ], [ 4.348347, 43.717751 ], [ 4.347756, 43.717976 ], [ 4.347395, 43.7182 ], [ 4.346683, 43.718716 ], [ 4.346611, 43.718774 ], [ 4.346158, 43.719512 ], [ 4.345539952038063, 43.721747863375974 ], [ 4.347407234508422, 43.723226188912349 ], [ 4.347493, 43.722538 ], [ 4.347633, 43.722434 ], [ 4.349623, 43.720805 ], [ 4.353033, 43.712828 ], [ 4.353145, 43.712206 ], [ 4.353657, 43.70914 ], [ 4.353665, 43.709112 ], [ 4.356603, 43.708224 ], [ 4.363793, 43.705298 ], [ 4.355822, 43.70745 ], [ 4.355386, 43.707374 ] ] ], [ [ [ 4.362452, 43.738466 ], [ 4.362450009866595, 43.738481192565835 ], [ 4.362555, 43.738362 ], [ 4.363843, 43.737087 ], [ 4.364558, 43.736044 ], [ 4.37332, 43.735581 ], [ 4.37525, 43.738619 ], [ 4.382172, 43.743926 ], [ 4.382522, 43.74497 ], [ 4.385144646445866, 43.748025165932034 ], [ 4.386550877696023, 43.741827499371865 ], [ 4.386516, 43.741711 ], [ 4.379741, 43.736033 ], [ 4.379019, 43.736454 ], [ 4.378515, 43.736715 ], [ 4.376884495985903, 43.733560522179623 ], [ 4.376794749115695, 43.733505545932182 ], [ 4.369012, 43.73218 ], [ 4.365413, 43.735632 ], [ 4.365357, 43.735674 ], [ 4.363487, 43.735779 ], [ 4.36338, 43.735722 ], [ 4.360800182175044, 43.73360256976202 ], [ 4.362037, 43.736418 ], [ 4.362452, 43.738466 ] ] ], [ [ [ 4.446384, 43.728126 ], [ 4.45393, 43.731105 ], [ 4.454858, 43.732997 ], [ 4.458362, 43.732171 ], [ 4.462883456101265, 43.734406009935057 ], [ 4.463385, 43.73409 ], [ 4.463655437199176, 43.733937833352314 ], [ 4.456806, 43.729805 ], [ 4.453399, 43.730358 ], [ 4.453351, 43.730231 ], [ 4.453262, 43.72918 ], [ 4.444783, 43.726608 ], [ 4.443957, 43.726579 ], [ 4.442822, 43.726509 ], [ 4.441994, 43.726435 ], [ 4.445934, 43.727852 ], [ 4.446384, 43.728126 ] ] ], [ [ [ 4.488831, 43.728527 ], [ 4.491419321238483, 43.728425067584638 ], [ 4.490998050733314, 43.72560043369387 ], [ 4.4905, 43.725166 ], [ 4.49036, 43.724617 ], [ 4.491662, 43.721261 ], [ 4.499115, 43.718303 ], [ 4.499290791564417, 43.717966844006988 ], [ 4.492888, 43.713175 ], [ 4.48784, 43.719825 ], [ 4.486751, 43.723257 ], [ 4.485310273847306, 43.728746745208561 ], [ 4.486962, 43.728625 ], [ 4.488831, 43.728527 ] ] ], [ [ [ 4.516565, 43.709369 ], [ 4.517056294275716, 43.709140524312545 ], [ 4.514551, 43.707998 ], [ 4.51181, 43.708206 ], [ 4.516339654523597, 43.70948478260145 ], [ 4.516565, 43.709369 ] ] ], [ [ [ 4.514325, 43.66622 ], [ 4.514556, 43.666125 ], [ 4.518259, 43.667426 ], [ 4.522347, 43.669825 ], [ 4.527772, 43.665484 ], [ 4.527951, 43.665134 ], [ 4.52869, 43.658254 ], [ 4.529711, 43.654802 ], [ 4.53193, 43.655459 ], [ 4.534148, 43.656115 ], [ 4.534281522531142, 43.656144643901513 ], [ 4.530803, 43.654716 ], [ 4.529035, 43.654183 ], [ 4.52491, 43.652764 ], [ 4.523232, 43.652415 ], [ 4.519736, 43.652123 ], [ 4.521596, 43.652711 ], [ 4.522314, 43.65297 ], [ 4.52508, 43.653838 ], [ 4.525563, 43.653985 ], [ 4.526147, 43.656456 ], [ 4.525967, 43.656682 ], [ 4.52452, 43.65743 ], [ 4.523842, 43.657337 ], [ 4.522927, 43.657072 ], [ 4.521224, 43.656401 ], [ 4.520378, 43.656099 ], [ 4.518654, 43.655557 ], [ 4.516862, 43.654993 ], [ 4.511889, 43.655776 ], [ 4.504659, 43.655768 ], [ 4.501939, 43.660675 ], [ 4.501343, 43.663641 ], [ 4.506801, 43.670484 ], [ 4.511985, 43.667565 ], [ 4.512838, 43.666878 ], [ 4.514325, 43.66622 ] ] ], [ [ [ 4.431653, 43.731717 ], [ 4.428759131033342, 43.72677243433283 ], [ 4.428425230323437, 43.72814721685215 ], [ 4.429452, 43.731854 ], [ 4.429508064290251, 43.733180731921252 ], [ 4.43185689514357, 43.734645749842258 ], [ 4.431653, 43.731717 ] ] ], [ [ [ 4.525779653002308, 43.712545769755295 ], [ 4.525549, 43.71248 ], [ 4.525255558762118, 43.712515504402596 ], [ 4.526046, 43.712648 ], [ 4.525779653002308, 43.712545769755295 ] ] ], [ [ [ 4.526303, 43.712695 ], [ 4.526253905245672, 43.712681000832646 ], [ 4.526046, 43.712648 ], [ 4.526440211153087, 43.712775589511125 ], [ 4.526303, 43.712695 ] ] ], [ [ [ 4.48719, 43.732316 ], [ 4.485565968890661, 43.732434831544602 ], [ 4.485585, 43.732628 ], [ 4.489806, 43.740326 ], [ 4.493987030717403, 43.740318047148897 ], [ 4.49754, 43.739808 ], [ 4.498353244966715, 43.738066576606535 ], [ 4.497732, 43.737938 ], [ 4.491618, 43.732267 ], [ 4.491611048615473, 43.732112696427407 ], [ 4.490225, 43.732172 ], [ 4.488242, 43.732256 ], [ 4.48719, 43.732316 ] ] ] ] } },
{ "type": "Feature", "properties": { "codgeo": "30258", "value": 900, "isochrone_group": 15.0, "nb_agences": 1 }, "geometry": { "type": "MultiPolygon", "coordinates": [ [ [ [ 4.507355103493822, 43.641466034123688 ], [ 4.5113, 43.642094 ], [ 4.511129, 43.644443 ], [ 4.511365, 43.641207 ], [ 4.507774, 43.640946 ], [ 4.507537, 43.641292 ], [ 4.507355103493822, 43.641466034123688 ] ] ], [ [ [ 4.489062, 43.650016 ], [ 4.489847, 43.650364 ], [ 4.486517922679237, 43.645439621700916 ], [ 4.488171, 43.649617 ], [ 4.489062, 43.650016 ] ] ], [ [ [ 4.485082, 43.641811 ], [ 4.485889631338713, 43.643851909753963 ], [ 4.488334, 43.636993 ], [ 4.487545, 43.637751 ], [ 4.485082, 43.641811 ] ] ], [ [ [ 4.488334, 43.636993 ], [ 4.490086, 43.635748 ], [ 4.488471, 43.636868 ], [ 4.488334, 43.636993 ] ] ], [ [ [ 4.483327, 43.626076 ], [ 4.483076, 43.625691 ], [ 4.482768, 43.625282 ], [ 4.482113, 43.624584 ], [ 4.481595, 43.624159 ], [ 4.480686, 43.615497 ], [ 4.482131, 43.612898 ], [ 4.481929, 43.607834 ], [ 4.481284, 43.604779 ], [ 4.480699, 43.604451 ], [ 4.476917, 43.603146 ], [ 4.473485, 43.604231 ], [ 4.473798, 43.605223 ], [ 4.471431, 43.612033 ], [ 4.475327, 43.609439 ], [ 4.47622, 43.608991 ], [ 4.477931, 43.611152 ], [ 4.477904, 43.611624 ], [ 4.477835, 43.612208 ], [ 4.476863, 43.61425 ], [ 4.479221, 43.622802 ], [ 4.480837, 43.62934 ], [ 4.481626, 43.632852 ], [ 4.489032, 43.634117 ], [ 4.490086, 43.635748 ], [ 4.488174, 43.632555 ], [ 4.48723, 43.63091 ], [ 4.483327, 43.626076 ] ] ], [ [ [ 4.464388, 43.603152 ], [ 4.463233, 43.60182 ], [ 4.461226, 43.598144 ], [ 4.45916, 43.597238 ], [ 4.457553, 43.597603 ], [ 4.449859, 43.601288 ], [ 4.453001, 43.601397 ], [ 4.456134, 43.601506 ], [ 4.456859, 43.601527 ], [ 4.457878, 43.603217 ], [ 4.457944, 43.604566 ], [ 4.456751, 43.605126 ], [ 4.456027, 43.605104 ], [ 4.451634, 43.606345 ], [ 4.448035, 43.606442 ], [ 4.443469, 43.604665 ], [ 4.439279, 43.612046 ], [ 4.43824, 43.612554 ], [ 4.436437, 43.613774 ], [ 4.435444, 43.614628 ], [ 4.434706, 43.615351 ], [ 4.433948, 43.615855 ], [ 4.431318, 43.618061 ], [ 4.430304, 43.61906 ], [ 4.430865, 43.627994 ], [ 4.437091, 43.62911 ], [ 4.43786, 43.628942 ], [ 4.438191, 43.628944 ], [ 4.438701, 43.629278 ], [ 4.43913, 43.629535 ], [ 4.444555, 43.630898 ], [ 4.445975, 43.634207 ], [ 4.448951, 43.636965 ], [ 4.456381, 43.63927 ], [ 4.4587, 43.640519 ], [ 4.465169, 43.636384 ], [ 4.463974, 43.632988 ], [ 4.460775, 43.629842 ], [ 4.459493, 43.629069 ], [ 4.459306, 43.627896 ], [ 4.458439, 43.625626 ], [ 4.45825, 43.624454 ], [ 4.457962, 43.622585 ], [ 4.45731, 43.619776 ], [ 4.457519, 43.618513 ], [ 4.457623, 43.617752 ], [ 4.457758, 43.61737 ], [ 4.458443, 43.616359 ], [ 4.466112, 43.614032 ], [ 4.467046, 43.613832 ], [ 4.467047, 43.613832 ], [ 4.467384, 43.613759 ], [ 4.468816815656632, 43.613147920231441 ], [ 4.462425, 43.61407 ], [ 4.463868, 43.605956 ], [ 4.464388, 43.603152 ] ] ], [ [ [ 4.422309, 43.598314 ], [ 4.423424, 43.600619 ], [ 4.421785, 43.597228 ], [ 4.42133994423878, 43.596308037176499 ], [ 4.422309, 43.598314 ] ] ], [ [ [ 4.413655, 43.600152 ], [ 4.415014, 43.604399 ], [ 4.410017, 43.610928 ], [ 4.415948, 43.609394 ], [ 4.418299, 43.60381 ], [ 4.417653, 43.600269 ], [ 4.417954, 43.597575 ], [ 4.421194832653113, 43.596008080910984 ], [ 4.420145, 43.593838 ], [ 4.416904, 43.595405 ], [ 4.413655, 43.600152 ] ] ], [ [ [ 4.406733, 43.610559 ], [ 4.400561760383026, 43.604328767651765 ], [ 4.400705, 43.604977 ], [ 4.406733, 43.610559 ] ] ], [ [ [ 4.393888, 43.595924 ], [ 4.389529, 43.594994 ], [ 4.386127, 43.596172 ], [ 4.379483, 43.598517 ], [ 4.37191, 43.600294 ], [ 4.368333, 43.60116 ], [ 4.364798, 43.601843 ], [ 4.359724, 43.602849 ], [ 4.355402, 43.603041 ], [ 4.352416, 43.602844 ], [ 4.352179, 43.606436 ], [ 4.355165, 43.606633 ], [ 4.357516, 43.607003 ], [ 4.358671, 43.606956 ], [ 4.361391, 43.606688 ], [ 4.364349, 43.606714 ], [ 4.367087, 43.606725 ], [ 4.365382, 43.606718 ], [ 4.365279, 43.604788 ], [ 4.365286, 43.604467 ], [ 4.365397, 43.603118 ], [ 4.367102, 43.603125 ], [ 4.369231, 43.603012 ], [ 4.369889, 43.60302 ], [ 4.370937, 43.603095 ], [ 4.372817, 43.603349 ], [ 4.379383, 43.599795 ], [ 4.386178, 43.597611 ], [ 4.394177, 43.59726 ], [ 4.399745, 43.601384 ], [ 4.400313, 43.603203 ], [ 4.400337147199836, 43.603312278399251 ], [ 4.400027, 43.601905 ], [ 4.399622, 43.600834 ], [ 4.393888, 43.595924 ] ] ], [ [ [ 4.39759, 43.628638 ], [ 4.394317, 43.630138 ], [ 4.391928, 43.631555 ], [ 4.390316, 43.635261 ], [ 4.387868, 43.640247 ], [ 4.387358, 43.641299 ], [ 4.38728, 43.642113 ], [ 4.387443, 43.64329 ], [ 4.387537, 43.642833 ], [ 4.389746, 43.64198 ], [ 4.393827, 43.634848 ], [ 4.393892, 43.63219 ], [ 4.394684, 43.630938 ], [ 4.397957, 43.629438 ], [ 4.406112, 43.627251 ], [ 4.402255, 43.621036 ], [ 4.401839, 43.61746 ], [ 4.395914, 43.612963 ], [ 4.395353, 43.612864 ], [ 4.394731, 43.612702 ], [ 4.393514, 43.612331 ], [ 4.392245, 43.611925 ], [ 4.397288, 43.61799 ], [ 4.397704, 43.621566 ], [ 4.39759, 43.628638 ] ] ], [ [ [ 4.377776, 43.648586 ], [ 4.379896, 43.650818 ], [ 4.386125, 43.650973 ], [ 4.387446, 43.644038 ], [ 4.379331, 43.647256 ], [ 4.376927, 43.648998 ], [ 4.377776, 43.648586 ] ] ], [ [ [ 4.360267, 43.646622 ], [ 4.358019, 43.646233 ], [ 4.35783999560381, 43.646202025396235 ], [ 4.357226, 43.649749 ], [ 4.356729, 43.655061 ], [ 4.359883113052927, 43.658199144987911 ], [ 4.362349520523704, 43.658763463758682 ], [ 4.361902, 43.650558 ], [ 4.362515, 43.647011 ], [ 4.360267, 43.646622 ] ] ], [ [ [ 4.355445, 43.645788 ], [ 4.357693136793734, 43.646176613207764 ], [ 4.355534, 43.645803 ], [ 4.353049, 43.645373 ], [ 4.355445, 43.645788 ] ] ], [ [ [ 4.326954, 43.64083 ], [ 4.325185, 43.640514 ], [ 4.323195, 43.640164 ], [ 4.318735383314817, 43.643356332226695 ], [ 4.319953, 43.643354 ], [ 4.324309670634534, 43.643888750415393 ], [ 4.324777680369788, 43.64381164415245 ], [ 4.328842188136599, 43.641143502293737 ], [ 4.327829, 43.640969 ], [ 4.327176, 43.640863 ], [ 4.326954, 43.64083 ] ] ], [ [ [ 4.300947281157191, 43.633140542266226 ], [ 4.300982, 43.633134 ], [ 4.301625663170344, 43.632597076563833 ], [ 4.300947281157191, 43.633140542266226 ] ] ], [ [ [ 4.307721, 43.642564 ], [ 4.308827, 43.642756 ], [ 4.305413258515241, 43.637589652434912 ], [ 4.30559, 43.642178 ], [ 4.305593532412912, 43.642182588368648 ], [ 4.307721, 43.642564 ] ] ], [ [ [ 4.333322, 43.685075 ], [ 4.336919, 43.684924 ], [ 4.343161, 43.68875 ], [ 4.343447, 43.697062 ], [ 4.34302, 43.698494 ], [ 4.342958, 43.69914 ], [ 4.342959, 43.700456 ], [ 4.343037, 43.701226 ], [ 4.343368, 43.702962 ], [ 4.349742, 43.709182 ], [ 4.344538, 43.714403 ], [ 4.34446, 43.714434 ], [ 4.343389609192327, 43.715434378731928 ], [ 4.343873, 43.717499 ], [ 4.346131141428694, 43.719609164135498 ], [ 4.346158, 43.719512 ], [ 4.346611, 43.718774 ], [ 4.346683, 43.718716 ], [ 4.347395, 43.7182 ], [ 4.347756, 43.717976 ], [ 4.348347, 43.717751 ], [ 4.351919, 43.709983 ], [ 4.353984, 43.707034 ], [ 4.355386, 43.707374 ], [ 4.355822, 43.70745 ], [ 4.363793, 43.705298 ], [ 4.36553, 43.702269 ], [ 4.370167, 43.695068 ], [ 4.365857, 43.691035 ], [ 4.36373, 43.6904 ], [ 4.361603, 43.689764 ], [ 4.354179, 43.687815 ], [ 4.352434, 43.689229 ], [ 4.350953, 43.69102 ], [ 4.350325, 43.691926 ], [ 4.347947, 43.695506 ], [ 4.34716, 43.695477 ], [ 4.346443, 43.695451 ], [ 4.344471, 43.694571 ], [ 4.344006, 43.690045 ], [ 4.340632, 43.682569 ], [ 4.338012, 43.68238 ], [ 4.337770165604787, 43.682419057324879 ], [ 4.337648, 43.68244 ], [ 4.337619787537665, 43.682443344048124 ], [ 4.33756, 43.682453 ], [ 4.337537193049446, 43.682453134045886 ], [ 4.337049, 43.682511 ], [ 4.334755, 43.682791 ], [ 4.333453, 43.683321 ], [ 4.332871, 43.683524 ], [ 4.332150193208022, 43.683909224566513 ], [ 4.333322, 43.685075 ] ] ], [ [ [ 4.432444, 43.734358 ], [ 4.432815, 43.73448 ], [ 4.433256, 43.734656 ], [ 4.435773, 43.735925 ], [ 4.437245305681358, 43.736015551830057 ], [ 4.434322, 43.731551 ], [ 4.440656, 43.726231 ], [ 4.439642, 43.725891 ], [ 4.438619, 43.72491 ], [ 4.437483, 43.723732 ], [ 4.43741, 43.723672 ], [ 4.436961, 43.723331 ], [ 4.434450865442523, 43.722793661350778 ], [ 4.434785, 43.72402 ], [ 4.433445, 43.725455 ], [ 4.432444, 43.734358 ] ] ], [ [ [ 4.448451, 43.72954 ], [ 4.45465, 43.732623 ], [ 4.454712360487844, 43.732700071167024 ], [ 4.45393, 43.731105 ], [ 4.446384, 43.728126 ], [ 4.445934, 43.727852 ], [ 4.446477, 43.728274 ], [ 4.447417, 43.729147 ], [ 4.448451, 43.72954 ] ] ], [ [ [ 4.461943472604073, 43.734998269405544 ], [ 4.462722516742388, 43.734506030040279 ], [ 4.462767043413547, 43.73434846574844 ], [ 4.458362, 43.732171 ], [ 4.454988407916778, 43.732966258864337 ], [ 4.457532, 43.73478 ], [ 4.461767642119424, 43.735109055680034 ], [ 4.461943472604073, 43.734998269405544 ] ] ], [ [ [ 4.491246652495297, 43.727267317450476 ], [ 4.491416340180499, 43.728405079483629 ], [ 4.492915700658902, 43.728334372036649 ], [ 4.492729, 43.728283 ], [ 4.491246652495297, 43.727267317450476 ] ] ], [ [ [ 4.495300201096623, 43.721707441214264 ], [ 4.497514722839248, 43.720932293547897 ], [ 4.497244, 43.720721 ], [ 4.495300201096623, 43.721707441214264 ] ] ], [ [ [ 4.503567151842741, 43.717549988891356 ], [ 4.503721435706754, 43.717656244422663 ], [ 4.503924, 43.716877 ], [ 4.503567151842741, 43.717549988891356 ] ] ], [ [ [ 4.519736, 43.652123 ], [ 4.523232, 43.652415 ], [ 4.523600263199186, 43.652491593478253 ], [ 4.522696, 43.652181 ], [ 4.517944, 43.651559 ], [ 4.519736, 43.652123 ] ] ], [ [ [ 4.379675803201134, 43.746471232904732 ], [ 4.3806, 43.745279 ], [ 4.379998721502328, 43.742259777956207 ], [ 4.37525, 43.738619 ], [ 4.37332, 43.735581 ], [ 4.366962596352063, 43.735916936759764 ], [ 4.36827425498917, 43.73849975151073 ], [ 4.369397, 43.738357 ], [ 4.371308, 43.741408 ], [ 4.375804, 43.744952 ], [ 4.377656, 43.745452 ], [ 4.379675803201134, 43.746471232904732 ] ] ], [ [ [ 4.537299, 43.657023 ], [ 4.537672347895433, 43.656925841953004 ], [ 4.537272, 43.656803 ], [ 4.535032, 43.65609 ], [ 4.533119, 43.655451 ], [ 4.531205, 43.654813 ], [ 4.530850137424748, 43.654735359539515 ], [ 4.534353, 43.656174 ], [ 4.534353008807043, 43.656174075847929 ], [ 4.536781977169841, 43.656874013414871 ], [ 4.536782, 43.656874 ], [ 4.537299, 43.657023 ] ] ], [ [ [ 4.493781392519732, 43.731959887902072 ], [ 4.493204, 43.73202 ], [ 4.492235, 43.732086 ], [ 4.491611124233463, 43.732114374960084 ], [ 4.491618, 43.732267 ], [ 4.497732, 43.737938 ], [ 4.498353244966715, 43.738066576606535 ], [ 4.498571497600186, 43.737599226352707 ], [ 4.493577, 43.732155 ], [ 4.493781392519732, 43.731959887902072 ] ] ] ] } },
{ "type": "Feature", "properties": { "codgeo": "30258", "value": 960, "isochrone_group": 16.0, "nb_agences": 1 }, "geometry": { "type": "MultiPolygon", "coordinates": [ [ [ [ 4.485907594410526, 43.64453682281939 ], [ 4.486457057131918, 43.642259710357315 ], [ 4.485736, 43.644283 ], [ 4.485907594410526, 43.64453682281939 ] ] ], [ [ [ 4.488266571268403, 43.637182205332302 ], [ 4.490086, 43.635748 ], [ 4.488334, 43.636993 ], [ 4.488266571268403, 43.637182205332302 ] ] ], [ [ [ 4.487486, 43.627202 ], [ 4.489099, 43.620521 ], [ 4.490503, 43.617206 ], [ 4.490188, 43.617073 ], [ 4.489512, 43.616755 ], [ 4.487103, 43.615544 ], [ 4.488173, 43.606947 ], [ 4.488948, 43.606337 ], [ 4.489465, 43.605973 ], [ 4.489957, 43.605515 ], [ 4.490279, 43.605089 ], [ 4.49088, 43.601767 ], [ 4.490802, 43.600753 ], [ 4.488891, 43.600178 ], [ 4.488658, 43.600145 ], [ 4.488466, 43.600215 ], [ 4.487212, 43.60103 ], [ 4.482755, 43.603075 ], [ 4.475155, 43.59926 ], [ 4.474548, 43.597924 ], [ 4.473035, 43.59599 ], [ 4.471963, 43.594336 ], [ 4.471281, 43.59333 ], [ 4.470971, 43.592946 ], [ 4.468171, 43.595209 ], [ 4.462101, 43.595059 ], [ 4.459496, 43.593801 ], [ 4.45731, 43.592118 ], [ 4.455124, 43.590435 ], [ 4.452928, 43.593287 ], [ 4.449859, 43.601288 ], [ 4.457553, 43.597603 ], [ 4.45916, 43.597238 ], [ 4.461226, 43.598144 ], [ 4.463233, 43.60182 ], [ 4.464388, 43.603152 ], [ 4.463868, 43.605956 ], [ 4.462425, 43.61407 ], [ 4.470473, 43.612909 ], [ 4.471431, 43.612033 ], [ 4.473798, 43.605223 ], [ 4.473485, 43.604231 ], [ 4.476917, 43.603146 ], [ 4.480699, 43.604451 ], [ 4.481284, 43.604779 ], [ 4.481929, 43.607834 ], [ 4.482131, 43.612898 ], [ 4.480686, 43.615497 ], [ 4.481595, 43.624159 ], [ 4.482113, 43.624584 ], [ 4.482768, 43.625282 ], [ 4.483076, 43.625691 ], [ 4.483327, 43.626076 ], [ 4.48723, 43.63091 ], [ 4.488174, 43.632555 ], [ 4.490086, 43.635748 ], [ 4.491069, 43.633871 ], [ 4.490013, 43.630429 ], [ 4.487486, 43.627202 ] ] ], [ [ [ 4.415234, 43.59095 ], [ 4.414595, 43.594493 ], [ 4.413198, 43.599349 ], [ 4.411614, 43.601347 ], [ 4.412244, 43.604891 ], [ 4.406733, 43.610559 ], [ 4.410017, 43.610928 ], [ 4.415014, 43.604399 ], [ 4.413655, 43.600152 ], [ 4.416904, 43.595405 ], [ 4.42000023335069, 43.593907993625251 ], [ 4.418875, 43.59186 ], [ 4.41796, 43.591442 ], [ 4.415234, 43.59095 ] ] ], [ [ [ 4.398601, 43.596321 ], [ 4.392653, 43.590221 ], [ 4.389135, 43.590983 ], [ 4.384969, 43.592887 ], [ 4.378866, 43.595892 ], [ 4.372934, 43.599021 ], [ 4.367958, 43.599285 ], [ 4.360371, 43.600212 ], [ 4.352366, 43.602841 ], [ 4.349159, 43.602637 ], [ 4.348693, 43.602662 ], [ 4.343214, 43.602953 ], [ 4.342902, 43.602969 ], [ 4.341008, 43.603143 ], [ 4.341338, 43.606728 ], [ 4.343905, 43.606582 ], [ 4.344852, 43.606559 ], [ 4.347637, 43.6064 ], [ 4.348294, 43.606352 ], [ 4.352129, 43.606433 ], [ 4.358033, 43.609171 ], [ 4.358111, 43.609172 ], [ 4.364349, 43.606714 ], [ 4.361391, 43.606688 ], [ 4.358671, 43.606956 ], [ 4.357516, 43.607003 ], [ 4.355165, 43.606633 ], [ 4.352179, 43.606436 ], [ 4.352416, 43.602844 ], [ 4.355402, 43.603041 ], [ 4.359724, 43.602849 ], [ 4.364798, 43.601843 ], [ 4.368333, 43.60116 ], [ 4.37191, 43.600294 ], [ 4.379483, 43.598517 ], [ 4.386127, 43.596172 ], [ 4.389529, 43.594994 ], [ 4.393888, 43.595924 ], [ 4.399622, 43.600834 ], [ 4.400027, 43.601905 ], [ 4.400561, 43.604328 ], [ 4.400739873497945, 43.604508583403387 ], [ 4.400606, 43.603666 ], [ 4.40108, 43.600097 ], [ 4.398601, 43.596321 ] ] ], [ [ [ 4.392852, 43.627049 ], [ 4.387846, 43.629924 ], [ 4.386504, 43.633265 ], [ 4.387349, 43.636918 ], [ 4.387493672900333, 43.641019141389897 ], [ 4.387868, 43.640247 ], [ 4.390316, 43.635261 ], [ 4.391928, 43.631555 ], [ 4.394317, 43.630138 ], [ 4.39759, 43.628638 ], [ 4.397592679790926, 43.628471758934808 ], [ 4.397455, 43.628344 ], [ 4.396102, 43.625502 ], [ 4.392852, 43.627049 ] ] ], [ [ [ 4.360496, 43.646661 ], [ 4.358019, 43.646233 ], [ 4.360267, 43.646622 ], [ 4.362515, 43.647011 ], [ 4.361902, 43.650558 ], [ 4.362354669696077, 43.65885787584719 ], [ 4.362385997016955, 43.65885898805977 ], [ 4.362359, 43.650637 ], [ 4.362972, 43.64709 ], [ 4.360496, 43.646661 ] ] ], [ [ [ 4.318334, 43.63931 ], [ 4.310433, 43.643005 ], [ 4.313688, 43.643366 ], [ 4.314017, 43.643423 ], [ 4.314577, 43.643581 ], [ 4.318388, 43.643605 ], [ 4.32319492265779, 43.640164055363968 ], [ 4.322535, 43.640048 ], [ 4.320435, 43.639679 ], [ 4.318334, 43.63931 ] ] ], [ [ [ 4.310785, 43.629645 ], [ 4.312183132389148, 43.62847772634089 ], [ 4.311641, 43.62893 ], [ 4.309276, 43.630904 ], [ 4.310785, 43.629645 ] ] ], [ [ [ 4.309987, 43.625622 ], [ 4.308478, 43.62688 ], [ 4.306969, 43.628139 ], [ 4.309335, 43.626166 ], [ 4.309987034111815, 43.625622040886853 ], [ 4.309987, 43.625622 ] ] ], [ [ [ 4.306943036689157, 43.639904814780756 ], [ 4.305284, 43.634234 ], [ 4.305413258515241, 43.637589652434912 ], [ 4.306943036689157, 43.639904814780756 ] ] ], [ [ [ 4.331599, 43.687676 ], [ 4.334476, 43.68984 ], [ 4.33523, 43.688838 ], [ 4.33624, 43.687231 ], [ 4.336669, 43.686448 ], [ 4.338566858668777, 43.685934046021593 ], [ 4.338027467451433, 43.685603429104326 ], [ 4.33441783491843, 43.685028997477701 ], [ 4.333322, 43.685075 ], [ 4.333058283015218, 43.684812640382056 ], [ 4.331056, 43.684494 ], [ 4.330068, 43.685094 ], [ 4.329673, 43.685307 ], [ 4.329117, 43.685475 ], [ 4.328396288519783, 43.686187818262667 ], [ 4.331599, 43.687676 ] ] ], [ [ [ 4.342959, 43.700456 ], [ 4.342958, 43.69914 ], [ 4.34190513194682, 43.701069321715373 ], [ 4.342960737117529, 43.7004731484679 ], [ 4.342959, 43.700456 ] ] ], [ [ [ 4.346483102087715, 43.712451543812442 ], [ 4.349742, 43.709182 ], [ 4.346973215776998, 43.70648011141089 ], [ 4.347051, 43.710917 ], [ 4.34641645747617, 43.712131120050998 ], [ 4.346483102087715, 43.712451543812442 ] ] ], [ [ [ 4.511069, 43.64555 ], [ 4.513094517350913, 43.650014324097235 ], [ 4.513094520220505, 43.650014325015633 ], [ 4.511069152612842, 43.645547184293058 ], [ 4.511069, 43.64555 ] ] ], [ [ [ 4.510012, 43.638692 ], [ 4.508604, 43.637985 ], [ 4.506964, 43.641189 ], [ 4.501198, 43.647357 ], [ 4.507537, 43.641292 ], [ 4.507774, 43.640946 ], [ 4.511154162475894, 43.641191675969438 ], [ 4.511191, 43.6407 ], [ 4.510828, 43.639301 ], [ 4.510012, 43.638692 ] ] ], [ [ [ 4.370645, 43.743576 ], [ 4.370199522829553, 43.743590971648693 ], [ 4.371130103093273, 43.743669667105017 ], [ 4.370645, 43.743576 ] ] ], [ [ [ 4.372598138116638, 43.742424959405106 ], [ 4.372545, 43.742694 ], [ 4.372346464637389, 43.743772529942831 ], [ 4.372624, 43.743796 ], [ 4.374253161526643, 43.744330448879126 ], [ 4.374253, 43.744325 ], [ 4.374298632540342, 43.74376538472486 ], [ 4.372598138116638, 43.742424959405106 ] ] ], [ [ [ 4.454845, 43.732864 ], [ 4.45465, 43.732623 ], [ 4.448451, 43.72954 ], [ 4.447417, 43.729147 ], [ 4.446477, 43.728274 ], [ 4.445934, 43.727852 ], [ 4.442822, 43.726509 ], [ 4.441994, 43.726435 ], [ 4.440656, 43.726231 ], [ 4.434322, 43.731551 ], [ 4.437245305681358, 43.736015551830057 ], [ 4.440163, 43.736195 ], [ 4.443419, 43.735226 ], [ 4.446771, 43.736538 ], [ 4.449859662435455, 43.737289509427697 ], [ 4.452787, 43.73492 ], [ 4.455598, 43.737169 ], [ 4.456954, 43.735473 ], [ 4.461305870067851, 43.735400700561179 ], [ 4.461636, 43.735192 ], [ 4.461767642119428, 43.735109055680034 ], [ 4.457532, 43.73478 ], [ 4.454845, 43.732864 ] ] ], [ [ [ 4.531205, 43.654813 ], [ 4.533119, 43.655451 ], [ 4.535032, 43.65609 ], [ 4.537272, 43.656803 ], [ 4.537689853061446, 43.656931213203357 ], [ 4.53863451649586, 43.656709371188818 ], [ 4.536848, 43.656066 ], [ 4.531205, 43.654813 ] ] ], [ [ [ 4.493781392519732, 43.731959887902072 ], [ 4.493577, 43.732155 ], [ 4.498571497600186, 43.737599226352707 ], [ 4.499532618452082, 43.73554115233572 ], [ 4.497329, 43.731438 ], [ 4.497867657707886, 43.731052962481321 ], [ 4.496942, 43.731356 ], [ 4.496049, 43.731585 ], [ 4.495117, 43.731777 ], [ 4.495116495853924, 43.731774540631804 ], [ 4.495006, 43.731797 ], [ 4.494299, 43.731906 ], [ 4.493781392519732, 43.731959887902072 ] ] ] ] } },
{ "type": "Feature", "properties": { "codgeo": "30258", "value": 1020, "isochrone_group": 17.0, "nb_agences": 1 }, "geometry": { "type": "MultiPolygon", "coordinates": [ [ [ [ 4.352366277071948, 43.602840783592335 ], [ 4.352366594933848, 43.602840804611972 ], [ 4.360371, 43.600212 ], [ 4.367958, 43.599285 ], [ 4.372934, 43.599021 ], [ 4.378866, 43.595892 ], [ 4.384969, 43.592887 ], [ 4.389135, 43.590983 ], [ 4.392653, 43.590221 ], [ 4.398601, 43.596321 ], [ 4.398681512025596, 43.596443635501686 ], [ 4.398474, 43.595762 ], [ 4.392526, 43.589634 ], [ 4.392307, 43.588887 ], [ 4.39208, 43.587839 ], [ 4.386839, 43.587422 ], [ 4.383438, 43.588601 ], [ 4.378088, 43.592781 ], [ 4.376522, 43.594158 ], [ 4.372379, 43.596742 ], [ 4.367588, 43.597575 ], [ 4.36105, 43.598303 ], [ 4.357422, 43.598892 ], [ 4.352366277071948, 43.602840783592335 ] ] ], [ [ [ 4.341079, 43.606752 ], [ 4.339435709743633, 43.607547299793431 ], [ 4.343849212359244, 43.60659404929531 ], [ 4.341079, 43.606752 ] ] ], [ [ [ 4.3117, 43.624193 ], [ 4.314065, 43.622219 ], [ 4.315016590864611, 43.621424999998624 ], [ 4.314061, 43.622222 ], [ 4.3117, 43.624193 ] ] ], [ [ [ 4.314006, 43.626957 ], [ 4.316368, 43.624986 ], [ 4.318114310535652, 43.623528892098598 ], [ 4.316371, 43.624983 ], [ 4.314006, 43.626957 ] ] ], [ [ [ 4.397455, 43.628344 ], [ 4.396559, 43.626461 ], [ 4.395663, 43.624578 ], [ 4.392412, 43.626125 ], [ 4.387129, 43.629636 ], [ 4.385787, 43.632977 ], [ 4.385604, 43.638994 ], [ 4.384179, 43.644796 ], [ 4.377886, 43.650929 ], [ 4.385026, 43.646624 ], [ 4.387651, 43.645479 ], [ 4.387349, 43.636918 ], [ 4.386504, 43.633265 ], [ 4.387846, 43.629924 ], [ 4.392852, 43.627049 ], [ 4.396102, 43.625502 ], [ 4.397455, 43.628344 ] ] ], [ [ [ 4.372889186834122, 43.662124875308464 ], [ 4.377742, 43.660055 ], [ 4.377938, 43.654853 ], [ 4.376744, 43.652558 ], [ 4.377886, 43.650929 ], [ 4.37107, 43.648529 ], [ 4.36797, 43.647984 ], [ 4.364869, 43.647439 ], [ 4.363009, 43.647096 ], [ 4.362004827743216, 43.646922424516092 ], [ 4.362972, 43.64709 ], [ 4.362359, 43.650637 ], [ 4.362385997016955, 43.65885898805977 ], [ 4.362837, 43.658875 ], [ 4.363374, 43.659093 ], [ 4.36532, 43.659747 ], [ 4.366436, 43.660215 ], [ 4.368753, 43.661002 ], [ 4.370981, 43.661735 ], [ 4.371595, 43.661903 ], [ 4.372889186834122, 43.662124875308464 ] ] ], [ [ [ 4.371075, 43.748437 ], [ 4.371039981462005, 43.748580443024004 ], [ 4.374495986583684, 43.746946240360927 ], [ 4.37444227215836, 43.746900447847246 ], [ 4.371075, 43.748437 ] ] ], [ [ [ 4.411936, 43.594023 ], [ 4.408661, 43.60108 ], [ 4.400939539916106, 43.601154599239273 ], [ 4.400606, 43.603666 ], [ 4.401096, 43.60675 ], [ 4.406733, 43.610559 ], [ 4.412244, 43.604891 ], [ 4.411614, 43.601347 ], [ 4.413198, 43.599349 ], [ 4.414595, 43.594493 ], [ 4.415233948299446, 43.590950286658945 ], [ 4.414872, 43.590885 ], [ 4.41256, 43.590478 ], [ 4.411936, 43.594023 ] ] ], [ [ [ 4.473643, 43.590952 ], [ 4.465543, 43.588644 ], [ 4.464473, 43.587961 ], [ 4.462933, 43.586952 ], [ 4.460921, 43.589938 ], [ 4.453409, 43.588289 ], [ 4.451465, 43.588061 ], [ 4.449834, 43.587868 ], [ 4.44905, 43.587806 ], [ 4.448014, 43.587758 ], [ 4.446242, 43.587753 ], [ 4.44385, 43.587727 ], [ 4.443811, 43.591326 ], [ 4.446203, 43.591352 ], [ 4.448003, 43.591358 ], [ 4.451638, 43.593923 ], [ 4.446728, 43.601178 ], [ 4.449859, 43.601288 ], [ 4.452928, 43.593287 ], [ 4.455124, 43.590435 ], [ 4.45731, 43.592118 ], [ 4.459496, 43.593801 ], [ 4.462101, 43.595059 ], [ 4.468171, 43.595209 ], [ 4.470971, 43.592946 ], [ 4.471281, 43.59333 ], [ 4.471963, 43.594336 ], [ 4.473035, 43.59599 ], [ 4.474548, 43.597924 ], [ 4.475155, 43.59926 ], [ 4.482755, 43.603075 ], [ 4.487212, 43.60103 ], [ 4.488466, 43.600215 ], [ 4.488658, 43.600145 ], [ 4.488891, 43.600178 ], [ 4.490802, 43.600753 ], [ 4.49088, 43.601767 ], [ 4.490279, 43.605089 ], [ 4.489957, 43.605515 ], [ 4.489465, 43.605973 ], [ 4.488948, 43.606337 ], [ 4.488173, 43.606947 ], [ 4.487103, 43.615544 ], [ 4.489512, 43.616755 ], [ 4.490188, 43.617073 ], [ 4.489749, 43.608155 ], [ 4.491788, 43.607208 ], [ 4.493156, 43.606811 ], [ 4.494205, 43.606694 ], [ 4.494348, 43.606632 ], [ 4.495046, 43.60472 ], [ 4.49499, 43.604103 ], [ 4.494931, 43.604017 ], [ 4.493513, 43.601748 ], [ 4.494113, 43.593677 ], [ 4.492358, 43.59209 ], [ 4.491281, 43.591455 ], [ 4.49009, 43.592686 ], [ 4.489961, 43.592872 ], [ 4.48952, 43.594001 ], [ 4.488733, 43.595864 ], [ 4.486891, 43.599323 ], [ 4.484007, 43.601109 ], [ 4.477983, 43.597668 ], [ 4.476373, 43.593944 ], [ 4.475435, 43.590468 ], [ 4.473643, 43.590952 ] ] ], [ [ [ 4.499811955518649, 43.618149353906063 ], [ 4.498772, 43.61781 ], [ 4.497227, 43.617858 ], [ 4.495289086102001, 43.618312633804621 ], [ 4.496245, 43.618503 ], [ 4.499811955518649, 43.618149353906063 ] ] ], [ [ [ 4.487486, 43.627202 ], [ 4.489122161812303, 43.629291392231217 ], [ 4.489055, 43.62801 ], [ 4.496957, 43.624206 ], [ 4.49968012906076, 43.623631339989842 ], [ 4.496161, 43.622227 ], [ 4.495727, 43.622181 ], [ 4.493597, 43.621645 ], [ 4.492024, 43.621299 ], [ 4.492799, 43.617783 ], [ 4.494372, 43.61813 ], [ 4.495029605238059, 43.618260959291945 ], [ 4.491264, 43.617445 ], [ 4.490726, 43.617283 ], [ 4.490188, 43.617073 ], [ 4.490503, 43.617206 ], [ 4.489099, 43.620521 ], [ 4.487486, 43.627202 ] ] ], [ [ [ 4.498976795788636, 43.730611039717317 ], [ 4.498678, 43.730746 ], [ 4.498005, 43.731008 ], [ 4.497867657707886, 43.731052962481321 ], [ 4.497329, 43.731438 ], [ 4.499532618452082, 43.73554115233572 ], [ 4.500901, 43.732611 ], [ 4.498976795788636, 43.730611039717317 ] ] ], [ [ [ 4.452787015458825, 43.734920012368164 ], [ 4.452787, 43.73492 ], [ 4.450392132196551, 43.736858506138525 ], [ 4.450919140193287, 43.737149617665231 ], [ 4.451514, 43.736514 ], [ 4.452759, 43.734955 ], [ 4.452787015458825, 43.734920012368164 ] ] ] ] } },
{ "type": "Feature", "properties": { "codgeo": "30258", "value": 1080, "isochrone_group": 18.0, "nb_agences": 1 }, "geometry": { "type": "MultiPolygon", "coordinates": [ [ [ [ 4.493705, 43.58695 ], [ 4.492234, 43.588363 ], [ 4.487532, 43.590945 ], [ 4.478567, 43.591147 ], [ 4.478466, 43.590939 ], [ 4.476913, 43.588173 ], [ 4.471243, 43.587357 ], [ 4.468114, 43.585578 ], [ 4.462901, 43.584362 ], [ 4.455443, 43.582189 ], [ 4.453767, 43.581578 ], [ 4.453302, 43.581406 ], [ 4.45308, 43.581328 ], [ 4.450285, 43.585169 ], [ 4.444334, 43.587527 ], [ 4.442633, 43.587713 ], [ 4.440736, 43.587664 ], [ 4.438953, 43.587662 ], [ 4.437117, 43.587638 ], [ 4.435281, 43.587613 ], [ 4.435233, 43.591213 ], [ 4.437069, 43.591238 ], [ 4.438905, 43.591262 ], [ 4.440744, 43.591288 ], [ 4.442583, 43.591313 ], [ 4.444396, 43.591333 ], [ 4.447634, 43.59321 ], [ 4.443596, 43.601067 ], [ 4.446728, 43.601178 ], [ 4.451638, 43.593923 ], [ 4.448003, 43.591358 ], [ 4.446203, 43.591352 ], [ 4.443811, 43.591326 ], [ 4.44385, 43.587727 ], [ 4.446242, 43.587753 ], [ 4.448014, 43.587758 ], [ 4.44905, 43.587806 ], [ 4.449834, 43.587868 ], [ 4.451465, 43.588061 ], [ 4.453409, 43.588289 ], [ 4.460921, 43.589938 ], [ 4.462933, 43.586952 ], [ 4.464473, 43.587961 ], [ 4.465543, 43.588644 ], [ 4.473643, 43.590952 ], [ 4.475435, 43.590468 ], [ 4.476373, 43.593944 ], [ 4.477983, 43.597668 ], [ 4.484007, 43.601109 ], [ 4.486891, 43.599323 ], [ 4.488733, 43.595864 ], [ 4.48952, 43.594001 ], [ 4.489961, 43.592872 ], [ 4.49009, 43.592686 ], [ 4.491281, 43.591455 ], [ 4.492358, 43.59209 ], [ 4.494113, 43.593677 ], [ 4.493513, 43.601748 ], [ 4.494931, 43.604017 ], [ 4.49499, 43.604103 ], [ 4.495046, 43.60472 ], [ 4.494348, 43.606632 ], [ 4.494205, 43.606694 ], [ 4.493156, 43.606811 ], [ 4.491788, 43.607208 ], [ 4.489749, 43.608155 ], [ 4.490130751488945, 43.615910033663816 ], [ 4.495077, 43.616508 ], [ 4.498257736351644, 43.616562779348271 ], [ 4.495253, 43.615603 ], [ 4.49596, 43.606699 ], [ 4.495839, 43.603505 ], [ 4.495674, 43.602894 ], [ 4.495482, 43.602246 ], [ 4.494524, 43.599634 ], [ 4.495853, 43.591482 ], [ 4.498132, 43.589049 ], [ 4.500414, 43.586613 ], [ 4.500467, 43.586556 ], [ 4.499896, 43.583771 ], [ 4.499876, 43.583762 ], [ 4.497835, 43.5841 ], [ 4.493705, 43.58695 ] ] ], [ [ [ 4.409218, 43.593343 ], [ 4.406115, 43.600725 ], [ 4.39865, 43.59578 ], [ 4.398213, 43.593795 ], [ 4.396855260854937, 43.594094274128942 ], [ 4.398474, 43.595762 ], [ 4.399099, 43.597815 ], [ 4.399504, 43.600302 ], [ 4.399863, 43.601165 ], [ 4.408661, 43.60108 ], [ 4.411936, 43.594023 ], [ 4.41256, 43.590478 ], [ 4.414872, 43.590885 ], [ 4.41796, 43.591442 ], [ 4.4125, 43.588009 ], [ 4.409802, 43.58979 ], [ 4.409616, 43.591724 ], [ 4.409218, 43.593343 ] ] ], [ [ [ 4.385355, 43.583131 ], [ 4.381952, 43.584308 ], [ 4.378442, 43.591817 ], [ 4.374971, 43.592769 ], [ 4.368436, 43.595394 ], [ 4.36304, 43.595462 ], [ 4.361071, 43.595621 ], [ 4.354014, 43.597689 ], [ 4.349159, 43.602637 ], [ 4.349225151217833, 43.602641207935278 ], [ 4.34933, 43.60264 ], [ 4.352366, 43.602841 ], [ 4.357422, 43.598892 ], [ 4.36105, 43.598303 ], [ 4.367588, 43.597575 ], [ 4.372379, 43.596742 ], [ 4.376522, 43.594158 ], [ 4.378088, 43.592781 ], [ 4.383438, 43.588601 ], [ 4.386839, 43.587422 ], [ 4.38694491039722, 43.587430426757415 ], [ 4.386733, 43.586612 ], [ 4.386621, 43.58623 ], [ 4.385983, 43.5844 ], [ 4.385355, 43.583131 ] ] ], [ [ [ 4.343104, 43.59642 ], [ 4.343104358937809, 43.596420385771388 ], [ 4.344233, 43.594179 ], [ 4.344232797574289, 43.594178898094775 ], [ 4.343104, 43.59642 ] ] ], [ [ [ 4.336593583788568, 43.596468913389415 ], [ 4.339889, 43.594802 ], [ 4.341017205689384, 43.59256010354823 ], [ 4.341017, 43.59256 ], [ 4.336593583788568, 43.596468913389415 ] ] ], [ [ [ 4.381403, 43.631216 ], [ 4.383443, 43.632035 ], [ 4.383967, 43.641009 ], [ 4.384492701827881, 43.643518738241859 ], [ 4.385604, 43.638994 ], [ 4.385787, 43.632977 ], [ 4.387128986391748, 43.629636033878661 ], [ 4.386825, 43.629514 ], [ 4.384785, 43.628695 ], [ 4.382745, 43.627875 ], [ 4.381403, 43.631216 ] ] ], [ [ [ 4.36797, 43.647984 ], [ 4.37107, 43.648529 ], [ 4.377886, 43.650929 ], [ 4.371789, 43.648655 ], [ 4.368329, 43.648047 ], [ 4.364869, 43.647439 ], [ 4.36797, 43.647984 ] ] ], [ [ [ 4.494921245529352, 43.625186006328299 ], [ 4.489055, 43.62801 ], [ 4.489396, 43.634516 ], [ 4.490086, 43.635748 ], [ 4.49118, 43.629076 ], [ 4.498429, 43.626451 ], [ 4.49843588249777, 43.62644959823254 ], [ 4.494921245529352, 43.625186006328299 ] ] ], [ [ [ 4.370277212744834, 43.75149843255317 ], [ 4.370569, 43.750519 ], [ 4.370278, 43.751495 ], [ 4.370277212744834, 43.75149843255317 ] ] ], [ [ [ 4.373539366367185, 43.761299683850197 ], [ 4.373636, 43.761427 ], [ 4.376122760508751, 43.760974638226777 ], [ 4.376298140322739, 43.758741124713325 ], [ 4.373539366367185, 43.761299683850197 ] ] ], [ [ [ 4.49019, 43.650573 ], [ 4.496586337564111, 43.650905858978 ], [ 4.496586337564113, 43.650905858978 ], [ 4.49019, 43.650573 ] ] ], [ [ [ 4.49814466845582, 43.650303772322509 ], [ 4.501198, 43.647357 ], [ 4.498144668455817, 43.650303772322509 ], [ 4.49814466845582, 43.650303772322509 ] ] ], [ [ [ 4.502608849049961, 43.646368496905581 ], [ 4.502608849049962, 43.646368496905581 ], [ 4.507408, 43.643006 ], [ 4.502608849049961, 43.646368496905581 ] ] ], [ [ [ 4.512464916471587, 43.648625674118279 ], [ 4.510846, 43.645055 ], [ 4.512464916471584, 43.648625674118279 ], [ 4.512464916471587, 43.648625674118279 ] ] ], [ [ [ 4.517476929839584, 43.65141085991818 ], [ 4.517065960171179, 43.651280513162021 ], [ 4.517476929838731, 43.651410859917902 ], [ 4.517476929839584, 43.65141085991818 ] ] ], [ [ [ 4.54302823296537, 43.656458797809869 ], [ 4.543066683690784, 43.655950171113126 ], [ 4.537659536830556, 43.656987495130387 ], [ 4.54302823296537, 43.656458797809869 ] ] ], [ [ [ 4.556962369596046, 43.716771814176369 ], [ 4.555674, 43.717193 ], [ 4.555674091965291, 43.717193435272129 ], [ 4.556961, 43.716776 ], [ 4.556962369596046, 43.716771814176369 ] ] ], [ [ [ 4.537632327469596, 43.759461281554394 ], [ 4.536612735908574, 43.764934681247446 ], [ 4.538838, 43.765862 ], [ 4.538838660034339, 43.765862077536404 ], [ 4.53837, 43.764426 ], [ 4.53874074927867, 43.757739787036151 ], [ 4.537632327469596, 43.759461281554394 ] ] ], [ [ [ 4.536568, 43.753491 ], [ 4.536537128902982, 43.754063585347055 ], [ 4.538798667776306, 43.756353358855037 ], [ 4.538721, 43.754567 ], [ 4.537355, 43.753695 ], [ 4.535219, 43.752729 ], [ 4.536568, 43.753491 ] ] ], [ [ [ 4.536916, 43.741599 ], [ 4.535926460956029, 43.741131037778381 ], [ 4.536915765799575, 43.741599495014555 ], [ 4.536916, 43.741599 ] ] ], [ [ [ 4.533497945440146, 43.739700394552024 ], [ 4.533521, 43.739993 ], [ 4.535218004911622, 43.740795819622782 ], [ 4.535277322997781, 43.738617388043366 ], [ 4.533497945440146, 43.739700394552024 ] ] ] ] } },
{ "type": "Feature", "properties": { "codgeo": "30258", "value": 1140, "isochrone_group": 19.0, "nb_agences": 1 }, "geometry": { "type": "MultiPolygon", "coordinates": [ [ [ [ 4.496123, 43.583253 ], [ 4.492438, 43.586366 ], [ 4.491093, 43.587569 ], [ 4.484385, 43.590528 ], [ 4.478269, 43.586997 ], [ 4.476972, 43.586045 ], [ 4.47551, 43.58567 ], [ 4.467315, 43.582181 ], [ 4.466765, 43.581924 ], [ 4.459056, 43.581071 ], [ 4.453767, 43.581578 ], [ 4.455443, 43.582189 ], [ 4.462901, 43.584362 ], [ 4.468114, 43.585578 ], [ 4.471243, 43.587357 ], [ 4.476913, 43.588173 ], [ 4.478466, 43.590939 ], [ 4.478567, 43.591147 ], [ 4.487532, 43.590945 ], [ 4.492234, 43.588363 ], [ 4.493705, 43.58695 ], [ 4.497835, 43.5841 ], [ 4.499876, 43.583762 ], [ 4.499896, 43.583771 ], [ 4.500467, 43.586556 ], [ 4.500414, 43.586613 ], [ 4.498132, 43.589049 ], [ 4.495853, 43.591482 ], [ 4.494524, 43.599634 ], [ 4.495482, 43.602246 ], [ 4.495674, 43.602894 ], [ 4.495839, 43.603505 ], [ 4.497481, 43.599316 ], [ 4.497375, 43.595575 ], [ 4.500879, 43.588298 ], [ 4.502563, 43.585116 ], [ 4.509317, 43.582306 ], [ 4.509367, 43.578707 ], [ 4.502224, 43.578407 ], [ 4.497233, 43.582141 ], [ 4.496425, 43.58289 ], [ 4.496123, 43.583253 ] ] ], [ [ [ 4.431814, 43.586867 ], [ 4.424519, 43.586603 ], [ 4.416462, 43.589026 ], [ 4.413818, 43.586583 ], [ 4.406775, 43.589293 ], [ 4.406191, 43.592845 ], [ 4.397884, 43.592302 ], [ 4.397323, 43.590687 ], [ 4.395549, 43.590659 ], [ 4.391982, 43.591145 ], [ 4.386767308924883, 43.586744505731254 ], [ 4.387248, 43.588601 ], [ 4.387958, 43.590652 ], [ 4.394697, 43.59457 ], [ 4.398213, 43.593795 ], [ 4.39865, 43.59578 ], [ 4.406115, 43.600725 ], [ 4.409218, 43.593343 ], [ 4.409616, 43.591724 ], [ 4.409802, 43.58979 ], [ 4.4125, 43.588009 ], [ 4.41796, 43.591442 ], [ 4.418875, 43.59186 ], [ 4.421487, 43.596614 ], [ 4.423424, 43.600619 ], [ 4.425008, 43.603096 ], [ 4.432262, 43.604606 ], [ 4.434759, 43.602239 ], [ 4.435534, 43.60153 ], [ 4.435928, 43.601222 ], [ 4.436756, 43.600898 ], [ 4.437332, 43.600846 ], [ 4.440464, 43.600956 ], [ 4.443596, 43.601067 ], [ 4.447634, 43.59321 ], [ 4.444396, 43.591333 ], [ 4.442583, 43.591313 ], [ 4.440744, 43.591288 ], [ 4.438905, 43.591262 ], [ 4.437069, 43.591238 ], [ 4.435233, 43.591213 ], [ 4.435281, 43.587613 ], [ 4.437117, 43.587638 ], [ 4.438953, 43.587662 ], [ 4.440736, 43.587664 ], [ 4.442633, 43.587713 ], [ 4.444334, 43.587527 ], [ 4.450285, 43.585169 ], [ 4.45308, 43.581328 ], [ 4.453302, 43.581406 ], [ 4.453767, 43.581578 ], [ 4.448954, 43.579158 ], [ 4.442866, 43.580669 ], [ 4.437167, 43.586394 ], [ 4.431814, 43.586867 ] ] ], [ [ [ 4.381511, 43.58302 ], [ 4.381666, 43.58423 ], [ 4.38151535401143, 43.585242123854187 ], [ 4.381952, 43.584308 ], [ 4.385353222568007, 43.583131614762713 ], [ 4.384826, 43.581616 ], [ 4.38267, 43.580315 ], [ 4.380877, 43.580717 ], [ 4.381511, 43.58302 ] ] ], [ [ [ 4.369576, 43.591633 ], [ 4.368067, 43.591763 ], [ 4.363654768082805, 43.595454252737277 ], [ 4.368436, 43.595394 ], [ 4.374971, 43.592769 ], [ 4.375469951473265, 43.59263215131012 ], [ 4.371419, 43.592335 ], [ 4.370748, 43.591904 ], [ 4.369909, 43.591634 ], [ 4.369576, 43.591633 ] ] ], [ [ [ 4.343766, 43.597817 ], [ 4.348250949412623, 43.601704654747863 ], [ 4.343894159949269, 43.597231300479692 ], [ 4.343766, 43.597817 ] ] ], [ [ [ 4.348034843537657, 43.586624921282308 ], [ 4.346525, 43.589625 ], [ 4.344815, 43.593023 ], [ 4.346425, 43.589824 ], [ 4.348035, 43.586625 ], [ 4.348034843537657, 43.586624921282308 ] ] ], [ [ [ 4.386825, 43.629514 ], [ 4.384427, 43.628551 ], [ 4.383653129022236, 43.628240032254034 ], [ 4.384785, 43.628695 ], [ 4.386825, 43.629514 ] ] ], [ [ [ 4.382744960210327, 43.627875099059104 ], [ 4.382028, 43.627587 ], [ 4.380686, 43.630928 ], [ 4.381403063586145, 43.631215841698001 ], [ 4.382744960210327, 43.627875099059104 ] ] ], [ [ [ 4.383505786318386, 43.633110275612964 ], [ 4.383443, 43.632035 ], [ 4.383085109580882, 43.631891317522921 ], [ 4.383505786318386, 43.633110275612964 ] ] ], [ [ [ 4.379896, 43.650818 ], [ 4.385556, 43.648595 ], [ 4.383967033041711, 43.641009157743497 ], [ 4.382526, 43.642714 ], [ 4.381564, 43.643887 ], [ 4.377886, 43.650929 ], [ 4.379896, 43.650818 ] ] ], [ [ [ 4.372508, 43.648782 ], [ 4.371791452239068, 43.648655914612377 ], [ 4.377886, 43.650929 ], [ 4.372508, 43.648782 ] ] ], [ [ [ 4.369773943169604, 43.648300909088761 ], [ 4.368689, 43.64811 ], [ 4.364869, 43.647439 ], [ 4.368329, 43.648047 ], [ 4.369773943169604, 43.648300909088761 ] ] ], [ [ [ 4.496223, 43.627279 ], [ 4.496168401698265, 43.62726960539964 ], [ 4.49118, 43.629076 ], [ 4.490086, 43.635748 ], [ 4.493305, 43.630238 ], [ 4.493548, 43.629997 ], [ 4.497589897845768, 43.627909875928815 ], [ 4.496223, 43.627279 ] ] ], [ [ [ 4.495889504949883, 43.607586818848986 ], [ 4.495375906802018, 43.614055104433987 ], [ 4.498116, 43.613473 ], [ 4.498239930564272, 43.613469775493421 ], [ 4.498094, 43.613369 ], [ 4.495889504949883, 43.607586818848986 ] ] ], [ [ [ 4.371665461436422, 43.753002929611306 ], [ 4.374107422351005, 43.754575278021008 ], [ 4.371858620154662, 43.752124344807505 ], [ 4.371665461436422, 43.753002929611306 ] ] ], [ [ [ 4.504190396720269, 43.645260394826103 ], [ 4.504190396720271, 43.645260394826103 ], [ 4.507408, 43.643006 ], [ 4.504190396720269, 43.645260394826103 ] ] ], [ [ [ 4.538766672113893, 43.757272286202266 ], [ 4.538742415434079, 43.757709739048124 ], [ 4.539498, 43.75917 ], [ 4.538596573017111, 43.760339908586147 ], [ 4.538580188738269, 43.760635387994746 ], [ 4.538834, 43.760514 ], [ 4.541694647954806, 43.762256453383031 ], [ 4.540483, 43.759724 ], [ 4.538766672113893, 43.757272286202266 ] ] ], [ [ [ 4.538779, 43.746464 ], [ 4.535219, 43.752729 ], [ 4.538943, 43.746542 ], [ 4.53899586161339, 43.746430304097423 ], [ 4.538779, 43.746464 ] ] ] ] } },
{ "type": "Feature", "properties": { "codgeo": "30258", "value": 1200, "isochrone_group": 20.0, "nb_agences": 1 }, "geometry": { "type": "MultiPolygon", "coordinates": [ [ [ [ 4.506262, 43.57487 ], [ 4.502677, 43.574539 ], [ 4.498289, 43.581163 ], [ 4.498248506392549, 43.581381252280146 ], [ 4.502224, 43.578407 ], [ 4.509367, 43.578707 ], [ 4.509317, 43.582306 ], [ 4.502563, 43.585116 ], [ 4.500879, 43.588298 ], [ 4.497375, 43.595575 ], [ 4.497481, 43.599316 ], [ 4.495839, 43.603505 ], [ 4.495827, 43.603588 ], [ 4.500413, 43.599165 ], [ 4.500179, 43.595573 ], [ 4.501927, 43.586789 ], [ 4.502687, 43.586296 ], [ 4.504274, 43.585395 ], [ 4.510628, 43.582324 ], [ 4.513479, 43.583044 ], [ 4.516701, 43.581439 ], [ 4.520493, 43.578571 ], [ 4.518943, 43.575322 ], [ 4.515951, 43.576749 ], [ 4.512959, 43.578176 ], [ 4.506262, 43.57487 ] ] ], [ [ [ 4.477806, 43.5858 ], [ 4.477260082347127, 43.586256452887028 ], [ 4.478269, 43.586997 ], [ 4.484385, 43.590528 ], [ 4.491093, 43.587569 ], [ 4.484716, 43.589131 ], [ 4.479717, 43.586725 ], [ 4.479021, 43.58603 ], [ 4.477806, 43.5858 ] ] ], [ [ [ 4.469057, 43.581187 ], [ 4.460767, 43.578847 ], [ 4.458972, 43.578268 ], [ 4.453359, 43.576484 ], [ 4.4505, 43.575804 ], [ 4.449448, 43.576616 ], [ 4.442192032592409, 43.578600827588232 ], [ 4.442854, 43.579149 ], [ 4.446089843634126, 43.579868864038907 ], [ 4.448954, 43.579158 ], [ 4.453767, 43.581578 ], [ 4.459056, 43.581071 ], [ 4.466765, 43.581924 ], [ 4.467315, 43.582181 ], [ 4.47551, 43.58567 ], [ 4.476058898305077, 43.585810791288935 ], [ 4.46921, 43.582895 ], [ 4.469116, 43.581666 ], [ 4.469104, 43.581235 ], [ 4.469057, 43.581187 ] ] ], [ [ [ 4.425994, 43.58616 ], [ 4.417541, 43.584217 ], [ 4.416954, 43.583999 ], [ 4.414211, 43.583102 ], [ 4.407335, 43.587239 ], [ 4.403528, 43.588847 ], [ 4.397197, 43.590128 ], [ 4.395455, 43.589967 ], [ 4.391888, 43.590453 ], [ 4.386538, 43.586551 ], [ 4.391982, 43.591145 ], [ 4.395549, 43.590659 ], [ 4.397323, 43.590687 ], [ 4.397884, 43.592302 ], [ 4.406191, 43.592845 ], [ 4.406775, 43.589293 ], [ 4.413818, 43.586583 ], [ 4.416462, 43.589026 ], [ 4.424519, 43.586603 ], [ 4.431814, 43.586867 ], [ 4.437167, 43.586394 ], [ 4.439222982705864, 43.584328637481825 ], [ 4.433177, 43.583799 ], [ 4.43308, 43.583755 ], [ 4.428608365234012, 43.581960854494817 ], [ 4.425994, 43.58616 ] ] ], [ [ [ 4.380362, 43.592991 ], [ 4.381666, 43.58423 ], [ 4.381511, 43.58302 ], [ 4.380877120317813, 43.580717437053515 ], [ 4.380291, 43.580849 ], [ 4.377913, 43.581383 ], [ 4.378702, 43.584896 ], [ 4.380362, 43.592991 ] ] ], [ [ [ 4.361476, 43.597277 ], [ 4.368067, 43.591763 ], [ 4.369576, 43.591633 ], [ 4.369909, 43.591634 ], [ 4.370748, 43.591904 ], [ 4.37078687073851, 43.591928967642772 ], [ 4.369295, 43.589894 ], [ 4.367768, 43.590017 ], [ 4.367728, 43.591126 ], [ 4.361476, 43.597277 ] ] ], [ [ [ 4.332882, 43.597987 ], [ 4.333586707587492, 43.597970644241677 ], [ 4.339889, 43.594802 ], [ 4.332882, 43.597987 ] ] ], [ [ [ 4.38025, 43.630729 ], [ 4.380692936896034, 43.630910730126942 ], [ 4.382028, 43.627587 ], [ 4.384331583884527, 43.628512658551358 ], [ 4.380168, 43.626201 ], [ 4.377997, 43.629073 ], [ 4.379881, 43.630497 ], [ 4.38025, 43.630729 ] ] ], [ [ [ 4.382954580672322, 43.631838647431202 ], [ 4.382992, 43.631854 ], [ 4.385556, 43.639051 ], [ 4.383085, 43.631891 ], [ 4.382954580672322, 43.631838647431202 ] ] ], [ [ [ 4.270339803216783, 43.624552025555964 ], [ 4.271283650596638, 43.625235722887382 ], [ 4.27034, 43.624552 ], [ 4.270339803216783, 43.624552025555964 ] ] ], [ [ [ 4.495827, 43.603588 ], [ 4.49523, 43.605857 ], [ 4.497302640556509, 43.611293339336768 ], [ 4.49813, 43.611193 ], [ 4.49857449278987, 43.611335317125565 ], [ 4.498288, 43.611174 ], [ 4.495827, 43.603588 ] ] ], [ [ [ 4.50285008520326, 43.611734581233939 ], [ 4.501520952406812, 43.612278710748264 ], [ 4.502159, 43.612483 ], [ 4.50285008520326, 43.611734581233939 ] ] ], [ [ [ 4.547871211738324, 43.776132090936308 ], [ 4.547603, 43.768482 ], [ 4.549756, 43.7676 ], [ 4.548392, 43.764269 ], [ 4.546239, 43.765151 ], [ 4.544085, 43.766033 ], [ 4.542446199210421, 43.763581051053215 ], [ 4.542326937729428, 43.763827185023409 ], [ 4.544356, 43.769812 ], [ 4.546291, 43.774496 ], [ 4.547871211738324, 43.776132090936308 ] ] ], [ [ [ 4.538468820604733, 43.747329794822392 ], [ 4.535219, 43.752729 ], [ 4.540245, 43.747158 ], [ 4.540715874176243, 43.74616304898084 ], [ 4.539128887114889, 43.746409634628684 ], [ 4.539044, 43.746589 ], [ 4.538468820604733, 43.747329794822392 ] ] ] ] } }
]
}
