{
"type": "FeatureCollection",
"name": "BPCE",
"crs": { "type": "name", "properties": { "name": "urn:ogc:def:crs:OGC:1.3:CRS84" } },
"features": [
{ "type": "Feature", "properties": { "codgeo": "46063", "value": 60, "isochrone_group": 1.0, "nb_agences": 1 }, "geometry": { "type": "Polygon", "coordinates": [ [ [ 1.349126, 44.268693 ], [ 1.350292, 44.268332 ], [ 1.354435, 44.265549 ], [ 1.354635, 44.265462 ], [ 1.354865, 44.265444 ], [ 1.355074, 44.2655 ], [ 1.35524, 44.265631 ], [ 1.355318, 44.265824 ], [ 1.35655, 44.269357 ], [ 1.356666, 44.269698 ], [ 1.35642, 44.270445 ], [ 1.356234, 44.270754 ], [ 1.354201, 44.273172 ], [ 1.353842, 44.27314 ], [ 1.349231, 44.272981 ], [ 1.349019, 44.27269 ], [ 1.349126, 44.268693 ] ] ] } },
{ "type": "Feature", "properties": { "codgeo": "46063", "value": 120, "isochrone_group": 2.0, "nb_agences": 1 }, "geometry": { "type": "Polygon", "coordinates": [ [ [ 1.340964, 44.275358 ], [ 1.341191, 44.275637 ], [ 1.344695, 44.275361 ], [ 1.349488, 44.27548 ], [ 1.352172, 44.278779 ], [ 1.3525, 44.278928 ], [ 1.357621, 44.279911 ], [ 1.358319, 44.279368 ], [ 1.358157, 44.279046 ], [ 1.356251, 44.276505 ], [ 1.358258, 44.271876 ], [ 1.358441, 44.271566 ], [ 1.360711, 44.269108 ], [ 1.362495, 44.268156 ], [ 1.362431, 44.267802 ], [ 1.361714, 44.265733 ], [ 1.358618, 44.264529 ], [ 1.353749, 44.264999 ], [ 1.349032, 44.268708 ], [ 1.348761, 44.268814 ], [ 1.346823, 44.270032 ], [ 1.345739, 44.271443 ], [ 1.340466, 44.271541 ], [ 1.340056, 44.271565 ], [ 1.339804, 44.271822 ], [ 1.340964, 44.275358 ] ], [ [ 1.350292, 44.268332 ], [ 1.354435, 44.265549 ], [ 1.354635, 44.265462 ], [ 1.354865, 44.265444 ], [ 1.355074, 44.2655 ], [ 1.35524, 44.265631 ], [ 1.355318, 44.265824 ], [ 1.35655, 44.269357 ], [ 1.356666, 44.269698 ], [ 1.35642, 44.270445 ], [ 1.356234, 44.270754 ], [ 1.354201, 44.273172 ], [ 1.353842, 44.27314 ], [ 1.349231, 44.272981 ], [ 1.349019, 44.27269 ], [ 1.349126, 44.268693 ], [ 1.350292, 44.268332 ] ] ] } },
{ "type": "Feature", "properties": { "codgeo": "46063", "value": 180, "isochrone_group": 3.0, "nb_agences": 1 }, "geometry": { "type": "Polygon", "coordinates": [ [ [ 1.338629, 44.266558 ], [ 1.337692, 44.264619 ], [ 1.337521, 44.264131 ], [ 1.337349, 44.263642 ], [ 1.33734, 44.263619 ], [ 1.337102, 44.26354 ], [ 1.337095, 44.263543 ], [ 1.333498, 44.266641 ], [ 1.333311, 44.266948 ], [ 1.334325, 44.270765 ], [ 1.332887, 44.279391 ], [ 1.332674, 44.279681 ], [ 1.332461, 44.27997 ], [ 1.332751, 44.280183 ], [ 1.334978, 44.280082 ], [ 1.335272, 44.280068 ], [ 1.335522, 44.27999 ], [ 1.340143, 44.27896 ], [ 1.34462, 44.277602 ], [ 1.348928, 44.282198 ], [ 1.349194, 44.28244 ], [ 1.35736, 44.28606 ], [ 1.357581, 44.286344 ], [ 1.364292, 44.285276 ], [ 1.365952, 44.284898 ], [ 1.366287, 44.2848 ], [ 1.366186, 44.284455 ], [ 1.363388, 44.281762 ], [ 1.361288, 44.278183 ], [ 1.362752, 44.270193 ], [ 1.364005, 44.268917 ], [ 1.369348, 44.265725 ], [ 1.371979, 44.26454 ], [ 1.372117, 44.264207 ], [ 1.371761, 44.263905 ], [ 1.371358, 44.264006 ], [ 1.36943, 44.26451 ], [ 1.362668, 44.260227 ], [ 1.36237, 44.260025 ], [ 1.358015, 44.260833 ], [ 1.357411, 44.261126 ], [ 1.356806, 44.261419 ], [ 1.356661, 44.261563 ], [ 1.356357, 44.261937 ], [ 1.353749, 44.264999 ], [ 1.358618, 44.264529 ], [ 1.361714, 44.265733 ], [ 1.362431, 44.267802 ], [ 1.362495, 44.268156 ], [ 1.360711, 44.269108 ], [ 1.358441, 44.271566 ], [ 1.358258, 44.271876 ], [ 1.356251, 44.276505 ], [ 1.358157, 44.279046 ], [ 1.358319, 44.279368 ], [ 1.357621, 44.279911 ], [ 1.3525, 44.278928 ], [ 1.352172, 44.278779 ], [ 1.349488, 44.27548 ], [ 1.344695, 44.275361 ], [ 1.341191, 44.275637 ], [ 1.340964, 44.275358 ], [ 1.339804, 44.271822 ], [ 1.340056, 44.271565 ], [ 1.340466, 44.271541 ], [ 1.345739, 44.271443 ], [ 1.346823, 44.270032 ], [ 1.338629, 44.266558 ] ] ] } },
{ "type": "Feature", "properties": { "codgeo": "46063", "value": 240, "isochrone_group": 4.0, "nb_agences": 1 }, "geometry": { "type": "Polygon", "coordinates": [ [ [ 1.343051, 44.263882 ], [ 1.342952, 44.263536 ], [ 1.339692, 44.259339 ], [ 1.339549, 44.259009 ], [ 1.334808, 44.259794 ], [ 1.326448, 44.26036 ], [ 1.326399, 44.260716 ], [ 1.330841, 44.265805 ], [ 1.329833, 44.269795 ], [ 1.330514, 44.274298 ], [ 1.327823, 44.278964 ], [ 1.325002, 44.280789 ], [ 1.324754, 44.281351 ], [ 1.325178, 44.285265 ], [ 1.325417, 44.285534 ], [ 1.333111, 44.283869 ], [ 1.34052, 44.280653 ], [ 1.347768, 44.285002 ], [ 1.348162, 44.284833 ], [ 1.348555, 44.284663 ], [ 1.348718, 44.284579 ], [ 1.357065, 44.287667 ], [ 1.357216, 44.287838 ], [ 1.360974, 44.291062 ], [ 1.361254, 44.291338 ], [ 1.36162, 44.291515 ], [ 1.361997, 44.291697 ], [ 1.362318, 44.291823 ], [ 1.36245, 44.291489 ], [ 1.366581, 44.285794 ], [ 1.370927, 44.286825 ], [ 1.373575, 44.28667 ], [ 1.376299, 44.287047 ], [ 1.377691, 44.28733 ], [ 1.378186, 44.287453 ], [ 1.378272, 44.287103 ], [ 1.376513, 44.2864 ], [ 1.372056, 44.282953 ], [ 1.371722, 44.282818 ], [ 1.364346, 44.279266 ], [ 1.363205, 44.27394 ], [ 1.363968, 44.269096 ], [ 1.370989, 44.267405 ], [ 1.371135, 44.267478 ], [ 1.371925, 44.267728 ], [ 1.372715, 44.267978 ], [ 1.377741, 44.268551 ], [ 1.380133, 44.269033 ], [ 1.380325, 44.268729 ], [ 1.380961, 44.263508 ], [ 1.380922, 44.263151 ], [ 1.37714, 44.261528 ], [ 1.376781, 44.261503 ], [ 1.371226, 44.261931 ], [ 1.366192, 44.258419 ], [ 1.359588, 44.255581 ], [ 1.354834, 44.253237 ], [ 1.354588, 44.2535 ], [ 1.353562, 44.262142 ], [ 1.353474, 44.262472 ], [ 1.35087452788085, 44.267259211382189 ], [ 1.353749, 44.264999 ], [ 1.356357, 44.261937 ], [ 1.356661, 44.261563 ], [ 1.356806, 44.261419 ], [ 1.357411, 44.261126 ], [ 1.358015, 44.260833 ], [ 1.36237, 44.260025 ], [ 1.362668, 44.260227 ], [ 1.36943, 44.26451 ], [ 1.371358, 44.264006 ], [ 1.371761, 44.263905 ], [ 1.372117, 44.264207 ], [ 1.371979, 44.26454 ], [ 1.369348, 44.265725 ], [ 1.364005, 44.268917 ], [ 1.362752, 44.270193 ], [ 1.361288, 44.278183 ], [ 1.363388, 44.281762 ], [ 1.366186, 44.284455 ], [ 1.366287, 44.2848 ], [ 1.365952, 44.284898 ], [ 1.364292, 44.285276 ], [ 1.357581, 44.286344 ], [ 1.35736, 44.28606 ], [ 1.349194, 44.28244 ], [ 1.348928, 44.282198 ], [ 1.34462, 44.277602 ], [ 1.340143, 44.27896 ], [ 1.335522, 44.27999 ], [ 1.335272, 44.280068 ], [ 1.334978, 44.280082 ], [ 1.332751, 44.280183 ], [ 1.332461, 44.27997 ], [ 1.332674, 44.279681 ], [ 1.332887, 44.279391 ], [ 1.334325, 44.270765 ], [ 1.333311, 44.266948 ], [ 1.333498, 44.266641 ], [ 1.337095, 44.263543 ], [ 1.337102, 44.26354 ], [ 1.33734, 44.263619 ], [ 1.337349, 44.263642 ], [ 1.337521, 44.264131 ], [ 1.337692, 44.264619 ], [ 1.338629, 44.266558 ], [ 1.346823, 44.270032 ], [ 1.348761, 44.268814 ], [ 1.349032, 44.268708 ], [ 1.34985316689628, 44.268062312482876 ], [ 1.343051, 44.263882 ] ] ] } },
{ "type": "Feature", "properties": { "codgeo": "46063", "value": 300, "isochrone_group": 5.0, "nb_agences": 1 }, "geometry": { "type": "Polygon", "coordinates": [ [ [ 1.362282, 44.294341 ], [ 1.365043, 44.295842 ], [ 1.365356, 44.29602 ], [ 1.369401, 44.296551 ], [ 1.369644, 44.296286 ], [ 1.37532, 44.289509 ], [ 1.37989, 44.287642 ], [ 1.384812, 44.289825 ], [ 1.387858, 44.291314 ], [ 1.388093, 44.291041 ], [ 1.387536, 44.290355 ], [ 1.386058, 44.288358 ], [ 1.385078, 44.286596 ], [ 1.384788, 44.286382 ], [ 1.377737, 44.283594 ], [ 1.375324, 44.282203 ], [ 1.374978, 44.282102 ], [ 1.372137, 44.280673 ], [ 1.371833, 44.28048 ], [ 1.366097, 44.27745 ], [ 1.371099, 44.270623 ], [ 1.3752, 44.269889 ], [ 1.379631, 44.27195 ], [ 1.386317, 44.271708 ], [ 1.389659, 44.271606 ], [ 1.389751, 44.271258 ], [ 1.388816, 44.263636 ], [ 1.388553, 44.262561 ], [ 1.387316, 44.262041 ], [ 1.38705, 44.261949 ], [ 1.378794, 44.25979 ], [ 1.378713, 44.25985 ], [ 1.377404, 44.260677 ], [ 1.377071, 44.260844 ], [ 1.368633, 44.258073 ], [ 1.363788, 44.253703 ], [ 1.363658, 44.253535 ], [ 1.363527, 44.253468 ], [ 1.358192, 44.251169 ], [ 1.355474, 44.251513 ], [ 1.348979, 44.248839 ], [ 1.347496, 44.247142 ], [ 1.347225, 44.247379 ], [ 1.34845, 44.252351 ], [ 1.343279, 44.256478 ], [ 1.342919, 44.256477 ], [ 1.339995, 44.258817 ], [ 1.333835, 44.258993 ], [ 1.332614, 44.258535 ], [ 1.327195, 44.258072 ], [ 1.321628, 44.259796 ], [ 1.317827, 44.258996 ], [ 1.317569, 44.259039 ], [ 1.314274, 44.259603 ], [ 1.314222, 44.259959 ], [ 1.317095, 44.261969 ], [ 1.319466, 44.262599 ], [ 1.319817, 44.262679 ], [ 1.327582, 44.263361 ], [ 1.328419, 44.266334 ], [ 1.324728, 44.271371 ], [ 1.324544, 44.271681 ], [ 1.320909, 44.279328 ], [ 1.318084, 44.27834 ], [ 1.317889, 44.278308 ], [ 1.31768, 44.278275 ], [ 1.316874, 44.27821 ], [ 1.316069, 44.278145 ], [ 1.31604, 44.278504 ], [ 1.317376, 44.286362 ], [ 1.316412, 44.287572 ], [ 1.316642, 44.287848 ], [ 1.323604, 44.287646 ], [ 1.323964, 44.287637 ], [ 1.331574, 44.286018 ], [ 1.333943, 44.286378 ], [ 1.337485, 44.286392 ], [ 1.341398, 44.286468 ], [ 1.348084, 44.285293 ], [ 1.348308, 44.285275 ], [ 1.354726551858092, 44.286801883447687 ], [ 1.348718, 44.284579 ], [ 1.348555, 44.284663 ], [ 1.348162, 44.284833 ], [ 1.347768, 44.285002 ], [ 1.34052, 44.280653 ], [ 1.333111, 44.283869 ], [ 1.325417, 44.285534 ], [ 1.325178, 44.285265 ], [ 1.324754, 44.281351 ], [ 1.325002, 44.280789 ], [ 1.327823, 44.278964 ], [ 1.330514, 44.274298 ], [ 1.329833, 44.269795 ], [ 1.330841, 44.265805 ], [ 1.326399, 44.260716 ], [ 1.326448, 44.26036 ], [ 1.334808, 44.259794 ], [ 1.339549, 44.259009 ], [ 1.339692, 44.259339 ], [ 1.342952, 44.263536 ], [ 1.343051, 44.263882 ], [ 1.350292, 44.268332 ], [ 1.353474, 44.262472 ], [ 1.353562, 44.262142 ], [ 1.354588, 44.2535 ], [ 1.354834, 44.253237 ], [ 1.359588, 44.255581 ], [ 1.366192, 44.258419 ], [ 1.371226, 44.261931 ], [ 1.376781, 44.261503 ], [ 1.37714, 44.261528 ], [ 1.380922, 44.263151 ], [ 1.380961, 44.263508 ], [ 1.380325, 44.268729 ], [ 1.380133, 44.269033 ], [ 1.377741, 44.268551 ], [ 1.372715, 44.267978 ], [ 1.371925, 44.267728 ], [ 1.371135, 44.267478 ], [ 1.370989, 44.267405 ], [ 1.363968, 44.269096 ], [ 1.363205, 44.27394 ], [ 1.364346, 44.279266 ], [ 1.371722, 44.282818 ], [ 1.372056, 44.282953 ], [ 1.376513, 44.2864 ], [ 1.378272, 44.287103 ], [ 1.378186, 44.287453 ], [ 1.377691, 44.28733 ], [ 1.376299, 44.287047 ], [ 1.373575, 44.28667 ], [ 1.370927, 44.286825 ], [ 1.366581, 44.285794 ], [ 1.36245, 44.291489 ], [ 1.362318, 44.291823 ], [ 1.361997, 44.291697 ], [ 1.36162, 44.291515 ], [ 1.361254, 44.291338 ], [ 1.360974, 44.291062 ], [ 1.357216, 44.287838 ], [ 1.362282, 44.294341 ] ] ] } },
{ "type": "Feature", "properties": { "codgeo": "46063", "value": 360, "isochrone_group": 6.0, "nb_agences": 1 }, "geometry": { "type": "Polygon", "coordinates": [ [ [ 1.31267, 44.294877 ], [ 1.313173, 44.295773 ], [ 1.313489, 44.2956 ], [ 1.31566, 44.293636 ], [ 1.323677, 44.289724 ], [ 1.32909, 44.288082 ], [ 1.334632, 44.290201 ], [ 1.340522, 44.288921 ], [ 1.348318, 44.289208 ], [ 1.354368, 44.292062 ], [ 1.356983, 44.296306 ], [ 1.357224, 44.296573 ], [ 1.363894, 44.300818 ], [ 1.370421, 44.305034 ], [ 1.37068, 44.304784 ], [ 1.376525, 44.299981 ], [ 1.376697, 44.299665 ], [ 1.375518, 44.299025 ], [ 1.375009, 44.290853 ], [ 1.381725, 44.29131 ], [ 1.385448, 44.295231 ], [ 1.385642, 44.295534 ], [ 1.39341, 44.295173 ], [ 1.395365, 44.294768 ], [ 1.395717, 44.294693 ], [ 1.399306, 44.293793 ], [ 1.399446, 44.293258 ], [ 1.399253, 44.292954 ], [ 1.396426, 44.291164 ], [ 1.396066, 44.291174 ], [ 1.388132, 44.287767 ], [ 1.385553, 44.285559 ], [ 1.381862, 44.284207 ], [ 1.380104, 44.282986 ], [ 1.378596, 44.280773 ], [ 1.376941, 44.278981 ], [ 1.383696, 44.273304 ], [ 1.384047, 44.273382 ], [ 1.385475, 44.272317 ], [ 1.393908, 44.275248 ], [ 1.394244, 44.275375 ], [ 1.397744, 44.275622 ], [ 1.397952, 44.275329 ], [ 1.396671, 44.273903 ], [ 1.396434, 44.273632 ], [ 1.394927, 44.273045 ], [ 1.394296, 44.272662 ], [ 1.392321, 44.270041 ], [ 1.398094, 44.263479 ], [ 1.398801, 44.26369 ], [ 1.399508, 44.263901 ], [ 1.399914, 44.263242 ], [ 1.399933, 44.262882 ], [ 1.396414, 44.261553 ], [ 1.391442, 44.260489 ], [ 1.3874, 44.258458 ], [ 1.385128, 44.25903 ], [ 1.378523, 44.259676 ], [ 1.377212, 44.259519 ], [ 1.376764, 44.259469 ], [ 1.376151, 44.259379 ], [ 1.369419, 44.2562 ], [ 1.367591, 44.252296 ], [ 1.367534, 44.252051 ], [ 1.367325, 44.251844 ], [ 1.367125, 44.251708 ], [ 1.366925, 44.251573 ], [ 1.361753, 44.247736 ], [ 1.361487, 44.247817 ], [ 1.361221, 44.247898 ], [ 1.355279, 44.248646 ], [ 1.347326, 44.246949 ], [ 1.345837, 44.242743 ], [ 1.345726, 44.2424 ], [ 1.34057, 44.23978 ], [ 1.34022, 44.239864 ], [ 1.34025, 44.239987 ], [ 1.340331, 44.240128 ], [ 1.341924, 44.248427 ], [ 1.342082, 44.248751 ], [ 1.342117, 44.255221 ], [ 1.333636, 44.25507 ], [ 1.330558, 44.256589 ], [ 1.32471, 44.257238 ], [ 1.318586, 44.254631 ], [ 1.318264, 44.254507 ], [ 1.317917, 44.254412 ], [ 1.317303, 44.255021 ], [ 1.312924, 44.257313 ], [ 1.307573, 44.256892 ], [ 1.302468, 44.259675 ], [ 1.30253, 44.26003 ], [ 1.305645, 44.260881 ], [ 1.305986, 44.260998 ], [ 1.310222, 44.260625 ], [ 1.31471, 44.263896 ], [ 1.315969, 44.266045 ], [ 1.318453, 44.271311 ], [ 1.310305, 44.273996 ], [ 1.309955, 44.27391 ], [ 1.309893, 44.274166 ], [ 1.309831, 44.274422 ], [ 1.309839, 44.274711 ], [ 1.309998, 44.277817 ], [ 1.31021, 44.278108 ], [ 1.314697, 44.280827 ], [ 1.31614, 44.288042 ], [ 1.313806, 44.291528 ], [ 1.31267, 44.294877 ] ], [ [ 1.31604, 44.278504 ], [ 1.316069, 44.278145 ], [ 1.316874, 44.27821 ], [ 1.31768, 44.278275 ], [ 1.317889, 44.278308 ], [ 1.318084, 44.27834 ], [ 1.320909, 44.279328 ], [ 1.324544, 44.271681 ], [ 1.324728, 44.271371 ], [ 1.328419, 44.266334 ], [ 1.327582, 44.263361 ], [ 1.319817, 44.262679 ], [ 1.319466, 44.262599 ], [ 1.317095, 44.261969 ], [ 1.314222, 44.259959 ], [ 1.314274, 44.259603 ], [ 1.317569, 44.259039 ], [ 1.317827, 44.258996 ], [ 1.321628, 44.259796 ], [ 1.327195, 44.258072 ], [ 1.332614, 44.258535 ], [ 1.333835, 44.258993 ], [ 1.339995, 44.258817 ], [ 1.342919, 44.256477 ], [ 1.343279, 44.256478 ], [ 1.34845, 44.252351 ], [ 1.347225, 44.247379 ], [ 1.347496, 44.247142 ], [ 1.348979, 44.248839 ], [ 1.355474, 44.251513 ], [ 1.358192, 44.251169 ], [ 1.363527, 44.253468 ], [ 1.363658, 44.253535 ], [ 1.363788, 44.253703 ], [ 1.368633, 44.258073 ], [ 1.377071, 44.260844 ], [ 1.377404, 44.260677 ], [ 1.378713, 44.25985 ], [ 1.378794, 44.25979 ], [ 1.38705, 44.261949 ], [ 1.387316, 44.262041 ], [ 1.388553, 44.262561 ], [ 1.388816, 44.263636 ], [ 1.389751, 44.271258 ], [ 1.389659, 44.271606 ], [ 1.386317, 44.271708 ], [ 1.379631, 44.27195 ], [ 1.3752, 44.269889 ], [ 1.371099, 44.270623 ], [ 1.366097, 44.27745 ], [ 1.371833, 44.28048 ], [ 1.372137, 44.280673 ], [ 1.374978, 44.282102 ], [ 1.375324, 44.282203 ], [ 1.377737, 44.283594 ], [ 1.384788, 44.286382 ], [ 1.385078, 44.286596 ], [ 1.386058, 44.288358 ], [ 1.387536, 44.290355 ], [ 1.388093, 44.291041 ], [ 1.387858, 44.291314 ], [ 1.384812, 44.289825 ], [ 1.37989, 44.287642 ], [ 1.37532, 44.289509 ], [ 1.369644, 44.296286 ], [ 1.369401, 44.296551 ], [ 1.365356, 44.29602 ], [ 1.365043, 44.295842 ], [ 1.362282, 44.294341 ], [ 1.357216, 44.287838 ], [ 1.357065, 44.287667 ], [ 1.356955, 44.287332 ], [ 1.348308, 44.285275 ], [ 1.348084, 44.285293 ], [ 1.341398, 44.286468 ], [ 1.337485, 44.286392 ], [ 1.333943, 44.286378 ], [ 1.331574, 44.286018 ], [ 1.323964, 44.287637 ], [ 1.323604, 44.287646 ], [ 1.316642, 44.287848 ], [ 1.316412, 44.287572 ], [ 1.317376, 44.286362 ], [ 1.31604, 44.278504 ] ] ] } },
{ "type": "Feature", "properties": { "codgeo": "46063", "value": 420, "isochrone_group": 7.0, "nb_agences": 1 }, "geometry": { "type": "Polygon", "coordinates": [ [ [ 1.290302, 44.258385 ], [ 1.290479, 44.258698 ], [ 1.293778, 44.26099 ], [ 1.300637, 44.263636 ], [ 1.300901, 44.263882 ], [ 1.299949, 44.272746 ], [ 1.299933, 44.273105 ], [ 1.30416, 44.274481 ], [ 1.309769, 44.278298 ], [ 1.311906, 44.281871 ], [ 1.311965, 44.282026 ], [ 1.311877, 44.289108 ], [ 1.306635, 44.294158 ], [ 1.306627, 44.294518 ], [ 1.307014, 44.300477 ], [ 1.307276, 44.300724 ], [ 1.307654, 44.300323 ], [ 1.316284, 44.300224 ], [ 1.318838, 44.299989 ], [ 1.318919, 44.299638 ], [ 1.317904, 44.296472 ], [ 1.323232, 44.291535 ], [ 1.323513, 44.29131 ], [ 1.332224, 44.28966 ], [ 1.333217, 44.290596 ], [ 1.339264, 44.291734 ], [ 1.339622, 44.291766 ], [ 1.347476, 44.293061 ], [ 1.347808, 44.293199 ], [ 1.353545, 44.294253 ], [ 1.35655, 44.297722 ], [ 1.356713, 44.297999 ], [ 1.357622, 44.306631 ], [ 1.357715, 44.306979 ], [ 1.358139, 44.306865 ], [ 1.358562, 44.306751 ], [ 1.358837, 44.306581 ], [ 1.359028, 44.306389 ], [ 1.35952, 44.305959 ], [ 1.368144, 44.306705 ], [ 1.370376, 44.311535 ], [ 1.370393, 44.311835 ], [ 1.370409, 44.312135 ], [ 1.370769, 44.312115 ], [ 1.37201, 44.310409 ], [ 1.372114, 44.310265 ], [ 1.372118, 44.310043 ], [ 1.371579, 44.308477 ], [ 1.375192, 44.30126 ], [ 1.378566, 44.30104 ], [ 1.379051, 44.301169 ], [ 1.379548, 44.301301 ], [ 1.380228, 44.301519 ], [ 1.380438, 44.301602 ], [ 1.38057, 44.301268 ], [ 1.385544, 44.297188 ], [ 1.390141, 44.298658 ], [ 1.395557, 44.299126 ], [ 1.396256, 44.298829 ], [ 1.396478, 44.29869 ], [ 1.3967, 44.298551 ], [ 1.396928, 44.298383 ], [ 1.397144, 44.298223 ], [ 1.405701, 44.297788 ], [ 1.407783, 44.300039 ], [ 1.408103, 44.299875 ], [ 1.407944, 44.299566 ], [ 1.407786, 44.299257 ], [ 1.406443, 44.296185 ], [ 1.403509, 44.290091 ], [ 1.403299, 44.289799 ], [ 1.39592, 44.286367 ], [ 1.399054, 44.277941 ], [ 1.400848, 44.278649 ], [ 1.40142, 44.278579 ], [ 1.405581, 44.279624 ], [ 1.405874, 44.279415 ], [ 1.405469, 44.278845 ], [ 1.405064, 44.278276 ], [ 1.404179, 44.27636 ], [ 1.403897, 44.276136 ], [ 1.401718, 44.27289 ], [ 1.407901, 44.267781 ], [ 1.408088, 44.267474 ], [ 1.41077, 44.260983 ], [ 1.410541, 44.260645 ], [ 1.410312, 44.260307 ], [ 1.410194, 44.260163 ], [ 1.410061, 44.260051 ], [ 1.409794, 44.259934 ], [ 1.409591, 44.259907 ], [ 1.409399, 44.25992 ], [ 1.408858, 44.260041 ], [ 1.408343, 44.260158 ], [ 1.40812, 44.260219 ], [ 1.400231, 44.260099 ], [ 1.398722, 44.259531 ], [ 1.397993, 44.259585 ], [ 1.397557, 44.260025 ], [ 1.390073, 44.255295 ], [ 1.389922, 44.254968 ], [ 1.388735, 44.253976 ], [ 1.388391, 44.25387 ], [ 1.385625, 44.256807 ], [ 1.379226, 44.258069 ], [ 1.378534, 44.257962 ], [ 1.378313, 44.257939 ], [ 1.378093, 44.257915 ], [ 1.373429, 44.256141 ], [ 1.371228, 44.249817 ], [ 1.371113, 44.249626 ], [ 1.3657, 44.246928 ], [ 1.362804, 44.244011 ], [ 1.361441, 44.243907 ], [ 1.361096, 44.244008 ], [ 1.356052, 44.246267 ], [ 1.355699, 44.246337 ], [ 1.348437, 44.241021 ], [ 1.348428, 44.240661 ], [ 1.34684, 44.240062 ], [ 1.340966, 44.235375 ], [ 1.338174, 44.233599 ], [ 1.337822, 44.233673 ], [ 1.333567, 44.234998 ], [ 1.33334, 44.235277 ], [ 1.334381, 44.23727 ], [ 1.334581, 44.237569 ], [ 1.336584, 44.24281 ], [ 1.336824, 44.243079 ], [ 1.337859, 44.250317 ], [ 1.331966, 44.251754 ], [ 1.331379, 44.251515 ], [ 1.331022, 44.251554 ], [ 1.330848, 44.251854 ], [ 1.329365, 44.254128 ], [ 1.320783, 44.252226 ], [ 1.320565, 44.251939 ], [ 1.31912, 44.24987 ], [ 1.318774, 44.249772 ], [ 1.316266, 44.251364 ], [ 1.307723, 44.253961 ], [ 1.306274, 44.254928 ], [ 1.306078, 44.255076 ], [ 1.305937, 44.255192 ], [ 1.305767, 44.255374 ], [ 1.305615, 44.255539 ], [ 1.305518, 44.255776 ], [ 1.301797, 44.259926 ], [ 1.294974, 44.257973 ], [ 1.29475, 44.257691 ], [ 1.291386, 44.257216 ], [ 1.290302, 44.258385 ] ], [ [ 1.31614, 44.288042 ], [ 1.314697, 44.280827 ], [ 1.31021, 44.278108 ], [ 1.309998, 44.277817 ], [ 1.309839, 44.274711 ], [ 1.309831, 44.274422 ], [ 1.309893, 44.274166 ], [ 1.309955, 44.27391 ], [ 1.310305, 44.273996 ], [ 1.318453, 44.271311 ], [ 1.315969, 44.266045 ], [ 1.31471, 44.263896 ], [ 1.310222, 44.260625 ], [ 1.305986, 44.260998 ], [ 1.305645, 44.260881 ], [ 1.30253, 44.26003 ], [ 1.302468, 44.259675 ], [ 1.307573, 44.256892 ], [ 1.312924, 44.257313 ], [ 1.317303, 44.255021 ], [ 1.317917, 44.254412 ], [ 1.318264, 44.254507 ], [ 1.318586, 44.254631 ], [ 1.32471, 44.257238 ], [ 1.330558, 44.256589 ], [ 1.333636, 44.25507 ], [ 1.342117, 44.255221 ], [ 1.342082, 44.248751 ], [ 1.341924, 44.248427 ], [ 1.340331, 44.240128 ], [ 1.34025, 44.239987 ], [ 1.34022, 44.239864 ], [ 1.34057, 44.23978 ], [ 1.345726, 44.2424 ], [ 1.345837, 44.242743 ], [ 1.347326, 44.246949 ], [ 1.355279, 44.248646 ], [ 1.361221, 44.247898 ], [ 1.361487, 44.247817 ], [ 1.361753, 44.247736 ], [ 1.366925, 44.251573 ], [ 1.367125, 44.251708 ], [ 1.367325, 44.251844 ], [ 1.367534, 44.252051 ], [ 1.367591, 44.252296 ], [ 1.369419, 44.2562 ], [ 1.376151, 44.259379 ], [ 1.376764, 44.259469 ], [ 1.377212, 44.259519 ], [ 1.378523, 44.259676 ], [ 1.385128, 44.25903 ], [ 1.3874, 44.258458 ], [ 1.391442, 44.260489 ], [ 1.396414, 44.261553 ], [ 1.399933, 44.262882 ], [ 1.399914, 44.263242 ], [ 1.399508, 44.263901 ], [ 1.398801, 44.26369 ], [ 1.398094, 44.263479 ], [ 1.392321, 44.270041 ], [ 1.394296, 44.272662 ], [ 1.394927, 44.273045 ], [ 1.396434, 44.273632 ], [ 1.396671, 44.273903 ], [ 1.397952, 44.275329 ], [ 1.397744, 44.275622 ], [ 1.394244, 44.275375 ], [ 1.393908, 44.275248 ], [ 1.385475, 44.272317 ], [ 1.384047, 44.273382 ], [ 1.383696, 44.273304 ], [ 1.376941, 44.278981 ], [ 1.378596, 44.280773 ], [ 1.380104, 44.282986 ], [ 1.381862, 44.284207 ], [ 1.385553, 44.285559 ], [ 1.388132, 44.287767 ], [ 1.396066, 44.291174 ], [ 1.396426, 44.291164 ], [ 1.399253, 44.292954 ], [ 1.399446, 44.293258 ], [ 1.399306, 44.293793 ], [ 1.395717, 44.294693 ], [ 1.395365, 44.294768 ], [ 1.39341, 44.295173 ], [ 1.385642, 44.295534 ], [ 1.385448, 44.295231 ], [ 1.381725, 44.29131 ], [ 1.375009, 44.290853 ], [ 1.375518, 44.299025 ], [ 1.376697, 44.299665 ], [ 1.376525, 44.299981 ], [ 1.37068, 44.304784 ], [ 1.370421, 44.305034 ], [ 1.363894, 44.300818 ], [ 1.357224, 44.296573 ], [ 1.356983, 44.296306 ], [ 1.354368, 44.292062 ], [ 1.348318, 44.289208 ], [ 1.340522, 44.288921 ], [ 1.334632, 44.290201 ], [ 1.32909, 44.288082 ], [ 1.323677, 44.289724 ], [ 1.31566, 44.293636 ], [ 1.313489, 44.2956 ], [ 1.313173, 44.295773 ], [ 1.31267, 44.294877 ], [ 1.313806, 44.291528 ], [ 1.31614, 44.288042 ] ] ] } },
{ "type": "Feature", "properties": { "codgeo": "46063", "value": 480, "isochrone_group": 8.0, "nb_agences": 1 }, "geometry": { "type": "Polygon", "coordinates": [ [ [ 1.300181, 44.304363 ], [ 1.301745, 44.307605 ], [ 1.304847, 44.306109 ], [ 1.312702, 44.307292 ], [ 1.315186, 44.307245 ], [ 1.316288, 44.306981 ], [ 1.32427, 44.303105 ], [ 1.326318, 44.302945 ], [ 1.326039, 44.299356 ], [ 1.324897, 44.291112 ], [ 1.333763, 44.291767 ], [ 1.338501, 44.295145 ], [ 1.345816, 44.298291 ], [ 1.346379, 44.297889 ], [ 1.347421, 44.297311 ], [ 1.355057, 44.30125 ], [ 1.354612, 44.308118 ], [ 1.354037, 44.309254 ], [ 1.352852, 44.310784 ], [ 1.352321, 44.311418 ], [ 1.352083, 44.312732 ], [ 1.35253, 44.313733 ], [ 1.352562, 44.31374 ], [ 1.353952, 44.313976 ], [ 1.354568, 44.31405 ], [ 1.355189, 44.313523 ], [ 1.355898, 44.312918 ], [ 1.357215, 44.311514 ], [ 1.3657, 44.310098 ], [ 1.367696, 44.312901 ], [ 1.369983, 44.313939 ], [ 1.370628, 44.31414 ], [ 1.372301, 44.314349 ], [ 1.37453, 44.314435 ], [ 1.38152, 44.315698 ], [ 1.38357, 44.312739 ], [ 1.386234, 44.305626 ], [ 1.393706, 44.303964 ], [ 1.395202, 44.303788 ], [ 1.397257, 44.303374 ], [ 1.40586, 44.304335 ], [ 1.409301, 44.304755 ], [ 1.416021, 44.307014 ], [ 1.418642, 44.304546 ], [ 1.416935, 44.30214 ], [ 1.41478, 44.300242 ], [ 1.414348, 44.29982 ], [ 1.410478, 44.294254 ], [ 1.409303, 44.290049 ], [ 1.412646, 44.284856 ], [ 1.412657, 44.281256 ], [ 1.415455, 44.273928 ], [ 1.417088, 44.270719 ], [ 1.414734, 44.262881 ], [ 1.420078, 44.260249 ], [ 1.420453, 44.260279 ], [ 1.4213, 44.260327 ], [ 1.421566, 44.258721 ], [ 1.421504, 44.256733 ], [ 1.41667, 44.255366 ], [ 1.412033, 44.256196 ], [ 1.411481, 44.256731 ], [ 1.407984, 44.258578 ], [ 1.401407, 44.256775 ], [ 1.396044, 44.252591 ], [ 1.393793, 44.250904 ], [ 1.390257, 44.248669 ], [ 1.386637, 44.250006 ], [ 1.38454, 44.256032 ], [ 1.376557, 44.253329 ], [ 1.374043, 44.248709 ], [ 1.373588, 44.248168 ], [ 1.372863, 44.247538 ], [ 1.369457, 44.244797 ], [ 1.365903, 44.241501 ], [ 1.362882, 44.239283 ], [ 1.359894, 44.236688 ], [ 1.359439, 44.236619 ], [ 1.356767, 44.236664 ], [ 1.351188, 44.238312 ], [ 1.350985, 44.238319 ], [ 1.350818, 44.238323 ], [ 1.349565, 44.238667 ], [ 1.347862, 44.239012 ], [ 1.343201, 44.236874 ], [ 1.344227, 44.23012 ], [ 1.344955, 44.229457 ], [ 1.345015, 44.229342 ], [ 1.342795, 44.226817 ], [ 1.340315, 44.226698 ], [ 1.339707, 44.226693 ], [ 1.339007, 44.226814 ], [ 1.33848, 44.226997 ], [ 1.338088, 44.227189 ], [ 1.330532, 44.228621 ], [ 1.328, 44.227607 ], [ 1.327378, 44.227929 ], [ 1.32708, 44.229644 ], [ 1.326901, 44.235398 ], [ 1.328476, 44.238635 ], [ 1.331797, 44.246937 ], [ 1.322989, 44.24722 ], [ 1.32048, 44.244639 ], [ 1.320315, 44.244413 ], [ 1.320176, 44.244296 ], [ 1.317355, 44.245843 ], [ 1.310241, 44.25003 ], [ 1.307504, 44.250319 ], [ 1.306689, 44.251768 ], [ 1.305987, 44.252809 ], [ 1.304904, 44.253944 ], [ 1.304425, 44.254439 ], [ 1.295891, 44.254909 ], [ 1.292436, 44.252274 ], [ 1.288107, 44.249728 ], [ 1.283129, 44.250978 ], [ 1.282304, 44.251341 ], [ 1.283051, 44.255045 ], [ 1.287092, 44.262183 ], [ 1.292432, 44.263751 ], [ 1.291211, 44.271011 ], [ 1.290512, 44.274543 ], [ 1.291965, 44.274831 ], [ 1.292702, 44.274881 ], [ 1.293237, 44.274871 ], [ 1.294266, 44.27459 ], [ 1.3022, 44.277007 ], [ 1.302817, 44.277727 ], [ 1.303237, 44.278007 ], [ 1.304938, 44.278246 ], [ 1.310414, 44.284853 ], [ 1.309739, 44.287188 ], [ 1.304964, 44.291049 ], [ 1.301529, 44.292124 ], [ 1.301633, 44.293425 ], [ 1.301812, 44.294196 ], [ 1.302158, 44.295008 ], [ 1.302847, 44.296814 ], [ 1.300181, 44.304363 ] ], [ [ 1.29475, 44.257691 ], [ 1.294974, 44.257973 ], [ 1.301797, 44.259926 ], [ 1.305518, 44.255776 ], [ 1.305615, 44.255539 ], [ 1.305767, 44.255374 ], [ 1.305937, 44.255192 ], [ 1.306078, 44.255076 ], [ 1.306274, 44.254928 ], [ 1.307723, 44.253961 ], [ 1.316266, 44.251364 ], [ 1.318774, 44.249772 ], [ 1.31912, 44.24987 ], [ 1.320565, 44.251939 ], [ 1.320783, 44.252226 ], [ 1.329365, 44.254128 ], [ 1.330848, 44.251854 ], [ 1.331022, 44.251554 ], [ 1.331379, 44.251515 ], [ 1.331966, 44.251754 ], [ 1.337859, 44.250317 ], [ 1.336824, 44.243079 ], [ 1.336584, 44.24281 ], [ 1.334581, 44.237569 ], [ 1.334381, 44.23727 ], [ 1.33334, 44.235277 ], [ 1.333567, 44.234998 ], [ 1.337822, 44.233673 ], [ 1.338174, 44.233599 ], [ 1.340966, 44.235375 ], [ 1.34684, 44.240062 ], [ 1.348428, 44.240661 ], [ 1.348437, 44.241021 ], [ 1.355699, 44.246337 ], [ 1.356052, 44.246267 ], [ 1.361096, 44.244008 ], [ 1.361441, 44.243907 ], [ 1.362804, 44.244011 ], [ 1.3657, 44.246928 ], [ 1.371113, 44.249626 ], [ 1.371228, 44.249817 ], [ 1.373429, 44.256141 ], [ 1.378093, 44.257915 ], [ 1.378313, 44.257939 ], [ 1.378534, 44.257962 ], [ 1.379226, 44.258069 ], [ 1.385625, 44.256807 ], [ 1.388391, 44.25387 ], [ 1.388735, 44.253976 ], [ 1.389922, 44.254968 ], [ 1.390073, 44.255295 ], [ 1.397557, 44.260025 ], [ 1.397993, 44.259585 ], [ 1.398722, 44.259531 ], [ 1.400231, 44.260099 ], [ 1.40812, 44.260219 ], [ 1.408343, 44.260158 ], [ 1.408858, 44.260041 ], [ 1.409399, 44.25992 ], [ 1.409591, 44.259907 ], [ 1.409794, 44.259934 ], [ 1.410061, 44.260051 ], [ 1.410194, 44.260163 ], [ 1.410312, 44.260307 ], [ 1.410541, 44.260645 ], [ 1.41077, 44.260983 ], [ 1.408088, 44.267474 ], [ 1.407901, 44.267781 ], [ 1.401718, 44.27289 ], [ 1.403897, 44.276136 ], [ 1.404179, 44.27636 ], [ 1.405064, 44.278276 ], [ 1.405469, 44.278845 ], [ 1.405874, 44.279415 ], [ 1.405581, 44.279624 ], [ 1.40142, 44.278579 ], [ 1.400848, 44.278649 ], [ 1.399054, 44.277941 ], [ 1.39592, 44.286367 ], [ 1.403299, 44.289799 ], [ 1.403509, 44.290091 ], [ 1.406443, 44.296185 ], [ 1.407786, 44.299257 ], [ 1.407944, 44.299566 ], [ 1.408103, 44.299875 ], [ 1.407783, 44.300039 ], [ 1.405701, 44.297788 ], [ 1.397144, 44.298223 ], [ 1.396928, 44.298383 ], [ 1.3967, 44.298551 ], [ 1.396478, 44.29869 ], [ 1.396256, 44.298829 ], [ 1.395557, 44.299126 ], [ 1.390141, 44.298658 ], [ 1.385544, 44.297188 ], [ 1.38057, 44.301268 ], [ 1.380438, 44.301602 ], [ 1.380228, 44.301519 ], [ 1.379548, 44.301301 ], [ 1.379051, 44.301169 ], [ 1.378566, 44.30104 ], [ 1.375192, 44.30126 ], [ 1.371579, 44.308477 ], [ 1.372118, 44.310043 ], [ 1.372114, 44.310265 ], [ 1.37201, 44.310409 ], [ 1.370769, 44.312115 ], [ 1.370409, 44.312135 ], [ 1.370393, 44.311835 ], [ 1.370376, 44.311535 ], [ 1.368144, 44.306705 ], [ 1.35952, 44.305959 ], [ 1.359028, 44.306389 ], [ 1.358837, 44.306581 ], [ 1.358562, 44.306751 ], [ 1.358139, 44.306865 ], [ 1.357715, 44.306979 ], [ 1.357622, 44.306631 ], [ 1.356713, 44.297999 ], [ 1.35655, 44.297722 ], [ 1.353545, 44.294253 ], [ 1.347808, 44.293199 ], [ 1.347476, 44.293061 ], [ 1.339622, 44.291766 ], [ 1.339264, 44.291734 ], [ 1.333217, 44.290596 ], [ 1.332224, 44.28966 ], [ 1.323513, 44.29131 ], [ 1.323232, 44.291535 ], [ 1.317904, 44.296472 ], [ 1.318919, 44.299638 ], [ 1.318838, 44.299989 ], [ 1.316284, 44.300224 ], [ 1.307654, 44.300323 ], [ 1.307276, 44.300724 ], [ 1.307014, 44.300477 ], [ 1.306627, 44.294518 ], [ 1.306635, 44.294158 ], [ 1.311877, 44.289108 ], [ 1.311965, 44.282026 ], [ 1.311906, 44.281871 ], [ 1.309769, 44.278298 ], [ 1.30416, 44.274481 ], [ 1.299933, 44.273105 ], [ 1.299949, 44.272746 ], [ 1.300901, 44.263882 ], [ 1.300637, 44.263636 ], [ 1.293778, 44.26099 ], [ 1.290479, 44.258698 ], [ 1.290302, 44.258385 ], [ 1.291386, 44.257216 ], [ 1.29475, 44.257691 ] ] ] } },
{ "type": "Feature", "properties": { "codgeo": "46063", "value": 540, "isochrone_group": 9.0, "nb_agences": 1 }, "geometry": { "type": "MultiPolygon", "coordinates": [ [ [ [ 1.330772, 44.22383 ], [ 1.33003, 44.222434 ], [ 1.329151, 44.221347 ], [ 1.328712, 44.220897 ], [ 1.328077, 44.220245 ], [ 1.326719, 44.220497 ], [ 1.326136, 44.220745 ], [ 1.325498, 44.222758 ], [ 1.321039, 44.229939 ], [ 1.322429, 44.23326 ], [ 1.318297, 44.240694 ], [ 1.314882, 44.241831 ], [ 1.307739, 44.246218 ], [ 1.307592, 44.249891 ], [ 1.298613, 44.250269 ], [ 1.293033, 44.247112 ], [ 1.291257, 44.246724 ], [ 1.282871, 44.24761 ], [ 1.274237, 44.249858 ], [ 1.271203, 44.250339 ], [ 1.271002, 44.252043 ], [ 1.270976, 44.252642 ], [ 1.270979, 44.253932 ], [ 1.271972, 44.253994 ], [ 1.27245, 44.253986 ], [ 1.272861, 44.253945 ], [ 1.280107, 44.256699 ], [ 1.2819, 44.261432 ], [ 1.28227, 44.263976 ], [ 1.280465, 44.271109 ], [ 1.280449, 44.272565 ], [ 1.280576, 44.273104 ], [ 1.28091, 44.274682 ], [ 1.288237, 44.275739 ], [ 1.291506, 44.277248 ], [ 1.299593, 44.276774 ], [ 1.301378, 44.280641 ], [ 1.300907, 44.286154 ], [ 1.300315, 44.288408 ], [ 1.297135, 44.293843 ], [ 1.296203, 44.296161 ], [ 1.296096, 44.304532 ], [ 1.294809, 44.306462 ], [ 1.294416, 44.306935 ], [ 1.293783, 44.307874 ], [ 1.293228, 44.309281 ], [ 1.293437, 44.310407 ], [ 1.293835, 44.310967 ], [ 1.29487, 44.312369 ], [ 1.295199, 44.312336 ], [ 1.295667, 44.31225 ], [ 1.29622, 44.312024 ], [ 1.297028, 44.311183 ], [ 1.30123, 44.307849 ], [ 1.301743824263058, 44.307602562826631 ], [ 1.300181, 44.304363 ], [ 1.302847, 44.296814 ], [ 1.302158, 44.295008 ], [ 1.301812, 44.294196 ], [ 1.301633, 44.293425 ], [ 1.301529, 44.292124 ], [ 1.304964, 44.291049 ], [ 1.309739, 44.287188 ], [ 1.310414, 44.284853 ], [ 1.304938, 44.278246 ], [ 1.303237, 44.278007 ], [ 1.302817, 44.277727 ], [ 1.3022, 44.277007 ], [ 1.294266, 44.27459 ], [ 1.293237, 44.274871 ], [ 1.292702, 44.274881 ], [ 1.291965, 44.274831 ], [ 1.290512, 44.274543 ], [ 1.291211, 44.271011 ], [ 1.292432, 44.263751 ], [ 1.287092, 44.262183 ], [ 1.283051, 44.255045 ], [ 1.282304, 44.251341 ], [ 1.283129, 44.250978 ], [ 1.288107, 44.249728 ], [ 1.292436, 44.252274 ], [ 1.295891, 44.254909 ], [ 1.304425, 44.254439 ], [ 1.304904, 44.253944 ], [ 1.305987, 44.252809 ], [ 1.306689, 44.251768 ], [ 1.307504, 44.250319 ], [ 1.310241, 44.25003 ], [ 1.317355, 44.245843 ], [ 1.320176, 44.244296 ], [ 1.320315, 44.244413 ], [ 1.32048, 44.244639 ], [ 1.322989, 44.24722 ], [ 1.331797, 44.246937 ], [ 1.328476, 44.238635 ], [ 1.326901, 44.235398 ], [ 1.32708, 44.229644 ], [ 1.327378, 44.227929 ], [ 1.328, 44.227607 ], [ 1.330532, 44.228621 ], [ 1.338088, 44.227189 ], [ 1.33848, 44.226997 ], [ 1.330772, 44.22383 ] ] ], [ [ [ 1.373998, 44.242025 ], [ 1.374018, 44.241927 ], [ 1.372253, 44.23975 ], [ 1.372099, 44.239764 ], [ 1.370203, 44.239985 ], [ 1.364334, 44.237749 ], [ 1.364461, 44.231132 ], [ 1.361614, 44.228929 ], [ 1.359723, 44.230299 ], [ 1.359008, 44.23061 ], [ 1.35476, 44.233689 ], [ 1.347757, 44.22943 ], [ 1.350739, 44.22482 ], [ 1.351422, 44.224519 ], [ 1.351897, 44.224172 ], [ 1.352668, 44.22345 ], [ 1.350207, 44.220822 ], [ 1.342127, 44.223359 ], [ 1.33848, 44.226997 ], [ 1.339007, 44.226814 ], [ 1.339707, 44.226693 ], [ 1.340315, 44.226698 ], [ 1.342795, 44.226817 ], [ 1.345015, 44.229342 ], [ 1.344955, 44.229457 ], [ 1.344227, 44.23012 ], [ 1.343201, 44.236874 ], [ 1.347862, 44.239012 ], [ 1.349565, 44.238667 ], [ 1.350818, 44.238323 ], [ 1.350985, 44.238319 ], [ 1.351188, 44.238312 ], [ 1.356767, 44.236664 ], [ 1.359439, 44.236619 ], [ 1.359894, 44.236688 ], [ 1.362882, 44.239283 ], [ 1.365903, 44.241501 ], [ 1.369457, 44.244797 ], [ 1.372863, 44.247538 ], [ 1.373588, 44.248168 ], [ 1.374043, 44.248709 ], [ 1.374060262447278, 44.248740723351801 ], [ 1.373998, 44.242025 ] ] ], [ [ [ 1.379496, 44.252058 ], [ 1.374289492952469, 44.24916198227541 ], [ 1.376557, 44.253329 ], [ 1.38454, 44.256032 ], [ 1.386117227650053, 44.251499632894976 ], [ 1.379496, 44.252058 ] ] ], [ [ [ 1.374664, 44.315595 ], [ 1.376811, 44.315584 ], [ 1.378326, 44.315661 ], [ 1.385109, 44.320936 ], [ 1.388431, 44.323454 ], [ 1.389389, 44.322684 ], [ 1.391058, 44.320992 ], [ 1.389116, 44.316258 ], [ 1.387067, 44.313298 ], [ 1.389511, 44.307187 ], [ 1.395974, 44.308492 ], [ 1.396526, 44.308976 ], [ 1.39713, 44.309361 ], [ 1.403853, 44.307018 ], [ 1.41189, 44.307266 ], [ 1.41828, 44.309835 ], [ 1.421652, 44.311095 ], [ 1.427575, 44.310662 ], [ 1.428825, 44.309315 ], [ 1.428992, 44.308775 ], [ 1.428048, 44.307094 ], [ 1.427342, 44.307 ], [ 1.419353, 44.302919 ], [ 1.417484, 44.300083 ], [ 1.416271, 44.299065 ], [ 1.415221, 44.297746 ], [ 1.413219, 44.294754 ], [ 1.415681, 44.288543 ], [ 1.42038, 44.286325 ], [ 1.420474, 44.286318 ], [ 1.422884, 44.285395 ], [ 1.422928, 44.285293 ], [ 1.422962, 44.283817 ], [ 1.424892, 44.275147 ], [ 1.426853, 44.272128 ], [ 1.426624, 44.27198 ], [ 1.426079, 44.271699 ], [ 1.425694, 44.271551 ], [ 1.422419, 44.269819 ], [ 1.423097, 44.262386 ], [ 1.425529, 44.260803 ], [ 1.426196, 44.260555 ], [ 1.430984, 44.257146 ], [ 1.431973, 44.256066 ], [ 1.43236, 44.255045 ], [ 1.430472, 44.253582 ], [ 1.428995, 44.253768 ], [ 1.426307, 44.253942 ], [ 1.417723, 44.253063 ], [ 1.411235, 44.253173 ], [ 1.407537, 44.252923 ], [ 1.399897, 44.249117 ], [ 1.399226, 44.248027 ], [ 1.393998, 44.24632 ], [ 1.391909, 44.247187 ], [ 1.39008, 44.247783 ], [ 1.3893, 44.248177 ], [ 1.389226, 44.248221 ], [ 1.388115, 44.248902 ], [ 1.387969095779804, 44.249514007718886 ], [ 1.390257, 44.248669 ], [ 1.393793, 44.250904 ], [ 1.396044, 44.252591 ], [ 1.401407, 44.256775 ], [ 1.407984, 44.258578 ], [ 1.411481, 44.256731 ], [ 1.412033, 44.256196 ], [ 1.41667, 44.255366 ], [ 1.421504, 44.256733 ], [ 1.421566, 44.258721 ], [ 1.4213, 44.260327 ], [ 1.420453, 44.260279 ], [ 1.420078, 44.260249 ], [ 1.414734, 44.262881 ], [ 1.417088, 44.270719 ], [ 1.415455, 44.273928 ], [ 1.412657, 44.281256 ], [ 1.412646, 44.284856 ], [ 1.409303, 44.290049 ], [ 1.410478, 44.294254 ], [ 1.414348, 44.29982 ], [ 1.41478, 44.300242 ], [ 1.416935, 44.30214 ], [ 1.418642, 44.304546 ], [ 1.416021, 44.307014 ], [ 1.409301, 44.304755 ], [ 1.40586, 44.304335 ], [ 1.397257, 44.303374 ], [ 1.395202, 44.303788 ], [ 1.393706, 44.303964 ], [ 1.386234, 44.305626 ], [ 1.38357, 44.312739 ], [ 1.38152, 44.315698 ], [ 1.37453, 44.314435 ], [ 1.372301, 44.314349 ], [ 1.370628, 44.31414 ], [ 1.374664, 44.315595 ] ] ], [ [ [ 1.34932, 44.311729 ], [ 1.347894, 44.315035 ], [ 1.348924, 44.317121 ], [ 1.357351, 44.319651 ], [ 1.364128, 44.313818 ], [ 1.366431, 44.313744 ], [ 1.370628, 44.31414 ], [ 1.369983, 44.313939 ], [ 1.367696, 44.312901 ], [ 1.3657, 44.310098 ], [ 1.357215, 44.311514 ], [ 1.355898, 44.312918 ], [ 1.355189, 44.313523 ], [ 1.354568, 44.31405 ], [ 1.353952, 44.313976 ], [ 1.352562, 44.31374 ], [ 1.35253, 44.313733 ], [ 1.352083, 44.312732 ], [ 1.352321, 44.311418 ], [ 1.352852, 44.310784 ], [ 1.354037, 44.309254 ], [ 1.354612, 44.308118 ], [ 1.34932, 44.311729 ] ] ], [ [ [ 1.354696, 44.302129 ], [ 1.354668, 44.302956 ], [ 1.354612, 44.308118 ], [ 1.355057, 44.30125 ], [ 1.347421, 44.297311 ], [ 1.354696, 44.302129 ] ] ], [ [ [ 1.313048, 44.312145 ], [ 1.313033, 44.312553 ], [ 1.313088, 44.312933 ], [ 1.313115, 44.313183 ], [ 1.313574, 44.313972 ], [ 1.316093, 44.314336 ], [ 1.318847, 44.312407 ], [ 1.320469, 44.310358 ], [ 1.327897, 44.306861 ], [ 1.330928, 44.304919 ], [ 1.33081, 44.304333 ], [ 1.330629, 44.303505 ], [ 1.330587, 44.303243 ], [ 1.330457, 44.302797 ], [ 1.335463, 44.296563 ], [ 1.33962, 44.301024 ], [ 1.339779, 44.30137 ], [ 1.342771, 44.301104 ], [ 1.343493, 44.300645 ], [ 1.344123, 44.300079 ], [ 1.344589, 44.299556 ], [ 1.345962249021186, 44.298186573523061 ], [ 1.345816, 44.298291 ], [ 1.338501, 44.295145 ], [ 1.333763, 44.291767 ], [ 1.324897, 44.291112 ], [ 1.326039, 44.299356 ], [ 1.326318, 44.302945 ], [ 1.32427, 44.303105 ], [ 1.316288, 44.306981 ], [ 1.315186, 44.307245 ], [ 1.312702, 44.307292 ], [ 1.310185382077743, 44.306912985486697 ], [ 1.313048, 44.312145 ] ] ], [ [ [ 1.303094, 44.306955 ], [ 1.304847, 44.306109 ], [ 1.302875020057195, 44.307060025788012 ], [ 1.303094, 44.306955 ] ] ] ] } },
{ "type": "Feature", "properties": { "codgeo": "46063", "value": 600, "isochrone_group": 10.0, "nb_agences": 1 }, "geometry": { "type": "MultiPolygon", "coordinates": [ [ [ [ 1.267571, 44.248653 ], [ 1.264716, 44.246459 ], [ 1.26182, 44.246438 ], [ 1.258699, 44.248232 ], [ 1.259983, 44.250467 ], [ 1.260276, 44.250933 ], [ 1.262, 44.253755 ], [ 1.268963, 44.256448 ], [ 1.272406, 44.256771 ], [ 1.277048, 44.259246 ], [ 1.278578, 44.262505 ], [ 1.274885, 44.270348 ], [ 1.273018, 44.270416 ], [ 1.27115, 44.270484 ], [ 1.271281, 44.274082 ], [ 1.276103, 44.275043 ], [ 1.279915, 44.277887 ], [ 1.280288, 44.278011 ], [ 1.281375, 44.278244 ], [ 1.288574, 44.280283 ], [ 1.289298, 44.280851 ], [ 1.289855, 44.281106 ], [ 1.290483, 44.281289 ], [ 1.294863, 44.285593 ], [ 1.29133, 44.291757 ], [ 1.291588, 44.295348 ], [ 1.295975, 44.298995 ], [ 1.294809, 44.306462 ], [ 1.296096, 44.304532 ], [ 1.296203, 44.296161 ], [ 1.297135, 44.293843 ], [ 1.300315, 44.288408 ], [ 1.300907, 44.286154 ], [ 1.301378, 44.280641 ], [ 1.299593, 44.276774 ], [ 1.291506, 44.277248 ], [ 1.288237, 44.275739 ], [ 1.28091, 44.274682 ], [ 1.280576, 44.273104 ], [ 1.280449, 44.272565 ], [ 1.280465, 44.271109 ], [ 1.28227, 44.263976 ], [ 1.2819, 44.261432 ], [ 1.280107, 44.256699 ], [ 1.272861, 44.253945 ], [ 1.27245, 44.253986 ], [ 1.271972, 44.253994 ], [ 1.270979, 44.253932 ], [ 1.270976, 44.252642 ], [ 1.271002, 44.252043 ], [ 1.271203, 44.250339 ], [ 1.273604970833993, 44.249958199745841 ], [ 1.267571, 44.248653 ] ] ], [ [ [ 1.287931, 44.2437 ], [ 1.284631, 44.242261 ], [ 1.279044, 44.244475 ], [ 1.276735, 44.247237 ], [ 1.273769962277351, 44.249932042565788 ], [ 1.274237, 44.249858 ], [ 1.282871, 44.24761 ], [ 1.289906121302818, 44.246866723411131 ], [ 1.287931, 44.2437 ] ] ], [ [ [ 1.33194, 44.22256 ], [ 1.33187, 44.219147 ], [ 1.330957, 44.217961 ], [ 1.330284, 44.216931 ], [ 1.322734, 44.214715 ], [ 1.320943, 44.213804 ], [ 1.320551, 44.213666 ], [ 1.318977, 44.213191 ], [ 1.318308, 44.213026 ], [ 1.317549, 44.212894 ], [ 1.316833, 44.216423 ], [ 1.317323, 44.219203 ], [ 1.318263, 44.220625 ], [ 1.318807, 44.220717 ], [ 1.322143, 44.222335 ], [ 1.32014, 44.230315 ], [ 1.319761, 44.230494 ], [ 1.319252, 44.230803 ], [ 1.319025, 44.230932 ], [ 1.317717, 44.231457 ], [ 1.316859, 44.23185 ], [ 1.316593, 44.232002 ], [ 1.3147, 44.237854 ], [ 1.307612, 44.2404 ], [ 1.307381, 44.241762 ], [ 1.301972, 44.248495 ], [ 1.300213, 44.248786 ], [ 1.29698662405205, 44.249348844288953 ], [ 1.298613, 44.250269 ], [ 1.307592, 44.249891 ], [ 1.307739, 44.246218 ], [ 1.314882, 44.241831 ], [ 1.318297, 44.240694 ], [ 1.322429, 44.23326 ], [ 1.321039, 44.229939 ], [ 1.325498, 44.222758 ], [ 1.326136, 44.220745 ], [ 1.326719, 44.220497 ], [ 1.328077, 44.220245 ], [ 1.328712, 44.220897 ], [ 1.329151, 44.221347 ], [ 1.33003, 44.222434 ], [ 1.330772, 44.22383 ], [ 1.33848, 44.226997 ], [ 1.33194, 44.22256 ] ] ], [ [ [ 1.417358, 44.299711 ], [ 1.417642, 44.297045 ], [ 1.416545, 44.293616 ], [ 1.423306, 44.289621 ], [ 1.426075, 44.289778 ], [ 1.426998, 44.28994 ], [ 1.428344, 44.290174 ], [ 1.430908, 44.288267 ], [ 1.431131, 44.287896 ], [ 1.433791, 44.279559 ], [ 1.434748, 44.276088 ], [ 1.430255, 44.268564 ], [ 1.432616, 44.261979 ], [ 1.43412, 44.258708 ], [ 1.440473, 44.255758 ], [ 1.440838, 44.255638 ], [ 1.441746, 44.254898 ], [ 1.441749, 44.254115 ], [ 1.441331, 44.251981 ], [ 1.441113, 44.25142 ], [ 1.440697, 44.250857 ], [ 1.440163, 44.250456 ], [ 1.439823, 44.250284 ], [ 1.439321, 44.250537 ], [ 1.43901, 44.250711 ], [ 1.436074, 44.252353 ], [ 1.429826, 44.251575 ], [ 1.424907, 44.251592 ], [ 1.41671, 44.251238 ], [ 1.409451, 44.249564 ], [ 1.402332, 44.249172 ], [ 1.400754, 44.246167 ], [ 1.400089, 44.245988 ], [ 1.391998, 44.242168 ], [ 1.391351, 44.242837 ], [ 1.38828, 44.245223 ], [ 1.387451, 44.245687 ], [ 1.387309, 44.245764 ], [ 1.387048, 44.246048 ], [ 1.379197, 44.250057 ], [ 1.376948, 44.245619 ], [ 1.378874, 44.240709 ], [ 1.376792, 44.237772 ], [ 1.371289, 44.238009 ], [ 1.365217, 44.234305 ], [ 1.366798, 44.229844 ], [ 1.367752, 44.228963 ], [ 1.368237, 44.227974 ], [ 1.368168, 44.226928 ], [ 1.367859, 44.226338 ], [ 1.367298, 44.225801 ], [ 1.36671, 44.22551 ], [ 1.365506, 44.225189 ], [ 1.364871, 44.225142 ], [ 1.360748, 44.217431 ], [ 1.359353, 44.214112 ], [ 1.356946, 44.215123 ], [ 1.356532, 44.215282 ], [ 1.355876, 44.215679 ], [ 1.35492, 44.216585 ], [ 1.352815, 44.218005 ], [ 1.344239, 44.218303 ], [ 1.343512, 44.218662 ], [ 1.342929, 44.219086 ], [ 1.341889, 44.220564 ], [ 1.341982, 44.221877 ], [ 1.341946, 44.222308 ], [ 1.33848, 44.226997 ], [ 1.342127, 44.223359 ], [ 1.350207, 44.220822 ], [ 1.352668, 44.22345 ], [ 1.351897, 44.224172 ], [ 1.351422, 44.224519 ], [ 1.350739, 44.22482 ], [ 1.347757, 44.22943 ], [ 1.35476, 44.233689 ], [ 1.359008, 44.23061 ], [ 1.359723, 44.230299 ], [ 1.361614, 44.228929 ], [ 1.364461, 44.231132 ], [ 1.364334, 44.237749 ], [ 1.370203, 44.239985 ], [ 1.372099, 44.239764 ], [ 1.372253, 44.23975 ], [ 1.374018, 44.241927 ], [ 1.373998, 44.242025 ], [ 1.374063, 44.249036 ], [ 1.379496, 44.252058 ], [ 1.387524, 44.251381 ], [ 1.388115, 44.248902 ], [ 1.389226, 44.248221 ], [ 1.3893, 44.248177 ], [ 1.39008, 44.247783 ], [ 1.391909, 44.247187 ], [ 1.393998, 44.24632 ], [ 1.399226, 44.248027 ], [ 1.399897, 44.249117 ], [ 1.407537, 44.252923 ], [ 1.411235, 44.253173 ], [ 1.417723, 44.253063 ], [ 1.426307, 44.253942 ], [ 1.428995, 44.253768 ], [ 1.430472, 44.253582 ], [ 1.43236, 44.255045 ], [ 1.431973, 44.256066 ], [ 1.430984, 44.257146 ], [ 1.426196, 44.260555 ], [ 1.425529, 44.260803 ], [ 1.423097, 44.262386 ], [ 1.422419, 44.269819 ], [ 1.425694, 44.271551 ], [ 1.426079, 44.271699 ], [ 1.426624, 44.27198 ], [ 1.426853, 44.272128 ], [ 1.424892, 44.275147 ], [ 1.422962, 44.283817 ], [ 1.422928, 44.285293 ], [ 1.422884, 44.285395 ], [ 1.420474, 44.286318 ], [ 1.42038, 44.286325 ], [ 1.415681, 44.288543 ], [ 1.413219, 44.294754 ], [ 1.415221, 44.297746 ], [ 1.416271, 44.299065 ], [ 1.417444423755893, 44.300049785971559 ], [ 1.417358, 44.299711 ] ] ], [ [ [ 1.412675, 44.309777 ], [ 1.419246, 44.312321 ], [ 1.41987, 44.312778 ], [ 1.424976, 44.314752 ], [ 1.425161, 44.314741 ], [ 1.426391, 44.314578 ], [ 1.434818, 44.315832 ], [ 1.437653, 44.313613 ], [ 1.435712, 44.307381 ], [ 1.429799, 44.303505 ], [ 1.428267, 44.30437 ], [ 1.427793, 44.304627 ], [ 1.425794, 44.305841 ], [ 1.421132766523758, 44.303828153483977 ], [ 1.427342, 44.307 ], [ 1.428048, 44.307094 ], [ 1.428992, 44.308775 ], [ 1.428825, 44.309315 ], [ 1.427575, 44.310662 ], [ 1.421652, 44.311095 ], [ 1.41828, 44.309835 ], [ 1.41189, 44.307266 ], [ 1.408590065735741, 44.307164172987747 ], [ 1.412675, 44.309777 ] ] ], [ [ [ 1.381537, 44.322273 ], [ 1.381719, 44.322264 ], [ 1.382305, 44.322171 ], [ 1.382729, 44.322101 ], [ 1.38875, 44.323794 ], [ 1.390802, 44.32748 ], [ 1.391068, 44.32809 ], [ 1.391651, 44.328713 ], [ 1.392234, 44.329018 ], [ 1.39281, 44.329147 ], [ 1.395885, 44.329471 ], [ 1.396003, 44.329169 ], [ 1.396142, 44.328245 ], [ 1.396113, 44.327775 ], [ 1.395954, 44.327179 ], [ 1.395576, 44.326534 ], [ 1.394099, 44.318451 ], [ 1.39791, 44.311933 ], [ 1.403729, 44.307899 ], [ 1.407536522090556, 44.30713166349117 ], [ 1.403853, 44.307018 ], [ 1.39713, 44.309361 ], [ 1.396526, 44.308976 ], [ 1.395974, 44.308492 ], [ 1.389511, 44.307187 ], [ 1.387067, 44.313298 ], [ 1.389116, 44.316258 ], [ 1.391058, 44.320992 ], [ 1.389389, 44.322684 ], [ 1.388431, 44.323454 ], [ 1.385109, 44.320936 ], [ 1.378326, 44.315661 ], [ 1.376811, 44.315584 ], [ 1.375990210802926, 44.315588205254372 ], [ 1.381537, 44.322273 ] ] ], [ [ [ 1.327383, 44.307602 ], [ 1.329374, 44.310601 ], [ 1.332371, 44.310214 ], [ 1.340327, 44.313785 ], [ 1.340745, 44.314392 ], [ 1.343692, 44.316715 ], [ 1.347327, 44.319895 ], [ 1.350172, 44.322101 ], [ 1.358832, 44.321387 ], [ 1.362774, 44.323654 ], [ 1.365415, 44.321208 ], [ 1.370628, 44.31414 ], [ 1.366431, 44.313744 ], [ 1.364128, 44.313818 ], [ 1.357351, 44.319651 ], [ 1.348924, 44.317121 ], [ 1.347894, 44.315035 ], [ 1.34932, 44.311729 ], [ 1.354612, 44.308118 ], [ 1.354668, 44.302956 ], [ 1.354696, 44.302129 ], [ 1.347421, 44.297311 ], [ 1.346379, 44.297889 ], [ 1.346026, 44.298123 ], [ 1.344589, 44.299556 ], [ 1.344123, 44.300079 ], [ 1.343493, 44.300645 ], [ 1.342771, 44.301104 ], [ 1.339779, 44.30137 ], [ 1.33962, 44.301024 ], [ 1.335463, 44.296563 ], [ 1.330457, 44.302797 ], [ 1.330587, 44.303243 ], [ 1.330629, 44.303505 ], [ 1.33081, 44.304333 ], [ 1.330928, 44.304919 ], [ 1.327897, 44.306861 ], [ 1.326378128773008, 44.307576063634997 ], [ 1.327383, 44.307602 ] ] ], [ [ [ 1.291214, 44.309728 ], [ 1.288651, 44.314712 ], [ 1.290611, 44.317732 ], [ 1.295493, 44.317036 ], [ 1.296727, 44.316295 ], [ 1.297034, 44.315967 ], [ 1.302065, 44.313254 ], [ 1.308204, 44.314852 ], [ 1.310392, 44.318086 ], [ 1.310887, 44.31821 ], [ 1.311292, 44.318267 ], [ 1.313117, 44.318453 ], [ 1.315896, 44.316268 ], [ 1.318233, 44.31353 ], [ 1.318324169269463, 44.312773209324341 ], [ 1.316093, 44.314336 ], [ 1.313574, 44.313972 ], [ 1.313115, 44.313183 ], [ 1.313088, 44.312933 ], [ 1.313033, 44.312553 ], [ 1.313048, 44.312145 ], [ 1.310088, 44.306735 ], [ 1.304847, 44.306109 ], [ 1.303094, 44.306955 ], [ 1.30123, 44.307849 ], [ 1.297028, 44.311183 ], [ 1.29622, 44.312024 ], [ 1.295667, 44.31225 ], [ 1.295199, 44.312336 ], [ 1.29487, 44.312369 ], [ 1.293835, 44.310967 ], [ 1.293437, 44.310407 ], [ 1.293228, 44.309281 ], [ 1.293783, 44.307874 ], [ 1.294416, 44.306935 ], [ 1.291214, 44.309728 ] ] ] ] } },
{ "type": "Feature", "properties": { "codgeo": "46063", "value": 660, "isochrone_group": 11.0, "nb_agences": 1 }, "geometry": { "type": "MultiPolygon", "coordinates": [ [ [ [ 1.289183, 44.239432 ], [ 1.285689, 44.237905 ], [ 1.283715, 44.238765 ], [ 1.275521, 44.242066 ], [ 1.268795, 44.241332 ], [ 1.267033, 44.242876 ], [ 1.259456, 44.240867 ], [ 1.25502, 44.23971 ], [ 1.253346, 44.242897 ], [ 1.253653, 44.243058 ], [ 1.251918, 44.251786 ], [ 1.249322, 44.252556 ], [ 1.248954, 44.252617 ], [ 1.248789, 44.252658 ], [ 1.249109, 44.255355 ], [ 1.249643, 44.256155 ], [ 1.250765, 44.256052 ], [ 1.253649, 44.255823 ], [ 1.259683, 44.258496 ], [ 1.259849, 44.258368 ], [ 1.261528, 44.257169 ], [ 1.263469, 44.256115 ], [ 1.265562372585339, 44.255132778166356 ], [ 1.262, 44.253755 ], [ 1.260276, 44.250933 ], [ 1.259983, 44.250467 ], [ 1.258699, 44.248232 ], [ 1.26182, 44.246438 ], [ 1.264716, 44.246459 ], [ 1.267571, 44.248653 ], [ 1.273715, 44.249982 ], [ 1.276735, 44.247237 ], [ 1.279044, 44.244475 ], [ 1.284631, 44.242261 ], [ 1.287931, 44.2437 ], [ 1.290351, 44.24758 ], [ 1.293019, 44.250041 ], [ 1.290135, 44.242904 ], [ 1.289183, 44.239432 ] ] ], [ [ [ 1.301842, 44.246409 ], [ 1.301275, 44.246954 ], [ 1.300686, 44.24769 ], [ 1.293019, 44.250041 ], [ 1.300213, 44.248786 ], [ 1.301972, 44.248495 ], [ 1.307381, 44.241762 ], [ 1.302269, 44.2461 ], [ 1.301842, 44.246409 ] ] ], [ [ [ 1.313242, 44.233228 ], [ 1.313133, 44.233431 ], [ 1.309383, 44.237592 ], [ 1.308665, 44.23877 ], [ 1.308029915529691, 44.240249885307776 ], [ 1.3147, 44.237854 ], [ 1.31659154832916, 44.232006487679747 ], [ 1.316483, 44.23207 ], [ 1.313242, 44.233228 ] ] ], [ [ [ 1.312745, 44.208336 ], [ 1.310303, 44.206657 ], [ 1.308263, 44.209624 ], [ 1.310381, 44.214428 ], [ 1.309911, 44.223006 ], [ 1.310405, 44.223364 ], [ 1.310911, 44.223617 ], [ 1.311682, 44.223773 ], [ 1.312354, 44.223733 ], [ 1.313025, 44.223499 ], [ 1.315174, 44.222059 ], [ 1.321271, 44.223431 ], [ 1.319761, 44.230494 ], [ 1.32014, 44.230315 ], [ 1.322143, 44.222335 ], [ 1.318807, 44.220717 ], [ 1.318263, 44.220625 ], [ 1.317323, 44.219203 ], [ 1.316833, 44.216423 ], [ 1.317549, 44.212894 ], [ 1.318308, 44.213026 ], [ 1.318977, 44.213191 ], [ 1.3199596950102, 44.21348755662634 ], [ 1.313092, 44.208641 ], [ 1.312745, 44.208336 ] ] ], [ [ [ 1.343408, 44.214491 ], [ 1.342437, 44.213603 ], [ 1.341061, 44.214668 ], [ 1.338039, 44.216126 ], [ 1.334627, 44.217271 ], [ 1.329041, 44.215264 ], [ 1.328476, 44.214859 ], [ 1.326919, 44.213666 ], [ 1.326729, 44.213542 ], [ 1.320054647050345, 44.213516211149262 ], [ 1.320551, 44.213666 ], [ 1.320943, 44.213804 ], [ 1.322734, 44.214715 ], [ 1.330284, 44.216931 ], [ 1.330957, 44.217961 ], [ 1.33187, 44.219147 ], [ 1.33194, 44.22256 ], [ 1.33848, 44.226997 ], [ 1.341946, 44.222308 ], [ 1.341982, 44.221877 ], [ 1.341889, 44.220564 ], [ 1.342929, 44.219086 ], [ 1.343512, 44.218662 ], [ 1.344239, 44.218303 ], [ 1.352815, 44.218005 ], [ 1.35492, 44.216585 ], [ 1.346558, 44.21656 ], [ 1.343408, 44.214491 ] ] ], [ [ [ 1.367684, 44.222257 ], [ 1.367115, 44.220775 ], [ 1.366639, 44.213254 ], [ 1.366443, 44.212602 ], [ 1.366321, 44.212352 ], [ 1.361997, 44.208963 ], [ 1.361838, 44.209118 ], [ 1.361356, 44.209586 ], [ 1.360867, 44.210264 ], [ 1.356532, 44.215282 ], [ 1.356946, 44.215123 ], [ 1.359353, 44.214112 ], [ 1.360748, 44.217431 ], [ 1.364871, 44.225142 ], [ 1.365506, 44.225189 ], [ 1.36671, 44.22551 ], [ 1.367298, 44.225801 ], [ 1.367859, 44.226338 ], [ 1.368168, 44.226928 ], [ 1.368071, 44.224246 ], [ 1.367684, 44.222257 ] ] ], [ [ [ 1.406417, 44.244017 ], [ 1.405734, 44.243801 ], [ 1.404982, 44.243592 ], [ 1.403635, 44.243272 ], [ 1.396147, 44.239933 ], [ 1.392798, 44.238611 ], [ 1.386912, 44.240405 ], [ 1.383433, 44.237149 ], [ 1.382298, 44.235489 ], [ 1.38197, 44.235245 ], [ 1.380981, 44.234514 ], [ 1.38078, 44.234567 ], [ 1.372777, 44.236626 ], [ 1.368192, 44.232885 ], [ 1.368237, 44.227974 ], [ 1.367752, 44.228963 ], [ 1.366798, 44.229844 ], [ 1.365217, 44.234305 ], [ 1.371289, 44.238009 ], [ 1.376792, 44.237772 ], [ 1.378874, 44.240709 ], [ 1.376948, 44.245619 ], [ 1.379197, 44.250057 ], [ 1.387048, 44.246048 ], [ 1.387309, 44.245764 ], [ 1.387451, 44.245687 ], [ 1.38828, 44.245223 ], [ 1.391351, 44.242837 ], [ 1.391998, 44.242168 ], [ 1.400089, 44.245988 ], [ 1.400754, 44.246167 ], [ 1.402332, 44.249172 ], [ 1.409451, 44.249564 ], [ 1.412311644461196, 44.250223694011297 ], [ 1.410339, 44.248658 ], [ 1.406417, 44.244017 ] ] ], [ [ [ 1.423146, 44.250725 ], [ 1.421398, 44.250281 ], [ 1.41920204392933, 44.251345622734064 ], [ 1.424835600180888, 44.251588916489453 ], [ 1.424406, 44.251419 ], [ 1.423146, 44.250725 ] ] ], [ [ [ 1.389783, 44.333568 ], [ 1.395647, 44.337148 ], [ 1.398724, 44.335279 ], [ 1.400431, 44.331596 ], [ 1.401957, 44.326424 ], [ 1.401878, 44.326215 ], [ 1.40037, 44.325257 ], [ 1.396505, 44.323078 ], [ 1.395192, 44.317893 ], [ 1.401616, 44.315209 ], [ 1.402178, 44.315371 ], [ 1.402703, 44.315404 ], [ 1.403348, 44.315285 ], [ 1.403968, 44.314979 ], [ 1.404242, 44.314776 ], [ 1.409983, 44.311246 ], [ 1.413166, 44.313096 ], [ 1.421412, 44.31588 ], [ 1.423038, 44.318687 ], [ 1.423651, 44.318698 ], [ 1.432097, 44.319787 ], [ 1.433094, 44.320749 ], [ 1.437263, 44.323445 ], [ 1.444161, 44.320997 ], [ 1.443945, 44.317404 ], [ 1.444437, 44.30896 ], [ 1.444232, 44.30638 ], [ 1.443677, 44.306161 ], [ 1.442851, 44.30604 ], [ 1.439285, 44.304657 ], [ 1.432558, 44.300402 ], [ 1.436732, 44.293555 ], [ 1.438523, 44.293639 ], [ 1.438692, 44.290043 ], [ 1.44395, 44.283133 ], [ 1.443999, 44.283096 ], [ 1.444583, 44.28233 ], [ 1.44467, 44.281168 ], [ 1.444649, 44.281085 ], [ 1.443706, 44.280031 ], [ 1.442303, 44.279411 ], [ 1.438782, 44.276616 ], [ 1.435992, 44.275307 ], [ 1.434344, 44.268049 ], [ 1.438018, 44.26406 ], [ 1.438929, 44.263472 ], [ 1.439233, 44.263041 ], [ 1.445561, 44.25758 ], [ 1.448687, 44.251321 ], [ 1.451697, 44.24929 ], [ 1.451937, 44.246635 ], [ 1.451533, 44.246356 ], [ 1.450299, 44.245972 ], [ 1.449811, 44.246178 ], [ 1.444977, 44.248197 ], [ 1.440543, 44.246125 ], [ 1.439747, 44.245555 ], [ 1.438704, 44.244941 ], [ 1.436516, 44.243843 ], [ 1.434901, 44.247061 ], [ 1.434025, 44.248921 ], [ 1.431596548766835, 44.251795468460408 ], [ 1.436074, 44.252353 ], [ 1.43901, 44.250711 ], [ 1.439321, 44.250537 ], [ 1.439823, 44.250284 ], [ 1.440163, 44.250456 ], [ 1.440697, 44.250857 ], [ 1.441113, 44.25142 ], [ 1.441331, 44.251981 ], [ 1.441749, 44.254115 ], [ 1.441746, 44.254898 ], [ 1.440838, 44.255638 ], [ 1.440473, 44.255758 ], [ 1.43412, 44.258708 ], [ 1.432616, 44.261979 ], [ 1.430255, 44.268564 ], [ 1.434748, 44.276088 ], [ 1.433791, 44.279559 ], [ 1.431131, 44.287896 ], [ 1.430908, 44.288267 ], [ 1.428344, 44.290174 ], [ 1.426998, 44.28994 ], [ 1.426075, 44.289778 ], [ 1.423306, 44.289621 ], [ 1.416545, 44.293616 ], [ 1.417642, 44.297045 ], [ 1.417358, 44.299711 ], [ 1.418071, 44.302506 ], [ 1.425794, 44.305841 ], [ 1.427793, 44.304627 ], [ 1.428267, 44.30437 ], [ 1.429799, 44.303505 ], [ 1.435712, 44.307381 ], [ 1.437653, 44.313613 ], [ 1.434818, 44.315832 ], [ 1.426391, 44.314578 ], [ 1.425161, 44.314741 ], [ 1.424976, 44.314752 ], [ 1.41987, 44.312778 ], [ 1.419246, 44.312321 ], [ 1.412675, 44.309777 ], [ 1.408299, 44.306978 ], [ 1.403729, 44.307899 ], [ 1.39791, 44.311933 ], [ 1.394099, 44.318451 ], [ 1.395576, 44.326534 ], [ 1.395954, 44.327179 ], [ 1.396113, 44.327775 ], [ 1.396142, 44.328245 ], [ 1.396003, 44.329169 ], [ 1.395885, 44.329471 ], [ 1.39281, 44.329147 ], [ 1.392234, 44.329018 ], [ 1.391651, 44.328713 ], [ 1.391068, 44.32809 ], [ 1.390802, 44.32748 ], [ 1.38875, 44.323794 ], [ 1.388741, 44.330122 ], [ 1.389783, 44.333568 ] ] ], [ [ [ 1.286845, 44.28992 ], [ 1.286765, 44.290122 ], [ 1.287261, 44.293583 ], [ 1.290816, 44.300159 ], [ 1.289613, 44.308463 ], [ 1.283562366576649, 44.309216664006925 ], [ 1.283822, 44.309624 ], [ 1.286105, 44.310992 ], [ 1.28657, 44.311276 ], [ 1.287031, 44.313001 ], [ 1.28664, 44.31356 ], [ 1.286618, 44.31359 ], [ 1.286193, 44.314171 ], [ 1.284691, 44.314347 ], [ 1.282199461915893, 44.313879345375362 ], [ 1.284825, 44.31965 ], [ 1.285316, 44.321556 ], [ 1.285641, 44.322551 ], [ 1.285721, 44.322626 ], [ 1.287245, 44.323173 ], [ 1.293301, 44.323598 ], [ 1.294994, 44.322894 ], [ 1.295482, 44.322497 ], [ 1.299122, 44.319182 ], [ 1.30743, 44.318608 ], [ 1.309677, 44.319252 ], [ 1.310077, 44.319374 ], [ 1.310527, 44.319438 ], [ 1.318958, 44.320464 ], [ 1.319609, 44.320601 ], [ 1.32033, 44.320642 ], [ 1.320848, 44.320597 ], [ 1.321238, 44.320534 ], [ 1.322258, 44.320307 ], [ 1.326966, 44.313912 ], [ 1.333794, 44.319183 ], [ 1.339448, 44.320247 ], [ 1.343633, 44.323031 ], [ 1.346786, 44.32477 ], [ 1.352613, 44.323691 ], [ 1.359935, 44.323633 ], [ 1.362547, 44.325386 ], [ 1.365177, 44.327844 ], [ 1.372051, 44.329016 ], [ 1.373387, 44.325673 ], [ 1.370537, 44.324534 ], [ 1.367504, 44.319693 ], [ 1.375376, 44.315394 ], [ 1.372301, 44.314349 ], [ 1.370628, 44.31414 ], [ 1.365415, 44.321208 ], [ 1.362774, 44.323654 ], [ 1.358832, 44.321387 ], [ 1.350172, 44.322101 ], [ 1.347327, 44.319895 ], [ 1.343692, 44.316715 ], [ 1.340745, 44.314392 ], [ 1.340327, 44.313785 ], [ 1.332371, 44.310214 ], [ 1.329374, 44.310601 ], [ 1.327383, 44.307602 ], [ 1.319673, 44.307403 ], [ 1.318552, 44.310882 ], [ 1.318233, 44.31353 ], [ 1.315896, 44.316268 ], [ 1.313117, 44.318453 ], [ 1.311292, 44.318267 ], [ 1.310887, 44.31821 ], [ 1.310392, 44.318086 ], [ 1.308204, 44.314852 ], [ 1.302065, 44.313254 ], [ 1.297034, 44.315967 ], [ 1.296727, 44.316295 ], [ 1.295493, 44.317036 ], [ 1.290611, 44.317732 ], [ 1.288651, 44.314712 ], [ 1.291214, 44.309728 ], [ 1.294416, 44.306935 ], [ 1.294809, 44.306462 ], [ 1.295975, 44.298995 ], [ 1.291588, 44.295348 ], [ 1.29133, 44.291757 ], [ 1.294863, 44.285593 ], [ 1.290483, 44.281289 ], [ 1.289855, 44.281106 ], [ 1.289298, 44.280851 ], [ 1.288574, 44.280283 ], [ 1.288172, 44.288799 ], [ 1.286845, 44.28992 ] ] ], [ [ [ 1.272512, 44.262557 ], [ 1.272305, 44.26295 ], [ 1.26805, 44.269495 ], [ 1.264792, 44.270999 ], [ 1.261751, 44.270942 ], [ 1.26072, 44.274391 ], [ 1.261366, 44.274584 ], [ 1.263011, 44.274855 ], [ 1.269109, 44.275182 ], [ 1.273736, 44.27695 ], [ 1.276445, 44.280471 ], [ 1.27737, 44.281644 ], [ 1.277672, 44.281653 ], [ 1.278405, 44.281578 ], [ 1.28001, 44.279972 ], [ 1.288574, 44.280283 ], [ 1.281375, 44.278244 ], [ 1.280288, 44.278011 ], [ 1.279915, 44.277887 ], [ 1.276103, 44.275043 ], [ 1.271281, 44.274082 ], [ 1.27115, 44.270484 ], [ 1.273018, 44.270416 ], [ 1.274885, 44.270348 ], [ 1.278578, 44.262505 ], [ 1.277048, 44.259246 ], [ 1.272406, 44.256771 ], [ 1.271277779440512, 44.2566651576414 ], [ 1.272778, 44.262112 ], [ 1.272512, 44.262557 ] ] ] ] } },
{ "type": "Feature", "properties": { "codgeo": "46063", "value": 720, "isochrone_group": 12.0, "nb_agences": 1 }, "geometry": { "type": "MultiPolygon", "coordinates": [ [ [ [ 1.293609, 44.241233 ], [ 1.292658, 44.238296 ], [ 1.292128, 44.237953 ], [ 1.289602, 44.236682 ], [ 1.285238, 44.233267 ], [ 1.279659, 44.235395 ], [ 1.271859, 44.237967 ], [ 1.266419, 44.239073 ], [ 1.265869, 44.239096 ], [ 1.265444, 44.239137 ], [ 1.264431, 44.239304 ], [ 1.263842, 44.239413 ], [ 1.262609, 44.239696 ], [ 1.256692, 44.23812 ], [ 1.254555, 44.235223 ], [ 1.251544, 44.233732 ], [ 1.251073, 44.233607 ], [ 1.248904, 44.233221 ], [ 1.247109, 44.236342 ], [ 1.247552, 44.238773 ], [ 1.249, 44.241837 ], [ 1.247956, 44.249867 ], [ 1.242409, 44.254364 ], [ 1.241938, 44.254519 ], [ 1.240866, 44.255024 ], [ 1.239543755715775, 44.255685397724505 ], [ 1.24009, 44.255657 ], [ 1.240832, 44.256466 ], [ 1.242754, 44.258078 ], [ 1.250649, 44.259767 ], [ 1.253767, 44.261566 ], [ 1.255543, 44.263101 ], [ 1.258968, 44.270053 ], [ 1.257856, 44.273477 ], [ 1.25747494808066, 44.275275617830467 ], [ 1.260026, 44.277363 ], [ 1.26055, 44.277376 ], [ 1.261321, 44.277246 ], [ 1.265692, 44.276674 ], [ 1.270477, 44.280611 ], [ 1.273938, 44.285078 ], [ 1.280953, 44.290291 ], [ 1.280976, 44.290796 ], [ 1.28134, 44.291663 ], [ 1.28174, 44.292906 ], [ 1.282066, 44.293114 ], [ 1.285305, 44.29524 ], [ 1.287915, 44.297719 ], [ 1.288917, 44.300083 ], [ 1.286752, 44.308171 ], [ 1.286712611479442, 44.308170196152631 ], [ 1.28697160654014, 44.308792010706739 ], [ 1.289613, 44.308463 ], [ 1.290816, 44.300159 ], [ 1.287261, 44.293583 ], [ 1.286765, 44.290122 ], [ 1.286845, 44.28992 ], [ 1.288172, 44.288799 ], [ 1.288574, 44.280283 ], [ 1.28001, 44.279972 ], [ 1.278405, 44.281578 ], [ 1.277672, 44.281653 ], [ 1.27737, 44.281644 ], [ 1.276445, 44.280471 ], [ 1.273736, 44.27695 ], [ 1.269109, 44.275182 ], [ 1.263011, 44.274855 ], [ 1.261366, 44.274584 ], [ 1.26072, 44.274391 ], [ 1.261751, 44.270942 ], [ 1.264792, 44.270999 ], [ 1.26805, 44.269495 ], [ 1.272305, 44.26295 ], [ 1.272512, 44.262557 ], [ 1.272778, 44.262112 ], [ 1.270517, 44.253903 ], [ 1.266025, 44.254885 ], [ 1.265596, 44.255117 ], [ 1.263469, 44.256115 ], [ 1.261528, 44.257169 ], [ 1.259849, 44.258368 ], [ 1.259683, 44.258496 ], [ 1.253649, 44.255823 ], [ 1.250765, 44.256052 ], [ 1.249643, 44.256155 ], [ 1.249109, 44.255355 ], [ 1.248789, 44.252658 ], [ 1.248954, 44.252617 ], [ 1.249322, 44.252556 ], [ 1.251918, 44.251786 ], [ 1.253653, 44.243058 ], [ 1.253346, 44.242897 ], [ 1.25502, 44.23971 ], [ 1.259456, 44.240867 ], [ 1.267033, 44.242876 ], [ 1.268795, 44.241332 ], [ 1.275521, 44.242066 ], [ 1.283715, 44.238765 ], [ 1.285689, 44.237905 ], [ 1.289183, 44.239432 ], [ 1.290135, 44.242904 ], [ 1.293019, 44.250041 ], [ 1.293427, 44.241813 ], [ 1.293609, 44.241233 ] ] ], [ [ [ 1.278192, 44.316805 ], [ 1.280738, 44.319888 ], [ 1.282245, 44.32521 ], [ 1.282608, 44.328266 ], [ 1.283303, 44.328651 ], [ 1.285216, 44.329212 ], [ 1.287834, 44.326828 ], [ 1.288354, 44.326353 ], [ 1.295518, 44.325255 ], [ 1.297262, 44.327769 ], [ 1.297641, 44.328655 ], [ 1.29887, 44.329215 ], [ 1.299413, 44.329464 ], [ 1.300217, 44.328937 ], [ 1.301589, 44.326596 ], [ 1.300872, 44.326052 ], [ 1.300615, 44.325827 ], [ 1.299454, 44.324278 ], [ 1.299479, 44.319321 ], [ 1.306964, 44.319236 ], [ 1.3085, 44.31943 ], [ 1.310045, 44.319591 ], [ 1.311472, 44.319991 ], [ 1.318958, 44.320464 ], [ 1.310527, 44.319438 ], [ 1.310077, 44.319374 ], [ 1.309677, 44.319252 ], [ 1.30743, 44.318608 ], [ 1.299122, 44.319182 ], [ 1.295482, 44.322497 ], [ 1.294994, 44.322894 ], [ 1.293301, 44.323598 ], [ 1.287245, 44.323173 ], [ 1.285721, 44.322626 ], [ 1.285641, 44.322551 ], [ 1.285316, 44.321556 ], [ 1.284825, 44.31965 ], [ 1.284366547545379, 44.318642370061802 ], [ 1.278177, 44.316708 ], [ 1.278123124065378, 44.316690022368846 ], [ 1.278192, 44.316805 ] ] ], [ [ [ 1.43284, 44.241447 ], [ 1.430223, 44.239827 ], [ 1.42739, 44.242048 ], [ 1.42393, 44.248191 ], [ 1.423174, 44.24866 ], [ 1.422131, 44.249195 ], [ 1.413362, 44.24854 ], [ 1.412276, 44.245108 ], [ 1.405731, 44.241343 ], [ 1.398271, 44.236951 ], [ 1.397115, 44.234321 ], [ 1.396926, 44.233881 ], [ 1.393569, 44.235292 ], [ 1.387842, 44.232365 ], [ 1.386947, 44.231069 ], [ 1.386484, 44.230934 ], [ 1.384278, 44.231853 ], [ 1.376703, 44.232432 ], [ 1.371818, 44.231199 ], [ 1.370636, 44.222823 ], [ 1.371592, 44.222045 ], [ 1.372835, 44.22104 ], [ 1.372964, 44.220087 ], [ 1.369992, 44.212048 ], [ 1.370878, 44.205351 ], [ 1.368369, 44.202769 ], [ 1.362524, 44.202395 ], [ 1.360492, 44.205367 ], [ 1.356228, 44.209329 ], [ 1.350458, 44.208892 ], [ 1.341491, 44.209477 ], [ 1.341478, 44.20948 ], [ 1.33697, 44.211997 ], [ 1.329404, 44.212402 ], [ 1.324333, 44.210895 ], [ 1.317215, 44.20718 ], [ 1.316771, 44.206834 ], [ 1.312432, 44.204541 ], [ 1.311266, 44.203869 ], [ 1.310154, 44.203272 ], [ 1.302823, 44.199873 ], [ 1.302091, 44.20043 ], [ 1.300348, 44.202487 ], [ 1.301268, 44.211073 ], [ 1.300012, 44.213249 ], [ 1.298938, 44.215112 ], [ 1.302057, 44.21691 ], [ 1.306099, 44.224921 ], [ 1.306026, 44.226398 ], [ 1.306029, 44.22648 ], [ 1.306192, 44.22754 ], [ 1.306226, 44.227805 ], [ 1.305954, 44.236394 ], [ 1.306011, 44.236583 ], [ 1.306629, 44.240742 ], [ 1.302269, 44.2461 ], [ 1.307381, 44.241762 ], [ 1.308665, 44.23877 ], [ 1.309383, 44.237592 ], [ 1.313133, 44.233431 ], [ 1.313242, 44.233228 ], [ 1.316483, 44.23207 ], [ 1.316859, 44.23185 ], [ 1.317717, 44.231457 ], [ 1.319025, 44.230932 ], [ 1.319252, 44.230803 ], [ 1.319761, 44.230494 ], [ 1.321271, 44.223431 ], [ 1.315174, 44.222059 ], [ 1.313025, 44.223499 ], [ 1.312354, 44.223733 ], [ 1.311682, 44.223773 ], [ 1.310911, 44.223617 ], [ 1.310405, 44.223364 ], [ 1.309911, 44.223006 ], [ 1.310381, 44.214428 ], [ 1.308263, 44.209624 ], [ 1.310303, 44.206657 ], [ 1.312745, 44.208336 ], [ 1.313092, 44.208641 ], [ 1.32, 44.213516 ], [ 1.326729, 44.213542 ], [ 1.326919, 44.213666 ], [ 1.328476, 44.214859 ], [ 1.329041, 44.215264 ], [ 1.334627, 44.217271 ], [ 1.338039, 44.216126 ], [ 1.341061, 44.214668 ], [ 1.342437, 44.213603 ], [ 1.343408, 44.214491 ], [ 1.346558, 44.21656 ], [ 1.35492, 44.216585 ], [ 1.355876, 44.215679 ], [ 1.356532, 44.215282 ], [ 1.360867, 44.210264 ], [ 1.361356, 44.209586 ], [ 1.361838, 44.209118 ], [ 1.361997, 44.208963 ], [ 1.366321, 44.212352 ], [ 1.366443, 44.212602 ], [ 1.366639, 44.213254 ], [ 1.367115, 44.220775 ], [ 1.367684, 44.222257 ], [ 1.368071, 44.224246 ], [ 1.368168, 44.226928 ], [ 1.368237, 44.227974 ], [ 1.368192, 44.232885 ], [ 1.372777, 44.236626 ], [ 1.38078, 44.234567 ], [ 1.380981, 44.234514 ], [ 1.38197, 44.235245 ], [ 1.382298, 44.235489 ], [ 1.383433, 44.237149 ], [ 1.386912, 44.240405 ], [ 1.392798, 44.238611 ], [ 1.396147, 44.239933 ], [ 1.403635, 44.243272 ], [ 1.404982, 44.243592 ], [ 1.405734, 44.243801 ], [ 1.406417, 44.244017 ], [ 1.410339, 44.248658 ], [ 1.415802, 44.252994 ], [ 1.421398, 44.250281 ], [ 1.423146, 44.250725 ], [ 1.424406, 44.251419 ], [ 1.430034, 44.253645 ], [ 1.434025, 44.248921 ], [ 1.434901, 44.247061 ], [ 1.436512850589174, 44.24384927542043 ], [ 1.436143, 44.243665 ], [ 1.43284, 44.241447 ] ] ], [ [ [ 1.381764, 44.334608 ], [ 1.389875, 44.336898 ], [ 1.394635, 44.340648 ], [ 1.399796, 44.344917 ], [ 1.402999, 44.343273 ], [ 1.401988, 44.339328 ], [ 1.401424, 44.335204 ], [ 1.406893, 44.330197 ], [ 1.408045, 44.330108 ], [ 1.407768, 44.326518 ], [ 1.405037, 44.323211 ], [ 1.406856, 44.317336 ], [ 1.410084, 44.313888 ], [ 1.416661, 44.319259 ], [ 1.418663, 44.321167 ], [ 1.41881, 44.321372 ], [ 1.425625, 44.324877 ], [ 1.426004, 44.325279 ], [ 1.427341, 44.326534 ], [ 1.427511, 44.326526 ], [ 1.428314, 44.32648 ], [ 1.428851, 44.326406 ], [ 1.430739, 44.326149 ], [ 1.435163, 44.325089 ], [ 1.438323, 44.323762 ], [ 1.441577, 44.322223 ], [ 1.448445, 44.324172 ], [ 1.450954, 44.325699 ], [ 1.453262, 44.324756 ], [ 1.453752, 44.323854 ], [ 1.453461, 44.323116 ], [ 1.450718, 44.318523 ], [ 1.450811, 44.310458 ], [ 1.451339, 44.308138 ], [ 1.45119, 44.30785 ], [ 1.45009, 44.306931 ], [ 1.445023, 44.302083 ], [ 1.44477, 44.298982 ], [ 1.445963, 44.295585 ], [ 1.445232, 44.295011 ], [ 1.444012, 44.293473 ], [ 1.442776, 44.289714 ], [ 1.449775, 44.286458 ], [ 1.450961, 44.287064 ], [ 1.453135, 44.284195 ], [ 1.45094, 44.281707 ], [ 1.446586, 44.276479 ], [ 1.445695, 44.274325 ], [ 1.445423, 44.273711 ], [ 1.444933, 44.273093 ], [ 1.444396, 44.272643 ], [ 1.441328, 44.267825 ], [ 1.441185, 44.266058 ], [ 1.441224, 44.265248 ], [ 1.447814, 44.25967 ], [ 1.451184, 44.258402 ], [ 1.457143, 44.255337 ], [ 1.460037, 44.253195 ], [ 1.462451, 44.24466 ], [ 1.462652, 44.244544 ], [ 1.460848, 44.241428 ], [ 1.453965, 44.241053 ], [ 1.45212, 44.244145 ], [ 1.449811, 44.246178 ], [ 1.450299, 44.245972 ], [ 1.451533, 44.246356 ], [ 1.451937, 44.246635 ], [ 1.451697, 44.24929 ], [ 1.448687, 44.251321 ], [ 1.445561, 44.25758 ], [ 1.439233, 44.263041 ], [ 1.438929, 44.263472 ], [ 1.438018, 44.26406 ], [ 1.434344, 44.268049 ], [ 1.435992, 44.275307 ], [ 1.438782, 44.276616 ], [ 1.442303, 44.279411 ], [ 1.443706, 44.280031 ], [ 1.444649, 44.281085 ], [ 1.44467, 44.281168 ], [ 1.444583, 44.28233 ], [ 1.443999, 44.283096 ], [ 1.44395, 44.283133 ], [ 1.438692, 44.290043 ], [ 1.438523, 44.293639 ], [ 1.436732, 44.293555 ], [ 1.432558, 44.300402 ], [ 1.439285, 44.304657 ], [ 1.442851, 44.30604 ], [ 1.443677, 44.306161 ], [ 1.444232, 44.30638 ], [ 1.444437, 44.30896 ], [ 1.443945, 44.317404 ], [ 1.444161, 44.320997 ], [ 1.437263, 44.323445 ], [ 1.433094, 44.320749 ], [ 1.432097, 44.319787 ], [ 1.423651, 44.318698 ], [ 1.423038, 44.318687 ], [ 1.421412, 44.31588 ], [ 1.413166, 44.313096 ], [ 1.409983, 44.311246 ], [ 1.404242, 44.314776 ], [ 1.403968, 44.314979 ], [ 1.403348, 44.315285 ], [ 1.402703, 44.315404 ], [ 1.402178, 44.315371 ], [ 1.401616, 44.315209 ], [ 1.395192, 44.317893 ], [ 1.396505, 44.323078 ], [ 1.40037, 44.325257 ], [ 1.401878, 44.326215 ], [ 1.401957, 44.326424 ], [ 1.400431, 44.331596 ], [ 1.398724, 44.335279 ], [ 1.395647, 44.337148 ], [ 1.389783, 44.333568 ], [ 1.388741, 44.330122 ], [ 1.38875, 44.323794 ], [ 1.384235, 44.321267 ], [ 1.382355, 44.318272 ], [ 1.378326, 44.315661 ], [ 1.376811, 44.315584 ], [ 1.375922, 44.315506 ], [ 1.375376, 44.315394 ], [ 1.367504, 44.319693 ], [ 1.370537, 44.324534 ], [ 1.373387, 44.325673 ], [ 1.372051, 44.329016 ], [ 1.371712888647904, 44.328958352850641 ], [ 1.373939, 44.330165 ], [ 1.381764, 44.334608 ] ] ], [ [ [ 1.339259, 44.324361 ], [ 1.341492, 44.327 ], [ 1.344665, 44.328702 ], [ 1.351202, 44.326385 ], [ 1.351699, 44.325784 ], [ 1.360358, 44.328234 ], [ 1.361543, 44.329333 ], [ 1.362219, 44.329451 ], [ 1.362773, 44.329437 ], [ 1.363185, 44.3294 ], [ 1.37039769455188, 44.32873411550986 ], [ 1.365177, 44.327844 ], [ 1.362547, 44.325386 ], [ 1.359935, 44.323633 ], [ 1.352613, 44.323691 ], [ 1.346786, 44.32477 ], [ 1.343633, 44.323031 ], [ 1.339448, 44.320247 ], [ 1.335727614997015, 44.319546878025612 ], [ 1.335948, 44.321503 ], [ 1.339259, 44.324361 ] ] ] ] } },
{ "type": "Feature", "properties": { "codgeo": "46063", "value": 780, "isochrone_group": 13.0, "nb_agences": 1 }, "geometry": { "type": "MultiPolygon", "coordinates": [ [ [ [ 1.434024, 44.236673 ], [ 1.425528, 44.237008 ], [ 1.419284, 44.236872 ], [ 1.413093, 44.241074 ], [ 1.410746, 44.240449 ], [ 1.404718, 44.237659 ], [ 1.403487, 44.236912 ], [ 1.398763, 44.230654 ], [ 1.397185, 44.229644 ], [ 1.390573, 44.231212 ], [ 1.387039, 44.228274 ], [ 1.383495, 44.228906 ], [ 1.377587, 44.229059 ], [ 1.374247, 44.223636 ], [ 1.376069, 44.21978 ], [ 1.37654, 44.217564 ], [ 1.37586, 44.216111 ], [ 1.374035, 44.21213 ], [ 1.376658, 44.20387 ], [ 1.377424, 44.200353 ], [ 1.372805, 44.195869 ], [ 1.369763, 44.197793 ], [ 1.362027, 44.199436 ], [ 1.359668, 44.196716 ], [ 1.35764, 44.196747 ], [ 1.355269, 44.199456 ], [ 1.352224, 44.206714 ], [ 1.344192, 44.207226 ], [ 1.342279, 44.205367 ], [ 1.341907, 44.205587 ], [ 1.341577, 44.20582 ], [ 1.335417, 44.208785 ], [ 1.33182, 44.208936 ], [ 1.325808, 44.207573 ], [ 1.319558, 44.204846 ], [ 1.31216, 44.19996 ], [ 1.311814, 44.19996 ], [ 1.311245, 44.200011 ], [ 1.303264, 44.196445 ], [ 1.302938, 44.19597 ], [ 1.302503, 44.195487 ], [ 1.296749, 44.193585 ], [ 1.294087, 44.192692 ], [ 1.292839, 44.196068 ], [ 1.295218, 44.204148 ], [ 1.297257, 44.207116 ], [ 1.298792, 44.210185 ], [ 1.297507, 44.217594 ], [ 1.293359, 44.222082 ], [ 1.292963, 44.222465 ], [ 1.292429, 44.223721 ], [ 1.292259, 44.224606 ], [ 1.291268, 44.22932 ], [ 1.288768, 44.231536 ], [ 1.281949, 44.230716 ], [ 1.279807, 44.230113 ], [ 1.278541, 44.230078 ], [ 1.277603, 44.230258 ], [ 1.277393, 44.232783 ], [ 1.269915, 44.236082 ], [ 1.26778, 44.233595 ], [ 1.267369, 44.232262 ], [ 1.260022, 44.232679 ], [ 1.25182, 44.231057 ], [ 1.243367, 44.228161 ], [ 1.243036, 44.228008 ], [ 1.242049, 44.227607 ], [ 1.240629, 44.230096 ], [ 1.240695, 44.230942 ], [ 1.241317, 44.23363 ], [ 1.241546, 44.237379 ], [ 1.243101, 44.242205 ], [ 1.243489, 44.249706 ], [ 1.237891714114137, 44.255391397080437 ], [ 1.241162, 44.25486 ], [ 1.243153081631822, 44.253760766703024 ], [ 1.247956, 44.249867 ], [ 1.249, 44.241837 ], [ 1.247552, 44.238773 ], [ 1.247109, 44.236342 ], [ 1.248904, 44.233221 ], [ 1.251073, 44.233607 ], [ 1.251544, 44.233732 ], [ 1.254555, 44.235223 ], [ 1.256692, 44.23812 ], [ 1.262609, 44.239696 ], [ 1.263842, 44.239413 ], [ 1.264431, 44.239304 ], [ 1.265444, 44.239137 ], [ 1.265869, 44.239096 ], [ 1.266419, 44.239073 ], [ 1.271859, 44.237967 ], [ 1.279659, 44.235395 ], [ 1.285238, 44.233267 ], [ 1.289602, 44.236682 ], [ 1.292128, 44.237953 ], [ 1.292658, 44.238296 ], [ 1.293609, 44.241233 ], [ 1.293427, 44.241813 ], [ 1.293019, 44.250041 ], [ 1.296383, 44.25096 ], [ 1.300342, 44.248341 ], [ 1.300686, 44.24769 ], [ 1.301275, 44.246954 ], [ 1.301842, 44.246409 ], [ 1.302269, 44.2461 ], [ 1.306629, 44.240742 ], [ 1.306011, 44.236583 ], [ 1.305954, 44.236394 ], [ 1.306226, 44.227805 ], [ 1.306192, 44.22754 ], [ 1.306029, 44.22648 ], [ 1.306026, 44.226398 ], [ 1.306099, 44.224921 ], [ 1.302057, 44.21691 ], [ 1.298938, 44.215112 ], [ 1.300012, 44.213249 ], [ 1.301268, 44.211073 ], [ 1.300348, 44.202487 ], [ 1.302091, 44.20043 ], [ 1.302823, 44.199873 ], [ 1.310154, 44.203272 ], [ 1.311266, 44.203869 ], [ 1.312432, 44.204541 ], [ 1.316771, 44.206834 ], [ 1.317215, 44.20718 ], [ 1.324333, 44.210895 ], [ 1.329404, 44.212402 ], [ 1.33697, 44.211997 ], [ 1.341478, 44.20948 ], [ 1.341491, 44.209477 ], [ 1.350458, 44.208892 ], [ 1.356228, 44.209329 ], [ 1.360492, 44.205367 ], [ 1.362524, 44.202395 ], [ 1.368369, 44.202769 ], [ 1.370878, 44.205351 ], [ 1.369992, 44.212048 ], [ 1.372964, 44.220087 ], [ 1.372835, 44.22104 ], [ 1.371592, 44.222045 ], [ 1.370636, 44.222823 ], [ 1.371818, 44.231199 ], [ 1.376703, 44.232432 ], [ 1.384278, 44.231853 ], [ 1.386484, 44.230934 ], [ 1.386947, 44.231069 ], [ 1.387842, 44.232365 ], [ 1.393569, 44.235292 ], [ 1.396926, 44.233881 ], [ 1.397115, 44.234321 ], [ 1.398271, 44.236951 ], [ 1.405731, 44.241343 ], [ 1.412276, 44.245108 ], [ 1.413362, 44.24854 ], [ 1.422131, 44.249195 ], [ 1.423174, 44.24866 ], [ 1.42393, 44.248191 ], [ 1.42739, 44.242048 ], [ 1.430223, 44.239827 ], [ 1.43284, 44.241447 ], [ 1.436143, 44.243665 ], [ 1.438704, 44.244941 ], [ 1.435687, 44.239866 ], [ 1.434024, 44.236673 ] ] ], [ [ [ 1.234244, 44.255937 ], [ 1.233963790697175, 44.255894181773925 ], [ 1.234103, 44.255937 ], [ 1.234357384792573, 44.255946421658976 ], [ 1.234244, 44.255937 ] ] ], [ [ [ 1.463375, 44.243992 ], [ 1.468215, 44.242195 ], [ 1.469933, 44.241348 ], [ 1.47089, 44.240928 ], [ 1.471376, 44.24065 ], [ 1.471379, 44.240645 ], [ 1.471512, 44.237047 ], [ 1.471334, 44.237041 ], [ 1.470925, 44.237063 ], [ 1.464877, 44.238113 ], [ 1.46416, 44.238338 ], [ 1.463744, 44.2386 ], [ 1.461799, 44.240504 ], [ 1.453308, 44.240395 ], [ 1.451991, 44.239933 ], [ 1.449814, 44.239529 ], [ 1.448638, 44.240024 ], [ 1.448088, 44.240335 ], [ 1.444977, 44.248197 ], [ 1.449811, 44.246178 ], [ 1.45212, 44.244145 ], [ 1.453965, 44.241053 ], [ 1.460848, 44.241428 ], [ 1.462647934573071, 44.244536977898932 ], [ 1.462848, 44.244412 ], [ 1.463375, 44.243992 ] ] ], [ [ [ 1.370535, 44.330351 ], [ 1.374407, 44.334681 ], [ 1.375014, 44.335093 ], [ 1.377136, 44.336278 ], [ 1.377895, 44.33665 ], [ 1.378286, 44.336804 ], [ 1.386005, 44.337724 ], [ 1.388886, 44.34109 ], [ 1.391851, 44.345263 ], [ 1.397195, 44.346182 ], [ 1.403865, 44.351524 ], [ 1.405255, 44.351256 ], [ 1.406801, 44.349441 ], [ 1.408418, 44.342453 ], [ 1.40784, 44.3389 ], [ 1.409112, 44.330389 ], [ 1.410436, 44.3296 ], [ 1.411013, 44.329278 ], [ 1.412622, 44.328246 ], [ 1.413267, 44.327695 ], [ 1.415887, 44.326231 ], [ 1.423618, 44.327497 ], [ 1.424786, 44.328932 ], [ 1.42504, 44.329207 ], [ 1.425343, 44.329449 ], [ 1.425839, 44.329769 ], [ 1.426754, 44.329607 ], [ 1.426983, 44.329501 ], [ 1.432878, 44.327386 ], [ 1.43795, 44.325391 ], [ 1.446531, 44.327634 ], [ 1.450061, 44.328339 ], [ 1.458833, 44.329013 ], [ 1.459429, 44.329262 ], [ 1.460034, 44.329398 ], [ 1.462014, 44.32975 ], [ 1.463362, 44.328708 ], [ 1.463453, 44.328491 ], [ 1.463114, 44.326322 ], [ 1.462419, 44.326099 ], [ 1.45751, 44.3232 ], [ 1.455169, 44.320465 ], [ 1.454089, 44.314016 ], [ 1.455902, 44.308315 ], [ 1.456082, 44.307135 ], [ 1.453884, 44.305142 ], [ 1.452277, 44.296954 ], [ 1.454081, 44.295945 ], [ 1.458286, 44.292164 ], [ 1.458456, 44.292044 ], [ 1.459072, 44.290979 ], [ 1.458402, 44.288801 ], [ 1.457408, 44.285622 ], [ 1.455167, 44.279374 ], [ 1.455122, 44.27929 ], [ 1.454102, 44.278435 ], [ 1.451335, 44.271018 ], [ 1.45156, 44.262169 ], [ 1.459393, 44.259604 ], [ 1.462874, 44.258688 ], [ 1.463128, 44.256172 ], [ 1.463131, 44.254498 ], [ 1.462345, 44.253524 ], [ 1.462451, 44.24466 ], [ 1.460037, 44.253195 ], [ 1.457143, 44.255337 ], [ 1.451184, 44.258402 ], [ 1.447814, 44.25967 ], [ 1.441224, 44.265248 ], [ 1.441185, 44.266058 ], [ 1.441328, 44.267825 ], [ 1.444396, 44.272643 ], [ 1.444933, 44.273093 ], [ 1.445423, 44.273711 ], [ 1.445695, 44.274325 ], [ 1.446586, 44.276479 ], [ 1.45094, 44.281707 ], [ 1.453135, 44.284195 ], [ 1.450961, 44.287064 ], [ 1.449775, 44.286458 ], [ 1.442776, 44.289714 ], [ 1.444012, 44.293473 ], [ 1.445232, 44.295011 ], [ 1.445963, 44.295585 ], [ 1.44477, 44.298982 ], [ 1.445023, 44.302083 ], [ 1.45009, 44.306931 ], [ 1.45119, 44.30785 ], [ 1.451339, 44.308138 ], [ 1.450811, 44.310458 ], [ 1.450718, 44.318523 ], [ 1.453461, 44.323116 ], [ 1.453752, 44.323854 ], [ 1.453262, 44.324756 ], [ 1.450954, 44.325699 ], [ 1.448445, 44.324172 ], [ 1.441577, 44.322223 ], [ 1.438323, 44.323762 ], [ 1.435163, 44.325089 ], [ 1.430739, 44.326149 ], [ 1.428851, 44.326406 ], [ 1.428314, 44.32648 ], [ 1.427511, 44.326526 ], [ 1.427341, 44.326534 ], [ 1.426004, 44.325279 ], [ 1.425625, 44.324877 ], [ 1.41881, 44.321372 ], [ 1.418663, 44.321167 ], [ 1.416661, 44.319259 ], [ 1.410084, 44.313888 ], [ 1.406856, 44.317336 ], [ 1.405037, 44.323211 ], [ 1.407768, 44.326518 ], [ 1.408045, 44.330108 ], [ 1.406893, 44.330197 ], [ 1.401424, 44.335204 ], [ 1.401988, 44.339328 ], [ 1.402999, 44.343273 ], [ 1.399796, 44.344917 ], [ 1.394635, 44.340648 ], [ 1.389875, 44.336898 ], [ 1.381764, 44.334608 ], [ 1.373939, 44.330165 ], [ 1.371168, 44.328663 ], [ 1.363185, 44.3294 ], [ 1.362773, 44.329437 ], [ 1.362219, 44.329451 ], [ 1.361543, 44.329333 ], [ 1.362866, 44.330381 ], [ 1.370535, 44.330351 ] ] ], [ [ [ 1.332431, 44.319254 ], [ 1.334149, 44.322418 ], [ 1.338802, 44.329031 ], [ 1.339006, 44.330479 ], [ 1.339164, 44.331514 ], [ 1.339673, 44.33229 ], [ 1.34086, 44.332786 ], [ 1.341573, 44.332808 ], [ 1.343519, 44.331313 ], [ 1.344121, 44.330578 ], [ 1.351202, 44.326385 ], [ 1.344665, 44.328702 ], [ 1.341492, 44.327 ], [ 1.339259, 44.324361 ], [ 1.335948, 44.321503 ], [ 1.335545, 44.317926 ], [ 1.333536325888875, 44.315949028672343 ], [ 1.332789, 44.31906 ], [ 1.332431, 44.319254 ] ] ], [ [ [ 1.271443, 44.315228 ], [ 1.271498, 44.315274 ], [ 1.27172, 44.315421 ], [ 1.273024, 44.316037 ], [ 1.273305, 44.316135 ], [ 1.278147, 44.321025 ], [ 1.278363, 44.325171 ], [ 1.277404, 44.331771 ], [ 1.277228, 44.332454 ], [ 1.280714, 44.333353 ], [ 1.284471, 44.330857 ], [ 1.293396, 44.3308 ], [ 1.301401, 44.334845 ], [ 1.302431, 44.33554 ], [ 1.305377, 44.333795 ], [ 1.309655, 44.328189 ], [ 1.3148, 44.321635 ], [ 1.319609, 44.320601 ], [ 1.318958, 44.320464 ], [ 1.311472, 44.319991 ], [ 1.310045, 44.319591 ], [ 1.3085, 44.31943 ], [ 1.306964, 44.319236 ], [ 1.299479, 44.319321 ], [ 1.299454, 44.324278 ], [ 1.300615, 44.325827 ], [ 1.300872, 44.326052 ], [ 1.301589, 44.326596 ], [ 1.300217, 44.328937 ], [ 1.299413, 44.329464 ], [ 1.29887, 44.329215 ], [ 1.297641, 44.328655 ], [ 1.297262, 44.327769 ], [ 1.295932268422941, 44.325852173632612 ], [ 1.292434894971239, 44.325727536197874 ], [ 1.288354, 44.326353 ], [ 1.287834, 44.326828 ], [ 1.285216, 44.329212 ], [ 1.283303, 44.328651 ], [ 1.282608, 44.328266 ], [ 1.282245, 44.32521 ], [ 1.280738, 44.319888 ], [ 1.278192, 44.316805 ], [ 1.2781267650373, 44.316696100403625 ], [ 1.271346244535416, 44.315089939021384 ], [ 1.271443, 44.315228 ] ] ], [ [ [ 1.263343, 44.280563 ], [ 1.26411, 44.280086 ], [ 1.271766, 44.283989 ], [ 1.27157, 44.286158 ], [ 1.273386, 44.287888 ], [ 1.274401, 44.288383 ], [ 1.278150747338126, 44.292921006371301 ], [ 1.280065, 44.291141 ], [ 1.280397, 44.290622 ], [ 1.280759, 44.290219 ], [ 1.280804777161543, 44.290180852365381 ], [ 1.273938, 44.285078 ], [ 1.270477, 44.280611 ], [ 1.265692, 44.276674 ], [ 1.261321, 44.277246 ], [ 1.260835450295565, 44.277327869599965 ], [ 1.258776954085328, 44.27866172608946 ], [ 1.263343, 44.280563 ] ] ], [ [ [ 1.288917, 44.300083 ], [ 1.287915, 44.297719 ], [ 1.286365138451005, 44.296246928436801 ], [ 1.287234, 44.298433 ], [ 1.288602126587317, 44.301259303077025 ], [ 1.288917, 44.300083 ] ] ] ] } },
{ "type": "Feature", "properties": { "codgeo": "46063", "value": 840, "isochrone_group": 14.0, "nb_agences": 1 }, "geometry": { "type": "MultiPolygon", "coordinates": [ [ [ [ 1.29009, 44.223996 ], [ 1.289684, 44.224516 ], [ 1.289534, 44.224747 ], [ 1.283808, 44.229008 ], [ 1.278129, 44.226404 ], [ 1.275319, 44.225874 ], [ 1.273303, 44.228857 ], [ 1.265193, 44.226736 ], [ 1.264734, 44.226027 ], [ 1.261711, 44.227982 ], [ 1.254443, 44.227975 ], [ 1.252821, 44.227143 ], [ 1.252089, 44.226894 ], [ 1.251418, 44.226919 ], [ 1.251323, 44.22694 ], [ 1.245019, 44.227583 ], [ 1.238418, 44.22363 ], [ 1.237171, 44.222969 ], [ 1.235045, 44.222624 ], [ 1.234681, 44.222974 ], [ 1.233394, 44.225233 ], [ 1.233184, 44.225728 ], [ 1.233101, 44.226184 ], [ 1.233149, 44.226876 ], [ 1.233381, 44.228529 ], [ 1.235624, 44.236902 ], [ 1.237525, 44.243073 ], [ 1.236439, 44.249792 ], [ 1.22897, 44.252398 ], [ 1.227769, 44.252106 ], [ 1.226971379993756, 44.251719106488295 ], [ 1.226919, 44.25219 ], [ 1.23307856847867, 44.255758912727892 ], [ 1.234244, 44.255937 ], [ 1.234357384792573, 44.255946421658976 ], [ 1.234454, 44.25595 ], [ 1.234628234674597, 44.255967714299231 ], [ 1.23671, 44.256069 ], [ 1.236915826558305, 44.256079501355018 ], [ 1.237041, 44.256076 ], [ 1.237290078634509, 44.256002503368236 ], [ 1.243489, 44.249706 ], [ 1.243101, 44.242205 ], [ 1.241546, 44.237379 ], [ 1.241317, 44.23363 ], [ 1.240695, 44.230942 ], [ 1.240629, 44.230096 ], [ 1.242049, 44.227607 ], [ 1.243036, 44.228008 ], [ 1.243367, 44.228161 ], [ 1.25182, 44.231057 ], [ 1.260022, 44.232679 ], [ 1.267369, 44.232262 ], [ 1.26778, 44.233595 ], [ 1.269915, 44.236082 ], [ 1.277393, 44.232783 ], [ 1.277603, 44.230258 ], [ 1.278541, 44.230078 ], [ 1.279807, 44.230113 ], [ 1.281949, 44.230716 ], [ 1.288768, 44.231536 ], [ 1.291268, 44.22932 ], [ 1.292259, 44.224606 ], [ 1.292429, 44.223721 ], [ 1.292963, 44.222465 ], [ 1.293359, 44.222082 ], [ 1.292475, 44.22276 ], [ 1.290553, 44.223819 ], [ 1.29009, 44.223996 ] ] ], [ [ [ 1.291262, 44.206548 ], [ 1.291049, 44.207193 ], [ 1.292174, 44.208742 ], [ 1.295513, 44.212934 ], [ 1.294293562901088, 44.221070833582424 ], [ 1.297507, 44.217594 ], [ 1.298792, 44.210185 ], [ 1.297257, 44.207116 ], [ 1.295218, 44.204148 ], [ 1.293039231981254, 44.196748064904803 ], [ 1.292793, 44.20505 ], [ 1.291772, 44.205165 ], [ 1.291262, 44.206548 ] ] ], [ [ [ 1.382306, 44.221897 ], [ 1.379292, 44.214505 ], [ 1.380157, 44.206397 ], [ 1.3817, 44.204881 ], [ 1.385111, 44.203323 ], [ 1.385704, 44.203033 ], [ 1.385984, 44.202835 ], [ 1.388339, 44.201373 ], [ 1.387204, 44.197957 ], [ 1.386327, 44.198248 ], [ 1.385256, 44.198512 ], [ 1.38447, 44.198837 ], [ 1.37618, 44.195648 ], [ 1.374094, 44.192259 ], [ 1.367822, 44.191045 ], [ 1.363642, 44.191201 ], [ 1.361834, 44.191459 ], [ 1.36177, 44.191513 ], [ 1.353402, 44.193296 ], [ 1.350729, 44.191439 ], [ 1.35039, 44.19127 ], [ 1.349659, 44.191893 ], [ 1.349192, 44.192337 ], [ 1.349068, 44.192469 ], [ 1.348566, 44.193012 ], [ 1.348266, 44.194064 ], [ 1.34525, 44.201981 ], [ 1.342317, 44.203377 ], [ 1.342169, 44.203419 ], [ 1.337166, 44.204935 ], [ 1.330288, 44.20536 ], [ 1.327325, 44.204503 ], [ 1.327226, 44.204545 ], [ 1.319151, 44.200722 ], [ 1.317346, 44.199207 ], [ 1.315098, 44.199387 ], [ 1.308208, 44.195992 ], [ 1.307168, 44.193121 ], [ 1.306491, 44.193288 ], [ 1.299782, 44.192898 ], [ 1.297282, 44.191617 ], [ 1.294274, 44.19099 ], [ 1.287967, 44.188988 ], [ 1.287923, 44.188972 ], [ 1.286342, 44.190254 ], [ 1.286691, 44.192355 ], [ 1.288333, 44.196129 ], [ 1.290536, 44.195663 ], [ 1.292635, 44.195979 ], [ 1.292841194326601, 44.19606206406521 ], [ 1.294087, 44.192692 ], [ 1.296749, 44.193585 ], [ 1.302503, 44.195487 ], [ 1.302938, 44.19597 ], [ 1.303264, 44.196445 ], [ 1.311245, 44.200011 ], [ 1.311814, 44.19996 ], [ 1.31216, 44.19996 ], [ 1.319558, 44.204846 ], [ 1.325808, 44.207573 ], [ 1.33182, 44.208936 ], [ 1.335417, 44.208785 ], [ 1.341577, 44.20582 ], [ 1.341907, 44.205587 ], [ 1.342279, 44.205367 ], [ 1.344192, 44.207226 ], [ 1.352224, 44.206714 ], [ 1.355269, 44.199456 ], [ 1.35764, 44.196747 ], [ 1.359668, 44.196716 ], [ 1.362027, 44.199436 ], [ 1.369763, 44.197793 ], [ 1.372805, 44.195869 ], [ 1.377424, 44.200353 ], [ 1.376658, 44.20387 ], [ 1.374035, 44.21213 ], [ 1.37586, 44.216111 ], [ 1.37654, 44.217564 ], [ 1.376069, 44.21978 ], [ 1.374247, 44.223636 ], [ 1.377587, 44.229059 ], [ 1.383495, 44.228906 ], [ 1.387039, 44.228274 ], [ 1.390573, 44.231212 ], [ 1.395173336869723, 44.23012105501941 ], [ 1.389724, 44.227314 ], [ 1.387048, 44.224905 ], [ 1.382306, 44.221897 ] ] ], [ [ [ 1.406205, 44.226428 ], [ 1.403041, 44.224711 ], [ 1.400911, 44.226624 ], [ 1.400169, 44.227514 ], [ 1.399912, 44.227892 ], [ 1.398401, 44.229858 ], [ 1.39804918054931, 44.230197119362977 ], [ 1.398763, 44.230654 ], [ 1.403487, 44.236912 ], [ 1.404718, 44.237659 ], [ 1.410746, 44.240449 ], [ 1.413093, 44.241074 ], [ 1.419284, 44.236872 ], [ 1.420242383585256, 44.236892874466299 ], [ 1.415751, 44.234424 ], [ 1.408076, 44.234049 ], [ 1.406205, 44.226428 ] ] ], [ [ [ 1.4509, 44.238075 ], [ 1.449978, 44.239066 ], [ 1.441329, 44.23956 ], [ 1.440113, 44.236172 ], [ 1.435706, 44.236212 ], [ 1.435054, 44.23628 ], [ 1.434559, 44.236415 ], [ 1.433567664163894, 44.236690993468116 ], [ 1.434024, 44.236673 ], [ 1.435687, 44.239866 ], [ 1.438704, 44.244941 ], [ 1.439747, 44.245555 ], [ 1.440543, 44.246125 ], [ 1.441473, 44.247009 ], [ 1.444977, 44.248197 ], [ 1.448088, 44.240335 ], [ 1.448638, 44.240024 ], [ 1.449814, 44.239529 ], [ 1.451991, 44.239933 ], [ 1.453308, 44.240395 ], [ 1.461799, 44.240504 ], [ 1.463744, 44.2386 ], [ 1.46416, 44.238338 ], [ 1.455356, 44.237694 ], [ 1.452687, 44.236323 ], [ 1.4509, 44.238075 ] ] ], [ [ [ 1.469205, 44.24268 ], [ 1.469588, 44.242484 ], [ 1.476956, 44.242043 ], [ 1.479388, 44.240303 ], [ 1.47953, 44.239974 ], [ 1.47993, 44.23853 ], [ 1.479862210479735, 44.238426633000998 ], [ 1.478768, 44.23896 ], [ 1.478612, 44.239049 ], [ 1.478596, 44.239058 ], [ 1.478492, 44.239116 ], [ 1.477979668070457, 44.239210162595796 ], [ 1.476859, 44.240008 ], [ 1.476417, 44.240137 ], [ 1.475934, 44.240301 ], [ 1.475748, 44.240352 ], [ 1.474178, 44.239875 ], [ 1.472808, 44.23903 ], [ 1.471503943294133, 44.237264955095561 ], [ 1.471379, 44.240645 ], [ 1.471376, 44.24065 ], [ 1.47089, 44.240928 ], [ 1.469933, 44.241348 ], [ 1.468215, 44.242195 ], [ 1.463375, 44.243992 ], [ 1.462848, 44.244412 ], [ 1.467773, 44.243279 ], [ 1.46863, 44.242898 ], [ 1.469205, 44.24268 ] ] ], [ [ [ 1.468834, 44.235748 ], [ 1.46416, 44.238338 ], [ 1.464877, 44.238113 ], [ 1.470925, 44.237063 ], [ 1.471334, 44.237041 ], [ 1.471338594420192, 44.237041154868088 ], [ 1.469870359894675, 44.235053894761904 ], [ 1.468834, 44.235748 ] ] ], [ [ [ 1.38573, 44.346287 ], [ 1.386757, 44.346678 ], [ 1.390015, 44.345934 ], [ 1.396546, 44.348578 ], [ 1.400595, 44.352528 ], [ 1.404465, 44.357814 ], [ 1.408059, 44.357597 ], [ 1.412223, 44.350111 ], [ 1.412773, 44.341205 ], [ 1.414235, 44.340303 ], [ 1.414671, 44.339666 ], [ 1.414053, 44.337883 ], [ 1.421683, 44.333405 ], [ 1.424977, 44.334653 ], [ 1.43186, 44.331326 ], [ 1.439004, 44.328845 ], [ 1.445945, 44.33235 ], [ 1.446656, 44.332865 ], [ 1.447287, 44.332139 ], [ 1.448911, 44.330701 ], [ 1.457193, 44.330488 ], [ 1.459911, 44.332601 ], [ 1.463734, 44.334676 ], [ 1.465524, 44.335252 ], [ 1.465572, 44.335239 ], [ 1.466839, 44.332855 ], [ 1.467291, 44.330511 ], [ 1.468813, 44.323916 ], [ 1.46622, 44.32142 ], [ 1.461205, 44.318861 ], [ 1.458584, 44.313232 ], [ 1.458676, 44.307516 ], [ 1.458671, 44.307359 ], [ 1.458074, 44.305163 ], [ 1.460315, 44.297398 ], [ 1.463705, 44.297889 ], [ 1.464576, 44.298393 ], [ 1.466381, 44.295279 ], [ 1.465511, 44.294774 ], [ 1.464059, 44.294093 ], [ 1.461297, 44.291872 ], [ 1.461585, 44.284891 ], [ 1.461606, 44.284757 ], [ 1.460365, 44.282936 ], [ 1.457131, 44.276227 ], [ 1.457028, 44.271693 ], [ 1.45665, 44.271041 ], [ 1.458283, 44.264059 ], [ 1.462889, 44.263556 ], [ 1.463848, 44.263889 ], [ 1.464838, 44.264116 ], [ 1.465371, 44.264135 ], [ 1.465747, 44.264105 ], [ 1.46802, 44.263816 ], [ 1.46868, 44.263583 ], [ 1.469688, 44.263102 ], [ 1.468137, 44.259853 ], [ 1.46559, 44.25512 ], [ 1.462345, 44.253524 ], [ 1.463131, 44.254498 ], [ 1.463128, 44.256172 ], [ 1.462874, 44.258688 ], [ 1.459393, 44.259604 ], [ 1.45156, 44.262169 ], [ 1.451335, 44.271018 ], [ 1.454102, 44.278435 ], [ 1.455122, 44.27929 ], [ 1.455167, 44.279374 ], [ 1.457408, 44.285622 ], [ 1.458402, 44.288801 ], [ 1.459072, 44.290979 ], [ 1.458456, 44.292044 ], [ 1.458286, 44.292164 ], [ 1.454081, 44.295945 ], [ 1.452277, 44.296954 ], [ 1.453884, 44.305142 ], [ 1.456082, 44.307135 ], [ 1.455902, 44.308315 ], [ 1.454089, 44.314016 ], [ 1.455169, 44.320465 ], [ 1.45751, 44.3232 ], [ 1.462419, 44.326099 ], [ 1.463114, 44.326322 ], [ 1.463453, 44.328491 ], [ 1.463362, 44.328708 ], [ 1.462014, 44.32975 ], [ 1.460034, 44.329398 ], [ 1.459429, 44.329262 ], [ 1.458833, 44.329013 ], [ 1.450061, 44.328339 ], [ 1.446531, 44.327634 ], [ 1.43795, 44.325391 ], [ 1.432878, 44.327386 ], [ 1.426983, 44.329501 ], [ 1.426754, 44.329607 ], [ 1.425839, 44.329769 ], [ 1.425343, 44.329449 ], [ 1.42504, 44.329207 ], [ 1.424786, 44.328932 ], [ 1.423618, 44.327497 ], [ 1.415887, 44.326231 ], [ 1.413267, 44.327695 ], [ 1.412622, 44.328246 ], [ 1.411013, 44.329278 ], [ 1.410436, 44.3296 ], [ 1.409112, 44.330389 ], [ 1.40784, 44.3389 ], [ 1.408418, 44.342453 ], [ 1.406801, 44.349441 ], [ 1.405255, 44.351256 ], [ 1.403865, 44.351524 ], [ 1.397195, 44.346182 ], [ 1.391851, 44.345263 ], [ 1.388886, 44.34109 ], [ 1.386005, 44.337724 ], [ 1.379108131388941, 44.336901986899584 ], [ 1.379424, 44.337005 ], [ 1.382541, 44.339117 ], [ 1.38573, 44.346287 ] ] ], [ [ [ 1.360107, 44.331605 ], [ 1.361039, 44.331318 ], [ 1.369329, 44.334268 ], [ 1.373365, 44.335029 ], [ 1.377053449363751, 44.336231900799277 ], [ 1.375014, 44.335093 ], [ 1.374407, 44.334681 ], [ 1.370535, 44.330351 ], [ 1.362866, 44.330381 ], [ 1.361543, 44.329333 ], [ 1.360358, 44.328234 ], [ 1.351699, 44.325784 ], [ 1.351202, 44.326385 ], [ 1.359265, 44.328098 ], [ 1.359891, 44.331643 ], [ 1.360107, 44.331605 ] ] ], [ [ [ 1.332746, 44.322881 ], [ 1.334531, 44.330722 ], [ 1.33423, 44.331157 ], [ 1.333831, 44.331678 ], [ 1.333756, 44.331946 ], [ 1.333973, 44.332688 ], [ 1.336693, 44.333862 ], [ 1.340636, 44.33473 ], [ 1.34604, 44.33322 ], [ 1.351202, 44.326385 ], [ 1.344121, 44.330578 ], [ 1.343519, 44.331313 ], [ 1.341573, 44.332808 ], [ 1.34086, 44.332786 ], [ 1.339673, 44.33229 ], [ 1.339164, 44.331514 ], [ 1.339006, 44.330479 ], [ 1.338802, 44.329031 ], [ 1.334149, 44.322418 ], [ 1.332431, 44.319254 ], [ 1.332789, 44.31906 ], [ 1.334515, 44.311875 ], [ 1.330102, 44.310118 ], [ 1.328943, 44.310149 ], [ 1.32825, 44.307754 ], [ 1.319673, 44.307403 ], [ 1.320764, 44.314255 ], [ 1.321971, 44.318528 ], [ 1.321238, 44.320534 ], [ 1.330032, 44.321141 ], [ 1.330242, 44.322258 ], [ 1.332746, 44.322881 ] ] ], [ [ [ 1.296509, 44.336377 ], [ 1.296766, 44.336374 ], [ 1.304251, 44.341068 ], [ 1.304634, 44.341515 ], [ 1.307219, 44.341515 ], [ 1.307674, 44.341515 ], [ 1.307905, 44.341449 ], [ 1.307924, 44.337985 ], [ 1.309647, 44.331035 ], [ 1.317002, 44.327985 ], [ 1.318806, 44.32879 ], [ 1.320274, 44.325503 ], [ 1.321238, 44.320534 ], [ 1.320848, 44.320597 ], [ 1.32033, 44.320642 ], [ 1.319609, 44.320601 ], [ 1.3148, 44.321635 ], [ 1.309655, 44.328189 ], [ 1.305377, 44.333795 ], [ 1.302431, 44.33554 ], [ 1.301401, 44.334845 ], [ 1.293396, 44.3308 ], [ 1.290668907379991, 44.330817416725971 ], [ 1.29273, 44.331208 ], [ 1.295174, 44.334319 ], [ 1.296509, 44.336377 ] ] ], [ [ [ 1.274044, 44.327613 ], [ 1.272294, 44.332205 ], [ 1.26933, 44.336855 ], [ 1.269681, 44.338377 ], [ 1.269933, 44.339138 ], [ 1.270991, 44.340048 ], [ 1.272221, 44.339409 ], [ 1.279032, 44.337388 ], [ 1.281306, 44.337398 ], [ 1.282207, 44.337207 ], [ 1.282858, 44.336862 ], [ 1.28368, 44.336233 ], [ 1.285912849270552, 44.330847791550887 ], [ 1.284471, 44.330857 ], [ 1.280714, 44.333353 ], [ 1.277228, 44.332454 ], [ 1.277404, 44.331771 ], [ 1.278363, 44.325171 ], [ 1.278147, 44.321025 ], [ 1.273305, 44.316135 ], [ 1.273024, 44.316037 ], [ 1.27172, 44.315421 ], [ 1.274367, 44.317606 ], [ 1.275759, 44.324448 ], [ 1.274044, 44.327613 ] ] ], [ [ [ 1.268836, 44.28804 ], [ 1.270892, 44.289963 ], [ 1.271446, 44.290344 ], [ 1.27442320385128, 44.294084048707148 ], [ 1.275181, 44.294318 ], [ 1.277863329062852, 44.292573168011323 ], [ 1.274401, 44.288383 ], [ 1.273386, 44.287888 ], [ 1.27157, 44.286158 ], [ 1.271766, 44.283989 ], [ 1.266706706169312, 44.281409791036928 ], [ 1.270084, 44.284581 ], [ 1.2686, 44.287861 ], [ 1.268836, 44.28804 ] ] ], [ [ [ 1.271443, 44.315228 ], [ 1.270746998377085, 44.314234870923684 ], [ 1.27061, 44.314183 ], [ 1.269852808955369, 44.314534423594878 ], [ 1.271498, 44.315274 ], [ 1.271443, 44.315228 ] ] ] ] } },
{ "type": "Feature", "properties": { "codgeo": "46063", "value": 900, "isochrone_group": 15.0, "nb_agences": 1 }, "geometry": { "type": "MultiPolygon", "coordinates": [ [ [ [ 1.416726, 44.344826 ], [ 1.423638, 44.339776 ], [ 1.428702, 44.337237 ], [ 1.436416, 44.333529 ], [ 1.440872, 44.335023 ], [ 1.441333, 44.335233 ], [ 1.441789, 44.335344 ], [ 1.445785, 44.336616 ], [ 1.446306, 44.336762 ], [ 1.446943, 44.336526 ], [ 1.448055, 44.336105 ], [ 1.455778, 44.335167 ], [ 1.458842, 44.340637 ], [ 1.460601, 44.340236 ], [ 1.460973, 44.340131 ], [ 1.461549, 44.339913 ], [ 1.469584, 44.341961 ], [ 1.470564, 44.343537 ], [ 1.471308, 44.344576 ], [ 1.471742, 44.345127 ], [ 1.472123, 44.345557 ], [ 1.47482, 44.343172 ], [ 1.474247, 44.336264 ], [ 1.475066, 44.332759 ], [ 1.4733, 44.332346 ], [ 1.472576, 44.332123 ], [ 1.468554890988883, 44.325034415853047 ], [ 1.467291, 44.330511 ], [ 1.466839, 44.332855 ], [ 1.465572, 44.335239 ], [ 1.465524, 44.335252 ], [ 1.463734, 44.334676 ], [ 1.459911, 44.332601 ], [ 1.457193, 44.330488 ], [ 1.448911, 44.330701 ], [ 1.447287, 44.332139 ], [ 1.446656, 44.332865 ], [ 1.445945, 44.33235 ], [ 1.439004, 44.328845 ], [ 1.43186, 44.331326 ], [ 1.424977, 44.334653 ], [ 1.421683, 44.333405 ], [ 1.414053, 44.337883 ], [ 1.414671, 44.339666 ], [ 1.414235, 44.340303 ], [ 1.412773, 44.341205 ], [ 1.412223, 44.350111 ], [ 1.408059, 44.357597 ], [ 1.404465, 44.357814 ], [ 1.400595, 44.352528 ], [ 1.396546, 44.348578 ], [ 1.390015, 44.345934 ], [ 1.386757, 44.346678 ], [ 1.38573, 44.346287 ], [ 1.382541, 44.339117 ], [ 1.379424, 44.337005 ], [ 1.373365, 44.335029 ], [ 1.369329, 44.334268 ], [ 1.361039, 44.331318 ], [ 1.360107, 44.331605 ], [ 1.359891, 44.331643 ], [ 1.359265, 44.328098 ], [ 1.351202, 44.326385 ], [ 1.34604, 44.33322 ], [ 1.340636, 44.33473 ], [ 1.336693, 44.333862 ], [ 1.333973, 44.332688 ], [ 1.333756, 44.331946 ], [ 1.333831, 44.331678 ], [ 1.33423, 44.331157 ], [ 1.334531, 44.330722 ], [ 1.332746, 44.322881 ], [ 1.330242, 44.322258 ], [ 1.330032, 44.321141 ], [ 1.321238, 44.320534 ], [ 1.320274, 44.325503 ], [ 1.318806, 44.32879 ], [ 1.317002, 44.327985 ], [ 1.310224838638914, 44.330795379626288 ], [ 1.309573908463938, 44.331329826567398 ], [ 1.307924, 44.337985 ], [ 1.307905, 44.341449 ], [ 1.307674, 44.341515 ], [ 1.307219, 44.341515 ], [ 1.304634, 44.341515 ], [ 1.304251, 44.341068 ], [ 1.296766, 44.336374 ], [ 1.296509, 44.336377 ], [ 1.295174, 44.334319 ], [ 1.29273, 44.331208 ], [ 1.285884130096266, 44.330917056745832 ], [ 1.28368, 44.336233 ], [ 1.282858, 44.336862 ], [ 1.282207, 44.337207 ], [ 1.281306, 44.337398 ], [ 1.279032, 44.337388 ], [ 1.272221, 44.339409 ], [ 1.270991, 44.340048 ], [ 1.269933, 44.339138 ], [ 1.269681, 44.338377 ], [ 1.26933, 44.336855 ], [ 1.272294, 44.332205 ], [ 1.274044, 44.327613 ], [ 1.275676660795673, 44.324599955441222 ], [ 1.271168225913259, 44.322994592602896 ], [ 1.270858, 44.324956 ], [ 1.269375, 44.329966 ], [ 1.269182, 44.330864 ], [ 1.266358, 44.336865 ], [ 1.263527, 44.338369 ], [ 1.262969, 44.338612 ], [ 1.261215, 44.339609 ], [ 1.259461, 44.340606 ], [ 1.26124, 44.343736 ], [ 1.267476, 44.345431 ], [ 1.272906, 44.342814 ], [ 1.27978, 44.340918 ], [ 1.282404, 44.340621 ], [ 1.282539, 44.339963 ], [ 1.282687, 44.338913 ], [ 1.285434, 44.335273 ], [ 1.29241, 44.33703 ], [ 1.295643, 44.338398 ], [ 1.30015, 44.342712 ], [ 1.304017, 44.343204 ], [ 1.310135, 44.344023 ], [ 1.31316, 44.34553 ], [ 1.314461, 44.3459 ], [ 1.315476, 44.344714 ], [ 1.315487, 44.344701 ], [ 1.316162, 44.342727 ], [ 1.314887, 44.342044 ], [ 1.313184, 44.341282 ], [ 1.311772, 44.340313 ], [ 1.311442, 44.340213 ], [ 1.309067, 44.338707 ], [ 1.31218, 44.330627 ], [ 1.31333, 44.330573 ], [ 1.313446, 44.330491 ], [ 1.318899, 44.328831 ], [ 1.322661, 44.330536 ], [ 1.326577, 44.331772 ], [ 1.32779, 44.332491 ], [ 1.333467, 44.335892 ], [ 1.333724, 44.336219 ], [ 1.334041, 44.33653 ], [ 1.334387, 44.336796 ], [ 1.337619, 44.339286 ], [ 1.340158, 44.338896 ], [ 1.341508, 44.33713 ], [ 1.349504, 44.334465 ], [ 1.356534, 44.331653 ], [ 1.359034, 44.331686 ], [ 1.366019, 44.335105 ], [ 1.368858, 44.337319 ], [ 1.36924, 44.33683 ], [ 1.370125, 44.336019 ], [ 1.378282, 44.338295 ], [ 1.379356, 44.346165 ], [ 1.379352, 44.346848 ], [ 1.379427, 44.347259 ], [ 1.380362, 44.34764 ], [ 1.381412, 44.34754 ], [ 1.389455, 44.34973 ], [ 1.39347, 44.352224 ], [ 1.394144, 44.352668 ], [ 1.395703, 44.353614 ], [ 1.395936, 44.353635 ], [ 1.401369, 44.360452 ], [ 1.401268, 44.360973 ], [ 1.401428, 44.363641 ], [ 1.407139167227203, 44.365884280108141 ], [ 1.406573, 44.363716 ], [ 1.406464, 44.363223 ], [ 1.406423, 44.36288 ], [ 1.407837, 44.362124 ], [ 1.409999, 44.36246 ], [ 1.412131975680053, 44.363558668945181 ], [ 1.416033, 44.359735 ], [ 1.41558, 44.353714 ], [ 1.416643, 44.350274 ], [ 1.416726, 44.344826 ] ] ], [ [ [ 1.476328, 44.321151 ], [ 1.476579, 44.321093 ], [ 1.475775, 44.317584 ], [ 1.470696, 44.312929 ], [ 1.469517, 44.311222 ], [ 1.469217, 44.310551 ], [ 1.471099, 44.302237 ], [ 1.471911, 44.300824 ], [ 1.471973, 44.299239 ], [ 1.472139, 44.29449 ], [ 1.468602, 44.293819 ], [ 1.462812, 44.287217 ], [ 1.463021, 44.28413 ], [ 1.462965, 44.283654 ], [ 1.462396, 44.279874 ], [ 1.459566, 44.275001 ], [ 1.46064, 44.271046 ], [ 1.467237, 44.265396 ], [ 1.46964, 44.267463 ], [ 1.47031, 44.266623 ], [ 1.470644, 44.266047 ], [ 1.47462, 44.260912 ], [ 1.474998, 44.260535 ], [ 1.475401, 44.260078 ], [ 1.472699, 44.257698 ], [ 1.471685, 44.255032 ], [ 1.470199, 44.252335 ], [ 1.475244034791236, 44.24828436355137 ], [ 1.471225, 44.243188 ], [ 1.468338071327897, 44.243027783925399 ], [ 1.467773, 44.243279 ], [ 1.462848, 44.244412 ], [ 1.462451, 44.24466 ], [ 1.462345, 44.253524 ], [ 1.46559, 44.25512 ], [ 1.468137, 44.259853 ], [ 1.469688, 44.263102 ], [ 1.46868, 44.263583 ], [ 1.46802, 44.263816 ], [ 1.465747, 44.264105 ], [ 1.465371, 44.264135 ], [ 1.464838, 44.264116 ], [ 1.463848, 44.263889 ], [ 1.462889, 44.263556 ], [ 1.458283, 44.264059 ], [ 1.45665, 44.271041 ], [ 1.457028, 44.271693 ], [ 1.457131, 44.276227 ], [ 1.460365, 44.282936 ], [ 1.461606, 44.284757 ], [ 1.461585, 44.284891 ], [ 1.461297, 44.291872 ], [ 1.464059, 44.294093 ], [ 1.465511, 44.294774 ], [ 1.466381, 44.295279 ], [ 1.464576, 44.298393 ], [ 1.463705, 44.297889 ], [ 1.460315, 44.297398 ], [ 1.458074, 44.305163 ], [ 1.458671, 44.307359 ], [ 1.458676, 44.307516 ], [ 1.458584, 44.313232 ], [ 1.461205, 44.318861 ], [ 1.46622, 44.32142 ], [ 1.468813, 44.323916 ], [ 1.468716193901582, 44.324335471891644 ], [ 1.471698, 44.32232 ], [ 1.475739, 44.321205 ], [ 1.476328, 44.321151 ] ] ], [ [ [ 1.456375, 44.231711 ], [ 1.454963, 44.231325 ], [ 1.454285, 44.23158 ], [ 1.451618, 44.232478 ], [ 1.443069, 44.233674 ], [ 1.435706, 44.236212 ], [ 1.440113, 44.236172 ], [ 1.441329, 44.23956 ], [ 1.449978, 44.239066 ], [ 1.4509, 44.238075 ], [ 1.452687, 44.236323 ], [ 1.455356, 44.237694 ], [ 1.462140570864574, 44.238190281648905 ], [ 1.462148, 44.238044 ], [ 1.4621, 44.234444 ], [ 1.462441647896788, 44.234081643223881 ], [ 1.456375, 44.231711 ] ] ], [ [ [ 1.419852, 44.231474 ], [ 1.419701, 44.23153 ], [ 1.418617, 44.232132 ], [ 1.415285, 44.232687 ], [ 1.41448161687573, 44.234361978023259 ], [ 1.415751, 44.234424 ], [ 1.420772, 44.237184 ], [ 1.428011, 44.238238 ], [ 1.421679, 44.23202 ], [ 1.421586, 44.231915 ], [ 1.419852, 44.231474 ] ] ], [ [ [ 1.409397, 44.221027 ], [ 1.407674, 44.218731 ], [ 1.406541, 44.219203 ], [ 1.406106, 44.219361 ], [ 1.405808, 44.219485 ], [ 1.405337, 44.219759 ], [ 1.404659, 44.22057 ], [ 1.401147, 44.223978 ], [ 1.400665, 44.224233 ], [ 1.392192, 44.222661 ], [ 1.391447, 44.221823 ], [ 1.390588, 44.22132 ], [ 1.385073, 44.218909 ], [ 1.384227, 44.21169 ], [ 1.384801519305306, 44.20346435764359 ], [ 1.3817, 44.204881 ], [ 1.380157, 44.206397 ], [ 1.379292, 44.214505 ], [ 1.382306, 44.221897 ], [ 1.387048, 44.224905 ], [ 1.389724, 44.227314 ], [ 1.397099, 44.231113 ], [ 1.398401, 44.229858 ], [ 1.399912, 44.227892 ], [ 1.400169, 44.227514 ], [ 1.400911, 44.226624 ], [ 1.403041, 44.224711 ], [ 1.406205, 44.226428 ], [ 1.406363035474059, 44.227071713708078 ], [ 1.410042, 44.224569 ], [ 1.409453, 44.221861 ], [ 1.409397, 44.221027 ] ] ], [ [ [ 1.396305, 44.201777 ], [ 1.39608, 44.200342 ], [ 1.395976, 44.200226 ], [ 1.395423, 44.19982 ], [ 1.395335, 44.199756 ], [ 1.389998, 44.196631 ], [ 1.386032, 44.195206 ], [ 1.379634, 44.193815 ], [ 1.378123, 44.190548 ], [ 1.376425, 44.191332 ], [ 1.374539, 44.192162 ], [ 1.367446, 44.190066 ], [ 1.363975, 44.189112 ], [ 1.357733, 44.189831 ], [ 1.349155, 44.190316 ], [ 1.348319, 44.189973 ], [ 1.345543, 44.188143 ], [ 1.344974, 44.187592 ], [ 1.343633, 44.186131 ], [ 1.341499, 44.184838 ], [ 1.339633, 44.187916 ], [ 1.342202, 44.18989 ], [ 1.341721, 44.198108 ], [ 1.339992, 44.19884 ], [ 1.339823, 44.199001 ], [ 1.339649, 44.199275 ], [ 1.339307, 44.202031 ], [ 1.330364, 44.202475 ], [ 1.329693, 44.200853 ], [ 1.329484, 44.200915 ], [ 1.328174, 44.201575 ], [ 1.321318, 44.196502 ], [ 1.317942, 44.194679 ], [ 1.312855, 44.192359 ], [ 1.309973, 44.191007 ], [ 1.309526, 44.190991 ], [ 1.309051, 44.191264 ], [ 1.30852, 44.191638 ], [ 1.299782, 44.192898 ], [ 1.306491, 44.193288 ], [ 1.307168, 44.193121 ], [ 1.308208, 44.195992 ], [ 1.315098, 44.199387 ], [ 1.317346, 44.199207 ], [ 1.319151, 44.200722 ], [ 1.327226, 44.204545 ], [ 1.327325, 44.204503 ], [ 1.330288, 44.20536 ], [ 1.337166, 44.204935 ], [ 1.342169, 44.203419 ], [ 1.342317, 44.203377 ], [ 1.34525, 44.201981 ], [ 1.348266, 44.194064 ], [ 1.348566, 44.193012 ], [ 1.349068, 44.192469 ], [ 1.349192, 44.192337 ], [ 1.349659, 44.191893 ], [ 1.35039, 44.19127 ], [ 1.350729, 44.191439 ], [ 1.353402, 44.193296 ], [ 1.36177, 44.191513 ], [ 1.361834, 44.191459 ], [ 1.363642, 44.191201 ], [ 1.367822, 44.191045 ], [ 1.374094, 44.192259 ], [ 1.37618, 44.195648 ], [ 1.38447, 44.198837 ], [ 1.385256, 44.198512 ], [ 1.386327, 44.198248 ], [ 1.387204, 44.197957 ], [ 1.388339, 44.201373 ], [ 1.387758490366558, 44.201733384324442 ], [ 1.393197, 44.202992 ], [ 1.39384, 44.203408 ], [ 1.396305, 44.201777 ] ] ], [ [ [ 1.288782, 44.186607 ], [ 1.28862, 44.186577 ], [ 1.285464, 44.186668 ], [ 1.285363, 44.186723 ], [ 1.284545, 44.18783 ], [ 1.283878, 44.188824 ], [ 1.280689, 44.196201 ], [ 1.282918, 44.199028 ], [ 1.284333, 44.207121 ], [ 1.284351, 44.20755 ], [ 1.286062, 44.209343 ], [ 1.288508, 44.213639 ], [ 1.290318, 44.22087 ], [ 1.283057, 44.224406 ], [ 1.280431, 44.225309 ], [ 1.273359, 44.224527 ], [ 1.270107, 44.223784 ], [ 1.262473, 44.221266 ], [ 1.25909, 44.222498 ], [ 1.252421, 44.222861 ], [ 1.247774, 44.224471 ], [ 1.242078, 44.222946 ], [ 1.241065, 44.222197 ], [ 1.237007, 44.218922 ], [ 1.234599, 44.216308 ], [ 1.23395, 44.216095 ], [ 1.229246, 44.217282 ], [ 1.228405, 44.220782 ], [ 1.228651, 44.223906 ], [ 1.230235, 44.227488 ], [ 1.230655, 44.229762 ], [ 1.230808, 44.230521 ], [ 1.23097, 44.23089 ], [ 1.231099, 44.238037 ], [ 1.231501, 44.240308 ], [ 1.232061, 44.247024 ], [ 1.230946086386837, 44.249926575254719 ], [ 1.232137500358511, 44.251292831177636 ], [ 1.236439, 44.249792 ], [ 1.237525, 44.243073 ], [ 1.235624, 44.236902 ], [ 1.233381, 44.228529 ], [ 1.233149, 44.226876 ], [ 1.233101, 44.226184 ], [ 1.233184, 44.225728 ], [ 1.233394, 44.225233 ], [ 1.234681, 44.222974 ], [ 1.235045, 44.222624 ], [ 1.237171, 44.222969 ], [ 1.238418, 44.22363 ], [ 1.245019, 44.227583 ], [ 1.251323, 44.22694 ], [ 1.251418, 44.226919 ], [ 1.252089, 44.226894 ], [ 1.252821, 44.227143 ], [ 1.254443, 44.227975 ], [ 1.261711, 44.227982 ], [ 1.264734, 44.226027 ], [ 1.265193, 44.226736 ], [ 1.273303, 44.228857 ], [ 1.275319, 44.225874 ], [ 1.278129, 44.226404 ], [ 1.283808, 44.229008 ], [ 1.289534, 44.224747 ], [ 1.289684, 44.224516 ], [ 1.29009, 44.223996 ], [ 1.290553, 44.223819 ], [ 1.292475, 44.22276 ], [ 1.293359, 44.222082 ], [ 1.294224, 44.221535 ], [ 1.295513, 44.212934 ], [ 1.292174, 44.208742 ], [ 1.291049, 44.207193 ], [ 1.291262, 44.206548 ], [ 1.291772, 44.205165 ], [ 1.292793, 44.20505 ], [ 1.293057, 44.196149 ], [ 1.292635, 44.195979 ], [ 1.290536, 44.195663 ], [ 1.288333, 44.196129 ], [ 1.286691, 44.192355 ], [ 1.286342, 44.190254 ], [ 1.287923, 44.188972 ], [ 1.287967, 44.188988 ], [ 1.294274, 44.19099 ], [ 1.297282, 44.191617 ], [ 1.299782, 44.192898 ], [ 1.296106, 44.189415 ], [ 1.295824, 44.189026 ], [ 1.288782, 44.186607 ] ] ] ] } },
{ "type": "Feature", "properties": { "codgeo": "46063", "value": 960, "isochrone_group": 16.0, "nb_agences": 1 }, "geometry": { "type": "MultiPolygon", "coordinates": [ [ [ [ 1.484014, 44.334795 ], [ 1.483595, 44.334704 ], [ 1.47917, 44.332617 ], [ 1.478701, 44.332223 ], [ 1.474439, 44.324651 ], [ 1.479835, 44.32228 ], [ 1.4802, 44.322041 ], [ 1.480886, 44.321418 ], [ 1.485803, 44.318494 ], [ 1.485399, 44.314917 ], [ 1.482317, 44.314363 ], [ 1.476989, 44.307143 ], [ 1.477842, 44.30431 ], [ 1.478326, 44.297242 ], [ 1.476834, 44.293965 ], [ 1.473374, 44.28594 ], [ 1.473135, 44.285252 ], [ 1.46541, 44.283857 ], [ 1.464534, 44.276902 ], [ 1.469296, 44.272897 ], [ 1.471623020288334, 44.272501286076015 ], [ 1.469471, 44.272813 ], [ 1.469470901157374, 44.272812860125235 ], [ 1.468776, 44.273146 ], [ 1.468058, 44.273476 ], [ 1.466552, 44.270206 ], [ 1.46727, 44.269876 ], [ 1.469685, 44.26829 ], [ 1.472515, 44.266279 ], [ 1.474713, 44.263428 ], [ 1.47433512074346, 44.261279921273221 ], [ 1.470644, 44.266047 ], [ 1.47031, 44.266623 ], [ 1.46964, 44.267463 ], [ 1.467237, 44.265396 ], [ 1.46064, 44.271046 ], [ 1.459566, 44.275001 ], [ 1.462396, 44.279874 ], [ 1.462965, 44.283654 ], [ 1.463021, 44.28413 ], [ 1.462812, 44.287217 ], [ 1.468602, 44.293819 ], [ 1.472139, 44.29449 ], [ 1.471973, 44.299239 ], [ 1.471911, 44.300824 ], [ 1.471099, 44.302237 ], [ 1.469217, 44.310551 ], [ 1.469517, 44.311222 ], [ 1.470696, 44.312929 ], [ 1.475775, 44.317584 ], [ 1.476579, 44.321093 ], [ 1.476328, 44.321151 ], [ 1.475739, 44.321205 ], [ 1.471698, 44.32232 ], [ 1.468313, 44.324608 ], [ 1.472576, 44.332123 ], [ 1.4733, 44.332346 ], [ 1.475066, 44.332759 ], [ 1.474247, 44.336264 ], [ 1.474547697152947, 44.33988915869557 ], [ 1.479861, 44.34183 ], [ 1.48025, 44.341693 ], [ 1.481876, 44.341805 ], [ 1.482358, 44.345373 ], [ 1.476638, 44.349448 ], [ 1.476774286236436, 44.34985252277697 ], [ 1.476917, 44.349733 ], [ 1.483706, 44.345191 ], [ 1.483338, 44.342673 ], [ 1.484014, 44.334795 ] ] ], [ [ [ 1.470199, 44.252335 ], [ 1.471685, 44.255032 ], [ 1.472699, 44.257698 ], [ 1.473889471938092, 44.258746602225244 ], [ 1.473223, 44.254958 ], [ 1.472013, 44.251709 ], [ 1.471540024449836, 44.251258297313143 ], [ 1.470199, 44.252335 ] ] ], [ [ [ 1.474236, 44.22272 ], [ 1.468799568807013, 44.227122869686184 ], [ 1.469662, 44.227374 ], [ 1.474998828323662, 44.222278334610117 ], [ 1.474236, 44.22272 ] ] ], [ [ [ 1.454604, 44.226499 ], [ 1.454244, 44.226177 ], [ 1.453812, 44.225883 ], [ 1.450666, 44.225779 ], [ 1.444969, 44.22847 ], [ 1.444167, 44.228749 ], [ 1.44348, 44.229184 ], [ 1.440149781819948, 44.23468024415876 ], [ 1.443069, 44.233674 ], [ 1.450747305559664, 44.232599809632795 ], [ 1.455116, 44.230309 ], [ 1.459661194932609, 44.229454453813766 ], [ 1.454604, 44.226499 ] ] ], [ [ [ 1.423226, 44.231001 ], [ 1.421121, 44.231225 ], [ 1.420193674178058, 44.231560896374006 ], [ 1.421586, 44.231915 ], [ 1.421679, 44.23202 ], [ 1.428011, 44.238238 ], [ 1.43258, 44.237425 ], [ 1.434559, 44.236415 ], [ 1.435054, 44.23628 ], [ 1.427681, 44.231285 ], [ 1.424603, 44.230537 ], [ 1.423226, 44.231001 ] ] ], [ [ [ 1.413001, 44.223875 ], [ 1.414461, 44.223608 ], [ 1.415361, 44.223544 ], [ 1.415678, 44.223481 ], [ 1.417323, 44.218065 ], [ 1.415402, 44.21502 ], [ 1.414157, 44.215806 ], [ 1.406646, 44.216188 ], [ 1.405341, 44.21659 ], [ 1.405087, 44.216646 ], [ 1.404659, 44.22057 ], [ 1.405337, 44.219759 ], [ 1.405808, 44.219485 ], [ 1.406106, 44.219361 ], [ 1.406541, 44.219203 ], [ 1.407674, 44.218731 ], [ 1.409397, 44.221027 ], [ 1.409453, 44.221861 ], [ 1.410041716767168, 44.224567697802186 ], [ 1.411339, 44.224386 ], [ 1.412154, 44.224143 ], [ 1.413001, 44.223875 ] ] ], [ [ [ 1.388725, 44.214594 ], [ 1.385555, 44.209883 ], [ 1.385217, 44.209377 ], [ 1.387463, 44.201665 ], [ 1.384835, 44.202985 ], [ 1.384227, 44.21169 ], [ 1.385073, 44.218909 ], [ 1.390588, 44.22132 ], [ 1.391447, 44.221823 ], [ 1.392192, 44.222661 ], [ 1.399129652809261, 44.223948146254706 ], [ 1.395303, 44.220114 ], [ 1.393008, 44.21734 ], [ 1.388725, 44.214594 ] ] ], [ [ [ 1.39777, 44.205722 ], [ 1.398261, 44.205895 ], [ 1.39865, 44.205958 ], [ 1.399188, 44.205961 ], [ 1.399578, 44.2059 ], [ 1.401641, 44.205619 ], [ 1.402458, 44.205154 ], [ 1.402825, 44.204886 ], [ 1.403298101842411, 44.20254247329779 ], [ 1.403264374105615, 44.202404686036616 ], [ 1.40269, 44.202102 ], [ 1.402092, 44.201888 ], [ 1.401321, 44.201738 ], [ 1.399024, 44.202053 ], [ 1.393056, 44.197601 ], [ 1.392902, 44.194834 ], [ 1.392256, 44.194601 ], [ 1.388397, 44.19322 ], [ 1.382735, 44.188065 ], [ 1.377697, 44.187322 ], [ 1.369284, 44.185828 ], [ 1.3686, 44.184948 ], [ 1.368475, 44.184841 ], [ 1.367389, 44.184243 ], [ 1.366616, 44.184219 ], [ 1.357683, 44.183967 ], [ 1.357218, 44.183954 ], [ 1.357038, 44.183974 ], [ 1.355777, 44.186185 ], [ 1.347174, 44.185438 ], [ 1.339079, 44.182498 ], [ 1.337506, 44.180773 ], [ 1.337174, 44.180691 ], [ 1.335892, 44.180823 ], [ 1.335554, 44.181467 ], [ 1.33537, 44.181939 ], [ 1.33532, 44.183394 ], [ 1.335718, 44.184526 ], [ 1.3362, 44.185175 ], [ 1.337483, 44.186278 ], [ 1.338342, 44.187088 ], [ 1.33836, 44.195391 ], [ 1.334869, 44.19627 ], [ 1.327482, 44.197483 ], [ 1.324986, 44.194889 ], [ 1.320679, 44.194274 ], [ 1.315472, 44.187834 ], [ 1.313746, 44.185986 ], [ 1.313469, 44.186016 ], [ 1.311888, 44.187116 ], [ 1.30688, 44.188382 ], [ 1.302079, 44.187513 ], [ 1.298735, 44.182897 ], [ 1.298688, 44.182844 ], [ 1.297034, 44.182329 ], [ 1.293373, 44.18266 ], [ 1.285802, 44.181992 ], [ 1.282662, 44.18023 ], [ 1.279954, 44.179383 ], [ 1.274728, 44.185522 ], [ 1.27436, 44.187384 ], [ 1.275098, 44.188062 ], [ 1.276563, 44.190253 ], [ 1.27475, 44.198164 ], [ 1.271579, 44.203429 ], [ 1.272207, 44.20499 ], [ 1.273652, 44.206372 ], [ 1.279339, 44.20933 ], [ 1.281873, 44.211125 ], [ 1.284783, 44.215984 ], [ 1.286175, 44.221476 ], [ 1.286245, 44.222114 ], [ 1.286540186290984, 44.222709739605435 ], [ 1.290318, 44.22087 ], [ 1.288508, 44.213639 ], [ 1.286062, 44.209343 ], [ 1.284351, 44.20755 ], [ 1.284333, 44.207121 ], [ 1.282918, 44.199028 ], [ 1.280689, 44.196201 ], [ 1.283878, 44.188824 ], [ 1.284545, 44.18783 ], [ 1.285363, 44.186723 ], [ 1.285464, 44.186668 ], [ 1.28862, 44.186577 ], [ 1.288782, 44.186607 ], [ 1.295824, 44.189026 ], [ 1.296106, 44.189415 ], [ 1.299782, 44.192898 ], [ 1.30852, 44.191638 ], [ 1.309051, 44.191264 ], [ 1.309526, 44.190991 ], [ 1.309973, 44.191007 ], [ 1.312855, 44.192359 ], [ 1.317942, 44.194679 ], [ 1.321318, 44.196502 ], [ 1.328174, 44.201575 ], [ 1.329484, 44.200915 ], [ 1.329693, 44.200853 ], [ 1.330364, 44.202475 ], [ 1.339307, 44.202031 ], [ 1.339649, 44.199275 ], [ 1.339823, 44.199001 ], [ 1.339992, 44.19884 ], [ 1.341721, 44.198108 ], [ 1.342202, 44.18989 ], [ 1.339633, 44.187916 ], [ 1.341499, 44.184838 ], [ 1.343633, 44.186131 ], [ 1.344974, 44.187592 ], [ 1.345543, 44.188143 ], [ 1.348319, 44.189973 ], [ 1.349155, 44.190316 ], [ 1.357733, 44.189831 ], [ 1.363975, 44.189112 ], [ 1.367446, 44.190066 ], [ 1.374539, 44.192162 ], [ 1.376425, 44.191332 ], [ 1.378123, 44.190548 ], [ 1.379634, 44.193815 ], [ 1.386032, 44.195206 ], [ 1.389998, 44.196631 ], [ 1.395335, 44.199756 ], [ 1.395423, 44.19982 ], [ 1.395976, 44.200226 ], [ 1.39608, 44.200342 ], [ 1.396305, 44.201777 ], [ 1.394122395336312, 44.203221149373825 ], [ 1.396238, 44.204333 ], [ 1.397155, 44.205347 ], [ 1.39777, 44.205722 ] ] ], [ [ [ 1.272669, 44.218792 ], [ 1.269297, 44.220052 ], [ 1.261704, 44.219929 ], [ 1.260243, 44.218306 ], [ 1.25901, 44.217306 ], [ 1.257307, 44.215268 ], [ 1.256709, 44.214437 ], [ 1.253787, 44.216541 ], [ 1.248062, 44.222554 ], [ 1.247543, 44.222621 ], [ 1.246652, 44.222836 ], [ 1.240355, 44.218606 ], [ 1.243847, 44.213038 ], [ 1.244526, 44.212287 ], [ 1.244579, 44.212222 ], [ 1.244511, 44.2095 ], [ 1.242893, 44.209103 ], [ 1.242294, 44.208961 ], [ 1.24169, 44.208919 ], [ 1.240763, 44.20911 ], [ 1.239365, 44.210063 ], [ 1.237308, 44.212095 ], [ 1.229571, 44.213574 ], [ 1.228277, 44.214268 ], [ 1.219759, 44.215872 ], [ 1.219379, 44.215771 ], [ 1.217528, 44.217937 ], [ 1.217532, 44.217963 ], [ 1.218457, 44.219251 ], [ 1.219638, 44.21983 ], [ 1.220229, 44.220139 ], [ 1.225438, 44.227305 ], [ 1.228184, 44.230013 ], [ 1.227169544267134, 44.234088875817655 ], [ 1.228417, 44.234484 ], [ 1.228532, 44.234466 ], [ 1.23105202751625, 44.235434578749121 ], [ 1.23097, 44.23089 ], [ 1.230808, 44.230521 ], [ 1.230655, 44.229762 ], [ 1.230235, 44.227488 ], [ 1.228651, 44.223906 ], [ 1.228405, 44.220782 ], [ 1.229246, 44.217282 ], [ 1.23395, 44.216095 ], [ 1.234599, 44.216308 ], [ 1.237007, 44.218922 ], [ 1.241065, 44.222197 ], [ 1.242078, 44.222946 ], [ 1.247774, 44.224471 ], [ 1.252421, 44.222861 ], [ 1.25909, 44.222498 ], [ 1.262473, 44.221266 ], [ 1.270107, 44.223784 ], [ 1.273359, 44.224527 ], [ 1.277290229148429, 44.224961703223137 ], [ 1.276996, 44.224163 ], [ 1.27672, 44.220573 ], [ 1.272669, 44.218792 ] ] ], [ [ [ 1.267455, 44.32823 ], [ 1.266974, 44.331077 ], [ 1.263328, 44.337068 ], [ 1.262198, 44.338365 ], [ 1.258203, 44.341321 ], [ 1.25582, 44.342675 ], [ 1.253311, 44.344025 ], [ 1.254184, 44.347518 ], [ 1.254512, 44.347435 ], [ 1.262146, 44.347659 ], [ 1.265283, 44.349719 ], [ 1.267697, 44.352128 ], [ 1.267963, 44.351924 ], [ 1.268335, 44.351551 ], [ 1.268672, 44.350982 ], [ 1.269156, 44.349988 ], [ 1.269297, 44.34951 ], [ 1.269668, 44.347405 ], [ 1.277135, 44.34276 ], [ 1.280111, 44.345466 ], [ 1.28366, 44.34486 ], [ 1.283614, 44.344589 ], [ 1.283511, 44.344195 ], [ 1.282866, 44.342292 ], [ 1.282687, 44.341258 ], [ 1.285434, 44.335273 ], [ 1.282687, 44.338913 ], [ 1.282539, 44.339963 ], [ 1.282404, 44.340621 ], [ 1.27978, 44.340918 ], [ 1.272906, 44.342814 ], [ 1.267476, 44.345431 ], [ 1.26124, 44.343736 ], [ 1.259461, 44.340606 ], [ 1.261215, 44.339609 ], [ 1.262969, 44.338612 ], [ 1.263527, 44.338369 ], [ 1.266358, 44.336865 ], [ 1.269182, 44.330864 ], [ 1.269375, 44.329966 ], [ 1.270667335007342, 44.325600121114775 ], [ 1.26932, 44.322326 ], [ 1.26845695561236, 44.322425297640663 ], [ 1.26908, 44.325018 ], [ 1.267455, 44.32823 ] ] ], [ [ [ 1.297405, 44.344644 ], [ 1.297957, 44.344724 ], [ 1.298683, 44.344684 ], [ 1.299138, 44.344594 ], [ 1.307626, 44.347431 ], [ 1.314239, 44.348992 ], [ 1.314933, 44.349183 ], [ 1.320281, 44.350129 ], [ 1.322314, 44.347158 ], [ 1.319362, 44.345138 ], [ 1.317259, 44.34179 ], [ 1.313906, 44.340623 ], [ 1.312274, 44.33252 ], [ 1.31257, 44.331878 ], [ 1.31709492698619, 44.329699543288527 ], [ 1.31566928587194, 44.32981418823632 ], [ 1.313446, 44.330491 ], [ 1.31333, 44.330573 ], [ 1.31218, 44.330627 ], [ 1.309659257478734, 44.337169756046222 ], [ 1.310180696936633, 44.339413201089087 ], [ 1.311442, 44.340213 ], [ 1.311772, 44.340313 ], [ 1.313184, 44.341282 ], [ 1.314887, 44.342044 ], [ 1.316162, 44.342727 ], [ 1.315487, 44.344701 ], [ 1.315476, 44.344714 ], [ 1.314461, 44.3459 ], [ 1.31316, 44.34553 ], [ 1.310135, 44.344023 ], [ 1.304017, 44.343204 ], [ 1.30015, 44.342712 ], [ 1.295643, 44.338398 ], [ 1.293209962971733, 44.337368493456637 ], [ 1.294566, 44.339984 ], [ 1.295685, 44.344156 ], [ 1.297405, 44.344644 ] ] ], [ [ [ 1.324904, 44.333423 ], [ 1.326416, 44.334347 ], [ 1.327135, 44.334647 ], [ 1.33145, 44.337381 ], [ 1.335547, 44.343017 ], [ 1.336906, 44.342694 ], [ 1.345122, 44.342575 ], [ 1.346899, 44.339023 ], [ 1.353459, 44.335911 ], [ 1.354475, 44.33594 ], [ 1.35523, 44.335806 ], [ 1.356957, 44.33506 ], [ 1.361642906257995, 44.332963000786847 ], [ 1.359034, 44.331686 ], [ 1.356534, 44.331653 ], [ 1.349504, 44.334465 ], [ 1.341508, 44.33713 ], [ 1.340158, 44.338896 ], [ 1.337619, 44.339286 ], [ 1.334387, 44.336796 ], [ 1.334041, 44.33653 ], [ 1.333724, 44.336219 ], [ 1.333467, 44.335892 ], [ 1.32779, 44.332491 ], [ 1.326577, 44.331772 ], [ 1.322661, 44.330536 ], [ 1.322307952724328, 44.330375993193783 ], [ 1.32032598264022, 44.330090651197224 ], [ 1.323487, 44.332881 ], [ 1.324119, 44.333108 ], [ 1.324904, 44.333423 ] ] ], [ [ [ 1.376048, 44.348125 ], [ 1.376437, 44.349886 ], [ 1.379336, 44.35202 ], [ 1.380256, 44.351033 ], [ 1.380667, 44.350453 ], [ 1.382038, 44.348799 ], [ 1.389121, 44.353709 ], [ 1.389106, 44.353906 ], [ 1.391383, 44.361391 ], [ 1.396006, 44.365026 ], [ 1.398175, 44.366207 ], [ 1.40408601057255, 44.36838186792442 ], [ 1.404131, 44.367433 ], [ 1.402573362779841, 44.364090885187821 ], [ 1.401428, 44.363641 ], [ 1.401268, 44.360973 ], [ 1.401369, 44.360452 ], [ 1.395936, 44.353635 ], [ 1.395703, 44.353614 ], [ 1.394144, 44.352668 ], [ 1.39347, 44.352224 ], [ 1.389455, 44.34973 ], [ 1.381412, 44.34754 ], [ 1.380362, 44.34764 ], [ 1.379427, 44.347259 ], [ 1.379352, 44.346848 ], [ 1.379356, 44.346165 ], [ 1.378282, 44.338295 ], [ 1.376103613952228, 44.337687177682398 ], [ 1.37832, 44.342964 ], [ 1.375976, 44.344526 ], [ 1.376048, 44.348125 ] ] ], [ [ [ 1.42364, 44.359345 ], [ 1.424428, 44.355833 ], [ 1.422504, 44.351913 ], [ 1.423631, 44.344129 ], [ 1.425787, 44.341538 ], [ 1.425894, 44.341329 ], [ 1.426350616780722, 44.338415941941911 ], [ 1.423638, 44.339776 ], [ 1.416726, 44.344826 ], [ 1.416643, 44.350274 ], [ 1.41558, 44.353714 ], [ 1.416033, 44.359735 ], [ 1.415762702144144, 44.359999937983616 ], [ 1.418099, 44.361854 ], [ 1.420488182119738, 44.362067200858441 ], [ 1.42364, 44.359345 ] ] ], [ [ [ 1.444248, 44.340191 ], [ 1.447738, 44.339818 ], [ 1.453341, 44.344132 ], [ 1.456935, 44.34435 ], [ 1.460973, 44.340131 ], [ 1.460601, 44.340236 ], [ 1.458842, 44.340637 ], [ 1.455778, 44.335167 ], [ 1.448055, 44.336105 ], [ 1.446943, 44.336526 ], [ 1.446306, 44.336762 ], [ 1.445785, 44.336616 ], [ 1.441789, 44.335344 ], [ 1.441333, 44.335233 ], [ 1.440872, 44.335023 ], [ 1.436416, 44.333529 ], [ 1.434325261011703, 44.334533985762064 ], [ 1.436353, 44.336279 ], [ 1.436308, 44.337963 ], [ 1.444248, 44.340191 ] ] ], [ [ [ 1.466261872233794, 44.351407064193914 ], [ 1.467160755840699, 44.350762844511266 ], [ 1.46990119930755, 44.344299045161954 ], [ 1.466261872233794, 44.351407064193914 ] ] ], [ [ [ 1.47014489019429, 44.34372425899533 ], [ 1.470145, 44.343724 ], [ 1.470132791249289, 44.343698293976075 ], [ 1.47014489019429, 44.34372425899533 ] ] ] ] } },
{ "type": "Feature", "properties": { "codgeo": "46063", "value": 1020, "isochrone_group": 17.0, "nb_agences": 1 }, "geometry": { "type": "MultiPolygon", "coordinates": [ [ [ [ 1.494398, 44.335959 ], [ 1.494301, 44.335565 ], [ 1.492989, 44.334468 ], [ 1.486559, 44.331579 ], [ 1.484437, 44.323985 ], [ 1.489106, 44.319248 ], [ 1.489489, 44.319107 ], [ 1.491586, 44.31827 ], [ 1.492072, 44.318055 ], [ 1.494675, 44.317222 ], [ 1.494057, 44.313675 ], [ 1.492466, 44.313952 ], [ 1.486543, 44.311053 ], [ 1.486321, 44.306955 ], [ 1.483667, 44.303091 ], [ 1.482938, 44.299565 ], [ 1.487776, 44.293534 ], [ 1.486639, 44.290118 ], [ 1.484149, 44.290754 ], [ 1.476933, 44.285958 ], [ 1.476564, 44.282377 ], [ 1.470632, 44.279142 ], [ 1.473156853896616, 44.272258836770789 ], [ 1.471923450216965, 44.272197600120599 ], [ 1.471807, 44.27247 ], [ 1.470672030927708, 44.272663003502153 ], [ 1.469392, 44.276117 ], [ 1.468296, 44.275964 ], [ 1.466179524744012, 44.275518059092846 ], [ 1.464534, 44.276902 ], [ 1.46541, 44.283857 ], [ 1.473135, 44.285252 ], [ 1.473374, 44.28594 ], [ 1.476834, 44.293965 ], [ 1.478326, 44.297242 ], [ 1.477842, 44.30431 ], [ 1.476989, 44.307143 ], [ 1.482317, 44.314363 ], [ 1.485399, 44.314917 ], [ 1.485803, 44.318494 ], [ 1.480886, 44.321418 ], [ 1.4802, 44.322041 ], [ 1.479835, 44.32228 ], [ 1.474439, 44.324651 ], [ 1.478701, 44.332223 ], [ 1.47917, 44.332617 ], [ 1.483595, 44.334704 ], [ 1.484014, 44.334795 ], [ 1.483557773952809, 44.340111788165345 ], [ 1.489025, 44.341068 ], [ 1.492277, 44.340958 ], [ 1.492929, 44.340953 ], [ 1.492956, 44.344553 ], [ 1.492304, 44.344558 ], [ 1.489155, 44.344665 ], [ 1.494165, 44.344532 ], [ 1.494649, 44.344506 ], [ 1.495045, 44.343682 ], [ 1.494398, 44.335959 ] ] ], [ [ [ 1.44195, 44.229131 ], [ 1.440435, 44.230556 ], [ 1.431561, 44.22906 ], [ 1.428199, 44.228952 ], [ 1.427593, 44.228764 ], [ 1.423386, 44.221211 ], [ 1.424375, 44.218667 ], [ 1.423092, 44.215963 ], [ 1.420929, 44.213085 ], [ 1.414047, 44.212264 ], [ 1.413401, 44.211769 ], [ 1.413998781054463, 44.206678349573821 ], [ 1.411822661368423, 44.205499869245237 ], [ 1.408593, 44.209355 ], [ 1.408326, 44.210248 ], [ 1.408122, 44.210573 ], [ 1.407798, 44.211021 ], [ 1.405939060333053, 44.21052472198938 ], [ 1.405912, 44.210574 ], [ 1.405367, 44.210372 ], [ 1.398505, 44.207754 ], [ 1.394976, 44.204062 ], [ 1.394906097972094, 44.20363302229191 ], [ 1.391717, 44.201957 ], [ 1.390983, 44.201708 ], [ 1.387463, 44.201665 ], [ 1.385217, 44.209377 ], [ 1.385555, 44.209883 ], [ 1.388725, 44.214594 ], [ 1.393008, 44.21734 ], [ 1.395303, 44.220114 ], [ 1.401431, 44.226254 ], [ 1.403308, 44.224276 ], [ 1.40391, 44.222851 ], [ 1.404659, 44.22057 ], [ 1.405087, 44.216646 ], [ 1.405341, 44.21659 ], [ 1.406646, 44.216188 ], [ 1.414157, 44.215806 ], [ 1.415402, 44.21502 ], [ 1.417323, 44.218065 ], [ 1.415678, 44.223481 ], [ 1.415361, 44.223544 ], [ 1.414461, 44.223608 ], [ 1.413001, 44.223875 ], [ 1.412154, 44.224143 ], [ 1.411339, 44.224386 ], [ 1.410011, 44.224572 ], [ 1.40556, 44.227618 ], [ 1.405011, 44.228273 ], [ 1.403678, 44.236583 ], [ 1.403997, 44.237164 ], [ 1.408415, 44.239983 ], [ 1.413028, 44.236627 ], [ 1.413695, 44.236002 ], [ 1.414498, 44.235374 ], [ 1.414727, 44.235263 ], [ 1.41686, 44.233515 ], [ 1.418617, 44.232132 ], [ 1.421121, 44.231225 ], [ 1.423226, 44.231001 ], [ 1.424603, 44.230537 ], [ 1.427681, 44.231285 ], [ 1.435054, 44.23628 ], [ 1.435706, 44.236212 ], [ 1.436061, 44.236224 ], [ 1.439029, 44.23653 ], [ 1.443466422748714, 44.229206408107821 ], [ 1.443466, 44.229192 ], [ 1.443255559839715, 44.226609966721405 ], [ 1.44195, 44.229131 ] ] ], [ [ [ 1.395265, 44.19389 ], [ 1.394339, 44.193472 ], [ 1.388109, 44.188294 ], [ 1.386319, 44.187667 ], [ 1.385378, 44.187572 ], [ 1.383822, 44.187752 ], [ 1.37639, 44.1856 ], [ 1.370408, 44.183903 ], [ 1.367873, 44.182245 ], [ 1.36516, 44.179981 ], [ 1.36216, 44.17866 ], [ 1.361812, 44.178715 ], [ 1.361106, 44.178998 ], [ 1.356264, 44.181208 ], [ 1.350787, 44.182789 ], [ 1.347706, 44.183342 ], [ 1.341536, 44.177856 ], [ 1.34138, 44.17773 ], [ 1.338786, 44.175632 ], [ 1.33832, 44.175253 ], [ 1.337396, 44.175672 ], [ 1.337245, 44.175851 ], [ 1.33533, 44.178847 ], [ 1.33467, 44.180193 ], [ 1.334447, 44.182337 ], [ 1.335718, 44.184526 ], [ 1.33532, 44.183394 ], [ 1.33537, 44.181939 ], [ 1.335554, 44.181467 ], [ 1.335892, 44.180823 ], [ 1.337174, 44.180691 ], [ 1.337506, 44.180773 ], [ 1.339079, 44.182498 ], [ 1.347174, 44.185438 ], [ 1.355777, 44.186185 ], [ 1.357038, 44.183974 ], [ 1.357218, 44.183954 ], [ 1.357683, 44.183967 ], [ 1.366616, 44.184219 ], [ 1.367389, 44.184243 ], [ 1.368475, 44.184841 ], [ 1.3686, 44.184948 ], [ 1.369284, 44.185828 ], [ 1.377697, 44.187322 ], [ 1.382735, 44.188065 ], [ 1.388397, 44.19322 ], [ 1.392256, 44.194601 ], [ 1.392902, 44.194834 ], [ 1.393056, 44.197601 ], [ 1.39692582302553, 44.200487804978138 ], [ 1.401373488104353, 44.198274126925234 ], [ 1.395265, 44.19389 ] ] ], [ [ [ 1.320104, 44.188014 ], [ 1.319368, 44.18449 ], [ 1.31411, 44.183025 ], [ 1.311704, 44.178734 ], [ 1.310569, 44.178256 ], [ 1.31013, 44.178117 ], [ 1.309629, 44.178037 ], [ 1.309198, 44.17803 ], [ 1.30863, 44.178101 ], [ 1.299988, 44.178419 ], [ 1.296979, 44.180395 ], [ 1.293301, 44.181714 ], [ 1.286688, 44.177982 ], [ 1.286284, 44.177461 ], [ 1.285546, 44.176811 ], [ 1.285026, 44.176423 ], [ 1.284626, 44.176157 ], [ 1.278009, 44.171155 ], [ 1.274413, 44.170981 ], [ 1.268966, 44.176105 ], [ 1.267727, 44.177064 ], [ 1.267175, 44.179228 ], [ 1.268738, 44.181775 ], [ 1.271721, 44.186636 ], [ 1.271075, 44.194433 ], [ 1.272063, 44.197895 ], [ 1.271399, 44.203592 ], [ 1.263878, 44.205045 ], [ 1.263333, 44.205265 ], [ 1.260438, 44.205982 ], [ 1.259741, 44.206484 ], [ 1.259562, 44.206776 ], [ 1.259299, 44.207605 ], [ 1.250443, 44.209062 ], [ 1.249019, 44.20847 ], [ 1.248404, 44.208146 ], [ 1.243873, 44.206118 ], [ 1.243388, 44.205832 ], [ 1.242824, 44.205574 ], [ 1.240688, 44.208472 ], [ 1.233918, 44.209914 ], [ 1.225771, 44.212546 ], [ 1.219524, 44.212248 ], [ 1.218491, 44.212237 ], [ 1.218154, 44.212425 ], [ 1.211189, 44.213523 ], [ 1.208309, 44.212271 ], [ 1.208027, 44.212807 ], [ 1.207813, 44.213381 ], [ 1.207737, 44.214328 ], [ 1.207931737186834, 44.21503687595208 ], [ 1.210137, 44.214278 ], [ 1.211251, 44.213615 ], [ 1.218182, 44.214594 ], [ 1.21923, 44.214703 ], [ 1.219275, 44.214734 ], [ 1.220574911692887, 44.215718358023537 ], [ 1.228277, 44.214268 ], [ 1.229571, 44.213574 ], [ 1.237308, 44.212095 ], [ 1.239365, 44.210063 ], [ 1.240763, 44.20911 ], [ 1.24169, 44.208919 ], [ 1.242294, 44.208961 ], [ 1.242893, 44.209103 ], [ 1.244511, 44.2095 ], [ 1.244579, 44.212222 ], [ 1.244526, 44.212287 ], [ 1.243847, 44.213038 ], [ 1.240355, 44.218606 ], [ 1.246652, 44.222836 ], [ 1.247543, 44.222621 ], [ 1.248062, 44.222554 ], [ 1.253787, 44.216541 ], [ 1.256709, 44.214437 ], [ 1.257307, 44.215268 ], [ 1.25901, 44.217306 ], [ 1.260243, 44.218306 ], [ 1.261704, 44.219929 ], [ 1.269297, 44.220052 ], [ 1.272669, 44.218792 ], [ 1.27672, 44.220573 ], [ 1.276996, 44.224163 ], [ 1.278548, 44.228376 ], [ 1.279351, 44.229135 ], [ 1.280191, 44.23046 ], [ 1.280601, 44.230967 ], [ 1.286987, 44.23232 ], [ 1.28696, 44.223557 ], [ 1.286245, 44.222114 ], [ 1.286175, 44.221476 ], [ 1.284783, 44.215984 ], [ 1.281873, 44.211125 ], [ 1.279339, 44.20933 ], [ 1.273652, 44.206372 ], [ 1.272207, 44.20499 ], [ 1.271579, 44.203429 ], [ 1.27475, 44.198164 ], [ 1.276563, 44.190253 ], [ 1.275098, 44.188062 ], [ 1.27436, 44.187384 ], [ 1.274728, 44.185522 ], [ 1.279954, 44.179383 ], [ 1.282662, 44.18023 ], [ 1.285802, 44.181992 ], [ 1.293373, 44.18266 ], [ 1.297034, 44.182329 ], [ 1.298688, 44.182844 ], [ 1.298735, 44.182897 ], [ 1.302079, 44.187513 ], [ 1.30688, 44.188382 ], [ 1.311888, 44.187116 ], [ 1.313469, 44.186016 ], [ 1.313746, 44.185986 ], [ 1.315472, 44.187834 ], [ 1.320679, 44.194274 ], [ 1.324986, 44.194889 ], [ 1.327482, 44.197483 ], [ 1.334869, 44.19627 ], [ 1.33836, 44.195391 ], [ 1.338342, 44.187088 ], [ 1.337483, 44.186278 ], [ 1.3362, 44.185175 ], [ 1.335718, 44.184526 ], [ 1.334077, 44.191625 ], [ 1.328526, 44.190273 ], [ 1.320104, 44.188014 ] ] ], [ [ [ 1.225165713566391, 44.233338063646421 ], [ 1.227597662925891, 44.232368782538295 ], [ 1.228184, 44.230013 ], [ 1.225438, 44.227305 ], [ 1.222207782767901, 44.222861203362392 ], [ 1.222188, 44.223704 ], [ 1.222056, 44.224205 ], [ 1.221967068033516, 44.224374040395823 ], [ 1.226186, 44.231325 ], [ 1.225165713566391, 44.233338063646421 ] ] ], [ [ [ 1.253011, 44.351197 ], [ 1.256519, 44.350392 ], [ 1.262627, 44.355167 ], [ 1.26299, 44.355839 ], [ 1.263648, 44.356673 ], [ 1.265393, 44.359037 ], [ 1.265877, 44.359631 ], [ 1.268364, 44.358295 ], [ 1.268473, 44.358062 ], [ 1.268667, 44.357357 ], [ 1.268472, 44.356867 ], [ 1.268173, 44.355857 ], [ 1.268672, 44.350982 ], [ 1.268335, 44.351551 ], [ 1.267963, 44.351924 ], [ 1.267697, 44.352128 ], [ 1.265283, 44.349719 ], [ 1.262146, 44.347659 ], [ 1.254512, 44.347435 ], [ 1.254184, 44.347518 ], [ 1.25410046873653, 44.347183779263105 ], [ 1.253662, 44.347585 ], [ 1.249807161334026, 44.348982631296423 ], [ 1.25074, 44.349615 ], [ 1.253011, 44.351197 ] ] ], [ [ [ 1.2817, 44.350251 ], [ 1.283092, 44.350596 ], [ 1.285143, 44.348957 ], [ 1.288029, 44.346763 ], [ 1.292886, 44.340442 ], [ 1.294963195709165, 44.341464876227555 ], [ 1.294566, 44.339984 ], [ 1.292909, 44.336788 ], [ 1.285641678837782, 44.335315091430004 ], [ 1.28513899591253, 44.335915737336563 ], [ 1.283365246015266, 44.339780277975457 ], [ 1.282838761022028, 44.3421346530546 ], [ 1.282866, 44.342292 ], [ 1.283511, 44.344195 ], [ 1.283614, 44.344589 ], [ 1.28366, 44.34486 ], [ 1.280111, 44.345466 ], [ 1.277135, 44.34276 ], [ 1.269668, 44.347405 ], [ 1.269297, 44.34951 ], [ 1.269156, 44.349988 ], [ 1.275434, 44.346434 ], [ 1.280765, 44.349148 ], [ 1.2817, 44.350251 ] ] ], [ [ [ 1.311763, 44.350471 ], [ 1.312854, 44.350372 ], [ 1.313344, 44.350269 ], [ 1.321839, 44.353113 ], [ 1.322374, 44.353771 ], [ 1.329155, 44.355306 ], [ 1.330388, 44.351924 ], [ 1.332745, 44.34402 ], [ 1.335241, 44.34309 ], [ 1.336906, 44.342694 ], [ 1.335547, 44.343017 ], [ 1.33145, 44.337381 ], [ 1.327135, 44.334647 ], [ 1.326416, 44.334347 ], [ 1.324904, 44.333423 ], [ 1.324119, 44.333108 ], [ 1.323487, 44.332881 ], [ 1.318899, 44.328831 ], [ 1.31257, 44.331878 ], [ 1.312274, 44.33252 ], [ 1.313906, 44.340623 ], [ 1.317259, 44.34179 ], [ 1.319362, 44.345138 ], [ 1.322314, 44.347158 ], [ 1.320281, 44.350129 ], [ 1.314933, 44.349183 ], [ 1.314239, 44.348992 ], [ 1.307626, 44.347431 ], [ 1.300271745369049, 44.344972939162567 ], [ 1.301905, 44.347653 ], [ 1.303525, 44.350868 ], [ 1.311763, 44.350471 ] ] ], [ [ [ 1.349185, 44.344469 ], [ 1.352633, 44.345485 ], [ 1.354953, 44.342733 ], [ 1.358776, 44.338555 ], [ 1.360282, 44.335285 ], [ 1.362335, 44.333387 ], [ 1.365018, 44.33198 ], [ 1.363006, 44.332353 ], [ 1.356957, 44.33506 ], [ 1.35523, 44.335806 ], [ 1.354475, 44.33594 ], [ 1.353459, 44.335911 ], [ 1.346899, 44.339023 ], [ 1.345122, 44.342575 ], [ 1.336906, 44.342694 ], [ 1.342376, 44.343343 ], [ 1.345954, 44.343742 ], [ 1.349185, 44.344469 ] ] ], [ [ [ 1.371715, 44.346967 ], [ 1.373915, 44.35354 ], [ 1.377319, 44.354657 ], [ 1.385442, 44.358228 ], [ 1.386782, 44.361393 ], [ 1.390104, 44.365266 ], [ 1.393851, 44.369025 ], [ 1.39607, 44.369611 ], [ 1.401182, 44.371545 ], [ 1.402632335539048, 44.373017878385276 ], [ 1.403634377560655, 44.368215696313122 ], [ 1.398175, 44.366207 ], [ 1.396006, 44.365026 ], [ 1.391383, 44.361391 ], [ 1.389106, 44.353906 ], [ 1.389121, 44.353709 ], [ 1.382038, 44.348799 ], [ 1.380667, 44.350453 ], [ 1.380256, 44.351033 ], [ 1.379336, 44.35202 ], [ 1.376437, 44.349886 ], [ 1.376048, 44.348125 ], [ 1.375976, 44.344526 ], [ 1.37832, 44.342964 ], [ 1.375014, 44.335093 ], [ 1.37211, 44.343334 ], [ 1.371484, 44.343374 ], [ 1.371715, 44.346967 ] ] ], [ [ [ 1.432280636208641, 44.35295630239716 ], [ 1.428777, 44.347636 ], [ 1.436543, 44.34438 ], [ 1.437002, 44.344655 ], [ 1.438869, 44.341833 ], [ 1.439135, 44.341257 ], [ 1.439282, 44.340901 ], [ 1.439579, 44.340354 ], [ 1.448248, 44.342436 ], [ 1.44799, 44.346999 ], [ 1.447099, 44.348371 ], [ 1.446897106561094, 44.348628030098176 ], [ 1.455387, 44.351026 ], [ 1.458161, 44.351543 ], [ 1.462481908999182, 44.352663235666441 ], [ 1.465510147237022, 44.351828966059202 ], [ 1.465982333788987, 44.351431294950942 ], [ 1.467330444150918, 44.34932002190012 ], [ 1.468149331130247, 44.347720642642301 ], [ 1.469142, 44.341572 ], [ 1.461549, 44.339913 ], [ 1.460973, 44.340131 ], [ 1.456935, 44.34435 ], [ 1.453341, 44.344132 ], [ 1.447738, 44.339818 ], [ 1.444248, 44.340191 ], [ 1.436308, 44.337963 ], [ 1.436353, 44.336279 ], [ 1.430228, 44.331008 ], [ 1.426592, 44.336876 ], [ 1.425894, 44.341329 ], [ 1.425787, 44.341538 ], [ 1.423631, 44.344129 ], [ 1.422504, 44.351913 ], [ 1.424428, 44.355833 ], [ 1.424130469809781, 44.357159048258943 ], [ 1.424837, 44.357419 ], [ 1.430878, 44.353346 ], [ 1.432280636208641, 44.35295630239716 ] ] ], [ [ [ 1.488154, 44.344718 ], [ 1.487263, 44.344781 ], [ 1.486317, 44.344869 ], [ 1.485485, 44.344955 ], [ 1.481683, 44.347495 ], [ 1.481707402411895, 44.34755497860619 ], [ 1.483748, 44.346923 ], [ 1.484778, 44.346476 ], [ 1.489155, 44.344665 ], [ 1.488154, 44.344718 ] ] ] ] } },
{ "type": "Feature", "properties": { "codgeo": "46063", "value": 1080, "isochrone_group": 18.0, "nb_agences": 1 }, "geometry": { "type": "MultiPolygon", "coordinates": [ [ [ [ 1.49673, 44.332422 ], [ 1.492033, 44.326348 ], [ 1.495512, 44.318144 ], [ 1.497698, 44.316556 ], [ 1.49822, 44.31616 ], [ 1.498735, 44.315332 ], [ 1.500753, 44.312261 ], [ 1.500264, 44.311217 ], [ 1.50005, 44.311054 ], [ 1.499864, 44.310935 ], [ 1.498282, 44.310058 ], [ 1.498276, 44.310054 ], [ 1.495936, 44.308624 ], [ 1.494099, 44.30771 ], [ 1.492995, 44.307098 ], [ 1.48813, 44.301348 ], [ 1.491244, 44.294757 ], [ 1.49479, 44.294136 ], [ 1.496662, 44.292454 ], [ 1.496767, 44.288856 ], [ 1.491824, 44.286882 ], [ 1.488919, 44.289008 ], [ 1.482119, 44.283439 ], [ 1.482042, 44.281665 ], [ 1.48198, 44.281578 ], [ 1.479175507188992, 44.278839902798531 ], [ 1.478682, 44.279538 ], [ 1.476886, 44.279851 ], [ 1.473686411418531, 44.28080771492565 ], [ 1.476564, 44.282377 ], [ 1.476933, 44.285958 ], [ 1.484149, 44.290754 ], [ 1.486639, 44.290118 ], [ 1.487776, 44.293534 ], [ 1.482938, 44.299565 ], [ 1.483667, 44.303091 ], [ 1.486321, 44.306955 ], [ 1.486543, 44.311053 ], [ 1.492466, 44.313952 ], [ 1.494057, 44.313675 ], [ 1.494675, 44.317222 ], [ 1.492072, 44.318055 ], [ 1.491586, 44.31827 ], [ 1.489489, 44.319107 ], [ 1.489106, 44.319248 ], [ 1.484437, 44.323985 ], [ 1.486559, 44.331579 ], [ 1.492989, 44.334468 ], [ 1.494301, 44.335565 ], [ 1.494398, 44.335959 ], [ 1.494772023515855, 44.340423580545519 ], [ 1.498766, 44.33787 ], [ 1.498886478537973, 44.33788548575999 ], [ 1.499154, 44.335871 ], [ 1.499267, 44.335173 ], [ 1.499468, 44.334111 ], [ 1.499678339863115, 44.333256718644712 ], [ 1.49673, 44.332422 ] ] ], [ [ [ 1.502460165200092, 44.341625584350766 ], [ 1.503144, 44.340784 ], [ 1.503264, 44.337187 ], [ 1.503045666568177, 44.335430497706149 ], [ 1.502722, 44.336344 ], [ 1.502377843300849, 44.339422193420837 ], [ 1.502460165200092, 44.341625584350766 ] ] ], [ [ [ 1.441254, 44.2168 ], [ 1.441594448795066, 44.217348052641675 ], [ 1.441169746338987, 44.216320994414531 ], [ 1.441254, 44.2168 ] ] ], [ [ [ 1.430917, 44.227619 ], [ 1.430691, 44.227011 ], [ 1.430664, 44.226952 ], [ 1.429106, 44.218213 ], [ 1.427854, 44.214837 ], [ 1.427826727627002, 44.214587630198615 ], [ 1.423169, 44.215905 ], [ 1.423091959456194, 44.215962946054056 ], [ 1.423092, 44.215963 ], [ 1.424375, 44.218667 ], [ 1.423386, 44.221211 ], [ 1.427593, 44.228764 ], [ 1.428199, 44.228952 ], [ 1.431553420116094, 44.229059756505812 ], [ 1.431491, 44.228852 ], [ 1.431159, 44.228177 ], [ 1.430917, 44.227619 ] ] ], [ [ [ 1.416545, 44.196823 ], [ 1.409506207311492, 44.196177293981449 ], [ 1.414658, 44.199377 ], [ 1.417237, 44.199953 ], [ 1.421148, 44.199324 ], [ 1.421772, 44.199096 ], [ 1.42392, 44.198654 ], [ 1.42382202968588, 44.197838648927821 ], [ 1.416545, 44.196823 ] ] ], [ [ [ 1.395969, 44.194358 ], [ 1.394828, 44.188958 ], [ 1.393088, 44.185806 ], [ 1.389666, 44.186852 ], [ 1.385378, 44.187572 ], [ 1.386319, 44.187667 ], [ 1.388109, 44.188294 ], [ 1.394339, 44.193472 ], [ 1.395265, 44.19389 ], [ 1.399224503738689, 44.196731777974321 ], [ 1.400144762384068, 44.196538893840447 ], [ 1.400495461528025, 44.196452762548113 ], [ 1.401282566455495, 44.19549032251269 ], [ 1.395969, 44.194358 ] ] ], [ [ [ 1.368569, 44.174404 ], [ 1.365205, 44.171676 ], [ 1.361743, 44.172664 ], [ 1.360329, 44.175739 ], [ 1.35799419602921, 44.180418298797065 ], [ 1.361106, 44.178998 ], [ 1.361812, 44.178715 ], [ 1.36216, 44.17866 ], [ 1.36516, 44.179981 ], [ 1.367873, 44.182245 ], [ 1.370408, 44.183903 ], [ 1.375797386111219, 44.185431884692527 ], [ 1.374042, 44.183001 ], [ 1.369255, 44.177938 ], [ 1.368569, 44.174404 ] ] ], [ [ [ 1.340476, 44.171467 ], [ 1.339336, 44.17107 ], [ 1.330653, 44.169034 ], [ 1.329142, 44.170178 ], [ 1.329073, 44.170281 ], [ 1.328376, 44.171823 ], [ 1.321237, 44.1751 ], [ 1.319174, 44.175805 ], [ 1.310559, 44.176536 ], [ 1.307231, 44.175261 ], [ 1.298358, 44.176273 ], [ 1.296058, 44.174999 ], [ 1.295969, 44.175163 ], [ 1.295317, 44.176272 ], [ 1.286688, 44.177982 ], [ 1.293301, 44.181714 ], [ 1.296979, 44.180395 ], [ 1.299988, 44.178419 ], [ 1.30863, 44.178101 ], [ 1.309198, 44.17803 ], [ 1.309629, 44.178037 ], [ 1.31013, 44.178117 ], [ 1.310569, 44.178256 ], [ 1.311704, 44.178734 ], [ 1.31411, 44.183025 ], [ 1.319368, 44.18449 ], [ 1.320104, 44.188014 ], [ 1.328526, 44.190273 ], [ 1.334077, 44.191625 ], [ 1.335718, 44.184526 ], [ 1.334447, 44.182337 ], [ 1.33467, 44.180193 ], [ 1.33533, 44.178847 ], [ 1.337245, 44.175851 ], [ 1.337396, 44.175672 ], [ 1.33832, 44.175253 ], [ 1.338786, 44.175632 ], [ 1.34138, 44.17773 ], [ 1.341536, 44.177856 ], [ 1.347706, 44.183342 ], [ 1.350787, 44.182789 ], [ 1.351183841236262, 44.182674447143597 ], [ 1.346819, 44.17813 ], [ 1.34418, 44.173931 ], [ 1.340476, 44.171467 ] ] ], [ [ [ 1.285546, 44.176811 ], [ 1.286284, 44.177461 ], [ 1.285672, 44.17686 ], [ 1.285026, 44.176423 ], [ 1.285546, 44.176811 ] ] ], [ [ [ 1.280986, 44.167004 ], [ 1.279224, 44.167273 ], [ 1.278792, 44.167394 ], [ 1.273792, 44.167197 ], [ 1.269508, 44.163378 ], [ 1.267478, 44.162913 ], [ 1.265725, 44.164025 ], [ 1.264548, 44.165003 ], [ 1.261092, 44.171326 ], [ 1.258337, 44.173643 ], [ 1.260325, 44.17796 ], [ 1.262655, 44.181797 ], [ 1.26287, 44.182273 ], [ 1.265888, 44.184254 ], [ 1.26891, 44.18621 ], [ 1.271636936955137, 44.187650612323218 ], [ 1.271721, 44.186636 ], [ 1.268738, 44.181775 ], [ 1.267175, 44.179228 ], [ 1.267727, 44.177064 ], [ 1.268966, 44.176105 ], [ 1.274413, 44.170981 ], [ 1.278009, 44.171155 ], [ 1.284626, 44.176157 ], [ 1.285026, 44.176423 ], [ 1.281077, 44.170606 ], [ 1.281129, 44.167006 ], [ 1.280986, 44.167004 ] ] ], [ [ [ 1.258846, 44.202532 ], [ 1.256662, 44.205394 ], [ 1.249916, 44.207028 ], [ 1.246277, 44.205145 ], [ 1.241913, 44.203821 ], [ 1.236394, 44.201424 ], [ 1.236259, 44.201455 ], [ 1.23554, 44.201772 ], [ 1.234229, 44.204301 ], [ 1.229925, 44.210955 ], [ 1.226568, 44.209655 ], [ 1.220342, 44.209728 ], [ 1.212042, 44.207237 ], [ 1.211258, 44.207296 ], [ 1.202462, 44.208007 ], [ 1.201131, 44.208289 ], [ 1.199922, 44.210559 ], [ 1.2009, 44.211803 ], [ 1.201254759132077, 44.212155885404258 ], [ 1.203543, 44.209445 ], [ 1.208651, 44.208573 ], [ 1.210311, 44.208156 ], [ 1.213056, 44.210486 ], [ 1.219053, 44.211541 ], [ 1.221416422211105, 44.212338274022557 ], [ 1.225771, 44.212546 ], [ 1.233918, 44.209914 ], [ 1.240688, 44.208472 ], [ 1.242824, 44.205574 ], [ 1.243388, 44.205832 ], [ 1.243873, 44.206118 ], [ 1.248404, 44.208146 ], [ 1.249019, 44.20847 ], [ 1.250443, 44.209062 ], [ 1.259299, 44.207605 ], [ 1.259562, 44.206776 ], [ 1.259741, 44.206484 ], [ 1.260438, 44.205982 ], [ 1.263333, 44.205265 ], [ 1.263878, 44.205045 ], [ 1.271399, 44.203592 ], [ 1.262606, 44.203187 ], [ 1.261499, 44.20302 ], [ 1.258846, 44.202532 ] ] ], [ [ [ 1.278341, 44.351321 ], [ 1.281731, 44.352936 ], [ 1.283126, 44.354073 ], [ 1.283994, 44.353714 ], [ 1.284132, 44.353651 ], [ 1.288959, 44.352016 ], [ 1.289821, 44.348521 ], [ 1.298124, 44.350818 ], [ 1.298144, 44.351621 ], [ 1.298363, 44.352186 ], [ 1.299375, 44.353549 ], [ 1.300195, 44.35375 ], [ 1.300812, 44.353555 ], [ 1.301442, 44.353208 ], [ 1.301851, 44.352779 ], [ 1.310345, 44.351182 ], [ 1.310842, 44.350938 ], [ 1.312854, 44.350372 ], [ 1.311763, 44.350471 ], [ 1.303525, 44.350868 ], [ 1.301905, 44.347653 ], [ 1.300778267633793, 44.345804108080941 ], [ 1.298683, 44.344684 ], [ 1.297957, 44.344724 ], [ 1.295137, 44.344914 ], [ 1.292646, 44.342315 ], [ 1.291162593854935, 44.342684876311097 ], [ 1.288029, 44.346763 ], [ 1.285143, 44.348957 ], [ 1.283092, 44.350596 ], [ 1.2817, 44.350251 ], [ 1.280765, 44.349148 ], [ 1.275485344094908, 44.346460139162183 ], [ 1.275400965789628, 44.346452700793826 ], [ 1.269156, 44.349988 ], [ 1.269160512913371, 44.350560376274423 ], [ 1.277793, 44.350431 ], [ 1.278111, 44.350922 ], [ 1.278341, 44.351321 ] ] ], [ [ [ 1.320815, 44.358106 ], [ 1.323831, 44.357376 ], [ 1.330066, 44.355638 ], [ 1.333185, 44.357477 ], [ 1.336835, 44.358345 ], [ 1.337433, 44.35678 ], [ 1.338285, 44.35505 ], [ 1.337992, 44.354921 ], [ 1.336349, 44.354287 ], [ 1.336159, 44.354194 ], [ 1.332459, 44.347493 ], [ 1.33424, 44.344365 ], [ 1.342788, 44.346443 ], [ 1.342963, 44.346401 ], [ 1.347393, 44.346009 ], [ 1.352015, 44.347107 ], [ 1.359188, 44.350202 ], [ 1.359516, 44.350486 ], [ 1.365478, 44.353732 ], [ 1.368388, 44.354931 ], [ 1.369132, 44.355238 ], [ 1.376425, 44.35857 ], [ 1.381592, 44.36335 ], [ 1.384561, 44.366337 ], [ 1.389875, 44.371883 ], [ 1.390552370591732, 44.372155634636499 ], [ 1.390727362989901, 44.365891359348545 ], [ 1.390104, 44.365266 ], [ 1.386782, 44.361393 ], [ 1.385442, 44.358228 ], [ 1.377319, 44.354657 ], [ 1.373915, 44.35354 ], [ 1.371715, 44.346967 ], [ 1.371484, 44.343374 ], [ 1.37211, 44.343334 ], [ 1.375014, 44.335093 ], [ 1.373609, 44.334139 ], [ 1.373451, 44.333993 ], [ 1.366837, 44.331473 ], [ 1.365018, 44.33198 ], [ 1.362335, 44.333387 ], [ 1.360282, 44.335285 ], [ 1.358776, 44.338555 ], [ 1.354953, 44.342733 ], [ 1.352633, 44.345485 ], [ 1.349185, 44.344469 ], [ 1.345954, 44.343742 ], [ 1.342376, 44.343343 ], [ 1.336906, 44.342694 ], [ 1.335241, 44.34309 ], [ 1.332745, 44.34402 ], [ 1.330388, 44.351924 ], [ 1.329155, 44.355306 ], [ 1.322374, 44.353771 ], [ 1.321839, 44.353113 ], [ 1.313344, 44.350269 ], [ 1.312854, 44.350372 ], [ 1.319292, 44.355672 ], [ 1.320235, 44.357198 ], [ 1.320815, 44.358106 ] ] ], [ [ [ 1.447778, 44.346092 ], [ 1.447812, 44.345732 ], [ 1.447994, 44.344667 ], [ 1.448127172042985, 44.344572968867666 ], [ 1.448248, 44.342436 ], [ 1.439579, 44.340354 ], [ 1.439282, 44.340901 ], [ 1.439135, 44.341257 ], [ 1.438869, 44.341833 ], [ 1.437002, 44.344655 ], [ 1.436543, 44.34438 ], [ 1.428777, 44.347636 ], [ 1.429740446582067, 44.349099002108353 ], [ 1.436602, 44.348651 ], [ 1.439891, 44.350115 ], [ 1.447778, 44.346092 ] ] ], [ [ [ 1.495001, 44.347451 ], [ 1.494214, 44.347302 ], [ 1.491890806889544, 44.348202427133664 ], [ 1.497388, 44.347545 ], [ 1.497747, 44.347426 ], [ 1.499678352012064, 44.345049116534355 ], [ 1.495001, 44.347451 ] ] ] ] } },
{ "type": "Feature", "properties": { "codgeo": "46063", "value": 1140, "isochrone_group": 19.0, "nb_agences": 1 }, "geometry": { "type": "MultiPolygon", "coordinates": [ [ [ [ 1.505369, 44.307015 ], [ 1.502385, 44.305001 ], [ 1.496155, 44.300744 ], [ 1.497122, 44.296406 ], [ 1.502664, 44.29372 ], [ 1.504109, 44.293057 ], [ 1.504945, 44.292593 ], [ 1.504738, 44.291626 ], [ 1.504567, 44.290897 ], [ 1.504345, 44.290619 ], [ 1.5042, 44.290464 ], [ 1.503195, 44.289447 ], [ 1.502012, 44.289094 ], [ 1.501304, 44.288872 ], [ 1.497831, 44.288026 ], [ 1.493371, 44.285043 ], [ 1.490551, 44.282806 ], [ 1.486473573702876, 44.280149651391227 ], [ 1.484227, 44.282439 ], [ 1.482077794124877, 44.282489659448473 ], [ 1.482119, 44.283439 ], [ 1.488919, 44.289008 ], [ 1.491824, 44.286882 ], [ 1.496767, 44.288856 ], [ 1.496662, 44.292454 ], [ 1.49479, 44.294136 ], [ 1.491244, 44.294757 ], [ 1.48813, 44.301348 ], [ 1.492995, 44.307098 ], [ 1.494099, 44.30771 ], [ 1.495936, 44.308624 ], [ 1.498276, 44.310054 ], [ 1.498282, 44.310058 ], [ 1.499864, 44.310935 ], [ 1.50005, 44.311054 ], [ 1.500264, 44.311217 ], [ 1.500753, 44.312261 ], [ 1.498735, 44.315332 ], [ 1.49822, 44.31616 ], [ 1.497698, 44.316556 ], [ 1.495512, 44.318144 ], [ 1.492033, 44.326348 ], [ 1.49673, 44.332422 ], [ 1.496886918413631, 44.33246642592497 ], [ 1.500703, 44.329845 ], [ 1.501062, 44.329057 ], [ 1.501458, 44.32825 ], [ 1.502164, 44.326974 ], [ 1.503606, 44.324657 ], [ 1.505576, 44.321578 ], [ 1.507546, 44.3185 ], [ 1.507645039856029, 44.31856336982873 ], [ 1.507819, 44.318291 ], [ 1.508451, 44.317228 ], [ 1.508526461323621, 44.317090710314531 ], [ 1.5068, 44.314584 ], [ 1.505807, 44.311124 ], [ 1.505369, 44.307015 ] ] ], [ [ [ 1.489305517276238, 44.271150385081775 ], [ 1.489305, 44.27115 ], [ 1.489304843730475, 44.271150438302833 ], [ 1.489305517276238, 44.271150385081775 ] ] ], [ [ [ 1.399919, 44.18547 ], [ 1.399181, 44.184016 ], [ 1.397725, 44.184332 ], [ 1.390349, 44.18164 ], [ 1.38966, 44.181138 ], [ 1.388683, 44.181675 ], [ 1.387682, 44.183026 ], [ 1.383227, 44.187876 ], [ 1.383822, 44.187752 ], [ 1.385378, 44.187572 ], [ 1.389666, 44.186852 ], [ 1.393088, 44.185806 ], [ 1.394828, 44.188958 ], [ 1.395969, 44.194358 ], [ 1.397431183902188, 44.194669591802601 ], [ 1.398823, 44.192336 ], [ 1.400305, 44.189055 ], [ 1.401105, 44.189417 ], [ 1.401473, 44.189621 ], [ 1.401767689808979, 44.189671397729768 ], [ 1.399919, 44.18547 ] ] ], [ [ [ 1.375517, 44.174629 ], [ 1.372698, 44.16829 ], [ 1.369775, 44.168661 ], [ 1.362482, 44.166545 ], [ 1.36168, 44.16616 ], [ 1.359601, 44.165703 ], [ 1.357702, 44.167108 ], [ 1.356802, 44.167755 ], [ 1.350759, 44.172248 ], [ 1.345058, 44.168414 ], [ 1.337835, 44.167538 ], [ 1.334995, 44.165231 ], [ 1.331521, 44.164288 ], [ 1.322721, 44.164877 ], [ 1.320366, 44.164504 ], [ 1.31801, 44.164131 ], [ 1.317447, 44.167687 ], [ 1.318056, 44.175534 ], [ 1.3130854560766, 44.176321625143132 ], [ 1.319174, 44.175805 ], [ 1.321237, 44.1751 ], [ 1.328376, 44.171823 ], [ 1.329073, 44.170281 ], [ 1.329142, 44.170178 ], [ 1.330653, 44.169034 ], [ 1.339336, 44.17107 ], [ 1.340476, 44.171467 ], [ 1.34418, 44.173931 ], [ 1.346819, 44.17813 ], [ 1.352044, 44.18357 ], [ 1.356956, 44.182499 ], [ 1.360329, 44.175739 ], [ 1.361743, 44.172664 ], [ 1.365205, 44.171676 ], [ 1.368569, 44.174404 ], [ 1.369255, 44.177938 ], [ 1.374042, 44.183001 ], [ 1.374301621256598, 44.183360527362382 ], [ 1.3751, 44.176802 ], [ 1.375786, 44.17525 ], [ 1.375517, 44.174629 ] ] ], [ [ [ 1.300687, 44.171956 ], [ 1.297818, 44.170764 ], [ 1.29684, 44.171448 ], [ 1.296457, 44.173207 ], [ 1.296004, 44.174949 ], [ 1.295317, 44.176272 ], [ 1.295969, 44.175163 ], [ 1.296058, 44.174999 ], [ 1.298358, 44.176273 ], [ 1.30722497091558, 44.175261687640429 ], [ 1.305836, 44.174734 ], [ 1.304659, 44.174164 ], [ 1.300687, 44.171956 ] ] ], [ [ [ 1.282177, 44.16724 ], [ 1.281836, 44.167125 ], [ 1.281419, 44.167034 ], [ 1.281128885892999, 44.167013899715435 ], [ 1.281077, 44.170606 ], [ 1.285026, 44.176423 ], [ 1.285672, 44.17686 ], [ 1.286284, 44.177461 ], [ 1.286688, 44.177982 ], [ 1.286586, 44.172405 ], [ 1.287084, 44.16884 ], [ 1.282177, 44.16724 ] ] ], [ [ [ 1.279224, 44.167273 ], [ 1.273792, 44.167197 ], [ 1.278792, 44.167394 ], [ 1.279224, 44.167273 ] ] ], [ [ [ 1.266692, 44.154454 ], [ 1.266688, 44.154453 ], [ 1.266115, 44.154314 ], [ 1.26505, 44.154892 ], [ 1.264729, 44.155124 ], [ 1.264279, 44.155685 ], [ 1.263972, 44.158098 ], [ 1.26391, 44.158315 ], [ 1.262977, 44.160928 ], [ 1.25641, 44.163674 ], [ 1.252829, 44.164044 ], [ 1.252927, 44.164991 ], [ 1.253062, 44.16712 ], [ 1.25341, 44.169057 ], [ 1.252952, 44.177218 ], [ 1.254298, 44.180557 ], [ 1.260498, 44.186721 ], [ 1.265381, 44.187301 ], [ 1.268944, 44.187815 ], [ 1.276563, 44.190253 ], [ 1.26891, 44.18621 ], [ 1.265888, 44.184254 ], [ 1.26287, 44.182273 ], [ 1.262655, 44.181797 ], [ 1.260325, 44.17796 ], [ 1.258337, 44.173643 ], [ 1.261092, 44.171326 ], [ 1.264548, 44.165003 ], [ 1.265725, 44.164025 ], [ 1.267478, 44.162913 ], [ 1.269508, 44.163378 ], [ 1.269542885299875, 44.163409098730213 ], [ 1.267765, 44.1572 ], [ 1.267264, 44.154594 ], [ 1.266692, 44.154454 ] ] ], [ [ [ 1.261983, 44.201686 ], [ 1.261445, 44.201563 ], [ 1.257285, 44.199037 ], [ 1.254068, 44.201346 ], [ 1.252753, 44.201888 ], [ 1.252014, 44.202288 ], [ 1.243554, 44.202233 ], [ 1.237702, 44.20029 ], [ 1.232576, 44.19812 ], [ 1.230599, 44.196731 ], [ 1.229429, 44.195963 ], [ 1.227452, 44.198971 ], [ 1.228714, 44.199843 ], [ 1.230788, 44.201252 ], [ 1.232513, 44.202963 ], [ 1.233087, 44.203508 ], [ 1.232635247750781, 44.206764946902013 ], [ 1.234229, 44.204301 ], [ 1.23554, 44.201772 ], [ 1.236259, 44.201455 ], [ 1.236394, 44.201424 ], [ 1.241913, 44.203821 ], [ 1.246277, 44.205145 ], [ 1.249916, 44.207028 ], [ 1.256662, 44.205394 ], [ 1.258846, 44.202532 ], [ 1.261499, 44.20302 ], [ 1.262606, 44.203187 ], [ 1.263043558953928, 44.20320715368775 ], [ 1.262431, 44.201858 ], [ 1.262395, 44.201837 ], [ 1.261983, 44.201686 ] ] ], [ [ [ 1.214313, 44.203132 ], [ 1.206104, 44.203101 ], [ 1.197447, 44.204833 ], [ 1.196901, 44.204719 ], [ 1.196283, 44.204676 ], [ 1.195881365848606, 44.204697181517119 ], [ 1.1973, 44.205727 ], [ 1.201293, 44.206564 ], [ 1.206037, 44.203255 ], [ 1.214644, 44.204537 ], [ 1.215012, 44.204463 ], [ 1.215871, 44.204328 ], [ 1.220371, 44.209699 ], [ 1.220511858023331, 44.209726008410591 ], [ 1.224087177568809, 44.209684087702776 ], [ 1.221508, 44.207795 ], [ 1.216714, 44.203965 ], [ 1.214313, 44.203132 ] ] ], [ [ [ 1.289803, 44.353829 ], [ 1.295874, 44.354732 ], [ 1.298579, 44.357107 ], [ 1.299901, 44.357034 ], [ 1.300597, 44.354698 ], [ 1.301149, 44.353657 ], [ 1.309876, 44.352956 ], [ 1.317866, 44.354741 ], [ 1.318298, 44.358049 ], [ 1.318488, 44.358939 ], [ 1.319842, 44.361827 ], [ 1.320161, 44.362475 ], [ 1.323392, 44.360888 ], [ 1.324947, 44.359276 ], [ 1.333689, 44.359026 ], [ 1.334069, 44.359475 ], [ 1.334202, 44.359594 ], [ 1.335056, 44.360324 ], [ 1.340584, 44.359937 ], [ 1.343973, 44.361897 ], [ 1.344812, 44.362177 ], [ 1.34572, 44.362108 ], [ 1.346334, 44.361813 ], [ 1.346754, 44.361438 ], [ 1.346314, 44.359362 ], [ 1.346109, 44.358829 ], [ 1.345677, 44.358261 ], [ 1.345308, 44.357967 ], [ 1.344665, 44.35765 ], [ 1.343426, 44.357032 ], [ 1.342623, 44.356631 ], [ 1.341505, 44.355972 ], [ 1.338126, 44.349501 ], [ 1.338159, 44.345902 ], [ 1.339116282481191, 44.345550413546547 ], [ 1.33424, 44.344365 ], [ 1.332459, 44.347493 ], [ 1.336159, 44.354194 ], [ 1.336349, 44.354287 ], [ 1.337992, 44.354921 ], [ 1.338285, 44.35505 ], [ 1.337433, 44.35678 ], [ 1.336835, 44.358345 ], [ 1.333185, 44.357477 ], [ 1.331256738525633, 44.356340073789248 ], [ 1.328541507406262, 44.356062950782331 ], [ 1.323831, 44.357376 ], [ 1.320815, 44.358106 ], [ 1.320235, 44.357198 ], [ 1.319292, 44.355672 ], [ 1.312854, 44.350372 ], [ 1.310842, 44.350938 ], [ 1.310345, 44.351182 ], [ 1.301851, 44.352779 ], [ 1.301442, 44.353208 ], [ 1.300812, 44.353555 ], [ 1.300195, 44.35375 ], [ 1.299375, 44.353549 ], [ 1.298363, 44.352186 ], [ 1.298144, 44.351621 ], [ 1.298124, 44.350818 ], [ 1.289821, 44.348521 ], [ 1.288959, 44.352016 ], [ 1.284132, 44.353651 ], [ 1.283994, 44.353714 ], [ 1.283126, 44.354073 ], [ 1.281731, 44.352936 ], [ 1.278341, 44.351321 ], [ 1.278111, 44.350922 ], [ 1.277793, 44.350431 ], [ 1.268852, 44.350565 ], [ 1.268672, 44.350982 ], [ 1.268146, 44.355115 ], [ 1.268537, 44.356266 ], [ 1.275397, 44.359746 ], [ 1.276883, 44.359929 ], [ 1.282026, 44.36193 ], [ 1.282818, 44.361984 ], [ 1.283202, 44.362043 ], [ 1.28434973223496, 44.362199659807651 ], [ 1.284643, 44.355101 ], [ 1.289803, 44.353829 ] ] ], [ [ [ 1.365731, 44.355106 ], [ 1.373483, 44.359405 ], [ 1.374457, 44.361497 ], [ 1.377502, 44.364951 ], [ 1.378650131828421, 44.366904640574397 ], [ 1.381872989658166, 44.363632693199371 ], [ 1.381592, 44.36335 ], [ 1.376425, 44.35857 ], [ 1.369132, 44.355238 ], [ 1.368388, 44.354931 ], [ 1.365478, 44.353732 ], [ 1.359516, 44.350486 ], [ 1.359188, 44.350202 ], [ 1.352015, 44.347107 ], [ 1.349438600380439, 44.346494951799606 ], [ 1.354443, 44.351558 ], [ 1.356874, 44.354213 ], [ 1.365731, 44.355106 ] ] ], [ [ [ 1.511542, 44.337598 ], [ 1.512357, 44.336152 ], [ 1.5124, 44.334746 ], [ 1.512351, 44.334235 ], [ 1.512218, 44.333609 ], [ 1.512023, 44.332935 ], [ 1.506722627507501, 44.326695445605978 ], [ 1.506033, 44.327775 ], [ 1.505379, 44.328845 ], [ 1.504772, 44.329939 ], [ 1.504438, 44.330613 ], [ 1.504141, 44.331269 ], [ 1.503735, 44.332298 ], [ 1.503582511424415, 44.334979803169801 ], [ 1.504509, 44.341796 ], [ 1.506701328332505, 44.344641935550428 ], [ 1.506971, 44.344429 ], [ 1.507837, 44.343588 ], [ 1.508555, 44.342842 ], [ 1.511542, 44.337598 ] ] ], [ [ [ 1.50475, 44.346046 ], [ 1.499667, 44.353211 ], [ 1.499666561104341, 44.353292394244683 ], [ 1.50475, 44.346046 ] ] ] ] } },
{ "type": "Feature", "properties": { "codgeo": "46063", "value": 1200, "isochrone_group": 20.0, "nb_agences": 1 }, "geometry": { "type": "MultiPolygon", "coordinates": [ [ [ [ 1.497226299574059, 44.281716567381864 ], [ 1.493323698189038, 44.285005477251374 ], [ 1.493371, 44.285043 ], [ 1.497831, 44.288026 ], [ 1.501304, 44.288872 ], [ 1.502012, 44.289094 ], [ 1.503195, 44.289447 ], [ 1.5042, 44.290464 ], [ 1.504345, 44.290619 ], [ 1.504567, 44.290897 ], [ 1.504738, 44.291626 ], [ 1.504945, 44.292593 ], [ 1.504109, 44.293057 ], [ 1.502664, 44.29372 ], [ 1.497122, 44.296406 ], [ 1.496155, 44.300744 ], [ 1.502385, 44.305001 ], [ 1.505369, 44.307015 ], [ 1.505807, 44.311124 ], [ 1.5068, 44.314584 ], [ 1.508450246026052, 44.316980050625894 ], [ 1.508695, 44.316533 ], [ 1.508909432533914, 44.316112333823177 ], [ 1.509870645576125, 44.310226491846635 ], [ 1.509812, 44.309555 ], [ 1.509377, 44.307748 ], [ 1.508554, 44.30512 ], [ 1.50871023493595, 44.305071060031686 ], [ 1.508657, 44.304887 ], [ 1.508163, 44.302048 ], [ 1.507716, 44.299407 ], [ 1.507348, 44.29655 ], [ 1.506861, 44.294021 ], [ 1.506227, 44.291654 ], [ 1.505303, 44.289072 ], [ 1.504328250596451, 44.28745123023991 ], [ 1.50374, 44.287406 ], [ 1.499958, 44.28583 ], [ 1.497226299574059, 44.281716567381864 ] ] ], [ [ [ 1.405501, 44.182541 ], [ 1.405339, 44.182421 ], [ 1.40331, 44.182673 ], [ 1.402288, 44.182991 ], [ 1.401185, 44.183286 ], [ 1.393613, 44.182654 ], [ 1.390807, 44.180398 ], [ 1.389706, 44.178902 ], [ 1.386152, 44.178332 ], [ 1.38176, 44.170728 ], [ 1.382431, 44.169298 ], [ 1.382604, 44.168571 ], [ 1.38261, 44.168369 ], [ 1.381802, 44.167182 ], [ 1.381278, 44.166884 ], [ 1.381064, 44.166801 ], [ 1.378114, 44.166999 ], [ 1.373471, 44.167108 ], [ 1.373129, 44.167108 ], [ 1.369775, 44.168661 ], [ 1.372698, 44.16829 ], [ 1.375517, 44.174629 ], [ 1.375786, 44.17525 ], [ 1.3751, 44.176802 ], [ 1.374141, 44.18468 ], [ 1.376742, 44.18674 ], [ 1.383227, 44.187876 ], [ 1.387682, 44.183026 ], [ 1.388683, 44.181675 ], [ 1.38966, 44.181138 ], [ 1.390349, 44.18164 ], [ 1.397725, 44.184332 ], [ 1.399181, 44.184016 ], [ 1.399919, 44.18547 ], [ 1.401896, 44.189963 ], [ 1.40284629831825, 44.19009153789743 ], [ 1.410286, 44.189604 ], [ 1.410162961927911, 44.186354487245829 ], [ 1.406273, 44.184704 ], [ 1.406016, 44.183116 ], [ 1.405501, 44.182541 ] ] ], [ [ [ 1.358717, 44.156606 ], [ 1.35733, 44.156801 ], [ 1.35596, 44.157568 ], [ 1.356271, 44.158843 ], [ 1.356354, 44.16169 ], [ 1.356163, 44.162793 ], [ 1.356664, 44.167388 ], [ 1.356514119259442, 44.167969040735947 ], [ 1.356802, 44.167755 ], [ 1.357702, 44.167108 ], [ 1.359601, 44.165703 ], [ 1.36168, 44.16616 ], [ 1.362482, 44.166545 ], [ 1.368009198230951, 44.168148668100471 ], [ 1.361892, 44.164003 ], [ 1.360756, 44.160587 ], [ 1.359736, 44.157796 ], [ 1.359446, 44.15667 ], [ 1.358717, 44.156606 ] ] ], [ [ [ 1.32923, 44.158159 ], [ 1.327547, 44.160265 ], [ 1.327429, 44.160531 ], [ 1.322721, 44.164877 ], [ 1.331521, 44.164288 ], [ 1.334995, 44.165231 ], [ 1.337835, 44.167538 ], [ 1.345058, 44.168414 ], [ 1.34548664733659, 44.168702271160932 ], [ 1.345076, 44.167526 ], [ 1.342466, 44.165046 ], [ 1.337925, 44.161207 ], [ 1.335074, 44.159009 ], [ 1.32923, 44.158159 ] ] ], [ [ [ 1.308949, 44.16222 ], [ 1.306379, 44.162062 ], [ 1.304289, 44.161841 ], [ 1.30391, 44.165421 ], [ 1.297083, 44.168946 ], [ 1.294328, 44.170879 ], [ 1.287082922117335, 44.168847716168067 ], [ 1.286586, 44.172405 ], [ 1.286688, 44.177982 ], [ 1.295317, 44.176272 ], [ 1.296004, 44.174949 ], [ 1.296457, 44.173207 ], [ 1.29684, 44.171448 ], [ 1.297818, 44.170764 ], [ 1.300687, 44.171956 ], [ 1.304659, 44.174164 ], [ 1.305836, 44.174734 ], [ 1.308126, 44.175604 ], [ 1.310559, 44.176536 ], [ 1.310868, 44.176673 ], [ 1.318056, 44.175534 ], [ 1.317447, 44.167687 ], [ 1.31801, 44.164131 ], [ 1.320366, 44.164504 ], [ 1.322721, 44.164877 ], [ 1.318226, 44.16213 ], [ 1.317848, 44.161813 ], [ 1.317444, 44.161546 ], [ 1.316595, 44.161289 ], [ 1.308949, 44.16222 ] ] ], [ [ [ 1.272715, 44.15386 ], [ 1.266381, 44.152171 ], [ 1.261129, 44.148063 ], [ 1.257926, 44.149706 ], [ 1.257624, 44.150769 ], [ 1.259983, 44.153489 ], [ 1.253235, 44.159342 ], [ 1.250801, 44.156689 ], [ 1.245831605983966, 44.156747774115047 ], [ 1.246971, 44.157291 ], [ 1.246046, 44.16077 ], [ 1.244047952552168, 44.160242478127095 ], [ 1.250466, 44.166149 ], [ 1.250526, 44.173013 ], [ 1.248852, 44.17957 ], [ 1.250154, 44.182927 ], [ 1.254585, 44.188065 ], [ 1.254779, 44.188303 ], [ 1.255448, 44.188895 ], [ 1.256023, 44.189214 ], [ 1.259166, 44.195304 ], [ 1.252712, 44.200131 ], [ 1.251935, 44.200024 ], [ 1.249369, 44.198996 ], [ 1.241115, 44.201121 ], [ 1.238658, 44.19849 ], [ 1.232576, 44.19812 ], [ 1.237702, 44.20029 ], [ 1.243554, 44.202233 ], [ 1.252014, 44.202288 ], [ 1.252753, 44.201888 ], [ 1.254068, 44.201346 ], [ 1.257285, 44.199037 ], [ 1.261445, 44.201563 ], [ 1.261983, 44.201686 ], [ 1.262395, 44.201837 ], [ 1.262431, 44.201858 ], [ 1.263878, 44.205045 ], [ 1.271399, 44.203592 ], [ 1.271614, 44.203415 ], [ 1.272761, 44.202596 ], [ 1.277186, 44.197208 ], [ 1.277211, 44.197147 ], [ 1.276563, 44.190253 ], [ 1.268944, 44.187815 ], [ 1.265381, 44.187301 ], [ 1.260498, 44.186721 ], [ 1.254298, 44.180557 ], [ 1.252952, 44.177218 ], [ 1.25341, 44.169057 ], [ 1.253062, 44.16712 ], [ 1.252927, 44.164991 ], [ 1.252829, 44.164044 ], [ 1.25641, 44.163674 ], [ 1.262977, 44.160928 ], [ 1.26391, 44.158315 ], [ 1.263972, 44.158098 ], [ 1.264279, 44.155685 ], [ 1.264729, 44.155124 ], [ 1.26505, 44.154892 ], [ 1.266115, 44.154314 ], [ 1.266688, 44.154453 ], [ 1.266692, 44.154454 ], [ 1.267264, 44.154594 ], [ 1.267765, 44.1572 ], [ 1.269938, 44.164789 ], [ 1.273065, 44.166932 ], [ 1.273792, 44.167197 ], [ 1.274441320497832, 44.167206084749239 ], [ 1.27448, 44.159417 ], [ 1.275294, 44.158843 ], [ 1.275341, 44.158811 ], [ 1.275925, 44.15549 ], [ 1.272715, 44.15386 ] ] ], [ [ [ 1.224323, 44.190462 ], [ 1.221452, 44.192634 ], [ 1.222199, 44.193622 ], [ 1.216479, 44.200362 ], [ 1.221152, 44.202291 ], [ 1.222499, 44.20563 ], [ 1.226496, 44.20991 ], [ 1.232286076755537, 44.209282325383718 ], [ 1.233087, 44.203508 ], [ 1.232513, 44.202963 ], [ 1.230788, 44.201252 ], [ 1.228714, 44.199843 ], [ 1.227452, 44.198971 ], [ 1.229429, 44.195963 ], [ 1.230599, 44.196731 ], [ 1.232576, 44.19812 ], [ 1.229777, 44.194371 ], [ 1.228489, 44.193604 ], [ 1.228054, 44.193321 ], [ 1.227457, 44.192919 ], [ 1.224323, 44.190462 ] ] ], [ [ [ 1.207163, 44.200747 ], [ 1.207526, 44.200169 ], [ 1.215478817901434, 44.200271868296348 ], [ 1.214783, 44.200223 ], [ 1.208034, 44.199334 ], [ 1.202920421332996, 44.202321368749224 ], [ 1.207163, 44.200747 ] ] ], [ [ [ 1.290556523308592, 44.367744848023662 ], [ 1.288006, 44.367483 ], [ 1.287722485888887, 44.367542987436913 ], [ 1.290556523308592, 44.367744848023662 ] ] ], [ [ [ 1.294407, 44.368106 ], [ 1.294414808321755, 44.36810536001493 ], [ 1.293739, 44.368074 ], [ 1.294407, 44.368106 ] ] ], [ [ [ 1.301149, 44.353657 ], [ 1.300597, 44.354698 ], [ 1.299901, 44.357034 ], [ 1.298579, 44.357107 ], [ 1.295874, 44.354732 ], [ 1.289820547411708, 44.353831610000441 ], [ 1.286184, 44.360274 ], [ 1.289384, 44.361796 ], [ 1.293253, 44.364142 ], [ 1.295202, 44.364284 ], [ 1.29865, 44.364261 ], [ 1.299413150950682, 44.364041409468385 ], [ 1.302447, 44.357596 ], [ 1.303908, 44.354306 ], [ 1.304299211562742, 44.353403957911596 ], [ 1.301149, 44.353657 ] ] ], [ [ [ 1.322914, 44.36676 ], [ 1.324259, 44.367145 ], [ 1.324453, 44.367088 ], [ 1.324768, 44.366972 ], [ 1.325936, 44.364803 ], [ 1.3255, 44.363883 ], [ 1.325308, 44.363486 ], [ 1.325661664589559, 44.359255562325863 ], [ 1.324947, 44.359276 ], [ 1.323392, 44.360888 ], [ 1.320161, 44.362475 ], [ 1.319842, 44.361827 ], [ 1.318488, 44.358939 ], [ 1.318298, 44.358049 ], [ 1.317935081759652, 44.355269987178069 ], [ 1.317241615730725, 44.354601509897286 ], [ 1.316045784842936, 44.354334356188296 ], [ 1.316118, 44.354592 ], [ 1.316752, 44.358136 ], [ 1.317884, 44.363811 ], [ 1.319297, 44.365744 ], [ 1.322914, 44.36676 ] ] ], [ [ [ 1.3350572740217, 44.360323910809271 ], [ 1.335239, 44.360479 ], [ 1.335724, 44.360918 ], [ 1.343973, 44.361897 ], [ 1.340584, 44.359937 ], [ 1.3350572740217, 44.360323910809271 ] ] ], [ [ [ 1.354504, 44.363535 ], [ 1.354512, 44.363277 ], [ 1.354473, 44.362787 ], [ 1.354263, 44.362114 ], [ 1.357548, 44.355179 ], [ 1.363771, 44.356924 ], [ 1.364736, 44.357342 ], [ 1.369103, 44.359014 ], [ 1.372351, 44.362361 ], [ 1.37539207485237, 44.36849564041767 ], [ 1.376424, 44.367183 ], [ 1.376579739980047, 44.363904863346818 ], [ 1.374457, 44.361497 ], [ 1.373483, 44.359405 ], [ 1.365731, 44.355106 ], [ 1.356874, 44.354213 ], [ 1.354443, 44.351558 ], [ 1.34847, 44.345515 ], [ 1.347662383668961, 44.344752251242916 ], [ 1.345592, 44.344733 ], [ 1.343812313447104, 44.343825676172756 ], [ 1.338159, 44.345902 ], [ 1.338126, 44.349501 ], [ 1.341505, 44.355972 ], [ 1.342623, 44.356631 ], [ 1.343426, 44.357032 ], [ 1.344665, 44.35765 ], [ 1.345308, 44.357967 ], [ 1.345677, 44.358261 ], [ 1.346109, 44.358829 ], [ 1.346314, 44.359362 ], [ 1.346754, 44.361438 ], [ 1.346334, 44.361813 ], [ 1.34572, 44.362108 ], [ 1.344812, 44.362177 ], [ 1.350325, 44.36414 ], [ 1.350936, 44.364317 ], [ 1.351521, 44.364353 ], [ 1.351825, 44.364309 ], [ 1.354504, 44.363535 ] ] ], [ [ [ 1.52138, 44.33937 ], [ 1.52184, 44.339083 ], [ 1.522308, 44.338734 ], [ 1.520156, 44.335848 ], [ 1.515977, 44.333456 ], [ 1.511942, 44.326567 ], [ 1.511913867416148, 44.318399819880888 ], [ 1.511544, 44.31907 ], [ 1.510853, 44.320228 ], [ 1.508433, 44.324018 ], [ 1.506722627507501, 44.326695445605978 ], [ 1.512023, 44.332935 ], [ 1.512218, 44.333609 ], [ 1.512351, 44.334235 ], [ 1.5124, 44.334746 ], [ 1.512357, 44.336152 ], [ 1.512118419233761, 44.336575297899365 ], [ 1.511788, 44.339966 ], [ 1.511133144053113, 44.342951665411334 ], [ 1.5114, 44.342924 ], [ 1.511553, 44.342882 ], [ 1.519909, 44.339812 ], [ 1.520283, 44.339776 ], [ 1.520844, 44.339623 ], [ 1.52138, 44.33937 ] ] ], [ [ [ 1.505244, 44.345731 ], [ 1.502477, 44.349621 ], [ 1.503720341943619, 44.353019963624966 ], [ 1.506201, 44.345037 ], [ 1.505244, 44.345731 ] ] ] ] } }
]
}
