{
"type": "FeatureCollection",
"name": "Credit_Agricole",
"crs": { "type": "name", "properties": { "name": "urn:ogc:def:crs:OGC:1.3:CRS84" } },
"features": [
{ "type": "Feature", "properties": { "codgeo": "81192", "value": 60, "isochrone_group": 1.0, "nb_agences": 1 }, "geometry": { "type": "Polygon", "coordinates": [ [ [ 2.856624, 43.682035 ], [ 2.856989, 43.681735 ], [ 2.857127, 43.681695 ], [ 2.857174, 43.681702 ], [ 2.859363, 43.681936 ], [ 2.859643, 43.682898 ], [ 2.859505, 43.683021 ], [ 2.859367, 43.683143 ], [ 2.859026, 43.683434 ], [ 2.858801, 43.683506 ], [ 2.858774, 43.683495 ], [ 2.856488, 43.682613 ], [ 2.85626, 43.682335 ], [ 2.856624, 43.682035 ] ] ] } },
{ "type": "Feature", "properties": { "codgeo": "81192", "value": 120, "isochrone_group": 2.0, "nb_agences": 1 }, "geometry": { "type": "Polygon", "coordinates": [ [ [ 2.851665, 43.683121 ], [ 2.852916, 43.686305 ], [ 2.852956, 43.686389 ], [ 2.85385, 43.687806 ], [ 2.853966, 43.687772 ], [ 2.859369, 43.685272 ], [ 2.864833, 43.683069 ], [ 2.865252, 43.682988 ], [ 2.865676, 43.682906 ], [ 2.870335, 43.682464 ], [ 2.870363, 43.682105 ], [ 2.869929, 43.682072 ], [ 2.869495, 43.682038 ], [ 2.868973, 43.682045 ], [ 2.868468, 43.682052 ], [ 2.868216, 43.682071 ], [ 2.867975, 43.682089 ], [ 2.867741, 43.682121 ], [ 2.867519, 43.682153 ], [ 2.867039, 43.682244 ], [ 2.862864, 43.681421 ], [ 2.860788, 43.678967 ], [ 2.860171, 43.678211 ], [ 2.859818, 43.678143 ], [ 2.855374, 43.679223 ], [ 2.851665, 43.683121 ] ], [ [ 2.856989, 43.681735 ], [ 2.857127, 43.681695 ], [ 2.857174, 43.681702 ], [ 2.859363, 43.681936 ], [ 2.859643, 43.682898 ], [ 2.859505, 43.683021 ], [ 2.859367, 43.683143 ], [ 2.859026, 43.683434 ], [ 2.858801, 43.683506 ], [ 2.858774, 43.683495 ], [ 2.856488, 43.682613 ], [ 2.85626, 43.682335 ], [ 2.856624, 43.682035 ], [ 2.856989, 43.681735 ] ] ] } },
{ "type": "Feature", "properties": { "codgeo": "81192", "value": 180, "isochrone_group": 3.0, "nb_agences": 1 }, "geometry": { "type": "Polygon", "coordinates": [ [ [ 2.873527, 43.685608 ], [ 2.880179, 43.685306 ], [ 2.881284, 43.684665 ], [ 2.881165, 43.684325 ], [ 2.87651, 43.681447 ], [ 2.87101, 43.682221 ], [ 2.865953, 43.677988 ], [ 2.865764, 43.677682 ], [ 2.857228, 43.675453 ], [ 2.85701, 43.675312 ], [ 2.856192, 43.67491 ], [ 2.85353, 43.675727 ], [ 2.847368, 43.677043 ], [ 2.84714, 43.677322 ], [ 2.847418, 43.679452 ], [ 2.850144, 43.68379 ], [ 2.849669, 43.691662 ], [ 2.850583, 43.69559 ], [ 2.850915, 43.69573 ], [ 2.851563, 43.695665 ], [ 2.852964, 43.693221 ], [ 2.854545, 43.689215 ], [ 2.861466, 43.685813 ], [ 2.861658, 43.685794 ], [ 2.861891, 43.685767 ], [ 2.862117, 43.685689 ], [ 2.8660556317031, 43.68286998428573 ], [ 2.865676, 43.682906 ], [ 2.865252, 43.682988 ], [ 2.864833, 43.683069 ], [ 2.859369, 43.685272 ], [ 2.853966, 43.687772 ], [ 2.85385, 43.687806 ], [ 2.852956, 43.686389 ], [ 2.852916, 43.686305 ], [ 2.851665, 43.683121 ], [ 2.855374, 43.679223 ], [ 2.859818, 43.678143 ], [ 2.860171, 43.678211 ], [ 2.860788, 43.678967 ], [ 2.862864, 43.681421 ], [ 2.867039, 43.682244 ], [ 2.867519, 43.682153 ], [ 2.867741, 43.682121 ], [ 2.867975, 43.682089 ], [ 2.868216, 43.682071 ], [ 2.868468, 43.682052 ], [ 2.868973, 43.682045 ], [ 2.869495, 43.682038 ], [ 2.869929, 43.682072 ], [ 2.870363, 43.682105 ], [ 2.870335, 43.682464 ], [ 2.866293679866514, 43.682847400622236 ], [ 2.873527, 43.685608 ] ] ] } },
{ "type": "Feature", "properties": { "codgeo": "81192", "value": 240, "isochrone_group": 4.0, "nb_agences": 1 }, "geometry": { "type": "MultiPolygon", "coordinates": [ [ [ [ 2.855709, 43.671051 ], [ 2.855429, 43.670825 ], [ 2.848528, 43.67477 ], [ 2.842566, 43.676404 ], [ 2.838353, 43.679122 ], [ 2.838452, 43.679468 ], [ 2.838622, 43.679419 ], [ 2.844264, 43.680448 ], [ 2.848358, 43.684927 ], [ 2.843419, 43.691287 ], [ 2.843405, 43.691647 ], [ 2.845116, 43.694937 ], [ 2.841105, 43.701066 ], [ 2.841172, 43.70142 ], [ 2.847002, 43.702036 ], [ 2.850267, 43.699878 ], [ 2.853877, 43.696977 ], [ 2.85685, 43.693575 ], [ 2.856942, 43.693227 ], [ 2.861891, 43.685767 ], [ 2.861658, 43.685794 ], [ 2.861466, 43.685813 ], [ 2.854545, 43.689215 ], [ 2.852964, 43.693221 ], [ 2.851563, 43.695665 ], [ 2.850915, 43.69573 ], [ 2.850583, 43.69559 ], [ 2.849669, 43.691662 ], [ 2.850144, 43.68379 ], [ 2.847418, 43.679452 ], [ 2.84714, 43.677322 ], [ 2.847368, 43.677043 ], [ 2.85353, 43.675727 ], [ 2.856192, 43.67491 ], [ 2.85701, 43.675312 ], [ 2.857228, 43.675453 ], [ 2.8585286054104, 43.675792626225373 ], [ 2.855709, 43.671051 ] ] ], [ [ [ 2.882087, 43.687309 ], [ 2.882408, 43.687472 ], [ 2.88391, 43.688297 ], [ 2.89201, 43.684894 ], [ 2.893302, 43.684545 ], [ 2.893275, 43.684186 ], [ 2.888048, 43.683419 ], [ 2.881183, 43.678315 ], [ 2.880969, 43.678026 ], [ 2.880479, 43.67839 ], [ 2.879817, 43.678862 ], [ 2.871353, 43.676144 ], [ 2.871222, 43.675809 ], [ 2.870823, 43.675966 ], [ 2.870424, 43.676122 ], [ 2.869678, 43.676386 ], [ 2.868928, 43.676652 ], [ 2.868422, 43.676828 ], [ 2.867599, 43.677087 ], [ 2.86727, 43.677174 ], [ 2.866841, 43.677273 ], [ 2.866408, 43.677374 ], [ 2.863015113216238, 43.676964185023316 ], [ 2.865764, 43.677682 ], [ 2.865953, 43.677988 ], [ 2.87101, 43.682221 ], [ 2.87651, 43.681447 ], [ 2.881165, 43.684325 ], [ 2.881284, 43.684665 ], [ 2.880179, 43.685306 ], [ 2.874243275157752, 43.685575481193986 ], [ 2.882087, 43.687309 ] ] ], [ [ [ 2.86277, 43.685614 ], [ 2.870372, 43.68859 ], [ 2.870598, 43.688826 ], [ 2.870858, 43.688577 ], [ 2.873641713149993, 43.685602792036796 ], [ 2.873527, 43.685608 ], [ 2.866159, 43.682796 ], [ 2.862117, 43.685689 ], [ 2.861891, 43.685767 ], [ 2.86277, 43.685614 ] ] ] ] } },
{ "type": "Feature", "properties": { "codgeo": "81192", "value": 300, "isochrone_group": 5.0, "nb_agences": 1 }, "geometry": { "type": "MultiPolygon", "coordinates": [ [ [ [ 2.858671, 43.674493 ], [ 2.855853, 43.670861 ], [ 2.855669, 43.670739 ], [ 2.855483, 43.670779 ], [ 2.847262, 43.672918 ], [ 2.838384, 43.673127 ], [ 2.83811, 43.672894 ], [ 2.835456, 43.675037 ], [ 2.827538, 43.677576 ], [ 2.82738, 43.6779 ], [ 2.827642, 43.678027 ], [ 2.827903, 43.678154 ], [ 2.828093, 43.678225 ], [ 2.828267, 43.678289 ], [ 2.831857, 43.679973 ], [ 2.836072, 43.682891 ], [ 2.838315, 43.689399 ], [ 2.839958, 43.697512 ], [ 2.836262, 43.703645 ], [ 2.833723, 43.704876 ], [ 2.833056, 43.705067 ], [ 2.832447, 43.705252 ], [ 2.831141, 43.705524 ], [ 2.831118, 43.705883 ], [ 2.831281, 43.705908 ], [ 2.832551, 43.705596 ], [ 2.833161, 43.705412 ], [ 2.833823, 43.705222 ], [ 2.841854, 43.708229 ], [ 2.842062, 43.708523 ], [ 2.844417, 43.707193 ], [ 2.845613, 43.705634 ], [ 2.845795, 43.705352 ], [ 2.846221, 43.704349 ], [ 2.853292, 43.699943 ], [ 2.860228, 43.695149 ], [ 2.860453, 43.694869 ], [ 2.860177, 43.694646 ], [ 2.8599, 43.694424 ], [ 2.861891, 43.685767 ], [ 2.856942, 43.693227 ], [ 2.85685, 43.693575 ], [ 2.853877, 43.696977 ], [ 2.850267, 43.699878 ], [ 2.847002, 43.702036 ], [ 2.841172, 43.70142 ], [ 2.841105, 43.701066 ], [ 2.845116, 43.694937 ], [ 2.843405, 43.691647 ], [ 2.843419, 43.691287 ], [ 2.848358, 43.684927 ], [ 2.844264, 43.680448 ], [ 2.838622, 43.679419 ], [ 2.838452, 43.679468 ], [ 2.838353, 43.679122 ], [ 2.842566, 43.676404 ], [ 2.848528, 43.67477 ], [ 2.855429, 43.670825 ], [ 2.855709, 43.671051 ], [ 2.858932, 43.676471 ], [ 2.866408, 43.677374 ], [ 2.866841, 43.677273 ], [ 2.858671, 43.674493 ] ] ], [ [ [ 2.885094, 43.675995 ], [ 2.885024, 43.675642 ], [ 2.88469, 43.675708 ], [ 2.876005, 43.673441 ], [ 2.875125, 43.673507 ], [ 2.874912, 43.673557 ], [ 2.874734, 43.673601 ], [ 2.87449, 43.673785 ], [ 2.870838, 43.675959 ], [ 2.870424, 43.676122 ], [ 2.870823, 43.675966 ], [ 2.871222, 43.675809 ], [ 2.871353, 43.676144 ], [ 2.879817, 43.678862 ], [ 2.880479, 43.67839 ], [ 2.880969, 43.678026 ], [ 2.881183, 43.678315 ], [ 2.888048, 43.683419 ], [ 2.888414378892631, 43.683472761739175 ], [ 2.885094, 43.675995 ] ] ], [ [ [ 2.869539, 43.692201 ], [ 2.869799, 43.69245 ], [ 2.870126, 43.692108 ], [ 2.870453, 43.691766 ], [ 2.871535, 43.690639 ], [ 2.879975, 43.689855 ], [ 2.885745, 43.689343 ], [ 2.893885, 43.686855 ], [ 2.898439, 43.685297 ], [ 2.903929, 43.685914 ], [ 2.904866, 43.685731 ], [ 2.904955, 43.685383 ], [ 2.901555, 43.683433 ], [ 2.895225, 43.683812 ], [ 2.894864, 43.683804 ], [ 2.894617, 43.683852 ], [ 2.89441, 43.683897 ], [ 2.894202, 43.683956 ], [ 2.893124036195801, 43.684163847859615 ], [ 2.893275, 43.684186 ], [ 2.893302, 43.684545 ], [ 2.89201, 43.684894 ], [ 2.88391, 43.688297 ], [ 2.882408, 43.687472 ], [ 2.882087, 43.687309 ], [ 2.873766, 43.68547 ], [ 2.870858, 43.688577 ], [ 2.870598, 43.688826 ], [ 2.870372, 43.68859 ], [ 2.865046069249455, 43.686505026320219 ], [ 2.869539, 43.692201 ] ] ] ] } },
{ "type": "Feature", "properties": { "codgeo": "81192", "value": 360, "isochrone_group": 6.0, "nb_agences": 1 }, "geometry": { "type": "MultiPolygon", "coordinates": [ [ [ [ 2.850553, 43.670875 ], [ 2.849794, 43.671156 ], [ 2.849035, 43.671437 ], [ 2.848632, 43.671651 ], [ 2.848251, 43.671855 ], [ 2.848034, 43.672033 ], [ 2.847849, 43.67219 ], [ 2.840285, 43.667667 ], [ 2.84054, 43.666858 ], [ 2.840831, 43.66625 ], [ 2.841035, 43.665866 ], [ 2.840717, 43.665697 ], [ 2.840513, 43.666082 ], [ 2.840309, 43.666466 ], [ 2.840205, 43.666726 ], [ 2.84011, 43.666967 ], [ 2.839939, 43.667569 ], [ 2.839549, 43.66871 ], [ 2.834446, 43.674933 ], [ 2.826814, 43.677434 ], [ 2.826551, 43.67744 ], [ 2.826222, 43.67748 ], [ 2.821719, 43.677473 ], [ 2.821496, 43.677457 ], [ 2.821265, 43.67744 ], [ 2.821022, 43.677433 ], [ 2.820772, 43.677426 ], [ 2.820359, 43.677427 ], [ 2.819939, 43.677429 ], [ 2.819683, 43.677439 ], [ 2.819418, 43.67745 ], [ 2.817239, 43.677538 ], [ 2.817184, 43.677894 ], [ 2.821687, 43.680439 ], [ 2.822747, 43.680245 ], [ 2.830231, 43.681963 ], [ 2.832374, 43.688362 ], [ 2.832366, 43.688722 ], [ 2.834139, 43.689149 ], [ 2.834459, 43.689286 ], [ 2.834544, 43.689322 ], [ 2.835021, 43.689551 ], [ 2.835929, 43.698055 ], [ 2.834417, 43.698891 ], [ 2.829065, 43.70539 ], [ 2.828053, 43.705366 ], [ 2.827794, 43.705384 ], [ 2.823819, 43.705257 ], [ 2.823564, 43.705231 ], [ 2.823284, 43.705204 ], [ 2.822988, 43.705217 ], [ 2.82267, 43.705232 ], [ 2.822493, 43.705261 ], [ 2.822288, 43.705297 ], [ 2.821796, 43.705458 ], [ 2.821279, 43.70563 ], [ 2.821061, 43.705738 ], [ 2.820833, 43.705852 ], [ 2.820614, 43.705978 ], [ 2.820379, 43.706115 ], [ 2.820201, 43.706246 ], [ 2.820024, 43.706376 ], [ 2.820237, 43.706667 ], [ 2.825584, 43.706378 ], [ 2.83007, 43.707744 ], [ 2.830527, 43.707335 ], [ 2.830752, 43.707165 ], [ 2.830951, 43.70695 ], [ 2.831125, 43.706758 ], [ 2.833161, 43.705412 ], [ 2.832551, 43.705596 ], [ 2.831281, 43.705908 ], [ 2.831118, 43.705883 ], [ 2.831141, 43.705524 ], [ 2.832447, 43.705252 ], [ 2.833056, 43.705067 ], [ 2.833723, 43.704876 ], [ 2.836262, 43.703645 ], [ 2.839958, 43.697512 ], [ 2.838315, 43.689399 ], [ 2.836072, 43.682891 ], [ 2.831857, 43.679973 ], [ 2.828267, 43.678289 ], [ 2.828093, 43.678225 ], [ 2.827903, 43.678154 ], [ 2.827642, 43.678027 ], [ 2.82738, 43.6779 ], [ 2.827538, 43.677576 ], [ 2.835456, 43.675037 ], [ 2.83811, 43.672894 ], [ 2.838384, 43.673127 ], [ 2.847262, 43.672918 ], [ 2.855483, 43.670779 ], [ 2.855669, 43.670739 ], [ 2.850553, 43.670875 ] ] ], [ [ [ 2.864116, 43.674622 ], [ 2.863994, 43.674578 ], [ 2.855853, 43.670861 ], [ 2.858671, 43.674493 ], [ 2.866841, 43.677273 ], [ 2.86727, 43.677174 ], [ 2.867599, 43.677087 ], [ 2.868422, 43.676828 ], [ 2.868928, 43.676652 ], [ 2.869678, 43.676386 ], [ 2.870424, 43.676122 ], [ 2.870838, 43.675959 ], [ 2.864116, 43.674622 ] ] ], [ [ [ 2.887464, 43.674686 ], [ 2.889034, 43.67433 ], [ 2.889636, 43.674232 ], [ 2.890255, 43.67413 ], [ 2.890478, 43.674072 ], [ 2.890386, 43.673723 ], [ 2.890024, 43.672781 ], [ 2.889696, 43.672634 ], [ 2.888154, 43.673902 ], [ 2.879633, 43.671986 ], [ 2.879306, 43.671835 ], [ 2.875625, 43.671513 ], [ 2.875243, 43.671497 ], [ 2.87486, 43.671481 ], [ 2.870838, 43.675959 ], [ 2.87449, 43.673785 ], [ 2.874734, 43.673601 ], [ 2.874912, 43.673557 ], [ 2.875125, 43.673507 ], [ 2.876005, 43.673441 ], [ 2.88469, 43.675708 ], [ 2.885024, 43.675642 ], [ 2.885094, 43.675995 ], [ 2.887716167680273, 43.681900333634296 ], [ 2.887464, 43.674686 ] ] ], [ [ [ 2.905063, 43.687689 ], [ 2.908069, 43.690716 ], [ 2.908429, 43.690723 ], [ 2.914983, 43.686343 ], [ 2.915764, 43.685619 ], [ 2.915654, 43.685277 ], [ 2.912878, 43.685172 ], [ 2.912607, 43.68516 ], [ 2.908172, 43.684287 ], [ 2.901719, 43.679449 ], [ 2.901398, 43.679285 ], [ 2.900593, 43.680343 ], [ 2.89936, 43.681459 ], [ 2.894864, 43.683804 ], [ 2.895225, 43.683812 ], [ 2.901555, 43.683433 ], [ 2.904955, 43.685383 ], [ 2.904866, 43.685731 ], [ 2.903929, 43.685914 ], [ 2.900322999982007, 43.685508735517097 ], [ 2.905063, 43.687689 ] ] ], [ [ [ 2.839506, 43.711989 ], [ 2.839398, 43.712283 ], [ 2.837784, 43.714422 ], [ 2.837588, 43.714586 ], [ 2.837393, 43.714751 ], [ 2.837625, 43.715027 ], [ 2.838909, 43.714082 ], [ 2.839133, 43.713891 ], [ 2.839341, 43.713711 ], [ 2.839542, 43.713488 ], [ 2.845562, 43.707873 ], [ 2.847141, 43.7073 ], [ 2.853228, 43.703026 ], [ 2.854571, 43.70195 ], [ 2.861664, 43.698168 ], [ 2.869009, 43.693159 ], [ 2.877822, 43.69205 ], [ 2.878029, 43.69181 ], [ 2.886775, 43.689697 ], [ 2.887792, 43.690046 ], [ 2.88799, 43.690101 ], [ 2.888199, 43.690159 ], [ 2.888561, 43.690237 ], [ 2.889149, 43.69032 ], [ 2.889738, 43.690402 ], [ 2.895423, 43.688292 ], [ 2.895741, 43.688124 ], [ 2.899143578636859, 43.685376184885065 ], [ 2.898439, 43.685297 ], [ 2.893885, 43.686855 ], [ 2.885745, 43.689343 ], [ 2.879975, 43.689855 ], [ 2.871535, 43.690639 ], [ 2.870453, 43.691766 ], [ 2.870126, 43.692108 ], [ 2.869799, 43.69245 ], [ 2.869539, 43.692201 ], [ 2.864008, 43.685189 ], [ 2.863027, 43.685556 ], [ 2.86277, 43.685614 ], [ 2.861891, 43.685767 ], [ 2.8599, 43.694424 ], [ 2.860177, 43.694646 ], [ 2.860453, 43.694869 ], [ 2.860228, 43.695149 ], [ 2.853292, 43.699943 ], [ 2.846221, 43.704349 ], [ 2.845795, 43.705352 ], [ 2.845613, 43.705634 ], [ 2.844417, 43.707193 ], [ 2.842062, 43.708523 ], [ 2.841854, 43.708229 ], [ 2.833823, 43.705222 ], [ 2.839506, 43.711989 ] ] ] ] } },
{ "type": "Feature", "properties": { "codgeo": "81192", "value": 420, "isochrone_group": 7.0, "nb_agences": 1 }, "geometry": { "type": "MultiPolygon", "coordinates": [ [ [ [ 2.813165, 43.707369 ], [ 2.81083, 43.708598 ], [ 2.810111, 43.709169 ], [ 2.810241, 43.709504 ], [ 2.814584, 43.709955 ], [ 2.817116, 43.709315 ], [ 2.817439, 43.709156 ], [ 2.819876, 43.706858 ], [ 2.827786, 43.709743 ], [ 2.827969, 43.710053 ], [ 2.832964, 43.713843 ], [ 2.833642, 43.714494 ], [ 2.835373, 43.715752 ], [ 2.840072, 43.719733 ], [ 2.844896, 43.719941 ], [ 2.844956, 43.719586 ], [ 2.842747, 43.717514 ], [ 2.842458, 43.717301 ], [ 2.841081274006926, 43.712052281802485 ], [ 2.839542, 43.713488 ], [ 2.839341, 43.713711 ], [ 2.839133, 43.713891 ], [ 2.838909, 43.714082 ], [ 2.837625, 43.715027 ], [ 2.837393, 43.714751 ], [ 2.837588, 43.714586 ], [ 2.837784, 43.714422 ], [ 2.839398, 43.712283 ], [ 2.839506, 43.711989 ], [ 2.833823, 43.705222 ], [ 2.833161, 43.705412 ], [ 2.831125, 43.706758 ], [ 2.830951, 43.70695 ], [ 2.830752, 43.707165 ], [ 2.830527, 43.707335 ], [ 2.83007, 43.707744 ], [ 2.825584, 43.706378 ], [ 2.820237, 43.706667 ], [ 2.820024, 43.706376 ], [ 2.820201, 43.706246 ], [ 2.820379, 43.706115 ], [ 2.820614, 43.705978 ], [ 2.820833, 43.705852 ], [ 2.813165, 43.707369 ] ] ], [ [ [ 2.816189, 43.672607 ], [ 2.815994, 43.672284 ], [ 2.815784, 43.671938 ], [ 2.81555, 43.671659 ], [ 2.814349, 43.670149 ], [ 2.814255, 43.670086 ], [ 2.814156, 43.670021 ], [ 2.813991, 43.670106 ], [ 2.811991, 43.676916 ], [ 2.811943, 43.677273 ], [ 2.813388, 43.680859 ], [ 2.813624, 43.681131 ], [ 2.818992, 43.683886 ], [ 2.819341, 43.683975 ], [ 2.823562, 43.682915 ], [ 2.823775, 43.682948 ], [ 2.824169, 43.683022 ], [ 2.827754, 43.691176 ], [ 2.828655, 43.698865 ], [ 2.822493, 43.705261 ], [ 2.82267, 43.705232 ], [ 2.822988, 43.705217 ], [ 2.823284, 43.705204 ], [ 2.823564, 43.705231 ], [ 2.823819, 43.705257 ], [ 2.827794, 43.705384 ], [ 2.828053, 43.705366 ], [ 2.829065, 43.70539 ], [ 2.834417, 43.698891 ], [ 2.835929, 43.698055 ], [ 2.835021, 43.689551 ], [ 2.834544, 43.689322 ], [ 2.834459, 43.689286 ], [ 2.834139, 43.689149 ], [ 2.832366, 43.688722 ], [ 2.832374, 43.688362 ], [ 2.830231, 43.681963 ], [ 2.822747, 43.680245 ], [ 2.821687, 43.680439 ], [ 2.817184, 43.677894 ], [ 2.817239, 43.677538 ], [ 2.819418, 43.67745 ], [ 2.819683, 43.677439 ], [ 2.819939, 43.677429 ], [ 2.820359, 43.677427 ], [ 2.820772, 43.677426 ], [ 2.821022, 43.677433 ], [ 2.821265, 43.67744 ], [ 2.821496, 43.677457 ], [ 2.821719, 43.677473 ], [ 2.816189, 43.672607 ] ] ], [ [ [ 2.830187, 43.675295 ], [ 2.829911, 43.675527 ], [ 2.826222, 43.67748 ], [ 2.826551, 43.67744 ], [ 2.826814, 43.677434 ], [ 2.834446, 43.674933 ], [ 2.834481771580033, 43.674889377318721 ], [ 2.830187, 43.675295 ] ] ], [ [ [ 2.840513, 43.666081 ], [ 2.840309, 43.666466 ], [ 2.840513, 43.666082 ], [ 2.840562303769566, 43.665988951219212 ], [ 2.840513, 43.666081 ] ] ], [ [ [ 2.846153, 43.669949 ], [ 2.845951, 43.669652 ], [ 2.846779, 43.660872 ], [ 2.847074, 43.660636 ], [ 2.847286, 43.660381 ], [ 2.847499, 43.660127 ], [ 2.847222, 43.659896 ], [ 2.845401, 43.661268 ], [ 2.845204, 43.661433 ], [ 2.84119, 43.665096 ], [ 2.840996, 43.665308 ], [ 2.840857, 43.665499 ], [ 2.840731, 43.665674 ], [ 2.840718308201217, 43.665697695239004 ], [ 2.841035, 43.665866 ], [ 2.840831, 43.66625 ], [ 2.84054, 43.666858 ], [ 2.840285, 43.667667 ], [ 2.847172118212572, 43.67178524903165 ], [ 2.846153, 43.669949 ] ] ], [ [ [ 2.880936, 43.670899 ], [ 2.88088, 43.670734 ], [ 2.88077, 43.670641 ], [ 2.880578, 43.670561 ], [ 2.88035, 43.670469 ], [ 2.880183, 43.670443 ], [ 2.879176, 43.670271 ], [ 2.87066, 43.671049 ], [ 2.868876, 43.670862 ], [ 2.861647987685718, 43.673506862821263 ], [ 2.863994, 43.674578 ], [ 2.864116, 43.674622 ], [ 2.870838, 43.675959 ], [ 2.87486, 43.671481 ], [ 2.875243, 43.671497 ], [ 2.875625, 43.671513 ], [ 2.879306, 43.671835 ], [ 2.879633, 43.671986 ], [ 2.888154, 43.673902 ], [ 2.880936, 43.670899 ] ] ], [ [ [ 2.908003, 43.681841 ], [ 2.906226, 43.677409 ], [ 2.906159, 43.677055 ], [ 2.905815, 43.676896 ], [ 2.903735, 43.677773 ], [ 2.903544, 43.677828 ], [ 2.903365, 43.67788 ], [ 2.902835, 43.678081 ], [ 2.902317, 43.678277 ], [ 2.902188, 43.678349 ], [ 2.896697, 43.679807 ], [ 2.895052, 43.672016 ], [ 2.895313, 43.671656 ], [ 2.8953, 43.671449 ], [ 2.895117, 43.67118 ], [ 2.893255, 43.669462 ], [ 2.892897, 43.669498 ], [ 2.890781, 43.671161 ], [ 2.890524, 43.671337 ], [ 2.890273, 43.671611 ], [ 2.890053, 43.671857 ], [ 2.888154, 43.673902 ], [ 2.889696, 43.672634 ], [ 2.890024, 43.672781 ], [ 2.890386, 43.673723 ], [ 2.890478, 43.674072 ], [ 2.890255, 43.67413 ], [ 2.889636, 43.674232 ], [ 2.889034, 43.67433 ], [ 2.887464, 43.674686 ], [ 2.887766, 43.683326 ], [ 2.888048, 43.683419 ], [ 2.888458, 43.683571 ], [ 2.891693, 43.68427 ], [ 2.892031, 43.684262 ], [ 2.892359, 43.684255 ], [ 2.892838, 43.684219 ], [ 2.893651, 43.684099 ], [ 2.894006, 43.684013 ], [ 2.894202, 43.683956 ], [ 2.89441, 43.683897 ], [ 2.894617, 43.683852 ], [ 2.894864, 43.683804 ], [ 2.89936, 43.681459 ], [ 2.900593, 43.680343 ], [ 2.901398, 43.679285 ], [ 2.901719, 43.679449 ], [ 2.908172, 43.684287 ], [ 2.912607, 43.68516 ], [ 2.908003, 43.681841 ] ] ], [ [ [ 2.891869, 43.691282 ], [ 2.892163, 43.691395 ], [ 2.893286, 43.691505 ], [ 2.901161, 43.688026 ], [ 2.90333, 43.688766 ], [ 2.906279, 43.690438 ], [ 2.908775, 43.691837 ], [ 2.909067, 43.691972 ], [ 2.909408, 43.692121 ], [ 2.914082, 43.693957 ], [ 2.914733, 43.694212 ], [ 2.915402, 43.694474 ], [ 2.915603, 43.694529 ], [ 2.915804, 43.694583 ], [ 2.915899, 43.694236 ], [ 2.916074, 43.686896 ], [ 2.917481, 43.685049 ], [ 2.921526, 43.682135 ], [ 2.921587, 43.68178 ], [ 2.920308, 43.680576 ], [ 2.920089, 43.680466 ], [ 2.917419, 43.679601 ], [ 2.9173, 43.679941 ], [ 2.912607, 43.68516 ], [ 2.912878, 43.685172 ], [ 2.915654, 43.685277 ], [ 2.915764, 43.685619 ], [ 2.914983, 43.686343 ], [ 2.908429, 43.690723 ], [ 2.908069, 43.690716 ], [ 2.905063, 43.687689 ], [ 2.899467, 43.685115 ], [ 2.895741, 43.688124 ], [ 2.895423, 43.688292 ], [ 2.889738, 43.690402 ], [ 2.889149, 43.69032 ], [ 2.888561, 43.690237 ], [ 2.891869, 43.691282 ] ] ], [ [ [ 2.87679, 43.694992 ], [ 2.877076, 43.694773 ], [ 2.878822950270591, 43.691618184664776 ], [ 2.878029, 43.69181 ], [ 2.877822, 43.69205 ], [ 2.869009, 43.693159 ], [ 2.87679, 43.694992 ] ] ], [ [ [ 2.848219, 43.707574 ], [ 2.848535, 43.707524 ], [ 2.849073, 43.707464 ], [ 2.850752, 43.706193 ], [ 2.851214, 43.705574 ], [ 2.851677, 43.704955 ], [ 2.852948, 43.703448 ], [ 2.8548, 43.70198 ], [ 2.862506, 43.700859 ], [ 2.862857, 43.700777 ], [ 2.863153, 43.700636 ], [ 2.863368, 43.700347 ], [ 2.86261, 43.699419 ], [ 2.869009, 43.693159 ], [ 2.861664, 43.698168 ], [ 2.854571, 43.70195 ], [ 2.853228, 43.703026 ], [ 2.847141, 43.7073 ], [ 2.845562, 43.707873 ], [ 2.848219, 43.707574 ] ] ] ] } },
{ "type": "Feature", "properties": { "codgeo": "81192", "value": 480, "isochrone_group": 8.0, "nb_agences": 1 }, "geometry": { "type": "MultiPolygon", "coordinates": [ [ [ [ 2.814169, 43.704433 ], [ 2.813869, 43.704591 ], [ 2.81357, 43.70475 ], [ 2.813328, 43.704914 ], [ 2.813103, 43.705067 ], [ 2.80834, 43.707208 ], [ 2.805507, 43.709229 ], [ 2.803109, 43.710714 ], [ 2.803005, 43.711058 ], [ 2.803676, 43.71191 ], [ 2.805814, 43.713159 ], [ 2.806172, 43.713116 ], [ 2.80977, 43.712409 ], [ 2.811904, 43.711869 ], [ 2.812149, 43.711819 ], [ 2.812385, 43.711771 ], [ 2.812643, 43.711698 ], [ 2.812916, 43.711589 ], [ 2.813321, 43.711314 ], [ 2.813691, 43.711058 ], [ 2.817344, 43.70937 ], [ 2.819876, 43.706858 ], [ 2.817439, 43.709156 ], [ 2.817116, 43.709315 ], [ 2.814584, 43.709955 ], [ 2.810241, 43.709504 ], [ 2.810111, 43.709169 ], [ 2.81083, 43.708598 ], [ 2.813165, 43.707369 ], [ 2.820833, 43.705852 ], [ 2.814169, 43.704433 ] ] ], [ [ [ 2.816069, 43.667588 ], [ 2.815895, 43.667272 ], [ 2.809142, 43.665576 ], [ 2.806517, 43.665378 ], [ 2.806374, 43.665709 ], [ 2.80777, 43.670227 ], [ 2.808435, 43.677507 ], [ 2.810001, 43.683939 ], [ 2.810079, 43.684199 ], [ 2.810232, 43.684345 ], [ 2.810386, 43.68449 ], [ 2.818231, 43.686917 ], [ 2.818535, 43.68711 ], [ 2.824057, 43.693703 ], [ 2.82277, 43.698904 ], [ 2.822733, 43.699263 ], [ 2.820833, 43.705852 ], [ 2.821061, 43.705738 ], [ 2.821279, 43.70563 ], [ 2.821796, 43.705458 ], [ 2.822288, 43.705297 ], [ 2.822493, 43.705261 ], [ 2.828655, 43.698865 ], [ 2.827754, 43.691176 ], [ 2.824169, 43.683022 ], [ 2.823775, 43.682948 ], [ 2.823562, 43.682915 ], [ 2.819341, 43.683975 ], [ 2.818992, 43.683886 ], [ 2.813624, 43.681131 ], [ 2.813388, 43.680859 ], [ 2.811943, 43.677273 ], [ 2.811991, 43.676916 ], [ 2.813991, 43.670106 ], [ 2.814156, 43.670021 ], [ 2.814255, 43.670086 ], [ 2.814349, 43.670149 ], [ 2.81555, 43.671659 ], [ 2.815784, 43.671938 ], [ 2.815994, 43.672284 ], [ 2.816189, 43.672607 ], [ 2.816069, 43.667588 ] ] ], [ [ [ 2.829361, 43.673866 ], [ 2.828728, 43.673552 ], [ 2.828544, 43.673861 ], [ 2.821719, 43.677473 ], [ 2.825481, 43.677632 ], [ 2.826222, 43.67748 ], [ 2.829911, 43.675527 ], [ 2.830187, 43.675295 ], [ 2.834634, 43.674875 ], [ 2.829361, 43.673866 ] ] ], [ [ [ 2.848436, 43.666202 ], [ 2.849466, 43.658876 ], [ 2.850484, 43.657716 ], [ 2.850335, 43.656703 ], [ 2.850206, 43.656367 ], [ 2.843171, 43.656818 ], [ 2.842887, 43.65704 ], [ 2.840731, 43.665674 ], [ 2.840857, 43.665499 ], [ 2.840996, 43.665308 ], [ 2.84119, 43.665096 ], [ 2.845204, 43.661433 ], [ 2.845401, 43.661268 ], [ 2.847222, 43.659896 ], [ 2.847499, 43.660127 ], [ 2.847286, 43.660381 ], [ 2.847074, 43.660636 ], [ 2.846779, 43.660872 ], [ 2.845951, 43.669652 ], [ 2.846153, 43.669949 ], [ 2.847596, 43.672549 ], [ 2.855203, 43.671221 ], [ 2.855346, 43.670928 ], [ 2.855483, 43.670779 ], [ 2.855669, 43.670739 ], [ 2.848436, 43.666202 ] ] ], [ [ [ 2.867701, 43.670463 ], [ 2.867309, 43.670342 ], [ 2.866905, 43.670219 ], [ 2.866708, 43.670174 ], [ 2.866487, 43.670125 ], [ 2.865959, 43.670078 ], [ 2.865417, 43.670031 ], [ 2.865129, 43.670029 ], [ 2.864916, 43.670057 ], [ 2.86468, 43.67009 ], [ 2.864474, 43.670149 ], [ 2.864316, 43.670241 ], [ 2.855669, 43.670739 ], [ 2.855853, 43.670861 ], [ 2.86059, 43.673894 ], [ 2.868876, 43.670862 ], [ 2.87066, 43.671049 ], [ 2.867701, 43.670463 ] ] ], [ [ [ 2.879839, 43.668807 ], [ 2.879564, 43.668765 ], [ 2.879419, 43.668778 ], [ 2.87792, 43.669244 ], [ 2.877752, 43.669322 ], [ 2.87066, 43.671049 ], [ 2.879176, 43.670271 ], [ 2.880183, 43.670443 ], [ 2.88035, 43.670469 ], [ 2.880578, 43.670561 ], [ 2.88077, 43.670641 ], [ 2.88088, 43.670734 ], [ 2.879839, 43.668807 ] ] ], [ [ [ 2.916676, 43.678567 ], [ 2.916472, 43.678471 ], [ 2.916269, 43.678375 ], [ 2.908947, 43.676852 ], [ 2.905459, 43.674837 ], [ 2.899493, 43.670646 ], [ 2.899081, 43.670333 ], [ 2.898668, 43.670019 ], [ 2.89236, 43.665243 ], [ 2.892001, 43.665225 ], [ 2.891623, 43.665938 ], [ 2.891582, 43.666061 ], [ 2.891596, 43.666222 ], [ 2.890273, 43.671611 ], [ 2.890524, 43.671337 ], [ 2.890781, 43.671161 ], [ 2.892897, 43.669498 ], [ 2.893255, 43.669462 ], [ 2.895117, 43.67118 ], [ 2.8953, 43.671449 ], [ 2.895313, 43.671656 ], [ 2.895052, 43.672016 ], [ 2.896697, 43.679807 ], [ 2.902188, 43.678349 ], [ 2.902317, 43.678277 ], [ 2.902835, 43.678081 ], [ 2.903365, 43.67788 ], [ 2.903544, 43.677828 ], [ 2.903735, 43.677773 ], [ 2.905815, 43.676896 ], [ 2.906159, 43.677055 ], [ 2.906226, 43.677409 ], [ 2.908003, 43.681841 ], [ 2.912607, 43.68516 ], [ 2.9173, 43.679941 ], [ 2.917419, 43.679601 ], [ 2.920089, 43.680466 ], [ 2.920308, 43.680576 ], [ 2.916676, 43.678567 ] ] ], [ [ [ 2.915836, 43.694589 ], [ 2.91795, 43.695049 ], [ 2.919034, 43.695229 ], [ 2.924233, 43.695613 ], [ 2.924547, 43.695517 ], [ 2.924665, 43.695468 ], [ 2.924799, 43.69537 ], [ 2.924891, 43.695247 ], [ 2.924964, 43.695061 ], [ 2.924974, 43.69486 ], [ 2.924928, 43.694712 ], [ 2.924849, 43.694604 ], [ 2.924714, 43.694522 ], [ 2.924569, 43.694498 ], [ 2.922201, 43.686127 ], [ 2.925129, 43.685088 ], [ 2.925125, 43.684728 ], [ 2.921898, 43.681868 ], [ 2.920308, 43.680576 ], [ 2.921587, 43.68178 ], [ 2.921526, 43.682135 ], [ 2.917481, 43.685049 ], [ 2.916074, 43.686896 ], [ 2.915899, 43.694236 ], [ 2.915804572956985, 43.694580907199231 ], [ 2.915836, 43.694589 ] ] ], [ [ [ 2.895076, 43.693316 ], [ 2.895251, 43.693415 ], [ 2.89635, 43.694088 ], [ 2.896701, 43.694169 ], [ 2.898251, 43.69367 ], [ 2.903545, 43.690947 ], [ 2.907558, 43.692558 ], [ 2.914733, 43.694212 ], [ 2.914082, 43.693957 ], [ 2.909408, 43.692121 ], [ 2.909067, 43.691972 ], [ 2.908775, 43.691837 ], [ 2.906279, 43.690438 ], [ 2.90333, 43.688766 ], [ 2.901161, 43.688026 ], [ 2.893286, 43.691505 ], [ 2.892163, 43.691395 ], [ 2.895076, 43.693316 ] ] ], [ [ [ 2.876806, 43.695011 ], [ 2.877067, 43.695272 ], [ 2.877346, 43.695397 ], [ 2.879432, 43.696557 ], [ 2.880106, 43.696887 ], [ 2.88078, 43.697217 ], [ 2.880938, 43.696894 ], [ 2.885769, 43.689352 ], [ 2.879585, 43.690242 ], [ 2.877076, 43.694773 ], [ 2.87679, 43.694992 ], [ 2.869009, 43.693159 ], [ 2.876806, 43.695011 ] ] ], [ [ [ 2.860727, 43.703191 ], [ 2.86101, 43.703414 ], [ 2.866357, 43.702228 ], [ 2.866356, 43.701868 ], [ 2.86341, 43.700382 ], [ 2.86261, 43.699419 ], [ 2.863368, 43.700347 ], [ 2.863153, 43.700636 ], [ 2.862857, 43.700777 ], [ 2.862506, 43.700859 ], [ 2.8548, 43.70198 ], [ 2.852948, 43.703448 ], [ 2.851967696325965, 43.704610327015537 ], [ 2.860727, 43.703191 ] ] ], [ [ [ 2.850049, 43.708366 ], [ 2.850403, 43.708299 ], [ 2.851677, 43.704955 ], [ 2.851214, 43.705574 ], [ 2.850752, 43.706193 ], [ 2.849073, 43.707464 ], [ 2.848535, 43.707524 ], [ 2.848219, 43.707574 ], [ 2.845562, 43.707873 ], [ 2.850049, 43.708366 ] ] ], [ [ [ 2.827035, 43.712502 ], [ 2.827031, 43.712862 ], [ 2.828403, 43.713151 ], [ 2.832842, 43.715785 ], [ 2.834411, 43.720662 ], [ 2.839892, 43.724618 ], [ 2.84025, 43.724657 ], [ 2.848918, 43.723244 ], [ 2.853944, 43.722395 ], [ 2.854012, 43.722041 ], [ 2.853807, 43.722002 ], [ 2.853603, 43.721963 ], [ 2.852926, 43.721826 ], [ 2.851204, 43.721551 ], [ 2.850381, 43.721256 ], [ 2.849886, 43.721066 ], [ 2.849387, 43.720875 ], [ 2.845305, 43.716653 ], [ 2.845562, 43.707873 ], [ 2.840725, 43.710694 ], [ 2.842458, 43.717301 ], [ 2.842747, 43.717514 ], [ 2.844956, 43.719586 ], [ 2.844896, 43.719941 ], [ 2.840072, 43.719733 ], [ 2.835373, 43.715752 ], [ 2.833642, 43.714494 ], [ 2.832964, 43.713843 ], [ 2.827969, 43.710053 ], [ 2.827786, 43.709743 ], [ 2.820819986634928, 43.707202298538796 ], [ 2.827035, 43.712502 ] ] ] ] } },
{ "type": "Feature", "properties": { "codgeo": "81192", "value": 540, "isochrone_group": 9.0, "nb_agences": 1 }, "geometry": { "type": "MultiPolygon", "coordinates": [ [ [ [ 2.822652, 43.698865 ], [ 2.822226, 43.6991 ], [ 2.82095, 43.699619 ], [ 2.820639, 43.699758 ], [ 2.820312, 43.699906 ], [ 2.81916, 43.700467 ], [ 2.818706, 43.700624 ], [ 2.816641, 43.70186 ], [ 2.81625, 43.702157 ], [ 2.815859, 43.702455 ], [ 2.815651, 43.702696 ], [ 2.808321, 43.706236 ], [ 2.802027, 43.70621 ], [ 2.801815, 43.70614 ], [ 2.801611, 43.706139 ], [ 2.801368, 43.706172 ], [ 2.801126, 43.706206 ], [ 2.793707, 43.710114 ], [ 2.793726, 43.710473 ], [ 2.793996, 43.710458 ], [ 2.794265, 43.710444 ], [ 2.798085, 43.711046 ], [ 2.802218, 43.716622 ], [ 2.807461, 43.720131 ], [ 2.807756, 43.719963 ], [ 2.807922, 43.719808 ], [ 2.808051, 43.719681 ], [ 2.80822, 43.719421 ], [ 2.808283, 43.719237 ], [ 2.815596, 43.714183 ], [ 2.815604, 43.713823 ], [ 2.817344, 43.70937 ], [ 2.813691, 43.711058 ], [ 2.813321, 43.711314 ], [ 2.812916, 43.711589 ], [ 2.812643, 43.711698 ], [ 2.812385, 43.711771 ], [ 2.812149, 43.711819 ], [ 2.811904, 43.711869 ], [ 2.80977, 43.712409 ], [ 2.806172, 43.713116 ], [ 2.805814, 43.713159 ], [ 2.803676, 43.71191 ], [ 2.803005, 43.711058 ], [ 2.803109, 43.710714 ], [ 2.805507, 43.709229 ], [ 2.80834, 43.707208 ], [ 2.813103, 43.705067 ], [ 2.813328, 43.704914 ], [ 2.81357, 43.70475 ], [ 2.813869, 43.704591 ], [ 2.814169, 43.704433 ], [ 2.820833, 43.705852 ], [ 2.822733, 43.699263 ], [ 2.82277, 43.698904 ], [ 2.822788391385579, 43.698829677081285 ], [ 2.822652, 43.698865 ] ] ], [ [ [ 2.818808, 43.667098 ], [ 2.818851, 43.666882 ], [ 2.81883, 43.666532 ], [ 2.818757, 43.666391 ], [ 2.818496, 43.666152 ], [ 2.81584, 43.663628 ], [ 2.815534, 43.663438 ], [ 2.813282, 43.662078 ], [ 2.812937, 43.661977 ], [ 2.810499, 43.664214 ], [ 2.809727, 43.664612 ], [ 2.803553, 43.658299 ], [ 2.803227, 43.658146 ], [ 2.801333, 43.660463 ], [ 2.80133, 43.660823 ], [ 2.801802, 43.667705 ], [ 2.801462, 43.671081 ], [ 2.803027, 43.676353 ], [ 2.803354, 43.676503 ], [ 2.806201, 43.678137 ], [ 2.809296, 43.686333 ], [ 2.809075, 43.686805 ], [ 2.809249, 43.686978 ], [ 2.809539, 43.687061 ], [ 2.810021, 43.687116 ], [ 2.810523, 43.687173 ], [ 2.811003, 43.687176 ], [ 2.811483, 43.687179 ], [ 2.818535, 43.68711 ], [ 2.818231, 43.686917 ], [ 2.810386, 43.68449 ], [ 2.810232, 43.684345 ], [ 2.810079, 43.684199 ], [ 2.810001, 43.683939 ], [ 2.808435, 43.677507 ], [ 2.80777, 43.670227 ], [ 2.806374, 43.665709 ], [ 2.806517, 43.665378 ], [ 2.809142, 43.665576 ], [ 2.815895, 43.667272 ], [ 2.816069, 43.667588 ], [ 2.816189, 43.672607 ], [ 2.816364, 43.67307 ], [ 2.816757983348663, 43.673393941864461 ], [ 2.818808, 43.667098 ] ] ], [ [ [ 2.827863, 43.672637 ], [ 2.827549, 43.672813 ], [ 2.821601291813432, 43.67737621771326 ], [ 2.821719, 43.677473 ], [ 2.828544, 43.673861 ], [ 2.828728, 43.673552 ], [ 2.829361, 43.673866 ], [ 2.827863, 43.672637 ] ] ], [ [ [ 2.841217, 43.653919 ], [ 2.84103, 43.653513 ], [ 2.840834, 43.65309 ], [ 2.840572, 43.652652 ], [ 2.840303, 43.652203 ], [ 2.839428, 43.650485 ], [ 2.839096, 43.649593 ], [ 2.838759, 43.649719 ], [ 2.839091, 43.650611 ], [ 2.839422, 43.651503 ], [ 2.83955, 43.651724 ], [ 2.839664, 43.651916 ], [ 2.841195, 43.654876 ], [ 2.841326, 43.655145 ], [ 2.841498, 43.65541 ], [ 2.841659, 43.655654 ], [ 2.841807, 43.655814 ], [ 2.841935, 43.655947 ], [ 2.842496, 43.656597 ], [ 2.84169344366898, 43.661819761299633 ], [ 2.842887, 43.65704 ], [ 2.843171, 43.656818 ], [ 2.849335346665977, 43.656422815871174 ], [ 2.841217, 43.653919 ] ] ], [ [ [ 2.851741, 43.664299 ], [ 2.85157, 43.664017 ], [ 2.851585, 43.657775 ], [ 2.854991, 43.65515 ], [ 2.855277, 43.65497 ], [ 2.855331, 43.654755 ], [ 2.855208, 43.654591 ], [ 2.855056, 43.65455 ], [ 2.854943, 43.654564 ], [ 2.852956, 43.654947 ], [ 2.852673, 43.655002 ], [ 2.852419, 43.655053 ], [ 2.852156, 43.655133 ], [ 2.85191, 43.655209 ], [ 2.851737, 43.6553 ], [ 2.85000599428796, 43.656379821972443 ], [ 2.850206, 43.656367 ], [ 2.850335, 43.656703 ], [ 2.850484, 43.657716 ], [ 2.849466, 43.658876 ], [ 2.848436, 43.666202 ], [ 2.855669, 43.670739 ], [ 2.851741, 43.664299 ] ] ], [ [ [ 2.867583, 43.669155 ], [ 2.864522, 43.668562 ], [ 2.862747, 43.669848 ], [ 2.862532, 43.669973 ], [ 2.862344, 43.670085 ], [ 2.855669, 43.670739 ], [ 2.864316, 43.670241 ], [ 2.864474, 43.670149 ], [ 2.86468, 43.67009 ], [ 2.864916, 43.670057 ], [ 2.865129, 43.670029 ], [ 2.865417, 43.670031 ], [ 2.865959, 43.670078 ], [ 2.866487, 43.670125 ], [ 2.866708, 43.670174 ], [ 2.866905, 43.670219 ], [ 2.867309, 43.670342 ], [ 2.867701, 43.670463 ], [ 2.87066, 43.671049 ], [ 2.871046494737398, 43.67095488319071 ], [ 2.867583, 43.669155 ] ] ], [ [ [ 2.880141, 43.668093 ], [ 2.88007, 43.667938 ], [ 2.878856, 43.666139 ], [ 2.878497, 43.666169 ], [ 2.871916724214425, 43.67074297028789 ], [ 2.877752, 43.669322 ], [ 2.87792, 43.669244 ], [ 2.879419, 43.668778 ], [ 2.879564, 43.668765 ], [ 2.879839, 43.668807 ], [ 2.88088, 43.670734 ], [ 2.880141, 43.668093 ] ] ], [ [ [ 2.892951, 43.66319 ], [ 2.892886, 43.662836 ], [ 2.890697, 43.662891 ], [ 2.890523, 43.662902 ], [ 2.890313, 43.662996 ], [ 2.890182, 43.663124 ], [ 2.890104, 43.663257 ], [ 2.890091, 43.663486 ], [ 2.890179, 43.663685 ], [ 2.890273, 43.671611 ], [ 2.891596, 43.666222 ], [ 2.891582, 43.666061 ], [ 2.891623, 43.665938 ], [ 2.892001, 43.665225 ], [ 2.89236, 43.665243 ], [ 2.897637970343132, 43.669239129733505 ], [ 2.892951, 43.66319 ] ] ], [ [ [ 2.92443, 43.686636 ], [ 2.928734, 43.68502 ], [ 2.929962, 43.684984 ], [ 2.930295, 43.684967 ], [ 2.930628, 43.684949 ], [ 2.931007, 43.684929 ], [ 2.931391, 43.684909 ], [ 2.931801, 43.684875 ], [ 2.932993, 43.684901 ], [ 2.93318, 43.684887 ], [ 2.93567, 43.68474 ], [ 2.93571, 43.684383 ], [ 2.92956, 43.681902 ], [ 2.924192, 43.678272 ], [ 2.923841, 43.678192 ], [ 2.915183, 43.676906 ], [ 2.914828, 43.676846 ], [ 2.906923, 43.673827 ], [ 2.903598, 43.669423 ], [ 2.903506, 43.669385 ], [ 2.903358, 43.669372 ], [ 2.903215, 43.669421 ], [ 2.898300843822399, 43.669741013648668 ], [ 2.898668, 43.670019 ], [ 2.899081, 43.670333 ], [ 2.899493, 43.670646 ], [ 2.905459, 43.674837 ], [ 2.908947, 43.676852 ], [ 2.916269, 43.678375 ], [ 2.916472, 43.678471 ], [ 2.916676, 43.678567 ], [ 2.920308, 43.680576 ], [ 2.921898, 43.681868 ], [ 2.925125, 43.684728 ], [ 2.925129, 43.685088 ], [ 2.922201, 43.686127 ], [ 2.924569, 43.694498 ], [ 2.924714, 43.694522 ], [ 2.924849, 43.694604 ], [ 2.92443, 43.686636 ] ] ], [ [ [ 2.921098, 43.700784 ], [ 2.921334, 43.70151 ], [ 2.921693, 43.70148 ], [ 2.923621, 43.699374 ], [ 2.923743, 43.699188 ], [ 2.923873, 43.698837 ], [ 2.924891, 43.695247 ], [ 2.924799, 43.69537 ], [ 2.924665, 43.695468 ], [ 2.924547, 43.695517 ], [ 2.924233, 43.695613 ], [ 2.919034, 43.695229 ], [ 2.91795, 43.695049 ], [ 2.915836, 43.694589 ], [ 2.915603, 43.694529 ], [ 2.915402, 43.694474 ], [ 2.921098, 43.700784 ] ] ], [ [ [ 2.896274, 43.696752 ], [ 2.89663, 43.696808 ], [ 2.90215, 43.693543 ], [ 2.909933, 43.693744 ], [ 2.915402, 43.694474 ], [ 2.914733, 43.694212 ], [ 2.907558, 43.692558 ], [ 2.903545, 43.690947 ], [ 2.898251, 43.69367 ], [ 2.896701, 43.694169 ], [ 2.89635, 43.694088 ], [ 2.895251, 43.693415 ], [ 2.895076, 43.693316 ], [ 2.892163, 43.691395 ], [ 2.896274, 43.696752 ] ] ], [ [ [ 2.880886, 43.697267 ], [ 2.882261, 43.698016 ], [ 2.88281, 43.698353 ], [ 2.883359, 43.69869 ], [ 2.883547, 43.698383 ], [ 2.882998, 43.698046 ], [ 2.882449, 43.697709 ], [ 2.885769, 43.689352 ], [ 2.880938, 43.696894 ], [ 2.880780617873508, 43.697215736878839 ], [ 2.880886, 43.697267 ] ] ], [ [ [ 2.880148, 43.696908 ], [ 2.880285847522761, 43.696975055908766 ], [ 2.880106, 43.696887 ], [ 2.879432, 43.696557 ], [ 2.880148, 43.696908 ] ] ], [ [ [ 2.850572, 43.709717 ], [ 2.850724, 43.709706 ], [ 2.852478, 43.709371 ], [ 2.860725, 43.706172 ], [ 2.861085, 43.706155 ], [ 2.8684, 43.704402 ], [ 2.86852, 43.704062 ], [ 2.86799, 43.702425 ], [ 2.867937, 43.702216 ], [ 2.867648, 43.702017 ], [ 2.869009, 43.693159 ], [ 2.86261, 43.699419 ], [ 2.86341, 43.700382 ], [ 2.866356, 43.701868 ], [ 2.866357, 43.702228 ], [ 2.86101, 43.703414 ], [ 2.860727, 43.703191 ], [ 2.851908, 43.70462 ], [ 2.851677, 43.704955 ], [ 2.850403, 43.708299 ], [ 2.850049, 43.708366 ], [ 2.845562, 43.707873 ], [ 2.850572, 43.709717 ] ] ], [ [ [ 2.828612, 43.713468 ], [ 2.828818, 43.713782 ], [ 2.829539, 43.715114 ], [ 2.829611, 43.721248 ], [ 2.829814, 43.722031 ], [ 2.830007, 43.722126 ], [ 2.831252, 43.722675 ], [ 2.838753, 43.72751 ], [ 2.839076, 43.727668 ], [ 2.840921, 43.725742 ], [ 2.849438, 43.723883 ], [ 2.850355, 43.7251 ], [ 2.850461, 43.725288 ], [ 2.850658, 43.725474 ], [ 2.851736, 43.726829 ], [ 2.851857, 43.726985 ], [ 2.852104, 43.727194 ], [ 2.858981, 43.727399 ], [ 2.859341, 43.727397 ], [ 2.861268, 43.727085 ], [ 2.861274, 43.726725 ], [ 2.858858, 43.724286 ], [ 2.856633, 43.720642 ], [ 2.856474, 43.720319 ], [ 2.853999, 43.720576 ], [ 2.853855, 43.720577 ], [ 2.853725, 43.720623 ], [ 2.849387, 43.720875 ], [ 2.849886, 43.721066 ], [ 2.850381, 43.721256 ], [ 2.851204, 43.721551 ], [ 2.852926, 43.721826 ], [ 2.853603, 43.721963 ], [ 2.853807, 43.722002 ], [ 2.854012, 43.722041 ], [ 2.853944, 43.722395 ], [ 2.848918, 43.723244 ], [ 2.84025, 43.724657 ], [ 2.839892, 43.724618 ], [ 2.834411, 43.720662 ], [ 2.832842, 43.715785 ], [ 2.828403, 43.713151 ], [ 2.828203968914598, 43.713109075813655 ], [ 2.828612, 43.713468 ] ] ], [ [ [ 2.82507575254624, 43.710831299394272 ], [ 2.820211, 43.706683 ], [ 2.820047, 43.706769 ], [ 2.819876, 43.706858 ], [ 2.817344, 43.70937 ], [ 2.82507575254624, 43.710831299394272 ] ] ] ] } },
{ "type": "Feature", "properties": { "codgeo": "81192", "value": 600, "isochrone_group": 10.0, "nb_agences": 1 }, "geometry": { "type": "MultiPolygon", "coordinates": [ [ [ [ 2.798596, 43.705168 ], [ 2.798428, 43.705135 ], [ 2.795699, 43.704585 ], [ 2.788783, 43.707798 ], [ 2.785553, 43.706552 ], [ 2.785447, 43.706504 ], [ 2.785062, 43.706713 ], [ 2.784979, 43.707063 ], [ 2.78728, 43.709618 ], [ 2.792491, 43.710188 ], [ 2.792683, 43.710272 ], [ 2.792858, 43.710348 ], [ 2.793187, 43.710443 ], [ 2.79346, 43.710462 ], [ 2.798029, 43.718156 ], [ 2.797964, 43.71833 ], [ 2.797943, 43.718479 ], [ 2.804615, 43.724241 ], [ 2.804964, 43.724327 ], [ 2.810594, 43.723662 ], [ 2.810591, 43.723302 ], [ 2.810086, 43.721385 ], [ 2.814645903939039, 43.714839609529889 ], [ 2.808283, 43.719237 ], [ 2.80822, 43.719421 ], [ 2.808051, 43.719681 ], [ 2.807922, 43.719808 ], [ 2.807756, 43.719963 ], [ 2.807461, 43.720131 ], [ 2.802218, 43.716622 ], [ 2.798085, 43.711046 ], [ 2.794265, 43.710444 ], [ 2.793996, 43.710458 ], [ 2.793726, 43.710473 ], [ 2.793707, 43.710114 ], [ 2.801126, 43.706206 ], [ 2.801368, 43.706172 ], [ 2.801611, 43.706139 ], [ 2.801815, 43.70614 ], [ 2.798596, 43.705168 ] ] ], [ [ [ 2.82006, 43.699035 ], [ 2.819704, 43.699091 ], [ 2.817175, 43.700511 ], [ 2.817019, 43.700596 ], [ 2.81689, 43.700775 ], [ 2.815651, 43.702696 ], [ 2.815859, 43.702455 ], [ 2.81625, 43.702157 ], [ 2.816641, 43.70186 ], [ 2.818706, 43.700624 ], [ 2.81916, 43.700467 ], [ 2.820312, 43.699906 ], [ 2.820639, 43.699758 ], [ 2.82095, 43.699619 ], [ 2.822226, 43.6991 ], [ 2.822652, 43.698865 ], [ 2.82006, 43.699035 ] ] ], [ [ [ 2.811517, 43.687179 ], [ 2.814676, 43.687934 ], [ 2.815019, 43.688041 ], [ 2.819987, 43.689144 ], [ 2.820319, 43.689284 ], [ 2.820404, 43.689082 ], [ 2.82049, 43.688881 ], [ 2.828088, 43.6846 ], [ 2.820572, 43.687377 ], [ 2.820234, 43.687499 ], [ 2.818535, 43.68711 ], [ 2.811495940147874, 43.687178873387644 ], [ 2.811517, 43.687179 ] ] ], [ [ [ 2.820596, 43.670185 ], [ 2.818913, 43.663518 ], [ 2.818733, 43.663332 ], [ 2.818487, 43.663113 ], [ 2.818264, 43.662997 ], [ 2.818082, 43.662908 ], [ 2.817719, 43.662803 ], [ 2.8125, 43.660084 ], [ 2.81204, 43.659906 ], [ 2.808732, 43.659098 ], [ 2.804865, 43.654376 ], [ 2.802535, 43.651934 ], [ 2.802318, 43.651683 ], [ 2.802093, 43.651422 ], [ 2.801897, 43.651222 ], [ 2.8017, 43.651022 ], [ 2.801443, 43.651275 ], [ 2.801073, 43.65404 ], [ 2.798474, 43.660864 ], [ 2.79742, 43.663176 ], [ 2.79644, 43.666705 ], [ 2.79713, 43.67206 ], [ 2.79835, 43.676686 ], [ 2.803836, 43.679577 ], [ 2.809075, 43.686805 ], [ 2.809296, 43.686333 ], [ 2.806201, 43.678137 ], [ 2.803354, 43.676503 ], [ 2.803027, 43.676353 ], [ 2.801462, 43.671081 ], [ 2.801802, 43.667705 ], [ 2.80133, 43.660823 ], [ 2.801333, 43.660463 ], [ 2.803227, 43.658146 ], [ 2.803553, 43.658299 ], [ 2.809727, 43.664612 ], [ 2.810499, 43.664214 ], [ 2.812937, 43.661977 ], [ 2.813282, 43.662078 ], [ 2.815534, 43.663438 ], [ 2.81584, 43.663628 ], [ 2.818496, 43.666152 ], [ 2.818757, 43.666391 ], [ 2.81883, 43.666532 ], [ 2.818851, 43.666882 ], [ 2.818808, 43.667098 ], [ 2.81663, 43.673787 ], [ 2.821496, 43.677457 ], [ 2.827549, 43.672813 ], [ 2.827863, 43.672637 ], [ 2.820596, 43.670185 ] ] ], [ [ [ 2.839062, 43.649503 ], [ 2.838089, 43.644178 ], [ 2.838112, 43.643819 ], [ 2.838033, 43.643626 ], [ 2.837898, 43.643505 ], [ 2.837403, 43.643178 ], [ 2.834122, 43.643903 ], [ 2.833814, 43.644089 ], [ 2.834187, 43.64559 ], [ 2.834291, 43.645821 ], [ 2.835675, 43.648616 ], [ 2.835892, 43.648902 ], [ 2.841195, 43.654876 ], [ 2.839664, 43.651916 ], [ 2.83955, 43.651724 ], [ 2.839422, 43.651503 ], [ 2.839091, 43.650611 ], [ 2.838759, 43.649719 ], [ 2.839095603329878, 43.649593148309897 ], [ 2.839062, 43.649503 ] ] ], [ [ [ 2.839415, 43.65045 ], [ 2.839397050846543, 43.650401847455186 ], [ 2.839428, 43.650485 ], [ 2.840303, 43.652203 ], [ 2.839415, 43.65045 ] ] ], [ [ [ 2.85769, 43.653598 ], [ 2.857903, 43.653504 ], [ 2.858009, 43.653301 ], [ 2.857954, 43.653151 ], [ 2.857838, 43.653055 ], [ 2.857677, 43.653013 ], [ 2.856818, 43.652968 ], [ 2.855895, 43.652893 ], [ 2.85191, 43.655209 ], [ 2.852156, 43.655133 ], [ 2.852419, 43.655053 ], [ 2.852673, 43.655002 ], [ 2.852956, 43.654947 ], [ 2.854943, 43.654564 ], [ 2.855056, 43.65455 ], [ 2.855208, 43.654591 ], [ 2.855331, 43.654755 ], [ 2.855277, 43.65497 ], [ 2.85769, 43.653598 ] ] ], [ [ [ 2.855101, 43.665592 ], [ 2.855098, 43.664029 ], [ 2.855037, 43.663674 ], [ 2.854786, 43.663072 ], [ 2.855277, 43.65497 ], [ 2.854991, 43.65515 ], [ 2.851585, 43.657775 ], [ 2.85157, 43.664017 ], [ 2.851741, 43.664299 ], [ 2.855669, 43.670739 ], [ 2.862344, 43.670085 ], [ 2.862532, 43.669973 ], [ 2.862747, 43.669848 ], [ 2.855101, 43.665592 ] ] ], [ [ [ 2.878948, 43.664564 ], [ 2.878908, 43.66438 ], [ 2.878863, 43.66418 ], [ 2.878668, 43.663183 ], [ 2.878309, 43.663213 ], [ 2.872685, 43.668077 ], [ 2.865929, 43.666637 ], [ 2.865589, 43.666518 ], [ 2.865152, 43.667491 ], [ 2.862747, 43.669848 ], [ 2.864522, 43.668562 ], [ 2.867583, 43.669155 ], [ 2.87137, 43.671123 ], [ 2.878497, 43.666169 ], [ 2.878856, 43.666139 ], [ 2.88007, 43.667938 ], [ 2.878948, 43.664564 ] ] ], [ [ [ 2.893651, 43.66304 ], [ 2.893656, 43.662791 ], [ 2.892149, 43.661257 ], [ 2.892009, 43.661232 ], [ 2.88961, 43.661485 ], [ 2.889615, 43.661845 ], [ 2.890091, 43.663486 ], [ 2.890104, 43.663257 ], [ 2.890182, 43.663124 ], [ 2.890313, 43.662996 ], [ 2.890523, 43.662902 ], [ 2.890697, 43.662891 ], [ 2.892886, 43.662836 ], [ 2.892951, 43.66319 ], [ 2.897082643203319, 43.668522409620621 ], [ 2.893651, 43.66304 ] ] ], [ [ [ 2.93004, 43.680546 ], [ 2.930001, 43.675153 ], [ 2.930061, 43.674939 ], [ 2.930034, 43.674761 ], [ 2.929938, 43.673936 ], [ 2.929666, 43.673701 ], [ 2.929382, 43.673965 ], [ 2.924658, 43.677097 ], [ 2.924476, 43.677199 ], [ 2.924287, 43.677356 ], [ 2.924089, 43.677593 ], [ 2.91541, 43.676216 ], [ 2.915086, 43.67497 ], [ 2.914801, 43.67475 ], [ 2.908686, 43.674045 ], [ 2.906383, 43.669399 ], [ 2.905271, 43.668213 ], [ 2.90511, 43.6681 ], [ 2.90255, 43.667242 ], [ 2.90227, 43.667468 ], [ 2.897953118642347, 43.669645868587722 ], [ 2.89804, 43.669758 ], [ 2.903215, 43.669421 ], [ 2.903358, 43.669372 ], [ 2.903506, 43.669385 ], [ 2.903598, 43.669423 ], [ 2.906923, 43.673827 ], [ 2.914828, 43.676846 ], [ 2.915183, 43.676906 ], [ 2.923841, 43.678192 ], [ 2.924192, 43.678272 ], [ 2.92956, 43.681902 ], [ 2.93497209954568, 43.684085320158189 ], [ 2.93004, 43.680546 ] ] ], [ [ [ 2.937032, 43.685808 ], [ 2.937195, 43.685854 ], [ 2.93746, 43.68589 ], [ 2.939816, 43.686426 ], [ 2.943201, 43.688226 ], [ 2.943561, 43.688213 ], [ 2.943707, 43.687307 ], [ 2.943715, 43.687182 ], [ 2.943675, 43.687021 ], [ 2.943516, 43.686845 ], [ 2.943217, 43.686727 ], [ 2.939918, 43.685112 ], [ 2.93975, 43.685042 ], [ 2.939321, 43.684928 ], [ 2.936157, 43.684499 ], [ 2.935958, 43.684433 ], [ 2.935746, 43.684387 ], [ 2.935709555162915, 43.684382820546205 ], [ 2.93571, 43.684383 ], [ 2.93567, 43.68474 ], [ 2.93318, 43.684887 ], [ 2.932993, 43.684901 ], [ 2.937032, 43.685808 ] ] ], [ [ [ 2.918749, 43.70434 ], [ 2.918558, 43.704745 ], [ 2.917244, 43.706739 ], [ 2.91744, 43.707041 ], [ 2.917902, 43.70674 ], [ 2.918364, 43.706438 ], [ 2.918552, 43.706258 ], [ 2.918713, 43.7061 ], [ 2.920388, 43.704044 ], [ 2.920683, 43.703693 ], [ 2.920793, 43.703516 ], [ 2.920886, 43.703361 ], [ 2.923621, 43.699374 ], [ 2.921693, 43.70148 ], [ 2.921334, 43.70151 ], [ 2.921098, 43.700784 ], [ 2.921038188840619, 43.700717741500043 ], [ 2.918749, 43.70434 ] ] ], [ [ [ 2.91032, 43.695327 ], [ 2.910493, 43.695628 ], [ 2.910614, 43.695793 ], [ 2.910761, 43.69595 ], [ 2.911587, 43.695562 ], [ 2.915562372126354, 43.694651659430711 ], [ 2.915402, 43.694474 ], [ 2.909933, 43.693744 ], [ 2.908823613563388, 43.693715349521561 ], [ 2.91032, 43.695327 ] ] ], [ [ [ 2.902639029681159, 43.693555629444418 ], [ 2.90215, 43.693543 ], [ 2.901950970195726, 43.693660723244726 ], [ 2.902639029681159, 43.693555629444418 ] ] ], [ [ [ 2.896118, 43.69724 ], [ 2.896294, 43.697994 ], [ 2.897039, 43.698787 ], [ 2.897336, 43.698584 ], [ 2.898496279907628, 43.695704122482191 ], [ 2.89663, 43.696808 ], [ 2.896274, 43.696752 ], [ 2.892163, 43.691395 ], [ 2.896118, 43.69724 ] ] ], [ [ [ 2.88466, 43.700062 ], [ 2.885204, 43.700809 ], [ 2.885495, 43.700597 ], [ 2.884951, 43.69985 ], [ 2.884406, 43.699103 ], [ 2.884232, 43.698912 ], [ 2.884071, 43.698736 ], [ 2.883809, 43.698556 ], [ 2.883581, 43.698404 ], [ 2.883546935063152, 43.698383106040495 ], [ 2.883359, 43.69869 ], [ 2.88281, 43.698353 ], [ 2.882261, 43.698016 ], [ 2.88466, 43.700062 ] ] ], [ [ [ 2.869499, 43.704182 ], [ 2.870082, 43.704348 ], [ 2.870214, 43.704014 ], [ 2.867937, 43.702216 ], [ 2.86799, 43.702425 ], [ 2.868489913861035, 43.703969073567016 ], [ 2.869499, 43.704182 ] ] ], [ [ [ 2.852128, 43.727214 ], [ 2.852329, 43.727363 ], [ 2.852529, 43.727513 ], [ 2.856803, 43.731428 ], [ 2.85716, 43.731477 ], [ 2.85755, 43.731425 ], [ 2.861408, 43.7298 ], [ 2.866436, 43.728223 ], [ 2.870685, 43.728845 ], [ 2.870935, 43.728586 ], [ 2.870318, 43.727205 ], [ 2.867647, 43.725811 ], [ 2.862555, 43.718414 ], [ 2.862416, 43.718082 ], [ 2.857082, 43.7164 ], [ 2.860617, 43.709186 ], [ 2.860882, 43.708736 ], [ 2.861147, 43.708286 ], [ 2.86695492787879, 43.704748303681257 ], [ 2.861085, 43.706155 ], [ 2.860725, 43.706172 ], [ 2.852478, 43.709371 ], [ 2.850724, 43.709706 ], [ 2.850572, 43.709717 ], [ 2.845562, 43.707873 ], [ 2.840725, 43.710694 ], [ 2.842555, 43.718193 ], [ 2.844584, 43.719523 ], [ 2.84676, 43.720085 ], [ 2.847475, 43.720285 ], [ 2.848196, 43.720487 ], [ 2.84853, 43.720593 ], [ 2.848868, 43.720699 ], [ 2.849124, 43.720786 ], [ 2.849387, 43.720875 ], [ 2.853725, 43.720623 ], [ 2.853855, 43.720577 ], [ 2.853999, 43.720576 ], [ 2.856474, 43.720319 ], [ 2.856633, 43.720642 ], [ 2.858858, 43.724286 ], [ 2.861274, 43.726725 ], [ 2.861268, 43.727085 ], [ 2.859341, 43.727397 ], [ 2.858981, 43.727399 ], [ 2.852104344013407, 43.727194010254877 ], [ 2.852128, 43.727214 ] ] ], [ [ [ 2.837143, 43.729834 ], [ 2.836293, 43.731097 ], [ 2.836167, 43.731434 ], [ 2.836233, 43.731459 ], [ 2.836361, 43.731477 ], [ 2.836457, 43.731476 ], [ 2.836837, 43.731384 ], [ 2.837435, 43.731067 ], [ 2.838462, 43.728983 ], [ 2.838597, 43.728782 ], [ 2.840921, 43.725742 ], [ 2.839076, 43.727668 ], [ 2.838753, 43.72751 ], [ 2.832593693965161, 43.723539830065533 ], [ 2.837143, 43.729834 ] ] ], [ [ [ 2.83155, 43.722876 ], [ 2.831576182910376, 43.722883962054617 ], [ 2.831252, 43.722675 ], [ 2.830921157424471, 43.722529110382354 ], [ 2.83155, 43.722876 ] ] ], [ [ [ 2.828115, 43.714913 ], [ 2.829681, 43.721845 ], [ 2.829779925704111, 43.721899570573001 ], [ 2.829611, 43.721248 ], [ 2.829539, 43.715114 ], [ 2.828818, 43.713782 ], [ 2.828612, 43.713468 ], [ 2.825762, 43.710961 ], [ 2.825689599342347, 43.710947316292902 ], [ 2.828115, 43.714913 ] ] ], [ [ [ 2.816028, 43.714193 ], [ 2.816454, 43.714193 ], [ 2.816912, 43.71419 ], [ 2.817182, 43.714141 ], [ 2.824876083111961, 43.710793561918635 ], [ 2.817344, 43.70937 ], [ 2.815604, 43.713823 ], [ 2.815596, 43.714183 ], [ 2.815595850321556, 43.71418310344248 ], [ 2.816028, 43.714193 ] ] ] ] } },
{ "type": "Feature", "properties": { "codgeo": "81192", "value": 660, "isochrone_group": 11.0, "nb_agences": 1 }, "geometry": { "type": "MultiPolygon", "coordinates": [ [ [ [ 2.779389419941829, 43.703386175225532 ], [ 2.779458, 43.703354 ], [ 2.780084, 43.703043 ], [ 2.779462, 43.703352 ], [ 2.779389419941829, 43.703386175225532 ] ] ], [ [ [ 2.78588, 43.71372 ], [ 2.786735, 43.71336 ], [ 2.78759, 43.713 ], [ 2.787824, 43.712867 ], [ 2.788039, 43.712744 ], [ 2.788236, 43.712578 ], [ 2.794395533183577, 43.712037397748837 ], [ 2.79346, 43.710462 ], [ 2.793187, 43.710443 ], [ 2.792858, 43.710348 ], [ 2.792683, 43.710272 ], [ 2.792491, 43.710188 ], [ 2.78728, 43.709618 ], [ 2.784979, 43.707063 ], [ 2.785062, 43.706713 ], [ 2.785447, 43.706504 ], [ 2.785553, 43.706552 ], [ 2.788783, 43.707798 ], [ 2.795699, 43.704585 ], [ 2.798428, 43.705135 ], [ 2.798596, 43.705168 ], [ 2.801815, 43.70614 ], [ 2.797198, 43.70316 ], [ 2.794192, 43.702701 ], [ 2.793839, 43.702773 ], [ 2.789359, 43.70369 ], [ 2.781928, 43.702023 ], [ 2.780084, 43.703043 ], [ 2.78098, 43.70258 ], [ 2.781259, 43.702424 ], [ 2.781435, 43.702738 ], [ 2.782732, 43.707184 ], [ 2.782183, 43.707386 ], [ 2.781634, 43.707588 ], [ 2.779516, 43.708333 ], [ 2.779161, 43.708392 ], [ 2.7782587050737, 43.70851432591283 ], [ 2.779614, 43.709001 ], [ 2.78588, 43.71372 ] ] ], [ [ [ 2.796351, 43.720826 ], [ 2.796261, 43.721005 ], [ 2.796243, 43.721176 ], [ 2.796294, 43.721536 ], [ 2.796397, 43.722041 ], [ 2.796506, 43.722662 ], [ 2.802189, 43.7278 ], [ 2.803483, 43.728015 ], [ 2.811465, 43.729523 ], [ 2.811817, 43.729447 ], [ 2.812252, 43.729191 ], [ 2.812925, 43.727519 ], [ 2.813094, 43.727113 ], [ 2.813239, 43.72675 ], [ 2.813292, 43.726549 ], [ 2.813338, 43.72637 ], [ 2.813346, 43.726065 ], [ 2.813348, 43.725802 ], [ 2.813278, 43.725311 ], [ 2.813211, 43.724847 ], [ 2.813169, 43.724635 ], [ 2.813077, 43.724426 ], [ 2.812901, 43.724208 ], [ 2.812751, 43.724031 ], [ 2.812451, 43.723844 ], [ 2.812197, 43.723697 ], [ 2.810132040893165, 43.721318911848293 ], [ 2.810086, 43.721385 ], [ 2.810591, 43.723302 ], [ 2.810594, 43.723662 ], [ 2.804964, 43.724327 ], [ 2.804615, 43.724241 ], [ 2.797943, 43.718479 ], [ 2.797964, 43.71833 ], [ 2.798029, 43.718156 ], [ 2.795090874794496, 43.713208323193008 ], [ 2.796351, 43.720826 ] ] ], [ [ [ 2.830754, 43.729565 ], [ 2.830636, 43.729905 ], [ 2.831558, 43.730495 ], [ 2.831903, 43.730642 ], [ 2.838031, 43.734029 ], [ 2.838275, 43.734201 ], [ 2.838457, 43.734286 ], [ 2.838638, 43.734371 ], [ 2.838791, 43.734045 ], [ 2.840921, 43.725742 ], [ 2.838597, 43.728782 ], [ 2.838462, 43.728983 ], [ 2.837435, 43.731067 ], [ 2.836837, 43.731384 ], [ 2.836457, 43.731476 ], [ 2.836361, 43.731477 ], [ 2.836233, 43.731459 ], [ 2.836167, 43.731434 ], [ 2.836293, 43.731097 ], [ 2.837143, 43.729834 ], [ 2.832184, 43.722973 ], [ 2.831891, 43.722958 ], [ 2.831721, 43.722928 ], [ 2.83155, 43.722876 ], [ 2.829681, 43.721845 ], [ 2.830754, 43.729565 ] ] ], [ [ [ 2.856848, 43.732742 ], [ 2.856932, 43.732935 ], [ 2.857032, 43.733157 ], [ 2.858107, 43.735614 ], [ 2.859713, 43.735324 ], [ 2.859898, 43.735015 ], [ 2.862207, 43.73095 ], [ 2.870721, 43.731314 ], [ 2.874642, 43.734194 ], [ 2.874852, 43.734059 ], [ 2.875062, 43.733924 ], [ 2.875199, 43.733792 ], [ 2.875326, 43.733585 ], [ 2.875435, 43.733282 ], [ 2.876819, 43.728602 ], [ 2.876916, 43.728176 ], [ 2.876845, 43.727824 ], [ 2.874077, 43.726023 ], [ 2.872248, 43.725354 ], [ 2.870029, 43.724724 ], [ 2.867578, 43.716888 ], [ 2.86753, 43.716531 ], [ 2.866519, 43.716599 ], [ 2.866113, 43.716584 ], [ 2.865679, 43.716638 ], [ 2.860596268628611, 43.70922830724561 ], [ 2.857082, 43.7164 ], [ 2.862416, 43.718082 ], [ 2.862555, 43.718414 ], [ 2.867647, 43.725811 ], [ 2.870318, 43.727205 ], [ 2.870935, 43.728586 ], [ 2.870685, 43.728845 ], [ 2.866436, 43.728223 ], [ 2.861408, 43.7298 ], [ 2.85755, 43.731425 ], [ 2.85716, 43.731477 ], [ 2.856803, 43.731428 ], [ 2.852529, 43.727513 ], [ 2.856848, 43.732742 ] ] ], [ [ [ 2.860875, 43.708749 ], [ 2.861147, 43.708286 ], [ 2.860882, 43.708736 ], [ 2.860617, 43.709186 ], [ 2.86061688711775, 43.709186230362832 ], [ 2.860875, 43.708749 ] ] ], [ [ [ 2.870349, 43.705815 ], [ 2.8706, 43.706073 ], [ 2.872342, 43.705458 ], [ 2.872302, 43.7051 ], [ 2.870802, 43.70434 ], [ 2.870605, 43.704195 ], [ 2.870418, 43.704107 ], [ 2.870249, 43.704028 ], [ 2.867937, 43.702216 ], [ 2.870214, 43.704014 ], [ 2.870082, 43.704348 ], [ 2.869499, 43.704182 ], [ 2.8683, 43.703929 ], [ 2.870349, 43.705815 ] ] ], [ [ [ 2.880824, 43.7004 ], [ 2.881267, 43.700506 ], [ 2.88171, 43.700612 ], [ 2.881949, 43.700677 ], [ 2.882193, 43.700743 ], [ 2.882557, 43.700802 ], [ 2.886224, 43.702262 ], [ 2.887182, 43.702885 ], [ 2.887616, 43.702893 ], [ 2.887681, 43.702538 ], [ 2.895118, 43.697583 ], [ 2.895283, 43.697703 ], [ 2.897284, 43.70041 ], [ 2.897627, 43.700519 ], [ 2.897689, 43.700324 ], [ 2.897751, 43.700128 ], [ 2.897751, 43.699826 ], [ 2.897713, 43.699523 ], [ 2.899147, 43.694089 ], [ 2.897336, 43.698584 ], [ 2.897039, 43.698787 ], [ 2.896294, 43.697994 ], [ 2.896118, 43.69724 ], [ 2.892163, 43.691395 ], [ 2.891869, 43.691282 ], [ 2.891431, 43.691034 ], [ 2.889179, 43.690324 ], [ 2.888561, 43.690237 ], [ 2.888199, 43.690159 ], [ 2.88799, 43.690101 ], [ 2.887792, 43.690046 ], [ 2.886775, 43.689697 ], [ 2.885769, 43.689352 ], [ 2.882449, 43.697709 ], [ 2.883012, 43.698055 ], [ 2.883581, 43.698404 ], [ 2.883809, 43.698556 ], [ 2.884071, 43.698736 ], [ 2.884232, 43.698912 ], [ 2.884406, 43.699103 ], [ 2.884951, 43.69985 ], [ 2.885495, 43.700597 ], [ 2.885204, 43.700809 ], [ 2.88466, 43.700062 ], [ 2.882261, 43.698016 ], [ 2.880886, 43.697267 ], [ 2.880148, 43.696908 ], [ 2.879432, 43.696557 ], [ 2.877346, 43.695397 ], [ 2.880824, 43.7004 ] ] ], [ [ [ 2.910791, 43.695978 ], [ 2.912331, 43.69765 ], [ 2.91267, 43.697529 ], [ 2.913702, 43.696824 ], [ 2.921081, 43.70065 ], [ 2.917592, 43.694935 ], [ 2.91628, 43.694628 ], [ 2.915836, 43.694589 ], [ 2.911587, 43.695562 ], [ 2.910763215237085, 43.695948959428584 ], [ 2.910791, 43.695978 ] ] ], [ [ [ 2.915532, 43.707615 ], [ 2.915353, 43.707741 ], [ 2.915253, 43.707929 ], [ 2.914733, 43.70943 ], [ 2.914444, 43.710458 ], [ 2.914743, 43.710659 ], [ 2.917235, 43.712116 ], [ 2.917366, 43.711979 ], [ 2.917485, 43.711774 ], [ 2.917524, 43.711609 ], [ 2.920886, 43.703361 ], [ 2.920793, 43.703516 ], [ 2.920683, 43.703693 ], [ 2.920388, 43.704044 ], [ 2.918713, 43.7061 ], [ 2.918552, 43.706258 ], [ 2.918364, 43.706438 ], [ 2.917902, 43.70674 ], [ 2.91744, 43.707041 ], [ 2.917244, 43.706739 ], [ 2.918558, 43.704745 ], [ 2.915532, 43.707615 ] ] ], [ [ [ 2.943383, 43.688694 ], [ 2.943529, 43.688794 ], [ 2.943641, 43.688834 ], [ 2.943849, 43.688855 ], [ 2.944346, 43.688785 ], [ 2.944854, 43.688713 ], [ 2.945092, 43.688664 ], [ 2.945291, 43.688592 ], [ 2.952704, 43.685594 ], [ 2.952721, 43.685234 ], [ 2.95256, 43.685226 ], [ 2.948623, 43.684772 ], [ 2.942957, 43.684019 ], [ 2.942601, 43.683966 ], [ 2.93763, 43.68196 ], [ 2.937288, 43.682071 ], [ 2.93004, 43.680546 ], [ 2.935327, 43.68434 ], [ 2.935528, 43.684362 ], [ 2.935746, 43.684387 ], [ 2.935958, 43.684433 ], [ 2.936157, 43.684499 ], [ 2.939321, 43.684928 ], [ 2.93975, 43.685042 ], [ 2.939918, 43.685112 ], [ 2.943217, 43.686727 ], [ 2.943516, 43.686845 ], [ 2.943675, 43.687021 ], [ 2.943715, 43.687182 ], [ 2.943707, 43.687307 ], [ 2.943561, 43.688213 ], [ 2.943201, 43.688226 ], [ 2.939816, 43.686426 ], [ 2.93746, 43.68589 ], [ 2.943383, 43.688694 ] ] ], [ [ [ 2.934529, 43.672872 ], [ 2.935165, 43.671469 ], [ 2.933666, 43.669651 ], [ 2.930472, 43.668295 ], [ 2.930114, 43.668263 ], [ 2.926227, 43.670418 ], [ 2.925971, 43.670671 ], [ 2.924476, 43.677199 ], [ 2.924658, 43.677097 ], [ 2.929382, 43.673965 ], [ 2.929666, 43.673701 ], [ 2.929938, 43.673936 ], [ 2.930034, 43.674761 ], [ 2.930061, 43.674939 ], [ 2.930001, 43.675153 ], [ 2.93004, 43.680546 ], [ 2.934529, 43.672872 ] ] ], [ [ [ 2.915651, 43.67445 ], [ 2.915641, 43.67424 ], [ 2.915522, 43.674109 ], [ 2.915283, 43.674008 ], [ 2.911154, 43.672778 ], [ 2.906236, 43.666889 ], [ 2.90378, 43.665358 ], [ 2.903448, 43.665499 ], [ 2.899443, 43.666528 ], [ 2.893656, 43.662791 ], [ 2.893651, 43.66304 ], [ 2.897826, 43.66971 ], [ 2.90227, 43.667468 ], [ 2.90255, 43.667242 ], [ 2.90511, 43.6681 ], [ 2.905271, 43.668213 ], [ 2.906383, 43.669399 ], [ 2.908686, 43.674045 ], [ 2.914801, 43.67475 ], [ 2.915086, 43.67497 ], [ 2.91541, 43.676216 ], [ 2.91617476046752, 43.676337336002291 ], [ 2.915651, 43.67445 ] ] ], [ [ [ 2.891937, 43.659356 ], [ 2.891671, 43.658446 ], [ 2.891317, 43.65851 ], [ 2.888055, 43.66062 ], [ 2.879801, 43.661673 ], [ 2.879591, 43.661671 ], [ 2.879409, 43.661717 ], [ 2.87928, 43.66179 ], [ 2.873028, 43.664459 ], [ 2.871847, 43.66467 ], [ 2.868421346969554, 43.667168228483753 ], [ 2.872685, 43.668077 ], [ 2.878309, 43.663213 ], [ 2.878668, 43.663183 ], [ 2.878863, 43.66418 ], [ 2.878908, 43.66438 ], [ 2.878948, 43.664564 ], [ 2.88007, 43.667938 ], [ 2.880141, 43.668093 ], [ 2.88088, 43.670734 ], [ 2.880936, 43.670899 ], [ 2.888154, 43.673902 ], [ 2.890053, 43.671857 ], [ 2.890273, 43.671611 ], [ 2.890179, 43.663685 ], [ 2.890091, 43.663486 ], [ 2.889615, 43.661845 ], [ 2.88961, 43.661485 ], [ 2.892009, 43.661232 ], [ 2.892149, 43.661257 ], [ 2.893656, 43.662791 ], [ 2.891937, 43.659356 ] ] ], [ [ [ 2.858455, 43.662427 ], [ 2.857903, 43.653504 ], [ 2.85769, 43.653598 ], [ 2.855277, 43.65497 ], [ 2.854786, 43.663072 ], [ 2.855037, 43.663674 ], [ 2.855098, 43.664029 ], [ 2.855101, 43.665592 ], [ 2.862747, 43.669848 ], [ 2.863659734244731, 43.668953482488639 ], [ 2.858455, 43.662427 ] ] ], [ [ [ 2.856754, 43.652194 ], [ 2.855255, 43.65119 ], [ 2.855081, 43.651083 ], [ 2.854882, 43.65109 ], [ 2.854722, 43.651274 ], [ 2.851737, 43.6553 ], [ 2.85191, 43.655209 ], [ 2.855895, 43.652893 ], [ 2.856818, 43.652968 ], [ 2.857677, 43.653013 ], [ 2.857838, 43.653055 ], [ 2.856754, 43.652194 ] ] ], [ [ [ 2.841008, 43.641138 ], [ 2.841248, 43.64087 ], [ 2.841915, 43.639883 ], [ 2.841987, 43.639736 ], [ 2.84209, 43.639385 ], [ 2.842316, 43.638709 ], [ 2.842354, 43.638477 ], [ 2.842391, 43.638246 ], [ 2.842036, 43.638188 ], [ 2.837307, 43.638509 ], [ 2.836971, 43.638637 ], [ 2.828045, 43.639673 ], [ 2.827729, 43.639518 ], [ 2.827316, 43.639346 ], [ 2.826904, 43.639173 ], [ 2.826765, 43.639505 ], [ 2.828107, 43.640736 ], [ 2.832292, 43.646038 ], [ 2.835783, 43.64876 ], [ 2.835791829511489, 43.648769978065836 ], [ 2.835675, 43.648616 ], [ 2.834291, 43.645821 ], [ 2.834187, 43.64559 ], [ 2.833814, 43.644089 ], [ 2.834122, 43.643903 ], [ 2.837403, 43.643178 ], [ 2.837898, 43.643505 ], [ 2.838033, 43.643626 ], [ 2.838112, 43.643819 ], [ 2.838089, 43.644178 ], [ 2.839062, 43.649503 ], [ 2.841008, 43.641138 ] ] ], [ [ [ 2.819239, 43.663993 ], [ 2.818977102339305, 43.663771933628148 ], [ 2.820596, 43.670185 ], [ 2.819239, 43.663993 ] ] ], [ [ [ 2.807363524508131, 43.657426952347386 ], [ 2.808732, 43.659098 ], [ 2.81204, 43.659906 ], [ 2.807363524508131, 43.657426952347386 ] ] ], [ [ [ 2.804009, 43.645972 ], [ 2.803757, 43.645803 ], [ 2.803598, 43.645745 ], [ 2.803348, 43.645724 ], [ 2.803013, 43.645746 ], [ 2.802733, 43.645798 ], [ 2.802387, 43.64594 ], [ 2.793772, 43.647311 ], [ 2.790169, 43.651776 ], [ 2.790196, 43.652135 ], [ 2.792228, 43.651984 ], [ 2.797516, 43.65895 ], [ 2.797391, 43.660641 ], [ 2.794127, 43.665844 ], [ 2.793193, 43.666514 ], [ 2.793052, 43.666611 ], [ 2.792051, 43.667202 ], [ 2.791768, 43.667424 ], [ 2.791633, 43.674277 ], [ 2.793957, 43.677207 ], [ 2.796598, 43.678934 ], [ 2.802956, 43.680391 ], [ 2.809075, 43.686805 ], [ 2.803836, 43.679577 ], [ 2.79835, 43.676686 ], [ 2.79713, 43.67206 ], [ 2.79644, 43.666705 ], [ 2.79742, 43.663176 ], [ 2.798474, 43.660864 ], [ 2.801073, 43.65404 ], [ 2.801443, 43.651275 ], [ 2.8017, 43.651022 ], [ 2.801897, 43.651222 ], [ 2.802093, 43.651422 ], [ 2.802318, 43.651683 ], [ 2.802535, 43.651934 ], [ 2.804865, 43.654376 ], [ 2.804009, 43.645972 ] ] ], [ [ [ 2.811645, 43.68972 ], [ 2.811976, 43.689548 ], [ 2.812307, 43.689377 ], [ 2.813292, 43.68901 ], [ 2.814298, 43.688635 ], [ 2.819879, 43.691248 ], [ 2.816502, 43.697655 ], [ 2.816385, 43.697995 ], [ 2.813943662153846, 43.703520553339082 ], [ 2.815651, 43.702696 ], [ 2.81689, 43.700775 ], [ 2.817019, 43.700596 ], [ 2.817175, 43.700511 ], [ 2.819704, 43.699091 ], [ 2.82006, 43.699035 ], [ 2.822652, 43.698865 ], [ 2.82332, 43.698692 ], [ 2.825914, 43.698744 ], [ 2.826694, 43.698583 ], [ 2.827191, 43.69852 ], [ 2.827674, 43.69846 ], [ 2.828036, 43.698501 ], [ 2.829949, 43.698779 ], [ 2.831169, 43.69889 ], [ 2.834486, 43.698078 ], [ 2.834139, 43.689149 ], [ 2.832924, 43.688555 ], [ 2.828088, 43.6846 ], [ 2.82049, 43.688881 ], [ 2.820404, 43.689082 ], [ 2.820319, 43.689284 ], [ 2.819987, 43.689144 ], [ 2.815019, 43.688041 ], [ 2.814676, 43.687934 ], [ 2.811517, 43.687179 ], [ 2.811018, 43.687176 ], [ 2.810523, 43.687173 ], [ 2.810021, 43.687116 ], [ 2.809539, 43.687061 ], [ 2.809249, 43.686978 ], [ 2.811645, 43.68972 ] ] ] ] } },
{ "type": "Feature", "properties": { "codgeo": "81192", "value": 720, "isochrone_group": 12.0, "nb_agences": 1 }, "geometry": { "type": "MultiPolygon", "coordinates": [ [ [ [ 2.77801, 43.696173 ], [ 2.777099, 43.695996 ], [ 2.776896, 43.696294 ], [ 2.777074, 43.696415 ], [ 2.777252, 43.696536 ], [ 2.778021104876803, 43.69724289283787 ], [ 2.778560612699594, 43.69682695520391 ], [ 2.778225, 43.696461 ], [ 2.77801, 43.696173 ] ] ], [ [ [ 2.783393, 43.714955 ], [ 2.783752, 43.714926 ], [ 2.785155, 43.714133 ], [ 2.786538592700689, 43.713442697810251 ], [ 2.78588, 43.71372 ], [ 2.781818252318164, 43.710661048945013 ], [ 2.780436324353458, 43.71092197942491 ], [ 2.782234, 43.713891 ], [ 2.783393, 43.714955 ] ] ], [ [ [ 2.795030564021476, 43.712843734043588 ], [ 2.79489, 43.711994 ], [ 2.794566946890348, 43.712022353323725 ], [ 2.795030564021476, 43.712843734043588 ] ] ], [ [ [ 2.79399, 43.720466 ], [ 2.793789, 43.720765 ], [ 2.797718, 43.728582 ], [ 2.797801, 43.728933 ], [ 2.798268, 43.728823 ], [ 2.798736, 43.728713 ], [ 2.799365, 43.728594 ], [ 2.800002, 43.728474 ], [ 2.804511, 43.728718 ], [ 2.81068, 43.733902 ], [ 2.811743, 43.73581 ], [ 2.812125, 43.736648 ], [ 2.812453, 43.736499 ], [ 2.815902, 43.732607 ], [ 2.816057, 43.732282 ], [ 2.824801, 43.730196 ], [ 2.826465, 43.730838 ], [ 2.826823, 43.730876 ], [ 2.831903, 43.730642 ], [ 2.831558, 43.730495 ], [ 2.830636, 43.729905 ], [ 2.830754, 43.729565 ], [ 2.829681, 43.721845 ], [ 2.828115, 43.714913 ], [ 2.825668, 43.710912 ], [ 2.825298, 43.71061 ], [ 2.817182, 43.714141 ], [ 2.816912, 43.71419 ], [ 2.816454, 43.714193 ], [ 2.816028, 43.714193 ], [ 2.815111, 43.714172 ], [ 2.810001, 43.721168 ], [ 2.812197, 43.723697 ], [ 2.812451, 43.723844 ], [ 2.812751, 43.724031 ], [ 2.812901, 43.724208 ], [ 2.813077, 43.724426 ], [ 2.813169, 43.724635 ], [ 2.813211, 43.724847 ], [ 2.813278, 43.725311 ], [ 2.813348, 43.725802 ], [ 2.813346, 43.726065 ], [ 2.813338, 43.72637 ], [ 2.813292, 43.726549 ], [ 2.813239, 43.72675 ], [ 2.813094, 43.727113 ], [ 2.812925, 43.727519 ], [ 2.812252, 43.729191 ], [ 2.811817, 43.729447 ], [ 2.811465, 43.729523 ], [ 2.803483, 43.728015 ], [ 2.802189, 43.7278 ], [ 2.796506, 43.722662 ], [ 2.796397, 43.722041 ], [ 2.796294, 43.721536 ], [ 2.796243, 43.721176 ], [ 2.796261, 43.721005 ], [ 2.796351, 43.720826 ], [ 2.796092531425763, 43.719263512356143 ], [ 2.79399, 43.720466 ] ] ], [ [ [ 2.839172, 43.73704 ], [ 2.839246, 43.737392 ], [ 2.841293, 43.737463 ], [ 2.842838, 43.735939 ], [ 2.842665, 43.735623 ], [ 2.839806296168479, 43.730087251602406 ], [ 2.838791, 43.734045 ], [ 2.838638, 43.734371 ], [ 2.838457, 43.734286 ], [ 2.838275, 43.734201 ], [ 2.838031, 43.734029 ], [ 2.837843997981029, 43.733925642324046 ], [ 2.839172, 43.73704 ] ] ], [ [ [ 2.854933, 43.734905 ], [ 2.854542, 43.738148 ], [ 2.854689, 43.738477 ], [ 2.858497, 43.739752 ], [ 2.858809, 43.739572 ], [ 2.864996, 43.737673 ], [ 2.871797, 43.739018 ], [ 2.871953, 43.739041 ], [ 2.872111, 43.739027 ], [ 2.872909, 43.738905 ], [ 2.874193, 43.738223 ], [ 2.875433, 43.7363 ], [ 2.875503, 43.736195 ], [ 2.875517, 43.736014 ], [ 2.880489, 43.728869 ], [ 2.881178, 43.728691 ], [ 2.881668, 43.728595 ], [ 2.881866, 43.728541 ], [ 2.882585, 43.727574 ], [ 2.882636, 43.726301 ], [ 2.882503, 43.725966 ], [ 2.877282, 43.724185 ], [ 2.876986, 43.72398 ], [ 2.873661, 43.723544 ], [ 2.872886, 43.714805 ], [ 2.8727, 43.714497 ], [ 2.870086, 43.706704 ], [ 2.872386, 43.705452 ], [ 2.872565, 43.705403 ], [ 2.87307, 43.705167 ], [ 2.873385, 43.704941 ], [ 2.876818, 43.701603 ], [ 2.882193, 43.700743 ], [ 2.881949, 43.700677 ], [ 2.88171, 43.700612 ], [ 2.881267, 43.700506 ], [ 2.880824, 43.7004 ], [ 2.877346, 43.695397 ], [ 2.877067, 43.695272 ], [ 2.876806, 43.695011 ], [ 2.876676, 43.694842 ], [ 2.876557, 43.694686 ], [ 2.869009, 43.693159 ], [ 2.867648, 43.702017 ], [ 2.867937, 43.702216 ], [ 2.870249, 43.704028 ], [ 2.870418, 43.704107 ], [ 2.870605, 43.704195 ], [ 2.870802, 43.70434 ], [ 2.872302, 43.7051 ], [ 2.872342, 43.705458 ], [ 2.8706, 43.706073 ], [ 2.870349, 43.705815 ], [ 2.8683, 43.703929 ], [ 2.861215, 43.70792 ], [ 2.861147, 43.708286 ], [ 2.860875, 43.708749 ], [ 2.860594, 43.709225 ], [ 2.865679, 43.716638 ], [ 2.866113, 43.716584 ], [ 2.866519, 43.716599 ], [ 2.86753, 43.716531 ], [ 2.867578, 43.716888 ], [ 2.870029, 43.724724 ], [ 2.872248, 43.725354 ], [ 2.874077, 43.726023 ], [ 2.876845, 43.727824 ], [ 2.876916, 43.728176 ], [ 2.876819, 43.728602 ], [ 2.875435, 43.733282 ], [ 2.875326, 43.733585 ], [ 2.875199, 43.733792 ], [ 2.875062, 43.733924 ], [ 2.874852, 43.734059 ], [ 2.874642, 43.734194 ], [ 2.870721, 43.731314 ], [ 2.862207, 43.73095 ], [ 2.859898, 43.735015 ], [ 2.859713, 43.735324 ], [ 2.858107, 43.735614 ], [ 2.857032, 43.733157 ], [ 2.856932, 43.732935 ], [ 2.856848, 43.732742 ], [ 2.852529, 43.727513 ], [ 2.854933, 43.734905 ] ] ], [ [ [ 2.886694, 43.702745 ], [ 2.886795, 43.702792 ], [ 2.88997, 43.703782 ], [ 2.896296, 43.702644 ], [ 2.896488, 43.70235 ], [ 2.897239, 43.701222 ], [ 2.897362, 43.701056 ], [ 2.897495, 43.700792 ], [ 2.897615, 43.700552 ], [ 2.897625827550158, 43.700518627413892 ], [ 2.897284, 43.70041 ], [ 2.895283, 43.697703 ], [ 2.895118, 43.697583 ], [ 2.887681, 43.702538 ], [ 2.887616, 43.702893 ], [ 2.887182, 43.702885 ], [ 2.886224, 43.702262 ], [ 2.882557, 43.700802 ], [ 2.886694, 43.702745 ] ] ], [ [ [ 2.912411, 43.698848 ], [ 2.912626, 43.699136 ], [ 2.914397, 43.707306 ], [ 2.911981, 43.709099 ], [ 2.911733, 43.70936 ], [ 2.912924, 43.716892 ], [ 2.912906, 43.717143 ], [ 2.912984, 43.717544 ], [ 2.913044, 43.717786 ], [ 2.913207, 43.718022 ], [ 2.913383, 43.718275 ], [ 2.913489, 43.718397 ], [ 2.91376, 43.718159 ], [ 2.917366, 43.711979 ], [ 2.917235, 43.712116 ], [ 2.914743, 43.710659 ], [ 2.914444, 43.710458 ], [ 2.914733, 43.70943 ], [ 2.915253, 43.707929 ], [ 2.915353, 43.707741 ], [ 2.915532, 43.707615 ], [ 2.918558, 43.704745 ], [ 2.918749, 43.70434 ], [ 2.921081, 43.70065 ], [ 2.913702, 43.696824 ], [ 2.91267, 43.697529 ], [ 2.912331, 43.69765 ], [ 2.910791, 43.695978 ], [ 2.910614, 43.695793 ], [ 2.912411, 43.698848 ] ] ], [ [ [ 2.953657, 43.690837 ], [ 2.953801, 43.690948 ], [ 2.953956, 43.691069 ], [ 2.954945, 43.691874 ], [ 2.955225, 43.691648 ], [ 2.960808, 43.685784 ], [ 2.960851, 43.685426 ], [ 2.960115, 43.684806 ], [ 2.960013, 43.684723 ], [ 2.959928, 43.684677 ], [ 2.959711, 43.684616 ], [ 2.959387, 43.684599 ], [ 2.959015, 43.684641 ], [ 2.952156, 43.684165 ], [ 2.951121, 43.684048 ], [ 2.950882, 43.684021 ], [ 2.950664, 43.683998 ], [ 2.950469, 43.68399 ], [ 2.950287, 43.683984 ], [ 2.94301, 43.681998 ], [ 2.938888, 43.674459 ], [ 2.938788, 43.669572 ], [ 2.938579, 43.6694 ], [ 2.937248, 43.668345 ], [ 2.930686, 43.66439 ], [ 2.928849, 43.662598 ], [ 2.92849, 43.662613 ], [ 2.924649, 43.66852 ], [ 2.924504, 43.668654 ], [ 2.924324, 43.668853 ], [ 2.923097, 43.670055 ], [ 2.915283, 43.674008 ], [ 2.915522, 43.674109 ], [ 2.915641, 43.67424 ], [ 2.915651, 43.67445 ], [ 2.916816, 43.678648 ], [ 2.924089, 43.677593 ], [ 2.924287, 43.677356 ], [ 2.924476, 43.677199 ], [ 2.925971, 43.670671 ], [ 2.926227, 43.670418 ], [ 2.930114, 43.668263 ], [ 2.930472, 43.668295 ], [ 2.933666, 43.669651 ], [ 2.935165, 43.671469 ], [ 2.934529, 43.672872 ], [ 2.93004, 43.680546 ], [ 2.937288, 43.682071 ], [ 2.93763, 43.68196 ], [ 2.942601, 43.683966 ], [ 2.942957, 43.684019 ], [ 2.948623, 43.684772 ], [ 2.95256, 43.685226 ], [ 2.952721, 43.685234 ], [ 2.952704, 43.685594 ], [ 2.945291, 43.688592 ], [ 2.945092, 43.688664 ], [ 2.953657, 43.690837 ] ] ], [ [ [ 2.91045, 43.671696 ], [ 2.909084, 43.666697 ], [ 2.908794, 43.666484 ], [ 2.90378, 43.665183 ], [ 2.899192, 43.663404 ], [ 2.892016, 43.658227 ], [ 2.891852, 43.658126 ], [ 2.891693, 43.658092 ], [ 2.890291, 43.657934 ], [ 2.889964, 43.658083 ], [ 2.884379, 43.660908 ], [ 2.879801, 43.661673 ], [ 2.888055, 43.66062 ], [ 2.891317, 43.65851 ], [ 2.891671, 43.658446 ], [ 2.891937, 43.659356 ], [ 2.893656, 43.662791 ], [ 2.899443, 43.666528 ], [ 2.903448, 43.665499 ], [ 2.90378, 43.665358 ], [ 2.906236, 43.666889 ], [ 2.911154, 43.672778 ], [ 2.915283, 43.674008 ], [ 2.91045, 43.671696 ] ] ], [ [ [ 2.875371, 43.660593 ], [ 2.873451, 43.660438 ], [ 2.86649, 43.663619 ], [ 2.86616, 43.663617 ], [ 2.86583, 43.663615 ], [ 2.858632, 43.662179 ], [ 2.858347125190456, 43.660683219337763 ], [ 2.858455, 43.662427 ], [ 2.864023, 43.669409 ], [ 2.864611, 43.669306 ], [ 2.865269, 43.669149 ], [ 2.865565, 43.669067 ], [ 2.865841, 43.66905 ], [ 2.871847, 43.66467 ], [ 2.873028, 43.664459 ], [ 2.87928, 43.66179 ], [ 2.879409, 43.661717 ], [ 2.879591, 43.661671 ], [ 2.879801, 43.661673 ], [ 2.875371, 43.660593 ] ] ], [ [ [ 2.861294, 43.650812 ], [ 2.861572, 43.650664 ], [ 2.861757, 43.650521 ], [ 2.861828, 43.650416 ], [ 2.861916, 43.650206 ], [ 2.862005, 43.649996 ], [ 2.861673, 43.649857 ], [ 2.855081, 43.651083 ], [ 2.855255, 43.65119 ], [ 2.856754, 43.652194 ], [ 2.857838, 43.653055 ], [ 2.857954, 43.653151 ], [ 2.858009, 43.653301 ], [ 2.857903, 43.653504 ], [ 2.85815579198448, 43.657590345792592 ], [ 2.861294, 43.650812 ] ] ], [ [ [ 2.844655, 43.644746 ], [ 2.844871, 43.644457 ], [ 2.846091, 43.635591 ], [ 2.846414, 43.635328 ], [ 2.846526, 43.635082 ], [ 2.846582, 43.634835 ], [ 2.846843, 43.632431 ], [ 2.846488, 43.632371 ], [ 2.839579, 43.63721 ], [ 2.834417, 43.636358 ], [ 2.828252, 43.633496 ], [ 2.827905, 43.6334 ], [ 2.82724, 43.63469 ], [ 2.825028, 43.638469 ], [ 2.824892, 43.638705 ], [ 2.824188, 43.640548 ], [ 2.824071, 43.640843 ], [ 2.823933, 43.643633 ], [ 2.823794, 43.644205 ], [ 2.823789, 43.644482 ], [ 2.823842, 43.644707 ], [ 2.823899, 43.644946 ], [ 2.824024, 43.64533 ], [ 2.824149, 43.645714 ], [ 2.832606, 43.648315 ], [ 2.838435854690939, 43.65175794148 ], [ 2.835783, 43.64876 ], [ 2.832292, 43.646038 ], [ 2.828107, 43.640736 ], [ 2.826765, 43.639505 ], [ 2.826904, 43.639173 ], [ 2.827316, 43.639346 ], [ 2.827729, 43.639518 ], [ 2.828045, 43.639673 ], [ 2.836971, 43.638637 ], [ 2.837307, 43.638509 ], [ 2.842036, 43.638188 ], [ 2.842391, 43.638246 ], [ 2.842354, 43.638477 ], [ 2.842316, 43.638709 ], [ 2.84209, 43.639385 ], [ 2.841987, 43.639736 ], [ 2.841915, 43.639883 ], [ 2.841248, 43.64087 ], [ 2.841008, 43.641138 ], [ 2.839062, 43.649503 ], [ 2.839415, 43.65045 ], [ 2.840303, 43.652203 ], [ 2.840572, 43.652652 ], [ 2.844655, 43.644746 ] ] ], [ [ [ 2.80812, 43.655702 ], [ 2.807825, 43.655495 ], [ 2.806421, 43.646851 ], [ 2.808364, 43.646219 ], [ 2.80877, 43.646189 ], [ 2.80894, 43.646148 ], [ 2.809525, 43.645935 ], [ 2.812722, 43.645872 ], [ 2.81297, 43.645611 ], [ 2.812711, 43.645155 ], [ 2.812587, 43.644997 ], [ 2.81241, 43.644857 ], [ 2.812173, 43.644774 ], [ 2.811929, 43.644753 ], [ 2.811714, 43.644767 ], [ 2.811495, 43.64482 ], [ 2.803348, 43.645724 ], [ 2.803598, 43.645745 ], [ 2.803757, 43.645803 ], [ 2.804009, 43.645972 ], [ 2.804865, 43.654376 ], [ 2.807324, 43.657406 ], [ 2.81204, 43.659906 ], [ 2.8125, 43.660084 ], [ 2.80812, 43.655702 ] ] ], [ [ [ 2.79262, 43.646325 ], [ 2.792354, 43.646172 ], [ 2.792059, 43.646096 ], [ 2.787914, 43.645081 ], [ 2.78414, 43.644338 ], [ 2.78131, 43.646855 ], [ 2.781284, 43.647214 ], [ 2.783828, 43.648512 ], [ 2.789151, 43.651801 ], [ 2.78931, 43.651937 ], [ 2.789518, 43.652056 ], [ 2.789733, 43.652122 ], [ 2.789932, 43.652144 ], [ 2.790144, 43.652139 ], [ 2.792206, 43.651986 ], [ 2.79343385674372, 43.653572501905579 ], [ 2.792228, 43.651984 ], [ 2.790196, 43.652135 ], [ 2.790169, 43.651776 ], [ 2.793772, 43.647311 ], [ 2.795482456781039, 43.647038796140826 ], [ 2.79262, 43.646325 ] ] ], [ [ [ 2.797391, 43.660641 ], [ 2.797516, 43.65895 ], [ 2.797509426646128, 43.658941340774767 ], [ 2.797391, 43.660641 ] ] ], [ [ [ 2.789111, 43.663656 ], [ 2.788885, 43.663936 ], [ 2.788769, 43.671531 ], [ 2.791072, 43.676955 ], [ 2.791275, 43.677253 ], [ 2.797631, 43.682381 ], [ 2.798095, 43.683372 ], [ 2.79844, 43.683268 ], [ 2.802956, 43.680391 ], [ 2.796598, 43.678934 ], [ 2.793957, 43.677207 ], [ 2.791633, 43.674277 ], [ 2.791768, 43.667424 ], [ 2.792051, 43.667202 ], [ 2.793052, 43.666611 ], [ 2.793193, 43.666514 ], [ 2.794127, 43.665844 ], [ 2.797391, 43.660641 ], [ 2.789111, 43.663656 ] ] ], [ [ [ 2.809732, 43.691114 ], [ 2.810001, 43.691354 ], [ 2.815058, 43.698014 ], [ 2.813130991382395, 43.704966016255746 ], [ 2.813328, 43.704914 ], [ 2.816385, 43.697995 ], [ 2.816502, 43.697655 ], [ 2.819879, 43.691248 ], [ 2.814298, 43.688635 ], [ 2.813292, 43.68901 ], [ 2.812307, 43.689377 ], [ 2.811976, 43.689548 ], [ 2.811645, 43.68972 ], [ 2.809249, 43.686978 ], [ 2.809075, 43.686805 ], [ 2.809732, 43.691114 ] ] ], [ [ [ 2.800084, 43.702716 ], [ 2.79995, 43.702381 ], [ 2.792957, 43.700324 ], [ 2.79262, 43.700449 ], [ 2.792755, 43.700813 ], [ 2.792891, 43.701178 ], [ 2.791046142098645, 43.703344663101703 ], [ 2.793839, 43.702773 ], [ 2.794192, 43.702701 ], [ 2.797198, 43.70316 ], [ 2.801815, 43.70614 ], [ 2.802027, 43.70621 ], [ 2.808321, 43.706236 ], [ 2.800084, 43.702716 ] ] ] ] } },
{ "type": "Feature", "properties": { "codgeo": "81192", "value": 780, "isochrone_group": 13.0, "nb_agences": 1 }, "geometry": { "type": "MultiPolygon", "coordinates": [ [ [ [ 2.767628166483365, 43.7019203318455 ], [ 2.76819, 43.702471 ], [ 2.767727, 43.701876 ], [ 2.767628166483365, 43.7019203318455 ] ] ], [ [ [ 2.783211, 43.688481 ], [ 2.782198, 43.689273 ], [ 2.781494, 43.689952 ], [ 2.776013, 43.694097 ], [ 2.77641, 43.693916 ], [ 2.780555, 43.691742 ], [ 2.780753, 43.691744 ], [ 2.784104, 43.692347 ], [ 2.783987, 43.693032 ], [ 2.783784, 43.693621 ], [ 2.785429, 43.691316 ], [ 2.783211, 43.688481 ] ] ], [ [ [ 2.796295856587667, 43.719147225868404 ], [ 2.798029, 43.718156 ], [ 2.79512739850783, 43.713015293666317 ], [ 2.789297, 43.713802 ], [ 2.788845, 43.71415 ], [ 2.79634, 43.718768 ], [ 2.796295856587667, 43.719147225868404 ] ] ], [ [ [ 2.795365, 43.727144 ], [ 2.794405, 43.728176 ], [ 2.795595, 43.731573 ], [ 2.796226, 43.731352 ], [ 2.796715, 43.731162 ], [ 2.799106, 43.73029 ], [ 2.800302, 43.730066 ], [ 2.807494, 43.733371 ], [ 2.807521, 43.740341 ], [ 2.811653, 43.744214 ], [ 2.815205, 43.743068 ], [ 2.815647, 43.739495 ], [ 2.82105, 43.735385 ], [ 2.825933, 43.731577 ], [ 2.828934, 43.731503 ], [ 2.833624, 43.737664 ], [ 2.833624, 43.737901 ], [ 2.833888, 43.738666 ], [ 2.83428, 43.739191 ], [ 2.835119, 43.739702 ], [ 2.835901, 43.739851 ], [ 2.837423, 43.73989 ], [ 2.837997, 43.739859 ], [ 2.84364, 43.739968 ], [ 2.849738, 43.74147 ], [ 2.851096, 43.741371 ], [ 2.851535, 43.741336 ], [ 2.85219, 43.741205 ], [ 2.858271, 43.741667 ], [ 2.861539, 43.744167 ], [ 2.864355, 43.741924 ], [ 2.871498, 43.74061 ], [ 2.872064, 43.740657 ], [ 2.873459, 43.740828 ], [ 2.874303, 43.740871 ], [ 2.875324, 43.740665 ], [ 2.878793, 43.739617 ], [ 2.879788, 43.738941 ], [ 2.881042, 43.737668 ], [ 2.881318, 43.737334 ], [ 2.884871, 43.72956 ], [ 2.888149, 43.72684 ], [ 2.886969, 43.723438 ], [ 2.880813, 43.721618 ], [ 2.877954, 43.719431 ], [ 2.876605, 43.713134 ], [ 2.87897, 43.704943 ], [ 2.884807, 43.702896 ], [ 2.884827, 43.702897 ], [ 2.886634243330966, 43.702716934443323 ], [ 2.882557, 43.700802 ], [ 2.882193, 43.700743 ], [ 2.876818, 43.701603 ], [ 2.873385, 43.704941 ], [ 2.87307, 43.705167 ], [ 2.872565, 43.705403 ], [ 2.872386, 43.705452 ], [ 2.870086, 43.706704 ], [ 2.8727, 43.714497 ], [ 2.872886, 43.714805 ], [ 2.873661, 43.723544 ], [ 2.876986, 43.72398 ], [ 2.877282, 43.724185 ], [ 2.882503, 43.725966 ], [ 2.882636, 43.726301 ], [ 2.882585, 43.727574 ], [ 2.881866, 43.728541 ], [ 2.881668, 43.728595 ], [ 2.881178, 43.728691 ], [ 2.880489, 43.728869 ], [ 2.875517, 43.736014 ], [ 2.875503, 43.736195 ], [ 2.875433, 43.7363 ], [ 2.874193, 43.738223 ], [ 2.872909, 43.738905 ], [ 2.872111, 43.739027 ], [ 2.871953, 43.739041 ], [ 2.871797, 43.739018 ], [ 2.864996, 43.737673 ], [ 2.858809, 43.739572 ], [ 2.858497, 43.739752 ], [ 2.854689, 43.738477 ], [ 2.854542, 43.738148 ], [ 2.854933, 43.734905 ], [ 2.852529, 43.727513 ], [ 2.852329, 43.727363 ], [ 2.852128, 43.727214 ], [ 2.851857, 43.726985 ], [ 2.851736, 43.726829 ], [ 2.850658, 43.725474 ], [ 2.850461, 43.725288 ], [ 2.850355, 43.7251 ], [ 2.849438, 43.723883 ], [ 2.840921, 43.725742 ], [ 2.838841, 43.728218 ], [ 2.842665, 43.735623 ], [ 2.842838, 43.735939 ], [ 2.841293, 43.737463 ], [ 2.839246, 43.737392 ], [ 2.839172, 43.73704 ], [ 2.837761, 43.733731 ], [ 2.832183, 43.730671 ], [ 2.831903, 43.730642 ], [ 2.826823, 43.730876 ], [ 2.826465, 43.730838 ], [ 2.824801, 43.730196 ], [ 2.816057, 43.732282 ], [ 2.815902, 43.732607 ], [ 2.812453, 43.736499 ], [ 2.812125, 43.736648 ], [ 2.811743, 43.73581 ], [ 2.81068, 43.733902 ], [ 2.804511, 43.728718 ], [ 2.800002, 43.728474 ], [ 2.799365, 43.728594 ], [ 2.798736, 43.728713 ], [ 2.798268, 43.728823 ], [ 2.797801, 43.728933 ], [ 2.797718, 43.728582 ], [ 2.795671554208335, 43.724510463539474 ], [ 2.795365, 43.727144 ] ] ], [ [ [ 2.894473, 43.706722 ], [ 2.897853, 43.70603 ], [ 2.897979, 43.705825 ], [ 2.898031, 43.705431 ], [ 2.898092, 43.704834 ], [ 2.898688, 43.701986 ], [ 2.899066, 43.701272 ], [ 2.899295, 43.700618 ], [ 2.899371, 43.699771 ], [ 2.899319, 43.699312 ], [ 2.899227, 43.698883 ], [ 2.90664, 43.693898 ], [ 2.908723, 43.697642 ], [ 2.909681, 43.699899 ], [ 2.909008, 43.706955 ], [ 2.908149, 43.708331 ], [ 2.907982, 43.708996 ], [ 2.908385, 43.71032 ], [ 2.912116, 43.715777 ], [ 2.912551, 43.72066 ], [ 2.914185, 43.723399 ], [ 2.917661, 43.723407 ], [ 2.917908, 43.72305 ], [ 2.918235, 43.722428 ], [ 2.918427, 43.72127 ], [ 2.918422, 43.720742 ], [ 2.918156, 43.719941 ], [ 2.919632, 43.711545 ], [ 2.919804, 43.71121 ], [ 2.920016, 43.710691 ], [ 2.922273, 43.704198 ], [ 2.924716, 43.700568 ], [ 2.925125, 43.700034 ], [ 2.925398, 43.699385 ], [ 2.92551, 43.698835 ], [ 2.926484, 43.695622 ], [ 2.926594, 43.694842 ], [ 2.926435, 43.694117 ], [ 2.930714, 43.686567 ], [ 2.931525, 43.686524 ], [ 2.933099, 43.686517 ], [ 2.936099, 43.687151 ], [ 2.936578, 43.687363 ], [ 2.936961, 43.687457 ], [ 2.942426, 43.690001 ], [ 2.942913, 43.690292 ], [ 2.943425, 43.690439 ], [ 2.944074, 43.690459 ], [ 2.945168, 43.690302 ], [ 2.952661, 43.692114 ], [ 2.954543, 43.694596 ], [ 2.956089, 43.699662 ], [ 2.956114, 43.699871 ], [ 2.957886, 43.701267 ], [ 2.958135, 43.70123 ], [ 2.959681, 43.699533 ], [ 2.959787, 43.699191 ], [ 2.959865, 43.698528 ], [ 2.959957, 43.695064 ], [ 2.960801, 43.691524 ], [ 2.962229, 43.687041 ], [ 2.96813, 43.684264 ], [ 2.96932, 43.680866 ], [ 2.968696, 43.680591 ], [ 2.968225, 43.680437 ], [ 2.967752, 43.68038 ], [ 2.96695, 43.68041 ], [ 2.965101, 43.680514 ], [ 2.961805, 43.681053 ], [ 2.961318, 43.681177 ], [ 2.953422, 43.681929 ], [ 2.952745, 43.681766 ], [ 2.952451, 43.681705 ], [ 2.950344, 43.682365 ], [ 2.945931, 43.674813 ], [ 2.941804, 43.670225 ], [ 2.938834, 43.6678 ], [ 2.933884, 43.665088 ], [ 2.929523, 43.659815 ], [ 2.927909, 43.656952 ], [ 2.927364, 43.655786 ], [ 2.927131, 43.655559 ], [ 2.924357, 43.65674 ], [ 2.924191, 43.657577 ], [ 2.924249, 43.658135 ], [ 2.924282, 43.658689 ], [ 2.92434, 43.659273 ], [ 2.92437, 43.66211 ], [ 2.921834, 43.668996 ], [ 2.921079, 43.669841 ], [ 2.920993, 43.669994 ], [ 2.921460577928511, 43.670882844439298 ], [ 2.923097, 43.670055 ], [ 2.924324, 43.668853 ], [ 2.924504, 43.668654 ], [ 2.924649, 43.66852 ], [ 2.92849, 43.662613 ], [ 2.928849, 43.662598 ], [ 2.930686, 43.66439 ], [ 2.937248, 43.668345 ], [ 2.938579, 43.6694 ], [ 2.938788, 43.669572 ], [ 2.938888, 43.674459 ], [ 2.94301, 43.681998 ], [ 2.950287, 43.683984 ], [ 2.950469, 43.68399 ], [ 2.950664, 43.683998 ], [ 2.950882, 43.684021 ], [ 2.951121, 43.684048 ], [ 2.952156, 43.684165 ], [ 2.959015, 43.684641 ], [ 2.959387, 43.684599 ], [ 2.959711, 43.684616 ], [ 2.959928, 43.684677 ], [ 2.960013, 43.684723 ], [ 2.960115, 43.684806 ], [ 2.960851, 43.685426 ], [ 2.960808, 43.685784 ], [ 2.955225, 43.691648 ], [ 2.954945, 43.691874 ], [ 2.953956, 43.691069 ], [ 2.953801, 43.690948 ], [ 2.953657, 43.690837 ], [ 2.945092, 43.688664 ], [ 2.944854, 43.688713 ], [ 2.944346, 43.688785 ], [ 2.943849, 43.688855 ], [ 2.943641, 43.688834 ], [ 2.943529, 43.688794 ], [ 2.943383, 43.688694 ], [ 2.93746, 43.68589 ], [ 2.937195, 43.685854 ], [ 2.937032, 43.685808 ], [ 2.932993, 43.684901 ], [ 2.931801, 43.684875 ], [ 2.931391, 43.684909 ], [ 2.931007, 43.684929 ], [ 2.930628, 43.684949 ], [ 2.930295, 43.684967 ], [ 2.929962, 43.684984 ], [ 2.928734, 43.68502 ], [ 2.92443, 43.686636 ], [ 2.924849, 43.694604 ], [ 2.924928, 43.694712 ], [ 2.924974, 43.69486 ], [ 2.924964, 43.695061 ], [ 2.924891, 43.695247 ], [ 2.923903, 43.698634 ], [ 2.923873, 43.698837 ], [ 2.923743, 43.699188 ], [ 2.923621, 43.699374 ], [ 2.920886, 43.703361 ], [ 2.920793, 43.703516 ], [ 2.917524, 43.711609 ], [ 2.917485, 43.711774 ], [ 2.917366, 43.711979 ], [ 2.91376, 43.718159 ], [ 2.913489, 43.718397 ], [ 2.913383, 43.718275 ], [ 2.913207, 43.718022 ], [ 2.913044, 43.717786 ], [ 2.912984, 43.717544 ], [ 2.912906, 43.717143 ], [ 2.912924, 43.716892 ], [ 2.911733, 43.70936 ], [ 2.911981, 43.709099 ], [ 2.914397, 43.707306 ], [ 2.912626, 43.699136 ], [ 2.912411, 43.698848 ], [ 2.910614, 43.695793 ], [ 2.910493, 43.695628 ], [ 2.91032, 43.695327 ], [ 2.908126, 43.692964 ], [ 2.907835, 43.692762 ], [ 2.899147, 43.694089 ], [ 2.897713, 43.699523 ], [ 2.897751, 43.699826 ], [ 2.897751, 43.700128 ], [ 2.897688, 43.700327 ], [ 2.897615, 43.700552 ], [ 2.897495, 43.700792 ], [ 2.897362, 43.701056 ], [ 2.897239, 43.701222 ], [ 2.896488, 43.70235 ], [ 2.896296, 43.702644 ], [ 2.88997, 43.703782 ], [ 2.888459652369883, 43.703311056959436 ], [ 2.894473, 43.706722 ] ] ], [ [ [ 2.909737, 43.668892 ], [ 2.9103, 43.667778 ], [ 2.910548, 43.667399 ], [ 2.910843, 43.666822 ], [ 2.911245, 43.666138 ], [ 2.910774, 43.663222 ], [ 2.903806, 43.660156 ], [ 2.903257, 43.660149 ], [ 2.90128, 43.660441 ], [ 2.894647, 43.656173 ], [ 2.89282, 43.653071 ], [ 2.892269, 43.653395 ], [ 2.886405, 43.655821 ], [ 2.878536, 43.655536 ], [ 2.876789, 43.655703 ], [ 2.875978, 43.65589 ], [ 2.871041, 43.65653 ], [ 2.865254, 43.651498 ], [ 2.864807, 43.648603 ], [ 2.864354, 43.647391 ], [ 2.863331, 43.64676 ], [ 2.862556, 43.646724 ], [ 2.86133, 43.647431 ], [ 2.855754, 43.64961 ], [ 2.850061, 43.643393 ], [ 2.848094, 43.635491 ], [ 2.849862, 43.63118 ], [ 2.849826, 43.630601 ], [ 2.849536, 43.629722 ], [ 2.847114, 43.623912 ], [ 2.847048, 43.623871 ], [ 2.84542, 43.62378 ], [ 2.845151, 43.623965 ], [ 2.844467, 43.624831 ], [ 2.844178, 43.625428 ], [ 2.843991, 43.625926 ], [ 2.843992, 43.626975 ], [ 2.841758, 43.635615 ], [ 2.841431706478414, 43.635912381437393 ], [ 2.846488, 43.632371 ], [ 2.846843, 43.632431 ], [ 2.846582, 43.634835 ], [ 2.846526, 43.635082 ], [ 2.846414, 43.635328 ], [ 2.846091, 43.635591 ], [ 2.844871, 43.644457 ], [ 2.844655, 43.644746 ], [ 2.840572, 43.652652 ], [ 2.840834, 43.65309 ], [ 2.84103, 43.653513 ], [ 2.841217, 43.653919 ], [ 2.849738, 43.656547 ], [ 2.851737, 43.6553 ], [ 2.854722, 43.651274 ], [ 2.854882, 43.65109 ], [ 2.855081, 43.651083 ], [ 2.861673, 43.649857 ], [ 2.862005, 43.649996 ], [ 2.861916, 43.650206 ], [ 2.861828, 43.650416 ], [ 2.861757, 43.650521 ], [ 2.861572, 43.650664 ], [ 2.861294, 43.650812 ], [ 2.857874, 43.658199 ], [ 2.858632, 43.662179 ], [ 2.86583, 43.663615 ], [ 2.86616, 43.663617 ], [ 2.86649, 43.663619 ], [ 2.873451, 43.660438 ], [ 2.875371, 43.660593 ], [ 2.879801, 43.661673 ], [ 2.884379, 43.660908 ], [ 2.889964, 43.658083 ], [ 2.890291, 43.657934 ], [ 2.891693, 43.658092 ], [ 2.891852, 43.658126 ], [ 2.892016, 43.658227 ], [ 2.899192, 43.663404 ], [ 2.90378, 43.665183 ], [ 2.908794, 43.666484 ], [ 2.909084, 43.666697 ], [ 2.909709240629667, 43.668985124383383 ], [ 2.909737, 43.668892 ] ] ], [ [ [ 2.838782130841255, 43.637078474908321 ], [ 2.839579, 43.63721 ], [ 2.841047844635166, 43.636181234738814 ], [ 2.838782130841255, 43.637078474908321 ] ] ], [ [ [ 2.829919, 43.632294 ], [ 2.829707, 43.631681 ], [ 2.829348, 43.629776 ], [ 2.82919, 43.629263 ], [ 2.828787, 43.628637 ], [ 2.828263, 43.627753 ], [ 2.828058, 43.627377 ], [ 2.827475, 43.626442 ], [ 2.826795, 43.625869 ], [ 2.826103, 43.625642 ], [ 2.8257, 43.6256 ], [ 2.823415, 43.628055 ], [ 2.822919, 43.636018 ], [ 2.817428, 43.642299 ], [ 2.816565, 43.642424 ], [ 2.815657, 43.642616 ], [ 2.814822, 43.642792 ], [ 2.812036, 43.643136 ], [ 2.811596, 43.643151 ], [ 2.810901, 43.643301 ], [ 2.803439, 43.644107 ], [ 2.802903, 43.64413 ], [ 2.80243, 43.644206 ], [ 2.801757, 43.644447 ], [ 2.801062, 43.644886 ], [ 2.793456, 43.644937 ], [ 2.790856, 43.64254 ], [ 2.788087, 43.642062 ], [ 2.787865, 43.642029 ], [ 2.780895, 43.636338 ], [ 2.777381, 43.637118 ], [ 2.777563, 43.637938 ], [ 2.777675, 43.638325 ], [ 2.775955, 43.645587 ], [ 2.774138, 43.64697 ], [ 2.773997, 43.647297 ], [ 2.773215, 43.65045 ], [ 2.77406, 43.650742 ], [ 2.774362, 43.650856 ], [ 2.777218, 43.651146 ], [ 2.778463, 43.65121 ], [ 2.780682, 43.650859 ], [ 2.781402, 43.650794 ], [ 2.782029, 43.65064 ], [ 2.787861, 43.65278 ], [ 2.786777, 43.659737 ], [ 2.786315, 43.660935 ], [ 2.78557, 43.662286 ], [ 2.786063, 43.665852 ], [ 2.786003, 43.670303 ], [ 2.788526, 43.676315 ], [ 2.788313, 43.679909 ], [ 2.788946, 43.679947 ], [ 2.789861, 43.679868 ], [ 2.796951, 43.685274 ], [ 2.797554, 43.686502 ], [ 2.798128, 43.686948 ], [ 2.798816, 43.687277 ], [ 2.802224, 43.687316 ], [ 2.808789, 43.688531 ], [ 2.809354, 43.68867 ], [ 2.80936021704986, 43.688675624456387 ], [ 2.809075, 43.686805 ], [ 2.802956, 43.680391 ], [ 2.79844, 43.683268 ], [ 2.798095, 43.683372 ], [ 2.797631, 43.682381 ], [ 2.791275, 43.677253 ], [ 2.791072, 43.676955 ], [ 2.788769, 43.671531 ], [ 2.788885, 43.663936 ], [ 2.789111, 43.663656 ], [ 2.797391, 43.660641 ], [ 2.797516, 43.658847 ], [ 2.792206, 43.651986 ], [ 2.790144, 43.652139 ], [ 2.789932, 43.652144 ], [ 2.789733, 43.652122 ], [ 2.789518, 43.652056 ], [ 2.78931, 43.651937 ], [ 2.789151, 43.651801 ], [ 2.783828, 43.648512 ], [ 2.781284, 43.647214 ], [ 2.78131, 43.646855 ], [ 2.78414, 43.644338 ], [ 2.787914, 43.645081 ], [ 2.792059, 43.646096 ], [ 2.792354, 43.646172 ], [ 2.79262, 43.646325 ], [ 2.797737, 43.647601 ], [ 2.802174, 43.646085 ], [ 2.802387, 43.64594 ], [ 2.802733, 43.645798 ], [ 2.803013, 43.645746 ], [ 2.803348, 43.645724 ], [ 2.811495, 43.64482 ], [ 2.811714, 43.644767 ], [ 2.811929, 43.644753 ], [ 2.812173, 43.644774 ], [ 2.81241, 43.644857 ], [ 2.812587, 43.644997 ], [ 2.812711, 43.645155 ], [ 2.81297, 43.645611 ], [ 2.812722, 43.645872 ], [ 2.809525, 43.645935 ], [ 2.80894, 43.646148 ], [ 2.80877, 43.646189 ], [ 2.808364, 43.646219 ], [ 2.806421, 43.646851 ], [ 2.807825, 43.655495 ], [ 2.80812, 43.655702 ], [ 2.8125, 43.660084 ], [ 2.812687, 43.66026 ], [ 2.817031, 43.662819 ], [ 2.81767, 43.662976 ], [ 2.818003, 43.663069 ], [ 2.818368, 43.663248 ], [ 2.818604, 43.663457 ], [ 2.819239, 43.663993 ], [ 2.820596, 43.670185 ], [ 2.827863, 43.672637 ], [ 2.829361, 43.673866 ], [ 2.834634, 43.674875 ], [ 2.838834, 43.671329 ], [ 2.839092, 43.670699 ], [ 2.839421, 43.669218 ], [ 2.839481, 43.668976 ], [ 2.839549, 43.66871 ], [ 2.839664, 43.668423 ], [ 2.839939, 43.667569 ], [ 2.84011, 43.666967 ], [ 2.840205, 43.666726 ], [ 2.840309, 43.666466 ], [ 2.840513, 43.666081 ], [ 2.840731, 43.665674 ], [ 2.840857, 43.665499 ], [ 2.840996, 43.665308 ], [ 2.84119, 43.665096 ], [ 2.842496, 43.656597 ], [ 2.841935, 43.655947 ], [ 2.841807, 43.655814 ], [ 2.841659, 43.655654 ], [ 2.841498, 43.65541 ], [ 2.841326, 43.655145 ], [ 2.841195, 43.654876 ], [ 2.84104, 43.654467 ], [ 2.840703, 43.653664 ], [ 2.840263, 43.652837 ], [ 2.832606, 43.648315 ], [ 2.824149, 43.645714 ], [ 2.824024, 43.64533 ], [ 2.823899, 43.644946 ], [ 2.823842, 43.644707 ], [ 2.823789, 43.644482 ], [ 2.823794, 43.644205 ], [ 2.823933, 43.643633 ], [ 2.824071, 43.640843 ], [ 2.824188, 43.640548 ], [ 2.824892, 43.638705 ], [ 2.825028, 43.638469 ], [ 2.82724, 43.63469 ], [ 2.827905, 43.6334 ], [ 2.828252, 43.633496 ], [ 2.834417, 43.636358 ], [ 2.834729151677806, 43.636409521354032 ], [ 2.829919, 43.632294 ] ] ], [ [ [ 2.812189, 43.70373 ], [ 2.809037, 43.705735 ], [ 2.801922, 43.701448 ], [ 2.801655, 43.701025 ], [ 2.801149, 43.700552 ], [ 2.799715, 43.699633 ], [ 2.792368, 43.697333 ], [ 2.792015, 43.697623 ], [ 2.791243, 43.698606 ], [ 2.783784, 43.693621 ], [ 2.783545, 43.694012 ], [ 2.787155, 43.70206 ], [ 2.789392, 43.702068 ], [ 2.790687, 43.70216 ], [ 2.791528, 43.702288 ], [ 2.79190701721451, 43.702333622442474 ], [ 2.792891, 43.701178 ], [ 2.792755, 43.700813 ], [ 2.79262, 43.700449 ], [ 2.792957, 43.700324 ], [ 2.79995, 43.702381 ], [ 2.800084, 43.702716 ], [ 2.808321, 43.706236 ], [ 2.813103, 43.705067 ], [ 2.813908082115992, 43.7021625272818 ], [ 2.812189, 43.70373 ] ] ], [ [ [ 2.781409, 43.716221 ], [ 2.780771, 43.717856 ], [ 2.780558, 43.718391 ], [ 2.780477, 43.718673 ], [ 2.780471, 43.718695 ], [ 2.78395, 43.719619 ], [ 2.784294, 43.718961 ], [ 2.78456, 43.71839 ], [ 2.788219, 43.714493 ], [ 2.786486, 43.715223 ], [ 2.784161241862985, 43.714694689381794 ], [ 2.783752, 43.714926 ], [ 2.783393, 43.714955 ], [ 2.782763425551037, 43.714377030014056 ], [ 2.781628, 43.714119 ], [ 2.781439148026222, 43.714185796596986 ], [ 2.781741, 43.714633 ], [ 2.781409, 43.716221 ] ] ] ] } },
{ "type": "Feature", "properties": { "codgeo": "81192", "value": 840, "isochrone_group": 14.0, "nb_agences": 1 }, "geometry": { "type": "MultiPolygon", "coordinates": [ [ [ [ 2.802413, 43.737093 ], [ 2.803428, 43.740547 ], [ 2.805489, 43.744839 ], [ 2.805801, 43.745041 ], [ 2.806258, 43.745287 ], [ 2.807109, 43.745539 ], [ 2.808103, 43.745818 ], [ 2.809284, 43.745941 ], [ 2.810152, 43.745929 ], [ 2.810807, 43.745716 ], [ 2.818664, 43.745777 ], [ 2.821538, 43.747243 ], [ 2.824594, 43.745341 ], [ 2.824419, 43.745059 ], [ 2.823942, 43.744518 ], [ 2.822819, 43.739251 ], [ 2.82962, 43.736079 ], [ 2.831846, 43.737131 ], [ 2.832384, 43.737477 ], [ 2.83428, 43.739191 ], [ 2.833888, 43.738666 ], [ 2.833624, 43.737901 ], [ 2.833624, 43.737664 ], [ 2.828934, 43.731503 ], [ 2.825933, 43.731577 ], [ 2.82105, 43.735385 ], [ 2.815647, 43.739495 ], [ 2.815205, 43.743068 ], [ 2.811653, 43.744214 ], [ 2.807521, 43.740341 ], [ 2.807494, 43.733371 ], [ 2.800302, 43.730066 ], [ 2.799106, 43.73029 ], [ 2.79824376289366, 43.730604458702082 ], [ 2.802413, 43.737093 ] ] ], [ [ [ 2.840815, 43.743126 ], [ 2.843721, 43.744597 ], [ 2.847791, 43.744401 ], [ 2.85219, 43.741205 ], [ 2.851535, 43.741336 ], [ 2.851096, 43.741371 ], [ 2.849738, 43.74147 ], [ 2.84364, 43.739968 ], [ 2.837997, 43.739859 ], [ 2.837423, 43.73989 ], [ 2.835901, 43.739851 ], [ 2.835119, 43.739702 ], [ 2.840815, 43.743126 ] ] ], [ [ [ 2.861764, 43.744413 ], [ 2.862258, 43.744826 ], [ 2.864694, 43.746992 ], [ 2.865383, 43.747371 ], [ 2.865982, 43.747464 ], [ 2.866649, 43.747476 ], [ 2.867216, 43.747106 ], [ 2.868181, 43.746428 ], [ 2.874303, 43.740871 ], [ 2.873459, 43.740828 ], [ 2.872064, 43.740657 ], [ 2.871498, 43.74061 ], [ 2.864355, 43.741924 ], [ 2.861539, 43.744167 ], [ 2.858271, 43.741667 ], [ 2.861764, 43.744413 ] ] ], [ [ [ 2.883096, 43.742133 ], [ 2.886009, 43.740017 ], [ 2.88626, 43.73895 ], [ 2.886503, 43.7373 ], [ 2.886012, 43.734786 ], [ 2.887604, 43.728236 ], [ 2.891737, 43.725038 ], [ 2.892069, 43.724885 ], [ 2.892791, 43.724483 ], [ 2.893516, 43.724023 ], [ 2.891587, 43.720983 ], [ 2.889325, 43.72183 ], [ 2.882202, 43.719943 ], [ 2.879747, 43.717494 ], [ 2.877504250353081, 43.717331612656302 ], [ 2.877954, 43.719431 ], [ 2.880813, 43.721618 ], [ 2.886969, 43.723438 ], [ 2.888149, 43.72684 ], [ 2.884871, 43.72956 ], [ 2.881318, 43.737334 ], [ 2.881042, 43.737668 ], [ 2.879788, 43.738941 ], [ 2.878793, 43.739617 ], [ 2.875324, 43.740665 ], [ 2.883096, 43.742133 ] ] ], [ [ [ 2.880985, 43.707376 ], [ 2.88371, 43.705023 ], [ 2.887296, 43.702651 ], [ 2.884827, 43.702897 ], [ 2.884807, 43.702896 ], [ 2.87897, 43.704943 ], [ 2.878501757582312, 43.706564722470716 ], [ 2.880985, 43.707376 ] ] ], [ [ [ 2.894511, 43.709031 ], [ 2.896667, 43.711936 ], [ 2.896775, 43.711858 ], [ 2.897317, 43.711286 ], [ 2.905875, 43.710293 ], [ 2.912116, 43.715777 ], [ 2.908385, 43.71032 ], [ 2.907982, 43.708996 ], [ 2.908149, 43.708331 ], [ 2.909008, 43.706955 ], [ 2.909681, 43.699899 ], [ 2.908723, 43.697642 ], [ 2.90664, 43.693898 ], [ 2.899227, 43.698883 ], [ 2.899319, 43.699312 ], [ 2.899371, 43.699771 ], [ 2.899295, 43.700618 ], [ 2.899066, 43.701272 ], [ 2.898688, 43.701986 ], [ 2.898092, 43.704834 ], [ 2.898031, 43.705431 ], [ 2.897979, 43.705825 ], [ 2.897853, 43.70603 ], [ 2.894473, 43.706722 ], [ 2.894320599350086, 43.706635553985542 ], [ 2.894511, 43.709031 ] ] ], [ [ [ 2.914223, 43.723641 ], [ 2.914451, 43.724259 ], [ 2.914838, 43.724764 ], [ 2.915458, 43.725206 ], [ 2.915936, 43.725379 ], [ 2.916224, 43.725434 ], [ 2.917443, 43.725611 ], [ 2.918005, 43.725605 ], [ 2.920057, 43.725538 ], [ 2.923838, 43.725561 ], [ 2.924522, 43.725592 ], [ 2.925178, 43.722478 ], [ 2.924874, 43.722179 ], [ 2.924682, 43.721995 ], [ 2.923999, 43.721965 ], [ 2.922781, 43.721895 ], [ 2.918156, 43.719941 ], [ 2.918422, 43.720742 ], [ 2.918427, 43.72127 ], [ 2.918235, 43.722428 ], [ 2.917908, 43.72305 ], [ 2.917661, 43.723407 ], [ 2.914185, 43.723399 ], [ 2.914078797602271, 43.723220977743352 ], [ 2.914223, 43.723641 ] ] ], [ [ [ 2.921408, 43.712223 ], [ 2.921464, 43.712105 ], [ 2.921623, 43.711596 ], [ 2.921619, 43.710787 ], [ 2.922630890388949, 43.703666218537897 ], [ 2.922273, 43.704198 ], [ 2.920016, 43.710691 ], [ 2.919804, 43.71121 ], [ 2.919632, 43.711545 ], [ 2.918156, 43.719941 ], [ 2.921408, 43.712223 ] ] ], [ [ [ 2.951354, 43.698867 ], [ 2.952191, 43.701699 ], [ 2.956799, 43.706927 ], [ 2.962244, 43.70865 ], [ 2.964282, 43.705682 ], [ 2.962467, 43.702358 ], [ 2.964916, 43.6959 ], [ 2.965945, 43.69245 ], [ 2.970023, 43.684592 ], [ 2.970361, 43.684537 ], [ 2.970893, 43.684343 ], [ 2.972889, 43.683618 ], [ 2.974022, 43.682388 ], [ 2.974697, 43.681264 ], [ 2.975407, 43.67988 ], [ 2.975819, 43.678602 ], [ 2.975418, 43.67751 ], [ 2.974757, 43.676963 ], [ 2.9742, 43.676746 ], [ 2.973746, 43.676656 ], [ 2.973303, 43.676644 ], [ 2.972721, 43.676745 ], [ 2.972094, 43.677015 ], [ 2.97176, 43.677249 ], [ 2.965101, 43.680514 ], [ 2.96695, 43.68041 ], [ 2.967752, 43.68038 ], [ 2.968225, 43.680437 ], [ 2.968696, 43.680591 ], [ 2.96932, 43.680866 ], [ 2.96813, 43.684264 ], [ 2.962229, 43.687041 ], [ 2.960801, 43.691524 ], [ 2.959957, 43.695064 ], [ 2.959865, 43.698528 ], [ 2.959787, 43.699191 ], [ 2.959681, 43.699533 ], [ 2.958135, 43.70123 ], [ 2.957886, 43.701267 ], [ 2.956114, 43.699871 ], [ 2.956089, 43.699662 ], [ 2.954543, 43.694596 ], [ 2.952661, 43.692114 ], [ 2.952055556355009, 43.691967588164303 ], [ 2.951354, 43.698867 ] ] ], [ [ [ 2.954362, 43.681398 ], [ 2.95083, 43.680701 ], [ 2.948426, 43.672884 ], [ 2.948349, 43.672736 ], [ 2.947443, 43.671904 ], [ 2.944391, 43.669008 ], [ 2.941207, 43.664326 ], [ 2.938118, 43.662478 ], [ 2.929523, 43.659815 ], [ 2.933884, 43.665088 ], [ 2.938834, 43.6678 ], [ 2.941804, 43.670225 ], [ 2.945931, 43.674813 ], [ 2.950344, 43.682365 ], [ 2.952451, 43.681705 ], [ 2.952745, 43.681766 ], [ 2.953422, 43.681929 ], [ 2.961318, 43.681177 ], [ 2.954362, 43.681398 ] ] ], [ [ [ 2.926537, 43.654611 ], [ 2.923371, 43.65142 ], [ 2.921092, 43.651663 ], [ 2.920039, 43.65446 ], [ 2.919842, 43.655221 ], [ 2.919808, 43.655721 ], [ 2.921557, 43.657127 ], [ 2.923158, 43.661606 ], [ 2.923244591840461, 43.665165820420583 ], [ 2.92437, 43.66211 ], [ 2.92434, 43.659273 ], [ 2.924282, 43.658689 ], [ 2.924249, 43.658135 ], [ 2.924191, 43.657577 ], [ 2.924357, 43.65674 ], [ 2.927131, 43.655559 ], [ 2.927364, 43.655786 ], [ 2.926537, 43.654611 ] ] ], [ [ [ 2.913906, 43.665655 ], [ 2.91416, 43.664054 ], [ 2.913423, 43.663418 ], [ 2.913139, 43.663263 ], [ 2.912247, 43.662707 ], [ 2.907399, 43.660509 ], [ 2.904973, 43.660117 ], [ 2.904278, 43.659982 ], [ 2.898701, 43.653109 ], [ 2.895457, 43.651242 ], [ 2.895118, 43.651017 ], [ 2.894553, 43.651297 ], [ 2.892621, 43.652541 ], [ 2.89190868989853, 43.65354406417228 ], [ 2.892269, 43.653395 ], [ 2.89282, 43.653071 ], [ 2.894647, 43.656173 ], [ 2.90128, 43.660441 ], [ 2.903257, 43.660149 ], [ 2.903806, 43.660156 ], [ 2.910774, 43.663222 ], [ 2.911245, 43.666138 ], [ 2.910843, 43.666822 ], [ 2.910548, 43.667399 ], [ 2.9103, 43.667778 ], [ 2.909737, 43.668892 ], [ 2.907865, 43.675172 ], [ 2.907367, 43.677079 ], [ 2.91268, 43.683541 ], [ 2.917192, 43.680809 ], [ 2.917499, 43.68033 ], [ 2.922669, 43.67318 ], [ 2.920993, 43.669994 ], [ 2.921079, 43.669841 ], [ 2.921834, 43.668996 ], [ 2.913906, 43.665655 ] ] ], [ [ [ 2.880297, 43.654696 ], [ 2.879956, 43.653838 ], [ 2.879524, 43.65293 ], [ 2.878949, 43.652037 ], [ 2.875922, 43.653986 ], [ 2.868787, 43.650843 ], [ 2.868089, 43.64816 ], [ 2.867888, 43.648123 ], [ 2.863331, 43.64676 ], [ 2.864354, 43.647391 ], [ 2.864807, 43.648603 ], [ 2.865254, 43.651498 ], [ 2.871041, 43.65653 ], [ 2.875978, 43.65589 ], [ 2.876789, 43.655703 ], [ 2.878536, 43.655536 ], [ 2.880517653471449, 43.655607771665949 ], [ 2.880297, 43.654696 ] ] ], [ [ [ 2.855819, 43.643475 ], [ 2.852656, 43.641756 ], [ 2.851692, 43.633676 ], [ 2.851921, 43.63244 ], [ 2.852755, 43.623657 ], [ 2.852956, 43.622175 ], [ 2.853045, 43.621603 ], [ 2.853056, 43.621278 ], [ 2.850473, 43.620873 ], [ 2.845973, 43.621882 ], [ 2.844681, 43.62245 ], [ 2.841384, 43.624146 ], [ 2.841121, 43.624303 ], [ 2.840802, 43.624526 ], [ 2.841918, 43.627574 ], [ 2.841205, 43.636119 ], [ 2.841758, 43.635615 ], [ 2.843992, 43.626975 ], [ 2.843991, 43.625926 ], [ 2.844178, 43.625428 ], [ 2.844467, 43.624831 ], [ 2.845151, 43.623965 ], [ 2.84542, 43.62378 ], [ 2.847048, 43.623871 ], [ 2.847114, 43.623912 ], [ 2.849536, 43.629722 ], [ 2.849826, 43.630601 ], [ 2.849862, 43.63118 ], [ 2.848094, 43.635491 ], [ 2.850061, 43.643393 ], [ 2.855754, 43.64961 ], [ 2.86133, 43.647431 ], [ 2.862556, 43.646724 ], [ 2.863331, 43.64676 ], [ 2.855819, 43.643475 ] ] ], [ [ [ 2.82666, 43.622367 ], [ 2.826644, 43.621883 ], [ 2.82642, 43.620912 ], [ 2.825984, 43.620279 ], [ 2.825399, 43.619874 ], [ 2.824188, 43.619317 ], [ 2.82366, 43.619175 ], [ 2.823266, 43.619139 ], [ 2.82279, 43.619166 ], [ 2.822329, 43.619271 ], [ 2.821887, 43.619424 ], [ 2.822308, 43.623307 ], [ 2.821307, 43.628925 ], [ 2.820171, 43.632691 ], [ 2.820101, 43.632919 ], [ 2.820017, 43.633341 ], [ 2.820015, 43.633918 ], [ 2.82015, 43.63447 ], [ 2.816565, 43.642424 ], [ 2.817428, 43.642299 ], [ 2.822919, 43.636018 ], [ 2.823415, 43.628055 ], [ 2.8257, 43.6256 ], [ 2.826103, 43.625642 ], [ 2.826795, 43.625869 ], [ 2.827475, 43.626442 ], [ 2.82666, 43.622367 ] ] ], [ [ [ 2.795085, 43.642648 ], [ 2.790363, 43.637678 ], [ 2.786764, 43.637593 ], [ 2.779917, 43.63477 ], [ 2.77776, 43.63287 ], [ 2.777317, 43.632484 ], [ 2.773623, 43.629866 ], [ 2.773036, 43.629472 ], [ 2.772288, 43.62924 ], [ 2.771864, 43.629217 ], [ 2.771407, 43.629263 ], [ 2.771217, 43.629304 ], [ 2.771252, 43.632575 ], [ 2.772194, 43.635159 ], [ 2.773641, 43.635405 ], [ 2.777675, 43.638325 ], [ 2.777563, 43.637938 ], [ 2.777381, 43.637118 ], [ 2.780895, 43.636338 ], [ 2.787865, 43.642029 ], [ 2.788087, 43.642062 ], [ 2.790856, 43.64254 ], [ 2.793456, 43.644937 ], [ 2.801062, 43.644886 ], [ 2.801757, 43.644447 ], [ 2.80243, 43.644206 ], [ 2.802903, 43.64413 ], [ 2.795085, 43.642648 ] ] ], [ [ [ 2.775616733446111, 43.645844469809575 ], [ 2.775955, 43.645587 ], [ 2.776265464398327, 43.644276190429849 ], [ 2.775616733446111, 43.645844469809575 ] ] ], [ [ [ 2.770058, 43.64765 ], [ 2.769404, 43.647554 ], [ 2.769129, 43.647567 ], [ 2.768701, 43.647643 ], [ 2.768234, 43.647817 ], [ 2.767344, 43.648284 ], [ 2.76416, 43.65052 ], [ 2.764151, 43.650607 ], [ 2.764187, 43.651196 ], [ 2.764468, 43.651711 ], [ 2.764704, 43.652148 ], [ 2.764793, 43.652258 ], [ 2.765071, 43.652593 ], [ 2.765756, 43.653222 ], [ 2.771479, 43.652657 ], [ 2.772112, 43.652723 ], [ 2.772205, 43.652718 ], [ 2.778986, 43.653579 ], [ 2.781918, 43.660176 ], [ 2.782628, 43.662504 ], [ 2.783017, 43.666083 ], [ 2.785221, 43.674157 ], [ 2.784865, 43.679522 ], [ 2.783466, 43.6883 ], [ 2.7842, 43.687882 ], [ 2.787419, 43.686374 ], [ 2.790708, 43.68491 ], [ 2.791385, 43.686338 ], [ 2.791523, 43.687226 ], [ 2.791159, 43.688342 ], [ 2.790816, 43.688765 ], [ 2.790178, 43.689227 ], [ 2.789271, 43.689624 ], [ 2.78745, 43.690405 ], [ 2.784958034496468, 43.694405630910964 ], [ 2.791243, 43.698606 ], [ 2.792015, 43.697623 ], [ 2.792368, 43.697333 ], [ 2.799715, 43.699633 ], [ 2.801149, 43.700552 ], [ 2.801655, 43.701025 ], [ 2.801922, 43.701448 ], [ 2.809037, 43.705735 ], [ 2.812189, 43.70373 ], [ 2.81423, 43.701869 ], [ 2.815953, 43.69464 ], [ 2.809354, 43.68867 ], [ 2.808789, 43.688531 ], [ 2.802224, 43.687316 ], [ 2.798816, 43.687277 ], [ 2.798128, 43.686948 ], [ 2.797554, 43.686502 ], [ 2.796951, 43.685274 ], [ 2.789861, 43.679868 ], [ 2.788946, 43.679947 ], [ 2.788313, 43.679909 ], [ 2.788526, 43.676315 ], [ 2.786003, 43.670303 ], [ 2.786063, 43.665852 ], [ 2.78557, 43.662286 ], [ 2.786315, 43.660935 ], [ 2.786777, 43.659737 ], [ 2.787861, 43.65278 ], [ 2.782029, 43.65064 ], [ 2.781402, 43.650794 ], [ 2.780682, 43.650859 ], [ 2.778463, 43.65121 ], [ 2.777218, 43.651146 ], [ 2.774362, 43.650856 ], [ 2.77406, 43.650742 ], [ 2.773215, 43.65045 ], [ 2.773997, 43.647297 ], [ 2.774017491138863, 43.6472494779971 ], [ 2.770058, 43.64765 ] ] ], [ [ [ 2.780677, 43.724579 ], [ 2.781713, 43.724789 ], [ 2.783863, 43.721901 ], [ 2.78456, 43.71839 ], [ 2.784294, 43.718961 ], [ 2.78395, 43.719619 ], [ 2.780471, 43.718695 ], [ 2.780477, 43.718673 ], [ 2.780558, 43.718391 ], [ 2.780771, 43.717856 ], [ 2.781409, 43.716221 ], [ 2.781588947377986, 43.715360287842636 ], [ 2.777173295677963, 43.721422344181128 ], [ 2.77797, 43.722206 ], [ 2.780677, 43.724579 ] ] ] ] } },
{ "type": "Feature", "properties": { "codgeo": "81192", "value": 900, "isochrone_group": 15.0, "nb_agences": 1 }, "geometry": { "type": "MultiPolygon", "coordinates": [ [ [ [ 2.765831, 43.653348 ], [ 2.768378, 43.657694 ], [ 2.768637, 43.658184 ], [ 2.76913, 43.658853 ], [ 2.769401, 43.659111 ], [ 2.769903, 43.659513 ], [ 2.773246, 43.659572 ], [ 2.779771, 43.665539 ], [ 2.77911, 43.666765 ], [ 2.781319, 43.669608 ], [ 2.780935, 43.675739 ], [ 2.779663, 43.679107 ], [ 2.781562, 43.681048 ], [ 2.781171, 43.680237 ], [ 2.780919, 43.679421 ], [ 2.784162, 43.677859 ], [ 2.78493535416291, 43.678461746955037 ], [ 2.785221, 43.674157 ], [ 2.783017, 43.666083 ], [ 2.782628, 43.662504 ], [ 2.781918, 43.660176 ], [ 2.778986, 43.653579 ], [ 2.772205, 43.652718 ], [ 2.772112, 43.652723 ], [ 2.771479, 43.652657 ], [ 2.765845956216345, 43.653213119122455 ], [ 2.765831, 43.653348 ] ] ], [ [ [ 2.788788, 43.717557 ], [ 2.784223831522122, 43.720083382390008 ], [ 2.783863, 43.721901 ], [ 2.781713, 43.724789 ], [ 2.780677, 43.724579 ], [ 2.779973111276757, 43.723961959756096 ], [ 2.776162, 43.723548 ], [ 2.77446469721987, 43.726218762918137 ], [ 2.776015, 43.728068 ], [ 2.78463, 43.72727 ], [ 2.785134, 43.727453 ], [ 2.785902, 43.727706 ], [ 2.787029, 43.724287 ], [ 2.795365, 43.727144 ], [ 2.79634, 43.718768 ], [ 2.790979722925942, 43.715465296927526 ], [ 2.788788, 43.717557 ] ] ], [ [ [ 2.79741, 43.736717 ], [ 2.797628, 43.738336 ], [ 2.798628, 43.741794 ], [ 2.801411, 43.7453 ], [ 2.80349, 43.748238 ], [ 2.811999, 43.748191 ], [ 2.812375, 43.748015 ], [ 2.813011, 43.747651 ], [ 2.818664, 43.745777 ], [ 2.810807, 43.745716 ], [ 2.810152, 43.745929 ], [ 2.809284, 43.745941 ], [ 2.808103, 43.745818 ], [ 2.807109, 43.745539 ], [ 2.806258, 43.745287 ], [ 2.805801, 43.745041 ], [ 2.805489, 43.744839 ], [ 2.803428, 43.740547 ], [ 2.802413, 43.737093 ], [ 2.798176, 43.730499 ], [ 2.796057, 43.729487 ], [ 2.79741, 43.736717 ] ] ], [ [ [ 2.822269, 43.749298 ], [ 2.823972, 43.751661 ], [ 2.824377, 43.752216 ], [ 2.8255, 43.753157 ], [ 2.828163, 43.753254 ], [ 2.828839, 43.751261 ], [ 2.82884, 43.749718 ], [ 2.834813, 43.743066 ], [ 2.835488, 43.743083 ], [ 2.835999, 43.743079 ], [ 2.842406, 43.746188 ], [ 2.844677, 43.748981 ], [ 2.848062, 43.748966 ], [ 2.852788, 43.744953 ], [ 2.86058, 43.749374 ], [ 2.862331, 43.749783 ], [ 2.862789, 43.749867 ], [ 2.863266, 43.749904 ], [ 2.864454, 43.749692 ], [ 2.864904, 43.749535 ], [ 2.868658, 43.747758 ], [ 2.870266, 43.744657 ], [ 2.874303, 43.740871 ], [ 2.868181, 43.746428 ], [ 2.867216, 43.747106 ], [ 2.866649, 43.747476 ], [ 2.865982, 43.747464 ], [ 2.865383, 43.747371 ], [ 2.864694, 43.746992 ], [ 2.862258, 43.744826 ], [ 2.861764, 43.744413 ], [ 2.858271, 43.741667 ], [ 2.85219, 43.741205 ], [ 2.847791, 43.744401 ], [ 2.843721, 43.744597 ], [ 2.840815, 43.743126 ], [ 2.835119, 43.739702 ], [ 2.83428, 43.739191 ], [ 2.832384, 43.737477 ], [ 2.831846, 43.737131 ], [ 2.82962, 43.736079 ], [ 2.822819, 43.739251 ], [ 2.823942, 43.744518 ], [ 2.824419, 43.745059 ], [ 2.824594, 43.745341 ], [ 2.821538, 43.747243 ], [ 2.818664, 43.745777 ], [ 2.822269, 43.749298 ] ] ], [ [ [ 2.880584, 43.744891 ], [ 2.882129, 43.746396 ], [ 2.882854, 43.747262 ], [ 2.88335, 43.74725 ], [ 2.884072, 43.747025 ], [ 2.887098, 43.745102 ], [ 2.887483, 43.744473 ], [ 2.890075, 43.739748 ], [ 2.889645, 43.736731 ], [ 2.887559, 43.732672 ], [ 2.891737, 43.725038 ], [ 2.887604, 43.728236 ], [ 2.886012, 43.734786 ], [ 2.886503, 43.7373 ], [ 2.88626, 43.73895 ], [ 2.886009, 43.740017 ], [ 2.883096, 43.742133 ], [ 2.875324, 43.740665 ], [ 2.874303, 43.740871 ], [ 2.880584, 43.744891 ] ] ], [ [ [ 2.894248, 43.723867 ], [ 2.895566, 43.723481 ], [ 2.89611, 43.723235 ], [ 2.896534, 43.723017 ], [ 2.897388, 43.722301 ], [ 2.897773, 43.721887 ], [ 2.897906, 43.721697 ], [ 2.897156, 43.720231 ], [ 2.897993, 43.71306 ], [ 2.903636, 43.713451 ], [ 2.907105, 43.712895 ], [ 2.912116, 43.715777 ], [ 2.905875, 43.710293 ], [ 2.897317, 43.711286 ], [ 2.896775, 43.711858 ], [ 2.896667, 43.711936 ], [ 2.894511, 43.709031 ], [ 2.894289, 43.706238 ], [ 2.887296, 43.702651 ], [ 2.88371, 43.705023 ], [ 2.880985, 43.707376 ], [ 2.877869, 43.706358 ], [ 2.86958, 43.705889 ], [ 2.870772, 43.713689 ], [ 2.872289, 43.716954 ], [ 2.879747, 43.717494 ], [ 2.882202, 43.719943 ], [ 2.889325, 43.72183 ], [ 2.891587, 43.720983 ], [ 2.893516, 43.724023 ], [ 2.892791, 43.724483 ], [ 2.894248, 43.723867 ] ] ], [ [ [ 2.929137, 43.727817 ], [ 2.929662, 43.727831 ], [ 2.930785, 43.726754 ], [ 2.93162, 43.723252 ], [ 2.931157, 43.722155 ], [ 2.928565, 43.719657 ], [ 2.927999, 43.720243 ], [ 2.921787, 43.720728 ], [ 2.920711073314962, 43.713877022187937 ], [ 2.918156, 43.719941 ], [ 2.922781, 43.721895 ], [ 2.923999, 43.721965 ], [ 2.924682, 43.721995 ], [ 2.924874, 43.722179 ], [ 2.925178, 43.722478 ], [ 2.924522, 43.725592 ], [ 2.923838, 43.725561 ], [ 2.922758645285742, 43.725554434234759 ], [ 2.929137, 43.727817 ] ] ], [ [ [ 2.921179, 43.712781 ], [ 2.921464, 43.712105 ], [ 2.921408, 43.712223 ], [ 2.921149426373662, 43.712836675045523 ], [ 2.921179, 43.712781 ] ] ], [ [ [ 2.946382, 43.697611 ], [ 2.945618, 43.699223 ], [ 2.948765, 43.707251 ], [ 2.948997, 43.707848 ], [ 2.949884, 43.708998 ], [ 2.950371, 43.709423 ], [ 2.950847, 43.709671 ], [ 2.95138, 43.709815 ], [ 2.953429, 43.710108 ], [ 2.953681, 43.71006 ], [ 2.962324, 43.711977 ], [ 2.963827, 43.713403 ], [ 2.96455, 43.714113 ], [ 2.965319, 43.714365 ], [ 2.965651, 43.714395 ], [ 2.967229, 43.714046 ], [ 2.968692, 43.70693 ], [ 2.967731, 43.706172 ], [ 2.970351, 43.69781 ], [ 2.971781, 43.696144 ], [ 2.971784, 43.696089 ], [ 2.969815, 43.69425 ], [ 2.973344, 43.686619 ], [ 2.973808, 43.686541 ], [ 2.978015, 43.685298 ], [ 2.978237, 43.685305 ], [ 2.97844, 43.685304 ], [ 2.981681, 43.684358 ], [ 2.982624, 43.684173 ], [ 2.98325, 43.68395 ], [ 2.983788, 43.683573 ], [ 2.983102, 43.680169 ], [ 2.974757, 43.676963 ], [ 2.975418, 43.67751 ], [ 2.975819, 43.678602 ], [ 2.975407, 43.67988 ], [ 2.974697, 43.681264 ], [ 2.974022, 43.682388 ], [ 2.972889, 43.683618 ], [ 2.970893, 43.684343 ], [ 2.970361, 43.684537 ], [ 2.970023, 43.684592 ], [ 2.965945, 43.69245 ], [ 2.964916, 43.6959 ], [ 2.962467, 43.702358 ], [ 2.964282, 43.705682 ], [ 2.962244, 43.70865 ], [ 2.956799, 43.706927 ], [ 2.952191, 43.701699 ], [ 2.951354, 43.698867 ], [ 2.952109, 43.691442 ], [ 2.946136, 43.689974 ], [ 2.945618, 43.690197 ], [ 2.945168, 43.690302 ], [ 2.944074, 43.690459 ], [ 2.943425, 43.690439 ], [ 2.942913, 43.690292 ], [ 2.946382, 43.697611 ] ] ], [ [ [ 2.953905, 43.679721 ], [ 2.953084, 43.674593 ], [ 2.952959, 43.674364 ], [ 2.952405, 43.67373 ], [ 2.95182, 43.673328 ], [ 2.946306, 43.667041 ], [ 2.946108, 43.666695 ], [ 2.940721, 43.66162 ], [ 2.939611, 43.658708 ], [ 2.933108, 43.653988 ], [ 2.93184, 43.653048 ], [ 2.927803, 43.651433 ], [ 2.927295, 43.651228 ], [ 2.92688, 43.651103 ], [ 2.926349, 43.651019 ], [ 2.925464, 43.650979 ], [ 2.92502, 43.650986 ], [ 2.91807, 43.648541 ], [ 2.917022, 43.646857 ], [ 2.913897, 43.648643 ], [ 2.914683, 43.65002 ], [ 2.915015, 43.651263 ], [ 2.915218, 43.652002 ], [ 2.916493, 43.655232 ], [ 2.912247, 43.662707 ], [ 2.913139, 43.663263 ], [ 2.913423, 43.663418 ], [ 2.91416, 43.664054 ], [ 2.913906, 43.665655 ], [ 2.921834, 43.668996 ], [ 2.923303, 43.667567 ], [ 2.923158, 43.661606 ], [ 2.921557, 43.657127 ], [ 2.919808, 43.655721 ], [ 2.919842, 43.655221 ], [ 2.920039, 43.65446 ], [ 2.921092, 43.651663 ], [ 2.923371, 43.65142 ], [ 2.926537, 43.654611 ], [ 2.927364, 43.655786 ], [ 2.927909, 43.656952 ], [ 2.929523, 43.659815 ], [ 2.938118, 43.662478 ], [ 2.941207, 43.664326 ], [ 2.944391, 43.669008 ], [ 2.947443, 43.671904 ], [ 2.948349, 43.672736 ], [ 2.948426, 43.672884 ], [ 2.95083, 43.680701 ], [ 2.954362, 43.681398 ], [ 2.959857430824238, 43.681223403937324 ], [ 2.953905, 43.679721 ] ] ], [ [ [ 2.90774, 43.658313 ], [ 2.907296, 43.656784 ], [ 2.907203, 43.656461 ], [ 2.90507, 43.652182 ], [ 2.903534, 43.652035 ], [ 2.896896, 43.649996 ], [ 2.893735, 43.648299 ], [ 2.893661, 43.648416 ], [ 2.890503, 43.651535 ], [ 2.890722, 43.652045 ], [ 2.889821, 43.65699 ], [ 2.891131, 43.654443 ], [ 2.891668, 43.653883 ], [ 2.892621, 43.652541 ], [ 2.894553, 43.651297 ], [ 2.895118, 43.651017 ], [ 2.895457, 43.651242 ], [ 2.898701, 43.653109 ], [ 2.904278, 43.659982 ], [ 2.904973, 43.660117 ], [ 2.907399, 43.660509 ], [ 2.912247, 43.662707 ], [ 2.90774, 43.658313 ] ] ], [ [ [ 2.881265, 43.654296 ], [ 2.880126, 43.653041 ], [ 2.878341, 43.65074 ], [ 2.877987, 43.650071 ], [ 2.876884, 43.648141 ], [ 2.868322, 43.64822 ], [ 2.868091188736191, 43.648168413150707 ], [ 2.868787, 43.650843 ], [ 2.875922, 43.653986 ], [ 2.878949, 43.652037 ], [ 2.879524, 43.65293 ], [ 2.879956, 43.653838 ], [ 2.880297, 43.654696 ], [ 2.880577, 43.655853 ], [ 2.888567, 43.658902 ], [ 2.889821, 43.65699 ], [ 2.881265, 43.654296 ] ] ], [ [ [ 2.86007, 43.639832 ], [ 2.856053, 43.6324 ], [ 2.855883, 43.63181 ], [ 2.855811, 43.631724 ], [ 2.853827, 43.62341 ], [ 2.858564, 43.620985 ], [ 2.859008, 43.620948 ], [ 2.858709, 43.61736 ], [ 2.856242, 43.616677 ], [ 2.855695, 43.616553 ], [ 2.855209, 43.616504 ], [ 2.854745, 43.616516 ], [ 2.854165, 43.616642 ], [ 2.853, 43.617096 ], [ 2.851441, 43.61785 ], [ 2.850901, 43.618118 ], [ 2.850363, 43.618455 ], [ 2.84991, 43.618864 ], [ 2.849496, 43.619564 ], [ 2.846836430009979, 43.621688399804434 ], [ 2.850473, 43.620873 ], [ 2.853056, 43.621278 ], [ 2.853045, 43.621603 ], [ 2.852956, 43.622175 ], [ 2.852755, 43.623657 ], [ 2.851921, 43.63244 ], [ 2.851692, 43.633676 ], [ 2.852656, 43.641756 ], [ 2.855819, 43.643475 ], [ 2.863331, 43.64676 ], [ 2.86007, 43.639832 ] ] ], [ [ [ 2.840328, 43.622857 ], [ 2.839453, 43.622338 ], [ 2.838882, 43.622237 ], [ 2.837958, 43.622164 ], [ 2.837528, 43.624953 ], [ 2.837423, 43.625724 ], [ 2.82919, 43.629263 ], [ 2.829348, 43.629776 ], [ 2.829707, 43.631681 ], [ 2.829919, 43.632294 ], [ 2.836546, 43.637964 ], [ 2.841205, 43.636119 ], [ 2.841918, 43.627574 ], [ 2.840802, 43.624526 ], [ 2.841121, 43.624303 ], [ 2.841384, 43.624146 ], [ 2.842954291788915, 43.623338230854117 ], [ 2.840328, 43.622857 ] ] ], [ [ [ 2.82615, 43.620041 ], [ 2.825501, 43.618988 ], [ 2.82462, 43.618282 ], [ 2.823242, 43.617949 ], [ 2.822756, 43.617989 ], [ 2.815015, 43.620909 ], [ 2.814541, 43.621066 ], [ 2.814371, 43.621167 ], [ 2.812232, 43.622706 ], [ 2.812295, 43.623078 ], [ 2.812477, 43.623624 ], [ 2.813264, 43.62447 ], [ 2.81419, 43.624771 ], [ 2.820101, 43.630199 ], [ 2.820101, 43.632919 ], [ 2.820171, 43.632691 ], [ 2.821307, 43.628925 ], [ 2.822308, 43.623307 ], [ 2.821887, 43.619424 ], [ 2.822329, 43.619271 ], [ 2.82279, 43.619166 ], [ 2.823266, 43.619139 ], [ 2.82366, 43.619175 ], [ 2.824188, 43.619317 ], [ 2.825399, 43.619874 ], [ 2.825984, 43.620279 ], [ 2.82642, 43.620912 ], [ 2.82615, 43.620041 ] ] ], [ [ [ 2.794859, 43.642399 ], [ 2.794783928551866, 43.64233111624371 ], [ 2.795085, 43.642648 ], [ 2.799056785427421, 43.643400901765595 ], [ 2.794859, 43.642399 ] ] ], [ [ [ 2.793082, 43.633067 ], [ 2.793087, 43.632952 ], [ 2.790575, 43.632749 ], [ 2.789361, 43.632637 ], [ 2.788654, 43.633246 ], [ 2.787468, 43.634511 ], [ 2.779678287321728, 43.634559729212462 ], [ 2.779917, 43.63477 ], [ 2.786764, 43.637593 ], [ 2.790363, 43.637678 ], [ 2.794188206012862, 43.641704106286305 ], [ 2.793082, 43.633067 ] ] ], [ [ [ 2.776373, 43.628183 ], [ 2.776167, 43.626715 ], [ 2.7749, 43.625844 ], [ 2.773858, 43.625933 ], [ 2.771375, 43.626477 ], [ 2.768932076604592, 43.629268635696093 ], [ 2.770604, 43.629508 ], [ 2.771231173993103, 43.630628660898225 ], [ 2.771217, 43.629304 ], [ 2.771407, 43.629263 ], [ 2.771864, 43.629217 ], [ 2.772288, 43.62924 ], [ 2.773036, 43.629472 ], [ 2.773623, 43.629866 ], [ 2.777317, 43.632484 ], [ 2.77776, 43.63287 ], [ 2.779599248041224, 43.634490107222206 ], [ 2.776373, 43.628183 ] ] ], [ [ [ 2.770401, 43.635392 ], [ 2.770099, 43.635717 ], [ 2.769329421558203, 43.636199064702645 ], [ 2.76942, 43.636173 ], [ 2.777675, 43.638325 ], [ 2.773641, 43.635405 ], [ 2.772194, 43.635159 ], [ 2.771549909253758, 43.633392194810767 ], [ 2.770401, 43.635392 ] ] ] ] } },
{ "type": "Feature", "properties": { "codgeo": "81192", "value": 960, "isochrone_group": 16.0, "nb_agences": 1 }, "geometry": { "type": "MultiPolygon", "coordinates": [ [ [ [ 2.840538, 43.622255 ], [ 2.837148, 43.621042 ], [ 2.83459, 43.622789 ], [ 2.826247610363903, 43.620355883803569 ], [ 2.82642, 43.620912 ], [ 2.826644, 43.621883 ], [ 2.82666, 43.622367 ], [ 2.826601, 43.622809 ], [ 2.827475, 43.626442 ], [ 2.828058, 43.627377 ], [ 2.828263, 43.627753 ], [ 2.828787, 43.628637 ], [ 2.82919, 43.629263 ], [ 2.837423, 43.625724 ], [ 2.837528, 43.624953 ], [ 2.837958, 43.622164 ], [ 2.838882, 43.622237 ], [ 2.839453, 43.622338 ], [ 2.840328, 43.622857 ], [ 2.844432, 43.623609 ], [ 2.844579018792146, 43.623491564965612 ], [ 2.840538, 43.622255 ] ] ], [ [ [ 2.814264, 43.619426 ], [ 2.809981, 43.616918 ], [ 2.809713, 43.616682 ], [ 2.809712247415626, 43.616682778479763 ], [ 2.810196, 43.617142 ], [ 2.812942, 43.618999 ], [ 2.813773, 43.619236 ], [ 2.814417, 43.620172 ], [ 2.814568, 43.620385 ], [ 2.81346260541307, 43.62182058544613 ], [ 2.814371, 43.621167 ], [ 2.814541, 43.621066 ], [ 2.815015, 43.620909 ], [ 2.820210221933309, 43.618949298663551 ], [ 2.814264, 43.619426 ] ] ], [ [ [ 2.810382, 43.623142 ], [ 2.809620349858448, 43.62311866513047 ], [ 2.809696, 43.623142 ], [ 2.815401, 43.629209 ], [ 2.815474, 43.630595 ], [ 2.8169, 43.631648 ], [ 2.82015, 43.63447 ], [ 2.820015, 43.633918 ], [ 2.820017, 43.633341 ], [ 2.820101, 43.632919 ], [ 2.820101, 43.630199 ], [ 2.81419, 43.624771 ], [ 2.813264, 43.62447 ], [ 2.812477, 43.623624 ], [ 2.812295, 43.623078 ], [ 2.812247512512031, 43.622797597690088 ], [ 2.810382, 43.623142 ] ] ], [ [ [ 2.793583255141196, 43.636980732054163 ], [ 2.794201, 43.641804 ], [ 2.794859, 43.642399 ], [ 2.793583255141196, 43.636980732054163 ] ] ], [ [ [ 2.793444, 43.632057 ], [ 2.794481, 43.6302 ], [ 2.794499, 43.629477 ], [ 2.794256, 43.628699 ], [ 2.793938, 43.628277 ], [ 2.793784, 43.628054 ], [ 2.793364, 43.627436 ], [ 2.792643, 43.626857 ], [ 2.791851, 43.626616 ], [ 2.790747, 43.626324 ], [ 2.789165, 43.629558 ], [ 2.787468, 43.634511 ], [ 2.788654, 43.633246 ], [ 2.789361, 43.632637 ], [ 2.790575, 43.632749 ], [ 2.793087, 43.632952 ], [ 2.793082, 43.633067 ], [ 2.793444, 43.632057 ] ] ], [ [ [ 2.768912, 43.638269 ], [ 2.765749, 43.639988 ], [ 2.765742996512028, 43.64000551923143 ], [ 2.767344, 43.648284 ], [ 2.768234, 43.647817 ], [ 2.768701, 43.647643 ], [ 2.769129, 43.647567 ], [ 2.769404, 43.647554 ], [ 2.770058, 43.64765 ], [ 2.77508, 43.647142 ], [ 2.778242, 43.639498 ], [ 2.777675, 43.638325 ], [ 2.775416122547385, 43.637736132128637 ], [ 2.768912, 43.638269 ] ] ], [ [ [ 2.765508498736028, 43.652158716842983 ], [ 2.765915383549022, 43.652586996890626 ], [ 2.766103, 43.650895 ], [ 2.766124, 43.650687 ], [ 2.765508498736028, 43.652158716842983 ] ] ], [ [ [ 2.773246, 43.659574 ], [ 2.773139, 43.66 ], [ 2.772983, 43.660375 ], [ 2.772517, 43.661081 ], [ 2.772337124949771, 43.661288841489139 ], [ 2.772368, 43.661263 ], [ 2.778193, 43.667922 ], [ 2.778031, 43.668305 ], [ 2.775782, 43.671934 ], [ 2.775493, 43.674284 ], [ 2.77658, 43.677878 ], [ 2.776679, 43.676338 ], [ 2.776388, 43.673078 ], [ 2.778403, 43.672264 ], [ 2.77982, 43.671991 ], [ 2.781111027375602, 43.672928521250483 ], [ 2.781319, 43.669608 ], [ 2.77911, 43.666765 ], [ 2.779771, 43.665539 ], [ 2.773246215364636, 43.659572196947238 ], [ 2.773246, 43.659574 ] ] ], [ [ [ 2.771131, 43.72734 ], [ 2.772633, 43.729101 ], [ 2.773339000805215, 43.729463880821022 ], [ 2.774303, 43.728941 ], [ 2.775121, 43.728617 ], [ 2.775727, 43.728276 ], [ 2.776003321796205, 43.728054069967897 ], [ 2.773702, 43.725309 ], [ 2.773343885214344, 43.722669647521322 ], [ 2.771131, 43.72734 ] ] ], [ [ [ 2.785676, 43.72854 ], [ 2.786323, 43.729172 ], [ 2.787846, 43.73107 ], [ 2.791929, 43.73906 ], [ 2.791147, 43.739802 ], [ 2.79126, 43.739999 ], [ 2.791718, 43.740536 ], [ 2.793987, 43.74326 ], [ 2.795188, 43.7497 ], [ 2.797, 43.75281 ], [ 2.801932, 43.751602 ], [ 2.808502430459331, 43.748210313523138 ], [ 2.80349, 43.748238 ], [ 2.801411, 43.7453 ], [ 2.798628, 43.741794 ], [ 2.797628, 43.738336 ], [ 2.79741, 43.736717 ], [ 2.796057, 43.729487 ], [ 2.795365, 43.727144 ], [ 2.787029, 43.724287 ], [ 2.785902, 43.727706 ], [ 2.785134, 43.727453 ], [ 2.78463, 43.72727 ], [ 2.780737325648869, 43.727630575058868 ], [ 2.785676, 43.72854 ] ] ], [ [ [ 2.811877, 43.748386 ], [ 2.819619, 43.7516 ], [ 2.820132, 43.753316 ], [ 2.822526, 43.756005 ], [ 2.829286, 43.756948 ], [ 2.829617, 43.756909 ], [ 2.830157, 43.75678 ], [ 2.830942, 43.756448 ], [ 2.837524, 43.752805 ], [ 2.840621, 43.751805 ], [ 2.843218, 43.749937 ], [ 2.844513, 43.749102 ], [ 2.852738, 43.750366 ], [ 2.854709, 43.750696 ], [ 2.863266, 43.749904 ], [ 2.862789, 43.749867 ], [ 2.862331, 43.749783 ], [ 2.86058, 43.749374 ], [ 2.852788, 43.744953 ], [ 2.848062, 43.748966 ], [ 2.844677, 43.748981 ], [ 2.842406, 43.746188 ], [ 2.835999, 43.743079 ], [ 2.835488, 43.743083 ], [ 2.834813, 43.743066 ], [ 2.82884, 43.749718 ], [ 2.828839, 43.751261 ], [ 2.828163, 43.753254 ], [ 2.8255, 43.753157 ], [ 2.824377, 43.752216 ], [ 2.823972, 43.751661 ], [ 2.822269, 43.749298 ], [ 2.818664, 43.745777 ], [ 2.813011, 43.747651 ], [ 2.812375, 43.748015 ], [ 2.811999, 43.748191 ], [ 2.81130051609015, 43.74819485812008 ], [ 2.811877, 43.748386 ] ] ], [ [ [ 2.870586810510072, 43.744356135845628 ], [ 2.870266, 43.744657 ], [ 2.868658, 43.747758 ], [ 2.870586810510072, 43.744356135845628 ] ] ], [ [ [ 2.878291, 43.747087 ], [ 2.879385, 43.74924 ], [ 2.879701, 43.7504 ], [ 2.880369, 43.752023 ], [ 2.880735, 43.751945 ], [ 2.881943, 43.75157 ], [ 2.88332, 43.751106 ], [ 2.885886, 43.748581 ], [ 2.893413, 43.745355 ], [ 2.894351, 43.745488 ], [ 2.894795, 43.745502 ], [ 2.895332, 43.745464 ], [ 2.895083, 43.741873 ], [ 2.895451, 43.735793 ], [ 2.895396, 43.735721 ], [ 2.893979, 43.735051 ], [ 2.893644, 43.735123 ], [ 2.892246, 43.735252 ], [ 2.888908069556457, 43.730206993539021 ], [ 2.887559, 43.732672 ], [ 2.889645, 43.736731 ], [ 2.890075, 43.739748 ], [ 2.887483, 43.744473 ], [ 2.887098, 43.745102 ], [ 2.884072, 43.747025 ], [ 2.88335, 43.74725 ], [ 2.882854, 43.747262 ], [ 2.882129, 43.746396 ], [ 2.880584, 43.744891 ], [ 2.874303, 43.740871 ], [ 2.870623114192468, 43.744322089340429 ], [ 2.878291, 43.747087 ] ] ], [ [ [ 2.892399, 43.725123 ], [ 2.892933, 43.725077 ], [ 2.893844, 43.724854 ], [ 2.894288, 43.724704 ], [ 2.894614, 43.724571 ], [ 2.895096, 43.724413 ], [ 2.895864, 43.724105 ], [ 2.897388, 43.722301 ], [ 2.896534, 43.723017 ], [ 2.89611, 43.723235 ], [ 2.895566, 43.723481 ], [ 2.894248, 43.723867 ], [ 2.892791, 43.724483 ], [ 2.892069, 43.724885 ], [ 2.891737, 43.725038 ], [ 2.891299992816361, 43.725836495174697 ], [ 2.892399, 43.725123 ] ] ], [ [ [ 2.898021, 43.72151 ], [ 2.903932, 43.717045 ], [ 2.904425, 43.716848 ], [ 2.904982, 43.716591 ], [ 2.913001, 43.719913 ], [ 2.912116, 43.715777 ], [ 2.907105, 43.712895 ], [ 2.903636, 43.713451 ], [ 2.897993, 43.71306 ], [ 2.897156, 43.720231 ], [ 2.89790249437274, 43.721690147667239 ], [ 2.898021, 43.72151 ] ] ], [ [ [ 2.925265, 43.727406 ], [ 2.930105, 43.728901 ], [ 2.935114, 43.728697 ], [ 2.936493, 43.728662 ], [ 2.936984, 43.728615 ], [ 2.937601, 43.728504 ], [ 2.937782, 43.728441 ], [ 2.939205, 43.727785 ], [ 2.939306, 43.72766 ], [ 2.939128, 43.725274 ], [ 2.938843, 43.725127 ], [ 2.938459, 43.724967 ], [ 2.937655, 43.724842 ], [ 2.9317, 43.718683 ], [ 2.931632, 43.717817 ], [ 2.931342, 43.7168 ], [ 2.930934, 43.715869 ], [ 2.930055, 43.715257 ], [ 2.929575, 43.715146 ], [ 2.928633, 43.714948 ], [ 2.92815, 43.714827 ], [ 2.922354, 43.70964 ], [ 2.92267, 43.703391 ], [ 2.921561, 43.70902 ], [ 2.921619, 43.710787 ], [ 2.921623, 43.711596 ], [ 2.921464, 43.712105 ], [ 2.921179, 43.712781 ], [ 2.920685, 43.713711 ], [ 2.921787, 43.720728 ], [ 2.927999, 43.720243 ], [ 2.928565, 43.719657 ], [ 2.931157, 43.722155 ], [ 2.93162, 43.723252 ], [ 2.930785, 43.726754 ], [ 2.929662, 43.727831 ], [ 2.929137, 43.727817 ], [ 2.922577, 43.72549 ], [ 2.920057, 43.725538 ], [ 2.918005, 43.725605 ], [ 2.917443, 43.725611 ], [ 2.925265, 43.727406 ] ] ], [ [ [ 2.940974, 43.693342 ], [ 2.940151, 43.696846 ], [ 2.941542, 43.699012 ], [ 2.940961, 43.707886 ], [ 2.941204, 43.708234 ], [ 2.941867, 43.708817 ], [ 2.942488, 43.709055 ], [ 2.943169, 43.709257 ], [ 2.943549, 43.709373 ], [ 2.944218, 43.709426 ], [ 2.946122, 43.709498 ], [ 2.949592, 43.710763 ], [ 2.950204, 43.710947 ], [ 2.950868, 43.710989 ], [ 2.951318, 43.710962 ], [ 2.951787, 43.710875 ], [ 2.952269, 43.710697 ], [ 2.953681, 43.71006 ], [ 2.953429, 43.710108 ], [ 2.95138, 43.709815 ], [ 2.950847, 43.709671 ], [ 2.950371, 43.709423 ], [ 2.949884, 43.708998 ], [ 2.948997, 43.707848 ], [ 2.948765, 43.707251 ], [ 2.945618, 43.699223 ], [ 2.946382, 43.697611 ], [ 2.942913, 43.690292 ], [ 2.942426, 43.690001 ], [ 2.936961, 43.687457 ], [ 2.936578, 43.687363 ], [ 2.940974, 43.693342 ] ] ], [ [ [ 2.963051, 43.71514 ], [ 2.963728, 43.717045 ], [ 2.965322, 43.717134 ], [ 2.97343, 43.720189 ], [ 2.973742, 43.720342 ], [ 2.975328, 43.717111 ], [ 2.975189, 43.716966 ], [ 2.974787, 43.71656 ], [ 2.971632, 43.708819 ], [ 2.971927, 43.706831 ], [ 2.975868, 43.69934 ], [ 2.975495, 43.695759 ], [ 2.975223, 43.686951 ], [ 2.975684, 43.686719 ], [ 2.976313, 43.686103 ], [ 2.979552529247696, 43.684979269155107 ], [ 2.97844, 43.685304 ], [ 2.978237, 43.685305 ], [ 2.978015, 43.685298 ], [ 2.973808, 43.686541 ], [ 2.973344, 43.686619 ], [ 2.969815, 43.69425 ], [ 2.971784, 43.696089 ], [ 2.971781, 43.696144 ], [ 2.970351, 43.69781 ], [ 2.967731, 43.706172 ], [ 2.968692, 43.70693 ], [ 2.967229, 43.714046 ], [ 2.965651, 43.714395 ], [ 2.965319, 43.714365 ], [ 2.96455, 43.714113 ], [ 2.963827, 43.713403 ], [ 2.962324, 43.711977 ], [ 2.961930452927414, 43.711889712051587 ], [ 2.963051, 43.71514 ] ] ], [ [ [ 2.98494, 43.683765 ], [ 2.989296, 43.677501 ], [ 2.989513, 43.676318 ], [ 2.988785, 43.675045 ], [ 2.988353, 43.674776 ], [ 2.986429, 43.675179 ], [ 2.977559, 43.674446 ], [ 2.977502, 43.674445 ], [ 2.972721, 43.676745 ], [ 2.973303, 43.676644 ], [ 2.973746, 43.676656 ], [ 2.9742, 43.676746 ], [ 2.974757, 43.676963 ], [ 2.983102, 43.680169 ], [ 2.983788, 43.683573 ], [ 2.98325, 43.68395 ], [ 2.982624, 43.684173 ], [ 2.98494, 43.683765 ] ] ], [ [ [ 2.954083, 43.679059 ], [ 2.953602, 43.675491 ], [ 2.952959, 43.674364 ], [ 2.953084, 43.674593 ], [ 2.953905, 43.679721 ], [ 2.960775, 43.681455 ], [ 2.961318, 43.681177 ], [ 2.954083, 43.679059 ] ] ], [ [ [ 2.951086, 43.667338 ], [ 2.950136, 43.666023 ], [ 2.949127, 43.66574 ], [ 2.943027, 43.659397 ], [ 2.941242, 43.655512 ], [ 2.938686, 43.652977 ], [ 2.934626, 43.653112 ], [ 2.927803, 43.651433 ], [ 2.93184, 43.653048 ], [ 2.933108, 43.653988 ], [ 2.939611, 43.658708 ], [ 2.940721, 43.66162 ], [ 2.946108, 43.666695 ], [ 2.946306, 43.667041 ], [ 2.95182, 43.673328 ], [ 2.952405, 43.67373 ], [ 2.952959, 43.674364 ], [ 2.951086, 43.667338 ] ] ], [ [ [ 2.916738, 43.646455 ], [ 2.916348, 43.646055 ], [ 2.915673, 43.645514 ], [ 2.912258, 43.64247 ], [ 2.908689, 43.642943 ], [ 2.908791, 43.643713 ], [ 2.909353, 43.644987 ], [ 2.905166, 43.652192 ], [ 2.905070400391849, 43.652182803223972 ], [ 2.907203, 43.656461 ], [ 2.907296, 43.656784 ], [ 2.90774, 43.658313 ], [ 2.912247, 43.662707 ], [ 2.916493, 43.655232 ], [ 2.915218, 43.652002 ], [ 2.915015, 43.651263 ], [ 2.914683, 43.65002 ], [ 2.913897, 43.648643 ], [ 2.917001994834619, 43.646868433352118 ], [ 2.916738, 43.646455 ] ] ], [ [ [ 2.898231, 43.646752 ], [ 2.897919, 43.645506 ], [ 2.89782, 43.644921 ], [ 2.897764, 43.644709 ], [ 2.896561, 43.643563 ], [ 2.896011, 43.643656 ], [ 2.89541, 43.644026 ], [ 2.894828, 43.644586 ], [ 2.889516, 43.648179 ], [ 2.889417, 43.648429 ], [ 2.889274, 43.648878 ], [ 2.889211, 43.649432 ], [ 2.889821, 43.65699 ], [ 2.890722, 43.652045 ], [ 2.890503, 43.651535 ], [ 2.893661, 43.648416 ], [ 2.893735, 43.648299 ], [ 2.896896, 43.649996 ], [ 2.903534, 43.652035 ], [ 2.898231, 43.646752 ] ] ], [ [ [ 2.87901, 43.646702 ], [ 2.876362, 43.644366 ], [ 2.876266, 43.644356 ], [ 2.875721, 43.644603 ], [ 2.874424, 43.646402 ], [ 2.873952, 43.64689 ], [ 2.868322, 43.64822 ], [ 2.876884, 43.648141 ], [ 2.877987, 43.650071 ], [ 2.878341, 43.65074 ], [ 2.878793945897208, 43.651323881517897 ], [ 2.87901, 43.646702 ] ] ], [ [ [ 2.864696, 43.640615 ], [ 2.86425, 43.640437 ], [ 2.86145, 43.639786 ], [ 2.860648, 43.639677 ], [ 2.859956575934758, 43.639622149949496 ], [ 2.86007, 43.639832 ], [ 2.863331, 43.64676 ], [ 2.86751, 43.648091 ], [ 2.867888, 43.648123 ], [ 2.868322, 43.64822 ], [ 2.864696, 43.640615 ] ] ], [ [ [ 2.860715, 43.622493 ], [ 2.862967, 43.623246 ], [ 2.863207, 43.623005 ], [ 2.863722, 43.622034 ], [ 2.86372, 43.62126 ], [ 2.864, 43.617496 ], [ 2.86397, 43.616816 ], [ 2.863723, 43.61526 ], [ 2.863615, 43.614834 ], [ 2.863459, 43.614339 ], [ 2.854745, 43.616516 ], [ 2.855209, 43.616504 ], [ 2.855695, 43.616553 ], [ 2.856242, 43.616677 ], [ 2.858709, 43.61736 ], [ 2.859008, 43.620948 ], [ 2.858564, 43.620985 ], [ 2.853827, 43.62341 ], [ 2.854010976056923, 43.624180956117556 ], [ 2.860715, 43.622493 ] ] ], [ [ [ 2.777863, 43.680502 ], [ 2.778585, 43.681352 ], [ 2.778733, 43.681418 ], [ 2.781494, 43.689952 ], [ 2.781558634829975, 43.681488639322154 ], [ 2.777312623232961, 43.679564282458642 ], [ 2.777471, 43.679922 ], [ 2.777863, 43.680502 ] ] ], [ [ [ 2.809063857514262, 43.622930664896408 ], [ 2.809093, 43.622956 ], [ 2.80932488027685, 43.623027525259538 ], [ 2.809063857514262, 43.622930664896408 ] ] ], [ [ [ 2.775039, 43.625634 ], [ 2.771595, 43.624746 ], [ 2.766464163322242, 43.626576762457205 ], [ 2.766482, 43.62658 ], [ 2.767066, 43.626465 ], [ 2.767421, 43.626452 ], [ 2.768287, 43.626472 ], [ 2.769343, 43.626316 ], [ 2.769903, 43.626253 ], [ 2.770528, 43.626167 ], [ 2.771028629506803, 43.626872812752332 ], [ 2.771375, 43.626477 ], [ 2.773858, 43.625933 ], [ 2.7749, 43.625844 ], [ 2.776167, 43.626715 ], [ 2.775039, 43.625634 ] ] ], [ [ [ 2.76809, 43.665876 ], [ 2.768132, 43.665884 ], [ 2.769939, 43.663296 ], [ 2.76629695532843, 43.663990667921034 ], [ 2.766435, 43.664478 ], [ 2.766965, 43.665283 ], [ 2.76809, 43.665876 ] ] ] ] } },
{ "type": "Feature", "properties": { "codgeo": "81192", "value": 1020, "isochrone_group": 17.0, "nb_agences": 1 }, "geometry": { "type": "MultiPolygon", "coordinates": [ [ [ [ 2.831342, 43.620011 ], [ 2.823589, 43.618304 ], [ 2.825399, 43.619874 ], [ 2.825984, 43.620279 ], [ 2.83459, 43.622789 ], [ 2.837148, 43.621042 ], [ 2.840538, 43.622255 ], [ 2.844819, 43.623565 ], [ 2.849496, 43.619564 ], [ 2.84991, 43.618864 ], [ 2.850363, 43.618455 ], [ 2.850901, 43.618118 ], [ 2.851028431250375, 43.618054756342424 ], [ 2.849768, 43.617694 ], [ 2.849243, 43.617656 ], [ 2.844696, 43.61753 ], [ 2.844208374446687, 43.617498894429993 ], [ 2.841423, 43.619367 ], [ 2.83783, 43.619593 ], [ 2.834288, 43.618896 ], [ 2.831342, 43.620011 ] ] ], [ [ [ 2.817925, 43.618575 ], [ 2.809315, 43.616413 ], [ 2.809132397808437, 43.616317006074368 ], [ 2.809138, 43.616326 ], [ 2.809703, 43.616674 ], [ 2.809712247415626, 43.616682778479763 ], [ 2.809713, 43.616682 ], [ 2.809981, 43.616918 ], [ 2.81370586101256, 43.619099170072261 ], [ 2.815464336829238, 43.619329770465164 ], [ 2.822085, 43.618799 ], [ 2.822579, 43.618548 ], [ 2.823013, 43.618409 ], [ 2.823589, 43.618304 ], [ 2.817925, 43.618575 ] ] ], [ [ [ 2.809566, 43.623117 ], [ 2.809324880276834, 43.623027525259531 ], [ 2.809093, 43.622956 ], [ 2.81048, 43.624474 ], [ 2.810910093393725, 43.624433131396984 ], [ 2.809725980635139, 43.623173882999737 ], [ 2.809566, 43.623117 ] ] ], [ [ [ 2.809063857514262, 43.622930664896408 ], [ 2.809093, 43.622956 ], [ 2.809063857514267, 43.622930664896408 ], [ 2.809063857514262, 43.622930664896408 ] ] ], [ [ [ 2.804099, 43.644204 ], [ 2.807856, 43.644268 ], [ 2.809394, 43.643877 ], [ 2.804099, 43.644204 ] ] ], [ [ [ 2.796168, 43.639416 ], [ 2.796018, 43.639011 ], [ 2.794481, 43.6302 ], [ 2.793444, 43.632057 ], [ 2.793082, 43.633067 ], [ 2.792848, 43.633858 ], [ 2.794859, 43.642399 ], [ 2.80243, 43.644206 ], [ 2.802903, 43.64413 ], [ 2.803439, 43.644107 ], [ 2.796168, 43.639416 ] ] ], [ [ [ 2.790489, 43.625979 ], [ 2.789983, 43.625682 ], [ 2.789151, 43.625466 ], [ 2.788678, 43.625463 ], [ 2.784007943253159, 43.624536154978138 ], [ 2.78391, 43.624577 ], [ 2.781126, 43.6258 ], [ 2.779779, 43.634662 ], [ 2.779830332000036, 43.634705460000021 ], [ 2.779917, 43.63477 ], [ 2.787468, 43.634511 ], [ 2.789165, 43.629558 ], [ 2.790747, 43.626324 ], [ 2.791851, 43.626616 ], [ 2.790489, 43.625979 ] ] ], [ [ [ 2.774066013848741, 43.666056038612524 ], [ 2.776544, 43.666211 ], [ 2.776755626311946, 43.666278828946133 ], [ 2.773693817462771, 43.662778642658303 ], [ 2.774066013848741, 43.666056038612524 ] ] ], [ [ [ 2.780436, 43.73306 ], [ 2.7823, 43.732061 ], [ 2.7828, 43.731757 ], [ 2.784672, 43.734832 ], [ 2.78407, 43.735252 ], [ 2.783864385802873, 43.735415716195632 ], [ 2.787429, 43.739808 ], [ 2.787022, 43.743385 ], [ 2.787561, 43.743447 ], [ 2.791656, 43.751174 ], [ 2.791385, 43.752465 ], [ 2.792441, 43.756965 ], [ 2.794172, 43.756614 ], [ 2.794887, 43.756412 ], [ 2.795355, 43.756204 ], [ 2.801695, 43.752654 ], [ 2.805178, 43.751742 ], [ 2.809615, 43.747636 ], [ 2.801932, 43.751602 ], [ 2.797, 43.75281 ], [ 2.795188, 43.7497 ], [ 2.793987, 43.74326 ], [ 2.791718, 43.740536 ], [ 2.79126, 43.739999 ], [ 2.791147, 43.739802 ], [ 2.791929, 43.73906 ], [ 2.787846, 43.73107 ], [ 2.786323, 43.729172 ], [ 2.785676, 43.72854 ], [ 2.777427, 43.727021 ], [ 2.776677, 43.727513 ], [ 2.775727, 43.728276 ], [ 2.775121, 43.728617 ], [ 2.774303, 43.728941 ], [ 2.77334345691986, 43.729461463789022 ], [ 2.780436, 43.73306 ] ] ], [ [ [ 2.8173, 43.754407 ], [ 2.816638, 43.754937 ], [ 2.81605, 43.75821 ], [ 2.816135, 43.758419 ], [ 2.816444, 43.758619 ], [ 2.817046, 43.758736 ], [ 2.824851, 43.759514 ], [ 2.828219, 43.760785 ], [ 2.832781, 43.761217 ], [ 2.835044, 43.758418 ], [ 2.842114, 43.753703 ], [ 2.842946, 43.753865 ], [ 2.845924, 43.753168 ], [ 2.853005, 43.753403 ], [ 2.860589, 43.756353 ], [ 2.86287, 43.753569 ], [ 2.866171, 43.748807 ], [ 2.864904, 43.749535 ], [ 2.864454, 43.749692 ], [ 2.863266, 43.749904 ], [ 2.854709, 43.750696 ], [ 2.852738, 43.750366 ], [ 2.844513, 43.749102 ], [ 2.843218, 43.749937 ], [ 2.840621, 43.751805 ], [ 2.837524, 43.752805 ], [ 2.830942, 43.756448 ], [ 2.830157, 43.75678 ], [ 2.829617, 43.756909 ], [ 2.829286, 43.756948 ], [ 2.822526, 43.756005 ], [ 2.820132, 43.753316 ], [ 2.819619, 43.7516 ], [ 2.819040515149594, 43.751359848836337 ], [ 2.8173, 43.754407 ] ] ], [ [ [ 2.875677, 43.750402 ], [ 2.879231, 43.752018 ], [ 2.880322, 43.752747 ], [ 2.883353, 43.754688 ], [ 2.886938, 43.7521 ], [ 2.888034, 43.748671 ], [ 2.896225, 43.746551 ], [ 2.897613, 43.74785 ], [ 2.898038, 43.748491 ], [ 2.898767, 43.74897 ], [ 2.900232, 43.749624 ], [ 2.90187, 43.746418 ], [ 2.901242, 43.737777 ], [ 2.900763, 43.734209 ], [ 2.897971, 43.733478 ], [ 2.897309, 43.733159 ], [ 2.897246, 43.733143 ], [ 2.895096, 43.724413 ], [ 2.894614, 43.724571 ], [ 2.894288, 43.724704 ], [ 2.893844, 43.724854 ], [ 2.892933, 43.725077 ], [ 2.892399, 43.725123 ], [ 2.887604, 43.728236 ], [ 2.892246, 43.735252 ], [ 2.893644, 43.735123 ], [ 2.893979, 43.735051 ], [ 2.895396, 43.735721 ], [ 2.895451, 43.735793 ], [ 2.895083, 43.741873 ], [ 2.895332, 43.745464 ], [ 2.894795, 43.745502 ], [ 2.894351, 43.745488 ], [ 2.893413, 43.745355 ], [ 2.885886, 43.748581 ], [ 2.88332, 43.751106 ], [ 2.881943, 43.75157 ], [ 2.880735, 43.751945 ], [ 2.880369, 43.752023 ], [ 2.879701, 43.7504 ], [ 2.879385, 43.74924 ], [ 2.878291, 43.747087 ], [ 2.870609, 43.744317 ], [ 2.868658, 43.747758 ], [ 2.875677, 43.750402 ] ] ], [ [ [ 2.896392, 43.724041 ], [ 2.897232, 43.723604 ], [ 2.898238, 43.722741 ], [ 2.904297, 43.721143 ], [ 2.905125, 43.72091 ], [ 2.905748, 43.720746 ], [ 2.914223, 43.723641 ], [ 2.913394, 43.720979 ], [ 2.913123, 43.720437 ], [ 2.913001, 43.719913 ], [ 2.904982, 43.716591 ], [ 2.904425, 43.716848 ], [ 2.903932, 43.717045 ], [ 2.898021, 43.72151 ], [ 2.897773, 43.721887 ], [ 2.897388, 43.722301 ], [ 2.895864, 43.724105 ], [ 2.895096, 43.724413 ], [ 2.896392, 43.724041 ] ] ], [ [ [ 2.92811, 43.729521 ], [ 2.9317, 43.729776 ], [ 2.939885, 43.731663 ], [ 2.940335, 43.731753 ], [ 2.940879, 43.731764 ], [ 2.941313, 43.731697 ], [ 2.941645, 43.731604 ], [ 2.94207, 43.731451 ], [ 2.942484, 43.731292 ], [ 2.944161, 43.730642 ], [ 2.945794, 43.730029 ], [ 2.9463, 43.729821 ], [ 2.944933, 43.726491 ], [ 2.940327, 43.72639 ], [ 2.936807, 43.722524 ], [ 2.931632, 43.717817 ], [ 2.9317, 43.718683 ], [ 2.937655, 43.724842 ], [ 2.938459, 43.724967 ], [ 2.938843, 43.725127 ], [ 2.939128, 43.725274 ], [ 2.939306, 43.72766 ], [ 2.939205, 43.727785 ], [ 2.937782, 43.728441 ], [ 2.937601, 43.728504 ], [ 2.936984, 43.728615 ], [ 2.936493, 43.728662 ], [ 2.935114, 43.728697 ], [ 2.930105, 43.728901 ], [ 2.925265, 43.727406 ], [ 2.922594982685523, 43.726793281887062 ], [ 2.92811, 43.729521 ] ] ], [ [ [ 2.931729, 43.714205 ], [ 2.932283, 43.712867 ], [ 2.938479, 43.707594 ], [ 2.940518, 43.708237 ], [ 2.941867, 43.708817 ], [ 2.941204, 43.708234 ], [ 2.940961, 43.707886 ], [ 2.941542, 43.699012 ], [ 2.940151, 43.696846 ], [ 2.940974, 43.693342 ], [ 2.936578, 43.687363 ], [ 2.936099, 43.687151 ], [ 2.933099, 43.686517 ], [ 2.931525, 43.686524 ], [ 2.930714, 43.686567 ], [ 2.926435, 43.694117 ], [ 2.926594, 43.694842 ], [ 2.926484, 43.695622 ], [ 2.926248, 43.696131 ], [ 2.92551, 43.698835 ], [ 2.925398, 43.699385 ], [ 2.925125, 43.700034 ], [ 2.924716, 43.700568 ], [ 2.92267, 43.703391 ], [ 2.922354, 43.70964 ], [ 2.92815, 43.714827 ], [ 2.928633, 43.714948 ], [ 2.929575, 43.715146 ], [ 2.930055, 43.715257 ], [ 2.930934, 43.715869 ], [ 2.931342, 43.7168 ], [ 2.931632, 43.717817 ], [ 2.931729, 43.714205 ] ] ], [ [ [ 2.943, 43.709616 ], [ 2.943516, 43.709798 ], [ 2.944387, 43.710126 ], [ 2.945022, 43.710215 ], [ 2.946794456718039, 43.709743146325181 ], [ 2.946122, 43.709498 ], [ 2.944218, 43.709426 ], [ 2.943549, 43.709373 ], [ 2.943169, 43.709257 ], [ 2.942488, 43.709055 ], [ 2.941867, 43.708817 ], [ 2.943, 43.709616 ] ] ], [ [ [ 2.960599, 43.714038 ], [ 2.960933, 43.715805 ], [ 2.960425, 43.719369 ], [ 2.961138, 43.719471 ], [ 2.961833, 43.719478 ], [ 2.962901, 43.719231 ], [ 2.963315, 43.719067 ], [ 2.964083, 43.718594 ], [ 2.968999355995713, 43.718519584924387 ], [ 2.965322, 43.717134 ], [ 2.963728, 43.717045 ], [ 2.963051, 43.71514 ], [ 2.961773, 43.711433 ], [ 2.95542, 43.709523 ], [ 2.954951, 43.709661 ], [ 2.953827283978089, 43.710014041490361 ], [ 2.960599, 43.714038 ] ] ], [ [ [ 2.973453, 43.723138 ], [ 2.973477, 43.723229 ], [ 2.973684, 43.725385 ], [ 2.973657, 43.725849 ], [ 2.973931, 43.726096 ], [ 2.975546, 43.72619 ], [ 2.975724, 43.726093 ], [ 2.977955, 43.722831 ], [ 2.978406, 43.722111 ], [ 2.978518, 43.721268 ], [ 2.978345, 43.719891 ], [ 2.978252, 43.719282 ], [ 2.977198, 43.711884 ], [ 2.97861, 43.704802 ], [ 2.980974, 43.69687 ], [ 2.98034, 43.69645 ], [ 2.97996, 43.696257 ], [ 2.978876, 43.695788 ], [ 2.976262, 43.687309 ], [ 2.981603, 43.684268 ], [ 2.976313, 43.686103 ], [ 2.975684, 43.686719 ], [ 2.975223, 43.686951 ], [ 2.975495, 43.695759 ], [ 2.975868, 43.69934 ], [ 2.971927, 43.706831 ], [ 2.971632, 43.708819 ], [ 2.974787, 43.71656 ], [ 2.975189, 43.716966 ], [ 2.975328, 43.717111 ], [ 2.973742, 43.720342 ], [ 2.97343, 43.720189 ], [ 2.971536251004543, 43.71947545742708 ], [ 2.973453, 43.723138 ] ] ], [ [ [ 2.985187, 43.683805 ], [ 2.985543, 43.683819 ], [ 2.987342, 43.684119 ], [ 2.98787, 43.68421 ], [ 2.988935, 43.684226 ], [ 2.989981, 43.684259 ], [ 2.991318, 43.682981 ], [ 2.991104, 43.681486 ], [ 2.994959, 43.674072 ], [ 2.995204, 43.673866 ], [ 2.995671, 43.673336 ], [ 2.995929, 43.672835 ], [ 2.995892, 43.669851 ], [ 2.995736, 43.669813 ], [ 2.995182, 43.669762 ], [ 2.994492, 43.669815 ], [ 2.994004, 43.669926 ], [ 2.993508, 43.670167 ], [ 2.991362, 43.671307 ], [ 2.989789, 43.672017 ], [ 2.989023, 43.672296 ], [ 2.987968, 43.67264 ], [ 2.987063, 43.672887 ], [ 2.978327, 43.670885 ], [ 2.975318, 43.670527 ], [ 2.973946, 43.672326 ], [ 2.972426, 43.674518 ], [ 2.966452059775337, 43.679851556665213 ], [ 2.97176, 43.677249 ], [ 2.972094, 43.677015 ], [ 2.972721, 43.676745 ], [ 2.977502, 43.674445 ], [ 2.977559, 43.674446 ], [ 2.986429, 43.675179 ], [ 2.988353, 43.674776 ], [ 2.988785, 43.675045 ], [ 2.989513, 43.676318 ], [ 2.989296, 43.677501 ], [ 2.98494, 43.683765 ], [ 2.982624, 43.684173 ], [ 2.985187, 43.683805 ] ] ], [ [ [ 2.94369, 43.655168 ], [ 2.944105, 43.655119 ], [ 2.944693, 43.654991 ], [ 2.945851, 43.654613 ], [ 2.946331, 43.654371 ], [ 2.947265, 43.65374 ], [ 2.949154, 43.652098 ], [ 2.946792, 43.649381 ], [ 2.939593, 43.651563 ], [ 2.933391107470769, 43.652808118341412 ], [ 2.934626, 43.653112 ], [ 2.938686, 43.652977 ], [ 2.941242, 43.655512 ], [ 2.94145251584006, 43.655970181534244 ], [ 2.94369, 43.655168 ] ] ], [ [ [ 2.915091, 43.642857 ], [ 2.914641, 43.639286 ], [ 2.90891, 43.635297 ], [ 2.908254, 43.635044 ], [ 2.907631, 43.635328 ], [ 2.90755, 43.635435 ], [ 2.906759, 43.637463 ], [ 2.899956, 43.642892 ], [ 2.899375, 43.642745 ], [ 2.895213, 43.640364 ], [ 2.894887, 43.640107 ], [ 2.894302, 43.640154 ], [ 2.893753, 43.640344 ], [ 2.893113, 43.640654 ], [ 2.892483, 43.641174 ], [ 2.892042, 43.641835 ], [ 2.891845, 43.642475 ], [ 2.882946, 43.642626 ], [ 2.879729, 43.641917 ], [ 2.879563, 43.641973 ], [ 2.878685, 43.642282 ], [ 2.870301, 43.642969 ], [ 2.86654, 43.641359 ], [ 2.865874, 43.640926 ], [ 2.865314, 43.64072 ], [ 2.86425, 43.640437 ], [ 2.864696, 43.640615 ], [ 2.868322, 43.64822 ], [ 2.873952, 43.64689 ], [ 2.874424, 43.646402 ], [ 2.875721, 43.644603 ], [ 2.876266, 43.644356 ], [ 2.876362, 43.644366 ], [ 2.87901, 43.646702 ], [ 2.878778, 43.651665 ], [ 2.879524, 43.65293 ], [ 2.879956, 43.653838 ], [ 2.880297, 43.654696 ], [ 2.880577, 43.655853 ], [ 2.888567, 43.658902 ], [ 2.889821, 43.65699 ], [ 2.889211, 43.649432 ], [ 2.889274, 43.648878 ], [ 2.889417, 43.648429 ], [ 2.889516, 43.648179 ], [ 2.894828, 43.644586 ], [ 2.89541, 43.644026 ], [ 2.896011, 43.643656 ], [ 2.896561, 43.643563 ], [ 2.897764, 43.644709 ], [ 2.89782, 43.644921 ], [ 2.897919, 43.645506 ], [ 2.898231, 43.646752 ], [ 2.903534, 43.652035 ], [ 2.905166, 43.652192 ], [ 2.909353, 43.644987 ], [ 2.908791, 43.643713 ], [ 2.908689, 43.642943 ], [ 2.912258, 43.64247 ], [ 2.915673, 43.645514 ], [ 2.916348, 43.646055 ], [ 2.916738, 43.646455 ], [ 2.915091, 43.642857 ] ] ], [ [ [ 2.861417, 43.626526 ], [ 2.862593, 43.626668 ], [ 2.863606, 43.626096 ], [ 2.863997, 43.625465 ], [ 2.864499, 43.624206 ], [ 2.86372, 43.62126 ], [ 2.863722, 43.622034 ], [ 2.863207, 43.623005 ], [ 2.862967, 43.623246 ], [ 2.860715, 43.622493 ], [ 2.853983, 43.624188 ], [ 2.853660984848764, 43.625476685270613 ], [ 2.861417, 43.626526 ] ] ], [ [ [ 2.866856, 43.612808 ], [ 2.867271, 43.612124 ], [ 2.867586, 43.611178 ], [ 2.868438, 43.609049 ], [ 2.868422, 43.608965 ], [ 2.8665, 43.607565 ], [ 2.866416, 43.607581 ], [ 2.865872, 43.607775 ], [ 2.864691, 43.609039 ], [ 2.857937, 43.613021 ], [ 2.857410435526084, 43.61305356281062 ], [ 2.858094, 43.614715 ], [ 2.858489, 43.615266 ], [ 2.858604, 43.615464 ], [ 2.858651312977359, 43.615540094175827 ], [ 2.863459, 43.614339 ], [ 2.863615, 43.614834 ], [ 2.863723, 43.61526 ], [ 2.86397, 43.616816 ], [ 2.864, 43.617496 ], [ 2.866856, 43.612808 ] ] ], [ [ [ 2.768768, 43.667643 ], [ 2.768021, 43.667209 ], [ 2.76716, 43.666587 ], [ 2.76666, 43.665242 ], [ 2.766435, 43.664478 ], [ 2.766154, 43.663486 ], [ 2.763642, 43.658654 ], [ 2.763214221225543, 43.658551418305763 ], [ 2.766178, 43.666328 ], [ 2.771082, 43.67118 ], [ 2.772565, 43.677548 ], [ 2.772755, 43.68003 ], [ 2.773251, 43.680475 ], [ 2.774385, 43.680603 ], [ 2.774792, 43.680694 ], [ 2.775010012523156, 43.680719557418357 ], [ 2.772462, 43.672666 ], [ 2.771215, 43.669118 ], [ 2.771216670527807, 43.66911506178667 ], [ 2.771182, 43.6691 ], [ 2.768768, 43.667643 ] ] ], [ [ [ 2.799188297718485, 43.618533544032736 ], [ 2.799202, 43.618573 ], [ 2.799231964346147, 43.618625092827713 ], [ 2.799188297718485, 43.618533544032736 ] ] ], [ [ [ 2.799584416107372, 43.619237828002554 ], [ 2.79968, 43.619404 ], [ 2.799790514335223, 43.619531884469907 ], [ 2.799584416107372, 43.619237828002554 ] ] ], [ [ [ 2.799933440074923, 43.619697274619739 ], [ 2.800119, 43.619912 ], [ 2.800538095014796, 43.620168003794419 ], [ 2.799933440074923, 43.619697274619739 ] ] ], [ [ [ 2.800886644122587, 43.620380914688091 ], [ 2.800967, 43.62043 ], [ 2.801347943886178, 43.620472193151933 ], [ 2.800886644122587, 43.620380914688091 ] ] ] ] } },
{ "type": "Feature", "properties": { "codgeo": "81192", "value": 1080, "isochrone_group": 18.0, "nb_agences": 1 }, "geometry": { "type": "MultiPolygon", "coordinates": [ [ [ [ 2.879931, 43.754155 ], [ 2.88027, 43.755218 ], [ 2.880529, 43.75556 ], [ 2.880915, 43.755941 ], [ 2.881425, 43.756278 ], [ 2.882796, 43.75688 ], [ 2.884938, 43.757734 ], [ 2.885124, 43.757792 ], [ 2.885356, 43.757817 ], [ 2.887224, 43.755349 ], [ 2.889848, 43.748795 ], [ 2.898038, 43.748491 ], [ 2.897613, 43.74785 ], [ 2.896225, 43.746551 ], [ 2.888034, 43.748671 ], [ 2.886938, 43.7521 ], [ 2.883353, 43.754688 ], [ 2.880322, 43.752747 ], [ 2.879231, 43.752018 ], [ 2.878677817681636, 43.751766468591299 ], [ 2.879931, 43.754155 ] ] ], [ [ [ 2.899678, 43.750848 ], [ 2.902346, 43.753387 ], [ 2.905768, 43.754401 ], [ 2.905862, 43.754162 ], [ 2.905996, 43.753454 ], [ 2.905982, 43.753027 ], [ 2.90567, 43.750752 ], [ 2.905481, 43.750176 ], [ 2.905042, 43.749566 ], [ 2.903222, 43.747702 ], [ 2.902571, 43.746808 ], [ 2.90405, 43.738647 ], [ 2.906418, 43.736854 ], [ 2.906602, 43.734248 ], [ 2.906348, 43.733255 ], [ 2.905244, 43.733068 ], [ 2.904672, 43.73323 ], [ 2.904201, 43.733331 ], [ 2.902975, 43.73373 ], [ 2.902404, 43.733864 ], [ 2.900838, 43.734205 ], [ 2.900763749738938, 43.734214584694222 ], [ 2.901242, 43.737777 ], [ 2.90187, 43.746418 ], [ 2.900232, 43.749624 ], [ 2.898767, 43.74897 ], [ 2.898038, 43.748491 ], [ 2.899678, 43.750848 ] ] ], [ [ [ 2.900274, 43.722973 ], [ 2.900854, 43.722719 ], [ 2.903074, 43.722104 ], [ 2.903714, 43.721905 ], [ 2.904497, 43.721366 ], [ 2.905549, 43.720849 ], [ 2.905719949830019, 43.72075338399339 ], [ 2.905125, 43.72091 ], [ 2.904297, 43.721143 ], [ 2.898238, 43.722741 ], [ 2.897232, 43.723604 ], [ 2.900274, 43.722973 ] ] ], [ [ [ 2.949218, 43.73315 ], [ 2.951478, 43.730348 ], [ 2.950621, 43.7253 ], [ 2.950554, 43.725262 ], [ 2.949486, 43.725038 ], [ 2.948359, 43.725516 ], [ 2.943285, 43.725994 ], [ 2.939279, 43.723038 ], [ 2.937751, 43.722865 ], [ 2.936893060854722, 43.722618520245554 ], [ 2.940327, 43.72639 ], [ 2.944933, 43.726491 ], [ 2.9463, 43.729821 ], [ 2.945794, 43.730029 ], [ 2.944161, 43.730642 ], [ 2.942484, 43.731292 ], [ 2.94207, 43.731451 ], [ 2.941645, 43.731604 ], [ 2.941313, 43.731697 ], [ 2.940879, 43.731764 ], [ 2.940335, 43.731753 ], [ 2.949218, 43.73315 ] ] ], [ [ [ 2.932707490911611, 43.712505744258081 ], [ 2.932283, 43.712867 ], [ 2.931729, 43.714205 ], [ 2.931632, 43.717817 ], [ 2.932707490911611, 43.712505744258081 ] ] ], [ [ [ 2.940456, 43.709669 ], [ 2.941549, 43.710301 ], [ 2.942523, 43.710489 ], [ 2.942994, 43.710525 ], [ 2.943409, 43.710497 ], [ 2.944134, 43.71034 ], [ 2.945022, 43.710215 ], [ 2.944387, 43.710126 ], [ 2.943516, 43.709798 ], [ 2.943, 43.709616 ], [ 2.941867, 43.708817 ], [ 2.940518, 43.708237 ], [ 2.938479, 43.707594 ], [ 2.933116349178553, 43.712157792411467 ], [ 2.940456, 43.709669 ] ] ], [ [ [ 2.955549, 43.714188 ], [ 2.95588, 43.717773 ], [ 2.958179, 43.718488 ], [ 2.959439, 43.719083 ], [ 2.960135, 43.719306 ], [ 2.960427129885593, 43.719354057259352 ], [ 2.960933, 43.715805 ], [ 2.960599, 43.714038 ], [ 2.953181, 43.70963 ], [ 2.952077, 43.709828 ], [ 2.95138, 43.709815 ], [ 2.948625585961153, 43.709657959139577 ], [ 2.955549, 43.714188 ] ] ], [ [ [ 2.971409, 43.722925 ], [ 2.970492, 43.726406 ], [ 2.973746, 43.731725 ], [ 2.974679, 43.731748 ], [ 2.980687, 43.731695 ], [ 2.981952, 43.728325 ], [ 2.98227, 43.724087 ], [ 2.98209, 43.723513 ], [ 2.981417, 43.722575 ], [ 2.979514, 43.715948 ], [ 2.98346, 43.710626 ], [ 2.985491, 43.708283 ], [ 2.983825, 43.699493 ], [ 2.983724, 43.698853 ], [ 2.983554, 43.698384 ], [ 2.982891, 43.696506 ], [ 2.982251, 43.696539 ], [ 2.978876, 43.695788 ], [ 2.97996, 43.696257 ], [ 2.98034, 43.69645 ], [ 2.980974, 43.69687 ], [ 2.97861, 43.704802 ], [ 2.977198, 43.711884 ], [ 2.978252, 43.719282 ], [ 2.978345, 43.719891 ], [ 2.978518, 43.721268 ], [ 2.978406, 43.722111 ], [ 2.977955, 43.722831 ], [ 2.975724, 43.726093 ], [ 2.975546, 43.72619 ], [ 2.973931, 43.726096 ], [ 2.973657, 43.725849 ], [ 2.973684, 43.725385 ], [ 2.973477, 43.723229 ], [ 2.973453, 43.723138 ], [ 2.97102, 43.718489 ], [ 2.964083, 43.718594 ], [ 2.963315, 43.719067 ], [ 2.971409, 43.722925 ] ] ], [ [ [ 2.997002, 43.675831 ], [ 2.99994, 43.677911 ], [ 3.002569, 43.677002 ], [ 3.003279, 43.676545 ], [ 3.003793, 43.675638 ], [ 3.00374, 43.674546 ], [ 3.002769, 43.672758 ], [ 3.002605, 43.672532 ], [ 2.999389, 43.670975 ], [ 2.999096, 43.670837 ], [ 2.998614, 43.670686 ], [ 2.996115, 43.669919 ], [ 2.995892070059467, 43.669856650201339 ], [ 2.995929, 43.672835 ], [ 2.995671, 43.673336 ], [ 2.995204, 43.673866 ], [ 2.994959, 43.674072 ], [ 2.993668789526007, 43.676553354203435 ], [ 2.997002, 43.675831 ] ] ], [ [ [ 2.984358, 43.667197 ], [ 2.983365, 43.666549 ], [ 2.982788, 43.666466 ], [ 2.981663, 43.666432 ], [ 2.976935, 43.668523 ], [ 2.976546, 43.668664 ], [ 2.976003, 43.669026 ], [ 2.971416, 43.673374 ], [ 2.969268, 43.675348 ], [ 2.96229, 43.68103 ], [ 2.965101, 43.680514 ], [ 2.965728, 43.680498 ], [ 2.972426, 43.674518 ], [ 2.973946, 43.672326 ], [ 2.975318, 43.670527 ], [ 2.978327, 43.670885 ], [ 2.987063, 43.672887 ], [ 2.987968, 43.67264 ], [ 2.989023, 43.672296 ], [ 2.989789, 43.672017 ], [ 2.991362, 43.671307 ], [ 2.991785148955094, 43.671082214441363 ], [ 2.984358, 43.667197 ] ] ], [ [ [ 2.951881, 43.671354 ], [ 2.952455, 43.671144 ], [ 2.952925, 43.671007 ], [ 2.953488, 43.670692 ], [ 2.953921, 43.670277 ], [ 2.954415, 43.669301 ], [ 2.954549, 43.668599 ], [ 2.954485, 43.66789 ], [ 2.952549, 43.666445 ], [ 2.950136, 43.666023 ], [ 2.951086, 43.667338 ], [ 2.951438, 43.670546 ], [ 2.950514, 43.671067 ], [ 2.950101, 43.671263 ], [ 2.94939, 43.671484 ], [ 2.951881, 43.671354 ] ] ], [ [ [ 2.949219, 43.652031 ], [ 2.950416, 43.651233 ], [ 2.950753, 43.650883 ], [ 2.951191, 43.65034 ], [ 2.953205, 43.647923 ], [ 2.953639, 43.64723 ], [ 2.953878, 43.646288 ], [ 2.953767, 43.645516 ], [ 2.95332, 43.644744 ], [ 2.95297, 43.64443 ], [ 2.952723, 43.644259 ], [ 2.95034, 43.645788 ], [ 2.950227, 43.645901 ], [ 2.947105, 43.649117 ], [ 2.944644415658289, 43.650031927772424 ], [ 2.946792, 43.649381 ], [ 2.949148987463079, 43.65209223409704 ], [ 2.949219, 43.652031 ] ] ], [ [ [ 2.915006, 43.63561 ], [ 2.910584, 43.629502 ], [ 2.910331, 43.629098 ], [ 2.909898, 43.628659 ], [ 2.909668, 43.628491 ], [ 2.907456, 43.631283 ], [ 2.904138, 43.635565 ], [ 2.897611, 43.637494 ], [ 2.897159, 43.637633 ], [ 2.89653, 43.637869 ], [ 2.895772, 43.638176 ], [ 2.895224, 43.638498 ], [ 2.894637, 43.639072 ], [ 2.893113, 43.640654 ], [ 2.893753, 43.640344 ], [ 2.894302, 43.640154 ], [ 2.894887, 43.640107 ], [ 2.895213, 43.640364 ], [ 2.899375, 43.642745 ], [ 2.899956, 43.642892 ], [ 2.906759, 43.637463 ], [ 2.90755, 43.635435 ], [ 2.907631, 43.635328 ], [ 2.908254, 43.635044 ], [ 2.90891, 43.635297 ], [ 2.913197009668229, 43.638280926289767 ], [ 2.915006, 43.63561 ] ] ], [ [ [ 2.885525, 43.640672 ], [ 2.883741, 43.637545 ], [ 2.882007, 43.637209 ], [ 2.87863, 43.638458 ], [ 2.873685369366993, 43.642691678702882 ], [ 2.878685, 43.642282 ], [ 2.879563, 43.641973 ], [ 2.879729, 43.641917 ], [ 2.882946, 43.642626 ], [ 2.891845, 43.642475 ], [ 2.892042, 43.641835 ], [ 2.892483, 43.641174 ], [ 2.893113, 43.640654 ], [ 2.885525, 43.640672 ] ] ], [ [ [ 2.864944, 43.625328 ], [ 2.86822, 43.623836 ], [ 2.867847, 43.622894 ], [ 2.867516, 43.622175 ], [ 2.867269, 43.621743 ], [ 2.866504, 43.621016 ], [ 2.866259608316379, 43.613786951054905 ], [ 2.864, 43.617496 ], [ 2.86372, 43.62126 ], [ 2.864499, 43.624206 ], [ 2.863997, 43.625465 ], [ 2.863606, 43.626096 ], [ 2.864944, 43.625328 ] ] ], [ [ [ 2.872597, 43.612214 ], [ 2.874655, 43.612004 ], [ 2.875979, 43.612074 ], [ 2.876122, 43.612069 ], [ 2.875998, 43.608471 ], [ 2.87255, 43.607805 ], [ 2.872027, 43.607713 ], [ 2.871645, 43.60768 ], [ 2.871174, 43.607679 ], [ 2.86899, 43.607761 ], [ 2.867412777392487, 43.608229874271331 ], [ 2.868422, 43.608965 ], [ 2.868438, 43.609049 ], [ 2.867586, 43.611178 ], [ 2.867271, 43.612124 ], [ 2.866856, 43.612808 ], [ 2.866518017159172, 43.613362784158902 ], [ 2.872597, 43.612214 ] ] ], [ [ [ 2.863613898167547, 43.609273518726575 ], [ 2.863312404241644, 43.609851787727244 ], [ 2.864691, 43.609039 ], [ 2.863613898167547, 43.609273518726575 ] ] ], [ [ [ 2.84363, 43.617462 ], [ 2.842898, 43.614955 ], [ 2.842777516162903, 43.614468602287261 ], [ 2.842678, 43.61465 ], [ 2.840126, 43.617611 ], [ 2.833621, 43.617177 ], [ 2.832792, 43.616582 ], [ 2.831192, 43.615593 ], [ 2.829872, 43.61567 ], [ 2.82914, 43.616021 ], [ 2.824815668813018, 43.61770640931524 ], [ 2.82462, 43.618282 ], [ 2.825048428766188, 43.618625326570864 ], [ 2.831342, 43.620011 ], [ 2.834288, 43.618896 ], [ 2.83783, 43.619593 ], [ 2.841423, 43.619367 ], [ 2.844013090279415, 43.617629868361014 ], [ 2.84363, 43.617462 ] ] ], [ [ [ 2.797252, 43.637677 ], [ 2.794481, 43.6302 ], [ 2.796018, 43.639011 ], [ 2.796168, 43.639416 ], [ 2.803439, 43.644107 ], [ 2.797252, 43.637677 ] ] ], [ [ [ 2.785699, 43.621261 ], [ 2.785610114778794, 43.621099306987766 ], [ 2.785851, 43.621871 ], [ 2.785793, 43.622717 ], [ 2.785619, 43.623183 ], [ 2.785179284376341, 43.624768625748366 ], [ 2.788678, 43.625463 ], [ 2.789151, 43.625466 ], [ 2.789983, 43.625682 ], [ 2.785699, 43.621261 ] ] ], [ [ [ 2.783519, 43.739037 ], [ 2.780038253018035, 43.74091933192193 ], [ 2.780274, 43.741068 ], [ 2.78275, 43.743682 ], [ 2.786838, 43.743355 ], [ 2.788376723066639, 43.744986216638807 ], [ 2.787561, 43.743447 ], [ 2.787022, 43.743385 ], [ 2.787429, 43.739808 ], [ 2.785664863754375, 43.737634248050462 ], [ 2.783519, 43.739037 ] ] ], [ [ [ 2.787187, 43.754149 ], [ 2.786712, 43.754353 ], [ 2.784405, 43.754953 ], [ 2.782762, 43.758156 ], [ 2.783139, 43.758349 ], [ 2.783547, 43.75851 ], [ 2.783992, 43.758621 ], [ 2.784467, 43.75869 ], [ 2.785504, 43.758727 ], [ 2.786225, 43.758679 ], [ 2.786731, 43.758591 ], [ 2.787126, 43.758483 ], [ 2.790532, 43.757497 ], [ 2.794172, 43.756614 ], [ 2.792441, 43.756965 ], [ 2.791385, 43.752465 ], [ 2.791656, 43.751174 ], [ 2.790388906153199, 43.748783075908605 ], [ 2.787187, 43.754149 ] ] ], [ [ [ 2.817365, 43.75077 ], [ 2.816638, 43.754937 ], [ 2.8173, 43.754407 ], [ 2.819041, 43.751359 ], [ 2.819106, 43.751252 ], [ 2.818111, 43.745421 ], [ 2.811278, 43.746542 ], [ 2.809615, 43.747636 ], [ 2.817365, 43.75077 ] ] ], [ [ [ 2.815986, 43.756781 ], [ 2.815583, 43.757994 ], [ 2.815125, 43.759107 ], [ 2.816877, 43.760358 ], [ 2.816942, 43.760405 ], [ 2.817766, 43.760649 ], [ 2.825417, 43.762015 ], [ 2.828637, 43.764405 ], [ 2.832697970208682, 43.765477249535699 ], [ 2.832725, 43.764862 ], [ 2.833425, 43.764026 ], [ 2.836104, 43.762255 ], [ 2.838612, 43.76083 ], [ 2.83861406261727, 43.76083091728858 ], [ 2.838612, 43.760829 ], [ 2.83804, 43.760426 ], [ 2.837035, 43.759617 ], [ 2.83951491335043, 43.755436337136175 ], [ 2.835044, 43.758418 ], [ 2.832781, 43.761217 ], [ 2.828219, 43.760785 ], [ 2.824851, 43.759514 ], [ 2.817046, 43.758736 ], [ 2.816444, 43.758619 ], [ 2.816135, 43.758419 ], [ 2.81605, 43.75821 ], [ 2.816638, 43.754937 ], [ 2.815986, 43.756781 ] ] ], [ [ [ 2.847081, 43.754433 ], [ 2.847952, 43.754833 ], [ 2.848368, 43.75494 ], [ 2.8493, 43.755256 ], [ 2.85461704133182, 43.754030046667843 ], [ 2.853005, 43.753403 ], [ 2.845924, 43.753168 ], [ 2.844897965731888, 43.753408143010368 ], [ 2.847081, 43.754433 ] ] ], [ [ [ 2.860828, 43.756529 ], [ 2.862168, 43.75731 ], [ 2.866299, 43.759251 ], [ 2.867495465242224, 43.759598211339174 ], [ 2.867518, 43.757693 ], [ 2.867771, 43.75755 ], [ 2.868871, 43.757174 ], [ 2.868997, 43.757215 ], [ 2.870067656643338, 43.75756725067054 ], [ 2.870067, 43.756601 ], [ 2.86975, 43.755958 ], [ 2.868658, 43.747758 ], [ 2.866171, 43.748807 ], [ 2.86287, 43.753569 ], [ 2.860597453012992, 43.756342682951257 ], [ 2.860828, 43.756529 ] ] ], [ [ [ 2.765401, 43.667802 ], [ 2.765061, 43.667436 ], [ 2.765708484643452, 43.665096050922571 ], [ 2.764817520330664, 43.662758272939698 ], [ 2.763770110293997, 43.66218794729658 ], [ 2.764544, 43.666626 ], [ 2.764815, 43.667101 ], [ 2.767067, 43.671822 ], [ 2.768626, 43.679019 ], [ 2.770709148892131, 43.681947585936527 ], [ 2.770787, 43.681872 ], [ 2.771095, 43.678718 ], [ 2.768529, 43.671831 ], [ 2.767786500187768, 43.668789706858092 ], [ 2.765963, 43.668273 ], [ 2.765401, 43.667802 ] ] ], [ [ [ 2.798762328168677, 43.617618668397078 ], [ 2.798769, 43.617649 ], [ 2.798809308724833, 43.617729268456365 ], [ 2.798762328168677, 43.617618668397078 ] ] ], [ [ [ 2.799148488261234, 43.618450081946584 ], [ 2.799202, 43.618573 ], [ 2.799188297718485, 43.618533544032736 ], [ 2.799148488261234, 43.618450081946584 ] ] ], [ [ [ 2.811111, 43.625349 ], [ 2.81117, 43.625346 ], [ 2.814173579922626, 43.624774126339247 ], [ 2.814108663506505, 43.624762562707694 ], [ 2.813642739274607, 43.624714230910065 ], [ 2.81048, 43.624474 ], [ 2.808992, 43.622904 ], [ 2.802222970147061, 43.620708210932669 ], [ 2.809692, 43.624909 ], [ 2.810613, 43.625328 ], [ 2.811111, 43.625349 ] ] ] ] } },
{ "type": "Feature", "properties": { "codgeo": "81192", "value": 1140, "isochrone_group": 19.0, "nb_agences": 1 }, "geometry": { "type": "MultiPolygon", "coordinates": [ [ [ [ 2.887203, 43.759332 ], [ 2.887819, 43.75944 ], [ 2.890722, 43.759491 ], [ 2.892771, 43.756531 ], [ 2.899678, 43.750848 ], [ 2.898038, 43.748491 ], [ 2.889848, 43.748795 ], [ 2.887224, 43.755349 ], [ 2.885356, 43.757817 ], [ 2.885124, 43.757792 ], [ 2.884938, 43.757734 ], [ 2.882796, 43.75688 ], [ 2.881425, 43.756278 ], [ 2.880915, 43.755941 ], [ 2.880529, 43.75556 ], [ 2.88027, 43.755218 ], [ 2.879931, 43.754155 ], [ 2.87824, 43.750932 ], [ 2.878677, 43.74903 ], [ 2.879319, 43.747767 ], [ 2.874303, 43.740871 ], [ 2.868658, 43.747758 ], [ 2.869720500159867, 43.755736481053944 ], [ 2.870804, 43.756079 ], [ 2.871878, 43.756469 ], [ 2.872443, 43.756825 ], [ 2.877451435377497, 43.760086513243309 ], [ 2.880008, 43.757507 ], [ 2.882552, 43.757634 ], [ 2.883256, 43.757728 ], [ 2.88674, 43.759032 ], [ 2.887203, 43.759332 ] ] ], [ [ [ 2.901904, 43.754325 ], [ 2.901963, 43.754932 ], [ 2.902934, 43.756182 ], [ 2.904011, 43.756376 ], [ 2.904414, 43.756313 ], [ 2.905107, 43.756201 ], [ 2.9054, 43.756134 ], [ 2.912016, 43.754279 ], [ 2.913154, 43.75304 ], [ 2.91317, 43.752966 ], [ 2.912915, 43.751585 ], [ 2.912242, 43.750945 ], [ 2.911303, 43.75056 ], [ 2.910842, 43.750444 ], [ 2.910326, 43.75038 ], [ 2.909825, 43.750384 ], [ 2.909385, 43.750442 ], [ 2.905042, 43.749566 ], [ 2.905481, 43.750176 ], [ 2.90567, 43.750752 ], [ 2.905982, 43.753027 ], [ 2.905996, 43.753454 ], [ 2.905862, 43.754162 ], [ 2.905768, 43.754401 ], [ 2.902346, 43.753387 ], [ 2.899678, 43.750848 ], [ 2.901904, 43.754325 ] ] ], [ [ [ 2.906756, 43.739469 ], [ 2.906876, 43.739435 ], [ 2.91169, 43.737092 ], [ 2.912169, 43.737083 ], [ 2.912096, 43.733483 ], [ 2.915936, 43.725379 ], [ 2.915458, 43.725206 ], [ 2.914838, 43.724764 ], [ 2.914451, 43.724259 ], [ 2.914223, 43.723641 ], [ 2.905962, 43.720618 ], [ 2.905549, 43.720849 ], [ 2.904497, 43.721366 ], [ 2.903714, 43.721905 ], [ 2.903074, 43.722104 ], [ 2.900854, 43.722719 ], [ 2.900274, 43.722973 ], [ 2.897232, 43.723604 ], [ 2.896392, 43.724041 ], [ 2.895096, 43.724413 ], [ 2.894614, 43.724571 ], [ 2.894288, 43.724704 ], [ 2.893844, 43.724854 ], [ 2.892933, 43.725077 ], [ 2.892399, 43.725123 ], [ 2.888566, 43.726632 ], [ 2.887776, 43.726986 ], [ 2.889997, 43.735525 ], [ 2.891262, 43.735317 ], [ 2.891721, 43.735254 ], [ 2.892246, 43.735252 ], [ 2.893119, 43.735364 ], [ 2.896924, 43.735009 ], [ 2.898004, 43.734504 ], [ 2.898291, 43.734446 ], [ 2.898665, 43.734363 ], [ 2.89897, 43.734348 ], [ 2.899645, 43.734359 ], [ 2.900838, 43.734205 ], [ 2.902404, 43.733864 ], [ 2.902975, 43.73373 ], [ 2.904201, 43.733331 ], [ 2.904672, 43.73323 ], [ 2.905244, 43.733068 ], [ 2.906348, 43.733255 ], [ 2.906602, 43.734248 ], [ 2.906418, 43.736854 ], [ 2.90405, 43.738647 ], [ 2.902571, 43.746808 ], [ 2.903222, 43.747702 ], [ 2.906756, 43.739469 ] ] ], [ [ [ 2.948073, 43.736023 ], [ 2.949236, 43.73664 ], [ 2.952165, 43.73844 ], [ 2.954468, 43.735673 ], [ 2.952309, 43.731514 ], [ 2.952697, 43.727601 ], [ 2.953019, 43.726782 ], [ 2.952535, 43.72521 ], [ 2.958179, 43.718488 ], [ 2.95588, 43.717773 ], [ 2.955549, 43.714188 ], [ 2.948294, 43.709441 ], [ 2.947381, 43.709587 ], [ 2.945022, 43.710215 ], [ 2.944134, 43.71034 ], [ 2.943409, 43.710497 ], [ 2.942994, 43.710525 ], [ 2.942523, 43.710489 ], [ 2.941549, 43.710301 ], [ 2.940456, 43.709669 ], [ 2.932753, 43.712281 ], [ 2.931632, 43.717817 ], [ 2.936484, 43.722501 ], [ 2.937751, 43.722865 ], [ 2.939279, 43.723038 ], [ 2.943285, 43.725994 ], [ 2.948359, 43.725516 ], [ 2.949486, 43.725038 ], [ 2.950554, 43.725262 ], [ 2.950621, 43.7253 ], [ 2.951478, 43.730348 ], [ 2.949218, 43.73315 ], [ 2.940335, 43.731753 ], [ 2.948073, 43.736023 ] ] ], [ [ [ 2.968345, 43.724617 ], [ 2.967476, 43.730676 ], [ 2.966852, 43.731685 ], [ 2.966182, 43.73304 ], [ 2.96742, 43.734547 ], [ 2.967987, 43.735289 ], [ 2.972105, 43.734063 ], [ 2.972625, 43.733839 ], [ 2.973055, 43.733519 ], [ 2.981601, 43.732043 ], [ 2.983665, 43.733065 ], [ 2.985751, 43.734396 ], [ 2.9864, 43.734854 ], [ 2.988472, 43.73191 ], [ 2.984722, 43.724566 ], [ 2.984306, 43.723735 ], [ 2.983791, 43.723183 ], [ 2.982297, 43.717676 ], [ 2.988162, 43.713784 ], [ 2.988685, 43.713839 ], [ 2.988814, 43.713836 ], [ 2.989542, 43.710994 ], [ 2.989345, 43.710577 ], [ 2.988912, 43.709729 ], [ 2.987311, 43.705635 ], [ 2.988358, 43.699222 ], [ 2.988703, 43.698516 ], [ 2.988986, 43.697729 ], [ 2.986817, 43.696477 ], [ 2.985699, 43.69626 ], [ 2.983133, 43.696501 ], [ 2.982892886974827, 43.696511345005604 ], [ 2.983554, 43.698384 ], [ 2.983724, 43.698853 ], [ 2.983825, 43.699493 ], [ 2.985491, 43.708283 ], [ 2.98346, 43.710626 ], [ 2.979514, 43.715948 ], [ 2.981417, 43.722575 ], [ 2.98209, 43.723513 ], [ 2.98227, 43.724087 ], [ 2.981952, 43.728325 ], [ 2.980687, 43.731695 ], [ 2.974679, 43.731748 ], [ 2.973746, 43.731725 ], [ 2.970492, 43.726406 ], [ 2.971409, 43.722925 ], [ 2.963315, 43.719067 ], [ 2.962901, 43.719231 ], [ 2.961833, 43.719478 ], [ 2.968345, 43.724617 ] ] ], [ [ [ 2.998451, 43.676899 ], [ 2.998528331823324, 43.676911588901469 ], [ 2.997002, 43.675831 ], [ 2.99533241122639, 43.676192823676629 ], [ 2.998451, 43.676899 ] ] ], [ [ [ 3.003837, 43.677266 ], [ 3.005492, 43.676728 ], [ 3.005513, 43.676718 ], [ 3.00592, 43.676335 ], [ 3.006105, 43.676137 ], [ 3.008634, 43.669639 ], [ 3.008196, 43.666065 ], [ 3.00767, 43.66613 ], [ 3.006144, 43.666438 ], [ 3.005802, 43.666506 ], [ 3.005351, 43.666659 ], [ 3.004074, 43.66719 ], [ 3.003583, 43.667384 ], [ 2.995182, 43.669762 ], [ 2.995736, 43.669813 ], [ 2.996115, 43.669919 ], [ 2.998614, 43.670686 ], [ 2.999096, 43.670837 ], [ 2.999389, 43.670975 ], [ 3.002605, 43.672532 ], [ 3.002769, 43.672758 ], [ 3.00374, 43.674546 ], [ 3.003793, 43.675638 ], [ 3.003279, 43.676545 ], [ 3.002569, 43.677002 ], [ 3.001880190861694, 43.677240161851167 ], [ 3.003837, 43.677266 ] ] ], [ [ [ 2.979385, 43.665979 ], [ 2.979052, 43.665967 ], [ 2.978067, 43.666017 ], [ 2.974483, 43.665919 ], [ 2.973134, 43.66614 ], [ 2.973011, 43.666155 ], [ 2.972178, 43.666836 ], [ 2.97168, 43.668469 ], [ 2.967472, 43.674476 ], [ 2.966376, 43.675567 ], [ 2.961318, 43.681177 ], [ 2.961805, 43.681053 ], [ 2.96229, 43.68103 ], [ 2.969268, 43.675348 ], [ 2.971416, 43.673374 ], [ 2.976003, 43.669026 ], [ 2.976546, 43.668664 ], [ 2.976935, 43.668523 ], [ 2.981663, 43.666432 ], [ 2.982788, 43.666466 ], [ 2.979385, 43.665979 ] ] ], [ [ [ 2.952098, 43.671374 ], [ 2.953037, 43.67136 ], [ 2.953558, 43.671211 ], [ 2.954608, 43.670167 ], [ 2.955073, 43.669728 ], [ 2.955993, 43.668504 ], [ 2.955942, 43.667311 ], [ 2.955332, 43.666457 ], [ 2.953719, 43.665054 ], [ 2.949127, 43.66574 ], [ 2.950136, 43.666023 ], [ 2.952549, 43.666445 ], [ 2.954485, 43.66789 ], [ 2.954549, 43.668599 ], [ 2.954415, 43.669301 ], [ 2.953921, 43.670277 ], [ 2.953488, 43.670692 ], [ 2.952925, 43.671007 ], [ 2.952455, 43.671144 ], [ 2.951881, 43.671354 ], [ 2.94939, 43.671484 ], [ 2.952098, 43.671374 ] ] ], [ [ [ 2.956267, 43.649051 ], [ 2.957251, 43.648569 ], [ 2.95783, 43.647377 ], [ 2.957842, 43.646997 ], [ 2.957534, 43.645663 ], [ 2.957442, 43.645271 ], [ 2.956942, 43.64442 ], [ 2.955588, 43.643378 ], [ 2.954907, 43.643094 ], [ 2.953244, 43.642695 ], [ 2.952481, 43.642657 ], [ 2.951694, 43.642888 ], [ 2.951074, 43.643395 ], [ 2.950464, 43.644257 ], [ 2.950028, 43.6449 ], [ 2.947105, 43.649117 ], [ 2.950227, 43.645901 ], [ 2.95034, 43.645788 ], [ 2.952723, 43.644259 ], [ 2.95297, 43.64443 ], [ 2.95332, 43.644744 ], [ 2.953767, 43.645516 ], [ 2.953878, 43.646288 ], [ 2.953639, 43.64723 ], [ 2.953205, 43.647923 ], [ 2.951191, 43.65034 ], [ 2.950753, 43.650883 ], [ 2.950416, 43.651233 ], [ 2.956267, 43.649051 ] ] ], [ [ [ 2.912939, 43.630595 ], [ 2.912942, 43.626995 ], [ 2.910563, 43.624699 ], [ 2.909841, 43.62439 ], [ 2.90561, 43.623996 ], [ 2.903437, 43.626866 ], [ 2.901469, 43.635297 ], [ 2.898959, 43.635816 ], [ 2.897767, 43.63697 ], [ 2.889332, 43.63493 ], [ 2.881099, 43.635081 ], [ 2.878393, 43.637286 ], [ 2.87836, 43.637455 ], [ 2.873073, 43.643216 ], [ 2.87863, 43.638458 ], [ 2.882007, 43.637209 ], [ 2.883741, 43.637545 ], [ 2.885525, 43.640672 ], [ 2.893113, 43.640654 ], [ 2.894637, 43.639072 ], [ 2.895224, 43.638498 ], [ 2.895772, 43.638176 ], [ 2.89653, 43.637869 ], [ 2.897159, 43.637633 ], [ 2.897611, 43.637494 ], [ 2.904138, 43.635565 ], [ 2.907456, 43.631283 ], [ 2.909668, 43.628491 ], [ 2.909898, 43.628659 ], [ 2.910331, 43.629098 ], [ 2.910584, 43.629502 ], [ 2.912494236338615, 43.632140562540982 ], [ 2.912939, 43.630595 ] ] ], [ [ [ 2.841670745216208, 43.612488143804818 ], [ 2.840080647510938, 43.612355221315802 ], [ 2.838593269097434, 43.617508739398652 ], [ 2.840126, 43.617611 ], [ 2.842678, 43.61465 ], [ 2.842713799218407, 43.614584745310232 ], [ 2.841670745216208, 43.612488143804818 ] ] ], [ [ [ 2.811111, 43.625349 ], [ 2.810613, 43.625328 ], [ 2.809692, 43.624909 ], [ 2.809551509502094, 43.624829984256415 ], [ 2.809841, 43.6255 ], [ 2.811636, 43.626216 ], [ 2.81205, 43.626407 ], [ 2.81294, 43.626586 ], [ 2.813309, 43.626549 ], [ 2.814133, 43.626384 ], [ 2.820101, 43.632919 ], [ 2.820297, 43.630496 ], [ 2.816026182633403, 43.626492327259911 ], [ 2.811111, 43.625349 ] ] ], [ [ [ 2.78695183779864, 43.61812362038809 ], [ 2.785571, 43.620974 ], [ 2.785610114778794, 43.621099306987766 ], [ 2.785699, 43.621261 ], [ 2.789983, 43.625682 ], [ 2.78695183779864, 43.61812362038809 ] ] ], [ [ [ 2.777119, 43.742579 ], [ 2.776326, 43.742718 ], [ 2.775786, 43.742634 ], [ 2.775397, 43.7425 ], [ 2.774955, 43.74227 ], [ 2.774204, 43.741576 ], [ 2.773283, 43.739756 ], [ 2.772404, 43.738687 ], [ 2.770900463913346, 43.737981013269469 ], [ 2.772487, 43.740922 ], [ 2.777755, 43.745863 ], [ 2.778084, 43.746279 ], [ 2.778539, 43.746771 ], [ 2.780639, 43.755053 ], [ 2.780239, 43.755985 ], [ 2.780201, 43.757052 ], [ 2.780475472121135, 43.757788558097225 ], [ 2.780616066929922, 43.758031934930045 ], [ 2.780945, 43.75847 ], [ 2.781821, 43.759267 ], [ 2.786225, 43.758679 ], [ 2.785504, 43.758727 ], [ 2.784467, 43.75869 ], [ 2.783992, 43.758621 ], [ 2.783547, 43.75851 ], [ 2.783139, 43.758349 ], [ 2.782762, 43.758156 ], [ 2.784405, 43.754953 ], [ 2.786712, 43.754353 ], [ 2.787187, 43.754149 ], [ 2.790997, 43.747764 ], [ 2.786838, 43.743355 ], [ 2.78275, 43.743682 ], [ 2.780865514126822, 43.74169248220015 ], [ 2.777119, 43.742579 ] ] ], [ [ [ 2.815115, 43.750065 ], [ 2.813901, 43.757646 ], [ 2.813253, 43.758139 ], [ 2.812813, 43.758602 ], [ 2.812602, 43.758852 ], [ 2.814589, 43.761368 ], [ 2.817773, 43.763048 ], [ 2.825417, 43.762015 ], [ 2.817766, 43.760649 ], [ 2.816942, 43.760405 ], [ 2.816877, 43.760358 ], [ 2.815125, 43.759107 ], [ 2.815583, 43.757994 ], [ 2.815986, 43.756781 ], [ 2.816638, 43.754937 ], [ 2.817365, 43.75077 ], [ 2.809615, 43.747636 ], [ 2.815115, 43.750065 ] ] ], [ [ [ 2.826825048364948, 43.765004973009525 ], [ 2.827678812938378, 43.763693799044319 ], [ 2.825417, 43.762015 ], [ 2.826825048364948, 43.765004973009525 ] ] ], [ [ [ 2.849564, 43.755346 ], [ 2.851713, 43.756634 ], [ 2.858988, 43.755042 ], [ 2.857432, 43.753381 ], [ 2.8493, 43.755256 ], [ 2.848368, 43.75494 ], [ 2.849564, 43.755346 ] ] ], [ [ [ 2.862832055917504, 43.757963505639289 ], [ 2.862212949597894, 43.757331120108809 ], [ 2.862168, 43.75731 ], [ 2.862832055917504, 43.757963505639289 ] ] ], [ [ [ 2.763867, 43.667357 ], [ 2.761203, 43.669778 ], [ 2.761461, 43.670178 ], [ 2.761926, 43.670832 ], [ 2.761701, 43.670482 ], [ 2.764374298283264, 43.666732029520141 ], [ 2.763847050042756, 43.666290599344315 ], [ 2.763867, 43.667357 ] ] ], [ [ [ 2.765036, 43.680263 ], [ 2.763638, 43.672903 ], [ 2.762421, 43.671423 ], [ 2.762146, 43.67113 ], [ 2.763878, 43.674342 ], [ 2.765036, 43.680263 ] ] ], [ [ [ 2.771148583673273, 43.682948918170872 ], [ 2.769437, 43.682516 ], [ 2.768527, 43.682558 ], [ 2.767257, 43.682251 ], [ 2.766671, 43.681807 ], [ 2.765108, 43.680705 ], [ 2.767058, 43.683489 ], [ 2.771148583673273, 43.682948918170872 ] ] ], [ [ [ 2.782183, 43.684756 ], [ 2.778733, 43.681418 ], [ 2.772870076990454, 43.683369652360518 ], [ 2.773924, 43.683843 ], [ 2.782183, 43.684756 ] ] ], [ [ [ 2.769529, 43.694299 ], [ 2.768742, 43.694144 ], [ 2.768044, 43.694135 ], [ 2.767401, 43.69423 ], [ 2.764173, 43.694051 ], [ 2.763811045340603, 43.693803648077647 ], [ 2.764087, 43.694192 ], [ 2.764215701944776, 43.69488419081663 ], [ 2.765856, 43.694879 ], [ 2.768087, 43.697704 ], [ 2.775276, 43.69476 ], [ 2.776013, 43.694097 ], [ 2.769686, 43.694356 ], [ 2.769529, 43.694299 ] ] ], [ [ [ 2.756553, 43.692085 ], [ 2.75612, 43.692316 ], [ 2.748598159616599, 43.693520275245852 ], [ 2.749251, 43.694408 ], [ 2.7571, 43.693866 ], [ 2.760780012833322, 43.692024749495168 ], [ 2.757035, 43.692067 ], [ 2.756553, 43.692085 ] ] ], [ [ [ 2.801347943886153, 43.620472193151933 ], [ 2.800967, 43.62043 ], [ 2.801722854615323, 43.620546377615383 ], [ 2.801347943886153, 43.620472193151933 ] ] ], [ [ [ 2.868654, 43.629393 ], [ 2.869308, 43.62978 ], [ 2.871142, 43.626683 ], [ 2.867847, 43.622894 ], [ 2.86822, 43.623836 ], [ 2.864944, 43.625328 ], [ 2.863606, 43.626096 ], [ 2.862593, 43.626668 ], [ 2.866573, 43.628109 ], [ 2.867457, 43.628801 ], [ 2.867883, 43.628987 ], [ 2.868654, 43.629393 ] ] ], [ [ [ 2.870447, 43.61379 ], [ 2.873417, 43.612868 ], [ 2.873989, 43.612848 ], [ 2.874784, 43.612688 ], [ 2.87687, 43.611922 ], [ 2.879784, 43.611183 ], [ 2.881272, 43.610929 ], [ 2.884961, 43.610311 ], [ 2.886584, 43.607097 ], [ 2.886153, 43.60688 ], [ 2.885667, 43.606697 ], [ 2.88487, 43.606541 ], [ 2.883727, 43.606512 ], [ 2.883193, 43.606533 ], [ 2.882485, 43.606657 ], [ 2.881798, 43.606871 ], [ 2.87765, 43.607723 ], [ 2.872027, 43.607713 ], [ 2.87255, 43.607805 ], [ 2.875998, 43.608471 ], [ 2.876122, 43.612069 ], [ 2.875979, 43.612074 ], [ 2.874655, 43.612004 ], [ 2.872597, 43.612214 ], [ 2.867867309080671, 43.613107799858788 ], [ 2.866296890176872, 43.614889739784367 ], [ 2.866504, 43.621016 ], [ 2.867269, 43.621743 ], [ 2.867516, 43.622175 ], [ 2.870447, 43.61379 ] ] ] ] } },
{ "type": "Feature", "properties": { "codgeo": "81192", "value": 1200, "isochrone_group": 20.0, "nb_agences": 1 }, "geometry": { "type": "MultiPolygon", "coordinates": [ [ [ [ 2.953495, 43.730558 ], [ 2.953019, 43.726782 ], [ 2.952697, 43.727601 ], [ 2.952309, 43.731514 ], [ 2.954468, 43.735673 ], [ 2.952323174553141, 43.738249957017572 ], [ 2.953041, 43.738052 ], [ 2.953831, 43.738388 ], [ 2.955021238302665, 43.739160926365251 ], [ 2.955248, 43.738731 ], [ 2.955381, 43.737973 ], [ 2.955458, 43.737439 ], [ 2.955064, 43.73619 ], [ 2.953495, 43.730558 ] ] ], [ [ [ 2.953898, 43.723875 ], [ 2.960135, 43.719306 ], [ 2.959439, 43.719083 ], [ 2.958179, 43.718488 ], [ 2.952535, 43.72521 ], [ 2.953019, 43.726782 ], [ 2.953898, 43.723875 ] ] ], [ [ [ 2.963425, 43.727418 ], [ 2.963131, 43.728105 ], [ 2.962985, 43.728492 ], [ 2.962852, 43.729016 ], [ 2.962726, 43.730136 ], [ 2.963188, 43.73119 ], [ 2.963789, 43.732269 ], [ 2.964004, 43.732794 ], [ 2.964239, 43.733194 ], [ 2.964596, 43.73366 ], [ 2.965249, 43.734364 ], [ 2.969325, 43.740212 ], [ 2.969554, 43.741053 ], [ 2.970072, 43.741715 ], [ 2.970651, 43.742093 ], [ 2.971257, 43.742298 ], [ 2.973374, 43.74275 ], [ 2.974751, 43.739423 ], [ 2.975615292750368, 43.733076805745448 ], [ 2.973055, 43.733519 ], [ 2.972625, 43.733839 ], [ 2.972105, 43.734063 ], [ 2.967987, 43.735289 ], [ 2.96742, 43.734547 ], [ 2.966182, 43.73304 ], [ 2.966852, 43.731685 ], [ 2.967476, 43.730676 ], [ 2.968345, 43.724617 ], [ 2.961833, 43.719478 ], [ 2.961138, 43.719471 ], [ 2.960135, 43.719306 ], [ 2.963425, 43.727418 ] ] ], [ [ [ 2.986676, 43.735085 ], [ 2.989221, 43.738997 ], [ 2.98964, 43.738917 ], [ 2.99323, 43.738217 ], [ 2.995178, 43.735189 ], [ 2.994762, 43.734922 ], [ 2.99432, 43.734672 ], [ 2.993604, 43.73432 ], [ 2.993151, 43.734154 ], [ 2.992475, 43.734046 ], [ 2.987402, 43.72713 ], [ 2.98714, 43.726187 ], [ 2.986749, 43.725569 ], [ 2.986248, 43.724937 ], [ 2.985471, 43.718635 ], [ 2.991312, 43.714902 ], [ 2.991902, 43.714338 ], [ 2.992399, 43.713584 ], [ 2.992974, 43.70815 ], [ 2.992897, 43.707365 ], [ 2.992431, 43.706589 ], [ 2.991015, 43.703719 ], [ 2.991989, 43.696905 ], [ 2.991008, 43.69592 ], [ 2.989917, 43.695322 ], [ 2.989053, 43.694946 ], [ 2.988719, 43.694847 ], [ 2.988211, 43.69478 ], [ 2.987723, 43.694794 ], [ 2.987099, 43.694959 ], [ 2.986579, 43.695248 ], [ 2.983133, 43.696501 ], [ 2.985699, 43.69626 ], [ 2.986817, 43.696477 ], [ 2.988986, 43.697729 ], [ 2.988703, 43.698516 ], [ 2.988358, 43.699222 ], [ 2.987311, 43.705635 ], [ 2.988912, 43.709729 ], [ 2.989345, 43.710577 ], [ 2.989542, 43.710994 ], [ 2.988814, 43.713836 ], [ 2.988685, 43.713839 ], [ 2.988162, 43.713784 ], [ 2.982297, 43.717676 ], [ 2.983791, 43.723183 ], [ 2.984306, 43.723735 ], [ 2.984722, 43.724566 ], [ 2.988472, 43.73191 ], [ 2.9864, 43.734854 ], [ 2.985751, 43.734396 ], [ 2.986676, 43.735085 ] ] ], [ [ [ 3.007766, 43.674454 ], [ 3.013693, 43.669858 ], [ 3.014175, 43.669491 ], [ 3.016883, 43.667291 ], [ 3.017548, 43.663962 ], [ 3.0174, 43.66389 ], [ 3.016602, 43.663702 ], [ 3.01473, 43.663624 ], [ 3.014091, 43.663761 ], [ 3.013731, 43.663875 ], [ 3.004904, 43.664048 ], [ 3.004473, 43.664025 ], [ 3.002674, 43.66423 ], [ 2.996134391995991, 43.669492414454645 ], [ 3.003583, 43.667384 ], [ 3.004074, 43.66719 ], [ 3.005351, 43.666659 ], [ 3.005802, 43.666506 ], [ 3.006144, 43.666438 ], [ 3.00767, 43.66613 ], [ 3.008196, 43.666065 ], [ 3.008634, 43.669639 ], [ 3.006105, 43.676137 ], [ 3.00592, 43.676335 ], [ 3.007766, 43.674454 ] ] ], [ [ [ 2.98681187864787, 43.668480647980907 ], [ 2.991844, 43.671113 ], [ 2.993508, 43.670167 ], [ 2.994004, 43.669926 ], [ 2.994492, 43.669815 ], [ 2.98681187864787, 43.668480647980907 ] ] ], [ [ [ 2.979502, 43.665054 ], [ 2.978535, 43.665041 ], [ 2.977713, 43.665073 ], [ 2.976961, 43.665195 ], [ 2.974688, 43.665381 ], [ 2.971436, 43.664876 ], [ 2.970965, 43.664832 ], [ 2.97057, 43.664843 ], [ 2.970137, 43.6649 ], [ 2.969526, 43.665069 ], [ 2.969071, 43.665309 ], [ 2.96968, 43.66873 ], [ 2.965381, 43.675061 ], [ 2.963914, 43.675568 ], [ 2.962813, 43.676932 ], [ 2.962648, 43.677193 ], [ 2.962299, 43.678001 ], [ 2.955818, 43.683479 ], [ 2.960775, 43.681455 ], [ 2.961318, 43.681177 ], [ 2.966376, 43.675567 ], [ 2.967472, 43.674476 ], [ 2.97168, 43.668469 ], [ 2.972178, 43.666836 ], [ 2.973011, 43.666155 ], [ 2.973134, 43.66614 ], [ 2.974483, 43.665919 ], [ 2.978067, 43.666017 ], [ 2.979052, 43.665967 ], [ 2.979385, 43.665979 ], [ 2.982788, 43.666466 ], [ 2.983365, 43.666549 ], [ 2.979502, 43.665054 ] ] ], [ [ [ 2.95603, 43.669595 ], [ 2.958559, 43.667033 ], [ 2.958288, 43.666757 ], [ 2.957829, 43.666218 ], [ 2.957291, 43.665659 ], [ 2.956596, 43.665197 ], [ 2.955142, 43.664911 ], [ 2.953178, 43.664485 ], [ 2.952579, 43.664372 ], [ 2.951785, 43.664489 ], [ 2.948385, 43.665753 ], [ 2.949127, 43.66574 ], [ 2.953719, 43.665054 ], [ 2.955332, 43.666457 ], [ 2.955942, 43.667311 ], [ 2.955993, 43.668504 ], [ 2.955073, 43.669728 ], [ 2.954608, 43.670167 ], [ 2.953558, 43.671211 ], [ 2.95603, 43.669595 ] ] ], [ [ [ 2.960545, 43.647241 ], [ 2.961167, 43.647108 ], [ 2.962971, 43.646921 ], [ 2.96492, 43.646687 ], [ 2.965526, 43.646605 ], [ 2.966051, 43.646408 ], [ 2.966788, 43.646016 ], [ 2.966449, 43.644073 ], [ 2.965954, 43.643299 ], [ 2.965098, 43.642837 ], [ 2.964709, 43.642771 ], [ 2.963523, 43.642968 ], [ 2.954907, 43.643094 ], [ 2.955588, 43.643378 ], [ 2.956942, 43.64442 ], [ 2.957442, 43.645271 ], [ 2.957534, 43.645663 ], [ 2.957842, 43.646997 ], [ 2.95783, 43.647377 ], [ 2.957251, 43.648569 ], [ 2.960545, 43.647241 ] ] ], [ [ [ 2.916762, 43.6316 ], [ 2.917278, 43.631567 ], [ 2.917683, 43.631497 ], [ 2.918183, 43.631376 ], [ 2.917338, 43.627877 ], [ 2.911968, 43.624531 ], [ 2.910288, 43.621803 ], [ 2.909794, 43.620973 ], [ 2.909715, 43.620842 ], [ 2.90965, 43.620758 ], [ 2.902596, 43.61712 ], [ 2.900028, 43.619642 ], [ 2.899444, 43.622404 ], [ 2.899964, 43.624375 ], [ 2.90062, 43.624955 ], [ 2.897882, 43.633455 ], [ 2.889217, 43.63399 ], [ 2.889103, 43.630708 ], [ 2.887366, 43.630263 ], [ 2.886927, 43.630206 ], [ 2.886332, 43.630214 ], [ 2.884792, 43.63037 ], [ 2.881099, 43.635081 ], [ 2.889332, 43.63493 ], [ 2.897767, 43.63697 ], [ 2.898959, 43.635816 ], [ 2.901469, 43.635297 ], [ 2.903437, 43.626866 ], [ 2.90561, 43.623996 ], [ 2.909841, 43.62439 ], [ 2.910563, 43.624699 ], [ 2.912942, 43.626995 ], [ 2.912939, 43.630595 ], [ 2.911678, 43.634977 ], [ 2.916762, 43.6316 ] ] ], [ [ [ 2.812738, 43.627253 ], [ 2.810222610831762, 43.62565221913956 ], [ 2.809841, 43.6255 ], [ 2.809046, 43.62366 ], [ 2.801726, 43.620547 ], [ 2.801722854615323, 43.620546377615383 ], [ 2.800967, 43.62043 ], [ 2.800886644122587, 43.620380914688091 ], [ 2.800786, 43.620361 ], [ 2.800538095014796, 43.620168003794419 ], [ 2.800119, 43.619912 ], [ 2.799933440074923, 43.619697274619739 ], [ 2.799874, 43.619651 ], [ 2.799790514335223, 43.619531884469907 ], [ 2.79968, 43.619404 ], [ 2.799584416107372, 43.619237828002554 ], [ 2.799396, 43.618969 ], [ 2.799231964346147, 43.618625092827713 ], [ 2.799202, 43.618573 ], [ 2.799148488261234, 43.618450081946584 ], [ 2.798847, 43.617818 ], [ 2.798809308724833, 43.617729268456365 ], [ 2.798769, 43.617649 ], [ 2.798762328168677, 43.617618668397078 ], [ 2.798655, 43.617366 ], [ 2.798403, 43.615783 ], [ 2.790922, 43.611553 ], [ 2.789416, 43.613037 ], [ 2.78695183779864, 43.61812362038809 ], [ 2.789983, 43.625682 ], [ 2.790144942783942, 43.625777053373184 ], [ 2.790312, 43.625859 ], [ 2.792466, 43.626776 ], [ 2.792541358836876, 43.626826071312721 ], [ 2.792643, 43.626857 ], [ 2.792907085358834, 43.627069074095388 ], [ 2.793214, 43.627273 ], [ 2.793320854736975, 43.627401352139671 ], [ 2.793364, 43.627436 ], [ 2.793427562715041, 43.627529527994994 ], [ 2.793552, 43.627679 ], [ 2.794138, 43.628493 ], [ 2.794182151912366, 43.628601000336559 ], [ 2.794256, 43.628699 ], [ 2.794365379918785, 43.629049195789356 ], [ 2.794472, 43.62931 ], [ 2.794477208887706, 43.629407232570507 ], [ 2.794499, 43.629477 ], [ 2.794493271954675, 43.629707076487264 ], [ 2.794508, 43.629982 ], [ 2.794484646592071, 43.630053528551827 ], [ 2.794481, 43.6302 ], [ 2.794374641206681, 43.630390461214276 ], [ 2.794174, 43.631005 ], [ 2.793492, 43.631988 ], [ 2.793425852980759, 43.632107631186273 ], [ 2.793082, 43.633067 ], [ 2.792848, 43.633858 ], [ 2.79237, 43.634614 ], [ 2.792643297780489, 43.640495399649673 ], [ 2.79412, 43.64234 ], [ 2.80243, 43.644206 ], [ 2.802903, 43.64413 ], [ 2.803439, 43.644107 ], [ 2.804099, 43.644204 ], [ 2.807856, 43.644268 ], [ 2.809394, 43.643877 ], [ 2.810901, 43.643301 ], [ 2.811596, 43.643151 ], [ 2.812036, 43.643136 ], [ 2.814822, 43.642792 ], [ 2.815657, 43.642616 ], [ 2.816565, 43.642424 ], [ 2.82015, 43.63447 ], [ 2.820015, 43.633918 ], [ 2.820017, 43.633341 ], [ 2.820101, 43.632919 ], [ 2.815372111145427, 43.627740835009277 ], [ 2.812738, 43.627253 ] ] ], [ [ [ 2.77766377437464, 43.748133255801818 ], [ 2.776913085840665, 43.751035759544997 ], [ 2.780353664538131, 43.755717831626143 ], [ 2.780639, 43.755053 ], [ 2.778662955973823, 43.747259858750098 ], [ 2.77766377437464, 43.748133255801818 ] ] ], [ [ [ 2.783830640563318, 43.761385498699404 ], [ 2.784346, 43.761217 ], [ 2.787375, 43.760053 ], [ 2.788959, 43.759337 ], [ 2.789645, 43.758934 ], [ 2.794887, 43.756412 ], [ 2.794172, 43.756614 ], [ 2.790532, 43.757497 ], [ 2.787126, 43.758483 ], [ 2.786731, 43.758591 ], [ 2.786225, 43.758679 ], [ 2.78438378208901, 43.758924830184299 ], [ 2.783830640563318, 43.761385498699404 ] ] ], [ [ [ 2.813901, 43.757646 ], [ 2.815115, 43.750065 ], [ 2.814462998818119, 43.749777052568959 ], [ 2.813901, 43.757646 ] ] ], [ [ [ 2.81115, 43.760054 ], [ 2.811311, 43.760497 ], [ 2.811594, 43.761188 ], [ 2.811768, 43.761549 ], [ 2.813033, 43.764919 ], [ 2.813728, 43.764818 ], [ 2.814858, 43.764546 ], [ 2.81567, 43.764345 ], [ 2.823153, 43.769145 ], [ 2.823329711000354, 43.769359291025317 ], [ 2.826725, 43.768425 ], [ 2.826951215934417, 43.76527288825789 ], [ 2.825417, 43.762015 ], [ 2.817773, 43.763048 ], [ 2.814589, 43.761368 ], [ 2.812602, 43.758852 ], [ 2.812813, 43.758602 ], [ 2.81115, 43.760054 ] ] ], [ [ [ 2.838527, 43.760767 ], [ 2.838553465511265, 43.760787759792045 ], [ 2.838612, 43.760829 ], [ 2.838644210511319, 43.760858941010092 ], [ 2.839348, 43.761411 ], [ 2.843864, 43.763546 ], [ 2.844349, 43.76367 ], [ 2.84545, 43.763871 ], [ 2.84682, 43.764183 ], [ 2.847627, 43.764353 ], [ 2.848102, 43.764508 ], [ 2.849901, 43.764834 ], [ 2.850953, 43.765044 ], [ 2.851408, 43.765165 ], [ 2.853180701306293, 43.765854755877967 ], [ 2.853181, 43.765854 ], [ 2.854072, 43.757434 ], [ 2.860828, 43.756529 ], [ 2.860736297115451, 43.756454890114505 ], [ 2.860632, 43.756389 ], [ 2.859856400210955, 43.755743799518299 ], [ 2.858988, 43.755042 ], [ 2.851713, 43.756634 ], [ 2.849564, 43.755346 ], [ 2.848368, 43.75494 ], [ 2.847952, 43.754833 ], [ 2.847081, 43.754433 ], [ 2.843888, 43.752934 ], [ 2.843551, 43.752852 ], [ 2.84151, 43.752073 ], [ 2.837038759227858, 43.759610662655859 ], [ 2.838527, 43.760767 ] ] ], [ [ [ 2.862591490372982, 43.760458522833709 ], [ 2.863082639040895, 43.758210107589399 ], [ 2.862168, 43.75731 ], [ 2.862007505885249, 43.75721645828088 ], [ 2.861835, 43.757149 ], [ 2.861158679584585, 43.756721731907128 ], [ 2.860828, 43.756529 ], [ 2.862591490372982, 43.760458522833709 ] ] ], [ [ [ 2.883109982732363, 43.763468382056487 ], [ 2.888648, 43.760963 ], [ 2.894425, 43.76103 ], [ 2.897829, 43.760527 ], [ 2.904011, 43.756376 ], [ 2.902934, 43.756182 ], [ 2.901963, 43.754932 ], [ 2.901904, 43.754325 ], [ 2.899678, 43.750848 ], [ 2.892771, 43.756531 ], [ 2.890722, 43.759491 ], [ 2.887819, 43.75944 ], [ 2.887203, 43.759332 ], [ 2.88674, 43.759032 ], [ 2.883256, 43.757728 ], [ 2.882552, 43.757634 ], [ 2.880008, 43.757507 ], [ 2.878758755111996, 43.758767458548306 ], [ 2.883109982732363, 43.763468382056487 ] ] ], [ [ [ 2.909681, 43.757417 ], [ 2.910408, 43.757691 ], [ 2.911089, 43.75773 ], [ 2.9148, 43.757859 ], [ 2.915736, 43.754383 ], [ 2.913426, 43.75164 ], [ 2.913019, 43.750985 ], [ 2.912054, 43.7504 ], [ 2.91131, 43.749832 ], [ 2.910191, 43.748994 ], [ 2.909993, 43.748901 ], [ 2.90937, 43.748959 ], [ 2.909097, 43.749021 ], [ 2.903222, 43.747702 ], [ 2.905042, 43.749566 ], [ 2.909385, 43.750442 ], [ 2.909825, 43.750384 ], [ 2.910326, 43.75038 ], [ 2.910842, 43.750444 ], [ 2.911303, 43.75056 ], [ 2.912242, 43.750945 ], [ 2.912915, 43.751585 ], [ 2.91317, 43.752966 ], [ 2.913154, 43.75304 ], [ 2.912016, 43.754279 ], [ 2.9054, 43.756134 ], [ 2.905107, 43.756201 ], [ 2.904414, 43.756313 ], [ 2.904011, 43.756376 ], [ 2.909681, 43.757417 ] ] ], [ [ [ 2.908832, 43.739483 ], [ 2.909402, 43.739571 ], [ 2.910241, 43.739635 ], [ 2.916108, 43.738038 ], [ 2.918421, 43.73732 ], [ 2.918481, 43.737112 ], [ 2.918611, 43.736302 ], [ 2.918004, 43.735039 ], [ 2.916807, 43.733955 ], [ 2.918005, 43.725605 ], [ 2.917443, 43.725611 ], [ 2.916842, 43.72551 ], [ 2.916224, 43.725434 ], [ 2.915936, 43.725379 ], [ 2.912096, 43.733483 ], [ 2.912169, 43.737083 ], [ 2.91169, 43.737092 ], [ 2.906876, 43.739435 ], [ 2.906756, 43.739469 ], [ 2.908832, 43.739483 ] ] ], [ [ [ 2.945047, 43.737441 ], [ 2.951296, 43.742963 ], [ 2.951680458239363, 43.743287151064578 ], [ 2.951668, 43.743231 ], [ 2.951238, 43.742181 ], [ 2.950139, 43.740152 ], [ 2.950856, 43.739145 ], [ 2.951239, 43.738766 ], [ 2.951584, 43.738524 ], [ 2.952027980977878, 43.738355795752874 ], [ 2.949236, 43.73664 ], [ 2.948073, 43.736023 ], [ 2.940335, 43.731753 ], [ 2.939885, 43.731663 ], [ 2.939263, 43.731376 ], [ 2.945047, 43.737441 ] ] ], [ [ [ 2.758882, 43.664673 ], [ 2.758537, 43.664872 ], [ 2.758273, 43.665189 ], [ 2.758143, 43.665593 ], [ 2.75805, 43.665986 ], [ 2.758228, 43.665755 ], [ 2.758575, 43.665355 ], [ 2.758940727568056, 43.66464828866139 ], [ 2.758906948386868, 43.664625373647567 ], [ 2.758882, 43.664673 ] ] ], [ [ [ 2.870033, 43.630143 ], [ 2.872099, 43.627195 ], [ 2.871813, 43.626963 ], [ 2.867847, 43.622894 ], [ 2.871142, 43.626683 ], [ 2.86932202330745, 43.629756319420281 ], [ 2.870033, 43.630143 ] ] ], [ [ [ 2.891844, 43.612294 ], [ 2.895138, 43.611704 ], [ 2.895113, 43.611241 ], [ 2.894968, 43.610608 ], [ 2.894693, 43.610095 ], [ 2.894315, 43.609676 ], [ 2.893897, 43.609347 ], [ 2.890823, 43.606874 ], [ 2.890747, 43.606861 ], [ 2.88487, 43.606541 ], [ 2.885667, 43.606697 ], [ 2.886153, 43.60688 ], [ 2.886584, 43.607097 ], [ 2.884961, 43.610311 ], [ 2.881272, 43.610929 ], [ 2.879784, 43.611183 ], [ 2.87687, 43.611922 ], [ 2.876470055215933, 43.612068863712651 ], [ 2.881052, 43.612564 ], [ 2.887615, 43.611303 ], [ 2.891267, 43.612111 ], [ 2.891844, 43.612294 ] ] ] ] } }
]
}
