{
"type": "FeatureCollection",
"name": "BPCE",
"crs": { "type": "name", "properties": { "name": "urn:ogc:def:crs:OGC:1.3:CRS84" } },
"features": [
{ "type": "Feature", "properties": { "codgeo": "30263", "value": 60, "isochrone_group": 1.0, "nb_agences": 1 }, "geometry": { "type": "Polygon", "coordinates": [ [ [ 3.853375, 43.964946 ], [ 3.853677, 43.964751 ], [ 3.856507, 43.964304 ], [ 3.856692, 43.964294 ], [ 3.858247, 43.964202 ], [ 3.859287, 43.964484 ], [ 3.864136, 43.966237 ], [ 3.864147, 43.966597 ], [ 3.862417, 43.966802 ], [ 3.859109, 43.967133 ], [ 3.855363, 43.968318 ], [ 3.855006, 43.968269 ], [ 3.854328, 43.967874 ], [ 3.853375, 43.964946 ] ] ] } },
{ "type": "Feature", "properties": { "codgeo": "30263", "value": 120, "isochrone_group": 2.0, "nb_agences": 1 }, "geometry": { "type": "Polygon", "coordinates": [ [ [ 3.849996, 43.973731 ], [ 3.850315, 43.973898 ], [ 3.851643, 43.972821 ], [ 3.855187, 43.970513 ], [ 3.858413, 43.968149 ], [ 3.862417, 43.968581 ], [ 3.863594, 43.968651 ], [ 3.866047, 43.968917 ], [ 3.869169, 43.969339 ], [ 3.869407, 43.969364 ], [ 3.869626, 43.96936 ], [ 3.870082, 43.969271 ], [ 3.870552, 43.969177 ], [ 3.870743, 43.969123 ], [ 3.870948, 43.969065 ], [ 3.871457, 43.968916 ], [ 3.871382, 43.968564 ], [ 3.872421, 43.962706 ], [ 3.872333, 43.962357 ], [ 3.872088, 43.962419 ], [ 3.871561, 43.962622 ], [ 3.871091, 43.96281 ], [ 3.870647, 43.963003 ], [ 3.870209, 43.963193 ], [ 3.869993, 43.963297 ], [ 3.869783, 43.963397 ], [ 3.867003, 43.964424 ], [ 3.863731, 43.964372 ], [ 3.859118, 43.961304 ], [ 3.857376, 43.961103 ], [ 3.854566, 43.961452 ], [ 3.84925, 43.961849 ], [ 3.849113, 43.962182 ], [ 3.851754, 43.965007 ], [ 3.852439, 43.968522 ], [ 3.850585, 43.972235 ], [ 3.8505, 43.972369 ], [ 3.850078, 43.972987 ], [ 3.849996, 43.973731 ] ], [ [ 3.853677, 43.964751 ], [ 3.856507, 43.964304 ], [ 3.856692, 43.964294 ], [ 3.858247, 43.964202 ], [ 3.859287, 43.964484 ], [ 3.864136, 43.966237 ], [ 3.864147, 43.966597 ], [ 3.862417, 43.966802 ], [ 3.859109, 43.967133 ], [ 3.855363, 43.968318 ], [ 3.855006, 43.968269 ], [ 3.854328, 43.967874 ], [ 3.853375, 43.964946 ], [ 3.853677, 43.964751 ] ] ] } },
{ "type": "Feature", "properties": { "codgeo": "30263", "value": 180, "isochrone_group": 3.0, "nb_agences": 1 }, "geometry": { "type": "MultiPolygon", "coordinates": [ [ [ [ 3.848721, 43.973693 ], [ 3.847986, 43.973964 ], [ 3.845795, 43.974077 ], [ 3.845343, 43.974094 ], [ 3.844687, 43.974068 ], [ 3.844497, 43.974125 ], [ 3.843275, 43.977165 ], [ 3.843293, 43.977524 ], [ 3.850362, 43.980001 ], [ 3.853998, 43.977263 ], [ 3.85401, 43.976903 ], [ 3.855187, 43.970513 ], [ 3.851643, 43.972821 ], [ 3.850315, 43.973898 ], [ 3.849996, 43.973731 ], [ 3.850078, 43.972987 ], [ 3.8505, 43.972369 ], [ 3.850585, 43.972235 ], [ 3.848721, 43.973693 ] ] ], [ [ [ 3.863543, 43.969638 ], [ 3.864043, 43.969918 ], [ 3.872344, 43.970221 ], [ 3.880977, 43.970899 ], [ 3.881165, 43.970592 ], [ 3.880991, 43.970486 ], [ 3.880074, 43.961567 ], [ 3.880021, 43.961211 ], [ 3.879193, 43.9604 ], [ 3.878553, 43.960204 ], [ 3.874055, 43.959914 ], [ 3.871936, 43.96049 ], [ 3.871863, 43.960528 ], [ 3.867124, 43.96146 ], [ 3.86087, 43.957837 ], [ 3.860425, 43.957807 ], [ 3.860321, 43.957811 ], [ 3.860012, 43.957867 ], [ 3.857593, 43.958879 ], [ 3.849212, 43.959634 ], [ 3.84894, 43.959596 ], [ 3.84341, 43.958833 ], [ 3.843099, 43.958778 ], [ 3.842774, 43.958721 ], [ 3.842319, 43.958677 ], [ 3.841864, 43.958633 ], [ 3.841829, 43.958991 ], [ 3.843327, 43.960269 ], [ 3.846048, 43.964175 ], [ 3.846238, 43.964481 ], [ 3.850585, 43.972235 ], [ 3.852439, 43.968522 ], [ 3.851754, 43.965007 ], [ 3.849113, 43.962182 ], [ 3.84925, 43.961849 ], [ 3.854566, 43.961452 ], [ 3.857376, 43.961103 ], [ 3.859118, 43.961304 ], [ 3.863731, 43.964372 ], [ 3.867003, 43.964424 ], [ 3.869783, 43.963397 ], [ 3.869993, 43.963297 ], [ 3.870209, 43.963193 ], [ 3.870647, 43.963003 ], [ 3.871091, 43.96281 ], [ 3.871561, 43.962622 ], [ 3.872088, 43.962419 ], [ 3.872333, 43.962357 ], [ 3.872421, 43.962706 ], [ 3.871382, 43.968564 ], [ 3.871457, 43.968916 ], [ 3.870948, 43.969065 ], [ 3.870743, 43.969123 ], [ 3.870552, 43.969177 ], [ 3.870082, 43.969271 ], [ 3.869626, 43.96936 ], [ 3.869407, 43.969364 ], [ 3.869169, 43.969339 ], [ 3.866047, 43.968917 ], [ 3.863594, 43.968651 ], [ 3.862417, 43.968581 ], [ 3.858413, 43.968149 ], [ 3.855187, 43.970513 ], [ 3.863543, 43.969638 ] ] ] ] } },
{ "type": "Feature", "properties": { "codgeo": "30263", "value": 240, "isochrone_group": 4.0, "nb_agences": 1 }, "geometry": { "type": "MultiPolygon", "coordinates": [ [ [ [ 3.881683, 43.961126 ], [ 3.882594, 43.960977 ], [ 3.884243, 43.96099 ], [ 3.884976, 43.961139 ], [ 3.886419, 43.96168 ], [ 3.886623, 43.961762 ], [ 3.886995, 43.961937 ], [ 3.887166, 43.961621 ], [ 3.886589, 43.960163 ], [ 3.878777, 43.956827 ], [ 3.876484, 43.954472 ], [ 3.875322, 43.954054 ], [ 3.875152, 43.953998 ], [ 3.869573, 43.955706 ], [ 3.867249, 43.95562 ], [ 3.861234, 43.951992 ], [ 3.860876, 43.951953 ], [ 3.857401, 43.955616 ], [ 3.850192, 43.957008 ], [ 3.842027, 43.957661 ], [ 3.833399, 43.957393 ], [ 3.830009, 43.958822 ], [ 3.830003, 43.959182 ], [ 3.830184, 43.959185 ], [ 3.830365, 43.959188 ], [ 3.835681, 43.960641 ], [ 3.842292, 43.963844 ], [ 3.842583, 43.96399 ], [ 3.842895, 43.96417 ], [ 3.843736, 43.97253 ], [ 3.839374, 43.973135 ], [ 3.83926, 43.973477 ], [ 3.836223, 43.978408 ], [ 3.834938, 43.979657 ], [ 3.835078, 43.979988 ], [ 3.835576, 43.980759 ], [ 3.835935, 43.980732 ], [ 3.84327, 43.977524 ], [ 3.843292948632686, 43.977522975507469 ], [ 3.843275, 43.977165 ], [ 3.844497, 43.974125 ], [ 3.844687, 43.974068 ], [ 3.845343, 43.974094 ], [ 3.845795, 43.974077 ], [ 3.847986, 43.973964 ], [ 3.848721, 43.973693 ], [ 3.850585, 43.972235 ], [ 3.846238, 43.964481 ], [ 3.846048, 43.964175 ], [ 3.843327, 43.960269 ], [ 3.841829, 43.958991 ], [ 3.841864, 43.958633 ], [ 3.842319, 43.958677 ], [ 3.842774, 43.958721 ], [ 3.843099, 43.958778 ], [ 3.84341, 43.958833 ], [ 3.84894, 43.959596 ], [ 3.849212, 43.959634 ], [ 3.857593, 43.958879 ], [ 3.860012, 43.957867 ], [ 3.860321, 43.957811 ], [ 3.860425, 43.957807 ], [ 3.86087, 43.957837 ], [ 3.867124, 43.96146 ], [ 3.871863, 43.960528 ], [ 3.871936, 43.96049 ], [ 3.874055, 43.959914 ], [ 3.878553, 43.960204 ], [ 3.879193, 43.9604 ], [ 3.880021, 43.961211 ], [ 3.880074, 43.961567 ], [ 3.880163387000981, 43.962436403120755 ], [ 3.881683, 43.961126 ] ] ], [ [ [ 3.872662, 43.971093 ], [ 3.873179, 43.971569 ], [ 3.873462, 43.971676 ], [ 3.873951, 43.971795 ], [ 3.881964, 43.974191 ], [ 3.882161, 43.97422 ], [ 3.886684, 43.974184 ], [ 3.886794, 43.973841 ], [ 3.886507, 43.97375 ], [ 3.88622, 43.973658 ], [ 3.885921, 43.973577 ], [ 3.88563, 43.973498 ], [ 3.88257, 43.971707 ], [ 3.882383, 43.971539 ], [ 3.882223, 43.9714 ], [ 3.881697, 43.970998 ], [ 3.881181, 43.970603 ], [ 3.881164489779152, 43.970592833179794 ], [ 3.880977, 43.970899 ], [ 3.872344, 43.970221 ], [ 3.864043, 43.969918 ], [ 3.872662, 43.971093 ] ] ], [ [ [ 3.864043, 43.969918 ], [ 3.863543, 43.969638 ], [ 3.863249641349057, 43.969668719102394 ], [ 3.864043, 43.969918 ] ] ], [ [ [ 3.851442, 43.982135 ], [ 3.852093, 43.984824 ], [ 3.852109, 43.984989 ], [ 3.852264, 43.98549 ], [ 3.852452, 43.986204 ], [ 3.852641, 43.986917 ], [ 3.852989, 43.986825 ], [ 3.852915, 43.984023 ], [ 3.856405, 43.977915 ], [ 3.856357, 43.977775 ], [ 3.856258, 43.977654 ], [ 3.855187, 43.970513 ], [ 3.85401, 43.976903 ], [ 3.853998, 43.977263 ], [ 3.850362, 43.980001 ], [ 3.84526607754559, 43.978215372624213 ], [ 3.851442, 43.982135 ] ] ] ] } },
{ "type": "Feature", "properties": { "codgeo": "30263", "value": 300, "isochrone_group": 5.0, "nb_agences": 1 }, "geometry": { "type": "MultiPolygon", "coordinates": [ [ [ [ 3.83263, 43.956207 ], [ 3.832486, 43.956105 ], [ 3.829755, 43.9549 ], [ 3.829496, 43.954761 ], [ 3.829238, 43.954621 ], [ 3.820471, 43.956405 ], [ 3.817682, 43.956217 ], [ 3.817604, 43.956568 ], [ 3.820873, 43.957688 ], [ 3.821229, 43.957746 ], [ 3.823565, 43.958001 ], [ 3.825431, 43.958446 ], [ 3.827296, 43.95889 ], [ 3.827581, 43.958925 ], [ 3.827845, 43.958956 ], [ 3.829183, 43.959098 ], [ 3.833681, 43.960883 ], [ 3.833772, 43.960946 ], [ 3.834485, 43.961236 ], [ 3.834645, 43.961302 ], [ 3.83962, 43.962634 ], [ 3.841966, 43.964863 ], [ 3.837961, 43.972545 ], [ 3.835426, 43.971941 ], [ 3.835299, 43.971898 ], [ 3.835139, 43.971884 ], [ 3.834734, 43.971907 ], [ 3.834329, 43.97193 ], [ 3.832721, 43.978423 ], [ 3.831999, 43.985601 ], [ 3.83227, 43.985838 ], [ 3.837973, 43.985848 ], [ 3.838172, 43.985547 ], [ 3.83782, 43.985099 ], [ 3.842112781049317, 43.978030115663778 ], [ 3.835935, 43.980732 ], [ 3.835576, 43.980759 ], [ 3.835078, 43.979988 ], [ 3.834938, 43.979657 ], [ 3.836223, 43.978408 ], [ 3.83926, 43.973477 ], [ 3.839374, 43.973135 ], [ 3.843736, 43.97253 ], [ 3.842895, 43.96417 ], [ 3.842583, 43.96399 ], [ 3.842292, 43.963844 ], [ 3.835681, 43.960641 ], [ 3.830365, 43.959188 ], [ 3.830184, 43.959185 ], [ 3.830003, 43.959182 ], [ 3.830009, 43.958822 ], [ 3.833399, 43.957393 ], [ 3.835850293409511, 43.957469141241745 ], [ 3.83263, 43.956207 ] ] ], [ [ [ 3.884107, 43.950206 ], [ 3.883965, 43.949875 ], [ 3.882693, 43.95042 ], [ 3.88142, 43.950966 ], [ 3.873343, 43.949883 ], [ 3.865661, 43.949732 ], [ 3.86348, 43.947487 ], [ 3.856757, 43.944983 ], [ 3.856695, 43.945049 ], [ 3.856513, 43.945308 ], [ 3.857169, 43.946941 ], [ 3.857609, 43.949533 ], [ 3.851553, 43.956023 ], [ 3.849469, 43.956062 ], [ 3.847281, 43.95577 ], [ 3.845815, 43.955608 ], [ 3.845457, 43.955646 ], [ 3.844913, 43.956014 ], [ 3.842027, 43.957661 ], [ 3.850192, 43.957008 ], [ 3.857401, 43.955616 ], [ 3.860876, 43.951953 ], [ 3.861234, 43.951992 ], [ 3.867249, 43.95562 ], [ 3.869573, 43.955706 ], [ 3.875152, 43.953998 ], [ 3.875322, 43.954054 ], [ 3.876484, 43.954472 ], [ 3.878777, 43.956827 ], [ 3.883067456913937, 43.958659176685224 ], [ 3.884107, 43.950206 ] ] ], [ [ [ 3.883952, 43.962333 ], [ 3.88424, 43.962305 ], [ 3.885671, 43.962221 ], [ 3.885807, 43.962226 ], [ 3.888413, 43.962422 ], [ 3.888621, 43.962451 ], [ 3.888848, 43.962482 ], [ 3.889096, 43.96249 ], [ 3.889351, 43.962497 ], [ 3.890259, 43.962493 ], [ 3.892325, 43.962303 ], [ 3.893935, 43.962543 ], [ 3.894293, 43.962586 ], [ 3.894537, 43.962587 ], [ 3.894886, 43.962533 ], [ 3.89656, 43.962195 ], [ 3.897282, 43.962158 ], [ 3.897663, 43.96215 ], [ 3.899809, 43.960698 ], [ 3.89981, 43.960338 ], [ 3.899546, 43.960337 ], [ 3.899282, 43.960336 ], [ 3.899003, 43.960385 ], [ 3.890807, 43.959206 ], [ 3.88961, 43.959327 ], [ 3.88868, 43.959592 ], [ 3.887729, 43.959863 ], [ 3.884767352208151, 43.959385092033585 ], [ 3.886589, 43.960163 ], [ 3.887166, 43.961621 ], [ 3.886995, 43.961937 ], [ 3.886623, 43.961762 ], [ 3.886419, 43.96168 ], [ 3.884976, 43.961139 ], [ 3.884243, 43.96099 ], [ 3.882594, 43.960977 ], [ 3.881683, 43.961126 ], [ 3.878073, 43.964239 ], [ 3.880725, 43.970362 ], [ 3.880991, 43.970486 ], [ 3.881181, 43.970603 ], [ 3.881697, 43.970998 ], [ 3.883952, 43.962333 ] ] ], [ [ [ 3.886511, 43.973751 ], [ 3.88622, 43.973658 ], [ 3.886507, 43.97375 ], [ 3.886551376470901, 43.973764070588352 ], [ 3.886511, 43.973751 ] ] ], [ [ [ 3.888984, 43.978333 ], [ 3.889309, 43.978178 ], [ 3.891199, 43.976277 ], [ 3.891319, 43.976124 ], [ 3.891369, 43.975988 ], [ 3.89128, 43.975715 ], [ 3.891168, 43.975588 ], [ 3.890706, 43.975356 ], [ 3.890297, 43.975164 ], [ 3.89001, 43.975064 ], [ 3.889286, 43.974756 ], [ 3.889056, 43.974679 ], [ 3.887169, 43.974015 ], [ 3.886988, 43.973929 ], [ 3.886823, 43.973852 ], [ 3.886793531601848, 43.973842460550607 ], [ 3.886684, 43.974184 ], [ 3.882161, 43.97422 ], [ 3.881964, 43.974191 ], [ 3.888984, 43.978333 ] ] ], [ [ [ 3.874564, 43.973638 ], [ 3.87521, 43.973637 ], [ 3.881964, 43.974191 ], [ 3.873951, 43.971795 ], [ 3.873462, 43.971676 ], [ 3.873179, 43.971569 ], [ 3.872662, 43.971093 ], [ 3.871103546241622, 43.970880541110795 ], [ 3.874564, 43.973638 ] ] ], [ [ [ 3.850605, 43.991329 ], [ 3.850502, 43.991556 ], [ 3.850464, 43.99181 ], [ 3.850497, 43.99205 ], [ 3.85054, 43.992229 ], [ 3.850584, 43.992416 ], [ 3.850957, 43.994232 ], [ 3.85102, 43.994707 ], [ 3.851377, 43.99466 ], [ 3.852904, 43.989059 ], [ 3.853051, 43.988558 ], [ 3.853192, 43.988074 ], [ 3.853235, 43.987715 ], [ 3.853205, 43.987511 ], [ 3.852915, 43.984023 ], [ 3.852989, 43.986825 ], [ 3.852641, 43.986917 ], [ 3.852452, 43.986204 ], [ 3.852264, 43.98549 ], [ 3.852109, 43.984989 ], [ 3.850605, 43.991329 ] ] ] ] } },
{ "type": "Feature", "properties": { "codgeo": "30263", "value": 360, "isochrone_group": 6.0, "nb_agences": 1 }, "geometry": { "type": "MultiPolygon", "coordinates": [ [ [ [ 3.829214, 43.954609 ], [ 3.827546, 43.953785 ], [ 3.827362, 43.953777 ], [ 3.82443, 43.953472 ], [ 3.82413, 43.953671 ], [ 3.815704, 43.955798 ], [ 3.813948, 43.955613 ], [ 3.812038, 43.955188 ], [ 3.809119, 43.954299 ], [ 3.80762, 43.954056 ], [ 3.80753, 43.954405 ], [ 3.812174, 43.956337 ], [ 3.813702, 43.95703 ], [ 3.821317, 43.958196 ], [ 3.821898, 43.958283 ], [ 3.825431, 43.958446 ], [ 3.823565, 43.958001 ], [ 3.821229, 43.957746 ], [ 3.820873, 43.957688 ], [ 3.817604, 43.956568 ], [ 3.817682, 43.956217 ], [ 3.820471, 43.956405 ], [ 3.829236781277002, 43.954621247998389 ], [ 3.829214, 43.954609 ] ] ], [ [ [ 3.829493, 43.954759 ], [ 3.829418600000433, 43.954719000000246 ], [ 3.829496, 43.954761 ], [ 3.829755, 43.9549 ], [ 3.829493, 43.954759 ] ] ], [ [ [ 3.873091, 43.948794 ], [ 3.87085, 43.94767 ], [ 3.862821, 43.945524 ], [ 3.86081, 43.943167 ], [ 3.860494, 43.942995 ], [ 3.853041, 43.93928 ], [ 3.852352, 43.938649 ], [ 3.851662, 43.938018 ], [ 3.851419, 43.938284 ], [ 3.851932, 43.941099 ], [ 3.852123, 43.943215 ], [ 3.85276, 43.948885 ], [ 3.845478, 43.9541 ], [ 3.84518, 43.95384 ], [ 3.844935, 43.953591 ], [ 3.84479, 43.953477 ], [ 3.844539, 43.953264 ], [ 3.843489, 43.952739 ], [ 3.843327, 43.952703 ], [ 3.84312, 43.95277 ], [ 3.843013, 43.95289 ], [ 3.841282, 43.955032 ], [ 3.832486, 43.956105 ], [ 3.83263, 43.956207 ], [ 3.837812, 43.958238 ], [ 3.842027, 43.957661 ], [ 3.844913, 43.956014 ], [ 3.845457, 43.955646 ], [ 3.845815, 43.955608 ], [ 3.847281, 43.95577 ], [ 3.849469, 43.956062 ], [ 3.851553, 43.956023 ], [ 3.857609, 43.949533 ], [ 3.857169, 43.946941 ], [ 3.856513, 43.945308 ], [ 3.856695, 43.945049 ], [ 3.856757, 43.944983 ], [ 3.86348, 43.947487 ], [ 3.865661, 43.949732 ], [ 3.873343, 43.949883 ], [ 3.88142, 43.950966 ], [ 3.873091, 43.948794 ] ] ], [ [ [ 3.890078, 43.950411 ], [ 3.893405, 43.949216 ], [ 3.893637, 43.949219 ], [ 3.893822, 43.949196 ], [ 3.894015, 43.949172 ], [ 3.895311, 43.948956 ], [ 3.896607, 43.94874 ], [ 3.896548, 43.948385 ], [ 3.890564, 43.948286 ], [ 3.889762, 43.948314 ], [ 3.887973, 43.948345 ], [ 3.887773, 43.948365 ], [ 3.887591, 43.948383 ], [ 3.887399, 43.948426 ], [ 3.887187, 43.9485 ], [ 3.886995, 43.948568 ], [ 3.886396, 43.948828 ], [ 3.885808, 43.949085 ], [ 3.883614, 43.950025 ], [ 3.882725268406149, 43.950406174307112 ], [ 3.883965, 43.949875 ], [ 3.884107, 43.950206 ], [ 3.883013, 43.959102 ], [ 3.887729, 43.959863 ], [ 3.88868, 43.959592 ], [ 3.88961, 43.959327 ], [ 3.890807, 43.959206 ], [ 3.890078, 43.950411 ] ] ], [ [ [ 3.900678, 43.962452 ], [ 3.909368, 43.961263 ], [ 3.910684, 43.962119 ], [ 3.912008, 43.96298 ], [ 3.912323, 43.963161 ], [ 3.913337, 43.963656 ], [ 3.91435, 43.96415 ], [ 3.914508, 43.963826 ], [ 3.909565, 43.960961 ], [ 3.908195, 43.960273 ], [ 3.907989, 43.960215 ], [ 3.907794, 43.96016 ], [ 3.90753, 43.960114 ], [ 3.907284, 43.960071 ], [ 3.906486, 43.960004 ], [ 3.905704, 43.959939 ], [ 3.905468, 43.959933 ], [ 3.905243, 43.959928 ], [ 3.900658, 43.959009 ], [ 3.900544, 43.958954 ], [ 3.900257, 43.958865 ], [ 3.899678, 43.959331 ], [ 3.890807, 43.959206 ], [ 3.899003, 43.960385 ], [ 3.899282, 43.960336 ], [ 3.899546, 43.960337 ], [ 3.89981, 43.960338 ], [ 3.899809, 43.960698 ], [ 3.897663, 43.96215 ], [ 3.897282, 43.962158 ], [ 3.89656, 43.962195 ], [ 3.896478139334618, 43.962211528617033 ], [ 3.900678, 43.962452 ] ] ], [ [ [ 3.892914815127404, 43.962390922751894 ], [ 3.892325, 43.962303 ], [ 3.890259, 43.962493 ], [ 3.892914815127404, 43.962390922751894 ] ] ], [ [ [ 3.88275, 43.979831 ], [ 3.882898, 43.98016 ], [ 3.884051, 43.981548 ], [ 3.884396, 43.981445 ], [ 3.888924, 43.979038 ], [ 3.889112, 43.978927 ], [ 3.88928, 43.978736 ], [ 3.891199, 43.976277 ], [ 3.889309, 43.978178 ], [ 3.888984, 43.978333 ], [ 3.881964, 43.974191 ], [ 3.88177336713539, 43.974175363250382 ], [ 3.88275, 43.979831 ] ] ], [ [ [ 3.871663, 43.974494 ], [ 3.87182, 43.974818 ], [ 3.872844, 43.97441 ], [ 3.875478, 43.974007 ], [ 3.880301647457954, 43.974054644757423 ], [ 3.87521, 43.973637 ], [ 3.874564, 43.973638 ], [ 3.869169, 43.969339 ], [ 3.864043, 43.969918 ], [ 3.871663, 43.974494 ] ] ], [ [ [ 3.851026, 43.994745 ], [ 3.851087, 43.99606 ], [ 3.850815, 43.999402 ], [ 3.850828, 43.999808 ], [ 3.850908, 44.000013 ], [ 3.851029, 44.000188 ], [ 3.85119, 44.000337 ], [ 3.854358, 44.002923 ], [ 3.854611, 44.002667 ], [ 3.853702, 44.001002 ], [ 3.853611, 44.000866 ], [ 3.851525, 43.995364 ], [ 3.852712293640076, 43.989762174408582 ], [ 3.851377, 43.99466 ], [ 3.851020902277946, 43.994706881212693 ], [ 3.851026, 43.994745 ] ] ], [ [ [ 3.830944, 43.984619 ], [ 3.830177, 43.986595 ], [ 3.828343, 43.990618 ], [ 3.827881, 43.991345 ], [ 3.828178, 43.99155 ], [ 3.834179, 43.989116 ], [ 3.837036, 43.987562 ], [ 3.838347, 43.986227 ], [ 3.838523, 43.985985 ], [ 3.838557, 43.985915 ], [ 3.838529, 43.985827 ], [ 3.838444, 43.985743 ], [ 3.838734819368805, 43.983592575089844 ], [ 3.83782, 43.985099 ], [ 3.838172, 43.985547 ], [ 3.837973, 43.985848 ], [ 3.83227, 43.985838 ], [ 3.831999, 43.985601 ], [ 3.832721, 43.978423 ], [ 3.830944, 43.984619 ] ] ], [ [ [ 3.834437, 43.970664 ], [ 3.834176, 43.970568 ], [ 3.833903, 43.970546 ], [ 3.833723, 43.970558 ], [ 3.833532, 43.970647 ], [ 3.83023, 43.971391 ], [ 3.828318, 43.971166 ], [ 3.828195, 43.971504 ], [ 3.832721, 43.978423 ], [ 3.834329, 43.97193 ], [ 3.834734, 43.971907 ], [ 3.835139, 43.971884 ], [ 3.835299, 43.971898 ], [ 3.835426, 43.971941 ], [ 3.837961, 43.972545 ], [ 3.834437, 43.970664 ] ] ] ] } },
{ "type": "Feature", "properties": { "codgeo": "30263", "value": 420, "isochrone_group": 7.0, "nb_agences": 1 }, "geometry": { "type": "MultiPolygon", "coordinates": [ [ [ [ 3.810073, 43.951414 ], [ 3.809255, 43.949666 ], [ 3.809109, 43.949375 ], [ 3.808898, 43.949034 ], [ 3.808687, 43.948692 ], [ 3.808381, 43.948882 ], [ 3.801924, 43.952669 ], [ 3.797924, 43.950621 ], [ 3.797632, 43.950411 ], [ 3.795226, 43.951075 ], [ 3.794904, 43.9516 ], [ 3.795146, 43.951867 ], [ 3.799374, 43.952433 ], [ 3.804596, 43.956983 ], [ 3.806755, 43.960176 ], [ 3.814567, 43.959297 ], [ 3.81471, 43.959311 ], [ 3.815015, 43.959306 ], [ 3.81532, 43.9593 ], [ 3.821317, 43.958196 ], [ 3.813702, 43.95703 ], [ 3.812174, 43.956337 ], [ 3.80753, 43.954405 ], [ 3.80762, 43.954056 ], [ 3.809119, 43.954299 ], [ 3.812038, 43.955188 ], [ 3.813948, 43.955613 ], [ 3.815704, 43.955798 ], [ 3.810073, 43.951414 ] ] ], [ [ [ 3.824208, 43.953346 ], [ 3.824132, 43.953344 ], [ 3.815704, 43.955798 ], [ 3.82413, 43.953671 ], [ 3.82443, 43.953472 ], [ 3.827362, 43.953777 ], [ 3.824208, 43.953346 ] ] ], [ [ [ 3.851627, 43.932114 ], [ 3.851736, 43.931831 ], [ 3.852295, 43.929641 ], [ 3.852078, 43.929354 ], [ 3.851628, 43.929694 ], [ 3.851178, 43.930034 ], [ 3.851037, 43.930225 ], [ 3.848197, 43.935372 ], [ 3.847153, 43.936888 ], [ 3.84606, 43.939347 ], [ 3.846283, 43.941881 ], [ 3.84638, 43.942228 ], [ 3.848466, 43.94776 ], [ 3.843327, 43.952703 ], [ 3.843489, 43.952739 ], [ 3.844539, 43.953264 ], [ 3.84479, 43.953477 ], [ 3.844935, 43.953591 ], [ 3.84518, 43.95384 ], [ 3.845478, 43.9541 ], [ 3.85276, 43.948885 ], [ 3.852123, 43.943215 ], [ 3.851932, 43.941099 ], [ 3.851419, 43.938284 ], [ 3.851662, 43.938018 ], [ 3.852352, 43.938649 ], [ 3.853041, 43.93928 ], [ 3.851627, 43.932114 ] ] ], [ [ [ 3.876592, 43.946976 ], [ 3.868881, 43.945223 ], [ 3.861707, 43.940847 ], [ 3.861799, 43.939616 ], [ 3.861444, 43.939557 ], [ 3.853041, 43.93928 ], [ 3.860494, 43.942995 ], [ 3.86081, 43.943167 ], [ 3.862821, 43.945524 ], [ 3.87085, 43.94767 ], [ 3.873091, 43.948794 ], [ 3.88142, 43.950966 ], [ 3.883614, 43.950025 ], [ 3.876592, 43.946976 ] ] ], [ [ [ 3.899293, 43.951698 ], [ 3.905494, 43.947138 ], [ 3.905799, 43.94705 ], [ 3.90572, 43.946699 ], [ 3.904142, 43.946215 ], [ 3.897446, 43.948234 ], [ 3.891554262714782, 43.948302383022863 ], [ 3.896548, 43.948385 ], [ 3.896607, 43.94874 ], [ 3.895311, 43.948956 ], [ 3.894015, 43.949172 ], [ 3.893822, 43.949196 ], [ 3.893637, 43.949219 ], [ 3.893405, 43.949216 ], [ 3.890078, 43.950411 ], [ 3.890807, 43.959206 ], [ 3.899678, 43.959331 ], [ 3.900257, 43.958865 ], [ 3.90053777545258, 43.958952069739645 ], [ 3.899293, 43.951698 ] ] ], [ [ [ 3.914936, 43.964435 ], [ 3.917718, 43.96592 ], [ 3.921238, 43.967873 ], [ 3.922199, 43.968524 ], [ 3.923843, 43.969835 ], [ 3.924135, 43.969624 ], [ 3.923956, 43.969376 ], [ 3.918763, 43.962773 ], [ 3.918249, 43.962145 ], [ 3.917735, 43.961517 ], [ 3.909565, 43.960961 ], [ 3.914508, 43.963826 ], [ 3.914350280294758, 43.964149425218331 ], [ 3.914936, 43.964435 ] ] ], [ [ [ 3.900862, 43.963854 ], [ 3.909368, 43.961263 ], [ 3.900678, 43.962452 ], [ 3.896172, 43.962194 ], [ 3.894886, 43.962533 ], [ 3.900862, 43.963854 ] ] ], [ [ [ 3.881085, 43.980374 ], [ 3.881101, 43.980459 ], [ 3.881439, 43.986792 ], [ 3.881553, 43.987134 ], [ 3.881741, 43.98707 ], [ 3.881985, 43.986915 ], [ 3.889165, 43.981948 ], [ 3.891319, 43.976124 ], [ 3.891199, 43.976277 ], [ 3.88928, 43.978736 ], [ 3.889112, 43.978927 ], [ 3.888924, 43.979038 ], [ 3.884396, 43.981445 ], [ 3.884051, 43.981548 ], [ 3.882898, 43.98016 ], [ 3.88275, 43.979831 ], [ 3.881755, 43.974069 ], [ 3.875478, 43.974007 ], [ 3.881085, 43.980374 ] ] ], [ [ [ 3.870227, 43.974493 ], [ 3.870468, 43.974633 ], [ 3.870794, 43.974763 ], [ 3.871094, 43.97488 ], [ 3.871516, 43.974887 ], [ 3.871728, 43.974855 ], [ 3.871817715893241, 43.974813286301966 ], [ 3.871663, 43.974494 ], [ 3.864043, 43.969918 ], [ 3.870227, 43.974493 ] ] ], [ [ [ 3.851546, 44.007073 ], [ 3.851687, 44.007404 ], [ 3.8533, 44.009 ], [ 3.85366, 44.008983 ], [ 3.855084, 44.004507 ], [ 3.855152, 44.00425 ], [ 3.855034, 44.003274 ], [ 3.855003, 44.003139 ], [ 3.854898, 44.002971 ], [ 3.853702, 44.001002 ], [ 3.854611, 44.002667 ], [ 3.854358, 44.002923 ], [ 3.85119, 44.000337 ], [ 3.851029, 44.000188 ], [ 3.850908, 44.000013 ], [ 3.851546, 44.007073 ] ] ], [ [ [ 3.828331, 43.984166 ], [ 3.82682, 43.984815 ], [ 3.826798, 43.985174 ], [ 3.825917, 43.993051 ], [ 3.824862, 43.994318 ], [ 3.824516, 43.994673 ], [ 3.823351, 43.995723 ], [ 3.823233, 43.995854 ], [ 3.822895, 43.996471 ], [ 3.822845, 43.996668 ], [ 3.82279, 43.996917 ], [ 3.8228, 43.997177 ], [ 3.822842, 43.997533 ], [ 3.822948, 43.99767 ], [ 3.823101, 43.997784 ], [ 3.823253, 43.997899 ], [ 3.825726, 43.99616 ], [ 3.82647, 43.994819 ], [ 3.828692, 43.991967 ], [ 3.835749, 43.991493 ], [ 3.836024, 43.991614 ], [ 3.838358, 43.992026 ], [ 3.84311, 43.989791 ], [ 3.850894, 43.993758 ], [ 3.850584, 43.992416 ], [ 3.85054, 43.992229 ], [ 3.850497, 43.99205 ], [ 3.850464, 43.99181 ], [ 3.850502, 43.991556 ], [ 3.850605, 43.991329 ], [ 3.852109, 43.984989 ], [ 3.852093, 43.984824 ], [ 3.851442, 43.982135 ], [ 3.851374, 43.981962 ], [ 3.844336, 43.977474 ], [ 3.84412, 43.977488 ], [ 3.843494, 43.977514 ], [ 3.84327, 43.977524 ], [ 3.843036, 43.977512 ], [ 3.842793, 43.977498 ], [ 3.842459, 43.97746 ], [ 3.839509, 43.977868 ], [ 3.838444, 43.985743 ], [ 3.838529, 43.985827 ], [ 3.838557, 43.985915 ], [ 3.838523, 43.985985 ], [ 3.838347, 43.986227 ], [ 3.837036, 43.987562 ], [ 3.834179, 43.989116 ], [ 3.828178, 43.99155 ], [ 3.827881, 43.991345 ], [ 3.828343, 43.990618 ], [ 3.830177, 43.986595 ], [ 3.830944, 43.984619 ], [ 3.832721, 43.978423 ], [ 3.828331, 43.984166 ] ] ], [ [ [ 3.827959, 43.971039 ], [ 3.827655, 43.971005 ], [ 3.826819, 43.971073 ], [ 3.826296, 43.971111 ], [ 3.823114, 43.970804 ], [ 3.822876, 43.971074 ], [ 3.823042, 43.97122 ], [ 3.823207, 43.971366 ], [ 3.823352, 43.971459 ], [ 3.823645, 43.971588 ], [ 3.823895, 43.971653 ], [ 3.824118, 43.97171 ], [ 3.82429, 43.971728 ], [ 3.825318, 43.971769 ], [ 3.825461, 43.971778 ], [ 3.828338079226616, 43.971722728495152 ], [ 3.828195, 43.971504 ], [ 3.828318, 43.971166 ], [ 3.83023, 43.971391 ], [ 3.827959, 43.971039 ] ] ] ] } },
{ "type": "Feature", "properties": { "codgeo": "30263", "value": 480, "isochrone_group": 8.0, "nb_agences": 1 }, "geometry": { "type": "MultiPolygon", "coordinates": [ [ [ [ 3.798128, 43.949403 ], [ 3.798087, 43.94935 ], [ 3.789574, 43.948515 ], [ 3.789216, 43.948553 ], [ 3.780928, 43.949137 ], [ 3.780898, 43.949496 ], [ 3.785101, 43.949848 ], [ 3.790916, 43.951928 ], [ 3.794423, 43.954505 ], [ 3.795398, 43.955053 ], [ 3.795539, 43.954984 ], [ 3.800519467476299, 43.953431061473999 ], [ 3.799374, 43.952433 ], [ 3.795146, 43.951867 ], [ 3.794904, 43.9516 ], [ 3.795226, 43.951075 ], [ 3.797632, 43.950411 ], [ 3.797924, 43.950621 ], [ 3.801924, 43.952669 ], [ 3.798128, 43.949403 ] ] ], [ [ [ 3.809763, 43.946948 ], [ 3.809774, 43.946825 ], [ 3.809777, 43.946368 ], [ 3.806449, 43.942307 ], [ 3.806331, 43.942117 ], [ 3.806155, 43.94195 ], [ 3.805919, 43.941799 ], [ 3.804253, 43.940645 ], [ 3.80401, 43.940911 ], [ 3.805539, 43.944101 ], [ 3.80559, 43.944255 ], [ 3.805753, 43.944508 ], [ 3.805898, 43.944725 ], [ 3.806279, 43.945241 ], [ 3.801924, 43.952669 ], [ 3.808381, 43.948882 ], [ 3.808687, 43.948692 ], [ 3.808898, 43.949034 ], [ 3.809109, 43.949375 ], [ 3.809255, 43.949666 ], [ 3.810073, 43.951414 ], [ 3.809763, 43.946948 ] ] ], [ [ [ 3.852789, 43.929337 ], [ 3.8529, 43.929123 ], [ 3.852865, 43.928936 ], [ 3.852724, 43.928776 ], [ 3.849918, 43.924695 ], [ 3.849461, 43.920165 ], [ 3.849104, 43.920125 ], [ 3.848972, 43.9213 ], [ 3.848841, 43.922474 ], [ 3.848907, 43.922792 ], [ 3.849576, 43.924809 ], [ 3.850142, 43.927512 ], [ 3.84586, 43.93417 ], [ 3.84505, 43.935071 ], [ 3.841761, 43.938863 ], [ 3.841813, 43.944208 ], [ 3.841854, 43.944566 ], [ 3.842612, 43.946098 ], [ 3.843013, 43.95289 ], [ 3.84312, 43.95277 ], [ 3.843327, 43.952703 ], [ 3.848466, 43.94776 ], [ 3.84638, 43.942228 ], [ 3.846283, 43.941881 ], [ 3.84606, 43.939347 ], [ 3.847153, 43.936888 ], [ 3.848197, 43.935372 ], [ 3.851037, 43.930225 ], [ 3.851178, 43.930034 ], [ 3.851628, 43.929694 ], [ 3.852078, 43.929354 ], [ 3.852295, 43.929641 ], [ 3.851736, 43.931831 ], [ 3.852789, 43.929337 ] ] ], [ [ [ 3.861909, 43.939196 ], [ 3.861931, 43.938952 ], [ 3.861583, 43.938857 ], [ 3.853041, 43.93928 ], [ 3.861444, 43.939557 ], [ 3.861799, 43.939616 ], [ 3.861707, 43.940847 ], [ 3.861909, 43.939196 ] ] ], [ [ [ 3.877038, 43.947136 ], [ 3.876847, 43.946831 ], [ 3.868881, 43.945223 ], [ 3.876592, 43.946976 ], [ 3.883614, 43.950025 ], [ 3.885808, 43.949085 ], [ 3.877038, 43.947136 ] ] ], [ [ [ 3.90798, 43.947657 ], [ 3.908322, 43.947545 ], [ 3.910836, 43.946097 ], [ 3.911082, 43.946048 ], [ 3.911329, 43.945998 ], [ 3.911258, 43.945645 ], [ 3.907366, 43.943402 ], [ 3.904935, 43.943049 ], [ 3.901552, 43.94325 ], [ 3.895950057511782, 43.948251362802253 ], [ 3.897446, 43.948234 ], [ 3.904142, 43.946215 ], [ 3.90572, 43.946699 ], [ 3.905799, 43.94705 ], [ 3.905494, 43.947138 ], [ 3.904776710872254, 43.947665469508564 ], [ 3.90798, 43.947657 ] ] ], [ [ [ 3.899305, 43.951709 ], [ 3.899348161293461, 43.951657436300898 ], [ 3.899293, 43.951698 ], [ 3.899317116638937, 43.951838542441116 ], [ 3.899305, 43.951709 ] ] ], [ [ [ 3.900560820880382, 43.959086369576717 ], [ 3.900575, 43.959169 ], [ 3.904484, 43.960031 ], [ 3.900560820880382, 43.959086369576717 ] ] ], [ [ [ 3.916808, 43.958321 ], [ 3.914485, 43.955212 ], [ 3.914153, 43.954663 ], [ 3.913845, 43.95485 ], [ 3.907284, 43.960071 ], [ 3.90753, 43.960114 ], [ 3.907794, 43.96016 ], [ 3.907989, 43.960215 ], [ 3.908195, 43.960273 ], [ 3.909565, 43.960961 ], [ 3.917735, 43.961517 ], [ 3.918249, 43.962145 ], [ 3.918763, 43.962773 ], [ 3.916808, 43.958321 ] ] ], [ [ [ 3.922554, 43.972491 ], [ 3.924245, 43.975766 ], [ 3.924379, 43.976074 ], [ 3.925132, 43.97712 ], [ 3.925299, 43.977337 ], [ 3.925584, 43.977117 ], [ 3.925081, 43.97276 ], [ 3.925027, 43.972498 ], [ 3.924722, 43.9714 ], [ 3.92442, 43.970313 ], [ 3.924287, 43.969982 ], [ 3.924161, 43.969669 ], [ 3.924131357112358, 43.969626632360573 ], [ 3.923843, 43.969835 ], [ 3.922199, 43.968524 ], [ 3.921238, 43.967873 ], [ 3.917718, 43.96592 ], [ 3.922554, 43.972491 ] ] ], [ [ [ 3.889971, 43.981926 ], [ 3.894155, 43.982405 ], [ 3.894819, 43.982714 ], [ 3.89497, 43.982387 ], [ 3.891369, 43.975988 ], [ 3.891319, 43.976124 ], [ 3.889165, 43.981948 ], [ 3.888873085329581, 43.982149941527574 ], [ 3.889971, 43.981926 ] ] ], [ [ [ 3.877924, 43.981234 ], [ 3.878008, 43.981598 ], [ 3.880218, 43.987244 ], [ 3.880243, 43.987337 ], [ 3.881051, 43.988247 ], [ 3.883412, 43.989463 ], [ 3.883639, 43.9896 ], [ 3.883865, 43.989736 ], [ 3.884051, 43.989428 ], [ 3.888318278118335, 43.982533747574692 ], [ 3.881985, 43.986915 ], [ 3.881741, 43.98707 ], [ 3.881553, 43.987134 ], [ 3.881439, 43.986792 ], [ 3.881101, 43.980459 ], [ 3.881085, 43.980374 ], [ 3.875478, 43.974007 ], [ 3.872844, 43.97441 ], [ 3.872156, 43.974656 ], [ 3.871728, 43.974855 ], [ 3.877924, 43.981234 ] ] ], [ [ [ 3.85092, 44.006235 ], [ 3.849265, 44.01073 ], [ 3.8494, 44.011064 ], [ 3.851141, 44.013359 ], [ 3.855002, 44.013657 ], [ 3.856919, 44.010751 ], [ 3.857114, 44.010449 ], [ 3.855152, 44.00425 ], [ 3.855084, 44.004507 ], [ 3.85366, 44.008983 ], [ 3.8533, 44.009 ], [ 3.851687, 44.007404 ], [ 3.851546, 44.007073 ], [ 3.850908, 44.000013 ], [ 3.85092, 44.006235 ] ] ], [ [ [ 3.819807, 44.000557 ], [ 3.819306, 44.000929 ], [ 3.818414, 44.001892 ], [ 3.818326, 44.002093 ], [ 3.818291, 44.002227 ], [ 3.818853, 44.003418 ], [ 3.819181, 44.003565 ], [ 3.823718, 44.000798 ], [ 3.823833, 44.000718 ], [ 3.825818, 43.999066 ], [ 3.829968, 43.99383 ], [ 3.838122, 43.993499 ], [ 3.843316, 43.994557 ], [ 3.843676, 43.994555 ], [ 3.850828, 43.999808 ], [ 3.850815, 43.999402 ], [ 3.850882, 43.999172 ], [ 3.851087, 43.99606 ], [ 3.851026, 43.994745 ], [ 3.850959, 43.994244 ], [ 3.850894, 43.993758 ], [ 3.84311, 43.989791 ], [ 3.838358, 43.992026 ], [ 3.836024, 43.991614 ], [ 3.835749, 43.991493 ], [ 3.828692, 43.991967 ], [ 3.82647, 43.994819 ], [ 3.825726, 43.99616 ], [ 3.823253, 43.997899 ], [ 3.823101, 43.997784 ], [ 3.822948, 43.99767 ], [ 3.822842, 43.997533 ], [ 3.8228, 43.997177 ], [ 3.82279, 43.996917 ], [ 3.822845, 43.996668 ], [ 3.822895, 43.996471 ], [ 3.819807, 44.000557 ] ] ], [ [ [ 3.828656, 43.983695 ], [ 3.828515, 43.983779 ], [ 3.826356, 43.984657 ], [ 3.826187, 43.984826 ], [ 3.822626, 43.990233 ], [ 3.822667, 43.990591 ], [ 3.822895, 43.996471 ], [ 3.823233, 43.995854 ], [ 3.823351, 43.995723 ], [ 3.824516, 43.994673 ], [ 3.824862, 43.994318 ], [ 3.825917, 43.993051 ], [ 3.826798, 43.985174 ], [ 3.82682, 43.984815 ], [ 3.828331, 43.984166 ], [ 3.832721, 43.978423 ], [ 3.828656, 43.983695 ] ] ], [ [ [ 3.823074, 43.970773 ], [ 3.822203, 43.970892 ], [ 3.821488, 43.970985 ], [ 3.823645, 43.971588 ], [ 3.823352, 43.971459 ], [ 3.823207, 43.971366 ], [ 3.823042, 43.97122 ], [ 3.822876, 43.971074 ], [ 3.823114, 43.970804 ], [ 3.826296, 43.971111 ], [ 3.823074, 43.970773 ] ] ], [ [ [ 3.80513, 43.957929 ], [ 3.806315, 43.961689 ], [ 3.806349, 43.962016 ], [ 3.806387, 43.96237 ], [ 3.806473, 43.962574 ], [ 3.80661, 43.962685 ], [ 3.807667, 43.963351 ], [ 3.807793, 43.963422 ], [ 3.810448, 43.96504 ], [ 3.81076, 43.964861 ], [ 3.815722, 43.959247 ], [ 3.821317, 43.958196 ], [ 3.81532, 43.9593 ], [ 3.815015, 43.959306 ], [ 3.81471, 43.959311 ], [ 3.814567, 43.959297 ], [ 3.806755, 43.960176 ], [ 3.804596, 43.956983 ], [ 3.804356570301837, 43.956774381630282 ], [ 3.80513, 43.957929 ] ] ] ] } },
{ "type": "Feature", "properties": { "codgeo": "30263", "value": 540, "isochrone_group": 9.0, "nb_agences": 1 }, "geometry": { "type": "MultiPolygon", "coordinates": [ [ [ [ 3.808037, 43.941921 ], [ 3.807849, 43.941493 ], [ 3.807466, 43.940961 ], [ 3.804385, 43.935607 ], [ 3.804149, 43.935193 ], [ 3.799584, 43.9322 ], [ 3.796972, 43.934678 ], [ 3.797507, 43.935241 ], [ 3.799071, 43.937109 ], [ 3.799521, 43.937781 ], [ 3.801278, 43.940253 ], [ 3.797217, 43.947487 ], [ 3.794702, 43.94743 ], [ 3.789957, 43.94627 ], [ 3.78784, 43.945299 ], [ 3.787615, 43.945442 ], [ 3.781054, 43.947522 ], [ 3.779579988083281, 43.947390133125708 ], [ 3.779259, 43.950976 ], [ 3.777045, 43.950777 ], [ 3.77483, 43.950579 ], [ 3.772244, 43.950341 ], [ 3.769723233726288, 43.951212810868455 ], [ 3.773635, 43.952572 ], [ 3.780732, 43.951108 ], [ 3.784956, 43.951461 ], [ 3.789773, 43.955262 ], [ 3.791513, 43.958413 ], [ 3.792546, 43.958062 ], [ 3.793209, 43.957897 ], [ 3.79475, 43.956324 ], [ 3.801466, 43.954595 ], [ 3.80474, 43.959607 ], [ 3.804735, 43.961269 ], [ 3.804704, 43.961854 ], [ 3.804822, 43.962788 ], [ 3.803995, 43.966547 ], [ 3.803466, 43.970108 ], [ 3.804002, 43.970187 ], [ 3.804683, 43.970282 ], [ 3.80549, 43.97036 ], [ 3.805826, 43.970369 ], [ 3.80728, 43.970065 ], [ 3.808055, 43.969841 ], [ 3.808791, 43.969518 ], [ 3.809245, 43.969322 ], [ 3.80938, 43.969263 ], [ 3.810052, 43.968984 ], [ 3.811599, 43.968486 ], [ 3.812701, 43.96784 ], [ 3.813174, 43.964271 ], [ 3.819888, 43.958769 ], [ 3.823179, 43.959575 ], [ 3.825055, 43.960022 ], [ 3.82692, 43.960466 ], [ 3.827409, 43.969403 ], [ 3.825927, 43.969553 ], [ 3.823898, 43.969378 ], [ 3.823074470842126, 43.970773049393138 ], [ 3.826296, 43.971111 ], [ 3.826819, 43.971073 ], [ 3.827655, 43.971005 ], [ 3.827959, 43.971039 ], [ 3.83023, 43.971391 ], [ 3.833532, 43.970647 ], [ 3.833723, 43.970558 ], [ 3.833903, 43.970546 ], [ 3.834176, 43.970568 ], [ 3.834437, 43.970664 ], [ 3.837961, 43.972545 ], [ 3.841966, 43.964863 ], [ 3.83962, 43.962634 ], [ 3.834645, 43.961302 ], [ 3.834485, 43.961236 ], [ 3.833772, 43.960946 ], [ 3.833681, 43.960883 ], [ 3.829969, 43.959181 ], [ 3.829183, 43.959098 ], [ 3.827845, 43.958956 ], [ 3.827581, 43.958925 ], [ 3.827296, 43.95889 ], [ 3.825431, 43.958446 ], [ 3.823565, 43.958001 ], [ 3.821317, 43.958196 ], [ 3.815722, 43.959247 ], [ 3.81076, 43.964861 ], [ 3.810448, 43.96504 ], [ 3.807793, 43.963422 ], [ 3.807667, 43.963351 ], [ 3.80661, 43.962685 ], [ 3.806473, 43.962574 ], [ 3.806387, 43.96237 ], [ 3.806349, 43.962016 ], [ 3.806315, 43.961689 ], [ 3.80513, 43.957929 ], [ 3.801841, 43.953019 ], [ 3.795539, 43.954984 ], [ 3.795398, 43.955053 ], [ 3.794423, 43.954505 ], [ 3.790916, 43.951928 ], [ 3.785101, 43.949848 ], [ 3.780898, 43.949496 ], [ 3.780928, 43.949137 ], [ 3.789216, 43.948553 ], [ 3.789574, 43.948515 ], [ 3.798087, 43.94935 ], [ 3.798128, 43.949403 ], [ 3.801924, 43.952669 ], [ 3.806279, 43.945241 ], [ 3.805898, 43.944725 ], [ 3.805753, 43.944508 ], [ 3.80559, 43.944255 ], [ 3.805539, 43.944101 ], [ 3.80401, 43.940911 ], [ 3.804253, 43.940645 ], [ 3.805919, 43.941799 ], [ 3.806155, 43.94195 ], [ 3.806331, 43.942117 ], [ 3.806449, 43.942307 ], [ 3.809210035576799, 43.945676160299705 ], [ 3.808159, 43.942745 ], [ 3.808037, 43.941921 ] ] ], [ [ [ 3.777291332640181, 43.94718528870613 ], [ 3.777366, 43.947192 ], [ 3.777513600022063, 43.947205200001974 ], [ 3.777291332640181, 43.94718528870613 ] ] ], [ [ [ 3.809786265044547, 43.947283166738536 ], [ 3.810073, 43.951414 ], [ 3.810846680299035, 43.952016346728996 ], [ 3.809878, 43.947539 ], [ 3.809786265044547, 43.947283166738536 ] ] ], [ [ [ 3.813608413611604, 43.954166486818188 ], [ 3.815704, 43.955798 ], [ 3.818978225383709, 43.954844636320402 ], [ 3.817757, 43.954574 ], [ 3.813608413611604, 43.954166486818188 ] ] ], [ [ [ 3.833025, 43.954577 ], [ 3.831922, 43.954196 ], [ 3.830525, 43.953475 ], [ 3.829825, 43.953109 ], [ 3.829376, 43.952929 ], [ 3.827695, 43.952172 ], [ 3.82318959667204, 43.953618401728384 ], [ 3.824132, 43.953344 ], [ 3.824208, 43.953346 ], [ 3.827362, 43.953777 ], [ 3.827546, 43.953785 ], [ 3.829038, 43.954537 ], [ 3.829214, 43.954609 ], [ 3.829493, 43.954759 ], [ 3.829755, 43.9549 ], [ 3.831527, 43.955767 ], [ 3.832014, 43.955939 ], [ 3.832486, 43.956105 ], [ 3.841282, 43.955032 ], [ 3.842326445414195, 43.953739566679822 ], [ 3.833632, 43.954933 ], [ 3.833025, 43.954577 ] ] ], [ [ [ 3.854073, 43.930325 ], [ 3.854518, 43.929051 ], [ 3.854203, 43.928023 ], [ 3.853397, 43.927302 ], [ 3.851455, 43.924185 ], [ 3.854834, 43.916399 ], [ 3.855314, 43.915992 ], [ 3.857437, 43.913796 ], [ 3.854849, 43.911293 ], [ 3.850808, 43.91478 ], [ 3.850192, 43.915343 ], [ 3.8482, 43.918014 ], [ 3.847811, 43.918711 ], [ 3.847554, 43.919537 ], [ 3.847231, 43.922294 ], [ 3.847333, 43.923176 ], [ 3.848039, 43.925319 ], [ 3.843098, 43.931173 ], [ 3.842725, 43.931194 ], [ 3.838783, 43.936006 ], [ 3.837335, 43.939302 ], [ 3.840058, 43.943596 ], [ 3.840669, 43.947384 ], [ 3.84067, 43.947721 ], [ 3.842357667360798, 43.953700931550081 ], [ 3.843013, 43.95289 ], [ 3.842612, 43.946098 ], [ 3.841854, 43.944566 ], [ 3.841813, 43.944208 ], [ 3.841761, 43.938863 ], [ 3.84505, 43.935071 ], [ 3.84586, 43.93417 ], [ 3.850142, 43.927512 ], [ 3.849576, 43.924809 ], [ 3.848907, 43.922792 ], [ 3.848841, 43.922474 ], [ 3.848972, 43.9213 ], [ 3.849104, 43.920125 ], [ 3.849461, 43.920165 ], [ 3.849918, 43.924695 ], [ 3.852724, 43.928776 ], [ 3.852865, 43.928936 ], [ 3.8529, 43.929123 ], [ 3.852789, 43.929337 ], [ 3.851736, 43.931831 ], [ 3.851627, 43.932114 ], [ 3.853041, 43.93928 ], [ 3.855778676739587, 43.939144430196571 ], [ 3.854554, 43.938552 ], [ 3.854073, 43.930325 ] ] ], [ [ [ 3.911613, 43.964618 ], [ 3.914226, 43.965891 ], [ 3.916899, 43.967192 ], [ 3.919926, 43.97311 ], [ 3.919967, 43.977214 ], [ 3.922087, 43.980123 ], [ 3.926843, 43.984554 ], [ 3.927867, 43.985122 ], [ 3.934415, 43.98615 ], [ 3.936579, 43.983273 ], [ 3.935998, 43.982835 ], [ 3.934083, 43.981392 ], [ 3.931346, 43.979873 ], [ 3.927664, 43.9747 ], [ 3.926612, 43.972162 ], [ 3.925981, 43.969879 ], [ 3.925663, 43.969062 ], [ 3.925272, 43.96843 ], [ 3.924896, 43.968022 ], [ 3.920349, 43.962327 ], [ 3.920017, 43.961746 ], [ 3.918759, 43.960253 ], [ 3.916578, 43.956206 ], [ 3.916369, 43.955236 ], [ 3.916204, 43.954922 ], [ 3.916521, 43.947603 ], [ 3.919519, 43.946038 ], [ 3.923385, 43.945275 ], [ 3.924004, 43.945217 ], [ 3.923812, 43.941622 ], [ 3.923531, 43.941637 ], [ 3.922971, 43.941699 ], [ 3.914587, 43.942409 ], [ 3.907629, 43.942187 ], [ 3.905271, 43.941457 ], [ 3.901383, 43.939444 ], [ 3.901003, 43.939229 ], [ 3.900498, 43.939039 ], [ 3.899969, 43.93892 ], [ 3.898812, 43.938774 ], [ 3.898671, 43.938778 ], [ 3.897374, 43.938853 ], [ 3.894827, 43.940437 ], [ 3.888921, 43.946723 ], [ 3.887968, 43.946725 ], [ 3.887428, 43.946771 ], [ 3.887033, 43.946848 ], [ 3.886456, 43.94704 ], [ 3.885161, 43.9476 ], [ 3.883099528982453, 43.948483083236816 ], [ 3.885808, 43.949085 ], [ 3.886396, 43.948828 ], [ 3.886995, 43.948568 ], [ 3.887187, 43.9485 ], [ 3.887399, 43.948426 ], [ 3.887591, 43.948383 ], [ 3.887773, 43.948365 ], [ 3.887973, 43.948345 ], [ 3.888479, 43.948344 ], [ 3.88898, 43.948342 ], [ 3.889762, 43.948314 ], [ 3.890564, 43.948286 ], [ 3.890898, 43.94831 ], [ 3.891195, 43.94836 ], [ 3.895629, 43.948538 ], [ 3.901552, 43.94325 ], [ 3.904935, 43.943049 ], [ 3.907366, 43.943402 ], [ 3.911258, 43.945645 ], [ 3.911329, 43.945998 ], [ 3.911082, 43.946048 ], [ 3.910836, 43.946097 ], [ 3.908322, 43.947545 ], [ 3.90798, 43.947657 ], [ 3.902685, 43.947671 ], [ 3.899305, 43.951709 ], [ 3.899982, 43.958947 ], [ 3.904484, 43.960031 ], [ 3.904825, 43.959965 ], [ 3.905024, 43.959947 ], [ 3.905243, 43.959928 ], [ 3.905468, 43.959933 ], [ 3.905704, 43.959939 ], [ 3.906486, 43.960004 ], [ 3.907284, 43.960071 ], [ 3.913845, 43.95485 ], [ 3.914153, 43.954663 ], [ 3.914485, 43.955212 ], [ 3.916808, 43.958321 ], [ 3.918763, 43.962773 ], [ 3.923752, 43.969168 ], [ 3.923956, 43.969376 ], [ 3.924161, 43.969669 ], [ 3.924287, 43.969982 ], [ 3.92442, 43.970313 ], [ 3.924722, 43.9714 ], [ 3.925027, 43.972498 ], [ 3.925081, 43.97276 ], [ 3.925584, 43.977117 ], [ 3.925299, 43.977337 ], [ 3.925132, 43.97712 ], [ 3.924379, 43.976074 ], [ 3.924245, 43.975766 ], [ 3.922554, 43.972491 ], [ 3.917718, 43.96592 ], [ 3.914936, 43.964435 ], [ 3.912323, 43.963161 ], [ 3.912008, 43.96298 ], [ 3.910684, 43.962119 ], [ 3.909368, 43.961263 ], [ 3.904585533927428, 43.962719779872337 ], [ 3.911199, 43.964384 ], [ 3.911613, 43.964618 ] ] ], [ [ [ 3.872913, 43.981901 ], [ 3.872935, 43.982691 ], [ 3.872977, 43.982859 ], [ 3.876039, 43.983377 ], [ 3.880634, 43.989813 ], [ 3.881217, 43.994045 ], [ 3.881696, 43.994159 ], [ 3.885168, 43.995343 ], [ 3.888307, 43.993587 ], [ 3.892304, 43.987889 ], [ 3.895898, 43.983069 ], [ 3.894326, 43.980301 ], [ 3.892929, 43.976427 ], [ 3.892706, 43.974947 ], [ 3.892344, 43.974474 ], [ 3.890988, 43.973698 ], [ 3.890043, 43.973324 ], [ 3.889558, 43.973138 ], [ 3.887995, 43.972621 ], [ 3.889358, 43.964117 ], [ 3.896831, 43.963675 ], [ 3.898407253586344, 43.96331137616928 ], [ 3.894886, 43.962533 ], [ 3.893199, 43.96238 ], [ 3.890259, 43.962493 ], [ 3.889351, 43.962497 ], [ 3.889096, 43.96249 ], [ 3.888848, 43.962482 ], [ 3.888621, 43.962451 ], [ 3.888413, 43.962422 ], [ 3.885807, 43.962226 ], [ 3.885671, 43.962221 ], [ 3.88424, 43.962305 ], [ 3.883952, 43.962333 ], [ 3.881697, 43.970998 ], [ 3.882223, 43.9714 ], [ 3.882383, 43.971539 ], [ 3.88257, 43.971707 ], [ 3.88563, 43.973498 ], [ 3.885921, 43.973577 ], [ 3.88622, 43.973658 ], [ 3.886511, 43.973751 ], [ 3.886823, 43.973852 ], [ 3.886988, 43.973929 ], [ 3.887169, 43.974015 ], [ 3.889056, 43.974679 ], [ 3.889286, 43.974756 ], [ 3.89001, 43.975064 ], [ 3.890297, 43.975164 ], [ 3.890706, 43.975356 ], [ 3.891168, 43.975588 ], [ 3.89128, 43.975715 ], [ 3.891369, 43.975988 ], [ 3.89497, 43.982387 ], [ 3.894819, 43.982714 ], [ 3.894155, 43.982405 ], [ 3.889971, 43.981926 ], [ 3.88851, 43.982224 ], [ 3.884051, 43.989428 ], [ 3.883865, 43.989736 ], [ 3.883639, 43.9896 ], [ 3.883412, 43.989463 ], [ 3.881051, 43.988247 ], [ 3.880243, 43.987337 ], [ 3.880218, 43.987244 ], [ 3.878008, 43.981598 ], [ 3.877924, 43.981234 ], [ 3.872342997978949, 43.975488162057424 ], [ 3.873425, 43.980902 ], [ 3.872913, 43.981901 ] ] ], [ [ [ 3.826908, 43.98405 ], [ 3.821256, 43.988523 ], [ 3.819583, 43.989756 ], [ 3.819631, 43.991136 ], [ 3.818052, 43.999903 ], [ 3.817596, 44.00045 ], [ 3.814423, 44.002928 ], [ 3.813563, 44.003368 ], [ 3.813449, 44.00345 ], [ 3.81312, 44.00571 ], [ 3.812957, 44.007253 ], [ 3.812931, 44.007833 ], [ 3.813101, 44.008961 ], [ 3.813391, 44.009538 ], [ 3.813571, 44.009779 ], [ 3.816572, 44.007774 ], [ 3.818985, 44.005798 ], [ 3.819537, 44.005424 ], [ 3.82006, 44.005092 ], [ 3.827836, 44.000782 ], [ 3.828254, 44.000702 ], [ 3.829044, 44.000503 ], [ 3.830164, 43.999974 ], [ 3.830587, 43.999421 ], [ 3.839181, 43.997295 ], [ 3.84099, 44.000407 ], [ 3.842343, 43.999621 ], [ 3.849553, 44.000901 ], [ 3.846511, 44.007702 ], [ 3.846452, 44.007813 ], [ 3.846587, 44.009824 ], [ 3.846211, 44.012709 ], [ 3.846174, 44.013604 ], [ 3.846386, 44.015234 ], [ 3.846535, 44.015997 ], [ 3.846919, 44.016409 ], [ 3.847169, 44.016648 ], [ 3.851487, 44.017682 ], [ 3.851576, 44.017678 ], [ 3.85237, 44.017509 ], [ 3.852464, 44.017444 ], [ 3.859294, 44.012612 ], [ 3.859903, 44.012309 ], [ 3.860854, 44.011622 ], [ 3.861276, 44.010858 ], [ 3.862017, 44.009345 ], [ 3.861953, 44.009225 ], [ 3.861372, 44.00846 ], [ 3.860767, 44.007757 ], [ 3.856564, 44.002706 ], [ 3.85623, 44.002048 ], [ 3.855248, 44.000516 ], [ 3.854898, 43.999882 ], [ 3.853145, 43.995399 ], [ 3.854149, 43.99018 ], [ 3.854406, 43.989665 ], [ 3.854747, 43.988529 ], [ 3.854845, 43.987896 ], [ 3.854798, 43.987214 ], [ 3.854583, 43.983598 ], [ 3.858024, 43.977962 ], [ 3.857791, 43.977021 ], [ 3.857471, 43.976581 ], [ 3.859053, 43.969144 ], [ 3.861478770051131, 43.96911229435532 ], [ 3.858413, 43.968149 ], [ 3.855187, 43.970513 ], [ 3.856258, 43.977654 ], [ 3.856357, 43.977775 ], [ 3.856405, 43.977915 ], [ 3.852915, 43.984023 ], [ 3.853205, 43.987511 ], [ 3.853235, 43.987715 ], [ 3.853192, 43.988074 ], [ 3.853051, 43.988558 ], [ 3.852904, 43.989059 ], [ 3.85282, 43.989254 ], [ 3.851525, 43.995364 ], [ 3.853611, 44.000866 ], [ 3.853702, 44.001002 ], [ 3.854898, 44.002971 ], [ 3.855003, 44.003139 ], [ 3.855034, 44.003274 ], [ 3.855152, 44.00425 ], [ 3.857114, 44.010449 ], [ 3.856919, 44.010751 ], [ 3.855002, 44.013657 ], [ 3.851141, 44.013359 ], [ 3.8494, 44.011064 ], [ 3.849265, 44.01073 ], [ 3.85092, 44.006235 ], [ 3.850908, 44.000013 ], [ 3.850828, 43.999808 ], [ 3.843676, 43.994555 ], [ 3.843316, 43.994557 ], [ 3.838122, 43.993499 ], [ 3.829968, 43.99383 ], [ 3.825818, 43.999066 ], [ 3.823833, 44.000718 ], [ 3.823718, 44.000798 ], [ 3.819181, 44.003565 ], [ 3.818853, 44.003418 ], [ 3.818291, 44.002227 ], [ 3.818326, 44.002093 ], [ 3.818414, 44.001892 ], [ 3.819306, 44.000929 ], [ 3.819807, 44.000557 ], [ 3.822895, 43.996471 ], [ 3.822667, 43.990591 ], [ 3.822626, 43.990233 ], [ 3.826187, 43.984826 ], [ 3.826356, 43.984657 ], [ 3.828515, 43.983779 ], [ 3.828656, 43.983695 ], [ 3.828690838210408, 43.983649817455039 ], [ 3.828527, 43.983708 ], [ 3.826908, 43.98405 ] ] ], [ [ [ 3.822137, 43.972582 ], [ 3.822491, 43.972831 ], [ 3.823004, 43.973076 ], [ 3.82372, 43.97328 ], [ 3.824135, 43.973341 ], [ 3.825421, 43.973398 ], [ 3.826213, 43.973238 ], [ 3.82818, 43.973224 ], [ 3.829434106649755, 43.973353846411982 ], [ 3.828376, 43.971722 ], [ 3.825461, 43.971778 ], [ 3.825318, 43.971769 ], [ 3.82429, 43.971728 ], [ 3.824118, 43.97171 ], [ 3.823895, 43.971653 ], [ 3.823645, 43.971588 ], [ 3.822742349358619, 43.971335659556438 ], [ 3.822068, 43.972478 ], [ 3.822137, 43.972582 ] ] ] ] } },
{ "type": "Feature", "properties": { "codgeo": "30263", "value": 600, "isochrone_group": 10.0, "nb_agences": 1 }, "geometry": { "type": "MultiPolygon", "coordinates": [ [ [ [ 3.76224, 43.952605 ], [ 3.762385, 43.952635 ], [ 3.765367, 43.952715 ], [ 3.765542574498091, 43.952757684102011 ], [ 3.764827, 43.952516 ], [ 3.764542, 43.95239 ], [ 3.763991, 43.952068 ], [ 3.759696722429979, 43.949751139120728 ], [ 3.758129227708656, 43.950024075701606 ], [ 3.76224, 43.952605 ] ] ], [ [ [ 3.775016, 43.956088 ], [ 3.77532, 43.956353 ], [ 3.777941, 43.954428 ], [ 3.784956, 43.951461 ], [ 3.776885, 43.953449 ], [ 3.773817, 43.954818 ], [ 3.773810001864208, 43.95481627210799 ], [ 3.775016, 43.956088 ] ] ], [ [ [ 3.788842, 43.943075 ], [ 3.788494, 43.943274 ], [ 3.787832, 43.943919 ], [ 3.781054127289474, 43.947521932336386 ], [ 3.781054195425189, 43.947521938045377 ], [ 3.787615, 43.945442 ], [ 3.78784, 43.945299 ], [ 3.789957, 43.94627 ], [ 3.792601577358116, 43.946916514169743 ], [ 3.790958, 43.945594 ], [ 3.788842, 43.943075 ] ] ], [ [ [ 3.803527, 43.93083 ], [ 3.803252, 43.930738 ], [ 3.80284, 43.930647 ], [ 3.795674, 43.925637 ], [ 3.794786, 43.925279 ], [ 3.79264, 43.924571 ], [ 3.79223, 43.924723 ], [ 3.791268, 43.927333 ], [ 3.792839, 43.930996 ], [ 3.795498, 43.933274 ], [ 3.796842, 43.934536 ], [ 3.796974081018417, 43.934676025741339 ], [ 3.799584, 43.9322 ], [ 3.803135444215228, 43.934528471530363 ], [ 3.802911, 43.934153 ], [ 3.803527, 43.93083 ] ] ], [ [ [ 3.840222, 43.929987 ], [ 3.83974, 43.930409 ], [ 3.836727, 43.933799 ], [ 3.835389, 43.937141 ], [ 3.836311, 43.938302 ], [ 3.836888, 43.939042 ], [ 3.840058, 43.943596 ], [ 3.837335, 43.939302 ], [ 3.838783, 43.936006 ], [ 3.842725, 43.931194 ], [ 3.843098, 43.931173 ], [ 3.848039, 43.925319 ], [ 3.847333, 43.923176 ], [ 3.841888, 43.930151 ], [ 3.840222, 43.929987 ] ] ], [ [ [ 3.860264, 43.911625 ], [ 3.860257, 43.908025 ], [ 3.858956, 43.907302 ], [ 3.856926, 43.907003 ], [ 3.85538, 43.906887 ], [ 3.85531, 43.907494 ], [ 3.850808, 43.91478 ], [ 3.854849, 43.911293 ], [ 3.857423676669132, 43.913783114259225 ], [ 3.857802, 43.913387 ], [ 3.860264, 43.911625 ] ] ], [ [ [ 3.893697, 43.93393 ], [ 3.890534, 43.935649 ], [ 3.89106, 43.936618 ], [ 3.891416, 43.937123 ], [ 3.891939, 43.937617 ], [ 3.892687, 43.938034 ], [ 3.891235970862021, 43.944259080792641 ], [ 3.894827, 43.940437 ], [ 3.897374, 43.938853 ], [ 3.898671, 43.938778 ], [ 3.898812, 43.938774 ], [ 3.899969, 43.93892 ], [ 3.900498, 43.939039 ], [ 3.901003, 43.939229 ], [ 3.895723, 43.935532 ], [ 3.893697, 43.93393 ] ] ], [ [ [ 3.905271, 43.941457 ], [ 3.907629, 43.942187 ], [ 3.901383, 43.939444 ], [ 3.905271, 43.941457 ] ] ], [ [ [ 3.924234, 43.945226 ], [ 3.93046, 43.945703 ], [ 3.933903, 43.945968 ], [ 3.936824, 43.946172 ], [ 3.936845, 43.946174 ], [ 3.937122, 43.942585 ], [ 3.929663, 43.940891 ], [ 3.923531, 43.941637 ], [ 3.923812, 43.941622 ], [ 3.924004, 43.945217 ], [ 3.923385, 43.945275 ], [ 3.919519, 43.946038 ], [ 3.916521, 43.947603 ], [ 3.916204, 43.954922 ], [ 3.916369, 43.955236 ], [ 3.916578, 43.956206 ], [ 3.921006, 43.948483 ], [ 3.924234, 43.945226 ] ] ], [ [ [ 3.927664, 43.9747 ], [ 3.931346, 43.979873 ], [ 3.926983468766611, 43.973058186054828 ], [ 3.927664, 43.9747 ] ] ], [ [ [ 3.918972, 43.977843 ], [ 3.918658, 43.978301 ], [ 3.918381, 43.978968 ], [ 3.917835, 43.98014 ], [ 3.917379, 43.983463 ], [ 3.91759, 43.983564 ], [ 3.924122, 43.987139 ], [ 3.928117, 43.986727 ], [ 3.936542, 43.988561 ], [ 3.944059, 43.990003 ], [ 3.94465, 43.990124 ], [ 3.945201, 43.988077 ], [ 3.945376, 43.986598 ], [ 3.944785, 43.986477 ], [ 3.940847, 43.98552 ], [ 3.935998, 43.982835 ], [ 3.936579, 43.983273 ], [ 3.934415, 43.98615 ], [ 3.927867, 43.985122 ], [ 3.926843, 43.984554 ], [ 3.922087, 43.980123 ], [ 3.919967, 43.977214 ], [ 3.919926, 43.97311 ], [ 3.919852821130396, 43.972966930112221 ], [ 3.919269, 43.977567 ], [ 3.918972, 43.977843 ] ] ], [ [ [ 3.879137, 43.992207 ], [ 3.879179, 43.992553 ], [ 3.87925, 43.995084 ], [ 3.879389, 43.996195 ], [ 3.879763, 43.99682 ], [ 3.879891, 43.99696 ], [ 3.885154, 44.000331 ], [ 3.886275, 44.00163 ], [ 3.886376, 44.001632 ], [ 3.887539, 44.001498 ], [ 3.889403, 44.000636 ], [ 3.890247, 44.000158 ], [ 3.890264, 44.00014 ], [ 3.889096, 43.997646 ], [ 3.894602, 43.991746 ], [ 3.895479, 43.991417 ], [ 3.899583, 43.987265 ], [ 3.898617, 43.985729 ], [ 3.897871, 43.984098 ], [ 3.894326, 43.980301 ], [ 3.895898, 43.983069 ], [ 3.892304, 43.987889 ], [ 3.888307, 43.993587 ], [ 3.885168, 43.995343 ], [ 3.881696, 43.994159 ], [ 3.881217, 43.994045 ], [ 3.880634, 43.989813 ], [ 3.87858206284217, 43.986938948302978 ], [ 3.879508, 43.990686 ], [ 3.879137, 43.992207 ] ] ], [ [ [ 3.870943, 43.981571 ], [ 3.872236, 43.981559 ], [ 3.872997440367815, 43.981736242329191 ], [ 3.873425, 43.980902 ], [ 3.871729, 43.972416 ], [ 3.868991, 43.970949 ], [ 3.868415, 43.970803 ], [ 3.867142, 43.970338 ], [ 3.870911, 43.977971 ], [ 3.870943, 43.981571 ] ] ], [ [ [ 3.847052, 44.017573 ], [ 3.847588, 44.018101 ], [ 3.854534, 44.020744 ], [ 3.85564, 44.021103 ], [ 3.855728, 44.021099 ], [ 3.857146, 44.018266 ], [ 3.86324, 44.011862 ], [ 3.864215, 44.008565 ], [ 3.864102, 44.008366 ], [ 3.862439, 44.007531 ], [ 3.85623, 44.002048 ], [ 3.856564, 44.002706 ], [ 3.860767, 44.007757 ], [ 3.861372, 44.00846 ], [ 3.861953, 44.009225 ], [ 3.862017, 44.009345 ], [ 3.861276, 44.010858 ], [ 3.860854, 44.011622 ], [ 3.859903, 44.012309 ], [ 3.859294, 44.012612 ], [ 3.852464, 44.017444 ], [ 3.85237, 44.017509 ], [ 3.851576, 44.017678 ], [ 3.851487, 44.017682 ], [ 3.847169, 44.016648 ], [ 3.846919, 44.016409 ], [ 3.846544797427172, 44.016007511822913 ], [ 3.846735, 44.016934 ], [ 3.847052, 44.017573 ] ] ], [ [ [ 3.83755, 44.00221 ], [ 3.839744, 44.004121 ], [ 3.840286, 44.004655 ], [ 3.844279, 44.010028 ], [ 3.846386, 44.015234 ], [ 3.846174, 44.013604 ], [ 3.846211, 44.012709 ], [ 3.846587, 44.009824 ], [ 3.846452, 44.007813 ], [ 3.846511, 44.007702 ], [ 3.849553, 44.000901 ], [ 3.842343, 43.999621 ], [ 3.84099, 44.000407 ], [ 3.839181, 43.997295 ], [ 3.834965051706176, 43.998337949275395 ], [ 3.836828, 43.999877 ], [ 3.83755, 44.00221 ] ] ], [ [ [ 3.810075, 44.003122 ], [ 3.808408, 44.002976 ], [ 3.808166, 44.003033 ], [ 3.807655, 44.006597 ], [ 3.812364, 44.011311 ], [ 3.813451, 44.011601 ], [ 3.814377, 44.011425 ], [ 3.814838, 44.011345 ], [ 3.81545, 44.011055 ], [ 3.815905, 44.010677 ], [ 3.817193, 44.009572 ], [ 3.82006, 44.005092 ], [ 3.819537, 44.005424 ], [ 3.818985, 44.005798 ], [ 3.816572, 44.007774 ], [ 3.813571, 44.009779 ], [ 3.813391, 44.009538 ], [ 3.813101, 44.008961 ], [ 3.812931, 44.007833 ], [ 3.812957, 44.007253 ], [ 3.81312, 44.00571 ], [ 3.813449, 44.00345 ], [ 3.813563, 44.003368 ], [ 3.814423, 44.002928 ], [ 3.8165281383671, 44.001283961905571 ], [ 3.811243, 44.003163 ], [ 3.810075, 44.003122 ] ] ], [ [ [ 3.817563, 43.99075 ], [ 3.817267, 43.991153 ], [ 3.817466, 43.992176 ], [ 3.817674, 43.992786 ], [ 3.817026424128312, 44.000894818471501 ], [ 3.817596, 44.00045 ], [ 3.818052, 43.999903 ], [ 3.819631, 43.991136 ], [ 3.819583, 43.989756 ], [ 3.821256, 43.988523 ], [ 3.818145, 43.990236 ], [ 3.817563, 43.99075 ] ] ], [ [ [ 3.800105, 43.96611 ], [ 3.799788, 43.966398 ], [ 3.799341, 43.967103 ], [ 3.799122, 43.968068 ], [ 3.798692, 43.969993 ], [ 3.800647, 43.973016 ], [ 3.802863, 43.971582 ], [ 3.810705, 43.971746 ], [ 3.811195, 43.971963 ], [ 3.811763, 43.972131 ], [ 3.816202, 43.968533 ], [ 3.822068, 43.972478 ], [ 3.823898, 43.969378 ], [ 3.825927, 43.969553 ], [ 3.827409, 43.969403 ], [ 3.82692, 43.960466 ], [ 3.825055, 43.960022 ], [ 3.823179, 43.959575 ], [ 3.819888, 43.958769 ], [ 3.813174, 43.964271 ], [ 3.812701, 43.96784 ], [ 3.811599, 43.968486 ], [ 3.810052, 43.968984 ], [ 3.80938, 43.969263 ], [ 3.809245, 43.969322 ], [ 3.808791, 43.969518 ], [ 3.808055, 43.969841 ], [ 3.80728, 43.970065 ], [ 3.805826, 43.970369 ], [ 3.80549, 43.97036 ], [ 3.804683, 43.970282 ], [ 3.804002, 43.970187 ], [ 3.803466, 43.970108 ], [ 3.803995, 43.966547 ], [ 3.804822, 43.962788 ], [ 3.804704, 43.961854 ], [ 3.804735, 43.961269 ], [ 3.80474, 43.959607 ], [ 3.800869, 43.96562 ], [ 3.800105, 43.96611 ] ] ], [ [ [ 3.791050400541909, 43.957575269602032 ], [ 3.789773, 43.955262 ], [ 3.784956, 43.951461 ], [ 3.789123, 43.955868 ], [ 3.791050400541909, 43.957575269602032 ] ] ] ] } },
{ "type": "Feature", "properties": { "codgeo": "30263", "value": 660, "isochrone_group": 11.0, "nb_agences": 1 }, "geometry": { "type": "MultiPolygon", "coordinates": [ [ [ [ 3.926333, 43.937682 ], [ 3.925645, 43.937614 ], [ 3.923345, 43.939687 ], [ 3.918826, 43.942506 ], [ 3.922971, 43.941699 ], [ 3.923531, 43.941637 ], [ 3.929663, 43.940891 ], [ 3.932873762311199, 43.941620190421652 ], [ 3.927359, 43.938367 ], [ 3.926333, 43.937682 ] ] ], [ [ [ 3.887475, 43.929387 ], [ 3.88715, 43.930458 ], [ 3.88707, 43.931119 ], [ 3.887232, 43.931944 ], [ 3.887615, 43.932616 ], [ 3.888758, 43.933842 ], [ 3.89106, 43.936618 ], [ 3.890534, 43.935649 ], [ 3.893697, 43.93393 ], [ 3.895723, 43.935532 ], [ 3.891069, 43.929582 ], [ 3.887475, 43.929387 ] ] ], [ [ [ 3.864218, 43.911786 ], [ 3.865138, 43.911678 ], [ 3.866625, 43.911574 ], [ 3.866516, 43.907976 ], [ 3.865736, 43.908 ], [ 3.865575, 43.907994 ], [ 3.858708, 43.902272 ], [ 3.856054, 43.900199 ], [ 3.852445, 43.900159 ], [ 3.852434, 43.90037 ], [ 3.852543, 43.90113 ], [ 3.85299, 43.908443 ], [ 3.850192, 43.915343 ], [ 3.850808, 43.91478 ], [ 3.85531, 43.907494 ], [ 3.85538, 43.906887 ], [ 3.856926, 43.907003 ], [ 3.858956, 43.907302 ], [ 3.860257, 43.908025 ], [ 3.860264, 43.911625 ], [ 3.857802, 43.913387 ], [ 3.855314, 43.915992 ], [ 3.863049, 43.911858 ], [ 3.864218, 43.911786 ] ] ], [ [ [ 3.839146, 43.927472 ], [ 3.838301, 43.928162 ], [ 3.838019, 43.929616 ], [ 3.83855, 43.930643 ], [ 3.838908627197076, 43.931344397876487 ], [ 3.83974, 43.930409 ], [ 3.840222, 43.929987 ], [ 3.841888, 43.930151 ], [ 3.847333, 43.923176 ], [ 3.847231, 43.922294 ], [ 3.839988, 43.927318 ], [ 3.839146, 43.927472 ] ] ], [ [ [ 3.809852, 43.932512 ], [ 3.809624, 43.932306 ], [ 3.809145, 43.931977 ], [ 3.80668, 43.930197 ], [ 3.800308, 43.925577 ], [ 3.794658, 43.922815 ], [ 3.790756, 43.920184 ], [ 3.788809, 43.91895 ], [ 3.787794, 43.918391 ], [ 3.786988, 43.917981 ], [ 3.786571, 43.917804 ], [ 3.786093, 43.917643 ], [ 3.7851, 43.917392 ], [ 3.784219, 43.920883 ], [ 3.787983, 43.925612 ], [ 3.786976, 43.931633 ], [ 3.786918, 43.931791 ], [ 3.787195, 43.931982 ], [ 3.787694, 43.932286 ], [ 3.788367, 43.932735 ], [ 3.788723, 43.932869 ], [ 3.789306, 43.94176 ], [ 3.787832, 43.943919 ], [ 3.788494, 43.943274 ], [ 3.788842, 43.943075 ], [ 3.790958, 43.945594 ], [ 3.793818930666082, 43.94789606465541 ], [ 3.796545, 43.949147 ], [ 3.800016070945137, 43.950226196289556 ], [ 3.803927, 43.94426 ], [ 3.80279, 43.941989 ], [ 3.802174, 43.941384 ], [ 3.801733, 43.940865 ], [ 3.801278, 43.940253 ], [ 3.799521, 43.937781 ], [ 3.799071, 43.937109 ], [ 3.797507, 43.935241 ], [ 3.796842, 43.934536 ], [ 3.795498, 43.933274 ], [ 3.792839, 43.930996 ], [ 3.791268, 43.927333 ], [ 3.79223, 43.924723 ], [ 3.79264, 43.924571 ], [ 3.794786, 43.925279 ], [ 3.795674, 43.925637 ], [ 3.80284, 43.930647 ], [ 3.803252, 43.930738 ], [ 3.803527, 43.93083 ], [ 3.802911, 43.934153 ], [ 3.806604, 43.940331 ], [ 3.807036, 43.94059 ], [ 3.807466, 43.940961 ], [ 3.807849, 43.941493 ], [ 3.807437, 43.935182 ], [ 3.809852, 43.932512 ] ] ], [ [ [ 3.77375, 43.954753 ], [ 3.769673047046557, 43.953761847653695 ], [ 3.775016, 43.956088 ], [ 3.77375, 43.954753 ] ] ], [ [ [ 3.775335655597502, 43.956341501707314 ], [ 3.77562, 43.956567 ], [ 3.775335655597504, 43.956341501707314 ], [ 3.775335655597502, 43.956341501707314 ] ] ], [ [ [ 3.800015, 43.965937 ], [ 3.798713, 43.96633 ], [ 3.797761, 43.966561 ], [ 3.796482, 43.967071 ], [ 3.796237, 43.967171 ], [ 3.795671, 43.968116 ], [ 3.795144, 43.969032 ], [ 3.794666, 43.9718 ], [ 3.796172, 43.97507 ], [ 3.796755, 43.974802 ], [ 3.799272, 43.973717 ], [ 3.800161, 43.97331 ], [ 3.800639309619649, 43.97300410842977 ], [ 3.798692, 43.969993 ], [ 3.799122, 43.968068 ], [ 3.799341, 43.967103 ], [ 3.799788, 43.966398 ], [ 3.800105, 43.96611 ], [ 3.800869, 43.96562 ], [ 3.80474, 43.959607 ], [ 3.800526, 43.965703 ], [ 3.800015, 43.965937 ] ] ], [ [ [ 3.812421, 43.973251 ], [ 3.813474, 43.973084 ], [ 3.814981, 43.972237 ], [ 3.822491, 43.972831 ], [ 3.822137, 43.972582 ], [ 3.822068, 43.972478 ], [ 3.816202, 43.968533 ], [ 3.811763, 43.972131 ], [ 3.811195, 43.971963 ], [ 3.810705, 43.971746 ], [ 3.802863, 43.971582 ], [ 3.811306, 43.972778 ], [ 3.812421, 43.973251 ] ] ], [ [ [ 3.816086, 43.992699 ], [ 3.815504, 43.993565 ], [ 3.816061, 43.994408 ], [ 3.81726, 43.99639 ], [ 3.815616988810899, 44.001607905122704 ], [ 3.817009, 44.001113 ], [ 3.817674, 43.992786 ], [ 3.817466, 43.992176 ], [ 3.817268040136262, 43.991158347032119 ], [ 3.817178, 43.991283 ], [ 3.816086, 43.992699 ] ] ], [ [ [ 3.806794, 44.003298 ], [ 3.802837, 44.004397 ], [ 3.80218, 44.004587 ], [ 3.801958, 44.005952 ], [ 3.802729, 44.008145 ], [ 3.807238, 44.013083 ], [ 3.809764, 44.01469 ], [ 3.809892, 44.014594 ], [ 3.81545, 44.011055 ], [ 3.814838, 44.011345 ], [ 3.814377, 44.011425 ], [ 3.813451, 44.011601 ], [ 3.812364, 44.011311 ], [ 3.807655, 44.006597 ], [ 3.808166, 44.003033 ], [ 3.808408, 44.002976 ], [ 3.807362, 44.0031 ], [ 3.806794, 44.003298 ] ] ], [ [ [ 3.833865, 44.005559 ], [ 3.837195, 44.006881 ], [ 3.844279, 44.010028 ], [ 3.840286, 44.004655 ], [ 3.839744, 44.004121 ], [ 3.83755, 44.00221 ], [ 3.836828, 43.999877 ], [ 3.83076, 43.994864 ], [ 3.8275, 43.996089 ], [ 3.826709924400389, 43.997129319952784 ], [ 3.83303, 44.002101 ], [ 3.833865, 44.005559 ] ] ], [ [ [ 3.857894, 44.025574 ], [ 3.858519, 44.025586 ], [ 3.858987, 44.025485 ], [ 3.859423, 44.025295 ], [ 3.861133, 44.024027 ], [ 3.861525, 44.023661 ], [ 3.861909, 44.02291 ], [ 3.86189, 44.021862 ], [ 3.864023, 44.014537 ], [ 3.868877, 44.012128 ], [ 3.869808, 44.012057 ], [ 3.871145, 44.012017 ], [ 3.87181, 44.011818 ], [ 3.872132, 44.011627 ], [ 3.872545, 44.011323 ], [ 3.871569, 44.008565 ], [ 3.871173, 44.008371 ], [ 3.870331, 44.00824 ], [ 3.86804, 44.007526 ], [ 3.867291, 44.007207 ], [ 3.867047, 44.007117 ], [ 3.862439, 44.007531 ], [ 3.864102, 44.008366 ], [ 3.864215, 44.008565 ], [ 3.86324, 44.011862 ], [ 3.857146, 44.018266 ], [ 3.855728, 44.021099 ], [ 3.85564, 44.021103 ], [ 3.854534, 44.020744 ], [ 3.850893768814889, 44.019358867402502 ], [ 3.85556, 44.025087 ], [ 3.857894, 44.025574 ] ] ], [ [ [ 3.867967, 43.978609 ], [ 3.867976, 43.979069 ], [ 3.868224, 43.979766 ], [ 3.868832, 43.980698 ], [ 3.869229, 43.980878 ], [ 3.869355, 43.980927 ], [ 3.869645, 43.980998 ], [ 3.870940399807168, 43.981278478306393 ], [ 3.870911, 43.977971 ], [ 3.867142, 43.970338 ], [ 3.86646, 43.970005 ], [ 3.864808, 43.969487 ], [ 3.868015, 43.977192 ], [ 3.867967, 43.978609 ] ] ], [ [ [ 3.878415, 43.997703 ], [ 3.878384, 43.99811 ], [ 3.880047, 43.999438 ], [ 3.880231, 43.99957 ], [ 3.883069, 44.003697 ], [ 3.883074, 44.003706 ], [ 3.884665, 44.004681 ], [ 3.889877, 44.003487 ], [ 3.890228, 44.003433 ], [ 3.892745, 44.001536 ], [ 3.895483, 43.994796 ], [ 3.897442, 43.991776 ], [ 3.904791, 43.987093 ], [ 3.906949, 43.987267 ], [ 3.914336, 43.988016 ], [ 3.921475, 43.988773 ], [ 3.925057, 43.989133 ], [ 3.931167, 43.992314 ], [ 3.931949, 43.995043 ], [ 3.933308, 43.995209 ], [ 3.933576, 43.99501 ], [ 3.934039, 43.994636 ], [ 3.935958, 43.99097 ], [ 3.943441, 43.991877 ], [ 3.943983, 43.99229 ], [ 3.951952, 43.991071 ], [ 3.952674, 43.990949 ], [ 3.953802, 43.987982 ], [ 3.952964, 43.98736 ], [ 3.946749, 43.98552 ], [ 3.946386, 43.985364 ], [ 3.944763, 43.984997 ], [ 3.943892, 43.984921 ], [ 3.935603, 43.982572 ], [ 3.935998, 43.982835 ], [ 3.940847, 43.98552 ], [ 3.944785, 43.986477 ], [ 3.945376, 43.986598 ], [ 3.945201, 43.988077 ], [ 3.94465, 43.990124 ], [ 3.944059, 43.990003 ], [ 3.936542, 43.988561 ], [ 3.928117, 43.986727 ], [ 3.924122, 43.987139 ], [ 3.91759, 43.983564 ], [ 3.917379, 43.983463 ], [ 3.917835, 43.98014 ], [ 3.918381, 43.978968 ], [ 3.918658, 43.978301 ], [ 3.918972, 43.977843 ], [ 3.919269, 43.977567 ], [ 3.920329, 43.969215 ], [ 3.918428, 43.967963 ], [ 3.917956, 43.967714 ], [ 3.916899, 43.967192 ], [ 3.914226, 43.965891 ], [ 3.911613, 43.964618 ], [ 3.911199, 43.964384 ], [ 3.90343, 43.962429 ], [ 3.902612, 43.962477 ], [ 3.90065, 43.962794 ], [ 3.896831, 43.963675 ], [ 3.889358, 43.964117 ], [ 3.887995, 43.972621 ], [ 3.889558, 43.973138 ], [ 3.890043, 43.973324 ], [ 3.890988, 43.973698 ], [ 3.892344, 43.974474 ], [ 3.892706, 43.974947 ], [ 3.892929, 43.976427 ], [ 3.894326, 43.980301 ], [ 3.897871, 43.984098 ], [ 3.898617, 43.985729 ], [ 3.899583, 43.987265 ], [ 3.895479, 43.991417 ], [ 3.894602, 43.991746 ], [ 3.889096, 43.997646 ], [ 3.890264, 44.00014 ], [ 3.890247, 44.000158 ], [ 3.889403, 44.000636 ], [ 3.887539, 44.001498 ], [ 3.886376, 44.001632 ], [ 3.886275, 44.00163 ], [ 3.885154, 44.000331 ], [ 3.879891, 43.99696 ], [ 3.879763, 43.99682 ], [ 3.879389, 43.996195 ], [ 3.87925, 43.995084 ], [ 3.879179, 43.992553 ], [ 3.879137, 43.992207 ], [ 3.878455, 43.997215 ], [ 3.878415, 43.997703 ] ] ], [ [ [ 3.940895472234331, 43.94648655747023 ], [ 3.940895, 43.946486 ], [ 3.940107, 43.944135 ], [ 3.940818, 43.943206 ], [ 3.941171, 43.942897 ], [ 3.941779876781642, 43.942547452065504 ], [ 3.937112798911127, 43.942582910357366 ], [ 3.937122, 43.942585 ], [ 3.936845028842265, 43.946173626300038 ], [ 3.939242, 43.946359 ], [ 3.940895472234331, 43.94648655747023 ] ] ] ] } },
{ "type": "Feature", "properties": { "codgeo": "30263", "value": 720, "isochrone_group": 12.0, "nb_agences": 1 }, "geometry": { "type": "MultiPolygon", "coordinates": [ [ [ [ 3.934155, 43.942376 ], [ 3.936049150636349, 43.942509092050827 ], [ 3.937088, 43.942582 ], [ 3.940693, 43.942093 ], [ 3.941175864841748, 43.941803146357657 ], [ 3.938917, 43.941454 ], [ 3.938612, 43.941413 ], [ 3.934155, 43.942376 ] ] ], [ [ [ 3.918826, 43.942506 ], [ 3.923345, 43.939687 ], [ 3.925645, 43.937614 ], [ 3.926333, 43.937682 ], [ 3.925353, 43.937153 ], [ 3.918826, 43.942506 ] ] ], [ [ [ 3.891117, 43.923463 ], [ 3.887689, 43.922365 ], [ 3.88725, 43.923733 ], [ 3.887132, 43.924395 ], [ 3.886806, 43.927663 ], [ 3.886807, 43.928478 ], [ 3.88707, 43.931119 ], [ 3.88715, 43.930458 ], [ 3.887475, 43.929387 ], [ 3.891069, 43.929582 ], [ 3.893306680588275, 43.932442807799781 ], [ 3.891976, 43.924853 ], [ 3.891117, 43.923463 ] ] ], [ [ [ 3.868916, 43.911669 ], [ 3.869656, 43.911725 ], [ 3.870061, 43.911736 ], [ 3.870155, 43.908137 ], [ 3.864318, 43.904133 ], [ 3.860529, 43.899532 ], [ 3.858197, 43.893834 ], [ 3.856357, 43.892411 ], [ 3.856197, 43.892416 ], [ 3.855742, 43.89269 ], [ 3.854603, 43.894038 ], [ 3.850252, 43.899227 ], [ 3.848892, 43.902561 ], [ 3.850835, 43.908073 ], [ 3.851079, 43.909096 ], [ 3.850192, 43.915343 ], [ 3.85299, 43.908443 ], [ 3.852543, 43.90113 ], [ 3.852434, 43.90037 ], [ 3.852445, 43.900159 ], [ 3.856054, 43.900199 ], [ 3.858708, 43.902272 ], [ 3.865575, 43.907994 ], [ 3.865736, 43.908 ], [ 3.866516, 43.907976 ], [ 3.866625, 43.911574 ], [ 3.865138, 43.911678 ], [ 3.867718, 43.911582 ], [ 3.868916, 43.911669 ] ] ], [ [ [ 3.841193, 43.939591 ], [ 3.841124146237273, 43.93929166044547 ], [ 3.840058, 43.943596 ], [ 3.841193, 43.939591 ] ] ], [ [ [ 3.807437, 43.935182 ], [ 3.807849, 43.941493 ], [ 3.808037, 43.941921 ], [ 3.80777047301298, 43.934813315550876 ], [ 3.807437, 43.935182 ] ] ], [ [ [ 3.807574, 43.929344 ], [ 3.807475, 43.926575 ], [ 3.807184, 43.926214 ], [ 3.806785, 43.925834 ], [ 3.806545, 43.92566 ], [ 3.805917, 43.925397 ], [ 3.804928, 43.925427 ], [ 3.797425, 43.922653 ], [ 3.796522, 43.921224 ], [ 3.788809, 43.91895 ], [ 3.790756, 43.920184 ], [ 3.794658, 43.922815 ], [ 3.800308, 43.925577 ], [ 3.80668, 43.930197 ], [ 3.80768262652109, 43.930921006169406 ], [ 3.807624, 43.929896 ], [ 3.807574, 43.929344 ] ] ], [ [ [ 3.777658, 43.913031 ], [ 3.775671, 43.911485 ], [ 3.773459, 43.914326 ], [ 3.775447, 43.915872 ], [ 3.779387, 43.92034 ], [ 3.781847, 43.922103 ], [ 3.784076, 43.930697 ], [ 3.784299, 43.931015 ], [ 3.785347, 43.931737 ], [ 3.785906, 43.93193 ], [ 3.787615, 43.940715 ], [ 3.786604, 43.941821 ], [ 3.786562, 43.942002 ], [ 3.785904, 43.943882 ], [ 3.781062165441204, 43.947515871710095 ], [ 3.781068937462329, 43.947514059652292 ], [ 3.787832, 43.943919 ], [ 3.789306, 43.94176 ], [ 3.788723, 43.932869 ], [ 3.788367, 43.932735 ], [ 3.787694, 43.932286 ], [ 3.787195, 43.931982 ], [ 3.786918, 43.931791 ], [ 3.786976, 43.931633 ], [ 3.787983, 43.925612 ], [ 3.784219, 43.920883 ], [ 3.7851, 43.917392 ], [ 3.786093, 43.917643 ], [ 3.780497, 43.915132 ], [ 3.777658, 43.913031 ] ] ], [ [ [ 3.764738, 43.942302 ], [ 3.764591920318716, 43.94236622868528 ], [ 3.764987, 43.942224 ], [ 3.770633302701929, 43.939027605010502 ], [ 3.770812187097616, 43.938604425018113 ], [ 3.764738, 43.942302 ] ] ], [ [ [ 3.764108, 43.942579 ], [ 3.7639941958406, 43.942648583114597 ], [ 3.764208209410731, 43.942534939671788 ], [ 3.764108, 43.942579 ] ] ], [ [ [ 3.755101, 43.942732 ], [ 3.754758, 43.942516 ], [ 3.754553, 43.94244 ], [ 3.752032, 43.942486 ], [ 3.75112074812289, 43.94187610902744 ], [ 3.751566540880468, 43.942719951576308 ], [ 3.753517, 43.943053 ], [ 3.754156, 43.943233 ], [ 3.762952, 43.943202 ], [ 3.763127090852828, 43.943109024926919 ], [ 3.755101, 43.942732 ] ] ], [ [ [ 3.752418, 43.949975 ], [ 3.754762, 43.950174 ], [ 3.755209, 43.950223 ], [ 3.756738, 43.950237 ], [ 3.762304933758209, 43.950670680412102 ], [ 3.760455059349513, 43.949137605564673 ], [ 3.754861, 43.948515 ], [ 3.754236, 43.94846 ], [ 3.750939, 43.948201 ], [ 3.748434, 43.948222 ], [ 3.74593, 43.948243 ], [ 3.752418, 43.949975 ] ] ], [ [ [ 3.795406, 43.967536 ], [ 3.793817, 43.967968 ], [ 3.791303, 43.968579 ], [ 3.790537, 43.968511 ], [ 3.789639, 43.968511 ], [ 3.788856, 43.968631 ], [ 3.787955, 43.969308 ], [ 3.787894, 43.969463 ], [ 3.788443, 43.972849 ], [ 3.791044, 43.977102 ], [ 3.792065, 43.977055 ], [ 3.793083, 43.976595 ], [ 3.795841, 43.975187 ], [ 3.796163349949979, 43.975051218018905 ], [ 3.794666, 43.9718 ], [ 3.795144, 43.969032 ], [ 3.795671, 43.968116 ], [ 3.796233357896297, 43.967177080897521 ], [ 3.795964, 43.967292 ], [ 3.795406, 43.967536 ] ] ], [ [ [ 3.822491, 43.972831 ], [ 3.814981, 43.972237 ], [ 3.813474, 43.973084 ], [ 3.812421, 43.973251 ], [ 3.814096, 43.973603 ], [ 3.822491, 43.972831 ] ] ], [ [ [ 3.814256, 43.993687 ], [ 3.813277, 43.994297 ], [ 3.812584, 43.995372 ], [ 3.81254, 43.996057 ], [ 3.807362, 44.0031 ], [ 3.808408, 44.002976 ], [ 3.810075, 44.003122 ], [ 3.811243, 44.003163 ], [ 3.815366, 44.002405 ], [ 3.81726, 43.99639 ], [ 3.816061, 43.994408 ], [ 3.815504, 43.993565 ], [ 3.816086, 43.992699 ], [ 3.817178, 43.991283 ], [ 3.817563, 43.99075 ], [ 3.815096, 43.993104 ], [ 3.814256, 43.993687 ] ] ], [ [ [ 3.799029, 44.003832 ], [ 3.79815, 44.006666 ], [ 3.797776, 44.010201 ], [ 3.800575, 44.01588 ], [ 3.802606, 44.018207 ], [ 3.803058, 44.018161 ], [ 3.803701, 44.017914 ], [ 3.808386, 44.015655 ], [ 3.808824, 44.015352 ], [ 3.80976017098175, 44.014687564041068 ], [ 3.807238, 44.013083 ], [ 3.802729, 44.008145 ], [ 3.801958, 44.005952 ], [ 3.80218, 44.004587 ], [ 3.802837, 44.004397 ], [ 3.806794, 44.003298 ], [ 3.801307, 44.00335 ], [ 3.799029, 44.003832 ] ] ], [ [ [ 3.81831, 44.010071 ], [ 3.819669, 44.007095 ], [ 3.82006, 44.005092 ], [ 3.817193, 44.009572 ], [ 3.815905, 44.010677 ], [ 3.81545, 44.011055 ], [ 3.809892, 44.014594 ], [ 3.816017, 44.011331 ], [ 3.81831, 44.010071 ] ] ], [ [ [ 3.83303, 44.002101 ], [ 3.826304, 43.99681 ], [ 3.833042391135313, 44.00215231562386 ], [ 3.83303, 44.002101 ] ] ], [ [ [ 3.831953, 44.011222 ], [ 3.834319, 44.011126 ], [ 3.834908, 44.011098 ], [ 3.835788, 44.010893 ], [ 3.836234, 44.010787 ], [ 3.836722, 44.010606 ], [ 3.837808, 44.010251 ], [ 3.838259, 44.010072 ], [ 3.845627618398307, 44.013360181956124 ], [ 3.844279, 44.010028 ], [ 3.837195, 44.006881 ], [ 3.833865, 44.005559 ], [ 3.833113379621087, 44.002446301472737 ], [ 3.831141, 44.007715 ], [ 3.831953, 44.011222 ] ] ], [ [ [ 3.846557, 44.025837 ], [ 3.847123, 44.02622 ], [ 3.847204, 44.026258 ], [ 3.852542, 44.028399 ], [ 3.853311, 44.028669 ], [ 3.8542, 44.028873 ], [ 3.856471, 44.02919 ], [ 3.856985, 44.029227 ], [ 3.857418, 44.029207 ], [ 3.860128, 44.028975 ], [ 3.862608, 44.027546 ], [ 3.862611, 44.027451 ], [ 3.862524, 44.022185 ], [ 3.862495, 44.022141 ], [ 3.864023, 44.014537 ], [ 3.86189, 44.021862 ], [ 3.861909, 44.02291 ], [ 3.861525, 44.023661 ], [ 3.861133, 44.024027 ], [ 3.859423, 44.025295 ], [ 3.858987, 44.025485 ], [ 3.858519, 44.025586 ], [ 3.857894, 44.025574 ], [ 3.85556, 44.025087 ], [ 3.850388, 44.018738 ], [ 3.847588, 44.018101 ], [ 3.847052, 44.017573 ], [ 3.846735, 44.016934 ], [ 3.84636, 44.022714 ], [ 3.846557, 44.025837 ] ] ], [ [ [ 3.867323, 44.013826 ], [ 3.867672, 44.013686 ], [ 3.867819, 44.013632 ], [ 3.871145, 44.012017 ], [ 3.869808, 44.012057 ], [ 3.868877, 44.012128 ], [ 3.864023, 44.014537 ], [ 3.866279, 44.013829 ], [ 3.867323, 44.013826 ] ] ], [ [ [ 3.879385, 44.011296 ], [ 3.87961, 44.011266 ], [ 3.886584, 44.008483 ], [ 3.89526, 44.006327 ], [ 3.895876, 44.006372 ], [ 3.89808, 43.99935 ], [ 3.898245, 43.99904 ], [ 3.898284, 43.998658 ], [ 3.898303, 43.998424 ], [ 3.896353494413467, 43.993454043323823 ], [ 3.895483, 43.994796 ], [ 3.892745, 44.001536 ], [ 3.890228, 44.003433 ], [ 3.889877, 44.003487 ], [ 3.884665, 44.004681 ], [ 3.883074, 44.003706 ], [ 3.883069, 44.003697 ], [ 3.880231, 43.99957 ], [ 3.880047, 43.999438 ], [ 3.878384, 43.99811 ], [ 3.878415, 43.997703 ], [ 3.878455, 43.997215 ], [ 3.879137, 43.992207 ], [ 3.879508, 43.990686 ], [ 3.877776, 43.983677 ], [ 3.874732, 43.98214 ], [ 3.872236, 43.981559 ], [ 3.869645, 43.980998 ], [ 3.869355, 43.980927 ], [ 3.869229, 43.980878 ], [ 3.868832, 43.980698 ], [ 3.868224, 43.979766 ], [ 3.867976, 43.979069 ], [ 3.867967, 43.978609 ], [ 3.868015, 43.977192 ], [ 3.864808, 43.969487 ], [ 3.863261, 43.969089 ], [ 3.859053, 43.969144 ], [ 3.857471, 43.976581 ], [ 3.857791, 43.977021 ], [ 3.858024, 43.977962 ], [ 3.854583, 43.983598 ], [ 3.854798, 43.987214 ], [ 3.854845, 43.987896 ], [ 3.854747, 43.988529 ], [ 3.854406, 43.989665 ], [ 3.854149, 43.99018 ], [ 3.853145, 43.995399 ], [ 3.854898, 43.999882 ], [ 3.855248, 44.000516 ], [ 3.85623, 44.002048 ], [ 3.856564, 44.002706 ], [ 3.862439, 44.007531 ], [ 3.867047, 44.007117 ], [ 3.867291, 44.007207 ], [ 3.86804, 44.007526 ], [ 3.870331, 44.00824 ], [ 3.871173, 44.008371 ], [ 3.871569, 44.008565 ], [ 3.872545, 44.011323 ], [ 3.872132, 44.011627 ], [ 3.87181, 44.011818 ], [ 3.878573, 44.011233 ], [ 3.879385, 44.011296 ] ] ], [ [ [ 3.904666, 43.990956 ], [ 3.905009, 43.990856 ], [ 3.905593, 43.990564 ], [ 3.906619, 43.989706 ], [ 3.907359, 43.989093 ], [ 3.915664, 43.988176 ], [ 3.920686, 43.992071 ], [ 3.920927, 43.992449 ], [ 3.925835, 43.993807 ], [ 3.929507, 43.99978 ], [ 3.929848, 44.000782 ], [ 3.930543, 44.001604 ], [ 3.933809, 44.001343 ], [ 3.933872, 44.001104 ], [ 3.933567, 43.999534 ], [ 3.934618377518339, 43.993529174579344 ], [ 3.934039, 43.994636 ], [ 3.933576, 43.99501 ], [ 3.933308, 43.995209 ], [ 3.931949, 43.995043 ], [ 3.931167, 43.992314 ], [ 3.925057, 43.989133 ], [ 3.921475, 43.988773 ], [ 3.914336, 43.988016 ], [ 3.906949, 43.987267 ], [ 3.904791, 43.987093 ], [ 3.898629552179186, 43.991019256653253 ], [ 3.903456, 43.990342 ], [ 3.904666, 43.990956 ] ] ], [ [ [ 3.935958, 43.99097 ], [ 3.935528926210557, 43.991789689688446 ], [ 3.936703213364536, 43.991060325874862 ], [ 3.935958, 43.99097 ] ] ], [ [ [ 3.95075, 43.994408 ], [ 3.951023, 43.994336 ], [ 3.951449, 43.994164 ], [ 3.956453, 43.992067 ], [ 3.95799, 43.988812 ], [ 3.957305, 43.986728 ], [ 3.957258, 43.986655 ], [ 3.953148, 43.981018 ], [ 3.950795, 43.980057 ], [ 3.9488, 43.979734 ], [ 3.948663, 43.979795 ], [ 3.943892, 43.984921 ], [ 3.944763, 43.984997 ], [ 3.946386, 43.985364 ], [ 3.946749, 43.98552 ], [ 3.952964, 43.98736 ], [ 3.953802, 43.987982 ], [ 3.952674, 43.990949 ], [ 3.951952, 43.991071 ], [ 3.947296298118394, 43.991783172241639 ], [ 3.949252, 43.993825 ], [ 3.95075, 43.994408 ] ] ], [ [ [ 3.93046, 43.945703 ], [ 3.930401778354016, 43.945698539395288 ], [ 3.93040177835243, 43.945698539395146 ], [ 3.93046, 43.945703 ] ] ] ] } },
{ "type": "Feature", "properties": { "codgeo": "30263", "value": 780, "isochrone_group": 13.0, "nb_agences": 1 }, "geometry": { "type": "MultiPolygon", "coordinates": [ [ [ [ 3.894996, 43.924792 ], [ 3.890804, 43.91716 ], [ 3.888034, 43.914746 ], [ 3.885106, 43.91684 ], [ 3.886137, 43.919602 ], [ 3.887132, 43.924395 ], [ 3.88725, 43.923733 ], [ 3.887689, 43.922365 ], [ 3.891117, 43.923463 ], [ 3.891976, 43.924853 ], [ 3.893515, 43.933631 ], [ 3.895723, 43.935532 ], [ 3.896911470543891, 43.936364154469842 ], [ 3.895832, 43.928294 ], [ 3.894996, 43.924792 ] ] ], [ [ [ 3.871428, 43.911837 ], [ 3.872127, 43.911846 ], [ 3.873168, 43.911609 ], [ 3.873543, 43.911416 ], [ 3.873583, 43.911392 ], [ 3.873448, 43.908261 ], [ 3.868391, 43.901309 ], [ 3.86326, 43.897168 ], [ 3.862201, 43.893492 ], [ 3.858001, 43.888488 ], [ 3.854415, 43.888808 ], [ 3.848629, 43.893786 ], [ 3.846134, 43.894353 ], [ 3.845799, 43.898822 ], [ 3.845835, 43.901532 ], [ 3.848198, 43.909275 ], [ 3.847904, 43.911042 ], [ 3.847554, 43.919537 ], [ 3.847811, 43.918711 ], [ 3.8482, 43.918014 ], [ 3.850192, 43.915343 ], [ 3.851079, 43.909096 ], [ 3.850835, 43.908073 ], [ 3.848892, 43.902561 ], [ 3.850252, 43.899227 ], [ 3.854603, 43.894038 ], [ 3.855742, 43.89269 ], [ 3.856197, 43.892416 ], [ 3.856357, 43.892411 ], [ 3.858197, 43.893834 ], [ 3.860529, 43.899532 ], [ 3.864318, 43.904133 ], [ 3.870155, 43.908137 ], [ 3.870061, 43.911736 ], [ 3.869656, 43.911725 ], [ 3.870403, 43.91178 ], [ 3.871428, 43.911837 ] ] ], [ [ [ 3.804928, 43.925427 ], [ 3.805776595570689, 43.92540125898168 ], [ 3.80393022723517, 43.925058104671528 ], [ 3.804928, 43.925427 ] ] ], [ [ [ 3.795782, 43.918691 ], [ 3.792256, 43.918756 ], [ 3.786571, 43.917804 ], [ 3.786988, 43.917981 ], [ 3.787794, 43.918391 ], [ 3.788809, 43.91895 ], [ 3.796522, 43.921224 ], [ 3.797425, 43.922653 ], [ 3.801228105381922, 43.924059079478795 ], [ 3.795856, 43.918713 ], [ 3.795782, 43.918691 ] ] ], [ [ [ 3.780066, 43.912127 ], [ 3.772751, 43.909328 ], [ 3.76594, 43.90485 ], [ 3.765932829736319, 43.904844153477313 ], [ 3.765935, 43.904846 ], [ 3.763605, 43.90759 ], [ 3.762840021141972, 43.907041969523419 ], [ 3.76284, 43.907042 ], [ 3.764789, 43.908799 ], [ 3.765196, 43.909244 ], [ 3.765723, 43.909674 ], [ 3.769735, 43.914692 ], [ 3.772253, 43.917265 ], [ 3.777068, 43.921446 ], [ 3.781233, 43.928299 ], [ 3.782826, 43.931527 ], [ 3.777162966449596, 43.934520568005958 ], [ 3.778066, 43.934682 ], [ 3.780285, 43.935594 ], [ 3.78074, 43.937093 ], [ 3.779751, 43.939154 ], [ 3.781043, 43.947521 ], [ 3.781068769105419, 43.947510915557991 ], [ 3.785904, 43.943882 ], [ 3.786562, 43.942002 ], [ 3.786604, 43.941821 ], [ 3.787615, 43.940715 ], [ 3.785906, 43.93193 ], [ 3.785347, 43.931737 ], [ 3.784299, 43.931015 ], [ 3.784076, 43.930697 ], [ 3.781847, 43.922103 ], [ 3.779387, 43.92034 ], [ 3.775447, 43.915872 ], [ 3.773459, 43.914326 ], [ 3.775671, 43.911485 ], [ 3.777658, 43.913031 ], [ 3.780497, 43.915132 ], [ 3.786093, 43.917643 ], [ 3.786571, 43.917804 ], [ 3.780788, 43.912915 ], [ 3.780066, 43.912127 ] ] ], [ [ [ 3.765615, 43.904585 ], [ 3.764892, 43.904084 ], [ 3.764891802965834, 43.904084284028784 ], [ 3.76569665849171, 43.904651583077879 ], [ 3.765615, 43.904585 ] ] ], [ [ [ 3.786538, 43.968977 ], [ 3.783408, 43.96968 ], [ 3.782482, 43.969719 ], [ 3.781927, 43.969973 ], [ 3.781666, 43.970167 ], [ 3.78171, 43.971259 ], [ 3.782164, 43.973636 ], [ 3.784392, 43.974582 ], [ 3.78512, 43.974832 ], [ 3.790176, 43.9772 ], [ 3.790398, 43.977267 ], [ 3.791453, 43.977489 ], [ 3.791979, 43.977486 ], [ 3.793809, 43.977266 ], [ 3.797049, 43.976325 ], [ 3.800161, 43.97331 ], [ 3.799272, 43.973717 ], [ 3.796755, 43.974802 ], [ 3.795841, 43.975187 ], [ 3.793083, 43.976595 ], [ 3.792065, 43.977055 ], [ 3.791044, 43.977102 ], [ 3.788443, 43.972849 ], [ 3.787894, 43.969463 ], [ 3.787955, 43.969308 ], [ 3.788856, 43.968631 ], [ 3.787218, 43.968903 ], [ 3.786538, 43.968977 ] ] ], [ [ [ 3.811427, 43.975327 ], [ 3.812106, 43.97567 ], [ 3.81287, 43.975759 ], [ 3.814587, 43.974666 ], [ 3.823004, 43.973076 ], [ 3.822491, 43.972831 ], [ 3.814096, 43.973603 ], [ 3.812421, 43.973251 ], [ 3.811306, 43.972778 ], [ 3.802863, 43.971582 ], [ 3.810891, 43.973443 ], [ 3.811427, 43.975327 ] ] ], [ [ [ 3.801781, 44.002644 ], [ 3.800766, 44.002141 ], [ 3.799187, 44.001709 ], [ 3.798134, 44.002082 ], [ 3.797718, 44.002391 ], [ 3.798685898096878, 44.004938201130209 ], [ 3.799029, 44.003832 ], [ 3.801307, 44.00335 ], [ 3.806794, 44.003298 ], [ 3.807362, 44.0031 ], [ 3.81254, 43.996057 ], [ 3.812584, 43.995372 ], [ 3.813277, 43.994297 ], [ 3.808748, 43.997621 ], [ 3.801781, 44.002644 ] ] ], [ [ [ 3.796226, 44.014172 ], [ 3.7968, 44.015495 ], [ 3.799747, 44.018258 ], [ 3.800633, 44.018791 ], [ 3.801229, 44.01887 ], [ 3.801862, 44.018774 ], [ 3.802833, 44.018376 ], [ 3.803078, 44.018249 ], [ 3.803701, 44.017914 ], [ 3.803058, 44.018161 ], [ 3.802606, 44.018207 ], [ 3.800575, 44.01588 ], [ 3.797776, 44.010201 ], [ 3.797804522244348, 44.009931411407031 ], [ 3.796542, 44.013072 ], [ 3.796226, 44.014172 ] ] ], [ [ [ 3.828003, 44.013288 ], [ 3.828728, 44.014398 ], [ 3.829555, 44.014753 ], [ 3.829877, 44.014803 ], [ 3.831178, 44.013989 ], [ 3.831548, 44.013774 ], [ 3.832349, 44.013288 ], [ 3.832776, 44.013002 ], [ 3.83819, 44.011886 ], [ 3.839547, 44.011525 ], [ 3.846386, 44.015234 ], [ 3.846174, 44.013604 ], [ 3.838259, 44.010072 ], [ 3.837808, 44.010251 ], [ 3.836722, 44.010606 ], [ 3.836234, 44.010787 ], [ 3.835788, 44.010893 ], [ 3.834908, 44.011098 ], [ 3.834319, 44.011126 ], [ 3.831953, 44.011222 ], [ 3.831141, 44.007715 ], [ 3.833182, 44.002263 ], [ 3.826304, 43.99681 ], [ 3.823825, 44.000928 ], [ 3.823791, 44.00098 ], [ 3.823122, 44.001409 ], [ 3.82006, 44.005092 ], [ 3.819669, 44.007095 ], [ 3.81831, 44.010071 ], [ 3.82721, 44.01053 ], [ 3.828003, 44.013288 ] ] ], [ [ [ 3.842536, 44.022325 ], [ 3.842088, 44.022708 ], [ 3.841768, 44.023114 ], [ 3.841427, 44.024419 ], [ 3.841883, 44.02718 ], [ 3.841973, 44.027642 ], [ 3.84236, 44.028313 ], [ 3.842835, 44.028723 ], [ 3.843392, 44.028972 ], [ 3.852014, 44.031002 ], [ 3.857435, 44.033682 ], [ 3.85845, 44.034227 ], [ 3.861767, 44.032826 ], [ 3.864003, 44.025242 ], [ 3.864377, 44.021661 ], [ 3.864367, 44.021575 ], [ 3.867214985881494, 44.013826310385397 ], [ 3.866279, 44.013829 ], [ 3.864023, 44.014537 ], [ 3.862495, 44.022141 ], [ 3.862524, 44.022185 ], [ 3.862611, 44.027451 ], [ 3.862608, 44.027546 ], [ 3.860128, 44.028975 ], [ 3.857418, 44.029207 ], [ 3.856985, 44.029227 ], [ 3.856471, 44.02919 ], [ 3.8542, 44.028873 ], [ 3.853311, 44.028669 ], [ 3.852542, 44.028399 ], [ 3.847204, 44.026258 ], [ 3.847123, 44.02622 ], [ 3.846557, 44.025837 ], [ 3.84636, 44.022714 ], [ 3.846735, 44.016934 ], [ 3.846643, 44.016366 ], [ 3.846386, 44.015234 ], [ 3.843164, 44.022053 ], [ 3.842536, 44.022325 ] ] ], [ [ [ 3.882442, 44.01328 ], [ 3.882918, 44.013406 ], [ 3.883696, 44.013379 ], [ 3.884983, 44.012933 ], [ 3.885965, 44.012059 ], [ 3.886207, 44.01105 ], [ 3.886477, 44.009482 ], [ 3.891586012970215, 44.007239991705433 ], [ 3.886584, 44.008483 ], [ 3.87961, 44.011266 ], [ 3.879385, 44.011296 ], [ 3.878573, 44.011233 ], [ 3.882033, 44.013091 ], [ 3.882442, 44.01328 ] ] ], [ [ [ 3.899443, 44.00881 ], [ 3.899754, 44.00904 ], [ 3.900186, 44.009287 ], [ 3.901835, 44.010439 ], [ 3.902342, 44.010641 ], [ 3.903282, 44.010685 ], [ 3.904265, 44.010214 ], [ 3.904908, 44.00856 ], [ 3.904262, 44.007315 ], [ 3.900425, 44.000561 ], [ 3.900111, 43.99894 ], [ 3.907164, 43.994471 ], [ 3.907271, 43.994474 ], [ 3.907621, 43.994441 ], [ 3.907931, 43.994369 ], [ 3.908613, 43.993974 ], [ 3.908351, 43.990916 ], [ 3.915664, 43.988176 ], [ 3.907359, 43.989093 ], [ 3.906619, 43.989706 ], [ 3.905593, 43.990564 ], [ 3.905009, 43.990856 ], [ 3.904666, 43.990956 ], [ 3.903456, 43.990342 ], [ 3.895567, 43.991449 ], [ 3.898303, 43.998424 ], [ 3.898284, 43.998658 ], [ 3.898245, 43.99904 ], [ 3.89808, 43.99935 ], [ 3.895876, 44.006372 ], [ 3.89526, 44.006327 ], [ 3.895015830886662, 44.006387676418662 ], [ 3.896574, 44.00705 ], [ 3.899443, 44.00881 ] ] ], [ [ [ 3.921349, 43.99337 ], [ 3.922462, 43.996662 ], [ 3.925294, 43.998785 ], [ 3.928712, 44.005006 ], [ 3.930649, 44.007914 ], [ 3.932958, 44.007322 ], [ 3.933901, 44.006368 ], [ 3.933667, 44.003275 ], [ 3.933872, 44.001104 ], [ 3.933809, 44.001343 ], [ 3.930543, 44.001604 ], [ 3.929848, 44.000782 ], [ 3.929507, 43.99978 ], [ 3.925835, 43.993807 ], [ 3.920927, 43.992449 ], [ 3.920686, 43.992071 ], [ 3.920605332501562, 43.99200843530339 ], [ 3.921001, 43.992739 ], [ 3.921349, 43.99337 ] ] ], [ [ [ 3.934849, 43.992212 ], [ 3.934841829368388, 43.992252954262611 ], [ 3.939993, 43.989017 ], [ 3.934849, 43.992212 ] ] ], [ [ [ 3.951156, 43.997596 ], [ 3.953652, 43.998451 ], [ 3.953791, 43.998375 ], [ 3.961737, 43.994376 ], [ 3.962577, 43.99245 ], [ 3.963493, 43.990239 ], [ 3.96326, 43.989863 ], [ 3.958006, 43.983054 ], [ 3.956367, 43.978164 ], [ 3.950882, 43.974818 ], [ 3.947462, 43.973694 ], [ 3.94718, 43.974551 ], [ 3.946567, 43.976844 ], [ 3.946485, 43.977238 ], [ 3.946636, 43.979763 ], [ 3.94109719691184, 43.984676029080099 ], [ 3.943892, 43.984921 ], [ 3.948663, 43.979795 ], [ 3.9488, 43.979734 ], [ 3.950795, 43.980057 ], [ 3.953148, 43.981018 ], [ 3.957258, 43.986655 ], [ 3.957305, 43.986728 ], [ 3.95799, 43.988812 ], [ 3.956453, 43.992067 ], [ 3.951449, 43.994164 ], [ 3.951023, 43.994336 ], [ 3.95075, 43.994408 ], [ 3.949252, 43.993825 ], [ 3.945914, 43.99034 ], [ 3.939993, 43.989017 ], [ 3.945938, 43.993612 ], [ 3.951156, 43.997596 ] ] ], [ [ [ 3.918826179604837, 43.942505852700371 ], [ 3.925353, 43.937153 ], [ 3.918826179604833, 43.942505852700371 ], [ 3.918826179604837, 43.942505852700371 ] ] ], [ [ [ 3.927359, 43.938367 ], [ 3.928619, 43.939782 ], [ 3.934117242411696, 43.942353726578659 ], [ 3.927359, 43.938367 ] ] ], [ [ [ 3.942265, 43.940498 ], [ 3.94297582541052, 43.940204369643773 ], [ 3.942003, 43.940354 ], [ 3.9419913565789, 43.940360272185401 ], [ 3.942265, 43.940498 ] ] ], [ [ [ 3.93046, 43.945703 ], [ 3.924852344224087, 43.94527337394716 ], [ 3.924852344224087, 43.94527337394716 ], [ 3.93046, 43.945703 ] ] ] ] } },
{ "type": "Feature", "properties": { "codgeo": "30263", "value": 840, "isochrone_group": 14.0, "nb_agences": 1 }, "geometry": { "type": "MultiPolygon", "coordinates": [ [ [ [ 3.962735, 43.982151 ], [ 3.96228, 43.981665 ], [ 3.960685, 43.98014 ], [ 3.956709, 43.973846 ], [ 3.956176, 43.972952 ], [ 3.955162, 43.972099 ], [ 3.949502, 43.969039 ], [ 3.948457871715756, 43.963090529742217 ], [ 3.948491, 43.963958 ], [ 3.949372, 43.969157 ], [ 3.949432, 43.969292 ], [ 3.950023, 43.970369 ], [ 3.950458, 43.971135 ], [ 3.948045, 43.973032 ], [ 3.947329, 43.972915 ], [ 3.943161, 43.968634 ], [ 3.942655, 43.967971 ], [ 3.942475, 43.967573 ], [ 3.944504, 43.961435 ], [ 3.940288, 43.956292 ], [ 3.940492, 43.952698 ], [ 3.936836, 43.946173 ], [ 3.935363499967693, 43.946069999997746 ], [ 3.933903, 43.945968 ], [ 3.93046, 43.945703 ], [ 3.924852344224087, 43.94527337394716 ], [ 3.924851, 43.945274 ], [ 3.918915450194546, 43.94708984015567 ], [ 3.915274, 43.953436 ], [ 3.916204, 43.954922 ], [ 3.916369, 43.955236 ], [ 3.916578, 43.956206 ], [ 3.918759, 43.960253 ], [ 3.920017, 43.961746 ], [ 3.920349, 43.962327 ], [ 3.924335, 43.967581 ], [ 3.924896, 43.968022 ], [ 3.925272, 43.96843 ], [ 3.925663, 43.969062 ], [ 3.925981, 43.969879 ], [ 3.926612, 43.972162 ], [ 3.926694, 43.972606 ], [ 3.931346, 43.979873 ], [ 3.934541, 43.982031 ], [ 3.935133, 43.982307 ], [ 3.935603, 43.982572 ], [ 3.935998, 43.982835 ], [ 3.936633, 43.983314 ], [ 3.938393, 43.984439 ], [ 3.940334, 43.985353 ], [ 3.946636, 43.979763 ], [ 3.946485, 43.977238 ], [ 3.946567, 43.976844 ], [ 3.94718, 43.974551 ], [ 3.947462, 43.973694 ], [ 3.950882, 43.974818 ], [ 3.956367, 43.978164 ], [ 3.958006, 43.983054 ], [ 3.96326, 43.989863 ], [ 3.963493, 43.990239 ], [ 3.963165755584706, 43.991028887993707 ], [ 3.969313, 43.989995 ], [ 3.969626, 43.990315 ], [ 3.970437, 43.991476 ], [ 3.972765, 43.994352 ], [ 3.974170962665796, 43.995200897881126 ], [ 3.972271, 43.990004 ], [ 3.971759, 43.986441 ], [ 3.966844, 43.98616 ], [ 3.962735, 43.982151 ] ] ], [ [ [ 3.899233, 43.926915 ], [ 3.899962, 43.926786 ], [ 3.900767, 43.926492 ], [ 3.901172, 43.926262 ], [ 3.899393, 43.923132 ], [ 3.898348, 43.917551 ], [ 3.896302, 43.916957 ], [ 3.894257, 43.916363 ], [ 3.89145, 43.915554 ], [ 3.885981, 43.910727 ], [ 3.882456, 43.908444 ], [ 3.879893, 43.910971 ], [ 3.873472810602669, 43.908836422199663 ], [ 3.873583, 43.911392 ], [ 3.873543, 43.911416 ], [ 3.873168, 43.911609 ], [ 3.872127, 43.911846 ], [ 3.871428, 43.911837 ], [ 3.870403, 43.91178 ], [ 3.869656, 43.911725 ], [ 3.868916, 43.911669 ], [ 3.867718, 43.911582 ], [ 3.865138, 43.911678 ], [ 3.864218, 43.911786 ], [ 3.863049, 43.911858 ], [ 3.855314, 43.915992 ], [ 3.854834, 43.916399 ], [ 3.851455, 43.924185 ], [ 3.853397, 43.927302 ], [ 3.854203, 43.928023 ], [ 3.854518, 43.929051 ], [ 3.854073, 43.930325 ], [ 3.854554, 43.938552 ], [ 3.861167, 43.941751 ], [ 3.862903, 43.942478 ], [ 3.869093, 43.948579 ], [ 3.872275, 43.946883 ], [ 3.880781, 43.949477 ], [ 3.882976, 43.948536 ], [ 3.885161, 43.9476 ], [ 3.886456, 43.94704 ], [ 3.887033, 43.946848 ], [ 3.887428, 43.946771 ], [ 3.887968, 43.946725 ], [ 3.888921, 43.946723 ], [ 3.890674, 43.94667 ], [ 3.892687, 43.938034 ], [ 3.891939, 43.937617 ], [ 3.891416, 43.937123 ], [ 3.89106, 43.936618 ], [ 3.888758, 43.933842 ], [ 3.887615, 43.932616 ], [ 3.887232, 43.931944 ], [ 3.88707, 43.931119 ], [ 3.886807, 43.928478 ], [ 3.886806, 43.927663 ], [ 3.887132, 43.924395 ], [ 3.886137, 43.919602 ], [ 3.885106, 43.91684 ], [ 3.888034, 43.914746 ], [ 3.890804, 43.91716 ], [ 3.894996, 43.924792 ], [ 3.895832, 43.928294 ], [ 3.896422872131225, 43.932711377943193 ], [ 3.89771, 43.927524 ], [ 3.899233, 43.926915 ] ] ], [ [ [ 3.871041, 43.902505 ], [ 3.870885, 43.901333 ], [ 3.870655, 43.900493 ], [ 3.869212, 43.8959 ], [ 3.867695, 43.892879 ], [ 3.865319, 43.892233 ], [ 3.86084, 43.886628 ], [ 3.857803, 43.881648 ], [ 3.856483, 43.881582 ], [ 3.854205, 43.88178 ], [ 3.850123, 43.887769 ], [ 3.849281, 43.888781 ], [ 3.845729, 43.892672 ], [ 3.837893, 43.894991 ], [ 3.837512, 43.89658 ], [ 3.837605, 43.898579 ], [ 3.843901, 43.904318 ], [ 3.845801, 43.909575 ], [ 3.846015, 43.909863 ], [ 3.846467, 43.910378 ], [ 3.847633399835912, 43.917609852554065 ], [ 3.847904, 43.911042 ], [ 3.848198, 43.909275 ], [ 3.845835, 43.901532 ], [ 3.845799, 43.898822 ], [ 3.846134, 43.894353 ], [ 3.848629, 43.893786 ], [ 3.854415, 43.888808 ], [ 3.858001, 43.888488 ], [ 3.862201, 43.893492 ], [ 3.86326, 43.897168 ], [ 3.868391, 43.901309 ], [ 3.871194696456274, 43.905163320301369 ], [ 3.870901, 43.903371 ], [ 3.871041, 43.902505 ] ] ], [ [ [ 3.804985, 43.921563 ], [ 3.804064, 43.921494 ], [ 3.803473, 43.921542 ], [ 3.79575, 43.918124 ], [ 3.795203, 43.916735 ], [ 3.795081, 43.916378 ], [ 3.794803, 43.915824 ], [ 3.794536, 43.91528 ], [ 3.794397, 43.915022 ], [ 3.791229, 43.916732 ], [ 3.786330689873111, 43.9176008396662 ], [ 3.786571, 43.917804 ], [ 3.792256, 43.918756 ], [ 3.795782, 43.918691 ], [ 3.795856, 43.918713 ], [ 3.801842, 43.92467 ], [ 3.805942, 43.925432 ], [ 3.807777, 43.932571 ], [ 3.805984, 43.923899 ], [ 3.804985, 43.921563 ] ] ], [ [ [ 3.764166, 43.903596 ], [ 3.76345852688504, 43.903100588915372 ], [ 3.763688, 43.903314 ], [ 3.764255, 43.903653 ], [ 3.764846, 43.904052 ], [ 3.764891802965834, 43.904084284028784 ], [ 3.764892, 43.904084 ], [ 3.765615, 43.904585 ], [ 3.76569665849171, 43.904651583077879 ], [ 3.765754, 43.904692 ], [ 3.772611839597765, 43.909226307940912 ], [ 3.767607, 43.905569 ], [ 3.764166, 43.903596 ] ] ], [ [ [ 3.776583, 43.921217 ], [ 3.779636, 43.929117 ], [ 3.772241814454321, 43.93346983287212 ], [ 3.776721206872679, 43.934754089019755 ], [ 3.782826, 43.931527 ], [ 3.781233, 43.928299 ], [ 3.777068, 43.921446 ], [ 3.773774966851276, 43.918586566646987 ], [ 3.774057, 43.91903 ], [ 3.776583, 43.921217 ] ] ], [ [ [ 3.743477, 43.9296 ], [ 3.741435, 43.929756 ], [ 3.742823, 43.929694 ], [ 3.743515948181625, 43.929629646603381 ], [ 3.743477, 43.9296 ] ] ], [ [ [ 3.737691400059215, 43.929217541610662 ], [ 3.738194, 43.92979 ], [ 3.739141, 43.929747 ], [ 3.740358, 43.929782 ], [ 3.740766, 43.929781 ], [ 3.741435, 43.929756 ], [ 3.737691400059215, 43.929217541610662 ] ] ], [ [ [ 3.723907, 43.947202 ], [ 3.724265, 43.947251 ], [ 3.724517694576951, 43.947284814999655 ], [ 3.724104, 43.946994 ], [ 3.721900694940914, 43.946804689427459 ], [ 3.723907, 43.947202 ] ] ], [ [ [ 3.780655, 43.970028 ], [ 3.780038, 43.97046 ], [ 3.779279, 43.971206 ], [ 3.779107, 43.971405 ], [ 3.775801, 43.974126 ], [ 3.775266, 43.974387 ], [ 3.774721, 43.97491 ], [ 3.774398, 43.975384 ], [ 3.776798, 43.977586 ], [ 3.778538, 43.978149 ], [ 3.780491, 43.976274 ], [ 3.78860557160031, 43.97646448290142 ], [ 3.78512, 43.974832 ], [ 3.784392, 43.974582 ], [ 3.782164, 43.973636 ], [ 3.78171, 43.971259 ], [ 3.781666, 43.970167 ], [ 3.781927, 43.969973 ], [ 3.782482, 43.969719 ], [ 3.781283, 43.969859 ], [ 3.780655, 43.970028 ] ] ], [ [ [ 3.799764, 43.978417 ], [ 3.800081, 43.978481 ], [ 3.80079, 43.974951 ], [ 3.809476, 43.973347 ], [ 3.809961, 43.9747 ], [ 3.811052, 43.975334 ], [ 3.812106, 43.97567 ], [ 3.811427, 43.975327 ], [ 3.810891, 43.973443 ], [ 3.802863, 43.971582 ], [ 3.800161, 43.97331 ], [ 3.797049, 43.976325 ], [ 3.793809, 43.977266 ], [ 3.799175, 43.978195 ], [ 3.799764, 43.978417 ] ] ], [ [ [ 3.807553, 43.997308 ], [ 3.800766, 44.002141 ], [ 3.801781, 44.002644 ], [ 3.808748, 43.997621 ], [ 3.813277, 43.994297 ], [ 3.809996, 43.995456 ], [ 3.807553, 43.997308 ] ] ], [ [ [ 3.793379, 44.003596 ], [ 3.789072, 44.007436 ], [ 3.790037, 44.010904 ], [ 3.790652, 44.01151 ], [ 3.791356, 44.012184 ], [ 3.792323, 44.012449 ], [ 3.7968, 44.015495 ], [ 3.796226, 44.014172 ], [ 3.796542, 44.013072 ], [ 3.799233, 44.006378 ], [ 3.797718, 44.002391 ], [ 3.798134, 44.002082 ], [ 3.799187, 44.001709 ], [ 3.796384, 44.00207 ], [ 3.793379, 44.003596 ] ] ], [ [ [ 3.798817, 44.021246 ], [ 3.799406, 44.021702 ], [ 3.800107, 44.021918 ], [ 3.800565, 44.021926 ], [ 3.801314, 44.021739 ], [ 3.805332, 44.020166 ], [ 3.805947, 44.019857 ], [ 3.806554, 44.019163 ], [ 3.809892, 44.014594 ], [ 3.808824, 44.015352 ], [ 3.808386, 44.015655 ], [ 3.803701, 44.017914 ], [ 3.803078, 44.018249 ], [ 3.802833, 44.018376 ], [ 3.801862, 44.018774 ], [ 3.801229, 44.01887 ], [ 3.800633, 44.018791 ], [ 3.799747, 44.018258 ], [ 3.7968, 44.015495 ], [ 3.798375, 44.020383 ], [ 3.798817, 44.021246 ] ] ], [ [ [ 3.826948, 44.016057 ], [ 3.827181, 44.016084 ], [ 3.83112, 44.016682 ], [ 3.832254, 44.016834 ], [ 3.833446, 44.016114 ], [ 3.833659, 44.015546 ], [ 3.833899, 44.015064 ], [ 3.839599290023872, 44.011553358487866 ], [ 3.839547, 44.011525 ], [ 3.83819, 44.011886 ], [ 3.832776, 44.013002 ], [ 3.832349, 44.013288 ], [ 3.831548, 44.013774 ], [ 3.831178, 44.013989 ], [ 3.829877, 44.014803 ], [ 3.829555, 44.014753 ], [ 3.828728, 44.014398 ], [ 3.828003, 44.013288 ], [ 3.82721, 44.01053 ], [ 3.81831, 44.010071 ], [ 3.826408, 44.011771 ], [ 3.826948, 44.016057 ] ] ], [ [ [ 3.843138, 44.020274 ], [ 3.842088, 44.022708 ], [ 3.842536, 44.022325 ], [ 3.843164, 44.022053 ], [ 3.846386, 44.015234 ], [ 3.84123384859028, 44.012439829861293 ], [ 3.843503, 44.01915 ], [ 3.843138, 44.020274 ] ] ], [ [ [ 3.83768, 44.029413 ], [ 3.837191, 44.030009 ], [ 3.836374, 44.031873 ], [ 3.836511, 44.032085 ], [ 3.837104, 44.03266 ], [ 3.838076, 44.032986 ], [ 3.838503, 44.032988 ], [ 3.840593, 44.032549 ], [ 3.841328, 44.03228 ], [ 3.841869, 44.031902 ], [ 3.849445, 44.030679 ], [ 3.852278, 44.033352 ], [ 3.852437, 44.033633 ], [ 3.854343, 44.03514 ], [ 3.860325, 44.041183 ], [ 3.860701, 44.041799 ], [ 3.860968, 44.042136 ], [ 3.863707, 44.040061 ], [ 3.866298, 44.03713 ], [ 3.865685, 44.033582 ], [ 3.864749, 44.029702 ], [ 3.864739, 44.029592 ], [ 3.863548932143109, 44.026782094197983 ], [ 3.861767, 44.032826 ], [ 3.85845, 44.034227 ], [ 3.857435, 44.033682 ], [ 3.852014, 44.031002 ], [ 3.843392, 44.028972 ], [ 3.842835, 44.028723 ], [ 3.84236, 44.028313 ], [ 3.841973, 44.027642 ], [ 3.841883, 44.02718 ], [ 3.841427, 44.024419 ], [ 3.838381, 44.029016 ], [ 3.83768, 44.029413 ] ] ], [ [ [ 3.877464, 44.01697 ], [ 3.878026, 44.016889 ], [ 3.884983, 44.012933 ], [ 3.883696, 44.013379 ], [ 3.882918, 44.013406 ], [ 3.882442, 44.01328 ], [ 3.882033, 44.013091 ], [ 3.878573, 44.011233 ], [ 3.87181, 44.011818 ], [ 3.871145, 44.012017 ], [ 3.87673, 44.016686 ], [ 3.877464, 44.01697 ] ] ], [ [ [ 3.898718, 44.010877 ], [ 3.904571, 44.014192 ], [ 3.906434, 44.014194 ], [ 3.906865, 44.013696 ], [ 3.907298, 44.011841 ], [ 3.908459, 44.004561 ], [ 3.91158, 43.996614 ], [ 3.918829, 44.000564 ], [ 3.919174, 44.000637 ], [ 3.921524, 44.00096 ], [ 3.922352, 44.001019 ], [ 3.928710372366735, 44.005003037593177 ], [ 3.925294, 43.998785 ], [ 3.922462, 43.996662 ], [ 3.921349, 43.99337 ], [ 3.921001, 43.992739 ], [ 3.920402, 43.991633 ], [ 3.915664, 43.988176 ], [ 3.908351, 43.990916 ], [ 3.908613, 43.993974 ], [ 3.907931, 43.994369 ], [ 3.907621, 43.994441 ], [ 3.907271, 43.994474 ], [ 3.907164, 43.994471 ], [ 3.900111, 43.99894 ], [ 3.900425, 44.000561 ], [ 3.904262, 44.007315 ], [ 3.904908, 44.00856 ], [ 3.904265, 44.010214 ], [ 3.903282, 44.010685 ], [ 3.902342, 44.010641 ], [ 3.901835, 44.010439 ], [ 3.900186, 44.009287 ], [ 3.899754, 44.00904 ], [ 3.899443, 44.00881 ], [ 3.896574, 44.00705 ], [ 3.894659, 44.006236 ], [ 3.894161, 44.00611 ], [ 3.896478, 44.008473 ], [ 3.898718, 44.010877 ] ] ], [ [ [ 3.930404633752286, 44.014084260757045 ], [ 3.931851, 44.013008 ], [ 3.9327, 44.013707 ], [ 3.933174861082422, 44.014250368708922 ], [ 3.935114, 44.013207 ], [ 3.935688, 44.012864 ], [ 3.936318, 44.012352 ], [ 3.936683, 44.00686 ], [ 3.933872, 44.001104 ], [ 3.933667, 44.003275 ], [ 3.933901, 44.006368 ], [ 3.932958, 44.007322 ], [ 3.930649, 44.007914 ], [ 3.929234163383533, 44.005789919008414 ], [ 3.929305, 44.012127 ], [ 3.930404633752286, 44.014084260757045 ] ] ], [ [ [ 3.945109, 43.993871 ], [ 3.947913, 43.997383 ], [ 3.949031, 44.000572 ], [ 3.949055, 44.000746 ], [ 3.950055, 44.002157 ], [ 3.950892, 44.00198 ], [ 3.951459, 44.001829 ], [ 3.951833, 44.001653 ], [ 3.952243, 44.001415 ], [ 3.960882, 44.000257 ], [ 3.963885, 43.99987 ], [ 3.964536403775379, 43.999747310967074 ], [ 3.961638, 43.995408 ], [ 3.960859389029142, 43.994817677104507 ], [ 3.953791, 43.998375 ], [ 3.953652, 43.998451 ], [ 3.951156, 43.997596 ], [ 3.945938, 43.993612 ], [ 3.939993, 43.989017 ], [ 3.934716, 43.992332 ], [ 3.942131, 43.99185 ], [ 3.945109, 43.993871 ] ] ], [ [ [ 3.937723, 43.938435 ], [ 3.93122966206227, 43.940650326104723 ], [ 3.931297369147043, 43.940690266908547 ], [ 3.937646, 43.938786 ], [ 3.941178, 43.938957 ], [ 3.943232727094467, 43.939213072111372 ], [ 3.94137, 43.938876 ], [ 3.937958, 43.937838 ], [ 3.937723, 43.938435 ] ] ] ] } },
{ "type": "Feature", "properties": { "codgeo": "30263", "value": 900, "isochrone_group": 15.0, "nb_agences": 1 }, "geometry": { "type": "MultiPolygon", "coordinates": [ [ [ [ 3.960237, 43.975122 ], [ 3.958272, 43.973269 ], [ 3.957289, 43.973047 ], [ 3.957032, 43.972997 ], [ 3.956663, 43.972957 ], [ 3.955768251932817, 43.972608992996733 ], [ 3.956176, 43.972952 ], [ 3.956709, 43.973846 ], [ 3.960685, 43.98014 ], [ 3.96228, 43.981665 ], [ 3.962735, 43.982151 ], [ 3.96653942845229, 43.985862840755736 ], [ 3.972457, 43.986341 ], [ 3.972619834350291, 43.986263315641771 ], [ 3.96592, 43.981319 ], [ 3.96366, 43.979014 ], [ 3.961852, 43.976796 ], [ 3.960237, 43.975122 ] ] ], [ [ [ 3.901383, 43.939444 ], [ 3.905270809813957, 43.941456901531772 ], [ 3.905270809813965, 43.94145690153178 ], [ 3.901383, 43.939444 ] ] ], [ [ [ 3.904667, 43.924409 ], [ 3.905274, 43.924095 ], [ 3.905905, 43.923594 ], [ 3.906436, 43.922915 ], [ 3.906728, 43.922371 ], [ 3.903867, 43.919222 ], [ 3.90371, 43.919142 ], [ 3.901106, 43.918351 ], [ 3.895021, 43.915737 ], [ 3.892285, 43.915271 ], [ 3.888103, 43.907952 ], [ 3.886222, 43.904883 ], [ 3.877686, 43.903847 ], [ 3.876069, 43.902816 ], [ 3.875236, 43.894702 ], [ 3.875149, 43.894499 ], [ 3.874881, 43.894056 ], [ 3.874857, 43.894025 ], [ 3.872483, 43.891636 ], [ 3.867597, 43.886855 ], [ 3.863365, 43.881599 ], [ 3.861745, 43.879083 ], [ 3.861278, 43.878553 ], [ 3.860643, 43.878204 ], [ 3.859795, 43.87794 ], [ 3.85599, 43.879066 ], [ 3.855223, 43.879354 ], [ 3.851672, 43.882053 ], [ 3.843859, 43.88621 ], [ 3.843152, 43.886763 ], [ 3.837816, 43.891136 ], [ 3.830868, 43.894154 ], [ 3.829318, 43.894111 ], [ 3.829218, 43.897709 ], [ 3.836643, 43.901447 ], [ 3.836894, 43.901597 ], [ 3.841833, 43.904236 ], [ 3.842216, 43.904282 ], [ 3.844085648106765, 43.904828892156459 ], [ 3.843901, 43.904318 ], [ 3.837605, 43.898579 ], [ 3.837512, 43.89658 ], [ 3.837893, 43.894991 ], [ 3.845729, 43.892672 ], [ 3.849281, 43.888781 ], [ 3.850123, 43.887769 ], [ 3.854205, 43.88178 ], [ 3.856483, 43.881582 ], [ 3.857803, 43.881648 ], [ 3.86084, 43.886628 ], [ 3.865319, 43.892233 ], [ 3.867695, 43.892879 ], [ 3.869212, 43.8959 ], [ 3.870655, 43.900493 ], [ 3.870885, 43.901333 ], [ 3.871041, 43.902505 ], [ 3.870901, 43.903371 ], [ 3.8717, 43.908247 ], [ 3.879893, 43.910971 ], [ 3.882456, 43.908444 ], [ 3.885981, 43.910727 ], [ 3.89145, 43.915554 ], [ 3.894257, 43.916363 ], [ 3.896302, 43.916957 ], [ 3.898348, 43.917551 ], [ 3.899393, 43.923132 ], [ 3.901169784076096, 43.926258101269354 ], [ 3.901306, 43.926179 ], [ 3.904667, 43.924409 ] ] ], [ [ [ 3.808888, 43.923291 ], [ 3.808679, 43.922955 ], [ 3.807856, 43.922256 ], [ 3.806854, 43.921938 ], [ 3.805132, 43.92158 ], [ 3.804987286690294, 43.921568347055597 ], [ 3.805984, 43.923899 ], [ 3.807777, 43.932571 ], [ 3.808123, 43.926441 ], [ 3.808888, 43.923291 ] ] ], [ [ [ 3.793648, 43.913811 ], [ 3.7929, 43.913033 ], [ 3.791982, 43.911999 ], [ 3.789119, 43.914182 ], [ 3.786093, 43.917643 ], [ 3.791229, 43.916732 ], [ 3.794397, 43.915022 ], [ 3.794536, 43.91528 ], [ 3.794803, 43.915824 ], [ 3.794256, 43.914509 ], [ 3.793648, 43.913811 ] ] ], [ [ [ 3.770322, 43.905402 ], [ 3.769837, 43.904758 ], [ 3.764823585054714, 43.903533162863653 ], [ 3.76547805046313, 43.904348303273402 ], [ 3.767607, 43.905569 ], [ 3.772751, 43.909328 ], [ 3.772815902323498, 43.909368267864956 ], [ 3.77287, 43.909397 ], [ 3.773191292337066, 43.909601174077729 ], [ 3.773299, 43.909668 ], [ 3.773324930728346, 43.909686098279593 ], [ 3.773383, 43.909723 ], [ 3.773540337719301, 43.90983644098884 ], [ 3.77364, 43.909906 ], [ 3.773681456675197, 43.909938188198424 ], [ 3.773702, 43.909953 ], [ 3.774794, 43.910802 ], [ 3.770568, 43.905725 ], [ 3.770322, 43.905402 ] ] ], [ [ [ 3.771848, 43.920832 ], [ 3.771818, 43.920994 ], [ 3.774376, 43.922301 ], [ 3.779636, 43.929117 ], [ 3.776583, 43.921217 ], [ 3.774057, 43.91903 ], [ 3.773481922616737, 43.91812582085133 ], [ 3.77222, 43.917837 ], [ 3.771324166220313, 43.917576135726826 ], [ 3.77214, 43.920019 ], [ 3.771848, 43.920832 ] ] ], [ [ [ 3.760363584335674, 43.944023046458717 ], [ 3.76106, 43.943935 ], [ 3.762952, 43.943202 ], [ 3.764053518617715, 43.940532319422864 ], [ 3.763945368987264, 43.939913649354963 ], [ 3.760363584335674, 43.944023046458717 ] ] ], [ [ [ 3.77586977060886, 43.931334116002354 ], [ 3.771598, 43.933326 ], [ 3.772199452844496, 43.933494770440504 ], [ 3.77586977060886, 43.931334116002354 ] ] ], [ [ [ 3.748522, 43.933134 ], [ 3.747709, 43.935418 ], [ 3.749112377072215, 43.938074456987032 ], [ 3.747843, 43.935422 ], [ 3.748522, 43.933134 ] ] ], [ [ [ 3.742959, 43.928757 ], [ 3.737424345694152, 43.928913368252758 ], [ 3.737691400059215, 43.929217541610662 ], [ 3.741435, 43.929756 ], [ 3.743477, 43.9296 ], [ 3.743515948181625, 43.929629646603381 ], [ 3.744029, 43.929582 ], [ 3.744518, 43.929673 ], [ 3.74645, 43.930334 ], [ 3.742959, 43.928757 ] ] ], [ [ [ 3.717237, 43.947611 ], [ 3.723245964530967, 43.947071094493133 ], [ 3.721900694940899, 43.946804689427459 ], [ 3.716923, 43.946377 ], [ 3.716238747255596, 43.947254001841891 ], [ 3.717237, 43.947611 ] ] ], [ [ [ 3.775262, 43.971652 ], [ 3.773099, 43.972323 ], [ 3.770708, 43.975205 ], [ 3.769887, 43.978553 ], [ 3.769851, 43.978702 ], [ 3.770553, 43.980519 ], [ 3.771648, 43.981451 ], [ 3.772873, 43.981434 ], [ 3.780478, 43.980195 ], [ 3.780746, 43.98002 ], [ 3.78133, 43.9794 ], [ 3.782244, 43.978347 ], [ 3.790176, 43.9772 ], [ 3.789224, 43.976479 ], [ 3.780491, 43.976274 ], [ 3.778538, 43.978149 ], [ 3.776798, 43.977586 ], [ 3.774398, 43.975384 ], [ 3.774721, 43.97491 ], [ 3.775266, 43.974387 ], [ 3.775801, 43.974126 ], [ 3.779107, 43.971405 ], [ 3.779279, 43.971206 ], [ 3.780038, 43.97046 ], [ 3.775522, 43.971665 ], [ 3.775262, 43.971652 ] ] ], [ [ [ 3.802064, 43.977658 ], [ 3.803164, 43.976042 ], [ 3.811052, 43.975334 ], [ 3.809961, 43.9747 ], [ 3.809476, 43.973347 ], [ 3.80079, 43.974951 ], [ 3.800094215969452, 43.978415199757187 ], [ 3.801048, 43.97841 ], [ 3.802064, 43.977658 ] ] ], [ [ [ 3.810426, 43.992391 ], [ 3.80978, 43.992614 ], [ 3.808824, 43.99348 ], [ 3.808546, 43.994711 ], [ 3.808337, 43.995432 ], [ 3.807553, 43.997308 ], [ 3.809996, 43.995456 ], [ 3.813277, 43.994297 ], [ 3.814256, 43.993687 ], [ 3.815096, 43.993104 ], [ 3.817563, 43.99075 ], [ 3.818145, 43.990236 ], [ 3.811009, 43.992279 ], [ 3.810426, 43.992391 ] ] ], [ [ [ 3.79501, 44.00068 ], [ 3.79363, 44.00115 ], [ 3.793062, 44.002973 ], [ 3.785344, 44.007544 ], [ 3.784475, 44.007501 ], [ 3.781299, 44.006794 ], [ 3.780696, 44.006855 ], [ 3.779694, 44.007459 ], [ 3.779209, 44.008833 ], [ 3.779482, 44.010195 ], [ 3.780143, 44.011126 ], [ 3.781053, 44.01152 ], [ 3.78509, 44.012307 ], [ 3.785999, 44.012362 ], [ 3.786735, 44.012262 ], [ 3.790167, 44.012405 ], [ 3.7968, 44.015495 ], [ 3.792323, 44.012449 ], [ 3.791356, 44.012184 ], [ 3.790652, 44.01151 ], [ 3.790037, 44.010904 ], [ 3.789072, 44.007436 ], [ 3.793379, 44.003596 ], [ 3.796384, 44.00207 ], [ 3.799187, 44.001709 ], [ 3.796992, 44.001256 ], [ 3.79501, 44.00068 ] ] ], [ [ [ 3.810877, 44.019634 ], [ 3.811404, 44.01954 ], [ 3.81096, 44.015962 ], [ 3.816017, 44.011331 ], [ 3.809892, 44.014594 ], [ 3.806554, 44.019163 ], [ 3.805947, 44.019857 ], [ 3.805332, 44.020166 ], [ 3.801314, 44.021739 ], [ 3.809967, 44.019661 ], [ 3.810877, 44.019634 ] ] ], [ [ [ 3.820815, 44.018878 ], [ 3.82097, 44.019761 ], [ 3.821488, 44.020482 ], [ 3.822022, 44.020832 ], [ 3.822755, 44.021027 ], [ 3.823277, 44.021024 ], [ 3.82381, 44.021042 ], [ 3.826613, 44.020872 ], [ 3.832254, 44.016834 ], [ 3.83112, 44.016682 ], [ 3.827181, 44.016084 ], [ 3.826948, 44.016057 ], [ 3.826408, 44.011771 ], [ 3.81831, 44.010071 ], [ 3.816017, 44.011331 ], [ 3.821037, 44.018056 ], [ 3.820815, 44.018878 ] ] ], [ [ [ 3.840704, 44.010873 ], [ 3.833899, 44.015064 ], [ 3.841028687853983, 44.011833143396728 ], [ 3.840704, 44.010873 ] ] ], [ [ [ 3.841678, 44.019945 ], [ 3.841098, 44.0214 ], [ 3.83378, 44.026558 ], [ 3.833153, 44.027118 ], [ 3.83271, 44.027708 ], [ 3.832477, 44.028521 ], [ 3.831969, 44.030765 ], [ 3.831943, 44.031339 ], [ 3.832379, 44.032451 ], [ 3.832992, 44.032974 ], [ 3.834502, 44.033789 ], [ 3.835372, 44.034052 ], [ 3.835884, 44.034034 ], [ 3.836295, 44.033951 ], [ 3.840593, 44.032549 ], [ 3.838503, 44.032988 ], [ 3.838076, 44.032986 ], [ 3.837104, 44.03266 ], [ 3.836511, 44.032085 ], [ 3.836374, 44.031873 ], [ 3.837191, 44.030009 ], [ 3.83768, 44.029413 ], [ 3.838381, 44.029016 ], [ 3.841427, 44.024419 ], [ 3.841768, 44.023114 ], [ 3.842088, 44.022708 ], [ 3.843138, 44.020274 ], [ 3.843503, 44.01915 ], [ 3.841148927991795, 44.012188708820297 ], [ 3.842156, 44.019116 ], [ 3.841678, 44.019945 ] ] ], [ [ [ 3.851083, 44.035864 ], [ 3.851527, 44.036511 ], [ 3.854161, 44.044834 ], [ 3.854252, 44.045079 ], [ 3.854501, 44.045297 ], [ 3.854576, 44.045358 ], [ 3.855885, 44.045773 ], [ 3.860859, 44.045697 ], [ 3.869562, 44.047981 ], [ 3.872458, 44.045843 ], [ 3.871797, 44.044738 ], [ 3.870306, 44.037938 ], [ 3.872678, 44.034879 ], [ 3.873711, 44.033755 ], [ 3.874579, 44.032337 ], [ 3.87246, 44.029401 ], [ 3.866002, 44.026738 ], [ 3.865763, 44.026605 ], [ 3.865254, 44.026404 ], [ 3.86189, 44.021862 ], [ 3.861909, 44.02291 ], [ 3.864739, 44.029592 ], [ 3.864749, 44.029702 ], [ 3.865685, 44.033582 ], [ 3.866298, 44.03713 ], [ 3.863707, 44.040061 ], [ 3.860968, 44.042136 ], [ 3.860701, 44.041799 ], [ 3.860325, 44.041183 ], [ 3.854343, 44.03514 ], [ 3.852437, 44.033633 ], [ 3.852278, 44.033352 ], [ 3.849445, 44.030679 ], [ 3.845882799174234, 44.031254049050943 ], [ 3.850893, 44.035206 ], [ 3.851083, 44.035864 ] ] ], [ [ [ 3.872804, 44.019536 ], [ 3.873069, 44.019952 ], [ 3.873293, 44.020029 ], [ 3.874053, 44.02013 ], [ 3.875397, 44.020065 ], [ 3.876392, 44.020221 ], [ 3.88014, 44.017423 ], [ 3.882437, 44.016447 ], [ 3.884983, 44.012933 ], [ 3.878026, 44.016889 ], [ 3.877464, 44.01697 ], [ 3.87673, 44.016686 ], [ 3.871145, 44.012017 ], [ 3.867257, 44.013712 ], [ 3.866787, 44.013761 ], [ 3.866279, 44.013829 ], [ 3.872566, 44.018638 ], [ 3.872804, 44.019536 ] ] ], [ [ [ 3.906395, 44.016893 ], [ 3.907172, 44.017576 ], [ 3.907647536457169, 44.017538206272825 ], [ 3.904741, 44.014389 ], [ 3.904571703774281, 44.014192000755536 ], [ 3.904571, 44.014192 ], [ 3.898718, 44.010877 ], [ 3.903972, 44.014873 ], [ 3.906395, 44.016893 ] ] ], [ [ [ 3.913375, 44.00865 ], [ 3.913392, 44.007349 ], [ 3.919174, 44.000637 ], [ 3.918829, 44.000564 ], [ 3.91158, 43.996614 ], [ 3.908459, 44.004561 ], [ 3.907308009482434, 44.011778235975754 ], [ 3.913640061673977, 44.011283787427146 ], [ 3.913375, 44.00865 ] ] ], [ [ [ 3.929304, 44.012127 ], [ 3.929304970274638, 44.012124340753473 ], [ 3.929229, 44.005328 ], [ 3.928643746073085, 44.012321272678371 ], [ 3.929304, 44.012127 ] ] ], [ [ [ 3.938082, 44.012413 ], [ 3.938995024836823, 44.013761513657016 ], [ 3.940785, 44.012518 ], [ 3.940844, 44.012526 ], [ 3.94367, 44.01182 ], [ 3.944852, 44.00842 ], [ 3.949727, 44.004882 ], [ 3.958647, 44.004832 ], [ 3.960464150562084, 44.004351594541589 ], [ 3.960104, 44.0041 ], [ 3.958307, 44.000981 ], [ 3.95830662149609, 44.000602212212939 ], [ 3.952243, 44.001415 ], [ 3.951833, 44.001653 ], [ 3.951459, 44.001829 ], [ 3.950892, 44.00198 ], [ 3.950055, 44.002157 ], [ 3.949055, 44.000746 ], [ 3.949031, 44.000572 ], [ 3.947913, 43.997383 ], [ 3.945109, 43.993871 ], [ 3.942131, 43.99185 ], [ 3.934716, 43.992332 ], [ 3.93329, 43.995233 ], [ 3.933162, 43.996904 ], [ 3.933567, 43.999534 ], [ 3.933872, 44.001104 ], [ 3.936683, 44.00686 ], [ 3.93660739200632, 44.0079976413734 ], [ 3.93812, 44.008813 ], [ 3.938082, 44.012413 ] ] ], [ [ [ 3.960674, 43.932501 ], [ 3.959592549423526, 43.933384591197822 ], [ 3.961804, 43.933784 ], [ 3.96235, 43.934177 ], [ 3.968093708362929, 43.934397325420349 ], [ 3.962561, 43.931815 ], [ 3.961824, 43.932065 ], [ 3.960674, 43.932501 ] ] ], [ [ [ 3.942473, 43.937502 ], [ 3.938365, 43.93445 ], [ 3.937667, 43.933838 ], [ 3.936832, 43.934207 ], [ 3.93609, 43.934614 ], [ 3.935764, 43.934877 ], [ 3.935361, 43.936434 ], [ 3.927359, 43.938367 ], [ 3.935536, 43.936602 ], [ 3.936974, 43.93506 ], [ 3.937088, 43.935082 ], [ 3.938942, 43.935436 ], [ 3.939587, 43.935985 ], [ 3.940303, 43.936504 ], [ 3.940793, 43.936938 ], [ 3.941399, 43.938419 ], [ 3.948528, 43.939873 ], [ 3.949639606698421, 43.938237367274397 ], [ 3.94923, 43.938357 ], [ 3.948484, 43.93842 ], [ 3.942473, 43.937502 ] ] ], [ [ [ 3.974549820634611, 43.985333950207774 ], [ 3.97439581022955, 43.985416040198288 ], [ 3.974540039727147, 43.985347231768529 ], [ 3.974549820634611, 43.985333950207774 ] ] ] ] } },
{ "type": "Feature", "properties": { "codgeo": "30263", "value": 960, "isochrone_group": 16.0, "nb_agences": 1 }, "geometry": { "type": "MultiPolygon", "coordinates": [ [ [ [ 3.959678710166334, 43.974595531266282 ], [ 3.960237, 43.975122 ], [ 3.961852, 43.976796 ], [ 3.96366, 43.979014 ], [ 3.965399029909569, 43.980787656611305 ], [ 3.964862, 43.978791 ], [ 3.963822, 43.975345 ], [ 3.96361, 43.975409 ], [ 3.959678710166334, 43.974595531266282 ] ] ], [ [ [ 3.909457, 43.919373 ], [ 3.907653, 43.916258 ], [ 3.905673, 43.917405 ], [ 3.901106, 43.918351 ], [ 3.90371, 43.919142 ], [ 3.903867, 43.919222 ], [ 3.906728, 43.922371 ], [ 3.906436, 43.922915 ], [ 3.905905, 43.923594 ], [ 3.905274, 43.924095 ], [ 3.904667, 43.924409 ], [ 3.906494, 43.923715 ], [ 3.909457, 43.919373 ] ] ], [ [ [ 3.894829, 43.912879 ], [ 3.894218, 43.912192 ], [ 3.889076, 43.905675 ], [ 3.888028, 43.902582 ], [ 3.887789, 43.901598 ], [ 3.886191, 43.90179 ], [ 3.880368, 43.896122 ], [ 3.879871, 43.895512 ], [ 3.879043, 43.894914 ], [ 3.874413, 43.887739 ], [ 3.871987, 43.88508 ], [ 3.867074, 43.881197 ], [ 3.861278, 43.878553 ], [ 3.861745, 43.879083 ], [ 3.863365, 43.881599 ], [ 3.867597, 43.886855 ], [ 3.872483, 43.891636 ], [ 3.874857, 43.894025 ], [ 3.874881, 43.894056 ], [ 3.875149, 43.894499 ], [ 3.875236, 43.894702 ], [ 3.876069, 43.902816 ], [ 3.877686, 43.903847 ], [ 3.886222, 43.904883 ], [ 3.888103, 43.907952 ], [ 3.892285, 43.915271 ], [ 3.895021, 43.915737 ], [ 3.901106, 43.918351 ], [ 3.89506, 43.913308 ], [ 3.894829, 43.912879 ] ] ], [ [ [ 3.854852, 43.874954 ], [ 3.853679, 43.875587 ], [ 3.848885, 43.881548 ], [ 3.842506, 43.885589 ], [ 3.837042, 43.889276 ], [ 3.836299, 43.890053 ], [ 3.833316, 43.892885 ], [ 3.827587, 43.893245 ], [ 3.826438, 43.893434 ], [ 3.822946, 43.894893 ], [ 3.8207, 43.896158 ], [ 3.820676, 43.896235 ], [ 3.820998, 43.89792 ], [ 3.821444, 43.898208 ], [ 3.823065, 43.899087 ], [ 3.824729, 43.898853 ], [ 3.829998136181473, 43.898101747346303 ], [ 3.829218, 43.897709 ], [ 3.829318, 43.894111 ], [ 3.830868, 43.894154 ], [ 3.837816, 43.891136 ], [ 3.843152, 43.886763 ], [ 3.843859, 43.88621 ], [ 3.851672, 43.882053 ], [ 3.855223, 43.879354 ], [ 3.85599, 43.879066 ], [ 3.859795, 43.87794 ], [ 3.860643, 43.878204 ], [ 3.861278, 43.878553 ], [ 3.855899, 43.875114 ], [ 3.854852, 43.874954 ] ] ], [ [ [ 3.83945, 43.903937 ], [ 3.843156, 43.904719 ], [ 3.846154, 43.905631 ], [ 3.845474, 43.905235 ], [ 3.842216, 43.904282 ], [ 3.841833, 43.904236 ], [ 3.836894, 43.901597 ], [ 3.836643, 43.901447 ], [ 3.834535487428103, 43.900386005792072 ], [ 3.836556, 43.901949 ], [ 3.83945, 43.903937 ] ] ], [ [ [ 3.811338, 43.922968 ], [ 3.807856, 43.922256 ], [ 3.808679, 43.922955 ], [ 3.808888, 43.923291 ], [ 3.808123, 43.926441 ], [ 3.807777, 43.932571 ], [ 3.807739, 43.933974 ], [ 3.81249, 43.926379 ], [ 3.811338, 43.922968 ] ] ], [ [ [ 3.791017, 43.910567 ], [ 3.788462, 43.909225 ], [ 3.788013, 43.909642 ], [ 3.787654, 43.911853 ], [ 3.780086997146476, 43.914427613906319 ], [ 3.782848872850459, 43.916100932736761 ], [ 3.786093, 43.917643 ], [ 3.789119, 43.914182 ], [ 3.791982, 43.911999 ], [ 3.7929, 43.913033 ], [ 3.793648, 43.913811 ], [ 3.791267, 43.910884 ], [ 3.791017, 43.910567 ] ] ], [ [ [ 3.768705, 43.9033 ], [ 3.768108, 43.902805 ], [ 3.767776, 43.902636 ], [ 3.767518, 43.90252 ], [ 3.765106263936941, 43.902232195156571 ], [ 3.765932368218182, 43.903804051830477 ], [ 3.769837, 43.904758 ], [ 3.770322, 43.905402 ], [ 3.769742, 43.904619 ], [ 3.768705, 43.9033 ] ] ], [ [ [ 3.717721, 43.949144 ], [ 3.718813, 43.949248 ], [ 3.719178, 43.949193 ], [ 3.719645, 43.94895 ], [ 3.720028, 43.948628 ], [ 3.724538102707827, 43.947299161309481 ], [ 3.724104, 43.946994 ], [ 3.717237, 43.947611 ], [ 3.716238747255596, 43.947254001841891 ], [ 3.714361122311286, 43.949660540285443 ], [ 3.717721, 43.949144 ] ] ], [ [ [ 3.776726, 43.969167 ], [ 3.776156, 43.969671 ], [ 3.773872, 43.97131 ], [ 3.768511, 43.975558 ], [ 3.767596, 43.975994 ], [ 3.766462, 43.976422 ], [ 3.76492, 43.976846 ], [ 3.76103, 43.978285 ], [ 3.760804, 43.978805 ], [ 3.760561, 43.979559 ], [ 3.76062, 43.980277 ], [ 3.761534, 43.981424 ], [ 3.763044, 43.981626 ], [ 3.763335, 43.981592 ], [ 3.763812, 43.981468 ], [ 3.771648, 43.981451 ], [ 3.770553, 43.980519 ], [ 3.769851, 43.978702 ], [ 3.769887, 43.978553 ], [ 3.770708, 43.975205 ], [ 3.773099, 43.972323 ], [ 3.775262, 43.971652 ], [ 3.775522, 43.971665 ], [ 3.780038, 43.97046 ], [ 3.780655, 43.970028 ], [ 3.781283, 43.969859 ], [ 3.782482, 43.969719 ], [ 3.779412, 43.969645 ], [ 3.776726, 43.969167 ] ] ], [ [ [ 3.779986, 43.983183 ], [ 3.780665, 43.981892 ], [ 3.780952, 43.981291 ], [ 3.782244, 43.978347 ], [ 3.78133, 43.9794 ], [ 3.780746, 43.98002 ], [ 3.780478, 43.980195 ], [ 3.772873, 43.981434 ], [ 3.776582, 43.982012 ], [ 3.779986, 43.983183 ] ] ], [ [ [ 3.800725, 43.979519 ], [ 3.801262, 43.979534 ], [ 3.802251, 43.979174 ], [ 3.803035, 43.978189 ], [ 3.811052, 43.975334 ], [ 3.803164, 43.976042 ], [ 3.802064, 43.977658 ], [ 3.801048, 43.97841 ], [ 3.799764, 43.978417 ], [ 3.799175, 43.978195 ], [ 3.793809, 43.977266 ], [ 3.791979, 43.977486 ], [ 3.798925, 43.979074 ], [ 3.800725, 43.979519 ] ] ], [ [ [ 3.812721, 43.990618 ], [ 3.809489, 43.99214 ], [ 3.808171, 43.992495 ], [ 3.80818, 43.9928 ], [ 3.807553, 43.997308 ], [ 3.808337, 43.995432 ], [ 3.808546, 43.994711 ], [ 3.808824, 43.99348 ], [ 3.80978, 43.992614 ], [ 3.810426, 43.992391 ], [ 3.811009, 43.992279 ], [ 3.818145, 43.990236 ], [ 3.821256, 43.988523 ], [ 3.813775, 43.989682 ], [ 3.812721, 43.990618 ] ] ], [ [ [ 3.781561, 44.001441 ], [ 3.780624, 44.000946 ], [ 3.779983, 44.0006 ], [ 3.778942, 44.000202 ], [ 3.778583, 44.000122 ], [ 3.777523, 43.999795 ], [ 3.777, 43.999684 ], [ 3.776542, 43.999608 ], [ 3.776387, 43.999619 ], [ 3.775818, 43.999975 ], [ 3.775648, 44.000178 ], [ 3.774931, 44.00131 ], [ 3.774755, 44.001853 ], [ 3.774569, 44.002691 ], [ 3.779482, 44.010195 ], [ 3.779209, 44.008833 ], [ 3.779694, 44.007459 ], [ 3.780696, 44.006855 ], [ 3.781299, 44.006794 ], [ 3.784475, 44.007501 ], [ 3.785344, 44.007544 ], [ 3.787797287144579, 44.006091036079589 ], [ 3.783492, 44.00389 ], [ 3.781561, 44.001441 ] ] ], [ [ [ 3.78979, 44.012547 ], [ 3.79034, 44.01253 ], [ 3.7968, 44.015495 ], [ 3.790167, 44.012405 ], [ 3.786735, 44.012262 ], [ 3.785999, 44.012362 ], [ 3.789314, 44.012487 ], [ 3.78979, 44.012547 ] ] ], [ [ [ 3.820815, 44.018878 ], [ 3.821037, 44.018056 ], [ 3.816017, 44.011331 ], [ 3.81096, 44.015962 ], [ 3.811168582358161, 44.017642873147523 ], [ 3.816396, 44.01302 ], [ 3.820815, 44.018878 ] ] ], [ [ [ 3.819233, 44.02544 ], [ 3.819435, 44.026063 ], [ 3.819827, 44.027447 ], [ 3.820244, 44.027743 ], [ 3.820844, 44.028138 ], [ 3.821358, 44.028249 ], [ 3.82242, 44.028367 ], [ 3.823007, 44.028376 ], [ 3.829495, 44.029219 ], [ 3.832379, 44.032451 ], [ 3.831943, 44.031339 ], [ 3.831969, 44.030765 ], [ 3.832477, 44.028521 ], [ 3.83271, 44.027708 ], [ 3.833153, 44.027118 ], [ 3.83378, 44.026558 ], [ 3.841098, 44.0214 ], [ 3.841678, 44.019945 ], [ 3.842156, 44.019116 ], [ 3.841093, 44.011804 ], [ 3.833899, 44.015064 ], [ 3.833659, 44.015546 ], [ 3.833446, 44.016114 ], [ 3.832254, 44.016834 ], [ 3.826613, 44.020872 ], [ 3.82381, 44.021042 ], [ 3.823277, 44.021024 ], [ 3.822755, 44.021027 ], [ 3.822022, 44.020832 ], [ 3.821488, 44.020482 ], [ 3.82097, 44.019761 ], [ 3.819349, 44.025101 ], [ 3.819233, 44.02544 ] ] ], [ [ [ 3.841328, 44.03228 ], [ 3.840593, 44.032549 ], [ 3.836295, 44.033951 ], [ 3.835884, 44.034034 ], [ 3.835372, 44.034052 ], [ 3.834502, 44.033789 ], [ 3.837652, 44.035058 ], [ 3.841328, 44.03228 ] ] ], [ [ [ 3.849155, 44.045406 ], [ 3.850919, 44.048545 ], [ 3.857617, 44.047535 ], [ 3.857799, 44.047451 ], [ 3.861851, 44.046148 ], [ 3.869863, 44.049201 ], [ 3.870338, 44.049573 ], [ 3.870946, 44.049811 ], [ 3.871738, 44.049849 ], [ 3.879286, 44.047657 ], [ 3.879868, 44.047325 ], [ 3.880294, 44.046871 ], [ 3.880808, 44.046017 ], [ 3.880956, 44.045544 ], [ 3.881041, 44.045075 ], [ 3.877891, 44.044338 ], [ 3.873181, 44.037469 ], [ 3.879314, 44.031696 ], [ 3.880107, 44.03146 ], [ 3.880802, 44.030997 ], [ 3.881663, 44.02999 ], [ 3.881889, 44.029699 ], [ 3.882296, 44.0291 ], [ 3.882132, 44.028191 ], [ 3.881783, 44.019666 ], [ 3.885965, 44.012059 ], [ 3.884983, 44.012933 ], [ 3.882437, 44.016447 ], [ 3.88014, 44.017423 ], [ 3.876392, 44.020221 ], [ 3.875397, 44.020065 ], [ 3.874053, 44.02013 ], [ 3.873293, 44.020029 ], [ 3.873069, 44.019952 ], [ 3.872804, 44.019536 ], [ 3.872566, 44.018638 ], [ 3.866279, 44.013829 ], [ 3.864023, 44.014537 ], [ 3.86189, 44.021862 ], [ 3.865254, 44.026404 ], [ 3.865763, 44.026605 ], [ 3.866002, 44.026738 ], [ 3.87246, 44.029401 ], [ 3.874579, 44.032337 ], [ 3.873711, 44.033755 ], [ 3.872678, 44.034879 ], [ 3.870306, 44.037938 ], [ 3.871797, 44.044738 ], [ 3.872458, 44.045843 ], [ 3.869562, 44.047981 ], [ 3.860859, 44.045697 ], [ 3.855885, 44.045773 ], [ 3.854576, 44.045358 ], [ 3.854501, 44.045297 ], [ 3.854252, 44.045079 ], [ 3.854161, 44.044834 ], [ 3.851527, 44.036511 ], [ 3.851083, 44.035864 ], [ 3.850893, 44.035206 ], [ 3.850521, 44.037866 ], [ 3.849155, 44.045406 ] ] ], [ [ [ 3.916237, 44.01343 ], [ 3.918152, 44.014796 ], [ 3.92195, 44.015775 ], [ 3.928561, 44.012917 ], [ 3.928816901253975, 44.010252219674307 ], [ 3.929229, 44.005328 ], [ 3.922352, 44.001019 ], [ 3.921524, 44.00096 ], [ 3.919174, 44.000637 ], [ 3.913392, 44.007349 ], [ 3.913375, 44.00865 ], [ 3.913826509546099, 44.013136428188233 ], [ 3.915441, 44.013344 ], [ 3.916237, 44.01343 ] ] ], [ [ [ 3.950595996336291, 44.004877128944301 ], [ 3.949727, 44.004882 ], [ 3.944953227551685, 44.008346534753244 ], [ 3.947119, 44.008686 ], [ 3.950595996336291, 44.004877128944301 ] ] ], [ [ [ 3.963974, 43.961451 ], [ 3.964626, 43.961716 ], [ 3.96523, 43.961824 ], [ 3.965885, 43.961814 ], [ 3.96656, 43.961747 ], [ 3.967173677465861, 43.960151322855189 ], [ 3.966285, 43.958873 ], [ 3.963118, 43.960584 ], [ 3.962147, 43.959231 ], [ 3.960982, 43.957994 ], [ 3.962517, 43.960149 ], [ 3.963206, 43.961057 ], [ 3.963974, 43.961451 ] ] ], [ [ [ 3.969889349879795, 43.93444996963251 ], [ 3.967845879314862, 43.934281654177838 ], [ 3.968093708362929, 43.934397325420349 ], [ 3.969884, 43.934466 ], [ 3.969889349879795, 43.93444996963251 ] ] ], [ [ [ 3.93938, 43.933559 ], [ 3.939319, 43.933482 ], [ 3.937279730536655, 43.932874061153711 ], [ 3.938403, 43.934265 ], [ 3.938892647109209, 43.934842010461857 ], [ 3.942473, 43.937502 ], [ 3.948484, 43.93842 ], [ 3.94923, 43.938357 ], [ 3.949639606698421, 43.938237367274397 ], [ 3.950304681204965, 43.93725876789258 ], [ 3.949927, 43.937316 ], [ 3.944928, 43.937748 ], [ 3.93938, 43.933559 ] ] ], [ [ [ 3.977574, 43.982893 ], [ 3.981848, 43.982265 ], [ 3.982079755293207, 43.982197461176732 ], [ 3.98186, 43.982261 ], [ 3.975873688840134, 43.982625133269821 ], [ 3.977011, 43.982815 ], [ 3.977574, 43.982893 ] ] ], [ [ [ 3.982946, 43.981947 ], [ 3.982917520538366, 43.981955234393148 ], [ 3.983019489510609, 43.981930010489499 ], [ 3.982946, 43.981947 ] ] ], [ [ [ 3.984062, 43.981689 ], [ 3.983947433949537, 43.98171548569983 ], [ 3.984684282134516, 43.981622871925765 ], [ 3.984062, 43.981689 ] ] ], [ [ [ 3.984796, 43.981611 ], [ 3.984757614080227, 43.981615079157692 ], [ 3.984835223878717, 43.981609477754859 ], [ 3.984796, 43.981611 ] ] ], [ [ [ 3.905672356705483, 44.016290548718551 ], [ 3.903972, 44.014873 ], [ 3.905672356705481, 44.016290548718551 ], [ 3.905672356705483, 44.016290548718551 ] ] ] ] } },
{ "type": "Feature", "properties": { "codgeo": "30263", "value": 1020, "isochrone_group": 17.0, "nb_agences": 1 }, "geometry": { "type": "MultiPolygon", "coordinates": [ [ [ [ 3.971299999895835, 43.926743998333372 ], [ 3.971294, 43.926744 ], [ 3.971282, 43.927609 ], [ 3.971314, 43.926968 ], [ 3.971299999895835, 43.926743998333372 ] ] ], [ [ [ 3.969889349879795, 43.93444996963251 ], [ 3.971272, 43.930307 ], [ 3.9692761132321, 43.934399458895086 ], [ 3.969889349879795, 43.93444996963251 ] ] ], [ [ [ 3.950304681204965, 43.93725876789258 ], [ 3.950382, 43.937145 ], [ 3.950302770527564, 43.937259057428022 ], [ 3.950304681204965, 43.93725876789258 ] ] ], [ [ [ 3.935003, 43.934187 ], [ 3.935392, 43.931921 ], [ 3.938920628887225, 43.931271277877876 ], [ 3.938868, 43.931002 ], [ 3.938747, 43.930625 ], [ 3.935321, 43.93173 ], [ 3.935003, 43.934187 ] ] ], [ [ [ 3.909732, 43.921966 ], [ 3.909285, 43.921417 ], [ 3.908854, 43.921021 ], [ 3.908499261454295, 43.920776476464901 ], [ 3.906494, 43.923715 ], [ 3.904667, 43.924409 ], [ 3.901306, 43.926179 ], [ 3.907657, 43.925389 ], [ 3.910118, 43.922762 ], [ 3.909732, 43.921966 ] ] ], [ [ [ 3.901106, 43.918351 ], [ 3.894829, 43.912879 ], [ 3.89506, 43.913308 ], [ 3.901106, 43.918351 ] ] ], [ [ [ 3.892246, 43.900238 ], [ 3.88737, 43.898263 ], [ 3.883776, 43.898472 ], [ 3.88314585498885, 43.898825912429473 ], [ 3.886191, 43.90179 ], [ 3.887789, 43.901598 ], [ 3.888028, 43.902582 ], [ 3.889076, 43.905675 ], [ 3.894218, 43.912192 ], [ 3.89339, 43.903244 ], [ 3.892706, 43.900457 ], [ 3.892246, 43.900238 ] ] ], [ [ [ 3.873406, 43.884975 ], [ 3.872651, 43.884145 ], [ 3.872246, 43.88384 ], [ 3.866202, 43.879133 ], [ 3.865261, 43.875659 ], [ 3.865152, 43.875622 ], [ 3.859637, 43.875668 ], [ 3.855899, 43.875114 ], [ 3.861278, 43.878553 ], [ 3.867074, 43.881197 ], [ 3.871987, 43.88508 ], [ 3.873859818737027, 43.887132689621495 ], [ 3.873814, 43.886816 ], [ 3.873622, 43.885283 ], [ 3.873406, 43.884975 ] ] ], [ [ [ 3.83039, 43.891801 ], [ 3.824132, 43.892267 ], [ 3.81544, 43.891102 ], [ 3.814962, 43.891026 ], [ 3.813192, 43.893886 ], [ 3.813256, 43.893961 ], [ 3.813854, 43.894417 ], [ 3.815228, 43.894906 ], [ 3.816449, 43.895484 ], [ 3.817648, 43.89617 ], [ 3.818771, 43.896779 ], [ 3.821911, 43.89909 ], [ 3.822296, 43.899443 ], [ 3.823743, 43.900873 ], [ 3.827688, 43.90156 ], [ 3.835893, 43.904567 ], [ 3.841439, 43.906436 ], [ 3.841493, 43.906415 ], [ 3.847094, 43.906112 ], [ 3.846619, 43.905896 ], [ 3.846154, 43.905631 ], [ 3.843156, 43.904719 ], [ 3.83945, 43.903937 ], [ 3.836556, 43.901949 ], [ 3.831336, 43.897911 ], [ 3.824729, 43.898853 ], [ 3.823065, 43.899087 ], [ 3.821444, 43.898208 ], [ 3.820998, 43.89792 ], [ 3.820676, 43.896235 ], [ 3.8207, 43.896158 ], [ 3.822946, 43.894893 ], [ 3.826438, 43.893434 ], [ 3.827587, 43.893245 ], [ 3.833316, 43.892885 ], [ 3.836299, 43.890053 ], [ 3.837042, 43.889276 ], [ 3.839812922762312, 43.887406235683628 ], [ 3.836751, 43.888057 ], [ 3.836636, 43.888103 ], [ 3.83039, 43.891801 ] ] ], [ [ [ 3.814274, 43.925175 ], [ 3.81469, 43.923849 ], [ 3.813948, 43.922446 ], [ 3.813324, 43.921193 ], [ 3.812323, 43.921093 ], [ 3.811579, 43.921169 ], [ 3.805132, 43.92158 ], [ 3.806854, 43.921938 ], [ 3.807856, 43.922256 ], [ 3.811338, 43.922968 ], [ 3.81249, 43.926379 ], [ 3.811585274181385, 43.927825304481644 ], [ 3.812912, 43.926172 ], [ 3.813465, 43.925783 ], [ 3.814274, 43.925175 ] ] ], [ [ [ 3.791216, 43.90746 ], [ 3.790987, 43.907584 ], [ 3.789423, 43.908515 ], [ 3.789038, 43.908773 ], [ 3.788707, 43.909032 ], [ 3.788477913479189, 43.909233358469301 ], [ 3.791017, 43.910567 ], [ 3.791267, 43.910884 ], [ 3.793648, 43.913811 ], [ 3.794256, 43.914509 ], [ 3.793397, 43.910539 ], [ 3.792191, 43.907168 ], [ 3.791216, 43.90746 ] ] ], [ [ [ 3.767776, 43.902636 ], [ 3.768108, 43.902805 ], [ 3.768705, 43.9033 ], [ 3.767298, 43.901836 ], [ 3.767223432106579, 43.901849406646384 ], [ 3.767642546097615, 43.902575997470251 ], [ 3.767776, 43.902636 ] ] ], [ [ [ 3.717986, 43.949893 ], [ 3.718818, 43.949663 ], [ 3.719645, 43.94895 ], [ 3.719178, 43.949193 ], [ 3.718813, 43.949248 ], [ 3.717721, 43.949144 ], [ 3.714361122311286, 43.949660540285443 ], [ 3.711701, 43.95307 ], [ 3.711582, 43.954013 ], [ 3.711332, 43.954651 ], [ 3.711256994138323, 43.954901610322345 ], [ 3.717986, 43.949893 ] ] ], [ [ [ 3.778049, 43.967528 ], [ 3.777538, 43.967541 ], [ 3.777065, 43.967605 ], [ 3.776549, 43.967731 ], [ 3.773664, 43.970264 ], [ 3.77289, 43.97065 ], [ 3.77283, 43.970944 ], [ 3.769514158990575, 43.974763107369533 ], [ 3.773872, 43.97131 ], [ 3.776156, 43.969671 ], [ 3.776726, 43.969167 ], [ 3.779412, 43.969645 ], [ 3.782482, 43.969719 ], [ 3.783408, 43.96968 ], [ 3.786538, 43.968977 ], [ 3.779814, 43.967829 ], [ 3.778587, 43.967579 ], [ 3.778049, 43.967528 ] ] ], [ [ [ 3.761933, 43.974982 ], [ 3.760946, 43.975166 ], [ 3.760296, 43.975367 ], [ 3.757174, 43.975936 ], [ 3.756144, 43.979385 ], [ 3.756281, 43.979426 ], [ 3.757072, 43.979568 ], [ 3.761534, 43.981424 ], [ 3.76062, 43.980277 ], [ 3.760561, 43.979559 ], [ 3.760804, 43.978805 ], [ 3.76103, 43.978285 ], [ 3.76492, 43.976846 ], [ 3.766462, 43.976422 ], [ 3.767596, 43.975994 ], [ 3.768511, 43.975558 ], [ 3.768802494018465, 43.975327023206411 ], [ 3.763311, 43.974612 ], [ 3.76233, 43.974886 ], [ 3.761933, 43.974982 ] ] ], [ [ [ 3.778032, 43.995734 ], [ 3.772344, 43.997399 ], [ 3.769672, 43.996223 ], [ 3.768842, 43.995648 ], [ 3.768359, 43.995446 ], [ 3.767475, 43.994943 ], [ 3.766676, 43.994816 ], [ 3.765768, 43.994821 ], [ 3.763031, 43.996297 ], [ 3.763157, 43.9967 ], [ 3.763432, 43.997363 ], [ 3.764426, 43.998174 ], [ 3.764999, 43.998338 ], [ 3.768014, 43.999969 ], [ 3.771346, 44.005782 ], [ 3.771984, 44.008846 ], [ 3.772178, 44.008879 ], [ 3.780143, 44.011126 ], [ 3.779482, 44.010195 ], [ 3.774569, 44.002691 ], [ 3.774755, 44.001853 ], [ 3.774931, 44.00131 ], [ 3.775648, 44.000178 ], [ 3.775818, 43.999975 ], [ 3.776387, 43.999619 ], [ 3.776542, 43.999608 ], [ 3.777, 43.999684 ], [ 3.777523, 43.999795 ], [ 3.778583, 44.000122 ], [ 3.778942, 44.000202 ], [ 3.779983, 44.0006 ], [ 3.780624, 44.000946 ], [ 3.781561, 44.001441 ], [ 3.783492, 44.00389 ], [ 3.790031, 44.007233 ], [ 3.790661, 44.007257 ], [ 3.798055, 44.002197 ], [ 3.798134, 44.002082 ], [ 3.799187, 44.001709 ], [ 3.800766, 44.002141 ], [ 3.807553, 43.997308 ], [ 3.80818, 43.9928 ], [ 3.808171, 43.992495 ], [ 3.809489, 43.99214 ], [ 3.812721, 43.990618 ], [ 3.813775, 43.989682 ], [ 3.821256, 43.988523 ], [ 3.826908, 43.98405 ], [ 3.828527, 43.983708 ], [ 3.830577, 43.98298 ], [ 3.833964, 43.979517 ], [ 3.829735, 43.973385 ], [ 3.82818, 43.973224 ], [ 3.826213, 43.973238 ], [ 3.825421, 43.973398 ], [ 3.824135, 43.973341 ], [ 3.82372, 43.97328 ], [ 3.823004, 43.973076 ], [ 3.814587, 43.974666 ], [ 3.81287, 43.975759 ], [ 3.812106, 43.97567 ], [ 3.811052, 43.975334 ], [ 3.803035, 43.978189 ], [ 3.802251, 43.979174 ], [ 3.801262, 43.979534 ], [ 3.800725, 43.979519 ], [ 3.798925, 43.979074 ], [ 3.791979, 43.977486 ], [ 3.791453, 43.977489 ], [ 3.790398, 43.977267 ], [ 3.790176, 43.9772 ], [ 3.782244, 43.978347 ], [ 3.780952, 43.981291 ], [ 3.780665, 43.981892 ], [ 3.779986, 43.983183 ], [ 3.776582, 43.982012 ], [ 3.772873, 43.981434 ], [ 3.771648, 43.981451 ], [ 3.775916, 43.986074 ], [ 3.778657, 43.988239 ], [ 3.778032, 43.995734 ] ] ], [ [ [ 3.819349, 44.025101 ], [ 3.82097, 44.019761 ], [ 3.820815, 44.018878 ], [ 3.816396, 44.01302 ], [ 3.811009, 44.017784 ], [ 3.81052, 44.019556 ], [ 3.818391, 44.022541 ], [ 3.819242285257873, 44.025412864634319 ], [ 3.819349, 44.025101 ] ] ], [ [ [ 3.82217, 44.030895 ], [ 3.827477, 44.031165 ], [ 3.832992, 44.032974 ], [ 3.832379, 44.032451 ], [ 3.829495, 44.029219 ], [ 3.823007, 44.028376 ], [ 3.82242, 44.028367 ], [ 3.821358, 44.028249 ], [ 3.820844, 44.028138 ], [ 3.820244, 44.027743 ], [ 3.820133656934144, 44.027664674946053 ], [ 3.820833, 44.029893 ], [ 3.821867, 44.030851 ], [ 3.82217, 44.030895 ] ] ], [ [ [ 3.841673, 44.034907 ], [ 3.844511, 44.030172 ], [ 3.842408, 44.031353 ], [ 3.841869, 44.031902 ], [ 3.841328, 44.03228 ], [ 3.837652, 44.035058 ], [ 3.834502, 44.033789 ], [ 3.838342, 44.036273 ], [ 3.838605, 44.036287 ], [ 3.841673, 44.034907 ] ] ], [ [ [ 3.844142, 44.044152 ], [ 3.84285, 44.046676 ], [ 3.843546, 44.050208 ], [ 3.844046, 44.050351 ], [ 3.846501, 44.050924 ], [ 3.847619, 44.050947 ], [ 3.855562, 44.050518 ], [ 3.858865, 44.049276 ], [ 3.862071, 44.048336 ], [ 3.870338, 44.049573 ], [ 3.869863, 44.049201 ], [ 3.861851, 44.046148 ], [ 3.857799, 44.047451 ], [ 3.857617, 44.047535 ], [ 3.850919, 44.048545 ], [ 3.849155, 44.045406 ], [ 3.849665056071139, 44.04259060997336 ], [ 3.848041, 44.043068 ], [ 3.846619, 44.042665 ], [ 3.844142, 44.044152 ] ] ], [ [ [ 3.875899, 44.049706 ], [ 3.880129155002631, 44.047582752671431 ], [ 3.878254932607492, 44.047956430276145 ], [ 3.871738, 44.049849 ], [ 3.870946, 44.049811 ], [ 3.873779, 44.05056 ], [ 3.874368, 44.050535 ], [ 3.875899, 44.049706 ] ] ], [ [ [ 3.881721, 44.031831 ], [ 3.883387, 44.02864 ], [ 3.884428, 44.024117 ], [ 3.883978, 44.023754 ], [ 3.882865, 44.02258 ], [ 3.8847, 44.014634 ], [ 3.885965, 44.012059 ], [ 3.881783, 44.019666 ], [ 3.882132, 44.028191 ], [ 3.882296, 44.0291 ], [ 3.881889, 44.029699 ], [ 3.881663, 44.02999 ], [ 3.880802, 44.030997 ], [ 3.880107, 44.03146 ], [ 3.879314, 44.031696 ], [ 3.873181, 44.037469 ], [ 3.876851127261598, 44.042821463728231 ], [ 3.880497, 44.040318 ], [ 3.881141, 44.040196 ], [ 3.881681, 44.040122 ], [ 3.882116631018, 44.040201022777005 ], [ 3.88182, 44.040103 ], [ 3.881721, 44.031831 ] ] ], [ [ [ 3.905419, 44.018038 ], [ 3.90561613036427, 44.018266548016086 ], [ 3.905651, 44.018219 ], [ 3.903972, 44.014873 ], [ 3.905419, 44.018038 ] ] ], [ [ [ 3.887790013364451, 44.041231885531687 ], [ 3.888146771320637, 44.041310234309357 ], [ 3.888209402768546, 44.041323989005804 ], [ 3.887873, 44.041245 ], [ 3.887790013364451, 44.041231885531687 ] ] ], [ [ [ 3.889328454758516, 44.041586747854367 ], [ 3.88935764831121, 44.041596823070371 ], [ 3.889774695566067, 44.041740753520266 ], [ 3.889436, 44.041612 ], [ 3.889328454758516, 44.041586747854367 ] ] ] ] } },
{ "type": "Feature", "properties": { "codgeo": "30263", "value": 1080, "isochrone_group": 18.0, "nb_agences": 1 }, "geometry": { "type": "MultiPolygon", "coordinates": [ [ [ [ 3.935153641540038, 43.92998188050597 ], [ 3.938149, 43.92937 ], [ 3.938244, 43.929516 ], [ 3.938655, 43.930392 ], [ 3.93819, 43.929277 ], [ 3.937756, 43.928394 ], [ 3.937499, 43.928101 ], [ 3.935153641540038, 43.92998188050597 ] ] ], [ [ [ 3.910057, 43.926708 ], [ 3.910744, 43.926964 ], [ 3.912001, 43.923591 ], [ 3.908854, 43.921021 ], [ 3.909285, 43.921417 ], [ 3.909732, 43.921966 ], [ 3.910118, 43.922762 ], [ 3.907657, 43.925389 ], [ 3.901306, 43.926179 ], [ 3.908326, 43.925792 ], [ 3.909411, 43.926347 ], [ 3.910057, 43.926708 ] ] ], [ [ [ 3.898454, 43.900733 ], [ 3.898635, 43.899899 ], [ 3.898713, 43.899391 ], [ 3.898728, 43.898994 ], [ 3.896734, 43.897571 ], [ 3.88934, 43.8943 ], [ 3.88758, 43.894197 ], [ 3.887175, 43.894297 ], [ 3.886251, 43.894655 ], [ 3.885448, 43.895185 ], [ 3.884221, 43.89636 ], [ 3.883866047835198, 43.898466763495406 ], [ 3.88737, 43.898263 ], [ 3.892246, 43.900238 ], [ 3.892706, 43.900457 ], [ 3.89339, 43.903244 ], [ 3.893415288449966, 43.903517286292626 ], [ 3.895949, 43.902264 ], [ 3.89773, 43.901127 ], [ 3.898454, 43.900733 ] ] ], [ [ [ 3.866399, 43.875631 ], [ 3.864815, 43.874602 ], [ 3.86137, 43.87356 ], [ 3.853929, 43.872453 ], [ 3.851977, 43.871652 ], [ 3.851908, 43.871669 ], [ 3.850804, 43.874239 ], [ 3.850836, 43.874295 ], [ 3.851027, 43.874594 ], [ 3.852197, 43.875966 ], [ 3.853342475123089, 43.877924478751467 ], [ 3.853397, 43.877837 ], [ 3.853425, 43.877226 ], [ 3.853679, 43.875587 ], [ 3.854852, 43.874954 ], [ 3.855899, 43.875114 ], [ 3.859637, 43.875668 ], [ 3.865152, 43.875622 ], [ 3.865261, 43.875659 ], [ 3.866202, 43.879133 ], [ 3.872246, 43.88384 ], [ 3.872651, 43.884145 ], [ 3.873406, 43.884975 ], [ 3.873622, 43.885283 ], [ 3.873814, 43.886816 ], [ 3.873766, 43.885412 ], [ 3.8722, 43.88217 ], [ 3.866399, 43.875631 ] ] ], [ [ [ 3.820869, 43.891819 ], [ 3.813534, 43.889784 ], [ 3.81263, 43.889295 ], [ 3.810582, 43.88801 ], [ 3.807988, 43.886781 ], [ 3.805726, 43.889383 ], [ 3.80568, 43.889543 ], [ 3.806661, 43.890485 ], [ 3.80734, 43.890705 ], [ 3.810391, 43.892298 ], [ 3.811911, 43.893188 ], [ 3.812671, 43.893573 ], [ 3.813127, 43.89384 ], [ 3.813197164708617, 43.893877654764609 ], [ 3.814962, 43.891026 ], [ 3.81544, 43.891102 ], [ 3.824132, 43.892267 ], [ 3.83039, 43.891801 ], [ 3.831031314004191, 43.891421304324787 ], [ 3.830285, 43.891448 ], [ 3.827749, 43.890596 ], [ 3.820869, 43.891819 ] ] ], [ [ [ 3.825392, 43.902687 ], [ 3.833125, 43.90405 ], [ 3.834444, 43.904399 ], [ 3.835856913181724, 43.904553774763862 ], [ 3.827688, 43.90156 ], [ 3.823743, 43.900873 ], [ 3.822296, 43.899443 ], [ 3.824427, 43.901735 ], [ 3.825002, 43.902374 ], [ 3.825392, 43.902687 ] ] ], [ [ [ 3.816159, 43.921873 ], [ 3.81549, 43.921041 ], [ 3.81474, 43.920534 ], [ 3.814044, 43.920134 ], [ 3.811579, 43.921169 ], [ 3.812323, 43.921093 ], [ 3.813324, 43.921193 ], [ 3.813948, 43.922446 ], [ 3.81469, 43.923849 ], [ 3.814274, 43.925175 ], [ 3.8155, 43.924286 ], [ 3.816149, 43.923517 ], [ 3.816159, 43.921873 ] ] ], [ [ [ 3.796675, 43.907123 ], [ 3.796267, 43.906909 ], [ 3.794757, 43.906332 ], [ 3.794496, 43.906283 ], [ 3.794093, 43.906246 ], [ 3.793158, 43.906389 ], [ 3.792456, 43.906715 ], [ 3.791216, 43.90746 ], [ 3.792191, 43.907168 ], [ 3.793397, 43.910539 ], [ 3.794256, 43.914509 ], [ 3.794803, 43.915824 ], [ 3.795081, 43.916378 ], [ 3.795258, 43.91045 ], [ 3.796981, 43.90729 ], [ 3.796675, 43.907123 ] ] ], [ [ [ 3.767022, 43.898988 ], [ 3.766522776530231, 43.899113198338704 ], [ 3.766564, 43.899266 ], [ 3.766629, 43.900017 ], [ 3.766591, 43.900753 ], [ 3.767223432106579, 43.901849406646384 ], [ 3.767298, 43.901836 ], [ 3.768705, 43.9033 ], [ 3.769742, 43.904619 ], [ 3.770322, 43.905402 ], [ 3.770568, 43.905725 ], [ 3.768393, 43.901101 ], [ 3.767521, 43.899281 ], [ 3.767022, 43.898988 ] ] ], [ [ [ 3.74927, 43.891259 ], [ 3.745610257913019, 43.889120168534028 ], [ 3.745618, 43.890163 ], [ 3.746164729732099, 43.891056878920395 ], [ 3.748161, 43.891772 ], [ 3.752413, 43.893901 ], [ 3.755415, 43.896408 ], [ 3.752272, 43.893617 ], [ 3.750713, 43.892028 ], [ 3.74927, 43.891259 ] ] ], [ [ [ 3.736397863513993, 43.886384971447697 ], [ 3.737018, 43.88669 ], [ 3.737987753887397, 43.885347457605235 ], [ 3.736397863513993, 43.886384971447697 ] ] ], [ [ [ 3.74593, 43.948243 ], [ 3.738761, 43.953001 ], [ 3.738743424729757, 43.953346955319525 ], [ 3.74593, 43.948243 ] ] ], [ [ [ 3.778587, 43.967579 ], [ 3.779814, 43.967829 ], [ 3.786538, 43.968977 ], [ 3.781419, 43.967578 ], [ 3.780514, 43.967598 ], [ 3.778587, 43.967579 ] ] ], [ [ [ 3.772034, 43.969872 ], [ 3.765344, 43.97262 ], [ 3.760946, 43.975166 ], [ 3.761933, 43.974982 ], [ 3.76233, 43.974886 ], [ 3.763311, 43.974612 ], [ 3.769002, 43.975353 ], [ 3.77283, 43.970944 ], [ 3.77289, 43.97065 ], [ 3.773664, 43.970264 ], [ 3.776549, 43.967731 ], [ 3.773207, 43.969271 ], [ 3.772586, 43.969547 ], [ 3.772034, 43.969872 ] ] ], [ [ [ 3.751933, 43.975107 ], [ 3.751365, 43.975354 ], [ 3.748965, 43.976603 ], [ 3.748492, 43.976878 ], [ 3.748263, 43.977055 ], [ 3.750279, 43.979921 ], [ 3.750387, 43.979957 ], [ 3.750793, 43.980065 ], [ 3.75161, 43.980123 ], [ 3.752173, 43.980058 ], [ 3.752812, 43.979858 ], [ 3.754577, 43.979543 ], [ 3.755239, 43.979466 ], [ 3.757072, 43.979568 ], [ 3.756281, 43.979426 ], [ 3.756144, 43.979385 ], [ 3.757174, 43.975936 ], [ 3.760296, 43.975367 ], [ 3.760946, 43.975166 ], [ 3.754155, 43.974446 ], [ 3.752293, 43.975012 ], [ 3.751933, 43.975107 ] ] ], [ [ [ 3.75573, 43.989249 ], [ 3.755263, 43.989487 ], [ 3.756015583806071, 43.99151411120949 ], [ 3.756989, 43.992532 ], [ 3.757536376086245, 43.993850276369436 ], [ 3.758159, 43.99416 ], [ 3.760784, 43.995032 ], [ 3.763432, 43.997363 ], [ 3.763157, 43.9967 ], [ 3.763031, 43.996297 ], [ 3.765768, 43.994821 ], [ 3.766676, 43.994816 ], [ 3.767475, 43.994943 ], [ 3.768359, 43.995446 ], [ 3.768842, 43.995648 ], [ 3.769672, 43.996223 ], [ 3.772344, 43.997399 ], [ 3.778032, 43.995734 ], [ 3.778657, 43.988239 ], [ 3.775916, 43.986074 ], [ 3.771648, 43.981451 ], [ 3.765285, 43.980846 ], [ 3.7643, 43.981238 ], [ 3.763812, 43.981468 ], [ 3.763335, 43.981592 ], [ 3.763044, 43.981626 ], [ 3.761534, 43.981424 ], [ 3.757823, 43.988929 ], [ 3.75662, 43.98886 ], [ 3.75573, 43.989249 ] ] ], [ [ [ 3.76954, 44.00855 ], [ 3.770349, 44.008922 ], [ 3.77753, 44.013321 ], [ 3.777898, 44.014258 ], [ 3.778295, 44.014822 ], [ 3.785999, 44.012362 ], [ 3.78509, 44.012307 ], [ 3.781053, 44.01152 ], [ 3.780143, 44.011126 ], [ 3.772178, 44.008879 ], [ 3.771984, 44.008846 ], [ 3.771346, 44.005782 ], [ 3.768014, 43.999969 ], [ 3.764999, 43.998338 ], [ 3.764426, 43.998174 ], [ 3.763432, 43.997363 ], [ 3.764394, 44.003613 ], [ 3.765868, 44.006898 ], [ 3.76954, 44.00855 ] ] ], [ [ [ 3.819438, 44.032449 ], [ 3.823926, 44.034424 ], [ 3.824199, 44.034574 ], [ 3.825348, 44.034793 ], [ 3.828733, 44.035203 ], [ 3.834502, 44.033789 ], [ 3.832992, 44.032974 ], [ 3.827477, 44.031165 ], [ 3.82217, 44.030895 ], [ 3.821867, 44.030851 ], [ 3.820833, 44.029893 ], [ 3.820044, 44.027379 ], [ 3.819435, 44.026063 ], [ 3.818391, 44.022541 ], [ 3.81052, 44.019556 ], [ 3.810402, 44.019574 ], [ 3.815841, 44.022281 ], [ 3.818369, 44.030488 ], [ 3.819438, 44.032449 ] ] ], [ [ [ 3.838964, 44.054141 ], [ 3.841778, 44.056129 ], [ 3.841827, 44.056088 ], [ 3.842524, 44.055354 ], [ 3.842886, 44.055013 ], [ 3.843714, 44.053654 ], [ 3.852507, 44.051807 ], [ 3.852558, 44.051842 ], [ 3.85389, 44.052564 ], [ 3.855013, 44.053158 ], [ 3.855412, 44.053179 ], [ 3.855645, 44.053166 ], [ 3.858817, 44.05097 ], [ 3.860266, 44.049452 ], [ 3.861010772379918, 44.048646859002766 ], [ 3.858865, 44.049276 ], [ 3.855562, 44.050518 ], [ 3.847619, 44.050947 ], [ 3.846501, 44.050924 ], [ 3.844046, 44.050351 ], [ 3.843546, 44.050208 ], [ 3.84285, 44.046676 ], [ 3.844142, 44.044152 ], [ 3.846619, 44.042665 ], [ 3.848041, 44.043068 ], [ 3.85328, 44.041528 ], [ 3.854628, 44.034892 ], [ 3.850599, 44.030571 ], [ 3.844511, 44.030172 ], [ 3.841673, 44.034907 ], [ 3.838605, 44.036287 ], [ 3.838342, 44.036273 ], [ 3.834502, 44.033789 ], [ 3.836845, 44.042346 ], [ 3.837821, 44.050998 ], [ 3.838964, 44.054141 ] ] ], [ [ [ 3.88065525714201, 44.048643718166886 ], [ 3.878857, 44.049257 ], [ 3.877093074399489, 44.049106656647972 ], [ 3.875899, 44.049706 ], [ 3.874368, 44.050535 ], [ 3.873779, 44.05056 ], [ 3.870946, 44.049811 ], [ 3.87245, 44.0505 ], [ 3.875688, 44.052074 ], [ 3.88065525714201, 44.048643718166886 ] ] ], [ [ [ 3.884997, 44.047163 ], [ 3.883840146375177, 44.047557536073349 ], [ 3.885605183399078, 44.04738427354075 ], [ 3.884997, 44.047163 ] ] ], [ [ [ 3.894059, 44.027364 ], [ 3.894058987023074, 44.027362860562576 ], [ 3.892328, 44.027371 ], [ 3.892036, 44.02741 ], [ 3.889046, 44.028064 ], [ 3.88718, 44.029046 ], [ 3.886527, 44.029542 ], [ 3.886127, 44.029682 ], [ 3.885812, 44.029809 ], [ 3.885367, 44.029853 ], [ 3.884348, 44.029172 ], [ 3.883818, 44.028834 ], [ 3.88342593511897, 44.028470832331337 ], [ 3.883387, 44.02864 ], [ 3.88188437814347, 44.031518071034917 ], [ 3.886259, 44.031661 ], [ 3.889807, 44.031054 ], [ 3.894059, 44.027364 ] ] ], [ [ [ 3.88814, 44.011775 ], [ 3.896478, 44.008473 ], [ 3.893365373156798, 44.006459148062888 ], [ 3.886477, 44.009482 ], [ 3.886207, 44.01105 ], [ 3.885965, 44.012059 ], [ 3.8847, 44.014634 ], [ 3.88291106426928, 44.022380530417585 ], [ 3.88297109473195, 44.022398080851872 ], [ 3.887148, 44.015236 ], [ 3.88814, 44.011775 ] ] ], [ [ [ 3.905419, 44.018038 ], [ 3.903972, 44.014873 ], [ 3.898718, 44.010877 ], [ 3.903355, 44.017533 ], [ 3.904479, 44.01907 ], [ 3.904552422691825, 44.019536236720974 ], [ 3.905522512302979, 44.018158009576261 ], [ 3.905419, 44.018038 ] ] ], [ [ [ 3.891591, 44.023837 ], [ 3.88942, 44.024092 ], [ 3.889189036364437, 44.024152180665624 ], [ 3.891601222319375, 44.023835937388846 ], [ 3.891591, 44.023837 ] ] ], [ [ [ 3.891615, 44.042285 ], [ 3.891623251636557, 44.042280045950534 ], [ 3.890620339977884, 44.041991172641168 ], [ 3.891615, 44.042285 ] ] ] ] } },
{ "type": "Feature", "properties": { "codgeo": "30263", "value": 1140, "isochrone_group": 19.0, "nb_agences": 1 }, "geometry": { "type": "MultiPolygon", "coordinates": [ [ [ [ 3.974254, 43.919591 ], [ 3.974421, 43.919098 ], [ 3.974828, 43.918132 ], [ 3.976165, 43.914794 ], [ 3.976276421002742, 43.91450574581647 ], [ 3.974521, 43.914007 ], [ 3.97444, 43.914281 ], [ 3.974014, 43.918573 ], [ 3.97168, 43.9246 ], [ 3.972008, 43.924151 ], [ 3.974254, 43.919591 ] ] ], [ [ [ 3.936962, 43.926972 ], [ 3.937756, 43.928394 ], [ 3.936955, 43.926699 ], [ 3.933383, 43.927146 ], [ 3.933433, 43.927545 ], [ 3.933553, 43.928093 ], [ 3.93366168446415, 43.928373190090213 ], [ 3.936962, 43.926972 ] ] ], [ [ [ 3.912184, 43.928271 ], [ 3.914341, 43.925389 ], [ 3.913927, 43.92508 ], [ 3.912799, 43.924273 ], [ 3.911991439036818, 43.92361665563152 ], [ 3.910744, 43.926964 ], [ 3.910057, 43.926708 ], [ 3.909411, 43.926347 ], [ 3.910601, 43.927179 ], [ 3.911012, 43.927472 ], [ 3.91177, 43.927962 ], [ 3.912184, 43.928271 ] ] ], [ [ [ 3.902469, 43.897382 ], [ 3.901516, 43.896441 ], [ 3.899833, 43.894975 ], [ 3.896598, 43.89389 ], [ 3.891695, 43.893391 ], [ 3.890269, 43.893122 ], [ 3.887867636621364, 43.894213833279551 ], [ 3.88934, 43.8943 ], [ 3.896734, 43.897571 ], [ 3.898728, 43.898994 ], [ 3.898713, 43.899391 ], [ 3.898635, 43.899899 ], [ 3.898454, 43.900733 ], [ 3.89773, 43.901127 ], [ 3.895949, 43.902264 ], [ 3.90057, 43.900989 ], [ 3.902359, 43.899703 ], [ 3.902692, 43.898513 ], [ 3.902469, 43.897382 ] ] ], [ [ [ 3.864763, 43.869407 ], [ 3.864139, 43.869065 ], [ 3.861069, 43.867978 ], [ 3.854372393754529, 43.864652195554363 ], [ 3.854127, 43.865708 ], [ 3.853692, 43.867799 ], [ 3.852569, 43.868878 ], [ 3.852393, 43.86895 ], [ 3.852181, 43.86899 ], [ 3.850125, 43.867316 ], [ 3.850137, 43.864612 ], [ 3.850138689252286, 43.864136193939402 ], [ 3.843933, 43.866684 ], [ 3.841882, 43.868578 ], [ 3.842011, 43.868876 ], [ 3.842626, 43.869662 ], [ 3.843347, 43.870115 ], [ 3.844798, 43.871174 ], [ 3.847055, 43.87398 ], [ 3.848988, 43.875319 ], [ 3.853489, 43.878175 ], [ 3.852197, 43.875966 ], [ 3.851027, 43.874594 ], [ 3.850836, 43.874295 ], [ 3.850804, 43.874239 ], [ 3.851908, 43.871669 ], [ 3.851977, 43.871652 ], [ 3.853929, 43.872453 ], [ 3.86137, 43.87356 ], [ 3.864815, 43.874602 ], [ 3.866399, 43.875631 ], [ 3.872109604928567, 43.882068104917764 ], [ 3.870435, 43.875644 ], [ 3.870452, 43.875538 ], [ 3.86876, 43.873526 ], [ 3.864763, 43.869407 ] ] ], [ [ [ 3.830285, 43.891448 ], [ 3.837973, 43.891173 ], [ 3.831816, 43.889646 ], [ 3.828903, 43.889674 ], [ 3.827774746439946, 43.890604649829193 ], [ 3.830285, 43.891448 ] ] ], [ [ [ 3.800372, 43.883766 ], [ 3.800063, 43.884606 ], [ 3.801279, 43.886426 ], [ 3.802479, 43.887434 ], [ 3.804255, 43.888785 ], [ 3.806661, 43.890485 ], [ 3.80568, 43.889543 ], [ 3.805726, 43.889383 ], [ 3.807988, 43.886781 ], [ 3.810582, 43.88801 ], [ 3.806403, 43.885511 ], [ 3.803367, 43.882783 ], [ 3.802548, 43.882001 ], [ 3.800372, 43.883766 ] ] ], [ [ [ 3.826762, 43.905951 ], [ 3.829545, 43.903667 ], [ 3.83013365784625, 43.903522753219271 ], [ 3.825392, 43.902687 ], [ 3.825002, 43.902374 ], [ 3.824427, 43.901735 ], [ 3.822296, 43.899443 ], [ 3.825515, 43.903864 ], [ 3.825881, 43.904817 ], [ 3.826232, 43.905305 ], [ 3.826762, 43.905951 ] ] ], [ [ [ 3.812784, 43.919343 ], [ 3.8122, 43.919522 ], [ 3.811282, 43.92017 ], [ 3.805132, 43.92158 ], [ 3.811579, 43.921169 ], [ 3.814044, 43.920134 ], [ 3.81474, 43.920534 ], [ 3.81549, 43.921041 ], [ 3.816159, 43.921873 ], [ 3.816149, 43.923517 ], [ 3.81703, 43.921536 ], [ 3.81554, 43.918259 ], [ 3.814165, 43.918884 ], [ 3.812784, 43.919343 ] ] ], [ [ [ 3.799087, 43.908094 ], [ 3.798781, 43.907849 ], [ 3.798082, 43.907318 ], [ 3.797768, 43.907148 ], [ 3.794757, 43.906332 ], [ 3.796267, 43.906909 ], [ 3.796675, 43.907123 ], [ 3.796981, 43.90729 ], [ 3.795258, 43.91045 ], [ 3.795081, 43.916378 ], [ 3.795203, 43.916735 ], [ 3.795986884378962, 43.917333438726558 ], [ 3.797585, 43.912 ], [ 3.80016, 43.909483 ], [ 3.799584, 43.908649 ], [ 3.799087, 43.908094 ] ] ], [ [ [ 3.767514986090582, 43.899277468786643 ], [ 3.767521, 43.899281 ], [ 3.768393, 43.901101 ], [ 3.770568, 43.905725 ], [ 3.769648, 43.900019 ], [ 3.769601, 43.899643 ], [ 3.76773516011126, 43.898750130577085 ], [ 3.767514986090582, 43.899277468786643 ] ] ], [ [ [ 3.729294, 43.887646 ], [ 3.728996079125527, 43.887972893533195 ], [ 3.72933, 43.88824 ], [ 3.735444210442194, 43.887007296281809 ], [ 3.737987753887397, 43.885347457605235 ], [ 3.740483, 43.881893 ], [ 3.73956252792266, 43.880724318589245 ], [ 3.736087, 43.884425 ], [ 3.729294, 43.887646 ] ] ], [ [ [ 3.778049, 43.967528 ], [ 3.778587, 43.967579 ], [ 3.780514, 43.967598 ], [ 3.781419, 43.967578 ], [ 3.786538, 43.968977 ], [ 3.787218, 43.968903 ], [ 3.788856, 43.968631 ], [ 3.782457, 43.966532 ], [ 3.782102, 43.966595 ], [ 3.781674, 43.966721 ], [ 3.778049, 43.967528 ] ] ], [ [ [ 3.769795, 43.970035 ], [ 3.768862, 43.970455 ], [ 3.765227, 43.97203 ], [ 3.763808, 43.972439 ], [ 3.757710318478191, 43.974822944382915 ], [ 3.760946, 43.975166 ], [ 3.765344, 43.97262 ], [ 3.772034, 43.969872 ], [ 3.772586, 43.969547 ], [ 3.773207, 43.969271 ], [ 3.771683, 43.969511 ], [ 3.771177, 43.969577 ], [ 3.770405, 43.969767 ], [ 3.769795, 43.970035 ] ] ], [ [ [ 3.761534, 43.981424 ], [ 3.758961, 43.979951 ], [ 3.75826, 43.979771 ], [ 3.757386, 43.979593 ], [ 3.757072, 43.979568 ], [ 3.755239, 43.979466 ], [ 3.754577, 43.979543 ], [ 3.752812, 43.979858 ], [ 3.752173, 43.980058 ], [ 3.75161, 43.980123 ], [ 3.75098659446366, 43.980078743548219 ], [ 3.750828, 43.982839 ], [ 3.757431, 43.988846 ], [ 3.757701, 43.988908 ], [ 3.757749274941994, 43.988924771380724 ], [ 3.757823, 43.988929 ], [ 3.761534, 43.981424 ] ] ], [ [ [ 3.747909959135669, 43.977412007615627 ], [ 3.748087779430992, 43.977232189339468 ], [ 3.747983, 43.977324 ], [ 3.747909959135669, 43.977412007615627 ] ] ], [ [ [ 3.764577, 44.007012 ], [ 3.768254839901839, 44.007971817951493 ], [ 3.765868, 44.006898 ], [ 3.765194271568484, 44.005396508889056 ], [ 3.76496, 44.005798 ], [ 3.763913, 44.006208 ], [ 3.763358, 44.00633 ], [ 3.762318, 44.006288 ], [ 3.761819, 44.006249 ], [ 3.761309649695332, 44.006202519363846 ], [ 3.762296, 44.006375 ], [ 3.764577, 44.007012 ] ] ], [ [ [ 3.7627490134721, 43.996761775832134 ], [ 3.763829030795578, 43.999942462029502 ], [ 3.763432, 43.997363 ], [ 3.7627490134721, 43.996761775832134 ] ] ], [ [ [ 3.775494, 44.018819 ], [ 3.776285, 44.019251 ], [ 3.776502, 44.019307 ], [ 3.777861, 44.018485 ], [ 3.78049, 44.017114 ], [ 3.78157, 44.016588 ], [ 3.782584, 44.016135 ], [ 3.78979, 44.012547 ], [ 3.789314, 44.012487 ], [ 3.785999, 44.012362 ], [ 3.778295, 44.014822 ], [ 3.777898, 44.014258 ], [ 3.77753, 44.013321 ], [ 3.770349, 44.008922 ], [ 3.76954, 44.00855 ], [ 3.768880653328942, 44.008253365822277 ], [ 3.774159, 44.01522 ], [ 3.774338, 44.016535 ], [ 3.77492, 44.018001 ], [ 3.775494, 44.018819 ] ] ], [ [ [ 3.816781, 44.031886 ], [ 3.821386, 44.036021 ], [ 3.822717, 44.036549 ], [ 3.82349, 44.036846 ], [ 3.824337, 44.037165 ], [ 3.826446976332033, 44.034926110870344 ], [ 3.825348, 44.034793 ], [ 3.824199, 44.034574 ], [ 3.823926, 44.034424 ], [ 3.819438, 44.032449 ], [ 3.818369, 44.030488 ], [ 3.815841, 44.022281 ], [ 3.810402, 44.019574 ], [ 3.809660802213876, 44.01966054617148 ], [ 3.814489, 44.021923 ], [ 3.817463, 44.028453 ], [ 3.816691, 44.031482 ], [ 3.816781, 44.031886 ] ] ], [ [ [ 3.832254, 44.051917 ], [ 3.832866, 44.053049 ], [ 3.835967, 44.059746 ], [ 3.839556, 44.060022 ], [ 3.841827, 44.056088 ], [ 3.841778, 44.056129 ], [ 3.838964, 44.054141 ], [ 3.837821, 44.050998 ], [ 3.836845, 44.042346 ], [ 3.834502, 44.033789 ], [ 3.828733, 44.035203 ], [ 3.827841126383676, 44.035094973948993 ], [ 3.83284, 44.040258 ], [ 3.831186, 44.043456 ], [ 3.832372, 44.050885 ], [ 3.832254, 44.051917 ] ] ], [ [ [ 3.844588727283592, 44.053470260514857 ], [ 3.843714, 44.053654 ], [ 3.842886, 44.055013 ], [ 3.844588727283592, 44.053470260514857 ] ] ], [ [ [ 3.855593, 44.053625 ], [ 3.856051, 44.053442 ], [ 3.85665, 44.053339 ], [ 3.857105613648482, 44.052154805935665 ], [ 3.855645, 44.053166 ], [ 3.855412, 44.053179 ], [ 3.855013, 44.053158 ], [ 3.85389, 44.052564 ], [ 3.852558, 44.051842 ], [ 3.852507, 44.051807 ], [ 3.846292443689625, 44.053112389003218 ], [ 3.853691, 44.053898 ], [ 3.854453263278337, 44.054332864952215 ], [ 3.855153, 44.053903 ], [ 3.855593, 44.053625 ] ] ], [ [ [ 3.879997, 44.039959 ], [ 3.881970953212587, 44.040548502765063 ], [ 3.883735374050012, 44.040953842687152 ], [ 3.887301, 44.033929 ], [ 3.880835266515763, 44.031483794143341 ], [ 3.880107, 44.03146 ], [ 3.879997, 44.039959 ] ] ], [ [ [ 3.891591, 44.023837 ], [ 3.891601222319375, 44.023835937388846 ], [ 3.891616, 44.023834 ], [ 3.891858, 44.023802 ], [ 3.894749, 44.023242 ], [ 3.895589, 44.023118 ], [ 3.896762, 44.023596 ], [ 3.897996, 44.023864 ], [ 3.899021, 44.023994 ], [ 3.901388, 44.024032 ], [ 3.904552422691825, 44.019536236720974 ], [ 3.904479, 44.01907 ], [ 3.903355, 44.017533 ], [ 3.898718, 44.010877 ], [ 3.896478, 44.008473 ], [ 3.88814, 44.011775 ], [ 3.887148, 44.015236 ], [ 3.883712229033021, 44.021127268265587 ], [ 3.889076, 44.024167 ], [ 3.889189036364437, 44.024152180665624 ], [ 3.88942, 44.024092 ], [ 3.891591, 44.023837 ] ] ] ] } },
{ "type": "Feature", "properties": { "codgeo": "30263", "value": 1200, "isochrone_group": 20.0, "nb_agences": 1 }, "geometry": { "type": "MultiPolygon", "coordinates": [ [ [ [ 3.978122, 43.911517 ], [ 3.977702016278681, 43.911455902711801 ], [ 3.978498330544557, 43.911685105008708 ], [ 3.978122, 43.911517 ] ] ], [ [ [ 3.977468433939516, 43.911421922234034 ], [ 3.977249, 43.91139 ], [ 3.976029179931843, 43.914435500302964 ], [ 3.976276421002742, 43.91450574581647 ], [ 3.977468433939516, 43.911421922234034 ] ] ], [ [ [ 3.936503, 43.924 ], [ 3.933301, 43.925645 ], [ 3.933401, 43.926566 ], [ 3.933559, 43.926128 ], [ 3.936598, 43.924198 ], [ 3.936839, 43.924578 ], [ 3.936503, 43.924 ] ] ], [ [ [ 3.915463, 43.926718 ], [ 3.914907, 43.925943 ], [ 3.914544, 43.925566 ], [ 3.914332948155243, 43.925399758190366 ], [ 3.912184, 43.928271 ], [ 3.91177, 43.927962 ], [ 3.911012, 43.927472 ], [ 3.912681, 43.929081 ], [ 3.916252, 43.928622 ], [ 3.916212, 43.928306 ], [ 3.915954, 43.92755 ], [ 3.915463, 43.926718 ] ] ], [ [ [ 3.906017, 43.901118 ], [ 3.906185, 43.901007 ], [ 3.906946, 43.900441 ], [ 3.907787, 43.899523 ], [ 3.906509, 43.898066 ], [ 3.901147, 43.892718 ], [ 3.899738, 43.891383 ], [ 3.897626, 43.891625 ], [ 3.890597, 43.891412 ], [ 3.886091, 43.894929 ], [ 3.886684, 43.894752 ], [ 3.890269, 43.893122 ], [ 3.891695, 43.893391 ], [ 3.896598, 43.89389 ], [ 3.899833, 43.894975 ], [ 3.901516, 43.896441 ], [ 3.902469, 43.897382 ], [ 3.902692, 43.898513 ], [ 3.902359, 43.899703 ], [ 3.90057, 43.900989 ], [ 3.895949, 43.902264 ], [ 3.903141, 43.90333 ], [ 3.903377, 43.903226 ], [ 3.904092, 43.902711 ], [ 3.904511, 43.902305 ], [ 3.906017, 43.901118 ] ] ], [ [ [ 3.864904, 43.868689 ], [ 3.864055, 43.868448 ], [ 3.857709334935238, 43.864415591375639 ], [ 3.857157572076793, 43.866035427314827 ], [ 3.861069, 43.867978 ], [ 3.864139, 43.869065 ], [ 3.864763, 43.869407 ], [ 3.86876, 43.873526 ], [ 3.870452, 43.875538 ], [ 3.870435, 43.875644 ], [ 3.872651, 43.884145 ], [ 3.873406, 43.884975 ], [ 3.873622, 43.885283 ], [ 3.873862, 43.878408 ], [ 3.872594, 43.873297 ], [ 3.865958, 43.869404 ], [ 3.865238, 43.868849 ], [ 3.864904, 43.868689 ] ] ], [ [ [ 3.855616172704416, 43.857597014707316 ], [ 3.854978, 43.858363 ], [ 3.856466284873434, 43.860459877200867 ], [ 3.855616172704416, 43.857597014707316 ] ] ], [ [ [ 3.842893, 43.864212 ], [ 3.84159, 43.86367 ], [ 3.839761, 43.863112 ], [ 3.838901, 43.863062 ], [ 3.837622, 43.863037 ], [ 3.836854, 43.863011 ], [ 3.836512, 43.863073 ], [ 3.83426, 43.863733 ], [ 3.832424, 43.864959 ], [ 3.832362, 43.865145 ], [ 3.832787, 43.867022 ], [ 3.83292, 43.867087 ], [ 3.833508, 43.867269 ], [ 3.834004, 43.867324 ], [ 3.835991, 43.867345 ], [ 3.841274, 43.874524 ], [ 3.841201, 43.874757 ], [ 3.841505, 43.875587 ], [ 3.841553, 43.875648 ], [ 3.842223, 43.876154 ], [ 3.84263, 43.876305 ], [ 3.846499, 43.884238 ], [ 3.849244, 43.8845 ], [ 3.853489, 43.878175 ], [ 3.848988, 43.875319 ], [ 3.847055, 43.87398 ], [ 3.844798, 43.871174 ], [ 3.843347, 43.870115 ], [ 3.842626, 43.869662 ], [ 3.842011, 43.868876 ], [ 3.841882, 43.868578 ], [ 3.843933, 43.866684 ], [ 3.846017838905185, 43.865828049116558 ], [ 3.848167364064389, 43.860882408760304 ], [ 3.842893, 43.864212 ] ] ], [ [ [ 3.828209, 43.88805 ], [ 3.827989, 43.888459 ], [ 3.827835, 43.888977 ], [ 3.822035687493618, 43.892235994674188 ], [ 3.827487, 43.890842 ], [ 3.828903, 43.889674 ], [ 3.831816, 43.889646 ], [ 3.837973, 43.891173 ], [ 3.831295, 43.88899 ], [ 3.829406, 43.887079 ], [ 3.829242, 43.88714 ], [ 3.828466, 43.887722 ], [ 3.828209, 43.88805 ] ] ], [ [ [ 3.797088, 43.877079 ], [ 3.796553, 43.87778 ], [ 3.795123, 43.880991 ], [ 3.795846, 43.881574 ], [ 3.801279, 43.886426 ], [ 3.800063, 43.884606 ], [ 3.800372, 43.883766 ], [ 3.802548, 43.882001 ], [ 3.803367, 43.882783 ], [ 3.801867, 43.880997 ], [ 3.800163, 43.87912 ], [ 3.797651, 43.87669 ], [ 3.797405, 43.876842 ], [ 3.797088, 43.877079 ] ] ], [ [ [ 3.818898, 43.917042 ], [ 3.817015, 43.917528 ], [ 3.816044, 43.918007 ], [ 3.815540166951009, 43.918259367180184 ], [ 3.81703, 43.921536 ], [ 3.816149, 43.923517 ], [ 3.818694, 43.920615 ], [ 3.819508, 43.919644 ], [ 3.819807, 43.918981 ], [ 3.819256, 43.917796 ], [ 3.818898, 43.917042 ] ] ], [ [ [ 3.801564, 43.908375 ], [ 3.798082, 43.907318 ], [ 3.798781, 43.907849 ], [ 3.799087, 43.908094 ], [ 3.799584, 43.908649 ], [ 3.80016, 43.909483 ], [ 3.797585, 43.912 ], [ 3.79575, 43.918124 ], [ 3.796461121915162, 43.918438724162364 ], [ 3.800453, 43.912956 ], [ 3.801205, 43.912748 ], [ 3.80225, 43.912027 ], [ 3.802405, 43.911875 ], [ 3.801564, 43.908375 ] ] ], [ [ [ 3.747781, 43.870423 ], [ 3.748194110090488, 43.870455866054307 ], [ 3.747654412698412, 43.870132047619045 ], [ 3.747781, 43.870423 ] ] ], [ [ [ 3.782102, 43.966595 ], [ 3.782457, 43.966532 ], [ 3.788856, 43.968631 ], [ 3.789639, 43.968511 ], [ 3.784755, 43.965581 ], [ 3.784227, 43.965838 ], [ 3.783134, 43.966246 ], [ 3.782665, 43.966395 ], [ 3.782102, 43.966595 ] ] ], [ [ [ 3.768932625778687, 43.970423207044966 ], [ 3.764655, 43.971561 ], [ 3.763808, 43.972439 ], [ 3.765227, 43.97203 ], [ 3.768862, 43.970455 ], [ 3.768932625778687, 43.970423207044966 ] ] ], [ [ [ 3.745333493455981, 43.978804254243883 ], [ 3.747907, 43.977415 ], [ 3.747909959135669, 43.977412007615627 ], [ 3.747983, 43.977324 ], [ 3.745333493455981, 43.978804254243883 ] ] ], [ [ [ 3.759547416426924, 44.006051086086082 ], [ 3.759489145748795, 44.006040040938686 ], [ 3.7595, 44.006048 ], [ 3.759547416426924, 44.006051086086082 ] ] ], [ [ [ 3.772398, 44.022527 ], [ 3.779062, 44.020994 ], [ 3.779784, 44.020516 ], [ 3.780766, 44.019205 ], [ 3.781198, 44.018013 ], [ 3.78157, 44.016588 ], [ 3.78049, 44.017114 ], [ 3.777861, 44.018485 ], [ 3.776502, 44.019307 ], [ 3.776285, 44.019251 ], [ 3.775494, 44.018819 ], [ 3.77492, 44.018001 ], [ 3.774338, 44.016535 ], [ 3.774159, 44.01522 ], [ 3.768769, 44.008106 ], [ 3.768699529603026, 44.00808787008247 ], [ 3.768694, 44.008087 ], [ 3.768314641015225, 44.007987856525716 ], [ 3.771823, 44.012348 ], [ 3.769485, 44.01944 ], [ 3.770152, 44.022978 ], [ 3.771597, 44.022729 ], [ 3.772398, 44.022527 ] ] ], [ [ [ 3.815268, 44.034807 ], [ 3.815559, 44.035354 ], [ 3.815752, 44.035465 ], [ 3.816219, 44.035728 ], [ 3.817234, 44.035869 ], [ 3.821386, 44.036021 ], [ 3.816781, 44.031886 ], [ 3.816691, 44.031482 ], [ 3.817463, 44.028453 ], [ 3.816868948173989, 44.027148642762654 ], [ 3.815529, 44.028046 ], [ 3.814433, 44.028247 ], [ 3.814137, 44.028399 ], [ 3.813893, 44.028537 ], [ 3.815268, 44.034807 ] ] ], [ [ [ 3.829814, 44.04366 ], [ 3.831043, 44.051648 ], [ 3.828932, 44.053787 ], [ 3.828988, 44.053929 ], [ 3.829392, 44.054548 ], [ 3.829794, 44.054894 ], [ 3.835196, 44.061547 ], [ 3.83529, 44.06364 ], [ 3.837191, 44.066697 ], [ 3.837326, 44.066613 ], [ 3.838293, 44.065915 ], [ 3.838838, 44.06542 ], [ 3.839142, 44.065035 ], [ 3.839396, 44.064443 ], [ 3.839705, 44.063398 ], [ 3.840033, 44.062276 ], [ 3.840584, 44.059878 ], [ 3.846532, 44.055313 ], [ 3.848831195565297, 44.05575649812176 ], [ 3.849706, 44.054837 ], [ 3.851589180659488, 44.053674819649963 ], [ 3.845121, 44.052988 ], [ 3.842886, 44.055013 ], [ 3.842524, 44.055354 ], [ 3.841827, 44.056088 ], [ 3.839556, 44.060022 ], [ 3.835967, 44.059746 ], [ 3.832866, 44.053049 ], [ 3.832254, 44.051917 ], [ 3.832372, 44.050885 ], [ 3.831186, 44.043456 ], [ 3.83284, 44.040258 ], [ 3.827054, 44.034282 ], [ 3.824337, 44.037165 ], [ 3.82349, 44.036846 ], [ 3.822717, 44.036549 ], [ 3.821386, 44.036021 ], [ 3.826306, 44.041872 ], [ 3.826538, 44.042266 ], [ 3.826744, 44.042385 ], [ 3.82793, 44.043194 ], [ 3.829814, 44.04366 ] ] ] ] } }
]
}
