{
"type": "FeatureCollection",
"name": "BNP_Paribas",
"crs": { "type": "name", "properties": { "name": "urn:ogc:def:crs:OGC:1.3:CRS84" } },
"features": [
{ "type": "Feature", "properties": { "codgeo": "30189", "value": 60, "isochrone_group": 1.0, "nb_agences": 2 }, "geometry": { "type": "MultiPolygon", "coordinates": [ [ [ [ 4.360243, 43.822038 ], [ 4.361973, 43.825034 ], [ 4.362203, 43.825279 ], [ 4.365815, 43.823865 ], [ 4.365951, 43.823531 ], [ 4.365296, 43.821781 ], [ 4.365202, 43.821633 ], [ 4.365094, 43.821483 ], [ 4.361161, 43.820625 ], [ 4.36051, 43.820469 ], [ 4.359859, 43.820314 ], [ 4.359775, 43.820664 ], [ 4.360243, 43.822038 ] ] ], [ [ [ 4.35345, 43.835934 ], [ 4.353595, 43.836264 ], [ 4.354614, 43.836886 ], [ 4.355076, 43.83712 ], [ 4.356422, 43.837005 ], [ 4.360614, 43.834598 ], [ 4.360779, 43.834278 ], [ 4.360718, 43.832809 ], [ 4.360393, 43.832654 ], [ 4.355309, 43.834659 ], [ 4.354843, 43.834842 ], [ 4.353625, 43.835391 ], [ 4.353464, 43.835713 ], [ 4.35345, 43.835934 ] ] ] ] } },
{ "type": "Feature", "properties": { "codgeo": "30189", "value": 120, "isochrone_group": 2.0, "nb_agences": 2 }, "geometry": { "type": "Polygon", "coordinates": [ [ [ 4.368648, 43.82482 ], [ 4.370154, 43.824192 ], [ 4.370463, 43.823984 ], [ 4.368445, 43.818458 ], [ 4.367406, 43.816695 ], [ 4.367111, 43.816489 ], [ 4.363994, 43.817716 ], [ 4.358483, 43.819307 ], [ 4.354268, 43.819338 ], [ 4.354218, 43.819694 ], [ 4.355601, 43.822275 ], [ 4.357498, 43.827199 ], [ 4.358753, 43.828677 ], [ 4.360290989938229, 43.829239567360815 ], [ 4.358486, 43.831252 ], [ 4.353209, 43.833453 ], [ 4.35304, 43.8335 ], [ 4.352049, 43.8338 ], [ 4.350886, 43.834224 ], [ 4.350746, 43.834332 ], [ 4.350742, 43.834346 ], [ 4.351002, 43.8358 ], [ 4.352627, 43.837111 ], [ 4.353594, 43.837605 ], [ 4.353924, 43.837642 ], [ 4.356422, 43.837005 ], [ 4.355076, 43.83712 ], [ 4.354614, 43.836886 ], [ 4.353595, 43.836264 ], [ 4.35345, 43.835934 ], [ 4.353464, 43.835713 ], [ 4.353625, 43.835391 ], [ 4.354843, 43.834842 ], [ 4.355309, 43.834659 ], [ 4.360393, 43.832654 ], [ 4.360718, 43.832809 ], [ 4.360779, 43.834278 ], [ 4.360614, 43.834598 ], [ 4.358483320431096, 43.835821412624611 ], [ 4.360977, 43.834535 ], [ 4.362882, 43.834366 ], [ 4.363099, 43.834342 ], [ 4.363278, 43.834234 ], [ 4.363456, 43.834126 ], [ 4.363286, 43.831862 ], [ 4.362801, 43.829834 ], [ 4.362666877333924, 43.829680939748179 ], [ 4.364486, 43.826443 ], [ 4.368648, 43.82482 ] ], [ [ 4.359775, 43.820664 ], [ 4.359859, 43.820314 ], [ 4.36051, 43.820469 ], [ 4.361161, 43.820625 ], [ 4.365094, 43.821483 ], [ 4.365202, 43.821633 ], [ 4.365296, 43.821781 ], [ 4.365951, 43.823531 ], [ 4.365815, 43.823865 ], [ 4.362203, 43.825279 ], [ 4.361973, 43.825034 ], [ 4.360243, 43.822038 ], [ 4.359775, 43.820664 ] ] ] } },
{ "type": "Feature", "properties": { "codgeo": "30189", "value": 180, "isochrone_group": 3.0, "nb_agences": 2 }, "geometry": { "type": "MultiPolygon", "coordinates": [ [ [ [ 4.374918, 43.827441 ], [ 4.375516, 43.827243 ], [ 4.375756, 43.827029 ], [ 4.375572, 43.82672 ], [ 4.373599, 43.818193 ], [ 4.370654, 43.812872 ], [ 4.369362, 43.812154 ], [ 4.36876, 43.811962 ], [ 4.368083, 43.811933 ], [ 4.365798, 43.813501 ], [ 4.361988, 43.81602 ], [ 4.357017, 43.816405 ], [ 4.352319, 43.817407 ], [ 4.347376, 43.817854 ], [ 4.347254, 43.818192 ], [ 4.351955, 43.824008 ], [ 4.352961505052506, 43.828268347167565 ], [ 4.351152, 43.82993 ], [ 4.349198, 43.832591 ], [ 4.348449, 43.833717 ], [ 4.348052, 43.835007 ], [ 4.34811, 43.838074 ], [ 4.348123, 43.838433 ], [ 4.34819, 43.838463 ], [ 4.352547, 43.839019 ], [ 4.352648, 43.839034 ], [ 4.356422, 43.837005 ], [ 4.353924, 43.837642 ], [ 4.353594, 43.837605 ], [ 4.352627, 43.837111 ], [ 4.351002, 43.8358 ], [ 4.350742, 43.834346 ], [ 4.350746, 43.834332 ], [ 4.350886, 43.834224 ], [ 4.352049, 43.8338 ], [ 4.35304, 43.8335 ], [ 4.353209, 43.833453 ], [ 4.358486, 43.831252 ], [ 4.360290989938229, 43.829239567360815 ], [ 4.358753, 43.828677 ], [ 4.357498, 43.827199 ], [ 4.355601, 43.822275 ], [ 4.354218, 43.819694 ], [ 4.354268, 43.819338 ], [ 4.358483, 43.819307 ], [ 4.363994, 43.817716 ], [ 4.367111, 43.816489 ], [ 4.367406, 43.816695 ], [ 4.368445, 43.818458 ], [ 4.370463, 43.823984 ], [ 4.370154, 43.824192 ], [ 4.368648, 43.82482 ], [ 4.364486, 43.826443 ], [ 4.362666877333924, 43.829680939748179 ], [ 4.362801, 43.829834 ], [ 4.363286, 43.831862 ], [ 4.363440218156319, 43.833915822975897 ], [ 4.36352, 43.833877 ], [ 4.36491, 43.833212 ], [ 4.366719, 43.832283 ], [ 4.366951, 43.832008 ], [ 4.366905195394786, 43.831754547851148 ], [ 4.374515, 43.827353 ], [ 4.374918, 43.827441 ] ] ], [ [ [ 4.36236772256722, 43.834411623562289 ], [ 4.360977, 43.834535 ], [ 4.356755, 43.836713 ], [ 4.356422, 43.837005 ], [ 4.36236772256722, 43.834411623562289 ] ] ] ] } },
{ "type": "Feature", "properties": { "codgeo": "30189", "value": 240, "isochrone_group": 4.0, "nb_agences": 2 }, "geometry": { "type": "Polygon", "coordinates": [ [ [ 4.371077, 43.836398 ], [ 4.371632, 43.83487 ], [ 4.379068, 43.831957 ], [ 4.383254, 43.825619 ], [ 4.383275, 43.825557 ], [ 4.383251, 43.824341 ], [ 4.381716, 43.816019 ], [ 4.382037, 43.813787 ], [ 4.381551, 43.813364 ], [ 4.380748, 43.813099 ], [ 4.379903, 43.812909 ], [ 4.373931, 43.809292 ], [ 4.373544, 43.806139 ], [ 4.37316, 43.806088 ], [ 4.371559, 43.805979 ], [ 4.371511, 43.805976 ], [ 4.364207, 43.809453 ], [ 4.362597, 43.810104 ], [ 4.354662, 43.812876 ], [ 4.352781, 43.812465 ], [ 4.351847, 43.812229 ], [ 4.351483, 43.812173 ], [ 4.349674, 43.811979 ], [ 4.349319, 43.811925 ], [ 4.346509, 43.81218 ], [ 4.340223, 43.814438 ], [ 4.339796, 43.814621 ], [ 4.338576, 43.815432 ], [ 4.338452, 43.815549 ], [ 4.338845, 43.816595 ], [ 4.338899, 43.816687 ], [ 4.340914, 43.818176 ], [ 4.344557, 43.82581 ], [ 4.344601, 43.825946 ], [ 4.345835789263298, 43.827701507765504 ], [ 4.342385, 43.831005 ], [ 4.3412, 43.831202 ], [ 4.340773, 43.837371 ], [ 4.3421, 43.839618 ], [ 4.342355, 43.839871 ], [ 4.346108, 43.83977 ], [ 4.352343, 43.841068 ], [ 4.352567, 43.841105 ], [ 4.353927, 43.840381 ], [ 4.356826, 43.838745 ], [ 4.360138635311831, 43.835385280736496 ], [ 4.361076, 43.835621 ], [ 4.361379, 43.835687 ], [ 4.365753, 43.836673 ], [ 4.369273, 43.83759 ], [ 4.37069, 43.836798 ], [ 4.370776277953413, 43.836710579292259 ], [ 4.370779, 43.836711 ], [ 4.370790502927781, 43.836696165907618 ], [ 4.370992, 43.836492 ], [ 4.371077, 43.836398 ] ], [ [ 4.366905195394786, 43.831754547851148 ], [ 4.366951, 43.832008 ], [ 4.366719, 43.832283 ], [ 4.36491, 43.833212 ], [ 4.36352, 43.833877 ], [ 4.362885, 43.834186 ], [ 4.356422, 43.837005 ], [ 4.352648, 43.839034 ], [ 4.352547, 43.839019 ], [ 4.34819, 43.838463 ], [ 4.348123, 43.838433 ], [ 4.34811, 43.838074 ], [ 4.348052, 43.835007 ], [ 4.348449, 43.833717 ], [ 4.349198, 43.832591 ], [ 4.351152, 43.82993 ], [ 4.352961505052506, 43.828268347167565 ], [ 4.351955, 43.824008 ], [ 4.347254, 43.818192 ], [ 4.347376, 43.817854 ], [ 4.352319, 43.817407 ], [ 4.357017, 43.816405 ], [ 4.361988, 43.81602 ], [ 4.365798, 43.813501 ], [ 4.368083, 43.811933 ], [ 4.36876, 43.811962 ], [ 4.369362, 43.812154 ], [ 4.370654, 43.812872 ], [ 4.373599, 43.818193 ], [ 4.375572, 43.82672 ], [ 4.375756, 43.827029 ], [ 4.375516, 43.827243 ], [ 4.374918, 43.827441 ], [ 4.374515, 43.827353 ], [ 4.366905195394786, 43.831754547851148 ] ] ] } },
{ "type": "Feature", "properties": { "codgeo": "30189", "value": 300, "isochrone_group": 5.0, "nb_agences": 2 }, "geometry": { "type": "Polygon", "coordinates": [ [ [ 4.386102, 43.831252 ], [ 4.387496, 43.827351 ], [ 4.388821, 43.821077 ], [ 4.388851, 43.818281 ], [ 4.386212, 43.810891 ], [ 4.37914, 43.805608 ], [ 4.371682, 43.803043 ], [ 4.364906, 43.805892 ], [ 4.364168, 43.806321 ], [ 4.358081, 43.808324 ], [ 4.353466, 43.808286 ], [ 4.353376, 43.808353 ], [ 4.347577, 43.811226 ], [ 4.343027, 43.811178 ], [ 4.340192, 43.811229 ], [ 4.334239, 43.812624 ], [ 4.333358, 43.815753 ], [ 4.336553, 43.821765 ], [ 4.338148127437403, 43.823211119941853 ], [ 4.334448, 43.830077 ], [ 4.331515, 43.835198 ], [ 4.331938, 43.838773 ], [ 4.339186, 43.843345 ], [ 4.340811, 43.844254 ], [ 4.344118, 43.845981 ], [ 4.345, 43.845507 ], [ 4.348201, 43.842685 ], [ 4.355587, 43.842796 ], [ 4.355589, 43.842796 ], [ 4.356457, 43.842522 ], [ 4.357654, 43.841816 ], [ 4.359629, 43.840824 ], [ 4.367539376761674, 43.840138032053915 ], [ 4.367694, 43.840185 ], [ 4.372631, 43.84245 ], [ 4.372714, 43.842498 ], [ 4.372717969574034, 43.842499926977702 ], [ 4.372793, 43.842543 ], [ 4.372817, 43.842548 ], [ 4.37295, 43.842592 ], [ 4.373053, 43.842613 ], [ 4.374394242227734, 43.841967936415202 ], [ 4.376621, 43.841149 ], [ 4.378117, 43.840078 ], [ 4.378217908973894, 43.839920643860623 ], [ 4.384414, 43.834432 ], [ 4.386102, 43.831252 ] ], [ [ 4.370790502927781, 43.836696165907618 ], [ 4.370779, 43.836711 ], [ 4.370776277953413, 43.836710579292259 ], [ 4.37069, 43.836798 ], [ 4.369273, 43.83759 ], [ 4.365753, 43.836673 ], [ 4.361379, 43.835687 ], [ 4.361076, 43.835621 ], [ 4.360138635311831, 43.835385280736496 ], [ 4.356826, 43.838745 ], [ 4.353927, 43.840381 ], [ 4.352567, 43.841105 ], [ 4.352343, 43.841068 ], [ 4.346108, 43.83977 ], [ 4.342355, 43.839871 ], [ 4.3421, 43.839618 ], [ 4.340773, 43.837371 ], [ 4.3412, 43.831202 ], [ 4.342385, 43.831005 ], [ 4.345835789263298, 43.827701507765504 ], [ 4.344601, 43.825946 ], [ 4.344557, 43.82581 ], [ 4.340914, 43.818176 ], [ 4.338899, 43.816687 ], [ 4.338845, 43.816595 ], [ 4.338452, 43.815549 ], [ 4.338576, 43.815432 ], [ 4.339796, 43.814621 ], [ 4.340223, 43.814438 ], [ 4.346509, 43.81218 ], [ 4.349319, 43.811925 ], [ 4.349674, 43.811979 ], [ 4.351483, 43.812173 ], [ 4.351847, 43.812229 ], [ 4.352781, 43.812465 ], [ 4.354662, 43.812876 ], [ 4.362597, 43.810104 ], [ 4.364207, 43.809453 ], [ 4.371511, 43.805976 ], [ 4.371559, 43.805979 ], [ 4.37316, 43.806088 ], [ 4.373544, 43.806139 ], [ 4.373931, 43.809292 ], [ 4.379903, 43.812909 ], [ 4.380748, 43.813099 ], [ 4.381551, 43.813364 ], [ 4.382037, 43.813787 ], [ 4.381716, 43.816019 ], [ 4.383251, 43.824341 ], [ 4.383275, 43.825557 ], [ 4.383254, 43.825619 ], [ 4.379068, 43.831957 ], [ 4.371632, 43.83487 ], [ 4.371077, 43.836398 ], [ 4.370992, 43.836492 ], [ 4.370790502927781, 43.836696165907618 ] ] ] } },
{ "type": "Feature", "properties": { "codgeo": "30189", "value": 360, "isochrone_group": 6.0, "nb_agences": 2 }, "geometry": { "type": "Polygon", "coordinates": [ [ [ 4.390333, 43.837262 ], [ 4.39036, 43.837102 ], [ 4.389861, 43.833077 ], [ 4.389768, 43.829479 ], [ 4.388221, 43.824747 ], [ 4.393856, 43.817918 ], [ 4.394324, 43.817731 ], [ 4.394624, 43.817565 ], [ 4.394494, 43.815063 ], [ 4.391065, 43.81005 ], [ 4.385248, 43.808189 ], [ 4.381843, 43.807019 ], [ 4.378314, 43.802106 ], [ 4.377482, 43.799708 ], [ 4.376594, 43.798944 ], [ 4.373543, 43.799174 ], [ 4.371811, 43.80082 ], [ 4.371226, 43.801429 ], [ 4.363553, 43.804677 ], [ 4.355482, 43.801832 ], [ 4.352212, 43.803336 ], [ 4.347431, 43.807739 ], [ 4.34144, 43.807395 ], [ 4.339296, 43.80652 ], [ 4.338005, 43.806086 ], [ 4.330952, 43.808614 ], [ 4.328718, 43.807865 ], [ 4.327706, 43.808588 ], [ 4.327361, 43.808841 ], [ 4.327246, 43.808944 ], [ 4.326625, 43.810794 ], [ 4.326903, 43.814428 ], [ 4.328256, 43.820552 ], [ 4.330404, 43.823441 ], [ 4.330652221222424, 43.823831989353309 ], [ 4.328934, 43.82614 ], [ 4.326494, 43.834263 ], [ 4.323323, 43.83688 ], [ 4.322422, 43.837676 ], [ 4.322393, 43.837729 ], [ 4.322598, 43.838376 ], [ 4.323375, 43.83918 ], [ 4.32465, 43.840226 ], [ 4.32466, 43.840222 ], [ 4.329707, 43.83916 ], [ 4.333175108502935, 43.839553361489429 ], [ 4.331938, 43.838773 ], [ 4.331515, 43.835198 ], [ 4.334448, 43.830077 ], [ 4.338148127437403, 43.823211119941853 ], [ 4.336553, 43.821765 ], [ 4.333358, 43.815753 ], [ 4.334239, 43.812624 ], [ 4.340192, 43.811229 ], [ 4.343027, 43.811178 ], [ 4.347577, 43.811226 ], [ 4.353376, 43.808353 ], [ 4.353466, 43.808286 ], [ 4.358081, 43.808324 ], [ 4.364168, 43.806321 ], [ 4.364906, 43.805892 ], [ 4.371682, 43.803043 ], [ 4.37914, 43.805608 ], [ 4.386212, 43.810891 ], [ 4.388851, 43.818281 ], [ 4.388821, 43.821077 ], [ 4.387496, 43.827351 ], [ 4.386102, 43.831252 ], [ 4.384414, 43.834432 ], [ 4.378217908973894, 43.839920643860623 ], [ 4.378117, 43.840078 ], [ 4.376621, 43.841149 ], [ 4.374394242227734, 43.841967936415202 ], [ 4.373053, 43.842613 ], [ 4.37295, 43.842592 ], [ 4.372817, 43.842548 ], [ 4.372793, 43.842543 ], [ 4.372717969574034, 43.842499926977702 ], [ 4.372714, 43.842498 ], [ 4.372631, 43.84245 ], [ 4.367694, 43.840185 ], [ 4.367539376761674, 43.840138032053915 ], [ 4.359629, 43.840824 ], [ 4.357654, 43.841816 ], [ 4.356457, 43.842522 ], [ 4.355589, 43.842796 ], [ 4.355587, 43.842796 ], [ 4.348201, 43.842685 ], [ 4.345, 43.845507 ], [ 4.344118, 43.845981 ], [ 4.340811, 43.844254 ], [ 4.339186, 43.843345 ], [ 4.33420561635992, 43.840203400385988 ], [ 4.33744, 43.844314 ], [ 4.337763, 43.844851 ], [ 4.338881, 43.845515 ], [ 4.345592, 43.849705 ], [ 4.345909, 43.849729 ], [ 4.34661, 43.849695 ], [ 4.348326, 43.849207 ], [ 4.348635, 43.848801 ], [ 4.355985, 43.843964 ], [ 4.356652, 43.843947 ], [ 4.358795, 43.843342 ], [ 4.361757, 43.841766 ], [ 4.368322, 43.844248 ], [ 4.368324, 43.84425 ], [ 4.369443, 43.844486 ], [ 4.377629, 43.844008 ], [ 4.38041, 43.84434 ], [ 4.384955, 43.843324 ], [ 4.386295031085929, 43.841558156946384 ], [ 4.389339, 43.838551 ], [ 4.390333, 43.837262 ] ] ] } },
{ "type": "Feature", "properties": { "codgeo": "30189", "value": 420, "isochrone_group": 7.0, "nb_agences": 2 }, "geometry": { "type": "MultiPolygon", "coordinates": [ [ [ [ 4.396407, 43.837896 ], [ 4.396459, 43.834323 ], [ 4.395195, 43.831244 ], [ 4.394193, 43.829122 ], [ 4.392721, 43.828297 ], [ 4.394194, 43.819446 ], [ 4.394252, 43.819414 ], [ 4.396629, 43.817955 ], [ 4.398881, 43.815609 ], [ 4.400738, 43.813549 ], [ 4.401402, 43.812913 ], [ 4.402161, 43.812153 ], [ 4.399613, 43.80961 ], [ 4.392455, 43.810266 ], [ 4.391175349096242, 43.810211324006858 ], [ 4.394494, 43.815063 ], [ 4.394624, 43.817565 ], [ 4.394324, 43.817731 ], [ 4.393856, 43.817918 ], [ 4.388221, 43.824747 ], [ 4.389768, 43.829479 ], [ 4.389861, 43.833077 ], [ 4.39036, 43.837102 ], [ 4.390333, 43.837262 ], [ 4.389339, 43.838551 ], [ 4.386295031085929, 43.841558156946384 ], [ 4.384955, 43.843324 ], [ 4.38041, 43.84434 ], [ 4.377629, 43.844008 ], [ 4.369443, 43.844486 ], [ 4.368324, 43.84425 ], [ 4.368322, 43.844248 ], [ 4.361757, 43.841766 ], [ 4.358795, 43.843342 ], [ 4.356652, 43.843947 ], [ 4.355985, 43.843964 ], [ 4.348635, 43.848801 ], [ 4.348326, 43.849207 ], [ 4.34661, 43.849695 ], [ 4.345909, 43.849729 ], [ 4.345592, 43.849705 ], [ 4.338881, 43.845515 ], [ 4.337763, 43.844851 ], [ 4.33744, 43.844314 ], [ 4.333745, 43.839618 ], [ 4.329707, 43.83916 ], [ 4.32466, 43.840222 ], [ 4.32465, 43.840226 ], [ 4.323375, 43.83918 ], [ 4.322598, 43.838376 ], [ 4.322393, 43.837729 ], [ 4.322422, 43.837676 ], [ 4.323323, 43.83688 ], [ 4.326494, 43.834263 ], [ 4.328934, 43.82614 ], [ 4.330652221222424, 43.823831989353309 ], [ 4.330404, 43.823441 ], [ 4.328256, 43.820552 ], [ 4.326903, 43.814428 ], [ 4.326625, 43.810794 ], [ 4.327246, 43.808944 ], [ 4.327361, 43.808841 ], [ 4.327706, 43.808588 ], [ 4.328718, 43.807865 ], [ 4.330952, 43.808614 ], [ 4.337971874447389, 43.806097873159928 ], [ 4.337384, 43.805878 ], [ 4.335052, 43.805071 ], [ 4.33165, 43.80394 ], [ 4.330483, 43.803573 ], [ 4.329096, 43.803167 ], [ 4.327639, 43.802775 ], [ 4.325593, 43.802286 ], [ 4.324828, 43.802123 ], [ 4.323944, 43.801939 ], [ 4.320772, 43.801331 ], [ 4.318995, 43.801007 ], [ 4.315037, 43.800153 ], [ 4.31409, 43.803626 ], [ 4.315316, 43.803961 ], [ 4.31653, 43.804215 ], [ 4.322955, 43.809936 ], [ 4.325356, 43.815354 ], [ 4.326388690701126, 43.820654120595954 ], [ 4.326385, 43.820659 ], [ 4.324413, 43.823671 ], [ 4.323617, 43.826395 ], [ 4.322336, 43.831211 ], [ 4.31769, 43.838825 ], [ 4.317339, 43.840589 ], [ 4.318058, 43.841944 ], [ 4.318315, 43.842187 ], [ 4.320519, 43.842276 ], [ 4.327214, 43.841935 ], [ 4.333445, 43.846782 ], [ 4.333732, 43.846979 ], [ 4.335683, 43.847081 ], [ 4.341318, 43.852906 ], [ 4.341383, 43.853359 ], [ 4.343533, 43.854475 ], [ 4.344046, 43.854061 ], [ 4.347524, 43.851634 ], [ 4.352345, 43.849824 ], [ 4.358957, 43.845376 ], [ 4.367237, 43.846845 ], [ 4.371576, 43.848668 ], [ 4.373506, 43.849197 ], [ 4.373865, 43.849092 ], [ 4.381826, 43.846857 ], [ 4.384108, 43.847578 ], [ 4.387938708989108, 43.845421629721535 ], [ 4.390445, 43.844364 ], [ 4.396407, 43.837896 ] ] ], [ [ [ 4.38024, 43.803782 ], [ 4.383205, 43.801591 ], [ 4.383844, 43.80114 ], [ 4.384609, 43.800639 ], [ 4.385616, 43.800057 ], [ 4.386195, 43.799753 ], [ 4.386769, 43.799475 ], [ 4.387369, 43.799204 ], [ 4.38816, 43.798875 ], [ 4.390673, 43.797899 ], [ 4.392032, 43.797339 ], [ 4.39337, 43.796706 ], [ 4.394256, 43.796235 ], [ 4.392568, 43.793056 ], [ 4.391681, 43.793526 ], [ 4.390497, 43.794082 ], [ 4.382516, 43.795948 ], [ 4.380262, 43.795995 ], [ 4.372411, 43.796948 ], [ 4.371002, 43.800261 ], [ 4.368453275595225, 43.802602701142547 ], [ 4.371226, 43.801429 ], [ 4.371811, 43.80082 ], [ 4.373543, 43.799174 ], [ 4.376594, 43.798944 ], [ 4.377482, 43.799708 ], [ 4.378314, 43.802106 ], [ 4.381843, 43.807019 ], [ 4.382214158749583, 43.807146534724531 ], [ 4.38024, 43.803782 ] ] ], [ [ [ 4.358986, 43.801962 ], [ 4.355727, 43.798047 ], [ 4.354083, 43.795933 ], [ 4.352674, 43.795546 ], [ 4.352397, 43.795595 ], [ 4.350548, 43.796614 ], [ 4.350634, 43.797065 ], [ 4.351076, 43.798134 ], [ 4.348218, 43.806295 ], [ 4.346628, 43.806978 ], [ 4.345395, 43.807358 ], [ 4.34144, 43.807395 ], [ 4.347431, 43.807739 ], [ 4.352212, 43.803336 ], [ 4.355482, 43.801832 ], [ 4.363553, 43.804677 ], [ 4.365250685824171, 43.803958365364679 ], [ 4.358986, 43.801962 ] ] ] ] } },
{ "type": "Feature", "properties": { "codgeo": "30189", "value": 480, "isochrone_group": 8.0, "nb_agences": 2 }, "geometry": { "type": "MultiPolygon", "coordinates": [ [ [ [ 4.394332, 43.796194 ], [ 4.394887, 43.795872 ], [ 4.395704, 43.795358 ], [ 4.396509, 43.794806 ], [ 4.39721, 43.794282 ], [ 4.397826, 43.79378 ], [ 4.39861, 43.793096 ], [ 4.399275, 43.792439 ], [ 4.399885, 43.79178 ], [ 4.401566, 43.789837 ], [ 4.402597, 43.788706 ], [ 4.403145, 43.78817 ], [ 4.40365, 43.78772 ], [ 4.404042, 43.787394 ], [ 4.404909, 43.786737 ], [ 4.405337, 43.786441 ], [ 4.406124, 43.785938 ], [ 4.406921, 43.785473 ], [ 4.407893, 43.784972 ], [ 4.408656, 43.784613 ], [ 4.410935, 43.783598 ], [ 4.409469, 43.780309 ], [ 4.407191, 43.781324 ], [ 4.406361, 43.781715 ], [ 4.405275, 43.782271 ], [ 4.404319, 43.782823 ], [ 4.403402, 43.783405 ], [ 4.402868, 43.783771 ], [ 4.401872, 43.784521 ], [ 4.396818, 43.787609 ], [ 4.393672, 43.792387 ], [ 4.385588, 43.792038 ], [ 4.384856, 43.79159 ], [ 4.384412, 43.79141 ], [ 4.383956, 43.791239 ], [ 4.383329, 43.79098 ], [ 4.383096, 43.79088 ], [ 4.381936, 43.790967 ], [ 4.381804, 43.791021 ], [ 4.37581, 43.794575 ], [ 4.373829, 43.795462 ], [ 4.372327, 43.795988 ], [ 4.371278, 43.796466 ], [ 4.369868, 43.799779 ], [ 4.364666981793527, 43.803772356593804 ], [ 4.366533, 43.804367 ], [ 4.371002, 43.800261 ], [ 4.372411, 43.796948 ], [ 4.380262, 43.795995 ], [ 4.382516, 43.795948 ], [ 4.390497, 43.794082 ], [ 4.391681, 43.793526 ], [ 4.392568, 43.793056 ], [ 4.394255771918294, 43.796234570455113 ], [ 4.394332, 43.796194 ] ] ], [ [ [ 4.358225, 43.797656 ], [ 4.355199, 43.795123 ], [ 4.353781, 43.793463 ], [ 4.35318, 43.792588 ], [ 4.352647, 43.791989 ], [ 4.35216, 43.791572 ], [ 4.351586, 43.791201 ], [ 4.349542, 43.790251 ], [ 4.349458, 43.790258 ], [ 4.348682, 43.790513 ], [ 4.348669, 43.79052 ], [ 4.348875, 43.794076 ], [ 4.350634, 43.797065 ], [ 4.350548, 43.796614 ], [ 4.352397, 43.795595 ], [ 4.352674, 43.795546 ], [ 4.354083, 43.795933 ], [ 4.355727, 43.798047 ], [ 4.358986, 43.801962 ], [ 4.362438393745071, 43.803062173175682 ], [ 4.358225, 43.797656 ] ] ], [ [ [ 4.342901, 43.800941 ], [ 4.340038, 43.79876 ], [ 4.332668, 43.801326 ], [ 4.324828, 43.802123 ], [ 4.325593, 43.802286 ], [ 4.327639, 43.802775 ], [ 4.329096, 43.803167 ], [ 4.330483, 43.803573 ], [ 4.33165, 43.80394 ], [ 4.335052, 43.805071 ], [ 4.337384, 43.805878 ], [ 4.34144, 43.807395 ], [ 4.345395, 43.807358 ], [ 4.346628, 43.806978 ], [ 4.348218, 43.806295 ], [ 4.351076, 43.798134 ], [ 4.350634, 43.797065 ], [ 4.342901, 43.800941 ] ] ], [ [ [ 4.318563, 43.798211 ], [ 4.318497, 43.798176 ], [ 4.3168, 43.797481 ], [ 4.314928, 43.79741 ], [ 4.30681, 43.793641 ], [ 4.305938, 43.792626 ], [ 4.30463, 43.791191 ], [ 4.302263, 43.788886 ], [ 4.301061, 43.787695 ], [ 4.298527, 43.790251 ], [ 4.299728, 43.791442 ], [ 4.304076, 43.795984 ], [ 4.305805, 43.798175 ], [ 4.306237, 43.798697 ], [ 4.306595, 43.799109 ], [ 4.307012, 43.799546 ], [ 4.307461, 43.799972 ], [ 4.307939, 43.800386 ], [ 4.308477, 43.800815 ], [ 4.30909, 43.801257 ], [ 4.309688, 43.801648 ], [ 4.310281, 43.802003 ], [ 4.310984, 43.802384 ], [ 4.311844, 43.802789 ], [ 4.312546, 43.803089 ], [ 4.313337, 43.803383 ], [ 4.313976, 43.803593 ], [ 4.319299, 43.810295 ], [ 4.318673, 43.813922 ], [ 4.317723930004043, 43.815726382509354 ], [ 4.317693, 43.815704 ], [ 4.315582, 43.81862 ], [ 4.316031030849954, 43.818944941347723 ], [ 4.316031, 43.818945 ], [ 4.317138121122278, 43.819746134961576 ], [ 4.319256, 43.822106 ], [ 4.320663, 43.827815 ], [ 4.319536, 43.831234 ], [ 4.315977, 43.83724 ], [ 4.311998, 43.840238 ], [ 4.311945, 43.840288 ], [ 4.311187, 43.843294 ], [ 4.311222, 43.843351 ], [ 4.316542, 43.849594 ], [ 4.317566, 43.850148 ], [ 4.31807, 43.850219 ], [ 4.318151, 43.85022 ], [ 4.319701, 43.847867 ], [ 4.324322, 43.843812 ], [ 4.329728, 43.84851 ], [ 4.329978, 43.848715 ], [ 4.330544, 43.849037 ], [ 4.335652, 43.854723 ], [ 4.338615, 43.856675 ], [ 4.342772, 43.856899 ], [ 4.347653, 43.857344 ], [ 4.348289, 43.857169 ], [ 4.349155, 43.856553 ], [ 4.350058, 43.855886 ], [ 4.356489, 43.852142 ], [ 4.358096, 43.851778 ], [ 4.358437, 43.851721 ], [ 4.364581830148508, 43.849792186081764 ], [ 4.368329, 43.852197 ], [ 4.375005265856508, 43.853518922856793 ], [ 4.377097, 43.854067 ], [ 4.378121, 43.853825 ], [ 4.378251, 43.853769 ], [ 4.378715297062057, 43.852977168800344 ], [ 4.37880911398642, 43.852843328469305 ], [ 4.37918179493897, 43.852595929994344 ], [ 4.384785, 43.849403 ], [ 4.389164, 43.849899 ], [ 4.389553, 43.849942 ], [ 4.394742, 43.849686 ], [ 4.39476677997627, 43.849641583251298 ], [ 4.397551, 43.849123 ], [ 4.397676, 43.84909 ], [ 4.398309, 43.845884 ], [ 4.397674425213054, 43.843933416468936 ], [ 4.398630792944332, 43.841210062305755 ], [ 4.403367, 43.837217 ], [ 4.405679, 43.83706 ], [ 4.411839, 43.836323 ], [ 4.412429, 43.83631 ], [ 4.413106, 43.836229 ], [ 4.412679, 43.832654 ], [ 4.412001, 43.832735 ], [ 4.410658, 43.832909 ], [ 4.410378, 43.833033 ], [ 4.405354, 43.833475 ], [ 4.404836, 43.833345 ], [ 4.398996, 43.830195 ], [ 4.398475, 43.826633 ], [ 4.396802, 43.820621 ], [ 4.403303, 43.818422 ], [ 4.404013, 43.818801 ], [ 4.405709, 43.815626 ], [ 4.406596, 43.808606 ], [ 4.406767, 43.805171 ], [ 4.406522, 43.802949 ], [ 4.406438, 43.802848 ], [ 4.402458, 43.802969 ], [ 4.400155, 43.804303 ], [ 4.399121, 43.807751 ], [ 4.392840933775055, 43.810230630824755 ], [ 4.399613, 43.80961 ], [ 4.402161, 43.812153 ], [ 4.401402, 43.812913 ], [ 4.400738, 43.813549 ], [ 4.398881, 43.815609 ], [ 4.396629, 43.817955 ], [ 4.394252, 43.819414 ], [ 4.394194, 43.819446 ], [ 4.392721, 43.828297 ], [ 4.394193, 43.829122 ], [ 4.395195, 43.831244 ], [ 4.396459, 43.834323 ], [ 4.396407, 43.837896 ], [ 4.390445, 43.844364 ], [ 4.387938708989108, 43.845421629721535 ], [ 4.384108, 43.847578 ], [ 4.381826, 43.846857 ], [ 4.373865, 43.849092 ], [ 4.373506, 43.849197 ], [ 4.371576, 43.848668 ], [ 4.367237, 43.846845 ], [ 4.358957, 43.845376 ], [ 4.352345, 43.849824 ], [ 4.347524, 43.851634 ], [ 4.344046, 43.854061 ], [ 4.343533, 43.854475 ], [ 4.341383, 43.853359 ], [ 4.341318, 43.852906 ], [ 4.335683, 43.847081 ], [ 4.333732, 43.846979 ], [ 4.333445, 43.846782 ], [ 4.327214, 43.841935 ], [ 4.320519, 43.842276 ], [ 4.318315, 43.842187 ], [ 4.318058, 43.841944 ], [ 4.317339, 43.840589 ], [ 4.31769, 43.838825 ], [ 4.322336, 43.831211 ], [ 4.323617, 43.826395 ], [ 4.324413, 43.823671 ], [ 4.326385, 43.820659 ], [ 4.326388690701126, 43.820654120595954 ], [ 4.325356, 43.815354 ], [ 4.322955, 43.809936 ], [ 4.31653, 43.804215 ], [ 4.315316, 43.803961 ], [ 4.31409, 43.803626 ], [ 4.315037, 43.800153 ], [ 4.318995, 43.801007 ], [ 4.320772, 43.801331 ], [ 4.323944, 43.801939 ], [ 4.324828, 43.802123 ], [ 4.318563, 43.798211 ] ] ], [ [ [ 4.383324935401318, 43.809039617850061 ], [ 4.384298, 43.810698 ], [ 4.385126, 43.810761 ], [ 4.385433392123915, 43.810722206127686 ], [ 4.383324935401318, 43.809039617850061 ] ] ] ] } },
{ "type": "Feature", "properties": { "codgeo": "30189", "value": 540, "isochrone_group": 9.0, "nb_agences": 2 }, "geometry": { "type": "MultiPolygon", "coordinates": [ [ [ [ 4.415348, 43.836077 ], [ 4.416879, 43.835925 ], [ 4.417073, 43.835904 ], [ 4.418924, 43.835666 ], [ 4.421332, 43.835328 ], [ 4.423105, 43.835114 ], [ 4.425182, 43.83498 ], [ 4.425748, 43.834924 ], [ 4.426927, 43.834402 ], [ 4.427681, 43.832686 ], [ 4.427284, 43.831694 ], [ 4.427233, 43.831629 ], [ 4.425675, 43.831051 ], [ 4.425569, 43.831081 ], [ 4.422874, 43.831521 ], [ 4.420906, 43.831753 ], [ 4.414239, 43.828339 ], [ 4.41079, 43.830281 ], [ 4.404373, 43.828221 ], [ 4.402647, 43.825061 ], [ 4.409846, 43.819936 ], [ 4.41111, 43.816566 ], [ 4.409697, 43.816036 ], [ 4.410074, 43.80753 ], [ 4.411309, 43.804149 ], [ 4.410147, 43.802222 ], [ 4.407754, 43.799532 ], [ 4.402763, 43.79889 ], [ 4.399885, 43.79178 ], [ 4.399275, 43.792439 ], [ 4.39861, 43.793096 ], [ 4.397826, 43.79378 ], [ 4.39721, 43.794282 ], [ 4.396509, 43.794806 ], [ 4.395704, 43.795358 ], [ 4.394887, 43.795872 ], [ 4.394332, 43.796194 ], [ 4.39337, 43.796706 ], [ 4.392032, 43.797339 ], [ 4.390673, 43.797899 ], [ 4.38816, 43.798875 ], [ 4.387369, 43.799204 ], [ 4.386769, 43.799475 ], [ 4.386195, 43.799753 ], [ 4.385616, 43.800057 ], [ 4.384609, 43.800639 ], [ 4.383844, 43.80114 ], [ 4.383205, 43.801591 ], [ 4.38024, 43.803782 ], [ 4.383324935401316, 43.809039617850061 ], [ 4.385433392123917, 43.810722206127686 ], [ 4.386996, 43.810525 ], [ 4.387466, 43.810355 ], [ 4.387926, 43.810261 ], [ 4.390824, 43.811027 ], [ 4.399121, 43.807751 ], [ 4.400155, 43.804303 ], [ 4.402458, 43.802969 ], [ 4.406438, 43.802848 ], [ 4.406522, 43.802949 ], [ 4.406767, 43.805171 ], [ 4.406596, 43.808606 ], [ 4.405709, 43.815626 ], [ 4.404013, 43.818801 ], [ 4.403303, 43.818422 ], [ 4.396802, 43.820621 ], [ 4.398475, 43.826633 ], [ 4.398996, 43.830195 ], [ 4.404836, 43.833345 ], [ 4.405354, 43.833475 ], [ 4.410378, 43.833033 ], [ 4.410658, 43.832909 ], [ 4.412001, 43.832735 ], [ 4.412679, 43.832654 ], [ 4.413106, 43.836229 ], [ 4.412429, 43.83631 ], [ 4.414197, 43.83621 ], [ 4.415348, 43.836077 ] ] ], [ [ [ 4.411195, 43.783481 ], [ 4.412012, 43.783092 ], [ 4.412926, 43.78261 ], [ 4.413413, 43.782326 ], [ 4.413951, 43.781993 ], [ 4.414377, 43.781702 ], [ 4.415017, 43.781229 ], [ 4.415363, 43.780949 ], [ 4.41587, 43.78051 ], [ 4.416499, 43.779904 ], [ 4.417102, 43.779242 ], [ 4.417381, 43.778902 ], [ 4.417668, 43.77853 ], [ 4.418155, 43.777815 ], [ 4.418644, 43.776965 ], [ 4.418929, 43.776375 ], [ 4.419186, 43.775788 ], [ 4.419454, 43.775101 ], [ 4.422254, 43.768745 ], [ 4.419133, 43.76695 ], [ 4.418672, 43.767752 ], [ 4.41817, 43.768703 ], [ 4.417462, 43.770203 ], [ 4.417035, 43.771244 ], [ 4.416669, 43.77221 ], [ 4.416067, 43.773881 ], [ 4.410336, 43.779906 ], [ 4.409654, 43.780228 ], [ 4.409469491861018, 43.780310103499922 ], [ 4.41093459828928, 43.783597098754043 ], [ 4.411195, 43.783481 ] ] ], [ [ [ 4.398175, 43.785546 ], [ 4.397438, 43.7861 ], [ 4.39709, 43.786619 ], [ 4.388263, 43.788226 ], [ 4.388192, 43.788187 ], [ 4.387301, 43.787964 ], [ 4.386469, 43.788134 ], [ 4.380389, 43.789015 ], [ 4.379576, 43.78908 ], [ 4.374337, 43.790051 ], [ 4.368203, 43.795617 ], [ 4.367412, 43.799129 ], [ 4.36160693994931, 43.801995341191912 ], [ 4.363619, 43.804577 ], [ 4.369868, 43.799779 ], [ 4.371278, 43.796466 ], [ 4.372327, 43.795988 ], [ 4.373829, 43.795462 ], [ 4.37581, 43.794575 ], [ 4.381804, 43.791021 ], [ 4.381936, 43.790967 ], [ 4.383096, 43.79088 ], [ 4.383329, 43.79098 ], [ 4.383956, 43.791239 ], [ 4.384412, 43.79141 ], [ 4.384856, 43.79159 ], [ 4.385588, 43.792038 ], [ 4.393672, 43.792387 ], [ 4.396818, 43.787609 ], [ 4.401872, 43.784521 ], [ 4.402868, 43.783771 ], [ 4.403402, 43.783405 ], [ 4.404319, 43.782823 ], [ 4.398175, 43.785546 ] ] ], [ [ [ 4.358614, 43.79608 ], [ 4.353808, 43.789062 ], [ 4.353294, 43.78739 ], [ 4.353172, 43.786895 ], [ 4.352881, 43.786763 ], [ 4.351558, 43.786448 ], [ 4.350993, 43.786477 ], [ 4.35089, 43.786526 ], [ 4.344045, 43.789315 ], [ 4.3429, 43.792728 ], [ 4.336815, 43.799055 ], [ 4.328356, 43.797132 ], [ 4.321048, 43.792376 ], [ 4.317462, 43.792057 ], [ 4.311567, 43.792303 ], [ 4.30463, 43.791191 ], [ 4.305938, 43.792626 ], [ 4.30681, 43.793641 ], [ 4.314928, 43.79741 ], [ 4.3168, 43.797481 ], [ 4.318497, 43.798176 ], [ 4.318563, 43.798211 ], [ 4.324828, 43.802123 ], [ 4.332668, 43.801326 ], [ 4.340038, 43.79876 ], [ 4.342901, 43.800941 ], [ 4.350634, 43.797065 ], [ 4.348875, 43.794076 ], [ 4.348669, 43.79052 ], [ 4.348682, 43.790513 ], [ 4.349458, 43.790258 ], [ 4.349542, 43.790251 ], [ 4.351586, 43.791201 ], [ 4.35216, 43.791572 ], [ 4.352647, 43.791989 ], [ 4.35318, 43.792588 ], [ 4.353781, 43.793463 ], [ 4.355199, 43.795123 ], [ 4.358225, 43.797656 ], [ 4.360447889720074, 43.800508172738716 ], [ 4.358614, 43.79608 ] ] ], [ [ [ 4.300974, 43.787609 ], [ 4.29906, 43.785814 ], [ 4.297623, 43.784624 ], [ 4.296434, 43.783802 ], [ 4.294072, 43.782275 ], [ 4.28823, 43.776956 ], [ 4.286956, 43.775542 ], [ 4.286462, 43.775036 ], [ 4.285863, 43.774462 ], [ 4.283372, 43.777061 ], [ 4.286782, 43.780728 ], [ 4.287697, 43.781701 ], [ 4.288601, 43.782567 ], [ 4.289195, 43.783099 ], [ 4.290217, 43.783938 ], [ 4.2965, 43.789539 ], [ 4.297053, 43.790134 ], [ 4.297516, 43.79047 ], [ 4.304076, 43.795984 ], [ 4.299728, 43.791442 ], [ 4.298527, 43.790251 ], [ 4.301060904935256, 43.787695095890086 ], [ 4.300974, 43.787609 ] ] ], [ [ [ 4.314115, 43.808608 ], [ 4.312079, 43.812489 ], [ 4.312078295267052, 43.812490125138773 ], [ 4.311659, 43.812228 ], [ 4.311316, 43.812034 ], [ 4.309538, 43.815164 ], [ 4.310667, 43.815977 ], [ 4.31120656871357, 43.816306206313186 ], [ 4.311209, 43.816308 ], [ 4.311911, 43.816736 ], [ 4.315882612181957, 43.820537400231288 ], [ 4.316152356280897, 43.820983863666299 ], [ 4.315332, 43.825591 ], [ 4.314534, 43.826913 ], [ 4.314481, 43.829089 ], [ 4.314142, 43.83583 ], [ 4.310386, 43.83894 ], [ 4.307557, 43.841837 ], [ 4.307063, 43.842266 ], [ 4.306626, 43.843347 ], [ 4.307037, 43.845659 ], [ 4.307516, 43.846237 ], [ 4.30755, 43.846246 ], [ 4.309341, 43.846189 ], [ 4.317106, 43.850626 ], [ 4.318126, 43.852486 ], [ 4.318712, 43.853381 ], [ 4.319195, 43.854004 ], [ 4.31973, 43.854622 ], [ 4.320799, 43.855783 ], [ 4.321736, 43.856812 ], [ 4.324399, 43.854389 ], [ 4.332126, 43.857283 ], [ 4.332545, 43.860443 ], [ 4.33295, 43.862741 ], [ 4.333053, 43.862909 ], [ 4.333854, 43.86305 ], [ 4.335447, 43.862573 ], [ 4.336992, 43.861696 ], [ 4.34265, 43.858475 ], [ 4.346923, 43.861708 ], [ 4.349273, 43.8615 ], [ 4.350136, 43.861162 ], [ 4.350418, 43.861051 ], [ 4.3508, 43.85963 ], [ 4.351114, 43.858724 ], [ 4.354467, 43.853542 ], [ 4.359683, 43.853042 ], [ 4.364416, 43.852723 ], [ 4.370405, 43.855194 ], [ 4.377052, 43.858827 ], [ 4.377422, 43.859092 ], [ 4.377967, 43.859344 ], [ 4.378006, 43.859347 ], [ 4.380697, 43.857755 ], [ 4.386477, 43.854975 ], [ 4.3868, 43.85477 ], [ 4.395642, 43.853289 ], [ 4.395911488869312, 43.853171230231105 ], [ 4.399291, 43.853019 ], [ 4.403347, 43.851701 ], [ 4.403846, 43.850627 ], [ 4.404649, 43.848345 ], [ 4.403398, 43.84786 ], [ 4.400997024017673, 43.845060269926542 ], [ 4.400686688594032, 43.843625138981317 ], [ 4.404861803889041, 43.837661926768405 ], [ 4.4053175158159, 43.837326260453089 ], [ 4.406258, 43.837286 ], [ 4.406601, 43.837254 ], [ 4.406877, 43.837208 ], [ 4.407247, 43.837102 ], [ 4.408210659199998, 43.836778704533323 ], [ 4.412429, 43.83631 ], [ 4.411839, 43.836323 ], [ 4.405679, 43.83706 ], [ 4.403367, 43.837217 ], [ 4.398630792944332, 43.841210062305755 ], [ 4.397674425213054, 43.843933416468936 ], [ 4.398309, 43.845884 ], [ 4.397676, 43.84909 ], [ 4.397551, 43.849123 ], [ 4.39476677997627, 43.849641583251298 ], [ 4.394742, 43.849686 ], [ 4.389553, 43.849942 ], [ 4.389164, 43.849899 ], [ 4.384785, 43.849403 ], [ 4.37918179493897, 43.852595929994344 ], [ 4.37880911398642, 43.852843328469305 ], [ 4.378715297062057, 43.852977168800344 ], [ 4.378251, 43.853769 ], [ 4.378121, 43.853825 ], [ 4.377097, 43.854067 ], [ 4.375005265856508, 43.853518922856793 ], [ 4.368329, 43.852197 ], [ 4.364581830148508, 43.849792186081764 ], [ 4.358437, 43.851721 ], [ 4.358096, 43.851778 ], [ 4.356489, 43.852142 ], [ 4.350058, 43.855886 ], [ 4.349155, 43.856553 ], [ 4.348289, 43.857169 ], [ 4.347653, 43.857344 ], [ 4.342772, 43.856899 ], [ 4.338615, 43.856675 ], [ 4.335652, 43.854723 ], [ 4.330544, 43.849037 ], [ 4.329978, 43.848715 ], [ 4.329728, 43.84851 ], [ 4.324322, 43.843812 ], [ 4.319701, 43.847867 ], [ 4.318151, 43.85022 ], [ 4.31807, 43.850219 ], [ 4.317566, 43.850148 ], [ 4.316542, 43.849594 ], [ 4.311222, 43.843351 ], [ 4.311187, 43.843294 ], [ 4.311945, 43.840288 ], [ 4.311998, 43.840238 ], [ 4.315977, 43.83724 ], [ 4.319536, 43.831234 ], [ 4.320663, 43.827815 ], [ 4.319256, 43.822106 ], [ 4.317138121122278, 43.819746134961576 ], [ 4.316031, 43.818945 ], [ 4.316031030849954, 43.818944941347723 ], [ 4.315582, 43.81862 ], [ 4.317693, 43.815704 ], [ 4.317723930004043, 43.815726382509354 ], [ 4.318673, 43.813922 ], [ 4.319299, 43.810295 ], [ 4.313976, 43.803593 ], [ 4.313337, 43.803383 ], [ 4.312546, 43.803089 ], [ 4.311844, 43.802789 ], [ 4.310984, 43.802384 ], [ 4.314115, 43.808608 ] ] ] ] } },
{ "type": "Feature", "properties": { "codgeo": "30189", "value": 600, "isochrone_group": 10.0, "nb_agences": 2 }, "geometry": { "type": "MultiPolygon", "coordinates": [ [ [ [ 4.416877, 43.839694 ], [ 4.417556, 43.839745 ], [ 4.421555, 43.838149 ], [ 4.429249, 43.838397 ], [ 4.430943, 43.839864 ], [ 4.4333, 43.837143 ], [ 4.440375, 43.83357 ], [ 4.440857, 43.833448 ], [ 4.441511, 43.833013 ], [ 4.441573, 43.832962 ], [ 4.442161, 43.831519 ], [ 4.442156, 43.831437 ], [ 4.439765, 43.830023 ], [ 4.439605, 43.830011 ], [ 4.432739, 43.828876 ], [ 4.427956, 43.828059 ], [ 4.421892, 43.826022 ], [ 4.415074, 43.82103 ], [ 4.416022, 43.817689 ], [ 4.416091, 43.817542 ], [ 4.417468, 43.810461 ], [ 4.417579, 43.806802 ], [ 4.417777, 43.801532 ], [ 4.418681, 43.797268 ], [ 4.417439, 43.793889 ], [ 4.41573, 43.794517 ], [ 4.41482, 43.794891 ], [ 4.413904, 43.795137 ], [ 4.410355, 43.796954 ], [ 4.404496, 43.794975 ], [ 4.405337, 43.786441 ], [ 4.404909, 43.786737 ], [ 4.404042, 43.787394 ], [ 4.40365, 43.78772 ], [ 4.403145, 43.78817 ], [ 4.402597, 43.788706 ], [ 4.401566, 43.789837 ], [ 4.399885, 43.79178 ], [ 4.402763, 43.79889 ], [ 4.407754, 43.799532 ], [ 4.410147, 43.802222 ], [ 4.411309, 43.804149 ], [ 4.410074, 43.80753 ], [ 4.409697, 43.816036 ], [ 4.41111, 43.816566 ], [ 4.409846, 43.819936 ], [ 4.402647, 43.825061 ], [ 4.404373, 43.828221 ], [ 4.41079, 43.830281 ], [ 4.414239, 43.828339 ], [ 4.420906, 43.831753 ], [ 4.422874, 43.831521 ], [ 4.425569, 43.831081 ], [ 4.425675, 43.831051 ], [ 4.427233, 43.831629 ], [ 4.427284, 43.831694 ], [ 4.427681, 43.832686 ], [ 4.426927, 43.834402 ], [ 4.425748, 43.834924 ], [ 4.425182, 43.83498 ], [ 4.423105, 43.835114 ], [ 4.421332, 43.835328 ], [ 4.418924, 43.835666 ], [ 4.417073, 43.835904 ], [ 4.416879, 43.835925 ], [ 4.415348, 43.836077 ], [ 4.414197, 43.83621 ], [ 4.412429, 43.83631 ], [ 4.408210659199998, 43.836778704533323 ], [ 4.407247, 43.837102 ], [ 4.406877, 43.837208 ], [ 4.406601, 43.837254 ], [ 4.406258, 43.837286 ], [ 4.4053175158159, 43.837326260453089 ], [ 4.404861803889041, 43.837661926768405 ], [ 4.400686688594032, 43.843625138981317 ], [ 4.400997024017673, 43.845060269926542 ], [ 4.403398, 43.84786 ], [ 4.404649, 43.848345 ], [ 4.403846, 43.850627 ], [ 4.403347, 43.851701 ], [ 4.399291, 43.853019 ], [ 4.395911488869312, 43.853171230231105 ], [ 4.395642, 43.853289 ], [ 4.3868, 43.85477 ], [ 4.386477, 43.854975 ], [ 4.380697, 43.857755 ], [ 4.378006, 43.859347 ], [ 4.377967, 43.859344 ], [ 4.377422, 43.859092 ], [ 4.377052, 43.858827 ], [ 4.370405, 43.855194 ], [ 4.364416, 43.852723 ], [ 4.359683, 43.853042 ], [ 4.354467, 43.853542 ], [ 4.351114, 43.858724 ], [ 4.3508, 43.85963 ], [ 4.350418, 43.861051 ], [ 4.350136, 43.861162 ], [ 4.349273, 43.8615 ], [ 4.346923, 43.861708 ], [ 4.34265, 43.858475 ], [ 4.336992, 43.861696 ], [ 4.335447, 43.862573 ], [ 4.333854, 43.86305 ], [ 4.333053, 43.862909 ], [ 4.33295, 43.862741 ], [ 4.332545, 43.860443 ], [ 4.332126, 43.857283 ], [ 4.324399, 43.854389 ], [ 4.321736, 43.856812 ], [ 4.320799, 43.855783 ], [ 4.31973, 43.854622 ], [ 4.319195, 43.854004 ], [ 4.321652, 43.862573 ], [ 4.326731, 43.867395 ], [ 4.328141, 43.868275 ], [ 4.330328, 43.867259 ], [ 4.338464, 43.865596 ], [ 4.33902, 43.864995 ], [ 4.339222, 43.86479 ], [ 4.341095, 43.863399 ], [ 4.348656, 43.864662 ], [ 4.349585, 43.865446 ], [ 4.350121, 43.865976 ], [ 4.352954, 43.863755 ], [ 4.351959, 43.861427 ], [ 4.351821, 43.860713 ], [ 4.357917, 43.85425 ], [ 4.363992559181276, 43.854065978379225 ], [ 4.364375, 43.854157 ], [ 4.369178, 43.856346 ], [ 4.369238856039523, 43.856383559586902 ], [ 4.372038, 43.85913 ], [ 4.374839, 43.863594 ], [ 4.374857, 43.863612 ], [ 4.37581, 43.864323 ], [ 4.376624, 43.864826 ], [ 4.377948, 43.864168 ], [ 4.378027527464982, 43.864076151378477 ], [ 4.378028, 43.864076 ], [ 4.378161, 43.863922 ], [ 4.382575, 43.859834 ], [ 4.388075, 43.857264 ], [ 4.389423, 43.855339 ], [ 4.397151, 43.856581 ], [ 4.397389, 43.856755 ], [ 4.40126, 43.857683 ], [ 4.401285, 43.857673 ], [ 4.401484892240327, 43.857563643410209 ], [ 4.4031, 43.857868 ], [ 4.40829, 43.85517 ], [ 4.40984950879211, 43.852212142510169 ], [ 4.409919, 43.852105 ], [ 4.410044, 43.851856 ], [ 4.410050068708282, 43.851831748598165 ], [ 4.410206, 43.851536 ], [ 4.41068, 43.85063 ], [ 4.411115, 43.849113 ], [ 4.408521822848064, 43.843966125927551 ], [ 4.408683009869949, 43.843631518375183 ], [ 4.416261, 43.839669 ], [ 4.416877, 43.839694 ] ] ], [ [ [ 4.423124, 43.767368 ], [ 4.424712, 43.764955 ], [ 4.426303, 43.762537 ], [ 4.427335, 43.760957 ], [ 4.428367, 43.759378 ], [ 4.429426, 43.757761 ], [ 4.430471, 43.756166 ], [ 4.43252, 43.753315 ], [ 4.429671, 43.751114 ], [ 4.423984, 43.756872 ], [ 4.423434, 43.757679 ], [ 4.420117, 43.76539 ], [ 4.419173, 43.766884 ], [ 4.4191344306186, 43.766950822800517 ], [ 4.422254, 43.768745 ], [ 4.419454, 43.775101 ], [ 4.423124, 43.767368 ] ] ], [ [ [ 4.392214, 43.783525 ], [ 4.391212, 43.782985 ], [ 4.390809, 43.783004 ], [ 4.390399, 43.783248 ], [ 4.382045, 43.785731 ], [ 4.378474, 43.785274 ], [ 4.370915, 43.787435 ], [ 4.369513, 43.787568 ], [ 4.365734, 43.788136 ], [ 4.364363, 43.791465 ], [ 4.357564, 43.792305 ], [ 4.355671, 43.785951 ], [ 4.356339, 43.784546 ], [ 4.356119, 43.782012 ], [ 4.355993, 43.781933 ], [ 4.352581, 43.780267 ], [ 4.346472, 43.785391 ], [ 4.338944, 43.788029 ], [ 4.338494, 43.788113 ], [ 4.338047, 43.788283 ], [ 4.337613, 43.788555 ], [ 4.337213, 43.788955 ], [ 4.336854, 43.789648 ], [ 4.328512, 43.792836 ], [ 4.320411, 43.789101 ], [ 4.31995, 43.788259 ], [ 4.319114, 43.787176 ], [ 4.316635, 43.784902 ], [ 4.316557, 43.784835 ], [ 4.308576, 43.788536 ], [ 4.306322, 43.788501 ], [ 4.29906, 43.785814 ], [ 4.300974, 43.787609 ], [ 4.302263, 43.788886 ], [ 4.30463, 43.791191 ], [ 4.311567, 43.792303 ], [ 4.317462, 43.792057 ], [ 4.321048, 43.792376 ], [ 4.328356, 43.797132 ], [ 4.336815, 43.799055 ], [ 4.3429, 43.792728 ], [ 4.344045, 43.789315 ], [ 4.35089, 43.786526 ], [ 4.350993, 43.786477 ], [ 4.351558, 43.786448 ], [ 4.352881, 43.786763 ], [ 4.353172, 43.786895 ], [ 4.353294, 43.78739 ], [ 4.353808, 43.789062 ], [ 4.358614, 43.79608 ], [ 4.361156, 43.802218 ], [ 4.367412, 43.799129 ], [ 4.368203, 43.795617 ], [ 4.374337, 43.790051 ], [ 4.379576, 43.78908 ], [ 4.380389, 43.789015 ], [ 4.386469, 43.788134 ], [ 4.387301, 43.787964 ], [ 4.388192, 43.788187 ], [ 4.388263, 43.788226 ], [ 4.39709, 43.786619 ], [ 4.397438, 43.7861 ], [ 4.392214, 43.783525 ] ] ], [ [ [ 4.285774, 43.774382 ], [ 4.284238, 43.773089 ], [ 4.282564, 43.771859 ], [ 4.281811, 43.771388 ], [ 4.280949, 43.770867 ], [ 4.280444, 43.770587 ], [ 4.27971, 43.770194 ], [ 4.278752, 43.769717 ], [ 4.277699, 43.769245 ], [ 4.276431, 43.768734 ], [ 4.274028, 43.767818 ], [ 4.26806, 43.763447 ], [ 4.265193, 43.765625 ], [ 4.265768, 43.766381 ], [ 4.266693, 43.767383 ], [ 4.267277, 43.767935 ], [ 4.26787, 43.768428 ], [ 4.268628, 43.768993 ], [ 4.269248, 43.769411 ], [ 4.26985, 43.769792 ], [ 4.271127, 43.770483 ], [ 4.272607, 43.771126 ], [ 4.275148, 43.772097 ], [ 4.276352, 43.772583 ], [ 4.278098, 43.773413 ], [ 4.278743, 43.77376 ], [ 4.285381975807557, 43.779222460787778 ], [ 4.283372, 43.777061 ], [ 4.285860692132155, 43.774464407927951 ], [ 4.285774, 43.774382 ] ] ], [ [ [ 4.295591, 43.789282 ], [ 4.296584, 43.790835 ], [ 4.297166, 43.791218 ], [ 4.297561, 43.791365 ], [ 4.301933143972378, 43.794182824979224 ], [ 4.297516, 43.79047 ], [ 4.297053, 43.790134 ], [ 4.2965, 43.789539 ], [ 4.290217, 43.783938 ], [ 4.295591, 43.789282 ] ] ], [ [ [ 4.308495991302177, 43.808668999687228 ], [ 4.306957, 43.809996 ], [ 4.305108, 43.811771 ], [ 4.303282, 43.813612 ], [ 4.301499, 43.814999 ], [ 4.301236, 43.815209 ], [ 4.30086, 43.815555 ], [ 4.301145, 43.817507 ], [ 4.301211, 43.817585 ], [ 4.303297, 43.818205 ], [ 4.309013, 43.817807 ], [ 4.308747, 43.826708 ], [ 4.308654, 43.830306 ], [ 4.308436, 43.838216 ], [ 4.3027, 43.841993 ], [ 4.30082, 43.842649 ], [ 4.296811, 43.84401 ], [ 4.2963, 43.844173 ], [ 4.29739, 43.847604 ], [ 4.297901, 43.847441 ], [ 4.301262, 43.84649 ], [ 4.305275, 43.845963 ], [ 4.305627, 43.845908 ], [ 4.313331, 43.850036 ], [ 4.319195, 43.854004 ], [ 4.318712, 43.853381 ], [ 4.318126, 43.852486 ], [ 4.317106, 43.850626 ], [ 4.309341, 43.846189 ], [ 4.30755, 43.846246 ], [ 4.307516, 43.846237 ], [ 4.307037, 43.845659 ], [ 4.306626, 43.843347 ], [ 4.307063, 43.842266 ], [ 4.307557, 43.841837 ], [ 4.310386, 43.83894 ], [ 4.314142, 43.83583 ], [ 4.314481, 43.829089 ], [ 4.314534, 43.826913 ], [ 4.315332, 43.825591 ], [ 4.316152356280897, 43.820983863666299 ], [ 4.315882612181957, 43.820537400231288 ], [ 4.311911, 43.816736 ], [ 4.311209, 43.816308 ], [ 4.31120656871357, 43.816306206313186 ], [ 4.310667, 43.815977 ], [ 4.309538, 43.815164 ], [ 4.311316, 43.812034 ], [ 4.311659, 43.812228 ], [ 4.312078295267052, 43.812490125138773 ], [ 4.312079, 43.812489 ], [ 4.314115, 43.808608 ], [ 4.310984, 43.802384 ], [ 4.310281, 43.802003 ], [ 4.309688, 43.801648 ], [ 4.30909, 43.801257 ], [ 4.308477, 43.800815 ], [ 4.307939, 43.800386 ], [ 4.308495991302177, 43.808668999687228 ] ] ] ] } },
{ "type": "Feature", "properties": { "codgeo": "30189", "value": 660, "isochrone_group": 11.0, "nb_agences": 2 }, "geometry": { "type": "MultiPolygon", "coordinates": [ [ [ [ 4.26754, 43.762682 ], [ 4.266245, 43.760643 ], [ 4.265454, 43.759647 ], [ 4.264167, 43.758183 ], [ 4.261497, 43.755241 ], [ 4.258785, 43.752254 ], [ 4.25831, 43.751768 ], [ 4.257764, 43.751257 ], [ 4.25723, 43.750809 ], [ 4.25644, 43.750217 ], [ 4.255157, 43.749395 ], [ 4.254431, 43.748996 ], [ 4.253797, 43.748676 ], [ 4.252175, 43.75189 ], [ 4.258831, 43.75766 ], [ 4.264494, 43.764599 ], [ 4.265134, 43.765542 ], [ 4.265195363254288, 43.765623204685077 ], [ 4.26806, 43.763447 ], [ 4.274028, 43.767818 ], [ 4.26754, 43.762682 ] ] ], [ [ [ 4.28555335954187, 43.779363473039574 ], [ 4.28555335954188, 43.779363473039595 ], [ 4.278743, 43.77376 ], [ 4.28555335954187, 43.779363473039574 ] ] ], [ [ [ 4.286782, 43.780728 ], [ 4.285554, 43.779364 ], [ 4.28555335954188, 43.779363473039595 ], [ 4.286782, 43.780728 ] ] ], [ [ [ 4.307997217656483, 43.801251752891567 ], [ 4.307939, 43.800386 ], [ 4.307461, 43.799972 ], [ 4.307997217656483, 43.801251752891567 ] ] ], [ [ [ 4.303881932554406, 43.80926802872515 ], [ 4.299821, 43.809733 ], [ 4.298088, 43.812889 ], [ 4.291989, 43.818197 ], [ 4.292783, 43.821708 ], [ 4.294128, 43.821404 ], [ 4.299839, 43.822587 ], [ 4.302615, 43.830171 ], [ 4.302921, 43.831163 ], [ 4.302953, 43.831211 ], [ 4.303218, 43.831482 ], [ 4.303608, 43.831656 ], [ 4.305257, 43.839177 ], [ 4.302111, 43.840583 ], [ 4.302008, 43.840631 ], [ 4.301947, 43.840672 ], [ 4.295358, 43.843573 ], [ 4.294275, 43.843501 ], [ 4.289472, 43.846534 ], [ 4.28903, 43.846706 ], [ 4.288074, 43.84713 ], [ 4.286175, 43.847781 ], [ 4.287342, 43.851186 ], [ 4.291613, 43.850332 ], [ 4.292113, 43.850081 ], [ 4.293761, 43.849195 ], [ 4.296373, 43.848329 ], [ 4.301262, 43.84649 ], [ 4.297901, 43.847441 ], [ 4.29739, 43.847604 ], [ 4.2963, 43.844173 ], [ 4.296811, 43.84401 ], [ 4.30082, 43.842649 ], [ 4.3027, 43.841993 ], [ 4.308436, 43.838216 ], [ 4.308654, 43.830306 ], [ 4.308747, 43.826708 ], [ 4.309013, 43.817807 ], [ 4.303297, 43.818205 ], [ 4.301211, 43.817585 ], [ 4.301145, 43.817507 ], [ 4.30086, 43.815555 ], [ 4.301236, 43.815209 ], [ 4.301499, 43.814999 ], [ 4.303282, 43.813612 ], [ 4.305108, 43.811771 ], [ 4.306957, 43.809996 ], [ 4.308495991302177, 43.808668999687228 ], [ 4.308261602235978, 43.805183407444737 ], [ 4.303881932554406, 43.80926802872515 ] ] ], [ [ [ 4.303014, 43.846747 ], [ 4.307689, 43.852812 ], [ 4.308072, 43.852851 ], [ 4.310532, 43.853271 ], [ 4.312538, 43.852614 ], [ 4.316329, 43.852777 ], [ 4.320019, 43.859131 ], [ 4.320686, 43.862412 ], [ 4.318435, 43.870843 ], [ 4.319773, 43.873764 ], [ 4.328154, 43.876174 ], [ 4.329198, 43.873863 ], [ 4.329387, 43.873406 ], [ 4.335595, 43.868684 ], [ 4.339182, 43.868999 ], [ 4.34574, 43.865444 ], [ 4.350292, 43.869659 ], [ 4.350406, 43.869901 ], [ 4.350673, 43.870302 ], [ 4.350781, 43.870426 ], [ 4.351967, 43.870532 ], [ 4.35238, 43.870374 ], [ 4.35731, 43.866345 ], [ 4.35769, 43.865486 ], [ 4.357701, 43.865187 ], [ 4.357586, 43.865052 ], [ 4.355664, 43.863407 ], [ 4.355564, 43.856877 ], [ 4.361049629956551, 43.854974452114874 ], [ 4.361253, 43.855092 ], [ 4.367276, 43.856977 ], [ 4.371433753465607, 43.862915412953988 ], [ 4.372146, 43.864671 ], [ 4.374777, 43.871363 ], [ 4.374828, 43.871571 ], [ 4.374846093325422, 43.87158378097088 ], [ 4.374951, 43.871919 ], [ 4.37519, 43.872369 ], [ 4.375319, 43.872555 ], [ 4.376576, 43.872659 ], [ 4.378328, 43.87087 ], [ 4.381174, 43.867666 ], [ 4.381717, 43.864285 ], [ 4.385911551953893, 43.860334594062337 ], [ 4.386490182628118, 43.859796583764719 ], [ 4.387663, 43.859266 ], [ 4.388030947819959, 43.8591993057127 ], [ 4.396378, 43.858302 ], [ 4.398616269375103, 43.859301673682509 ], [ 4.398822, 43.859424 ], [ 4.401562, 43.861462 ], [ 4.401809538594178, 43.861450388940987 ], [ 4.404269, 43.861902 ], [ 4.411988, 43.861283 ], [ 4.41436, 43.86116 ], [ 4.414173, 43.857565 ], [ 4.42189, 43.854415 ], [ 4.424548, 43.851986 ], [ 4.423111, 43.850414 ], [ 4.421674, 43.848841 ], [ 4.424562, 43.840438 ], [ 4.429929, 43.84187 ], [ 4.432956, 43.844836 ], [ 4.436555, 43.844749 ], [ 4.436523, 43.843433 ], [ 4.436419, 43.842625 ], [ 4.43614, 43.841537 ], [ 4.443109, 43.835864 ], [ 4.44402, 43.836135 ], [ 4.445458, 43.836453 ], [ 4.452499, 43.832195 ], [ 4.453434, 43.832121 ], [ 4.454254, 43.832093 ], [ 4.455167, 43.832042 ], [ 4.454966, 43.828448 ], [ 4.454054, 43.828499 ], [ 4.453315, 43.828523 ], [ 4.452221, 43.828606 ], [ 4.449644, 43.828881 ], [ 4.448038, 43.829141 ], [ 4.439271, 43.827656 ], [ 4.438293, 43.827349 ], [ 4.431421, 43.823745 ], [ 4.426718, 43.816801 ], [ 4.425537, 43.815921 ], [ 4.422993, 43.808049 ], [ 4.423792, 43.802925 ], [ 4.424242, 43.801202 ], [ 4.429025, 43.794253 ], [ 4.429946, 43.793775 ], [ 4.43091, 43.793232 ], [ 4.429143, 43.790096 ], [ 4.428179, 43.790639 ], [ 4.42737, 43.791057 ], [ 4.419252, 43.790545 ], [ 4.417855, 43.790929 ], [ 4.415748, 43.791371 ], [ 4.407566, 43.790162 ], [ 4.411195, 43.783481 ], [ 4.408656, 43.784613 ], [ 4.407893, 43.784972 ], [ 4.406921, 43.785473 ], [ 4.406124, 43.785938 ], [ 4.405337, 43.786441 ], [ 4.404496, 43.794975 ], [ 4.410355, 43.796954 ], [ 4.413904, 43.795137 ], [ 4.41482, 43.794891 ], [ 4.41573, 43.794517 ], [ 4.417439, 43.793889 ], [ 4.418681, 43.797268 ], [ 4.417777, 43.801532 ], [ 4.417579, 43.806802 ], [ 4.417468, 43.810461 ], [ 4.416091, 43.817542 ], [ 4.416022, 43.817689 ], [ 4.415074, 43.82103 ], [ 4.421892, 43.826022 ], [ 4.427956, 43.828059 ], [ 4.432739, 43.828876 ], [ 4.439605, 43.830011 ], [ 4.439765, 43.830023 ], [ 4.442156, 43.831437 ], [ 4.442161, 43.831519 ], [ 4.441573, 43.832962 ], [ 4.441511, 43.833013 ], [ 4.440857, 43.833448 ], [ 4.440375, 43.83357 ], [ 4.4333, 43.837143 ], [ 4.430943, 43.839864 ], [ 4.429249, 43.838397 ], [ 4.421555, 43.838149 ], [ 4.417556, 43.839745 ], [ 4.416877, 43.839694 ], [ 4.416261, 43.839669 ], [ 4.408683009869949, 43.843631518375183 ], [ 4.408521822848064, 43.843966125927551 ], [ 4.411115, 43.849113 ], [ 4.41068, 43.85063 ], [ 4.410206, 43.851536 ], [ 4.410050068708282, 43.851831748598165 ], [ 4.410044, 43.851856 ], [ 4.409919, 43.852105 ], [ 4.40984950879211, 43.852212142510169 ], [ 4.40829, 43.85517 ], [ 4.4031, 43.857868 ], [ 4.401484892240327, 43.857563643410209 ], [ 4.401285, 43.857673 ], [ 4.40126, 43.857683 ], [ 4.397389, 43.856755 ], [ 4.397151, 43.856581 ], [ 4.389423, 43.855339 ], [ 4.388075, 43.857264 ], [ 4.382575, 43.859834 ], [ 4.378161, 43.863922 ], [ 4.378028, 43.864076 ], [ 4.378027527464982, 43.864076151378477 ], [ 4.377948, 43.864168 ], [ 4.376624, 43.864826 ], [ 4.37581, 43.864323 ], [ 4.374857, 43.863612 ], [ 4.374839, 43.863594 ], [ 4.372038, 43.85913 ], [ 4.369238856039523, 43.856383559586902 ], [ 4.369178, 43.856346 ], [ 4.364375, 43.854157 ], [ 4.363992559181276, 43.854065978379225 ], [ 4.357917, 43.85425 ], [ 4.351821, 43.860713 ], [ 4.351959, 43.861427 ], [ 4.352954, 43.863755 ], [ 4.350121, 43.865976 ], [ 4.349585, 43.865446 ], [ 4.348656, 43.864662 ], [ 4.341095, 43.863399 ], [ 4.339222, 43.86479 ], [ 4.33902, 43.864995 ], [ 4.338464, 43.865596 ], [ 4.330328, 43.867259 ], [ 4.328141, 43.868275 ], [ 4.326731, 43.867395 ], [ 4.321652, 43.862573 ], [ 4.319195, 43.854004 ], [ 4.313331, 43.850036 ], [ 4.305627, 43.845908 ], [ 4.305275, 43.845963 ], [ 4.301262, 43.84649 ], [ 4.303014, 43.846747 ] ] ], [ [ [ 4.428847, 43.762699 ], [ 4.428971, 43.762472 ], [ 4.429972, 43.760201 ], [ 4.433642, 43.75202 ], [ 4.434603, 43.751053 ], [ 4.43558, 43.750164 ], [ 4.436697, 43.749248 ], [ 4.437495, 43.74865 ], [ 4.438269, 43.748106 ], [ 4.439405, 43.747373 ], [ 4.439833, 43.747119 ], [ 4.44073, 43.746618 ], [ 4.441861, 43.746044 ], [ 4.442614, 43.745695 ], [ 4.443783, 43.745203 ], [ 4.444865, 43.744797 ], [ 4.446333, 43.744316 ], [ 4.447396, 43.744017 ], [ 4.448869, 43.743659 ], [ 4.452044, 43.743003 ], [ 4.451315, 43.739477 ], [ 4.44814, 43.740133 ], [ 4.446547, 43.740519 ], [ 4.445363, 43.740849 ], [ 4.443748, 43.741375 ], [ 4.442523, 43.74183 ], [ 4.441221, 43.742375 ], [ 4.440349, 43.742777 ], [ 4.439104, 43.743407 ], [ 4.438084, 43.743972 ], [ 4.43757, 43.744275 ], [ 4.43632, 43.745079 ], [ 4.435427, 43.745703 ], [ 4.434542, 43.746363 ], [ 4.433299, 43.747379 ], [ 4.432185, 43.748386 ], [ 4.431093, 43.749479 ], [ 4.429758, 43.751007 ], [ 4.423984, 43.756872 ], [ 4.429671, 43.751114 ], [ 4.43252, 43.753315 ], [ 4.430471, 43.756166 ], [ 4.429426, 43.757761 ], [ 4.428367, 43.759378 ], [ 4.427335, 43.760957 ], [ 4.426303, 43.762537 ], [ 4.424712, 43.764955 ], [ 4.423124, 43.767368 ], [ 4.428847, 43.762699 ] ] ], [ [ [ 4.406290549347665, 43.78175106865811 ], [ 4.40629, 43.78175 ], [ 4.405275, 43.782271 ], [ 4.406361, 43.781715 ], [ 4.406290549347665, 43.78175106865811 ] ] ], [ [ [ 4.396048, 43.781061 ], [ 4.393254, 43.778792 ], [ 4.390748, 43.779845 ], [ 4.383741, 43.782698 ], [ 4.380709, 43.780757 ], [ 4.373895, 43.782534 ], [ 4.368328, 43.78453 ], [ 4.367566, 43.784795 ], [ 4.361028, 43.78547 ], [ 4.359019, 43.780268 ], [ 4.358496, 43.779196 ], [ 4.357909, 43.778854 ], [ 4.357143, 43.778607 ], [ 4.355955, 43.778377 ], [ 4.347442, 43.777736 ], [ 4.345678, 43.776819 ], [ 4.343948, 43.776819 ], [ 4.343185, 43.780335 ], [ 4.340767, 43.785981 ], [ 4.333148, 43.789198 ], [ 4.331191, 43.789529 ], [ 4.325063, 43.789983 ], [ 4.320941, 43.787782 ], [ 4.316462, 43.784754 ], [ 4.315031, 43.783533 ], [ 4.313666, 43.782397 ], [ 4.311573, 43.780612 ], [ 4.311487, 43.780583 ], [ 4.310889, 43.780482 ], [ 4.308747, 43.780167 ], [ 4.307759, 43.780062 ], [ 4.307041, 43.780048 ], [ 4.306539, 43.780065 ], [ 4.305874, 43.780118 ], [ 4.29906, 43.785814 ], [ 4.306322, 43.788501 ], [ 4.308576, 43.788536 ], [ 4.316557, 43.784835 ], [ 4.316635, 43.784902 ], [ 4.319114, 43.787176 ], [ 4.31995, 43.788259 ], [ 4.320411, 43.789101 ], [ 4.328512, 43.792836 ], [ 4.336854, 43.789648 ], [ 4.337213, 43.788955 ], [ 4.337613, 43.788555 ], [ 4.338047, 43.788283 ], [ 4.338494, 43.788113 ], [ 4.338944, 43.788029 ], [ 4.346472, 43.785391 ], [ 4.352581, 43.780267 ], [ 4.355993, 43.781933 ], [ 4.356119, 43.782012 ], [ 4.356339, 43.784546 ], [ 4.355671, 43.785951 ], [ 4.357564, 43.792305 ], [ 4.364363, 43.791465 ], [ 4.365734, 43.788136 ], [ 4.369513, 43.787568 ], [ 4.370915, 43.787435 ], [ 4.378474, 43.785274 ], [ 4.382045, 43.785731 ], [ 4.390399, 43.783248 ], [ 4.390809, 43.783004 ], [ 4.391212, 43.782985 ], [ 4.392214, 43.783525 ], [ 4.397438, 43.7861 ], [ 4.401872, 43.784521 ], [ 4.402868, 43.783771 ], [ 4.403402, 43.783405 ], [ 4.404319, 43.782823 ], [ 4.396048, 43.781061 ] ] ], [ [ [ 4.289457, 43.778319 ], [ 4.294072, 43.782275 ], [ 4.296434, 43.783802 ], [ 4.289457, 43.778319 ] ] ], [ [ [ 4.287288, 43.775909 ], [ 4.287287261974075, 43.775909664388813 ], [ 4.286956, 43.775542 ], [ 4.28823, 43.776956 ], [ 4.289457, 43.778319 ], [ 4.287288, 43.775909 ] ] ] ] } },
{ "type": "Feature", "properties": { "codgeo": "30189", "value": 720, "isochrone_group": 12.0, "nb_agences": 2 }, "geometry": { "type": "MultiPolygon", "coordinates": [ [ [ [ 4.25371, 43.748634 ], [ 4.253004, 43.74832 ], [ 4.252279, 43.748031 ], [ 4.251055, 43.747608 ], [ 4.24969, 43.747227 ], [ 4.248669, 43.746997 ], [ 4.247627, 43.746818 ], [ 4.246886, 43.746724 ], [ 4.246116, 43.746653 ], [ 4.245257, 43.746604 ], [ 4.244372, 43.746577 ], [ 4.24341, 43.746592 ], [ 4.24244, 43.746638 ], [ 4.241514, 43.746722 ], [ 4.240498, 43.746845 ], [ 4.237386, 43.747268 ], [ 4.234273, 43.747691 ], [ 4.231611, 43.748053 ], [ 4.228948, 43.748415 ], [ 4.229433, 43.751982 ], [ 4.232096, 43.75162 ], [ 4.234758, 43.751258 ], [ 4.237871, 43.750835 ], [ 4.240984, 43.750412 ], [ 4.241944, 43.750296 ], [ 4.243576, 43.750188 ], [ 4.24514, 43.750202 ], [ 4.245911, 43.750247 ], [ 4.246551, 43.750308 ], [ 4.247166, 43.750388 ], [ 4.24889, 43.750737 ], [ 4.254247171917621, 43.75368633893703 ], [ 4.252175, 43.75189 ], [ 4.253796323156335, 43.748677341168644 ], [ 4.25371, 43.748634 ] ] ], [ [ [ 4.267948, 43.768488 ], [ 4.268628, 43.768993 ], [ 4.267948888216114, 43.768486801902512 ], [ 4.267948, 43.768488 ] ] ], [ [ [ 4.296092, 43.790166 ], [ 4.300070187296907, 43.792544723546392 ], [ 4.302262, 43.799608 ], [ 4.302096, 43.800268 ], [ 4.297452, 43.807955 ], [ 4.296814, 43.807751 ], [ 4.295914, 43.807616 ], [ 4.295119, 43.807633 ], [ 4.294012, 43.807803 ], [ 4.294558, 43.811362 ], [ 4.293611, 43.816569 ], [ 4.287789, 43.819216 ], [ 4.286828982363212, 43.819493508617668 ], [ 4.286457, 43.8196 ], [ 4.286457275605665, 43.81960095646501 ], [ 4.285658, 43.819832 ], [ 4.285095, 43.819977 ], [ 4.285997, 43.823462 ], [ 4.289389, 43.823243 ], [ 4.289506952073212, 43.823233911227241 ], [ 4.289508, 43.823234 ], [ 4.289973, 43.823198 ], [ 4.289992, 43.823196 ], [ 4.290069498482712, 43.823189250132152 ], [ 4.290471254529112, 43.823229471385112 ], [ 4.297554, 43.82576 ], [ 4.300129, 43.830545 ], [ 4.300271, 43.830804 ], [ 4.30134, 43.832387 ], [ 4.301439, 43.840455 ], [ 4.295784, 43.841778 ], [ 4.292976, 43.842168 ], [ 4.291347, 43.842836 ], [ 4.287791, 43.844537 ], [ 4.28769, 43.844613 ], [ 4.287082, 43.84542 ], [ 4.27887, 43.849087 ], [ 4.278142, 43.849127 ], [ 4.274154, 43.849588 ], [ 4.273583, 43.849721 ], [ 4.273338, 43.850262 ], [ 4.274397, 43.853228 ], [ 4.281455, 43.852728 ], [ 4.283281, 43.852345 ], [ 4.283624, 43.852263 ], [ 4.286069, 43.851616 ], [ 4.290869207014225, 43.850480723767241 ], [ 4.287342, 43.851186 ], [ 4.286175, 43.847781 ], [ 4.288074, 43.84713 ], [ 4.28903, 43.846706 ], [ 4.289472, 43.846534 ], [ 4.294275, 43.843501 ], [ 4.295358, 43.843573 ], [ 4.301947, 43.840672 ], [ 4.302008, 43.840631 ], [ 4.302111, 43.840583 ], [ 4.305257, 43.839177 ], [ 4.303608, 43.831656 ], [ 4.303218, 43.831482 ], [ 4.302953, 43.831211 ], [ 4.302921, 43.831163 ], [ 4.302615, 43.830171 ], [ 4.299839, 43.822587 ], [ 4.294128, 43.821404 ], [ 4.292783, 43.821708 ], [ 4.291989, 43.818197 ], [ 4.298088, 43.812889 ], [ 4.299821, 43.809733 ], [ 4.303881932554406, 43.80926802872515 ], [ 4.308487567200981, 43.804972665226281 ], [ 4.30848104490862, 43.802406469297232 ], [ 4.307461, 43.799972 ], [ 4.307012, 43.799546 ], [ 4.306595, 43.799109 ], [ 4.306237, 43.798697 ], [ 4.305805, 43.798175 ], [ 4.304076, 43.795984 ], [ 4.303274, 43.795047 ], [ 4.302116, 43.793768 ], [ 4.297516, 43.79047 ], [ 4.297053, 43.790134 ], [ 4.29675, 43.789835 ], [ 4.292033, 43.785241 ], [ 4.291285, 43.784726 ], [ 4.296092, 43.790166 ] ] ], [ [ [ 4.300471, 43.852844 ], [ 4.300483, 43.852853 ], [ 4.30372, 43.853816 ], [ 4.305252, 43.853887 ], [ 4.308427, 43.854904 ], [ 4.308581, 43.854876 ], [ 4.309691, 43.854707 ], [ 4.313638, 43.855397 ], [ 4.316334, 43.86329 ], [ 4.309863, 43.866813 ], [ 4.308606, 43.870187 ], [ 4.309896, 43.877731 ], [ 4.308793, 43.879298 ], [ 4.311738, 43.881369 ], [ 4.31284, 43.879803 ], [ 4.313435, 43.879181 ], [ 4.315273, 43.877713 ], [ 4.322513, 43.881919 ], [ 4.326113, 43.881919 ], [ 4.326674, 43.880119 ], [ 4.332, 43.873933 ], [ 4.339231, 43.87165 ], [ 4.347912, 43.869684 ], [ 4.350145, 43.871825 ], [ 4.35165, 43.871934 ], [ 4.353579, 43.87118 ], [ 4.354998, 43.870612 ], [ 4.357804, 43.86857 ], [ 4.357896, 43.868172 ], [ 4.357974, 43.867374 ], [ 4.358409, 43.863143 ], [ 4.36719, 43.8649 ], [ 4.367273, 43.8657 ], [ 4.37252, 43.872527 ], [ 4.372839, 43.873335 ], [ 4.377741, 43.879396 ], [ 4.381253, 43.880187 ], [ 4.381310946736547, 43.879929987988426 ], [ 4.381311, 43.87993 ], [ 4.381825, 43.87765 ], [ 4.384608, 43.869613 ], [ 4.38466, 43.869519 ], [ 4.385097, 43.868521 ], [ 4.385168, 43.868306 ], [ 4.388076911433387, 43.863414740330825 ], [ 4.389331657719371, 43.861408732050542 ], [ 4.395331655077118, 43.860664517046963 ], [ 4.39785938223426, 43.862257977111227 ], [ 4.402173, 43.865393 ], [ 4.402951, 43.86683 ], [ 4.402951079772152, 43.866829956774346 ], [ 4.403485, 43.867816 ], [ 4.40665, 43.866101 ], [ 4.408544, 43.863849 ], [ 4.414908, 43.861128 ], [ 4.415644, 43.86103 ], [ 4.416385, 43.860848 ], [ 4.424349, 43.860425 ], [ 4.429961, 43.863239 ], [ 4.432835, 43.866384 ], [ 4.434172, 43.867758 ], [ 4.434964, 43.868519 ], [ 4.437458, 43.865922 ], [ 4.436665, 43.865161 ], [ 4.435433, 43.863892 ], [ 4.432619, 43.860811 ], [ 4.429776, 43.857699 ], [ 4.435551, 43.850841 ], [ 4.435572, 43.850763 ], [ 4.436361, 43.848266 ], [ 4.436536, 43.847079 ], [ 4.436538485751324, 43.846800968714376 ], [ 4.436551, 43.846801 ], [ 4.436556, 43.844842 ], [ 4.436553822526115, 43.844749028463511 ], [ 4.432956, 43.844836 ], [ 4.429929, 43.84187 ], [ 4.424562, 43.840438 ], [ 4.421674, 43.848841 ], [ 4.423111, 43.850414 ], [ 4.424548, 43.851986 ], [ 4.42189, 43.854415 ], [ 4.414173, 43.857565 ], [ 4.41436, 43.86116 ], [ 4.411988, 43.861283 ], [ 4.404269, 43.861902 ], [ 4.401809538594178, 43.861450388940987 ], [ 4.401562, 43.861462 ], [ 4.398822, 43.859424 ], [ 4.398616269375103, 43.859301673682509 ], [ 4.396378, 43.858302 ], [ 4.388030947819959, 43.8591993057127 ], [ 4.387663, 43.859266 ], [ 4.386490182628118, 43.859796583764719 ], [ 4.385911551953893, 43.860334594062337 ], [ 4.381717, 43.864285 ], [ 4.381174, 43.867666 ], [ 4.378328, 43.87087 ], [ 4.376576, 43.872659 ], [ 4.375319, 43.872555 ], [ 4.37519, 43.872369 ], [ 4.374951, 43.871919 ], [ 4.374846093325422, 43.87158378097088 ], [ 4.374828, 43.871571 ], [ 4.374777, 43.871363 ], [ 4.372146, 43.864671 ], [ 4.371433753465607, 43.862915412953988 ], [ 4.367276, 43.856977 ], [ 4.361253, 43.855092 ], [ 4.361049629956551, 43.854974452114874 ], [ 4.355564, 43.856877 ], [ 4.355664, 43.863407 ], [ 4.357586, 43.865052 ], [ 4.357701, 43.865187 ], [ 4.35769, 43.865486 ], [ 4.35731, 43.866345 ], [ 4.35238, 43.870374 ], [ 4.351967, 43.870532 ], [ 4.350781, 43.870426 ], [ 4.350673, 43.870302 ], [ 4.350406, 43.869901 ], [ 4.350292, 43.869659 ], [ 4.34574, 43.865444 ], [ 4.339182, 43.868999 ], [ 4.335595, 43.868684 ], [ 4.329387, 43.873406 ], [ 4.329198, 43.873863 ], [ 4.328154, 43.876174 ], [ 4.319773, 43.873764 ], [ 4.318435, 43.870843 ], [ 4.320686, 43.862412 ], [ 4.320019, 43.859131 ], [ 4.316329, 43.852777 ], [ 4.312538, 43.852614 ], [ 4.310532, 43.853271 ], [ 4.308072, 43.852851 ], [ 4.307689, 43.852812 ], [ 4.303014, 43.846747 ], [ 4.301262, 43.84649 ], [ 4.296373, 43.848329 ], [ 4.293761, 43.849195 ], [ 4.292113, 43.850081 ], [ 4.300471, 43.852844 ] ] ], [ [ [ 4.446363, 43.841376 ], [ 4.447909, 43.84234 ], [ 4.449023, 43.842755 ], [ 4.449749, 43.8426 ], [ 4.450231, 43.841265 ], [ 4.451186, 43.838682 ], [ 4.452251, 43.835243 ], [ 4.457632, 43.831792 ], [ 4.460011, 43.831548 ], [ 4.462389, 43.831304 ], [ 4.464788, 43.831057 ], [ 4.465591, 43.83096 ], [ 4.467474, 43.83078 ], [ 4.468843, 43.830732 ], [ 4.469199, 43.82715 ], [ 4.466742, 43.826224 ], [ 4.466092, 43.826208 ], [ 4.459643, 43.827966 ], [ 4.457264, 43.82821 ], [ 4.457131792657505, 43.828223565429589 ], [ 4.454772014250152, 43.828408694488736 ], [ 4.446913, 43.825285 ], [ 4.440268, 43.825802 ], [ 4.435762, 43.820851 ], [ 4.430451, 43.817909 ], [ 4.427246, 43.81627 ], [ 4.429505, 43.807906 ], [ 4.430522, 43.80589 ], [ 4.432193, 43.802701 ], [ 4.431015, 43.801788 ], [ 4.433085, 43.793286 ], [ 4.435033, 43.792177 ], [ 4.439178, 43.789343 ], [ 4.44201, 43.787872 ], [ 4.442172, 43.787778 ], [ 4.440373, 43.78466 ], [ 4.43176, 43.784137 ], [ 4.430035, 43.782652 ], [ 4.429939, 43.782651 ], [ 4.429034, 43.783296 ], [ 4.428182, 43.783743 ], [ 4.427866, 43.784623 ], [ 4.42779, 43.784932 ], [ 4.425994, 43.789381 ], [ 4.418033, 43.787957 ], [ 4.417102, 43.779242 ], [ 4.416499, 43.779904 ], [ 4.41587, 43.78051 ], [ 4.415363, 43.780949 ], [ 4.415017, 43.781229 ], [ 4.414377, 43.781702 ], [ 4.413951, 43.781993 ], [ 4.413413, 43.782326 ], [ 4.412926, 43.78261 ], [ 4.412012, 43.783092 ], [ 4.411195, 43.783481 ], [ 4.407566, 43.790162 ], [ 4.415748, 43.791371 ], [ 4.417855, 43.790929 ], [ 4.419252, 43.790545 ], [ 4.42737, 43.791057 ], [ 4.428179, 43.790639 ], [ 4.429143, 43.790096 ], [ 4.43091, 43.793232 ], [ 4.429946, 43.793775 ], [ 4.429025, 43.794253 ], [ 4.424242, 43.801202 ], [ 4.423792, 43.802925 ], [ 4.422993, 43.808049 ], [ 4.425537, 43.815921 ], [ 4.426718, 43.816801 ], [ 4.431421, 43.823745 ], [ 4.438293, 43.827349 ], [ 4.439271, 43.827656 ], [ 4.448038, 43.829141 ], [ 4.449644, 43.828881 ], [ 4.452221, 43.828606 ], [ 4.453315, 43.828523 ], [ 4.454054, 43.828499 ], [ 4.454966, 43.828448 ], [ 4.455167, 43.832042 ], [ 4.454254, 43.832093 ], [ 4.453434, 43.832121 ], [ 4.452499, 43.832195 ], [ 4.445458, 43.836453 ], [ 4.44402, 43.836135 ], [ 4.443109, 43.835864 ], [ 4.446363, 43.841376 ] ] ], [ [ [ 4.42136345622648, 43.770373465770426 ], [ 4.425537, 43.766716 ], [ 4.427776, 43.765716 ], [ 4.428935, 43.764624 ], [ 4.43045, 43.76187 ], [ 4.431839652313149, 43.756037712922648 ], [ 4.429972, 43.760201 ], [ 4.428971, 43.762472 ], [ 4.428847, 43.762699 ], [ 4.423124, 43.767368 ], [ 4.422217, 43.768806 ], [ 4.421793, 43.769547 ], [ 4.421356, 43.77038 ], [ 4.420718, 43.771737 ], [ 4.420369, 43.772602 ], [ 4.420036, 43.773483 ], [ 4.42136345622648, 43.770373465770426 ] ] ], [ [ [ 4.454436, 43.742455 ], [ 4.455615, 43.74212 ], [ 4.45619, 43.741935 ], [ 4.457304, 43.741542 ], [ 4.458373, 43.741112 ], [ 4.45983, 43.740439 ], [ 4.460715, 43.739974 ], [ 4.461886, 43.739292 ], [ 4.463559, 43.738236 ], [ 4.470235, 43.734964 ], [ 4.469104, 43.731547 ], [ 4.468376, 43.731788 ], [ 4.467743, 43.732012 ], [ 4.466809, 43.732379 ], [ 4.464494, 43.733466 ], [ 4.463385, 43.73409 ], [ 4.461636, 43.735192 ], [ 4.459964, 43.736249 ], [ 4.453456, 43.738991 ], [ 4.450012805215689, 43.739746051898742 ], [ 4.451315, 43.739477 ], [ 4.452040087460645, 43.742984075975635 ], [ 4.454436, 43.742455 ] ] ], [ [ [ 4.418128, 43.768789 ], [ 4.417462, 43.770203 ], [ 4.418129151921806, 43.768789542538556 ], [ 4.418128, 43.768789 ] ] ], [ [ [ 4.401075, 43.777375 ], [ 4.399321, 43.774232 ], [ 4.39725, 43.775387 ], [ 4.396715, 43.77569 ], [ 4.395875, 43.776233 ], [ 4.392707, 43.777596 ], [ 4.391072, 43.778212 ], [ 4.383735, 43.776436 ], [ 4.380544, 43.777833 ], [ 4.373228, 43.778706 ], [ 4.371827, 43.77916 ], [ 4.36656, 43.779062 ], [ 4.362115, 43.775947 ], [ 4.359303, 43.773699 ], [ 4.351705, 43.773706 ], [ 4.349357, 43.770733 ], [ 4.347486, 43.770704 ], [ 4.345757, 43.770735 ], [ 4.338274, 43.774647 ], [ 4.33677, 43.773781 ], [ 4.335197, 43.772778 ], [ 4.334367, 43.772104 ], [ 4.332306, 43.775056 ], [ 4.334709, 43.776733 ], [ 4.336221, 43.777751 ], [ 4.336742, 43.778071 ], [ 4.337292, 43.778369 ], [ 4.336617, 43.787251 ], [ 4.335077, 43.788124 ], [ 4.326739, 43.785888 ], [ 4.325765, 43.785614 ], [ 4.322798, 43.784154 ], [ 4.320223, 43.781638 ], [ 4.31805, 43.776294 ], [ 4.315343, 43.773921 ], [ 4.314272, 43.775141 ], [ 4.313559, 43.776092 ], [ 4.305738, 43.780133 ], [ 4.304924, 43.780258 ], [ 4.303614, 43.780542 ], [ 4.297181, 43.781015 ], [ 4.289457, 43.778319 ], [ 4.296434, 43.783802 ], [ 4.297623, 43.784624 ], [ 4.29906, 43.785814 ], [ 4.305874, 43.780118 ], [ 4.306539, 43.780065 ], [ 4.307041, 43.780048 ], [ 4.307759, 43.780062 ], [ 4.308747, 43.780167 ], [ 4.310889, 43.780482 ], [ 4.311487, 43.780583 ], [ 4.311573, 43.780612 ], [ 4.313666, 43.782397 ], [ 4.315031, 43.783533 ], [ 4.316462, 43.784754 ], [ 4.320941, 43.787782 ], [ 4.325063, 43.789983 ], [ 4.331191, 43.789529 ], [ 4.333148, 43.789198 ], [ 4.340767, 43.785981 ], [ 4.343185, 43.780335 ], [ 4.343948, 43.776819 ], [ 4.345678, 43.776819 ], [ 4.347442, 43.777736 ], [ 4.355955, 43.778377 ], [ 4.357143, 43.778607 ], [ 4.357909, 43.778854 ], [ 4.358496, 43.779196 ], [ 4.359019, 43.780268 ], [ 4.361028, 43.78547 ], [ 4.367566, 43.784795 ], [ 4.368328, 43.78453 ], [ 4.373895, 43.782534 ], [ 4.380709, 43.780757 ], [ 4.383741, 43.782698 ], [ 4.390748, 43.779845 ], [ 4.393254, 43.778792 ], [ 4.396048, 43.781061 ], [ 4.404319, 43.782823 ], [ 4.405275, 43.782271 ], [ 4.40629, 43.78175 ], [ 4.406290549347665, 43.78175106865811 ], [ 4.406361, 43.781715 ], [ 4.407191, 43.781324 ], [ 4.401075, 43.777375 ] ] ], [ [ [ 4.272957420408413, 43.766970512826397 ], [ 4.274028, 43.767818 ], [ 4.276431, 43.768734 ], [ 4.277699, 43.769245 ], [ 4.272957420408413, 43.766970512826397 ] ] ], [ [ [ 4.272957420408405, 43.766970512826397 ], [ 4.26754, 43.762682 ], [ 4.272957420408413, 43.766970512826397 ], [ 4.272957420408405, 43.766970512826397 ] ] ] ] } },
{ "type": "Feature", "properties": { "codgeo": "30189", "value": 780, "isochrone_group": 13.0, "nb_agences": 2 }, "geometry": { "type": "MultiPolygon", "coordinates": [ [ [ [ 4.23116, 43.748114 ], [ 4.226928, 43.748689 ], [ 4.223749, 43.749112 ], [ 4.222602, 43.74924 ], [ 4.219414, 43.74938 ], [ 4.218409, 43.749363 ], [ 4.213096, 43.748739 ], [ 4.20741, 43.746968 ], [ 4.206055, 43.750304 ], [ 4.207083, 43.750721 ], [ 4.208488, 43.751238 ], [ 4.209789, 43.75164 ], [ 4.210351, 43.751795 ], [ 4.210971, 43.751953 ], [ 4.212313, 43.752253 ], [ 4.213245, 43.752438 ], [ 4.214081, 43.752578 ], [ 4.21489, 43.752692 ], [ 4.216646, 43.752873 ], [ 4.218221, 43.752958 ], [ 4.219347, 43.75298 ], [ 4.220322, 43.752975 ], [ 4.223803, 43.752939 ], [ 4.227478, 43.752973 ], [ 4.234758, 43.751258 ], [ 4.232096, 43.75162 ], [ 4.229433, 43.751982 ], [ 4.228948, 43.748415 ], [ 4.231611, 43.748053 ], [ 4.234273, 43.747691 ], [ 4.23116, 43.748114 ] ] ], [ [ [ 4.25605900010785, 43.75468382333937 ], [ 4.256059000107854, 43.75468382333937 ], [ 4.24889, 43.750737 ], [ 4.25605900010785, 43.75468382333937 ] ] ], [ [ [ 4.258831, 43.75766 ], [ 4.256201, 43.754762 ], [ 4.256059000107854, 43.75468382333937 ], [ 4.258831, 43.75766 ] ] ], [ [ [ 4.264494, 43.764599 ], [ 4.261502, 43.760603 ], [ 4.258831, 43.75766 ], [ 4.264494, 43.764599 ] ] ], [ [ [ 4.267948888216114, 43.768486801902512 ], [ 4.267948888216115, 43.768486801902512 ], [ 4.26787, 43.768428 ], [ 4.267948888216114, 43.768486801902512 ] ] ], [ [ [ 4.30001, 43.79834 ], [ 4.298335194712763, 43.805040208652052 ], [ 4.298123, 43.804703 ], [ 4.298034, 43.804625 ], [ 4.29729, 43.804553 ], [ 4.291363, 43.807298 ], [ 4.29065, 43.810827 ], [ 4.285616271519357, 43.817785959893762 ], [ 4.280322691743911, 43.819122532312171 ], [ 4.279046, 43.819401 ], [ 4.27336, 43.821225 ], [ 4.273414, 43.824825 ], [ 4.27373, 43.82482 ], [ 4.273890895297238, 43.824811136601845 ], [ 4.273891, 43.824813 ], [ 4.275037, 43.824748 ], [ 4.275659, 43.824678 ], [ 4.277938, 43.82429 ], [ 4.280124, 43.823915 ], [ 4.281548, 43.823827 ], [ 4.283247, 43.823835 ], [ 4.284123, 43.823783 ], [ 4.289672, 43.824703 ], [ 4.289784, 43.82475 ], [ 4.290413, 43.824986 ], [ 4.294901, 43.827607 ], [ 4.297359, 43.830024 ], [ 4.29498, 43.838669 ], [ 4.2949, 43.83871 ], [ 4.289688, 43.841939 ], [ 4.286169, 43.843413 ], [ 4.28184, 43.84715 ], [ 4.275697, 43.847764 ], [ 4.274659, 43.848095 ], [ 4.273992, 43.848584 ], [ 4.268668, 43.851003 ], [ 4.26523, 43.851082 ], [ 4.263165, 43.851686 ], [ 4.259653, 43.85224 ], [ 4.260214, 43.855796 ], [ 4.263726, 43.855242 ], [ 4.264538, 43.855127 ], [ 4.267086, 43.854769 ], [ 4.275646, 43.855527 ], [ 4.275973, 43.85542 ], [ 4.281455, 43.852728 ], [ 4.274397, 43.853228 ], [ 4.273338, 43.850262 ], [ 4.273583, 43.849721 ], [ 4.274154, 43.849588 ], [ 4.278142, 43.849127 ], [ 4.27887, 43.849087 ], [ 4.287082, 43.84542 ], [ 4.28769, 43.844613 ], [ 4.287791, 43.844537 ], [ 4.291347, 43.842836 ], [ 4.292976, 43.842168 ], [ 4.295784, 43.841778 ], [ 4.301439, 43.840455 ], [ 4.30134, 43.832387 ], [ 4.300271, 43.830804 ], [ 4.300129, 43.830545 ], [ 4.297554, 43.82576 ], [ 4.290471254529112, 43.823229471385112 ], [ 4.290069498482712, 43.823189250132152 ], [ 4.289992, 43.823196 ], [ 4.289973, 43.823198 ], [ 4.289508, 43.823234 ], [ 4.289506952073212, 43.823233911227241 ], [ 4.289389, 43.823243 ], [ 4.285997, 43.823462 ], [ 4.285095, 43.819977 ], [ 4.285658, 43.819832 ], [ 4.286457275605665, 43.81960095646501 ], [ 4.286457, 43.8196 ], [ 4.286828982363212, 43.819493508617668 ], [ 4.287789, 43.819216 ], [ 4.293611, 43.816569 ], [ 4.294558, 43.811362 ], [ 4.294012, 43.807803 ], [ 4.295119, 43.807633 ], [ 4.295914, 43.807616 ], [ 4.296814, 43.807751 ], [ 4.297452, 43.807955 ], [ 4.302096, 43.800268 ], [ 4.302262, 43.799608 ], [ 4.300070187296907, 43.792544723546392 ], [ 4.298148607733197, 43.791395731250823 ], [ 4.30001, 43.79834 ] ] ], [ [ [ 4.298092, 43.8544 ], [ 4.299317, 43.854341 ], [ 4.299823, 43.854274 ], [ 4.300302, 43.854172 ], [ 4.300839, 43.854015 ], [ 4.307796, 43.855993 ], [ 4.310173, 43.858432 ], [ 4.305382, 43.865828 ], [ 4.303536, 43.865653 ], [ 4.301807, 43.865637 ], [ 4.300915, 43.865668 ], [ 4.298625, 43.865901 ], [ 4.297513, 43.86603 ], [ 4.297928, 43.869606 ], [ 4.29904, 43.869477 ], [ 4.301279, 43.86925 ], [ 4.301916, 43.869235 ], [ 4.303498, 43.869253 ], [ 4.30503, 43.86941 ], [ 4.30645, 43.869631 ], [ 4.309896, 43.877731 ], [ 4.308606, 43.870187 ], [ 4.309863, 43.866813 ], [ 4.316334, 43.86329 ], [ 4.313638, 43.855397 ], [ 4.309691, 43.854707 ], [ 4.308581, 43.854876 ], [ 4.308427, 43.854904 ], [ 4.305252, 43.853887 ], [ 4.30372, 43.853816 ], [ 4.300483, 43.852853 ], [ 4.300471, 43.852844 ], [ 4.292113, 43.850081 ], [ 4.291701, 43.850284 ], [ 4.298092, 43.8544 ] ] ], [ [ [ 4.308787, 43.879308 ], [ 4.308376, 43.879766 ], [ 4.305782, 43.881597 ], [ 4.303255, 43.88226 ], [ 4.302391, 43.882553 ], [ 4.302364, 43.882563 ], [ 4.301035, 43.883046 ], [ 4.300036, 43.883442 ], [ 4.298214, 43.88434 ], [ 4.299806, 43.887569 ], [ 4.302341, 43.886401 ], [ 4.303565, 43.885956 ], [ 4.306636, 43.885194 ], [ 4.30725, 43.885004 ], [ 4.307868, 43.884753 ], [ 4.308176, 43.884601 ], [ 4.308512, 43.884402 ], [ 4.308936, 43.884095 ], [ 4.309271, 43.883825 ], [ 4.310809, 43.88242 ], [ 4.311168, 43.882066 ], [ 4.311424, 43.881783 ], [ 4.311677, 43.881454 ], [ 4.311737248233473, 43.881368471338362 ], [ 4.308793690744452, 43.879298485749317 ], [ 4.308787, 43.879308 ] ] ], [ [ [ 4.322456, 43.881887 ], [ 4.322345, 43.883385 ], [ 4.322301, 43.885788 ], [ 4.322107, 43.886467 ], [ 4.321993, 43.886827 ], [ 4.321911, 43.887428 ], [ 4.322113, 43.888311 ], [ 4.322865, 43.889144 ], [ 4.32371, 43.889458 ], [ 4.325001, 43.88996 ], [ 4.327091, 43.887029 ], [ 4.326505, 43.885257 ], [ 4.326149, 43.883524 ], [ 4.326674, 43.880119 ], [ 4.326113, 43.881919 ], [ 4.322513, 43.881919 ], [ 4.315273, 43.877713 ], [ 4.322456, 43.881887 ] ] ], [ [ [ 4.332005, 43.875692 ], [ 4.338127, 43.874886 ], [ 4.339108, 43.874667 ], [ 4.339177, 43.874625 ], [ 4.34043, 43.873245 ], [ 4.34886, 43.872699 ], [ 4.350289, 43.874703 ], [ 4.350736, 43.874761 ], [ 4.351851, 43.874638 ], [ 4.352072, 43.874456 ], [ 4.354818, 43.871444 ], [ 4.357059, 43.870096 ], [ 4.365944, 43.869401 ], [ 4.369927, 43.873528 ], [ 4.371331, 43.876017 ], [ 4.371768, 43.876914 ], [ 4.374335, 43.882697 ], [ 4.378804, 43.886299 ], [ 4.379703, 43.887043 ], [ 4.381554, 43.888456 ], [ 4.383405, 43.889868 ], [ 4.383405102667428, 43.88986786550754 ], [ 4.38348, 43.889925 ], [ 4.385664, 43.887064 ], [ 4.382788, 43.881669 ], [ 4.387496, 43.874218 ], [ 4.387732, 43.8736 ], [ 4.387771, 43.873486 ], [ 4.390713603542357, 43.867944924349288 ], [ 4.397005, 43.86681 ], [ 4.397574, 43.867148 ], [ 4.398419, 43.867356 ], [ 4.402972, 43.869847 ], [ 4.404046, 43.870877 ], [ 4.404139, 43.870912 ], [ 4.408245, 43.873219 ], [ 4.408855, 43.873596 ], [ 4.410544, 43.87439 ], [ 4.412076, 43.871132 ], [ 4.41364, 43.865787 ], [ 4.415745, 43.862867 ], [ 4.41739286682798, 43.860794468148143 ], [ 4.416385, 43.860848 ], [ 4.415644, 43.86103 ], [ 4.414908, 43.861128 ], [ 4.408544, 43.863849 ], [ 4.40665, 43.866101 ], [ 4.403485, 43.867816 ], [ 4.402951079772152, 43.866829956774346 ], [ 4.402951, 43.86683 ], [ 4.402173, 43.865393 ], [ 4.39785938223426, 43.862257977111227 ], [ 4.395331655077118, 43.860664517046963 ], [ 4.389331657719371, 43.861408732050542 ], [ 4.388076911433387, 43.863414740330825 ], [ 4.385168, 43.868306 ], [ 4.385097, 43.868521 ], [ 4.38466, 43.869519 ], [ 4.384608, 43.869613 ], [ 4.381825, 43.87765 ], [ 4.381311, 43.87993 ], [ 4.381310946736547, 43.879929987988426 ], [ 4.381253, 43.880187 ], [ 4.377741, 43.879396 ], [ 4.372839, 43.873335 ], [ 4.37252, 43.872527 ], [ 4.367273, 43.8657 ], [ 4.36719, 43.8649 ], [ 4.358409, 43.863143 ], [ 4.357974, 43.867374 ], [ 4.357896, 43.868172 ], [ 4.357804, 43.86857 ], [ 4.354998, 43.870612 ], [ 4.353579, 43.87118 ], [ 4.35165, 43.871934 ], [ 4.350145, 43.871825 ], [ 4.347912, 43.869684 ], [ 4.339231, 43.87165 ], [ 4.332, 43.873933 ], [ 4.326674, 43.880119 ], [ 4.332005, 43.875692 ] ] ], [ [ [ 4.421576807144821, 43.861385161299793 ], [ 4.425612, 43.86244 ], [ 4.426211, 43.86264 ], [ 4.432835, 43.866384 ], [ 4.429961, 43.863239 ], [ 4.424349, 43.860425 ], [ 4.417498103418344, 43.860788878610506 ], [ 4.421576807144821, 43.861385161299793 ] ] ], [ [ [ 4.435112, 43.868657 ], [ 4.435939, 43.869367 ], [ 4.437159, 43.870338 ], [ 4.437768, 43.870782 ], [ 4.438437, 43.871244 ], [ 4.439531, 43.871948 ], [ 4.440692, 43.872633 ], [ 4.441354, 43.872994 ], [ 4.442486, 43.873567 ], [ 4.443704, 43.87414 ], [ 4.445052, 43.874731 ], [ 4.447641, 43.875818 ], [ 4.450237, 43.876907 ], [ 4.453674, 43.878334 ], [ 4.457111, 43.879761 ], [ 4.458491, 43.876436 ], [ 4.455054, 43.875009 ], [ 4.451618, 43.873582 ], [ 4.449035, 43.872498 ], [ 4.446445, 43.871412 ], [ 4.44515, 43.870843 ], [ 4.444019, 43.87031 ], [ 4.440377, 43.867027 ], [ 4.438726, 43.862367 ], [ 4.436103, 43.854793 ], [ 4.436178, 43.852509 ], [ 4.444103, 43.848574 ], [ 4.445426, 43.849322 ], [ 4.445651, 43.849347 ], [ 4.446964, 43.849509 ], [ 4.447075, 43.849407 ], [ 4.447194, 43.849286 ], [ 4.447443, 43.84901 ], [ 4.447678, 43.848148 ], [ 4.449954, 43.843845 ], [ 4.45658, 43.840933 ], [ 4.45773, 43.840551 ], [ 4.458392, 43.840121 ], [ 4.458031, 43.837638 ], [ 4.46434, 43.831221 ], [ 4.46516, 43.831133 ], [ 4.465334574744767, 43.831109150104567 ], [ 4.470937, 43.83126 ], [ 4.471992, 43.831427 ], [ 4.472010718837661, 43.831308558386617 ], [ 4.477062, 43.831537 ], [ 4.477914, 43.831296 ], [ 4.478291, 43.831145 ], [ 4.478945, 43.830838 ], [ 4.479345, 43.830605 ], [ 4.480079, 43.830074 ], [ 4.480647, 43.829533 ], [ 4.481185, 43.828792 ], [ 4.480481, 43.825627 ], [ 4.480362, 43.825605 ], [ 4.478869, 43.825717 ], [ 4.470638, 43.82215 ], [ 4.467224, 43.821008 ], [ 4.460944, 43.824636 ], [ 4.454019, 43.821343 ], [ 4.452412, 43.82248 ], [ 4.451777, 43.822838 ], [ 4.443041, 43.821249 ], [ 4.439732, 43.818044 ], [ 4.438543, 43.809454 ], [ 4.440623, 43.806516 ], [ 4.43982, 43.805947 ], [ 4.438904, 43.805231 ], [ 4.438452, 43.804943 ], [ 4.438095, 43.804766 ], [ 4.435999, 43.803978 ], [ 4.434166, 43.802369 ], [ 4.435614, 43.794538 ], [ 4.435802, 43.794316 ], [ 4.43665, 43.7934 ], [ 4.442172, 43.788171 ], [ 4.443293, 43.787562 ], [ 4.445759, 43.785822 ], [ 4.448118, 43.784571 ], [ 4.450973, 43.783106 ], [ 4.451279, 43.782951 ], [ 4.451575, 43.780385 ], [ 4.451547, 43.780349 ], [ 4.449656, 43.779738 ], [ 4.44935, 43.779893 ], [ 4.446454, 43.781379 ], [ 4.444072, 43.782642 ], [ 4.441702, 43.783899 ], [ 4.433111, 43.781644 ], [ 4.429943, 43.775732 ], [ 4.431921, 43.767231 ], [ 4.432872, 43.766655 ], [ 4.432989, 43.765896 ], [ 4.433276, 43.764051 ], [ 4.433309, 43.763846 ], [ 4.434121, 43.757544 ], [ 4.434059, 43.756835 ], [ 4.437495, 43.74865 ], [ 4.436697, 43.749248 ], [ 4.43558, 43.750164 ], [ 4.434603, 43.751053 ], [ 4.433642, 43.75202 ], [ 4.432476, 43.753367 ], [ 4.43045, 43.76187 ], [ 4.428935, 43.764624 ], [ 4.427776, 43.765716 ], [ 4.425537, 43.766716 ], [ 4.42136345622648, 43.770373465770426 ], [ 4.420036, 43.773483 ], [ 4.419454, 43.775101 ], [ 4.419186, 43.775788 ], [ 4.418929, 43.776375 ], [ 4.418644, 43.776965 ], [ 4.418155, 43.777815 ], [ 4.417668, 43.77853 ], [ 4.417381, 43.778902 ], [ 4.417102, 43.779242 ], [ 4.418033, 43.787957 ], [ 4.425994, 43.789381 ], [ 4.42779, 43.784932 ], [ 4.427866, 43.784623 ], [ 4.428182, 43.783743 ], [ 4.429034, 43.783296 ], [ 4.429939, 43.782651 ], [ 4.430035, 43.782652 ], [ 4.43176, 43.784137 ], [ 4.440373, 43.78466 ], [ 4.442172, 43.787778 ], [ 4.44201, 43.787872 ], [ 4.439178, 43.789343 ], [ 4.435033, 43.792177 ], [ 4.433085, 43.793286 ], [ 4.431015, 43.801788 ], [ 4.432193, 43.802701 ], [ 4.430522, 43.80589 ], [ 4.429505, 43.807906 ], [ 4.427246, 43.81627 ], [ 4.430451, 43.817909 ], [ 4.435762, 43.820851 ], [ 4.440268, 43.825802 ], [ 4.446913, 43.825285 ], [ 4.454772014250152, 43.828408694488736 ], [ 4.457131792657505, 43.828223565429589 ], [ 4.457264, 43.82821 ], [ 4.459643, 43.827966 ], [ 4.466092, 43.826208 ], [ 4.466742, 43.826224 ], [ 4.469199, 43.82715 ], [ 4.468843, 43.830732 ], [ 4.467474, 43.83078 ], [ 4.465591, 43.83096 ], [ 4.464788, 43.831057 ], [ 4.462389, 43.831304 ], [ 4.460011, 43.831548 ], [ 4.457632, 43.831792 ], [ 4.452251, 43.835243 ], [ 4.451186, 43.838682 ], [ 4.450231, 43.841265 ], [ 4.449749, 43.8426 ], [ 4.449023, 43.842755 ], [ 4.447909, 43.84234 ], [ 4.446363, 43.841376 ], [ 4.443109, 43.835864 ], [ 4.43614, 43.841537 ], [ 4.436419, 43.842625 ], [ 4.436523, 43.843433 ], [ 4.436556, 43.844842 ], [ 4.436551, 43.846801 ], [ 4.436538485751324, 43.846800968714376 ], [ 4.436536, 43.847079 ], [ 4.436361, 43.848266 ], [ 4.435572, 43.850763 ], [ 4.435551, 43.850841 ], [ 4.429776, 43.857699 ], [ 4.432619, 43.860811 ], [ 4.435433, 43.863892 ], [ 4.436665, 43.865161 ], [ 4.437458, 43.865922 ], [ 4.434965774396867, 43.868517152322113 ], [ 4.435112, 43.868657 ] ] ], [ [ [ 4.472724, 43.734317 ], [ 4.473548, 43.734152 ], [ 4.47614, 43.73369 ], [ 4.478314, 43.733317 ], [ 4.480447, 43.73295 ], [ 4.481941, 43.732728 ], [ 4.483957, 43.732483 ], [ 4.485002, 43.73238 ], [ 4.487151, 43.73222 ], [ 4.488974, 43.732124 ], [ 4.491769, 43.732013 ], [ 4.493194, 43.731925 ], [ 4.492972, 43.728332 ], [ 4.488831, 43.728527 ], [ 4.486962, 43.728625 ], [ 4.484737, 43.728789 ], [ 4.483605, 43.7289 ], [ 4.481492, 43.729156 ], [ 4.479919, 43.729389 ], [ 4.477704, 43.729769 ], [ 4.47553, 43.730143 ], [ 4.472908, 43.730609 ], [ 4.47202, 43.730786 ], [ 4.47112, 43.730987 ], [ 4.470135, 43.731244 ], [ 4.469185, 43.731521 ], [ 4.469104218724991, 43.731547660816354 ], [ 4.470235, 43.734964 ], [ 4.46731501527588, 43.736395124927689 ], [ 4.472724, 43.734317 ] ] ], [ [ [ 4.418129151921806, 43.768789542538556 ], [ 4.418129151921806, 43.768789542538556 ], [ 4.41817, 43.768703 ], [ 4.418129151921806, 43.768789542538556 ] ] ], [ [ [ 4.412738071545675, 43.77738070230977 ], [ 4.406432, 43.77227 ], [ 4.406683, 43.771744 ], [ 4.406706, 43.771657 ], [ 4.40603, 43.769692 ], [ 4.405918, 43.769644 ], [ 4.403521, 43.769979 ], [ 4.395353, 43.772719 ], [ 4.393432, 43.774095 ], [ 4.388589, 43.775967 ], [ 4.384319, 43.773571 ], [ 4.383176, 43.772589 ], [ 4.382764, 43.772455 ], [ 4.382043, 43.772382 ], [ 4.381096, 43.77227 ], [ 4.380877, 43.77227 ], [ 4.375835, 43.7745 ], [ 4.374279, 43.775114 ], [ 4.368545, 43.7758 ], [ 4.365213, 43.771087 ], [ 4.365149, 43.7709 ], [ 4.365056, 43.770741 ], [ 4.364345, 43.770157 ], [ 4.362464, 43.769298 ], [ 4.361398, 43.771177 ], [ 4.354803906010756, 43.773703144993142 ], [ 4.359303, 43.773699 ], [ 4.362115, 43.775947 ], [ 4.36656, 43.779062 ], [ 4.371827, 43.77916 ], [ 4.373228, 43.778706 ], [ 4.380544, 43.777833 ], [ 4.383735, 43.776436 ], [ 4.391072, 43.778212 ], [ 4.392707, 43.777596 ], [ 4.395875, 43.776233 ], [ 4.396715, 43.77569 ], [ 4.39725, 43.775387 ], [ 4.399321, 43.774232 ], [ 4.401075, 43.777375 ], [ 4.407191, 43.781324 ], [ 4.409654, 43.780228 ], [ 4.410336, 43.779906 ], [ 4.416067, 43.773881 ], [ 4.412738071545675, 43.77738070230977 ] ] ], [ [ [ 4.349659, 43.768492 ], [ 4.34956, 43.76773 ], [ 4.349374, 43.767203 ], [ 4.348982, 43.766382 ], [ 4.348208, 43.765067 ], [ 4.34772, 43.764155 ], [ 4.347175, 43.763878 ], [ 4.345141, 43.764133 ], [ 4.341772, 43.765403 ], [ 4.342286, 43.766765 ], [ 4.335628, 43.772004 ], [ 4.33056, 43.768361 ], [ 4.325977, 43.767554 ], [ 4.3258, 43.767599 ], [ 4.324606, 43.768458 ], [ 4.317431, 43.771014 ], [ 4.315557, 43.774088 ], [ 4.315539415714358, 43.774093181193265 ], [ 4.31805, 43.776294 ], [ 4.320223, 43.781638 ], [ 4.322798, 43.784154 ], [ 4.325765, 43.785614 ], [ 4.326739, 43.785888 ], [ 4.335077, 43.788124 ], [ 4.336617, 43.787251 ], [ 4.337292, 43.778369 ], [ 4.336742, 43.778071 ], [ 4.336221, 43.777751 ], [ 4.334709, 43.776733 ], [ 4.332306, 43.775056 ], [ 4.334367, 43.772104 ], [ 4.335197, 43.772778 ], [ 4.33677, 43.773781 ], [ 4.338274, 43.774647 ], [ 4.345757, 43.770735 ], [ 4.347486, 43.770704 ], [ 4.349357, 43.770733 ], [ 4.351705, 43.773706 ], [ 4.353852351485063, 43.773704021655632 ], [ 4.349659, 43.768492 ] ] ], [ [ [ 4.308362, 43.776208 ], [ 4.304712, 43.77683 ], [ 4.303643, 43.776938 ], [ 4.296123, 43.777718 ], [ 4.290119, 43.776407 ], [ 4.284238, 43.773089 ], [ 4.285774, 43.774382 ], [ 4.286462, 43.775036 ], [ 4.286956, 43.775542 ], [ 4.28823, 43.776956 ], [ 4.289457, 43.778319 ], [ 4.297181, 43.781015 ], [ 4.303614, 43.780542 ], [ 4.304924, 43.780258 ], [ 4.305738, 43.780133 ], [ 4.313559, 43.776092 ], [ 4.314272, 43.775141 ], [ 4.315070575860794, 43.774231324416263 ], [ 4.308362, 43.776208 ] ] ], [ [ [ 4.257837, 43.751322 ], [ 4.257835337990963, 43.751323765042827 ], [ 4.25831, 43.751768 ], [ 4.257837, 43.751322 ] ] ] ] } },
{ "type": "Feature", "properties": { "codgeo": "30189", "value": 840, "isochrone_group": 14.0, "nb_agences": 2 }, "geometry": { "type": "MultiPolygon", "coordinates": [ [ [ [ 4.206224, 43.746437 ], [ 4.203981, 43.74523 ], [ 4.202684, 43.744392 ], [ 4.201699, 43.743665 ], [ 4.20068, 43.742816 ], [ 4.195805, 43.735583 ], [ 4.195453, 43.734677 ], [ 4.192097, 43.735982 ], [ 4.19245, 43.736888 ], [ 4.192977, 43.738198 ], [ 4.193466, 43.739268 ], [ 4.193756, 43.739821 ], [ 4.194503, 43.741121 ], [ 4.194901, 43.741723 ], [ 4.195906, 43.743043 ], [ 4.196573, 43.743816 ], [ 4.197323, 43.744606 ], [ 4.198229, 43.745452 ], [ 4.199388, 43.746426 ], [ 4.200538, 43.747283 ], [ 4.201061, 43.747644 ], [ 4.202064, 43.748277 ], [ 4.20339, 43.749045 ], [ 4.204626, 43.749662 ], [ 4.205945, 43.750258 ], [ 4.206055434336792, 43.750302930666031 ], [ 4.207409599132265, 43.746968986933418 ], [ 4.206224, 43.746437 ] ] ], [ [ [ 4.226623, 43.754143 ], [ 4.227413, 43.754143 ], [ 4.227948, 43.754032 ], [ 4.234758, 43.751258 ], [ 4.227478, 43.752973 ], [ 4.223803, 43.752939 ], [ 4.220322, 43.752975 ], [ 4.219347, 43.75298 ], [ 4.218221, 43.752958 ], [ 4.226623, 43.754143 ] ] ], [ [ [ 4.234854975898439, 43.751244822741718 ], [ 4.234855, 43.751245 ], [ 4.235695394324274, 43.751130625184992 ], [ 4.237871, 43.750835 ], [ 4.234758, 43.751258 ], [ 4.234854975898439, 43.751244822741718 ] ] ], [ [ [ 4.295521, 43.790878 ], [ 4.297002, 43.799394 ], [ 4.296846, 43.801853 ], [ 4.294120136099719, 43.803923070607027 ], [ 4.293879, 43.803963 ], [ 4.288506, 43.806839 ], [ 4.287936, 43.810394 ], [ 4.282887, 43.815173 ], [ 4.277427, 43.818657 ], [ 4.27207, 43.820432 ], [ 4.269513, 43.821037 ], [ 4.269111, 43.824614 ], [ 4.271964, 43.826018 ], [ 4.272659, 43.82625 ], [ 4.274014, 43.825834 ], [ 4.277938, 43.82429 ], [ 4.275659, 43.824678 ], [ 4.275037, 43.824748 ], [ 4.273891, 43.824813 ], [ 4.273890895297238, 43.824811136601845 ], [ 4.27373, 43.82482 ], [ 4.273414, 43.824825 ], [ 4.27336, 43.821225 ], [ 4.279046, 43.819401 ], [ 4.280322691743911, 43.819122532312171 ], [ 4.285616271519357, 43.817785959893762 ], [ 4.29065, 43.810827 ], [ 4.291363, 43.807298 ], [ 4.29729, 43.804553 ], [ 4.298034, 43.804625 ], [ 4.298123, 43.804703 ], [ 4.298335194712763, 43.805040208652052 ], [ 4.30001, 43.79834 ], [ 4.297719, 43.789793 ], [ 4.296896, 43.78892 ], [ 4.295976, 43.787982 ], [ 4.29448, 43.786825 ], [ 4.292033, 43.785241 ], [ 4.291285, 43.784726 ], [ 4.295521, 43.790878 ] ] ], [ [ [ 4.288039, 43.829804 ], [ 4.288734, 43.831317 ], [ 4.289127, 43.831633 ], [ 4.290553, 43.838931 ], [ 4.28692, 43.84073 ], [ 4.284416, 43.842193 ], [ 4.283868, 43.842382 ], [ 4.283672, 43.842483 ], [ 4.276053, 43.844178 ], [ 4.275784, 43.844218 ], [ 4.275024, 43.844483 ], [ 4.267544, 43.848238 ], [ 4.265707, 43.84925 ], [ 4.256915, 43.850832 ], [ 4.256814, 43.850866 ], [ 4.252047, 43.852198 ], [ 4.250105, 43.852728 ], [ 4.24554, 43.854346 ], [ 4.246069, 43.857907 ], [ 4.248145, 43.857743 ], [ 4.254061, 43.857156 ], [ 4.258414, 43.857451 ], [ 4.261617, 43.856907 ], [ 4.264538, 43.855127 ], [ 4.263726, 43.855242 ], [ 4.260214, 43.855796 ], [ 4.259653, 43.85224 ], [ 4.263165, 43.851686 ], [ 4.26523, 43.851082 ], [ 4.268668, 43.851003 ], [ 4.273992, 43.848584 ], [ 4.274659, 43.848095 ], [ 4.275697, 43.847764 ], [ 4.28184, 43.84715 ], [ 4.286169, 43.843413 ], [ 4.289688, 43.841939 ], [ 4.2949, 43.83871 ], [ 4.29498, 43.838669 ], [ 4.297359, 43.830024 ], [ 4.294901, 43.827607 ], [ 4.290413, 43.824986 ], [ 4.289784, 43.82475 ], [ 4.289672, 43.824703 ], [ 4.284123, 43.823783 ], [ 4.283247, 43.823835 ], [ 4.281548, 43.823827 ], [ 4.288039, 43.829804 ] ] ], [ [ [ 4.271457, 43.859345 ], [ 4.274367, 43.859279 ], [ 4.279084, 43.857588 ], [ 4.280296, 43.854199 ], [ 4.286069, 43.851616 ], [ 4.281455, 43.852728 ], [ 4.275973, 43.85542 ], [ 4.275646, 43.855527 ], [ 4.267086, 43.854769 ], [ 4.264538, 43.855127 ], [ 4.271457, 43.859345 ] ] ], [ [ [ 4.289654281168549, 43.850768060632724 ], [ 4.296859, 43.854831 ], [ 4.297315, 43.854715 ], [ 4.2977, 43.854588 ], [ 4.299317, 43.854341 ], [ 4.298092, 43.8544 ], [ 4.291701, 43.850284 ], [ 4.289241, 43.850535 ], [ 4.286069, 43.851616 ], [ 4.289654281168549, 43.850768060632724 ] ] ], [ [ [ 4.302329, 43.864173 ], [ 4.301902, 43.864232 ], [ 4.301088, 43.864287 ], [ 4.299021, 43.863911 ], [ 4.298906, 43.863865 ], [ 4.29311, 43.866442 ], [ 4.288594, 43.866868 ], [ 4.285055, 43.86745 ], [ 4.285639, 43.871002 ], [ 4.289178, 43.87042 ], [ 4.293445, 43.870026 ], [ 4.2994, 43.87116 ], [ 4.302791, 43.870645 ], [ 4.30645, 43.869631 ], [ 4.30503, 43.86941 ], [ 4.303498, 43.869253 ], [ 4.301916, 43.869235 ], [ 4.301279, 43.86925 ], [ 4.29904, 43.869477 ], [ 4.297928, 43.869606 ], [ 4.297513, 43.86603 ], [ 4.298625, 43.865901 ], [ 4.300915, 43.865668 ], [ 4.301807, 43.865637 ], [ 4.303536, 43.865653 ], [ 4.305382, 43.865828 ], [ 4.306549795753076, 43.864025241204395 ], [ 4.302329, 43.864173 ] ] ], [ [ [ 4.309401, 43.878227 ], [ 4.308662, 43.879291 ], [ 4.308184, 43.879799 ], [ 4.30770206503084, 43.880241703519083 ], [ 4.308376, 43.879766 ], [ 4.308787, 43.879308 ], [ 4.309896, 43.877731 ], [ 4.309853677579808, 43.877631518977495 ], [ 4.309401, 43.878227 ] ] ], [ [ [ 4.295098, 43.884927 ], [ 4.291779, 43.888191 ], [ 4.291061, 43.888688 ], [ 4.289391, 43.889966 ], [ 4.288976, 43.890374 ], [ 4.288716, 43.890684 ], [ 4.288843, 43.891528 ], [ 4.291473, 43.892998 ], [ 4.295751, 43.890345 ], [ 4.29622, 43.890077 ], [ 4.296586, 43.88983 ], [ 4.297001, 43.889499 ], [ 4.301239059557625, 43.88690871851545 ], [ 4.299806, 43.887569 ], [ 4.298214, 43.88434 ], [ 4.300036, 43.883442 ], [ 4.295098, 43.884927 ] ] ], [ [ [ 4.313602, 43.879055 ], [ 4.315273, 43.877713 ], [ 4.313598388548228, 43.879050502508804 ], [ 4.313602, 43.879055 ] ] ], [ [ [ 4.322313, 43.891845 ], [ 4.322001, 43.893498 ], [ 4.324289, 43.89628 ], [ 4.324513, 43.896104 ], [ 4.325404, 43.895018 ], [ 4.325628, 43.894713 ], [ 4.325947, 43.893787 ], [ 4.327432, 43.890378 ], [ 4.32783, 43.889559 ], [ 4.327936, 43.889224 ], [ 4.32794, 43.888262 ], [ 4.3274, 43.887303 ], [ 4.326505, 43.885257 ], [ 4.327091, 43.887029 ], [ 4.325001, 43.88996 ], [ 4.32371, 43.889458 ], [ 4.322865, 43.889144 ], [ 4.322113, 43.888311 ], [ 4.322313, 43.891845 ] ] ], [ [ [ 4.333351, 43.875942 ], [ 4.339875, 43.876387 ], [ 4.34781, 43.875639 ], [ 4.351033, 43.876462 ], [ 4.352764, 43.875546 ], [ 4.357063, 43.872753 ], [ 4.358907, 43.872035 ], [ 4.366614, 43.876151 ], [ 4.36715042836093, 43.876714722171869 ], [ 4.369695, 43.879562 ], [ 4.371086592241142, 43.881905734300865 ], [ 4.3713, 43.88229 ], [ 4.373657, 43.88413 ], [ 4.375451, 43.885558 ], [ 4.38171578295322, 43.888579413036176 ], [ 4.381554, 43.888456 ], [ 4.379703, 43.887043 ], [ 4.378804, 43.886299 ], [ 4.374335, 43.882697 ], [ 4.371768, 43.876914 ], [ 4.371331, 43.876017 ], [ 4.369927, 43.873528 ], [ 4.365944, 43.869401 ], [ 4.357059, 43.870096 ], [ 4.354818, 43.871444 ], [ 4.352072, 43.874456 ], [ 4.351851, 43.874638 ], [ 4.350736, 43.874761 ], [ 4.350289, 43.874703 ], [ 4.34886, 43.872699 ], [ 4.34043, 43.873245 ], [ 4.339177, 43.874625 ], [ 4.339108, 43.874667 ], [ 4.338127, 43.874886 ], [ 4.332005, 43.875692 ], [ 4.326674, 43.880119 ], [ 4.333351, 43.875942 ] ] ], [ [ [ 4.385063, 43.89265 ], [ 4.385431, 43.893359 ], [ 4.385774, 43.89386 ], [ 4.386168, 43.894363 ], [ 4.386782, 43.895022 ], [ 4.387738, 43.895877 ], [ 4.38848, 43.896396 ], [ 4.388484387747991, 43.89638972875165 ], [ 4.388642, 43.896498 ], [ 4.389443, 43.896942 ], [ 4.391189, 43.893794 ], [ 4.38786, 43.889831 ], [ 4.389211, 43.882471 ], [ 4.389444, 43.873664 ], [ 4.395412, 43.870636 ], [ 4.399612548595822, 43.870665524622687 ], [ 4.401235841703834, 43.871362857280296 ], [ 4.404158, 43.873159 ], [ 4.412408, 43.875636 ], [ 4.413152, 43.876195 ], [ 4.414883, 43.875465 ], [ 4.415367, 43.875051 ], [ 4.415941, 43.873917 ], [ 4.415966, 43.873135 ], [ 4.416545, 43.867637 ], [ 4.424437, 43.866194 ], [ 4.427322, 43.865848 ], [ 4.435112, 43.868657 ], [ 4.434172, 43.867758 ], [ 4.432835, 43.866384 ], [ 4.426211, 43.86264 ], [ 4.425612, 43.86244 ], [ 4.421576807144821, 43.861385161299793 ], [ 4.41740780700322, 43.860775677801399 ], [ 4.415745, 43.862867 ], [ 4.41364, 43.865787 ], [ 4.412076, 43.871132 ], [ 4.410544, 43.87439 ], [ 4.408855, 43.873596 ], [ 4.408245, 43.873219 ], [ 4.404139, 43.870912 ], [ 4.404046, 43.870877 ], [ 4.402972, 43.869847 ], [ 4.398419, 43.867356 ], [ 4.397574, 43.867148 ], [ 4.397005, 43.86681 ], [ 4.390713603542357, 43.867944924349288 ], [ 4.387771, 43.873486 ], [ 4.387732, 43.8736 ], [ 4.387496, 43.874218 ], [ 4.382788, 43.881669 ], [ 4.385664, 43.887064 ], [ 4.38348, 43.889925 ], [ 4.383405102667428, 43.88986786550754 ], [ 4.383405, 43.889868 ], [ 4.381717752815398, 43.888580915707898 ], [ 4.385063, 43.89265 ] ] ], [ [ [ 4.453836, 43.878402 ], [ 4.455041681294196, 43.878901844401184 ], [ 4.453674, 43.878334 ], [ 4.450237, 43.876907 ], [ 4.453836, 43.878402 ] ] ], [ [ [ 4.4575, 43.879921 ], [ 4.459028, 43.880486 ], [ 4.459795, 43.880742 ], [ 4.460805, 43.88104 ], [ 4.461828, 43.881305 ], [ 4.463384, 43.881656 ], [ 4.464498, 43.881849 ], [ 4.465565, 43.882014 ], [ 4.466568, 43.882133 ], [ 4.468275, 43.882279 ], [ 4.470567, 43.882408 ], [ 4.478051, 43.883109 ], [ 4.478613, 43.879553 ], [ 4.47759, 43.879391 ], [ 4.476618, 43.87926 ], [ 4.475212, 43.879105 ], [ 4.474241, 43.879017 ], [ 4.473074, 43.878944 ], [ 4.47077, 43.878814 ], [ 4.468478, 43.878684 ], [ 4.466876, 43.878546 ], [ 4.465995, 43.878439 ], [ 4.46505, 43.878292 ], [ 4.464, 43.878109 ], [ 4.462624, 43.877795 ], [ 4.461711, 43.877556 ], [ 4.460819, 43.877291 ], [ 4.460171, 43.877072 ], [ 4.458751, 43.876546 ], [ 4.458490318902842, 43.876437641049314 ], [ 4.457111449497234, 43.879759916972269 ], [ 4.4575, 43.879921 ] ] ], [ [ [ 4.447818, 43.865553 ], [ 4.447039, 43.856793 ], [ 4.448139, 43.855584 ], [ 4.451621, 43.851638 ], [ 4.45207, 43.845682 ], [ 4.460424, 43.843698 ], [ 4.461905, 43.843392 ], [ 4.463089, 43.841278 ], [ 4.461899, 43.837443 ], [ 4.466138739632376, 43.831130802903793 ], [ 4.465334574744767, 43.831109150104567 ], [ 4.46516, 43.831133 ], [ 4.46434, 43.831221 ], [ 4.458031, 43.837638 ], [ 4.458392, 43.840121 ], [ 4.45773, 43.840551 ], [ 4.45658, 43.840933 ], [ 4.449954, 43.843845 ], [ 4.447678, 43.848148 ], [ 4.447443, 43.84901 ], [ 4.447194, 43.849286 ], [ 4.447075, 43.849407 ], [ 4.446964, 43.849509 ], [ 4.445651, 43.849347 ], [ 4.445426, 43.849322 ], [ 4.444103, 43.848574 ], [ 4.436178, 43.852509 ], [ 4.436103, 43.854793 ], [ 4.438726, 43.862367 ], [ 4.440377, 43.867027 ], [ 4.444019, 43.87031 ], [ 4.44515, 43.870843 ], [ 4.446445, 43.871412 ], [ 4.449035, 43.872498 ], [ 4.451618, 43.873582 ], [ 4.447818, 43.865553 ] ] ], [ [ [ 4.470659, 43.831303 ], [ 4.472286, 43.831557 ], [ 4.477062, 43.831537 ], [ 4.472010718837661, 43.831308558386617 ], [ 4.471992, 43.831427 ], [ 4.470937, 43.83126 ], [ 4.470315963067392, 43.831243278071184 ], [ 4.470659, 43.831303 ] ] ], [ [ [ 4.482749, 43.831407 ], [ 4.488732, 43.828655 ], [ 4.488365, 43.825074 ], [ 4.48291, 43.824565 ], [ 4.482135, 43.824641 ], [ 4.474455, 43.820254 ], [ 4.473828, 43.818532 ], [ 4.473658, 43.817975 ], [ 4.472125, 43.816063 ], [ 4.467859, 43.815016 ], [ 4.467486, 43.814911 ], [ 4.46629, 43.81578 ], [ 4.460135, 43.818765 ], [ 4.458092, 43.818953 ], [ 4.457836, 43.818971 ], [ 4.4574, 43.819048 ], [ 4.455253, 43.819779 ], [ 4.454202, 43.819927 ], [ 4.453857, 43.82 ], [ 4.4527, 43.820323 ], [ 4.452397, 43.820394 ], [ 4.446045, 43.81716 ], [ 4.44718, 43.812199 ], [ 4.447604, 43.808624 ], [ 4.443561, 43.804943 ], [ 4.440259, 43.803507 ], [ 4.439182, 43.796055 ], [ 4.440355, 43.79466 ], [ 4.44137, 43.793335 ], [ 4.441892, 43.791979 ], [ 4.442812, 43.790037 ], [ 4.448118, 43.784571 ], [ 4.445759, 43.785822 ], [ 4.443293, 43.787562 ], [ 4.442172, 43.788171 ], [ 4.43665, 43.7934 ], [ 4.435802, 43.794316 ], [ 4.435614, 43.794538 ], [ 4.434166, 43.802369 ], [ 4.435999, 43.803978 ], [ 4.438095, 43.804766 ], [ 4.438452, 43.804943 ], [ 4.438904, 43.805231 ], [ 4.43982, 43.805947 ], [ 4.440623, 43.806516 ], [ 4.438543, 43.809454 ], [ 4.439732, 43.818044 ], [ 4.443041, 43.821249 ], [ 4.451777, 43.822838 ], [ 4.452412, 43.82248 ], [ 4.454019, 43.821343 ], [ 4.460944, 43.824636 ], [ 4.467224, 43.821008 ], [ 4.470638, 43.82215 ], [ 4.478869, 43.825717 ], [ 4.480362, 43.825605 ], [ 4.480481, 43.825627 ], [ 4.481185, 43.828792 ], [ 4.480647, 43.829533 ], [ 4.480079, 43.830074 ], [ 4.479345, 43.830605 ], [ 4.478945, 43.830838 ], [ 4.478291, 43.831145 ], [ 4.477914, 43.831296 ], [ 4.477062, 43.831537 ], [ 4.482749, 43.831407 ] ] ], [ [ [ 4.452755, 43.782182 ], [ 4.454538, 43.781605 ], [ 4.456347, 43.781019 ], [ 4.458244, 43.780374 ], [ 4.460211, 43.779703 ], [ 4.461469, 43.779215 ], [ 4.463709, 43.778216 ], [ 4.462242, 43.774928 ], [ 4.460002, 43.775927 ], [ 4.452976, 43.776659 ], [ 4.450359, 43.777281 ], [ 4.446454, 43.781379 ], [ 4.44935, 43.779893 ], [ 4.449656, 43.779738 ], [ 4.451547, 43.780349 ], [ 4.451575, 43.780385 ], [ 4.451280049729801, 43.78294189997748 ], [ 4.452755, 43.782182 ] ] ], [ [ [ 4.439289, 43.782664 ], [ 4.433774, 43.776763 ], [ 4.432546, 43.768528 ], [ 4.434963, 43.765807 ], [ 4.435081, 43.765669 ], [ 4.436483, 43.758105 ], [ 4.437773, 43.756144 ], [ 4.437215, 43.754642 ], [ 4.44073, 43.746618 ], [ 4.439833, 43.747119 ], [ 4.439405, 43.747373 ], [ 4.438269, 43.748106 ], [ 4.437495, 43.74865 ], [ 4.434059, 43.756835 ], [ 4.434121, 43.757544 ], [ 4.433309, 43.763846 ], [ 4.433276, 43.764051 ], [ 4.432989, 43.765896 ], [ 4.432872, 43.766655 ], [ 4.431921, 43.767231 ], [ 4.429943, 43.775732 ], [ 4.433111, 43.781644 ], [ 4.441702, 43.783899 ], [ 4.444072, 43.782642 ], [ 4.446454, 43.781379 ], [ 4.439289, 43.782664 ] ] ], [ [ [ 4.447425268301134, 43.744009886590767 ], [ 4.447396, 43.744017 ], [ 4.446333, 43.744316 ], [ 4.447425268301134, 43.744009886590767 ] ] ], [ [ [ 4.4933, 43.731916 ], [ 4.494356, 43.731799 ], [ 4.495091, 43.731684 ], [ 4.496123, 43.731468 ], [ 4.496968, 43.731242 ], [ 4.497964, 43.730917 ], [ 4.498739, 43.730613 ], [ 4.499622, 43.730207 ], [ 4.50045, 43.729759 ], [ 4.501309, 43.72922 ], [ 4.502444, 43.728384 ], [ 4.504642, 43.72656 ], [ 4.506907, 43.724657 ], [ 4.50766, 43.723974 ], [ 4.508625, 43.723019 ], [ 4.509404, 43.722157 ], [ 4.509929, 43.721524 ], [ 4.510419, 43.720884 ], [ 4.510899, 43.720205 ], [ 4.511319, 43.71957 ], [ 4.508317, 43.717584 ], [ 4.504492, 43.721987 ], [ 4.502327, 43.723803 ], [ 4.500139, 43.725619 ], [ 4.492915936890014, 43.728334640016065 ], [ 4.492972, 43.728332 ], [ 4.493193859421336, 43.731922724778656 ], [ 4.4933, 43.731916 ] ] ], [ [ [ 4.446462, 43.740541 ], [ 4.445363, 43.740849 ], [ 4.446462438853719, 43.740542568562724 ], [ 4.446462, 43.740541 ] ] ], [ [ [ 4.424507, 43.756071 ], [ 4.42405, 43.756402 ], [ 4.423694, 43.756732 ], [ 4.423407, 43.7571 ], [ 4.42328, 43.757268 ], [ 4.419941, 43.76314 ], [ 4.418989, 43.763777 ], [ 4.418938, 43.763842 ], [ 4.418672, 43.767752 ], [ 4.419173, 43.766884 ], [ 4.420117, 43.76539 ], [ 4.421951986275019, 43.761313222690617 ], [ 4.423434, 43.757679 ], [ 4.423984, 43.756872 ], [ 4.429758, 43.751007 ], [ 4.424507, 43.756071 ] ] ], [ [ [ 4.411901, 43.771549 ], [ 4.407473, 43.764772 ], [ 4.40752, 43.764018 ], [ 4.407515, 43.763547 ], [ 4.40755, 43.762792 ], [ 4.407709, 43.760743 ], [ 4.40412, 43.760464 ], [ 4.400673, 43.767671 ], [ 4.392762, 43.771029 ], [ 4.38989, 43.771572 ], [ 4.383171, 43.767978 ], [ 4.37977, 43.769161 ], [ 4.376864, 43.772075 ], [ 4.373139, 43.773413 ], [ 4.367556, 43.767742 ], [ 4.365746, 43.767001 ], [ 4.365167, 43.766852 ], [ 4.36455, 43.766813 ], [ 4.363645, 43.767019 ], [ 4.35967, 43.767 ], [ 4.355208, 43.76388 ], [ 4.35305, 43.762218 ], [ 4.349767, 43.760051 ], [ 4.347408, 43.759684 ], [ 4.343851, 43.759882 ], [ 4.341754, 43.761218 ], [ 4.341539, 43.761736 ], [ 4.332867, 43.763117 ], [ 4.331607, 43.762109 ], [ 4.32421, 43.763624 ], [ 4.317551, 43.760785 ], [ 4.314971, 43.763295 ], [ 4.316567, 43.764936 ], [ 4.317101, 43.765458 ], [ 4.317917, 43.766168 ], [ 4.31784374895738, 43.770866963577006 ], [ 4.324606, 43.768458 ], [ 4.3258, 43.767599 ], [ 4.325977, 43.767554 ], [ 4.33056, 43.768361 ], [ 4.335628, 43.772004 ], [ 4.342286, 43.766765 ], [ 4.341772, 43.765403 ], [ 4.345141, 43.764133 ], [ 4.347175, 43.763878 ], [ 4.34772, 43.764155 ], [ 4.348208, 43.765067 ], [ 4.348982, 43.766382 ], [ 4.349374, 43.767203 ], [ 4.34956, 43.76773 ], [ 4.349659, 43.768492 ], [ 4.354076, 43.773982 ], [ 4.361398, 43.771177 ], [ 4.362464, 43.769298 ], [ 4.364345, 43.770157 ], [ 4.365056, 43.770741 ], [ 4.365149, 43.7709 ], [ 4.365213, 43.771087 ], [ 4.368545, 43.7758 ], [ 4.374279, 43.775114 ], [ 4.375835, 43.7745 ], [ 4.380877, 43.77227 ], [ 4.381096, 43.77227 ], [ 4.382043, 43.772382 ], [ 4.382764, 43.772455 ], [ 4.383176, 43.772589 ], [ 4.384319, 43.773571 ], [ 4.388589, 43.775967 ], [ 4.393432, 43.774095 ], [ 4.395353, 43.772719 ], [ 4.403521, 43.769979 ], [ 4.405918, 43.769644 ], [ 4.40603, 43.769692 ], [ 4.406706, 43.771657 ], [ 4.406683, 43.771744 ], [ 4.406432, 43.77227 ], [ 4.412738071545675, 43.77738070230977 ], [ 4.416067, 43.773881 ], [ 4.416669, 43.77221 ], [ 4.417035, 43.771244 ], [ 4.417462, 43.770203 ], [ 4.41817, 43.768703 ], [ 4.411901, 43.771549 ] ] ], [ [ [ 4.310077, 43.774271 ], [ 4.306199, 43.77386 ], [ 4.303451, 43.773684 ], [ 4.299106, 43.774303 ], [ 4.293998, 43.775514 ], [ 4.289902, 43.771649 ], [ 4.289125, 43.770045 ], [ 4.289094, 43.770023 ], [ 4.286854, 43.770845 ], [ 4.27971, 43.770194 ], [ 4.280444, 43.770587 ], [ 4.280949, 43.770867 ], [ 4.281811, 43.771388 ], [ 4.282564, 43.771859 ], [ 4.284238, 43.773089 ], [ 4.290119, 43.776407 ], [ 4.296123, 43.777718 ], [ 4.303643, 43.776938 ], [ 4.304712, 43.77683 ], [ 4.308362, 43.776208 ], [ 4.312928725456262, 43.774862418628594 ], [ 4.310077, 43.774271 ] ] ], [ [ [ 4.237434, 43.747261 ], [ 4.235210394334796, 43.747563625183545 ], [ 4.234273, 43.747691 ], [ 4.237386, 43.747268 ], [ 4.240498, 43.746845 ], [ 4.237434, 43.747261 ] ] ] ] } },
{ "type": "Feature", "properties": { "codgeo": "30189", "value": 900, "isochrone_group": 15.0, "nb_agences": 2 }, "geometry": { "type": "MultiPolygon", "coordinates": [ [ [ [ 4.195404, 43.734562 ], [ 4.195015, 43.733738 ], [ 4.194163, 43.732314 ], [ 4.193703, 43.731684 ], [ 4.193154, 43.731025 ], [ 4.192544, 43.73039 ], [ 4.191773, 43.72965 ], [ 4.189239, 43.727977 ], [ 4.188173, 43.727471 ], [ 4.182781, 43.725226 ], [ 4.181504, 43.724896 ], [ 4.177312, 43.723987 ], [ 4.175833, 43.723724 ], [ 4.175201, 43.727268 ], [ 4.17668, 43.727531 ], [ 4.184027, 43.729956 ], [ 4.186157, 43.730562 ], [ 4.19245, 43.736888 ], [ 4.192097, 43.735982 ], [ 4.195449674401948, 43.734678293178028 ], [ 4.195404, 43.734562 ] ] ], [ [ [ 4.279774, 43.776391 ], [ 4.280701, 43.779869 ], [ 4.288601, 43.782567 ], [ 4.287697, 43.781701 ], [ 4.286782, 43.780728 ], [ 4.285554, 43.779364 ], [ 4.278743, 43.77376 ], [ 4.278098, 43.773413 ], [ 4.276352, 43.772583 ], [ 4.275148, 43.772097 ], [ 4.279774, 43.776391 ] ] ], [ [ [ 4.294818, 43.790179 ], [ 4.29578, 43.793117 ], [ 4.294651, 43.799592 ], [ 4.293786, 43.801376 ], [ 4.286578006439881, 43.806206523806253 ], [ 4.285816, 43.806234 ], [ 4.285671, 43.806317 ], [ 4.285582, 43.809827 ], [ 4.281818, 43.815724 ], [ 4.278497137609556, 43.817524847229876 ], [ 4.275334584909644, 43.818340110980891 ], [ 4.273047, 43.818871 ], [ 4.269066, 43.819434 ], [ 4.26878, 43.819446 ], [ 4.268157146946845, 43.819664769932416 ], [ 4.267749, 43.819713 ], [ 4.266980843741284, 43.820077932830941 ], [ 4.265429, 43.820623 ], [ 4.263943, 43.822435 ], [ 4.263942, 43.822551 ], [ 4.264254975067926, 43.822881395193654 ], [ 4.265187, 43.824215 ], [ 4.265691, 43.824492 ], [ 4.268872105466076, 43.82597609841627 ], [ 4.269871, 43.826497 ], [ 4.270080991346914, 43.826574978296762 ], [ 4.27089, 43.827039 ], [ 4.272173, 43.828089 ], [ 4.273951, 43.82801 ], [ 4.273995651347064, 43.827965895404112 ], [ 4.273996, 43.827966 ], [ 4.274196, 43.827768 ], [ 4.275171, 43.827045 ], [ 4.275374, 43.826924 ], [ 4.275905, 43.826358 ], [ 4.278313458352788, 43.824597147263965 ], [ 4.284573, 43.829738 ], [ 4.284643244566234, 43.829997404747807 ], [ 4.283375, 43.832632 ], [ 4.283529, 43.832781 ], [ 4.283803, 43.833027 ], [ 4.282263, 43.841794 ], [ 4.275185, 43.841802 ], [ 4.273023, 43.840115 ], [ 4.272171, 43.840459 ], [ 4.271935, 43.840632 ], [ 4.271793, 43.840829 ], [ 4.271686, 43.841127 ], [ 4.271588, 43.841953 ], [ 4.264683, 43.847293 ], [ 4.261497, 43.848019 ], [ 4.2574, 43.849966 ], [ 4.249201, 43.851827 ], [ 4.241223, 43.854969 ], [ 4.237603, 43.85549 ], [ 4.236789, 43.855627 ], [ 4.234262, 43.855989 ], [ 4.23092, 43.856489 ], [ 4.231453, 43.860049 ], [ 4.234794, 43.85955 ], [ 4.238135, 43.85905 ], [ 4.241735, 43.858533 ], [ 4.248246, 43.858496 ], [ 4.253691, 43.859235 ], [ 4.259301, 43.86072 ], [ 4.26097, 43.860676 ], [ 4.269266, 43.86301 ], [ 4.27153, 43.871698 ], [ 4.272877, 43.875036 ], [ 4.275288, 43.874063 ], [ 4.276915, 43.873621 ], [ 4.283964, 43.87349 ], [ 4.285568, 43.874018 ], [ 4.286043, 43.873957 ], [ 4.286677, 43.8738 ], [ 4.293445, 43.870026 ], [ 4.289178, 43.87042 ], [ 4.285639, 43.871002 ], [ 4.285055, 43.86745 ], [ 4.288594, 43.866868 ], [ 4.29311, 43.866442 ], [ 4.298906, 43.863865 ], [ 4.299021, 43.863911 ], [ 4.301088, 43.864287 ], [ 4.301902, 43.864232 ], [ 4.302329, 43.864173 ], [ 4.307785, 43.863982 ], [ 4.310939, 43.857288 ], [ 4.309510465886126, 43.854374071200638 ], [ 4.308534, 43.85427 ], [ 4.308257, 43.854254 ], [ 4.304168777667973, 43.853448475353972 ], [ 4.301774, 43.853606 ], [ 4.30116, 43.853898 ], [ 4.300839, 43.854015 ], [ 4.300302, 43.854172 ], [ 4.299823, 43.854274 ], [ 4.299317, 43.854341 ], [ 4.2977, 43.854588 ], [ 4.297315, 43.854715 ], [ 4.296859, 43.854831 ], [ 4.289654281168549, 43.850768060632724 ], [ 4.286069, 43.851616 ], [ 4.280296, 43.854199 ], [ 4.279084, 43.857588 ], [ 4.274367, 43.859279 ], [ 4.271457, 43.859345 ], [ 4.264538, 43.855127 ], [ 4.261617, 43.856907 ], [ 4.258414, 43.857451 ], [ 4.254061, 43.857156 ], [ 4.248145, 43.857743 ], [ 4.246069, 43.857907 ], [ 4.24554, 43.854346 ], [ 4.250105, 43.852728 ], [ 4.252047, 43.852198 ], [ 4.256814, 43.850866 ], [ 4.256915, 43.850832 ], [ 4.265707, 43.84925 ], [ 4.267544, 43.848238 ], [ 4.275024, 43.844483 ], [ 4.275784, 43.844218 ], [ 4.276053, 43.844178 ], [ 4.283672, 43.842483 ], [ 4.283868, 43.842382 ], [ 4.284416, 43.842193 ], [ 4.28692, 43.84073 ], [ 4.290553, 43.838931 ], [ 4.289127, 43.831633 ], [ 4.288734, 43.831317 ], [ 4.288039, 43.829804 ], [ 4.281548, 43.823827 ], [ 4.281002, 43.823831 ], [ 4.280124, 43.823915 ], [ 4.277938, 43.82429 ], [ 4.274014, 43.825834 ], [ 4.272659, 43.82625 ], [ 4.271964, 43.826018 ], [ 4.269111, 43.824614 ], [ 4.269513, 43.821037 ], [ 4.27207, 43.820432 ], [ 4.277427, 43.818657 ], [ 4.282887, 43.815173 ], [ 4.287936, 43.810394 ], [ 4.288506, 43.806839 ], [ 4.293879, 43.803963 ], [ 4.294120136099719, 43.803923070607027 ], [ 4.296846, 43.801853 ], [ 4.297002, 43.799394 ], [ 4.295521, 43.790878 ], [ 4.291285, 43.784726 ], [ 4.290217, 43.783938 ], [ 4.294818, 43.790179 ] ] ], [ [ [ 4.297963, 43.872195 ], [ 4.298853, 43.873312 ], [ 4.299131, 43.873375 ], [ 4.299508, 43.873475 ], [ 4.300269, 43.873598 ], [ 4.301445, 43.872649 ], [ 4.302242, 43.872019 ], [ 4.309045041552136, 43.875730778459754 ], [ 4.309713914498655, 43.877302998676463 ], [ 4.309401, 43.878227 ], [ 4.309886, 43.877589 ], [ 4.30645, 43.869631 ], [ 4.302791, 43.870645 ], [ 4.2994, 43.87116 ], [ 4.293445, 43.870026 ], [ 4.297963, 43.872195 ] ] ], [ [ [ 4.306447347596011, 43.88124148030618 ], [ 4.304953593192136, 43.881814346147053 ], [ 4.305782, 43.881597 ], [ 4.306845, 43.881029 ], [ 4.306447347596011, 43.88124148030618 ] ] ], [ [ [ 4.290575, 43.887844 ], [ 4.287929, 43.88979 ], [ 4.286484, 43.891469 ], [ 4.286537, 43.898631 ], [ 4.288706, 43.901504 ], [ 4.288923, 43.901341 ], [ 4.289227, 43.901077 ], [ 4.289677, 43.900585 ], [ 4.289958, 43.900207 ], [ 4.290161, 43.899864 ], [ 4.290393, 43.899287 ], [ 4.290527, 43.898773 ], [ 4.2906, 43.898106 ], [ 4.291255, 43.895139 ], [ 4.295751, 43.890345 ], [ 4.291473, 43.892998 ], [ 4.288843, 43.891528 ], [ 4.288716, 43.890684 ], [ 4.288976, 43.890374 ], [ 4.289391, 43.889966 ], [ 4.291061, 43.888688 ], [ 4.291779, 43.888191 ], [ 4.293170517642464, 43.886822541553173 ], [ 4.290575, 43.887844 ] ] ], [ [ [ 4.30384, 43.885896 ], [ 4.305088, 43.885589 ], [ 4.306636, 43.885194 ], [ 4.303837594496603, 43.885886246827894 ], [ 4.30384, 43.885896 ] ] ], [ [ [ 4.313598388548228, 43.879050502508804 ], [ 4.313584603031702, 43.879033334831391 ], [ 4.313435, 43.879181 ], [ 4.313598388548228, 43.879050502508804 ] ] ], [ [ [ 4.321262, 43.894322 ], [ 4.319252, 43.898197 ], [ 4.318953, 43.898792 ], [ 4.318836, 43.899207 ], [ 4.318332, 43.901394 ], [ 4.318397, 43.901922 ], [ 4.321977, 43.901797 ], [ 4.323482, 43.898761 ], [ 4.323828, 43.898148 ], [ 4.325628, 43.894713 ], [ 4.325404, 43.895018 ], [ 4.324513, 43.896104 ], [ 4.324289, 43.89628 ], [ 4.322001, 43.893498 ], [ 4.322313, 43.891845 ], [ 4.322113, 43.888311 ], [ 4.321262, 43.894322 ] ] ], [ [ [ 4.326674, 43.880119 ], [ 4.326149, 43.883524 ], [ 4.326505, 43.885257 ], [ 4.326674, 43.880119 ] ] ], [ [ [ 4.341031, 43.876913 ], [ 4.34119, 43.87695 ], [ 4.348394, 43.879471 ], [ 4.350008, 43.878739 ], [ 4.355456, 43.87656 ], [ 4.361282, 43.875651 ], [ 4.365467, 43.877336 ], [ 4.36874, 43.880501 ], [ 4.37134, 43.882689 ], [ 4.372578302111969, 43.883287910855337 ], [ 4.3713, 43.88229 ], [ 4.371086592241142, 43.881905734300865 ], [ 4.369695, 43.879562 ], [ 4.36715042836093, 43.876714722171869 ], [ 4.366614, 43.876151 ], [ 4.358907, 43.872035 ], [ 4.357063, 43.872753 ], [ 4.352764, 43.875546 ], [ 4.351033, 43.876462 ], [ 4.34781, 43.875639 ], [ 4.339875, 43.876387 ], [ 4.341031, 43.876913 ] ] ], [ [ [ 4.385431, 43.893359 ], [ 4.385063, 43.89265 ], [ 4.381717, 43.88858 ], [ 4.380614841115528, 43.888048444917203 ], [ 4.385431, 43.893359 ] ] ], [ [ [ 4.393156668558483, 43.900140268837035 ], [ 4.394645, 43.901341 ], [ 4.397766, 43.903136 ], [ 4.397889, 43.902922 ], [ 4.398083, 43.902489 ], [ 4.398147460735697, 43.902276231105503 ], [ 4.398154, 43.902278 ], [ 4.398216, 43.90205 ], [ 4.398293, 43.901508 ], [ 4.398294, 43.901092 ], [ 4.398152, 43.900312 ], [ 4.397899, 43.899688 ], [ 4.397553, 43.899127 ], [ 4.396395, 43.897554 ], [ 4.395607, 43.896561 ], [ 4.395204, 43.896141 ], [ 4.394768, 43.89576 ], [ 4.394411, 43.895494 ], [ 4.39359, 43.894977 ], [ 4.392921, 43.894628 ], [ 4.391185745169333, 43.893790125294721 ], [ 4.391189, 43.893794 ], [ 4.389443, 43.896942 ], [ 4.388642, 43.896498 ], [ 4.388484387747991, 43.89638972875165 ], [ 4.38848, 43.896396 ], [ 4.387738, 43.895877 ], [ 4.393156668558483, 43.900140268837035 ] ] ], [ [ [ 4.391471, 43.882045 ], [ 4.392838, 43.87783 ], [ 4.39483088583532, 43.874172321149132 ], [ 4.402415, 43.876364 ], [ 4.40257, 43.876835 ], [ 4.402692, 43.877095 ], [ 4.40559, 43.878056 ], [ 4.406805, 43.877839 ], [ 4.410374412162829, 43.877232857091535 ], [ 4.411145497001214, 43.877445652758816 ], [ 4.414975, 43.88299 ], [ 4.418369, 43.884191 ], [ 4.421307, 43.88016 ], [ 4.421441, 43.88001 ], [ 4.42105, 43.877105 ], [ 4.425531, 43.870784 ], [ 4.433766, 43.8691 ], [ 4.437768, 43.870782 ], [ 4.437159, 43.870338 ], [ 4.435939, 43.869367 ], [ 4.435112, 43.868657 ], [ 4.427322, 43.865848 ], [ 4.424437, 43.866194 ], [ 4.416545, 43.867637 ], [ 4.415966, 43.873135 ], [ 4.415941, 43.873917 ], [ 4.415367, 43.875051 ], [ 4.414883, 43.875465 ], [ 4.413152, 43.876195 ], [ 4.412408, 43.875636 ], [ 4.404158, 43.873159 ], [ 4.401235841703834, 43.871362857280296 ], [ 4.399612548595822, 43.870665524622687 ], [ 4.395412, 43.870636 ], [ 4.389444, 43.873664 ], [ 4.389211, 43.882471 ], [ 4.38786, 43.889831 ], [ 4.391471, 43.882045 ] ] ], [ [ [ 4.44756, 43.875784 ], [ 4.447609426832466, 43.875804743903792 ], [ 4.447641, 43.875818 ], [ 4.445052, 43.874731 ], [ 4.44756, 43.875784 ] ] ], [ [ [ 4.447667222220021, 43.875828999999065 ], [ 4.447667222220486, 43.875828999999264 ], [ 4.447641, 43.875818 ], [ 4.447667222220021, 43.875828999999065 ] ] ], [ [ [ 4.450069, 43.876837 ], [ 4.450069326942567, 43.876836662573353 ], [ 4.447667222220486, 43.875828999999264 ], [ 4.450069, 43.876837 ] ] ], [ [ [ 4.481206, 43.883715 ], [ 4.482536, 43.884016 ], [ 4.484621, 43.884536 ], [ 4.486175, 43.884966 ], [ 4.48816, 43.885565 ], [ 4.492724, 43.887175 ], [ 4.499974, 43.890494 ], [ 4.501636, 43.8873 ], [ 4.500234, 43.88657 ], [ 4.499315, 43.886114 ], [ 4.496971, 43.885037 ], [ 4.495301, 43.884323 ], [ 4.494045, 43.883827 ], [ 4.49189, 43.883019 ], [ 4.490936, 43.882687 ], [ 4.489282, 43.882144 ], [ 4.487215, 43.88152 ], [ 4.485582, 43.881067 ], [ 4.483408, 43.880524 ], [ 4.482003, 43.880204 ], [ 4.4797, 43.879745 ], [ 4.478652, 43.87956 ], [ 4.478612877625697, 43.879553774311461 ], [ 4.478051, 43.883109 ], [ 4.474643288820734, 43.88278981165999 ], [ 4.481206, 43.883715 ] ] ], [ [ [ 4.461118, 43.870505 ], [ 4.458878, 43.869435 ], [ 4.457881, 43.868992 ], [ 4.456486, 43.868497 ], [ 4.456102900026356, 43.868369300008794 ], [ 4.456103, 43.868369 ], [ 4.453135, 43.86738 ], [ 4.452331, 43.859839 ], [ 4.452924, 43.858142 ], [ 4.453188, 43.857634 ], [ 4.456533, 43.850115 ], [ 4.46438, 43.847675 ], [ 4.465906, 43.846908 ], [ 4.466603, 43.844779 ], [ 4.467612, 43.840797 ], [ 4.472182, 43.833131 ], [ 4.475097, 43.833412 ], [ 4.479344, 43.835108 ], [ 4.484219, 43.835836 ], [ 4.485733, 43.835678 ], [ 4.485897, 43.833989 ], [ 4.492991, 43.830348 ], [ 4.49319, 43.830333 ], [ 4.49334, 43.830325 ], [ 4.493839, 43.829957 ], [ 4.497018, 43.827274 ], [ 4.497027, 43.827267 ], [ 4.49737, 43.825617 ], [ 4.497344, 43.825475 ], [ 4.496517, 43.82413 ], [ 4.496436, 43.824106 ], [ 4.494863, 43.82439 ], [ 4.493513, 43.824596 ], [ 4.492146, 43.824705 ], [ 4.491179007313527, 43.824798075954689 ], [ 4.491179, 43.824798 ], [ 4.488665, 43.824569 ], [ 4.488556, 43.824581 ], [ 4.484438608560156, 43.824707632769432 ], [ 4.488365, 43.825074 ], [ 4.488732, 43.828655 ], [ 4.482749, 43.831407 ], [ 4.477062, 43.831537 ], [ 4.472286, 43.831557 ], [ 4.470659, 43.831303 ], [ 4.469717, 43.831139 ], [ 4.466236, 43.830986 ], [ 4.461899, 43.837443 ], [ 4.463089, 43.841278 ], [ 4.461905, 43.843392 ], [ 4.460424, 43.843698 ], [ 4.45207, 43.845682 ], [ 4.451621, 43.851638 ], [ 4.448139, 43.855584 ], [ 4.447039, 43.856793 ], [ 4.447818, 43.865553 ], [ 4.451618, 43.873582 ], [ 4.455217, 43.875077 ], [ 4.458751, 43.876546 ], [ 4.460171, 43.877072 ], [ 4.460819, 43.877291 ], [ 4.461711, 43.877556 ], [ 4.462624, 43.877795 ], [ 4.464, 43.878109 ], [ 4.46505, 43.878292 ], [ 4.461118, 43.870505 ] ] ], [ [ [ 4.477586, 43.820787 ], [ 4.477064, 43.816963 ], [ 4.476559, 43.813948 ], [ 4.476396, 43.813643 ], [ 4.474776, 43.812552 ], [ 4.473682, 43.811917 ], [ 4.473454, 43.811925 ], [ 4.470497, 43.812175 ], [ 4.46324, 43.811631 ], [ 4.46208, 43.811479 ], [ 4.461928, 43.811517 ], [ 4.454394, 43.811564 ], [ 4.450465, 43.806369 ], [ 4.444651, 43.800476 ], [ 4.44581, 43.796514 ], [ 4.446245, 43.795508 ], [ 4.448404, 43.792628 ], [ 4.447264, 43.787269 ], [ 4.452755, 43.782182 ], [ 4.448118, 43.784571 ], [ 4.442812, 43.790037 ], [ 4.441892, 43.791979 ], [ 4.44137, 43.793335 ], [ 4.440355, 43.79466 ], [ 4.439182, 43.796055 ], [ 4.440259, 43.803507 ], [ 4.443561, 43.804943 ], [ 4.447604, 43.808624 ], [ 4.44718, 43.812199 ], [ 4.446045, 43.81716 ], [ 4.452397, 43.820394 ], [ 4.4527, 43.820323 ], [ 4.453857, 43.82 ], [ 4.454202, 43.819927 ], [ 4.455253, 43.819779 ], [ 4.4574, 43.819048 ], [ 4.457836, 43.818971 ], [ 4.458092, 43.818953 ], [ 4.460135, 43.818765 ], [ 4.46629, 43.81578 ], [ 4.467486, 43.814911 ], [ 4.467859, 43.815016 ], [ 4.472125, 43.816063 ], [ 4.473658, 43.817975 ], [ 4.473828, 43.818532 ], [ 4.474455, 43.820254 ], [ 4.480889538236892, 43.823929562401723 ], [ 4.477586, 43.820787 ] ] ], [ [ [ 4.465328, 43.779455 ], [ 4.46724, 43.779554 ], [ 4.470315, 43.777407 ], [ 4.470507, 43.777247 ], [ 4.47066, 43.77703 ], [ 4.471987, 43.773884 ], [ 4.469961, 43.770908 ], [ 4.466059, 43.771949 ], [ 4.463682, 43.772224 ], [ 4.455677, 43.774593 ], [ 4.454899, 43.774494 ], [ 4.450647, 43.775863 ], [ 4.448186, 43.777605 ], [ 4.439823, 43.780809 ], [ 4.433906, 43.775222 ], [ 4.434179, 43.773138 ], [ 4.436901, 43.766988 ], [ 4.436973, 43.766905 ], [ 4.437973, 43.764473 ], [ 4.438147, 43.7629 ], [ 4.439037, 43.755907 ], [ 4.439403, 43.75367 ], [ 4.439553, 43.752344 ], [ 4.439554, 43.752335 ], [ 4.443783, 43.745203 ], [ 4.442614, 43.745695 ], [ 4.441861, 43.746044 ], [ 4.44073, 43.746618 ], [ 4.437215, 43.754642 ], [ 4.437773, 43.756144 ], [ 4.436483, 43.758105 ], [ 4.435081, 43.765669 ], [ 4.434963, 43.765807 ], [ 4.432546, 43.768528 ], [ 4.433774, 43.776763 ], [ 4.439289, 43.782664 ], [ 4.446454, 43.781379 ], [ 4.450359, 43.777281 ], [ 4.452976, 43.776659 ], [ 4.460002, 43.775927 ], [ 4.462242, 43.774928 ], [ 4.463709, 43.778216 ], [ 4.461469, 43.779215 ], [ 4.460211, 43.779703 ], [ 4.458244, 43.780374 ], [ 4.465328, 43.779455 ] ] ], [ [ [ 4.448869, 43.743659 ], [ 4.44742526830122, 43.744009886590725 ], [ 4.447425268301134, 43.744009886590767 ], [ 4.448869, 43.743659 ] ] ], [ [ [ 4.466470315119056, 43.736614490684637 ], [ 4.465155, 43.737225 ], [ 4.463559, 43.738236 ], [ 4.466470315119056, 43.736614490684637 ] ] ], [ [ [ 4.511348, 43.719526 ], [ 4.512676, 43.717416 ], [ 4.519477, 43.712008 ], [ 4.519957, 43.711816 ], [ 4.521277, 43.711345 ], [ 4.524045, 43.710398 ], [ 4.524759, 43.71013 ], [ 4.525995, 43.709623 ], [ 4.526899, 43.709203 ], [ 4.527723, 43.708781 ], [ 4.526083, 43.705576 ], [ 4.518747, 43.708425 ], [ 4.518148, 43.708662 ], [ 4.517595, 43.70889 ], [ 4.516565, 43.709369 ], [ 4.516094, 43.709611 ], [ 4.515259, 43.71008 ], [ 4.514108, 43.710821 ], [ 4.513599, 43.711189 ], [ 4.512672, 43.711938 ], [ 4.512186, 43.712378 ], [ 4.51151, 43.713055 ], [ 4.510908, 43.713735 ], [ 4.510441, 43.71433 ], [ 4.509722, 43.715359 ], [ 4.508317365575964, 43.717584241850055 ], [ 4.511318933404369, 43.719569955943051 ], [ 4.511348, 43.719526 ] ] ], [ [ [ 4.466367774649118, 43.732586175791099 ], [ 4.466362, 43.732573 ], [ 4.465759, 43.732838 ], [ 4.464494, 43.733466 ], [ 4.466809, 43.732379 ], [ 4.466367774649118, 43.732586175791099 ] ] ], [ [ [ 4.446462438853719, 43.740542568562724 ], [ 4.446462438853721, 43.740542568562724 ], [ 4.446547, 43.740519 ], [ 4.446462438853719, 43.740542568562724 ] ] ], [ [ [ 4.42531, 43.753161 ], [ 4.423509, 43.754041 ], [ 4.423407, 43.7571 ], [ 4.423694, 43.756732 ], [ 4.42405, 43.756402 ], [ 4.424507, 43.756071 ], [ 4.429758, 43.751007 ], [ 4.431093, 43.749479 ], [ 4.432185, 43.748386 ], [ 4.42531, 43.753161 ] ] ], [ [ [ 4.407741, 43.760331 ], [ 4.407836, 43.758709 ], [ 4.407996, 43.756422 ], [ 4.408148, 43.754228 ], [ 4.408372, 43.752955 ], [ 4.404854, 43.752188 ], [ 4.404682, 43.75298 ], [ 4.404575, 43.753789 ], [ 4.404405, 43.75617 ], [ 4.398047, 43.761879 ], [ 4.396966, 43.762828 ], [ 4.396918, 43.763679 ], [ 4.393637, 43.770409 ], [ 4.3905, 43.770782 ], [ 4.384218, 43.765976 ], [ 4.382197, 43.762851 ], [ 4.381664, 43.763182 ], [ 4.376843, 43.765622 ], [ 4.376609, 43.765858 ], [ 4.36788, 43.767877 ], [ 4.36755930278708, 43.767745354846049 ], [ 4.373139, 43.773413 ], [ 4.376864, 43.772075 ], [ 4.37977, 43.769161 ], [ 4.383171, 43.767978 ], [ 4.38989, 43.771572 ], [ 4.392762, 43.771029 ], [ 4.400673, 43.767671 ], [ 4.40412, 43.760464 ], [ 4.407709, 43.760743 ], [ 4.40755, 43.762792 ], [ 4.407741, 43.760331 ] ] ], [ [ [ 4.357251, 43.762852 ], [ 4.354995, 43.761953 ], [ 4.354269, 43.761823 ], [ 4.353432, 43.762003 ], [ 4.346499, 43.757273 ], [ 4.344863, 43.754239 ], [ 4.343041, 43.754578 ], [ 4.341368, 43.7551 ], [ 4.338477, 43.756534 ], [ 4.333737, 43.75893 ], [ 4.333049, 43.759597 ], [ 4.332829, 43.75997 ], [ 4.331209026290813, 43.762190510094563 ], [ 4.331607, 43.762109 ], [ 4.332867, 43.763117 ], [ 4.341539, 43.761736 ], [ 4.341754, 43.761218 ], [ 4.343851, 43.759882 ], [ 4.347408, 43.759684 ], [ 4.349767, 43.760051 ], [ 4.35305, 43.762218 ], [ 4.355208, 43.76388 ], [ 4.35967, 43.767 ], [ 4.363645, 43.767019 ], [ 4.36455, 43.766813 ], [ 4.365167, 43.766852 ], [ 4.357251, 43.762852 ] ] ], [ [ [ 4.317227, 43.760454 ], [ 4.316824, 43.760084 ], [ 4.31637, 43.759756 ], [ 4.313024, 43.757883 ], [ 4.310602, 43.760546 ], [ 4.310933, 43.760847 ], [ 4.311416, 43.761191 ], [ 4.315048, 43.763726 ], [ 4.316567, 43.764936 ], [ 4.314971, 43.763295 ], [ 4.317550112478499, 43.760785863441455 ], [ 4.317227, 43.760454 ] ] ], [ [ [ 4.314413, 43.77317 ], [ 4.310828, 43.773494 ], [ 4.307407, 43.772381 ], [ 4.306308, 43.773742 ], [ 4.298303, 43.772978 ], [ 4.294405, 43.766727 ], [ 4.293851, 43.766021 ], [ 4.292004, 43.764981 ], [ 4.291422, 43.764712 ], [ 4.286364, 43.765055 ], [ 4.286161, 43.765058 ], [ 4.285875, 43.765104 ], [ 4.277752, 43.766414 ], [ 4.270674070390882, 43.765162978040628 ], [ 4.274028, 43.767818 ], [ 4.276431, 43.768734 ], [ 4.277699, 43.769245 ], [ 4.278752, 43.769717 ], [ 4.27971, 43.770194 ], [ 4.286854, 43.770845 ], [ 4.289094, 43.770023 ], [ 4.289125, 43.770045 ], [ 4.289902, 43.771649 ], [ 4.293998, 43.775514 ], [ 4.299106, 43.774303 ], [ 4.303451, 43.773684 ], [ 4.306199, 43.77386 ], [ 4.310077, 43.774271 ], [ 4.314272, 43.775141 ], [ 4.317796, 43.77393 ], [ 4.317917, 43.766168 ], [ 4.317101, 43.765458 ], [ 4.316567, 43.764936 ], [ 4.314413, 43.77317 ] ] ], [ [ [ 4.219414, 43.74938 ], [ 4.220303, 43.749375 ], [ 4.222602, 43.74924 ], [ 4.223749, 43.749112 ], [ 4.219414, 43.74938 ] ] ], [ [ [ 4.211295, 43.74832 ], [ 4.211294954613914, 43.748320177473857 ], [ 4.21085, 43.7482 ], [ 4.211298, 43.748321 ], [ 4.211863, 43.748466 ], [ 4.213096, 43.748739 ], [ 4.214669, 43.749026 ], [ 4.215393, 43.749128 ], [ 4.217013, 43.749292 ], [ 4.218409, 43.749363 ], [ 4.219414, 43.74938 ], [ 4.211295, 43.74832 ] ] ] ] } },
{ "type": "Feature", "properties": { "codgeo": "30189", "value": 960, "isochrone_group": 16.0, "nb_agences": 2 }, "geometry": { "type": "MultiPolygon", "coordinates": [ [ [ [ 4.178726, 43.72399 ], [ 4.173792, 43.723395 ], [ 4.171883, 43.723161 ], [ 4.170374, 43.723007 ], [ 4.169352, 43.722922 ], [ 4.168421, 43.722852 ], [ 4.166819, 43.722758 ], [ 4.164826, 43.7227 ], [ 4.163485, 43.722675 ], [ 4.160033, 43.722648 ], [ 4.152066, 43.721718 ], [ 4.151224, 43.725218 ], [ 4.151817, 43.725361 ], [ 4.152715, 43.72554 ], [ 4.153863, 43.725738 ], [ 4.15513, 43.725922 ], [ 4.158274, 43.726189 ], [ 4.159908, 43.726246 ], [ 4.163456, 43.726275 ], [ 4.164758, 43.726299 ], [ 4.166695, 43.726355 ], [ 4.168208, 43.726446 ], [ 4.169079, 43.726512 ], [ 4.170077, 43.726595 ], [ 4.178503, 43.729391 ], [ 4.179084, 43.7296 ], [ 4.179404, 43.729674 ], [ 4.179792, 43.729718 ], [ 4.180305, 43.729715 ], [ 4.183859, 43.729908 ], [ 4.184022865762168, 43.729954635425806 ], [ 4.17668, 43.727531 ], [ 4.175201, 43.727268 ], [ 4.175833, 43.723724 ], [ 4.177312, 43.723987 ], [ 4.181504, 43.724896 ], [ 4.182781, 43.725226 ], [ 4.178726, 43.72399 ] ] ], [ [ [ 4.193148139590781, 43.738572477223194 ], [ 4.193147, 43.738573 ], [ 4.193466, 43.739268 ], [ 4.192977, 43.738198 ], [ 4.193148139590781, 43.738572477223194 ] ] ], [ [ [ 4.226623, 43.754143 ], [ 4.227413, 43.754143 ], [ 4.227948, 43.754032 ], [ 4.234758, 43.751258 ], [ 4.231645, 43.751682 ], [ 4.225938, 43.753251 ], [ 4.220322, 43.752975 ], [ 4.219347, 43.75298 ], [ 4.218221, 43.752958 ], [ 4.226623, 43.754143 ] ] ], [ [ [ 4.272454, 43.77925 ], [ 4.270831, 43.780072 ], [ 4.270563, 43.780234 ], [ 4.27242, 43.783318 ], [ 4.279788, 43.781641 ], [ 4.283243, 43.781235 ], [ 4.284835643556517, 43.781281059280452 ], [ 4.280701, 43.779869 ], [ 4.279774, 43.776391 ], [ 4.275148, 43.772097 ], [ 4.272607, 43.771126 ], [ 4.271127, 43.770483 ], [ 4.272454, 43.77925 ] ] ], [ [ [ 4.291526, 43.786896 ], [ 4.29215, 43.79048 ], [ 4.293652, 43.793751 ], [ 4.290195, 43.799557 ], [ 4.28458, 43.806438 ], [ 4.283881, 43.806465 ], [ 4.28329, 43.806525 ], [ 4.282501, 43.806645 ], [ 4.28250104180358, 43.806645273490687 ], [ 4.282411, 43.806659 ], [ 4.282955, 43.810218 ], [ 4.279082292585046, 43.817207527632505 ], [ 4.281818, 43.815724 ], [ 4.285582, 43.809827 ], [ 4.285671, 43.806317 ], [ 4.285816, 43.806234 ], [ 4.286578006439881, 43.806206523806253 ], [ 4.293786, 43.801376 ], [ 4.294651, 43.799592 ], [ 4.29578, 43.793117 ], [ 4.294818, 43.790179 ], [ 4.290217, 43.783938 ], [ 4.289195, 43.783099 ], [ 4.288601, 43.782567 ], [ 4.28579002896395, 43.781607000018326 ], [ 4.291526, 43.786896 ] ] ], [ [ [ 4.274917101124551, 43.817850161038209 ], [ 4.27226, 43.818037 ], [ 4.272248984535906, 43.818038535748201 ], [ 4.272067, 43.817975 ], [ 4.266877, 43.818596 ], [ 4.264861, 43.818427 ], [ 4.260562, 43.820301 ], [ 4.260502, 43.820326 ], [ 4.260691, 43.823674 ], [ 4.260866, 43.826468 ], [ 4.260901, 43.826493 ], [ 4.263034, 43.826872 ], [ 4.263049, 43.826872 ], [ 4.268545, 43.827892 ], [ 4.270531, 43.829518 ], [ 4.272467, 43.837485 ], [ 4.270646, 43.839842 ], [ 4.269120928452748, 43.843860916301587 ], [ 4.271588, 43.841953 ], [ 4.271686, 43.841127 ], [ 4.271793, 43.840829 ], [ 4.271935, 43.840632 ], [ 4.272171, 43.840459 ], [ 4.273023, 43.840115 ], [ 4.275185, 43.841802 ], [ 4.282263, 43.841794 ], [ 4.283803, 43.833027 ], [ 4.283529, 43.832781 ], [ 4.283375, 43.832632 ], [ 4.284643244566234, 43.829997404747807 ], [ 4.284573, 43.829738 ], [ 4.278313458352788, 43.824597147263965 ], [ 4.275905, 43.826358 ], [ 4.275374, 43.826924 ], [ 4.275171, 43.827045 ], [ 4.274196, 43.827768 ], [ 4.273996, 43.827966 ], [ 4.273995651347064, 43.827965895404112 ], [ 4.273951, 43.82801 ], [ 4.272173, 43.828089 ], [ 4.27089, 43.827039 ], [ 4.270080991346914, 43.826574978296762 ], [ 4.269871, 43.826497 ], [ 4.268872105466076, 43.82597609841627 ], [ 4.265691, 43.824492 ], [ 4.265187, 43.824215 ], [ 4.264254975067926, 43.822881395193654 ], [ 4.263942, 43.822551 ], [ 4.263943, 43.822435 ], [ 4.265429, 43.820623 ], [ 4.266980843741284, 43.820077932830941 ], [ 4.267749, 43.819713 ], [ 4.268157146946845, 43.819664769932416 ], [ 4.26878, 43.819446 ], [ 4.269066, 43.819434 ], [ 4.273047, 43.818871 ], [ 4.275334584909644, 43.818340110980891 ], [ 4.278497137609556, 43.817524847229876 ], [ 4.278639535275434, 43.817447627395985 ], [ 4.274917101124551, 43.817850161038209 ] ] ], [ [ [ 4.25752, 43.847559 ], [ 4.255805, 43.847738 ], [ 4.255413, 43.847764 ], [ 4.254283, 43.847888 ], [ 4.246674, 43.850654 ], [ 4.239141, 43.853466 ], [ 4.235682, 43.854464 ], [ 4.230562, 43.856542 ], [ 4.227041, 43.857069 ], [ 4.223522, 43.857595 ], [ 4.22034, 43.858069 ], [ 4.217086, 43.858556 ], [ 4.216655, 43.858638 ], [ 4.217331, 43.862174 ], [ 4.223813, 43.861671 ], [ 4.226552, 43.861693 ], [ 4.234608508796625, 43.859577704313217 ], [ 4.231453, 43.860049 ], [ 4.23092, 43.856489 ], [ 4.234262, 43.855989 ], [ 4.236789, 43.855627 ], [ 4.237603, 43.85549 ], [ 4.241223, 43.854969 ], [ 4.249201, 43.851827 ], [ 4.2574, 43.849966 ], [ 4.260319358071269, 43.848578645798206 ], [ 4.25752, 43.847559 ] ] ], [ [ [ 4.248339, 43.861118 ], [ 4.248769, 43.861374 ], [ 4.253138, 43.861541 ], [ 4.257882, 43.864364 ], [ 4.25804, 43.864328 ], [ 4.258814, 43.864011 ], [ 4.259678, 43.863441 ], [ 4.266552, 43.863225 ], [ 4.26694, 43.863392 ], [ 4.267746, 43.863709 ], [ 4.269745150503633, 43.864848718893811 ], [ 4.269266, 43.86301 ], [ 4.26097, 43.860676 ], [ 4.259301, 43.86072 ], [ 4.253691, 43.859235 ], [ 4.248246, 43.858496 ], [ 4.241735, 43.858533 ], [ 4.248339, 43.861118 ] ] ], [ [ [ 4.268787, 43.872805 ], [ 4.265793, 43.873979 ], [ 4.2628, 43.875154 ], [ 4.264115, 43.878505 ], [ 4.267108, 43.877331 ], [ 4.275277, 43.876892 ], [ 4.277051, 43.877428 ], [ 4.277683, 43.877627 ], [ 4.279417, 43.877268 ], [ 4.285568, 43.874018 ], [ 4.283964, 43.87349 ], [ 4.276915, 43.873621 ], [ 4.275288, 43.874063 ], [ 4.272877, 43.875036 ], [ 4.27153, 43.871698 ], [ 4.270496705626578, 43.867732778482228 ], [ 4.268787, 43.872805 ] ] ], [ [ [ 4.287385, 43.873904 ], [ 4.287934, 43.873828 ], [ 4.288996, 43.87359 ], [ 4.290594, 43.873232 ], [ 4.295309, 43.873811 ], [ 4.296634, 43.873665 ], [ 4.29987, 43.873995 ], [ 4.301657, 43.87435 ], [ 4.301035, 43.883046 ], [ 4.302364, 43.882563 ], [ 4.302391, 43.882553 ], [ 4.303255, 43.88226 ], [ 4.304953593192113, 43.881814346147074 ], [ 4.306447347596011, 43.88124148030618 ], [ 4.306845, 43.881029 ], [ 4.308184, 43.879799 ], [ 4.308662, 43.879291 ], [ 4.309401, 43.878227 ], [ 4.309713914498655, 43.877302998676463 ], [ 4.309045041552136, 43.875730778459754 ], [ 4.302242, 43.872019 ], [ 4.301445, 43.872649 ], [ 4.300269, 43.873598 ], [ 4.299508, 43.873475 ], [ 4.299131, 43.873375 ], [ 4.298853, 43.873312 ], [ 4.297963, 43.872195 ], [ 4.293445, 43.870026 ], [ 4.286677, 43.8738 ], [ 4.286043, 43.873957 ], [ 4.287385, 43.873904 ] ] ], [ [ [ 4.295764996981655, 43.885639501715445 ], [ 4.288854, 43.886146 ], [ 4.288026, 43.88583 ], [ 4.286637, 43.887086 ], [ 4.286195, 43.887448 ], [ 4.285753, 43.891394 ], [ 4.284663, 43.900011 ], [ 4.284096, 43.900523 ], [ 4.283512, 43.900995 ], [ 4.282585, 43.901631 ], [ 4.282038, 43.901933 ], [ 4.281317, 43.902282 ], [ 4.280679, 43.902546 ], [ 4.27936, 43.903025 ], [ 4.277765, 43.903629 ], [ 4.27692, 43.903923 ], [ 4.278104, 43.907323 ], [ 4.278948, 43.907029 ], [ 4.28544, 43.905266 ], [ 4.285644, 43.905047 ], [ 4.28666, 43.903954 ], [ 4.288596695696158, 43.901359218411727 ], [ 4.286537, 43.898631 ], [ 4.286484, 43.891469 ], [ 4.287929, 43.88979 ], [ 4.290575, 43.887844 ], [ 4.295596, 43.885868 ], [ 4.295881, 43.885631 ], [ 4.296343, 43.885311 ], [ 4.295764996981655, 43.885639501715445 ] ] ], [ [ [ 4.302341, 43.886401 ], [ 4.301628, 43.886671 ], [ 4.297001, 43.889499 ], [ 4.302341, 43.886401 ] ] ], [ [ [ 4.303837594496603, 43.885886246827894 ], [ 4.30383162977841, 43.885862062732663 ], [ 4.303592, 43.885947 ], [ 4.303837594496603, 43.885886246827894 ] ] ], [ [ [ 4.322456, 43.881887 ], [ 4.315273, 43.877713 ], [ 4.314950147897335, 43.877970860112484 ], [ 4.322456, 43.881887 ] ] ], [ [ [ 4.317243, 43.901136 ], [ 4.316896, 43.901517 ], [ 4.316149, 43.902551 ], [ 4.315889, 43.903273 ], [ 4.314741, 43.905852 ], [ 4.314514, 43.909085 ], [ 4.315107, 43.909198 ], [ 4.315583, 43.909231 ], [ 4.316183, 43.909142 ], [ 4.316813, 43.908851 ], [ 4.31783, 43.908046 ], [ 4.319038, 43.906773 ], [ 4.319403, 43.90615 ], [ 4.321542, 43.902935 ], [ 4.323828, 43.898148 ], [ 4.323482, 43.898761 ], [ 4.321977, 43.901797 ], [ 4.318397, 43.901922 ], [ 4.318332, 43.901394 ], [ 4.318836, 43.899207 ], [ 4.318953, 43.898792 ], [ 4.317243, 43.901136 ] ] ], [ [ [ 4.34084, 43.877328 ], [ 4.341509, 43.877765 ], [ 4.341928, 43.877969 ], [ 4.343377926188698, 43.877715652682078 ], [ 4.34119, 43.87695 ], [ 4.341031, 43.876913 ], [ 4.339875, 43.876387 ], [ 4.333351, 43.875942 ], [ 4.34084, 43.877328 ] ] ], [ [ [ 4.354802, 43.879836 ], [ 4.355408, 43.880006 ], [ 4.356022, 43.880115 ], [ 4.356598, 43.880087 ], [ 4.357149, 43.879987 ], [ 4.362733, 43.880194 ], [ 4.366165, 43.882589 ], [ 4.367058, 43.882805 ], [ 4.367224298389595, 43.882828480050534 ], [ 4.367242, 43.882839 ], [ 4.369289, 43.88312 ], [ 4.369962, 43.883251 ], [ 4.373344829702874, 43.883658645662841 ], [ 4.37134, 43.882689 ], [ 4.36874, 43.880501 ], [ 4.365467, 43.877336 ], [ 4.361282, 43.875651 ], [ 4.355456, 43.87656 ], [ 4.351198016674267, 43.878263037016673 ], [ 4.354802, 43.879836 ] ] ], [ [ [ 4.391419, 43.903866 ], [ 4.390001, 43.906526 ], [ 4.389561, 43.907283 ], [ 4.388508, 43.90886 ], [ 4.387455, 43.910436 ], [ 4.387455348280586, 43.910436232536036 ], [ 4.387386, 43.91054 ], [ 4.39038, 43.912539 ], [ 4.391092300338851, 43.911472187716974 ], [ 4.391502, 43.910859 ], [ 4.392555, 43.909283 ], [ 4.397243, 43.903786 ], [ 4.397627, 43.903342 ], [ 4.39775827595825, 43.903131557624185 ], [ 4.394645, 43.901341 ], [ 4.393156668558483, 43.900140268837035 ], [ 4.388690350600151, 43.89662628491967 ], [ 4.391419, 43.903866 ] ] ], [ [ [ 4.391936, 43.884235 ], [ 4.393296, 43.883716 ], [ 4.393302757669074, 43.883712878904831 ], [ 4.393326, 43.883704 ], [ 4.393326553698556, 43.883701888477269 ], [ 4.401437, 43.879956 ], [ 4.402553, 43.881421 ], [ 4.404654, 43.881571 ], [ 4.411003, 43.879497 ], [ 4.414905, 43.884582 ], [ 4.415078, 43.88862 ], [ 4.415111, 43.889384 ], [ 4.415244, 43.890025 ], [ 4.415627, 43.891304 ], [ 4.415650312935375, 43.891297002062601 ], [ 4.41578, 43.891703 ], [ 4.416058, 43.892166 ], [ 4.416388, 43.892546 ], [ 4.41671, 43.892824 ], [ 4.417147, 43.893112 ], [ 4.417774, 43.893455 ], [ 4.418305, 43.89331 ], [ 4.41981, 43.890486 ], [ 4.419428745217297, 43.887555103857963 ], [ 4.42077907066126, 43.886106200025409 ], [ 4.426386, 43.881869 ], [ 4.428303, 43.880016 ], [ 4.428375, 43.879827 ], [ 4.428435, 43.879579 ], [ 4.429253247709798, 43.875547209194139 ], [ 4.432118, 43.872021 ], [ 4.435003233543117, 43.871400323200582 ], [ 4.438114, 43.871829 ], [ 4.440817, 43.876262 ], [ 4.443916, 43.878094 ], [ 4.450237, 43.876907 ], [ 4.450069326942567, 43.876836662573353 ], [ 4.450069, 43.876837 ], [ 4.447667222220021, 43.875828999999065 ], [ 4.447641, 43.875818 ], [ 4.447609426832466, 43.875804743903792 ], [ 4.44756, 43.875784 ], [ 4.445052, 43.874731 ], [ 4.443704, 43.87414 ], [ 4.442486, 43.873567 ], [ 4.441354, 43.872994 ], [ 4.440692, 43.872633 ], [ 4.439531, 43.871948 ], [ 4.438437, 43.871244 ], [ 4.437768, 43.870782 ], [ 4.433766, 43.8691 ], [ 4.425531, 43.870784 ], [ 4.42105, 43.877105 ], [ 4.421441, 43.88001 ], [ 4.421307, 43.88016 ], [ 4.418369, 43.884191 ], [ 4.414975, 43.88299 ], [ 4.411145497001214, 43.877445652758816 ], [ 4.410374412162829, 43.877232857091535 ], [ 4.406805, 43.877839 ], [ 4.40559, 43.878056 ], [ 4.402692, 43.877095 ], [ 4.40257, 43.876835 ], [ 4.402415, 43.876364 ], [ 4.39483088583532, 43.874172321149132 ], [ 4.392838, 43.87783 ], [ 4.391471, 43.882045 ], [ 4.38786, 43.889831 ], [ 4.389944710396811, 43.892345725975112 ], [ 4.391936, 43.884235 ] ] ], [ [ [ 4.470502, 43.882405 ], [ 4.472423942671341, 43.882512925801421 ], [ 4.470567, 43.882408 ], [ 4.468275, 43.882279 ], [ 4.470502, 43.882405 ] ] ], [ [ [ 4.472423942673332, 43.882512925801535 ], [ 4.47285, 43.882537 ], [ 4.472423942671341, 43.882512925801421 ], [ 4.472423942673332, 43.882512925801535 ] ] ], [ [ [ 4.505753, 43.894004 ], [ 4.508, 43.89559 ], [ 4.510633, 43.897533 ], [ 4.51127, 43.897947 ], [ 4.512137, 43.898482 ], [ 4.512928, 43.898927 ], [ 4.513683, 43.89932 ], [ 4.514973, 43.899931 ], [ 4.516062, 43.900387 ], [ 4.516914, 43.900706 ], [ 4.517979, 43.901064 ], [ 4.519124, 43.89765 ], [ 4.512597, 43.894516 ], [ 4.510141, 43.892695 ], [ 4.507829, 43.891063 ], [ 4.506863, 43.890408 ], [ 4.504779, 43.889086 ], [ 4.503357, 43.888252 ], [ 4.501707, 43.887338 ], [ 4.501635598197548, 43.887300772176303 ], [ 4.499974125852628, 43.890493758138824 ], [ 4.505753, 43.894004 ] ] ], [ [ [ 4.467567, 43.873423 ], [ 4.467523, 43.873389 ], [ 4.466745, 43.873038 ], [ 4.464354, 43.872051 ], [ 4.461629, 43.870749 ], [ 4.458878, 43.869435 ], [ 4.461118, 43.870505 ], [ 4.46505, 43.878292 ], [ 4.465995, 43.878439 ], [ 4.466876, 43.878546 ], [ 4.468478, 43.878684 ], [ 4.47077, 43.878814 ], [ 4.473074, 43.878944 ], [ 4.474241, 43.879017 ], [ 4.467567, 43.873423 ] ] ], [ [ [ 4.457026, 43.862618 ], [ 4.458312, 43.860297 ], [ 4.457859, 43.856726 ], [ 4.46034, 43.850437 ], [ 4.467293, 43.851021 ], [ 4.470175, 43.848864 ], [ 4.469708, 43.84824 ], [ 4.468183, 43.845333 ], [ 4.471291, 43.83759 ], [ 4.477667, 43.839625 ], [ 4.478084, 43.83977 ], [ 4.478085, 43.839771 ], [ 4.478538, 43.839929 ], [ 4.480585, 43.838223 ], [ 4.487946, 43.835644 ], [ 4.494652, 43.83255 ], [ 4.498144, 43.829901 ], [ 4.502796, 43.828526 ], [ 4.503703, 43.826947 ], [ 4.503868, 43.825089 ], [ 4.502393, 43.823726 ], [ 4.494304, 43.820135 ], [ 4.491536, 43.82142 ], [ 4.484146, 43.81739 ], [ 4.481591, 43.812795 ], [ 4.48122, 43.810083 ], [ 4.479838, 43.808202 ], [ 4.47822, 43.807758 ], [ 4.472701, 43.809822 ], [ 4.46886, 43.810345 ], [ 4.46078, 43.808199 ], [ 4.457473, 43.809623 ], [ 4.453152, 43.802812 ], [ 4.450351, 43.794933 ], [ 4.449618, 43.791081 ], [ 4.450374, 43.787561 ], [ 4.45075, 43.785754 ], [ 4.454538, 43.781605 ], [ 4.452755, 43.782182 ], [ 4.447264, 43.787269 ], [ 4.448404, 43.792628 ], [ 4.446245, 43.795508 ], [ 4.44581, 43.796514 ], [ 4.444651, 43.800476 ], [ 4.450465, 43.806369 ], [ 4.454394, 43.811564 ], [ 4.461928, 43.811517 ], [ 4.46208, 43.811479 ], [ 4.46324, 43.811631 ], [ 4.470497, 43.812175 ], [ 4.473454, 43.811925 ], [ 4.473682, 43.811917 ], [ 4.474776, 43.812552 ], [ 4.476396, 43.813643 ], [ 4.476559, 43.813948 ], [ 4.477064, 43.816963 ], [ 4.477586, 43.820787 ], [ 4.481793, 43.824789 ], [ 4.488556, 43.824581 ], [ 4.488665, 43.824569 ], [ 4.491179, 43.824798 ], [ 4.491179007313527, 43.824798075954689 ], [ 4.492146, 43.824705 ], [ 4.493513, 43.824596 ], [ 4.494863, 43.82439 ], [ 4.496436, 43.824106 ], [ 4.496517, 43.82413 ], [ 4.497344, 43.825475 ], [ 4.49737, 43.825617 ], [ 4.497027, 43.827267 ], [ 4.497018, 43.827274 ], [ 4.493839, 43.829957 ], [ 4.49334, 43.830325 ], [ 4.49319, 43.830333 ], [ 4.492991, 43.830348 ], [ 4.485897, 43.833989 ], [ 4.485733, 43.835678 ], [ 4.484219, 43.835836 ], [ 4.479344, 43.835108 ], [ 4.475097, 43.833412 ], [ 4.472182, 43.833131 ], [ 4.467612, 43.840797 ], [ 4.466603, 43.844779 ], [ 4.465906, 43.846908 ], [ 4.46438, 43.847675 ], [ 4.456533, 43.850115 ], [ 4.453188, 43.857634 ], [ 4.452924, 43.858142 ], [ 4.452331, 43.859839 ], [ 4.453135, 43.86738 ], [ 4.456103, 43.868369 ], [ 4.456102900026356, 43.868369300008794 ], [ 4.456486, 43.868497 ], [ 4.457881, 43.868992 ], [ 4.458878, 43.869435 ], [ 4.457026, 43.862618 ] ] ], [ [ [ 4.459991, 43.781954 ], [ 4.464142, 43.78378 ], [ 4.464797, 43.783888 ], [ 4.465355, 43.783881 ], [ 4.466227, 43.783382 ], [ 4.471034, 43.77965 ], [ 4.475422, 43.776672 ], [ 4.475698, 43.773083 ], [ 4.477638, 43.765524 ], [ 4.474833, 43.763266 ], [ 4.469706, 43.767262 ], [ 4.464441, 43.770874 ], [ 4.461537, 43.771386 ], [ 4.458034891843349, 43.773895205399533 ], [ 4.463682, 43.772224 ], [ 4.466059, 43.771949 ], [ 4.469961, 43.770908 ], [ 4.471987, 43.773884 ], [ 4.47066, 43.77703 ], [ 4.470507, 43.777247 ], [ 4.470315, 43.777407 ], [ 4.46724, 43.779554 ], [ 4.465328, 43.779455 ], [ 4.458244, 43.780374 ], [ 4.456347, 43.781019 ], [ 4.454538, 43.781605 ], [ 4.459991, 43.781954 ] ] ], [ [ [ 4.452653, 43.773641 ], [ 4.449106, 43.774277 ], [ 4.446521, 43.776782 ], [ 4.440858, 43.777754 ], [ 4.437557, 43.775184 ], [ 4.439604, 43.768183 ], [ 4.439968, 43.767533 ], [ 4.440172, 43.764443 ], [ 4.440004, 43.763239 ], [ 4.441493, 43.756055 ], [ 4.441805, 43.754199 ], [ 4.441956, 43.753216 ], [ 4.441734, 43.752472 ], [ 4.444865, 43.744797 ], [ 4.443783, 43.745203 ], [ 4.439554, 43.752335 ], [ 4.439553, 43.752344 ], [ 4.439403, 43.75367 ], [ 4.439037, 43.755907 ], [ 4.438147, 43.7629 ], [ 4.437973, 43.764473 ], [ 4.436973, 43.766905 ], [ 4.436901, 43.766988 ], [ 4.434179, 43.773138 ], [ 4.433906, 43.775222 ], [ 4.439823, 43.780809 ], [ 4.448186, 43.777605 ], [ 4.450647, 43.775863 ], [ 4.45429597561415, 43.774688153429956 ], [ 4.452653, 43.773641 ] ] ], [ [ [ 4.469507, 43.735205 ], [ 4.46895, 43.735404 ], [ 4.468126, 43.735729 ], [ 4.467687996483442, 43.735936281148838 ], [ 4.466470315119056, 43.736614490684637 ], [ 4.469507, 43.735205 ] ] ], [ [ [ 4.471046, 43.734726 ], [ 4.470197, 43.734976 ], [ 4.469507, 43.735205 ], [ 4.471046, 43.734726 ] ] ], [ [ [ 4.472724, 43.734317 ], [ 4.471905, 43.7345 ], [ 4.471046, 43.734726 ], [ 4.472724, 43.734317 ] ] ], [ [ [ 4.527842, 43.708718 ], [ 4.528885, 43.708123 ], [ 4.530179, 43.707321 ], [ 4.532394, 43.705893 ], [ 4.533447, 43.705206 ], [ 4.534582, 43.704422 ], [ 4.535488, 43.703704 ], [ 4.536069, 43.703205 ], [ 4.536599, 43.702719 ], [ 4.537239, 43.702085 ], [ 4.537817, 43.701458 ], [ 4.538838, 43.700256 ], [ 4.541097, 43.69752 ], [ 4.543356, 43.694784 ], [ 4.54058, 43.692492 ], [ 4.538321, 43.695228 ], [ 4.536062, 43.697964 ], [ 4.530428, 43.702878 ], [ 4.528228, 43.704295 ], [ 4.52083122915433, 43.707615571311237 ], [ 4.526083, 43.705576 ], [ 4.527722272297694, 43.708779577874459 ], [ 4.527842, 43.708718 ] ] ], [ [ [ 4.491371038524471, 43.728426969038601 ], [ 4.491371, 43.728426 ], [ 4.488831, 43.728527 ], [ 4.491548, 43.72842 ], [ 4.491371038524471, 43.728426969038601 ] ] ], [ [ [ 4.428484, 43.747755 ], [ 4.425461, 43.748205 ], [ 4.424738, 43.748448 ], [ 4.422972, 43.750023 ], [ 4.423388, 43.752121 ], [ 4.423432, 43.75279 ], [ 4.423487, 43.753835 ], [ 4.423514147890978, 43.754038484650721 ], [ 4.42531, 43.753161 ], [ 4.432185, 43.748386 ], [ 4.433299, 43.747379 ], [ 4.434542, 43.746363 ], [ 4.435427, 43.745703 ], [ 4.43632, 43.745079 ], [ 4.428484, 43.747755 ] ] ], [ [ [ 4.422754808809511, 43.759257909638194 ], [ 4.422754808809514, 43.75925790963818 ], [ 4.423407, 43.7571 ], [ 4.422754808809511, 43.759257909638194 ] ] ], [ [ [ 4.417911, 43.768361 ], [ 4.41143962242573, 43.770842867249129 ], [ 4.411901, 43.771549 ], [ 4.41817, 43.768703 ], [ 4.418672, 43.767752 ], [ 4.419173, 43.766884 ], [ 4.417911, 43.768361 ] ] ], [ [ [ 4.409283, 43.750992 ], [ 4.41055, 43.748979 ], [ 4.410767, 43.748462 ], [ 4.410939, 43.7478 ], [ 4.411007, 43.747224 ], [ 4.411003, 43.746775 ], [ 4.410701, 43.743671 ], [ 4.407118, 43.74402 ], [ 4.404323, 43.747128 ], [ 4.401109, 43.750069 ], [ 4.400689, 43.753644 ], [ 4.397004, 43.760928 ], [ 4.394353, 43.761384 ], [ 4.391938, 43.761055 ], [ 4.384228, 43.759332 ], [ 4.378442, 43.761821 ], [ 4.377105, 43.762515 ], [ 4.37514, 43.765532 ], [ 4.368753, 43.766763 ], [ 4.366064, 43.765755 ], [ 4.35817, 43.76233 ], [ 4.357034, 43.761829 ], [ 4.355871, 43.761431 ], [ 4.354509, 43.760901 ], [ 4.34868, 43.755519 ], [ 4.348001, 43.754015 ], [ 4.343998, 43.74814 ], [ 4.34298, 43.747904 ], [ 4.342288, 43.748008 ], [ 4.340636, 43.749429 ], [ 4.340643, 43.749734 ], [ 4.340632, 43.750973 ], [ 4.336822676271832, 43.757370236213632 ], [ 4.338477, 43.756534 ], [ 4.341368, 43.7551 ], [ 4.343041, 43.754578 ], [ 4.344863, 43.754239 ], [ 4.346499, 43.757273 ], [ 4.353432, 43.762003 ], [ 4.354269, 43.761823 ], [ 4.354995, 43.761953 ], [ 4.357251, 43.762852 ], [ 4.365167, 43.766852 ], [ 4.365746, 43.767001 ], [ 4.36788, 43.767877 ], [ 4.376609, 43.765858 ], [ 4.376843, 43.765622 ], [ 4.381664, 43.763182 ], [ 4.382197, 43.762851 ], [ 4.384218, 43.765976 ], [ 4.3905, 43.770782 ], [ 4.393637, 43.770409 ], [ 4.396918, 43.763679 ], [ 4.396966, 43.762828 ], [ 4.398047, 43.761879 ], [ 4.404405, 43.75617 ], [ 4.404575, 43.753789 ], [ 4.404682, 43.75298 ], [ 4.404854, 43.752188 ], [ 4.408372, 43.752955 ], [ 4.408148, 43.754228 ], [ 4.409283, 43.750992 ] ] ], [ [ [ 4.331223, 43.757698 ], [ 4.330212, 43.757861 ], [ 4.329964, 43.75798 ], [ 4.330811, 43.761635 ], [ 4.326485323934349, 43.763880527881689 ], [ 4.323413, 43.764173 ], [ 4.319147, 43.762425 ], [ 4.319146512801367, 43.762425499606401 ], [ 4.319147, 43.762426 ], [ 4.319615, 43.76288 ], [ 4.320274, 43.763447 ], [ 4.32101, 43.763966 ], [ 4.323435, 43.765464 ], [ 4.330412, 43.763283 ], [ 4.332829, 43.75997 ], [ 4.333049, 43.759597 ], [ 4.333737, 43.75893 ], [ 4.336136405335617, 43.757717136037108 ], [ 4.331223, 43.757698 ] ] ], [ [ [ 4.315021, 43.756947 ], [ 4.314511, 43.755375 ], [ 4.314381, 43.755127 ], [ 4.309812, 43.751727 ], [ 4.307007, 43.753984 ], [ 4.306449, 43.755244 ], [ 4.305962, 43.760575 ], [ 4.300029, 43.763214 ], [ 4.299482, 43.763212 ], [ 4.298901, 43.763288 ], [ 4.297573, 43.763398 ], [ 4.296912, 43.76341 ], [ 4.290714, 43.760966 ], [ 4.281756, 43.760511 ], [ 4.278238, 43.759747 ], [ 4.276163, 43.761196 ], [ 4.275057, 43.761958 ], [ 4.266245, 43.760643 ], [ 4.26754, 43.762682 ], [ 4.270674070390875, 43.765162978040628 ], [ 4.277752, 43.766414 ], [ 4.285875, 43.765104 ], [ 4.286161, 43.765058 ], [ 4.286364, 43.765055 ], [ 4.291422, 43.764712 ], [ 4.292004, 43.764981 ], [ 4.293851, 43.766021 ], [ 4.294405, 43.766727 ], [ 4.298303, 43.772978 ], [ 4.306308, 43.773742 ], [ 4.307407, 43.772381 ], [ 4.310828, 43.773494 ], [ 4.314413, 43.77317 ], [ 4.316567, 43.764936 ], [ 4.315048, 43.763726 ], [ 4.311416, 43.761191 ], [ 4.310933, 43.760847 ], [ 4.310602, 43.760546 ], [ 4.313024, 43.757883 ], [ 4.31637, 43.759756 ], [ 4.316824, 43.760084 ], [ 4.317227, 43.760454 ], [ 4.315021, 43.756947 ] ] ], [ [ [ 4.208438, 43.747386 ], [ 4.209676, 43.747839 ], [ 4.21085, 43.7482 ], [ 4.208438, 43.747386 ] ] ], [ [ [ 4.198878440394177, 43.740143039870986 ], [ 4.20068, 43.742816 ], [ 4.201699, 43.743665 ], [ 4.198878440394177, 43.740143039870986 ] ] ] ] } },
{ "type": "Feature", "properties": { "codgeo": "30189", "value": 1020, "isochrone_group": 17.0, "nb_agences": 2 }, "geometry": { "type": "MultiPolygon", "coordinates": [ [ [ [ 4.173792, 43.723395 ], [ 4.178726, 43.72399 ], [ 4.182781, 43.725226 ], [ 4.188173, 43.727471 ], [ 4.183903, 43.720293 ], [ 4.180466, 43.719223 ], [ 4.173792, 43.723395 ] ] ], [ [ [ 4.142945, 43.718017 ], [ 4.141049, 43.71686 ], [ 4.137723, 43.714833 ], [ 4.135703, 43.713597 ], [ 4.133684, 43.71236 ], [ 4.131804, 43.715431 ], [ 4.135052, 43.717644 ], [ 4.141069, 43.72109 ], [ 4.14177, 43.721505 ], [ 4.143329, 43.722362 ], [ 4.143939, 43.722669 ], [ 4.1455, 43.723379 ], [ 4.146726, 43.723869 ], [ 4.148698, 43.72453 ], [ 4.151227389831891, 43.725203909249871 ], [ 4.152066, 43.721718 ], [ 4.152414489021344, 43.721758679652289 ], [ 4.149838, 43.721116 ], [ 4.142945, 43.718017 ] ] ], [ [ [ 4.186703407850043, 43.7311112731701 ], [ 4.186157, 43.730562 ], [ 4.183859, 43.729908 ], [ 4.186076334673571, 43.730539043027207 ], [ 4.186703407850043, 43.7311112731701 ] ] ], [ [ [ 4.269064, 43.779334 ], [ 4.267726, 43.781072 ], [ 4.264808, 43.786002 ], [ 4.266065, 43.789375 ], [ 4.266671, 43.789149 ], [ 4.267303, 43.788834 ], [ 4.267889, 43.788433 ], [ 4.269299, 43.787242 ], [ 4.271221, 43.786024 ], [ 4.277449, 43.782761 ], [ 4.278355, 43.78261 ], [ 4.28239, 43.782694 ], [ 4.288609, 43.786909 ], [ 4.288949, 43.793355 ], [ 4.286977, 43.799199 ], [ 4.284499, 43.801986 ], [ 4.280011, 43.806575 ], [ 4.280008411997756, 43.806583690160508 ], [ 4.27964, 43.80657 ], [ 4.279161, 43.806604 ], [ 4.279318, 43.808902 ], [ 4.279413, 43.810195 ], [ 4.272556, 43.815927 ], [ 4.272325, 43.816025 ], [ 4.2663, 43.816706 ], [ 4.26494, 43.816791 ], [ 4.264675832552602, 43.816830317945652 ], [ 4.264414, 43.816817 ], [ 4.264131281355414, 43.816896907019341 ], [ 4.255553, 43.817416 ], [ 4.252626, 43.819512 ], [ 4.253298, 43.820451 ], [ 4.256796, 43.826772 ], [ 4.257284, 43.830277 ], [ 4.257573, 43.830256 ], [ 4.258402, 43.829993 ], [ 4.262568845984284, 43.828519952897558 ], [ 4.263258793774384, 43.828758238476247 ], [ 4.267625, 43.830396 ], [ 4.26857, 43.839003 ], [ 4.268065, 43.83989 ], [ 4.267931, 43.84059 ], [ 4.26694, 43.843891 ], [ 4.265114, 43.846994 ], [ 4.25707, 43.846798 ], [ 4.254927, 43.845077 ], [ 4.254362, 43.845551 ], [ 4.246874, 43.848286 ], [ 4.246719, 43.848557 ], [ 4.246518741405641, 43.850711956613203 ], [ 4.246674, 43.850654 ], [ 4.254283, 43.847888 ], [ 4.255413, 43.847764 ], [ 4.255805, 43.847738 ], [ 4.25752, 43.847559 ], [ 4.263667, 43.849798 ], [ 4.26896, 43.844285 ], [ 4.270646, 43.839842 ], [ 4.272467, 43.837485 ], [ 4.270531, 43.829518 ], [ 4.268545, 43.827892 ], [ 4.263049, 43.826872 ], [ 4.263034, 43.826872 ], [ 4.260901, 43.826493 ], [ 4.260866, 43.826468 ], [ 4.260691, 43.823674 ], [ 4.260502, 43.820326 ], [ 4.260562, 43.820301 ], [ 4.264861, 43.818427 ], [ 4.266877, 43.818596 ], [ 4.272067, 43.817975 ], [ 4.272248984535906, 43.818038535748201 ], [ 4.27226, 43.818037 ], [ 4.274917101124551, 43.817850161038209 ], [ 4.278969, 43.817412 ], [ 4.282955, 43.810218 ], [ 4.282411, 43.806659 ], [ 4.28250104180358, 43.806645273490687 ], [ 4.282501, 43.806645 ], [ 4.28329, 43.806525 ], [ 4.283881, 43.806465 ], [ 4.28458, 43.806438 ], [ 4.290195, 43.799557 ], [ 4.293652, 43.793751 ], [ 4.29215, 43.79048 ], [ 4.291526, 43.786896 ], [ 4.285456, 43.781299 ], [ 4.283243, 43.781235 ], [ 4.279788, 43.781641 ], [ 4.27242, 43.783318 ], [ 4.270563, 43.780234 ], [ 4.270831, 43.780072 ], [ 4.272454, 43.77925 ], [ 4.271127, 43.770483 ], [ 4.26985, 43.769792 ], [ 4.269248, 43.769411 ], [ 4.268628, 43.768993 ], [ 4.26787, 43.768428 ], [ 4.267277, 43.767935 ], [ 4.266693, 43.767383 ], [ 4.269564, 43.771954 ], [ 4.269064, 43.779334 ] ] ], [ [ [ 4.237831, 43.850923 ], [ 4.23459, 43.85249 ], [ 4.227041, 43.857069 ], [ 4.230562, 43.856542 ], [ 4.235682, 43.854464 ], [ 4.239141, 43.853466 ], [ 4.244405744292038, 43.851500719109339 ], [ 4.238071, 43.851419 ], [ 4.237831, 43.850923 ] ] ], [ [ [ 4.214544, 43.856767 ], [ 4.213508, 43.857373 ], [ 4.20863, 43.859993 ], [ 4.209099, 43.863562 ], [ 4.212707, 43.86589 ], [ 4.215442, 43.865812 ], [ 4.217175, 43.865655 ], [ 4.223813, 43.861671 ], [ 4.217331, 43.862174 ], [ 4.216655, 43.858638 ], [ 4.217086, 43.858556 ], [ 4.22034, 43.858069 ], [ 4.223522, 43.857595 ], [ 4.216522, 43.857261 ], [ 4.214544, 43.856767 ] ] ], [ [ [ 4.227603, 43.861644 ], [ 4.229528, 43.861243 ], [ 4.231492, 43.860834 ], [ 4.23341, 43.860389 ], [ 4.238135, 43.85905 ], [ 4.234615, 43.859576 ], [ 4.226569308550991, 43.861688455512514 ], [ 4.227129, 43.861692 ], [ 4.227603, 43.861644 ] ] ], [ [ [ 4.248871, 43.862634 ], [ 4.254896, 43.864976 ], [ 4.256986, 43.865881 ], [ 4.265782, 43.86574 ], [ 4.265737005542183, 43.874000982455023 ], [ 4.265793, 43.873979 ], [ 4.268787, 43.872805 ], [ 4.271191, 43.865673 ], [ 4.267746, 43.863709 ], [ 4.26694, 43.863392 ], [ 4.266552, 43.863225 ], [ 4.259678, 43.863441 ], [ 4.258814, 43.864011 ], [ 4.25804, 43.864328 ], [ 4.257882, 43.864364 ], [ 4.253138, 43.861541 ], [ 4.248769, 43.861374 ], [ 4.248339, 43.861118 ], [ 4.241735, 43.858533 ], [ 4.238135, 43.85905 ], [ 4.246654, 43.861787 ], [ 4.248871, 43.862634 ] ] ], [ [ [ 4.260887, 43.875905 ], [ 4.259078, 43.876614 ], [ 4.256377, 43.877349 ], [ 4.255852, 43.877642 ], [ 4.255067, 43.878519 ], [ 4.252943, 43.880787 ], [ 4.255385, 43.883432 ], [ 4.262911, 43.881525 ], [ 4.263356, 43.881266 ], [ 4.263568, 43.881118 ], [ 4.265702, 43.879627 ], [ 4.268722500284624, 43.877244237161811 ], [ 4.267108, 43.877331 ], [ 4.264115, 43.878505 ], [ 4.2628, 43.875154 ], [ 4.263488346442707, 43.874883767099853 ], [ 4.262687, 43.875198 ], [ 4.260887, 43.875905 ] ] ], [ [ [ 4.277804, 43.878619 ], [ 4.279374, 43.878933 ], [ 4.280065, 43.878737 ], [ 4.286761, 43.875499 ], [ 4.289751, 43.874816 ], [ 4.290015, 43.874517 ], [ 4.291568426880689, 43.873351659207636 ], [ 4.290594, 43.873232 ], [ 4.288996, 43.87359 ], [ 4.287934, 43.873828 ], [ 4.287385, 43.873904 ], [ 4.286043, 43.873957 ], [ 4.285568, 43.874018 ], [ 4.279417, 43.877268 ], [ 4.277683, 43.877627 ], [ 4.277051, 43.877428 ], [ 4.275277, 43.876892 ], [ 4.27293969039667, 43.87701760642868 ], [ 4.277486, 43.878398 ], [ 4.277804, 43.878619 ] ] ], [ [ [ 4.300067864422708, 43.883127565651094 ], [ 4.299043, 43.883214 ], [ 4.295457, 43.882889 ], [ 4.292605314468263, 43.885871070876455 ], [ 4.288854, 43.886146 ], [ 4.295764996981655, 43.885639501715445 ], [ 4.296343, 43.885311 ], [ 4.297079, 43.884901 ], [ 4.300036, 43.883442 ], [ 4.301035, 43.883046 ], [ 4.301657, 43.87435 ], [ 4.29993544941991, 43.87400800198327 ], [ 4.300914, 43.874778 ], [ 4.300067864422708, 43.883127565651094 ] ] ], [ [ [ 4.286676, 43.885149 ], [ 4.283694, 43.887156 ], [ 4.282388, 43.887768 ], [ 4.282862, 43.889288 ], [ 4.283013, 43.88993 ], [ 4.283388, 43.891226 ], [ 4.283317, 43.900201 ], [ 4.283144, 43.900275 ], [ 4.282462, 43.900737 ], [ 4.281999, 43.901088 ], [ 4.27936, 43.903025 ], [ 4.280679, 43.902546 ], [ 4.281317, 43.902282 ], [ 4.282038, 43.901933 ], [ 4.282585, 43.901631 ], [ 4.283512, 43.900995 ], [ 4.284096, 43.900523 ], [ 4.284663, 43.900011 ], [ 4.285753, 43.891394 ], [ 4.286195, 43.887448 ], [ 4.286637, 43.887086 ], [ 4.288026, 43.88583 ], [ 4.288854, 43.886146 ], [ 4.287758, 43.885479 ], [ 4.286676, 43.885149 ] ] ], [ [ [ 4.274036, 43.904848 ], [ 4.272817, 43.905292 ], [ 4.271075, 43.906032 ], [ 4.270482, 43.90634 ], [ 4.269899, 43.90673 ], [ 4.269432, 43.907134 ], [ 4.269094, 43.907495 ], [ 4.268702, 43.908017 ], [ 4.265265, 43.911675 ], [ 4.267429, 43.914552 ], [ 4.268295, 43.913901 ], [ 4.269764, 43.912849 ], [ 4.270115, 43.912569 ], [ 4.270501, 43.912193 ], [ 4.270795, 43.911845 ], [ 4.273755, 43.909436 ], [ 4.274202, 43.909137 ], [ 4.275837, 43.908233 ], [ 4.284176, 43.910021 ], [ 4.284862, 43.910707 ], [ 4.284984, 43.910805 ], [ 4.288343, 43.910455 ], [ 4.288346, 43.910386 ], [ 4.288354, 43.910174 ], [ 4.288323, 43.909715 ], [ 4.288076, 43.908969 ], [ 4.287378540831985, 43.902991300219668 ], [ 4.28666, 43.903954 ], [ 4.285644, 43.905047 ], [ 4.28544, 43.905266 ], [ 4.278948, 43.907029 ], [ 4.278104, 43.907323 ], [ 4.276920202246968, 43.903923580776777 ], [ 4.276919, 43.903924 ], [ 4.274036, 43.904848 ] ] ], [ [ [ 4.295751, 43.890345 ], [ 4.291255, 43.895139 ], [ 4.2906, 43.898106 ], [ 4.291179729177004, 43.895479959590574 ], [ 4.295751, 43.890345 ] ] ], [ [ [ 4.319132367799542, 43.89843506407783 ], [ 4.319252, 43.898197 ], [ 4.319117, 43.898426 ], [ 4.319132367799542, 43.89843506407783 ] ] ], [ [ [ 4.313082, 43.906398 ], [ 4.312698, 43.907327 ], [ 4.310559, 43.911136 ], [ 4.31278, 43.913969 ], [ 4.314623, 43.91298 ], [ 4.31692, 43.910813 ], [ 4.317408, 43.909817 ], [ 4.319038, 43.906773 ], [ 4.31783, 43.908046 ], [ 4.316813, 43.908851 ], [ 4.316183, 43.909142 ], [ 4.315583, 43.909231 ], [ 4.315107, 43.909198 ], [ 4.314514, 43.909085 ], [ 4.314741, 43.905852 ], [ 4.315889, 43.903273 ], [ 4.316149, 43.902551 ], [ 4.313696, 43.905838 ], [ 4.313082, 43.906398 ] ] ], [ [ [ 4.349321, 43.878405 ], [ 4.349723, 43.878075 ], [ 4.357721370639347, 43.881092593584263 ], [ 4.359431, 43.88214 ], [ 4.360396, 43.882138 ], [ 4.363805986204561, 43.880942776794853 ], [ 4.362733, 43.880194 ], [ 4.357149, 43.879987 ], [ 4.356598, 43.880087 ], [ 4.356022, 43.880115 ], [ 4.355408, 43.880006 ], [ 4.354802, 43.879836 ], [ 4.348783, 43.877209 ], [ 4.345554, 43.877363 ], [ 4.345276, 43.877384 ], [ 4.345022588570397, 43.877428278878831 ], [ 4.348541, 43.87814 ], [ 4.349321, 43.878405 ] ] ], [ [ [ 4.378804, 43.886299 ], [ 4.3748, 43.883834 ], [ 4.379703, 43.887043 ], [ 4.378804, 43.886299 ] ] ], [ [ [ 4.386236, 43.912409 ], [ 4.385983, 43.91317 ], [ 4.385836, 43.914085 ], [ 4.385744, 43.916462 ], [ 4.385872, 43.917286 ], [ 4.386054, 43.917781 ], [ 4.386457, 43.918656 ], [ 4.386457083585066, 43.918656011437974 ], [ 4.386299, 43.918312 ], [ 4.387479, 43.916257 ], [ 4.388061, 43.916039 ], [ 4.389569, 43.916807 ], [ 4.390061067138721, 43.917129600032858 ], [ 4.392555, 43.909283 ], [ 4.391502, 43.910859 ], [ 4.391092300338851, 43.911472187716974 ], [ 4.39038, 43.912539 ], [ 4.387386777726076, 43.910540519263328 ], [ 4.38693, 43.911225 ], [ 4.386236, 43.912409 ] ] ], [ [ [ 4.38656, 43.918858 ], [ 4.386610821901333, 43.918937539109535 ], [ 4.386537534109817, 43.918806668053229 ], [ 4.38656, 43.918858 ] ] ], [ [ [ 4.386829, 43.919279 ], [ 4.387152, 43.919683 ], [ 4.387152692755325, 43.919682976036782 ], [ 4.386749335322995, 43.919154320338222 ], [ 4.386829, 43.919279 ] ] ], [ [ [ 4.389802, 43.892927 ], [ 4.390389, 43.89335 ], [ 4.391113, 43.893755 ], [ 4.389944710396811, 43.892345725975112 ], [ 4.389802, 43.892927 ] ] ], [ [ [ 4.402958, 43.883601 ], [ 4.406888, 43.884011 ], [ 4.407198, 43.883961 ], [ 4.41503248645726, 43.887557666557335 ], [ 4.414905, 43.884582 ], [ 4.411003, 43.879497 ], [ 4.404654, 43.881571 ], [ 4.402553, 43.881421 ], [ 4.401437, 43.879956 ], [ 4.397087522199008, 43.881964848609719 ], [ 4.400677, 43.883799 ], [ 4.402958, 43.883601 ] ] ], [ [ [ 4.415650312935375, 43.891297002062601 ], [ 4.415650312935375, 43.891297002062601 ], [ 4.41578, 43.891703 ], [ 4.415650312935375, 43.891297002062601 ] ] ], [ [ [ 4.42118, 43.897695 ], [ 4.424772, 43.897943 ], [ 4.42932, 43.892553 ], [ 4.429169, 43.888956 ], [ 4.436053, 43.883953 ], [ 4.439476, 43.885068 ], [ 4.441922, 43.883881 ], [ 4.443279, 43.882049 ], [ 4.449834, 43.879166 ], [ 4.4575, 43.879921 ], [ 4.453836, 43.878402 ], [ 4.450237, 43.876907 ], [ 4.443916, 43.878094 ], [ 4.440817, 43.876262 ], [ 4.438114, 43.871829 ], [ 4.435003233543117, 43.871400323200582 ], [ 4.432118, 43.872021 ], [ 4.429253247709798, 43.875547209194139 ], [ 4.428435, 43.879579 ], [ 4.428375, 43.879827 ], [ 4.428303, 43.880016 ], [ 4.426386, 43.881869 ], [ 4.42077907066126, 43.886106200025409 ], [ 4.419428745217297, 43.887555103857963 ], [ 4.41981, 43.890486 ], [ 4.418305, 43.89331 ], [ 4.417774, 43.893455 ], [ 4.417147, 43.893112 ], [ 4.41671, 43.892824 ], [ 4.416388, 43.892546 ], [ 4.416058, 43.892166 ], [ 4.417705, 43.895443 ], [ 4.42118, 43.897695 ] ] ], [ [ [ 4.492724, 43.887175 ], [ 4.489754, 43.886087 ], [ 4.48816, 43.885565 ], [ 4.492742629962134, 43.88718269232767 ], [ 4.492724, 43.887175 ] ] ], [ [ [ 4.495468, 43.888308 ], [ 4.492742629962134, 43.88718269232767 ], [ 4.492742629962166, 43.88718269232767 ], [ 4.495468, 43.888308 ] ] ], [ [ [ 4.519901, 43.901643 ], [ 4.52149, 43.90204 ], [ 4.52252, 43.902265 ], [ 4.523825, 43.90251 ], [ 4.526613, 43.902927 ], [ 4.528612, 43.903166 ], [ 4.530629, 43.903407 ], [ 4.533191, 43.903689 ], [ 4.536131, 43.904027 ], [ 4.537766, 43.904225 ], [ 4.541339, 43.904627 ], [ 4.541742, 43.90105 ], [ 4.538169, 43.900647 ], [ 4.536563, 43.900453 ], [ 4.530268, 43.899432 ], [ 4.529418, 43.89934 ], [ 4.522262, 43.898524 ], [ 4.520785, 43.898153 ], [ 4.519357, 43.89773 ], [ 4.512597, 43.894516 ], [ 4.519124, 43.89765 ], [ 4.517979528512853, 43.901062424154674 ], [ 4.518337, 43.901182 ], [ 4.519901, 43.901643 ] ] ], [ [ [ 4.494015, 43.883815 ], [ 4.49189, 43.883019 ], [ 4.494045, 43.883827 ], [ 4.494014753040704, 43.883815659144737 ], [ 4.494015, 43.883815 ] ] ], [ [ [ 4.472449, 43.874342 ], [ 4.470265, 43.871487 ], [ 4.469087, 43.870215 ], [ 4.465499, 43.869924 ], [ 4.461629, 43.870749 ], [ 4.464354, 43.872051 ], [ 4.466745, 43.873038 ], [ 4.467523, 43.873389 ], [ 4.467567, 43.873423 ], [ 4.474241, 43.879017 ], [ 4.475212, 43.879105 ], [ 4.476618, 43.87926 ], [ 4.47759, 43.879391 ], [ 4.478652, 43.87956 ], [ 4.4797, 43.879745 ], [ 4.473082, 43.875147 ], [ 4.472449, 43.874342 ] ] ], [ [ [ 4.461593, 43.861525 ], [ 4.463863, 43.859475 ], [ 4.465252, 43.858844 ], [ 4.472387, 43.854057 ], [ 4.474042, 43.852728 ], [ 4.474377, 43.852028 ], [ 4.474448, 43.851105 ], [ 4.474066, 43.850839 ], [ 4.47183, 43.848057 ], [ 4.470872, 43.844587 ], [ 4.478085, 43.839771 ], [ 4.478084, 43.83977 ], [ 4.477667, 43.839625 ], [ 4.471291, 43.83759 ], [ 4.468183, 43.845333 ], [ 4.469708, 43.84824 ], [ 4.470175, 43.848864 ], [ 4.467293, 43.851021 ], [ 4.46034, 43.850437 ], [ 4.457859, 43.856726 ], [ 4.458312, 43.860297 ], [ 4.457026, 43.862618 ], [ 4.458878, 43.869435 ], [ 4.461629, 43.870749 ], [ 4.458355, 43.864003 ], [ 4.461593, 43.861525 ] ] ], [ [ [ 4.480225, 43.84061 ], [ 4.480233961093655, 43.84060333545532 ], [ 4.480714, 43.840773 ], [ 4.482297, 43.841728 ], [ 4.483069, 43.842466 ], [ 4.485556, 43.839863 ], [ 4.490835, 43.835577 ], [ 4.495797, 43.834166 ], [ 4.496984, 43.833671 ], [ 4.498848, 43.832792 ], [ 4.505789, 43.830417 ], [ 4.512498, 43.828929 ], [ 4.512562, 43.82533 ], [ 4.508221, 43.823225 ], [ 4.502698, 43.822074 ], [ 4.494082, 43.819539 ], [ 4.493628, 43.818926 ], [ 4.491188, 43.81528 ], [ 4.489281, 43.808036 ], [ 4.488608, 43.806669 ], [ 4.486243, 43.806105 ], [ 4.48152, 43.804538 ], [ 4.474033, 43.804783 ], [ 4.473337, 43.804808 ], [ 4.472418, 43.805271 ], [ 4.466005, 43.808315 ], [ 4.460078, 43.805994 ], [ 4.455679, 43.799084 ], [ 4.454926, 43.797805 ], [ 4.453552, 43.792773 ], [ 4.453253, 43.791977 ], [ 4.453395, 43.788591 ], [ 4.454593, 43.785196 ], [ 4.462567, 43.787638 ], [ 4.46616, 43.787858 ], [ 4.469258, 43.783298 ], [ 4.475039, 43.78057 ], [ 4.479124, 43.776935 ], [ 4.480647, 43.774944 ], [ 4.48118, 43.774278 ], [ 4.481242, 43.774196 ], [ 4.48065, 43.771728 ], [ 4.481979, 43.76342 ], [ 4.48615, 43.761708 ], [ 4.486256, 43.761697 ], [ 4.485876, 43.758117 ], [ 4.48577, 43.758129 ], [ 4.484159, 43.758281 ], [ 4.483468, 43.758396 ], [ 4.482832, 43.758546 ], [ 4.482188, 43.758748 ], [ 4.481579, 43.758984 ], [ 4.480872, 43.759339 ], [ 4.476301, 43.7618 ], [ 4.475399, 43.762479 ], [ 4.471074, 43.764657 ], [ 4.464013, 43.765897 ], [ 4.459392, 43.770549 ], [ 4.453744242389751, 43.774336505278058 ], [ 4.455689, 43.775576 ], [ 4.461537, 43.771386 ], [ 4.464441, 43.770874 ], [ 4.469706, 43.767262 ], [ 4.474833, 43.763266 ], [ 4.477638, 43.765524 ], [ 4.475698, 43.773083 ], [ 4.475422, 43.776672 ], [ 4.471034, 43.77965 ], [ 4.466227, 43.783382 ], [ 4.465355, 43.783881 ], [ 4.464797, 43.783888 ], [ 4.464142, 43.78378 ], [ 4.459991, 43.781954 ], [ 4.454538, 43.781605 ], [ 4.45075, 43.785754 ], [ 4.450374, 43.787561 ], [ 4.449618, 43.791081 ], [ 4.450351, 43.794933 ], [ 4.453152, 43.802812 ], [ 4.457473, 43.809623 ], [ 4.46078, 43.808199 ], [ 4.46886, 43.810345 ], [ 4.472701, 43.809822 ], [ 4.47822, 43.807758 ], [ 4.479838, 43.808202 ], [ 4.48122, 43.810083 ], [ 4.481591, 43.812795 ], [ 4.484146, 43.81739 ], [ 4.491536, 43.82142 ], [ 4.494304, 43.820135 ], [ 4.502393, 43.823726 ], [ 4.503868, 43.825089 ], [ 4.503703, 43.826947 ], [ 4.502796, 43.828526 ], [ 4.498144, 43.829901 ], [ 4.494652, 43.83255 ], [ 4.487946, 43.835644 ], [ 4.480585, 43.838223 ], [ 4.478538, 43.839929 ], [ 4.478085, 43.839771 ], [ 4.478824, 43.840105 ], [ 4.480225, 43.84061 ] ] ], [ [ [ 4.447876, 43.772222 ], [ 4.442871, 43.766166 ], [ 4.442901, 43.762117 ], [ 4.442026, 43.756108 ], [ 4.441956, 43.753216 ], [ 4.441805, 43.754199 ], [ 4.441493, 43.756055 ], [ 4.440004, 43.763239 ], [ 4.440172, 43.764443 ], [ 4.439968, 43.767533 ], [ 4.439604, 43.768183 ], [ 4.437557, 43.775184 ], [ 4.440858, 43.777754 ], [ 4.446521, 43.776782 ], [ 4.449106, 43.774277 ], [ 4.450383704726826, 43.774047899293407 ], [ 4.448504, 43.772716 ], [ 4.447876, 43.772222 ] ] ], [ [ [ 4.509881837242934, 43.721580864809965 ], [ 4.509929, 43.721524 ], [ 4.509404, 43.722157 ], [ 4.509882, 43.721581 ], [ 4.509881837242934, 43.721580864809965 ] ] ], [ [ [ 4.544317, 43.693595 ], [ 4.547287, 43.689961 ], [ 4.552445, 43.685831 ], [ 4.550967, 43.682549 ], [ 4.550177, 43.682904 ], [ 4.548632, 43.683782 ], [ 4.547598, 43.684526 ], [ 4.542683, 43.688441 ], [ 4.542299, 43.688932 ], [ 4.538604, 43.694885 ], [ 4.536062, 43.697964 ], [ 4.538321, 43.695228 ], [ 4.54058, 43.692492 ], [ 4.543355734534695, 43.694783780818987 ], [ 4.543945, 43.69407 ], [ 4.544317, 43.693595 ] ] ], [ [ [ 4.429732, 43.745424 ], [ 4.425724, 43.744813 ], [ 4.422129, 43.744991 ], [ 4.420911, 43.747558 ], [ 4.420958, 43.748294 ], [ 4.421043, 43.748533 ], [ 4.423487, 43.753835 ], [ 4.423432, 43.75279 ], [ 4.423388, 43.752121 ], [ 4.422972, 43.750023 ], [ 4.424738, 43.748448 ], [ 4.425461, 43.748205 ], [ 4.428484, 43.747755 ], [ 4.43632, 43.745079 ], [ 4.43757, 43.744275 ], [ 4.438084, 43.743972 ], [ 4.439104, 43.743407 ], [ 4.431342, 43.745465 ], [ 4.429732, 43.745424 ] ] ], [ [ [ 4.420205, 43.762016 ], [ 4.420186, 43.762313 ], [ 4.419489, 43.764741 ], [ 4.419468, 43.765042 ], [ 4.419053364681298, 43.766453635318719 ], [ 4.418809, 43.766698 ], [ 4.418172, 43.767829 ], [ 4.411416467464635, 43.770807428863542 ], [ 4.407473, 43.764772 ], [ 4.410644, 43.771148 ], [ 4.417911, 43.768361 ], [ 4.419173, 43.766884 ], [ 4.420117, 43.76539 ], [ 4.42172, 43.762065 ], [ 4.422429, 43.760034 ], [ 4.422741728615136, 43.759301188170497 ], [ 4.423407, 43.7571 ], [ 4.420268, 43.761884 ], [ 4.420205, 43.762016 ] ] ], [ [ [ 4.410649, 43.743035 ], [ 4.41063, 43.742418 ], [ 4.410697, 43.739854 ], [ 4.410789, 43.739448 ], [ 4.411184, 43.738107 ], [ 4.407731, 43.737089 ], [ 4.405307, 43.737622 ], [ 4.404906, 43.73957 ], [ 4.398754, 43.744673 ], [ 4.398492, 43.74491 ], [ 4.393777, 43.749782 ], [ 4.38976, 43.756226 ], [ 4.386268, 43.755352 ], [ 4.38211, 43.759549 ], [ 4.378601, 43.760353 ], [ 4.372649, 43.761154 ], [ 4.364384, 43.763409 ], [ 4.358201116630811, 43.762343500691728 ], [ 4.366064, 43.765755 ], [ 4.368753, 43.766763 ], [ 4.37514, 43.765532 ], [ 4.377105, 43.762515 ], [ 4.378442, 43.761821 ], [ 4.384228, 43.759332 ], [ 4.391938, 43.761055 ], [ 4.394353, 43.761384 ], [ 4.397004, 43.760928 ], [ 4.400689, 43.753644 ], [ 4.401109, 43.750069 ], [ 4.404323, 43.747128 ], [ 4.407118, 43.74402 ], [ 4.410699614692897, 43.743671134935028 ], [ 4.410678, 43.74345 ], [ 4.410649, 43.743035 ] ] ], [ [ [ 4.35144, 43.753408 ], [ 4.34728, 43.74723 ], [ 4.344111, 43.744162 ], [ 4.340933, 43.742472 ], [ 4.337829, 43.744318 ], [ 4.339493, 43.74751 ], [ 4.340632, 43.750973 ], [ 4.340643, 43.749734 ], [ 4.340636, 43.749429 ], [ 4.342288, 43.748008 ], [ 4.34298, 43.747904 ], [ 4.343998, 43.74814 ], [ 4.348001, 43.754015 ], [ 4.34868, 43.755519 ], [ 4.354509, 43.760901 ], [ 4.355871, 43.761431 ], [ 4.357034, 43.761829 ], [ 4.358159231073746, 43.762325250676021 ], [ 4.353256, 43.75805 ], [ 4.35144, 43.753408 ] ] ], [ [ [ 4.321571, 43.75325 ], [ 4.3215, 43.753163 ], [ 4.319443, 43.752044 ], [ 4.315718, 43.751924 ], [ 4.309275, 43.750166 ], [ 4.304545, 43.746821 ], [ 4.303785, 43.74629 ], [ 4.302042, 43.746649 ], [ 4.301631, 43.746918 ], [ 4.301079, 43.748665 ], [ 4.301359, 43.749819 ], [ 4.302878, 43.751482 ], [ 4.303408, 43.758074 ], [ 4.296152, 43.759714 ], [ 4.294424, 43.758389 ], [ 4.293347, 43.757457 ], [ 4.293001, 43.757494 ], [ 4.285493, 43.758385 ], [ 4.279965, 43.755612 ], [ 4.279507, 43.755239 ], [ 4.276645, 43.753295 ], [ 4.273783, 43.751351 ], [ 4.271461, 43.749773 ], [ 4.269138, 43.748196 ], [ 4.267116, 43.751174 ], [ 4.25831, 43.751768 ], [ 4.258785, 43.752254 ], [ 4.261497, 43.755241 ], [ 4.264167, 43.758183 ], [ 4.265454, 43.759647 ], [ 4.266245, 43.760643 ], [ 4.275057, 43.761958 ], [ 4.276163, 43.761196 ], [ 4.278238, 43.759747 ], [ 4.281756, 43.760511 ], [ 4.290714, 43.760966 ], [ 4.296912, 43.76341 ], [ 4.297573, 43.763398 ], [ 4.298901, 43.763288 ], [ 4.299482, 43.763212 ], [ 4.300029, 43.763214 ], [ 4.305962, 43.760575 ], [ 4.306449, 43.755244 ], [ 4.307007, 43.753984 ], [ 4.309812, 43.751727 ], [ 4.314381, 43.755127 ], [ 4.314511, 43.755375 ], [ 4.315021, 43.756947 ], [ 4.317227, 43.760454 ], [ 4.319146512801365, 43.762425499606401 ], [ 4.319147, 43.762425 ], [ 4.323413, 43.764173 ], [ 4.326485323934349, 43.763880527881689 ], [ 4.330811, 43.761635 ], [ 4.329964, 43.75798 ], [ 4.330212, 43.757861 ], [ 4.331223, 43.757698 ], [ 4.328197, 43.757377 ], [ 4.321571, 43.75325 ] ] ], [ [ [ 4.198878440394163, 43.740143039870958 ], [ 4.198878440394177, 43.740143039870986 ], [ 4.195805, 43.735583 ], [ 4.198878440394163, 43.740143039870958 ] ] ] ] } },
{ "type": "Feature", "properties": { "codgeo": "30189", "value": 1080, "isochrone_group": 18.0, "nb_agences": 2 }, "geometry": { "type": "MultiPolygon", "coordinates": [ [ [ [ 4.135703, 43.713597 ], [ 4.137723, 43.714833 ], [ 4.135118723474399, 43.71323902572454 ], [ 4.135703, 43.713597 ] ] ], [ [ [ 4.129078, 43.709542 ], [ 4.125785, 43.70749 ], [ 4.122934, 43.705582 ], [ 4.121017, 43.70417 ], [ 4.119549, 43.703025 ], [ 4.117376, 43.701354 ], [ 4.116192, 43.700499 ], [ 4.114086, 43.703419 ], [ 4.118802, 43.707009 ], [ 4.120798, 43.70848 ], [ 4.122065, 43.709367 ], [ 4.123826, 43.710511 ], [ 4.125535, 43.711619 ], [ 4.131598, 43.717389 ], [ 4.132123, 43.718257 ], [ 4.132651, 43.718735 ], [ 4.13325, 43.719095 ], [ 4.134175, 43.719211 ], [ 4.14177, 43.721505 ], [ 4.141069, 43.72109 ], [ 4.135052, 43.717644 ], [ 4.131804, 43.715431 ], [ 4.133683726309046, 43.712360447077081 ], [ 4.131751, 43.711177 ], [ 4.129078, 43.709542 ] ] ], [ [ [ 4.15614, 43.726031 ], [ 4.156656, 43.726087 ], [ 4.158274, 43.726189 ], [ 4.15513, 43.725922 ], [ 4.156142469592345, 43.726007982627593 ], [ 4.15614, 43.726031 ] ] ], [ [ [ 4.186703407850048, 43.7311112731701 ], [ 4.186703407850043, 43.7311112731701 ], [ 4.19245, 43.736888 ], [ 4.186703407850048, 43.7311112731701 ] ] ], [ [ [ 4.26462, 43.765199 ], [ 4.266832, 43.772242 ], [ 4.265954, 43.77553 ], [ 4.264975, 43.777312 ], [ 4.263289, 43.782497 ], [ 4.259298, 43.787642 ], [ 4.258884, 43.788438 ], [ 4.257669, 43.791886 ], [ 4.260187, 43.794459 ], [ 4.260482, 43.79417 ], [ 4.261243, 43.793478 ], [ 4.263351, 43.791519 ], [ 4.266671, 43.789149 ], [ 4.266065, 43.789375 ], [ 4.264808, 43.786002 ], [ 4.267726, 43.781072 ], [ 4.269064, 43.779334 ], [ 4.269564, 43.771954 ], [ 4.266693, 43.767383 ], [ 4.265768, 43.766381 ], [ 4.265134, 43.765542 ], [ 4.264494, 43.764599 ], [ 4.261502, 43.760603 ], [ 4.264424, 43.764864 ], [ 4.26462, 43.765199 ] ] ], [ [ [ 4.274712, 43.786806 ], [ 4.279867, 43.7853 ], [ 4.285951, 43.788024 ], [ 4.287987, 43.792764 ], [ 4.284172, 43.799055 ], [ 4.283975, 43.799176 ], [ 4.283623, 43.799435 ], [ 4.283241, 43.799801 ], [ 4.281566, 43.8037 ], [ 4.276648190248525, 43.806794880272655 ], [ 4.276526, 43.806796 ], [ 4.276558, 43.810396 ], [ 4.273538918699664, 43.81207936060828 ], [ 4.270145153925033, 43.813899219170807 ], [ 4.26376, 43.813648 ], [ 4.263594, 43.813595 ], [ 4.261663, 43.814124 ], [ 4.25301, 43.813776 ], [ 4.250954, 43.810814 ], [ 4.25049, 43.810197 ], [ 4.249851, 43.809543 ], [ 4.249562, 43.809307 ], [ 4.249553619403161, 43.809308865992257 ], [ 4.249362, 43.809158 ], [ 4.248587, 43.808692 ], [ 4.248165, 43.808524 ], [ 4.247655, 43.808381 ], [ 4.247328, 43.808325 ], [ 4.246940848641656, 43.810653601552374 ], [ 4.24693, 43.810666 ], [ 4.24692, 43.810779 ], [ 4.246717, 43.811873 ], [ 4.247354, 43.812656 ], [ 4.250052, 43.815828 ], [ 4.252082, 43.818753 ], [ 4.24954790767816, 43.82661926551409 ], [ 4.247022, 43.827782 ], [ 4.245424, 43.828208 ], [ 4.246352, 43.831686 ], [ 4.24795, 43.83126 ], [ 4.248202, 43.831212 ], [ 4.248272715928994, 43.831200292689978 ], [ 4.248273, 43.831202 ], [ 4.2497, 43.830964 ], [ 4.253324, 43.831585 ], [ 4.253453, 43.831583 ], [ 4.25531, 43.831429 ], [ 4.256597, 43.831484 ], [ 4.256872, 43.831401 ], [ 4.256956502509327, 43.83137086491395 ], [ 4.256982, 43.831371 ], [ 4.259287651119629, 43.830906411675286 ], [ 4.25998, 43.830778 ], [ 4.260527402401295, 43.830725044346025 ], [ 4.26111, 43.830691 ], [ 4.261673, 43.830684 ], [ 4.262096, 43.830629 ], [ 4.263312, 43.830536 ], [ 4.267804185583719, 43.832028010919657 ], [ 4.267625, 43.830396 ], [ 4.263258793774384, 43.828758238476247 ], [ 4.262568845984284, 43.828519952897558 ], [ 4.258402, 43.829993 ], [ 4.257573, 43.830256 ], [ 4.257284, 43.830277 ], [ 4.256796, 43.826772 ], [ 4.253298, 43.820451 ], [ 4.252626, 43.819512 ], [ 4.255553, 43.817416 ], [ 4.264131281355414, 43.816896907019341 ], [ 4.264414, 43.816817 ], [ 4.264675832552602, 43.816830317945652 ], [ 4.26494, 43.816791 ], [ 4.2663, 43.816706 ], [ 4.272325, 43.816025 ], [ 4.272556, 43.815927 ], [ 4.279413, 43.810195 ], [ 4.279318, 43.808902 ], [ 4.279161, 43.806604 ], [ 4.27964, 43.80657 ], [ 4.280008411997756, 43.806583690160508 ], [ 4.280011, 43.806575 ], [ 4.284499, 43.801986 ], [ 4.286977, 43.799199 ], [ 4.288949, 43.793355 ], [ 4.288609, 43.786909 ], [ 4.28239, 43.782694 ], [ 4.278355, 43.78261 ], [ 4.277449, 43.782761 ], [ 4.271221, 43.786024 ], [ 4.269299, 43.787242 ], [ 4.267889, 43.788433 ], [ 4.267303, 43.788834 ], [ 4.272694, 43.787089 ], [ 4.274712, 43.786806 ] ] ], [ [ [ 4.265114, 43.846994 ], [ 4.265323115037979, 43.846638641860459 ], [ 4.264892382097855, 43.846988600061067 ], [ 4.265114, 43.846994 ] ] ], [ [ [ 4.257701, 43.843543 ], [ 4.257269, 43.843563 ], [ 4.256468, 43.843826 ], [ 4.249989, 43.84556 ], [ 4.249298, 43.845984 ], [ 4.247963, 43.847007 ], [ 4.247061, 43.848018 ], [ 4.246896065564062, 43.848277940529144 ], [ 4.254362, 43.845551 ], [ 4.254927, 43.845077 ], [ 4.25707, 43.846798 ], [ 4.260814917439876, 43.846889248609926 ], [ 4.259842, 43.845897 ], [ 4.257701, 43.843543 ] ] ], [ [ [ 4.237852, 43.850479 ], [ 4.234735, 43.848793 ], [ 4.234543, 43.849107 ], [ 4.234316, 43.849654 ], [ 4.234226, 43.850233 ], [ 4.234222, 43.850608 ], [ 4.232147364435788, 43.853971630447539 ], [ 4.23459, 43.85249 ], [ 4.237831, 43.850923 ], [ 4.238071, 43.851419 ], [ 4.246443, 43.851527 ], [ 4.24650422627981, 43.850868151988998 ], [ 4.245360454625238, 43.851394942317242 ], [ 4.237852, 43.850479 ] ] ], [ [ [ 4.218416, 43.848023 ], [ 4.217044, 43.848605 ], [ 4.216719, 43.848777 ], [ 4.216152, 43.849278 ], [ 4.21506, 43.85072 ], [ 4.21503, 43.850862 ], [ 4.213838, 43.85407 ], [ 4.213039, 43.856231 ], [ 4.206236, 43.859539 ], [ 4.198076, 43.858605 ], [ 4.197181, 43.858121 ], [ 4.19518, 43.857835 ], [ 4.193779, 43.861152 ], [ 4.194829, 43.861595 ], [ 4.19646, 43.862179 ], [ 4.197334, 43.862455 ], [ 4.198031, 43.862674 ], [ 4.204774, 43.865995 ], [ 4.209017, 43.872845 ], [ 4.209578, 43.873016 ], [ 4.210089, 43.873108 ], [ 4.210721, 43.873092 ], [ 4.212111, 43.872683 ], [ 4.213859, 43.871819 ], [ 4.214441, 43.871462 ], [ 4.21494, 43.870875 ], [ 4.220085, 43.866694 ], [ 4.223167, 43.864834 ], [ 4.226464346956796, 43.861687790797966 ], [ 4.223813, 43.861671 ], [ 4.217175, 43.865655 ], [ 4.215442, 43.865812 ], [ 4.212707, 43.86589 ], [ 4.209099, 43.863562 ], [ 4.20863, 43.859993 ], [ 4.213508, 43.857373 ], [ 4.214544, 43.856767 ], [ 4.216522, 43.857261 ], [ 4.223522, 43.857595 ], [ 4.219822, 43.851336 ], [ 4.218416, 43.848023 ] ] ], [ [ [ 4.249156, 43.865361 ], [ 4.252437, 43.865977 ], [ 4.253756, 43.865891 ], [ 4.253874, 43.865808 ], [ 4.255270200415168, 43.865138034151066 ], [ 4.254896, 43.864976 ], [ 4.248871, 43.862634 ], [ 4.246654, 43.861787 ], [ 4.243895369157292, 43.860900702005345 ], [ 4.246153, 43.863375 ], [ 4.249156, 43.865361 ] ] ], [ [ [ 4.264258, 43.867839 ], [ 4.262687, 43.875198 ], [ 4.265737, 43.874002 ], [ 4.265782, 43.86574 ], [ 4.260928542706959, 43.86581780098664 ], [ 4.262629, 43.866314 ], [ 4.264258, 43.867839 ] ] ], [ [ [ 4.257582, 43.87553 ], [ 4.256102, 43.876061 ], [ 4.255785, 43.876164 ], [ 4.255684, 43.876329 ], [ 4.25394921896144, 43.879712562803888 ], [ 4.255067, 43.878519 ], [ 4.255852, 43.877642 ], [ 4.256377, 43.877349 ], [ 4.259078, 43.876614 ], [ 4.260887, 43.875905 ], [ 4.262687, 43.875198 ], [ 4.259457, 43.875866 ], [ 4.257582, 43.87553 ] ] ], [ [ [ 4.250946, 43.882591 ], [ 4.248575, 43.884682 ], [ 4.245089, 43.886517 ], [ 4.24618, 43.889948 ], [ 4.246716, 43.889778 ], [ 4.248017, 43.8894 ], [ 4.250516, 43.887714 ], [ 4.253311, 43.885306 ], [ 4.254287, 43.884445 ], [ 4.262077, 43.882782 ], [ 4.263724, 43.882234 ], [ 4.267483, 43.878646 ], [ 4.270102, 43.876156 ], [ 4.265702, 43.879627 ], [ 4.263568, 43.881118 ], [ 4.263356, 43.881266 ], [ 4.262911, 43.881525 ], [ 4.255385, 43.883432 ], [ 4.252943028031674, 43.880787030361923 ], [ 4.251906, 43.881745 ], [ 4.250946, 43.882591 ] ] ], [ [ [ 4.279359, 43.889299 ], [ 4.279231, 43.890062 ], [ 4.27923, 43.890223 ], [ 4.281689, 43.891331 ], [ 4.281885, 43.899489 ], [ 4.276919, 43.903924 ], [ 4.277765, 43.903629 ], [ 4.27936, 43.903025 ], [ 4.281999, 43.901088 ], [ 4.282462, 43.900737 ], [ 4.283144, 43.900275 ], [ 4.283317, 43.900201 ], [ 4.283388, 43.891226 ], [ 4.283013, 43.88993 ], [ 4.282862, 43.889288 ], [ 4.282388, 43.887768 ], [ 4.283694, 43.887156 ], [ 4.286676, 43.885149 ], [ 4.287758, 43.885479 ], [ 4.288854, 43.886146 ], [ 4.292605314468263, 43.885871070876455 ], [ 4.295457, 43.882889 ], [ 4.299043, 43.883214 ], [ 4.300067864422708, 43.883127565651094 ], [ 4.300914, 43.874778 ], [ 4.299131, 43.873375 ], [ 4.292885, 43.872364 ], [ 4.290015, 43.874517 ], [ 4.289751, 43.874816 ], [ 4.286761, 43.875499 ], [ 4.280065, 43.878737 ], [ 4.279406594321013, 43.878923754722251 ], [ 4.282102, 43.883929 ], [ 4.279359, 43.889299 ] ] ], [ [ [ 4.262136, 43.914538 ], [ 4.261535, 43.915092 ], [ 4.258828, 43.917305 ], [ 4.25608, 43.919553 ], [ 4.255329, 43.920215 ], [ 4.254852, 43.920708 ], [ 4.254479, 43.921139 ], [ 4.254201, 43.921505 ], [ 4.253883, 43.921975 ], [ 4.253601, 43.922459 ], [ 4.253101, 43.923547 ], [ 4.252907, 43.924147 ], [ 4.252799, 43.924574 ], [ 4.25629, 43.925454 ], [ 4.261107, 43.920092 ], [ 4.263814, 43.917878 ], [ 4.264566, 43.917194 ], [ 4.26621, 43.915888 ], [ 4.266473, 43.91567 ], [ 4.269213, 43.913515 ], [ 4.27007, 43.912817 ], [ 4.271763, 43.911251 ], [ 4.273367, 43.909762 ], [ 4.274202, 43.909137 ], [ 4.273755, 43.909436 ], [ 4.270795, 43.911845 ], [ 4.270501, 43.912193 ], [ 4.270115, 43.912569 ], [ 4.269764, 43.912849 ], [ 4.268295, 43.913901 ], [ 4.267429, 43.914552 ], [ 4.265265, 43.911675 ], [ 4.268702, 43.908017 ], [ 4.263663, 43.913085 ], [ 4.262136, 43.914538 ] ] ], [ [ [ 4.283341, 43.917319 ], [ 4.283053, 43.91775 ], [ 4.286045, 43.91975 ], [ 4.287052, 43.918712 ], [ 4.288734, 43.915893 ], [ 4.290169, 43.912627 ], [ 4.288375, 43.909505 ], [ 4.288076, 43.908969 ], [ 4.288323, 43.909715 ], [ 4.288354, 43.910174 ], [ 4.288346, 43.910386 ], [ 4.288343, 43.910455 ], [ 4.284984, 43.910805 ], [ 4.284862, 43.910707 ], [ 4.284176, 43.910021 ], [ 4.280715753109321, 43.909279073936851 ], [ 4.284607, 43.913728 ], [ 4.283341, 43.917319 ] ] ], [ [ [ 4.319132367799543, 43.89843506407783 ], [ 4.319132367799542, 43.89843506407783 ], [ 4.318953, 43.898792 ], [ 4.319132367799543, 43.89843506407783 ] ] ], [ [ [ 4.309342, 43.912673 ], [ 4.309298, 43.913571 ], [ 4.309494, 43.916505 ], [ 4.311808, 43.917708 ], [ 4.313966, 43.918128 ], [ 4.316458, 43.9187 ], [ 4.317355, 43.918644 ], [ 4.317837, 43.918447 ], [ 4.318368, 43.918055 ], [ 4.318671, 43.917736 ], [ 4.320088, 43.912679 ], [ 4.319272, 43.909172 ], [ 4.321542, 43.902935 ], [ 4.319403, 43.90615 ], [ 4.319038, 43.906773 ], [ 4.317408, 43.909817 ], [ 4.31692, 43.910813 ], [ 4.314623, 43.91298 ], [ 4.31278, 43.913969 ], [ 4.310559, 43.911136 ], [ 4.312698, 43.907327 ], [ 4.30977, 43.911832 ], [ 4.309342, 43.912673 ] ] ], [ [ [ 4.345488, 43.879111 ], [ 4.346594, 43.879039 ], [ 4.34926, 43.878945 ], [ 4.355128022439615, 43.881202611041218 ], [ 4.355985, 43.881742 ], [ 4.360236, 43.882965 ], [ 4.360665, 43.883132 ], [ 4.360672408072214, 43.883126484332536 ], [ 4.36089, 43.883207 ], [ 4.361096, 43.883261 ], [ 4.362566844336943, 43.881377104392023 ], [ 4.360396, 43.882138 ], [ 4.359431, 43.88214 ], [ 4.357721370639347, 43.881092593584263 ], [ 4.349723, 43.878075 ], [ 4.349321, 43.878405 ], [ 4.348541, 43.87814 ], [ 4.339875, 43.876387 ], [ 4.333351, 43.875942 ], [ 4.340959, 43.87745 ], [ 4.345488, 43.879111 ] ] ], [ [ [ 4.366316, 43.880063 ], [ 4.364037982638068, 43.880861460477362 ], [ 4.366988030354629, 43.880320793369179 ], [ 4.366316, 43.880063 ] ] ], [ [ [ 4.386472522522008, 43.918658124134595 ], [ 4.386472522522007, 43.918658124134595 ], [ 4.38656, 43.918858 ], [ 4.386472522522008, 43.918658124134595 ] ] ], [ [ [ 4.38799578749766, 43.920678015641933 ], [ 4.387966, 43.92048 ], [ 4.387236225077394, 43.919765522455549 ], [ 4.387322, 43.919868 ], [ 4.38799578749766, 43.920678015641933 ] ] ], [ [ [ 4.39547, 43.926377 ], [ 4.395577310478893, 43.926144699538035 ], [ 4.395397, 43.926484 ], [ 4.39547, 43.926377 ] ] ], [ [ [ 4.395731, 43.925812 ], [ 4.39576699943028, 43.925456955618863 ], [ 4.395700818847953, 43.925877334677807 ], [ 4.395731, 43.925812 ] ] ], [ [ [ 4.395811, 43.925023 ], [ 4.395744297777597, 43.92475938642643 ], [ 4.395806009594952, 43.925072217869783 ], [ 4.395811, 43.925023 ] ] ], [ [ [ 4.396370226949728, 43.916993810572585 ], [ 4.396155, 43.917295 ], [ 4.395972241491303, 43.92010447180715 ], [ 4.396370226949728, 43.916993810572585 ] ] ], [ [ [ 4.397889, 43.902922 ], [ 4.397627, 43.903342 ], [ 4.397243, 43.903786 ], [ 4.392555, 43.909283 ], [ 4.392481169750469, 43.909515290310381 ], [ 4.397372026644911, 43.9118195414189 ], [ 4.397889, 43.902922 ] ] ], [ [ [ 4.394575, 43.880681 ], [ 4.394385752239206, 43.880748782814749 ], [ 4.395150654446923, 43.880975147913063 ], [ 4.394575, 43.880681 ] ] ], [ [ [ 4.401818, 43.885877 ], [ 4.402355, 43.885659 ], [ 4.403057, 43.885116 ], [ 4.403554, 43.884355 ], [ 4.404373291576379, 43.883748651284058 ], [ 4.402958, 43.883601 ], [ 4.400677, 43.883799 ], [ 4.400266417243848, 43.88358920042058 ], [ 4.401615, 43.88593 ], [ 4.401818, 43.885877 ] ] ], [ [ [ 4.418841, 43.900835 ], [ 4.418853, 43.901049 ], [ 4.419015, 43.901763 ], [ 4.420409, 43.903025 ], [ 4.420636, 43.903016 ], [ 4.422699, 43.902256 ], [ 4.424007, 43.900261 ], [ 4.424222, 43.899879 ], [ 4.424417, 43.899374 ], [ 4.429916, 43.892526 ], [ 4.435208, 43.892516 ], [ 4.435624, 43.892649 ], [ 4.442373, 43.886896 ], [ 4.445527, 43.887097 ], [ 4.449233, 43.881816 ], [ 4.455197352990075, 43.88016724767823 ], [ 4.456762220259363, 43.879999899000765 ], [ 4.459028, 43.880486 ], [ 4.4575, 43.879921 ], [ 4.449834, 43.879166 ], [ 4.443279, 43.882049 ], [ 4.441922, 43.883881 ], [ 4.439476, 43.885068 ], [ 4.436053, 43.883953 ], [ 4.429169, 43.888956 ], [ 4.42932, 43.892553 ], [ 4.424772, 43.897943 ], [ 4.42118, 43.897695 ], [ 4.417705, 43.895443 ], [ 4.416058, 43.892166 ], [ 4.417689, 43.896632 ], [ 4.418841, 43.900835 ] ] ], [ [ [ 4.467095, 43.883732 ], [ 4.468082, 43.883932 ], [ 4.468481, 43.883933 ], [ 4.46975, 43.883825 ], [ 4.477317084603642, 43.883166754148277 ], [ 4.481206, 43.883715 ], [ 4.47285, 43.882537 ], [ 4.470567, 43.882408 ], [ 4.468275, 43.882279 ], [ 4.466568, 43.882133 ], [ 4.465565, 43.882014 ], [ 4.464498, 43.881849 ], [ 4.463384, 43.881656 ], [ 4.461828, 43.881305 ], [ 4.466433, 43.883362 ], [ 4.467095, 43.883732 ] ] ], [ [ [ 4.511232318844572, 43.897922510206691 ], [ 4.510633, 43.897533 ], [ 4.511232, 43.897923 ], [ 4.511232318844572, 43.897922510206691 ] ] ], [ [ [ 4.545719, 43.90515 ], [ 4.547241, 43.905356 ], [ 4.549238, 43.905684 ], [ 4.553101, 43.906547 ], [ 4.559961, 43.909005 ], [ 4.561351, 43.909661 ], [ 4.563806, 43.910949 ], [ 4.565527, 43.907787 ], [ 4.564133, 43.907028 ], [ 4.562961, 43.906441 ], [ 4.561497, 43.905749 ], [ 4.559532, 43.904906 ], [ 4.55802, 43.904323 ], [ 4.557109, 43.903996 ], [ 4.555214, 43.9034 ], [ 4.554068, 43.90308 ], [ 4.551856, 43.902533 ], [ 4.550935, 43.902341 ], [ 4.549904, 43.902146 ], [ 4.547825, 43.901804 ], [ 4.546203, 43.901583 ], [ 4.544043, 43.901317 ], [ 4.541741715742628, 43.901052523048698 ], [ 4.541339, 43.904627 ], [ 4.540311984384773, 43.904511449964374 ], [ 4.543604, 43.904891 ], [ 4.545719, 43.90515 ] ] ], [ [ [ 4.510141, 43.892695 ], [ 4.512597, 43.894516 ], [ 4.519357, 43.89773 ], [ 4.512772261212394, 43.894599326854518 ], [ 4.510141, 43.892695 ] ] ], [ [ [ 4.4777, 43.869874 ], [ 4.477326, 43.868811 ], [ 4.475948, 43.865485 ], [ 4.477085, 43.856676 ], [ 4.478619, 43.856307 ], [ 4.478677, 43.856137 ], [ 4.478794, 43.855563 ], [ 4.478802, 43.85504 ], [ 4.478642, 43.85343 ], [ 4.4767, 43.850138 ], [ 4.478291, 43.843127 ], [ 4.483274, 43.84382 ], [ 4.483964, 43.843553 ], [ 4.485282, 43.843032 ], [ 4.485335, 43.843009 ], [ 4.487017, 43.842278 ], [ 4.489193, 43.841539 ], [ 4.496465, 43.83885 ], [ 4.500768, 43.834328 ], [ 4.505371676284924, 43.830559795537148 ], [ 4.498848, 43.832792 ], [ 4.496984, 43.833671 ], [ 4.495797, 43.834166 ], [ 4.490835, 43.835577 ], [ 4.485556, 43.839863 ], [ 4.483069, 43.842466 ], [ 4.482297, 43.841728 ], [ 4.480714, 43.840773 ], [ 4.480233961093655, 43.84060333545532 ], [ 4.480225, 43.84061 ], [ 4.478824, 43.840105 ], [ 4.478085, 43.839771 ], [ 4.470872, 43.844587 ], [ 4.47183, 43.848057 ], [ 4.474066, 43.850839 ], [ 4.474448, 43.851105 ], [ 4.474377, 43.852028 ], [ 4.474042, 43.852728 ], [ 4.472387, 43.854057 ], [ 4.465252, 43.858844 ], [ 4.463863, 43.859475 ], [ 4.461593, 43.861525 ], [ 4.458355, 43.864003 ], [ 4.461629, 43.870749 ], [ 4.465499, 43.869924 ], [ 4.469087, 43.870215 ], [ 4.470265, 43.871487 ], [ 4.472449, 43.874342 ], [ 4.473082, 43.875147 ], [ 4.4797, 43.879745 ], [ 4.482003, 43.880204 ], [ 4.483408, 43.880524 ], [ 4.485582, 43.881067 ], [ 4.487215, 43.88152 ], [ 4.481592, 43.877219 ], [ 4.4777, 43.869874 ] ] ], [ [ [ 4.518587, 43.829212 ], [ 4.52373, 43.82889 ], [ 4.525216, 43.828871 ], [ 4.52543, 43.827369 ], [ 4.525172, 43.825272 ], [ 4.523967, 43.825186 ], [ 4.516207, 43.822411 ], [ 4.511223, 43.81959 ], [ 4.509589, 43.82028 ], [ 4.508885, 43.820661 ], [ 4.501166, 43.817093 ], [ 4.50114, 43.816048 ], [ 4.501103, 43.815932 ], [ 4.500337, 43.815108 ], [ 4.4934, 43.811365 ], [ 4.489962, 43.803685 ], [ 4.490022, 43.800964 ], [ 4.489242, 43.799612 ], [ 4.488651, 43.798929 ], [ 4.488505, 43.798895 ], [ 4.486638, 43.799737 ], [ 4.4821, 43.802675 ], [ 4.47629, 43.80133 ], [ 4.472696, 43.801125 ], [ 4.46697, 43.80366 ], [ 4.46083, 43.797659 ], [ 4.466695, 43.791977 ], [ 4.469281, 43.788492 ], [ 4.471831, 43.783813 ], [ 4.477856, 43.78111 ], [ 4.482229, 43.777228 ], [ 4.482558, 43.773643 ], [ 4.4826, 43.773433 ], [ 4.482586, 43.772458 ], [ 4.482975, 43.769853 ], [ 4.48928, 43.763508 ], [ 4.496153, 43.761523 ], [ 4.496826, 43.761487 ], [ 4.497649, 43.761388 ], [ 4.497812, 43.760356 ], [ 4.49786, 43.759919 ], [ 4.497219, 43.757814 ], [ 4.489879, 43.75603 ], [ 4.489005, 43.755664 ], [ 4.487374, 43.755228 ], [ 4.485526, 43.754727 ], [ 4.483636, 43.756382 ], [ 4.480872, 43.759339 ], [ 4.481579, 43.758984 ], [ 4.482188, 43.758748 ], [ 4.482832, 43.758546 ], [ 4.483468, 43.758396 ], [ 4.484159, 43.758281 ], [ 4.48577, 43.758129 ], [ 4.485876, 43.758117 ], [ 4.486256, 43.761697 ], [ 4.48615, 43.761708 ], [ 4.481979, 43.76342 ], [ 4.48065, 43.771728 ], [ 4.481242, 43.774196 ], [ 4.48118, 43.774278 ], [ 4.480647, 43.774944 ], [ 4.479124, 43.776935 ], [ 4.475039, 43.78057 ], [ 4.469258, 43.783298 ], [ 4.46616, 43.787858 ], [ 4.462567, 43.787638 ], [ 4.454593, 43.785196 ], [ 4.453395, 43.788591 ], [ 4.453253, 43.791977 ], [ 4.453552, 43.792773 ], [ 4.454926, 43.797805 ], [ 4.455679, 43.799084 ], [ 4.460078, 43.805994 ], [ 4.466005, 43.808315 ], [ 4.472418, 43.805271 ], [ 4.473337, 43.804808 ], [ 4.474033, 43.804783 ], [ 4.48152, 43.804538 ], [ 4.486243, 43.806105 ], [ 4.488608, 43.806669 ], [ 4.489281, 43.808036 ], [ 4.491188, 43.81528 ], [ 4.493628, 43.818926 ], [ 4.494082, 43.819539 ], [ 4.502698, 43.822074 ], [ 4.508221, 43.823225 ], [ 4.512562, 43.82533 ], [ 4.512498, 43.828929 ], [ 4.511320686336429, 43.829190118308453 ], [ 4.514303, 43.830051 ], [ 4.518587, 43.829212 ] ] ], [ [ [ 4.475103, 43.76094 ], [ 4.474683, 43.761022 ], [ 4.474161, 43.761251 ], [ 4.471414, 43.762288 ], [ 4.470272, 43.763029 ], [ 4.461787, 43.764494 ], [ 4.460874, 43.764428 ], [ 4.458241, 43.763874 ], [ 4.457987, 43.765323 ], [ 4.457993, 43.766026 ], [ 4.458232, 43.768652 ], [ 4.45737, 43.771813 ], [ 4.449225, 43.770873 ], [ 4.445812, 43.766164 ], [ 4.445727, 43.762565 ], [ 4.445269, 43.760785 ], [ 4.443604, 43.756256 ], [ 4.441956, 43.753216 ], [ 4.442026, 43.756108 ], [ 4.442901, 43.762117 ], [ 4.442871, 43.766166 ], [ 4.447876, 43.772222 ], [ 4.448504, 43.772716 ], [ 4.452227, 43.775354 ], [ 4.459392, 43.770549 ], [ 4.464013, 43.765897 ], [ 4.471074, 43.764657 ], [ 4.475399, 43.762479 ], [ 4.476301, 43.7618 ], [ 4.480872, 43.759339 ], [ 4.475704, 43.760816 ], [ 4.475103, 43.76094 ] ] ], [ [ [ 4.525792250777426, 43.709706166550049 ], [ 4.524759, 43.71013 ], [ 4.525793, 43.709708 ], [ 4.525792250777426, 43.709706166550049 ] ] ], [ [ [ 4.556078, 43.6849 ], [ 4.557278, 43.6848 ], [ 4.561665, 43.684788 ], [ 4.566159, 43.684822 ], [ 4.570653, 43.684856 ], [ 4.574086, 43.684883 ], [ 4.577519, 43.684909 ], [ 4.577547, 43.681309 ], [ 4.574113, 43.681283 ], [ 4.57068, 43.681256 ], [ 4.566186, 43.681222 ], [ 4.561692, 43.681188 ], [ 4.557169, 43.681202 ], [ 4.555786, 43.681312 ], [ 4.555278, 43.681375 ], [ 4.554222, 43.681557 ], [ 4.553227, 43.681787 ], [ 4.552695, 43.681935 ], [ 4.551989, 43.682161 ], [ 4.551103, 43.682492 ], [ 4.550968316724361, 43.682551923876439 ], [ 4.552445, 43.685831 ], [ 4.549050972311729, 43.688548590995076 ], [ 4.555733, 43.684946 ], [ 4.556078, 43.6849 ] ] ], [ [ [ 4.424416, 43.740187 ], [ 4.422627, 43.740055 ], [ 4.416741, 43.738904 ], [ 4.412849, 43.730922 ], [ 4.413051, 43.730454 ], [ 4.413558, 43.729565 ], [ 4.410431, 43.727782 ], [ 4.409924, 43.728671 ], [ 4.409693, 43.729129 ], [ 4.409502, 43.729595 ], [ 4.409255, 43.730316 ], [ 4.409045, 43.73106 ], [ 4.407424, 43.734224 ], [ 4.398761, 43.735124 ], [ 4.396063, 43.73358 ], [ 4.394275, 43.736704 ], [ 4.396976, 43.739065 ], [ 4.398241, 43.743167 ], [ 4.391196, 43.747391 ], [ 4.390783, 43.747326 ], [ 4.390446, 43.747298 ], [ 4.386596, 43.751066 ], [ 4.380302, 43.756477 ], [ 4.377402, 43.758611 ], [ 4.369668, 43.759142 ], [ 4.367816, 43.758851 ], [ 4.366582, 43.759606 ], [ 4.366143, 43.759849 ], [ 4.358623148392073, 43.762416229631086 ], [ 4.364384, 43.763409 ], [ 4.372649, 43.761154 ], [ 4.378601, 43.760353 ], [ 4.38211, 43.759549 ], [ 4.386268, 43.755352 ], [ 4.38976, 43.756226 ], [ 4.393777, 43.749782 ], [ 4.398492, 43.74491 ], [ 4.398754, 43.744673 ], [ 4.404906, 43.73957 ], [ 4.405307, 43.737622 ], [ 4.407731, 43.737089 ], [ 4.411184, 43.738107 ], [ 4.410789, 43.739448 ], [ 4.410697, 43.739854 ], [ 4.41063, 43.742418 ], [ 4.410649, 43.743035 ], [ 4.410678, 43.74345 ], [ 4.411003, 43.746775 ], [ 4.411007, 43.747224 ], [ 4.410939, 43.7478 ], [ 4.410767, 43.748462 ], [ 4.41055, 43.748979 ], [ 4.409283, 43.750992 ], [ 4.408148, 43.754228 ], [ 4.407996, 43.756422 ], [ 4.407836, 43.758709 ], [ 4.407741, 43.760331 ], [ 4.40755, 43.762792 ], [ 4.407515, 43.763547 ], [ 4.40752, 43.764018 ], [ 4.407473, 43.764772 ], [ 4.411416467464635, 43.770807428863542 ], [ 4.418172, 43.767829 ], [ 4.418809, 43.766698 ], [ 4.419053364681298, 43.766453635318719 ], [ 4.419468, 43.765042 ], [ 4.419489, 43.764741 ], [ 4.420186, 43.762313 ], [ 4.420205, 43.762016 ], [ 4.420268, 43.761884 ], [ 4.423407, 43.7571 ], [ 4.423596, 43.754652 ], [ 4.423487, 43.753835 ], [ 4.421043, 43.748533 ], [ 4.420958, 43.748294 ], [ 4.420911, 43.747558 ], [ 4.422129, 43.744991 ], [ 4.425724, 43.744813 ], [ 4.429732, 43.745424 ], [ 4.431342, 43.745465 ], [ 4.43328393784649, 43.744950118772465 ], [ 4.426362, 43.740425 ], [ 4.424416, 43.740187 ] ] ], [ [ [ 4.355, 43.756279 ], [ 4.354217, 43.752765 ], [ 4.351236, 43.746713 ], [ 4.347121, 43.743374 ], [ 4.34614, 43.737854 ], [ 4.343391, 43.73553 ], [ 4.342707, 43.736339 ], [ 4.34237, 43.736817 ], [ 4.342108, 43.737269 ], [ 4.33585, 43.742956 ], [ 4.334757, 43.743266 ], [ 4.331355, 43.748113 ], [ 4.324225, 43.749236 ], [ 4.317413, 43.749418 ], [ 4.310498, 43.749146 ], [ 4.306511, 43.744348 ], [ 4.306317, 43.744321 ], [ 4.302915, 43.743677 ], [ 4.298946, 43.74249 ], [ 4.294732, 43.739176 ], [ 4.293088, 43.739518 ], [ 4.291741, 43.740083 ], [ 4.291691, 43.740151 ], [ 4.292089, 43.742561 ], [ 4.292237, 43.742655 ], [ 4.295601, 43.747747 ], [ 4.289353, 43.753387 ], [ 4.282199, 43.754256 ], [ 4.277101, 43.753411 ], [ 4.273783, 43.751351 ], [ 4.276645, 43.753295 ], [ 4.279507, 43.755239 ], [ 4.279965, 43.755612 ], [ 4.285493, 43.758385 ], [ 4.293001, 43.757494 ], [ 4.293347, 43.757457 ], [ 4.294424, 43.758389 ], [ 4.296152, 43.759714 ], [ 4.303408, 43.758074 ], [ 4.302878, 43.751482 ], [ 4.301359, 43.749819 ], [ 4.301079, 43.748665 ], [ 4.301631, 43.746918 ], [ 4.302042, 43.746649 ], [ 4.303785, 43.74629 ], [ 4.304545, 43.746821 ], [ 4.309275, 43.750166 ], [ 4.315718, 43.751924 ], [ 4.319443, 43.752044 ], [ 4.3215, 43.753163 ], [ 4.321571, 43.75325 ], [ 4.328197, 43.757377 ], [ 4.331223, 43.757698 ], [ 4.336615, 43.757719 ], [ 4.340632, 43.750973 ], [ 4.339493, 43.74751 ], [ 4.337829, 43.744318 ], [ 4.340933, 43.742472 ], [ 4.344111, 43.744162 ], [ 4.34728, 43.74723 ], [ 4.35144, 43.753408 ], [ 4.353256, 43.75805 ], [ 4.358175, 43.762339 ], [ 4.358396161172678, 43.762377112812814 ], [ 4.356158, 43.758382 ], [ 4.355, 43.756279 ] ] ], [ [ [ 4.267356, 43.747024 ], [ 4.266804, 43.746713 ], [ 4.266312, 43.746468 ], [ 4.265676, 43.746173 ], [ 4.265095, 43.745931 ], [ 4.263707, 43.745465 ], [ 4.262779, 43.745235 ], [ 4.261949, 43.745063 ], [ 4.26125, 43.744954 ], [ 4.253004, 43.74832 ], [ 4.25371, 43.748634 ], [ 4.254431, 43.748996 ], [ 4.255157, 43.749395 ], [ 4.25644, 43.750217 ], [ 4.25723, 43.750809 ], [ 4.257764, 43.751257 ], [ 4.25831, 43.751768 ], [ 4.267116, 43.751174 ], [ 4.269137647596653, 43.748196519019352 ], [ 4.268001, 43.747425 ], [ 4.267356, 43.747024 ] ] ], [ [ [ 4.188105130915468, 43.713012532306777 ], [ 4.187746, 43.71301 ], [ 4.186957, 43.714073 ], [ 4.184066, 43.711927 ], [ 4.184855, 43.710864 ], [ 4.185063035500121, 43.710461459128155 ], [ 4.184987, 43.710549 ], [ 4.179506, 43.715798 ], [ 4.178482, 43.717281 ], [ 4.171883, 43.723161 ], [ 4.173792, 43.723395 ], [ 4.180466, 43.719223 ], [ 4.183903, 43.720293 ], [ 4.188173, 43.727471 ], [ 4.189239, 43.727977 ], [ 4.186032, 43.71971 ], [ 4.188105130915468, 43.713012532306777 ] ] ], [ [ [ 4.15849, 43.722595 ], [ 4.160033, 43.722648 ], [ 4.163485, 43.722675 ], [ 4.164826, 43.7227 ], [ 4.15691196347976, 43.722463589369191 ], [ 4.15849, 43.722595 ] ] ] ] } },
{ "type": "Feature", "properties": { "codgeo": "30189", "value": 1140, "isochrone_group": 19.0, "nb_agences": 2 }, "geometry": { "type": "MultiPolygon", "coordinates": [ [ [ [ 4.093355, 43.698485 ], [ 4.094515, 43.698565 ], [ 4.096934, 43.698654 ], [ 4.098894, 43.698725 ], [ 4.100337, 43.698805 ], [ 4.101545, 43.698908 ], [ 4.10211, 43.698974 ], [ 4.103312, 43.699141 ], [ 4.103937, 43.699248 ], [ 4.104747, 43.69941 ], [ 4.105654, 43.699618 ], [ 4.113035, 43.704152 ], [ 4.113655, 43.704566 ], [ 4.120798, 43.70848 ], [ 4.118802, 43.707009 ], [ 4.114086, 43.703419 ], [ 4.114169119214894, 43.703303753985026 ], [ 4.114026, 43.703203 ], [ 4.108028, 43.700181 ], [ 4.105646, 43.699482 ], [ 4.103944, 43.699123 ], [ 4.101508, 43.698776 ], [ 4.100283, 43.698673 ], [ 4.098865, 43.698589 ], [ 4.096103, 43.698495 ], [ 4.094946, 43.698442 ], [ 4.093366712359167, 43.698315406928359 ], [ 4.093355, 43.698485 ] ] ], [ [ [ 4.129671, 43.71592 ], [ 4.130183, 43.7161 ], [ 4.130269044300983, 43.716124267296173 ], [ 4.125535, 43.711619 ], [ 4.123826, 43.710511 ], [ 4.122065, 43.709367 ], [ 4.128822, 43.715241 ], [ 4.128948, 43.71539 ], [ 4.129671, 43.71592 ] ] ], [ [ [ 4.263774, 43.768851 ], [ 4.263889, 43.774348 ], [ 4.260519, 43.779529 ], [ 4.260181, 43.7798 ], [ 4.25909, 43.783195 ], [ 4.256879, 43.791592 ], [ 4.254981, 43.792797 ], [ 4.253892, 43.795869 ], [ 4.256733, 43.798081 ], [ 4.259384, 43.797031 ], [ 4.259763, 43.796269 ], [ 4.263351, 43.791519 ], [ 4.261243, 43.793478 ], [ 4.260482, 43.79417 ], [ 4.260187, 43.794459 ], [ 4.257669, 43.791886 ], [ 4.258884, 43.788438 ], [ 4.259298, 43.787642 ], [ 4.263289, 43.782497 ], [ 4.264975, 43.777312 ], [ 4.265954, 43.77553 ], [ 4.266832, 43.772242 ], [ 4.26462, 43.765199 ], [ 4.264424, 43.764864 ], [ 4.261502, 43.760603 ], [ 4.258831, 43.75766 ], [ 4.260712, 43.760205 ], [ 4.263689, 43.768237 ], [ 4.263774, 43.768851 ] ] ], [ [ [ 4.280557, 43.800698 ], [ 4.279592, 43.801091 ], [ 4.279122, 43.801435 ], [ 4.274197, 43.806305 ], [ 4.274188347694133, 43.806354485607443 ], [ 4.27331, 43.806356 ], [ 4.272951, 43.806469 ], [ 4.272709, 43.809494 ], [ 4.265799, 43.813105 ], [ 4.262348, 43.812081 ], [ 4.256128, 43.81236 ], [ 4.251045, 43.809384 ], [ 4.248024, 43.807427 ], [ 4.242481, 43.807183 ], [ 4.240794, 43.806836 ], [ 4.240068, 43.810362 ], [ 4.239517, 43.813817 ], [ 4.24217, 43.816251 ], [ 4.245243, 43.817324 ], [ 4.24931, 43.824434 ], [ 4.242318, 43.828178 ], [ 4.241654, 43.827984 ], [ 4.241127, 43.827879 ], [ 4.240549, 43.827806 ], [ 4.239858, 43.827787 ], [ 4.239283, 43.827836 ], [ 4.237845, 43.828074 ], [ 4.237845878263474, 43.82807932353559 ], [ 4.236916, 43.828136 ], [ 4.237135, 43.831729 ], [ 4.238103, 43.83167 ], [ 4.243538, 43.833172 ], [ 4.247066952808112, 43.831642680469365 ], [ 4.253654, 43.832701 ], [ 4.254308, 43.83283 ], [ 4.254912, 43.832766 ], [ 4.254974527441747, 43.832748614321076 ], [ 4.255393, 43.832708 ], [ 4.263247, 43.831231 ], [ 4.26830435907758, 43.83600397377861 ], [ 4.267995875668578, 43.83993137463596 ], [ 4.26115, 43.844029 ], [ 4.25831, 43.841816 ], [ 4.258006, 43.842206 ], [ 4.253585008944549, 43.844597586122894 ], [ 4.256468, 43.843826 ], [ 4.257269, 43.843563 ], [ 4.257701, 43.843543 ], [ 4.259842, 43.845897 ], [ 4.262037970153855, 43.848136602502009 ], [ 4.26365, 43.847998 ], [ 4.265839062997831, 43.846219448892292 ], [ 4.268232, 43.842277 ], [ 4.268009, 43.841729 ], [ 4.267924, 43.841185 ], [ 4.267931, 43.84059 ], [ 4.268065, 43.83989 ], [ 4.26857, 43.839003 ], [ 4.269419, 43.837372 ], [ 4.268596, 43.832291 ], [ 4.263312, 43.830536 ], [ 4.262096, 43.830629 ], [ 4.261673, 43.830684 ], [ 4.26111, 43.830691 ], [ 4.260527402401295, 43.830725044346025 ], [ 4.25998, 43.830778 ], [ 4.259287651119629, 43.830906411675286 ], [ 4.256982, 43.831371 ], [ 4.256956502509327, 43.83137086491395 ], [ 4.256872, 43.831401 ], [ 4.256597, 43.831484 ], [ 4.25531, 43.831429 ], [ 4.253453, 43.831583 ], [ 4.253324, 43.831585 ], [ 4.2497, 43.830964 ], [ 4.248273, 43.831202 ], [ 4.248272715928994, 43.831200292689978 ], [ 4.248202, 43.831212 ], [ 4.24795, 43.83126 ], [ 4.246352, 43.831686 ], [ 4.245424, 43.828208 ], [ 4.247022, 43.827782 ], [ 4.24954790767816, 43.82661926551409 ], [ 4.252082, 43.818753 ], [ 4.250052, 43.815828 ], [ 4.247354, 43.812656 ], [ 4.246717, 43.811873 ], [ 4.24692, 43.810779 ], [ 4.24693, 43.810666 ], [ 4.246940848641656, 43.810653601552374 ], [ 4.247328, 43.808325 ], [ 4.247655, 43.808381 ], [ 4.248165, 43.808524 ], [ 4.248587, 43.808692 ], [ 4.249362, 43.809158 ], [ 4.249553619403161, 43.809308865992257 ], [ 4.249562, 43.809307 ], [ 4.249851, 43.809543 ], [ 4.25049, 43.810197 ], [ 4.250954, 43.810814 ], [ 4.25301, 43.813776 ], [ 4.261663, 43.814124 ], [ 4.263594, 43.813595 ], [ 4.26376, 43.813648 ], [ 4.270145153925033, 43.813899219170807 ], [ 4.273538918699664, 43.81207936060828 ], [ 4.276558, 43.810396 ], [ 4.276526, 43.806796 ], [ 4.276648190248525, 43.806794880272655 ], [ 4.281566, 43.8037 ], [ 4.283241, 43.799801 ], [ 4.283623, 43.799435 ], [ 4.283975, 43.799176 ], [ 4.284172, 43.799055 ], [ 4.287987, 43.792764 ], [ 4.285951, 43.788024 ], [ 4.279867, 43.7853 ], [ 4.274712, 43.786806 ], [ 4.272694, 43.787089 ], [ 4.271820517580479, 43.787371735452062 ], [ 4.278084, 43.787694 ], [ 4.284228, 43.793277 ], [ 4.280557, 43.800698 ] ] ], [ [ [ 4.249567, 43.844532 ], [ 4.247963, 43.847007 ], [ 4.249298, 43.845984 ], [ 4.249989, 43.84556 ], [ 4.252261561872693, 43.844951785416391 ], [ 4.2507, 43.844759 ], [ 4.250253, 43.84469 ], [ 4.249567, 43.844532 ] ] ], [ [ [ 4.236953, 43.846213 ], [ 4.230057, 43.842774 ], [ 4.229933, 43.84267 ], [ 4.228708, 43.842214 ], [ 4.228505, 43.842295 ], [ 4.226875, 43.842894 ], [ 4.226149, 43.843161 ], [ 4.222387, 43.844752 ], [ 4.221884, 43.845021 ], [ 4.220149, 43.846253 ], [ 4.216832, 43.848418 ], [ 4.216151, 43.848848 ], [ 4.215604, 43.84945 ], [ 4.215327, 43.849894 ], [ 4.215299, 43.849964 ], [ 4.215080741290122, 43.850692610860477 ], [ 4.216152, 43.849278 ], [ 4.216719, 43.848777 ], [ 4.217044, 43.848605 ], [ 4.218416, 43.848023 ], [ 4.219822, 43.851336 ], [ 4.223522, 43.857595 ], [ 4.227041, 43.857069 ], [ 4.230562, 43.856542 ], [ 4.234222, 43.850608 ], [ 4.234226, 43.850233 ], [ 4.234316, 43.849654 ], [ 4.234543, 43.849107 ], [ 4.234735, 43.848793 ], [ 4.237852, 43.850479 ], [ 4.245360454625238, 43.851394942317242 ], [ 4.24650422627981, 43.850868151988998 ], [ 4.246719, 43.848557 ], [ 4.237954, 43.848075 ], [ 4.237758, 43.847668 ], [ 4.236953, 43.846213 ] ] ], [ [ [ 4.197740715996066, 43.858423684404578 ], [ 4.198076, 43.858605 ], [ 4.206236, 43.859539 ], [ 4.213039, 43.856231 ], [ 4.205301, 43.857465 ], [ 4.20197, 43.858829 ], [ 4.197740715996066, 43.858423684404578 ] ] ], [ [ [ 4.182487, 43.853172 ], [ 4.181781, 43.854537 ], [ 4.181674, 43.855156 ], [ 4.181674, 43.855248 ], [ 4.181758, 43.855511 ], [ 4.182434, 43.856772 ], [ 4.185697, 43.857862 ], [ 4.187688, 43.858707 ], [ 4.19403, 43.862999 ], [ 4.194544, 43.863249 ], [ 4.194916, 43.863338 ], [ 4.195548, 43.863447 ], [ 4.202755, 43.866896 ], [ 4.203508, 43.87357 ], [ 4.205591, 43.876506 ], [ 4.208973, 43.875732 ], [ 4.209523, 43.875309 ], [ 4.213859, 43.871819 ], [ 4.212111, 43.872683 ], [ 4.210721, 43.873092 ], [ 4.210089, 43.873108 ], [ 4.209578, 43.873016 ], [ 4.209017, 43.872845 ], [ 4.204774, 43.865995 ], [ 4.198031, 43.862674 ], [ 4.197334, 43.862455 ], [ 4.19646, 43.862179 ], [ 4.194829, 43.861595 ], [ 4.193779, 43.861152 ], [ 4.19518, 43.857835 ], [ 4.195872936666321, 43.857934040423075 ], [ 4.190602, 43.852856 ], [ 4.187002, 43.852849 ], [ 4.182487, 43.853172 ] ] ], [ [ [ 4.225809, 43.868507 ], [ 4.227340645504586, 43.86167056754384 ], [ 4.227603, 43.861644 ], [ 4.230862, 43.860965 ], [ 4.234615, 43.859576 ], [ 4.231094, 43.860103 ], [ 4.227574, 43.860629 ], [ 4.223167, 43.864834 ], [ 4.220085, 43.866694 ], [ 4.21494, 43.870875 ], [ 4.214441, 43.871462 ], [ 4.213859, 43.871819 ], [ 4.219907, 43.870215 ], [ 4.223174, 43.87096 ], [ 4.225809, 43.868507 ] ] ], [ [ [ 4.248526, 43.86894 ], [ 4.248815, 43.869133 ], [ 4.250427, 43.869089 ], [ 4.25397, 43.876838 ], [ 4.249209, 43.880138 ], [ 4.248871, 43.880623 ], [ 4.248838, 43.880682 ], [ 4.248446, 43.881505 ], [ 4.243525, 43.8869 ], [ 4.240693, 43.886942 ], [ 4.240595, 43.886963 ], [ 4.236682, 43.888179 ], [ 4.235683, 43.888363 ], [ 4.234507, 43.888683 ], [ 4.233756, 43.88895 ], [ 4.233117, 43.88922 ], [ 4.234517, 43.892537 ], [ 4.241966, 43.891858 ], [ 4.242649, 43.891597 ], [ 4.24908, 43.889392 ], [ 4.251097, 43.889151 ], [ 4.258614, 43.884411 ], [ 4.262227, 43.884402 ], [ 4.266582, 43.884962 ], [ 4.267395, 43.885146 ], [ 4.267816, 43.885199 ], [ 4.268597, 43.881685 ], [ 4.269831675162629, 43.877746242171654 ], [ 4.274573, 43.878417 ], [ 4.277804, 43.878619 ], [ 4.278639861694122, 43.877499967241981 ], [ 4.278313, 43.876893 ], [ 4.276862, 43.876261 ], [ 4.270102, 43.876156 ], [ 4.267483, 43.878646 ], [ 4.263724, 43.882234 ], [ 4.262077, 43.882782 ], [ 4.254287, 43.884445 ], [ 4.253311, 43.885306 ], [ 4.250516, 43.887714 ], [ 4.248017, 43.8894 ], [ 4.246716, 43.889778 ], [ 4.24618, 43.889948 ], [ 4.245089, 43.886517 ], [ 4.248575, 43.884682 ], [ 4.250946, 43.882591 ], [ 4.251906, 43.881745 ], [ 4.253808, 43.879988 ], [ 4.255684, 43.876329 ], [ 4.255785, 43.876164 ], [ 4.256102, 43.876061 ], [ 4.257582, 43.87553 ], [ 4.259457, 43.875866 ], [ 4.262687, 43.875198 ], [ 4.264258, 43.867839 ], [ 4.262629, 43.866314 ], [ 4.256529, 43.864534 ], [ 4.253874, 43.865808 ], [ 4.253756, 43.865891 ], [ 4.252437, 43.865977 ], [ 4.249156, 43.865361 ], [ 4.246153, 43.863375 ], [ 4.241735, 43.858533 ], [ 4.238135, 43.85905 ], [ 4.244094, 43.86443 ], [ 4.245935, 43.867524 ], [ 4.248526, 43.86894 ] ] ], [ [ [ 4.277293, 43.890377 ], [ 4.277179, 43.890933 ], [ 4.278972, 43.899321 ], [ 4.274036, 43.904848 ], [ 4.276919, 43.903924 ], [ 4.281885, 43.899489 ], [ 4.281689, 43.891331 ], [ 4.27923, 43.890223 ], [ 4.279231, 43.890062 ], [ 4.279359, 43.889299 ], [ 4.280135297677869, 43.887779233857053 ], [ 4.279907, 43.887903 ], [ 4.277899, 43.88997 ], [ 4.277293, 43.890377 ] ] ], [ [ [ 4.256995446581842, 43.924668738515294 ], [ 4.256846512976309, 43.928525467000711 ], [ 4.258889293829637, 43.922560619573481 ], [ 4.256995446581842, 43.924668738515294 ] ] ], [ [ [ 4.26651, 43.922149 ], [ 4.266875, 43.920669 ], [ 4.267711, 43.918547 ], [ 4.267841, 43.917911 ], [ 4.27007, 43.912817 ], [ 4.269213, 43.913515 ], [ 4.266473, 43.91567 ], [ 4.26621, 43.915888 ], [ 4.264566, 43.917194 ], [ 4.263814, 43.917878 ], [ 4.261107, 43.920092 ], [ 4.259079341023554, 43.922349070257773 ], [ 4.264187, 43.921889 ], [ 4.264238, 43.921899 ], [ 4.26651, 43.922149 ] ] ], [ [ [ 4.27683080168519, 43.908357760986028 ], [ 4.280576714043489, 43.909120108304208 ], [ 4.279318, 43.907681 ], [ 4.275837, 43.908233 ], [ 4.275068, 43.908592 ], [ 4.274202, 43.909137 ], [ 4.273367, 43.909762 ], [ 4.274073280534187, 43.909233346905566 ], [ 4.274301674593097, 43.909107454092421 ], [ 4.27683080168519, 43.908357760986028 ] ] ], [ [ [ 4.279542, 43.9187 ], [ 4.279102, 43.918994 ], [ 4.27873, 43.919346 ], [ 4.27876, 43.920059 ], [ 4.279274, 43.923962 ], [ 4.27923, 43.924511 ], [ 4.279241, 43.924686 ], [ 4.28283, 43.924525 ], [ 4.288054, 43.920542 ], [ 4.291934, 43.915711 ], [ 4.292019, 43.915598 ], [ 4.292219, 43.915328 ], [ 4.292552, 43.913957 ], [ 4.292012, 43.910981 ], [ 4.292299, 43.908874 ], [ 4.291924, 43.90852 ], [ 4.290553, 43.908026 ], [ 4.288113761347772, 43.903807569686613 ], [ 4.290527, 43.898773 ], [ 4.287312, 43.902421 ], [ 4.288076, 43.908969 ], [ 4.288375, 43.909505 ], [ 4.290169, 43.912627 ], [ 4.288734, 43.915893 ], [ 4.287052, 43.918712 ], [ 4.286045, 43.91975 ], [ 4.283053, 43.91775 ], [ 4.283341, 43.917319 ], [ 4.284607, 43.913728 ], [ 4.282794, 43.916976 ], [ 4.282303, 43.917417 ], [ 4.279542, 43.9187 ] ] ], [ [ [ 4.307002, 43.916451 ], [ 4.308644, 43.917861 ], [ 4.314916, 43.922789 ], [ 4.316192, 43.923185 ], [ 4.318348, 43.922069 ], [ 4.318735, 43.921699 ], [ 4.319064, 43.9213 ], [ 4.323089, 43.916045 ], [ 4.324596, 43.912186 ], [ 4.3256, 43.909357 ], [ 4.325366, 43.908967 ], [ 4.324639, 43.908365 ], [ 4.322168267449956, 43.901587556527765 ], [ 4.321542, 43.902935 ], [ 4.319272, 43.909172 ], [ 4.320088, 43.912679 ], [ 4.318671, 43.917736 ], [ 4.318368, 43.918055 ], [ 4.317837, 43.918447 ], [ 4.317355, 43.918644 ], [ 4.316458, 43.9187 ], [ 4.313966, 43.918128 ], [ 4.311808, 43.917708 ], [ 4.309494, 43.916505 ], [ 4.309298, 43.913571 ], [ 4.309342, 43.912673 ], [ 4.30977, 43.911832 ], [ 4.312698, 43.907327 ], [ 4.306796, 43.912856 ], [ 4.30665, 43.915337 ], [ 4.307002, 43.916451 ] ] ], [ [ [ 4.358972, 43.884083 ], [ 4.364332, 43.884563 ], [ 4.372171, 43.882309 ], [ 4.369535, 43.879854 ], [ 4.362791, 43.88109 ], [ 4.361096, 43.883261 ], [ 4.36089, 43.883207 ], [ 4.360672408072214, 43.883126484332536 ], [ 4.360665, 43.883132 ], [ 4.360236, 43.882965 ], [ 4.355985, 43.881742 ], [ 4.355128022439615, 43.881202611041218 ], [ 4.351039010206613, 43.879629440648657 ], [ 4.352185135135446, 43.880859101471124 ], [ 4.353002, 43.882108 ], [ 4.358972, 43.884083 ] ] ], [ [ [ 4.388928, 43.926875 ], [ 4.388911763218215, 43.926767064220883 ], [ 4.3859, 43.929919 ], [ 4.388928, 43.926875 ] ] ], [ [ [ 4.39527235006606, 43.926623118229863 ], [ 4.395061, 43.926859 ], [ 4.395062927106588, 43.926870065443502 ], [ 4.395156, 43.926768 ], [ 4.39527235006606, 43.926623118229863 ] ] ], [ [ [ 4.388748069377677, 43.925678891549104 ], [ 4.38799578749766, 43.920678015641933 ], [ 4.387322, 43.919868 ], [ 4.388748069377677, 43.925678891549104 ] ] ], [ [ [ 4.396767, 43.920735 ], [ 4.39675605346965, 43.920785730074257 ], [ 4.403354, 43.914827 ], [ 4.396767, 43.920735 ] ] ], [ [ [ 4.40758011039757, 43.91321560546443 ], [ 4.405452, 43.914094 ], [ 4.40758, 43.913216 ], [ 4.40758011039757, 43.91321560546443 ] ] ], [ [ [ 4.397817274196045, 43.904156460741945 ], [ 4.401781, 43.911307 ], [ 4.39784077991308, 43.903751907801549 ], [ 4.397817274196045, 43.904156460741945 ] ] ], [ [ [ 4.416933, 43.90426 ], [ 4.417463075158563, 43.904505762118959 ], [ 4.417472, 43.904517 ], [ 4.417813, 43.904668 ], [ 4.419029, 43.905437 ], [ 4.421581, 43.907483 ], [ 4.421626, 43.907494 ], [ 4.421965, 43.907517 ], [ 4.423, 43.90704 ], [ 4.42529, 43.903764 ], [ 4.426325, 43.902529 ], [ 4.426588, 43.901716 ], [ 4.426579, 43.901666 ], [ 4.426290446543384, 43.900348627591541 ], [ 4.429916, 43.892526 ], [ 4.424417, 43.899374 ], [ 4.424222, 43.899879 ], [ 4.424007, 43.900261 ], [ 4.422699, 43.902256 ], [ 4.420636, 43.903016 ], [ 4.420409, 43.903025 ], [ 4.419015, 43.901763 ], [ 4.418853, 43.901049 ], [ 4.418841, 43.900835 ], [ 4.417689, 43.896632 ], [ 4.416058, 43.892166 ], [ 4.41578, 43.891703 ], [ 4.415273, 43.898149 ], [ 4.416703, 43.904117 ], [ 4.416933, 43.90426 ] ] ], [ [ [ 4.437327, 43.894306 ], [ 4.439162, 43.894873 ], [ 4.439523, 43.894689 ], [ 4.441566, 43.893574 ], [ 4.441606, 43.893306 ], [ 4.441602689688843, 43.89310499055027 ], [ 4.44353, 43.891846 ], [ 4.444192, 43.891206 ], [ 4.445041, 43.890369 ], [ 4.445515, 43.88986 ], [ 4.445806, 43.889257 ], [ 4.44591, 43.888821 ], [ 4.44614, 43.88785 ], [ 4.447523587866635, 43.884251889227272 ], [ 4.445527, 43.887097 ], [ 4.442373, 43.886896 ], [ 4.435624, 43.892649 ], [ 4.435208, 43.892516 ], [ 4.429916, 43.892526 ], [ 4.435574, 43.893393 ], [ 4.436423, 43.894077 ], [ 4.437327, 43.894306 ] ] ], [ [ [ 4.463889, 43.887138 ], [ 4.469202, 43.891826 ], [ 4.471866, 43.892668 ], [ 4.475387, 43.891916 ], [ 4.475323, 43.891616 ], [ 4.474939, 43.890787 ], [ 4.478932034237544, 43.883394424166099 ], [ 4.477317084603642, 43.883166754148277 ], [ 4.46975, 43.883825 ], [ 4.468481, 43.883933 ], [ 4.468082, 43.883932 ], [ 4.467095, 43.883732 ], [ 4.466433, 43.883362 ], [ 4.461828, 43.881305 ], [ 4.460805, 43.88104 ], [ 4.459795, 43.880742 ], [ 4.459028, 43.880486 ], [ 4.456762220259363, 43.879999899000765 ], [ 4.455197352990075, 43.88016724767823 ], [ 4.450400791533917, 43.881493182251596 ], [ 4.454953, 43.881128 ], [ 4.458897, 43.883575 ], [ 4.463889, 43.887138 ] ] ], [ [ [ 4.511232318844572, 43.897922510206691 ], [ 4.51127, 43.897947 ], [ 4.511232318844574, 43.897922510206691 ], [ 4.511232318844572, 43.897922510206691 ] ] ], [ [ [ 4.569459, 43.914621 ], [ 4.571297, 43.916038 ], [ 4.573154, 43.91747 ], [ 4.574492, 43.918473 ], [ 4.575137, 43.918922 ], [ 4.576349, 43.919728 ], [ 4.578469, 43.921083 ], [ 4.579779, 43.921917 ], [ 4.581712, 43.91888 ], [ 4.580403, 43.918046 ], [ 4.573496, 43.913188 ], [ 4.571659, 43.91177 ], [ 4.570232, 43.910739 ], [ 4.568807, 43.909761 ], [ 4.56785, 43.909149 ], [ 4.565681, 43.907872 ], [ 4.56552656509319, 43.907787799055981 ], [ 4.563806, 43.910949 ], [ 4.561351, 43.909661 ], [ 4.56387, 43.910983 ], [ 4.568124, 43.913658 ], [ 4.569459, 43.914621 ] ] ], [ [ [ 4.524394, 43.898955 ], [ 4.52704, 43.899352 ], [ 4.52904, 43.899592 ], [ 4.531022, 43.899829 ], [ 4.533603, 43.900112 ], [ 4.528648, 43.899361 ], [ 4.523185, 43.898727 ], [ 4.524394, 43.898955 ] ] ], [ [ [ 4.482559, 43.872241 ], [ 4.479838, 43.865319 ], [ 4.48126, 43.857452 ], [ 4.483369, 43.854622 ], [ 4.483152, 43.852351 ], [ 4.482654, 43.851094 ], [ 4.485335, 43.843009 ], [ 4.485282, 43.843032 ], [ 4.483964, 43.843553 ], [ 4.483274, 43.84382 ], [ 4.478291, 43.843127 ], [ 4.4767, 43.850138 ], [ 4.478642, 43.85343 ], [ 4.478802, 43.85504 ], [ 4.478794, 43.855563 ], [ 4.478677, 43.856137 ], [ 4.478619, 43.856307 ], [ 4.477085, 43.856676 ], [ 4.475948, 43.865485 ], [ 4.477326, 43.868811 ], [ 4.4777, 43.869874 ], [ 4.481592, 43.877219 ], [ 4.487215, 43.88152 ], [ 4.489282, 43.882144 ], [ 4.490936, 43.882687 ], [ 4.49189, 43.883019 ], [ 4.494045, 43.883827 ], [ 4.495301, 43.884323 ], [ 4.488254, 43.879258 ], [ 4.485546, 43.876212 ], [ 4.482559, 43.872241 ] ] ], [ [ [ 4.502984, 43.841634 ], [ 4.505768, 43.839351 ], [ 4.509477, 43.831892 ], [ 4.511447, 43.83083 ], [ 4.514089, 43.830111 ], [ 4.518093447554029, 43.829395152246761 ], [ 4.520718, 43.829276 ], [ 4.521752, 43.82933 ], [ 4.525324819550936, 43.828870409118174 ], [ 4.523655924814829, 43.828894637800829 ], [ 4.518587, 43.829212 ], [ 4.514303, 43.830051 ], [ 4.510281, 43.82889 ], [ 4.507474, 43.828839 ], [ 4.500768, 43.834328 ], [ 4.496465, 43.83885 ], [ 4.489193, 43.841539 ], [ 4.487017, 43.842278 ], [ 4.485335, 43.843009 ], [ 4.493136, 43.844212 ], [ 4.496685, 43.844813 ], [ 4.502984, 43.841634 ] ] ], [ [ [ 4.523135, 43.821237 ], [ 4.517105, 43.817263 ], [ 4.515977, 43.816274 ], [ 4.511018, 43.81644 ], [ 4.504284, 43.813706 ], [ 4.503742, 43.813718 ], [ 4.499424, 43.812161 ], [ 4.497408, 43.804792 ], [ 4.4989, 43.801516 ], [ 4.495016, 43.79375 ], [ 4.491648, 43.792478 ], [ 4.491171, 43.793418 ], [ 4.490201, 43.794912 ], [ 4.482634, 43.797961 ], [ 4.476902, 43.797156 ], [ 4.471842, 43.789891 ], [ 4.475162, 43.783561 ], [ 4.47838, 43.781549 ], [ 4.480799, 43.780914 ], [ 4.485318, 43.777511 ], [ 4.485647, 43.773926 ], [ 4.488542, 43.767775 ], [ 4.492124, 43.76741 ], [ 4.496256, 43.764628 ], [ 4.496642, 43.764344 ], [ 4.500328, 43.762176 ], [ 4.507162, 43.760534 ], [ 4.508713, 43.759664 ], [ 4.508841, 43.759451 ], [ 4.508009, 43.75707 ], [ 4.507945, 43.757047 ], [ 4.507181, 43.756934 ], [ 4.504639, 43.756817 ], [ 4.503835, 43.756791 ], [ 4.502712, 43.756854 ], [ 4.501664, 43.757007 ], [ 4.49532, 43.75644 ], [ 4.49353, 43.756381 ], [ 4.49155, 43.756157 ], [ 4.489005, 43.755664 ], [ 4.489879, 43.75603 ], [ 4.497219, 43.757814 ], [ 4.49786, 43.759919 ], [ 4.497812, 43.760356 ], [ 4.497649, 43.761388 ], [ 4.496826, 43.761487 ], [ 4.496153, 43.761523 ], [ 4.48928, 43.763508 ], [ 4.482975, 43.769853 ], [ 4.482586, 43.772458 ], [ 4.4826, 43.773433 ], [ 4.482558, 43.773643 ], [ 4.482229, 43.777228 ], [ 4.477856, 43.78111 ], [ 4.471831, 43.783813 ], [ 4.469281, 43.788492 ], [ 4.466695, 43.791977 ], [ 4.46083, 43.797659 ], [ 4.46697, 43.80366 ], [ 4.472696, 43.801125 ], [ 4.47629, 43.80133 ], [ 4.4821, 43.802675 ], [ 4.486638, 43.799737 ], [ 4.488505, 43.798895 ], [ 4.488651, 43.798929 ], [ 4.489242, 43.799612 ], [ 4.490022, 43.800964 ], [ 4.489962, 43.803685 ], [ 4.4934, 43.811365 ], [ 4.500337, 43.815108 ], [ 4.501103, 43.815932 ], [ 4.50114, 43.816048 ], [ 4.501166, 43.817093 ], [ 4.508885, 43.820661 ], [ 4.509589, 43.82028 ], [ 4.511223, 43.81959 ], [ 4.516207, 43.822411 ], [ 4.523208682301465, 43.824914823245706 ], [ 4.523507, 43.824883 ], [ 4.529113962363928, 43.823077802757581 ], [ 4.523135, 43.821237 ] ] ], [ [ [ 4.481592, 43.752353 ], [ 4.481356, 43.752398 ], [ 4.480059, 43.754888 ], [ 4.479995, 43.755627 ], [ 4.477414783225592, 43.760327062921007 ], [ 4.480872, 43.759339 ], [ 4.483636, 43.756382 ], [ 4.485526, 43.754727 ], [ 4.487374, 43.755228 ], [ 4.482349, 43.752213 ], [ 4.481605, 43.752351 ], [ 4.481592, 43.752353 ] ] ], [ [ [ 4.460949, 43.758375 ], [ 4.460908, 43.75837 ], [ 4.458984, 43.759657 ], [ 4.458951, 43.759836 ], [ 4.458431, 43.761531 ], [ 4.454108, 43.765584 ], [ 4.449131, 43.762517 ], [ 4.447659, 43.758378 ], [ 4.445099, 43.755847 ], [ 4.444268640072324, 43.752870927963848 ], [ 4.444781, 43.75102 ], [ 4.448869, 43.743659 ], [ 4.447396, 43.744017 ], [ 4.446333, 43.744316 ], [ 4.444865, 43.744797 ], [ 4.441734, 43.752472 ], [ 4.441956, 43.753216 ], [ 4.443604, 43.756256 ], [ 4.445269, 43.760785 ], [ 4.445727, 43.762565 ], [ 4.445812, 43.766164 ], [ 4.449225, 43.770873 ], [ 4.45737, 43.771813 ], [ 4.458232, 43.768652 ], [ 4.457993, 43.766026 ], [ 4.457987, 43.765323 ], [ 4.458241, 43.763874 ], [ 4.460874, 43.764428 ], [ 4.461787, 43.764494 ], [ 4.470272, 43.763029 ], [ 4.471414, 43.762288 ], [ 4.472263267024664, 43.761967399379472 ], [ 4.469784, 43.762078 ], [ 4.462525, 43.760306 ], [ 4.460949, 43.758375 ] ] ], [ [ [ 4.525792250777426, 43.709706166550049 ], [ 4.525995, 43.709623 ], [ 4.525792250777424, 43.709706166550049 ], [ 4.525792250777426, 43.709706166550049 ] ] ], [ [ [ 4.54138, 43.697177 ], [ 4.538838, 43.700256 ], [ 4.540743, 43.697949 ], [ 4.542384354420943, 43.695960419420715 ], [ 4.54138, 43.697177 ] ] ], [ [ [ 4.542384354420943, 43.695960419420715 ], [ 4.542384354422317, 43.695960419419052 ], [ 4.543945, 43.69407 ], [ 4.542384354420943, 43.695960419420715 ] ] ], [ [ [ 4.588649, 43.684993 ], [ 4.589824, 43.684988 ], [ 4.590642, 43.68496 ], [ 4.592172, 43.684849 ], [ 4.592872, 43.684774 ], [ 4.592487, 43.681194 ], [ 4.584162, 43.681359 ], [ 4.579668, 43.681325 ], [ 4.575174, 43.681291 ], [ 4.57068, 43.681256 ], [ 4.574113, 43.681283 ], [ 4.577547, 43.681309 ], [ 4.577519000363426, 43.684908953273784 ], [ 4.57964, 43.684925 ], [ 4.584134, 43.684959 ], [ 4.588649, 43.684993 ] ] ], [ [ [ 4.422814, 43.73715 ], [ 4.41719, 43.737538 ], [ 4.413516088288417, 43.729638490160944 ], [ 4.413051, 43.730454 ], [ 4.412849, 43.730922 ], [ 4.416741, 43.738904 ], [ 4.422627, 43.740055 ], [ 4.424416, 43.740187 ], [ 4.426362, 43.740425 ], [ 4.433683, 43.745211 ], [ 4.438084, 43.743972 ], [ 4.439104, 43.743407 ], [ 4.440349, 43.742777 ], [ 4.441221, 43.742375 ], [ 4.433324, 43.741472 ], [ 4.426408, 43.737364 ], [ 4.422814, 43.73715 ] ] ], [ [ [ 4.418023, 43.726708 ], [ 4.419326, 43.726046 ], [ 4.419318, 43.724928 ], [ 4.418794, 43.721804 ], [ 4.415613, 43.720119 ], [ 4.410013, 43.723139 ], [ 4.409635, 43.723402 ], [ 4.409936, 43.725025 ], [ 4.409502, 43.729595 ], [ 4.409693, 43.729129 ], [ 4.409924, 43.728671 ], [ 4.410431, 43.727782 ], [ 4.413558, 43.729565 ], [ 4.413533771875144, 43.729607482846149 ], [ 4.414068, 43.728891 ], [ 4.41472, 43.728208 ], [ 4.418023, 43.726708 ] ] ], [ [ [ 4.40814361928856, 43.732819388384314 ], [ 4.404131068387513, 43.734566103018736 ], [ 4.407424, 43.734224 ], [ 4.40814361928856, 43.732819388384314 ] ] ], [ [ [ 4.386756, 43.730046 ], [ 4.386367, 43.733625 ], [ 4.388453, 43.735122 ], [ 4.392706, 43.73919 ], [ 4.38759, 43.746141 ], [ 4.38305, 43.752219 ], [ 4.379316, 43.754925 ], [ 4.376216, 43.756756 ], [ 4.369429, 43.757989 ], [ 4.365147, 43.757781 ], [ 4.358669, 43.752956 ], [ 4.357348, 43.749559 ], [ 4.356676, 43.746022 ], [ 4.352387, 43.742663 ], [ 4.350926, 43.734129 ], [ 4.351283, 43.733703 ], [ 4.351477, 43.733409 ], [ 4.349924, 43.731687 ], [ 4.349696, 43.731545 ], [ 4.349538, 43.731529 ], [ 4.348472, 43.731426 ], [ 4.344617, 43.731822 ], [ 4.338375, 43.733946 ], [ 4.337634, 43.734606 ], [ 4.337619, 43.73462 ], [ 4.336835, 43.735335 ], [ 4.335063, 43.740712 ], [ 4.334506, 43.741538 ], [ 4.332333, 43.744083 ], [ 4.326995, 43.747423 ], [ 4.323281, 43.746527 ], [ 4.321186, 43.745771 ], [ 4.318761, 43.746236 ], [ 4.315553, 43.746952 ], [ 4.3085, 43.74398 ], [ 4.305428, 43.742103 ], [ 4.2986, 43.73957 ], [ 4.294166, 43.73687 ], [ 4.286324, 43.735208 ], [ 4.284521, 43.736007 ], [ 4.283918, 43.736915 ], [ 4.284514, 43.739607 ], [ 4.288711, 43.744419 ], [ 4.285912, 43.75048 ], [ 4.284991, 43.751213 ], [ 4.27928, 43.752465 ], [ 4.278224, 43.752532 ], [ 4.273783, 43.751351 ], [ 4.277101, 43.753411 ], [ 4.282199, 43.754256 ], [ 4.289353, 43.753387 ], [ 4.295601, 43.747747 ], [ 4.292237, 43.742655 ], [ 4.292089, 43.742561 ], [ 4.291691, 43.740151 ], [ 4.291741, 43.740083 ], [ 4.293088, 43.739518 ], [ 4.294732, 43.739176 ], [ 4.298946, 43.74249 ], [ 4.302915, 43.743677 ], [ 4.306317, 43.744321 ], [ 4.306511, 43.744348 ], [ 4.310498, 43.749146 ], [ 4.317413, 43.749418 ], [ 4.324225, 43.749236 ], [ 4.331355, 43.748113 ], [ 4.334757, 43.743266 ], [ 4.33585, 43.742956 ], [ 4.342108, 43.737269 ], [ 4.34237, 43.736817 ], [ 4.342707, 43.736339 ], [ 4.343391, 43.73553 ], [ 4.34614, 43.737854 ], [ 4.347121, 43.743374 ], [ 4.351236, 43.746713 ], [ 4.354217, 43.752765 ], [ 4.355, 43.756279 ], [ 4.356158, 43.758382 ], [ 4.358451, 43.762475 ], [ 4.366143, 43.759849 ], [ 4.366582, 43.759606 ], [ 4.367816, 43.758851 ], [ 4.369668, 43.759142 ], [ 4.377402, 43.758611 ], [ 4.380302, 43.756477 ], [ 4.386596, 43.751066 ], [ 4.390446, 43.747298 ], [ 4.390783, 43.747326 ], [ 4.391196, 43.747391 ], [ 4.398241, 43.743167 ], [ 4.396976, 43.739065 ], [ 4.394275, 43.736704 ], [ 4.396062823485985, 43.733580308405898 ], [ 4.39473, 43.732817 ], [ 4.391401, 43.729461 ], [ 4.386756, 43.730046 ] ] ], [ [ [ 4.259409, 43.744785 ], [ 4.255293, 43.744561 ], [ 4.253347, 43.744389 ], [ 4.245257, 43.746604 ], [ 4.246116, 43.746653 ], [ 4.246886, 43.746724 ], [ 4.247627, 43.746818 ], [ 4.248669, 43.746997 ], [ 4.24969, 43.747227 ], [ 4.251055, 43.747608 ], [ 4.252279, 43.748031 ], [ 4.253004, 43.74832 ], [ 4.261247512419222, 43.744955015425283 ], [ 4.261098, 43.744932 ], [ 4.260323, 43.744848 ], [ 4.259409, 43.744785 ] ] ], [ [ [ 4.194545636280663, 43.714353434959961 ], [ 4.188085171981099, 43.713077011745646 ], [ 4.186032, 43.71971 ], [ 4.189239, 43.727977 ], [ 4.191773, 43.72965 ], [ 4.192544, 43.73039 ], [ 4.193154, 43.731025 ], [ 4.193345, 43.722356 ], [ 4.194977, 43.719147 ], [ 4.194545636280663, 43.714353434959961 ] ] ], [ [ [ 4.175928, 43.713875 ], [ 4.174371, 43.715533 ], [ 4.174051, 43.715849 ], [ 4.173762, 43.716173 ], [ 4.168421, 43.722852 ], [ 4.169352, 43.722922 ], [ 4.170374, 43.723007 ], [ 4.171883, 43.723161 ], [ 4.178482, 43.717281 ], [ 4.179506, 43.715798 ], [ 4.180908172667599, 43.714455178556427 ], [ 4.180988, 43.713743 ], [ 4.180984699759478, 43.713573166753015 ], [ 4.175928, 43.713875 ] ] ], [ [ [ 4.15691196347976, 43.722463589369191 ], [ 4.155644, 43.722358 ], [ 4.156911963479722, 43.722463589369191 ], [ 4.15691196347976, 43.722463589369191 ] ] ], [ [ [ 4.525353, 43.82887 ], [ 4.525351035634261, 43.82887002851826 ], [ 4.528559, 43.828874 ], [ 4.528559000064579, 43.828873953502665 ], [ 4.528597, 43.828874 ], [ 4.525353, 43.82887 ] ] ], [ [ [ 4.258152, 43.933886 ], [ 4.258274, 43.93248 ], [ 4.258319, 43.932049 ], [ 4.258303, 43.931937 ], [ 4.256822714958021, 43.92914173150794 ], [ 4.256743, 43.931206 ], [ 4.256623, 43.932822 ], [ 4.25645, 43.934643 ], [ 4.25636, 43.935303 ], [ 4.255172, 43.939655 ], [ 4.254774248604393, 43.940573596381014 ], [ 4.254895, 43.940626 ], [ 4.255255, 43.939795 ], [ 4.255451, 43.939301 ], [ 4.258083, 43.934354 ], [ 4.258152, 43.933886 ] ] ] ] } },
{ "type": "Feature", "properties": { "codgeo": "30189", "value": 1200, "isochrone_group": 20.0, "nb_agences": 2 }, "geometry": { "type": "MultiPolygon", "coordinates": [ [ [ [ 4.069585, 43.692435 ], [ 4.077013, 43.69449 ], [ 4.079797, 43.695341 ], [ 4.082582, 43.696193 ], [ 4.085366, 43.697044 ], [ 4.086527, 43.697366 ], [ 4.08804, 43.697735 ], [ 4.089079, 43.697948 ], [ 4.090046, 43.698119 ], [ 4.09082, 43.698233 ], [ 4.092202, 43.698395 ], [ 4.093356850210038, 43.698458209257055 ], [ 4.093366712359167, 43.698315406928359 ], [ 4.090904, 43.698118 ], [ 4.090124, 43.698 ], [ 4.088185, 43.697636 ], [ 4.087379, 43.697451 ], [ 4.086612, 43.697254 ], [ 4.084758, 43.696724 ], [ 4.082115, 43.695914 ], [ 4.079504, 43.695113 ], [ 4.076893, 43.694312 ], [ 4.074282, 43.693511 ], [ 4.06959211422611, 43.692403620542891 ], [ 4.069585, 43.692435 ] ] ], [ [ [ 4.090404346753383, 43.694384191631869 ], [ 4.090671, 43.694441 ], [ 4.090712835981947, 43.694444815260681 ], [ 4.090404346753383, 43.694384191631869 ] ] ], [ [ [ 4.128473864179601, 43.714938358323387 ], [ 4.128948, 43.71539 ], [ 4.128822, 43.715241 ], [ 4.128473864179601, 43.714938358323387 ] ] ], [ [ [ 4.130183, 43.7161 ], [ 4.130482565751477, 43.716184487301675 ], [ 4.130482565751478, 43.716184487301675 ], [ 4.130183, 43.7161 ] ] ], [ [ [ 4.13281, 43.71844 ], [ 4.134007, 43.71922 ], [ 4.14177, 43.721505 ], [ 4.141069, 43.72109 ], [ 4.139173, 43.719932 ], [ 4.134296, 43.71726 ], [ 4.130482565751478, 43.716184487301675 ], [ 4.131893, 43.717486 ], [ 4.132391, 43.718145 ], [ 4.13281, 43.71844 ] ] ], [ [ [ 4.253128, 43.762509 ], [ 4.2499, 43.764753 ], [ 4.251823, 43.767797 ], [ 4.254662, 43.766003 ], [ 4.260675, 43.769777 ], [ 4.260798, 43.770057 ], [ 4.261505, 43.771839 ], [ 4.257375, 43.778729 ], [ 4.256292, 43.782162 ], [ 4.254477, 43.790457 ], [ 4.252005, 43.795503 ], [ 4.251525, 43.796987 ], [ 4.250809, 43.799071 ], [ 4.246966024274864, 43.803646443722329 ], [ 4.246548, 43.80365 ], [ 4.246191, 43.803667 ], [ 4.245317, 43.803776 ], [ 4.238701, 43.805261 ], [ 4.238601, 43.80527 ], [ 4.238218, 43.805311 ], [ 4.230507, 43.806854 ], [ 4.229556, 43.808126 ], [ 4.229541, 43.808191 ], [ 4.229697, 43.809423 ], [ 4.232493, 43.816617 ], [ 4.234409, 43.819665 ], [ 4.233506937929271, 43.821142879470393 ], [ 4.229481, 43.826668 ], [ 4.229439, 43.826701 ], [ 4.229055447733216, 43.827257465173936 ], [ 4.229019, 43.827284 ], [ 4.229003393849475, 43.82733298597249 ], [ 4.228829, 43.827586 ], [ 4.229304940295824, 43.828720250237723 ], [ 4.229597, 43.829835 ], [ 4.224693, 43.835817 ], [ 4.220226, 43.843514 ], [ 4.216151, 43.848848 ], [ 4.216832, 43.848418 ], [ 4.220149, 43.846253 ], [ 4.221884, 43.845021 ], [ 4.222387, 43.844752 ], [ 4.226149, 43.843161 ], [ 4.226875, 43.842894 ], [ 4.228505, 43.842295 ], [ 4.228708, 43.842214 ], [ 4.229933, 43.84267 ], [ 4.230057, 43.842774 ], [ 4.236953, 43.846213 ], [ 4.237758, 43.847668 ], [ 4.237954, 43.848075 ], [ 4.246719, 43.848557 ], [ 4.247061, 43.848018 ], [ 4.247963, 43.847007 ], [ 4.249567, 43.844532 ], [ 4.250253, 43.84469 ], [ 4.2507, 43.844759 ], [ 4.252806, 43.845019 ], [ 4.258006, 43.842206 ], [ 4.25831, 43.841816 ], [ 4.26115, 43.844029 ], [ 4.267995875668578, 43.83993137463596 ], [ 4.26830435907758, 43.83600397377861 ], [ 4.263247, 43.831231 ], [ 4.255393, 43.832708 ], [ 4.254974527441747, 43.832748614321076 ], [ 4.254912, 43.832766 ], [ 4.254308, 43.83283 ], [ 4.253654, 43.832701 ], [ 4.247066952808112, 43.831642680469365 ], [ 4.243538, 43.833172 ], [ 4.238103, 43.83167 ], [ 4.237135, 43.831729 ], [ 4.236916, 43.828136 ], [ 4.237845878263474, 43.82807932353559 ], [ 4.237845, 43.828074 ], [ 4.239283, 43.827836 ], [ 4.239858, 43.827787 ], [ 4.240549, 43.827806 ], [ 4.241127, 43.827879 ], [ 4.241654, 43.827984 ], [ 4.242318, 43.828178 ], [ 4.24931, 43.824434 ], [ 4.245243, 43.817324 ], [ 4.24217, 43.816251 ], [ 4.239517, 43.813817 ], [ 4.240068, 43.810362 ], [ 4.240794, 43.806836 ], [ 4.242481, 43.807183 ], [ 4.248024, 43.807427 ], [ 4.251045, 43.809384 ], [ 4.256128, 43.81236 ], [ 4.262348, 43.812081 ], [ 4.265799, 43.813105 ], [ 4.272709, 43.809494 ], [ 4.272951, 43.806469 ], [ 4.27331, 43.806356 ], [ 4.274188347694133, 43.806354485607443 ], [ 4.274197, 43.806305 ], [ 4.279122, 43.801435 ], [ 4.279592, 43.801091 ], [ 4.280557, 43.800698 ], [ 4.284228, 43.793277 ], [ 4.278084, 43.787694 ], [ 4.269299, 43.787242 ], [ 4.268053, 43.788301 ], [ 4.268049770769845, 43.788297200009296 ], [ 4.267889, 43.788433 ], [ 4.267303, 43.788834 ], [ 4.266671, 43.789149 ], [ 4.263351, 43.791519 ], [ 4.259763, 43.796269 ], [ 4.259384, 43.797031 ], [ 4.256733, 43.798081 ], [ 4.253892, 43.795869 ], [ 4.254981, 43.792797 ], [ 4.256879, 43.791592 ], [ 4.25909, 43.783195 ], [ 4.260181, 43.7798 ], [ 4.260519, 43.779529 ], [ 4.263889, 43.774348 ], [ 4.263774, 43.768851 ], [ 4.263689, 43.768237 ], [ 4.260712, 43.760205 ], [ 4.258831, 43.75766 ], [ 4.256201, 43.754762 ], [ 4.24889, 43.750737 ], [ 4.253525305301105, 43.753288922286544 ], [ 4.254664, 43.761162 ], [ 4.253128, 43.762509 ] ] ], [ [ [ 4.196231, 43.858279 ], [ 4.20197, 43.858829 ], [ 4.205301, 43.857465 ], [ 4.213039, 43.856231 ], [ 4.204646, 43.85544 ], [ 4.201297, 43.85676 ], [ 4.196231, 43.858279 ] ] ], [ [ [ 4.191746, 43.848948 ], [ 4.192369, 43.846244 ], [ 4.188882, 43.845347 ], [ 4.188276, 43.847707 ], [ 4.181331, 43.851684 ], [ 4.176463, 43.852378 ], [ 4.174281, 43.852382 ], [ 4.168258, 43.857687 ], [ 4.170028, 43.860822 ], [ 4.17449, 43.859576 ], [ 4.181426, 43.858759 ], [ 4.186181, 43.860187 ], [ 4.19403, 43.862999 ], [ 4.187688, 43.858707 ], [ 4.185697, 43.857862 ], [ 4.182434, 43.856772 ], [ 4.181758, 43.855511 ], [ 4.181674, 43.855248 ], [ 4.181674, 43.855156 ], [ 4.181781, 43.854537 ], [ 4.182487, 43.853172 ], [ 4.187002, 43.852849 ], [ 4.190602, 43.852856 ], [ 4.196231, 43.858279 ], [ 4.190736, 43.852011 ], [ 4.191542, 43.849757 ], [ 4.191746, 43.848948 ] ] ], [ [ [ 4.200393, 43.874933 ], [ 4.197985, 43.877299 ], [ 4.195985, 43.878885 ], [ 4.198222, 43.881706 ], [ 4.200221, 43.880121 ], [ 4.205147, 43.87767 ], [ 4.208531, 43.876674 ], [ 4.211376, 43.87611 ], [ 4.211892, 43.875742 ], [ 4.216365, 43.872829 ], [ 4.225242, 43.873684 ], [ 4.225442, 43.873639 ], [ 4.225887, 43.87347 ], [ 4.227474, 43.872948 ], [ 4.228981, 43.872705 ], [ 4.229274, 43.872656 ], [ 4.229913, 43.872508 ], [ 4.229098, 43.869001 ], [ 4.227753074121166, 43.861612732639379 ], [ 4.227603, 43.861644 ], [ 4.227340645504586, 43.86167056754384 ], [ 4.225809, 43.868507 ], [ 4.223174, 43.87096 ], [ 4.219907, 43.870215 ], [ 4.213859, 43.871819 ], [ 4.209523, 43.875309 ], [ 4.208973, 43.875732 ], [ 4.205591, 43.876506 ], [ 4.203508, 43.87357 ], [ 4.202755, 43.866896 ], [ 4.195548, 43.863447 ], [ 4.194916, 43.863338 ], [ 4.194544, 43.863249 ], [ 4.19403, 43.862999 ], [ 4.196972, 43.866138 ], [ 4.201553, 43.872499 ], [ 4.200393, 43.874933 ] ] ], [ [ [ 4.244196, 43.870856 ], [ 4.245393, 43.872372 ], [ 4.245906, 43.872072 ], [ 4.246238, 43.871839 ], [ 4.250519, 43.871088 ], [ 4.253564923239709, 43.87595204464705 ], [ 4.250427, 43.869089 ], [ 4.248815, 43.869133 ], [ 4.248526, 43.86894 ], [ 4.245935, 43.867524 ], [ 4.244094, 43.86443 ], [ 4.238135, 43.85905 ], [ 4.241778, 43.865453 ], [ 4.243204, 43.868758 ], [ 4.244196, 43.870856 ] ] ], [ [ [ 4.233756, 43.88895 ], [ 4.234507, 43.888683 ], [ 4.235683, 43.888363 ], [ 4.236682, 43.888179 ], [ 4.240595, 43.886963 ], [ 4.240693, 43.886942 ], [ 4.243525, 43.8869 ], [ 4.236774, 43.886896 ], [ 4.236544, 43.886976 ], [ 4.233756, 43.88895 ] ] ], [ [ [ 4.230096, 43.89047 ], [ 4.229586, 43.890739 ], [ 4.228434, 43.891518 ], [ 4.226492, 43.892807 ], [ 4.225982, 43.893224 ], [ 4.224077, 43.894576 ], [ 4.22615, 43.897519 ], [ 4.22803, 43.896195 ], [ 4.229915, 43.895124 ], [ 4.232966, 43.893412 ], [ 4.241312, 43.893179 ], [ 4.242781, 43.893843 ], [ 4.242932, 43.89391 ], [ 4.24908, 43.889392 ], [ 4.242649, 43.891597 ], [ 4.241966, 43.891858 ], [ 4.234517, 43.892537 ], [ 4.233119319106398, 43.889225494625663 ], [ 4.232961, 43.889294 ], [ 4.230898, 43.890183 ], [ 4.230096, 43.89047 ] ] ], [ [ [ 4.253851, 43.888872 ], [ 4.254137, 43.888812 ], [ 4.254825355902185, 43.886800007985059 ], [ 4.251097, 43.889151 ], [ 4.24908, 43.889392 ], [ 4.251208, 43.889138 ], [ 4.252068, 43.889013 ], [ 4.253851, 43.888872 ] ] ], [ [ [ 4.275457, 43.889894 ], [ 4.275721, 43.892273 ], [ 4.276746, 43.900601 ], [ 4.271075, 43.906032 ], [ 4.272817, 43.905292 ], [ 4.274036, 43.904848 ], [ 4.278972, 43.899321 ], [ 4.277179, 43.890933 ], [ 4.277293, 43.890377 ], [ 4.277899, 43.88997 ], [ 4.279907, 43.887903 ], [ 4.284441, 43.885445 ], [ 4.28606045301353, 43.885305253641704 ], [ 4.28631, 43.885009 ], [ 4.286863, 43.885236 ], [ 4.287758, 43.885479 ], [ 4.288854, 43.886146 ], [ 4.295881, 43.885631 ], [ 4.296343, 43.885311 ], [ 4.297079, 43.884901 ], [ 4.300036, 43.883442 ], [ 4.300914, 43.874778 ], [ 4.299131, 43.873375 ], [ 4.291959, 43.872727 ], [ 4.290015, 43.874517 ], [ 4.289751, 43.874816 ], [ 4.289549, 43.87507 ], [ 4.285568, 43.874018 ], [ 4.279947, 43.87575 ], [ 4.277804, 43.878619 ], [ 4.274573, 43.878417 ], [ 4.269831675162629, 43.877746242171654 ], [ 4.268597, 43.881685 ], [ 4.267816, 43.885199 ], [ 4.267395, 43.885146 ], [ 4.267987, 43.88523 ], [ 4.26882, 43.885258 ], [ 4.275457, 43.889894 ] ] ], [ [ [ 4.268702, 43.908017 ], [ 4.264565506744446, 43.912177299229839 ], [ 4.264565506744448, 43.912177299229839 ], [ 4.268702, 43.908017 ] ] ], [ [ [ 4.263406, 43.932927 ], [ 4.263227, 43.93508 ], [ 4.263186, 43.93514 ], [ 4.261616, 43.936051 ], [ 4.257812722995044, 43.939290683746343 ], [ 4.262912, 43.937298 ], [ 4.265562, 43.934861 ], [ 4.265795, 43.925975 ], [ 4.266776, 43.924728 ], [ 4.267019, 43.924157 ], [ 4.267706, 43.923037 ], [ 4.267873, 43.922745 ], [ 4.275136, 43.920801 ], [ 4.27709, 43.923825 ], [ 4.278577, 43.928656 ], [ 4.280089, 43.930515 ], [ 4.280777, 43.93141 ], [ 4.28151, 43.93243 ], [ 4.281935, 43.932722 ], [ 4.282297, 43.932935 ], [ 4.283268, 43.932683 ], [ 4.284225, 43.929895 ], [ 4.283202, 43.926086 ], [ 4.289085, 43.921336 ], [ 4.291761, 43.918928 ], [ 4.294571, 43.915663 ], [ 4.293972, 43.912113 ], [ 4.295239, 43.909534 ], [ 4.295144, 43.90932 ], [ 4.29477, 43.908766 ], [ 4.293342, 43.908092 ], [ 4.288322749027584, 43.903371573422127 ], [ 4.288113761347772, 43.903807569686613 ], [ 4.290553, 43.908026 ], [ 4.291924, 43.90852 ], [ 4.292299, 43.908874 ], [ 4.292012, 43.910981 ], [ 4.292552, 43.913957 ], [ 4.292219, 43.915328 ], [ 4.292019, 43.915598 ], [ 4.291934, 43.915711 ], [ 4.288054, 43.920542 ], [ 4.28283, 43.924525 ], [ 4.279241, 43.924686 ], [ 4.27923, 43.924511 ], [ 4.279274, 43.923962 ], [ 4.27876, 43.920059 ], [ 4.27873, 43.919346 ], [ 4.279102, 43.918994 ], [ 4.279542, 43.9187 ], [ 4.282303, 43.917417 ], [ 4.282794, 43.916976 ], [ 4.284607, 43.913728 ], [ 4.281070742914246, 43.909220650321409 ], [ 4.27683080168519, 43.908357760986028 ], [ 4.274301674593097, 43.909107454092421 ], [ 4.274073280534187, 43.909233346905566 ], [ 4.273367, 43.909762 ], [ 4.271763, 43.911251 ], [ 4.27007, 43.912817 ], [ 4.267841, 43.917911 ], [ 4.267711, 43.918547 ], [ 4.266875, 43.920669 ], [ 4.26651, 43.922149 ], [ 4.264238, 43.921899 ], [ 4.264187, 43.921889 ], [ 4.258958, 43.92236 ], [ 4.258548369146385, 43.923556107521435 ], [ 4.259712, 43.929498 ], [ 4.262645, 43.932491 ], [ 4.263406, 43.932927 ] ] ], [ [ [ 4.304742, 43.912585 ], [ 4.304573, 43.912752 ], [ 4.304177, 43.913258 ], [ 4.303921, 43.914121 ], [ 4.303956, 43.914787 ], [ 4.304136, 43.91535 ], [ 4.304527, 43.915942 ], [ 4.305713, 43.916537 ], [ 4.308673287845707, 43.917884011878783 ], [ 4.308644, 43.917861 ], [ 4.307002, 43.916451 ], [ 4.30665, 43.915337 ], [ 4.306796, 43.912856 ], [ 4.312698, 43.907327 ], [ 4.313082, 43.906398 ], [ 4.306055, 43.911869 ], [ 4.305343, 43.912146 ], [ 4.304742, 43.912585 ] ] ], [ [ [ 4.31522, 43.926726 ], [ 4.316448, 43.928535 ], [ 4.317514, 43.929596 ], [ 4.317892, 43.929971 ], [ 4.320682, 43.927694 ], [ 4.322041, 43.92315 ], [ 4.32552, 43.915106 ], [ 4.326806, 43.914845 ], [ 4.328042, 43.914697 ], [ 4.330727, 43.912643 ], [ 4.329946, 43.909786 ], [ 4.3297, 43.909192 ], [ 4.328848, 43.908841 ], [ 4.326889, 43.908741 ], [ 4.322200280487806, 43.901518678991707 ], [ 4.323482, 43.898761 ], [ 4.322168267449956, 43.901587556527765 ], [ 4.324639, 43.908365 ], [ 4.325366, 43.908967 ], [ 4.3256, 43.909357 ], [ 4.324596, 43.912186 ], [ 4.323089, 43.916045 ], [ 4.319064, 43.9213 ], [ 4.318735, 43.921699 ], [ 4.318348, 43.922069 ], [ 4.316192, 43.923185 ], [ 4.314916, 43.922789 ], [ 4.312735478666909, 43.921075733238304 ], [ 4.313691, 43.922813 ], [ 4.314736, 43.925869 ], [ 4.31522, 43.926726 ] ] ], [ [ [ 4.351083, 43.882601 ], [ 4.35223, 43.882415 ], [ 4.353177234353234, 43.882165971163751 ], [ 4.353002, 43.882108 ], [ 4.352185135135446, 43.880859101471124 ], [ 4.348783, 43.877209 ], [ 4.343888467341441, 43.876757349141741 ], [ 4.349155, 43.879729 ], [ 4.350496, 43.88266 ], [ 4.351083, 43.882601 ] ] ], [ [ [ 4.364006, 43.886234 ], [ 4.365247, 43.886478 ], [ 4.367395, 43.884953 ], [ 4.3748, 43.883834 ], [ 4.372171, 43.882309 ], [ 4.364332, 43.884563 ], [ 4.360291565024176, 43.884201170002171 ], [ 4.36241, 43.885195 ], [ 4.362789, 43.885524 ], [ 4.364006, 43.886234 ] ] ], [ [ [ 4.38417226658941, 43.930722041982861 ], [ 4.384741, 43.930489 ], [ 4.384998794771263, 43.930362215686273 ], [ 4.38419, 43.930703 ], [ 4.38417226658941, 43.930722041982861 ] ] ], [ [ [ 4.383375548477102, 43.931633979137722 ], [ 4.383861448662405, 43.93105579558388 ], [ 4.383404, 43.931547 ], [ 4.383375548477102, 43.931633979137722 ] ] ], [ [ [ 4.383234, 43.932796 ], [ 4.383345290293449, 43.931726481417215 ], [ 4.38282828207231, 43.933307027014926 ], [ 4.383234, 43.932796 ] ] ], [ [ [ 4.406788284277869, 43.915865678395171 ], [ 4.407735, 43.915775 ], [ 4.406597, 43.915884 ], [ 4.406704, 43.915902 ], [ 4.406788284277869, 43.915865678395171 ] ] ], [ [ [ 4.419412, 43.913056 ], [ 4.420047, 43.912936 ], [ 4.42376, 43.912105 ], [ 4.424886, 43.91096 ], [ 4.430165, 43.903925 ], [ 4.430926, 43.902765 ], [ 4.430936, 43.902417 ], [ 4.429086935595415, 43.899018012044948 ], [ 4.430429964947602, 43.897853455041705 ], [ 4.436423, 43.894077 ], [ 4.435574, 43.893393 ], [ 4.429916, 43.892526 ], [ 4.426290446543384, 43.900348627591541 ], [ 4.426579, 43.901666 ], [ 4.426588, 43.901716 ], [ 4.426325, 43.902529 ], [ 4.42529, 43.903764 ], [ 4.423, 43.90704 ], [ 4.421965, 43.907517 ], [ 4.421626, 43.907494 ], [ 4.421581, 43.907483 ], [ 4.419029, 43.905437 ], [ 4.417813, 43.904668 ], [ 4.417472, 43.904517 ], [ 4.417463075158563, 43.904505762118959 ], [ 4.416933, 43.90426 ], [ 4.416703, 43.904117 ], [ 4.415273, 43.898149 ], [ 4.41578, 43.891703 ], [ 4.415244, 43.890025 ], [ 4.415111, 43.889384 ], [ 4.415078, 43.88862 ], [ 4.415275, 43.887669 ], [ 4.415212, 43.885662 ], [ 4.408271, 43.880864 ], [ 4.403853, 43.883054 ], [ 4.402997, 43.883557 ], [ 4.401251, 43.880495 ], [ 4.395224, 43.876466 ], [ 4.391918, 43.87945 ], [ 4.391592, 43.879922 ], [ 4.39104, 43.880463 ], [ 4.390074, 43.881408 ], [ 4.388871, 43.882724 ], [ 4.38786, 43.889831 ], [ 4.390934338430605, 43.893539485706022 ], [ 4.393458, 43.894902 ], [ 4.393522947268734, 43.894942020324045 ], [ 4.39359, 43.894977 ], [ 4.394058696479586, 43.8952721474786 ], [ 4.39431, 43.895427 ], [ 4.394355662405589, 43.895459152818148 ], [ 4.394411, 43.895494 ], [ 4.394511555240778, 43.895568923512734 ], [ 4.394648, 43.895665 ], [ 4.394706938775523, 43.895714503401358 ], [ 4.394768, 43.89576 ], [ 4.394938574985146, 43.895909057498486 ], [ 4.395104, 43.896048 ], [ 4.395155115751246, 43.896098282342258 ], [ 4.395204, 43.896141 ], [ 4.395295806317765, 43.89623667904084 ], [ 4.395472, 43.89641 ], [ 4.395525126608055, 43.896475672891775 ], [ 4.395607, 43.896561 ], [ 4.396268886093309, 43.897395077272385 ], [ 4.396357, 43.897504 ], [ 4.396380109606731, 43.897535235836912 ], [ 4.396395, 43.897554 ], [ 4.396597180043067, 43.897828636621526 ], [ 4.397486, 43.89903 ], [ 4.39752078404965, 43.899083238609762 ], [ 4.397553, 43.899127 ], [ 4.397614058823574, 43.899226 ], [ 4.397797, 43.899506 ], [ 4.397852411796187, 43.899612462478778 ], [ 4.397899, 43.899688 ], [ 4.39792463207896, 43.899751219040589 ], [ 4.398013, 43.899921 ], [ 4.398060779453783, 43.900087013356369 ], [ 4.398152, 43.900312 ], [ 4.398197564281488, 43.900562282672972 ], [ 4.398249, 43.900741 ], [ 4.404694, 43.906192 ], [ 4.406669, 43.905932 ], [ 4.413879, 43.909162 ], [ 4.414977, 43.912591 ], [ 4.414528, 43.912735 ], [ 4.413575, 43.912941 ], [ 4.408024, 43.915648 ], [ 4.414047278306225, 43.912950304780736 ], [ 4.419412, 43.913056 ] ] ], [ [ [ 4.440064, 43.895977 ], [ 4.440522, 43.896184 ], [ 4.44122, 43.896327 ], [ 4.442172, 43.89634 ], [ 4.442645, 43.89631 ], [ 4.442939, 43.896252 ], [ 4.445602, 43.895717 ], [ 4.44557, 43.892118 ], [ 4.445136970116499, 43.890265943482483 ], [ 4.445041, 43.890369 ], [ 4.444192, 43.891206 ], [ 4.44353, 43.891846 ], [ 4.441602689688843, 43.89310499055027 ], [ 4.441606, 43.893306 ], [ 4.441566, 43.893574 ], [ 4.439523, 43.894689 ], [ 4.439162, 43.894873 ], [ 4.437327, 43.894306 ], [ 4.436423, 43.894077 ], [ 4.437368, 43.895062 ], [ 4.43768, 43.895304 ], [ 4.440064, 43.895977 ] ] ], [ [ [ 4.456818, 43.887147 ], [ 4.462542, 43.890962 ], [ 4.464794, 43.89377 ], [ 4.471156, 43.899494 ], [ 4.471456, 43.900286 ], [ 4.471648, 43.900577 ], [ 4.473078, 43.900763 ], [ 4.475779, 43.899683 ], [ 4.475416094769317, 43.894779253356838 ], [ 4.47569, 43.893254 ], [ 4.478822, 43.887752 ], [ 4.484283116514646, 43.8856828213505 ], [ 4.48816, 43.885565 ], [ 4.486175, 43.884966 ], [ 4.484621, 43.884536 ], [ 4.482536, 43.884016 ], [ 4.481206, 43.883715 ], [ 4.478996, 43.883276 ], [ 4.474939, 43.890787 ], [ 4.475323, 43.891616 ], [ 4.475387, 43.891916 ], [ 4.471866, 43.892668 ], [ 4.469202, 43.891826 ], [ 4.463889, 43.887138 ], [ 4.458897, 43.883575 ], [ 4.454953, 43.881128 ], [ 4.448526583720303, 43.881643532885697 ], [ 4.447186680834529, 43.885128038007458 ], [ 4.452408, 43.884784 ], [ 4.453945, 43.885726 ], [ 4.456818, 43.887147 ] ] ], [ [ [ 4.553101, 43.906547 ], [ 4.549238, 43.905684 ], [ 4.554967421969704, 43.907215755860285 ], [ 4.559961, 43.909005 ], [ 4.553101, 43.906547 ] ] ], [ [ [ 4.586792, 43.926388 ], [ 4.588431, 43.927434 ], [ 4.595523, 43.932926 ], [ 4.596486, 43.933813 ], [ 4.598926, 43.931165 ], [ 4.597962, 43.930278 ], [ 4.595583, 43.928085 ], [ 4.594509, 43.927208 ], [ 4.593904, 43.926753 ], [ 4.593348, 43.926352 ], [ 4.592046, 43.92547 ], [ 4.590367, 43.924399 ], [ 4.588728, 43.923353 ], [ 4.585688, 43.921414 ], [ 4.583121, 43.919777 ], [ 4.580403, 43.918046 ], [ 4.581712, 43.91888 ], [ 4.579779, 43.921917 ], [ 4.578469, 43.921083 ], [ 4.581186, 43.922813 ], [ 4.583753, 43.92445 ], [ 4.586792, 43.926388 ] ] ], [ [ [ 4.557109, 43.903996 ], [ 4.55802, 43.904323 ], [ 4.557973844955613, 43.904306432821599 ], [ 4.557974, 43.904306 ], [ 4.557109, 43.903996 ] ] ], [ [ [ 4.490872, 43.877593 ], [ 4.490522, 43.877584 ], [ 4.489887671059876, 43.877425915512092 ], [ 4.487713, 43.874733 ], [ 4.485009, 43.874107 ], [ 4.482971362030194, 43.872117492249835 ], [ 4.482103, 43.86926 ], [ 4.479838, 43.865319 ], [ 4.482559, 43.872241 ], [ 4.485546, 43.876212 ], [ 4.488254, 43.879258 ], [ 4.495301, 43.884323 ], [ 4.496971, 43.885037 ], [ 4.499315, 43.886114 ], [ 4.500234, 43.88657 ], [ 4.501707, 43.887338 ], [ 4.495481, 43.882606 ], [ 4.490944, 43.877639 ], [ 4.490872, 43.877593 ] ] ], [ [ [ 4.486819, 43.85409 ], [ 4.490411, 43.854335 ], [ 4.490559, 43.852168 ], [ 4.497417, 43.848547 ], [ 4.498125, 43.847706 ], [ 4.506668, 43.846175 ], [ 4.507546, 43.84779 ], [ 4.508426, 43.847536 ], [ 4.510867, 43.846401 ], [ 4.510956, 43.841021 ], [ 4.511073, 43.83828 ], [ 4.510743, 43.837427 ], [ 4.510734, 43.832875 ], [ 4.518904, 43.830084 ], [ 4.5225, 43.830252 ], [ 4.523842, 43.830103 ], [ 4.526868811873496, 43.829640816495591 ], [ 4.525353061012095, 43.828870031025716 ], [ 4.525351035634261, 43.82887002851826 ], [ 4.525324819550936, 43.828870409118174 ], [ 4.521752, 43.82933 ], [ 4.520718, 43.829276 ], [ 4.518093447554029, 43.829395152246761 ], [ 4.514089, 43.830111 ], [ 4.511447, 43.83083 ], [ 4.509477, 43.831892 ], [ 4.505768, 43.839351 ], [ 4.502984, 43.841634 ], [ 4.496685, 43.844813 ], [ 4.493136, 43.844212 ], [ 4.485335, 43.843009 ], [ 4.482654, 43.851094 ], [ 4.483152, 43.852351 ], [ 4.483369, 43.854622 ], [ 4.48126, 43.857452 ], [ 4.479838, 43.865319 ], [ 4.481157, 43.859296 ], [ 4.484549202312792, 43.855462739669797 ], [ 4.486819, 43.85409 ] ] ], [ [ [ 4.52311457872958, 43.821223541603864 ], [ 4.523135, 43.821237 ], [ 4.525310246606254, 43.821906714861463 ], [ 4.530114242360454, 43.820806110737898 ], [ 4.525615, 43.817683 ], [ 4.523243, 43.815547 ], [ 4.519372, 43.8134 ], [ 4.519077, 43.813601 ], [ 4.517567, 43.814663 ], [ 4.510516, 43.816022 ], [ 4.510291014025729, 43.81599045991014 ], [ 4.504924, 43.813789 ], [ 4.504412801958536, 43.813758293518653 ], [ 4.511018, 43.81644 ], [ 4.515977, 43.816274 ], [ 4.517105, 43.817263 ], [ 4.521741865438892, 43.82031887118643 ], [ 4.522236, 43.820004 ], [ 4.522537, 43.820354 ], [ 4.52311457872958, 43.821223541603864 ] ] ], [ [ [ 4.50573, 43.803978 ], [ 4.50631, 43.803842 ], [ 4.506819, 43.803764 ], [ 4.507123, 43.802398 ], [ 4.507179, 43.801827 ], [ 4.506275, 43.800206 ], [ 4.499547, 43.796066 ], [ 4.498687, 43.79257 ], [ 4.497031, 43.785972 ], [ 4.493545, 43.785076 ], [ 4.488648, 43.777847 ], [ 4.493026, 43.771037 ], [ 4.49633, 43.765413 ], [ 4.502044, 43.76321 ], [ 4.506559, 43.766396 ], [ 4.510157, 43.7663 ], [ 4.511327570132194, 43.765284409880572 ], [ 4.509012, 43.761776 ], [ 4.507745988739424, 43.760206424111345 ], [ 4.507162, 43.760534 ], [ 4.500328, 43.762176 ], [ 4.496642, 43.764344 ], [ 4.496256, 43.764628 ], [ 4.492124, 43.76741 ], [ 4.488542, 43.767775 ], [ 4.485647, 43.773926 ], [ 4.485318, 43.777511 ], [ 4.480799, 43.780914 ], [ 4.47838, 43.781549 ], [ 4.475162, 43.783561 ], [ 4.471842, 43.789891 ], [ 4.476902, 43.797156 ], [ 4.482634, 43.797961 ], [ 4.490201, 43.794912 ], [ 4.491171, 43.793418 ], [ 4.491648, 43.792478 ], [ 4.495016, 43.79375 ], [ 4.4989, 43.801516 ], [ 4.497408, 43.804792 ], [ 4.499424, 43.812161 ], [ 4.503742, 43.813718 ], [ 4.500695, 43.806038 ], [ 4.503908, 43.804178 ], [ 4.50573, 43.803978 ] ] ], [ [ [ 4.509401, 43.755099 ], [ 4.506886, 43.754659 ], [ 4.505962, 43.754449 ], [ 4.505828, 43.754465 ], [ 4.500368, 43.755849 ], [ 4.499638, 43.755922 ], [ 4.495392, 43.756443 ], [ 4.495330745302864, 43.756440960369922 ], [ 4.501664, 43.757007 ], [ 4.502712, 43.756854 ], [ 4.503835, 43.756791 ], [ 4.504639, 43.756817 ], [ 4.507181, 43.756934 ], [ 4.507945, 43.757047 ], [ 4.508009, 43.75707 ], [ 4.508534976654845, 43.758575228864402 ], [ 4.508993, 43.758176 ], [ 4.511016449388751, 43.7556611630513 ], [ 4.509401, 43.755099 ] ] ], [ [ [ 4.484618, 43.752144 ], [ 4.483841, 43.752039 ], [ 4.482987, 43.751969 ], [ 4.481598, 43.752238 ], [ 4.47869, 43.752514 ], [ 4.475816, 43.752269 ], [ 4.474787, 43.755719 ], [ 4.468013, 43.759366 ], [ 4.463364, 43.755997 ], [ 4.461256, 43.755244 ], [ 4.460576, 43.755169 ], [ 4.459829, 43.755314 ], [ 4.459332, 43.756156 ], [ 4.458214, 43.757485 ], [ 4.4504, 43.753949 ], [ 4.448234, 43.752837 ], [ 4.446602450015967, 43.747740231514783 ], [ 4.444781, 43.75102 ], [ 4.444268640072324, 43.752870927963848 ], [ 4.445099, 43.755847 ], [ 4.447659, 43.758378 ], [ 4.449131, 43.762517 ], [ 4.454108, 43.765584 ], [ 4.458431, 43.761531 ], [ 4.458951, 43.759836 ], [ 4.458984, 43.759657 ], [ 4.460908, 43.75837 ], [ 4.460949, 43.758375 ], [ 4.462525, 43.760306 ], [ 4.469784, 43.762078 ], [ 4.476326769835958, 43.761786125669168 ], [ 4.476734223292404, 43.761566755081454 ], [ 4.479995, 43.755627 ], [ 4.480059, 43.754888 ], [ 4.481356, 43.752398 ], [ 4.481592, 43.752353 ], [ 4.481605, 43.752351 ], [ 4.482349, 43.752213 ], [ 4.487374, 43.755228 ], [ 4.489005, 43.755664 ], [ 4.49155, 43.756157 ], [ 4.49353, 43.756381 ], [ 4.485989, 43.752774 ], [ 4.48508, 43.752316 ], [ 4.484618, 43.752144 ] ] ], [ [ [ 4.544317, 43.693595 ], [ 4.547287, 43.689961 ], [ 4.544603, 43.693176 ], [ 4.544317, 43.693595 ] ] ], [ [ [ 4.548095, 43.689064 ], [ 4.547287, 43.689961 ], [ 4.548600453588339, 43.688791486530931 ], [ 4.555733, 43.684946 ], [ 4.548095, 43.689064 ] ] ], [ [ [ 4.594851, 43.684458 ], [ 4.595697, 43.684276 ], [ 4.596395, 43.684105 ], [ 4.599397, 43.683278 ], [ 4.600765, 43.682872 ], [ 4.601404, 43.682661 ], [ 4.602295, 43.682346 ], [ 4.608996, 43.680163 ], [ 4.608452, 43.676605 ], [ 4.608005, 43.676673 ], [ 4.606987, 43.676874 ], [ 4.60531, 43.677195 ], [ 4.604858, 43.677361 ], [ 4.604028, 43.677711 ], [ 4.598375, 43.679826 ], [ 4.59544, 43.680634 ], [ 4.589980098399106, 43.681243686338043 ], [ 4.592487, 43.681194 ], [ 4.592871846154126, 43.684772569433186 ], [ 4.592932, 43.684766 ], [ 4.593477, 43.684689 ], [ 4.594851, 43.684458 ] ] ], [ [ [ 4.548632, 43.683782 ], [ 4.550177, 43.682904 ], [ 4.549477563970527, 43.68330147885689 ], [ 4.549469, 43.683287 ], [ 4.548632, 43.683782 ] ] ], [ [ [ 4.538604, 43.694885 ], [ 4.542591, 43.689622 ], [ 4.542858, 43.689256 ], [ 4.543387, 43.688661 ], [ 4.546014, 43.685997 ], [ 4.546591, 43.685408 ], [ 4.546957, 43.68507 ], [ 4.547598, 43.684526 ], [ 4.542683, 43.688441 ], [ 4.542433, 43.68876 ], [ 4.538604, 43.694885 ] ] ], [ [ [ 4.432956, 43.740238 ], [ 4.426471, 43.73631 ], [ 4.422877, 43.736096 ], [ 4.41719, 43.737538 ], [ 4.422814, 43.73715 ], [ 4.426408, 43.737364 ], [ 4.433324, 43.741472 ], [ 4.441221, 43.742375 ], [ 4.442523, 43.74183 ], [ 4.443748, 43.741375 ], [ 4.445363, 43.740849 ], [ 4.441793, 43.741324 ], [ 4.436498, 43.741207 ], [ 4.432956, 43.740238 ] ] ], [ [ [ 4.424021, 43.726607 ], [ 4.42448, 43.725195 ], [ 4.424649, 43.724485 ], [ 4.424772, 43.723593 ], [ 4.42417, 43.72301 ], [ 4.420785, 43.71705 ], [ 4.423374, 43.713688 ], [ 4.423562, 43.713321 ], [ 4.421974, 43.711072 ], [ 4.421795, 43.711069 ], [ 4.420356, 43.711682 ], [ 4.420168, 43.71205 ], [ 4.412434, 43.716579 ], [ 4.408878, 43.719562 ], [ 4.400952, 43.723526 ], [ 4.398837, 43.723349 ], [ 4.391102, 43.72394 ], [ 4.389743, 43.72349 ], [ 4.388306, 43.723036 ], [ 4.387747, 43.723188 ], [ 4.380761, 43.728725 ], [ 4.378665, 43.728292 ], [ 4.378115, 43.7282 ], [ 4.376565, 43.729964 ], [ 4.376565, 43.730068 ], [ 4.377515, 43.731749 ], [ 4.378065, 43.731842 ], [ 4.382926, 43.733138 ], [ 4.384962, 43.733441 ], [ 4.387989, 43.741688 ], [ 4.385055, 43.748737 ], [ 4.377885, 43.752568 ], [ 4.375134, 43.752149 ], [ 4.369481, 43.75611 ], [ 4.365882, 43.756027 ], [ 4.365019, 43.756179 ], [ 4.363667588595827, 43.756679091999821 ], [ 4.365147, 43.757781 ], [ 4.369429, 43.757989 ], [ 4.376216, 43.756756 ], [ 4.379316, 43.754925 ], [ 4.38305, 43.752219 ], [ 4.38759, 43.746141 ], [ 4.392706, 43.73919 ], [ 4.388453, 43.735122 ], [ 4.386367, 43.733625 ], [ 4.386756, 43.730046 ], [ 4.391401, 43.729461 ], [ 4.39473, 43.732817 ], [ 4.396752, 43.733975 ], [ 4.398761, 43.735124 ], [ 4.400527, 43.736135 ], [ 4.408728, 43.732565 ], [ 4.409045, 43.73106 ], [ 4.409255, 43.730316 ], [ 4.409502, 43.729595 ], [ 4.409936, 43.725025 ], [ 4.409635, 43.723402 ], [ 4.410013, 43.723139 ], [ 4.415613, 43.720119 ], [ 4.418794, 43.721804 ], [ 4.419318, 43.724928 ], [ 4.419326, 43.726046 ], [ 4.418023, 43.726708 ], [ 4.41472, 43.728208 ], [ 4.414068, 43.728891 ], [ 4.413514, 43.729634 ], [ 4.419313, 43.727621 ], [ 4.422661, 43.72655 ], [ 4.424021, 43.726607 ] ] ], [ [ [ 4.359206, 43.746706 ], [ 4.358795, 43.744155 ], [ 4.358824, 43.742557 ], [ 4.356898, 43.739949 ], [ 4.354683, 43.732724 ], [ 4.354157, 43.7301 ], [ 4.354156, 43.730094 ], [ 4.354156, 43.730092 ], [ 4.354155, 43.730086 ], [ 4.351575, 43.727942 ], [ 4.348531, 43.727372 ], [ 4.34344, 43.72732 ], [ 4.335316, 43.730676 ], [ 4.33352, 43.731067 ], [ 4.333304, 43.731392 ], [ 4.33283, 43.732085 ], [ 4.333197, 43.733586 ], [ 4.333283, 43.739629 ], [ 4.32609, 43.743354 ], [ 4.323628, 43.742541 ], [ 4.315119, 43.742798 ], [ 4.309114, 43.739757 ], [ 4.30883, 43.739645 ], [ 4.306915, 43.740009 ], [ 4.299378, 43.738735 ], [ 4.297139, 43.735917 ], [ 4.292935, 43.732857 ], [ 4.290515, 43.731356 ], [ 4.289202, 43.730475 ], [ 4.288536, 43.730668 ], [ 4.286939, 43.731771 ], [ 4.278616, 43.733232 ], [ 4.276461, 43.731897 ], [ 4.275348, 43.731112 ], [ 4.273156, 43.733969 ], [ 4.273648, 43.734346 ], [ 4.274471, 43.734897 ], [ 4.276718, 43.736292 ], [ 4.278919, 43.737657 ], [ 4.280976, 43.740305 ], [ 4.274803, 43.745721 ], [ 4.272079, 43.746069 ], [ 4.265676, 43.746173 ], [ 4.266312, 43.746468 ], [ 4.266804, 43.746713 ], [ 4.267356, 43.747024 ], [ 4.268001, 43.747425 ], [ 4.270921, 43.749407 ], [ 4.272605, 43.750679 ], [ 4.273783, 43.751351 ], [ 4.278224, 43.752532 ], [ 4.27928, 43.752465 ], [ 4.284991, 43.751213 ], [ 4.285912, 43.75048 ], [ 4.288711, 43.744419 ], [ 4.284514, 43.739607 ], [ 4.283918, 43.736915 ], [ 4.284521, 43.736007 ], [ 4.286324, 43.735208 ], [ 4.294166, 43.73687 ], [ 4.2986, 43.73957 ], [ 4.305428, 43.742103 ], [ 4.3085, 43.74398 ], [ 4.315553, 43.746952 ], [ 4.318761, 43.746236 ], [ 4.321186, 43.745771 ], [ 4.323281, 43.746527 ], [ 4.326995, 43.747423 ], [ 4.332333, 43.744083 ], [ 4.334506, 43.741538 ], [ 4.335063, 43.740712 ], [ 4.336835, 43.735335 ], [ 4.337619, 43.73462 ], [ 4.337634, 43.734606 ], [ 4.338375, 43.733946 ], [ 4.344617, 43.731822 ], [ 4.348472, 43.731426 ], [ 4.349538, 43.731529 ], [ 4.349696, 43.731545 ], [ 4.349924, 43.731687 ], [ 4.351477, 43.733409 ], [ 4.351283, 43.733703 ], [ 4.350926, 43.734129 ], [ 4.352387, 43.742663 ], [ 4.356676, 43.746022 ], [ 4.357348, 43.749559 ], [ 4.358669, 43.752956 ], [ 4.362987879364237, 43.756172825089898 ], [ 4.359654, 43.748638 ], [ 4.359361, 43.747383 ], [ 4.359206, 43.746706 ] ] ], [ [ [ 4.260645, 43.739207 ], [ 4.259569, 43.739138 ], [ 4.25947, 43.739141 ], [ 4.258086, 43.739988 ], [ 4.250081, 43.740172 ], [ 4.244206, 43.738131 ], [ 4.243066, 43.739025 ], [ 4.242796, 43.739659 ], [ 4.242378, 43.741233 ], [ 4.237386, 43.747268 ], [ 4.240498, 43.746845 ], [ 4.241514, 43.746722 ], [ 4.24244, 43.746638 ], [ 4.24341, 43.746592 ], [ 4.244372, 43.746577 ], [ 4.245257, 43.746604 ], [ 4.253347, 43.744389 ], [ 4.255293, 43.744561 ], [ 4.259409, 43.744785 ], [ 4.260323, 43.744848 ], [ 4.261098, 43.744932 ], [ 4.261949, 43.745063 ], [ 4.262779, 43.745235 ], [ 4.263707, 43.745465 ], [ 4.265095, 43.745931 ], [ 4.265676, 43.746173 ], [ 4.262815, 43.743439 ], [ 4.260655, 43.739213 ], [ 4.260645, 43.739207 ] ] ], [ [ [ 4.1963672426155, 43.724418080719751 ], [ 4.19392, 43.722615 ], [ 4.193564, 43.722467 ], [ 4.193345118217243, 43.722355767549551 ], [ 4.193345, 43.722356 ], [ 4.193154, 43.731025 ], [ 4.193703, 43.731684 ], [ 4.194163, 43.732314 ], [ 4.195015, 43.733738 ], [ 4.195803, 43.725154 ], [ 4.196244, 43.724475 ], [ 4.1963672426155, 43.724418080719751 ] ] ], [ [ [ 4.173656, 43.712998 ], [ 4.172734, 43.712767 ], [ 4.169021, 43.714139 ], [ 4.168998, 43.714162 ], [ 4.168813, 43.714363 ], [ 4.168697, 43.714601 ], [ 4.164826, 43.7227 ], [ 4.166819, 43.722758 ], [ 4.168421, 43.722852 ], [ 4.173762, 43.716173 ], [ 4.174051, 43.715849 ], [ 4.174371, 43.715533 ], [ 4.175928, 43.713875 ], [ 4.177097072518122, 43.713805218329966 ], [ 4.176723, 43.712679 ], [ 4.176545628272289, 43.710926899902212 ], [ 4.173656, 43.712998 ] ] ], [ [ [ 4.116937963203837, 43.699778483511395 ], [ 4.118149, 43.700235 ], [ 4.118421626277166, 43.700283548930805 ], [ 4.116937963203837, 43.699778483511395 ] ] ], [ [ [ 4.25187, 43.924212 ], [ 4.250356361647565, 43.927795215916689 ], [ 4.252494, 43.926315 ], [ 4.252509, 43.925684 ], [ 4.252592, 43.924957 ], [ 4.252741, 43.924259 ], [ 4.253159, 43.92306 ], [ 4.253533, 43.922321 ], [ 4.253828, 43.921833 ], [ 4.254172, 43.921343 ], [ 4.254811, 43.920579 ], [ 4.255205636581266, 43.920181957098116 ], [ 4.252909, 43.921834 ], [ 4.252479, 43.922349 ], [ 4.252149, 43.92301 ], [ 4.251983, 43.923523 ], [ 4.25187, 43.924212 ] ] ] ] } }
]
}
