{
"type": "FeatureCollection",
"name": "BPCE",
"crs": { "type": "name", "properties": { "name": "urn:ogc:def:crs:OGC:1.3:CRS84" } },
"features": [
{ "type": "Feature", "properties": { "codgeo": "82033", "value": 60, "isochrone_group": 1.0, "nb_agences": 3 }, "geometry": { "type": "MultiPolygon", "coordinates": [ [ [ [ 1.103781, 44.044824 ], [ 1.104099, 44.044969 ], [ 1.105295, 44.044364 ], [ 1.105528, 44.044089 ], [ 1.107657, 44.039543 ], [ 1.108494, 44.038084 ], [ 1.108281, 44.037794 ], [ 1.105563, 44.038699 ], [ 1.102473, 44.039754 ], [ 1.102456, 44.039764 ], [ 1.102049, 44.040434 ], [ 1.102799, 44.042871 ], [ 1.103781, 44.044824 ] ] ], [ [ [ 1.097255, 44.063794 ], [ 1.0974, 44.063856 ], [ 1.100249, 44.064009 ], [ 1.100608, 44.063993 ], [ 1.100846, 44.063943 ], [ 1.101024, 44.063872 ], [ 1.101839, 44.063265 ], [ 1.101897, 44.06291 ], [ 1.101826, 44.060859 ], [ 1.100494, 44.058715 ], [ 1.100261, 44.058531 ], [ 1.099935, 44.058683 ], [ 1.098276, 44.060526 ], [ 1.097298, 44.061863 ], [ 1.097168, 44.062062 ], [ 1.097229, 44.06354 ], [ 1.097245, 44.063783 ], [ 1.097255, 44.063794 ] ] ] ] } },
{ "type": "Feature", "properties": { "codgeo": "82033", "value": 120, "isochrone_group": 2.0, "nb_agences": 3 }, "geometry": { "type": "MultiPolygon", "coordinates": [ [ [ [ 1.101631, 44.050716 ], [ 1.101969, 44.050839 ], [ 1.106824, 44.049474 ], [ 1.10691, 44.049124 ], [ 1.108801, 44.043978 ], [ 1.108839, 44.043817 ], [ 1.109853, 44.040898 ], [ 1.111178, 44.039179 ], [ 1.115214, 44.038046 ], [ 1.115416, 44.037864 ], [ 1.119928, 44.03394 ], [ 1.119822, 44.033596 ], [ 1.115848, 44.034104 ], [ 1.111915, 44.034323 ], [ 1.109776, 44.035398 ], [ 1.105984, 44.035456 ], [ 1.105894, 44.035455 ], [ 1.102709, 44.037294 ], [ 1.102475, 44.037568 ], [ 1.099845, 44.041394 ], [ 1.098237, 44.04664 ], [ 1.098398, 44.046962 ], [ 1.101631, 44.050716 ] ], [ [ 1.102799, 44.042871 ], [ 1.102049, 44.040434 ], [ 1.102456, 44.039764 ], [ 1.102473, 44.039754 ], [ 1.105563, 44.038699 ], [ 1.108281, 44.037794 ], [ 1.108494, 44.038084 ], [ 1.107657, 44.039543 ], [ 1.105528, 44.044089 ], [ 1.105295, 44.044364 ], [ 1.104099, 44.044969 ], [ 1.103781, 44.044824 ], [ 1.102799, 44.042871 ] ] ], [ [ [ 1.09521, 44.069688 ], [ 1.095576, 44.069656 ], [ 1.098388, 44.068861 ], [ 1.100605, 44.068299 ], [ 1.103606, 44.066501 ], [ 1.107787, 44.064777 ], [ 1.107776, 44.064418 ], [ 1.105682, 44.059826 ], [ 1.105291, 44.058413 ], [ 1.104702, 44.056308 ], [ 1.104382, 44.056143 ], [ 1.100588, 44.056084 ], [ 1.097169, 44.055531 ], [ 1.097006, 44.055852 ], [ 1.09232, 44.059311 ], [ 1.092214, 44.059655 ], [ 1.094128, 44.060246 ], [ 1.096364, 44.06419 ], [ 1.09622, 44.065286 ], [ 1.095825, 44.066794 ], [ 1.095295, 44.068318 ], [ 1.09517, 44.068621 ], [ 1.094896, 44.069512 ], [ 1.09493, 44.069662 ], [ 1.09498, 44.069677 ], [ 1.09521, 44.069688 ] ], [ [ 1.097245, 44.063783 ], [ 1.097229, 44.06354 ], [ 1.097168, 44.062062 ], [ 1.097298, 44.061863 ], [ 1.098276, 44.060526 ], [ 1.099935, 44.058683 ], [ 1.100261, 44.058531 ], [ 1.100494, 44.058715 ], [ 1.101826, 44.060859 ], [ 1.101897, 44.06291 ], [ 1.101839, 44.063265 ], [ 1.101024, 44.063872 ], [ 1.100846, 44.063943 ], [ 1.100608, 44.063993 ], [ 1.100249, 44.064009 ], [ 1.0974, 44.063856 ], [ 1.097255, 44.063794 ], [ 1.097245, 44.063783 ] ] ] ] } },
{ "type": "Feature", "properties": { "codgeo": "82033", "value": 180, "isochrone_group": 3.0, "nb_agences": 3 }, "geometry": { "type": "Polygon", "coordinates": [ [ [ 1.094397, 44.029865 ], [ 1.093262, 44.02918 ], [ 1.092456, 44.028947 ], [ 1.092303, 44.029272 ], [ 1.092948, 44.029843 ], [ 1.095887, 44.038292 ], [ 1.093265, 44.044614 ], [ 1.093096, 44.044932 ], [ 1.092289, 44.048962 ], [ 1.092402, 44.049304 ], [ 1.093144630277371, 44.050819559375391 ], [ 1.089312, 44.050035 ], [ 1.088434, 44.049716 ], [ 1.087552, 44.049395 ], [ 1.086442, 44.049031 ], [ 1.085332, 44.048667 ], [ 1.08522, 44.049009 ], [ 1.08633, 44.049373 ], [ 1.087831, 44.057981 ], [ 1.087745, 44.058071 ], [ 1.087792, 44.058227 ], [ 1.089086, 44.059758 ], [ 1.08932, 44.060031 ], [ 1.09027, 44.060971 ], [ 1.090361, 44.061061 ], [ 1.09517, 44.068621 ], [ 1.094909, 44.069306 ], [ 1.094714, 44.069844 ], [ 1.094508, 44.070497 ], [ 1.094153, 44.071524 ], [ 1.093996, 44.071918 ], [ 1.093751, 44.072644 ], [ 1.093507, 44.073367 ], [ 1.093135, 44.074391 ], [ 1.092532, 44.076054 ], [ 1.092233, 44.076902 ], [ 1.091933, 44.077751 ], [ 1.092273, 44.077871 ], [ 1.094362, 44.076051 ], [ 1.099869, 44.072517 ], [ 1.103605, 44.071016 ], [ 1.104083, 44.069538 ], [ 1.112187, 44.066691 ], [ 1.112455, 44.06645 ], [ 1.111593, 44.061573 ], [ 1.106934, 44.054903 ], [ 1.105430759333098, 44.053869339750975 ], [ 1.107794, 44.052956 ], [ 1.113471, 44.052617 ], [ 1.113737, 44.052373 ], [ 1.114694, 44.045032 ], [ 1.119487, 44.039998 ], [ 1.123456, 44.039475 ], [ 1.124436, 44.039545 ], [ 1.126896, 44.03472 ], [ 1.129182, 44.031122 ], [ 1.129254, 44.030877 ], [ 1.129037, 44.030462 ], [ 1.128819, 44.030046 ], [ 1.125768, 44.030897 ], [ 1.117741, 44.029528 ], [ 1.11152, 44.031665 ], [ 1.107324, 44.02965 ], [ 1.107065, 44.0294 ], [ 1.10682, 44.029515 ], [ 1.098310997496918, 44.031724740955546 ], [ 1.09662505784338, 44.030923478194971 ], [ 1.095512, 44.030394 ], [ 1.094397, 44.029865 ] ], [ [ 1.095295, 44.068318 ], [ 1.095825, 44.066794 ], [ 1.09622, 44.065286 ], [ 1.096364, 44.06419 ], [ 1.094128, 44.060246 ], [ 1.092214, 44.059655 ], [ 1.09232, 44.059311 ], [ 1.097006, 44.055852 ], [ 1.097169, 44.055531 ], [ 1.100588, 44.056084 ], [ 1.104382, 44.056143 ], [ 1.104702, 44.056308 ], [ 1.105291, 44.058413 ], [ 1.105682, 44.059826 ], [ 1.107776, 44.064418 ], [ 1.107787, 44.064777 ], [ 1.103606, 44.066501 ], [ 1.100605, 44.068299 ], [ 1.098388, 44.068861 ], [ 1.095576, 44.069656 ], [ 1.09521, 44.069688 ], [ 1.09498, 44.069677 ], [ 1.09493, 44.069662 ], [ 1.094896, 44.069512 ], [ 1.09517, 44.068621 ], [ 1.095295, 44.068318 ] ], [ [ 1.098237, 44.04664 ], [ 1.099845, 44.041394 ], [ 1.102475, 44.037568 ], [ 1.102709, 44.037294 ], [ 1.105894, 44.035455 ], [ 1.105984, 44.035456 ], [ 1.109776, 44.035398 ], [ 1.111915, 44.034323 ], [ 1.115848, 44.034104 ], [ 1.119822, 44.033596 ], [ 1.119928, 44.03394 ], [ 1.115416, 44.037864 ], [ 1.115214, 44.038046 ], [ 1.111178, 44.039179 ], [ 1.109853, 44.040898 ], [ 1.108839, 44.043817 ], [ 1.108801, 44.043978 ], [ 1.10691, 44.049124 ], [ 1.106824, 44.049474 ], [ 1.101969, 44.050839 ], [ 1.101631, 44.050716 ], [ 1.098398, 44.046962 ], [ 1.098237, 44.04664 ] ] ] } },
{ "type": "Feature", "properties": { "codgeo": "82033", "value": 240, "isochrone_group": 4.0, "nb_agences": 3 }, "geometry": { "type": "MultiPolygon", "coordinates": [ [ [ [ 1.086446779693985, 44.023584919357184 ], [ 1.081566, 44.021801 ], [ 1.080295, 44.021114 ], [ 1.078583, 44.024282 ], [ 1.079961, 44.025359 ], [ 1.08019, 44.025439 ], [ 1.082135, 44.026231 ], [ 1.085431, 44.028399 ], [ 1.087858, 44.030636 ], [ 1.089388, 44.036623 ], [ 1.087636, 44.040839 ], [ 1.087203, 44.042924 ], [ 1.086559, 44.046874 ], [ 1.085891308600361, 44.048850412910397 ], [ 1.086442, 44.049031 ], [ 1.087552, 44.049395 ], [ 1.088434, 44.049716 ], [ 1.089312, 44.050035 ], [ 1.093144630277371, 44.050819559375391 ], [ 1.092402, 44.049304 ], [ 1.092289, 44.048962 ], [ 1.093096, 44.044932 ], [ 1.093265, 44.044614 ], [ 1.095887, 44.038292 ], [ 1.092948, 44.029843 ], [ 1.092303, 44.029272 ], [ 1.092456, 44.028947 ], [ 1.093262, 44.02918 ], [ 1.094397, 44.029865 ], [ 1.095512, 44.030394 ], [ 1.09662505784338, 44.030923478194971 ], [ 1.098310997496918, 44.031724740955546 ], [ 1.10682, 44.029515 ], [ 1.107065, 44.0294 ], [ 1.107324, 44.02965 ], [ 1.11152, 44.031665 ], [ 1.117741, 44.029528 ], [ 1.125768, 44.030897 ], [ 1.128819, 44.030046 ], [ 1.129037, 44.030462 ], [ 1.129254, 44.030877 ], [ 1.129182, 44.031122 ], [ 1.126896, 44.03472 ], [ 1.124436, 44.039545 ], [ 1.123456, 44.039475 ], [ 1.119487, 44.039998 ], [ 1.114694, 44.045032 ], [ 1.113737, 44.052373 ], [ 1.113471, 44.052617 ], [ 1.107794, 44.052956 ], [ 1.105430759333098, 44.053869339750975 ], [ 1.106934, 44.054903 ], [ 1.111593, 44.061573 ], [ 1.112455, 44.06645 ], [ 1.112187, 44.066691 ], [ 1.104083, 44.069538 ], [ 1.112316, 44.068525 ], [ 1.114445, 44.071872 ], [ 1.11475, 44.073121 ], [ 1.115301, 44.073068 ], [ 1.115375, 44.072905 ], [ 1.115366, 44.072546 ], [ 1.114837, 44.065927 ], [ 1.114710258410236, 44.057974702111927 ], [ 1.117833, 44.0587 ], [ 1.119857, 44.059188 ], [ 1.121125, 44.055819 ], [ 1.122812, 44.052138 ], [ 1.123379, 44.050305 ], [ 1.12916, 44.04391 ], [ 1.129754, 44.044076 ], [ 1.129755745909295, 44.044074166795234 ], [ 1.130089, 44.044166 ], [ 1.130573, 44.04433 ], [ 1.132746, 44.043659 ], [ 1.133169, 44.040084 ], [ 1.136884, 44.03335 ], [ 1.139498, 44.030734 ], [ 1.140227, 44.029358 ], [ 1.140125, 44.027189 ], [ 1.138972, 44.025983 ], [ 1.137018, 44.025244 ], [ 1.135879, 44.025432 ], [ 1.12794, 44.02573 ], [ 1.120601, 44.02469 ], [ 1.119785, 44.025209 ], [ 1.117126337501953, 44.025019437090627 ], [ 1.111773570092217, 44.024277678009717 ], [ 1.110139, 44.021573 ], [ 1.109641, 44.021875 ], [ 1.109193, 44.022173 ], [ 1.108757, 44.022567 ], [ 1.10659, 44.024133 ], [ 1.100921, 44.026062 ], [ 1.095402, 44.025654 ], [ 1.090576875955731, 44.024930274575055 ], [ 1.090182, 44.024835 ], [ 1.086446779693985, 44.023584919357184 ] ] ], [ [ [ 1.084387, 44.04838 ], [ 1.082934, 44.047977 ], [ 1.081473, 44.047573 ], [ 1.080132, 44.047265 ], [ 1.078786, 44.046956 ], [ 1.078143, 44.046821 ], [ 1.07614, 44.046416 ], [ 1.074245, 44.046062 ], [ 1.072352, 44.045709 ], [ 1.071442, 44.045527 ], [ 1.07053, 44.045344 ], [ 1.069237, 44.045098 ], [ 1.065714, 44.044444 ], [ 1.064263, 44.044169 ], [ 1.062812, 44.043893 ], [ 1.06276, 44.043883 ], [ 1.062693, 44.044237 ], [ 1.062745, 44.044247 ], [ 1.064195, 44.044522 ], [ 1.071445, 44.046956 ], [ 1.071794, 44.047046 ], [ 1.076074, 44.04677 ], [ 1.078069, 44.047174 ], [ 1.078713, 44.047309 ], [ 1.080051, 44.047616 ], [ 1.082065, 44.056208 ], [ 1.081968, 44.056555 ], [ 1.083847, 44.059034 ], [ 1.084252, 44.059579 ], [ 1.086764, 44.061458 ], [ 1.087364, 44.062039 ], [ 1.090161, 44.065599 ], [ 1.089238, 44.074412 ], [ 1.088942, 44.074617 ], [ 1.087425, 44.078788 ], [ 1.088078, 44.085433 ], [ 1.088588, 44.087246 ], [ 1.088929, 44.087361 ], [ 1.093629, 44.082818 ], [ 1.098583, 44.07811 ], [ 1.102922, 44.074547 ], [ 1.103379, 44.07311 ], [ 1.103672, 44.071813 ], [ 1.103717, 44.071626 ], [ 1.104083, 44.069538 ], [ 1.103605, 44.071016 ], [ 1.099869, 44.072517 ], [ 1.094362, 44.076051 ], [ 1.092273, 44.077871 ], [ 1.091933, 44.077751 ], [ 1.092233, 44.076902 ], [ 1.092532, 44.076054 ], [ 1.093135, 44.074391 ], [ 1.093507, 44.073367 ], [ 1.093751, 44.072644 ], [ 1.093996, 44.071918 ], [ 1.094153, 44.071524 ], [ 1.094508, 44.070497 ], [ 1.094714, 44.069844 ], [ 1.094909, 44.069306 ], [ 1.09517, 44.068621 ], [ 1.090361, 44.061061 ], [ 1.09027, 44.060971 ], [ 1.08932, 44.060031 ], [ 1.089086, 44.059758 ], [ 1.087792, 44.058227 ], [ 1.087745, 44.058071 ], [ 1.087831, 44.057981 ], [ 1.08633, 44.049373 ], [ 1.08522, 44.049009 ], [ 1.085328438540638, 44.048677875170554 ], [ 1.084387, 44.04838 ] ] ] ] } },
{ "type": "Feature", "properties": { "codgeo": "82033", "value": 300, "isochrone_group": 5.0, "nb_agences": 3 }, "geometry": { "type": "MultiPolygon", "coordinates": [ [ [ [ 1.081895, 44.044238 ], [ 1.081825868729234, 44.045991676929823 ], [ 1.079119, 44.045371 ], [ 1.072001, 44.042811 ], [ 1.063114, 44.042302 ], [ 1.058771, 44.041477 ], [ 1.053139, 44.040404 ], [ 1.05006, 44.03981 ], [ 1.048055, 44.039465 ], [ 1.045859, 44.039116 ], [ 1.043628, 44.038831 ], [ 1.041319, 44.038583 ], [ 1.038723, 44.038391 ], [ 1.038457, 44.041981 ], [ 1.041053, 44.042173 ], [ 1.043242, 44.04241 ], [ 1.045403, 44.042686 ], [ 1.047487, 44.04302 ], [ 1.04945, 44.043358 ], [ 1.052456, 44.043939 ], [ 1.058099, 44.045014 ], [ 1.062442, 44.045839 ], [ 1.068261, 44.050145 ], [ 1.069519, 44.0509 ], [ 1.07568, 44.056425 ], [ 1.076083, 44.057784 ], [ 1.07737, 44.058101 ], [ 1.082834, 44.061515 ], [ 1.084584, 44.06466 ], [ 1.089468, 44.06633 ], [ 1.089044, 44.074448 ], [ 1.08901682339245, 44.074565179745115 ], [ 1.089238, 44.074412 ], [ 1.090161, 44.065599 ], [ 1.087364, 44.062039 ], [ 1.086764, 44.061458 ], [ 1.084252, 44.059579 ], [ 1.083847, 44.059034 ], [ 1.081968, 44.056555 ], [ 1.082065, 44.056208 ], [ 1.080051, 44.047616 ], [ 1.078713, 44.047309 ], [ 1.078069, 44.047174 ], [ 1.076074, 44.04677 ], [ 1.071794, 44.047046 ], [ 1.071445, 44.046956 ], [ 1.064195, 44.044522 ], [ 1.062745, 44.044247 ], [ 1.062693, 44.044237 ], [ 1.06276, 44.043883 ], [ 1.062812, 44.043893 ], [ 1.064263, 44.044169 ], [ 1.065714, 44.044444 ], [ 1.069237, 44.045098 ], [ 1.07053, 44.045344 ], [ 1.071442, 44.045527 ], [ 1.072352, 44.045709 ], [ 1.074245, 44.046062 ], [ 1.07614, 44.046416 ], [ 1.078143, 44.046821 ], [ 1.078786, 44.046956 ], [ 1.080132, 44.047265 ], [ 1.081473, 44.047573 ], [ 1.082934, 44.047977 ], [ 1.084387, 44.04838 ], [ 1.085889612646472, 44.048855433051692 ], [ 1.086559, 44.046874 ], [ 1.087203, 44.042924 ], [ 1.087636, 44.040839 ], [ 1.089388, 44.036623 ], [ 1.087858, 44.030636 ], [ 1.085431, 44.028399 ], [ 1.082135, 44.026231 ], [ 1.08019, 44.025439 ], [ 1.079961, 44.025359 ], [ 1.078583, 44.024282 ], [ 1.080294786343813, 44.021114395363789 ], [ 1.079011, 44.020421 ], [ 1.0783, 44.020038 ], [ 1.077719, 44.01979 ], [ 1.077241, 44.019617 ], [ 1.076723, 44.01947 ], [ 1.073299, 44.018343 ], [ 1.072906, 44.018201 ], [ 1.072616, 44.018133 ], [ 1.071191, 44.018079 ], [ 1.070563, 44.018106 ], [ 1.069769, 44.01857 ], [ 1.070545, 44.021621 ], [ 1.073644, 44.022973 ], [ 1.075377588671998, 44.023977574522199 ], [ 1.076958638682951, 44.025006988105979 ], [ 1.081681, 44.029351 ], [ 1.082045, 44.029674 ], [ 1.083698639364438, 44.031814270994339 ], [ 1.084178506337296, 44.032960054092669 ], [ 1.083284, 44.040917 ], [ 1.081895, 44.044238 ] ] ], [ [ [ 1.082621, 44.084984 ], [ 1.081985, 44.085506 ], [ 1.084041271960806, 44.092306320938306 ], [ 1.086979, 44.091867 ], [ 1.08732, 44.091982 ], [ 1.089161470807146, 44.094146972435446 ], [ 1.09055, 44.092743 ], [ 1.094473, 44.086858 ], [ 1.098997, 44.087254 ], [ 1.101643, 44.088037 ], [ 1.101766, 44.087958 ], [ 1.102493, 44.086395 ], [ 1.102419, 44.086093 ], [ 1.101808, 44.083607 ], [ 1.101198, 44.081122 ], [ 1.101675, 44.078824 ], [ 1.109682, 44.076791 ], [ 1.111592, 44.079497 ], [ 1.111821, 44.080101 ], [ 1.111944, 44.080335 ], [ 1.112304, 44.080921 ], [ 1.113099, 44.081894 ], [ 1.114213, 44.08111 ], [ 1.115887, 44.079616 ], [ 1.121546, 44.073821 ], [ 1.121086, 44.07025 ], [ 1.120472, 44.06638 ], [ 1.120517470541845, 44.06355669271997 ], [ 1.123544, 44.065241 ], [ 1.126638, 44.063401 ], [ 1.128365, 44.060082 ], [ 1.128188609225052, 44.055859188590517 ], [ 1.129781, 44.055315 ], [ 1.13188, 44.054543 ], [ 1.134075, 44.053638 ], [ 1.136034, 44.052762 ], [ 1.137963, 44.051801 ], [ 1.136359, 44.048578 ], [ 1.134429, 44.049539 ], [ 1.132607, 44.050351 ], [ 1.13051, 44.051214 ], [ 1.12854, 44.051935 ], [ 1.127502922333972, 44.052289397044142 ], [ 1.126730362734867, 44.049178449008103 ], [ 1.128280803980688, 44.047256451432141 ], [ 1.13337, 44.045273 ], [ 1.136456, 44.046359 ], [ 1.142571, 44.043713 ], [ 1.143934, 44.040413 ], [ 1.142681993090402, 44.034012614269123 ], [ 1.148824852636669, 44.032422778214382 ], [ 1.150974, 44.032866 ], [ 1.151089, 44.032888 ], [ 1.15214, 44.032962 ], [ 1.153822, 44.030588 ], [ 1.153698, 44.022561 ], [ 1.153076, 44.021905 ], [ 1.151933, 44.021163 ], [ 1.150981, 44.02138 ], [ 1.147635, 44.022058 ], [ 1.142836, 44.022658 ], [ 1.13818, 44.022954 ], [ 1.137689, 44.023083 ], [ 1.136969, 44.023452 ], [ 1.135002, 44.024808 ], [ 1.126753, 44.022494 ], [ 1.126288, 44.022004 ], [ 1.125028, 44.021837 ], [ 1.117849, 44.017191 ], [ 1.1135, 44.016615 ], [ 1.109966, 44.017303 ], [ 1.104767, 44.019654 ], [ 1.104306, 44.022619 ], [ 1.104272535150013, 44.024921567594923 ], [ 1.10659, 44.024133 ], [ 1.108757, 44.022567 ], [ 1.109193, 44.022173 ], [ 1.109641, 44.021875 ], [ 1.110139, 44.021573 ], [ 1.111773570092217, 44.024277678009717 ], [ 1.117126337501953, 44.025019437090627 ], [ 1.119785, 44.025209 ], [ 1.120601, 44.02469 ], [ 1.12794, 44.02573 ], [ 1.135879, 44.025432 ], [ 1.137018, 44.025244 ], [ 1.138972, 44.025983 ], [ 1.140125, 44.027189 ], [ 1.140227, 44.029358 ], [ 1.139498, 44.030734 ], [ 1.136884, 44.03335 ], [ 1.133169, 44.040084 ], [ 1.132746, 44.043659 ], [ 1.130573, 44.04433 ], [ 1.130089, 44.044166 ], [ 1.129755745909295, 44.044074166795234 ], [ 1.129754, 44.044076 ], [ 1.12916, 44.04391 ], [ 1.123379, 44.050305 ], [ 1.122812, 44.052138 ], [ 1.121125, 44.055819 ], [ 1.119857, 44.059188 ], [ 1.117833, 44.0587 ], [ 1.114710258410236, 44.057974702111927 ], [ 1.114837, 44.065927 ], [ 1.115366, 44.072546 ], [ 1.115375, 44.072905 ], [ 1.115301, 44.073068 ], [ 1.11475, 44.073121 ], [ 1.114445, 44.071872 ], [ 1.112316, 44.068525 ], [ 1.104083, 44.069538 ], [ 1.103717, 44.071626 ], [ 1.103672, 44.071813 ], [ 1.103379, 44.07311 ], [ 1.102922, 44.074547 ], [ 1.098583, 44.07811 ], [ 1.093629, 44.082818 ], [ 1.088929, 44.087361 ], [ 1.088588, 44.087246 ], [ 1.088078, 44.085433 ], [ 1.087445549049728, 44.078997109395758 ], [ 1.085589, 44.082946 ], [ 1.082621, 44.084984 ] ] ], [ [ [ 1.09346, 44.023456 ], [ 1.093232, 44.022846 ], [ 1.093069, 44.022566 ], [ 1.093067170238907, 44.022566435797351 ], [ 1.093028, 44.0225 ], [ 1.092574, 44.021967 ], [ 1.091951, 44.021471 ], [ 1.084638987037758, 44.022924173223302 ], [ 1.086446779693985, 44.023584919357184 ], [ 1.090182, 44.024835 ], [ 1.090576875955731, 44.024930274575055 ], [ 1.094011672741463, 44.025445463353755 ], [ 1.093495, 44.024625 ], [ 1.09346, 44.023456 ] ] ] ] } },
{ "type": "Feature", "properties": { "codgeo": "82033", "value": 360, "isochrone_group": 6.0, "nb_agences": 3 }, "geometry": { "type": "MultiPolygon", "coordinates": [ [ [ [ 1.079067, 44.040502 ], [ 1.074140507639568, 44.042447108897711 ], [ 1.073124, 44.041799 ], [ 1.072248, 44.041209 ], [ 1.071717, 44.040991 ], [ 1.071232, 44.040895 ], [ 1.070514, 44.040956 ], [ 1.063114, 44.042302 ], [ 1.072001, 44.042811 ], [ 1.079119, 44.045371 ], [ 1.081825868729234, 44.045991676929823 ], [ 1.081895, 44.044238 ], [ 1.083284, 44.040917 ], [ 1.084178506337296, 44.032960054092669 ], [ 1.083698639364438, 44.031814270994339 ], [ 1.082045, 44.029674 ], [ 1.081681, 44.029351 ], [ 1.076958638682951, 44.025006988105979 ], [ 1.075377588671998, 44.023977574522199 ], [ 1.073644, 44.022973 ], [ 1.070545, 44.021621 ], [ 1.069806800297276, 44.018718619467791 ], [ 1.065901, 44.020939 ], [ 1.065150935763768, 44.021216484650637 ], [ 1.06172, 44.021246 ], [ 1.060533, 44.021443 ], [ 1.060204, 44.02168 ], [ 1.056679, 44.026055 ], [ 1.059424, 44.028384 ], [ 1.061177, 44.027064 ], [ 1.061461394186907, 44.026850875681639 ], [ 1.061463, 44.026853 ], [ 1.062007, 44.026442 ], [ 1.066011890170405, 44.024895781661321 ], [ 1.073018, 44.027743 ], [ 1.073094, 44.027837 ], [ 1.073313563779444, 44.027958302211488 ], [ 1.073645, 44.02832 ], [ 1.074535, 44.028873 ], [ 1.080341762731529, 44.030270485452562 ], [ 1.08178747709604, 44.034570986016099 ], [ 1.081955, 44.03565 ], [ 1.079067, 44.040502 ] ] ], [ [ [ 1.035898, 44.038263 ], [ 1.034037, 44.038234 ], [ 1.032231, 44.038242 ], [ 1.030292, 44.038287 ], [ 1.028561, 44.038364 ], [ 1.026291, 44.038512 ], [ 1.024649, 44.038651 ], [ 1.02147, 44.038942 ], [ 1.01829, 44.039233 ], [ 1.015311, 44.039505 ], [ 1.012331, 44.039778 ], [ 1.012659, 44.043363 ], [ 1.015639, 44.04309 ], [ 1.018618, 44.042818 ], [ 1.021798, 44.042527 ], [ 1.024977, 44.042236 ], [ 1.026596, 44.042099 ], [ 1.028795, 44.041956 ], [ 1.030451, 44.041884 ], [ 1.032314, 44.041841 ], [ 1.034053, 44.041834 ], [ 1.035842, 44.041862 ], [ 1.038457043470783, 44.041980413307847 ], [ 1.038722942756716, 44.038391772569128 ], [ 1.038631, 44.038385 ], [ 1.035898, 44.038263 ] ] ], [ [ [ 1.069989, 44.05496 ], [ 1.073266, 44.056608 ], [ 1.074285, 44.05715 ], [ 1.074735, 44.057374 ], [ 1.08056, 44.064132 ], [ 1.083705, 44.065883 ], [ 1.089468, 44.06633 ], [ 1.084584, 44.06466 ], [ 1.082834, 44.061515 ], [ 1.07737, 44.058101 ], [ 1.076083, 44.057784 ], [ 1.07568, 44.056425 ], [ 1.069519, 44.0509 ], [ 1.068261, 44.050145 ], [ 1.062442, 44.045839 ], [ 1.058099, 44.045014 ], [ 1.063449, 44.048821 ], [ 1.069989, 44.05496 ] ] ], [ [ [ 1.080742, 44.079379 ], [ 1.079788, 44.079964 ], [ 1.077894, 44.083027 ], [ 1.07980905350408, 44.087905074817726 ], [ 1.0824612519951, 44.087081018516976 ], [ 1.081985, 44.085506 ], [ 1.082621, 44.084984 ], [ 1.085589, 44.082946 ], [ 1.088518, 44.076716 ], [ 1.089044, 44.074448 ], [ 1.083362, 44.079533 ], [ 1.080742, 44.079379 ] ] ], [ [ [ 1.100881, 44.090707 ], [ 1.102866, 44.092186 ], [ 1.105696, 44.091908 ], [ 1.106844, 44.091788 ], [ 1.112473, 44.087978 ], [ 1.115858, 44.089204 ], [ 1.121028, 44.084184 ], [ 1.120774, 44.082042 ], [ 1.120633, 44.081821 ], [ 1.125611, 44.074449 ], [ 1.126224, 44.074452 ], [ 1.126869, 44.074357 ], [ 1.127273, 44.074239 ], [ 1.127698, 44.074064 ], [ 1.128014, 44.073901 ], [ 1.127973, 44.071032 ], [ 1.127936448977796, 44.070942704464748 ], [ 1.130442, 44.069817 ], [ 1.132989, 44.064313 ], [ 1.135696, 44.060481 ], [ 1.136619, 44.057002 ], [ 1.135362, 44.056668 ], [ 1.134495, 44.05651 ], [ 1.133383417371373, 44.054396268406315 ], [ 1.134075, 44.053638 ], [ 1.13188, 44.054543 ], [ 1.129781, 44.055315 ], [ 1.128188609225052, 44.055859188590517 ], [ 1.128365, 44.060082 ], [ 1.126638, 44.063401 ], [ 1.123544, 44.065241 ], [ 1.120517470541845, 44.06355669271997 ], [ 1.120472, 44.06638 ], [ 1.121086, 44.07025 ], [ 1.121546, 44.073821 ], [ 1.115887, 44.079616 ], [ 1.114213, 44.08111 ], [ 1.113099, 44.081894 ], [ 1.112304, 44.080921 ], [ 1.111944, 44.080335 ], [ 1.111821, 44.080101 ], [ 1.111592, 44.079497 ], [ 1.109682, 44.076791 ], [ 1.101675, 44.078824 ], [ 1.101198, 44.081122 ], [ 1.101808, 44.083607 ], [ 1.102419, 44.086093 ], [ 1.102493, 44.086395 ], [ 1.101766, 44.087958 ], [ 1.101643, 44.088037 ], [ 1.098997, 44.087254 ], [ 1.094473, 44.086858 ], [ 1.093301877260878, 44.08861483337234 ], [ 1.094459514170632, 44.090009076433226 ], [ 1.098362, 44.089232 ], [ 1.100881, 44.090707 ] ] ], [ [ [ 1.140362, 44.050506 ], [ 1.142541, 44.049168 ], [ 1.144346, 44.047993 ], [ 1.145629, 44.047075 ], [ 1.147131, 44.045927 ], [ 1.149665, 44.043831 ], [ 1.150124424707376, 44.043431927418141 ], [ 1.150555, 44.043454 ], [ 1.152194, 44.043741 ], [ 1.152465, 44.04192 ], [ 1.152592926315645, 44.041287699442734 ], [ 1.152611, 44.041272 ], [ 1.155556, 44.038713 ], [ 1.154968166891655, 44.038036282342873 ], [ 1.158021, 44.034977 ], [ 1.160702, 44.034832 ], [ 1.163905, 44.036076 ], [ 1.164285, 44.036135 ], [ 1.168731, 44.035807 ], [ 1.169862, 44.034893 ], [ 1.16967, 44.032851 ], [ 1.169569, 44.0327 ], [ 1.168951, 44.032213 ], [ 1.167871, 44.031893 ], [ 1.165524, 44.031043 ], [ 1.164583, 44.030599 ], [ 1.160208, 44.024293 ], [ 1.164351, 44.018471 ], [ 1.165072, 44.018009 ], [ 1.165254, 44.016178 ], [ 1.164536, 44.015577 ], [ 1.163128, 44.014979 ], [ 1.159632, 44.015867 ], [ 1.156341, 44.017047 ], [ 1.155589, 44.017531 ], [ 1.155354293860603, 44.017667957935451 ], [ 1.155325, 44.017674 ], [ 1.155164, 44.017779 ], [ 1.148719040923371, 44.019892101336588 ], [ 1.143132, 44.018888 ], [ 1.141203, 44.018311 ], [ 1.14062, 44.019143 ], [ 1.138871, 44.021054 ], [ 1.137742049919428, 44.023069062241127 ], [ 1.13818, 44.022954 ], [ 1.142836, 44.022658 ], [ 1.147635, 44.022058 ], [ 1.150981, 44.02138 ], [ 1.151933, 44.021163 ], [ 1.153076, 44.021905 ], [ 1.153698, 44.022561 ], [ 1.153822, 44.030588 ], [ 1.15214, 44.032962 ], [ 1.151089, 44.032888 ], [ 1.150974, 44.032866 ], [ 1.148824852636669, 44.032422778214382 ], [ 1.142681993090402, 44.034012614269123 ], [ 1.143934, 44.040413 ], [ 1.142571, 44.043713 ], [ 1.136456, 44.046359 ], [ 1.13337, 44.045273 ], [ 1.128280803980688, 44.047256451432141 ], [ 1.126730362734867, 44.049178449008103 ], [ 1.127502922333972, 44.052289397044142 ], [ 1.12854, 44.051935 ], [ 1.13051, 44.051214 ], [ 1.132607, 44.050351 ], [ 1.132162177425516, 44.050534062413831 ], [ 1.131874891111465, 44.049231336423688 ], [ 1.13668, 44.046438 ], [ 1.138177, 44.046897 ], [ 1.138784184233218, 44.047249909427698 ], [ 1.138479, 44.047437 ], [ 1.136377, 44.04857 ], [ 1.136359380486882, 44.048578764531932 ], [ 1.137962540182395, 44.051800076064744 ], [ 1.138089, 44.051737 ], [ 1.140362, 44.050506 ] ] ], [ [ [ 1.12928, 44.021625 ], [ 1.129319, 44.020644 ], [ 1.129225, 44.020181 ], [ 1.129004, 44.019673 ], [ 1.126765, 44.015023 ], [ 1.124506, 44.01222 ], [ 1.123606, 44.012945 ], [ 1.115874, 44.014552 ], [ 1.11331, 44.012771 ], [ 1.112339, 44.01232 ], [ 1.111784, 44.012498 ], [ 1.111627389356295, 44.012763961574713 ], [ 1.111627, 44.012764 ], [ 1.111161, 44.013556 ], [ 1.110557, 44.01458 ], [ 1.110153, 44.015321 ], [ 1.109891, 44.016519 ], [ 1.102516, 44.020775 ], [ 1.101388, 44.024194 ], [ 1.093232, 44.022846 ], [ 1.09346, 44.023456 ], [ 1.093495, 44.024625 ], [ 1.096206, 44.02893 ], [ 1.103974582509918, 44.025236455190601 ], [ 1.104272335736197, 44.024935288373342 ], [ 1.104306, 44.022619 ], [ 1.104767, 44.019654 ], [ 1.109966, 44.017303 ], [ 1.1135, 44.016615 ], [ 1.117849, 44.017191 ], [ 1.125028, 44.021837 ], [ 1.126288, 44.022004 ], [ 1.126753, 44.022494 ], [ 1.131348100415758, 44.023783012287787 ], [ 1.129352, 44.022645 ], [ 1.12928, 44.021625 ] ] ], [ [ [ 1.090785, 44.019604 ], [ 1.087671, 44.021412 ], [ 1.079311, 44.018327 ], [ 1.07628, 44.016385 ], [ 1.074752, 44.015983 ], [ 1.074686, 44.015997 ], [ 1.073871514272792, 44.01666895879557 ], [ 1.073584, 44.016624 ], [ 1.073224, 44.016776 ], [ 1.070910738612609, 44.018091049454561 ], [ 1.071191, 44.018079 ], [ 1.072616, 44.018133 ], [ 1.072906, 44.018201 ], [ 1.073299, 44.018343 ], [ 1.076723, 44.01947 ], [ 1.077241, 44.019617 ], [ 1.077719, 44.01979 ], [ 1.0783, 44.020038 ], [ 1.079011, 44.020421 ], [ 1.081566, 44.021801 ], [ 1.08387, 44.023077 ], [ 1.091951, 44.021471 ], [ 1.092574, 44.021967 ], [ 1.091419, 44.020696 ], [ 1.090785, 44.019604 ] ] ] ] } },
{ "type": "Feature", "properties": { "codgeo": "82033", "value": 420, "isochrone_group": 7.0, "nb_agences": 3 }, "geometry": { "type": "MultiPolygon", "coordinates": [ [ [ [ 1.048657, 44.027668 ], [ 1.048212, 44.027711 ], [ 1.047977, 44.02775 ], [ 1.047625, 44.027832 ], [ 1.04371, 44.028462 ], [ 1.04251, 44.030175 ], [ 1.042509, 44.030262 ], [ 1.038705, 44.038389 ], [ 1.038704893080073, 44.038390443017057 ], [ 1.041319, 44.038583 ], [ 1.043628, 44.038831 ], [ 1.045859, 44.039116 ], [ 1.048055, 44.039465 ], [ 1.05006, 44.03981 ], [ 1.053139, 44.040404 ], [ 1.058771, 44.041477 ], [ 1.063114, 44.042302 ], [ 1.070514, 44.040956 ], [ 1.071232, 44.040895 ], [ 1.071717, 44.040991 ], [ 1.072248, 44.041209 ], [ 1.073124, 44.041799 ], [ 1.074140507639568, 44.042447108897711 ], [ 1.079067, 44.040502 ], [ 1.081955, 44.03565 ], [ 1.08178747709604, 44.034570986016099 ], [ 1.080341762731529, 44.030270485452562 ], [ 1.074535, 44.028873 ], [ 1.073645, 44.02832 ], [ 1.073313563779444, 44.027958302211488 ], [ 1.073094, 44.027837 ], [ 1.073018, 44.027743 ], [ 1.066011890170405, 44.024895781661321 ], [ 1.062007, 44.026442 ], [ 1.061463, 44.026853 ], [ 1.061461394186907, 44.026850875681639 ], [ 1.061177, 44.027064 ], [ 1.059424, 44.028384 ], [ 1.056679, 44.026055 ], [ 1.060204, 44.02168 ], [ 1.060533, 44.021443 ], [ 1.06172, 44.021246 ], [ 1.065150935763768, 44.021216484650637 ], [ 1.065901, 44.020939 ], [ 1.073224, 44.016776 ], [ 1.073584, 44.016624 ], [ 1.073871514272792, 44.01666895879557 ], [ 1.074686, 44.015997 ], [ 1.074752, 44.015983 ], [ 1.07628, 44.016385 ], [ 1.079311, 44.018327 ], [ 1.087671, 44.021412 ], [ 1.090785, 44.019604 ], [ 1.091419, 44.020696 ], [ 1.092574, 44.021967 ], [ 1.090567, 44.019232 ], [ 1.090005, 44.018338 ], [ 1.082030056157547, 44.017076172163058 ], [ 1.08074, 44.013369 ], [ 1.078619, 44.01046 ], [ 1.07654, 44.011976 ], [ 1.068509, 44.013001 ], [ 1.06746, 44.013044 ], [ 1.065632, 44.01322 ], [ 1.065369, 44.01341 ], [ 1.059492, 44.019908 ], [ 1.0573, 44.018778 ], [ 1.05607, 44.018389 ], [ 1.055792, 44.018397 ], [ 1.055617778992343, 44.021710925798047 ], [ 1.055487, 44.02189 ], [ 1.055109659158885, 44.022361365798233 ], [ 1.048657, 44.027668 ] ] ], [ [ [ 1.009942, 44.040033 ], [ 1.006984, 44.040466 ], [ 1.003952, 44.040912 ], [ 1.002608, 44.041166 ], [ 1.001275, 44.041445 ], [ 0.998482, 44.042079 ], [ 0.996217, 44.042692 ], [ 0.995059, 44.043029 ], [ 0.993883, 44.043392 ], [ 0.992438, 44.043867 ], [ 0.990818, 44.044428 ], [ 0.991995, 44.04783 ], [ 0.998361, 44.045921 ], [ 1.003345, 44.04469 ], [ 1.007505, 44.044028 ], [ 1.010463, 44.043595 ], [ 1.012291, 44.043396 ], [ 1.012658950078192, 44.043362454360739 ], [ 1.012331041581019, 44.03977845447546 ], [ 1.011899, 44.039818 ], [ 1.009942, 44.040033 ] ] ], [ [ [ 1.018618, 44.042818 ], [ 1.015639, 44.04309 ], [ 1.013904501926285, 44.04324889864904 ], [ 1.015439, 44.043109 ], [ 1.018618, 44.042818 ] ] ], [ [ [ 1.041053, 44.042173 ], [ 1.03847, 44.041981 ], [ 1.035842, 44.041862 ], [ 1.038459607840446, 44.04198052942656 ], [ 1.041053, 44.042173 ] ] ], [ [ [ 1.045403, 44.042686 ], [ 1.043245077504082, 44.042410393054645 ], [ 1.043245, 44.042411 ], [ 1.045403, 44.042686 ] ] ], [ [ [ 1.068619, 44.058617 ], [ 1.072019, 44.060049 ], [ 1.077735, 44.066133 ], [ 1.078969, 44.066879 ], [ 1.082284, 44.068284 ], [ 1.07819, 44.076235 ], [ 1.077807, 44.076128 ], [ 1.077345, 44.075962 ], [ 1.07628, 44.076847 ], [ 1.075653, 44.077639 ], [ 1.076127, 44.07935 ], [ 1.077941822488165, 44.082123800640694 ], [ 1.07904074181325, 44.081172475092927 ], [ 1.079788, 44.079964 ], [ 1.080742, 44.079379 ], [ 1.081133, 44.079219 ], [ 1.084852220234919, 44.078199355175194 ], [ 1.089044, 44.074448 ], [ 1.089468, 44.06633 ], [ 1.083705, 44.065883 ], [ 1.08056, 44.064132 ], [ 1.074735, 44.057374 ], [ 1.074285, 44.05715 ], [ 1.073266, 44.056608 ], [ 1.069989, 44.05496 ], [ 1.063449, 44.048821 ], [ 1.058099, 44.045014 ], [ 1.063676, 44.052058 ], [ 1.068619, 44.058617 ] ] ], [ [ [ 1.120503942448077, 44.084692852787356 ], [ 1.118556765154385, 44.08658353557545 ], [ 1.1186194399458, 44.088956183957151 ], [ 1.120503942448077, 44.084692852787356 ] ] ], [ [ [ 1.128165, 44.079069 ], [ 1.129719419026211, 44.076770102336056 ], [ 1.13086, 44.076438 ], [ 1.132451, 44.074574 ], [ 1.1368, 44.066759 ], [ 1.143806, 44.064668 ], [ 1.1455, 44.063837 ], [ 1.145592, 44.063675 ], [ 1.145289, 44.061387 ], [ 1.144476, 44.06068 ], [ 1.144408, 44.06065 ], [ 1.138521, 44.057616 ], [ 1.137977, 44.051794 ], [ 1.144985297703894, 44.049601219736829 ], [ 1.145006116603301, 44.049613856780724 ], [ 1.146474, 44.050552 ], [ 1.151914, 44.047265 ], [ 1.15323, 44.0465 ], [ 1.153829027381236, 44.046304799987574 ], [ 1.161880124498731, 44.044137161197362 ], [ 1.163857, 44.044089 ], [ 1.164357, 44.044073 ], [ 1.164878, 44.043994 ], [ 1.166668, 44.04357 ], [ 1.172332474963181, 44.037785661787481 ], [ 1.173164520474908, 44.037839852533907 ], [ 1.174727, 44.0394 ], [ 1.178323, 44.039549 ], [ 1.18528, 44.036156 ], [ 1.187042, 44.034008 ], [ 1.187003, 44.033867 ], [ 1.185391, 44.032558 ], [ 1.181447, 44.031259 ], [ 1.179611, 44.0305 ], [ 1.179342, 44.030527 ], [ 1.174679, 44.029682 ], [ 1.172232, 44.029421 ], [ 1.171629, 44.029788 ], [ 1.168883498915506, 44.027565223835389 ], [ 1.170008, 44.026671 ], [ 1.167975, 44.0237 ], [ 1.16671, 44.024565 ], [ 1.165917321046326, 44.025163786259959 ], [ 1.165138898834111, 44.024533570395519 ], [ 1.165991, 44.020225 ], [ 1.168849048354199, 44.016839614148772 ], [ 1.170981, 44.016194 ], [ 1.171571, 44.016352 ], [ 1.172174, 44.016496 ], [ 1.172795, 44.014977 ], [ 1.173434, 44.013124 ], [ 1.173687, 44.012104 ], [ 1.17128, 44.009428 ], [ 1.165648, 44.009493 ], [ 1.163653, 44.012489 ], [ 1.160108425787599, 44.013519623480207 ], [ 1.157003, 44.014046 ], [ 1.156270882492158, 44.014119925806874 ], [ 1.154978, 44.013904 ], [ 1.152393, 44.013618 ], [ 1.150761, 44.016827 ], [ 1.142883, 44.017375 ], [ 1.140579, 44.014609 ], [ 1.133431, 44.009658 ], [ 1.133076, 44.007243 ], [ 1.133045, 44.007201 ], [ 1.130655, 44.00668 ], [ 1.126478, 44.008203 ], [ 1.124125, 44.010928 ], [ 1.1157, 44.008347 ], [ 1.113971, 44.00878 ], [ 1.113031, 44.009086 ], [ 1.111745, 44.011323 ], [ 1.111484, 44.012111 ], [ 1.110153, 44.015321 ], [ 1.110557, 44.01458 ], [ 1.111161, 44.013556 ], [ 1.111627, 44.012764 ], [ 1.111627389356295, 44.012763961574713 ], [ 1.111784, 44.012498 ], [ 1.112339, 44.01232 ], [ 1.11331, 44.012771 ], [ 1.115874, 44.014552 ], [ 1.123606, 44.012945 ], [ 1.124506, 44.01222 ], [ 1.126765, 44.015023 ], [ 1.129004, 44.019673 ], [ 1.129225, 44.020181 ], [ 1.129319, 44.020644 ], [ 1.12928, 44.021625 ], [ 1.129352, 44.022645 ], [ 1.135891, 44.026373 ], [ 1.138871, 44.021054 ], [ 1.14062, 44.019143 ], [ 1.141203, 44.018311 ], [ 1.143132, 44.018888 ], [ 1.148719040923371, 44.019892101336588 ], [ 1.155164, 44.017779 ], [ 1.155325, 44.017674 ], [ 1.155354293860603, 44.017667957935451 ], [ 1.155589, 44.017531 ], [ 1.156341, 44.017047 ], [ 1.159632, 44.015867 ], [ 1.163128, 44.014979 ], [ 1.164536, 44.015577 ], [ 1.165254, 44.016178 ], [ 1.165072, 44.018009 ], [ 1.164351, 44.018471 ], [ 1.160208, 44.024293 ], [ 1.164583, 44.030599 ], [ 1.165524, 44.031043 ], [ 1.167871, 44.031893 ], [ 1.168951, 44.032213 ], [ 1.169569, 44.0327 ], [ 1.16967, 44.032851 ], [ 1.169862, 44.034893 ], [ 1.168731, 44.035807 ], [ 1.164285, 44.036135 ], [ 1.163905, 44.036076 ], [ 1.160702, 44.034832 ], [ 1.158021, 44.034977 ], [ 1.154968166891655, 44.038036282342873 ], [ 1.155556, 44.038713 ], [ 1.152611, 44.041272 ], [ 1.152592926315645, 44.041287699442734 ], [ 1.152465, 44.04192 ], [ 1.152194, 44.043741 ], [ 1.150555, 44.043454 ], [ 1.150124424707376, 44.043431927418141 ], [ 1.149665, 44.043831 ], [ 1.147131, 44.045927 ], [ 1.145629, 44.047075 ], [ 1.144346, 44.047993 ], [ 1.142541, 44.049168 ], [ 1.140362, 44.050506 ], [ 1.138089, 44.051737 ], [ 1.136034, 44.052762 ], [ 1.134075, 44.053638 ], [ 1.133383417371373, 44.054396268406315 ], [ 1.134495, 44.05651 ], [ 1.135362, 44.056668 ], [ 1.136619, 44.057002 ], [ 1.135696, 44.060481 ], [ 1.132989, 44.064313 ], [ 1.130442, 44.069817 ], [ 1.127936448977796, 44.070942704464748 ], [ 1.127973, 44.071032 ], [ 1.128014, 44.073901 ], [ 1.127698, 44.074064 ], [ 1.127273, 44.074239 ], [ 1.126869, 44.074357 ], [ 1.126224, 44.074452 ], [ 1.125611, 44.074449 ], [ 1.120633, 44.081821 ], [ 1.120774, 44.082042 ], [ 1.121018444796707, 44.084103420293488 ], [ 1.124856, 44.080485 ], [ 1.128165, 44.079069 ] ] ], [ [ [ 1.13668, 44.046438 ], [ 1.131874891111465, 44.049231336423688 ], [ 1.132162177425516, 44.050534062413831 ], [ 1.132607, 44.050351 ], [ 1.134429, 44.049539 ], [ 1.136377, 44.04857 ], [ 1.138479, 44.047437 ], [ 1.138784184233218, 44.047249909427698 ], [ 1.138177, 44.046897 ], [ 1.13668, 44.046438 ] ] ] ] } },
{ "type": "Feature", "properties": { "codgeo": "82033", "value": 480, "isochrone_group": 8.0, "nb_agences": 3 }, "geometry": { "type": "MultiPolygon", "coordinates": [ [ [ [ 1.02147, 44.038942 ], [ 1.024649, 44.038651 ], [ 1.02159, 44.038931 ], [ 1.020795454646708, 44.039003727263477 ], [ 1.02147, 44.038942 ] ] ], [ [ [ 1.012286, 44.039782 ], [ 1.012286052371743, 44.039782572416769 ], [ 1.015111, 44.039524 ], [ 1.014512283201752, 44.039578801599838 ], [ 1.012286, 44.039782 ] ] ], [ [ [ 0.986841, 44.045868 ], [ 0.982953, 44.047278 ], [ 0.979057, 44.048521 ], [ 0.972762, 44.050056 ], [ 0.969995, 44.050594 ], [ 0.970648, 44.054134 ], [ 0.973026, 44.053695 ], [ 0.975765, 44.05311 ], [ 0.978, 44.052553 ], [ 0.980024, 44.051988 ], [ 0.982084, 44.05137 ], [ 0.984104, 44.050689 ], [ 0.988068, 44.049253 ], [ 0.991994, 44.04783 ], [ 0.991994950998204, 44.047829858365255 ], [ 0.990818, 44.044428 ], [ 0.992438, 44.043867 ], [ 0.990767, 44.044445 ], [ 0.986841, 44.045868 ] ] ], [ [ [ 0.998774, 44.046819 ], [ 0.999132, 44.046688 ], [ 1.007505, 44.044028 ], [ 1.003345, 44.04469 ], [ 0.998361, 44.045921 ], [ 0.991995986691058, 44.047829704116666 ], [ 0.998178, 44.046909 ], [ 0.998774, 44.046819 ] ] ], [ [ [ 1.012614, 44.043367 ], [ 1.015616, 44.043093 ], [ 1.018618, 44.042818 ], [ 1.015439, 44.043109 ], [ 1.012291, 44.043396 ], [ 1.012613959388089, 44.04336655611678 ], [ 1.012614, 44.043367 ] ] ], [ [ [ 1.018859, 44.042796 ], [ 1.021123454546181, 44.042588727272644 ], [ 1.018618, 44.042818 ], [ 1.018858995120979, 44.042795946672889 ], [ 1.018859, 44.042796 ] ] ], [ [ [ 1.021798, 44.042527 ], [ 1.021123454546181, 44.042588727272644 ], [ 1.021123454583304, 44.042588727269269 ], [ 1.021798, 44.042527 ] ] ], [ [ [ 1.062382, 44.053267 ], [ 1.065887, 44.060668 ], [ 1.065667, 44.061727 ], [ 1.068468, 44.063988 ], [ 1.074144, 44.067538 ], [ 1.073574, 44.073127 ], [ 1.071339, 44.077236 ], [ 1.072681, 44.080576 ], [ 1.072811536241967, 44.081467137245049 ], [ 1.073986, 44.080694 ], [ 1.07595536384398, 44.078730444170986 ], [ 1.075653, 44.077639 ], [ 1.07628, 44.076847 ], [ 1.077345, 44.075962 ], [ 1.077807, 44.076128 ], [ 1.07819, 44.076235 ], [ 1.082284, 44.068284 ], [ 1.078969, 44.066879 ], [ 1.077735, 44.066133 ], [ 1.072019, 44.060049 ], [ 1.068619, 44.058617 ], [ 1.063676, 44.052058 ], [ 1.058099, 44.045014 ], [ 1.06275, 44.05194 ], [ 1.062382, 44.053267 ] ] ], [ [ [ 1.123741, 44.090309 ], [ 1.127328, 44.090012 ], [ 1.127031, 44.086424 ], [ 1.125521616078292, 44.081408335490039 ], [ 1.128538, 44.07994 ], [ 1.135518, 44.078299 ], [ 1.137362, 44.075208 ], [ 1.138904, 44.071385 ], [ 1.140733, 44.069272 ], [ 1.148329, 44.066319 ], [ 1.152001, 44.068244 ], [ 1.15222, 44.068307 ], [ 1.155381, 44.068434 ], [ 1.156318, 44.064958 ], [ 1.155761, 44.064808 ], [ 1.154959, 44.064623 ], [ 1.154202805865898, 44.064417846414464 ], [ 1.154202, 44.06441 ], [ 1.153531, 44.06416 ], [ 1.150817, 44.063173 ], [ 1.148118, 44.058935 ], [ 1.151632, 44.053577 ], [ 1.151634, 44.053574 ], [ 1.154035, 44.050274 ], [ 1.154857, 44.049135 ], [ 1.163202, 44.046606 ], [ 1.170178, 44.044712 ], [ 1.175065, 44.045837 ], [ 1.178577, 44.04663 ], [ 1.180358, 44.043345 ], [ 1.180755, 44.039891 ], [ 1.184872063069174, 44.036354955010239 ], [ 1.178323, 44.039549 ], [ 1.174727, 44.0394 ], [ 1.173164520474908, 44.037839852533907 ], [ 1.172332474963181, 44.037785661787481 ], [ 1.166668, 44.04357 ], [ 1.164878, 44.043994 ], [ 1.164357, 44.044073 ], [ 1.163857, 44.044089 ], [ 1.161880124498731, 44.044137161197362 ], [ 1.153829027381236, 44.046304799987574 ], [ 1.15323, 44.0465 ], [ 1.151914, 44.047265 ], [ 1.146474, 44.050552 ], [ 1.145006116603301, 44.049613856780724 ], [ 1.144985297703894, 44.049601219736829 ], [ 1.137977, 44.051794 ], [ 1.138521, 44.057616 ], [ 1.144408, 44.06065 ], [ 1.144476, 44.06068 ], [ 1.145289, 44.061387 ], [ 1.145592, 44.063675 ], [ 1.1455, 44.063837 ], [ 1.143806, 44.064668 ], [ 1.1368, 44.066759 ], [ 1.132451, 44.074574 ], [ 1.13086, 44.076438 ], [ 1.129719419026211, 44.076770102336056 ], [ 1.128165, 44.079069 ], [ 1.125262334569459, 44.080311119749069 ], [ 1.125397, 44.080925 ], [ 1.124409, 44.081661 ], [ 1.124138361134106, 44.081862811992785 ], [ 1.124139, 44.081864 ], [ 1.122845, 44.082836 ], [ 1.120210835330691, 44.090259714996876 ], [ 1.120143, 44.091307 ], [ 1.121758604625945, 44.092987771238278 ], [ 1.121837403924903, 44.093058724790062 ], [ 1.123741, 44.090309 ] ] ], [ [ [ 1.189788, 44.03624 ], [ 1.191703, 44.036279 ], [ 1.196469, 44.037557 ], [ 1.196996, 44.037663 ], [ 1.197187, 44.037674 ], [ 1.201966, 44.03649 ], [ 1.202047, 44.032891 ], [ 1.199341, 44.03283 ], [ 1.198267023468613, 44.03280836867058 ], [ 1.198267, 44.032808 ], [ 1.196511, 44.032773 ], [ 1.193689, 44.032718 ], [ 1.186875, 44.028247 ], [ 1.185771, 44.02482 ], [ 1.183836194318197, 44.020205821216457 ], [ 1.18525, 44.019778 ], [ 1.186716, 44.019389 ], [ 1.188041, 44.019064 ], [ 1.189384, 44.018765 ], [ 1.188602, 44.015251 ], [ 1.187258, 44.01555 ], [ 1.185858, 44.015893 ], [ 1.184329, 44.016298 ], [ 1.182452530728235, 44.016863769629687 ], [ 1.18008, 44.009601 ], [ 1.180406, 44.007298 ], [ 1.179216, 44.003455 ], [ 1.179162, 44.003422 ], [ 1.177713, 44.00338 ], [ 1.175522, 44.00389 ], [ 1.175457, 44.003915 ], [ 1.168567, 44.006603 ], [ 1.160653, 44.006652 ], [ 1.158023, 44.005144 ], [ 1.154234, 44.00314 ], [ 1.153155, 44.00429 ], [ 1.152852, 44.004705 ], [ 1.148579, 44.010465 ], [ 1.146215, 44.01318 ], [ 1.138304, 44.012529 ], [ 1.137853, 44.006605 ], [ 1.136263, 44.003375 ], [ 1.130739845344432, 44.001916320693518 ], [ 1.130562, 44.001837 ], [ 1.130448978460077, 44.001839502003563 ], [ 1.130413, 44.00183 ], [ 1.127238, 44.000295 ], [ 1.127115, 44.00049 ], [ 1.126822, 44.00157 ], [ 1.123078, 44.007133 ], [ 1.115772, 44.006732 ], [ 1.113234, 44.007321 ], [ 1.113111, 44.007541 ], [ 1.11293, 44.008363 ], [ 1.111745, 44.011323 ], [ 1.113031, 44.009086 ], [ 1.113971, 44.00878 ], [ 1.1157, 44.008347 ], [ 1.124125, 44.010928 ], [ 1.126478, 44.008203 ], [ 1.130655, 44.00668 ], [ 1.133045, 44.007201 ], [ 1.133076, 44.007243 ], [ 1.133431, 44.009658 ], [ 1.140579, 44.014609 ], [ 1.142883, 44.017375 ], [ 1.150761, 44.016827 ], [ 1.152393, 44.013618 ], [ 1.154978, 44.013904 ], [ 1.156270882492158, 44.014119925806874 ], [ 1.157003, 44.014046 ], [ 1.160108425787599, 44.013519623480207 ], [ 1.163653, 44.012489 ], [ 1.165648, 44.009493 ], [ 1.17128, 44.009428 ], [ 1.173687, 44.012104 ], [ 1.173434, 44.013124 ], [ 1.172795, 44.014977 ], [ 1.172174, 44.016496 ], [ 1.171571, 44.016352 ], [ 1.170981, 44.016194 ], [ 1.168849048354199, 44.016839614148772 ], [ 1.165991, 44.020225 ], [ 1.165138898834111, 44.024533570395519 ], [ 1.165917321046326, 44.025163786259959 ], [ 1.16671, 44.024565 ], [ 1.167975, 44.0237 ], [ 1.170008, 44.026671 ], [ 1.168883498915506, 44.027565223835389 ], [ 1.171629, 44.029788 ], [ 1.172232, 44.029421 ], [ 1.174679, 44.029682 ], [ 1.179342, 44.030527 ], [ 1.179611, 44.0305 ], [ 1.181447, 44.031259 ], [ 1.185391, 44.032558 ], [ 1.187003, 44.033867 ], [ 1.187042, 44.034008 ], [ 1.185700362950759, 44.035643548457301 ], [ 1.186856, 44.034651 ], [ 1.189788, 44.03624 ] ] ], [ [ [ 1.101994, 44.026132 ], [ 1.094929, 44.025964 ], [ 1.094689477792128, 44.025906896370756 ], [ 1.09346, 44.023456 ], [ 1.096206, 44.02893 ], [ 1.099006, 44.030262 ], [ 1.106458, 44.026837 ], [ 1.106703, 44.023638 ], [ 1.106630493955567, 44.024584721780194 ], [ 1.101994, 44.026132 ] ] ], [ [ [ 1.083252008856288, 44.015893581966459 ], [ 1.08645, 44.010425 ], [ 1.088038, 44.010267 ], [ 1.088374, 44.010105 ], [ 1.089327, 44.008261 ], [ 1.089218, 44.008116 ], [ 1.088701, 44.00756 ], [ 1.087295, 44.006019 ], [ 1.08596, 44.005865 ], [ 1.084999, 44.005833 ], [ 1.079911, 44.006908 ], [ 1.074294, 44.009685 ], [ 1.068974, 44.009818 ], [ 1.063613, 44.009035 ], [ 1.063268, 44.009139 ], [ 1.057744, 44.010889 ], [ 1.056816, 44.011878 ], [ 1.055616, 44.013792 ], [ 1.051703, 44.019482 ], [ 1.047619, 44.02343 ], [ 1.040561, 44.025943 ], [ 1.038317, 44.025624 ], [ 1.038112, 44.025642 ], [ 1.038035, 44.025651 ], [ 1.03763, 44.025704 ], [ 1.033345, 44.027885 ], [ 1.029528, 44.030563 ], [ 1.030209, 44.034098 ], [ 1.024649, 44.038651 ], [ 1.026291, 44.038512 ], [ 1.028561, 44.038364 ], [ 1.030292, 44.038287 ], [ 1.032231, 44.038242 ], [ 1.034037, 44.038234 ], [ 1.035898, 44.038263 ], [ 1.038631, 44.038385 ], [ 1.038704893080073, 44.038390443017057 ], [ 1.038705, 44.038389 ], [ 1.042509, 44.030262 ], [ 1.04251, 44.030175 ], [ 1.04371, 44.028462 ], [ 1.047625, 44.027832 ], [ 1.047977, 44.02775 ], [ 1.048212, 44.027711 ], [ 1.048657, 44.027668 ], [ 1.055109659158885, 44.022361365798233 ], [ 1.055487, 44.02189 ], [ 1.055617778992343, 44.021710925798047 ], [ 1.055792, 44.018397 ], [ 1.05607, 44.018389 ], [ 1.0573, 44.018778 ], [ 1.059492, 44.019908 ], [ 1.065369, 44.01341 ], [ 1.065632, 44.01322 ], [ 1.06746, 44.013044 ], [ 1.068509, 44.013001 ], [ 1.07654, 44.011976 ], [ 1.078619, 44.01046 ], [ 1.08074, 44.013369 ], [ 1.082030056157547, 44.017076172163058 ], [ 1.083088539247427, 44.017243649634274 ], [ 1.082763494658942, 44.016875347642518 ], [ 1.083252008856288, 44.015893581966459 ] ] ] ] } },
{ "type": "Feature", "properties": { "codgeo": "82033", "value": 540, "isochrone_group": 9.0, "nb_agences": 3 }, "geometry": { "type": "MultiPolygon", "coordinates": [ [ [ [ 1.015974, 44.032577 ], [ 1.013637, 44.032898 ], [ 1.013578, 44.032907 ], [ 1.012171, 44.035273 ], [ 1.007314242064956, 44.04013537593152 ], [ 1.001908, 44.040346 ], [ 0.999219, 44.040527 ], [ 0.998676, 44.040574 ], [ 0.997986, 44.040756 ], [ 0.99747, 44.041013 ], [ 0.990767, 44.044445 ], [ 0.992438, 44.043867 ], [ 0.993883, 44.043392 ], [ 0.995059, 44.043029 ], [ 0.996217, 44.042692 ], [ 0.998482, 44.042079 ], [ 1.001275, 44.041445 ], [ 1.002608, 44.041166 ], [ 1.003952, 44.040912 ], [ 1.006984, 44.040466 ], [ 1.009942, 44.040033 ], [ 1.011899, 44.039818 ], [ 1.012286052371743, 44.039782572416769 ], [ 1.012286, 44.039782 ], [ 1.014512283201752, 44.039578801599838 ], [ 1.015111, 44.039524 ], [ 1.01829, 44.039233 ], [ 1.020795454519382, 44.039003727275094 ], [ 1.02159, 44.038931 ], [ 1.024649, 44.038651 ], [ 1.030209, 44.034098 ], [ 1.029528, 44.030563 ], [ 1.033345, 44.027885 ], [ 1.03763, 44.025704 ], [ 1.038035, 44.025651 ], [ 1.038112, 44.025642 ], [ 1.038317, 44.025624 ], [ 1.040561, 44.025943 ], [ 1.047619, 44.02343 ], [ 1.051703, 44.019482 ], [ 1.055616, 44.013792 ], [ 1.056816, 44.011878 ], [ 1.057744, 44.010889 ], [ 1.063268, 44.009139 ], [ 1.063613, 44.009035 ], [ 1.068974, 44.009818 ], [ 1.074294, 44.009685 ], [ 1.079911, 44.006908 ], [ 1.084999, 44.005833 ], [ 1.08596, 44.005865 ], [ 1.087295, 44.006019 ], [ 1.088701, 44.00756 ], [ 1.089218, 44.008116 ], [ 1.089327, 44.008261 ], [ 1.088374, 44.010105 ], [ 1.088038, 44.010267 ], [ 1.08645, 44.010425 ], [ 1.083252008856288, 44.015893581966459 ], [ 1.082763494658942, 44.016875347642518 ], [ 1.085094, 44.019516 ], [ 1.093232, 44.022846 ], [ 1.093067, 44.022562 ], [ 1.092864616190196, 44.022610334433111 ], [ 1.086591, 44.018586 ], [ 1.086681471088349, 44.017826094116266 ], [ 1.088145252618472, 44.014435430191028 ], [ 1.091693, 44.010934 ], [ 1.092725, 44.01043 ], [ 1.092753, 44.010402 ], [ 1.095103020325258, 44.007519051568181 ], [ 1.095223, 44.007426 ], [ 1.095544, 44.00707 ], [ 1.095969, 44.006472 ], [ 1.095961025636797, 44.006466471281641 ], [ 1.096047, 44.006361 ], [ 1.097123, 44.004976 ], [ 1.094851, 44.002184 ], [ 1.08797, 44.002527 ], [ 1.084544, 44.00142 ], [ 1.08086, 44.000436 ], [ 1.079338, 43.999961 ], [ 1.079001, 44.000036 ], [ 1.078517, 44.000205 ], [ 1.078055, 44.002692 ], [ 1.070415, 44.005251 ], [ 1.064563, 44.005867 ], [ 1.060963, 44.005919 ], [ 1.05235, 44.005373 ], [ 1.050506, 44.005527 ], [ 1.050787, 44.009116 ], [ 1.050441, 44.013163 ], [ 1.048562, 44.016758 ], [ 1.041012, 44.019195 ], [ 1.037291, 44.01962 ], [ 1.03694, 44.019636 ], [ 1.03543, 44.020868 ], [ 1.028311, 44.024958 ], [ 1.025781, 44.02391 ], [ 1.024338, 44.023312 ], [ 1.024336877042388, 44.023314046017013 ], [ 1.023714, 44.023057 ], [ 1.022121, 44.022286 ], [ 1.020554, 44.025527 ], [ 1.015974, 44.032577 ] ] ], [ [ [ 0.960285, 44.052224 ], [ 0.958427, 44.052634 ], [ 0.956741, 44.053038 ], [ 0.954998, 44.053506 ], [ 0.952356, 44.05426 ], [ 0.946208, 44.055845 ], [ 0.946906, 44.059377 ], [ 0.948208, 44.05912 ], [ 0.949849, 44.058736 ], [ 0.951543, 44.058268 ], [ 0.953401, 44.057705 ], [ 0.955986, 44.056968 ], [ 0.962678, 44.055447 ], [ 0.96663, 44.054796 ], [ 0.970612, 44.05414 ], [ 0.970647886488056, 44.054133384636621 ], [ 0.969995, 44.050594 ], [ 0.970019526842776, 44.05058923113792 ], [ 0.966045, 44.051244 ], [ 0.962034, 44.051905 ], [ 0.960285, 44.052224 ] ] ], [ [ [ 1.041053, 44.042173 ], [ 1.03847, 44.041981 ], [ 1.035842, 44.041862 ], [ 1.034053, 44.041834 ], [ 1.032314, 44.041841 ], [ 1.030451, 44.041884 ], [ 1.028795, 44.041956 ], [ 1.035969, 44.043864 ], [ 1.043242, 44.04241 ], [ 1.041053, 44.042173 ] ] ], [ [ [ 1.06239, 44.05601 ], [ 1.065124, 44.062435 ], [ 1.065249, 44.065906 ], [ 1.067158, 44.074579 ], [ 1.066907, 44.076817 ], [ 1.068088476964657, 44.078145529296343 ], [ 1.072469882497498, 44.075156896562774 ], [ 1.073574, 44.073127 ], [ 1.074144, 44.067538 ], [ 1.068468, 44.063988 ], [ 1.065667, 44.061727 ], [ 1.065887, 44.060668 ], [ 1.062415418944712, 44.05333756593717 ], [ 1.062253, 44.054016 ], [ 1.062294, 44.05508 ], [ 1.06239, 44.05601 ] ] ], [ [ [ 1.130069, 44.090626 ], [ 1.134303, 44.089552 ], [ 1.135794, 44.088784 ], [ 1.134864, 44.085307 ], [ 1.139712836256284, 44.080944334020366 ], [ 1.141251, 44.080944 ], [ 1.142353, 44.077517 ], [ 1.149046, 44.072266 ], [ 1.154114, 44.070867 ], [ 1.162306, 44.07189 ], [ 1.162881, 44.072184 ], [ 1.162884892850113, 44.072176415572436 ], [ 1.16307, 44.072268 ], [ 1.163644, 44.072482 ], [ 1.165998, 44.073498 ], [ 1.166962, 44.072516 ], [ 1.167301, 44.072139 ], [ 1.167577, 44.070263 ], [ 1.163443, 44.06573 ], [ 1.157265, 44.061068 ], [ 1.156584, 44.0549 ], [ 1.162028, 44.048615 ], [ 1.165184, 44.046883 ], [ 1.172424, 44.047829 ], [ 1.172992, 44.051384 ], [ 1.174661, 44.053716 ], [ 1.176574, 44.055138 ], [ 1.1782, 44.055008 ], [ 1.179098, 44.051687 ], [ 1.184895, 44.044845 ], [ 1.185498, 44.044525 ], [ 1.185809, 44.044367 ], [ 1.186256, 44.044149 ], [ 1.186165, 44.04398 ], [ 1.188994516674638, 44.037935158967244 ], [ 1.191703, 44.036279 ], [ 1.189788, 44.03624 ], [ 1.186856, 44.034651 ], [ 1.180755, 44.039891 ], [ 1.180358, 44.043345 ], [ 1.178577, 44.04663 ], [ 1.175065, 44.045837 ], [ 1.170178, 44.044712 ], [ 1.163202, 44.046606 ], [ 1.154857, 44.049135 ], [ 1.154035, 44.050274 ], [ 1.151634, 44.053574 ], [ 1.151632, 44.053577 ], [ 1.148118, 44.058935 ], [ 1.150817, 44.063173 ], [ 1.153531, 44.06416 ], [ 1.154202, 44.06441 ], [ 1.154202805865898, 44.064417846414464 ], [ 1.154959, 44.064623 ], [ 1.155761, 44.064808 ], [ 1.156318, 44.064958 ], [ 1.155381, 44.068434 ], [ 1.15222, 44.068307 ], [ 1.152001, 44.068244 ], [ 1.148329, 44.066319 ], [ 1.140733, 44.069272 ], [ 1.138904, 44.071385 ], [ 1.137362, 44.075208 ], [ 1.135518, 44.078299 ], [ 1.129221101069996, 44.079779402742716 ], [ 1.12871, 44.08138 ], [ 1.128675, 44.0815 ], [ 1.128555238730678, 44.081611822589124 ], [ 1.127983, 44.082469 ], [ 1.126784811504033, 44.085605918606504 ], [ 1.127031, 44.086424 ], [ 1.127172475356753, 44.088133136633097 ], [ 1.128906166082561, 44.092141481732241 ], [ 1.129449, 44.090783 ], [ 1.130069, 44.090626 ] ] ], [ [ [ 1.199155, 44.04126 ], [ 1.199748, 44.041474 ], [ 1.201769, 44.040751 ], [ 1.207693, 44.036597 ], [ 1.21062, 44.036647 ], [ 1.21421, 44.036628 ], [ 1.214513392161301, 44.036484526133584 ], [ 1.214526, 44.036484 ], [ 1.217517, 44.03633 ], [ 1.217561, 44.036321 ], [ 1.217986, 44.036167 ], [ 1.21773, 44.034674 ], [ 1.216824, 44.032797 ], [ 1.214062, 44.032673 ], [ 1.206946, 44.03014 ], [ 1.205566, 44.030255 ], [ 1.205175650210373, 44.030346151198664 ], [ 1.205157, 44.030337 ], [ 1.205005, 44.030386 ], [ 1.204297, 44.030809 ], [ 1.199341, 44.03283 ], [ 1.202047, 44.032891 ], [ 1.201966, 44.03649 ], [ 1.197187, 44.037674 ], [ 1.196996, 44.037663 ], [ 1.196469, 44.037557 ], [ 1.191703, 44.036279 ], [ 1.196794, 44.038985 ], [ 1.198176, 44.040387 ], [ 1.199155, 44.04126 ] ] ], [ [ [ 1.194027, 44.021147 ], [ 1.192168, 44.019917 ], [ 1.190682305779643, 44.018502135387806 ], [ 1.191458, 44.018345 ], [ 1.194382, 44.017793 ], [ 1.197342, 44.017235 ], [ 1.199103, 44.016864 ], [ 1.200577, 44.016523 ], [ 1.20262, 44.015974 ], [ 1.204575, 44.015384 ], [ 1.205942, 44.014933 ], [ 1.207348, 44.014435 ], [ 1.209503, 44.013587 ], [ 1.211129, 44.012885 ], [ 1.212804, 44.012084 ], [ 1.211251, 44.008836 ], [ 1.203447, 44.011966 ], [ 1.201581, 44.012528 ], [ 1.198293, 44.013356 ], [ 1.196602, 44.013712 ], [ 1.193715, 44.014256 ], [ 1.190791, 44.014807 ], [ 1.188646, 44.015241 ], [ 1.187520921073046, 44.015491467859086 ], [ 1.186148, 44.014184 ], [ 1.187291, 44.010771 ], [ 1.185229, 44.004476 ], [ 1.186695, 44.001187 ], [ 1.186897, 43.999226 ], [ 1.186548000397974, 43.998927276757485 ], [ 1.185862, 44.000436 ], [ 1.184846, 44.001626 ], [ 1.182108, 43.999289 ], [ 1.181421058230714, 43.998173208435475 ], [ 1.180112, 43.99876 ], [ 1.172237, 44.001435 ], [ 1.170024, 44.003947 ], [ 1.167658461790735, 44.00660862526815 ], [ 1.168567, 44.006603 ], [ 1.175457, 44.003915 ], [ 1.175522, 44.00389 ], [ 1.177713, 44.00338 ], [ 1.179162, 44.003422 ], [ 1.179216, 44.003455 ], [ 1.180406, 44.007298 ], [ 1.18008, 44.009601 ], [ 1.182452530728235, 44.016863769629687 ], [ 1.184329, 44.016298 ], [ 1.185858, 44.015893 ], [ 1.187258, 44.01555 ], [ 1.188602, 44.015251 ], [ 1.189384, 44.018765 ], [ 1.188041, 44.019064 ], [ 1.186716, 44.019389 ], [ 1.18525, 44.019778 ], [ 1.183836194318197, 44.020205821216457 ], [ 1.185771, 44.02482 ], [ 1.186875, 44.028247 ], [ 1.193689, 44.032718 ], [ 1.196511, 44.032773 ], [ 1.193352258773888, 44.02979898339477 ], [ 1.192742, 44.024509 ], [ 1.194027, 44.021147 ] ] ], [ [ [ 1.145423, 44.000905 ], [ 1.137508, 44.001041 ], [ 1.136101, 43.999509 ], [ 1.128017, 43.995667 ], [ 1.126627, 43.993873 ], [ 1.126428, 43.99361 ], [ 1.123557, 43.995782 ], [ 1.123756, 43.996046 ], [ 1.125171, 43.997872 ], [ 1.12607546825053, 43.99989787740185 ], [ 1.126339123724561, 44.002287478824854 ], [ 1.126822, 44.00157 ], [ 1.127115, 44.00049 ], [ 1.127238, 44.000295 ], [ 1.130413, 44.00183 ], [ 1.130448978460077, 44.001839502003563 ], [ 1.130562, 44.001837 ], [ 1.130739845344432, 44.001916320693518 ], [ 1.136263, 44.003375 ], [ 1.137853, 44.006605 ], [ 1.138304, 44.012529 ], [ 1.146215, 44.01318 ], [ 1.148579, 44.010465 ], [ 1.152852, 44.004705 ], [ 1.153155, 44.00429 ], [ 1.154234, 44.00314 ], [ 1.158023, 44.005144 ], [ 1.160653, 44.006652 ], [ 1.155923, 44.001954 ], [ 1.151235, 44.000767 ], [ 1.145423, 44.000905 ] ] ], [ [ [ 1.124712056022301, 44.00470504763566 ], [ 1.120168341426861, 44.006973299330987 ], [ 1.123078, 44.007133 ], [ 1.124712056022301, 44.00470504763566 ] ] ], [ [ [ 1.11594598068937, 44.005039655913365 ], [ 1.113816, 44.005208 ], [ 1.113663, 44.005665 ], [ 1.113461, 44.006285 ], [ 1.113234, 44.007321 ], [ 1.115772, 44.006732 ], [ 1.119209178018029, 44.006920654309489 ], [ 1.117134, 44.00495 ], [ 1.117029, 44.004743 ], [ 1.11594598068937, 44.005039655913365 ] ] ], [ [ [ 1.104455, 44.022881 ], [ 1.104406, 44.024812 ], [ 1.103643539764846, 44.025581520052128 ], [ 1.106630493955567, 44.024584721780194 ], [ 1.106703, 44.023638 ], [ 1.109891, 44.016519 ], [ 1.108472384266839, 44.019686856149434 ], [ 1.10511, 44.021588 ], [ 1.104455, 44.022881 ] ] ] ] } },
{ "type": "Feature", "properties": { "codgeo": "82033", "value": 600, "isochrone_group": 10.0, "nb_agences": 3 }, "geometry": { "type": "MultiPolygon", "coordinates": [ [ [ [ 0.962877, 44.051766 ], [ 0.962877012232674, 44.05176607427429 ], [ 0.964712486411041, 44.051463593987108 ], [ 0.962877, 44.051766 ] ] ], [ [ [ 0.937315, 44.05613 ], [ 0.935002, 44.055897 ], [ 0.932644, 44.05566 ], [ 0.931432, 44.05557 ], [ 0.928993, 44.055509 ], [ 0.927484, 44.055554 ], [ 0.925996, 44.055659 ], [ 0.924731, 44.055792 ], [ 0.92281, 44.05602 ], [ 0.920888, 44.056247 ], [ 0.921312, 44.059822 ], [ 0.923233, 44.059595 ], [ 0.925155, 44.059367 ], [ 0.93237, 44.059249 ], [ 0.93464, 44.059479 ], [ 0.936954, 44.059712 ], [ 0.938692, 44.059844 ], [ 0.940567, 44.059898 ], [ 0.941728, 44.059889 ], [ 0.943056, 44.059825 ], [ 0.944412, 44.059723 ], [ 0.945673, 44.059563 ], [ 0.946804, 44.059395 ], [ 0.946905623550782, 44.05937509510224 ], [ 0.946208, 44.055845 ], [ 0.948160979469022, 44.055341507407547 ], [ 0.940666, 44.056299 ], [ 0.938964, 44.056255 ], [ 0.937315, 44.05613 ] ] ], [ [ [ 0.970612, 44.05414 ], [ 0.96663, 44.054796 ], [ 0.963461976629763, 44.055317858100715 ], [ 0.963462, 44.055318 ], [ 0.967037, 44.054729 ], [ 0.970612, 44.05414 ] ] ], [ [ [ 1.028596, 44.051686 ], [ 1.035496, 44.047598 ], [ 1.035931746514983, 44.046614133383173 ], [ 1.039467195129011, 44.043548204522168 ], [ 1.043242, 44.04241 ], [ 1.035969, 44.043864 ], [ 1.028795, 44.041956 ], [ 1.026596, 44.042099 ], [ 1.024977, 44.042236 ], [ 1.021798, 44.042527 ], [ 1.018618, 44.042818 ], [ 1.025173, 44.045896 ], [ 1.025464, 44.049911 ], [ 1.028596, 44.051686 ] ] ], [ [ [ 1.04945, 44.043358 ], [ 1.047487, 44.04302 ], [ 1.045403, 44.042686 ], [ 1.043242, 44.04241 ], [ 1.047797, 44.044866 ], [ 1.052456, 44.043939 ], [ 1.04945, 44.043358 ] ] ], [ [ [ 1.062414456374646, 44.05334158665238 ], [ 1.06275, 44.05194 ], [ 1.058099, 44.045014 ], [ 1.062656908359, 44.052275785837871 ], [ 1.062381, 44.053271 ], [ 1.062414456374646, 44.05334158665238 ] ] ], [ [ [ 1.064777056339062, 44.061828703279588 ], [ 1.063591, 44.063069 ], [ 1.06293, 44.063539 ], [ 1.062766, 44.063722 ], [ 1.064645, 44.066469 ], [ 1.064898, 44.06652 ], [ 1.065117740483971, 44.066565984213725 ], [ 1.06354, 44.074499 ], [ 1.064063, 44.075611 ], [ 1.065332, 44.076323 ], [ 1.06568276270215, 44.077533167936501 ], [ 1.066923137586838, 44.076673111875124 ], [ 1.067158, 44.074579 ], [ 1.065249, 44.065906 ], [ 1.065124, 44.062435 ], [ 1.06239, 44.05601 ], [ 1.062294, 44.05508 ], [ 1.062207, 44.056488 ], [ 1.062181, 44.057292 ], [ 1.064777056339062, 44.061828703279588 ] ] ], [ [ [ 1.141972, 44.107975 ], [ 1.142086, 44.108022 ], [ 1.142961707433775, 44.108321176113449 ], [ 1.142955, 44.108291 ], [ 1.141972, 44.107975 ] ] ], [ [ [ 1.145562, 44.086527 ], [ 1.146662360551554, 44.08210390490278 ], [ 1.146845, 44.082077 ], [ 1.153173, 44.076124 ], [ 1.15353, 44.075974 ], [ 1.15403, 44.075758 ], [ 1.15526, 44.075264 ], [ 1.164101, 44.07507 ], [ 1.167148453388938, 44.074615915350655 ], [ 1.170942687976285, 44.074788222732394 ], [ 1.175186, 44.075831 ], [ 1.176098, 44.074412 ], [ 1.176827, 44.072627 ], [ 1.175341, 44.071865 ], [ 1.174542, 44.071509 ], [ 1.172895, 44.070346 ], [ 1.172062, 44.070147 ], [ 1.167109845711558, 44.069750757525505 ], [ 1.167577, 44.070263 ], [ 1.167301, 44.072139 ], [ 1.166962, 44.072516 ], [ 1.165998, 44.073498 ], [ 1.163644, 44.072482 ], [ 1.16307, 44.072268 ], [ 1.162884892850113, 44.072176415572436 ], [ 1.162881, 44.072184 ], [ 1.162306, 44.07189 ], [ 1.154114, 44.070867 ], [ 1.149046, 44.072266 ], [ 1.142353, 44.077517 ], [ 1.141251, 44.080944 ], [ 1.139712836256284, 44.080944334020366 ], [ 1.134864, 44.085307 ], [ 1.135794, 44.088784 ], [ 1.135705781273312, 44.088829440631848 ], [ 1.136587895074711, 44.090364282203666 ], [ 1.142522, 44.086972 ], [ 1.145562, 44.086527 ] ] ], [ [ [ 1.161774, 44.058166 ], [ 1.161599915734541, 44.05714394080249 ], [ 1.161753696378282, 44.055204463415393 ], [ 1.162645, 44.05273 ], [ 1.171457, 44.053767 ], [ 1.17156, 44.05417 ], [ 1.1717, 44.054896 ], [ 1.172513, 44.055274 ], [ 1.175418, 44.059627 ], [ 1.175568, 44.060078 ], [ 1.175735, 44.060723 ], [ 1.176216, 44.060852 ], [ 1.176893, 44.060953 ], [ 1.179254, 44.06148 ], [ 1.179387, 44.060864 ], [ 1.179417, 44.060179 ], [ 1.183885, 44.052661 ], [ 1.184568, 44.05238 ], [ 1.186789627504801, 44.045021899593578 ], [ 1.187986, 44.043824 ], [ 1.190115, 44.043267 ], [ 1.194818872736145, 44.042186316775656 ], [ 1.200225009532219, 44.042370110852758 ], [ 1.201577, 44.042674 ], [ 1.206943, 44.040056 ], [ 1.207392, 44.039919 ], [ 1.215018, 44.040108 ], [ 1.216702, 44.041911 ], [ 1.216963, 44.041912 ], [ 1.21816, 44.041866 ], [ 1.221211, 44.037955 ], [ 1.225938, 44.033507 ], [ 1.226237, 44.031976 ], [ 1.226232, 44.031892 ], [ 1.225498, 44.029934 ], [ 1.219987, 44.028208 ], [ 1.212437, 44.028182 ], [ 1.207102, 44.026136 ], [ 1.203329, 44.023946 ], [ 1.19987, 44.021355 ], [ 1.194238, 44.018143 ], [ 1.19419415423422, 44.017828461991364 ], [ 1.191458, 44.018345 ], [ 1.190682305779643, 44.018502135387806 ], [ 1.192168, 44.019917 ], [ 1.194027, 44.021147 ], [ 1.192742, 44.024509 ], [ 1.193352258773888, 44.02979898339477 ], [ 1.196511, 44.032773 ], [ 1.199341, 44.03283 ], [ 1.204297, 44.030809 ], [ 1.205005, 44.030386 ], [ 1.205157, 44.030337 ], [ 1.205175650210373, 44.030346151198664 ], [ 1.205566, 44.030255 ], [ 1.206946, 44.03014 ], [ 1.214062, 44.032673 ], [ 1.216824, 44.032797 ], [ 1.21773, 44.034674 ], [ 1.217986, 44.036167 ], [ 1.217561, 44.036321 ], [ 1.217517, 44.03633 ], [ 1.214526, 44.036484 ], [ 1.214513392161301, 44.036484526133584 ], [ 1.21421, 44.036628 ], [ 1.21062, 44.036647 ], [ 1.207693, 44.036597 ], [ 1.201769, 44.040751 ], [ 1.199748, 44.041474 ], [ 1.199155, 44.04126 ], [ 1.198176, 44.040387 ], [ 1.196794, 44.038985 ], [ 1.191703, 44.036279 ], [ 1.188994516674638, 44.037935158967244 ], [ 1.186165, 44.04398 ], [ 1.186256, 44.044149 ], [ 1.185809, 44.044367 ], [ 1.185498, 44.044525 ], [ 1.184895, 44.044845 ], [ 1.179098, 44.051687 ], [ 1.1782, 44.055008 ], [ 1.176574, 44.055138 ], [ 1.174661, 44.053716 ], [ 1.172992, 44.051384 ], [ 1.172424, 44.047829 ], [ 1.165184, 44.046883 ], [ 1.162028, 44.048615 ], [ 1.156584, 44.0549 ], [ 1.157265, 44.061068 ], [ 1.163443, 44.06573 ], [ 1.166074981258329, 44.068616011379781 ], [ 1.164339279998031, 44.06307548454771 ], [ 1.164604, 44.061678 ], [ 1.161774, 44.058166 ] ] ], [ [ [ 1.214762, 44.011069 ], [ 1.21564, 44.010583 ], [ 1.217234, 44.00964 ], [ 1.218811, 44.008636 ], [ 1.220284, 44.007612 ], [ 1.221703, 44.006539 ], [ 1.223925, 44.00469 ], [ 1.225136, 44.003586 ], [ 1.227064, 44.001612 ], [ 1.227089753185077, 44.001582893863556 ], [ 1.226293, 44.001304 ], [ 1.225965857026406, 44.000956859258416 ], [ 1.225705, 44.001119 ], [ 1.22391, 44.000698 ], [ 1.22383540650788, 43.999770215855406 ], [ 1.222563, 44.001068 ], [ 1.215339, 44.006202 ], [ 1.21479, 44.006556 ], [ 1.209198109867576, 44.009659365724573 ], [ 1.211251, 44.008836 ], [ 1.212803593352074, 44.012083149521935 ], [ 1.212877, 44.012048 ], [ 1.214058, 44.01145 ], [ 1.214762, 44.011069 ] ] ], [ [ [ 1.193994, 44.010666 ], [ 1.189876, 44.00287 ], [ 1.190279, 43.998415 ], [ 1.191277644546481, 43.994550605322722 ], [ 1.190913, 43.994526 ], [ 1.188233, 44.002325 ], [ 1.188146, 44.004311 ], [ 1.187952, 44.004476 ], [ 1.187474, 44.004775 ], [ 1.185536134032016, 44.005413637600164 ], [ 1.187291, 44.010771 ], [ 1.186148, 44.014184 ], [ 1.187520921073046, 44.015491467859086 ], [ 1.188646, 44.015241 ], [ 1.190791, 44.014807 ], [ 1.193715, 44.014256 ], [ 1.193835978003237, 44.014233204006317 ], [ 1.194062, 44.013361 ], [ 1.194236, 44.010878 ], [ 1.193994, 44.010666 ] ] ], [ [ [ 1.176, 43.996415 ], [ 1.168021, 43.999363 ], [ 1.168017, 43.999363 ], [ 1.167119, 43.999638 ], [ 1.166524, 44.000195 ], [ 1.157996, 43.999324 ], [ 1.157755, 43.997877 ], [ 1.155585, 43.997399 ], [ 1.155126, 43.997332 ], [ 1.152555, 43.99914 ], [ 1.152066, 43.99946 ], [ 1.148443382865454, 44.000833284095776 ], [ 1.151235, 44.000767 ], [ 1.155923, 44.001954 ], [ 1.160653, 44.006652 ], [ 1.167649823851307, 44.006618344391605 ], [ 1.170024, 44.003947 ], [ 1.172237, 44.001435 ], [ 1.176943183487258, 43.999836391640834 ], [ 1.177785, 43.997806 ], [ 1.177644058213003, 43.996322381579226 ], [ 1.176, 43.996415 ] ] ], [ [ [ 1.13183, 43.993898 ], [ 1.1295, 43.990766 ], [ 1.127142, 43.987087 ], [ 1.12356, 43.986734 ], [ 1.120455, 43.991207 ], [ 1.116322, 43.994223 ], [ 1.117132, 43.997731 ], [ 1.117176, 44.004603 ], [ 1.117035317495437, 44.004755454491004 ], [ 1.117134, 44.00495 ], [ 1.119576, 44.007269 ], [ 1.126507, 44.003809 ], [ 1.12607546825053, 43.99989787740185 ], [ 1.125171, 43.997872 ], [ 1.123756, 43.996046 ], [ 1.123557, 43.995782 ], [ 1.126428, 43.99361 ], [ 1.126627, 43.993873 ], [ 1.128017, 43.995667 ], [ 1.136100359984351, 43.999508695826307 ], [ 1.135288970491963, 43.998625447629436 ], [ 1.134955, 43.998177 ], [ 1.13183, 43.993898 ] ] ], [ [ [ 1.093232, 44.022846 ], [ 1.09346, 44.023456 ], [ 1.096206, 44.02893 ], [ 1.099006, 44.030262 ], [ 1.104406, 44.024812 ], [ 1.104455, 44.022881 ], [ 1.10511, 44.021588 ], [ 1.108472384266839, 44.019686856149434 ], [ 1.109891, 44.016519 ], [ 1.102833, 44.020879 ], [ 1.101705, 44.024298 ], [ 1.093232, 44.022846 ] ] ], [ [ [ 1.096047, 44.006361 ], [ 1.095961025636797, 44.006466471281641 ], [ 1.095969, 44.006472 ], [ 1.095544, 44.00707 ], [ 1.095223, 44.007426 ], [ 1.095103020325258, 44.007519051568181 ], [ 1.092753, 44.010402 ], [ 1.092725, 44.01043 ], [ 1.091693, 44.010934 ], [ 1.088145252618472, 44.014435430191028 ], [ 1.086681471088349, 44.017826094116266 ], [ 1.086591, 44.018586 ], [ 1.092864616190196, 44.022610334433111 ], [ 1.093067, 44.022562 ], [ 1.093232, 44.022846 ], [ 1.093853, 44.016633 ], [ 1.09419, 44.013049 ], [ 1.096047, 44.006361 ] ] ], [ [ [ 1.107558, 43.999941 ], [ 1.106745, 43.996434 ], [ 1.104199, 43.997023 ], [ 1.101664, 43.997565 ], [ 1.094817, 44.000203 ], [ 1.088564, 43.997946 ], [ 1.087283, 43.997612 ], [ 1.08103188892992, 43.996886532564396 ], [ 1.078216, 43.995829 ], [ 1.0773, 43.994658 ], [ 1.076471, 43.993692 ], [ 1.076118, 43.993486 ], [ 1.074886, 43.994181 ], [ 1.073486, 43.995703 ], [ 1.067172, 44.001865 ], [ 1.060451, 44.000076 ], [ 1.060219, 44.000114 ], [ 1.059446, 44.0006 ], [ 1.059377, 44.000681 ], [ 1.058941, 44.001852 ], [ 1.051753303895687, 44.005422832537995 ], [ 1.05235, 44.005373 ], [ 1.060963, 44.005919 ], [ 1.064563, 44.005867 ], [ 1.070415, 44.005251 ], [ 1.078055, 44.002692 ], [ 1.078517, 44.000205 ], [ 1.079001, 44.000036 ], [ 1.079338, 43.999961 ], [ 1.08086, 44.000436 ], [ 1.084544, 44.00142 ], [ 1.08797, 44.002527 ], [ 1.094851, 44.002184 ], [ 1.097123, 44.004976 ], [ 1.096047, 44.006361 ], [ 1.100951, 44.004179 ], [ 1.102413, 44.004124 ], [ 1.107558, 43.999941 ] ] ], [ [ [ 1.040314, 44.00644 ], [ 1.036904, 44.013025 ], [ 1.0368, 44.013407 ], [ 1.03690560391334, 44.014860959033697 ], [ 1.034621, 44.017412 ], [ 1.03326699516875, 44.018714581919149 ], [ 1.030975, 44.020336 ], [ 1.027893, 44.022197 ], [ 1.021775, 44.022119 ], [ 1.019801, 44.021166 ], [ 1.015898, 44.017921 ], [ 1.014716, 44.017424 ], [ 1.011323, 44.017809 ], [ 1.010592, 44.021334 ], [ 1.009203, 44.029808 ], [ 1.00587, 44.031169 ], [ 0.998208, 44.035475 ], [ 0.996483, 44.035864 ], [ 0.992627274655697, 44.043492521614461 ], [ 0.99747, 44.041013 ], [ 0.997986, 44.040756 ], [ 0.998676, 44.040574 ], [ 0.999219, 44.040527 ], [ 1.001908, 44.040346 ], [ 1.007314242064956, 44.04013537593152 ], [ 1.012171, 44.035273 ], [ 1.013578, 44.032907 ], [ 1.013637, 44.032898 ], [ 1.015974, 44.032577 ], [ 1.020554, 44.025527 ], [ 1.022121, 44.022286 ], [ 1.023714, 44.023057 ], [ 1.024336877042388, 44.023314046017013 ], [ 1.024338, 44.023312 ], [ 1.025781, 44.02391 ], [ 1.028311, 44.024958 ], [ 1.03543, 44.020868 ], [ 1.03694, 44.019636 ], [ 1.037291, 44.01962 ], [ 1.041012, 44.019195 ], [ 1.048562, 44.016758 ], [ 1.050441, 44.013163 ], [ 1.050787, 44.009116 ], [ 1.050506, 44.005527 ], [ 1.051487396127174, 44.005445039585908 ], [ 1.04788, 44.003778 ], [ 1.040801, 44.004525 ], [ 1.040314, 44.00644 ] ] ] ] } },
{ "type": "Feature", "properties": { "codgeo": "82033", "value": 660, "isochrone_group": 11.0, "nb_agences": 3 }, "geometry": { "type": "MultiPolygon", "coordinates": [ [ [ [ 1.016415, 44.013352 ], [ 1.016406372426436, 44.013354339428432 ], [ 1.016406, 44.013353 ], [ 1.016266, 44.012503 ], [ 1.012714, 44.013089 ], [ 1.007294, 44.017361 ], [ 1.002695, 44.016213 ], [ 1.00102, 44.016053 ], [ 1.000707, 44.017835 ], [ 1.000679, 44.019637 ], [ 1.000828, 44.019812 ], [ 1.001964, 44.021169 ], [ 1.002953180643071, 44.023224481684217 ], [ 1.003260166391011, 44.024758844551577 ], [ 0.998543, 44.031486 ], [ 0.994031764337213, 44.036052848471847 ], [ 0.99371895408236, 44.036321374055788 ], [ 0.990267, 44.035448 ], [ 0.986844, 44.037675 ], [ 0.981603, 44.041604 ], [ 0.97717393099025, 44.048980175683894 ], [ 0.979057, 44.048521 ], [ 0.982953, 44.047278 ], [ 0.986841, 44.045868 ], [ 0.990767, 44.044445 ], [ 0.992627274655697, 44.043492521614461 ], [ 0.996483, 44.035864 ], [ 0.998208, 44.035475 ], [ 1.00587, 44.031169 ], [ 1.009203, 44.029808 ], [ 1.010592, 44.021334 ], [ 1.011323, 44.017809 ], [ 1.014716, 44.017424 ], [ 1.015898, 44.017921 ], [ 1.019801, 44.021166 ], [ 1.021775, 44.022119 ], [ 1.027893, 44.022197 ], [ 1.030975, 44.020336 ], [ 1.03326699516875, 44.018714581919149 ], [ 1.034621, 44.017412 ], [ 1.03690560391334, 44.014860959033697 ], [ 1.0368, 44.013407 ], [ 1.036904, 44.013025 ], [ 1.040314, 44.00644 ], [ 1.040801, 44.004525 ], [ 1.045659391785518, 44.004012326082247 ], [ 1.042591, 44.00281 ], [ 1.033938, 44.001289 ], [ 1.032084, 44.000628 ], [ 1.030875, 44.004019 ], [ 1.032696, 44.004747 ], [ 1.032994, 44.004874 ], [ 1.034722049250273, 44.007698544664784 ], [ 1.03348766198156, 44.013021672409238 ], [ 1.032222, 44.014027 ], [ 1.028809, 44.015593 ], [ 1.026764995756173, 44.017835925893955 ], [ 1.025394915378105, 44.018081368100724 ], [ 1.017744, 44.016746 ], [ 1.016805, 44.014788 ], [ 1.016415, 44.013352 ] ] ], [ [ [ 1.035931746514983, 44.046614133383173 ], [ 1.03581824957265, 44.046870396712514 ], [ 1.039547446416205, 44.043524006614952 ], [ 1.039467195129011, 44.043548204522168 ], [ 1.035931746514983, 44.046614133383173 ] ] ], [ [ [ 1.052456, 44.043939 ], [ 1.047797, 44.044866 ], [ 1.043242, 44.04241 ], [ 1.041791491879292, 44.042847366952444 ], [ 1.045602, 44.046327 ], [ 1.048715, 44.048136 ], [ 1.049336, 44.047496 ], [ 1.049889, 44.046832 ], [ 1.058099, 44.045014 ], [ 1.052456, 44.043939 ] ] ], [ [ [ 1.027794, 44.057969 ], [ 1.027799660467368, 44.056690048845184 ], [ 1.027881, 44.056653 ], [ 1.027904, 44.056046 ], [ 1.027859, 44.055414 ], [ 1.028939929274185, 44.051745369570767 ], [ 1.031663250699649, 44.049868765092725 ], [ 1.028596, 44.051686 ], [ 1.025464, 44.049911 ], [ 1.025173, 44.045896 ], [ 1.018618, 44.042818 ], [ 1.015439, 44.043109 ], [ 1.012291, 44.043396 ], [ 1.010463, 44.043595 ], [ 1.007505, 44.044028 ], [ 0.999132, 44.046688 ], [ 0.998774, 44.046819 ], [ 0.998178, 44.046909 ], [ 0.991994, 44.04783 ], [ 0.988068, 44.049253 ], [ 0.996063, 44.049655 ], [ 1.001184, 44.049392 ], [ 1.00181, 44.049359 ], [ 1.002256, 44.049235 ], [ 1.004104, 44.048485 ], [ 1.007678366404284, 44.045736352143891 ], [ 1.012672, 44.047839 ], [ 1.016007, 44.046482 ], [ 1.022112, 44.05042 ], [ 1.022807494482249, 44.051923292606112 ], [ 1.023940757639582, 44.055449957031378 ], [ 1.024056, 44.057646 ], [ 1.025851, 44.059354 ], [ 1.026957, 44.059777 ], [ 1.027154, 44.05951 ], [ 1.027416, 44.059076 ], [ 1.027637, 44.058567 ], [ 1.027794, 44.057969 ] ] ], [ [ [ 1.062253, 44.054016 ], [ 1.062284, 44.054924 ], [ 1.062288441344251, 44.054935746104455 ], [ 1.062253, 44.054016 ] ] ], [ [ [ 0.950583, 44.054799 ], [ 0.952356, 44.05426 ], [ 0.948162002946021, 44.05534137665714 ], [ 0.949026, 44.055231 ], [ 0.950583, 44.054799 ] ] ], [ [ [ 0.922076605263912, 44.056106618420934 ], [ 0.92281, 44.05602 ], [ 0.924731, 44.055792 ], [ 0.922737, 44.056028 ], [ 0.922076605263912, 44.056106618420934 ] ] ], [ [ [ 0.951615688853929, 44.058245974260089 ], [ 0.951616, 44.058247 ], [ 0.953401, 44.057705 ], [ 0.951615688853929, 44.058245974260089 ] ] ], [ [ [ 0.914109, 44.060694 ], [ 0.918259, 44.060198 ], [ 0.919174, 44.060078 ], [ 0.923161, 44.059604 ], [ 0.925155, 44.059367 ], [ 0.923233, 44.059595 ], [ 0.921312, 44.059822 ], [ 0.920888130872792, 44.056248103467524 ], [ 0.918705, 44.056508 ], [ 0.917831, 44.056623 ], [ 0.913682, 44.05712 ], [ 0.909548, 44.057614 ], [ 0.907334, 44.05786 ], [ 0.899374, 44.058123 ], [ 0.899172, 44.061717 ], [ 0.900387, 44.061786 ], [ 0.901666, 44.061796 ], [ 0.903008, 44.061777 ], [ 0.905104, 44.061664 ], [ 0.905972, 44.061606 ], [ 0.907676, 44.061444 ], [ 0.909945, 44.061192 ], [ 0.914109, 44.060694 ] ] ], [ [ [ 1.06191, 44.05818 ], [ 1.061825, 44.059936 ], [ 1.063610304785303, 44.063048812373907 ], [ 1.064777056339062, 44.061828703279588 ], [ 1.062181, 44.057292 ], [ 1.062207, 44.056488 ], [ 1.062294, 44.05508 ], [ 1.062019, 44.057443 ], [ 1.06191, 44.05818 ] ] ], [ [ [ 0.946898694068559, 44.059376452372625 ], [ 0.946899, 44.059378 ], [ 0.948208, 44.05912 ], [ 0.946898694068559, 44.059376452372625 ] ] ], [ [ [ 1.062771608402628, 43.998482230315801 ], [ 1.059341051812402, 43.998065192896739 ], [ 1.058248, 43.997458 ], [ 1.055718, 44.00002 ], [ 1.049266035809025, 44.004418510905822 ], [ 1.051602, 44.005498 ], [ 1.058941, 44.001852 ], [ 1.059377, 44.000681 ], [ 1.059446, 44.0006 ], [ 1.060219, 44.000114 ], [ 1.060451, 44.000076 ], [ 1.067172, 44.001865 ], [ 1.073486, 43.995703 ], [ 1.074886, 43.994181 ], [ 1.076118, 43.993486 ], [ 1.076471, 43.993692 ], [ 1.0773, 43.994658 ], [ 1.078216, 43.995829 ], [ 1.08103188892992, 43.996886532564396 ], [ 1.087283, 43.997612 ], [ 1.088564, 43.997946 ], [ 1.094817, 44.000203 ], [ 1.101664, 43.997565 ], [ 1.104199, 43.997023 ], [ 1.09952, 43.996809 ], [ 1.091918, 43.993657 ], [ 1.086746, 43.993456 ], [ 1.078552, 43.992084 ], [ 1.073328, 43.988361 ], [ 1.072996, 43.987998 ], [ 1.071923, 43.986988 ], [ 1.071884, 43.986951 ], [ 1.070252, 43.986545 ], [ 1.070123, 43.986577 ], [ 1.069404, 43.989561 ], [ 1.069443, 43.989598 ], [ 1.070929, 43.991918 ], [ 1.066886, 43.998251 ], [ 1.062771608402628, 43.998482230315801 ] ] ], [ [ [ 1.173422077795914, 43.997278721336954 ], [ 1.173216549796955, 43.997443400952314 ], [ 1.173388586638955, 43.997379838524687 ], [ 1.173422077795914, 43.997278721336954 ] ] ], [ [ [ 1.166524, 44.000195 ], [ 1.167119, 43.999638 ], [ 1.168017, 43.999363 ], [ 1.168021, 43.999363 ], [ 1.169985792818536, 43.998637068275606 ], [ 1.168525, 43.997455 ], [ 1.167668, 43.99643 ], [ 1.16674, 43.995962 ], [ 1.162999427056957, 43.997084530089566 ], [ 1.156484979101096, 43.995458226006107 ], [ 1.156464, 43.995425 ], [ 1.153545, 43.996429 ], [ 1.153187724594587, 43.996885294952193 ], [ 1.146682, 44.001501 ], [ 1.152066, 43.99946 ], [ 1.152555, 43.99914 ], [ 1.155126, 43.997332 ], [ 1.155585, 43.997399 ], [ 1.157755, 43.997877 ], [ 1.157996, 43.999324 ], [ 1.166524, 44.000195 ] ] ], [ [ [ 1.111568419889919, 43.991999389753879 ], [ 1.111057, 43.991806 ], [ 1.111027, 43.991795 ], [ 1.10896, 43.992452 ], [ 1.108847, 43.992667 ], [ 1.108735, 43.992924 ], [ 1.104199, 43.997023 ], [ 1.106745, 43.996434 ], [ 1.107558, 43.999941 ], [ 1.102413, 44.004124 ], [ 1.100951, 44.004179 ], [ 1.096047, 44.006361 ], [ 1.09419, 44.013049 ], [ 1.093853, 44.016633 ], [ 1.093232, 44.022846 ], [ 1.101705, 44.024298 ], [ 1.102833, 44.020879 ], [ 1.109891, 44.016519 ], [ 1.110153, 44.015321 ], [ 1.110557, 44.01458 ], [ 1.111484, 44.012111 ], [ 1.111745, 44.011323 ], [ 1.114118, 44.00769 ], [ 1.115877, 44.006065 ], [ 1.116208, 44.005652 ], [ 1.117176, 44.004603 ], [ 1.117132, 43.997731 ], [ 1.116322, 43.994223 ], [ 1.120455, 43.991207 ], [ 1.12356, 43.986734 ], [ 1.127142, 43.987087 ], [ 1.1295, 43.990766 ], [ 1.13183, 43.993898 ], [ 1.134955, 43.998177 ], [ 1.135288970491963, 43.998625447629436 ], [ 1.137508, 44.001041 ], [ 1.135062, 43.997683 ], [ 1.134765520523235, 43.996818421650062 ], [ 1.134792, 43.996727 ], [ 1.137851, 43.98839 ], [ 1.138289, 43.988097 ], [ 1.138726, 43.987669 ], [ 1.138839, 43.987517 ], [ 1.136001, 43.985318 ], [ 1.132074, 43.980256 ], [ 1.130726, 43.976918 ], [ 1.125464, 43.975358 ], [ 1.125145, 43.975901 ], [ 1.123615, 43.978288 ], [ 1.122712, 43.981773 ], [ 1.123691, 43.985406 ], [ 1.116149, 43.989509 ], [ 1.115641, 43.989742 ], [ 1.111568419889919, 43.991999389753879 ] ] ], [ [ [ 1.223021526952643, 44.000600327911464 ], [ 1.222896517386667, 44.000573439185452 ], [ 1.221636166574548, 44.001726688096113 ], [ 1.222563, 44.001068 ], [ 1.223021526952643, 44.000600327911464 ] ] ], [ [ [ 1.198293, 44.013356 ], [ 1.201581, 44.012528 ], [ 1.203447, 44.011966 ], [ 1.204744, 44.011538 ], [ 1.20603, 44.011085 ], [ 1.206082156323273, 44.011064524568397 ], [ 1.198446088202441, 44.009095400574715 ], [ 1.19688, 44.006898 ], [ 1.195215, 44.00506 ], [ 1.192666, 43.997029 ], [ 1.19297, 43.99556 ], [ 1.193974332732025, 43.993318850107258 ], [ 1.193563, 43.993384 ], [ 1.191330497855106, 43.994346082056403 ], [ 1.190702870486293, 43.996774773898672 ], [ 1.190155, 44.002638 ], [ 1.190125925168434, 44.00334314633637 ], [ 1.193994, 44.010666 ], [ 1.194236, 44.010878 ], [ 1.194062, 44.013361 ], [ 1.193835978003237, 44.014233204006317 ], [ 1.196602, 44.013712 ], [ 1.198293, 44.013356 ] ] ], [ [ [ 1.211129, 44.012885 ], [ 1.212813, 44.012079 ], [ 1.212812862002346, 44.012078711386771 ], [ 1.211129, 44.012885 ] ] ], [ [ [ 1.238473, 44.033204 ], [ 1.240713, 44.030904 ], [ 1.239211, 44.027632 ], [ 1.236135, 44.02862 ], [ 1.233752, 44.028909 ], [ 1.231368, 44.029198 ], [ 1.225698, 44.023434 ], [ 1.224362, 44.020875 ], [ 1.223863, 44.02078 ], [ 1.222887, 44.021184 ], [ 1.222619, 44.021518 ], [ 1.222072, 44.022387 ], [ 1.218258, 44.025745 ], [ 1.210126, 44.022857 ], [ 1.207348, 44.014435 ], [ 1.205942, 44.014933 ], [ 1.204575, 44.015384 ], [ 1.20262, 44.015974 ], [ 1.200577, 44.016523 ], [ 1.199103, 44.016864 ], [ 1.197342, 44.017235 ], [ 1.194382, 44.017793 ], [ 1.19419415423422, 44.017828461991364 ], [ 1.194238, 44.018143 ], [ 1.19987, 44.021355 ], [ 1.203329, 44.023946 ], [ 1.207102, 44.026136 ], [ 1.212437, 44.028182 ], [ 1.219987, 44.028208 ], [ 1.225498, 44.029934 ], [ 1.226232, 44.031892 ], [ 1.226237, 44.031976 ], [ 1.225938, 44.033507 ], [ 1.221211, 44.037955 ], [ 1.21816, 44.041866 ], [ 1.216963, 44.041912 ], [ 1.216702, 44.041911 ], [ 1.215018, 44.040108 ], [ 1.207392, 44.039919 ], [ 1.206943, 44.040056 ], [ 1.201577, 44.042674 ], [ 1.200225009532219, 44.042370110852758 ], [ 1.194818872736145, 44.042186316775656 ], [ 1.190115, 44.043267 ], [ 1.187986, 44.043824 ], [ 1.186789627504801, 44.045021899593578 ], [ 1.184568, 44.05238 ], [ 1.183885, 44.052661 ], [ 1.185894, 44.052015 ], [ 1.191743, 44.046812 ], [ 1.194029, 44.046392 ], [ 1.194978, 44.045233 ], [ 1.202617, 44.043341 ], [ 1.203635, 44.043847 ], [ 1.204708463609337, 44.044071797973771 ], [ 1.212278, 44.046984 ], [ 1.216283, 44.050161 ], [ 1.217822, 44.050369 ], [ 1.218221, 44.050312 ], [ 1.219621, 44.048813 ], [ 1.222612, 44.042134 ], [ 1.2262, 44.039758 ], [ 1.226888, 44.039426 ], [ 1.231801, 44.032772 ], [ 1.234185, 44.032483 ], [ 1.238473, 44.033204 ] ] ], [ [ [ 1.180038, 44.070603 ], [ 1.182073, 44.063879 ], [ 1.180738, 44.060536 ], [ 1.183885, 44.052661 ], [ 1.179417, 44.060179 ], [ 1.179387, 44.060864 ], [ 1.179254, 44.06148 ], [ 1.176893, 44.060953 ], [ 1.176216, 44.060852 ], [ 1.175735, 44.060723 ], [ 1.175568, 44.060078 ], [ 1.175418, 44.059627 ], [ 1.172513, 44.055274 ], [ 1.1717, 44.054896 ], [ 1.17156, 44.05417 ], [ 1.171457, 44.053767 ], [ 1.162645, 44.05273 ], [ 1.161753696378282, 44.055204463415393 ], [ 1.161599915734541, 44.05714394080249 ], [ 1.161774, 44.058166 ], [ 1.164604, 44.061678 ], [ 1.164339279998031, 44.06307548454771 ], [ 1.166413, 44.069695 ], [ 1.172062, 44.070147 ], [ 1.172895, 44.070346 ], [ 1.174542, 44.071509 ], [ 1.175341, 44.071865 ], [ 1.176827, 44.072627 ], [ 1.176098, 44.074412 ], [ 1.175186, 44.075831 ], [ 1.170942687976285, 44.074788222732394 ], [ 1.167148453388938, 44.074615915350655 ], [ 1.164101, 44.07507 ], [ 1.15526, 44.075264 ], [ 1.15403, 44.075758 ], [ 1.15353, 44.075974 ], [ 1.153173, 44.076124 ], [ 1.146845, 44.082077 ], [ 1.146662360551554, 44.08210390490278 ], [ 1.145562, 44.086527 ], [ 1.143961949051858, 44.086761217984183 ], [ 1.143595625178191, 44.088328553048427 ], [ 1.144792, 44.087808 ], [ 1.148783, 44.085706 ], [ 1.154772, 44.083606 ], [ 1.154818093345313, 44.082176311582444 ], [ 1.156842, 44.079135 ], [ 1.160701, 44.077105 ], [ 1.168951, 44.07999 ], [ 1.173839, 44.081171 ], [ 1.180272, 44.080245 ], [ 1.185565, 44.082156 ], [ 1.187949, 44.079457 ], [ 1.183772, 44.073389 ], [ 1.182395, 44.072914 ], [ 1.180038, 44.070603 ] ] ], [ [ [ 1.140988101141201, 44.106317455295191 ], [ 1.140883, 44.107669 ], [ 1.141972, 44.107975 ], [ 1.140988101141201, 44.106317455295191 ] ] ], [ [ [ 1.148614, 44.10951 ], [ 1.143611, 44.108543 ], [ 1.148124, 44.111388 ], [ 1.14975422026739, 44.111913490335866 ], [ 1.148614, 44.10951 ] ] ] ] } },
{ "type": "Feature", "properties": { "codgeo": "82033", "value": 720, "isochrone_group": 12.0, "nb_agences": 3 }, "geometry": { "type": "MultiPolygon", "coordinates": [ [ [ [ 0.920868058475077, 44.056250493038682 ], [ 0.921833999997219, 44.056135500000337 ], [ 0.920868, 44.05625 ], [ 0.920868058475077, 44.056250493038682 ] ] ], [ [ [ 0.899374, 44.058123 ], [ 0.901014287486278, 44.058068804571739 ], [ 0.893732882601519, 44.056696128959864 ], [ 0.895699, 44.05735 ], [ 0.896331, 44.057536 ], [ 0.89933087607902, 44.058890264217837 ], [ 0.899374, 44.058123 ] ] ], [ [ [ 0.93237, 44.059249 ], [ 0.93045191501925, 44.059280369927627 ], [ 0.93464, 44.059479 ], [ 0.93237, 44.059249 ] ] ], [ [ [ 1.004526, 44.052625 ], [ 1.005675, 44.052202 ], [ 1.006038, 44.051101 ], [ 1.008414, 44.046678 ], [ 1.008474858585284, 44.046647081239733 ], [ 1.008539, 44.046649 ], [ 1.010624, 44.05096 ], [ 1.01084, 44.051266 ], [ 1.011825, 44.052014 ], [ 1.016697, 44.055634 ], [ 1.02031, 44.063015 ], [ 1.020788, 44.063961 ], [ 1.021613, 44.065513 ], [ 1.025386049784061, 44.065785839913673 ], [ 1.025525, 44.065715 ], [ 1.025570988382672, 44.065799213347383 ], [ 1.026702, 44.065881 ], [ 1.027687, 44.065307 ], [ 1.028682, 44.064674 ], [ 1.032371, 44.056692 ], [ 1.032374, 44.056603 ], [ 1.030865, 44.05474 ], [ 1.035169, 44.047453 ], [ 1.028939929274185, 44.051745369570767 ], [ 1.027859, 44.055414 ], [ 1.027904, 44.056046 ], [ 1.027881, 44.056653 ], [ 1.027799660467368, 44.056690048845184 ], [ 1.027794, 44.057969 ], [ 1.027637, 44.058567 ], [ 1.027416, 44.059076 ], [ 1.027154, 44.05951 ], [ 1.026957, 44.059777 ], [ 1.025851, 44.059354 ], [ 1.024056, 44.057646 ], [ 1.023940757639582, 44.055449957031378 ], [ 1.022807494482249, 44.051923292606112 ], [ 1.022112, 44.05042 ], [ 1.016007, 44.046482 ], [ 1.012672, 44.047839 ], [ 1.007678366404284, 44.045736352143891 ], [ 1.004104, 44.048485 ], [ 1.002256, 44.049235 ], [ 1.00181, 44.049359 ], [ 1.001184, 44.049392 ], [ 0.996063, 44.049655 ], [ 0.988068, 44.049253 ], [ 0.984104, 44.050689 ], [ 0.982084, 44.05137 ], [ 0.989692, 44.050452 ], [ 0.993291, 44.050526 ], [ 0.994467, 44.050079 ], [ 1.002869, 44.052807 ], [ 1.004526, 44.052625 ] ] ], [ [ [ 1.048715, 44.048136 ], [ 1.045602, 44.046327 ], [ 1.041053, 44.042173 ], [ 1.035169, 44.047453 ], [ 1.040996, 44.050518 ], [ 1.044435, 44.051582 ], [ 1.048208, 44.048694 ], [ 1.049336, 44.047496 ], [ 1.048715, 44.048136 ] ] ], [ [ [ 1.061171, 44.060888 ], [ 1.065249, 44.065906 ], [ 1.061825, 44.059936 ], [ 1.06191, 44.05818 ], [ 1.061171, 44.060888 ] ] ], [ [ [ 1.043851400487433, 44.089029803862296 ], [ 1.045849, 44.088574 ], [ 1.048708, 44.08657 ], [ 1.052792, 44.086283 ], [ 1.050743, 44.085479 ], [ 1.050067, 44.085226 ], [ 1.048932, 44.085674 ], [ 1.043851400487433, 44.089029803862296 ] ] ], [ [ [ 1.160725, 44.114451 ], [ 1.159607, 44.114235 ], [ 1.160727410431837, 44.11446045308486 ], [ 1.160725, 44.114451 ] ] ], [ [ [ 1.149394, 44.086711 ], [ 1.155524682700055, 44.086641833323377 ], [ 1.157042, 44.08693 ], [ 1.161160624420638, 44.084128047139785 ], [ 1.163739386256579, 44.084428088621287 ], [ 1.167729, 44.087503 ], [ 1.169822, 44.088528 ], [ 1.171113, 44.088732 ], [ 1.172025, 44.088361 ], [ 1.173585, 44.084039 ], [ 1.182082, 44.084317 ], [ 1.186514, 44.086949 ], [ 1.187205, 44.086886 ], [ 1.193898, 44.08613 ], [ 1.1952, 44.08488 ], [ 1.195252, 44.084506 ], [ 1.195262, 44.084424 ], [ 1.195285, 44.084175 ], [ 1.193753, 44.076689 ], [ 1.192784, 44.073221 ], [ 1.191659, 44.073535 ], [ 1.185602, 44.067526 ], [ 1.186158150966743, 44.064272636190253 ], [ 1.18639, 44.063981 ], [ 1.186382033039276, 44.063217703878294 ], [ 1.187404, 44.060452 ], [ 1.18525510067959, 44.052220440000482 ], [ 1.183885, 44.052661 ], [ 1.180738, 44.060536 ], [ 1.182073, 44.063879 ], [ 1.180038, 44.070603 ], [ 1.182395, 44.072914 ], [ 1.183772, 44.073389 ], [ 1.187949, 44.079457 ], [ 1.185565, 44.082156 ], [ 1.180272, 44.080245 ], [ 1.173839, 44.081171 ], [ 1.168951, 44.07999 ], [ 1.160701, 44.077105 ], [ 1.156842, 44.079135 ], [ 1.154818093345313, 44.082176311582444 ], [ 1.154772, 44.083606 ], [ 1.148783, 44.085706 ], [ 1.144792, 44.087808 ], [ 1.138258, 44.090651 ], [ 1.138259382766782, 44.096415754713128 ], [ 1.13839, 44.098535 ], [ 1.139535, 44.094005 ], [ 1.145516, 44.08932 ], [ 1.147731901552131, 44.086868739452299 ], [ 1.149394, 44.086711 ] ] ], [ [ [ 1.195952, 44.051083 ], [ 1.197702, 44.048963 ], [ 1.205889, 44.048056 ], [ 1.207688, 44.049566 ], [ 1.21083, 44.051272 ], [ 1.211907997620557, 44.051681930678306 ], [ 1.212377677204263, 44.052175537041983 ], [ 1.216775, 44.058613 ], [ 1.217537, 44.058922 ], [ 1.218646, 44.058467 ], [ 1.220739, 44.057277 ], [ 1.220137, 44.055138 ], [ 1.219839, 44.051977 ], [ 1.219936, 44.050968 ], [ 1.226479, 44.045682 ], [ 1.231084, 44.043618 ], [ 1.232621, 44.040363 ], [ 1.231821, 44.037025 ], [ 1.239441, 44.033574 ], [ 1.24018, 44.033762 ], [ 1.240952, 44.033817 ], [ 1.242226, 44.034022 ], [ 1.242227065819969, 44.034020592936926 ], [ 1.242343, 44.034041 ], [ 1.242951, 44.034119 ], [ 1.243512, 44.034145 ], [ 1.243521, 44.034145 ], [ 1.244106, 44.034065 ], [ 1.244463, 44.033955 ], [ 1.247482344868334, 44.028628553841223 ], [ 1.246657, 44.028133 ], [ 1.246085, 44.028432 ], [ 1.243677, 44.029543 ], [ 1.239273, 44.033512 ], [ 1.231801, 44.032772 ], [ 1.226888, 44.039426 ], [ 1.2262, 44.039758 ], [ 1.222612, 44.042134 ], [ 1.219621, 44.048813 ], [ 1.218221, 44.050312 ], [ 1.217822, 44.050369 ], [ 1.216283, 44.050161 ], [ 1.212278, 44.046984 ], [ 1.204708463609337, 44.044071797973771 ], [ 1.203635, 44.043847 ], [ 1.202617, 44.043341 ], [ 1.194978, 44.045233 ], [ 1.194029, 44.046392 ], [ 1.191743, 44.046812 ], [ 1.18612686289657, 44.051807855932481 ], [ 1.191935178833484, 44.050184438704044 ], [ 1.194095, 44.05018 ], [ 1.194396, 44.050643 ], [ 1.194979, 44.051317 ], [ 1.195952, 44.051083 ] ] ], [ [ [ 1.237519, 44.025954 ], [ 1.237615531557598, 44.025884182989742 ], [ 1.237461, 44.025923 ], [ 1.237239197948662, 44.026101565900582 ], [ 1.237519, 44.025954 ] ] ], [ [ [ 1.22988, 44.019075 ], [ 1.230305, 44.017924 ], [ 1.230978, 44.016583 ], [ 1.230190807577384, 44.01607487671432 ], [ 1.229809, 44.016288 ], [ 1.226909, 44.017898 ], [ 1.226508, 44.017333 ], [ 1.226274585194606, 44.015612313934589 ], [ 1.226273, 44.015613 ], [ 1.220898, 44.019915 ], [ 1.220479, 44.02349 ], [ 1.219943111845439, 44.024261359313854 ], [ 1.222072, 44.022387 ], [ 1.222619, 44.021518 ], [ 1.222887, 44.021184 ], [ 1.223863, 44.02078 ], [ 1.224362, 44.020875 ], [ 1.225698, 44.023434 ], [ 1.231368, 44.029198 ], [ 1.233261971339932, 44.028199131031251 ], [ 1.228652, 44.021521 ], [ 1.228988, 44.021134 ], [ 1.229293, 44.020649 ], [ 1.229419, 44.020369 ], [ 1.22988, 44.019075 ] ] ], [ [ [ 1.212812862002346, 44.012078711386771 ], [ 1.212813, 44.012079 ], [ 1.211129, 44.012885 ], [ 1.209503, 44.013587 ], [ 1.207348, 44.014435 ], [ 1.210126, 44.022857 ], [ 1.210736493413212, 44.02307381074489 ], [ 1.210382, 44.022137 ], [ 1.211489, 44.018936 ], [ 1.214058, 44.01145 ], [ 1.212877, 44.012048 ], [ 1.212812862002346, 44.012078711386771 ] ] ], [ [ [ 1.213021, 44.007918 ], [ 1.213808, 44.007484 ], [ 1.215303, 44.006601 ], [ 1.217640703599964, 44.004987020690912 ], [ 1.215389, 44.006169 ], [ 1.215209, 44.006287 ], [ 1.214796, 44.006544 ], [ 1.212422556954794, 44.008228378935321 ], [ 1.213021, 44.007918 ] ] ], [ [ [ 1.19509102465752, 44.004669397420379 ], [ 1.195215, 44.00506 ], [ 1.19688, 44.006898 ], [ 1.198446088202441, 44.009095400574715 ], [ 1.206082156323273, 44.011064524568397 ], [ 1.208078, 44.010281 ], [ 1.200043, 44.0071 ], [ 1.199608412653542, 44.00633813082473 ], [ 1.198921, 44.004107 ], [ 1.197458982036915, 44.003461456690452 ], [ 1.19509102465752, 44.004669397420379 ] ] ], [ [ [ 1.166039, 43.993715 ], [ 1.164082, 43.992954 ], [ 1.157396, 43.993476 ], [ 1.151632, 43.994363 ], [ 1.150277516656194, 43.997033600780092 ], [ 1.149845, 43.997282 ], [ 1.146682, 44.001501 ], [ 1.153187724594587, 43.996885294952193 ], [ 1.153545, 43.996429 ], [ 1.156464, 43.995425 ], [ 1.156484979101096, 43.995458226006107 ], [ 1.162999427056957, 43.997084530089566 ], [ 1.16674, 43.995962 ], [ 1.167668, 43.99643 ], [ 1.167841185865898, 43.996637135953954 ], [ 1.168352, 43.995903 ], [ 1.168062749696709, 43.99509337121178 ], [ 1.167012, 43.994391 ], [ 1.166039, 43.993715 ] ] ], [ [ [ 1.138289, 43.988097 ], [ 1.137851, 43.98839 ], [ 1.134792, 43.996727 ], [ 1.134765520523235, 43.996818421650062 ], [ 1.135062, 43.997683 ], [ 1.135304739402741, 43.998016245672297 ], [ 1.13683, 43.995833 ], [ 1.137591, 43.995477 ], [ 1.137591033028632, 43.995476650786102 ], [ 1.137633, 43.995457 ], [ 1.138289, 43.988097 ] ] ], [ [ [ 1.145025, 43.980309 ], [ 1.142683, 43.977574 ], [ 1.14156715191804, 43.975124305836161 ], [ 1.137138, 43.974531 ], [ 1.135791, 43.974182 ], [ 1.135315, 43.973832 ], [ 1.135088, 43.973633 ], [ 1.134726, 43.973259 ], [ 1.134113, 43.97258 ], [ 1.135632, 43.969272 ], [ 1.135704018282078, 43.96869474149193 ], [ 1.128867, 43.967837 ], [ 1.127723, 43.966115 ], [ 1.127647, 43.966085 ], [ 1.125269, 43.967719 ], [ 1.119876, 43.971334 ], [ 1.119743, 43.971422 ], [ 1.119548, 43.97169 ], [ 1.118257, 43.976478 ], [ 1.11829233271682, 43.978900715896479 ], [ 1.117885, 43.97965 ], [ 1.117931, 43.979709 ], [ 1.11831799407705, 43.980091761329327 ], [ 1.114043, 43.987974 ], [ 1.108097, 43.99056 ], [ 1.106894, 43.993953 ], [ 1.103855438661083, 43.996852524938241 ], [ 1.100530477320383, 43.995202679843004 ], [ 1.097184, 43.992851 ], [ 1.094085, 43.991019 ], [ 1.089124, 43.990081 ], [ 1.088754, 43.990259 ], [ 1.086137, 43.99109 ], [ 1.085481, 43.991283 ], [ 1.080995, 43.99128 ], [ 1.076976, 43.988078 ], [ 1.075855, 43.984657 ], [ 1.070186, 43.980443 ], [ 1.068988, 43.980104 ], [ 1.068681, 43.980057 ], [ 1.066781, 43.98161 ], [ 1.065582, 43.984534 ], [ 1.065085, 43.990078 ], [ 1.064459, 43.996187 ], [ 1.057431, 43.996795 ], [ 1.056101, 43.995967 ], [ 1.055712, 43.995723 ], [ 1.055256, 43.995532 ], [ 1.054701, 43.995411 ], [ 1.054077, 43.995419 ], [ 1.053538, 43.995522 ], [ 1.05273, 43.995743 ], [ 1.052735969845738, 43.995861684914779 ], [ 1.052481, 43.995811 ], [ 1.051958, 43.99595 ], [ 1.05159, 43.996068 ], [ 1.050944, 43.997306 ], [ 1.050983, 43.997549 ], [ 1.051378, 43.998463 ], [ 1.047818530113199, 44.004742988603425 ], [ 1.043435948458707, 44.002033185328855 ], [ 1.042244, 44.001124 ], [ 1.040406, 44.001601 ], [ 1.033938, 44.001289 ], [ 1.042591, 44.00281 ], [ 1.048328, 44.005058 ], [ 1.055718, 44.00002 ], [ 1.058248, 43.997458 ], [ 1.059341051812402, 43.998065192896739 ], [ 1.062771608402628, 43.998482230315801 ], [ 1.066886, 43.998251 ], [ 1.070929, 43.991918 ], [ 1.069443, 43.989598 ], [ 1.069404, 43.989561 ], [ 1.070123, 43.986577 ], [ 1.070252, 43.986545 ], [ 1.071884, 43.986951 ], [ 1.071923, 43.986988 ], [ 1.072996, 43.987998 ], [ 1.073328, 43.988361 ], [ 1.078552, 43.992084 ], [ 1.086746, 43.993456 ], [ 1.091918, 43.993657 ], [ 1.09952, 43.996809 ], [ 1.104199, 43.997023 ], [ 1.108735, 43.992924 ], [ 1.108847, 43.992667 ], [ 1.10896, 43.992452 ], [ 1.111027, 43.991795 ], [ 1.111057, 43.991806 ], [ 1.111568419889919, 43.991999389753879 ], [ 1.115641, 43.989742 ], [ 1.116149, 43.989509 ], [ 1.123691, 43.985406 ], [ 1.122712, 43.981773 ], [ 1.123615, 43.978288 ], [ 1.125145, 43.975901 ], [ 1.125464, 43.975358 ], [ 1.130726, 43.976918 ], [ 1.132074, 43.980256 ], [ 1.136001, 43.985318 ], [ 1.138839, 43.987517 ], [ 1.138726, 43.987669 ], [ 1.138289, 43.988097 ], [ 1.142378, 43.987115 ], [ 1.14316, 43.987127 ], [ 1.143998, 43.986833 ], [ 1.14414, 43.986741 ], [ 1.145025, 43.980309 ] ] ], [ [ [ 1.023101, 43.998454 ], [ 1.024035, 44.001137 ], [ 1.016197, 44.004876 ], [ 1.016012, 44.00474 ], [ 1.015683, 44.004531 ], [ 1.015528, 44.00446 ], [ 1.013648, 44.004958 ], [ 1.00864, 44.010328 ], [ 1.00402, 44.012391 ], [ 1.001584944061555, 44.013753887086843 ], [ 0.999190609437659, 44.013821276410773 ], [ 0.993043, 44.012628 ], [ 0.989565, 44.01356 ], [ 0.989997, 44.015172 ], [ 0.990251, 44.015789 ], [ 0.990683, 44.016426 ], [ 0.993572, 44.020594 ], [ 0.997129715179706, 44.026459924780617 ], [ 0.997176164467621, 44.026612368270563 ], [ 0.990711, 44.031358 ], [ 0.989581, 44.032928 ], [ 0.982646, 44.036705 ], [ 0.981223, 44.036922 ], [ 0.981074, 44.037001 ], [ 0.980503, 44.039598 ], [ 0.977316449175638, 44.042591135900977 ], [ 0.975492203812292, 44.043232363629926 ], [ 0.971519, 44.042803 ], [ 0.968904, 44.042735 ], [ 0.96746, 44.043311 ], [ 0.968231, 44.046827 ], [ 0.962034, 44.051905 ], [ 0.966045, 44.051244 ], [ 0.970027, 44.050588 ], [ 0.972762, 44.050056 ], [ 0.97717393099025, 44.048980175683894 ], [ 0.981603, 44.041604 ], [ 0.986844, 44.037675 ], [ 0.990267, 44.035448 ], [ 0.99371895408236, 44.036321374055788 ], [ 0.994031764337213, 44.036052848471847 ], [ 0.998543, 44.031486 ], [ 1.003260166391011, 44.024758844551577 ], [ 1.002953180643071, 44.023224481684217 ], [ 1.001964, 44.021169 ], [ 1.000828, 44.019812 ], [ 1.000679, 44.019637 ], [ 1.000707, 44.017835 ], [ 1.00102, 44.016053 ], [ 1.002695, 44.016213 ], [ 1.007294, 44.017361 ], [ 1.012714, 44.013089 ], [ 1.016266, 44.012503 ], [ 1.016406, 44.013353 ], [ 1.016406372426436, 44.013354339428432 ], [ 1.016415, 44.013352 ], [ 1.016805, 44.014788 ], [ 1.017744, 44.016746 ], [ 1.025394915378105, 44.018081368100724 ], [ 1.026764995756173, 44.017835925893955 ], [ 1.028809, 44.015593 ], [ 1.032222, 44.014027 ], [ 1.03348766198156, 44.013021672409238 ], [ 1.034722049250273, 44.007698544664784 ], [ 1.032994, 44.004874 ], [ 1.032696, 44.004747 ], [ 1.030875, 44.004019 ], [ 1.032084, 44.000628 ], [ 1.033938, 44.001289 ], [ 1.029811, 43.997951 ], [ 1.026508, 43.996594 ], [ 1.024256, 43.997544 ], [ 1.023178, 43.998343 ], [ 1.023101, 43.998454 ] ] ], [ [ [ 0.927578034554604, 44.055551195788631 ], [ 0.928993, 44.055509 ], [ 0.927578, 44.05555 ], [ 0.927578034554604, 44.055551195788631 ] ] ] ] } },
{ "type": "Feature", "properties": { "codgeo": "82033", "value": 780, "isochrone_group": 13.0, "nb_agences": 3 }, "geometry": { "type": "MultiPolygon", "coordinates": [ [ [ [ 0.93045191501925, 44.059280369927627 ], [ 0.925155, 44.059367 ], [ 0.930451915019271, 44.059280369927627 ], [ 0.93045191501925, 44.059280369927627 ] ] ], [ [ [ 0.970612, 44.05414 ], [ 0.96663, 44.054796 ], [ 0.972349, 44.054536 ], [ 0.978, 44.052553 ], [ 0.975765, 44.05311 ], [ 0.973026, 44.053695 ], [ 0.970612, 44.05414 ] ] ], [ [ [ 1.002478, 44.054972 ], [ 1.003458, 44.054845 ], [ 1.005641, 44.05458 ], [ 1.006304, 44.054418 ], [ 1.006588059890877, 44.05430205924312 ], [ 1.012228, 44.059881 ], [ 1.011435, 44.063393 ], [ 1.012548, 44.067137 ], [ 1.013242, 44.070128 ], [ 1.016341, 44.07001 ], [ 1.016925839510146, 44.070013679392964 ], [ 1.016814, 44.069322 ], [ 1.015901, 44.067491 ], [ 1.015337, 44.066039 ], [ 1.018007, 44.061692 ], [ 1.019580778353587, 44.061525272634327 ], [ 1.016697, 44.055634 ], [ 1.011825, 44.052014 ], [ 1.01084, 44.051266 ], [ 1.010624, 44.05096 ], [ 1.008539, 44.046649 ], [ 1.008474858585284, 44.046647081239733 ], [ 1.008414, 44.046678 ], [ 1.006038, 44.051101 ], [ 1.005675, 44.052202 ], [ 1.004526, 44.052625 ], [ 1.002869, 44.052807 ], [ 0.994467, 44.050079 ], [ 0.993291, 44.050526 ], [ 0.989692, 44.050452 ], [ 0.982084, 44.05137 ], [ 0.980024, 44.051988 ], [ 0.98856, 44.054467 ], [ 0.990477, 44.054943 ], [ 0.992493, 44.054493 ], [ 1.000332, 44.055325 ], [ 1.002478, 44.054972 ] ] ], [ [ [ 1.041079, 44.05424 ], [ 1.045044, 44.054224 ], [ 1.046286, 44.052388 ], [ 1.048208, 44.048694 ], [ 1.044435, 44.051582 ], [ 1.040996, 44.050518 ], [ 1.035169, 44.047453 ], [ 1.030865, 44.05474 ], [ 1.032374, 44.056603 ], [ 1.032371, 44.056692 ], [ 1.029235593829148, 44.063476172419534 ], [ 1.030146482209276, 44.069137788411872 ], [ 1.036015, 44.065951 ], [ 1.037637, 44.065765 ], [ 1.037225, 44.062188 ], [ 1.041079, 44.05424 ] ] ], [ [ [ 1.065249, 44.065906 ], [ 1.064833008071421, 44.067864857121563 ], [ 1.064877224217893, 44.067775320828353 ], [ 1.065249, 44.065906 ] ] ], [ [ [ 1.049201, 44.082914 ], [ 1.047585, 44.084759 ], [ 1.043674, 44.088231 ], [ 1.041032120430579, 44.089105329305553 ], [ 1.041192, 44.089442 ], [ 1.041754, 44.089354 ], [ 1.042179, 44.089327 ], [ 1.042527, 44.089332 ], [ 1.043851400487433, 44.089029803862296 ], [ 1.048932, 44.085674 ], [ 1.050067, 44.085226 ], [ 1.050743, 44.085479 ], [ 1.052792, 44.086283 ], [ 1.054816, 44.087078 ], [ 1.05217, 44.084944 ], [ 1.050779, 44.081623 ], [ 1.050493, 44.081743 ], [ 1.049826, 44.08218 ], [ 1.049201, 44.082914 ] ] ], [ [ [ 1.160727410431837, 44.11446045308486 ], [ 1.160727410431838, 44.11446045308486 ], [ 1.161078, 44.114531 ], [ 1.160727410431837, 44.11446045308486 ] ] ], [ [ [ 1.158687837736993, 44.090408649905065 ], [ 1.165459953976706, 44.091801128467758 ], [ 1.167858, 44.093669 ], [ 1.169318, 44.095115 ], [ 1.172044, 44.092763 ], [ 1.171706495158043, 44.088490567210926 ], [ 1.171113, 44.088732 ], [ 1.169822, 44.088528 ], [ 1.167729, 44.087503 ], [ 1.163739386256579, 44.084428088621287 ], [ 1.161160624420638, 44.084128047139785 ], [ 1.157042, 44.08693 ], [ 1.155524682700055, 44.086641833323377 ], [ 1.150467151891808, 44.086698892645316 ], [ 1.145751457049435, 44.089059534197538 ], [ 1.145516, 44.08932 ], [ 1.139535, 44.094005 ], [ 1.13839, 44.098535 ], [ 1.137732, 44.100832 ], [ 1.140921317284259, 44.106204946547514 ], [ 1.141113, 44.098881 ], [ 1.142487, 44.094872 ], [ 1.148256, 44.090245 ], [ 1.15639, 44.091225 ], [ 1.158687837736993, 44.090408649905065 ] ] ], [ [ [ 1.190793, 44.089708 ], [ 1.191892, 44.089917 ], [ 1.192763, 44.089637 ], [ 1.199352019561833, 44.088764912410305 ], [ 1.203015, 44.089345 ], [ 1.204082, 44.089602 ], [ 1.20485, 44.088374 ], [ 1.204847, 44.087893 ], [ 1.204908, 44.086283 ], [ 1.20427, 44.085888 ], [ 1.20372, 44.085525 ], [ 1.203002, 44.085249 ], [ 1.199506, 44.077131 ], [ 1.200091, 44.073579 ], [ 1.200859, 44.071704 ], [ 1.1992, 44.068509 ], [ 1.198672, 44.068783 ], [ 1.197889, 44.069221 ], [ 1.196422736561876, 44.069719322266891 ], [ 1.195652264835655, 44.06939510964213 ], [ 1.190483, 44.063535 ], [ 1.190427, 44.062537 ], [ 1.188786048567906, 44.057065955754503 ], [ 1.191417836506945, 44.055241806442282 ], [ 1.19641, 44.053022 ], [ 1.203393, 44.052494 ], [ 1.2089, 44.054174 ], [ 1.21197, 44.056054 ], [ 1.214934, 44.058722 ], [ 1.21788, 44.061725 ], [ 1.218867, 44.062801 ], [ 1.22288, 44.067292 ], [ 1.223831, 44.06735 ], [ 1.224544, 44.067184 ], [ 1.224688, 44.067144 ], [ 1.225481, 44.066876 ], [ 1.22594, 44.066669 ], [ 1.226277, 44.066103 ], [ 1.226536, 44.062187 ], [ 1.225154, 44.059708 ], [ 1.224874, 44.059471 ], [ 1.224603781347383, 44.059324588752872 ], [ 1.224601, 44.059309 ], [ 1.224348, 44.059186 ], [ 1.223704, 44.058981 ], [ 1.220137, 44.055138 ], [ 1.220739, 44.057277 ], [ 1.218646, 44.058467 ], [ 1.217537, 44.058922 ], [ 1.216775, 44.058613 ], [ 1.212377677204263, 44.052175537041983 ], [ 1.211907997620557, 44.051681930678306 ], [ 1.21083, 44.051272 ], [ 1.207688, 44.049566 ], [ 1.205889, 44.048056 ], [ 1.197702, 44.048963 ], [ 1.195952, 44.051083 ], [ 1.194979, 44.051317 ], [ 1.194396, 44.050643 ], [ 1.194095, 44.05018 ], [ 1.191935178833484, 44.050184438704044 ], [ 1.185214, 44.052063 ], [ 1.187404, 44.060452 ], [ 1.186382033039276, 44.063217703878294 ], [ 1.18639, 44.063981 ], [ 1.186158150966743, 44.064272636190253 ], [ 1.185602, 44.067526 ], [ 1.191659, 44.073535 ], [ 1.192784, 44.073221 ], [ 1.193753, 44.076689 ], [ 1.195285, 44.084175 ], [ 1.195262, 44.084424 ], [ 1.195252, 44.084506 ], [ 1.1952, 44.08488 ], [ 1.193898, 44.08613 ], [ 1.187205, 44.086886 ], [ 1.186514, 44.086949 ], [ 1.182082, 44.084317 ], [ 1.173585, 44.084039 ], [ 1.172617893023502, 44.086718382277205 ], [ 1.176515, 44.084281 ], [ 1.182462, 44.087687 ], [ 1.184678, 44.089329 ], [ 1.185271714456125, 44.088833844290839 ], [ 1.190793, 44.089708 ] ] ], [ [ [ 1.231787, 44.04911 ], [ 1.23195, 44.049028 ], [ 1.235738, 44.045081 ], [ 1.236785, 44.041637 ], [ 1.237861, 44.038198 ], [ 1.242951, 44.034119 ], [ 1.242343, 44.034041 ], [ 1.242227065819968, 44.034020592936926 ], [ 1.242226, 44.034022 ], [ 1.240952, 44.033817 ], [ 1.24018, 44.033762 ], [ 1.239441, 44.033574 ], [ 1.231821, 44.037025 ], [ 1.232621, 44.040363 ], [ 1.231084, 44.043618 ], [ 1.226479, 44.045682 ], [ 1.219936, 44.050968 ], [ 1.219839, 44.051977 ], [ 1.220137, 44.055138 ], [ 1.225725517625423, 44.048525326834159 ], [ 1.22591001207377, 44.048353241276367 ], [ 1.22823, 44.048429 ], [ 1.230741, 44.049387 ], [ 1.231787, 44.04911 ] ] ], [ [ [ 1.233322548781425, 44.015067116452606 ], [ 1.231649, 44.016477 ], [ 1.229788, 44.019409 ], [ 1.229463027803008, 44.020245416535602 ], [ 1.229419, 44.020369 ], [ 1.229389805869077, 44.0204338758465 ], [ 1.229368, 44.02049 ], [ 1.229346582865163, 44.020529926966326 ], [ 1.229293, 44.020649 ], [ 1.229223019215158, 44.020760280920136 ], [ 1.229147, 44.020902 ], [ 1.229062923122775, 44.021014859952302 ], [ 1.228988, 44.021134 ], [ 1.228890561418309, 44.021246228366408 ], [ 1.228814, 44.021349 ], [ 1.228670344439966, 44.021499871136101 ], [ 1.228652, 44.021521 ], [ 1.233188466432409, 44.028092649804421 ], [ 1.23719, 44.025663 ], [ 1.23879, 44.023639 ], [ 1.233026, 44.02349 ], [ 1.231847, 44.016586 ], [ 1.233322548781425, 44.015067116452606 ] ] ], [ [ [ 1.221703, 44.006539 ], [ 1.220284, 44.007612 ], [ 1.218811, 44.008636 ], [ 1.217234, 44.00964 ], [ 1.21564, 44.010583 ], [ 1.214762, 44.011069 ], [ 1.214058, 44.01145 ], [ 1.211489, 44.018936 ], [ 1.210382, 44.022137 ], [ 1.21273, 44.028342 ], [ 1.217327, 44.028027 ], [ 1.220479, 44.02349 ], [ 1.220898, 44.019915 ], [ 1.224919404835934, 44.016696379794574 ], [ 1.22433, 44.010005 ], [ 1.224209, 44.009097 ], [ 1.224246, 44.008777 ], [ 1.225135875611038, 44.005528323673047 ], [ 1.224446506361261, 44.004214572235462 ], [ 1.223925, 44.00469 ], [ 1.221703, 44.006539 ] ] ], [ [ [ 1.201455909856933, 44.007606157315678 ], [ 1.201365706655603, 44.007623650264023 ], [ 1.208078, 44.010281 ], [ 1.201455909856933, 44.007606157315678 ] ] ], [ [ [ 1.150255, 43.994154 ], [ 1.14876, 43.994255 ], [ 1.147379, 43.994228 ], [ 1.13976, 43.990642 ], [ 1.143441841350992, 43.98702812009882 ], [ 1.14316, 43.987127 ], [ 1.142378, 43.987115 ], [ 1.138289, 43.988097 ], [ 1.137633, 43.995457 ], [ 1.137591033028632, 43.995476650786102 ], [ 1.137591, 43.995477 ], [ 1.13683, 43.995833 ], [ 1.133791, 44.000183 ], [ 1.133317384221186, 44.003028701574571 ], [ 1.135267, 44.003918 ], [ 1.136809, 44.007171 ], [ 1.138740842894765, 44.014967365968154 ], [ 1.140049, 44.016582 ], [ 1.148214, 44.01492 ], [ 1.150578, 44.012205 ], [ 1.146443964059791, 44.005123485028022 ], [ 1.14635, 44.005085 ], [ 1.146356816819744, 44.005028325277699 ], [ 1.144296, 44.003134 ], [ 1.146682, 44.001501 ], [ 1.149845, 43.997282 ], [ 1.150277516656194, 43.997033600780092 ], [ 1.151632, 43.994363 ], [ 1.157396, 43.993476 ], [ 1.161757939200339, 43.993135447762107 ], [ 1.161083259015289, 43.991725473659024 ], [ 1.15775, 43.992852 ], [ 1.154151, 43.992798 ], [ 1.150255, 43.994154 ] ] ], [ [ [ 1.148237, 43.985055 ], [ 1.148937, 43.984987 ], [ 1.148588, 43.981404 ], [ 1.14871769405693, 43.980779901752911 ], [ 1.148551, 43.980828 ], [ 1.145536, 43.982794 ], [ 1.144645416171641, 43.983067738061024 ], [ 1.144203336842731, 43.9862806807091 ], [ 1.145936, 43.98458 ], [ 1.146938, 43.984881 ], [ 1.146940638406831, 43.984874939715773 ], [ 1.147135, 43.984932 ], [ 1.148237, 43.985055 ] ] ], [ [ [ 1.133912, 43.957868 ], [ 1.133321, 43.957426 ], [ 1.132641, 43.95722 ], [ 1.132483, 43.957205 ], [ 1.13143, 43.957534 ], [ 1.129539, 43.958526 ], [ 1.129090986835176, 43.958839760061558 ], [ 1.129077, 43.958824 ], [ 1.12809084387018, 43.958937796187072 ], [ 1.120208, 43.958899 ], [ 1.119074, 43.957945 ], [ 1.117295, 43.95964 ], [ 1.116755, 43.960698 ], [ 1.112842, 43.967895 ], [ 1.111982, 43.969923 ], [ 1.111796, 43.977129 ], [ 1.112601, 43.980638 ], [ 1.1129, 43.985631 ], [ 1.106688601577635, 43.990004980098341 ], [ 1.106229, 43.990041 ], [ 1.106170563795282, 43.99013907009288 ], [ 1.104004, 43.989876 ], [ 1.096596, 43.987327 ], [ 1.096369, 43.98738 ], [ 1.095939, 43.987524 ], [ 1.094301, 43.988135 ], [ 1.086944, 43.988404 ], [ 1.086532, 43.98832 ], [ 1.078778, 43.985185 ], [ 1.07812, 43.983472 ], [ 1.077799, 43.981941 ], [ 1.07305, 43.975616 ], [ 1.067875, 43.973192 ], [ 1.06475, 43.974979 ], [ 1.060104, 43.978063 ], [ 1.059811, 43.982663 ], [ 1.059976, 43.98308 ], [ 1.060013, 43.989907 ], [ 1.052688, 43.993759 ], [ 1.046089, 43.996162 ], [ 1.045161, 43.99629 ], [ 1.037892, 43.996937 ], [ 1.035933, 43.993917 ], [ 1.029341, 43.993243 ], [ 1.029076, 43.993244 ], [ 1.026483, 43.99425 ], [ 1.017797, 43.995689 ], [ 1.016938, 43.995263 ], [ 1.011473, 44.001356 ], [ 1.005695, 44.006929 ], [ 1.001995, 44.007791 ], [ 0.994372, 44.007824 ], [ 0.993789, 44.006854 ], [ 0.993788659816307, 44.006854163821806 ], [ 0.992831, 44.005262 ], [ 0.9928, 44.00521 ], [ 0.99136, 44.004382 ], [ 0.991173, 44.004394 ], [ 0.989715, 44.007065 ], [ 0.984881, 44.014238 ], [ 0.984383, 44.016643 ], [ 0.984871, 44.021619 ], [ 0.984854, 44.023256 ], [ 0.984957, 44.023517 ], [ 0.985246, 44.024006 ], [ 0.985521, 44.024338 ], [ 0.986056, 44.025018 ], [ 0.98852, 44.031547 ], [ 0.98599, 44.034108 ], [ 0.978873, 44.034848 ], [ 0.977977, 44.034239 ], [ 0.976579, 44.034822 ], [ 0.975965, 44.035276 ], [ 0.96707, 44.036539 ], [ 0.965993, 44.036497 ], [ 0.960965, 44.037337 ], [ 0.95887, 44.040265 ], [ 0.957206123776161, 44.045548245358546 ], [ 0.956438641122201, 44.046352383052273 ], [ 0.95358, 44.048001 ], [ 0.952876, 44.048253 ], [ 0.951806, 44.048689 ], [ 0.94762155329602, 44.055410419746387 ], [ 0.949026, 44.055231 ], [ 0.950583, 44.054799 ], [ 0.952356, 44.05426 ], [ 0.954998, 44.053506 ], [ 0.956741, 44.053038 ], [ 0.958427, 44.052634 ], [ 0.960285, 44.052224 ], [ 0.962034, 44.051905 ], [ 0.968231, 44.046827 ], [ 0.96746, 44.043311 ], [ 0.968904, 44.042735 ], [ 0.971519, 44.042803 ], [ 0.975492203812292, 44.043232363629926 ], [ 0.977316449175638, 44.042591135900977 ], [ 0.980503, 44.039598 ], [ 0.981074, 44.037001 ], [ 0.981223, 44.036922 ], [ 0.982646, 44.036705 ], [ 0.989581, 44.032928 ], [ 0.990711, 44.031358 ], [ 0.997176164467621, 44.026612368270563 ], [ 0.997129715179706, 44.026459924780617 ], [ 0.993572, 44.020594 ], [ 0.990683, 44.016426 ], [ 0.990251, 44.015789 ], [ 0.989997, 44.015172 ], [ 0.989565, 44.01356 ], [ 0.993043, 44.012628 ], [ 0.999190609437659, 44.013821276410773 ], [ 1.001584944061555, 44.013753887086843 ], [ 1.00402, 44.012391 ], [ 1.00864, 44.010328 ], [ 1.013648, 44.004958 ], [ 1.015528, 44.00446 ], [ 1.015683, 44.004531 ], [ 1.016012, 44.00474 ], [ 1.016197, 44.004876 ], [ 1.024035, 44.001137 ], [ 1.023101, 43.998454 ], [ 1.023178, 43.998343 ], [ 1.024256, 43.997544 ], [ 1.026508, 43.996594 ], [ 1.029811, 43.997951 ], [ 1.033938, 44.001289 ], [ 1.040406, 44.001601 ], [ 1.042244, 44.001124 ], [ 1.043435948458707, 44.002033185328855 ], [ 1.047818530113199, 44.004742988603425 ], [ 1.051378, 43.998463 ], [ 1.050983, 43.997549 ], [ 1.050944, 43.997306 ], [ 1.05159, 43.996068 ], [ 1.051958, 43.99595 ], [ 1.052481, 43.995811 ], [ 1.052735969845738, 43.995861684914779 ], [ 1.05273, 43.995743 ], [ 1.053538, 43.995522 ], [ 1.054077, 43.995419 ], [ 1.054701, 43.995411 ], [ 1.055256, 43.995532 ], [ 1.055712, 43.995723 ], [ 1.056101, 43.995967 ], [ 1.057431, 43.996795 ], [ 1.064459, 43.996187 ], [ 1.065085, 43.990078 ], [ 1.065582, 43.984534 ], [ 1.066781, 43.98161 ], [ 1.068681, 43.980057 ], [ 1.068988, 43.980104 ], [ 1.070186, 43.980443 ], [ 1.075855, 43.984657 ], [ 1.076976, 43.988078 ], [ 1.080995, 43.99128 ], [ 1.085481, 43.991283 ], [ 1.086137, 43.99109 ], [ 1.088754, 43.990259 ], [ 1.089124, 43.990081 ], [ 1.094085, 43.991019 ], [ 1.097184, 43.992851 ], [ 1.100530477320383, 43.995202679843004 ], [ 1.103855438661083, 43.996852524938241 ], [ 1.106894, 43.993953 ], [ 1.108097, 43.99056 ], [ 1.114043, 43.987974 ], [ 1.11831799407705, 43.980091761329327 ], [ 1.117931, 43.979709 ], [ 1.117885, 43.97965 ], [ 1.11829233271682, 43.978900715896479 ], [ 1.118257, 43.976478 ], [ 1.119548, 43.97169 ], [ 1.119743, 43.971422 ], [ 1.119876, 43.971334 ], [ 1.125269, 43.967719 ], [ 1.127647, 43.966085 ], [ 1.127723, 43.966115 ], [ 1.128867, 43.967837 ], [ 1.132736180046913, 43.968322409886149 ], [ 1.13298, 43.961956 ], [ 1.133399, 43.961286 ], [ 1.134298, 43.959508 ], [ 1.135037935164148, 43.95904721350243 ], [ 1.134349, 43.958615 ], [ 1.133912, 43.957868 ] ] ], [ [ [ 0.940666, 44.056299 ], [ 0.94762155329602, 44.055410419746387 ], [ 0.947621553296019, 44.055410419746387 ], [ 0.940666, 44.056299 ] ] ] ] } },
{ "type": "Feature", "properties": { "codgeo": "82033", "value": 840, "isochrone_group": 14.0, "nb_agences": 3 }, "geometry": { "type": "MultiPolygon", "coordinates": [ [ [ [ 0.974568, 44.061086 ], [ 0.97573, 44.061051 ], [ 0.976568, 44.060884 ], [ 0.979555, 44.056224 ], [ 0.981557442680211, 44.05378752599804 ], [ 0.983639, 44.054031 ], [ 0.987827, 44.059051 ], [ 0.988244, 44.059338 ], [ 0.98938, 44.059215 ], [ 0.991641, 44.058145 ], [ 0.998733, 44.057964 ], [ 1.000771358655035, 44.056965475725434 ], [ 1.002556, 44.063251 ], [ 1.002236, 44.071166 ], [ 1.002648, 44.07257 ], [ 1.002826, 44.072772 ], [ 1.003355, 44.073189 ], [ 1.00454, 44.073933 ], [ 1.010615, 44.073053 ], [ 1.013347425727404, 44.073140583917301 ], [ 1.012798, 44.072096 ], [ 1.012152892217105, 44.072029310796843 ], [ 1.006619, 44.072267 ], [ 1.005857, 44.071539 ], [ 1.005513, 44.070991 ], [ 1.004835, 44.06914 ], [ 1.004502, 44.066531 ], [ 1.005548, 44.063086 ], [ 1.007316, 44.061375 ], [ 1.009825, 44.058793 ], [ 1.010728700387049, 44.058397916216194 ], [ 1.006588059890877, 44.05430205924312 ], [ 1.006304, 44.054418 ], [ 1.005641, 44.05458 ], [ 1.003458, 44.054845 ], [ 1.002478, 44.054972 ], [ 1.000332, 44.055325 ], [ 0.992493, 44.054493 ], [ 0.990477, 44.054943 ], [ 0.98856, 44.054467 ], [ 0.980024, 44.051988 ], [ 0.978, 44.052553 ], [ 0.972349, 44.054536 ], [ 0.96663, 44.054796 ], [ 0.962678, 44.055447 ], [ 0.959264, 44.056135 ], [ 0.967291, 44.058196 ], [ 0.973241, 44.061059 ], [ 0.973718, 44.061091 ], [ 0.974542, 44.061086 ], [ 0.974568, 44.061086 ] ] ], [ [ [ 1.043607, 44.065521 ], [ 1.043774, 44.063298 ], [ 1.042295, 44.057478 ], [ 1.048117, 44.055176 ], [ 1.048294, 44.055216 ], [ 1.048983, 44.054768 ], [ 1.04917, 44.051734 ], [ 1.049889, 44.046832 ], [ 1.049336, 44.047496 ], [ 1.048208, 44.048694 ], [ 1.046286, 44.052388 ], [ 1.045044, 44.054224 ], [ 1.041079, 44.05424 ], [ 1.037225, 44.062188 ], [ 1.037225070916473, 44.062188615699576 ], [ 1.037448, 44.062163 ], [ 1.03786, 44.065739 ], [ 1.038013658344263, 44.068557042935986 ], [ 1.040773, 44.06684 ], [ 1.042312, 44.066588 ], [ 1.043225, 44.065829 ], [ 1.043607, 44.065521 ] ] ], [ [ [ 1.060785958917098, 44.049015263698109 ], [ 1.062253, 44.054016 ], [ 1.06275, 44.05194 ], [ 1.058099, 44.045014 ], [ 1.060785958917098, 44.049015263698109 ] ] ], [ [ [ 1.06191, 44.05818 ], [ 1.061165, 44.060894 ], [ 1.064312066057096, 44.064756168236556 ], [ 1.064386579983988, 44.064403565597118 ], [ 1.061825, 44.059941 ], [ 1.06191, 44.05818 ] ] ], [ [ [ 1.148392, 44.109538 ], [ 1.143611, 44.108543 ], [ 1.148124, 44.111388 ], [ 1.148922920038873, 44.111645526401773 ], [ 1.148392, 44.109538 ] ] ], [ [ [ 1.141972, 44.107975 ], [ 1.142086, 44.108022 ], [ 1.143611, 44.108543 ], [ 1.14106551810886, 44.106447877323482 ], [ 1.141972, 44.107975 ] ] ], [ [ [ 1.155085, 44.094945 ], [ 1.158121908689342, 44.094971305362016 ], [ 1.158322, 44.095122 ], [ 1.165507, 44.099536 ], [ 1.165947, 44.100659 ], [ 1.166859, 44.101084 ], [ 1.16878, 44.101036 ], [ 1.172429, 44.099321 ], [ 1.173021948905622, 44.097718281420853 ], [ 1.178349, 44.094619 ], [ 1.183848958696825, 44.093205703812984 ], [ 1.184847, 44.093457 ], [ 1.185164, 44.093559 ], [ 1.192464, 44.092929 ], [ 1.195232, 44.093247 ], [ 1.195421, 44.093245 ], [ 1.200741, 44.092905 ], [ 1.205123, 44.092389 ], [ 1.210642, 44.092982 ], [ 1.214599, 44.092643 ], [ 1.215475, 44.089151 ], [ 1.213801, 44.088514 ], [ 1.210658275983309, 44.08701889028179 ], [ 1.208822, 44.085973 ], [ 1.207662138009585, 44.085181855371516 ], [ 1.205099, 44.082127 ], [ 1.204258, 44.075839 ], [ 1.207276, 44.06927 ], [ 1.207142, 44.067993 ], [ 1.213608, 44.061981 ], [ 1.216297, 44.064288 ], [ 1.217941, 44.067378 ], [ 1.220192, 44.070187 ], [ 1.225159, 44.073349 ], [ 1.2281, 44.075459 ], [ 1.230858, 44.074377 ], [ 1.231214, 44.073653 ], [ 1.230456249171897, 44.071470986901112 ], [ 1.231346246542352, 44.068531068668868 ], [ 1.233802, 44.063453 ], [ 1.23415, 44.063255 ], [ 1.234571, 44.062968 ], [ 1.232545, 44.059992 ], [ 1.234745, 44.05249 ], [ 1.239968, 44.048167 ], [ 1.241465940739336, 44.045520046623622 ], [ 1.241481, 44.045509 ], [ 1.241483156655168, 44.045489625041945 ], [ 1.241741, 44.045034 ], [ 1.2434, 44.039905 ], [ 1.243977676672221, 44.03858379496188 ], [ 1.241753047980173, 44.03507900909409 ], [ 1.237861, 44.038198 ], [ 1.236785, 44.041637 ], [ 1.235738, 44.045081 ], [ 1.23195, 44.049028 ], [ 1.231787, 44.04911 ], [ 1.230741, 44.049387 ], [ 1.22823, 44.048429 ], [ 1.22591001207377, 44.048353241276367 ], [ 1.225725517625423, 44.048525326834159 ], [ 1.220137, 44.055138 ], [ 1.223704, 44.058981 ], [ 1.224348, 44.059186 ], [ 1.224601, 44.059309 ], [ 1.224603781347383, 44.059324588752872 ], [ 1.224874, 44.059471 ], [ 1.225154, 44.059708 ], [ 1.226536, 44.062187 ], [ 1.226277, 44.066103 ], [ 1.22594, 44.066669 ], [ 1.225481, 44.066876 ], [ 1.224688, 44.067144 ], [ 1.224544, 44.067184 ], [ 1.223831, 44.06735 ], [ 1.22288, 44.067292 ], [ 1.218867, 44.062801 ], [ 1.21788, 44.061725 ], [ 1.214934, 44.058722 ], [ 1.21197, 44.056054 ], [ 1.2089, 44.054174 ], [ 1.203393, 44.052494 ], [ 1.19641, 44.053022 ], [ 1.191417836506945, 44.055241806442282 ], [ 1.188786048567906, 44.057065955754503 ], [ 1.190427, 44.062537 ], [ 1.190483, 44.063535 ], [ 1.195652264835655, 44.06939510964213 ], [ 1.196422736561876, 44.069719322266891 ], [ 1.197889, 44.069221 ], [ 1.198672, 44.068783 ], [ 1.1992, 44.068509 ], [ 1.200859, 44.071704 ], [ 1.200091, 44.073579 ], [ 1.199506, 44.077131 ], [ 1.203002, 44.085249 ], [ 1.20372, 44.085525 ], [ 1.20427, 44.085888 ], [ 1.204908, 44.086283 ], [ 1.204847, 44.087893 ], [ 1.20485, 44.088374 ], [ 1.204082, 44.089602 ], [ 1.203015, 44.089345 ], [ 1.199352019561833, 44.088764912410305 ], [ 1.192763, 44.089637 ], [ 1.191892, 44.089917 ], [ 1.190793, 44.089708 ], [ 1.185271714456125, 44.088833844290839 ], [ 1.184678, 44.089329 ], [ 1.182462, 44.087687 ], [ 1.176515, 44.084281 ], [ 1.171616, 44.087345 ], [ 1.172044, 44.092763 ], [ 1.169318, 44.095115 ], [ 1.167858, 44.093669 ], [ 1.165459953976706, 44.091801128467758 ], [ 1.158687837736993, 44.090408649905065 ], [ 1.15639, 44.091225 ], [ 1.148256, 44.090245 ], [ 1.142487, 44.094872 ], [ 1.141256720167916, 44.09846165927717 ], [ 1.144028, 44.096598 ], [ 1.145599, 44.096348 ], [ 1.145685, 44.096287 ], [ 1.146263, 44.095215 ], [ 1.155085, 44.094945 ] ] ], [ [ [ 1.236179426632459, 44.017215176140034 ], [ 1.234471, 44.017682 ], [ 1.232282073807992, 44.019133709559277 ], [ 1.233026, 44.02349 ], [ 1.23879, 44.023639 ], [ 1.23903, 44.023508 ], [ 1.239309367479242, 44.023455299846717 ], [ 1.240126969009683, 44.020514442531002 ], [ 1.237921, 44.020895 ], [ 1.236155, 44.017321 ], [ 1.236179426632459, 44.017215176140034 ] ] ], [ [ [ 1.211251, 44.008836 ], [ 1.212347, 44.008282 ], [ 1.213021, 44.007918 ], [ 1.213808, 44.007484 ], [ 1.215303, 44.006601 ], [ 1.216758, 44.005679 ], [ 1.218117, 44.004737 ], [ 1.219402, 44.003771 ], [ 1.221504, 44.002026 ], [ 1.221539609806192, 44.001993786407624 ], [ 1.220576, 44.000122 ], [ 1.21868, 43.999762 ], [ 1.216713, 43.999404 ], [ 1.211264423037718, 44.003971353035226 ], [ 1.21077, 44.00673 ], [ 1.208742061310552, 44.009995515698279 ], [ 1.209576, 44.009637 ], [ 1.211251, 44.008836 ] ] ], [ [ [ 1.115786, 43.9547 ], [ 1.115185, 43.953689 ], [ 1.114753, 43.952453 ], [ 1.114567, 43.951313 ], [ 1.114469, 43.951229 ], [ 1.113208, 43.949959 ], [ 1.110256, 43.95202 ], [ 1.111549, 43.954299 ], [ 1.107835, 43.962308 ], [ 1.105953, 43.965377 ], [ 1.108401009384474, 43.970507649406017 ], [ 1.108530035276575, 43.971655879825668 ], [ 1.106383, 43.978444 ], [ 1.106518, 43.982041 ], [ 1.099409, 43.985466 ], [ 1.095893, 43.984697 ], [ 1.095342, 43.984696 ], [ 1.091132139342184, 43.988250865640467 ], [ 1.094301, 43.988135 ], [ 1.095939, 43.987524 ], [ 1.096369, 43.98738 ], [ 1.096596, 43.987327 ], [ 1.104004, 43.989876 ], [ 1.106170563795282, 43.99013907009288 ], [ 1.106229, 43.990041 ], [ 1.106688601577635, 43.990004980098341 ], [ 1.1129, 43.985631 ], [ 1.112601, 43.980638 ], [ 1.111796, 43.977129 ], [ 1.111982, 43.969923 ], [ 1.112842, 43.967895 ], [ 1.116755, 43.960698 ], [ 1.117295, 43.95964 ], [ 1.119074, 43.957945 ], [ 1.120208, 43.958899 ], [ 1.126107615934324, 43.958928035536815 ], [ 1.125113, 43.954628 ], [ 1.123640272663648, 43.952661453382646 ], [ 1.118174, 43.957138 ], [ 1.115786, 43.9547 ] ] ], [ [ [ 1.148237, 43.985055 ], [ 1.147135, 43.984932 ], [ 1.146940638406831, 43.984874939715773 ], [ 1.146938, 43.984881 ], [ 1.146497111029091, 43.984748557305139 ], [ 1.14540655373314, 43.985099673456872 ], [ 1.13976, 43.990642 ], [ 1.147379, 43.994228 ], [ 1.14876, 43.994255 ], [ 1.150255, 43.994154 ], [ 1.154151, 43.992798 ], [ 1.15775, 43.992852 ], [ 1.159971389100317, 43.992101247261118 ], [ 1.155779, 43.9897 ], [ 1.155687695489075, 43.98749811592571 ], [ 1.150428, 43.98528 ], [ 1.148908776414787, 43.984697243249784 ], [ 1.148937, 43.984987 ], [ 1.148237, 43.985055 ] ] ], [ [ [ 1.078589, 43.966003 ], [ 1.075781, 43.96375 ], [ 1.068153, 43.964979 ], [ 1.060809, 43.966573 ], [ 1.055331, 43.97257 ], [ 1.053264, 43.975517 ], [ 1.050711, 43.98116 ], [ 1.052543, 43.984259 ], [ 1.053235, 43.98385 ], [ 1.053945225116516, 43.983337859123367 ], [ 1.052804, 43.991967 ], [ 1.0514, 43.99253 ], [ 1.050472, 43.992948 ], [ 1.04673070928461, 43.991964469350648 ], [ 1.045756, 43.991136 ], [ 1.044515, 43.990026 ], [ 1.043968, 43.989879 ], [ 1.043833, 43.989858 ], [ 1.043595, 43.989888 ], [ 1.042244, 43.990346 ], [ 1.040457169791869, 43.991324897292074 ], [ 1.03960775246382, 43.991666996719374 ], [ 1.031624, 43.989862 ], [ 1.028024, 43.989862 ], [ 1.0231, 43.991086 ], [ 1.021443480458953, 43.991966905608685 ], [ 1.019426136669349, 43.992556206519311 ], [ 1.013481, 43.989921 ], [ 1.012472, 43.989273 ], [ 1.011642, 43.989463 ], [ 1.010109, 43.991184 ], [ 1.007856, 43.999037 ], [ 1.001007, 44.003062 ], [ 0.999668, 44.004065 ], [ 0.99962, 44.004114 ], [ 0.992596440057188, 44.002956112103014 ], [ 0.991283927549524, 44.001030350848723 ], [ 0.991247, 43.999592 ], [ 0.987289, 43.996864 ], [ 0.985871, 43.997184 ], [ 0.985532, 43.997379 ], [ 0.985105, 43.997775 ], [ 0.984776, 43.998196 ], [ 0.984539, 43.999187 ], [ 0.985981, 44.003037 ], [ 0.979464, 44.008839 ], [ 0.977667, 44.011959 ], [ 0.980093, 44.019126 ], [ 0.976473, 44.024765 ], [ 0.970697, 44.030418 ], [ 0.966026, 44.032159 ], [ 0.965425015291014, 44.032427995988712 ], [ 0.965425, 44.032428 ], [ 0.96532, 44.032475 ], [ 0.956909, 44.034328 ], [ 0.954548, 44.033238 ], [ 0.953498, 44.032633 ], [ 0.953497240498082, 44.032633138440843 ], [ 0.953497, 44.032633 ], [ 0.952224, 44.031773 ], [ 0.951497, 44.031312 ], [ 0.951026, 44.031068 ], [ 0.949368, 44.034263 ], [ 0.949527, 44.036111 ], [ 0.950543499669008, 44.038146064195139 ], [ 0.951245352218553, 44.044248757705226 ], [ 0.950047, 44.045108 ], [ 0.944981, 44.049584 ], [ 0.944453, 44.050041 ], [ 0.943821, 44.050633 ], [ 0.937834, 44.054288 ], [ 0.937705814432267, 44.054313669149913 ], [ 0.937717, 44.054317 ], [ 0.940064, 44.053807 ], [ 0.942855, 44.053006 ], [ 0.943713, 44.052864 ], [ 0.944453, 44.053774 ], [ 0.944657, 44.054507 ], [ 0.944484408187039, 44.055811193786617 ], [ 0.947621553296019, 44.055410419746387 ], [ 0.951806, 44.048689 ], [ 0.952876, 44.048253 ], [ 0.95358, 44.048001 ], [ 0.956438641122201, 44.046352383052273 ], [ 0.957206123776161, 44.045548245358546 ], [ 0.95887, 44.040265 ], [ 0.960965, 44.037337 ], [ 0.965993, 44.036497 ], [ 0.96707, 44.036539 ], [ 0.975965, 44.035276 ], [ 0.976579, 44.034822 ], [ 0.977977, 44.034239 ], [ 0.978873, 44.034848 ], [ 0.98599, 44.034108 ], [ 0.98852, 44.031547 ], [ 0.986056, 44.025018 ], [ 0.985521, 44.024338 ], [ 0.985246, 44.024006 ], [ 0.984957, 44.023517 ], [ 0.984854, 44.023256 ], [ 0.984871, 44.021619 ], [ 0.984383, 44.016643 ], [ 0.984881, 44.014238 ], [ 0.989715, 44.007065 ], [ 0.991173, 44.004394 ], [ 0.99136, 44.004382 ], [ 0.9928, 44.00521 ], [ 0.992831, 44.005262 ], [ 0.993788659816307, 44.006854163821806 ], [ 0.993789, 44.006854 ], [ 0.994372, 44.007824 ], [ 1.001995, 44.007791 ], [ 1.005695, 44.006929 ], [ 1.011473, 44.001356 ], [ 1.016938, 43.995263 ], [ 1.017797, 43.995689 ], [ 1.026483, 43.99425 ], [ 1.029076, 43.993244 ], [ 1.029341, 43.993243 ], [ 1.035933, 43.993917 ], [ 1.037892, 43.996937 ], [ 1.045161, 43.99629 ], [ 1.046089, 43.996162 ], [ 1.052688, 43.993759 ], [ 1.060013, 43.989907 ], [ 1.059976, 43.98308 ], [ 1.059811, 43.982663 ], [ 1.060104, 43.978063 ], [ 1.06475, 43.974979 ], [ 1.067875, 43.973192 ], [ 1.07305, 43.975616 ], [ 1.077799, 43.981941 ], [ 1.07812, 43.983472 ], [ 1.078778, 43.985185 ], [ 1.079581958683346, 43.985510046488557 ], [ 1.079165, 43.985102 ], [ 1.081054, 43.982038 ], [ 1.078244, 43.975646 ], [ 1.076375, 43.968762 ], [ 1.078589, 43.966003 ] ] ] ] } },
{ "type": "Feature", "properties": { "codgeo": "82033", "value": 900, "isochrone_group": 15.0, "nb_agences": 3 }, "geometry": { "type": "MultiPolygon", "coordinates": [ [ [ [ 0.808652, 44.071069 ], [ 0.808653152677677, 44.071072108178775 ], [ 0.810026, 44.07056 ], [ 0.808652, 44.071069 ] ] ], [ [ [ 0.930944233695196, 44.0592723181461 ], [ 0.930238031213472, 44.059705779350431 ], [ 0.936954, 44.059712 ], [ 0.93464, 44.059479 ], [ 0.93237, 44.059249 ], [ 0.930944233695196, 44.0592723181461 ] ] ], [ [ [ 0.945855, 44.060405 ], [ 0.945650762478617, 44.060466815230434 ], [ 0.945664, 44.060468 ], [ 0.945855, 44.060405 ] ] ], [ [ [ 0.949849, 44.058736 ], [ 0.949332920180963, 44.058856764564609 ], [ 0.945855, 44.060405 ], [ 0.949849, 44.058736 ] ] ], [ [ [ 0.940567, 44.059898 ], [ 0.938692, 44.059844 ], [ 0.936954, 44.059712 ], [ 0.944214, 44.060811 ], [ 0.944762, 44.060718 ], [ 0.945109166126482, 44.060552809963994 ], [ 0.944544, 44.060422 ], [ 0.941288274585086, 44.05989240872416 ], [ 0.940567, 44.059898 ] ] ], [ [ [ 0.976908, 44.063081 ], [ 0.980192, 44.063704 ], [ 0.983893856668184, 44.060654456131253 ], [ 0.989009, 44.064285 ], [ 0.994397, 44.064062 ], [ 0.994397083852403, 44.064061972229112 ], [ 0.994407, 44.064092 ], [ 0.994944, 44.066084 ], [ 0.995854763419268, 44.071350962037833 ], [ 0.996049992107477, 44.071411887141785 ], [ 0.996820272229956, 44.07136982372878 ], [ 0.995939, 44.065532 ], [ 0.996241, 44.062103 ], [ 0.999201, 44.058047 ], [ 0.999240921658159, 44.057715186031963 ], [ 0.998733, 44.057964 ], [ 0.991641, 44.058145 ], [ 0.98938, 44.059215 ], [ 0.988244, 44.059338 ], [ 0.987827, 44.059051 ], [ 0.983639, 44.054031 ], [ 0.981557442680211, 44.05378752599804 ], [ 0.979555, 44.056224 ], [ 0.976568, 44.060884 ], [ 0.97573, 44.061051 ], [ 0.974568, 44.061086 ], [ 0.974542, 44.061086 ], [ 0.973718, 44.061091 ], [ 0.973241, 44.061059 ], [ 0.967291, 44.058196 ], [ 0.959264, 44.056135 ], [ 0.957675, 44.056515 ], [ 0.955986, 44.056968 ], [ 0.953401, 44.057705 ], [ 0.951543, 44.058268 ], [ 0.949849, 44.058736 ], [ 0.956838, 44.058714 ], [ 0.964245, 44.062808 ], [ 0.967786, 44.064703 ], [ 0.970874, 44.064358 ], [ 0.976908, 44.063081 ] ] ], [ [ [ 1.168508, 44.1064 ], [ 1.16854, 44.105925 ], [ 1.168540220901205, 44.10592474170722 ], [ 1.168544, 44.105869 ], [ 1.170034658189064, 44.103819816717319 ], [ 1.170162738661975, 44.101462907300615 ], [ 1.170390103821359, 44.100279264441319 ], [ 1.16878, 44.101036 ], [ 1.166859, 44.101084 ], [ 1.165947, 44.100659 ], [ 1.165507, 44.099536 ], [ 1.158322, 44.095122 ], [ 1.158121908689342, 44.094971305362016 ], [ 1.155085, 44.094945 ], [ 1.146263, 44.095215 ], [ 1.145685, 44.096287 ], [ 1.145599, 44.096348 ], [ 1.144028, 44.096598 ], [ 1.137732, 44.100832 ], [ 1.14106551810886, 44.106447877323482 ], [ 1.143611, 44.108543 ], [ 1.148392, 44.109538 ], [ 1.148922920038873, 44.111645526401773 ], [ 1.154372, 44.113402 ], [ 1.158868, 44.114234 ], [ 1.159607, 44.114235 ], [ 1.160404875072592, 44.114395551340237 ], [ 1.160405, 44.114389 ], [ 1.165532, 44.10814 ], [ 1.167768, 44.107731 ], [ 1.168562818787813, 44.106834424157171 ], [ 1.168508, 44.1064 ] ] ], [ [ [ 1.208595, 44.096217 ], [ 1.209155, 44.096353 ], [ 1.210801, 44.096549 ], [ 1.216334, 44.095946 ], [ 1.225112, 44.096921 ], [ 1.227064, 44.093896 ], [ 1.225989, 44.093202 ], [ 1.224425, 44.091766 ], [ 1.221859, 44.090055 ], [ 1.220297, 44.089432 ], [ 1.220174369053323, 44.089374105561646 ], [ 1.220030886004602, 44.089282439465336 ], [ 1.216006, 44.084474 ], [ 1.214923, 44.083662 ], [ 1.212937, 44.082593 ], [ 1.208199, 44.077243 ], [ 1.213823, 44.072088 ], [ 1.216927, 44.073912 ], [ 1.220395, 44.07518 ], [ 1.227817, 44.077982 ], [ 1.230109, 44.07971 ], [ 1.232788, 44.081772 ], [ 1.235063, 44.083209 ], [ 1.236178, 44.082914 ], [ 1.236385, 44.081921 ], [ 1.236401, 44.081544 ], [ 1.236174, 44.080493 ], [ 1.235231, 44.073444 ], [ 1.235232, 44.072795 ], [ 1.235677, 44.067399 ], [ 1.237118, 44.060417 ], [ 1.239577314779509, 44.058812287776639 ], [ 1.238948, 44.058728 ], [ 1.237556, 44.055408 ], [ 1.241576, 44.050311 ], [ 1.242121, 44.048102 ], [ 1.241845586153041, 44.044710659204974 ], [ 1.241741, 44.045034 ], [ 1.241483156655168, 44.045489625041945 ], [ 1.241481, 44.045509 ], [ 1.241465940739336, 44.045520046623622 ], [ 1.239968, 44.048167 ], [ 1.234745, 44.05249 ], [ 1.232545, 44.059992 ], [ 1.234571, 44.062968 ], [ 1.23415, 44.063255 ], [ 1.233802, 44.063453 ], [ 1.231346246542352, 44.068531068668868 ], [ 1.230456249171897, 44.071470986901112 ], [ 1.231214, 44.073653 ], [ 1.230858, 44.074377 ], [ 1.2281, 44.075459 ], [ 1.225159, 44.073349 ], [ 1.220192, 44.070187 ], [ 1.217941, 44.067378 ], [ 1.216297, 44.064288 ], [ 1.213608, 44.061981 ], [ 1.207142, 44.067993 ], [ 1.207276, 44.06927 ], [ 1.204258, 44.075839 ], [ 1.205099, 44.082127 ], [ 1.207662138009585, 44.085181855371516 ], [ 1.208822, 44.085973 ], [ 1.210658275983309, 44.08701889028179 ], [ 1.213801, 44.088514 ], [ 1.215475, 44.089151 ], [ 1.214599, 44.092643 ], [ 1.210642, 44.092982 ], [ 1.205123, 44.092389 ], [ 1.200741, 44.092905 ], [ 1.195421, 44.093245 ], [ 1.195232, 44.093247 ], [ 1.192464, 44.092929 ], [ 1.188674880291365, 44.093256006221445 ], [ 1.190693, 44.093845 ], [ 1.194085, 44.095117 ], [ 1.198925, 44.095788 ], [ 1.202512, 44.095486 ], [ 1.208595, 44.096217 ] ] ], [ [ [ 1.100969, 43.955898 ], [ 1.100728, 43.958728 ], [ 1.100792, 43.959183 ], [ 1.101283, 43.960185 ], [ 1.102743, 43.964665 ], [ 1.102174, 43.96822 ], [ 1.101501, 43.970688 ], [ 1.101006, 43.974254 ], [ 1.100476, 43.979323 ], [ 1.099464, 43.981056 ], [ 1.099401525902574, 43.98114165836445 ], [ 1.09611, 43.983702 ], [ 1.095541202023437, 43.984696361528179 ], [ 1.095893, 43.984697 ], [ 1.099409, 43.985466 ], [ 1.106518, 43.982041 ], [ 1.106383, 43.978444 ], [ 1.108530035276575, 43.971655879825668 ], [ 1.108401009384474, 43.970507649406017 ], [ 1.105953, 43.965377 ], [ 1.107835, 43.962308 ], [ 1.111549, 43.954299 ], [ 1.110256, 43.95202 ], [ 1.113208, 43.949959 ], [ 1.114469, 43.951229 ], [ 1.114567, 43.951313 ], [ 1.114753, 43.952453 ], [ 1.115185, 43.953689 ], [ 1.115786, 43.9547 ], [ 1.118174, 43.957138 ], [ 1.121997988116766, 43.95400638507293 ], [ 1.120644, 43.953663 ], [ 1.119628, 43.953344 ], [ 1.112926, 43.949544 ], [ 1.110181, 43.951796 ], [ 1.102693, 43.950893 ], [ 1.101514692775613, 43.950695206678262 ], [ 1.100838, 43.955084 ], [ 1.100969, 43.955898 ] ] ], [ [ [ 1.081581, 43.966695 ], [ 1.083279, 43.96352 ], [ 1.087055, 43.961518 ], [ 1.086495, 43.957962 ], [ 1.085243, 43.958159 ], [ 1.084838, 43.958242 ], [ 1.076915, 43.958735 ], [ 1.074024, 43.95959 ], [ 1.073986, 43.9598 ], [ 1.07438439318489, 43.961047313037859 ], [ 1.069839, 43.962888 ], [ 1.061714391265515, 43.960847437455101 ], [ 1.060963, 43.95874 ], [ 1.053487, 43.959506 ], [ 1.050862, 43.96197 ], [ 1.045624, 43.968245 ], [ 1.044057, 43.971486 ], [ 1.045702, 43.972281 ], [ 1.04696, 43.980134 ], [ 1.045007, 43.983158 ], [ 1.041024, 43.986717 ], [ 1.032666, 43.98526 ], [ 1.029067, 43.985296 ], [ 1.022805095177228, 43.987124968417049 ], [ 1.020748, 43.987594 ], [ 1.02065784905771, 43.987583979665843 ], [ 1.019176, 43.986864 ], [ 1.013874, 43.985093 ], [ 1.012335, 43.984345 ], [ 1.009051, 43.984633 ], [ 1.007923, 43.984705 ], [ 1.006589, 43.986229 ], [ 1.002225, 43.993205 ], [ 1.001266, 43.996675 ], [ 0.993636188390699, 44.000157589992739 ], [ 0.993584665037713, 44.000093549328227 ], [ 0.991907, 43.994823 ], [ 0.991648, 43.994402 ], [ 0.990022, 43.993476 ], [ 0.981936, 43.99023 ], [ 0.980797, 43.989179 ], [ 0.978047, 43.991502 ], [ 0.979436, 43.993147 ], [ 0.979610664315328, 43.993501293707638 ], [ 0.981822, 43.999623 ], [ 0.981983, 44.001269 ], [ 0.978372011455585, 44.003319876901195 ], [ 0.973919, 44.00444 ], [ 0.972789, 44.003645 ], [ 0.970476, 44.006404 ], [ 0.971903, 44.011313 ], [ 0.973279, 44.016503 ], [ 0.97418, 44.019989 ], [ 0.972896, 44.02699 ], [ 0.966479, 44.027455 ], [ 0.966041, 44.02794 ], [ 0.959986, 44.031403 ], [ 0.958562607542103, 44.031749692502608 ], [ 0.95535154803485, 44.031550777311892 ], [ 0.95119, 44.028972 ], [ 0.951105, 44.028831 ], [ 0.950618, 44.028298 ], [ 0.9497, 44.027929 ], [ 0.941745, 44.025727 ], [ 0.941177, 44.025689 ], [ 0.941057, 44.025681 ], [ 0.940103, 44.026547 ], [ 0.940091, 44.02656 ], [ 0.939477, 44.028523 ], [ 0.940379, 44.033581 ], [ 0.943342, 44.035982 ], [ 0.944666848967047, 44.035645737301039 ], [ 0.947762, 44.041012 ], [ 0.9466068090759, 44.04654790222321 ], [ 0.946275, 44.046615 ], [ 0.945872, 44.0466 ], [ 0.945346, 44.04663 ], [ 0.94444, 44.046842 ], [ 0.944009, 44.047054 ], [ 0.938568755323358, 44.049027495655118 ], [ 0.945716, 44.048792 ], [ 0.947746, 44.046785 ], [ 0.948119, 44.046725 ], [ 0.948213036336716, 44.046728375317187 ], [ 0.950047, 44.045108 ], [ 0.951245352218553, 44.044248757705226 ], [ 0.950543499669008, 44.038146064195139 ], [ 0.949527, 44.036111 ], [ 0.949368, 44.034263 ], [ 0.951026, 44.031068 ], [ 0.951497, 44.031312 ], [ 0.952224, 44.031773 ], [ 0.953497, 44.032633 ], [ 0.953497240498082, 44.032633138440843 ], [ 0.953498, 44.032633 ], [ 0.954548, 44.033238 ], [ 0.956909, 44.034328 ], [ 0.96532, 44.032475 ], [ 0.965425, 44.032428 ], [ 0.965425015291014, 44.032427995988712 ], [ 0.966026, 44.032159 ], [ 0.970697, 44.030418 ], [ 0.976473, 44.024765 ], [ 0.980093, 44.019126 ], [ 0.977667, 44.011959 ], [ 0.979464, 44.008839 ], [ 0.985981, 44.003037 ], [ 0.984539, 43.999187 ], [ 0.984776, 43.998196 ], [ 0.985105, 43.997775 ], [ 0.985532, 43.997379 ], [ 0.985871, 43.997184 ], [ 0.987289, 43.996864 ], [ 0.991247, 43.999592 ], [ 0.991283927549524, 44.001030350848723 ], [ 0.992596440057188, 44.002956112103014 ], [ 0.99962, 44.004114 ], [ 0.999668, 44.004065 ], [ 1.001007, 44.003062 ], [ 1.007856, 43.999037 ], [ 1.010109, 43.991184 ], [ 1.011642, 43.989463 ], [ 1.012472, 43.989273 ], [ 1.013481, 43.989921 ], [ 1.019426136669349, 43.992556206519311 ], [ 1.021443480458953, 43.991966905608685 ], [ 1.0231, 43.991086 ], [ 1.028024, 43.989862 ], [ 1.031624, 43.989862 ], [ 1.03960775246382, 43.991666996719374 ], [ 1.040457169791869, 43.991324897292074 ], [ 1.042244, 43.990346 ], [ 1.043595, 43.989888 ], [ 1.043833, 43.989858 ], [ 1.043968, 43.989879 ], [ 1.044515, 43.990026 ], [ 1.045756, 43.991136 ], [ 1.04673070928461, 43.991964469350648 ], [ 1.050472, 43.992948 ], [ 1.0514, 43.99253 ], [ 1.052804, 43.991967 ], [ 1.053945225116516, 43.983337859123367 ], [ 1.053235, 43.98385 ], [ 1.052543, 43.984259 ], [ 1.050711, 43.98116 ], [ 1.053264, 43.975517 ], [ 1.055331, 43.97257 ], [ 1.060809, 43.966573 ], [ 1.068153, 43.964979 ], [ 1.075781, 43.96375 ], [ 1.078589, 43.966003 ], [ 1.076375, 43.968762 ], [ 1.078244, 43.975646 ], [ 1.081054, 43.982038 ], [ 1.079165, 43.985102 ], [ 1.085481, 43.991283 ], [ 1.086137, 43.99109 ], [ 1.087336, 43.990858 ], [ 1.088754, 43.990259 ], [ 1.091668859466559, 43.987797651607089 ], [ 1.085161, 43.985075 ], [ 1.085499632801564, 43.977987215243353 ], [ 1.086082, 43.976688 ], [ 1.084575, 43.973419 ], [ 1.081581, 43.966695 ] ] ] ] } },
{ "type": "Feature", "properties": { "codgeo": "82033", "value": 960, "isochrone_group": 16.0, "nb_agences": 3 }, "geometry": { "type": "MultiPolygon", "coordinates": [ [ [ [ 0.793546, 44.084988 ], [ 0.794885, 44.082735 ], [ 0.795601, 44.081457 ], [ 0.793528403281382, 44.08500581918031 ], [ 0.793546, 44.084988 ] ] ], [ [ [ 0.808506, 44.071127 ], [ 0.808653152677677, 44.071072108178775 ], [ 0.808653152677677, 44.071072108178775 ], [ 0.808506, 44.071127 ] ] ], [ [ [ 0.932770350764414, 44.059708124905178 ], [ 0.929969, 44.060192 ], [ 0.929958498738936, 44.060287312601865 ], [ 0.933310082674375, 44.059708624830535 ], [ 0.932770350764414, 44.059708124905178 ] ] ], [ [ [ 0.949373, 44.060486 ], [ 0.946551, 44.063266 ], [ 0.945967, 44.063065 ], [ 0.945321, 44.062892 ], [ 0.943561, 44.062546 ], [ 0.940025, 44.060707 ], [ 0.937534574365674, 44.05979988584405 ], [ 0.936954, 44.059712 ], [ 0.935499332437994, 44.059710652617731 ], [ 0.939251, 44.060722 ], [ 0.942853, 44.06248 ], [ 0.947112, 44.063424 ], [ 0.950000654739401, 44.060449168209878 ], [ 0.956906024017782, 44.058751598262297 ], [ 0.956905330713632, 44.05875121505894 ], [ 0.949373, 44.060486 ] ] ], [ [ [ 0.966039959897753, 44.06634135649405 ], [ 0.966054, 44.066353 ], [ 0.967107, 44.065083 ], [ 0.968101956588548, 44.064667700445902 ], [ 0.967786, 44.064703 ], [ 0.964245, 44.062808 ], [ 0.959570417239121, 44.060224262748342 ], [ 0.959376, 44.06018 ], [ 0.95768733111306, 44.059183442632218 ], [ 0.957002190595298, 44.058804751491451 ], [ 0.962723, 44.064578 ], [ 0.963374, 44.067588 ], [ 0.96348, 44.067625 ], [ 0.965072, 44.067305 ], [ 0.965136, 44.06725 ], [ 0.965629, 44.066826 ], [ 0.966039959897753, 44.06634135649405 ] ] ], [ [ [ 0.985026, 44.067155 ], [ 0.985599791854126, 44.066842910976625 ], [ 0.987743, 44.066455 ], [ 0.988958310319825, 44.068993911829985 ], [ 0.989124, 44.068974 ], [ 0.990030055462843, 44.069105181073532 ], [ 0.989692, 44.066698 ], [ 0.98969064377108, 44.064256787943414 ], [ 0.989009, 44.064285 ], [ 0.983893856668184, 44.060654456131253 ], [ 0.980192, 44.063704 ], [ 0.976908, 44.063081 ], [ 0.973368380411931, 44.063830104112355 ], [ 0.977467, 44.067344 ], [ 0.977847, 44.068453 ], [ 0.978891, 44.068353 ], [ 0.979572, 44.068205 ], [ 0.980892, 44.067695 ], [ 0.98380312297182, 44.06716809991461 ], [ 0.985026, 44.067155 ] ] ], [ [ [ 1.175521, 44.09342 ], [ 1.174974285832759, 44.094144347301345 ], [ 1.179084, 44.095784 ], [ 1.180516, 44.09832 ], [ 1.187582, 44.100141 ], [ 1.18912909737179, 44.099360954948786 ], [ 1.187483, 44.099905 ], [ 1.18279, 44.093188 ], [ 1.183511206106347, 44.091748973731477 ], [ 1.182408, 44.091427 ], [ 1.175521, 44.09342 ] ] ], [ [ [ 1.202512, 44.095486 ], [ 1.198925, 44.095788 ], [ 1.194085, 44.095117 ], [ 1.193481003777899, 44.094890501416721 ], [ 1.195819, 44.097651 ], [ 1.197986, 44.100526 ], [ 1.203207, 44.101028 ], [ 1.204284, 44.09951 ], [ 1.204849, 44.097824 ], [ 1.207443813054944, 44.096078660750145 ], [ 1.202512, 44.095486 ] ] ], [ [ [ 1.235285, 44.093333 ], [ 1.24029, 44.090167 ], [ 1.24032, 44.09014 ], [ 1.240696, 44.08981 ], [ 1.241044, 44.089511 ], [ 1.240708, 44.087019 ], [ 1.239976039645663, 44.083414702331034 ], [ 1.240514, 44.081076 ], [ 1.240115444691524, 44.079470089821392 ], [ 1.240485, 44.077589 ], [ 1.239812, 44.074763 ], [ 1.239585, 44.071314 ], [ 1.241543, 44.064089 ], [ 1.244475996146017, 44.062434179069761 ], [ 1.243012, 44.060306 ], [ 1.236901680652752, 44.061465120529157 ], [ 1.235677, 44.067399 ], [ 1.235232, 44.072795 ], [ 1.235231, 44.073444 ], [ 1.236174, 44.080493 ], [ 1.236401, 44.081544 ], [ 1.236385, 44.081921 ], [ 1.236178, 44.082914 ], [ 1.235063, 44.083209 ], [ 1.232788, 44.081772 ], [ 1.230109, 44.07971 ], [ 1.227817, 44.077982 ], [ 1.220395, 44.07518 ], [ 1.216927, 44.073912 ], [ 1.213823, 44.072088 ], [ 1.208199, 44.077243 ], [ 1.212937, 44.082593 ], [ 1.214923, 44.083662 ], [ 1.216006, 44.084474 ], [ 1.220030886004602, 44.089282439465336 ], [ 1.220174369053323, 44.089374105561646 ], [ 1.220297, 44.089432 ], [ 1.221859, 44.090055 ], [ 1.224425, 44.091766 ], [ 1.225989, 44.093202 ], [ 1.227064, 44.093896 ], [ 1.225112, 44.096921 ], [ 1.216334, 44.095946 ], [ 1.215398397421194, 44.096047964278881 ], [ 1.217117, 44.098946 ], [ 1.223889, 44.099735 ], [ 1.226308, 44.101122 ], [ 1.234478, 44.103433 ], [ 1.235503, 44.102159 ], [ 1.236529, 44.100474 ], [ 1.235285, 44.093333 ] ] ], [ [ [ 1.08653, 43.957088 ], [ 1.086136, 43.956822 ], [ 1.085845, 43.956665 ], [ 1.078307, 43.957604 ], [ 1.074093, 43.956862 ], [ 1.073782, 43.956797 ], [ 1.073159, 43.956702 ], [ 1.071687, 43.956425 ], [ 1.069844, 43.95599 ], [ 1.069843655555231, 43.955991459412893 ], [ 1.069374, 43.955881 ], [ 1.068749, 43.955753 ], [ 1.059975, 43.955606 ], [ 1.059992, 43.953689 ], [ 1.05991185104701, 43.953370485979008 ], [ 1.060033398750406, 43.951865243323034 ], [ 1.054871826740033, 43.951341406512014 ], [ 1.052959638587478, 43.952812382978962 ], [ 1.052003, 43.955036 ], [ 1.051954, 43.956545 ], [ 1.048356, 43.956428 ], [ 1.048355773674588, 43.956427836847453 ], [ 1.048341, 43.956885 ], [ 1.048431, 43.958531 ], [ 1.048394, 43.9593 ], [ 1.041872, 43.965448 ], [ 1.039586, 43.965899 ], [ 1.038029, 43.966051 ], [ 1.038029076054071, 43.966051778576386 ], [ 1.037609, 43.966093 ], [ 1.036318, 43.966172 ], [ 1.036538, 43.969766 ], [ 1.037829, 43.969687 ], [ 1.038496503461422, 43.969791021528486 ], [ 1.039685569774917, 43.971379987570543 ], [ 1.040285, 43.97863 ], [ 1.032379, 43.980151 ], [ 1.031026, 43.980262 ], [ 1.029619, 43.98026 ], [ 1.028352, 43.980808 ], [ 1.021100834164315, 43.98383373200447 ], [ 1.019273005246643, 43.98314766582876 ], [ 1.016223, 43.980534 ], [ 1.007448, 43.982385 ], [ 1.000739, 43.984292 ], [ 0.998733, 43.987281 ], [ 0.990221, 43.990036 ], [ 0.989435, 43.989984 ], [ 0.98909, 43.990038 ], [ 0.988696, 43.990129 ], [ 0.983082664037289, 43.989165824869147 ], [ 0.978716, 43.98671 ], [ 0.976946, 43.984617 ], [ 0.976518, 43.98422 ], [ 0.976109, 43.983949 ], [ 0.97569, 43.983741 ], [ 0.975341, 43.983606 ], [ 0.972622, 43.982684 ], [ 0.972621891426391, 43.982684320179445 ], [ 0.971789, 43.982402 ], [ 0.971693, 43.982369 ], [ 0.969765, 43.982958 ], [ 0.969479, 43.983527 ], [ 0.970537, 43.985778 ], [ 0.971953, 43.989429 ], [ 0.973446, 43.992705 ], [ 0.969091, 43.999885 ], [ 0.966854, 43.999597 ], [ 0.966666, 43.999556 ], [ 0.966665428168297, 43.999558007180561 ], [ 0.966559, 43.999536 ], [ 0.965219, 43.999048 ], [ 0.963575, 43.999798 ], [ 0.96353, 43.999829 ], [ 0.963021, 44.000236 ], [ 0.962962, 44.002054 ], [ 0.96314, 44.002208 ], [ 0.963851, 44.002624 ], [ 0.96886, 44.009751 ], [ 0.968343, 44.013314 ], [ 0.96971, 44.017128 ], [ 0.966621917774154, 44.02410456811684 ], [ 0.966206, 44.024681 ], [ 0.965963, 44.025068 ], [ 0.965768, 44.025478 ], [ 0.956979, 44.026815 ], [ 0.950136, 44.023735 ], [ 0.943894, 44.024474 ], [ 0.936068, 44.022421 ], [ 0.933463, 44.020813 ], [ 0.932937, 44.020437 ], [ 0.931417, 44.021499 ], [ 0.930954, 44.022993 ], [ 0.930846, 44.023368 ], [ 0.931688, 44.024238 ], [ 0.932291, 44.032326 ], [ 0.932002, 44.03359 ], [ 0.931728, 44.035882 ], [ 0.931918, 44.035912 ], [ 0.932453, 44.035929 ], [ 0.934281, 44.035701 ], [ 0.938348, 44.036914 ], [ 0.942798, 44.039766 ], [ 0.940697025812905, 44.046434200845709 ], [ 0.941116, 44.046134 ], [ 0.94129, 44.04598 ], [ 0.94162, 44.045812 ], [ 0.947229116464884, 44.043565682759464 ], [ 0.947762, 44.041012 ], [ 0.944666848967047, 44.035645737301039 ], [ 0.943342, 44.035982 ], [ 0.940379, 44.033581 ], [ 0.939477, 44.028523 ], [ 0.940091, 44.02656 ], [ 0.940103, 44.026547 ], [ 0.941057, 44.025681 ], [ 0.941177, 44.025689 ], [ 0.941745, 44.025727 ], [ 0.9497, 44.027929 ], [ 0.950618, 44.028298 ], [ 0.951105, 44.028831 ], [ 0.95119, 44.028972 ], [ 0.95535154803485, 44.031550777311892 ], [ 0.958562607542103, 44.031749692502608 ], [ 0.959986, 44.031403 ], [ 0.966041, 44.02794 ], [ 0.966479, 44.027455 ], [ 0.972896, 44.02699 ], [ 0.97418, 44.019989 ], [ 0.973279, 44.016503 ], [ 0.971903, 44.011313 ], [ 0.970476, 44.006404 ], [ 0.972789, 44.003645 ], [ 0.973919, 44.00444 ], [ 0.978372011455585, 44.003319876901195 ], [ 0.981983, 44.001269 ], [ 0.981822, 43.999623 ], [ 0.979610664315328, 43.993501293707638 ], [ 0.979436, 43.993147 ], [ 0.978047, 43.991502 ], [ 0.980797, 43.989179 ], [ 0.981936, 43.99023 ], [ 0.990022, 43.993476 ], [ 0.991648, 43.994402 ], [ 0.991907, 43.994823 ], [ 0.993584665037713, 44.000093549328227 ], [ 0.993636188390699, 44.000157589992739 ], [ 1.001266, 43.996675 ], [ 1.002225, 43.993205 ], [ 1.006589, 43.986229 ], [ 1.007923, 43.984705 ], [ 1.009051, 43.984633 ], [ 1.012335, 43.984345 ], [ 1.013874, 43.985093 ], [ 1.019176, 43.986864 ], [ 1.02065784905771, 43.987583979665843 ], [ 1.020748, 43.987594 ], [ 1.022805095177228, 43.987124968417049 ], [ 1.029067, 43.985296 ], [ 1.032666, 43.98526 ], [ 1.041024, 43.986717 ], [ 1.045007, 43.983158 ], [ 1.04696, 43.980134 ], [ 1.045702, 43.972281 ], [ 1.044057, 43.971486 ], [ 1.045624, 43.968245 ], [ 1.050862, 43.96197 ], [ 1.053487, 43.959506 ], [ 1.060963, 43.95874 ], [ 1.061714391265515, 43.960847437455101 ], [ 1.069839, 43.962888 ], [ 1.07438439318489, 43.961047313037859 ], [ 1.073986, 43.9598 ], [ 1.074024, 43.95959 ], [ 1.076915, 43.958735 ], [ 1.084838, 43.958242 ], [ 1.085243, 43.958159 ], [ 1.086495, 43.957962 ], [ 1.087055, 43.961518 ], [ 1.083279, 43.96352 ], [ 1.081581, 43.966695 ], [ 1.084575, 43.973419 ], [ 1.086082, 43.976688 ], [ 1.085499632801564, 43.977987215243353 ], [ 1.085161, 43.985075 ], [ 1.093362, 43.988506 ], [ 1.09611, 43.983702 ], [ 1.099401525902574, 43.98114165836445 ], [ 1.099464, 43.981056 ], [ 1.100476, 43.979323 ], [ 1.101006, 43.974254 ], [ 1.101501, 43.970688 ], [ 1.102174, 43.96822 ], [ 1.102743, 43.964665 ], [ 1.101283, 43.960185 ], [ 1.100792, 43.959183 ], [ 1.100728, 43.958728 ], [ 1.10082667937416, 43.957569233905083 ], [ 1.096247, 43.957368 ], [ 1.093593, 43.954936 ], [ 1.093388918200759, 43.954318118057365 ], [ 1.090399, 43.956513 ], [ 1.08687512457986, 43.957282783335359 ], [ 1.08653, 43.957088 ] ] ], [ [ [ 0.930684099917119, 44.050534492170449 ], [ 0.935277908498724, 44.049906011130595 ], [ 0.930479477758198, 44.050361492834682 ], [ 0.930684099917119, 44.050534492170449 ] ] ] ] } },
{ "type": "Feature", "properties": { "codgeo": "82033", "value": 1020, "isochrone_group": 17.0, "nb_agences": 3 }, "geometry": { "type": "MultiPolygon", "coordinates": [ [ [ [ 0.808506, 44.071127 ], [ 0.810026, 44.07056 ], [ 0.808635, 44.071076 ], [ 0.808635938375487, 44.071078529566506 ], [ 0.808506, 44.071127 ] ] ], [ [ [ 0.7888, 44.089794 ], [ 0.789684, 44.089134 ], [ 0.793526725632349, 44.085008691747348 ], [ 0.793528403281382, 44.08500581918031 ], [ 0.7888, 44.089794 ] ] ], [ [ [ 0.946169, 44.064819 ], [ 0.949248, 44.064658 ], [ 0.957696, 44.067323 ], [ 0.958298, 44.068186 ], [ 0.959821621266716, 44.06885676600514 ], [ 0.959805, 44.068937 ], [ 0.960359310846425, 44.069097164070243 ], [ 0.960447, 44.069137 ], [ 0.961044, 44.069295 ], [ 0.96177, 44.069403 ], [ 0.966879, 44.070589 ], [ 0.969115, 44.069869 ], [ 0.970620957267791, 44.069549104260012 ], [ 0.972932873392872, 44.0692769464912 ], [ 0.978019, 44.071191 ], [ 0.979815, 44.071575 ], [ 0.979866, 44.071584 ], [ 0.983229519535748, 44.074592749441251 ], [ 0.983843326463617, 44.073605081329632 ], [ 0.982848, 44.072439 ], [ 0.981704, 44.071894 ], [ 0.983089, 44.068571 ], [ 0.983262137865988, 44.067266015770862 ], [ 0.980892, 44.067695 ], [ 0.979572, 44.068205 ], [ 0.978891, 44.068353 ], [ 0.977847, 44.068453 ], [ 0.977467, 44.067344 ], [ 0.972301, 44.062915 ], [ 0.967107, 44.065083 ], [ 0.966054, 44.066353 ], [ 0.966039959897753, 44.06634135649405 ], [ 0.965629, 44.066826 ], [ 0.965136, 44.06725 ], [ 0.965072, 44.067305 ], [ 0.96348, 44.067625 ], [ 0.963374, 44.067588 ], [ 0.962723, 44.064578 ], [ 0.956941, 44.058743 ], [ 0.951489, 44.061835 ], [ 0.949124, 44.064549 ], [ 0.946165, 44.064662 ], [ 0.943978, 44.064638 ], [ 0.941927, 44.064977 ], [ 0.936961, 44.060987 ], [ 0.935705663780468, 44.061270595940684 ], [ 0.938421, 44.065938 ], [ 0.946169, 44.064819 ] ] ], [ [ [ 1.205138, 44.106486 ], [ 1.205473072268919, 44.10681694576315 ], [ 1.205474, 44.106816 ], [ 1.205138, 44.106486 ] ] ], [ [ [ 1.187483, 44.099905 ], [ 1.18912909737179, 44.099360954948786 ], [ 1.190797, 44.09852 ], [ 1.195369, 44.101373 ], [ 1.195971, 44.101597 ], [ 1.196013362247978, 44.097908864080729 ], [ 1.195819, 44.097651 ], [ 1.192698, 44.093966 ], [ 1.186059, 44.090674 ], [ 1.183818353006497, 44.091136121935385 ], [ 1.18279, 44.093188 ], [ 1.187483, 44.099905 ] ] ], [ [ [ 1.214924, 44.102328 ], [ 1.214924930610395, 44.102328096189062 ], [ 1.215112, 44.102413 ], [ 1.215892, 44.102446 ], [ 1.223512, 44.103419 ], [ 1.228397, 44.105917 ], [ 1.233028, 44.106851 ], [ 1.241391, 44.108157 ], [ 1.242484, 44.107983 ], [ 1.243070549121903, 44.107379722204406 ], [ 1.24279, 44.10757 ], [ 1.242401, 44.1078 ], [ 1.240655, 44.107354 ], [ 1.239979, 44.106622 ], [ 1.240568, 44.104701 ], [ 1.241259, 44.098895 ], [ 1.241535, 44.095727 ], [ 1.2387264308976, 44.091156062892779 ], [ 1.235285, 44.093333 ], [ 1.236529, 44.100474 ], [ 1.235503, 44.102159 ], [ 1.234478, 44.103433 ], [ 1.226308, 44.101122 ], [ 1.223889, 44.099735 ], [ 1.217117, 44.098946 ], [ 1.215281, 44.09585 ], [ 1.213617562722197, 44.094747356062932 ], [ 1.209500179602521, 44.0946954947295 ], [ 1.204849, 44.097824 ], [ 1.204284, 44.09951 ], [ 1.203207, 44.101028 ], [ 1.201323701389637, 44.100846920532 ], [ 1.202968, 44.103326 ], [ 1.203559, 44.103906 ], [ 1.20406, 44.104183 ], [ 1.204983, 44.104521 ], [ 1.205274, 44.104586 ], [ 1.206013132492106, 44.103043143497104 ], [ 1.214924, 44.102328 ] ] ], [ [ [ 1.245253, 44.07604 ], [ 1.243952, 44.073244 ], [ 1.244647091031426, 44.072531728684758 ], [ 1.244572, 44.071665 ], [ 1.244582, 44.071058 ], [ 1.244936, 44.069811 ], [ 1.246208, 44.065218 ], [ 1.24633, 44.064826 ], [ 1.244788961007938, 44.062257601679889 ], [ 1.241543, 44.064089 ], [ 1.239585, 44.071314 ], [ 1.239812, 44.074763 ], [ 1.240485, 44.077589 ], [ 1.240115444691524, 44.079470089821392 ], [ 1.240514, 44.081076 ], [ 1.239976039645663, 44.083414702331034 ], [ 1.240521666325719, 44.086101461196307 ], [ 1.24503452290891, 44.085035347689455 ], [ 1.244974, 44.083688 ], [ 1.245161, 44.081928 ], [ 1.245769, 44.078457 ], [ 1.245253, 44.07604 ] ] ], [ [ [ 1.079351678945445, 43.957473865543939 ], [ 1.085845, 43.956665 ], [ 1.086136, 43.956822 ], [ 1.086411562814338, 43.957008039869571 ], [ 1.085616962449826, 43.951332511229523 ], [ 1.083596, 43.954594 ], [ 1.083215, 43.955127 ], [ 1.079351678945445, 43.957473865543939 ] ] ], [ [ [ 1.032254, 43.962127 ], [ 1.031846, 43.962439 ], [ 1.031587, 43.962681 ], [ 1.025754, 43.967712 ], [ 1.026672, 43.971193 ], [ 1.029428892664504, 43.974610259747827 ], [ 1.029764591163806, 43.977068803761867 ], [ 1.027932255990722, 43.979208673722006 ], [ 1.024588, 43.980492 ], [ 1.02412, 43.980583 ], [ 1.016967139154812, 43.979270578125359 ], [ 1.015064, 43.977778 ], [ 1.012964, 43.975948 ], [ 1.009078, 43.977741 ], [ 1.006119, 43.97979 ], [ 0.999153, 43.980573 ], [ 0.995848, 43.979146 ], [ 0.991953, 43.978771 ], [ 0.990642, 43.982124 ], [ 0.985573, 43.986293 ], [ 0.976946, 43.984617 ], [ 0.978716, 43.98671 ], [ 0.983082664037289, 43.989165824869147 ], [ 0.988696, 43.990129 ], [ 0.98909, 43.990038 ], [ 0.989435, 43.989984 ], [ 0.990221, 43.990036 ], [ 0.998733, 43.987281 ], [ 1.000739, 43.984292 ], [ 1.007448, 43.982385 ], [ 1.016223, 43.980534 ], [ 1.019273005246643, 43.98314766582876 ], [ 1.021100834164315, 43.98383373200447 ], [ 1.028352, 43.980808 ], [ 1.029619, 43.98026 ], [ 1.031026, 43.980262 ], [ 1.032379, 43.980151 ], [ 1.040285, 43.97863 ], [ 1.039685569774917, 43.971379987570543 ], [ 1.038496503461422, 43.969791021528486 ], [ 1.037829, 43.969687 ], [ 1.036538, 43.969766 ], [ 1.036318, 43.966172 ], [ 1.037609, 43.966093 ], [ 1.038029076054071, 43.966051778576386 ], [ 1.038029, 43.966051 ], [ 1.039586, 43.965899 ], [ 1.041872, 43.965448 ], [ 1.047885413568132, 43.95977942186186 ], [ 1.046259, 43.958499 ], [ 1.043116327882221, 43.957587451457549 ], [ 1.041508240176392, 43.963815741496141 ], [ 1.040684119034241, 43.965569099075076 ], [ 1.036145, 43.963824 ], [ 1.03411, 43.960855 ], [ 1.032254, 43.962127 ] ] ], [ [ [ 0.964237, 43.980677 ], [ 0.959204618717326, 43.979599291650501 ], [ 0.959194, 43.981219 ], [ 0.959658, 43.981558 ], [ 0.961088, 43.982511 ], [ 0.961445, 43.982665 ], [ 0.961755755360597, 43.982773837008715 ], [ 0.961755, 43.982776 ], [ 0.964226, 43.983639 ], [ 0.967881, 43.989239 ], [ 0.959983, 43.993525 ], [ 0.95971, 43.993229 ], [ 0.957066, 43.995673 ], [ 0.957737, 43.999848 ], [ 0.958867, 44.004427 ], [ 0.962075, 44.006062 ], [ 0.964932, 44.012844 ], [ 0.964428, 44.021637 ], [ 0.956896, 44.023372 ], [ 0.95429701635109, 44.023267953949016 ], [ 0.952038046606465, 44.022334528958794 ], [ 0.948502, 44.019829 ], [ 0.947267, 44.019024 ], [ 0.94606, 44.020151 ], [ 0.939988773342331, 44.022767645366244 ], [ 0.939501547878238, 44.022724568545783 ], [ 0.934634, 44.018071 ], [ 0.931666, 44.017526 ], [ 0.923482, 44.015276 ], [ 0.921713, 44.018412 ], [ 0.922867, 44.019063 ], [ 0.924164, 44.020134 ], [ 0.926337, 44.025946 ], [ 0.921698, 44.031117 ], [ 0.922375, 44.034652 ], [ 0.924747, 44.034671 ], [ 0.926466, 44.035216 ], [ 0.926941, 44.03531 ], [ 0.932084, 44.039501 ], [ 0.930282190810984, 44.041617520582861 ], [ 0.933, 44.04939 ], [ 0.93959, 44.044582 ], [ 0.941790249795119, 44.042964459462162 ], [ 0.942798, 44.039766 ], [ 0.938348, 44.036914 ], [ 0.934281, 44.035701 ], [ 0.932453, 44.035929 ], [ 0.931918, 44.035912 ], [ 0.931728, 44.035882 ], [ 0.932002, 44.03359 ], [ 0.932291, 44.032326 ], [ 0.931688, 44.024238 ], [ 0.930846, 44.023368 ], [ 0.930954, 44.022993 ], [ 0.931417, 44.021499 ], [ 0.932937, 44.020437 ], [ 0.933463, 44.020813 ], [ 0.936068, 44.022421 ], [ 0.943894, 44.024474 ], [ 0.950136, 44.023735 ], [ 0.956979, 44.026815 ], [ 0.965768, 44.025478 ], [ 0.965963, 44.025068 ], [ 0.966206, 44.024681 ], [ 0.966621917774154, 44.02410456811684 ], [ 0.96971, 44.017128 ], [ 0.968343, 44.013314 ], [ 0.96886, 44.009751 ], [ 0.963851, 44.002624 ], [ 0.96314, 44.002208 ], [ 0.962962, 44.002054 ], [ 0.963021, 44.000236 ], [ 0.96353, 43.999829 ], [ 0.963575, 43.999798 ], [ 0.965219, 43.999048 ], [ 0.966559, 43.999536 ], [ 0.966665428168297, 43.999558007180561 ], [ 0.966666, 43.999556 ], [ 0.966854, 43.999597 ], [ 0.969091, 43.999885 ], [ 0.973446, 43.992705 ], [ 0.971953, 43.989429 ], [ 0.970537, 43.985778 ], [ 0.969479, 43.983527 ], [ 0.969765, 43.982958 ], [ 0.971693, 43.982369 ], [ 0.971789, 43.982402 ], [ 0.972621891426391, 43.982684320179445 ], [ 0.972622, 43.982684 ], [ 0.975341, 43.983606 ], [ 0.97569, 43.983741 ], [ 0.976109, 43.983949 ], [ 0.976518, 43.98422 ], [ 0.976946, 43.984617 ], [ 0.975039, 43.981299 ], [ 0.973427, 43.980367 ], [ 0.972658250998721, 43.980443158356465 ], [ 0.972084, 43.980017 ], [ 0.971894, 43.979918 ], [ 0.96675366681889, 43.979607352072051 ], [ 0.964237, 43.980677 ] ] ] ] } },
{ "type": "Feature", "properties": { "codgeo": "82033", "value": 1080, "isochrone_group": 18.0, "nb_agences": 3 }, "geometry": { "type": "MultiPolygon", "coordinates": [ [ [ [ 0.758794587737533, 44.106990599998468 ], [ 0.758194948876739, 44.107113751364643 ], [ 0.758195, 44.107114 ], [ 0.758794587737533, 44.106990599998468 ] ] ], [ [ [ 1.205473072268917, 44.10681694576315 ], [ 1.205544, 44.106887 ], [ 1.205473072268919, 44.10681694576315 ], [ 1.205473072268917, 44.10681694576315 ] ] ], [ [ [ 1.1988, 44.102912 ], [ 1.199807, 44.103564 ], [ 1.20090135884059, 44.100210162260019 ], [ 1.202968, 44.103326 ], [ 1.199974, 44.098812 ], [ 1.199129, 44.09785 ], [ 1.196035498043202, 44.095981680671706 ], [ 1.195971, 44.101597 ], [ 1.1988, 44.102912 ] ] ], [ [ [ 1.229354, 44.109546 ], [ 1.237735, 44.111388 ], [ 1.23787371494521, 44.111435690067509 ], [ 1.237874308367781, 44.111426978207746 ], [ 1.237757, 44.111377 ], [ 1.236167, 44.108147 ], [ 1.235621255409575, 44.107255973282903 ], [ 1.233028, 44.106851 ], [ 1.228397, 44.105917 ], [ 1.223512, 44.103419 ], [ 1.215892, 44.102446 ], [ 1.215112, 44.102413 ], [ 1.214924930610395, 44.102328096189062 ], [ 1.214924, 44.102328 ], [ 1.206013132492106, 44.103043143497104 ], [ 1.205274, 44.104586 ], [ 1.204983, 44.104521 ], [ 1.20406, 44.104183 ], [ 1.207532, 44.106203 ], [ 1.209464, 44.106873 ], [ 1.210636, 44.106446 ], [ 1.217556, 44.105368 ], [ 1.220651, 44.107206 ], [ 1.223923, 44.108638 ], [ 1.229354, 44.109546 ] ] ], [ [ [ 1.062866960409325, 43.958596025760222 ], [ 1.062739272882254, 43.959132650050016 ], [ 1.064243388618676, 43.964024011797122 ], [ 1.06531, 43.964756 ], [ 1.065309756829427, 43.964756354310367 ], [ 1.065461, 43.96486 ], [ 1.065807, 43.965129 ], [ 1.066579, 43.965801 ], [ 1.067538, 43.966578 ], [ 1.073482400727931, 43.962360796050348 ], [ 1.073986, 43.9598 ], [ 1.074025, 43.959584 ], [ 1.076369, 43.958367 ], [ 1.076629, 43.958523 ], [ 1.078957583599657, 43.957713268061866 ], [ 1.083215, 43.955127 ], [ 1.083527036148242, 43.954690476989477 ], [ 1.07933, 43.948711 ], [ 1.07894, 43.94862 ], [ 1.077004, 43.948403 ], [ 1.074595, 43.949191 ], [ 1.073875, 43.949461 ], [ 1.072816, 43.949899 ], [ 1.072303, 43.950008 ], [ 1.071875510383354, 43.950125747713834 ], [ 1.070933, 43.952204 ], [ 1.064761, 43.954047 ], [ 1.062866960409325, 43.958596025760222 ] ] ], [ [ [ 1.042265, 43.960673 ], [ 1.037700104768061, 43.961892788425061 ], [ 1.037645701309747, 43.964400956111504 ], [ 1.040684119034241, 43.965569099075076 ], [ 1.041508240176392, 43.963815741496141 ], [ 1.042315765607363, 43.960688111964856 ], [ 1.042265, 43.960673 ] ] ], [ [ [ 1.015917, 43.968873 ], [ 1.01044, 43.972147 ], [ 1.005943848345881, 43.974091692415556 ], [ 1.00564, 43.974123 ], [ 1.002932067583008, 43.974432005360711 ], [ 0.999292, 43.979034 ], [ 0.999305, 43.980096 ], [ 0.999289235086455, 43.980557686753862 ], [ 1.006119, 43.97979 ], [ 1.009078, 43.977741 ], [ 1.012964, 43.975948 ], [ 1.015064, 43.977778 ], [ 1.016967139154812, 43.979270578125359 ], [ 1.02412, 43.980583 ], [ 1.024588, 43.980492 ], [ 1.027932255990722, 43.979208673722006 ], [ 1.029764591163806, 43.977068803761867 ], [ 1.029428892664504, 43.974610259747827 ], [ 1.026672, 43.971193 ], [ 1.025754, 43.967712 ], [ 1.029277604893464, 43.964672868126357 ], [ 1.028971, 43.964587 ], [ 1.027919, 43.964683 ], [ 1.027378, 43.964703 ], [ 1.019987, 43.968529 ], [ 1.017865, 43.968277 ], [ 1.016319, 43.968639 ], [ 1.015917, 43.968873 ] ] ], [ [ [ 0.976946, 43.984617 ], [ 0.985573, 43.986293 ], [ 0.990232195322593, 43.982461043933746 ], [ 0.987594, 43.982162 ], [ 0.984171, 43.979821 ], [ 0.978323, 43.980568 ], [ 0.977712, 43.980974 ], [ 0.976342, 43.981412 ], [ 0.975278289191828, 43.981715340607487 ], [ 0.976946, 43.984617 ] ] ], [ [ [ 0.952824, 44.000463 ], [ 0.955986, 44.006765 ], [ 0.957742384005149, 44.008950228737923 ], [ 0.957706, 44.009257 ], [ 0.958142116788315, 44.009420069755635 ], [ 0.958272, 44.009546 ], [ 0.963346, 44.013978 ], [ 0.964702178960396, 44.016853556351641 ], [ 0.964932, 44.012844 ], [ 0.962075, 44.006062 ], [ 0.958867, 44.004427 ], [ 0.957737, 43.999848 ], [ 0.957066, 43.995673 ], [ 0.95971, 43.993229 ], [ 0.959983, 43.993525 ], [ 0.967881, 43.989239 ], [ 0.964672195175817, 43.984322636931481 ], [ 0.957813, 43.984201 ], [ 0.955321, 43.981603 ], [ 0.950992876865294, 43.978713857390801 ], [ 0.95161, 43.982449 ], [ 0.951176, 43.991046 ], [ 0.953377, 43.998783 ], [ 0.952824, 44.000463 ] ] ], [ [ [ 0.946898, 44.015894 ], [ 0.946727, 44.01591 ], [ 0.944906, 44.016158 ], [ 0.937464, 44.016819 ], [ 0.929609, 44.016711 ], [ 0.927485376108593, 44.016376634927219 ], [ 0.931666, 44.017526 ], [ 0.934634, 44.018071 ], [ 0.939501547878238, 44.022724568545783 ], [ 0.939988773342331, 44.022767645366244 ], [ 0.94606, 44.020151 ], [ 0.947267, 44.019024 ], [ 0.948502, 44.019829 ], [ 0.952038046606465, 44.022334528958794 ], [ 0.95429701635109, 44.023267953949016 ], [ 0.956896, 44.023372 ], [ 0.964428, 44.021637 ], [ 0.964620246438058, 44.018282986250306 ], [ 0.962803676483307, 44.021941795083066 ], [ 0.957932731673525, 44.021806899512136 ], [ 0.956161, 44.021292 ], [ 0.955166, 44.019729 ], [ 0.949528, 44.016474 ], [ 0.94761, 44.015983 ], [ 0.946898, 44.015894 ] ] ], [ [ [ 0.919143, 44.020163 ], [ 0.921030097254355, 44.025115307560959 ], [ 0.920082148543858, 44.026898173605289 ], [ 0.917431, 44.029369 ], [ 0.914987799547081, 44.030940503621075 ], [ 0.916655, 44.031931 ], [ 0.918409, 44.031654 ], [ 0.919403, 44.031563 ], [ 0.921508, 44.031163 ], [ 0.921849732845359, 44.031909283025641 ], [ 0.921698, 44.031117 ], [ 0.926337, 44.025946 ], [ 0.924164, 44.020134 ], [ 0.922867, 44.019063 ], [ 0.921713, 44.018412 ], [ 0.923482, 44.015276 ], [ 0.92420098986872, 44.015473669502036 ], [ 0.920313, 44.011413 ], [ 0.919658, 44.010739 ], [ 0.918485, 44.009848 ], [ 0.91577, 44.012212 ], [ 0.918362, 44.018564 ], [ 0.918576, 44.019482 ], [ 0.919143, 44.020163 ] ] ], [ [ [ 0.926466, 44.035216 ], [ 0.924747, 44.034671 ], [ 0.92310834902002, 44.034657874212222 ], [ 0.923597, 44.035725 ], [ 0.927609110963725, 44.035854439636239 ], [ 0.926941, 44.03531 ], [ 0.926466, 44.035216 ] ] ] ] } },
{ "type": "Feature", "properties": { "codgeo": "82033", "value": 1140, "isochrone_group": 19.0, "nb_agences": 3 }, "geometry": { "type": "MultiPolygon", "coordinates": [ [ [ [ 1.178485, 44.157259 ], [ 1.176247, 44.159234 ], [ 1.179015290432352, 44.157482379554743 ], [ 1.178485, 44.157259 ] ] ], [ [ [ 1.219987, 44.11177 ], [ 1.221407, 44.112179 ], [ 1.225726144577273, 44.112501624362146 ], [ 1.226284, 44.112616 ], [ 1.227493084504308, 44.112640667950409 ], [ 1.232234, 44.113024 ], [ 1.233803535193093, 44.113746002180022 ], [ 1.233807219172166, 44.11372575483167 ], [ 1.232266, 44.113013 ], [ 1.231263597629743, 44.109965696794418 ], [ 1.229354, 44.109546 ], [ 1.223923, 44.108638 ], [ 1.220651, 44.107206 ], [ 1.217556, 44.105368 ], [ 1.210636, 44.106446 ], [ 1.209464, 44.106873 ], [ 1.207532, 44.106203 ], [ 1.20406, 44.104183 ], [ 1.203559, 44.103906 ], [ 1.202968, 44.103326 ], [ 1.20090135884059, 44.100210162260019 ], [ 1.199807, 44.103564 ], [ 1.203578, 44.105614 ], [ 1.204061, 44.105794 ], [ 1.204834, 44.106226 ], [ 1.205138, 44.106486 ], [ 1.205544, 44.106887 ], [ 1.205233021950928, 44.105024413129776 ], [ 1.207168389015635, 44.106412659324093 ], [ 1.20856, 44.108129 ], [ 1.210191, 44.110012 ], [ 1.213681, 44.109129 ], [ 1.219918, 44.111728 ], [ 1.219987, 44.11177 ] ] ], [ [ [ 1.035462, 43.965897 ], [ 1.035988, 43.965966 ], [ 1.036048, 43.96598 ], [ 1.037609, 43.966093 ], [ 1.037653183663942, 43.964055996441765 ], [ 1.036651, 43.963743 ], [ 1.034299, 43.96509 ], [ 1.033882496008759, 43.964482632441047 ], [ 1.033590406892235, 43.965880716516374 ], [ 1.034202, 43.966052 ], [ 1.034983, 43.965922 ], [ 1.035462, 43.965897 ] ] ], [ [ [ 1.028561032153649, 43.964624411514514 ], [ 1.027876739672137, 43.964150501234329 ], [ 1.02528, 43.965352 ], [ 1.024547, 43.965866 ], [ 1.023789451516669, 43.966560635840501 ], [ 1.027378, 43.964703 ], [ 1.027919, 43.964683 ], [ 1.028561032153649, 43.964624411514514 ] ] ], [ [ [ 1.006877, 43.973327 ], [ 1.006553851786469, 43.97382785143428 ], [ 1.01044, 43.972147 ], [ 1.010995921962577, 43.971814685136842 ], [ 1.007898, 43.971963 ], [ 1.006877, 43.973327 ] ] ], [ [ [ 0.946541, 43.992383 ], [ 0.946765, 43.992324 ], [ 0.948500969679576, 43.992223525870642 ], [ 0.950816799105465, 43.994476512124834 ], [ 0.951649, 44.00064 ], [ 0.951193, 44.001988 ], [ 0.951068, 44.002517 ], [ 0.950988, 44.002835 ], [ 0.950956, 44.003469 ], [ 0.946534, 44.011224 ], [ 0.939322, 44.014481 ], [ 0.93854, 44.014697 ], [ 0.936349, 44.015249 ], [ 0.927944, 44.016079 ], [ 0.920313, 44.011413 ], [ 0.924636, 44.015928 ], [ 0.929609, 44.016711 ], [ 0.937464, 44.016819 ], [ 0.944906, 44.016158 ], [ 0.946727, 44.01591 ], [ 0.946898, 44.015894 ], [ 0.94761, 44.015983 ], [ 0.949528, 44.016474 ], [ 0.955166, 44.019729 ], [ 0.956161, 44.021292 ], [ 0.957932731673525, 44.021806899512136 ], [ 0.962803676483307, 44.021941795083066 ], [ 0.965008, 44.017502 ], [ 0.963346, 44.013978 ], [ 0.958272, 44.009546 ], [ 0.958142116788315, 44.009420069755635 ], [ 0.957706, 44.009257 ], [ 0.957742384005149, 44.008950228737923 ], [ 0.955986, 44.006765 ], [ 0.952824, 44.000463 ], [ 0.953377, 43.998783 ], [ 0.951176, 43.991046 ], [ 0.951302759299869, 43.988535055988521 ], [ 0.950937, 43.98875 ], [ 0.947965, 43.986718 ], [ 0.948762, 43.984473 ], [ 0.949485, 43.983732 ], [ 0.945512, 43.986996 ], [ 0.945551, 43.988933 ], [ 0.946541, 43.992383 ] ] ], [ [ [ 0.913999, 44.006872 ], [ 0.912751, 44.006839 ], [ 0.912218, 44.006107 ], [ 0.909844459541215, 44.005718258782203 ], [ 0.909017, 44.009563 ], [ 0.914791, 44.013697 ], [ 0.918576, 44.019482 ], [ 0.918362, 44.018564 ], [ 0.91577, 44.012212 ], [ 0.918485, 44.009848 ], [ 0.919658, 44.010739 ], [ 0.920313, 44.011413 ], [ 0.917410677544519, 44.006229172726577 ], [ 0.916674, 44.002997 ], [ 0.916160220369722, 44.002835004567878 ], [ 0.915661, 44.00472 ], [ 0.914584, 44.006599 ], [ 0.914122, 44.006829 ], [ 0.913999, 44.006872 ] ] ], [ [ [ 0.919906, 44.022859 ], [ 0.919137746093395, 44.027052504905328 ], [ 0.919191, 44.027005 ], [ 0.919543742152784, 44.027399959416279 ], [ 0.920082148543858, 44.026898173605289 ], [ 0.921030097254355, 44.025115307560959 ], [ 0.919143, 44.020163 ], [ 0.918576, 44.019482 ], [ 0.919906, 44.022859 ] ] ], [ [ [ 0.949989, 43.974473 ], [ 0.947715, 43.973462 ], [ 0.947304220523653, 43.973539375410354 ], [ 0.94891, 43.974662 ], [ 0.950005, 43.9831 ], [ 0.949989, 43.974473 ] ] ] ] } },
{ "type": "Feature", "properties": { "codgeo": "82033", "value": 1200, "isochrone_group": 20.0, "nb_agences": 3 }, "geometry": { "type": "MultiPolygon", "coordinates": [ [ [ [ 1.216611, 44.115087 ], [ 1.216859935998407, 44.115255643346899 ], [ 1.216879, 44.115216 ], [ 1.216611, 44.115087 ] ] ], [ [ [ 1.205544, 44.106887 ], [ 1.205979, 44.107354 ], [ 1.206865, 44.108309 ], [ 1.207106, 44.108548 ], [ 1.208821, 44.110188 ], [ 1.209461866896608, 44.110557065843487 ], [ 1.21048, 44.110763 ], [ 1.21321222650471, 44.109247603723887 ], [ 1.210191, 44.110012 ], [ 1.20856, 44.108129 ], [ 1.207168389015635, 44.106412659324093 ], [ 1.205233021950928, 44.105024413129776 ], [ 1.205544, 44.106887 ] ] ], [ [ [ 1.227861, 44.113348 ], [ 1.22765108663329, 44.112653443390094 ], [ 1.227493084504308, 44.112640667950409 ], [ 1.226284, 44.112616 ], [ 1.225726144577273, 44.112501624362146 ], [ 1.221407, 44.112179 ], [ 1.219987, 44.11177 ], [ 1.219918, 44.111728 ], [ 1.213879455072296, 44.109211697568199 ], [ 1.219352, 44.113449 ], [ 1.222179960292434, 44.115406197311785 ], [ 1.222685, 44.115946 ], [ 1.222992281231494, 44.115946 ], [ 1.226007743841248, 44.117548112723455 ], [ 1.228532516513905, 44.114333666566196 ], [ 1.227861, 44.113348 ] ] ], [ [ [ 0.939082, 43.992438 ], [ 0.939161, 43.992529 ], [ 0.940407, 43.993237 ], [ 0.940966, 43.993094 ], [ 0.941824, 43.992911 ], [ 0.942061219789151, 43.992833845990923 ], [ 0.942064, 43.992842 ], [ 0.94582486313511, 43.99337246267482 ], [ 0.948924, 44.000351 ], [ 0.947001, 44.005591 ], [ 0.94608, 44.009071 ], [ 0.939536, 44.011002 ], [ 0.934383, 44.012728 ], [ 0.931716, 44.015147 ], [ 0.927229212483084, 44.01564194082637 ], [ 0.927944, 44.016079 ], [ 0.936349, 44.015249 ], [ 0.93854, 44.014697 ], [ 0.939322, 44.014481 ], [ 0.946534, 44.011224 ], [ 0.950956, 44.003469 ], [ 0.950988, 44.002835 ], [ 0.951068, 44.002517 ], [ 0.951193, 44.001988 ], [ 0.951649, 44.00064 ], [ 0.950816799105465, 43.994476512124834 ], [ 0.949169486112538, 43.992873901203694 ], [ 0.945974, 43.992444 ], [ 0.945389, 43.992391 ], [ 0.9441, 43.992117 ], [ 0.944847, 43.988596 ], [ 0.941250498314924, 43.986934053081541 ], [ 0.939518, 43.989748 ], [ 0.939082, 43.992438 ] ] ], [ [ [ 0.920313, 44.011413 ], [ 0.91982, 44.003939 ], [ 0.920073, 44.003174 ], [ 0.920102, 44.00281 ], [ 0.92009911163506, 44.002322691572132 ], [ 0.919398, 44.003075 ], [ 0.920204936979525, 44.011219989043653 ], [ 0.920313, 44.011413 ] ] ], [ [ [ 0.918576, 44.019482 ], [ 0.914791, 44.013697 ], [ 0.913466975540463, 44.012749040679637 ], [ 0.911788, 44.012249 ], [ 0.908696, 44.010405 ], [ 0.906426398832687, 44.007913987467923 ], [ 0.90620432687242, 44.011233210874039 ], [ 0.907598, 44.011075 ], [ 0.910144, 44.013621 ], [ 0.909535, 44.019986 ], [ 0.909492, 44.023586 ], [ 0.909694, 44.02545 ], [ 0.909888, 44.026046 ], [ 0.917798, 44.028668 ], [ 0.919015, 44.027162 ], [ 0.919137878600041, 44.027051781619335 ], [ 0.919906, 44.022859 ], [ 0.918576, 44.019482 ] ] ] ] } }
]
}
