{
"type": "FeatureCollection",
"name": "Credit_Mutuel",
"crs": { "type": "name", "properties": { "name": "urn:ogc:def:crs:OGC:1.3:CRS84" } },
"features": [
{ "type": "Feature", "properties": { "codgeo": "82033", "value": 60, "isochrone_group": 1.0, "nb_agences": 1 }, "geometry": { "type": "Polygon", "coordinates": [ [ [ 1.102945, 44.040378 ], [ 1.108033, 44.040156 ], [ 1.107569, 44.042466 ], [ 1.107552, 44.042479 ], [ 1.106912, 44.042958 ], [ 1.104542, 44.043705 ], [ 1.10441, 44.043669 ], [ 1.10424, 44.043567 ], [ 1.10275, 44.040681 ], [ 1.102945, 44.040378 ] ] ] } },
{ "type": "Feature", "properties": { "codgeo": "82033", "value": 120, "isochrone_group": 2.0, "nb_agences": 1 }, "geometry": { "type": "Polygon", "coordinates": [ [ [ 1.098878, 44.046691 ], [ 1.098894, 44.046718 ], [ 1.102004, 44.049679 ], [ 1.102343, 44.0498 ], [ 1.106765, 44.04878 ], [ 1.106989, 44.048459 ], [ 1.107212, 44.048138 ], [ 1.107291, 44.047933 ], [ 1.108698, 44.044141 ], [ 1.111041, 44.042161 ], [ 1.111271, 44.041883 ], [ 1.110688, 44.037243 ], [ 1.110548, 44.036911 ], [ 1.106478, 44.036262 ], [ 1.102951, 44.037687 ], [ 1.102892, 44.037727 ], [ 1.100626, 44.041091 ], [ 1.098966, 44.04643 ], [ 1.098878, 44.046691 ] ], [ [ 1.108033, 44.040156 ], [ 1.107569, 44.042466 ], [ 1.107552, 44.042479 ], [ 1.106912, 44.042958 ], [ 1.104542, 44.043705 ], [ 1.10441, 44.043669 ], [ 1.10424, 44.043567 ], [ 1.10275, 44.040681 ], [ 1.102945, 44.040378 ], [ 1.108033, 44.040156 ] ] ] } },
{ "type": "Feature", "properties": { "codgeo": "82033", "value": 180, "isochrone_group": 3.0, "nb_agences": 1 }, "geometry": { "type": "Polygon", "coordinates": [ [ [ 1.09391, 44.051127 ], [ 1.099941, 44.054602 ], [ 1.100277, 44.054731 ], [ 1.106055, 44.052218 ], [ 1.112503, 44.051522 ], [ 1.117403, 44.047335 ], [ 1.117662, 44.047084 ], [ 1.116174, 44.043559 ], [ 1.118532, 44.037274 ], [ 1.121502, 44.033913 ], [ 1.122914, 44.032894 ], [ 1.122982, 44.032718 ], [ 1.122971, 44.032651 ], [ 1.122751, 44.032573 ], [ 1.118157, 44.032383 ], [ 1.110806, 44.033049 ], [ 1.107508, 44.03137 ], [ 1.107279, 44.031222 ], [ 1.10692, 44.031206 ], [ 1.098516, 44.031823 ], [ 1.095924, 44.03059 ], [ 1.095769, 44.030915 ], [ 1.097061, 44.038424 ], [ 1.093972, 44.04489 ], [ 1.093918, 44.045246 ], [ 1.09336, 44.049259 ], [ 1.09391, 44.051127 ] ], [ [ 1.100626, 44.041091 ], [ 1.102892, 44.037727 ], [ 1.102951, 44.037687 ], [ 1.106478, 44.036262 ], [ 1.110548, 44.036911 ], [ 1.110688, 44.037243 ], [ 1.111271, 44.041883 ], [ 1.111041, 44.042161 ], [ 1.108698, 44.044141 ], [ 1.107291, 44.047933 ], [ 1.107212, 44.048138 ], [ 1.106989, 44.048459 ], [ 1.106765, 44.04878 ], [ 1.102343, 44.0498 ], [ 1.102004, 44.049679 ], [ 1.098894, 44.046718 ], [ 1.098878, 44.046691 ], [ 1.098966, 44.04643 ], [ 1.100626, 44.041091 ] ] ] } },
{ "type": "Feature", "properties": { "codgeo": "82033", "value": 240, "isochrone_group": 4.0, "nb_agences": 1 }, "geometry": { "type": "Polygon", "coordinates": [ [ [ 1.085818, 44.050423 ], [ 1.088681, 44.054428 ], [ 1.09051, 44.056511 ], [ 1.096565, 44.059945 ], [ 1.099973, 44.061105 ], [ 1.102444, 44.059713 ], [ 1.104104, 44.058884 ], [ 1.106527, 44.057345 ], [ 1.11296, 44.057199 ], [ 1.113487, 44.057407 ], [ 1.117462, 44.057872 ], [ 1.123007, 44.055051 ], [ 1.125581, 44.052534 ], [ 1.124831, 44.051127 ], [ 1.126923, 44.042501 ], [ 1.12892, 44.039506 ], [ 1.12924, 44.035695 ], [ 1.133842, 44.0314 ], [ 1.132795, 44.027955 ], [ 1.129908, 44.028635 ], [ 1.126534, 44.029221 ], [ 1.119847, 44.028309 ], [ 1.116249, 44.028183 ], [ 1.111662, 44.024395 ], [ 1.1092, 44.024722 ], [ 1.10809, 44.02484 ], [ 1.102088, 44.026124 ], [ 1.094874, 44.026002 ], [ 1.086199, 44.02378 ], [ 1.082471, 44.022308 ], [ 1.080736, 44.025462 ], [ 1.082135, 44.026231 ], [ 1.084669, 44.027446 ], [ 1.08674, 44.028429 ], [ 1.089335, 44.029997 ], [ 1.09064, 44.037801 ], [ 1.090156, 44.038974 ], [ 1.08846, 44.044205 ], [ 1.08697, 44.047012 ], [ 1.085818, 44.050423 ] ], [ [ 1.093918, 44.045246 ], [ 1.093972, 44.04489 ], [ 1.097061, 44.038424 ], [ 1.095769, 44.030915 ], [ 1.095924, 44.03059 ], [ 1.098516, 44.031823 ], [ 1.10692, 44.031206 ], [ 1.107279, 44.031222 ], [ 1.107508, 44.03137 ], [ 1.110806, 44.033049 ], [ 1.118157, 44.032383 ], [ 1.122751, 44.032573 ], [ 1.122971, 44.032651 ], [ 1.122982, 44.032718 ], [ 1.122914, 44.032894 ], [ 1.121502, 44.033913 ], [ 1.118532, 44.037274 ], [ 1.116174, 44.043559 ], [ 1.117662, 44.047084 ], [ 1.117403, 44.047335 ], [ 1.112503, 44.051522 ], [ 1.106055, 44.052218 ], [ 1.100277, 44.054731 ], [ 1.099941, 44.054602 ], [ 1.09391, 44.051127 ], [ 1.09336, 44.049259 ], [ 1.093918, 44.045246 ] ] ] } },
{ "type": "Feature", "properties": { "codgeo": "82033", "value": 300, "isochrone_group": 5.0, "nb_agences": 1 }, "geometry": { "type": "MultiPolygon", "coordinates": [ [ [ [ 1.081566, 44.021801 ], [ 1.079011, 44.020421 ], [ 1.0783, 44.020038 ], [ 1.077719, 44.01979 ], [ 1.077241, 44.019617 ], [ 1.076723, 44.01947 ], [ 1.073807, 44.01875 ], [ 1.07364, 44.018733 ], [ 1.072774, 44.019262 ], [ 1.07183, 44.019861 ], [ 1.072654, 44.022161 ], [ 1.073759, 44.0229 ], [ 1.077928, 44.025685 ], [ 1.082513, 44.028735 ], [ 1.082757, 44.028996 ], [ 1.086781, 44.036304 ], [ 1.086497, 44.037856 ], [ 1.084429, 44.041403 ], [ 1.083426, 44.044861 ], [ 1.082386, 44.048922 ], [ 1.08331, 44.054894 ], [ 1.085989, 44.059261 ], [ 1.086007, 44.059265 ], [ 1.089987, 44.060556 ], [ 1.09394, 44.067283 ], [ 1.09734, 44.068465 ], [ 1.098765, 44.067437 ], [ 1.102095, 44.064976 ], [ 1.105947, 44.0619 ], [ 1.111821, 44.058798 ], [ 1.115108, 44.059438 ], [ 1.120493, 44.061686 ], [ 1.122496, 44.063469 ], [ 1.125037, 44.062263 ], [ 1.125684, 44.061796 ], [ 1.128344, 44.059287 ], [ 1.129281, 44.055811 ], [ 1.128051, 44.052454 ], [ 1.133109, 44.045185 ], [ 1.137078, 44.044417 ], [ 1.137258, 44.042796 ], [ 1.137143, 44.040817 ], [ 1.139732, 44.032476 ], [ 1.141077, 44.032064 ], [ 1.144579, 44.027736 ], [ 1.144467, 44.025603 ], [ 1.144347, 44.025453 ], [ 1.143316, 44.024365 ], [ 1.135088, 44.024759 ], [ 1.135002, 44.024808 ], [ 1.129614, 44.027073 ], [ 1.121917, 44.023784 ], [ 1.116593, 44.017465 ], [ 1.113582, 44.017198 ], [ 1.112356, 44.017491 ], [ 1.105177, 44.0216 ], [ 1.104482, 44.022922 ], [ 1.104431, 44.024753 ], [ 1.103345903054167, 44.025854898446937 ], [ 1.10809, 44.02484 ], [ 1.1092, 44.024722 ], [ 1.111662, 44.024395 ], [ 1.116249, 44.028183 ], [ 1.119847, 44.028309 ], [ 1.126534, 44.029221 ], [ 1.129908, 44.028635 ], [ 1.132795, 44.027955 ], [ 1.133842, 44.0314 ], [ 1.12924, 44.035695 ], [ 1.12892, 44.039506 ], [ 1.126923, 44.042501 ], [ 1.124831, 44.051127 ], [ 1.125581, 44.052534 ], [ 1.123007, 44.055051 ], [ 1.117462, 44.057872 ], [ 1.113487, 44.057407 ], [ 1.11296, 44.057199 ], [ 1.106527, 44.057345 ], [ 1.104104, 44.058884 ], [ 1.102444, 44.059713 ], [ 1.099973, 44.061105 ], [ 1.096565, 44.059945 ], [ 1.09051, 44.056511 ], [ 1.088681, 44.054428 ], [ 1.085818, 44.050423 ], [ 1.08697, 44.047012 ], [ 1.08846, 44.044205 ], [ 1.090156, 44.038974 ], [ 1.09064, 44.037801 ], [ 1.089335, 44.029997 ], [ 1.08674, 44.028429 ], [ 1.084669, 44.027446 ], [ 1.082135, 44.026231 ], [ 1.080736, 44.025462 ], [ 1.082471, 44.022308 ], [ 1.082507443449732, 44.022322389688298 ], [ 1.081566, 44.021801 ] ] ], [ [ [ 1.093495, 44.024625 ], [ 1.09346, 44.023456 ], [ 1.093232, 44.022846 ], [ 1.093073, 44.022573 ], [ 1.087055158857207, 44.023999295098626 ], [ 1.094263701846619, 44.025845679251091 ], [ 1.093495, 44.024625 ] ] ] ] } },
{ "type": "Feature", "properties": { "codgeo": "82033", "value": 360, "isochrone_group": 6.0, "nb_agences": 1 }, "geometry": { "type": "MultiPolygon", "coordinates": [ [ [ [ 1.077371, 44.017828 ], [ 1.077024, 44.017503 ], [ 1.074996, 44.016941 ], [ 1.073399, 44.016703 ], [ 1.073224, 44.016776 ], [ 1.065901, 44.020939 ], [ 1.061274, 44.022509 ], [ 1.060163, 44.023329 ], [ 1.060849, 44.025086 ], [ 1.061262, 44.025396 ], [ 1.062301, 44.026225 ], [ 1.063412, 44.025405 ], [ 1.06475, 44.024619 ], [ 1.072716, 44.027207 ], [ 1.073185, 44.027818 ], [ 1.073411, 44.02801 ], [ 1.079955, 44.02912 ], [ 1.0821, 44.035586 ], [ 1.081388, 44.038985 ], [ 1.079867, 44.042136 ], [ 1.07267, 44.044121 ], [ 1.070833, 44.043753 ], [ 1.067594, 44.043133 ], [ 1.067137, 44.043052 ], [ 1.066507, 44.046596 ], [ 1.066963, 44.046677 ], [ 1.07016, 44.047289 ], [ 1.076633, 44.051885 ], [ 1.077585, 44.053431 ], [ 1.078946, 44.056209 ], [ 1.079257, 44.056554 ], [ 1.082428, 44.059881 ], [ 1.082469, 44.059897 ], [ 1.089273, 44.063595 ], [ 1.092461, 44.0714 ], [ 1.091984, 44.072814 ], [ 1.09142, 44.074368 ], [ 1.094804, 44.075596 ], [ 1.095368, 44.074042 ], [ 1.10215, 44.068786 ], [ 1.107824, 44.066397 ], [ 1.111968, 44.063758 ], [ 1.119622, 44.063972 ], [ 1.122578, 44.066843 ], [ 1.124459, 44.068536 ], [ 1.125906, 44.070256 ], [ 1.126413, 44.070716 ], [ 1.127003, 44.071087 ], [ 1.128684, 44.069069 ], [ 1.128918, 44.068038 ], [ 1.131036, 44.06399 ], [ 1.138646, 44.061715 ], [ 1.1396, 44.061401 ], [ 1.14084, 44.060906 ], [ 1.140874, 44.060847 ], [ 1.140301, 44.058518 ], [ 1.140104, 44.058417 ], [ 1.138521, 44.057616 ], [ 1.13789, 44.057371 ], [ 1.135391, 44.05577 ], [ 1.133566, 44.050307 ], [ 1.138423, 44.047022 ], [ 1.144401, 44.043984 ], [ 1.146211, 44.043678 ], [ 1.146802, 44.043564 ], [ 1.146121, 44.040029 ], [ 1.151961, 44.033433 ], [ 1.154704, 44.033903 ], [ 1.157581, 44.033915 ], [ 1.1582, 44.030369 ], [ 1.157465, 44.022466 ], [ 1.157179, 44.0199 ], [ 1.15693, 44.019672 ], [ 1.15575, 44.0193 ], [ 1.148588, 44.021333 ], [ 1.146588, 44.021804 ], [ 1.139116, 44.021875 ], [ 1.139006, 44.022386 ], [ 1.137232220865932, 44.024656323405296 ], [ 1.143316, 44.024365 ], [ 1.144347, 44.025453 ], [ 1.144467, 44.025603 ], [ 1.144579, 44.027736 ], [ 1.141077, 44.032064 ], [ 1.139732, 44.032476 ], [ 1.137143, 44.040817 ], [ 1.137258, 44.042796 ], [ 1.137078, 44.044417 ], [ 1.133109, 44.045185 ], [ 1.128051, 44.052454 ], [ 1.129281, 44.055811 ], [ 1.128344, 44.059287 ], [ 1.125684, 44.061796 ], [ 1.125037, 44.062263 ], [ 1.122496, 44.063469 ], [ 1.120493, 44.061686 ], [ 1.115108, 44.059438 ], [ 1.111821, 44.058798 ], [ 1.105947, 44.0619 ], [ 1.102095, 44.064976 ], [ 1.098765, 44.067437 ], [ 1.09734, 44.068465 ], [ 1.09394, 44.067283 ], [ 1.089987, 44.060556 ], [ 1.086007, 44.059265 ], [ 1.085989, 44.059261 ], [ 1.08331, 44.054894 ], [ 1.082386, 44.048922 ], [ 1.083426, 44.044861 ], [ 1.084429, 44.041403 ], [ 1.086497, 44.037856 ], [ 1.086781, 44.036304 ], [ 1.082757, 44.028996 ], [ 1.082513, 44.028735 ], [ 1.077928, 44.025685 ], [ 1.073759, 44.0229 ], [ 1.072654, 44.022161 ], [ 1.07183, 44.019861 ], [ 1.072774, 44.019262 ], [ 1.07364, 44.018733 ], [ 1.073807, 44.01875 ], [ 1.076723, 44.01947 ], [ 1.077241, 44.019617 ], [ 1.077719, 44.01979 ], [ 1.0783, 44.020038 ], [ 1.079011, 44.020421 ], [ 1.081566, 44.021801 ], [ 1.077371, 44.017828 ] ] ], [ [ [ 1.093028, 44.0225 ], [ 1.092574, 44.021967 ], [ 1.091453, 44.020758 ], [ 1.08829, 44.022477 ], [ 1.081566, 44.021801 ], [ 1.08387, 44.023077 ], [ 1.086221, 44.024197 ], [ 1.093071280716247, 44.022573407489325 ], [ 1.093028, 44.0225 ] ] ], [ [ [ 1.128161, 44.024095 ], [ 1.126956, 44.020703 ], [ 1.125187, 44.01655 ], [ 1.122495, 44.014159 ], [ 1.115275, 44.014972 ], [ 1.111144, 44.013584 ], [ 1.110557, 44.01458 ], [ 1.110153, 44.015321 ], [ 1.109891, 44.016519 ], [ 1.102928, 44.020911 ], [ 1.1018, 44.024329 ], [ 1.093232, 44.022846 ], [ 1.09346, 44.023456 ], [ 1.093495, 44.024625 ], [ 1.096206, 44.02893 ], [ 1.099006, 44.030262 ], [ 1.104431, 44.024753 ], [ 1.104482, 44.022922 ], [ 1.105177, 44.0216 ], [ 1.112356, 44.017491 ], [ 1.113582, 44.017198 ], [ 1.116593, 44.017465 ], [ 1.121917, 44.023784 ], [ 1.129614, 44.027073 ], [ 1.133179791171498, 44.025574017631136 ], [ 1.128161, 44.024095 ] ] ] ] } },
{ "type": "Feature", "properties": { "codgeo": "82033", "value": 420, "isochrone_group": 7.0, "nb_agences": 1 }, "geometry": { "type": "MultiPolygon", "coordinates": [ [ [ [ 1.060076, 44.020102 ], [ 1.059492, 44.019908 ], [ 1.057643, 44.019007 ], [ 1.055519, 44.021913 ], [ 1.052315, 44.028181 ], [ 1.0487, 44.028664 ], [ 1.048197, 44.028643 ], [ 1.046808, 44.030556 ], [ 1.043668, 44.038836 ], [ 1.043212, 44.042407 ], [ 1.045403, 44.042686 ], [ 1.047487, 44.04302 ], [ 1.04945, 44.043358 ], [ 1.052456, 44.043939 ], [ 1.058099, 44.045014 ], [ 1.062442, 44.045839 ], [ 1.068023, 44.04918 ], [ 1.071654, 44.05295 ], [ 1.07525, 44.058655 ], [ 1.078766, 44.059429 ], [ 1.084553, 44.062529 ], [ 1.088725, 44.068203 ], [ 1.088589, 44.076842 ], [ 1.088388, 44.079604 ], [ 1.088406, 44.082794 ], [ 1.091794, 44.08401 ], [ 1.098445, 44.078283 ], [ 1.098734, 44.074998 ], [ 1.105217, 44.070857 ], [ 1.110981, 44.067773 ], [ 1.113657, 44.065364 ], [ 1.120291, 44.067996 ], [ 1.124406, 44.074202 ], [ 1.128998, 44.075543 ], [ 1.130781, 44.075198 ], [ 1.131115, 44.074589 ], [ 1.13217, 44.072468 ], [ 1.135561, 44.065897 ], [ 1.141743, 44.06594 ], [ 1.148172, 44.066272 ], [ 1.14935, 44.06287 ], [ 1.147025, 44.061203 ], [ 1.145481, 44.059456 ], [ 1.145214, 44.059359 ], [ 1.143604, 44.059347 ], [ 1.138389, 44.052451 ], [ 1.143368, 44.048721 ], [ 1.150171, 44.044697 ], [ 1.156485, 44.044377 ], [ 1.156703, 44.044371 ], [ 1.158127, 44.041958 ], [ 1.164285, 44.036135 ], [ 1.165999, 44.036374 ], [ 1.168105, 44.03595 ], [ 1.172123, 44.035883 ], [ 1.174222, 44.035925 ], [ 1.174295, 44.032326 ], [ 1.169311, 44.030974 ], [ 1.166536, 44.030001 ], [ 1.163139, 44.022165 ], [ 1.168076, 44.01607 ], [ 1.168209, 44.015984 ], [ 1.16809, 44.013053 ], [ 1.168057, 44.013032 ], [ 1.167415, 44.012785 ], [ 1.16733, 44.01277 ], [ 1.166257, 44.012959 ], [ 1.158416, 44.015065 ], [ 1.153023, 44.016129 ], [ 1.15295, 44.016201 ], [ 1.146926, 44.019557 ], [ 1.143501, 44.018936 ], [ 1.140129, 44.017425 ], [ 1.137656, 44.020042 ], [ 1.130082, 44.020018 ], [ 1.130661, 44.01226 ], [ 1.131486, 44.011576 ], [ 1.131954, 44.01091 ], [ 1.132142, 44.010559 ], [ 1.12921, 44.00853 ], [ 1.128331, 44.00943 ], [ 1.125358, 44.011599 ], [ 1.124671, 44.01209 ], [ 1.116, 44.011208 ], [ 1.114215, 44.008719 ], [ 1.113971, 44.00878 ], [ 1.113541, 44.008945 ], [ 1.112768, 44.009622 ], [ 1.111745, 44.011323 ], [ 1.111484, 44.012111 ], [ 1.110153, 44.015321 ], [ 1.110557, 44.01458 ], [ 1.111144, 44.013584 ], [ 1.115275, 44.014972 ], [ 1.122495, 44.014159 ], [ 1.125187, 44.01655 ], [ 1.126956, 44.020703 ], [ 1.128161, 44.024095 ], [ 1.135891, 44.026373 ], [ 1.139006, 44.022386 ], [ 1.139116, 44.021875 ], [ 1.146588, 44.021804 ], [ 1.148588, 44.021333 ], [ 1.15575, 44.0193 ], [ 1.15693, 44.019672 ], [ 1.157179, 44.0199 ], [ 1.157465, 44.022466 ], [ 1.1582, 44.030369 ], [ 1.157581, 44.033915 ], [ 1.154704, 44.033903 ], [ 1.151961, 44.033433 ], [ 1.146121, 44.040029 ], [ 1.146802, 44.043564 ], [ 1.146211, 44.043678 ], [ 1.144401, 44.043984 ], [ 1.138423, 44.047022 ], [ 1.133566, 44.050307 ], [ 1.135391, 44.05577 ], [ 1.13789, 44.057371 ], [ 1.138521, 44.057616 ], [ 1.140104, 44.058417 ], [ 1.140301, 44.058518 ], [ 1.140874, 44.060847 ], [ 1.14084, 44.060906 ], [ 1.1396, 44.061401 ], [ 1.138646, 44.061715 ], [ 1.131036, 44.06399 ], [ 1.128918, 44.068038 ], [ 1.128684, 44.069069 ], [ 1.127003, 44.071087 ], [ 1.126413, 44.070716 ], [ 1.125906, 44.070256 ], [ 1.124459, 44.068536 ], [ 1.122578, 44.066843 ], [ 1.119622, 44.063972 ], [ 1.111968, 44.063758 ], [ 1.107824, 44.066397 ], [ 1.10215, 44.068786 ], [ 1.095368, 44.074042 ], [ 1.094804, 44.075596 ], [ 1.09142, 44.074368 ], [ 1.091984, 44.072814 ], [ 1.092461, 44.0714 ], [ 1.089273, 44.063595 ], [ 1.082469, 44.059897 ], [ 1.082428, 44.059881 ], [ 1.079257, 44.056554 ], [ 1.078946, 44.056209 ], [ 1.077585, 44.053431 ], [ 1.076633, 44.051885 ], [ 1.07016, 44.047289 ], [ 1.066963, 44.046677 ], [ 1.066507, 44.046596 ], [ 1.067137, 44.043052 ], [ 1.067594, 44.043133 ], [ 1.070833, 44.043753 ], [ 1.07267, 44.044121 ], [ 1.079867, 44.042136 ], [ 1.081388, 44.038985 ], [ 1.0821, 44.035586 ], [ 1.079955, 44.02912 ], [ 1.073411, 44.02801 ], [ 1.073185, 44.027818 ], [ 1.072716, 44.027207 ], [ 1.06475, 44.024619 ], [ 1.063412, 44.025405 ], [ 1.062301, 44.026225 ], [ 1.061262, 44.025396 ], [ 1.060849, 44.025086 ], [ 1.060163, 44.023329 ], [ 1.061274, 44.022509 ], [ 1.065266474825113, 44.021154302469107 ], [ 1.060076, 44.020102 ] ] ], [ [ [ 1.090567, 44.019232 ], [ 1.090017, 44.018356 ], [ 1.086969, 44.020273 ], [ 1.080785, 44.016824 ], [ 1.078009, 44.012706 ], [ 1.077892, 44.012631 ], [ 1.077611, 44.01248 ], [ 1.076291, 44.012163 ], [ 1.069471, 44.013563 ], [ 1.06813, 44.015945 ], [ 1.065647920831546, 44.02102487298346 ], [ 1.065901, 44.020939 ], [ 1.073224, 44.016776 ], [ 1.073399, 44.016703 ], [ 1.074996, 44.016941 ], [ 1.077024, 44.017503 ], [ 1.077371, 44.017828 ], [ 1.081566, 44.021801 ], [ 1.08829, 44.022477 ], [ 1.091453, 44.020758 ], [ 1.092574, 44.021967 ], [ 1.090567, 44.019232 ] ] ] ] } },
{ "type": "Feature", "properties": { "codgeo": "82033", "value": 480, "isochrone_group": 8.0, "nb_agences": 1 }, "geometry": { "type": "MultiPolygon", "coordinates": [ [ [ [ 1.082592, 44.01722 ], [ 1.086365, 44.010308 ], [ 1.087399, 44.007968 ], [ 1.087114, 44.007569 ], [ 1.086931, 44.007351 ], [ 1.086894, 44.007313 ], [ 1.085672, 44.006775 ], [ 1.081139, 44.007238 ], [ 1.075465, 44.011081 ], [ 1.07081, 44.010469 ], [ 1.063958, 44.009964 ], [ 1.05925, 44.011807 ], [ 1.057603, 44.015008 ], [ 1.05158, 44.020057 ], [ 1.047236, 44.02379 ], [ 1.045745, 44.025102 ], [ 1.038184, 44.02661 ], [ 1.03814, 44.026621 ], [ 1.034127, 44.029676 ], [ 1.034419, 44.032209 ], [ 1.028561, 44.038364 ], [ 1.026291, 44.038512 ], [ 1.024649, 44.038651 ], [ 1.021543, 44.038935 ], [ 1.018437, 44.03922 ], [ 1.018765, 44.042805 ], [ 1.021871, 44.04252 ], [ 1.024977, 44.042236 ], [ 1.026596, 44.042099 ], [ 1.028795, 44.041956 ], [ 1.030451, 44.041884 ], [ 1.032314, 44.041841 ], [ 1.034053, 44.041834 ], [ 1.035842, 44.041862 ], [ 1.03847, 44.041981 ], [ 1.041053, 44.042173 ], [ 1.043212031243948, 44.042406755324265 ], [ 1.043668, 44.038836 ], [ 1.046808, 44.030556 ], [ 1.048197, 44.028643 ], [ 1.0487, 44.028664 ], [ 1.052315, 44.028181 ], [ 1.055519, 44.021913 ], [ 1.057643, 44.019007 ], [ 1.059492, 44.019908 ], [ 1.060076, 44.020102 ], [ 1.065556, 44.021213 ], [ 1.06813, 44.015945 ], [ 1.069471, 44.013563 ], [ 1.076291, 44.012163 ], [ 1.077611, 44.01248 ], [ 1.077892, 44.012631 ], [ 1.078009, 44.012706 ], [ 1.080785, 44.016824 ], [ 1.08367796031719, 44.01843748967238 ], [ 1.082592, 44.01722 ] ] ], [ [ [ 1.172235, 44.015463 ], [ 1.174271, 44.017461 ], [ 1.174361, 44.017495 ], [ 1.174502, 44.017467 ], [ 1.175383, 44.017199 ], [ 1.1767, 44.015947 ], [ 1.176755, 44.015366 ], [ 1.17591, 44.010368 ], [ 1.1753, 44.008612 ], [ 1.1738, 44.007451 ], [ 1.165299, 44.008123 ], [ 1.162681, 44.007782 ], [ 1.160928, 44.010926 ], [ 1.152519, 44.013683 ], [ 1.151345, 44.012783 ], [ 1.148783, 44.015312 ], [ 1.140049, 44.016582 ], [ 1.138818, 44.015062 ], [ 1.137586, 44.013543 ], [ 1.136752, 44.007198 ], [ 1.13521, 44.003945 ], [ 1.129784, 44.002068 ], [ 1.129294, 44.001882 ], [ 1.127354, 44.003377 ], [ 1.127331, 44.003567 ], [ 1.125496, 44.007355 ], [ 1.117481, 44.00883 ], [ 1.115593, 44.006836 ], [ 1.113048, 44.007926 ], [ 1.11293, 44.008363 ], [ 1.111745, 44.011323 ], [ 1.112768, 44.009622 ], [ 1.113541, 44.008945 ], [ 1.113971, 44.00878 ], [ 1.114215, 44.008719 ], [ 1.116, 44.011208 ], [ 1.124671, 44.01209 ], [ 1.125358, 44.011599 ], [ 1.128331, 44.00943 ], [ 1.12921, 44.00853 ], [ 1.132142, 44.010559 ], [ 1.131954, 44.01091 ], [ 1.131486, 44.011576 ], [ 1.130661, 44.01226 ], [ 1.130082, 44.020018 ], [ 1.137656, 44.020042 ], [ 1.140129, 44.017425 ], [ 1.143501, 44.018936 ], [ 1.146926, 44.019557 ], [ 1.15295, 44.016201 ], [ 1.153023, 44.016129 ], [ 1.158416, 44.015065 ], [ 1.166257, 44.012959 ], [ 1.16733, 44.01277 ], [ 1.167415, 44.012785 ], [ 1.168057, 44.013032 ], [ 1.16809, 44.013053 ], [ 1.168209, 44.015984 ], [ 1.168076, 44.01607 ], [ 1.167102800537649, 44.017271468649589 ], [ 1.172235, 44.015463 ] ] ], [ [ [ 1.087371, 44.076221 ], [ 1.086577, 44.077089 ], [ 1.086475, 44.077246 ], [ 1.085844, 44.078347 ], [ 1.085834, 44.078399 ], [ 1.085993, 44.081302 ], [ 1.084031, 44.087825 ], [ 1.085294, 44.091793 ], [ 1.086593, 44.092553 ], [ 1.088704, 44.092947 ], [ 1.089028, 44.09199 ], [ 1.094487, 44.085694 ], [ 1.101607, 44.082787 ], [ 1.103011, 44.076164 ], [ 1.103341, 44.075352 ], [ 1.105252, 44.072169 ], [ 1.113324, 44.073178 ], [ 1.114948, 44.074729 ], [ 1.122549, 44.078558 ], [ 1.123158, 44.079783 ], [ 1.124701, 44.081444 ], [ 1.128322, 44.079434 ], [ 1.134644, 44.077778 ], [ 1.136488, 44.074686 ], [ 1.141567, 44.068106 ], [ 1.148332, 44.068383 ], [ 1.151801, 44.069344 ], [ 1.159604, 44.069912 ], [ 1.160792, 44.066514 ], [ 1.158178, 44.065353 ], [ 1.155372, 44.063097 ], [ 1.151596, 44.061352 ], [ 1.149071, 44.057307 ], [ 1.148521, 44.055813 ], [ 1.149842, 44.049224 ], [ 1.155205, 44.048409 ], [ 1.160248, 44.045951 ], [ 1.161131, 44.045609 ], [ 1.164878, 44.043994 ], [ 1.167499, 44.043425 ], [ 1.167877, 44.043276 ], [ 1.174712, 44.041302 ], [ 1.177334, 44.042824 ], [ 1.177493, 44.042744 ], [ 1.178298, 44.041614 ], [ 1.185333, 44.036557 ], [ 1.186862, 44.036451 ], [ 1.188091, 44.036395 ], [ 1.190893, 44.036262 ], [ 1.19108, 44.033807 ], [ 1.190966, 44.032663 ], [ 1.189861, 44.03264 ], [ 1.181876, 44.028834 ], [ 1.181477, 44.028497 ], [ 1.179361, 44.028331 ], [ 1.1748, 44.028125 ], [ 1.173684, 44.028301 ], [ 1.173097, 44.028619 ], [ 1.170041, 44.030529 ], [ 1.165572, 44.023571 ], [ 1.165265848577693, 44.01953928760765 ], [ 1.163139, 44.022165 ], [ 1.166536, 44.030001 ], [ 1.169311, 44.030974 ], [ 1.174295, 44.032326 ], [ 1.174222, 44.035925 ], [ 1.172123, 44.035883 ], [ 1.168105, 44.03595 ], [ 1.165999, 44.036374 ], [ 1.164285, 44.036135 ], [ 1.158127, 44.041958 ], [ 1.156703, 44.044371 ], [ 1.156485, 44.044377 ], [ 1.150171, 44.044697 ], [ 1.143368, 44.048721 ], [ 1.138389, 44.052451 ], [ 1.143604, 44.059347 ], [ 1.145214, 44.059359 ], [ 1.145481, 44.059456 ], [ 1.147025, 44.061203 ], [ 1.14935, 44.06287 ], [ 1.148172, 44.066272 ], [ 1.141743, 44.06594 ], [ 1.135561, 44.065897 ], [ 1.13217, 44.072468 ], [ 1.131115, 44.074589 ], [ 1.130781, 44.075198 ], [ 1.128998, 44.075543 ], [ 1.124406, 44.074202 ], [ 1.120291, 44.067996 ], [ 1.113657, 44.065364 ], [ 1.110981, 44.067773 ], [ 1.105217, 44.070857 ], [ 1.098734, 44.074998 ], [ 1.098445, 44.078283 ], [ 1.091794, 44.08401 ], [ 1.088406, 44.082794 ], [ 1.088388, 44.079604 ], [ 1.088589, 44.076842 ], [ 1.08861960732277, 44.074897759842628 ], [ 1.087371, 44.076221 ] ] ], [ [ [ 1.082152, 44.061919 ], [ 1.084093, 44.06495 ], [ 1.08467, 44.0649 ], [ 1.086752789925364, 44.065520756480467 ], [ 1.084553, 44.062529 ], [ 1.079578320115928, 44.059864146424637 ], [ 1.082152, 44.061919 ] ] ], [ [ [ 1.063476, 44.048106 ], [ 1.067574, 44.054722 ], [ 1.068619, 44.058617 ], [ 1.068813, 44.059208 ], [ 1.072233, 44.058085 ], [ 1.074895943171417, 44.058093294158212 ], [ 1.071654, 44.05295 ], [ 1.068023, 44.04918 ], [ 1.062442, 44.045839 ], [ 1.058099, 44.045014 ], [ 1.063476, 44.048106 ] ] ] ] } },
{ "type": "Feature", "properties": { "codgeo": "82033", "value": 540, "isochrone_group": 9.0, "nb_agences": 1 }, "geometry": { "type": "MultiPolygon", "coordinates": [ [ [ [ 1.086259, 44.018772 ], [ 1.089738, 44.010571 ], [ 1.090761, 44.009982 ], [ 1.093637, 44.008269 ], [ 1.094412, 44.007962 ], [ 1.094822, 44.007737 ], [ 1.095223, 44.007426 ], [ 1.095544, 44.00707 ], [ 1.095865, 44.006619 ], [ 1.09413, 44.005197 ], [ 1.093607, 44.004768 ], [ 1.092928, 44.004536 ], [ 1.087722, 44.003695 ], [ 1.083455, 44.001805 ], [ 1.082606, 44.001381 ], [ 1.082027, 44.001155 ], [ 1.080721, 44.00451 ], [ 1.074088, 44.007444 ], [ 1.071343, 44.006073 ], [ 1.070684, 44.005804 ], [ 1.06458, 44.006046 ], [ 1.061135, 44.00709 ], [ 1.053855, 44.006248 ], [ 1.051882, 44.00926 ], [ 1.052718, 44.012948 ], [ 1.048582, 44.018115 ], [ 1.048556, 44.018773 ], [ 1.041669, 44.023332 ], [ 1.039018, 44.020192 ], [ 1.038943, 44.020166 ], [ 1.038358, 44.020065 ], [ 1.03698, 44.020415 ], [ 1.036835, 44.020634 ], [ 1.035865, 44.022206 ], [ 1.028311, 44.024958 ], [ 1.025907, 44.023962 ], [ 1.024528, 44.027288 ], [ 1.017963, 44.032303 ], [ 1.016746, 44.034395 ], [ 1.009942, 44.040033 ], [ 1.006984, 44.040466 ], [ 1.003952, 44.040912 ], [ 1.002608, 44.041166 ], [ 1.001275, 44.041445 ], [ 0.998482, 44.042079 ], [ 0.996217, 44.042692 ], [ 0.995276, 44.042966 ], [ 0.996281, 44.046423 ], [ 0.998524, 44.045873 ], [ 1.003345, 44.04469 ], [ 1.007505, 44.044028 ], [ 1.010463, 44.043595 ], [ 1.012291, 44.043396 ], [ 1.015439, 44.043109 ], [ 1.018618, 44.042818 ], [ 1.018764958999101, 44.042804551865189 ], [ 1.018437, 44.03922 ], [ 1.021543, 44.038935 ], [ 1.024649, 44.038651 ], [ 1.026291, 44.038512 ], [ 1.028561, 44.038364 ], [ 1.034419, 44.032209 ], [ 1.034127, 44.029676 ], [ 1.03814, 44.026621 ], [ 1.038184, 44.02661 ], [ 1.045745, 44.025102 ], [ 1.047236, 44.02379 ], [ 1.05158, 44.020057 ], [ 1.057603, 44.015008 ], [ 1.05925, 44.011807 ], [ 1.063958, 44.009964 ], [ 1.07081, 44.010469 ], [ 1.075465, 44.011081 ], [ 1.081139, 44.007238 ], [ 1.085672, 44.006775 ], [ 1.086894, 44.007313 ], [ 1.086931, 44.007351 ], [ 1.087114, 44.007569 ], [ 1.087399, 44.007968 ], [ 1.086365, 44.010308 ], [ 1.082592, 44.01722 ], [ 1.084846, 44.019747 ], [ 1.093232, 44.022846 ], [ 1.086259, 44.018772 ] ] ], [ [ [ 1.191703, 44.036279 ], [ 1.196509, 44.038612 ], [ 1.19823, 44.038252 ], [ 1.204897, 44.036544 ], [ 1.207568, 44.036595 ], [ 1.207637, 44.032996 ], [ 1.2032, 44.032317 ], [ 1.199341, 44.03283 ], [ 1.196511, 44.032773 ], [ 1.193689, 44.032718 ], [ 1.190108, 44.026446 ], [ 1.188673, 44.023748 ], [ 1.185269, 44.017995 ], [ 1.183356, 44.014473 ], [ 1.181156, 44.008243 ], [ 1.183358, 44.003245 ], [ 1.182137, 44.001809 ], [ 1.180722, 44.000793 ], [ 1.177835, 44.001858 ], [ 1.174657, 44.00322 ], [ 1.170125, 44.00538 ], [ 1.168553, 44.006614 ], [ 1.160653, 44.006652 ], [ 1.158023, 44.005144 ], [ 1.154384, 44.00298 ], [ 1.149893, 44.002208 ], [ 1.140937, 44.002231 ], [ 1.13646, 44.000628 ], [ 1.133716, 44.000171 ], [ 1.128017, 43.995667 ], [ 1.127566, 43.995086 ], [ 1.126766, 43.995202 ], [ 1.126048, 43.9956 ], [ 1.125116, 43.996303 ], [ 1.124721, 43.997291 ], [ 1.125171, 43.997872 ], [ 1.126822, 44.00157 ], [ 1.126507, 44.003809 ], [ 1.119501, 44.007355 ], [ 1.11679, 44.004985 ], [ 1.113597, 44.005928 ], [ 1.113461, 44.006285 ], [ 1.113234, 44.007321 ], [ 1.113064, 44.007881 ], [ 1.113051961291099, 44.007924303415599 ], [ 1.115593, 44.006836 ], [ 1.117481, 44.00883 ], [ 1.125496, 44.007355 ], [ 1.127331, 44.003567 ], [ 1.127354, 44.003377 ], [ 1.129294, 44.001882 ], [ 1.129784, 44.002068 ], [ 1.13521, 44.003945 ], [ 1.136752, 44.007198 ], [ 1.137586, 44.013543 ], [ 1.138818, 44.015062 ], [ 1.140049, 44.016582 ], [ 1.148783, 44.015312 ], [ 1.151345, 44.012783 ], [ 1.152519, 44.013683 ], [ 1.160928, 44.010926 ], [ 1.162681, 44.007782 ], [ 1.165299, 44.008123 ], [ 1.1738, 44.007451 ], [ 1.1753, 44.008612 ], [ 1.17591, 44.010368 ], [ 1.176755, 44.015366 ], [ 1.1767, 44.015947 ], [ 1.175383, 44.017199 ], [ 1.174502, 44.017467 ], [ 1.174361, 44.017495 ], [ 1.174271, 44.017461 ], [ 1.172235, 44.015463 ], [ 1.165146, 44.017961 ], [ 1.165572, 44.023571 ], [ 1.170041, 44.030529 ], [ 1.173097, 44.028619 ], [ 1.173684, 44.028301 ], [ 1.1748, 44.028125 ], [ 1.179361, 44.028331 ], [ 1.181477, 44.028497 ], [ 1.181876, 44.028834 ], [ 1.189861, 44.03264 ], [ 1.190966, 44.032663 ], [ 1.19108, 44.033807 ], [ 1.190893, 44.036262 ], [ 1.190885571069844, 44.036262352622309 ], [ 1.191703, 44.036279 ] ] ], [ [ [ 1.136346, 44.07979 ], [ 1.14014, 44.08056 ], [ 1.141707, 44.077319 ], [ 1.149479, 44.072895 ], [ 1.152757, 44.073804 ], [ 1.156396, 44.071836 ], [ 1.163012, 44.073675 ], [ 1.163291, 44.073839 ], [ 1.168475, 44.074284 ], [ 1.169074, 44.074329 ], [ 1.169717, 44.074346 ], [ 1.169859, 44.074349 ], [ 1.16995, 44.07075 ], [ 1.16478, 44.065488 ], [ 1.161519, 44.061085 ], [ 1.160498, 44.060853 ], [ 1.159106, 44.060585 ], [ 1.159017, 44.060558 ], [ 1.152791, 44.054586 ], [ 1.153735, 44.051112 ], [ 1.161278, 44.04713 ], [ 1.163654, 44.046247 ], [ 1.170622, 44.044994 ], [ 1.174516, 44.048153 ], [ 1.178018, 44.048987 ], [ 1.179262, 44.047469 ], [ 1.182301, 44.043892 ], [ 1.182416, 44.04378 ], [ 1.181526, 44.040722 ], [ 1.184925408535647, 44.036849990765496 ], [ 1.178298, 44.041614 ], [ 1.177493, 44.042744 ], [ 1.177334, 44.042824 ], [ 1.174712, 44.041302 ], [ 1.167877, 44.043276 ], [ 1.167499, 44.043425 ], [ 1.164878, 44.043994 ], [ 1.161131, 44.045609 ], [ 1.160248, 44.045951 ], [ 1.155205, 44.048409 ], [ 1.149842, 44.049224 ], [ 1.148521, 44.055813 ], [ 1.149071, 44.057307 ], [ 1.151596, 44.061352 ], [ 1.155372, 44.063097 ], [ 1.158178, 44.065353 ], [ 1.160792, 44.066514 ], [ 1.159604, 44.069912 ], [ 1.151801, 44.069344 ], [ 1.148332, 44.068383 ], [ 1.141567, 44.068106 ], [ 1.136488, 44.074686 ], [ 1.134644, 44.077778 ], [ 1.132161963837238, 44.078428150567149 ], [ 1.136346, 44.07979 ] ] ], [ [ [ 1.109686, 44.07679 ], [ 1.111592, 44.079497 ], [ 1.111821, 44.080101 ], [ 1.115431, 44.084648 ], [ 1.116983, 44.086402 ], [ 1.117091, 44.086406 ], [ 1.118564, 44.086422 ], [ 1.122837, 44.082842 ], [ 1.124337306631221, 44.081052493398865 ], [ 1.123158, 44.079783 ], [ 1.122549, 44.078558 ], [ 1.114948, 44.074729 ], [ 1.113324, 44.073178 ], [ 1.105252, 44.072169 ], [ 1.103341, 44.075352 ], [ 1.103011, 44.076164 ], [ 1.102493799831558, 44.078603755495436 ], [ 1.109686, 44.07679 ] ] ], [ [ [ 1.082916, 44.08016 ], [ 1.08107, 44.080774 ], [ 1.080055, 44.081337 ], [ 1.07994, 44.082185 ], [ 1.079131, 44.086494 ], [ 1.080686, 44.089741 ], [ 1.080855, 44.095806 ], [ 1.080847, 44.095841 ], [ 1.081043, 44.097104 ], [ 1.081063, 44.097136 ], [ 1.084068, 44.098127 ], [ 1.084563, 44.098288 ], [ 1.086383, 44.098614 ], [ 1.086869, 44.098682 ], [ 1.087553, 44.098664 ], [ 1.088048, 44.098535 ], [ 1.08819, 44.098479 ], [ 1.090073, 44.094372 ], [ 1.092791, 44.09201 ], [ 1.099915, 44.090404 ], [ 1.102129, 44.092231 ], [ 1.102357, 44.092216 ], [ 1.103454, 44.089748 ], [ 1.103403, 44.08947 ], [ 1.102675, 44.085647 ], [ 1.10182, 44.082211 ], [ 1.101804515416237, 44.08185527307571 ], [ 1.101607, 44.082787 ], [ 1.094487, 44.085694 ], [ 1.089028, 44.09199 ], [ 1.088704, 44.092947 ], [ 1.086593, 44.092553 ], [ 1.085294, 44.091793 ], [ 1.084031, 44.087825 ], [ 1.085993, 44.081302 ], [ 1.085834, 44.078399 ], [ 1.085844, 44.078347 ], [ 1.086475, 44.077246 ], [ 1.086577, 44.077089 ], [ 1.087371, 44.076221 ], [ 1.089044, 44.074448 ], [ 1.082916, 44.08016 ] ] ], [ [ [ 1.08031, 44.064581 ], [ 1.083455, 44.066332 ], [ 1.089468, 44.06633 ], [ 1.08467, 44.0649 ], [ 1.084093, 44.06495 ], [ 1.082152, 44.061919 ], [ 1.07737, 44.058101 ], [ 1.08031, 44.064581 ] ] ], [ [ [ 1.063184, 44.050415 ], [ 1.063898, 44.051509 ], [ 1.066293, 44.059812 ], [ 1.065887, 44.060668 ], [ 1.065643, 44.061914 ], [ 1.069176, 44.062605 ], [ 1.070334, 44.061587 ], [ 1.071038, 44.061132 ], [ 1.071391, 44.060861 ], [ 1.071918, 44.060228 ], [ 1.07737, 44.058101 ], [ 1.072233, 44.058085 ], [ 1.068813, 44.059208 ], [ 1.068619, 44.058617 ], [ 1.067574, 44.054722 ], [ 1.063476, 44.048106 ], [ 1.058099, 44.045014 ], [ 1.063184, 44.050415 ] ] ], [ [ [ 1.021798, 44.042527 ], [ 1.024977, 44.042236 ], [ 1.021871, 44.04252 ], [ 1.020583794636137, 44.042638111245566 ], [ 1.021798, 44.042527 ] ] ] ] } },
{ "type": "Feature", "properties": { "codgeo": "82033", "value": 600, "isochrone_group": 10.0, "nb_agences": 1 }, "geometry": { "type": "MultiPolygon", "coordinates": [ [ [ [ 1.099027, 44.003882 ], [ 1.100043, 44.003378 ], [ 1.100748, 44.002811 ], [ 1.10266, 44.001469 ], [ 1.104328, 44.000764 ], [ 1.102984, 43.997425 ], [ 1.101494, 43.998024 ], [ 1.100975, 43.998288 ], [ 1.098727, 43.999683 ], [ 1.097225, 44.000619 ], [ 1.096589, 44.000906 ], [ 1.088091, 43.999474 ], [ 1.087658, 43.998483 ], [ 1.087431, 43.998469 ], [ 1.086489, 43.998936 ], [ 1.078523, 43.996334 ], [ 1.078216, 43.995829 ], [ 1.077947, 43.995495 ], [ 1.075143, 43.997753 ], [ 1.075042, 43.997921 ], [ 1.069139, 44.003332 ], [ 1.06264, 44.00166 ], [ 1.05959, 44.003573 ], [ 1.05798, 44.004437 ], [ 1.049373, 44.00403 ], [ 1.048882, 44.003844 ], [ 1.048298, 44.003758 ], [ 1.048159, 44.003758 ], [ 1.044202, 44.005335 ], [ 1.042463, 44.008487 ], [ 1.037882, 44.013613 ], [ 1.037665, 44.014013 ], [ 1.034634, 44.017881 ], [ 1.031565, 44.021403 ], [ 1.023714, 44.023057 ], [ 1.021775, 44.022119 ], [ 1.019801, 44.021166 ], [ 1.018596, 44.020615 ], [ 1.01718, 44.020005 ], [ 1.015699, 44.019221 ], [ 1.013938, 44.022361 ], [ 1.014992, 44.022952 ], [ 1.015666, 44.023271 ], [ 1.017168, 44.02392 ], [ 1.015974, 44.032577 ], [ 1.013637, 44.032898 ], [ 1.009646, 44.030895 ], [ 1.006313, 44.032256 ], [ 1.000852, 44.034913 ], [ 1.000479, 44.036507 ], [ 0.995059, 44.043029 ], [ 0.993883, 44.043392 ], [ 0.992438, 44.043867 ], [ 0.990767, 44.044445 ], [ 0.986841, 44.045868 ], [ 0.982953, 44.047278 ], [ 0.981047, 44.047922 ], [ 0.979057, 44.048521 ], [ 0.977126, 44.04906 ], [ 0.975036, 44.049584 ], [ 0.972865, 44.050033 ], [ 0.973594, 44.053559 ], [ 0.975765, 44.05311 ], [ 0.978, 44.052553 ], [ 0.980024, 44.051988 ], [ 0.982084, 44.05137 ], [ 0.984104, 44.050689 ], [ 0.988068, 44.049253 ], [ 0.991994, 44.04783 ], [ 0.998178, 44.046909 ], [ 0.998774, 44.046819 ], [ 0.999132, 44.046688 ], [ 1.007505, 44.044028 ], [ 1.003345, 44.04469 ], [ 0.998524, 44.045873 ], [ 0.996281, 44.046423 ], [ 0.995276, 44.042966 ], [ 0.996217, 44.042692 ], [ 0.998482, 44.042079 ], [ 1.001275, 44.041445 ], [ 1.002608, 44.041166 ], [ 1.003952, 44.040912 ], [ 1.006984, 44.040466 ], [ 1.009942, 44.040033 ], [ 1.016746, 44.034395 ], [ 1.017963, 44.032303 ], [ 1.024528, 44.027288 ], [ 1.025907, 44.023962 ], [ 1.028311, 44.024958 ], [ 1.035865, 44.022206 ], [ 1.036835, 44.020634 ], [ 1.03698, 44.020415 ], [ 1.038358, 44.020065 ], [ 1.038943, 44.020166 ], [ 1.039018, 44.020192 ], [ 1.041669, 44.023332 ], [ 1.048556, 44.018773 ], [ 1.048582, 44.018115 ], [ 1.052718, 44.012948 ], [ 1.051882, 44.00926 ], [ 1.053855, 44.006248 ], [ 1.061135, 44.00709 ], [ 1.06458, 44.006046 ], [ 1.070684, 44.005804 ], [ 1.071343, 44.006073 ], [ 1.074088, 44.007444 ], [ 1.080721, 44.00451 ], [ 1.082027, 44.001155 ], [ 1.082606, 44.001381 ], [ 1.083455, 44.001805 ], [ 1.087722, 44.003695 ], [ 1.092928, 44.004536 ], [ 1.093607, 44.004768 ], [ 1.09413, 44.005197 ], [ 1.09586237625881, 44.006616849590806 ], [ 1.096047, 44.006361 ], [ 1.099027, 44.003882 ] ] ], [ [ [ 1.091899, 44.013162 ], [ 1.093062, 44.012427 ], [ 1.09395, 44.009267 ], [ 1.095500828158716, 44.0071178790514 ], [ 1.095223, 44.007426 ], [ 1.094822, 44.007737 ], [ 1.094412, 44.007962 ], [ 1.093637, 44.008269 ], [ 1.090761, 44.009982 ], [ 1.089738, 44.010571 ], [ 1.086259, 44.018772 ], [ 1.093232, 44.022846 ], [ 1.089432, 44.015784 ], [ 1.091899, 44.013162 ] ] ], [ [ [ 1.130802, 43.994091 ], [ 1.129084, 43.990774 ], [ 1.124773, 43.988218 ], [ 1.12469, 43.988234 ], [ 1.123282, 43.989533 ], [ 1.11921, 43.993557 ], [ 1.120019, 43.997065 ], [ 1.117176, 44.004603 ], [ 1.116808540119998, 44.005001208072443 ], [ 1.119501, 44.007355 ], [ 1.126507, 44.003809 ], [ 1.126822, 44.00157 ], [ 1.125171, 43.997872 ], [ 1.124721, 43.997291 ], [ 1.125116, 43.996303 ], [ 1.126048, 43.9956 ], [ 1.126766, 43.995202 ], [ 1.127566, 43.995086 ], [ 1.128017, 43.995667 ], [ 1.133716, 44.000171 ], [ 1.13646, 44.000628 ], [ 1.137456340071106, 44.000984741821298 ], [ 1.135306, 43.998643 ], [ 1.130802, 43.994091 ] ] ], [ [ [ 1.156606, 44.001544 ], [ 1.153589, 43.998712 ], [ 1.152988, 43.998945 ], [ 1.144482, 44.000206 ], [ 1.137587034306755, 44.001031537188659 ], [ 1.140937, 44.002231 ], [ 1.149893, 44.002208 ], [ 1.154384, 44.00298 ], [ 1.158023, 44.005144 ], [ 1.160653, 44.006652 ], [ 1.158746, 44.004439 ], [ 1.156606, 44.001544 ] ] ], [ [ [ 1.173407, 44.076787 ], [ 1.173643, 44.076967 ], [ 1.179092, 44.077843 ], [ 1.179971, 44.07755 ], [ 1.180181, 44.07742 ], [ 1.180744, 44.074645 ], [ 1.17648, 44.069555 ], [ 1.176186, 44.069306 ], [ 1.176011, 44.069172 ], [ 1.174844, 44.06824 ], [ 1.174771, 44.068245 ], [ 1.173126, 44.069646 ], [ 1.16645, 44.06419 ], [ 1.166926, 44.062136 ], [ 1.163959, 44.058589 ], [ 1.161911, 44.058194 ], [ 1.158938, 44.051765 ], [ 1.162345, 44.049089 ], [ 1.170228, 44.05167 ], [ 1.174647, 44.055643 ], [ 1.175144, 44.056696 ], [ 1.175435, 44.057315 ], [ 1.178693, 44.055782 ], [ 1.179929, 44.052618 ], [ 1.18153, 44.049734 ], [ 1.187753, 44.043871 ], [ 1.188325, 44.041262 ], [ 1.197129, 44.041657 ], [ 1.200362, 44.041877 ], [ 1.203888, 44.040622 ], [ 1.21062, 44.036647 ], [ 1.215545, 44.037091 ], [ 1.216096, 44.037155 ], [ 1.216971, 44.037131 ], [ 1.218634, 44.035969 ], [ 1.218671, 44.035926 ], [ 1.219662, 44.034604 ], [ 1.218501, 44.03211 ], [ 1.21611, 44.031193 ], [ 1.216007, 44.031169 ], [ 1.209096, 44.030067 ], [ 1.205566, 44.030255 ], [ 1.205005, 44.030386 ], [ 1.197591, 44.02535 ], [ 1.198351, 44.022796 ], [ 1.19707, 44.021788 ], [ 1.192357, 44.017386 ], [ 1.190037, 44.011498 ], [ 1.188073, 44.004373 ], [ 1.188233, 44.002325 ], [ 1.188029, 43.997897 ], [ 1.187522398645195, 43.997465621830671 ], [ 1.187011, 43.997909 ], [ 1.185862, 44.000436 ], [ 1.184443, 44.002097 ], [ 1.184039, 44.002538 ], [ 1.183329680659959, 44.003309277957079 ], [ 1.181156, 44.008243 ], [ 1.183356, 44.014473 ], [ 1.185269, 44.017995 ], [ 1.188673, 44.023748 ], [ 1.190108, 44.026446 ], [ 1.193689, 44.032718 ], [ 1.196511, 44.032773 ], [ 1.199341, 44.03283 ], [ 1.2032, 44.032317 ], [ 1.207637, 44.032996 ], [ 1.207568, 44.036595 ], [ 1.204897, 44.036544 ], [ 1.19823, 44.038252 ], [ 1.196509, 44.038612 ], [ 1.191703, 44.036279 ], [ 1.189788, 44.03624 ], [ 1.186856, 44.034651 ], [ 1.181526, 44.040722 ], [ 1.182416, 44.04378 ], [ 1.182301, 44.043892 ], [ 1.179262, 44.047469 ], [ 1.178018, 44.048987 ], [ 1.174516, 44.048153 ], [ 1.170622, 44.044994 ], [ 1.163654, 44.046247 ], [ 1.161278, 44.04713 ], [ 1.153735, 44.051112 ], [ 1.152791, 44.054586 ], [ 1.159017, 44.060558 ], [ 1.159106, 44.060585 ], [ 1.160498, 44.060853 ], [ 1.161519, 44.061085 ], [ 1.16478, 44.065488 ], [ 1.16995, 44.07075 ], [ 1.169859, 44.074349 ], [ 1.169717, 44.074346 ], [ 1.169074, 44.074329 ], [ 1.168475, 44.074284 ], [ 1.173007, 44.07637 ], [ 1.173407, 44.076787 ] ] ], [ [ [ 1.17866, 43.999981 ], [ 1.170643, 44.000593 ], [ 1.16819, 44.003242 ], [ 1.160653, 44.006652 ], [ 1.168553, 44.006614 ], [ 1.170125, 44.00538 ], [ 1.174657, 44.00322 ], [ 1.177835, 44.001858 ], [ 1.179717336521729, 44.001163615380797 ], [ 1.179781272189042, 43.998881911253548 ], [ 1.17866, 43.999981 ] ] ], [ [ [ 1.138699, 44.083277 ], [ 1.146679, 44.082032 ], [ 1.149568, 44.07708 ], [ 1.154451, 44.07716 ], [ 1.155108, 44.077503 ], [ 1.162641, 44.076575 ], [ 1.163146, 44.076129 ], [ 1.168475, 44.074284 ], [ 1.163291, 44.073839 ], [ 1.163012, 44.073675 ], [ 1.156396, 44.071836 ], [ 1.152757, 44.073804 ], [ 1.149479, 44.072895 ], [ 1.141707, 44.077319 ], [ 1.14014, 44.08056 ], [ 1.136346, 44.07979 ], [ 1.130186, 44.077785 ], [ 1.137063, 44.083566 ], [ 1.138699, 44.083277 ] ] ], [ [ [ 1.12513, 44.080107 ], [ 1.122837, 44.082842 ], [ 1.130186, 44.077785 ], [ 1.12513, 44.080107 ] ] ], [ [ [ 1.110804, 44.095844 ], [ 1.114401, 44.095712 ], [ 1.115384, 44.090593 ], [ 1.117835, 44.087251 ], [ 1.118362, 44.086715 ], [ 1.11899892456262, 44.08605761199761 ], [ 1.118564, 44.086422 ], [ 1.117091, 44.086406 ], [ 1.116983, 44.086402 ], [ 1.115431, 44.084648 ], [ 1.111821, 44.080101 ], [ 1.111592, 44.079497 ], [ 1.109686, 44.07679 ], [ 1.101672, 44.078811 ], [ 1.10182, 44.082211 ], [ 1.102675, 44.085647 ], [ 1.103403, 44.08947 ], [ 1.103454, 44.089748 ], [ 1.102493650740795, 44.091908566975135 ], [ 1.102866, 44.092186 ], [ 1.110804, 44.095844 ] ] ], [ [ [ 1.077017, 44.097413 ], [ 1.079905, 44.101584 ], [ 1.079924, 44.101611 ], [ 1.082189, 44.103233 ], [ 1.082347, 44.103255 ], [ 1.082754, 44.103265 ], [ 1.083491, 44.103072 ], [ 1.08381, 44.10291 ], [ 1.08848, 44.098334 ], [ 1.089807862463317, 44.094950289890157 ], [ 1.08819, 44.098479 ], [ 1.088048, 44.098535 ], [ 1.087553, 44.098664 ], [ 1.086869, 44.098682 ], [ 1.086383, 44.098614 ], [ 1.084563, 44.098288 ], [ 1.084068, 44.098127 ], [ 1.081063, 44.097136 ], [ 1.081043, 44.097104 ], [ 1.080847, 44.095841 ], [ 1.080855, 44.095806 ], [ 1.080686, 44.089741 ], [ 1.079396532685874, 44.087048459569793 ], [ 1.07726, 44.093821 ], [ 1.077017, 44.097413 ] ] ], [ [ [ 1.06293, 44.063539 ], [ 1.06284, 44.063638 ], [ 1.064645, 44.066469 ], [ 1.064898, 44.06652 ], [ 1.066632, 44.066773 ], [ 1.069572, 44.064718 ], [ 1.07717, 44.065925 ], [ 1.078399, 44.068567 ], [ 1.078471, 44.076323 ], [ 1.07738, 44.079754 ], [ 1.078309, 44.082685 ], [ 1.07933483342263, 44.08540831617043 ], [ 1.07994, 44.082185 ], [ 1.080055, 44.081337 ], [ 1.08107, 44.080774 ], [ 1.082916, 44.08016 ], [ 1.089044, 44.074448 ], [ 1.089468, 44.06633 ], [ 1.083455, 44.066332 ], [ 1.08031, 44.064581 ], [ 1.07737, 44.058101 ], [ 1.071918, 44.060228 ], [ 1.071391, 44.060861 ], [ 1.071038, 44.061132 ], [ 1.070334, 44.061587 ], [ 1.069176, 44.062605 ], [ 1.065643, 44.061914 ], [ 1.065887, 44.060668 ], [ 1.063591, 44.063069 ], [ 1.06293, 44.063539 ] ] ], [ [ [ 1.065887, 44.060668 ], [ 1.066293, 44.059812 ], [ 1.063898, 44.051509 ], [ 1.063184, 44.050415 ], [ 1.058099, 44.045014 ], [ 1.062706, 44.052358 ], [ 1.065887, 44.060668 ] ] ], [ [ [ 1.048207, 44.043538 ], [ 1.052456, 44.043939 ], [ 1.04945, 44.043358 ], [ 1.047487, 44.04302 ], [ 1.045403, 44.042686 ], [ 1.047825, 44.043484 ], [ 1.048207, 44.043538 ] ] ], [ [ [ 1.029418, 44.04844 ], [ 1.030044, 44.049034 ], [ 1.034956, 44.04739 ], [ 1.041053, 44.042173 ], [ 1.03847, 44.041981 ], [ 1.035842, 44.041862 ], [ 1.034053, 44.041834 ], [ 1.032314, 44.041841 ], [ 1.030451, 44.041884 ], [ 1.028795, 44.041956 ], [ 1.026596, 44.042099 ], [ 1.024977, 44.042236 ], [ 1.021798, 44.042527 ], [ 1.027628, 44.046364 ], [ 1.029418, 44.04844 ] ] ] ] } },
{ "type": "Feature", "properties": { "codgeo": "82033", "value": 660, "isochrone_group": 11.0, "nb_agences": 1 }, "geometry": { "type": "MultiPolygon", "coordinates": [ [ [ [ 0.970027, 44.050588 ], [ 0.966045, 44.051244 ], [ 0.962034, 44.051905 ], [ 0.960285, 44.052224 ], [ 0.958427, 44.052634 ], [ 0.956741, 44.053038 ], [ 0.954998, 44.053506 ], [ 0.952356, 44.05426 ], [ 0.950552, 44.054808 ], [ 0.951597, 44.058253 ], [ 0.953401, 44.057705 ], [ 0.955986, 44.056968 ], [ 0.962678, 44.055447 ], [ 0.96663, 44.054796 ], [ 0.970612, 44.05414 ], [ 0.973026, 44.053695 ], [ 0.975765, 44.05311 ], [ 0.973594, 44.053559 ], [ 0.972865321337704, 44.050034554234209 ], [ 0.972762, 44.050056 ], [ 0.970027, 44.050588 ] ] ], [ [ [ 1.035719, 44.001958 ], [ 1.035383, 44.001813 ], [ 1.034311, 44.001424 ], [ 1.033084, 44.004808 ], [ 1.035131, 44.005935 ], [ 1.033466, 44.013858 ], [ 1.028252, 44.017248 ], [ 1.02804, 44.017331 ], [ 1.020006, 44.019031 ], [ 1.017744, 44.016746 ], [ 1.016805, 44.014788 ], [ 1.016431, 44.01341 ], [ 1.012956, 44.014352 ], [ 1.007294, 44.017361 ], [ 1.003995, 44.017459 ], [ 1.003805, 44.017471 ], [ 1.002357, 44.018842 ], [ 1.002317, 44.019012 ], [ 1.002312, 44.019169 ], [ 1.003412, 44.025149 ], [ 0.998967, 44.03262 ], [ 0.993678, 44.036499 ], [ 0.990212, 44.037473 ], [ 0.989083, 44.03782 ], [ 0.986614, 44.040195 ], [ 0.982953, 44.047278 ], [ 0.986841, 44.045868 ], [ 0.990767, 44.044445 ], [ 0.992438, 44.043867 ], [ 0.993883, 44.043392 ], [ 0.995059, 44.043029 ], [ 1.000479, 44.036507 ], [ 1.000852, 44.034913 ], [ 1.006313, 44.032256 ], [ 1.009646, 44.030895 ], [ 1.013637, 44.032898 ], [ 1.015974, 44.032577 ], [ 1.017168, 44.02392 ], [ 1.015666, 44.023271 ], [ 1.014992, 44.022952 ], [ 1.013938, 44.022361 ], [ 1.015699, 44.019221 ], [ 1.01718, 44.020005 ], [ 1.018596, 44.020615 ], [ 1.019801, 44.021166 ], [ 1.021775, 44.022119 ], [ 1.023714, 44.023057 ], [ 1.031565, 44.021403 ], [ 1.034634, 44.017881 ], [ 1.037665, 44.014013 ], [ 1.037882, 44.013613 ], [ 1.042463, 44.008487 ], [ 1.044202, 44.005335 ], [ 1.046230978075018, 44.004526382758577 ], [ 1.042987, 44.003704 ], [ 1.035719, 44.001958 ] ] ], [ [ [ 1.13473, 43.996747 ], [ 1.13534, 43.989429 ], [ 1.135104, 43.985836 ], [ 1.133654, 43.984904 ], [ 1.127556, 43.978488 ], [ 1.125162, 43.97836 ], [ 1.12432, 43.978363 ], [ 1.123942, 43.979037 ], [ 1.123827, 43.979539 ], [ 1.123763, 43.980066 ], [ 1.123691, 43.985406 ], [ 1.117188, 43.989366 ], [ 1.116759, 43.99294 ], [ 1.108677, 43.993623 ], [ 1.108297, 43.994114 ], [ 1.104199, 43.997023 ], [ 1.09952, 43.996809 ], [ 1.09904, 43.996791 ], [ 1.097783, 43.997138 ], [ 1.089432, 43.995461 ], [ 1.083839, 43.994603 ], [ 1.078214, 43.99228 ], [ 1.073788, 43.989053 ], [ 1.070557, 43.990642 ], [ 1.070929, 43.991918 ], [ 1.067145, 43.998628 ], [ 1.063913, 43.998653 ], [ 1.058862, 43.998047 ], [ 1.056432, 44.000702 ], [ 1.050609864146926, 44.004088487708586 ], [ 1.05798, 44.004437 ], [ 1.05959, 44.003573 ], [ 1.06264, 44.00166 ], [ 1.069139, 44.003332 ], [ 1.075042, 43.997921 ], [ 1.075143, 43.997753 ], [ 1.077947, 43.995495 ], [ 1.078216, 43.995829 ], [ 1.078523, 43.996334 ], [ 1.086489, 43.998936 ], [ 1.087431, 43.998469 ], [ 1.087658, 43.998483 ], [ 1.088091, 43.999474 ], [ 1.096589, 44.000906 ], [ 1.097225, 44.000619 ], [ 1.098727, 43.999683 ], [ 1.100975, 43.998288 ], [ 1.101494, 43.998024 ], [ 1.102984, 43.997425 ], [ 1.104328, 44.000764 ], [ 1.10266, 44.001469 ], [ 1.100748, 44.002811 ], [ 1.100043, 44.003378 ], [ 1.099027, 44.003882 ], [ 1.096047, 44.006361 ], [ 1.09395, 44.009267 ], [ 1.093062, 44.012427 ], [ 1.091899, 44.013162 ], [ 1.089432, 44.015784 ], [ 1.093232, 44.022846 ], [ 1.09346, 44.023456 ], [ 1.096206, 44.02893 ], [ 1.099006, 44.030262 ], [ 1.106458, 44.026837 ], [ 1.106703, 44.023638 ], [ 1.109891, 44.016519 ], [ 1.110153, 44.015321 ], [ 1.110557, 44.01458 ], [ 1.111484, 44.012111 ], [ 1.111745, 44.011323 ], [ 1.114118, 44.00769 ], [ 1.115877, 44.006065 ], [ 1.116208, 44.005652 ], [ 1.117176, 44.004603 ], [ 1.120019, 43.997065 ], [ 1.11921, 43.993557 ], [ 1.123282, 43.989533 ], [ 1.12469, 43.988234 ], [ 1.124773, 43.988218 ], [ 1.129084, 43.990774 ], [ 1.130802, 43.994091 ], [ 1.135306, 43.998643 ], [ 1.137508, 44.001041 ], [ 1.135062, 43.997683 ], [ 1.13473, 43.996747 ] ] ], [ [ [ 1.133924, 44.084164 ], [ 1.137839, 44.085557 ], [ 1.141329, 44.084675 ], [ 1.149865, 44.083564 ], [ 1.151067, 44.08417 ], [ 1.152253, 44.08391 ], [ 1.15841, 44.081029 ], [ 1.165483, 44.080944 ], [ 1.170842, 44.084317 ], [ 1.171021, 44.084374 ], [ 1.173024, 44.083374 ], [ 1.18141, 44.081582 ], [ 1.18689, 44.083655 ], [ 1.190128, 44.082081 ], [ 1.189806, 44.081419 ], [ 1.18742, 44.073488 ], [ 1.186056, 44.073426 ], [ 1.180408, 44.06674 ], [ 1.179549, 44.064229 ], [ 1.178541, 44.06191 ], [ 1.177642, 44.058268 ], [ 1.182916, 44.052864 ], [ 1.183155, 44.052828 ], [ 1.183478, 44.052786 ], [ 1.183885, 44.052661 ], [ 1.185152, 44.052139 ], [ 1.189892, 44.044652 ], [ 1.192825, 44.042833 ], [ 1.197088, 44.041665 ], [ 1.202191, 44.043077 ], [ 1.206523, 44.040147 ], [ 1.213514, 44.043264 ], [ 1.216901, 44.044482 ], [ 1.220211, 44.040888 ], [ 1.222133, 44.038729 ], [ 1.222627, 44.03822 ], [ 1.229144, 44.033093 ], [ 1.231256, 44.032838 ], [ 1.230823, 44.029264 ], [ 1.224782, 44.027744 ], [ 1.221771, 44.025769 ], [ 1.216023, 44.028376 ], [ 1.212491, 44.02789 ], [ 1.206067, 44.023036 ], [ 1.207348, 44.014435 ], [ 1.209394, 44.01363 ], [ 1.208076, 44.01028 ], [ 1.20603, 44.011085 ], [ 1.204744, 44.011538 ], [ 1.203447, 44.011966 ], [ 1.195152, 44.010242 ], [ 1.19228, 44.003826 ], [ 1.192666, 43.997029 ], [ 1.192944, 43.995702 ], [ 1.193138915314968, 43.994825338630328 ], [ 1.190913, 43.994526 ], [ 1.189676, 44.003035 ], [ 1.188175293660388, 44.004744100982819 ], [ 1.190037, 44.011498 ], [ 1.192357, 44.017386 ], [ 1.19707, 44.021788 ], [ 1.198351, 44.022796 ], [ 1.197591, 44.02535 ], [ 1.205005, 44.030386 ], [ 1.205566, 44.030255 ], [ 1.209096, 44.030067 ], [ 1.216007, 44.031169 ], [ 1.21611, 44.031193 ], [ 1.218501, 44.03211 ], [ 1.219662, 44.034604 ], [ 1.218671, 44.035926 ], [ 1.218634, 44.035969 ], [ 1.216971, 44.037131 ], [ 1.216096, 44.037155 ], [ 1.215545, 44.037091 ], [ 1.21062, 44.036647 ], [ 1.203888, 44.040622 ], [ 1.200362, 44.041877 ], [ 1.197129, 44.041657 ], [ 1.188325, 44.041262 ], [ 1.187753, 44.043871 ], [ 1.18153, 44.049734 ], [ 1.179929, 44.052618 ], [ 1.178693, 44.055782 ], [ 1.175435, 44.057315 ], [ 1.175144, 44.056696 ], [ 1.174647, 44.055643 ], [ 1.170228, 44.05167 ], [ 1.162345, 44.049089 ], [ 1.158938, 44.051765 ], [ 1.161911, 44.058194 ], [ 1.163959, 44.058589 ], [ 1.166926, 44.062136 ], [ 1.16645, 44.06419 ], [ 1.173126, 44.069646 ], [ 1.174771, 44.068245 ], [ 1.174844, 44.06824 ], [ 1.176011, 44.069172 ], [ 1.176186, 44.069306 ], [ 1.17648, 44.069555 ], [ 1.180744, 44.074645 ], [ 1.180181, 44.07742 ], [ 1.179971, 44.07755 ], [ 1.179092, 44.077843 ], [ 1.173643, 44.076967 ], [ 1.173407, 44.076787 ], [ 1.173007, 44.07637 ], [ 1.168475, 44.074284 ], [ 1.163146, 44.076129 ], [ 1.162641, 44.076575 ], [ 1.155108, 44.077503 ], [ 1.154451, 44.07716 ], [ 1.149568, 44.07708 ], [ 1.146679, 44.082032 ], [ 1.138699, 44.083277 ], [ 1.137063, 44.083566 ], [ 1.130186, 44.077785 ], [ 1.12772254186724, 44.079480156861798 ], [ 1.133223, 44.080633 ], [ 1.133924, 44.084164 ] ] ], [ [ [ 1.175056, 43.995897 ], [ 1.167942, 43.998039 ], [ 1.16566, 43.999765 ], [ 1.158367, 43.997886 ], [ 1.154676, 43.997155 ], [ 1.15258078899818, 43.99900536833686 ], [ 1.152988, 43.998945 ], [ 1.153589, 43.998712 ], [ 1.156606, 44.001544 ], [ 1.158746, 44.004439 ], [ 1.160653, 44.006652 ], [ 1.16819, 44.003242 ], [ 1.170643, 44.000593 ], [ 1.175552877826946, 44.000218190815772 ], [ 1.176533, 43.997092 ], [ 1.176444353834715, 43.995471326483184 ], [ 1.175056, 43.995897 ] ] ], [ [ [ 1.110414, 44.098321 ], [ 1.110523, 44.102159 ], [ 1.110501, 44.105759 ], [ 1.112603, 44.105771 ], [ 1.114446, 44.105774 ], [ 1.115255, 44.105748 ], [ 1.117187, 44.10549 ], [ 1.117378, 44.10107 ], [ 1.117287, 44.097471 ], [ 1.122714, 44.090394 ], [ 1.122417, 44.086807 ], [ 1.122837, 44.082842 ], [ 1.120354, 44.084659 ], [ 1.118362, 44.086715 ], [ 1.117835, 44.087251 ], [ 1.115384, 44.090593 ], [ 1.114401, 44.095712 ], [ 1.110804, 44.095844 ], [ 1.102866, 44.092186 ], [ 1.110029, 44.095903 ], [ 1.110414, 44.098321 ] ] ], [ [ [ 1.074388, 44.07694 ], [ 1.073445, 44.079559 ], [ 1.07387, 44.08037 ], [ 1.078057, 44.087429 ], [ 1.075821, 44.09025 ], [ 1.073362, 44.092479 ], [ 1.070334, 44.093754 ], [ 1.069994, 44.097338 ], [ 1.076303, 44.102643 ], [ 1.079369, 44.104647 ], [ 1.082296, 44.106021 ], [ 1.086958, 44.104677 ], [ 1.08839, 44.101914 ], [ 1.088809, 44.100033 ], [ 1.08848, 44.098334 ], [ 1.08381, 44.10291 ], [ 1.083491, 44.103072 ], [ 1.082754, 44.103265 ], [ 1.082347, 44.103255 ], [ 1.082189, 44.103233 ], [ 1.079924, 44.101611 ], [ 1.079905, 44.101584 ], [ 1.077017, 44.097413 ], [ 1.07726, 44.093821 ], [ 1.07965, 44.086245 ], [ 1.078309, 44.082685 ], [ 1.07738, 44.079754 ], [ 1.078471, 44.076323 ], [ 1.078399, 44.068567 ], [ 1.07717, 44.065925 ], [ 1.069572, 44.064718 ], [ 1.066632, 44.066773 ], [ 1.073245, 44.07053 ], [ 1.074388, 44.07694 ] ] ], [ [ [ 1.062285, 44.05493 ], [ 1.064861317358271, 44.061740588860111 ], [ 1.065887, 44.060668 ], [ 1.062706, 44.052358 ], [ 1.062665417288049, 44.052293307263611 ], [ 1.062253, 44.054016 ], [ 1.062285, 44.05493 ] ] ], [ [ [ 1.048725, 44.047954 ], [ 1.049336, 44.047496 ], [ 1.049889, 44.046832 ], [ 1.058099, 44.045014 ], [ 1.052456, 44.043939 ], [ 1.048207, 44.043538 ], [ 1.047825, 44.043484 ], [ 1.045403, 44.042686 ], [ 1.043242, 44.04241 ], [ 1.041053, 44.042173 ], [ 1.046567, 44.045072 ], [ 1.048725, 44.047954 ] ] ], [ [ [ 1.013572, 44.045816 ], [ 1.014513, 44.045553 ], [ 1.022816, 44.046543 ], [ 1.023751, 44.050019 ], [ 1.023917, 44.053164 ], [ 1.02388, 44.05364 ], [ 1.024292, 44.056288 ], [ 1.025728, 44.057495 ], [ 1.026286, 44.057373 ], [ 1.026331, 44.057359 ], [ 1.02789, 44.056426 ], [ 1.027904, 44.056046 ], [ 1.027859, 44.055414 ], [ 1.029349, 44.050357 ], [ 1.035169, 44.047453 ], [ 1.041053, 44.042173 ], [ 1.034956, 44.04739 ], [ 1.030044, 44.049034 ], [ 1.029418, 44.04844 ], [ 1.027628, 44.046364 ], [ 1.021798, 44.042527 ], [ 1.018618, 44.042818 ], [ 1.015439, 44.043109 ], [ 1.012291, 44.043396 ], [ 1.010463, 44.043595 ], [ 1.007505, 44.044028 ], [ 1.005622468072661, 44.04462605743781 ], [ 1.01181, 44.04572 ], [ 1.013572, 44.045816 ] ] ] ] } },
{ "type": "Feature", "properties": { "codgeo": "82033", "value": 720, "isochrone_group": 12.0, "nb_agences": 1 }, "geometry": { "type": "MultiPolygon", "coordinates": [ [ [ [ 0.940666, 44.056299 ], [ 0.938964, 44.056255 ], [ 0.937315, 44.05613 ], [ 0.935002, 44.055897 ], [ 0.932644, 44.05566 ], [ 0.931432, 44.05557 ], [ 0.928993, 44.055509 ], [ 0.927563, 44.055551 ], [ 0.927667, 44.059149 ], [ 0.93464, 44.059479 ], [ 0.936954, 44.059712 ], [ 0.938692, 44.059844 ], [ 0.940567, 44.059898 ], [ 0.941728, 44.059889 ], [ 0.943056, 44.059825 ], [ 0.944412, 44.059723 ], [ 0.945673, 44.059563 ], [ 0.946804, 44.059395 ], [ 0.948208, 44.05912 ], [ 0.949849, 44.058736 ], [ 0.951543, 44.058268 ], [ 0.951596621421504, 44.058251751958906 ], [ 0.950552, 44.054808 ], [ 0.950567157817775, 44.054803395518761 ], [ 0.949026, 44.055231 ], [ 0.940666, 44.056299 ] ] ], [ [ [ 1.016512, 44.011679 ], [ 1.016625, 44.011016 ], [ 1.016576, 44.00908 ], [ 1.016705, 44.007637 ], [ 1.013281, 44.006525 ], [ 1.01214, 44.008239 ], [ 1.009077, 44.011985 ], [ 1.003441, 44.013572 ], [ 1.002732, 44.013615 ], [ 1.0026, 44.013642 ], [ 0.993727, 44.014199 ], [ 0.992175, 44.017447 ], [ 0.995734, 44.02044 ], [ 0.997415, 44.027973 ], [ 0.99068, 44.031757 ], [ 0.989719, 44.032939 ], [ 0.983462, 44.037228 ], [ 0.979081, 44.041995 ], [ 0.972092, 44.043911 ], [ 0.970208, 44.044822 ], [ 0.970165, 44.044901 ], [ 0.966045, 44.051244 ], [ 0.970027, 44.050588 ], [ 0.972762, 44.050056 ], [ 0.975036, 44.049584 ], [ 0.977126, 44.04906 ], [ 0.979057, 44.048521 ], [ 0.981047, 44.047922 ], [ 0.982953, 44.047278 ], [ 0.986614, 44.040195 ], [ 0.989083, 44.03782 ], [ 0.990212, 44.037473 ], [ 0.993678, 44.036499 ], [ 0.998967, 44.03262 ], [ 1.003412, 44.025149 ], [ 1.002312, 44.019169 ], [ 1.002317, 44.019012 ], [ 1.002357, 44.018842 ], [ 1.003805, 44.017471 ], [ 1.003995, 44.017459 ], [ 1.007294, 44.017361 ], [ 1.012956, 44.014352 ], [ 1.016431, 44.01341 ], [ 1.016805, 44.014788 ], [ 1.016471, 44.012148 ], [ 1.016512, 44.011679 ] ] ], [ [ [ 1.040406, 44.001601 ], [ 1.033938, 44.001289 ], [ 1.029451, 43.998913 ], [ 1.028054, 43.998382 ], [ 1.027877, 43.998427 ], [ 1.026304, 43.999022 ], [ 1.025816, 43.999235 ], [ 1.025174, 44.000901 ], [ 1.025244, 44.00107 ], [ 1.026238, 44.002353 ], [ 1.026651, 44.002757 ], [ 1.028251, 44.003082 ], [ 1.031945, 44.006032 ], [ 1.031391, 44.012084 ], [ 1.026366, 44.014811 ], [ 1.025918, 44.015025 ], [ 1.025381, 44.015473 ], [ 1.024903, 44.016049 ], [ 1.016805, 44.014788 ], [ 1.017744, 44.016746 ], [ 1.020006, 44.019031 ], [ 1.02804, 44.017331 ], [ 1.028252, 44.017248 ], [ 1.033466, 44.013858 ], [ 1.035131, 44.005935 ], [ 1.033084, 44.004808 ], [ 1.034311, 44.001424 ], [ 1.035383, 44.001813 ], [ 1.035719, 44.001958 ], [ 1.042987, 44.003704 ], [ 1.048328, 44.005058 ], [ 1.042013, 44.001184 ], [ 1.040406, 44.001601 ] ] ], [ [ [ 1.057431, 43.996795 ], [ 1.056101, 43.995967 ], [ 1.055712, 43.995723 ], [ 1.055256, 43.995532 ], [ 1.054701, 43.995411 ], [ 1.054077, 43.995419 ], [ 1.053538, 43.995522 ], [ 1.052851, 43.99571 ], [ 1.052852, 43.997863 ], [ 1.048328, 44.005058 ], [ 1.048974, 44.00504 ], [ 1.056432, 44.000702 ], [ 1.058862, 43.998047 ], [ 1.05948584429321, 43.998121846494094 ], [ 1.058072, 43.997297 ], [ 1.057431, 43.996795 ] ] ], [ [ [ 1.093377, 43.991958 ], [ 1.088105, 43.990653 ], [ 1.087336, 43.990858 ], [ 1.086137, 43.99109 ], [ 1.085481, 43.991283 ], [ 1.085108, 43.991453 ], [ 1.079477, 43.99155 ], [ 1.075948, 43.988415 ], [ 1.074827, 43.984994 ], [ 1.069004, 43.982097 ], [ 1.068922, 43.982057 ], [ 1.068732, 43.981981 ], [ 1.066863, 43.982594 ], [ 1.066673, 43.983246 ], [ 1.066321, 43.985208 ], [ 1.065911, 43.989445 ], [ 1.067328, 43.993702 ], [ 1.060817609430569, 43.998281626670959 ], [ 1.063913, 43.998653 ], [ 1.067145, 43.998628 ], [ 1.070929, 43.991918 ], [ 1.070557, 43.990642 ], [ 1.073788, 43.989053 ], [ 1.078214, 43.99228 ], [ 1.083839, 43.994603 ], [ 1.089432, 43.995461 ], [ 1.097783, 43.997138 ], [ 1.09904, 43.996791 ], [ 1.09952, 43.996809 ], [ 1.102820734636415, 43.99695996328537 ], [ 1.096367, 43.993963 ], [ 1.093377, 43.991958 ] ] ], [ [ [ 1.11405, 43.988739 ], [ 1.113613, 43.988986 ], [ 1.113258, 43.989235 ], [ 1.109282, 43.991077 ], [ 1.107401, 43.994146 ], [ 1.103754204212192, 43.997002656700452 ], [ 1.104199, 43.997023 ], [ 1.108297, 43.994114 ], [ 1.108677, 43.993623 ], [ 1.116759, 43.99294 ], [ 1.117188, 43.989366 ], [ 1.118571817485941, 43.98852332473561 ], [ 1.114553, 43.988651 ], [ 1.11405, 43.988739 ] ] ], [ [ [ 1.138289, 43.988097 ], [ 1.142164, 43.98709 ], [ 1.14259, 43.983515 ], [ 1.143023, 43.981929 ], [ 1.142, 43.97948 ], [ 1.137933, 43.9733 ], [ 1.137922, 43.971281 ], [ 1.13745, 43.970933 ], [ 1.128784, 43.970113 ], [ 1.125187, 43.969978 ], [ 1.122198, 43.971008 ], [ 1.120917, 43.974373 ], [ 1.117927, 43.979704 ], [ 1.117931, 43.979709 ], [ 1.123691, 43.985406 ], [ 1.123763, 43.980066 ], [ 1.123827, 43.979539 ], [ 1.123942, 43.979037 ], [ 1.12432, 43.978363 ], [ 1.125162, 43.97836 ], [ 1.127556, 43.978488 ], [ 1.133654, 43.984904 ], [ 1.135104, 43.985836 ], [ 1.13534, 43.989429 ], [ 1.13473, 43.996747 ], [ 1.135062, 43.997683 ], [ 1.135415634149779, 43.998168487929256 ], [ 1.137583, 43.995481 ], [ 1.138289, 43.988097 ] ] ], [ [ [ 1.170568, 43.996768 ], [ 1.166653, 43.995887 ], [ 1.164172, 43.994689 ], [ 1.156184, 43.995644 ], [ 1.153235, 43.995925 ], [ 1.150231, 43.997908 ], [ 1.146682, 44.001501 ], [ 1.152066, 43.99946 ], [ 1.154676, 43.997155 ], [ 1.158367, 43.997886 ], [ 1.16566, 43.999765 ], [ 1.167942, 43.998039 ], [ 1.171504641628037, 43.996966301325948 ], [ 1.171715187003191, 43.996301132251403 ], [ 1.170568, 43.996768 ] ] ], [ [ [ 1.195191860741917, 43.993208057507211 ], [ 1.194952, 43.993164 ], [ 1.194640841580872, 43.993791336807639 ], [ 1.195191860741917, 43.993208057507211 ] ] ], [ [ [ 1.199523, 44.00691 ], [ 1.198171, 44.005806 ], [ 1.194878, 44.004352 ], [ 1.192805650958086, 43.997491325481931 ], [ 1.192618292957838, 43.997869064159531 ], [ 1.19228, 44.003826 ], [ 1.195152, 44.010242 ], [ 1.203447, 44.011966 ], [ 1.204744, 44.011538 ], [ 1.20603, 44.011085 ], [ 1.208075543029737, 44.010280179795231 ], [ 1.199987, 44.00758 ], [ 1.199523, 44.00691 ] ] ], [ [ [ 1.068738, 44.07705 ], [ 1.070177, 44.080494 ], [ 1.07048, 44.08793 ], [ 1.067242, 44.092175 ], [ 1.065435, 44.097458 ], [ 1.067018, 44.098525 ], [ 1.073072, 44.103134 ], [ 1.077228, 44.107439 ], [ 1.078395, 44.110845 ], [ 1.080528, 44.110201 ], [ 1.084074, 44.109237 ], [ 1.08796, 44.108307 ], [ 1.093629, 44.107165 ], [ 1.100915, 44.105835 ], [ 1.106721, 44.10758 ], [ 1.112119, 44.110934 ], [ 1.114057, 44.111059 ], [ 1.11718, 44.109505 ], [ 1.125317, 44.105997 ], [ 1.125802, 44.10594 ], [ 1.126265, 44.105828 ], [ 1.127402, 44.105578 ], [ 1.128556, 44.103173 ], [ 1.128317, 44.10287 ], [ 1.127915, 44.102484 ], [ 1.12678, 44.102033 ], [ 1.122351, 44.097314 ], [ 1.126244, 44.090102 ], [ 1.127896, 44.089783 ], [ 1.128642, 44.089726 ], [ 1.133939, 44.089281 ], [ 1.135233, 44.088934 ], [ 1.137782, 44.088253 ], [ 1.140266, 44.087588 ], [ 1.145908, 44.086729 ], [ 1.149868, 44.086607 ], [ 1.151258, 44.086303 ], [ 1.156276, 44.085765 ], [ 1.156671, 44.085711 ], [ 1.162922, 44.083693 ], [ 1.16668, 44.089682 ], [ 1.170018, 44.09103 ], [ 1.172278, 44.088337 ], [ 1.175414, 44.08431 ], [ 1.182397, 44.086013 ], [ 1.184656, 44.087444 ], [ 1.185977, 44.08714 ], [ 1.193658, 44.088625 ], [ 1.197227, 44.087271 ], [ 1.1978, 44.08635 ], [ 1.197946, 44.086081 ], [ 1.198149, 44.085465 ], [ 1.198228, 44.084891 ], [ 1.198049, 44.083766 ], [ 1.196029, 44.076448 ], [ 1.197194, 44.074355 ], [ 1.197127, 44.073375 ], [ 1.196983, 44.072656 ], [ 1.194457, 44.072017 ], [ 1.191659, 44.073535 ], [ 1.18665, 44.066899 ], [ 1.186616, 44.064331 ], [ 1.184104, 44.06127 ], [ 1.183017, 44.059364 ], [ 1.185214, 44.052063 ], [ 1.193302, 44.048677 ], [ 1.195495, 44.045822 ], [ 1.202617, 44.043341 ], [ 1.205238, 44.044453 ], [ 1.210604, 44.047709 ], [ 1.216185, 44.052529 ], [ 1.21789, 44.053633 ], [ 1.217998, 44.053636 ], [ 1.219774, 44.052809 ], [ 1.219839, 44.051977 ], [ 1.219936, 44.050968 ], [ 1.219892, 44.049891 ], [ 1.225436, 44.043254 ], [ 1.225954, 44.043225 ], [ 1.226015, 44.043186 ], [ 1.228486, 44.03809 ], [ 1.228996, 44.036764 ], [ 1.23667, 44.032512 ], [ 1.239192, 44.033481 ], [ 1.245769, 44.028578 ], [ 1.244261, 44.025309 ], [ 1.239388, 44.026789 ], [ 1.236135, 44.02862 ], [ 1.233752, 44.028909 ], [ 1.228178, 44.021963 ], [ 1.227786860111478, 44.021467099899056 ], [ 1.227167, 44.02143 ], [ 1.226499, 44.021206 ], [ 1.226093278912423, 44.01931992158211 ], [ 1.225949, 44.019137 ], [ 1.223059, 44.020211 ], [ 1.221527, 44.022457 ], [ 1.217619, 44.025956 ], [ 1.210311, 44.022338 ], [ 1.209503, 44.013587 ], [ 1.211129, 44.012885 ], [ 1.212877, 44.012048 ], [ 1.214058, 44.01145 ], [ 1.214762, 44.011069 ], [ 1.214851, 44.011016 ], [ 1.21564, 44.010583 ], [ 1.217234, 44.00964 ], [ 1.218811, 44.008636 ], [ 1.220284, 44.007612 ], [ 1.221703, 44.006539 ], [ 1.223925, 44.00469 ], [ 1.224446506361261, 44.004214572235462 ], [ 1.222714265619294, 44.000913389646165 ], [ 1.222563, 44.001068 ], [ 1.221504, 44.002026 ], [ 1.219402, 44.003771 ], [ 1.218117, 44.004737 ], [ 1.216758, 44.005679 ], [ 1.214732, 44.006738 ], [ 1.213021, 44.007918 ], [ 1.212347, 44.008282 ], [ 1.211251, 44.008836 ], [ 1.209576, 44.009637 ], [ 1.208078, 44.010281 ], [ 1.208076150525046, 44.010280382594004 ], [ 1.209394, 44.01363 ], [ 1.207348, 44.014435 ], [ 1.206067, 44.023036 ], [ 1.212491, 44.02789 ], [ 1.216023, 44.028376 ], [ 1.221771, 44.025769 ], [ 1.224782, 44.027744 ], [ 1.230823, 44.029264 ], [ 1.231256, 44.032838 ], [ 1.229144, 44.033093 ], [ 1.222627, 44.03822 ], [ 1.222133, 44.038729 ], [ 1.220211, 44.040888 ], [ 1.216901, 44.044482 ], [ 1.213514, 44.043264 ], [ 1.206523, 44.040147 ], [ 1.202191, 44.043077 ], [ 1.197088, 44.041665 ], [ 1.192825, 44.042833 ], [ 1.189892, 44.044652 ], [ 1.185152, 44.052139 ], [ 1.183885, 44.052661 ], [ 1.183478, 44.052786 ], [ 1.183155, 44.052828 ], [ 1.182916, 44.052864 ], [ 1.177642, 44.058268 ], [ 1.178541, 44.06191 ], [ 1.179549, 44.064229 ], [ 1.180408, 44.06674 ], [ 1.186056, 44.073426 ], [ 1.18742, 44.073488 ], [ 1.189806, 44.081419 ], [ 1.190128, 44.082081 ], [ 1.18689, 44.083655 ], [ 1.18141, 44.081582 ], [ 1.173024, 44.083374 ], [ 1.171021, 44.084374 ], [ 1.170842, 44.084317 ], [ 1.165483, 44.080944 ], [ 1.15841, 44.081029 ], [ 1.152253, 44.08391 ], [ 1.151067, 44.08417 ], [ 1.149865, 44.083564 ], [ 1.141329, 44.084675 ], [ 1.137839, 44.085557 ], [ 1.133924, 44.084164 ], [ 1.133223, 44.080633 ], [ 1.125069, 44.078924 ], [ 1.122837, 44.082842 ], [ 1.122417, 44.086807 ], [ 1.122714, 44.090394 ], [ 1.117287, 44.097471 ], [ 1.117378, 44.10107 ], [ 1.117187, 44.10549 ], [ 1.115255, 44.105748 ], [ 1.114446, 44.105774 ], [ 1.112603, 44.105771 ], [ 1.110501, 44.105759 ], [ 1.110523, 44.102159 ], [ 1.110414, 44.098321 ], [ 1.110029, 44.095903 ], [ 1.102866, 44.092186 ], [ 1.100881, 44.090707 ], [ 1.098362, 44.089232 ], [ 1.091517, 44.090595 ], [ 1.08848, 44.098334 ], [ 1.088809, 44.100033 ], [ 1.08839, 44.101914 ], [ 1.086958, 44.104677 ], [ 1.082296, 44.106021 ], [ 1.079369, 44.104647 ], [ 1.076303, 44.102643 ], [ 1.069994, 44.097338 ], [ 1.070334, 44.093754 ], [ 1.073362, 44.092479 ], [ 1.075821, 44.09025 ], [ 1.078057, 44.087429 ], [ 1.07387, 44.08037 ], [ 1.073445, 44.079559 ], [ 1.074388, 44.07694 ], [ 1.073245, 44.07053 ], [ 1.066632, 44.066773 ], [ 1.065249, 44.065906 ], [ 1.069059, 44.073423 ], [ 1.068738, 44.07705 ] ] ], [ [ [ 1.062207, 44.056488 ], [ 1.062182, 44.057269 ], [ 1.065124, 44.062435 ], [ 1.062288585125789, 44.054939477410734 ], [ 1.062294, 44.05508 ], [ 1.062207, 44.056488 ] ] ], [ [ [ 1.044881, 44.050246 ], [ 1.04739, 44.04908 ], [ 1.048208, 44.048694 ], [ 1.049336, 44.047496 ], [ 1.048725, 44.047954 ], [ 1.046567, 44.045072 ], [ 1.041053, 44.042173 ], [ 1.035169, 44.047453 ], [ 1.042082, 44.047981 ], [ 1.044881, 44.050246 ] ] ], [ [ [ 1.011997, 44.050412 ], [ 1.012888, 44.051495 ], [ 1.015683, 44.053555 ], [ 1.021961, 44.057997 ], [ 1.022364, 44.061678 ], [ 1.022193, 44.06351 ], [ 1.022272, 44.063623 ], [ 1.024017, 44.064457 ], [ 1.024744, 44.064528 ], [ 1.026719, 44.064771 ], [ 1.02731, 44.064476 ], [ 1.030477, 44.056835 ], [ 1.030454, 44.056462 ], [ 1.029349, 44.050357 ], [ 1.027859, 44.055414 ], [ 1.027904, 44.056046 ], [ 1.02789, 44.056426 ], [ 1.026331, 44.057359 ], [ 1.026286, 44.057373 ], [ 1.025728, 44.057495 ], [ 1.024292, 44.056288 ], [ 1.02388, 44.05364 ], [ 1.023917, 44.053164 ], [ 1.023751, 44.050019 ], [ 1.022816, 44.046543 ], [ 1.014513, 44.045553 ], [ 1.013572, 44.045816 ], [ 1.01181, 44.04572 ], [ 1.004621, 44.044449 ], [ 1.003694444580118, 44.044809265014479 ], [ 1.008827, 44.046561 ], [ 1.011997, 44.050412 ] ] ] ] } },
{ "type": "Feature", "properties": { "codgeo": "82033", "value": 780, "isochrone_group": 13.0, "nb_agences": 1 }, "geometry": { "type": "MultiPolygon", "coordinates": [ [ [ [ 0.925996, 44.055659 ], [ 0.924731, 44.055792 ], [ 0.922737, 44.056028 ], [ 0.918705, 44.056508 ], [ 0.917831, 44.056623 ], [ 0.913682, 44.05712 ], [ 0.909548, 44.057614 ], [ 0.903133, 44.058166 ], [ 0.903328, 44.061761 ], [ 0.905104, 44.061664 ], [ 0.905972, 44.061606 ], [ 0.907676, 44.061444 ], [ 0.909945, 44.061192 ], [ 0.914109, 44.060694 ], [ 0.918259, 44.060198 ], [ 0.919174, 44.060078 ], [ 0.923161, 44.059604 ], [ 0.925155, 44.059367 ], [ 0.930445205180552, 44.059280479665802 ], [ 0.927667, 44.059149 ], [ 0.927563018602659, 44.055551643580422 ], [ 0.927484, 44.055554 ], [ 0.925996, 44.055659 ] ] ], [ [ [ 1.163811, 43.991954 ], [ 1.163478, 43.991846 ], [ 1.162341, 43.992001 ], [ 1.157465, 43.993473 ], [ 1.151764, 43.993914 ], [ 1.150255, 43.994154 ], [ 1.149534, 43.994298 ], [ 1.149285, 43.994399 ], [ 1.14101, 43.994021 ], [ 1.139619, 43.990701 ], [ 1.145936, 43.98458 ], [ 1.146888, 43.984866 ], [ 1.148616, 43.980927 ], [ 1.149493573180098, 43.977865134814436 ], [ 1.148472, 43.97823 ], [ 1.145241, 43.980103 ], [ 1.142708, 43.977546 ], [ 1.140664606636614, 43.977450806248903 ], [ 1.142, 43.97948 ], [ 1.143023, 43.981929 ], [ 1.14259, 43.983515 ], [ 1.142164, 43.98709 ], [ 1.138289, 43.988097 ], [ 1.137583, 43.995481 ], [ 1.133791, 44.000183 ], [ 1.1332, 44.003734 ], [ 1.133893, 44.006798 ], [ 1.132241, 44.010348 ], [ 1.131954, 44.01091 ], [ 1.131486, 44.011576 ], [ 1.130661, 44.01226 ], [ 1.129999, 44.01262 ], [ 1.127218, 44.014682 ], [ 1.126592, 44.020832 ], [ 1.127797, 44.024225 ], [ 1.135891, 44.026373 ], [ 1.137257, 44.019488 ], [ 1.13705, 44.018846 ], [ 1.140328, 44.017614 ], [ 1.148214, 44.01492 ], [ 1.150578, 44.012205 ], [ 1.146425, 44.005091 ], [ 1.146682, 44.001501 ], [ 1.150231, 43.997908 ], [ 1.153235, 43.995925 ], [ 1.156184, 43.995644 ], [ 1.164172, 43.994689 ], [ 1.165535578634296, 43.995347430956812 ], [ 1.164735810489065, 43.992684965561601 ], [ 1.163811, 43.991954 ] ] ], [ [ [ 1.131505, 43.961461 ], [ 1.128752, 43.959141 ], [ 1.120561, 43.959845 ], [ 1.119846, 43.960767 ], [ 1.114804, 43.967888 ], [ 1.1143, 43.971452 ], [ 1.112376, 43.976996 ], [ 1.113181, 43.980505 ], [ 1.114017, 43.986095 ], [ 1.109078, 43.989759 ], [ 1.10599, 43.989979 ], [ 1.097169, 43.990897 ], [ 1.096836, 43.990462 ], [ 1.095196, 43.98785 ], [ 1.094301, 43.988135 ], [ 1.087475, 43.988564 ], [ 1.080333, 43.986493 ], [ 1.077951, 43.982876 ], [ 1.071806, 43.97782 ], [ 1.069402, 43.975488 ], [ 1.068942, 43.975225 ], [ 1.067893, 43.97523 ], [ 1.067478, 43.975266 ], [ 1.066346, 43.975954 ], [ 1.063964, 43.977468 ], [ 1.063286, 43.978106 ], [ 1.063204, 43.978329 ], [ 1.062591, 43.980684 ], [ 1.06264, 43.984283 ], [ 1.062017, 43.989662 ], [ 1.061693, 43.993247 ], [ 1.052768, 43.993885 ], [ 1.047732, 43.996121 ], [ 1.042703, 44.000279 ], [ 1.034612, 43.997349 ], [ 1.033956, 43.995171 ], [ 1.029431, 43.994897 ], [ 1.027743, 43.995685 ], [ 1.018917, 43.99695 ], [ 1.014373, 43.999833 ], [ 1.012428, 44.003114 ], [ 1.007599, 44.008208 ], [ 1.003113, 44.009687 ], [ 0.994372, 44.007824 ], [ 0.993968, 44.007152 ], [ 0.990883, 44.009008 ], [ 0.989745, 44.010349 ], [ 0.989404, 44.011027 ], [ 0.987428, 44.016113 ], [ 0.986636, 44.018572 ], [ 0.987547, 44.020475 ], [ 0.988478, 44.023953 ], [ 0.988584, 44.031611 ], [ 0.986054, 44.034171 ], [ 0.9788, 44.034968 ], [ 0.978442, 44.034986 ], [ 0.977951, 44.036545 ], [ 0.977276, 44.038392 ], [ 0.968848, 44.038171 ], [ 0.963339, 44.039035 ], [ 0.961594, 44.039239 ], [ 0.961432, 44.03935 ], [ 0.956781, 44.04691 ], [ 0.956534, 44.047004 ], [ 0.956039, 44.047171 ], [ 0.955393, 44.049246 ], [ 0.949026, 44.055231 ], [ 0.950583, 44.054799 ], [ 0.952356, 44.05426 ], [ 0.954998, 44.053506 ], [ 0.956741, 44.053038 ], [ 0.958427, 44.052634 ], [ 0.960285, 44.052224 ], [ 0.962034, 44.051905 ], [ 0.966045, 44.051244 ], [ 0.970165, 44.044901 ], [ 0.970208, 44.044822 ], [ 0.972092, 44.043911 ], [ 0.979081, 44.041995 ], [ 0.983462, 44.037228 ], [ 0.989719, 44.032939 ], [ 0.99068, 44.031757 ], [ 0.997415, 44.027973 ], [ 0.995734, 44.02044 ], [ 0.992175, 44.017447 ], [ 0.993727, 44.014199 ], [ 1.0026, 44.013642 ], [ 1.002732, 44.013615 ], [ 1.003441, 44.013572 ], [ 1.009077, 44.011985 ], [ 1.01214, 44.008239 ], [ 1.013281, 44.006525 ], [ 1.016705, 44.007637 ], [ 1.016576, 44.00908 ], [ 1.016625, 44.011016 ], [ 1.016512, 44.011679 ], [ 1.016471, 44.012148 ], [ 1.016805, 44.014788 ], [ 1.024903, 44.016049 ], [ 1.025381, 44.015473 ], [ 1.025918, 44.015025 ], [ 1.026366, 44.014811 ], [ 1.031391, 44.012084 ], [ 1.031945, 44.006032 ], [ 1.028251, 44.003082 ], [ 1.026651, 44.002757 ], [ 1.026238, 44.002353 ], [ 1.025244, 44.00107 ], [ 1.025174, 44.000901 ], [ 1.025816, 43.999235 ], [ 1.026304, 43.999022 ], [ 1.027877, 43.998427 ], [ 1.028054, 43.998382 ], [ 1.029451, 43.998913 ], [ 1.033938, 44.001289 ], [ 1.040406, 44.001601 ], [ 1.042013, 44.001184 ], [ 1.048328, 44.005058 ], [ 1.052852, 43.997863 ], [ 1.052851, 43.99571 ], [ 1.053538, 43.995522 ], [ 1.054077, 43.995419 ], [ 1.054701, 43.995411 ], [ 1.055256, 43.995532 ], [ 1.055712, 43.995723 ], [ 1.056101, 43.995967 ], [ 1.057431, 43.996795 ], [ 1.058072, 43.997297 ], [ 1.060338, 43.998619 ], [ 1.067328, 43.993702 ], [ 1.065911, 43.989445 ], [ 1.066321, 43.985208 ], [ 1.066673, 43.983246 ], [ 1.066863, 43.982594 ], [ 1.068732, 43.981981 ], [ 1.068922, 43.982057 ], [ 1.069004, 43.982097 ], [ 1.074827, 43.984994 ], [ 1.075948, 43.988415 ], [ 1.079477, 43.99155 ], [ 1.085108, 43.991453 ], [ 1.085481, 43.991283 ], [ 1.086137, 43.99109 ], [ 1.087336, 43.990858 ], [ 1.088105, 43.990653 ], [ 1.093377, 43.991958 ], [ 1.096367, 43.993963 ], [ 1.103441, 43.997248 ], [ 1.107401, 43.994146 ], [ 1.109282, 43.991077 ], [ 1.113258, 43.989235 ], [ 1.113613, 43.988986 ], [ 1.11405, 43.988739 ], [ 1.114553, 43.988651 ], [ 1.123398, 43.98837 ], [ 1.123691, 43.985406 ], [ 1.117931, 43.979709 ], [ 1.117927, 43.979704 ], [ 1.120917, 43.974373 ], [ 1.122198, 43.971008 ], [ 1.125187, 43.969978 ], [ 1.128784, 43.970113 ], [ 1.134920687467766, 43.97069366971192 ], [ 1.135187, 43.970123 ], [ 1.135513, 43.969142 ], [ 1.13644, 43.963213 ], [ 1.136418238171866, 43.962381319698714 ], [ 1.131505, 43.961461 ] ] ], [ [ [ 1.198979194733103, 44.0033076071837 ], [ 1.196599691158132, 44.005112200104456 ], [ 1.198171, 44.005806 ], [ 1.199523, 44.00691 ], [ 1.199987, 44.00758 ], [ 1.200004415574452, 44.007585813801342 ], [ 1.199226, 44.003564 ], [ 1.198979194733103, 44.0033076071837 ] ] ], [ [ [ 1.22806, 44.046635 ], [ 1.228951, 44.045993 ], [ 1.231842, 44.043934 ], [ 1.232914, 44.040497 ], [ 1.2343, 44.036763 ], [ 1.240952, 44.033817 ], [ 1.241292, 44.033856 ], [ 1.242343, 44.034041 ], [ 1.242951, 44.034119 ], [ 1.243512, 44.034145 ], [ 1.24457, 44.034181 ], [ 1.246158, 44.03329 ], [ 1.250769, 44.025848 ], [ 1.256599, 44.024598 ], [ 1.257093, 44.021032 ], [ 1.256448, 44.020942 ], [ 1.254654, 44.020601 ], [ 1.254145, 44.020527 ], [ 1.252847, 44.020501 ], [ 1.25115, 44.021673 ], [ 1.249207, 44.022604 ], [ 1.248168, 44.023131 ], [ 1.239898, 44.024505 ], [ 1.235826, 44.025165 ], [ 1.230439762409194, 44.019648318713763 ], [ 1.229147, 44.020902 ], [ 1.228814, 44.021349 ], [ 1.228312961487175, 44.022131181286333 ], [ 1.233752, 44.028909 ], [ 1.236135, 44.02862 ], [ 1.239388, 44.026789 ], [ 1.244261, 44.025309 ], [ 1.245769, 44.028578 ], [ 1.239192, 44.033481 ], [ 1.23667, 44.032512 ], [ 1.228996, 44.036764 ], [ 1.228486, 44.03809 ], [ 1.226015, 44.043186 ], [ 1.225954, 44.043225 ], [ 1.225436, 44.043254 ], [ 1.219892, 44.049891 ], [ 1.219936, 44.050968 ], [ 1.227698, 44.046728 ], [ 1.22806, 44.046635 ] ] ], [ [ [ 1.221703, 44.006539 ], [ 1.220284, 44.007612 ], [ 1.218811, 44.008636 ], [ 1.217234, 44.00964 ], [ 1.21564, 44.010583 ], [ 1.214851, 44.011016 ], [ 1.214762, 44.011069 ], [ 1.214058, 44.01145 ], [ 1.212877, 44.012048 ], [ 1.211129, 44.012885 ], [ 1.209503, 44.013587 ], [ 1.210311, 44.022338 ], [ 1.217619, 44.025956 ], [ 1.221527, 44.022457 ], [ 1.222671022566005, 44.020779797204156 ], [ 1.222839, 44.020347 ], [ 1.226311, 44.014923 ], [ 1.22433, 44.010005 ], [ 1.224209, 44.009097 ], [ 1.224317, 44.008441 ], [ 1.224529, 44.007472 ], [ 1.223308627641148, 44.00520290391156 ], [ 1.221703, 44.006539 ] ] ], [ [ [ 1.182794, 44.088825 ], [ 1.185301, 44.091409 ], [ 1.186059, 44.090674 ], [ 1.194484, 44.089924 ], [ 1.198846, 44.08944 ], [ 1.203491, 44.090546 ], [ 1.205695, 44.090791 ], [ 1.207921, 44.090751 ], [ 1.208734, 44.087244 ], [ 1.208014, 44.087077 ], [ 1.202173, 44.082729 ], [ 1.201625, 44.074022 ], [ 1.204046, 44.071284 ], [ 1.203888, 44.069632 ], [ 1.203168, 44.067793 ], [ 1.201346, 44.067083 ], [ 1.199281, 44.068468 ], [ 1.194962, 44.069066 ], [ 1.19055, 44.062812 ], [ 1.190532, 44.062622 ], [ 1.188227, 44.057833 ], [ 1.193484, 44.052024 ], [ 1.195321, 44.051713 ], [ 1.198044, 44.049358 ], [ 1.205645, 44.050573 ], [ 1.20994, 44.052476 ], [ 1.21301, 44.054356 ], [ 1.216512, 44.058634 ], [ 1.218142, 44.059769 ], [ 1.220041, 44.061999 ], [ 1.221104, 44.061634 ], [ 1.223093, 44.060089 ], [ 1.222328, 44.058867 ], [ 1.221719, 44.058087 ], [ 1.220137, 44.055138 ], [ 1.219855, 44.054001 ], [ 1.219839, 44.051977 ], [ 1.219774, 44.052809 ], [ 1.217998, 44.053636 ], [ 1.21789, 44.053633 ], [ 1.216185, 44.052529 ], [ 1.210604, 44.047709 ], [ 1.205238, 44.044453 ], [ 1.202617, 44.043341 ], [ 1.195495, 44.045822 ], [ 1.193302, 44.048677 ], [ 1.185214, 44.052063 ], [ 1.183017, 44.059364 ], [ 1.184104, 44.06127 ], [ 1.186616, 44.064331 ], [ 1.18665, 44.066899 ], [ 1.191659, 44.073535 ], [ 1.194457, 44.072017 ], [ 1.196983, 44.072656 ], [ 1.197127, 44.073375 ], [ 1.197194, 44.074355 ], [ 1.196029, 44.076448 ], [ 1.198049, 44.083766 ], [ 1.198228, 44.084891 ], [ 1.198149, 44.085465 ], [ 1.197946, 44.086081 ], [ 1.1978, 44.08635 ], [ 1.197227, 44.087271 ], [ 1.193658, 44.088625 ], [ 1.185977, 44.08714 ], [ 1.184656, 44.087444 ], [ 1.182397, 44.086013 ], [ 1.180969647628463, 44.08566490017347 ], [ 1.181237, 44.087831 ], [ 1.182794, 44.088825 ] ] ], [ [ [ 1.175414, 44.08431 ], [ 1.174905774481695, 44.084962622500704 ], [ 1.177042114459902, 44.084707061281009 ], [ 1.175414, 44.08431 ] ] ], [ [ [ 1.159481, 44.089124 ], [ 1.162972, 44.088733 ], [ 1.167583, 44.095142 ], [ 1.167529, 44.096323 ], [ 1.172441, 44.097212 ], [ 1.173621, 44.096334 ], [ 1.173668, 44.095558 ], [ 1.1735, 44.094496 ], [ 1.173273, 44.094216 ], [ 1.172387, 44.092952 ], [ 1.171826401886804, 44.088875121114533 ], [ 1.170018, 44.09103 ], [ 1.16668, 44.089682 ], [ 1.162922, 44.083693 ], [ 1.156671, 44.085711 ], [ 1.156276, 44.085765 ], [ 1.151258, 44.086303 ], [ 1.149868, 44.086607 ], [ 1.149414302618129, 44.086620977545586 ], [ 1.155908, 44.089567 ], [ 1.159481, 44.089124 ] ] ], [ [ [ 1.066113, 44.088365 ], [ 1.062611, 44.091395 ], [ 1.061002, 44.094615 ], [ 1.062179, 44.097989 ], [ 1.064193, 44.099289 ], [ 1.066233, 44.100599 ], [ 1.070668, 44.104589 ], [ 1.072347, 44.112572 ], [ 1.0728, 44.113857 ], [ 1.073201, 44.114226 ], [ 1.07347, 44.114393 ], [ 1.074068, 44.114666 ], [ 1.074464, 44.114784 ], [ 1.079683, 44.111817 ], [ 1.080663, 44.111343 ], [ 1.082576, 44.10995 ], [ 1.090822, 44.110146 ], [ 1.097915, 44.109496 ], [ 1.104932, 44.113015 ], [ 1.105591, 44.113346 ], [ 1.105885, 44.113496 ], [ 1.111294, 44.116102 ], [ 1.113122, 44.116154 ], [ 1.115087, 44.115931 ], [ 1.117262, 44.115138 ], [ 1.119733, 44.111068 ], [ 1.119983, 44.110352 ], [ 1.127297, 44.107089 ], [ 1.129833, 44.109864 ], [ 1.13099, 44.110974 ], [ 1.131661, 44.111418 ], [ 1.137655, 44.110808 ], [ 1.138519, 44.107313 ], [ 1.133296, 44.101664 ], [ 1.128172, 44.095602 ], [ 1.134298, 44.09106 ], [ 1.134585, 44.09109 ], [ 1.142741, 44.088347 ], [ 1.143585, 44.088667 ], [ 1.144136, 44.088845 ], [ 1.147142346503321, 44.086690972153178 ], [ 1.145908, 44.086729 ], [ 1.140266, 44.087588 ], [ 1.137782, 44.088253 ], [ 1.135233, 44.088934 ], [ 1.133939, 44.089281 ], [ 1.128642, 44.089726 ], [ 1.127896, 44.089783 ], [ 1.126244, 44.090102 ], [ 1.122351, 44.097314 ], [ 1.12678, 44.102033 ], [ 1.127915, 44.102484 ], [ 1.128317, 44.10287 ], [ 1.128556, 44.103173 ], [ 1.127402, 44.105578 ], [ 1.126265, 44.105828 ], [ 1.125802, 44.10594 ], [ 1.125317, 44.105997 ], [ 1.11718, 44.109505 ], [ 1.114057, 44.111059 ], [ 1.112119, 44.110934 ], [ 1.106721, 44.10758 ], [ 1.100915, 44.105835 ], [ 1.093629, 44.107165 ], [ 1.08796, 44.108307 ], [ 1.084074, 44.109237 ], [ 1.080528, 44.110201 ], [ 1.078395, 44.110845 ], [ 1.077228, 44.107439 ], [ 1.073072, 44.103134 ], [ 1.067018, 44.098525 ], [ 1.065435, 44.097458 ], [ 1.067242, 44.092175 ], [ 1.07048, 44.08793 ], [ 1.070177, 44.080494 ], [ 1.068876, 44.085783 ], [ 1.066113, 44.088365 ] ] ], [ [ [ 1.064854, 44.076142 ], [ 1.065332, 44.076323 ], [ 1.066033, 44.07666 ], [ 1.070177, 44.080494 ], [ 1.068738, 44.07705 ], [ 1.069059, 44.073423 ], [ 1.065249, 44.065906 ], [ 1.066001, 44.072838 ], [ 1.064854, 44.076142 ] ] ], [ [ [ 1.06191, 44.05818 ], [ 1.061828, 44.059877 ], [ 1.065249, 44.065906 ], [ 1.065124, 44.062435 ], [ 1.062182, 44.057269 ], [ 1.062207, 44.056488 ], [ 1.062019, 44.057443 ], [ 1.06191, 44.05818 ] ] ], [ [ [ 1.041247, 44.053837 ], [ 1.0443, 44.053997 ], [ 1.0455, 44.052633 ], [ 1.048208, 44.048694 ], [ 1.04739, 44.04908 ], [ 1.044881, 44.050246 ], [ 1.042082, 44.047981 ], [ 1.035169, 44.047453 ], [ 1.038922, 44.051089 ], [ 1.041247, 44.053837 ] ] ], [ [ [ 1.001184, 44.049392 ], [ 1.007609, 44.053885 ], [ 1.01, 44.054033 ], [ 1.014548, 44.061249 ], [ 1.013326, 44.064635 ], [ 1.016782, 44.069336 ], [ 1.023039, 44.068677 ], [ 1.028729, 44.068739 ], [ 1.030603, 44.067919 ], [ 1.034141, 44.065963 ], [ 1.034452, 44.062376 ], [ 1.030575, 44.056534 ], [ 1.029349, 44.050357 ], [ 1.030454, 44.056462 ], [ 1.030477, 44.056835 ], [ 1.02731, 44.064476 ], [ 1.026719, 44.064771 ], [ 1.024744, 44.064528 ], [ 1.024017, 44.064457 ], [ 1.022272, 44.063623 ], [ 1.022193, 44.06351 ], [ 1.022364, 44.061678 ], [ 1.021961, 44.057997 ], [ 1.015683, 44.053555 ], [ 1.012888, 44.051495 ], [ 1.011997, 44.050412 ], [ 1.008827, 44.046561 ], [ 1.003345, 44.04469 ], [ 0.999647, 44.046383 ], [ 0.999132, 44.046688 ], [ 0.998774, 44.046819 ], [ 0.998178, 44.046909 ], [ 0.991994, 44.04783 ], [ 0.997734, 44.049022 ], [ 1.001184, 44.049392 ] ] ] ] } },
{ "type": "Feature", "properties": { "codgeo": "82033", "value": 840, "isochrone_group": 14.0, "nb_agences": 1 }, "geometry": { "type": "MultiPolygon", "coordinates": [ [ [ [ 0.893032, 44.056564 ], [ 0.891138, 44.05593 ], [ 0.889158, 44.055269 ], [ 0.887679, 44.054856 ], [ 0.886582, 44.054573 ], [ 0.88564, 44.054374 ], [ 0.884646, 44.054204 ], [ 0.883609, 44.054078 ], [ 0.88212, 44.053982 ], [ 0.880915, 44.053987 ], [ 0.880929, 44.057587 ], [ 0.888188, 44.058736 ], [ 0.889994, 44.059343 ], [ 0.891888, 44.059978 ], [ 0.894572, 44.060866 ], [ 0.895421, 44.061108 ], [ 0.896352, 44.061329 ], [ 0.897282, 44.061497 ], [ 0.898949, 44.061701 ], [ 0.900387, 44.061786 ], [ 0.901666, 44.061796 ], [ 0.903008, 44.061777 ], [ 0.90332793229198, 44.061759751741889 ], [ 0.903133070446897, 44.058167298751755 ], [ 0.902956, 44.058177 ], [ 0.901689, 44.058196 ], [ 0.893032, 44.056564 ] ] ], [ [ [ 1.075865, 43.969398 ], [ 1.073057, 43.967145 ], [ 1.069379, 43.968104 ], [ 1.063765, 43.968506 ], [ 1.061877, 43.971572 ], [ 1.055753, 43.974672 ], [ 1.055499, 43.974731 ], [ 1.055134, 43.975312 ], [ 1.055003, 43.975646 ], [ 1.052817, 43.979835 ], [ 1.054395, 43.983071 ], [ 1.057516, 43.990131 ], [ 1.052783, 43.991976 ], [ 1.0514, 43.99253 ], [ 1.050472, 43.992948 ], [ 1.041861, 43.990796 ], [ 1.039466, 43.992003 ], [ 1.031708, 43.990155 ], [ 1.02333, 43.991454 ], [ 1.020702, 43.993913 ], [ 1.014295, 43.991694 ], [ 1.010819, 43.992631 ], [ 1.008, 43.999143 ], [ 1.002761, 44.004577 ], [ 0.999536, 44.005633 ], [ 0.991328, 44.002747 ], [ 0.989497, 43.999678 ], [ 0.989154, 43.999117 ], [ 0.988111, 43.998959 ], [ 0.987895, 43.998936 ], [ 0.987515, 43.998909 ], [ 0.987412, 43.998914 ], [ 0.986081, 44.000992 ], [ 0.986424, 44.001554 ], [ 0.988237, 44.004592 ], [ 0.981386, 44.009983 ], [ 0.979139, 44.012796 ], [ 0.981106, 44.019216 ], [ 0.978844, 44.023876 ], [ 0.978855, 44.026311 ], [ 0.973983, 44.0316 ], [ 0.969431, 44.031558 ], [ 0.969381, 44.031597 ], [ 0.967584, 44.033167 ], [ 0.962999, 44.035043 ], [ 0.956909, 44.034328 ], [ 0.954548, 44.033238 ], [ 0.953613, 44.032699 ], [ 0.952252, 44.033769 ], [ 0.951814, 44.035818 ], [ 0.951561, 44.044689 ], [ 0.95133, 44.044946 ], [ 0.946695, 44.050905 ], [ 0.942655, 44.052352 ], [ 0.935002, 44.055897 ], [ 0.937315, 44.05613 ], [ 0.938964, 44.056255 ], [ 0.940666, 44.056299 ], [ 0.941695, 44.056289 ], [ 0.942879, 44.056229 ], [ 0.944143, 44.056134 ], [ 0.94521, 44.055993 ], [ 0.946275, 44.055834 ], [ 0.947511, 44.055588 ], [ 0.949026, 44.055231 ], [ 0.955393, 44.049246 ], [ 0.956039, 44.047171 ], [ 0.956534, 44.047004 ], [ 0.956781, 44.04691 ], [ 0.961432, 44.03935 ], [ 0.961594, 44.039239 ], [ 0.963339, 44.039035 ], [ 0.968848, 44.038171 ], [ 0.977276, 44.038392 ], [ 0.977951, 44.036545 ], [ 0.978442, 44.034986 ], [ 0.9788, 44.034968 ], [ 0.986054, 44.034171 ], [ 0.988584, 44.031611 ], [ 0.988478, 44.023953 ], [ 0.987547, 44.020475 ], [ 0.986636, 44.018572 ], [ 0.987428, 44.016113 ], [ 0.989404, 44.011027 ], [ 0.989745, 44.010349 ], [ 0.990883, 44.009008 ], [ 0.993968, 44.007152 ], [ 0.994372, 44.007824 ], [ 1.003113, 44.009687 ], [ 1.007599, 44.008208 ], [ 1.012428, 44.003114 ], [ 1.014373, 43.999833 ], [ 1.018917, 43.99695 ], [ 1.027743, 43.995685 ], [ 1.029431, 43.994897 ], [ 1.033956, 43.995171 ], [ 1.034612, 43.997349 ], [ 1.042703, 44.000279 ], [ 1.047732, 43.996121 ], [ 1.052768, 43.993885 ], [ 1.061693, 43.993247 ], [ 1.062017, 43.989662 ], [ 1.06264, 43.984283 ], [ 1.062591, 43.980684 ], [ 1.063204, 43.978329 ], [ 1.063286, 43.978106 ], [ 1.063964, 43.977468 ], [ 1.066346, 43.975954 ], [ 1.067478, 43.975266 ], [ 1.067893, 43.97523 ], [ 1.068942, 43.975225 ], [ 1.069402, 43.975488 ], [ 1.071806, 43.97782 ], [ 1.077951, 43.982876 ], [ 1.079096710713143, 43.984615729491793 ], [ 1.080672, 43.981802 ], [ 1.077127, 43.975561 ], [ 1.075865, 43.969398 ] ] ], [ [ [ 1.157414, 43.991057 ], [ 1.154747, 43.983137 ], [ 1.154761, 43.98309 ], [ 1.154665, 43.982315 ], [ 1.154239963596664, 43.981430034397675 ], [ 1.153213, 43.9804 ], [ 1.149209, 43.981675 ], [ 1.147777100213509, 43.982839283714689 ], [ 1.146888, 43.984866 ], [ 1.145936, 43.98458 ], [ 1.139619, 43.990701 ], [ 1.14101, 43.994021 ], [ 1.149285, 43.994399 ], [ 1.149534, 43.994298 ], [ 1.150255, 43.994154 ], [ 1.151764, 43.993914 ], [ 1.157465, 43.993473 ], [ 1.161373853385159, 43.992292968789386 ], [ 1.161284163067829, 43.990763471077059 ], [ 1.157414, 43.991057 ] ] ], [ [ [ 1.121442, 43.958659 ], [ 1.118174, 43.957138 ], [ 1.115786, 43.9547 ], [ 1.114844, 43.952781 ], [ 1.111412, 43.953868 ], [ 1.111549, 43.954299 ], [ 1.111771, 43.95489 ], [ 1.111966, 43.955299 ], [ 1.110343, 43.963952 ], [ 1.108178, 43.966828 ], [ 1.108897, 43.974717 ], [ 1.107545, 43.978375 ], [ 1.107049, 43.979613 ], [ 1.107521, 43.981047 ], [ 1.107835, 43.981963 ], [ 1.103063, 43.987798 ], [ 1.100058, 43.986512 ], [ 1.099334, 43.98581 ], [ 1.097724, 43.98552 ], [ 1.096492, 43.985113 ], [ 1.095817, 43.985041 ], [ 1.093593347808158, 43.988179474478478 ], [ 1.094301, 43.988135 ], [ 1.095196, 43.98785 ], [ 1.096836, 43.990462 ], [ 1.097169, 43.990897 ], [ 1.10599, 43.989979 ], [ 1.109078, 43.989759 ], [ 1.114017, 43.986095 ], [ 1.113181, 43.980505 ], [ 1.112376, 43.976996 ], [ 1.1143, 43.971452 ], [ 1.114804, 43.967888 ], [ 1.119846, 43.960767 ], [ 1.120561, 43.959845 ], [ 1.128752, 43.959141 ], [ 1.131505, 43.961461 ], [ 1.132284107503434, 43.961606937965506 ], [ 1.131807, 43.960991 ], [ 1.131496, 43.960605 ], [ 1.131405, 43.960461 ], [ 1.127655, 43.954432 ], [ 1.127375, 43.954165 ], [ 1.127105, 43.95386 ], [ 1.126763705846525, 43.953425289289598 ], [ 1.121442, 43.958659 ] ] ], [ [ [ 1.208078, 44.010281 ], [ 1.209576, 44.009637 ], [ 1.211251, 44.008836 ], [ 1.212347, 44.008282 ], [ 1.212932, 44.007971 ], [ 1.213021, 44.007918 ], [ 1.213808, 44.007484 ], [ 1.21438, 44.007167 ], [ 1.215303, 44.006601 ], [ 1.216758, 44.005679 ], [ 1.218117, 44.004737 ], [ 1.219402, 44.003771 ], [ 1.221176102889747, 44.002298207639079 ], [ 1.220183297622471, 44.001289451023595 ], [ 1.218003069730785, 44.000073549054136 ], [ 1.211286, 44.003165 ], [ 1.210652, 44.006709 ], [ 1.208158, 44.009429 ], [ 1.207655, 44.009954 ], [ 1.207388107585404, 44.010058802219589 ], [ 1.208078, 44.010281 ] ] ], [ [ [ 1.259416, 44.017639 ], [ 1.257965, 44.017412 ], [ 1.257619, 44.017574 ], [ 1.255926, 44.018351 ], [ 1.255661, 44.018488 ], [ 1.248942, 44.019721 ], [ 1.247962, 44.019703 ], [ 1.23981, 44.023082 ], [ 1.239629, 44.02308 ], [ 1.234766107228554, 44.01884474186749 ], [ 1.231143360956813, 44.020368956984022 ], [ 1.235826, 44.025165 ], [ 1.239898, 44.024505 ], [ 1.248168, 44.023131 ], [ 1.249207, 44.022604 ], [ 1.25115, 44.021673 ], [ 1.252847, 44.020501 ], [ 1.254145, 44.020527 ], [ 1.254654, 44.020601 ], [ 1.256448, 44.020942 ], [ 1.257072373984101, 44.021029121951258 ], [ 1.257233, 44.021051 ], [ 1.260757, 44.021312 ], [ 1.260961, 44.021318 ], [ 1.264728, 44.021508 ], [ 1.266392365516917, 44.020869207289607 ], [ 1.259758, 44.018045 ], [ 1.259416, 44.017639 ] ] ], [ [ [ 1.224563831957967, 44.006536450454497 ], [ 1.224655, 44.005833 ], [ 1.224139092684315, 44.005308803629553 ], [ 1.224563831957967, 44.006536450454497 ] ] ], [ [ [ 1.250613836514488, 44.026098428683405 ], [ 1.253217186508223, 44.025323088656052 ], [ 1.250769, 44.025848 ], [ 1.250613836514488, 44.026098428683405 ] ] ], [ [ [ 1.184847, 44.093457 ], [ 1.185344, 44.093609 ], [ 1.186582, 44.093821 ], [ 1.187607, 44.093949 ], [ 1.195252, 44.093689 ], [ 1.198512, 44.093774 ], [ 1.206444, 44.094657 ], [ 1.213429, 44.093893 ], [ 1.219129, 44.093749 ], [ 1.219749, 44.090202 ], [ 1.214207, 44.087651 ], [ 1.211095, 44.085841 ], [ 1.208303, 44.082945 ], [ 1.20753, 44.082217 ], [ 1.206332, 44.074037 ], [ 1.206213, 44.073525 ], [ 1.206562, 44.066022 ], [ 1.204347, 44.063185 ], [ 1.2108, 44.057696 ], [ 1.215252, 44.060736 ], [ 1.217052, 44.063853 ], [ 1.222886, 44.068024 ], [ 1.22505, 44.070515 ], [ 1.228345, 44.069064 ], [ 1.228823, 44.065352 ], [ 1.228598, 44.061387 ], [ 1.22725, 44.058049 ], [ 1.232124, 44.050587 ], [ 1.23715, 44.045962 ], [ 1.238486, 44.042619 ], [ 1.239524, 44.038609 ], [ 1.242951, 44.034119 ], [ 1.242343, 44.034041 ], [ 1.241292, 44.033856 ], [ 1.240952, 44.033817 ], [ 1.2343, 44.036763 ], [ 1.232914, 44.040497 ], [ 1.231842, 44.043934 ], [ 1.228951, 44.045993 ], [ 1.22806, 44.046635 ], [ 1.227698, 44.046728 ], [ 1.219936, 44.050968 ], [ 1.219839, 44.051977 ], [ 1.219855, 44.054001 ], [ 1.220137, 44.055138 ], [ 1.221719, 44.058087 ], [ 1.222328, 44.058867 ], [ 1.223093, 44.060089 ], [ 1.221104, 44.061634 ], [ 1.220041, 44.061999 ], [ 1.218142, 44.059769 ], [ 1.216512, 44.058634 ], [ 1.21301, 44.054356 ], [ 1.20994, 44.052476 ], [ 1.205645, 44.050573 ], [ 1.198044, 44.049358 ], [ 1.195321, 44.051713 ], [ 1.193484, 44.052024 ], [ 1.188227, 44.057833 ], [ 1.190532, 44.062622 ], [ 1.19055, 44.062812 ], [ 1.194962, 44.069066 ], [ 1.199281, 44.068468 ], [ 1.201346, 44.067083 ], [ 1.203168, 44.067793 ], [ 1.203888, 44.069632 ], [ 1.204046, 44.071284 ], [ 1.201625, 44.074022 ], [ 1.202173, 44.082729 ], [ 1.208014, 44.087077 ], [ 1.208734, 44.087244 ], [ 1.207921, 44.090751 ], [ 1.205695, 44.090791 ], [ 1.203491, 44.090546 ], [ 1.198846, 44.08944 ], [ 1.194484, 44.089924 ], [ 1.186059, 44.090674 ], [ 1.185301, 44.091409 ], [ 1.182794, 44.088825 ], [ 1.181237, 44.087831 ], [ 1.180796, 44.084258 ], [ 1.172353, 44.085268 ], [ 1.171616, 44.087345 ], [ 1.172387, 44.092952 ], [ 1.173273, 44.094216 ], [ 1.1735, 44.094496 ], [ 1.173637723126538, 44.095366606907042 ], [ 1.175521, 44.09342 ], [ 1.182594, 44.09241 ], [ 1.184847, 44.093457 ] ] ], [ [ [ 1.156191, 44.092216 ], [ 1.156907, 44.09342 ], [ 1.158951, 44.094527 ], [ 1.163104, 44.098154 ], [ 1.164909, 44.102813 ], [ 1.165063, 44.103559 ], [ 1.168361, 44.103834 ], [ 1.168436, 44.103581 ], [ 1.168741, 44.102538 ], [ 1.168848, 44.102195 ], [ 1.170763, 44.098338 ], [ 1.171940077391762, 44.097121340350412 ], [ 1.167529, 44.096323 ], [ 1.167583, 44.095142 ], [ 1.162972, 44.088733 ], [ 1.159481, 44.089124 ], [ 1.155910326547124, 44.089566711542005 ], [ 1.155947, 44.089857 ], [ 1.156128, 44.090606 ], [ 1.156191, 44.092216 ] ] ], [ [ [ 1.070676, 44.116928 ], [ 1.070721, 44.120413 ], [ 1.070839, 44.121203 ], [ 1.0744, 44.120673 ], [ 1.07788, 44.117809 ], [ 1.07718, 44.114278 ], [ 1.084913, 44.110655 ], [ 1.086519, 44.111347 ], [ 1.087436, 44.111505 ], [ 1.088316, 44.111317 ], [ 1.089948, 44.110602 ], [ 1.0975, 44.110443 ], [ 1.103967, 44.115978 ], [ 1.104431, 44.116341 ], [ 1.107515, 44.117632 ], [ 1.10986, 44.117334 ], [ 1.116741, 44.119722 ], [ 1.119585, 44.120524 ], [ 1.123821, 44.116795 ], [ 1.129992, 44.113566 ], [ 1.13501, 44.114918 ], [ 1.135744, 44.115308 ], [ 1.136776, 44.115959 ], [ 1.145326, 44.114451 ], [ 1.145936, 44.114481 ], [ 1.14746, 44.11397 ], [ 1.148922, 44.113376 ], [ 1.149198, 44.113183 ], [ 1.149201, 44.112966 ], [ 1.149107, 44.112763 ], [ 1.147133, 44.110234 ], [ 1.143611, 44.108543 ], [ 1.139506, 44.105164 ], [ 1.137659, 44.101037 ], [ 1.134999, 44.092519 ], [ 1.142156, 44.090336 ], [ 1.145495, 44.090383 ], [ 1.146847, 44.089761 ], [ 1.152338962643219, 44.087947820112902 ], [ 1.148083, 44.086017 ], [ 1.144136, 44.088845 ], [ 1.143585, 44.088667 ], [ 1.142741, 44.088347 ], [ 1.134585, 44.09109 ], [ 1.134298, 44.09106 ], [ 1.128172, 44.095602 ], [ 1.133296, 44.101664 ], [ 1.138519, 44.107313 ], [ 1.137655, 44.110808 ], [ 1.131661, 44.111418 ], [ 1.13099, 44.110974 ], [ 1.129833, 44.109864 ], [ 1.127297, 44.107089 ], [ 1.119983, 44.110352 ], [ 1.119733, 44.111068 ], [ 1.117262, 44.115138 ], [ 1.115087, 44.115931 ], [ 1.113122, 44.116154 ], [ 1.111294, 44.116102 ], [ 1.105885, 44.113496 ], [ 1.105591, 44.113346 ], [ 1.104932, 44.113015 ], [ 1.097915, 44.109496 ], [ 1.090822, 44.110146 ], [ 1.082576, 44.10995 ], [ 1.080663, 44.111343 ], [ 1.079683, 44.111817 ], [ 1.074464, 44.114784 ], [ 1.074068, 44.114666 ], [ 1.07347, 44.114393 ], [ 1.073201, 44.114226 ], [ 1.0728, 44.113857 ], [ 1.072347, 44.112572 ], [ 1.070668, 44.104589 ], [ 1.066233, 44.100599 ], [ 1.064193, 44.099289 ], [ 1.067619, 44.104551 ], [ 1.070003, 44.11176 ], [ 1.070676, 44.116928 ] ] ], [ [ [ 1.062792, 44.084505 ], [ 1.057795, 44.088484 ], [ 1.056079, 44.091648 ], [ 1.054887, 44.09469 ], [ 1.054903, 44.096202 ], [ 1.055442, 44.097868 ], [ 1.055543, 44.097892 ], [ 1.056719, 44.097789 ], [ 1.064193, 44.099289 ], [ 1.062179, 44.097989 ], [ 1.061002, 44.094615 ], [ 1.062611, 44.091395 ], [ 1.066113, 44.088365 ], [ 1.068876, 44.085783 ], [ 1.070177, 44.080494 ], [ 1.066033, 44.07666 ], [ 1.065332, 44.076323 ], [ 1.064854, 44.076142 ], [ 1.066001, 44.072838 ], [ 1.065249, 44.065906 ], [ 1.06354, 44.074499 ], [ 1.064063, 44.075611 ], [ 1.062792, 44.084505 ] ] ], [ [ [ 1.065249, 44.065906 ], [ 1.061828, 44.059877 ], [ 1.06191, 44.05818 ], [ 1.061332, 44.060646 ], [ 1.061263, 44.060824 ], [ 1.065249, 44.065906 ] ] ], [ [ [ 1.061202752217006, 44.049635928156313 ], [ 1.062253, 44.054016 ], [ 1.06275, 44.05194 ], [ 1.061202752217006, 44.049635928156313 ] ] ], [ [ [ 0.994467, 44.050079 ], [ 1.001566, 44.055044 ], [ 1.005049, 44.060149 ], [ 1.004447, 44.066514 ], [ 1.004154, 44.071723 ], [ 1.004168, 44.071745 ], [ 1.006485, 44.072345 ], [ 1.01055, 44.072866 ], [ 1.018351, 44.072526 ], [ 1.019638, 44.073153 ], [ 1.023298, 44.076615 ], [ 1.026876, 44.076216 ], [ 1.031609, 44.073151 ], [ 1.033271, 44.069958 ], [ 1.041152, 44.06613 ], [ 1.041478, 44.066205 ], [ 1.042088, 44.065036 ], [ 1.042278, 44.062695 ], [ 1.041411, 44.055869 ], [ 1.046449, 44.054652 ], [ 1.047423, 44.054963 ], [ 1.048519, 44.051534 ], [ 1.049889, 44.046832 ], [ 1.049336, 44.047496 ], [ 1.048208, 44.048694 ], [ 1.0455, 44.052633 ], [ 1.0443, 44.053997 ], [ 1.041247, 44.053837 ], [ 1.038922, 44.051089 ], [ 1.035169, 44.047453 ], [ 1.029349, 44.050357 ], [ 1.030575, 44.056534 ], [ 1.034452, 44.062376 ], [ 1.034141, 44.065963 ], [ 1.030603, 44.067919 ], [ 1.028729, 44.068739 ], [ 1.023039, 44.068677 ], [ 1.016782, 44.069336 ], [ 1.013326, 44.064635 ], [ 1.014548, 44.061249 ], [ 1.01, 44.054033 ], [ 1.007609, 44.053885 ], [ 1.001184, 44.049392 ], [ 0.997734, 44.049022 ], [ 0.991994, 44.04783 ], [ 0.988068, 44.049253 ], [ 0.984104, 44.050689 ], [ 0.992412, 44.050583 ], [ 0.993717, 44.050248 ], [ 0.994467, 44.050079 ] ] ], [ [ [ 0.976319, 44.058278 ], [ 0.977255, 44.056969 ], [ 0.982084, 44.05137 ], [ 0.980024, 44.051988 ], [ 0.978, 44.052553 ], [ 0.975765, 44.05311 ], [ 0.973621, 44.053552 ], [ 0.973026, 44.053695 ], [ 0.970612, 44.05414 ], [ 0.96663, 44.054796 ], [ 0.962678, 44.055447 ], [ 0.959264, 44.056135 ], [ 0.966936, 44.05716 ], [ 0.97272, 44.058367 ], [ 0.976319, 44.058278 ] ] ] ] } },
{ "type": "Feature", "properties": { "codgeo": "82033", "value": 900, "isochrone_group": 15.0, "nb_agences": 1 }, "geometry": { "type": "MultiPolygon", "coordinates": [ [ [ [ 0.878982, 44.054118 ], [ 0.878122, 44.054236 ], [ 0.877042, 44.054414 ], [ 0.876432, 44.054549 ], [ 0.875786, 44.054715 ], [ 0.874711, 44.055037 ], [ 0.873929, 44.055298 ], [ 0.873282, 44.055555 ], [ 0.86936, 44.057293 ], [ 0.865436, 44.059032 ], [ 0.862897, 44.06016 ], [ 0.859826, 44.061517 ], [ 0.85933, 44.061751 ], [ 0.860865, 44.065007 ], [ 0.861361, 44.064774 ], [ 0.864359, 44.06345 ], [ 0.865485, 44.063004 ], [ 0.866469, 44.062554 ], [ 0.870818, 44.060584 ], [ 0.87474, 44.058846 ], [ 0.8787, 44.057789 ], [ 0.882737307335384, 44.057873230214689 ], [ 0.880929, 44.057587 ], [ 0.880915005710941, 44.053988468527635 ], [ 0.880816, 44.053989 ], [ 0.879909, 44.054035 ], [ 0.878982, 44.054118 ] ] ], [ [ [ 1.029038, 43.985731 ], [ 1.021137, 43.987931 ], [ 1.015018, 43.986991 ], [ 1.011968, 43.984615 ], [ 1.009207, 43.984748 ], [ 1.0084, 43.988256 ], [ 1.005616, 43.994183 ], [ 0.99952, 44.00062 ], [ 0.99358, 44.000188 ], [ 0.990176, 43.995855 ], [ 0.989636, 43.99511 ], [ 0.988864, 43.993858 ], [ 0.982535, 43.991236 ], [ 0.979785, 43.993559 ], [ 0.981996, 44.001287 ], [ 0.974801, 44.00538 ], [ 0.97166, 44.00714 ], [ 0.97199, 44.007727 ], [ 0.972994, 44.009616 ], [ 0.974164, 44.01156 ], [ 0.975665, 44.01617 ], [ 0.975718, 44.01977 ], [ 0.97614, 44.022702 ], [ 0.975834, 44.025057 ], [ 0.968146, 44.027968 ], [ 0.966156, 44.030968 ], [ 0.959999, 44.032012 ], [ 0.951497, 44.031312 ], [ 0.947971, 44.02864 ], [ 0.944218, 44.027296 ], [ 0.94247, 44.030443 ], [ 0.942737, 44.032828 ], [ 0.943249, 44.034075 ], [ 0.947779, 44.041049 ], [ 0.94667, 44.046681 ], [ 0.944932, 44.049639 ], [ 0.93917, 44.051857 ], [ 0.937258, 44.052277 ], [ 0.931945, 44.054732 ], [ 0.927224, 44.055084 ], [ 0.925968, 44.055178 ], [ 0.922737, 44.056028 ], [ 0.924731, 44.055792 ], [ 0.925996, 44.055659 ], [ 0.927484, 44.055554 ], [ 0.928993, 44.055509 ], [ 0.931432, 44.05557 ], [ 0.932644, 44.05566 ], [ 0.935002, 44.055897 ], [ 0.942655, 44.052352 ], [ 0.946695, 44.050905 ], [ 0.95133, 44.044946 ], [ 0.951561, 44.044689 ], [ 0.951814, 44.035818 ], [ 0.952252, 44.033769 ], [ 0.953613, 44.032699 ], [ 0.954548, 44.033238 ], [ 0.956909, 44.034328 ], [ 0.962999, 44.035043 ], [ 0.967584, 44.033167 ], [ 0.969381, 44.031597 ], [ 0.969431, 44.031558 ], [ 0.973983, 44.0316 ], [ 0.978855, 44.026311 ], [ 0.978844, 44.023876 ], [ 0.981106, 44.019216 ], [ 0.979139, 44.012796 ], [ 0.981386, 44.009983 ], [ 0.988237, 44.004592 ], [ 0.986424, 44.001554 ], [ 0.986081, 44.000992 ], [ 0.987412, 43.998914 ], [ 0.987515, 43.998909 ], [ 0.987895, 43.998936 ], [ 0.988111, 43.998959 ], [ 0.989154, 43.999117 ], [ 0.989497, 43.999678 ], [ 0.991328, 44.002747 ], [ 0.999536, 44.005633 ], [ 1.002761, 44.004577 ], [ 1.008, 43.999143 ], [ 1.010819, 43.992631 ], [ 1.014295, 43.991694 ], [ 1.020702, 43.993913 ], [ 1.02333, 43.991454 ], [ 1.031708, 43.990155 ], [ 1.039466, 43.992003 ], [ 1.032377, 43.987212 ], [ 1.032528, 43.986614 ], [ 1.029038, 43.985731 ] ] ], [ [ [ 1.083946, 43.973709 ], [ 1.079904, 43.96577 ], [ 1.08328, 43.962982 ], [ 1.083683, 43.962819 ], [ 1.082334, 43.959481 ], [ 1.078306, 43.960298 ], [ 1.069749, 43.963 ], [ 1.061804, 43.96115 ], [ 1.059956, 43.960924 ], [ 1.059755, 43.96103 ], [ 1.053582, 43.964902 ], [ 1.047404, 43.969096 ], [ 1.045983, 43.972403 ], [ 1.047348, 43.980312 ], [ 1.043308, 43.986433 ], [ 1.042872, 43.986797 ], [ 1.041793, 43.987934 ], [ 1.041615, 43.988321 ], [ 1.039466, 43.992003 ], [ 1.041861, 43.990796 ], [ 1.050472, 43.992948 ], [ 1.0514, 43.99253 ], [ 1.052783, 43.991976 ], [ 1.057516, 43.990131 ], [ 1.054395, 43.983071 ], [ 1.052817, 43.979835 ], [ 1.055003, 43.975646 ], [ 1.055134, 43.975312 ], [ 1.055499, 43.974731 ], [ 1.055753, 43.974672 ], [ 1.061877, 43.971572 ], [ 1.063765, 43.968506 ], [ 1.069379, 43.968104 ], [ 1.073057, 43.967145 ], [ 1.075865, 43.969398 ], [ 1.077127, 43.975561 ], [ 1.080672, 43.981802 ], [ 1.078778, 43.985185 ], [ 1.085108, 43.991453 ], [ 1.085481, 43.991283 ], [ 1.086137, 43.99109 ], [ 1.087336, 43.990858 ], [ 1.088754, 43.990259 ], [ 1.083445, 43.983458 ], [ 1.085453, 43.976978 ], [ 1.083946, 43.973709 ] ] ], [ [ [ 1.116208, 43.953474 ], [ 1.114919, 43.950113 ], [ 1.113949, 43.946571 ], [ 1.110375, 43.946147 ], [ 1.108407586710153, 43.945375424040634 ], [ 1.106751, 43.946927 ], [ 1.106712, 43.946985 ], [ 1.104561, 43.947585 ], [ 1.104504255116462, 43.947567908167606 ], [ 1.104499, 43.947575 ], [ 1.105311, 43.948177 ], [ 1.106105, 43.948681 ], [ 1.104798, 43.957051 ], [ 1.10281, 43.957127 ], [ 1.101212, 43.957358 ], [ 1.101258, 43.957899 ], [ 1.101487, 43.958831 ], [ 1.101611, 43.959186 ], [ 1.102335, 43.960798 ], [ 1.103961, 43.964852 ], [ 1.102059, 43.970766 ], [ 1.101564, 43.974332 ], [ 1.101551, 43.979441 ], [ 1.096099, 43.983755 ], [ 1.093362, 43.988506 ], [ 1.095817, 43.985041 ], [ 1.096492, 43.985113 ], [ 1.097724, 43.98552 ], [ 1.099334, 43.98581 ], [ 1.100058, 43.986512 ], [ 1.103063, 43.987798 ], [ 1.107835, 43.981963 ], [ 1.107521, 43.981047 ], [ 1.107049, 43.979613 ], [ 1.107545, 43.978375 ], [ 1.108897, 43.974717 ], [ 1.108178, 43.966828 ], [ 1.110343, 43.963952 ], [ 1.111966, 43.955299 ], [ 1.111771, 43.95489 ], [ 1.111549, 43.954299 ], [ 1.111412, 43.953868 ], [ 1.114844, 43.952781 ], [ 1.115786, 43.9547 ], [ 1.118174, 43.957138 ], [ 1.121442, 43.958659 ], [ 1.124645373840583, 43.955508594385279 ], [ 1.124212, 43.954421 ], [ 1.120901, 43.952525 ], [ 1.120365429753978, 43.952020693488301 ], [ 1.116208, 43.953474 ] ] ], [ [ [ 1.239629, 44.02308 ], [ 1.23981, 44.023082 ], [ 1.247028243164336, 44.020090041750208 ], [ 1.245593, 44.020146 ], [ 1.244678, 44.020264 ], [ 1.244389, 44.020307 ], [ 1.242374, 44.020808 ], [ 1.237838, 44.020953 ], [ 1.237705497900316, 44.021404756828197 ], [ 1.239629, 44.02308 ] ] ], [ [ [ 1.256676452159565, 44.018006581023059 ], [ 1.258928706333574, 44.015919612945865 ], [ 1.258308650301837, 44.015999967401342 ], [ 1.256238745599722, 44.01820746584113 ], [ 1.256676452159565, 44.018006581023059 ] ] ], [ [ [ 1.200415, 44.0987 ], [ 1.201477, 44.097926 ], [ 1.209155, 44.096353 ], [ 1.211877, 44.097255 ], [ 1.216783, 44.096323 ], [ 1.219044, 44.095515 ], [ 1.226063, 44.09824 ], [ 1.228911, 44.099179 ], [ 1.230026, 44.098886 ], [ 1.230225, 44.098748 ], [ 1.230688, 44.096048 ], [ 1.23012, 44.09222 ], [ 1.230063, 44.092038 ], [ 1.228279, 44.090946 ], [ 1.228074, 44.090984 ], [ 1.222728, 44.089974 ], [ 1.219604, 44.088133 ], [ 1.21726, 44.085171 ], [ 1.216516, 44.083641 ], [ 1.213447, 44.08176 ], [ 1.208987, 44.079387 ], [ 1.206647, 44.073835 ], [ 1.207155, 44.070271 ], [ 1.208434, 44.064976 ], [ 1.21614, 44.068877 ], [ 1.218632, 44.071475 ], [ 1.224129, 44.074058 ], [ 1.229246, 44.077353 ], [ 1.229686, 44.077997 ], [ 1.230564, 44.07813 ], [ 1.230873, 44.078159 ], [ 1.232659, 44.075967 ], [ 1.232373, 44.070879 ], [ 1.235139, 44.062491 ], [ 1.235486, 44.06212 ], [ 1.235853, 44.06171 ], [ 1.236966, 44.060573 ], [ 1.236715, 44.054217 ], [ 1.239089, 44.051511 ], [ 1.243043, 44.048458 ], [ 1.243275, 44.047868 ], [ 1.243369, 44.046863 ], [ 1.246534, 44.039346 ], [ 1.246867, 44.037732 ], [ 1.245257, 44.03598 ], [ 1.246430290318979, 44.029612211397684 ], [ 1.242951, 44.034119 ], [ 1.239524, 44.038609 ], [ 1.238486, 44.042619 ], [ 1.23715, 44.045962 ], [ 1.232124, 44.050587 ], [ 1.22725, 44.058049 ], [ 1.228598, 44.061387 ], [ 1.228823, 44.065352 ], [ 1.228345, 44.069064 ], [ 1.22505, 44.070515 ], [ 1.222886, 44.068024 ], [ 1.217052, 44.063853 ], [ 1.215252, 44.060736 ], [ 1.2108, 44.057696 ], [ 1.204347, 44.063185 ], [ 1.206562, 44.066022 ], [ 1.206213, 44.073525 ], [ 1.206332, 44.074037 ], [ 1.20753, 44.082217 ], [ 1.208303, 44.082945 ], [ 1.211095, 44.085841 ], [ 1.214207, 44.087651 ], [ 1.219749, 44.090202 ], [ 1.219129, 44.093749 ], [ 1.213429, 44.093893 ], [ 1.206444, 44.094657 ], [ 1.198512, 44.093774 ], [ 1.195252, 44.093689 ], [ 1.19233915405016, 44.093788063433216 ], [ 1.192698, 44.093966 ], [ 1.199643, 44.09845 ], [ 1.200415, 44.0987 ] ] ], [ [ [ 1.0992, 44.120874 ], [ 1.101496, 44.124077 ], [ 1.105048, 44.123497 ], [ 1.107968, 44.119258 ], [ 1.114792, 44.121471 ], [ 1.117082, 44.124568 ], [ 1.11717, 44.12461 ], [ 1.120947, 44.126063 ], [ 1.129577, 44.12466 ], [ 1.135505, 44.123692 ], [ 1.137553, 44.118784 ], [ 1.144297, 44.117717 ], [ 1.147894, 44.117868 ], [ 1.151374, 44.117107 ], [ 1.157253, 44.117908 ], [ 1.15884, 44.114677 ], [ 1.165624, 44.112217 ], [ 1.165788, 44.112224 ], [ 1.167581, 44.11117 ], [ 1.16934, 44.106752 ], [ 1.169619, 44.105107 ], [ 1.169748, 44.103622 ], [ 1.170763, 44.098338 ], [ 1.168848, 44.102195 ], [ 1.168741, 44.102538 ], [ 1.168436, 44.103581 ], [ 1.168361, 44.103834 ], [ 1.165063, 44.103559 ], [ 1.164909, 44.102813 ], [ 1.163104, 44.098154 ], [ 1.158951, 44.094527 ], [ 1.156907, 44.09342 ], [ 1.156191, 44.092216 ], [ 1.156128, 44.090606 ], [ 1.155947, 44.089857 ], [ 1.155805, 44.088733 ], [ 1.155228, 44.086994 ], [ 1.146847, 44.089761 ], [ 1.145495, 44.090383 ], [ 1.142156, 44.090336 ], [ 1.134999, 44.092519 ], [ 1.137659, 44.101037 ], [ 1.139506, 44.105164 ], [ 1.143611, 44.108543 ], [ 1.147133, 44.110234 ], [ 1.149107, 44.112763 ], [ 1.149201, 44.112966 ], [ 1.149198, 44.113183 ], [ 1.148922, 44.113376 ], [ 1.14746, 44.11397 ], [ 1.145936, 44.114481 ], [ 1.145326, 44.114451 ], [ 1.136776, 44.115959 ], [ 1.135744, 44.115308 ], [ 1.13501, 44.114918 ], [ 1.129992, 44.113566 ], [ 1.123821, 44.116795 ], [ 1.119585, 44.120524 ], [ 1.116741, 44.119722 ], [ 1.10986, 44.117334 ], [ 1.107515, 44.117632 ], [ 1.104431, 44.116341 ], [ 1.103967, 44.115978 ], [ 1.0975, 44.110443 ], [ 1.089948, 44.110602 ], [ 1.095954, 44.11068 ], [ 1.098081, 44.117453 ], [ 1.0992, 44.120874 ] ] ], [ [ [ 1.05247, 44.086157 ], [ 1.049186, 44.090921 ], [ 1.047538, 44.094122 ], [ 1.049185, 44.095855 ], [ 1.050909, 44.102689 ], [ 1.054188, 44.104175 ], [ 1.054603, 44.103702 ], [ 1.062929, 44.103407 ], [ 1.063594, 44.105073 ], [ 1.064116, 44.106806 ], [ 1.064141, 44.112952 ], [ 1.06416, 44.113674 ], [ 1.065458, 44.12039 ], [ 1.065996, 44.128408 ], [ 1.066058, 44.128729 ], [ 1.066217, 44.129187 ], [ 1.066358, 44.129473 ], [ 1.066982, 44.129585 ], [ 1.068869, 44.129436 ], [ 1.06905, 44.129388 ], [ 1.069674, 44.129073 ], [ 1.070596, 44.128259 ], [ 1.071718, 44.127054 ], [ 1.07993, 44.123791 ], [ 1.080787, 44.123813 ], [ 1.080801, 44.121929 ], [ 1.080808, 44.121442 ], [ 1.080877, 44.120214 ], [ 1.086476, 44.113494 ], [ 1.089948, 44.110602 ], [ 1.088316, 44.111317 ], [ 1.087436, 44.111505 ], [ 1.086519, 44.111347 ], [ 1.084913, 44.110655 ], [ 1.07718, 44.114278 ], [ 1.07788, 44.117809 ], [ 1.0744, 44.120673 ], [ 1.070839, 44.121203 ], [ 1.070721, 44.120413 ], [ 1.070676, 44.116928 ], [ 1.070003, 44.11176 ], [ 1.067619, 44.104551 ], [ 1.064193, 44.099289 ], [ 1.056719, 44.097789 ], [ 1.055543, 44.097892 ], [ 1.055442, 44.097868 ], [ 1.054903, 44.096202 ], [ 1.054887, 44.09469 ], [ 1.056079, 44.091648 ], [ 1.057795, 44.088484 ], [ 1.062792, 44.084505 ], [ 1.064063, 44.075611 ], [ 1.06354, 44.074499 ], [ 1.062438, 44.082585 ], [ 1.054816, 44.087078 ], [ 1.05247, 44.086157 ] ] ], [ [ [ 1.060693, 44.04751 ], [ 1.058099, 44.045014 ], [ 1.05522468072345, 44.045650481418363 ], [ 1.059252, 44.04814 ], [ 1.062253, 44.054016 ], [ 1.060693, 44.04751 ] ] ], [ [ [ 0.96698, 44.063996 ], [ 0.969746, 44.063498 ], [ 0.977762, 44.062739 ], [ 0.978171, 44.062544 ], [ 0.978725, 44.062248 ], [ 0.983187, 44.060021 ], [ 0.984469, 44.059738 ], [ 0.989082, 44.053214 ], [ 0.992565, 44.054127 ], [ 0.996051, 44.05742 ], [ 0.996151, 44.062113 ], [ 0.995123, 44.065105 ], [ 0.996654, 44.073645 ], [ 0.996697, 44.077245 ], [ 0.998202, 44.077343 ], [ 0.998584, 44.077255 ], [ 0.99913, 44.077126 ], [ 1.004833, 44.075663 ], [ 1.008946, 44.075512 ], [ 1.011998, 44.075025 ], [ 1.01811, 44.07819 ], [ 1.020899, 44.079859 ], [ 1.024762, 44.085855 ], [ 1.026026, 44.086472 ], [ 1.026697, 44.086301 ], [ 1.028211, 44.084825 ], [ 1.027977, 44.084042 ], [ 1.027641, 44.082202 ], [ 1.02764, 44.081371 ], [ 1.033368, 44.074775 ], [ 1.035002, 44.074948 ], [ 1.03951, 44.072019 ], [ 1.041802, 44.07092 ], [ 1.045395, 44.068038 ], [ 1.047626, 44.066349 ], [ 1.047793, 44.06621 ], [ 1.047182, 44.060286 ], [ 1.05011, 44.055799 ], [ 1.051218, 44.052374 ], [ 1.049889, 44.046832 ], [ 1.048519, 44.051534 ], [ 1.047423, 44.054963 ], [ 1.046449, 44.054652 ], [ 1.041411, 44.055869 ], [ 1.042278, 44.062695 ], [ 1.042088, 44.065036 ], [ 1.041478, 44.066205 ], [ 1.041152, 44.06613 ], [ 1.033271, 44.069958 ], [ 1.031609, 44.073151 ], [ 1.026876, 44.076216 ], [ 1.023298, 44.076615 ], [ 1.019638, 44.073153 ], [ 1.018351, 44.072526 ], [ 1.01055, 44.072866 ], [ 1.006485, 44.072345 ], [ 1.004168, 44.071745 ], [ 1.004154, 44.071723 ], [ 1.004447, 44.066514 ], [ 1.005049, 44.060149 ], [ 1.001566, 44.055044 ], [ 0.994467, 44.050079 ], [ 0.993717, 44.050248 ], [ 0.992412, 44.050583 ], [ 0.984104, 44.050689 ], [ 0.982084, 44.05137 ], [ 0.977255, 44.056969 ], [ 0.976319, 44.058278 ], [ 0.97272, 44.058367 ], [ 0.966936, 44.05716 ], [ 0.959264, 44.056135 ], [ 0.965985, 44.061933 ], [ 0.96639, 44.063723 ], [ 0.96698, 44.063996 ] ] ], [ [ [ 0.953401, 44.057705 ], [ 0.951543, 44.058268 ], [ 0.954285, 44.057901 ], [ 0.955986, 44.056968 ], [ 0.953401, 44.057705 ] ] ], [ [ [ 0.946804, 44.059395 ], [ 0.945673, 44.059563 ], [ 0.944412, 44.059723 ], [ 0.943056, 44.059825 ], [ 0.941728, 44.059889 ], [ 0.944976, 44.059945 ], [ 0.948208, 44.05912 ], [ 0.946804, 44.059395 ] ] ] ] } },
{ "type": "Feature", "properties": { "codgeo": "82033", "value": 960, "isochrone_group": 16.0, "nb_agences": 1 }, "geometry": { "type": "MultiPolygon", "coordinates": [ [ [ [ 0.852305, 44.064861 ], [ 0.845483, 44.066761 ], [ 0.844392, 44.066942 ], [ 0.841009, 44.067373 ], [ 0.838525, 44.067618 ], [ 0.836137, 44.067773 ], [ 0.836371, 44.071366 ], [ 0.838759, 44.07121 ], [ 0.84136, 44.070956 ], [ 0.844847, 44.070513 ], [ 0.846069, 44.070312 ], [ 0.847688, 44.070007 ], [ 0.849271, 44.069643 ], [ 0.850774, 44.069222 ], [ 0.85219, 44.068754 ], [ 0.853585, 44.068226 ], [ 0.857039, 44.066707 ], [ 0.865157, 44.065766 ], [ 0.867254, 44.065969 ], [ 0.86835, 44.065583 ], [ 0.870522, 44.064459 ], [ 0.876642928005507, 44.058338071994505 ], [ 0.87474, 44.058846 ], [ 0.870818, 44.060584 ], [ 0.866469, 44.062554 ], [ 0.865485, 44.063004 ], [ 0.864359, 44.06345 ], [ 0.861361, 44.064774 ], [ 0.860865, 44.065007 ], [ 0.8593334289395, 44.061758273372654 ], [ 0.858955, 44.061928 ], [ 0.855587, 44.063412 ], [ 0.852305, 44.064861 ] ] ], [ [ [ 1.095615, 43.95273 ], [ 1.090399, 43.956513 ], [ 1.086781, 43.957306 ], [ 1.084354, 43.958393 ], [ 1.083915, 43.958574 ], [ 1.075314, 43.957509 ], [ 1.074676, 43.957076 ], [ 1.074093, 43.956862 ], [ 1.073782, 43.956797 ], [ 1.073159, 43.956702 ], [ 1.071687, 43.956425 ], [ 1.06995, 43.956015 ], [ 1.069123, 43.959519 ], [ 1.0609, 43.958555 ], [ 1.060659, 43.957907 ], [ 1.060274, 43.957038 ], [ 1.06006, 43.956131 ], [ 1.059994, 43.95574 ], [ 1.059975, 43.955606 ], [ 1.059942, 43.953651 ], [ 1.059455, 43.952424 ], [ 1.055858, 43.95257 ], [ 1.051913, 43.957614 ], [ 1.048723, 43.959284 ], [ 1.04901, 43.959831 ], [ 1.04924, 43.96019 ], [ 1.044939, 43.967975 ], [ 1.043957, 43.967729 ], [ 1.043713, 43.967668 ], [ 1.043545, 43.967624 ], [ 1.040908, 43.96611 ], [ 1.040584, 43.965794 ], [ 1.039586, 43.965899 ], [ 1.038219, 43.966033 ], [ 1.038569, 43.969615 ], [ 1.043017, 43.975802 ], [ 1.041137, 43.978718 ], [ 1.040765, 43.982299 ], [ 1.032812, 43.982432 ], [ 1.030781, 43.982077 ], [ 1.029543, 43.981771 ], [ 1.029265, 43.981812 ], [ 1.023531, 43.984766 ], [ 1.016622, 43.982169 ], [ 1.013023, 43.982114 ], [ 1.005812, 43.984332 ], [ 1.002702, 43.985613 ], [ 1.000874, 43.988714 ], [ 0.994556, 43.991883 ], [ 0.990468, 43.99097 ], [ 0.985162, 43.990349 ], [ 0.978716, 43.98671 ], [ 0.976946, 43.984617 ], [ 0.976518, 43.98422 ], [ 0.976109, 43.983949 ], [ 0.97569, 43.983741 ], [ 0.975341, 43.983606 ], [ 0.972779, 43.982737 ], [ 0.971624, 43.986147 ], [ 0.974349, 43.988673 ], [ 0.975506, 43.992082 ], [ 0.979436, 43.993147 ], [ 0.979802, 44.001007 ], [ 0.971792, 44.003001 ], [ 0.971246, 44.002762 ], [ 0.968785, 44.000747 ], [ 0.968191, 44.00018 ], [ 0.967748, 43.999925 ], [ 0.967423, 43.999784 ], [ 0.967119, 43.999676 ], [ 0.965774, 44.002687 ], [ 0.965913, 44.003068 ], [ 0.966681, 44.004169 ], [ 0.967249, 44.004648 ], [ 0.970451, 44.009948 ], [ 0.970479, 44.013547 ], [ 0.970112, 44.01702 ], [ 0.966659, 44.024053 ], [ 0.966206, 44.024681 ], [ 0.965963, 44.025068 ], [ 0.965768, 44.025478 ], [ 0.957209, 44.027212 ], [ 0.950804, 44.025326 ], [ 0.944174, 44.025341 ], [ 0.936068, 44.022421 ], [ 0.935415, 44.022103 ], [ 0.934812, 44.021938 ], [ 0.933859, 44.02541 ], [ 0.933658, 44.032152 ], [ 0.93485, 44.035549 ], [ 0.938851, 44.036586 ], [ 0.943179, 44.038103 ], [ 0.944042, 44.045804 ], [ 0.941227, 44.047425 ], [ 0.936863, 44.050517 ], [ 0.928412, 44.051161 ], [ 0.921441, 44.05116 ], [ 0.917659, 44.049123 ], [ 0.916453, 44.048021 ], [ 0.913842, 44.0505 ], [ 0.909548, 44.057614 ], [ 0.913682, 44.05712 ], [ 0.917831, 44.056623 ], [ 0.918705, 44.056508 ], [ 0.922737, 44.056028 ], [ 0.925968, 44.055178 ], [ 0.927224, 44.055084 ], [ 0.931945, 44.054732 ], [ 0.937258, 44.052277 ], [ 0.93917, 44.051857 ], [ 0.944932, 44.049639 ], [ 0.94667, 44.046681 ], [ 0.947779, 44.041049 ], [ 0.943249, 44.034075 ], [ 0.942737, 44.032828 ], [ 0.94247, 44.030443 ], [ 0.944218, 44.027296 ], [ 0.947971, 44.02864 ], [ 0.951497, 44.031312 ], [ 0.959999, 44.032012 ], [ 0.966156, 44.030968 ], [ 0.968146, 44.027968 ], [ 0.975834, 44.025057 ], [ 0.97614, 44.022702 ], [ 0.975718, 44.01977 ], [ 0.975665, 44.01617 ], [ 0.974164, 44.01156 ], [ 0.972994, 44.009616 ], [ 0.97199, 44.007727 ], [ 0.97166, 44.00714 ], [ 0.974801, 44.00538 ], [ 0.981996, 44.001287 ], [ 0.979785, 43.993559 ], [ 0.982535, 43.991236 ], [ 0.988864, 43.993858 ], [ 0.989636, 43.99511 ], [ 0.990176, 43.995855 ], [ 0.99358, 44.000188 ], [ 0.99952, 44.00062 ], [ 1.005616, 43.994183 ], [ 1.0084, 43.988256 ], [ 1.009207, 43.984748 ], [ 1.011968, 43.984615 ], [ 1.015018, 43.986991 ], [ 1.021137, 43.987931 ], [ 1.029038, 43.985731 ], [ 1.032528, 43.986614 ], [ 1.032377, 43.987212 ], [ 1.039466, 43.992003 ], [ 1.041615, 43.988321 ], [ 1.041793, 43.987934 ], [ 1.042872, 43.986797 ], [ 1.043308, 43.986433 ], [ 1.047348, 43.980312 ], [ 1.045983, 43.972403 ], [ 1.047404, 43.969096 ], [ 1.053582, 43.964902 ], [ 1.059755, 43.96103 ], [ 1.059956, 43.960924 ], [ 1.061804, 43.96115 ], [ 1.069749, 43.963 ], [ 1.078306, 43.960298 ], [ 1.082334, 43.959481 ], [ 1.083683, 43.962819 ], [ 1.08328, 43.962982 ], [ 1.079904, 43.96577 ], [ 1.083946, 43.973709 ], [ 1.085453, 43.976978 ], [ 1.083445, 43.983458 ], [ 1.088754, 43.990259 ], [ 1.092596, 43.98909 ], [ 1.093362, 43.988506 ], [ 1.096099, 43.983755 ], [ 1.101551, 43.979441 ], [ 1.101564, 43.974332 ], [ 1.102059, 43.970766 ], [ 1.103961, 43.964852 ], [ 1.102335, 43.960798 ], [ 1.101611, 43.959186 ], [ 1.101487, 43.958831 ], [ 1.101258, 43.957899 ], [ 1.101212, 43.957358 ], [ 1.10281, 43.957127 ], [ 1.104798, 43.957051 ], [ 1.105642914444465, 43.951640185998336 ], [ 1.102498, 43.951769 ], [ 1.101906, 43.952353 ], [ 1.101666, 43.952549 ], [ 1.099928, 43.951222 ], [ 1.098710993918908, 43.949524746788533 ], [ 1.095615, 43.95273 ] ] ], [ [ [ 1.202883, 44.101403 ], [ 1.206449, 44.100907 ], [ 1.213296, 44.098507 ], [ 1.216667, 44.099771 ], [ 1.224059, 44.102041 ], [ 1.230662, 44.103686 ], [ 1.237582, 44.105139 ], [ 1.239059, 44.101856 ], [ 1.238269, 44.093145 ], [ 1.23944, 44.090913 ], [ 1.23888, 44.088182 ], [ 1.23795, 44.082482 ], [ 1.237125, 44.078978 ], [ 1.236986, 44.073524 ], [ 1.237749, 44.069515 ], [ 1.239248, 44.062306 ], [ 1.241495, 44.059493 ], [ 1.245006, 44.055576 ], [ 1.245708, 44.051107 ], [ 1.250083, 44.044095 ], [ 1.251968, 44.041028 ], [ 1.251967, 44.038514 ], [ 1.252238, 44.034924 ], [ 1.257193009660386, 44.031964019072888 ], [ 1.254751, 44.030238 ], [ 1.246626939220087, 44.028544940483684 ], [ 1.245257, 44.03598 ], [ 1.246867, 44.037732 ], [ 1.246534, 44.039346 ], [ 1.243369, 44.046863 ], [ 1.243275, 44.047868 ], [ 1.243043, 44.048458 ], [ 1.239089, 44.051511 ], [ 1.236715, 44.054217 ], [ 1.236966, 44.060573 ], [ 1.235853, 44.06171 ], [ 1.235486, 44.06212 ], [ 1.235139, 44.062491 ], [ 1.232373, 44.070879 ], [ 1.232659, 44.075967 ], [ 1.230873, 44.078159 ], [ 1.230564, 44.07813 ], [ 1.229686, 44.077997 ], [ 1.229246, 44.077353 ], [ 1.224129, 44.074058 ], [ 1.218632, 44.071475 ], [ 1.21614, 44.068877 ], [ 1.208434, 44.064976 ], [ 1.207155, 44.070271 ], [ 1.206647, 44.073835 ], [ 1.208987, 44.079387 ], [ 1.213447, 44.08176 ], [ 1.216516, 44.083641 ], [ 1.21726, 44.085171 ], [ 1.219604, 44.088133 ], [ 1.222728, 44.089974 ], [ 1.228074, 44.090984 ], [ 1.228279, 44.090946 ], [ 1.230063, 44.092038 ], [ 1.23012, 44.09222 ], [ 1.230688, 44.096048 ], [ 1.230225, 44.098748 ], [ 1.230026, 44.098886 ], [ 1.228911, 44.099179 ], [ 1.226063, 44.09824 ], [ 1.219044, 44.095515 ], [ 1.216783, 44.096323 ], [ 1.211877, 44.097255 ], [ 1.209155, 44.096353 ], [ 1.201477, 44.097926 ], [ 1.200415, 44.0987 ], [ 1.199643, 44.09845 ], [ 1.192698, 44.093966 ], [ 1.199974, 44.098812 ], [ 1.201256, 44.099915 ], [ 1.202883, 44.101403 ] ] ], [ [ [ 1.262037, 44.029902 ], [ 1.261041083041423, 44.030455185351592 ], [ 1.262275604967359, 44.030098025917347 ], [ 1.262037, 44.029902 ] ] ], [ [ [ 1.089789, 44.122844 ], [ 1.090009, 44.122836 ], [ 1.097455, 44.123735 ], [ 1.097916, 44.127305 ], [ 1.101525, 44.133991 ], [ 1.103333, 44.134451 ], [ 1.103896, 44.134498 ], [ 1.105118, 44.13421 ], [ 1.105241, 44.133046 ], [ 1.105602, 44.129639 ], [ 1.112165, 44.125887 ], [ 1.118021, 44.132217 ], [ 1.122293, 44.134323 ], [ 1.12554, 44.13277 ], [ 1.132465, 44.128338 ], [ 1.135766, 44.125642 ], [ 1.142712, 44.12372 ], [ 1.14593, 44.123914 ], [ 1.147105, 44.12415 ], [ 1.147974, 44.122834 ], [ 1.156405, 44.120652 ], [ 1.159774, 44.121402 ], [ 1.167287, 44.119221 ], [ 1.168122, 44.115719 ], [ 1.170584, 44.110565 ], [ 1.169748, 44.103622 ], [ 1.169619, 44.105107 ], [ 1.16934, 44.106752 ], [ 1.167581, 44.11117 ], [ 1.165788, 44.112224 ], [ 1.165624, 44.112217 ], [ 1.15884, 44.114677 ], [ 1.157253, 44.117908 ], [ 1.151374, 44.117107 ], [ 1.147894, 44.117868 ], [ 1.144297, 44.117717 ], [ 1.137553, 44.118784 ], [ 1.135505, 44.123692 ], [ 1.129577, 44.12466 ], [ 1.120947, 44.126063 ], [ 1.11717, 44.12461 ], [ 1.117082, 44.124568 ], [ 1.114792, 44.121471 ], [ 1.107968, 44.119258 ], [ 1.105048, 44.123497 ], [ 1.101496, 44.124077 ], [ 1.0992, 44.120874 ], [ 1.098081, 44.117453 ], [ 1.095954, 44.11068 ], [ 1.089948, 44.110602 ], [ 1.086476, 44.113494 ], [ 1.080877, 44.120214 ], [ 1.080808, 44.121442 ], [ 1.080801, 44.121929 ], [ 1.080787, 44.123813 ], [ 1.07993, 44.123791 ], [ 1.082761, 44.124867 ], [ 1.086162, 44.123688 ], [ 1.089789, 44.122844 ] ] ], [ [ [ 0.979512, 44.067208 ], [ 0.98083, 44.065366 ], [ 0.989675, 44.066698 ], [ 0.991836, 44.073885 ], [ 0.991169, 44.07673 ], [ 0.990964, 44.078935 ], [ 0.990743, 44.080305 ], [ 0.993305, 44.081669 ], [ 0.993375, 44.08161 ], [ 0.999751, 44.078653 ], [ 1.003155, 44.079824 ], [ 1.009297, 44.079384 ], [ 1.017398, 44.083254 ], [ 1.017716, 44.083499 ], [ 1.018093, 44.0837 ], [ 1.022172, 44.08633 ], [ 1.026301, 44.091383 ], [ 1.028156, 44.094481 ], [ 1.028208, 44.094553 ], [ 1.036837, 44.095135 ], [ 1.037695, 44.094827 ], [ 1.045223, 44.099392 ], [ 1.049121, 44.105141 ], [ 1.049315, 44.107416 ], [ 1.049348, 44.109726 ], [ 1.049424, 44.110166 ], [ 1.050794, 44.110586 ], [ 1.0508, 44.110587 ], [ 1.05291, 44.111064 ], [ 1.059207, 44.114641 ], [ 1.05883, 44.120212 ], [ 1.061014, 44.126238 ], [ 1.062513, 44.128814 ], [ 1.064915, 44.135402 ], [ 1.067077, 44.138281 ], [ 1.069392, 44.136542 ], [ 1.072645, 44.134001 ], [ 1.07198, 44.130463 ], [ 1.075947971413246, 44.125373240535637 ], [ 1.071718, 44.127054 ], [ 1.070596, 44.128259 ], [ 1.069674, 44.129073 ], [ 1.06905, 44.129388 ], [ 1.068869, 44.129436 ], [ 1.066982, 44.129585 ], [ 1.066358, 44.129473 ], [ 1.066217, 44.129187 ], [ 1.066058, 44.128729 ], [ 1.065996, 44.128408 ], [ 1.065458, 44.12039 ], [ 1.06416, 44.113674 ], [ 1.064141, 44.112952 ], [ 1.064116, 44.106806 ], [ 1.063594, 44.105073 ], [ 1.062929, 44.103407 ], [ 1.054603, 44.103702 ], [ 1.054188, 44.104175 ], [ 1.050909, 44.102689 ], [ 1.049185, 44.095855 ], [ 1.047538, 44.094122 ], [ 1.049186, 44.090921 ], [ 1.05247, 44.086157 ], [ 1.054816, 44.087078 ], [ 1.062438, 44.082585 ], [ 1.06354, 44.074499 ], [ 1.065249, 44.065906 ], [ 1.06191, 44.05818 ], [ 1.062019, 44.057443 ], [ 1.062207, 44.056488 ], [ 1.062294, 44.05508 ], [ 1.062253, 44.054016 ], [ 1.059252, 44.04814 ], [ 1.052456, 44.043939 ], [ 1.049889, 44.046832 ], [ 1.051218, 44.052374 ], [ 1.05011, 44.055799 ], [ 1.047182, 44.060286 ], [ 1.047793, 44.06621 ], [ 1.047626, 44.066349 ], [ 1.045395, 44.068038 ], [ 1.041802, 44.07092 ], [ 1.03951, 44.072019 ], [ 1.035002, 44.074948 ], [ 1.033368, 44.074775 ], [ 1.02764, 44.081371 ], [ 1.027641, 44.082202 ], [ 1.027977, 44.084042 ], [ 1.028211, 44.084825 ], [ 1.026697, 44.086301 ], [ 1.026026, 44.086472 ], [ 1.024762, 44.085855 ], [ 1.020899, 44.079859 ], [ 1.01811, 44.07819 ], [ 1.011998, 44.075025 ], [ 1.008946, 44.075512 ], [ 1.004833, 44.075663 ], [ 0.99913, 44.077126 ], [ 0.998584, 44.077255 ], [ 0.998202, 44.077343 ], [ 0.996697, 44.077245 ], [ 0.996654, 44.073645 ], [ 0.995123, 44.065105 ], [ 0.996151, 44.062113 ], [ 0.996051, 44.05742 ], [ 0.992565, 44.054127 ], [ 0.989082, 44.053214 ], [ 0.984469, 44.059738 ], [ 0.983187, 44.060021 ], [ 0.978725, 44.062248 ], [ 0.978171, 44.062544 ], [ 0.977762, 44.062739 ], [ 0.973199001604425, 44.06317105037202 ], [ 0.977275, 44.06593 ], [ 0.979003, 44.067205 ], [ 0.979512, 44.067208 ] ] ], [ [ [ 0.946525, 44.063257 ], [ 0.948521, 44.060811 ], [ 0.956761, 44.05989 ], [ 0.963383, 44.063933 ], [ 0.966154, 44.066231 ], [ 0.967107, 44.065083 ], [ 0.972156747045425, 44.063269736900288 ], [ 0.969746, 44.063498 ], [ 0.96698, 44.063996 ], [ 0.96639, 44.063723 ], [ 0.965985, 44.061933 ], [ 0.959264, 44.056135 ], [ 0.957675, 44.056515 ], [ 0.955986, 44.056968 ], [ 0.954285, 44.057901 ], [ 0.951543, 44.058268 ], [ 0.949849, 44.058736 ], [ 0.948208, 44.05912 ], [ 0.944976, 44.059945 ], [ 0.941728, 44.059889 ], [ 0.940567, 44.059898 ], [ 0.938692, 44.059844 ], [ 0.936954, 44.059712 ], [ 0.93464, 44.059479 ], [ 0.940062, 44.060704 ], [ 0.944213, 44.06263 ], [ 0.946525, 44.063257 ] ] ], [ [ [ 0.926075, 44.060932 ], [ 0.926549, 44.060876 ], [ 0.927387, 44.060578 ], [ 0.93464, 44.059479 ], [ 0.93237, 44.059249 ], [ 0.925155, 44.059367 ], [ 0.923161, 44.059604 ], [ 0.919174, 44.060078 ], [ 0.918259, 44.060198 ], [ 0.914109, 44.060694 ], [ 0.909945, 44.061192 ], [ 0.907676, 44.061444 ], [ 0.916222, 44.06145 ], [ 0.917458, 44.061178 ], [ 0.926075, 44.060932 ] ] ] ] } },
{ "type": "Feature", "properties": { "codgeo": "82033", "value": 1020, "isochrone_group": 17.0, "nb_agences": 1 }, "geometry": { "type": "MultiPolygon", "coordinates": [ [ [ [ 0.831804, 44.067952 ], [ 0.829178, 44.067994 ], [ 0.826461, 44.068001 ], [ 0.824887, 44.068035 ], [ 0.823295, 44.0681 ], [ 0.821469, 44.068226 ], [ 0.819776, 44.068404 ], [ 0.818059, 44.068634 ], [ 0.816766, 44.068844 ], [ 0.815495, 44.06909 ], [ 0.813815, 44.069455 ], [ 0.814579, 44.072973 ], [ 0.816259, 44.072608 ], [ 0.82354, 44.071692 ], [ 0.825032, 44.071632 ], [ 0.826538, 44.0716 ], [ 0.829188, 44.071593 ], [ 0.83186, 44.071552 ], [ 0.834033, 44.071465 ], [ 0.83616, 44.071379 ], [ 0.836370953288597, 44.071365282760375 ], [ 0.836137066710936, 44.067774024326468 ], [ 0.836015, 44.067782 ], [ 0.833887, 44.067867 ], [ 0.831804, 44.067952 ] ] ], [ [ [ 0.863858, 44.052709 ], [ 0.860875, 44.054725 ], [ 0.860161, 44.059139 ], [ 0.855587, 44.063412 ], [ 0.858955, 44.061928 ], [ 0.862897, 44.06016 ], [ 0.865436, 44.059032 ], [ 0.86936, 44.057293 ], [ 0.873282, 44.055555 ], [ 0.873929, 44.055298 ], [ 0.865149, 44.054036 ], [ 0.864836, 44.053758 ], [ 0.863858, 44.052709 ] ] ], [ [ [ 0.93176, 44.018493 ], [ 0.926438, 44.017357 ], [ 0.924383, 44.020313 ], [ 0.924702, 44.020534 ], [ 0.927949, 44.026097 ], [ 0.925196, 44.031068 ], [ 0.92429, 44.034552 ], [ 0.924747, 44.034671 ], [ 0.926466, 44.035216 ], [ 0.926941, 44.03531 ], [ 0.927916, 44.03533 ], [ 0.929269, 44.035369 ], [ 0.934248, 44.039036 ], [ 0.940298, 44.044361 ], [ 0.936183, 44.049967 ], [ 0.932846, 44.050065 ], [ 0.928594, 44.047561 ], [ 0.926017, 44.04676 ], [ 0.925058, 44.046416 ], [ 0.919779, 44.045835 ], [ 0.912093, 44.044242 ], [ 0.91118, 44.043457 ], [ 0.910782, 44.04322 ], [ 0.910131, 44.043016 ], [ 0.907062, 44.041357 ], [ 0.904975, 44.04429 ], [ 0.907182, 44.045861 ], [ 0.908116, 44.046315 ], [ 0.908553, 44.046465 ], [ 0.910841, 44.047975 ], [ 0.912645, 44.049475 ], [ 0.909548, 44.057614 ], [ 0.913842, 44.0505 ], [ 0.916453, 44.048021 ], [ 0.917659, 44.049123 ], [ 0.921441, 44.05116 ], [ 0.928412, 44.051161 ], [ 0.936863, 44.050517 ], [ 0.941227, 44.047425 ], [ 0.944042, 44.045804 ], [ 0.943179, 44.038103 ], [ 0.938851, 44.036586 ], [ 0.93485, 44.035549 ], [ 0.933658, 44.032152 ], [ 0.933859, 44.02541 ], [ 0.934812, 44.021938 ], [ 0.935415, 44.022103 ], [ 0.936068, 44.022421 ], [ 0.933414, 44.018995 ], [ 0.932928, 44.018775 ], [ 0.93176, 44.018493 ] ] ], [ [ [ 0.965414, 43.980241 ], [ 0.963346, 43.979518 ], [ 0.962159, 43.982917 ], [ 0.964226, 43.983639 ], [ 0.968205, 43.989096 ], [ 0.961509, 43.994775 ], [ 0.96042, 43.993869 ], [ 0.958118, 43.996636 ], [ 0.959608, 44.003149 ], [ 0.962488, 44.005308 ], [ 0.96519, 44.012882 ], [ 0.966394, 44.019487 ], [ 0.966255, 44.02166 ], [ 0.964931, 44.025007 ], [ 0.95686, 44.024358 ], [ 0.949144, 44.02129 ], [ 0.945771, 44.022547 ], [ 0.943205, 44.023052 ], [ 0.936068, 44.022421 ], [ 0.944174, 44.025341 ], [ 0.950804, 44.025326 ], [ 0.957209, 44.027212 ], [ 0.965768, 44.025478 ], [ 0.965963, 44.025068 ], [ 0.966206, 44.024681 ], [ 0.966659, 44.024053 ], [ 0.970112, 44.01702 ], [ 0.970479, 44.013547 ], [ 0.970451, 44.009948 ], [ 0.967249, 44.004648 ], [ 0.966681, 44.004169 ], [ 0.965913, 44.003068 ], [ 0.965774, 44.002687 ], [ 0.967119, 43.999676 ], [ 0.967423, 43.999784 ], [ 0.967748, 43.999925 ], [ 0.968191, 44.00018 ], [ 0.968785, 44.000747 ], [ 0.971246, 44.002762 ], [ 0.971792, 44.003001 ], [ 0.979802, 44.001007 ], [ 0.979436, 43.993147 ], [ 0.975506, 43.992082 ], [ 0.974349, 43.988673 ], [ 0.971624, 43.986147 ], [ 0.972779, 43.982737 ], [ 0.975341, 43.983606 ], [ 0.97569, 43.983741 ], [ 0.976109, 43.983949 ], [ 0.976518, 43.98422 ], [ 0.973713, 43.981238 ], [ 0.972933, 43.980848 ], [ 0.965414, 43.980241 ] ] ], [ [ [ 1.034483, 43.96424 ], [ 1.034386, 43.964208 ], [ 1.031074, 43.964366 ], [ 1.029507, 43.967017 ], [ 1.028927, 43.97057 ], [ 1.029951, 43.978434 ], [ 1.024577, 43.980494 ], [ 1.02412, 43.980583 ], [ 1.015269, 43.978959 ], [ 1.014484, 43.978206 ], [ 1.01351, 43.977003 ], [ 1.009295, 43.978053 ], [ 1.006335, 43.980103 ], [ 0.999109, 43.980948 ], [ 0.994807, 43.980033 ], [ 0.992867, 43.983065 ], [ 0.986643, 43.986735 ], [ 0.978716, 43.98671 ], [ 0.985162, 43.990349 ], [ 0.990468, 43.99097 ], [ 0.994556, 43.991883 ], [ 1.000874, 43.988714 ], [ 1.002702, 43.985613 ], [ 1.005812, 43.984332 ], [ 1.013023, 43.982114 ], [ 1.016622, 43.982169 ], [ 1.023531, 43.984766 ], [ 1.029265, 43.981812 ], [ 1.029543, 43.981771 ], [ 1.030781, 43.982077 ], [ 1.032812, 43.982432 ], [ 1.040765, 43.982299 ], [ 1.041137, 43.978718 ], [ 1.043017, 43.975802 ], [ 1.038569, 43.969615 ], [ 1.038219, 43.966033 ], [ 1.039586, 43.965899 ], [ 1.035528, 43.964793 ], [ 1.034947, 43.96447 ], [ 1.034483, 43.96424 ] ] ], [ [ [ 1.066563, 43.95125 ], [ 1.067687, 43.950875 ], [ 1.068781, 43.950529 ], [ 1.068964, 43.948645 ], [ 1.068642, 43.948161 ], [ 1.067695, 43.947097 ], [ 1.066601, 43.947443 ], [ 1.058042, 43.946173 ], [ 1.057484, 43.945922 ], [ 1.057005, 43.945971 ], [ 1.056694, 43.946098 ], [ 1.054053, 43.947383 ], [ 1.04689, 43.951675 ], [ 1.045997, 43.954393 ], [ 1.044622, 43.95772 ], [ 1.041022, 43.965699 ], [ 1.040585219896502, 43.965795189775619 ], [ 1.040908, 43.96611 ], [ 1.043545, 43.967624 ], [ 1.043713, 43.967668 ], [ 1.043957, 43.967729 ], [ 1.044939, 43.967975 ], [ 1.04924, 43.96019 ], [ 1.04901, 43.959831 ], [ 1.048723, 43.959284 ], [ 1.051913, 43.957614 ], [ 1.055858, 43.95257 ], [ 1.059455, 43.952424 ], [ 1.059942, 43.953651 ], [ 1.059975, 43.955606 ], [ 1.059994, 43.95574 ], [ 1.06006, 43.956131 ], [ 1.060274, 43.957038 ], [ 1.060659, 43.957907 ], [ 1.0609, 43.958555 ], [ 1.062598309361651, 43.958754096464162 ], [ 1.061816, 43.956248 ], [ 1.065835, 43.9516 ], [ 1.066563, 43.95125 ] ] ], [ [ [ 1.083553, 43.955409 ], [ 1.078798390380947, 43.957940447012639 ], [ 1.083915, 43.958574 ], [ 1.084354, 43.958393 ], [ 1.086781, 43.957306 ], [ 1.088963029545446, 43.956827738687267 ], [ 1.088192501118088, 43.95019359258621 ], [ 1.083553, 43.955409 ] ] ], [ [ [ 1.128680869673842, 43.937411917283818 ], [ 1.129408, 43.938265 ], [ 1.130364818391289, 43.937407405095406 ], [ 1.128680869673842, 43.937411917283818 ] ] ], [ [ [ 1.204983, 44.104521 ], [ 1.206751, 44.10514 ], [ 1.209372, 44.10377 ], [ 1.21635, 44.102998 ], [ 1.222072, 44.105251 ], [ 1.226281, 44.106874 ], [ 1.231154, 44.108278 ], [ 1.231497, 44.108162 ], [ 1.232134, 44.107806 ], [ 1.240565, 44.109428 ], [ 1.244467, 44.111498 ], [ 1.24534, 44.111013 ], [ 1.245995, 44.108489 ], [ 1.246033, 44.102376 ], [ 1.244644, 44.100445 ], [ 1.24313, 44.092913 ], [ 1.244092, 44.090274 ], [ 1.244871, 44.084391 ], [ 1.244957, 44.083827 ], [ 1.241199, 44.078625 ], [ 1.241407, 44.075031 ], [ 1.240244, 44.0721 ], [ 1.24009, 44.07186 ], [ 1.241384, 44.064198 ], [ 1.244805, 44.063077 ], [ 1.249547, 44.06266 ], [ 1.250921, 44.06175 ], [ 1.251648, 44.060563 ], [ 1.251617, 44.060427 ], [ 1.251023, 44.051803 ], [ 1.254026083074584, 44.047499872136612 ], [ 1.253293, 44.047554 ], [ 1.250974, 44.044801 ], [ 1.25228, 44.043701 ], [ 1.254313, 44.03558 ], [ 1.25222749323319, 44.035063185582445 ], [ 1.251967, 44.038514 ], [ 1.251968, 44.041028 ], [ 1.250083, 44.044095 ], [ 1.245708, 44.051107 ], [ 1.245006, 44.055576 ], [ 1.241495, 44.059493 ], [ 1.239248, 44.062306 ], [ 1.237749, 44.069515 ], [ 1.236986, 44.073524 ], [ 1.237125, 44.078978 ], [ 1.23795, 44.082482 ], [ 1.23888, 44.088182 ], [ 1.23944, 44.090913 ], [ 1.238269, 44.093145 ], [ 1.239059, 44.101856 ], [ 1.237582, 44.105139 ], [ 1.230662, 44.103686 ], [ 1.224059, 44.102041 ], [ 1.216667, 44.099771 ], [ 1.213296, 44.098507 ], [ 1.206449, 44.100907 ], [ 1.202883, 44.101403 ], [ 1.201256, 44.099915 ], [ 1.199974, 44.098812 ], [ 1.199430877751907, 44.098450266847976 ], [ 1.201898, 44.103356 ], [ 1.20406, 44.104183 ], [ 1.204983, 44.104521 ] ] ], [ [ [ 1.098332, 44.134066 ], [ 1.098625, 44.136882 ], [ 1.098723, 44.140481 ], [ 1.099417, 44.145287 ], [ 1.102815, 44.146473 ], [ 1.105754, 44.143992 ], [ 1.105512, 44.143086 ], [ 1.105185, 44.141357 ], [ 1.107731, 44.135645 ], [ 1.110675, 44.13386 ], [ 1.118326, 44.135972 ], [ 1.118643, 44.139558 ], [ 1.119767, 44.141979 ], [ 1.11994, 44.142666 ], [ 1.120413, 44.143967 ], [ 1.123797, 44.142737 ], [ 1.125615, 44.136944 ], [ 1.125854, 44.136555 ], [ 1.129868, 44.131761 ], [ 1.133828, 44.131329 ], [ 1.134169, 44.131317 ], [ 1.135423, 44.126063 ], [ 1.143914, 44.126128 ], [ 1.145851, 44.126937 ], [ 1.15059, 44.128561 ], [ 1.153776, 44.128888 ], [ 1.155883, 44.125969 ], [ 1.161493, 44.123895 ], [ 1.164974, 44.124814 ], [ 1.172137, 44.119884 ], [ 1.173261, 44.119558 ], [ 1.177378, 44.118438 ], [ 1.178637, 44.114807 ], [ 1.177352, 44.112975 ], [ 1.176036, 44.112317 ], [ 1.170264903794042, 44.107914898375654 ], [ 1.170584, 44.110565 ], [ 1.168122, 44.115719 ], [ 1.167287, 44.119221 ], [ 1.159774, 44.121402 ], [ 1.156405, 44.120652 ], [ 1.147974, 44.122834 ], [ 1.147105, 44.12415 ], [ 1.14593, 44.123914 ], [ 1.142712, 44.12372 ], [ 1.135766, 44.125642 ], [ 1.132465, 44.128338 ], [ 1.12554, 44.13277 ], [ 1.122293, 44.134323 ], [ 1.118021, 44.132217 ], [ 1.112165, 44.125887 ], [ 1.105602, 44.129639 ], [ 1.105241, 44.133046 ], [ 1.105118, 44.13421 ], [ 1.103896, 44.134498 ], [ 1.103333, 44.134451 ], [ 1.101525, 44.133991 ], [ 1.097916, 44.127305 ], [ 1.097455, 44.123735 ], [ 1.090009, 44.122836 ], [ 1.089789, 44.122844 ], [ 1.088374301210316, 44.123173199277232 ], [ 1.092452, 44.125456 ], [ 1.092664, 44.128124 ], [ 1.098332, 44.134066 ] ] ], [ [ [ 1.078912, 44.132758 ], [ 1.077987, 44.129279 ], [ 1.081576526141042, 44.124416807886881 ], [ 1.07993, 44.123791 ], [ 1.078839, 44.123696 ], [ 1.078193, 44.123637 ], [ 1.077307, 44.12363 ], [ 1.07198, 44.130463 ], [ 1.072645, 44.134001 ], [ 1.069392, 44.136542 ], [ 1.077003, 44.133276 ], [ 1.077804, 44.133071 ], [ 1.078912, 44.132758 ] ] ], [ [ [ 1.058605, 44.139169 ], [ 1.054794, 44.141048 ], [ 1.054547, 44.141182 ], [ 1.05399, 44.14326 ], [ 1.054086, 44.143533 ], [ 1.054207, 44.143798 ], [ 1.054605, 44.144071 ], [ 1.056273, 44.144342 ], [ 1.056519, 44.144207 ], [ 1.060201, 44.142397 ], [ 1.062268, 44.141375 ], [ 1.06348, 44.140733 ], [ 1.065079, 44.139689 ], [ 1.065705, 44.139302 ], [ 1.067075654917114, 44.138279208837353 ], [ 1.064915, 44.135402 ], [ 1.062513, 44.128814 ], [ 1.062076048458773, 44.128063107958511 ], [ 1.064011, 44.133194 ], [ 1.060672, 44.138148 ], [ 1.058605, 44.139169 ] ] ], [ [ [ 1.043689, 44.10588 ], [ 1.043182, 44.109445 ], [ 1.045118, 44.117497 ], [ 1.048716, 44.117396 ], [ 1.056699, 44.118562 ], [ 1.057308, 44.124678 ], [ 1.060235, 44.1259 ], [ 1.061281594547971, 44.126697855607439 ], [ 1.061014, 44.126238 ], [ 1.05883, 44.120212 ], [ 1.059207, 44.114641 ], [ 1.05291, 44.111064 ], [ 1.0508, 44.110587 ], [ 1.050794, 44.110586 ], [ 1.049424, 44.110166 ], [ 1.049348, 44.109726 ], [ 1.049315, 44.107416 ], [ 1.049121, 44.105141 ], [ 1.048373621200162, 44.104038721723903 ], [ 1.046023, 44.105518 ], [ 1.04557, 44.105549 ], [ 1.043689, 44.10588 ] ] ], [ [ [ 0.959848, 44.068946 ], [ 0.961044, 44.069295 ], [ 0.96177, 44.069403 ], [ 0.966507, 44.069872 ], [ 0.967084, 44.069955 ], [ 0.974046, 44.069268 ], [ 0.979815, 44.071575 ], [ 0.979866, 44.071584 ], [ 0.980915, 44.071694 ], [ 0.987556, 44.07633 ], [ 0.987162, 44.079909 ], [ 0.986649, 44.082274 ], [ 0.988825, 44.085142 ], [ 0.99265, 44.083244 ], [ 0.999159, 44.080797 ], [ 1.002234, 44.082668 ], [ 1.008794, 44.083365 ], [ 1.012359, 44.083867 ], [ 1.019799, 44.086622 ], [ 1.022517, 44.094327 ], [ 1.022114, 44.096883 ], [ 1.022547, 44.0971 ], [ 1.023286, 44.097378 ], [ 1.024187, 44.097358 ], [ 1.027058, 44.096516 ], [ 1.027782, 44.096336 ], [ 1.032431, 44.095733 ], [ 1.032891, 44.09575 ], [ 1.033204, 44.095742 ], [ 1.03367, 44.095686 ], [ 1.039226, 44.096767 ], [ 1.041178, 44.096974 ], [ 1.041205998879015, 44.09695607942119 ], [ 1.037695, 44.094827 ], [ 1.036837, 44.095135 ], [ 1.028208, 44.094553 ], [ 1.028156, 44.094481 ], [ 1.026301, 44.091383 ], [ 1.022172, 44.08633 ], [ 1.018093, 44.0837 ], [ 1.017716, 44.083499 ], [ 1.017398, 44.083254 ], [ 1.009297, 44.079384 ], [ 1.003155, 44.079824 ], [ 0.999751, 44.078653 ], [ 0.993375, 44.08161 ], [ 0.993305, 44.081669 ], [ 0.990743, 44.080305 ], [ 0.990964, 44.078935 ], [ 0.991169, 44.07673 ], [ 0.991836, 44.073885 ], [ 0.989675, 44.066698 ], [ 0.98083, 44.065366 ], [ 0.979512, 44.067208 ], [ 0.979003, 44.067205 ], [ 0.977275, 44.06593 ], [ 0.972933, 44.062991 ], [ 0.967107, 44.065083 ], [ 0.966154, 44.066231 ], [ 0.963383, 44.063933 ], [ 0.957818517683076, 44.060535657504182 ], [ 0.960463, 44.065938 ], [ 0.960239, 44.066842 ], [ 0.959848, 44.068946 ] ] ], [ [ [ 0.942845, 44.064708 ], [ 0.943978, 44.064638 ], [ 0.948606, 44.064045 ], [ 0.950276, 44.060856 ], [ 0.951450912926454, 44.060483518227514 ], [ 0.948521, 44.060811 ], [ 0.946525, 44.063257 ], [ 0.944213, 44.06263 ], [ 0.940062, 44.060704 ], [ 0.93464, 44.059479 ], [ 0.933499278466403, 44.059651846127878 ], [ 0.9372, 44.060972 ], [ 0.942748, 44.064685 ], [ 0.942845, 44.064708 ] ] ], [ [ [ 0.905228, 44.068423 ], [ 0.905362, 44.068404 ], [ 0.90975, 44.066496 ], [ 0.917119, 44.064276 ], [ 0.925057, 44.062646 ], [ 0.927033, 44.062055 ], [ 0.930836336265593, 44.060055344470427 ], [ 0.927387, 44.060578 ], [ 0.926549, 44.060876 ], [ 0.926075, 44.060932 ], [ 0.917458, 44.061178 ], [ 0.916222, 44.06145 ], [ 0.907676, 44.061444 ], [ 0.905972, 44.061606 ], [ 0.905104, 44.061664 ], [ 0.903008, 44.061777 ], [ 0.901666, 44.061796 ], [ 0.900387, 44.061786 ], [ 0.898949, 44.061701 ], [ 0.897282, 44.061497 ], [ 0.896352, 44.061329 ], [ 0.903317, 44.066417 ], [ 0.90433, 44.067756 ], [ 0.905228, 44.068423 ] ] ], [ [ [ 0.866981, 44.076393 ], [ 0.870581, 44.076397 ], [ 0.870775, 44.074337 ], [ 0.870837, 44.073954 ], [ 0.871163, 44.071741 ], [ 0.871097, 44.07126 ], [ 0.871183, 44.067067 ], [ 0.871182, 44.066424 ], [ 0.871091, 44.065847 ], [ 0.874606639803256, 44.060374360196732 ], [ 0.870522, 44.064459 ], [ 0.86835, 44.065583 ], [ 0.867254, 44.065969 ], [ 0.865157, 44.065766 ], [ 0.857039, 44.066707 ], [ 0.863983, 44.06929 ], [ 0.865455, 44.071038 ], [ 0.866981, 44.076393 ] ] ] ] } },
{ "type": "Feature", "properties": { "codgeo": "82033", "value": 1080, "isochrone_group": 18.0, "nb_agences": 1 }, "geometry": { "type": "MultiPolygon", "coordinates": [ [ [ [ 1.082046, 43.954212 ], [ 1.074866, 43.950786 ], [ 1.077569, 43.944744 ], [ 1.076166, 43.941429 ], [ 1.074272, 43.94223 ], [ 1.073686, 43.94253 ], [ 1.072988, 43.942982 ], [ 1.072628, 43.943263 ], [ 1.072338, 43.943536 ], [ 1.067843, 43.945936 ], [ 1.059707, 43.945682 ], [ 1.058543, 43.942275 ], [ 1.056867, 43.942848 ], [ 1.055052, 43.943443 ], [ 1.047293, 43.942941 ], [ 1.044751, 43.94549 ], [ 1.040799, 43.953385 ], [ 1.039217, 43.956588 ], [ 1.039504, 43.956733 ], [ 1.040171, 43.956929 ], [ 1.039586, 43.965899 ], [ 1.040577, 43.965797 ], [ 1.041022, 43.965699 ], [ 1.044622, 43.95772 ], [ 1.045997, 43.954393 ], [ 1.04689, 43.951675 ], [ 1.054053, 43.947383 ], [ 1.056694, 43.946098 ], [ 1.057005, 43.945971 ], [ 1.057484, 43.945922 ], [ 1.058042, 43.946173 ], [ 1.066601, 43.947443 ], [ 1.067695, 43.947097 ], [ 1.068642, 43.948161 ], [ 1.068964, 43.948645 ], [ 1.068781, 43.950529 ], [ 1.067687, 43.950875 ], [ 1.066563, 43.95125 ], [ 1.065835, 43.9516 ], [ 1.061816, 43.956248 ], [ 1.064244, 43.964026 ], [ 1.065461, 43.96486 ], [ 1.065807, 43.965129 ], [ 1.066579, 43.965801 ], [ 1.067538, 43.966578 ], [ 1.074645, 43.961536 ], [ 1.074833, 43.959547 ], [ 1.07706, 43.958866 ], [ 1.083553, 43.955409 ], [ 1.085956310797449, 43.952707363631873 ], [ 1.085605962863379, 43.950755693325334 ], [ 1.082046, 43.954212 ] ] ], [ [ [ 1.026375, 43.966745 ], [ 1.019987, 43.968529 ], [ 1.018846, 43.968607 ], [ 1.01285, 43.974487 ], [ 1.009327, 43.973748 ], [ 1.005673, 43.97415 ], [ 0.996684, 43.974545 ], [ 0.996038, 43.974013 ], [ 0.988111, 43.977195 ], [ 0.987518, 43.977014 ], [ 0.985813, 43.976615 ], [ 0.979053, 43.982451 ], [ 0.978459, 43.982339 ], [ 0.977964, 43.982203 ], [ 0.977632, 43.98209 ], [ 0.976187, 43.981528 ], [ 0.973637, 43.980257 ], [ 0.972566, 43.979666 ], [ 0.97016, 43.977954 ], [ 0.967333, 43.975349 ], [ 0.966484, 43.975386 ], [ 0.966004, 43.975456 ], [ 0.96444, 43.975978 ], [ 0.956157, 43.974475 ], [ 0.954907, 43.973618 ], [ 0.952776, 43.97652 ], [ 0.953562, 43.982295 ], [ 0.952839, 43.989429 ], [ 0.951616, 43.99119 ], [ 0.953454, 43.998534 ], [ 0.955714, 43.999883 ], [ 0.958049, 44.006365 ], [ 0.958974, 44.009556 ], [ 0.963478, 44.013986 ], [ 0.965196, 44.017757 ], [ 0.964111, 44.021978 ], [ 0.956492, 44.021767 ], [ 0.956161, 44.021292 ], [ 0.955846, 44.020949 ], [ 0.955, 44.019896 ], [ 0.94761, 44.015983 ], [ 0.946898, 44.015894 ], [ 0.946727, 44.01591 ], [ 0.945335, 44.0161 ], [ 0.93855, 44.017873 ], [ 0.930487, 44.017037 ], [ 0.924636, 44.015928 ], [ 0.920628, 44.01238 ], [ 0.917054, 44.012813 ], [ 0.917057, 44.012838 ], [ 0.91719, 44.014058 ], [ 0.917371, 44.014694 ], [ 0.918362, 44.018564 ], [ 0.918576, 44.019482 ], [ 0.919143, 44.020163 ], [ 0.921862, 44.023671 ], [ 0.918745, 44.029703 ], [ 0.914743, 44.032264 ], [ 0.914228, 44.032491 ], [ 0.913799, 44.03273 ], [ 0.915549, 44.035876 ], [ 0.910131, 44.043016 ], [ 0.910782, 44.04322 ], [ 0.91118, 44.043457 ], [ 0.912093, 44.044242 ], [ 0.919779, 44.045835 ], [ 0.925058, 44.046416 ], [ 0.926017, 44.04676 ], [ 0.928594, 44.047561 ], [ 0.932846, 44.050065 ], [ 0.936183, 44.049967 ], [ 0.940298, 44.044361 ], [ 0.934248, 44.039036 ], [ 0.929269, 44.035369 ], [ 0.927916, 44.03533 ], [ 0.926941, 44.03531 ], [ 0.926466, 44.035216 ], [ 0.924747, 44.034671 ], [ 0.92429, 44.034552 ], [ 0.925196, 44.031068 ], [ 0.927949, 44.026097 ], [ 0.924702, 44.020534 ], [ 0.924383, 44.020313 ], [ 0.926438, 44.017357 ], [ 0.93176, 44.018493 ], [ 0.932928, 44.018775 ], [ 0.933414, 44.018995 ], [ 0.936068, 44.022421 ], [ 0.943205, 44.023052 ], [ 0.945771, 44.022547 ], [ 0.949144, 44.02129 ], [ 0.95686, 44.024358 ], [ 0.964931, 44.025007 ], [ 0.966255, 44.02166 ], [ 0.966394, 44.019487 ], [ 0.96519, 44.012882 ], [ 0.962488, 44.005308 ], [ 0.959608, 44.003149 ], [ 0.958118, 43.996636 ], [ 0.96042, 43.993869 ], [ 0.961509, 43.994775 ], [ 0.968205, 43.989096 ], [ 0.964226, 43.983639 ], [ 0.962159, 43.982917 ], [ 0.963346, 43.979518 ], [ 0.965414, 43.980241 ], [ 0.972933, 43.980848 ], [ 0.973713, 43.981238 ], [ 0.976518, 43.98422 ], [ 0.976946, 43.984617 ], [ 0.978716, 43.98671 ], [ 0.986643, 43.986735 ], [ 0.992867, 43.983065 ], [ 0.994807, 43.980033 ], [ 0.999109, 43.980948 ], [ 1.006335, 43.980103 ], [ 1.009295, 43.978053 ], [ 1.01351, 43.977003 ], [ 1.014484, 43.978206 ], [ 1.015269, 43.978959 ], [ 1.02412, 43.980583 ], [ 1.024577, 43.980494 ], [ 1.029951, 43.978434 ], [ 1.028927, 43.97057 ], [ 1.029507, 43.967017 ], [ 1.030311926571905, 43.965655251217541 ], [ 1.029378, 43.96556 ], [ 1.028354, 43.965205 ], [ 1.026375, 43.966745 ] ] ], [ [ [ 0.90459, 44.039846 ], [ 0.903318, 44.038823 ], [ 0.902571, 44.037956 ], [ 0.902225, 44.037629 ], [ 0.901791, 44.037335 ], [ 0.900879, 44.036901 ], [ 0.899316, 44.036291 ], [ 0.898745, 44.036598 ], [ 0.89848, 44.036762 ], [ 0.898022, 44.037165 ], [ 0.897556, 44.037938 ], [ 0.897405, 44.038421 ], [ 0.896785, 44.040372 ], [ 0.896799, 44.040409 ], [ 0.898574, 44.041565 ], [ 0.902086, 44.042757 ], [ 0.903569, 44.043474 ], [ 0.903853, 44.043643 ], [ 0.904758, 44.044129 ], [ 0.904977806207149, 44.044286056250314 ], [ 0.907059008831351, 44.041361203688375 ], [ 0.906419, 44.040849 ], [ 0.906012, 44.040623 ], [ 0.90459, 44.039846 ] ] ], [ [ [ 0.910841, 44.047975 ], [ 0.91168848112024, 44.051988757559691 ], [ 0.912645, 44.049475 ], [ 0.910841, 44.047975 ] ] ], [ [ [ 0.886741, 44.054493 ], [ 0.885775, 44.054285 ], [ 0.884789, 44.054114 ], [ 0.88375, 44.053983 ], [ 0.882265, 44.053894 ], [ 0.880942, 44.053887 ], [ 0.879986, 44.053929 ], [ 0.879055, 44.054011 ], [ 0.87812, 44.054133 ], [ 0.877107, 44.05431 ], [ 0.874105, 44.054575 ], [ 0.872410460419003, 44.055079731554528 ], [ 0.873929, 44.055298 ], [ 0.874711, 44.055037 ], [ 0.875786, 44.054715 ], [ 0.876432, 44.054549 ], [ 0.877042, 44.054414 ], [ 0.878122, 44.054236 ], [ 0.878982, 44.054118 ], [ 0.879909, 44.054035 ], [ 0.880816, 44.053989 ], [ 0.88212, 44.053982 ], [ 0.883609, 44.054078 ], [ 0.884646, 44.054204 ], [ 0.88564, 44.054374 ], [ 0.886582, 44.054573 ], [ 0.887679, 44.054856 ], [ 0.889158, 44.055269 ], [ 0.891138, 44.05593 ], [ 0.889177, 44.055176 ], [ 0.887804, 44.054772 ], [ 0.886741, 44.054493 ] ] ], [ [ [ 0.863571, 44.04881 ], [ 0.861133, 44.045112 ], [ 0.858476, 44.043344 ], [ 0.857594, 44.043653 ], [ 0.855509, 44.045225 ], [ 0.855444, 44.045285 ], [ 0.855845, 44.045913 ], [ 0.856032, 44.046172 ], [ 0.856839, 44.047173 ], [ 0.859431, 44.053142 ], [ 0.856095, 44.058267 ], [ 0.854897, 44.059391 ], [ 0.854406, 44.061114 ], [ 0.848461, 44.066135 ], [ 0.849799, 44.065756 ], [ 0.851057, 44.065337 ], [ 0.852305, 44.064861 ], [ 0.855587, 44.063412 ], [ 0.860161, 44.059139 ], [ 0.860875, 44.054725 ], [ 0.863858, 44.052709 ], [ 0.864836, 44.053758 ], [ 0.865149, 44.054036 ], [ 0.863717, 44.04974 ], [ 0.863669, 44.049201 ], [ 0.863571, 44.04881 ] ] ], [ [ [ 0.811148, 44.07019 ], [ 0.810026, 44.07056 ], [ 0.808506, 44.071127 ], [ 0.806856, 44.071847 ], [ 0.805312, 44.072627 ], [ 0.803629, 44.073593 ], [ 0.802077, 44.074622 ], [ 0.800611, 44.075715 ], [ 0.798991, 44.077196 ], [ 0.798182, 44.078022 ], [ 0.797225, 44.07913 ], [ 0.796567, 44.079985 ], [ 0.796088, 44.080672 ], [ 0.795601, 44.081457 ], [ 0.794872, 44.082759 ], [ 0.798012, 44.084518 ], [ 0.80135, 44.080449 ], [ 0.808475, 44.075063 ], [ 0.809942, 44.074428 ], [ 0.811278, 44.073935 ], [ 0.81227, 44.073611 ], [ 0.813255, 44.073315 ], [ 0.814603783080147, 44.072967615580801 ], [ 0.814579, 44.072973 ], [ 0.813815313208613, 44.069456442235477 ], [ 0.813744, 44.069472 ], [ 0.812217, 44.069868 ], [ 0.811148, 44.07019 ] ] ], [ [ [ 0.859982, 44.070894 ], [ 0.866683346066921, 44.075348480464214 ], [ 0.865455, 44.071038 ], [ 0.863983, 44.06929 ], [ 0.857039, 44.066707 ], [ 0.853585, 44.068226 ], [ 0.85219, 44.068754 ], [ 0.850774, 44.069222 ], [ 0.858286, 44.070199 ], [ 0.859759, 44.070926 ], [ 0.859982, 44.070894 ] ] ], [ [ [ 0.866746, 44.079204 ], [ 0.866803, 44.079904 ], [ 0.867051, 44.082884 ], [ 0.867141, 44.083895 ], [ 0.867158, 44.085529 ], [ 0.867206, 44.085728 ], [ 0.870704, 44.084877 ], [ 0.870739, 44.083998 ], [ 0.870719, 44.083439 ], [ 0.870663, 44.081078 ], [ 0.870613, 44.080426 ], [ 0.870586976163074, 44.076333541773572 ], [ 0.870581, 44.076397 ], [ 0.866981, 44.076393 ], [ 0.86694721621118, 44.076274446796106 ], [ 0.866855, 44.078203 ], [ 0.866764, 44.078802 ], [ 0.866746, 44.079204 ] ] ], [ [ [ 0.899993, 44.069651 ], [ 0.901745, 44.071202 ], [ 0.902456, 44.071076 ], [ 0.902592, 44.071007 ], [ 0.90975, 44.066496 ], [ 0.905362, 44.068404 ], [ 0.905228, 44.068423 ], [ 0.90433, 44.067756 ], [ 0.903317, 44.066417 ], [ 0.896352, 44.061329 ], [ 0.895421, 44.061108 ], [ 0.900061, 44.068409 ], [ 0.899797, 44.069255 ], [ 0.899993, 44.069651 ] ] ], [ [ [ 0.935628, 44.062971 ], [ 0.93658, 44.066443 ], [ 0.943456, 44.068945 ], [ 0.946792, 44.067593 ], [ 0.954342, 44.07124 ], [ 0.955595, 44.071397 ], [ 0.956552, 44.071302 ], [ 0.957434, 44.070954 ], [ 0.96177, 44.069403 ], [ 0.961044, 44.069295 ], [ 0.959848, 44.068946 ], [ 0.960239, 44.066842 ], [ 0.960463, 44.065938 ], [ 0.956941, 44.058743 ], [ 0.950276, 44.060856 ], [ 0.948606, 44.064045 ], [ 0.943978, 44.064638 ], [ 0.942845, 44.064708 ], [ 0.942748, 44.064685 ], [ 0.9372, 44.060972 ], [ 0.93237, 44.059249 ], [ 0.927033, 44.062055 ], [ 0.925057, 44.062646 ], [ 0.91742210158737, 44.064213760696973 ], [ 0.923767, 44.064232 ], [ 0.927394, 44.062713 ], [ 0.935628, 44.062971 ] ] ], [ [ [ 0.969028, 44.072533 ], [ 0.970849, 44.071567 ], [ 0.978231, 44.074351 ], [ 0.979174, 44.075675 ], [ 0.979268, 44.084629 ], [ 0.979261, 44.084701 ], [ 0.980886, 44.086725 ], [ 0.987717, 44.090263 ], [ 0.990245, 44.0877 ], [ 0.991761, 44.084499 ], [ 0.997927, 44.082821 ], [ 1.001003, 44.084692 ], [ 1.002027, 44.083009 ], [ 1.002234332440874, 44.082668035321845 ], [ 1.002234, 44.082668 ], [ 0.999159, 44.080797 ], [ 0.99265, 44.083244 ], [ 0.988825, 44.085142 ], [ 0.986649, 44.082274 ], [ 0.987162, 44.079909 ], [ 0.987556, 44.07633 ], [ 0.980915, 44.071694 ], [ 0.979866, 44.071584 ], [ 0.979815, 44.071575 ], [ 0.974046, 44.069268 ], [ 0.967084, 44.069955 ], [ 0.966507, 44.069872 ], [ 0.96177, 44.069403 ], [ 0.968234, 44.071999 ], [ 0.968483, 44.072184 ], [ 0.969028, 44.072533 ] ] ], [ [ [ 1.009089, 44.090342 ], [ 1.008962, 44.09394 ], [ 1.015591, 44.097415 ], [ 1.023114, 44.099808 ], [ 1.025682, 44.100818 ], [ 1.027278, 44.09975 ], [ 1.027791, 44.099437 ], [ 1.033225, 44.098462 ], [ 1.037114, 44.106496 ], [ 1.037829, 44.110024 ], [ 1.042944, 44.117118 ], [ 1.039994, 44.11918 ], [ 1.040345, 44.119683 ], [ 1.040739, 44.1201 ], [ 1.041372, 44.120522 ], [ 1.042279, 44.12081 ], [ 1.046466, 44.122909 ], [ 1.046558, 44.122979 ], [ 1.046916, 44.122948 ], [ 1.047645, 44.122113 ], [ 1.048716, 44.120097 ], [ 1.056762599566237, 44.119200710914789 ], [ 1.056699, 44.118562 ], [ 1.048716, 44.117396 ], [ 1.045118, 44.117497 ], [ 1.043182, 44.109445 ], [ 1.043689, 44.10588 ], [ 1.04557, 44.105549 ], [ 1.046023, 44.105518 ], [ 1.051065, 44.102345 ], [ 1.049132, 44.096122 ], [ 1.042342, 44.096277 ], [ 1.042042, 44.096421 ], [ 1.041178, 44.096974 ], [ 1.039226, 44.096767 ], [ 1.03367, 44.095686 ], [ 1.033204, 44.095742 ], [ 1.032891, 44.09575 ], [ 1.032431, 44.095733 ], [ 1.027782, 44.096336 ], [ 1.027058, 44.096516 ], [ 1.024187, 44.097358 ], [ 1.023286, 44.097378 ], [ 1.022547, 44.0971 ], [ 1.022114, 44.096883 ], [ 1.022517, 44.094327 ], [ 1.019799, 44.086622 ], [ 1.015613930281932, 44.085072286683705 ], [ 1.013058, 44.090517 ], [ 1.0109, 44.090406 ], [ 1.009089, 44.090342 ] ] ], [ [ [ 1.063570730075457, 44.132026540555238 ], [ 1.063352571760012, 44.134170895328189 ], [ 1.064011, 44.133194 ], [ 1.063570730075457, 44.132026540555238 ] ] ], [ [ [ 1.051145, 44.137244 ], [ 1.044181, 44.140949 ], [ 1.042547, 44.145622 ], [ 1.043801, 44.148997 ], [ 1.050629, 44.148295 ], [ 1.051921, 44.14815 ], [ 1.05761, 44.147265 ], [ 1.061191, 44.149515 ], [ 1.061954, 44.150442 ], [ 1.065212, 44.148909 ], [ 1.064191, 44.14674 ], [ 1.065705, 44.139302 ], [ 1.065079, 44.139689 ], [ 1.06348, 44.140733 ], [ 1.062268, 44.141375 ], [ 1.060201, 44.142397 ], [ 1.056519, 44.144207 ], [ 1.056273, 44.144342 ], [ 1.054605, 44.144071 ], [ 1.054207, 44.143798 ], [ 1.054086, 44.143533 ], [ 1.05399, 44.14326 ], [ 1.054547, 44.141182 ], [ 1.054794, 44.141048 ], [ 1.058605, 44.139169 ], [ 1.060672, 44.138148 ], [ 1.061013792457724, 44.137640890136097 ], [ 1.056768, 44.138124 ], [ 1.053315, 44.137103 ], [ 1.051145, 44.137244 ] ] ], [ [ [ 1.090828, 44.131218 ], [ 1.092293, 44.138391 ], [ 1.092257, 44.138503 ], [ 1.093385, 44.143218 ], [ 1.096915, 44.150121 ], [ 1.095604, 44.154076 ], [ 1.095298, 44.15479 ], [ 1.095232, 44.155731 ], [ 1.095534, 44.156617 ], [ 1.096026, 44.157374 ], [ 1.098832, 44.155759 ], [ 1.098933, 44.155695 ], [ 1.099334, 44.155277 ], [ 1.108056, 44.154491 ], [ 1.109463, 44.155548 ], [ 1.110073, 44.155402 ], [ 1.111368, 44.153081 ], [ 1.111311, 44.152946 ], [ 1.110488, 44.151013 ], [ 1.1178, 44.146357 ], [ 1.120834, 44.148515 ], [ 1.121097, 44.148842 ], [ 1.122418, 44.150277 ], [ 1.123444, 44.15234 ], [ 1.12671, 44.153403 ], [ 1.128863, 44.150518 ], [ 1.127643, 44.141803 ], [ 1.132365, 44.135721 ], [ 1.137395, 44.132435 ], [ 1.143642, 44.130475 ], [ 1.146808, 44.131789 ], [ 1.147958, 44.131641 ], [ 1.149482, 44.131103 ], [ 1.158066, 44.132932 ], [ 1.159148, 44.133504 ], [ 1.160375, 44.133998 ], [ 1.16601, 44.129036 ], [ 1.16799, 44.128199 ], [ 1.168677, 44.126364 ], [ 1.168623, 44.125802 ], [ 1.172137, 44.119884 ], [ 1.164974, 44.124814 ], [ 1.161493, 44.123895 ], [ 1.155883, 44.125969 ], [ 1.153776, 44.128888 ], [ 1.15059, 44.128561 ], [ 1.145851, 44.126937 ], [ 1.143914, 44.126128 ], [ 1.135423, 44.126063 ], [ 1.134169, 44.131317 ], [ 1.133828, 44.131329 ], [ 1.129868, 44.131761 ], [ 1.125854, 44.136555 ], [ 1.125615, 44.136944 ], [ 1.123797, 44.142737 ], [ 1.120413, 44.143967 ], [ 1.11994, 44.142666 ], [ 1.119767, 44.141979 ], [ 1.118643, 44.139558 ], [ 1.118326, 44.135972 ], [ 1.110675, 44.13386 ], [ 1.107731, 44.135645 ], [ 1.105185, 44.141357 ], [ 1.105512, 44.143086 ], [ 1.105754, 44.143992 ], [ 1.102815, 44.146473 ], [ 1.099417, 44.145287 ], [ 1.098723, 44.140481 ], [ 1.098625, 44.136882 ], [ 1.098332, 44.134066 ], [ 1.092664, 44.128124 ], [ 1.092452, 44.125456 ], [ 1.086025, 44.121858 ], [ 1.082119, 44.123682 ], [ 1.077987, 44.129279 ], [ 1.078908074674605, 44.132743236532939 ], [ 1.07919, 44.132663 ], [ 1.082097, 44.132295 ], [ 1.090828, 44.131218 ] ] ], [ [ [ 1.177526, 44.120893 ], [ 1.182478, 44.118485 ], [ 1.183427, 44.116532 ], [ 1.183484, 44.115894 ], [ 1.183606, 44.114845 ], [ 1.183573, 44.114297 ], [ 1.183543, 44.112934 ], [ 1.184246, 44.107082 ], [ 1.183382, 44.103588 ], [ 1.182338, 44.103784 ], [ 1.181892, 44.103831 ], [ 1.180824, 44.104909 ], [ 1.180244, 44.10565 ], [ 1.179827, 44.106466 ], [ 1.179255, 44.107519 ], [ 1.178981, 44.1079 ], [ 1.177096, 44.110638 ], [ 1.169485, 44.10732 ], [ 1.176036, 44.112317 ], [ 1.177352, 44.112975 ], [ 1.178637, 44.114807 ], [ 1.177378, 44.118438 ], [ 1.173261, 44.119558 ], [ 1.172137, 44.119884 ], [ 1.176644, 44.120945 ], [ 1.177018, 44.120927 ], [ 1.177526, 44.120893 ] ] ], [ [ [ 1.213497, 44.10758 ], [ 1.219099, 44.109157 ], [ 1.222787, 44.110196 ], [ 1.227503, 44.111349 ], [ 1.235879, 44.11212 ], [ 1.242099, 44.112748 ], [ 1.244423, 44.115967 ], [ 1.246522, 44.11674 ], [ 1.249073, 44.117406 ], [ 1.249113, 44.117401 ], [ 1.249835, 44.116324 ], [ 1.250229, 44.114489 ], [ 1.250093, 44.114019 ], [ 1.251278, 44.105238 ], [ 1.250674, 44.104357 ], [ 1.250267, 44.103603 ], [ 1.253074, 44.095579 ], [ 1.253069, 44.091979 ], [ 1.245982, 44.087072 ], [ 1.247795, 44.080558 ], [ 1.247638, 44.079272 ], [ 1.247501, 44.076574 ], [ 1.248989, 44.069051 ], [ 1.255997, 44.065228 ], [ 1.257409, 44.065662 ], [ 1.257564, 44.065713 ], [ 1.258777, 44.065832 ], [ 1.259381, 44.065066 ], [ 1.258682, 44.062291 ], [ 1.25699, 44.061386 ], [ 1.254049, 44.05457 ], [ 1.256292694143291, 44.05205108310065 ], [ 1.255649, 44.051477 ], [ 1.251087586130937, 44.052740694938073 ], [ 1.251617, 44.060427 ], [ 1.251648, 44.060563 ], [ 1.250921, 44.06175 ], [ 1.249547, 44.06266 ], [ 1.244805, 44.063077 ], [ 1.241384, 44.064198 ], [ 1.24009, 44.07186 ], [ 1.240244, 44.0721 ], [ 1.241407, 44.075031 ], [ 1.241199, 44.078625 ], [ 1.244957, 44.083827 ], [ 1.244871, 44.084391 ], [ 1.244092, 44.090274 ], [ 1.24313, 44.092913 ], [ 1.244644, 44.100445 ], [ 1.246033, 44.102376 ], [ 1.245995, 44.108489 ], [ 1.24534, 44.111013 ], [ 1.244467, 44.111498 ], [ 1.240565, 44.109428 ], [ 1.232134, 44.107806 ], [ 1.231497, 44.108162 ], [ 1.231154, 44.108278 ], [ 1.226281, 44.106874 ], [ 1.222072, 44.105251 ], [ 1.21635, 44.102998 ], [ 1.209372, 44.10377 ], [ 1.206751, 44.10514 ], [ 1.204983, 44.104521 ], [ 1.20406, 44.104183 ], [ 1.203782686682544, 44.104076923166708 ], [ 1.207065, 44.106585 ], [ 1.209897, 44.107598 ], [ 1.213497, 44.10758 ] ] ] ] } },
{ "type": "Feature", "properties": { "codgeo": "82033", "value": 1140, "isochrone_group": 19.0, "nb_agences": 1 }, "geometry": { "type": "MultiPolygon", "coordinates": [ [ [ [ 1.059588, 43.942035 ], [ 1.059217, 43.942078 ], [ 1.058550325721436, 43.94229644221042 ], [ 1.059707, 43.945682 ], [ 1.065346348622358, 43.945858056360635 ], [ 1.0652601918094, 43.944464178840725 ], [ 1.064377, 43.94458 ], [ 1.062555, 43.941476 ], [ 1.059588, 43.942035 ] ] ], [ [ [ 1.056867, 43.942848 ], [ 1.053141980992996, 43.943319423567274 ], [ 1.055052, 43.943443 ], [ 1.056867, 43.942848 ] ] ], [ [ [ 1.04419, 43.938643 ], [ 1.04295, 43.936826 ], [ 1.039976, 43.938856 ], [ 1.041216, 43.940673 ], [ 1.041697, 43.94131 ], [ 1.042777, 43.942575 ], [ 1.043265, 43.943208 ], [ 1.043528, 43.943593 ], [ 1.04377, 43.943981 ], [ 1.044023, 43.944395 ], [ 1.044259, 43.944835 ], [ 1.044675016051026, 43.945641794857572 ], [ 1.044751, 43.94549 ], [ 1.047293, 43.942941 ], [ 1.051558523374228, 43.943216975349138 ], [ 1.045511, 43.940233 ], [ 1.044565, 43.939133 ], [ 1.04419, 43.938643 ] ] ], [ [ [ 1.036734, 43.953176 ], [ 1.033297, 43.954249 ], [ 1.033668, 43.955438 ], [ 1.03397, 43.956266 ], [ 1.034378, 43.956911 ], [ 1.035348, 43.957468 ], [ 1.033568128620679, 43.965987351426485 ], [ 1.034202, 43.966052 ], [ 1.034983, 43.965922 ], [ 1.035462, 43.965897 ], [ 1.035988, 43.965966 ], [ 1.036048, 43.96598 ], [ 1.037609, 43.966093 ], [ 1.039586, 43.965899 ], [ 1.040171, 43.956929 ], [ 1.039504, 43.956733 ], [ 1.039217, 43.956588 ], [ 1.040799, 43.953385 ], [ 1.041646403709772, 43.951692122396587 ], [ 1.04002, 43.953179 ], [ 1.0395, 43.953205 ], [ 1.036734, 43.953176 ] ] ], [ [ [ 1.027288, 43.964063 ], [ 1.024974, 43.966825 ], [ 1.016566, 43.965486 ], [ 1.014661, 43.963799 ], [ 1.013132, 43.964625 ], [ 1.012809, 43.965052 ], [ 1.013026, 43.965649 ], [ 1.007571, 43.972402 ], [ 1.004684, 43.970252 ], [ 0.996615, 43.968942 ], [ 0.995112, 43.967583 ], [ 0.991641, 43.968485 ], [ 0.99163, 43.968499 ], [ 0.990391, 43.971392 ], [ 0.984204, 43.975894 ], [ 0.981912, 43.97496 ], [ 0.976991, 43.974145 ], [ 0.973704, 43.972721 ], [ 0.970108, 43.972556 ], [ 0.966004, 43.975456 ], [ 0.966484, 43.975386 ], [ 0.967333, 43.975349 ], [ 0.97016, 43.977954 ], [ 0.972566, 43.979666 ], [ 0.973637, 43.980257 ], [ 0.976187, 43.981528 ], [ 0.977632, 43.98209 ], [ 0.977964, 43.982203 ], [ 0.978459, 43.982339 ], [ 0.979053, 43.982451 ], [ 0.985813, 43.976615 ], [ 0.987518, 43.977014 ], [ 0.988111, 43.977195 ], [ 0.996038, 43.974013 ], [ 0.996684, 43.974545 ], [ 1.005673, 43.97415 ], [ 1.009327, 43.973748 ], [ 1.01285, 43.974487 ], [ 1.018846, 43.968607 ], [ 1.019987, 43.968529 ], [ 1.026375, 43.966745 ], [ 1.028354, 43.965205 ], [ 1.029378, 43.96556 ], [ 1.032246540580764, 43.965852562596545 ], [ 1.029164, 43.965042 ], [ 1.028293, 43.964704 ], [ 1.027288, 43.964063 ] ] ], [ [ [ 0.947239, 43.969174 ], [ 0.944799, 43.968061 ], [ 0.944702, 43.968017 ], [ 0.943197, 43.968091 ], [ 0.942973, 43.968259 ], [ 0.94321, 43.971293 ], [ 0.943306, 43.971337 ], [ 0.945746, 43.97245 ], [ 0.94891, 43.974662 ], [ 0.949532, 43.975396 ], [ 0.949485, 43.983732 ], [ 0.94609, 43.988084 ], [ 0.946076, 43.988526 ], [ 0.947934, 43.99161 ], [ 0.952957437863272, 43.99654991276816 ], [ 0.951616, 43.99119 ], [ 0.952839, 43.989429 ], [ 0.953562, 43.982295 ], [ 0.952776, 43.97652 ], [ 0.954907, 43.973618 ], [ 0.956157, 43.974475 ], [ 0.96444, 43.975978 ], [ 0.966004, 43.975456 ], [ 0.958701, 43.972316 ], [ 0.955972, 43.970807 ], [ 0.947239, 43.969174 ] ] ], [ [ [ 0.951193, 44.001988 ], [ 0.951068, 44.002517 ], [ 0.95105, 44.002715 ], [ 0.952447, 44.004248 ], [ 0.953984, 44.008746 ], [ 0.946484, 44.012265 ], [ 0.939569, 44.014584 ], [ 0.939044, 44.014579 ], [ 0.93854, 44.014697 ], [ 0.938061, 44.01491 ], [ 0.937187, 44.015274 ], [ 0.929387, 44.01664 ], [ 0.928064, 44.016367 ], [ 0.924636, 44.015928 ], [ 0.930487, 44.017037 ], [ 0.93855, 44.017873 ], [ 0.945335, 44.0161 ], [ 0.946727, 44.01591 ], [ 0.946898, 44.015894 ], [ 0.94761, 44.015983 ], [ 0.955, 44.019896 ], [ 0.955846, 44.020949 ], [ 0.956161, 44.021292 ], [ 0.956492, 44.021767 ], [ 0.964111, 44.021978 ], [ 0.965196, 44.017757 ], [ 0.963478, 44.013986 ], [ 0.958974, 44.009556 ], [ 0.958049, 44.006365 ], [ 0.955714, 43.999883 ], [ 0.953457808764551, 43.998536273461688 ], [ 0.953377, 43.998783 ], [ 0.951438, 44.001497 ], [ 0.951193, 44.001988 ] ] ], [ [ [ 0.916864, 44.006752 ], [ 0.916326, 44.005683 ], [ 0.916154, 44.005397 ], [ 0.915184, 44.004065 ], [ 0.913764, 44.004922 ], [ 0.910512, 44.007073 ], [ 0.909978, 44.008329 ], [ 0.910334, 44.009533 ], [ 0.910507, 44.009765 ], [ 0.915207, 44.013348 ], [ 0.918362, 44.018564 ], [ 0.917371, 44.014694 ], [ 0.91719, 44.014058 ], [ 0.917057, 44.012838 ], [ 0.917054, 44.012813 ], [ 0.920628, 44.01238 ], [ 0.924636, 44.015928 ], [ 0.920313, 44.011413 ], [ 0.919658, 44.010739 ], [ 0.916864, 44.006752 ] ] ], [ [ [ 0.918745, 44.029703 ], [ 0.921862, 44.023671 ], [ 0.919143, 44.020163 ], [ 0.918576, 44.019482 ], [ 0.919965, 44.022896 ], [ 0.918656060025156, 44.029759915361218 ], [ 0.918745, 44.029703 ] ] ], [ [ [ 0.902241, 44.03505 ], [ 0.90177, 44.03513 ], [ 0.894226, 44.030888 ], [ 0.894074, 44.030433 ], [ 0.892514, 44.030692 ], [ 0.890659, 44.031571 ], [ 0.890497, 44.033701 ], [ 0.889789, 44.039445 ], [ 0.889796, 44.039501 ], [ 0.890197, 44.040441 ], [ 0.890475, 44.041125 ], [ 0.89058, 44.041189 ], [ 0.895812, 44.044715 ], [ 0.898004, 44.047571 ], [ 0.900385, 44.053236 ], [ 0.89308, 44.056479 ], [ 0.891213, 44.055854 ], [ 0.889341, 44.055226 ], [ 0.889194477900495, 44.055182720212628 ], [ 0.891138, 44.05593 ], [ 0.893032, 44.056564 ], [ 0.895703, 44.057449 ], [ 0.896399, 44.057643 ], [ 0.897176, 44.057824 ], [ 0.897914, 44.057953 ], [ 0.89938, 44.058127 ], [ 0.90059, 44.058191 ], [ 0.901689, 44.058196 ], [ 0.902956, 44.058177 ], [ 0.904909, 44.05807 ], [ 0.90573, 44.058014 ], [ 0.907334, 44.05786 ], [ 0.909548, 44.057614 ], [ 0.912478, 44.055728 ], [ 0.910841, 44.047975 ], [ 0.908553, 44.046465 ], [ 0.908116, 44.046315 ], [ 0.907182, 44.045861 ], [ 0.904758, 44.044129 ], [ 0.903853, 44.043643 ], [ 0.903569, 44.043474 ], [ 0.902086, 44.042757 ], [ 0.898574, 44.041565 ], [ 0.896799, 44.040409 ], [ 0.896785, 44.040372 ], [ 0.897405, 44.038421 ], [ 0.897556, 44.037938 ], [ 0.898022, 44.037165 ], [ 0.89848, 44.036762 ], [ 0.898745, 44.036598 ], [ 0.899316, 44.036291 ], [ 0.900879, 44.036901 ], [ 0.901791, 44.037335 ], [ 0.902225, 44.037629 ], [ 0.902571, 44.037956 ], [ 0.903318, 44.038823 ], [ 0.90459, 44.039846 ], [ 0.906012, 44.040623 ], [ 0.906419, 44.040849 ], [ 0.90707, 44.04137 ], [ 0.910131, 44.043016 ], [ 0.915549, 44.035876 ], [ 0.913799, 44.03273 ], [ 0.914228, 44.032491 ], [ 0.914743, 44.032264 ], [ 0.910412, 44.032267 ], [ 0.907125, 44.03287 ], [ 0.902241, 44.03505 ] ] ], [ [ [ 0.870139, 44.05234 ], [ 0.863571, 44.04881 ], [ 0.863669, 44.049201 ], [ 0.863717, 44.04974 ], [ 0.865149, 44.054036 ], [ 0.870678, 44.055611 ], [ 0.871211, 44.055437 ], [ 0.874105, 44.054575 ], [ 0.877107, 44.05431 ], [ 0.87812, 44.054133 ], [ 0.879055, 44.054011 ], [ 0.879986, 44.053929 ], [ 0.880942, 44.053887 ], [ 0.882265, 44.053894 ], [ 0.876794, 44.051848 ], [ 0.873736, 44.049947 ], [ 0.870139, 44.05234 ] ] ], [ [ [ 0.855951, 44.033234 ], [ 0.852793, 44.032671 ], [ 0.850265, 44.035234 ], [ 0.850369, 44.039951 ], [ 0.85056, 44.040658 ], [ 0.851453, 44.042888 ], [ 0.851979, 44.043437 ], [ 0.852113, 44.05201 ], [ 0.849199, 44.054123 ], [ 0.849642, 44.057994 ], [ 0.849511, 44.060315 ], [ 0.844392, 44.066942 ], [ 0.845483, 44.066761 ], [ 0.847019, 44.066469 ], [ 0.848461, 44.066135 ], [ 0.854406, 44.061114 ], [ 0.854897, 44.059391 ], [ 0.856095, 44.058267 ], [ 0.859431, 44.053142 ], [ 0.856839, 44.047173 ], [ 0.856032, 44.046172 ], [ 0.855845, 44.045913 ], [ 0.855444, 44.045285 ], [ 0.855509, 44.045225 ], [ 0.857594, 44.043653 ], [ 0.858476, 44.043344 ], [ 0.861133, 44.045112 ], [ 0.859525, 44.038156 ], [ 0.859408, 44.037965 ], [ 0.855951, 44.033234 ] ] ], [ [ [ 0.7888, 44.089794 ], [ 0.787885, 44.090411 ], [ 0.786534, 44.091197 ], [ 0.784667, 44.092171 ], [ 0.782302, 44.093443 ], [ 0.780763, 44.094354 ], [ 0.782596, 44.097452 ], [ 0.786371, 44.095342 ], [ 0.788199, 44.094389 ], [ 0.789691, 44.093526 ], [ 0.790803, 44.092785 ], [ 0.791833, 44.092022 ], [ 0.792736, 44.091292 ], [ 0.794236, 44.089884 ], [ 0.795148, 44.08887 ], [ 0.795854, 44.087965 ], [ 0.796495, 44.087052 ], [ 0.797976, 44.084581 ], [ 0.798370568593563, 44.084080907247689 ], [ 0.798012, 44.084518 ], [ 0.794872, 44.082759 ], [ 0.795601, 44.081457 ], [ 0.794885, 44.082735 ], [ 0.793546, 44.084988 ], [ 0.7888, 44.089794 ] ] ], [ [ [ 0.857935, 44.0763 ], [ 0.85959, 44.084695 ], [ 0.858698, 44.085996 ], [ 0.858685, 44.086164 ], [ 0.858714, 44.08661 ], [ 0.858746, 44.086826 ], [ 0.858777, 44.086885 ], [ 0.860332, 44.088217 ], [ 0.868437, 44.090886 ], [ 0.871699, 44.0933 ], [ 0.874633, 44.091215 ], [ 0.877068, 44.083028 ], [ 0.879302, 44.081967 ], [ 0.881307, 44.081077 ], [ 0.879847, 44.077786 ], [ 0.877841, 44.078676 ], [ 0.870941, 44.072973 ], [ 0.870582, 44.075551 ], [ 0.870613, 44.080426 ], [ 0.870663, 44.081078 ], [ 0.870719, 44.083439 ], [ 0.870739, 44.083998 ], [ 0.870704, 44.084877 ], [ 0.867206, 44.085728 ], [ 0.867158, 44.085529 ], [ 0.867141, 44.083895 ], [ 0.867051, 44.082884 ], [ 0.866803, 44.079904 ], [ 0.866746, 44.079204 ], [ 0.866764, 44.078802 ], [ 0.866855, 44.078203 ], [ 0.866982, 44.075547 ], [ 0.859982, 44.070894 ], [ 0.859759, 44.070926 ], [ 0.858286, 44.070199 ], [ 0.850774, 44.069222 ], [ 0.849271, 44.069643 ], [ 0.847688, 44.070007 ], [ 0.846069, 44.070312 ], [ 0.853161, 44.071644 ], [ 0.856523, 44.074823 ], [ 0.857935, 44.0763 ] ] ], [ [ [ 0.879142, 44.060997 ], [ 0.880552, 44.06017 ], [ 0.888188, 44.058736 ], [ 0.886775, 44.05834 ], [ 0.885833, 44.058094 ], [ 0.885027, 44.057921 ], [ 0.884201, 44.057777 ], [ 0.883367, 44.05767 ], [ 0.882133, 44.057582 ], [ 0.880995, 44.057585 ], [ 0.880219, 44.057622 ], [ 0.879469, 44.057685 ], [ 0.8787, 44.057789 ], [ 0.877814, 44.057931 ], [ 0.87732, 44.058038 ], [ 0.876817, 44.058164 ], [ 0.875839, 44.058456 ], [ 0.871091, 44.065847 ], [ 0.877786, 44.060069 ], [ 0.878814, 44.060875 ], [ 0.879142, 44.060997 ] ] ], [ [ [ 0.896139, 44.071035 ], [ 0.896165, 44.071083 ], [ 0.896547, 44.071307 ], [ 0.897632, 44.07171 ], [ 0.898603, 44.071984 ], [ 0.900326, 44.072302 ], [ 0.900397, 44.072254 ], [ 0.901873173751022, 44.071179285664392 ], [ 0.901745, 44.071202 ], [ 0.899993, 44.069651 ], [ 0.899797, 44.069255 ], [ 0.900061, 44.068409 ], [ 0.895421, 44.061108 ], [ 0.894572, 44.060866 ], [ 0.891888, 44.059978 ], [ 0.893231, 44.060573 ], [ 0.896596, 44.068775 ], [ 0.896139, 44.071035 ] ] ], [ [ [ 0.929353, 44.064832 ], [ 0.934124, 44.069008 ], [ 0.936741, 44.067868 ], [ 0.938217921691871, 44.067038997683682 ], [ 0.93658, 44.066443 ], [ 0.935628, 44.062971 ], [ 0.927394, 44.062713 ], [ 0.923767, 44.064232 ], [ 0.915766, 44.064209 ], [ 0.924217, 44.064944 ], [ 0.92498, 44.066217 ], [ 0.929353, 44.064832 ] ] ], [ [ [ 0.955595, 44.071397 ], [ 0.954342, 44.07124 ], [ 0.946792, 44.067593 ], [ 0.946159688786731, 44.067849260419763 ], [ 0.948589, 44.071425 ], [ 0.95094, 44.071893 ], [ 0.955595, 44.071397 ] ] ], [ [ [ 0.96177, 44.069403 ], [ 0.957434, 44.070954 ], [ 0.956552, 44.071302 ], [ 0.955595, 44.071397 ], [ 0.960238, 44.072677 ], [ 0.964404374503232, 44.070460988275137 ], [ 0.96177, 44.069403 ] ] ], [ [ [ 0.976311, 44.083358 ], [ 0.975571, 44.083779 ], [ 0.975078, 44.08424 ], [ 0.974142, 44.085075 ], [ 0.972738, 44.087159 ], [ 0.970844, 44.091597 ], [ 0.970848, 44.091615 ], [ 0.972761, 44.091739 ], [ 0.976082, 44.09171 ], [ 0.976283, 44.091654 ], [ 0.977125, 44.090858 ], [ 0.980457, 44.088291 ], [ 0.98703993119829, 44.089912323756337 ], [ 0.980886, 44.086725 ], [ 0.979261, 44.084701 ], [ 0.979268, 44.084629 ], [ 0.979174, 44.075675 ], [ 0.978231, 44.074351 ], [ 0.972054753339709, 44.072021730059319 ], [ 0.977331, 44.074312 ], [ 0.979053, 44.077474 ], [ 0.976311, 44.083358 ] ] ], [ [ [ 0.988829, 44.091107 ], [ 0.989697, 44.091609 ], [ 0.991524, 44.092533 ], [ 0.996578, 44.094613 ], [ 1.001422, 44.094465 ], [ 1.004166, 44.094316 ], [ 1.011776, 44.098588 ], [ 1.012613, 44.100284 ], [ 1.012622, 44.100293 ], [ 1.018811, 44.101349 ], [ 1.02645, 44.102446 ], [ 1.031342, 44.108268 ], [ 1.031824, 44.111836 ], [ 1.030862, 44.116421 ], [ 1.031136, 44.120011 ], [ 1.032484, 44.119908 ], [ 1.034394, 44.119784 ], [ 1.040137, 44.122851 ], [ 1.041097, 44.12632 ], [ 1.045025, 44.126687 ], [ 1.046405, 44.135226 ], [ 1.039669, 44.140332 ], [ 1.038499, 44.139746 ], [ 1.036471, 44.142721 ], [ 1.034511, 44.146687 ], [ 1.033078, 44.14999 ], [ 1.035886, 44.155446 ], [ 1.036979, 44.154899 ], [ 1.037359, 44.154667 ], [ 1.042263, 44.15207 ], [ 1.049483, 44.150055 ], [ 1.051412, 44.149652 ], [ 1.053904, 44.148291 ], [ 1.05761, 44.147265 ], [ 1.051921, 44.14815 ], [ 1.050629, 44.148295 ], [ 1.043801, 44.148997 ], [ 1.042547, 44.145622 ], [ 1.044181, 44.140949 ], [ 1.051145, 44.137244 ], [ 1.053315, 44.137103 ], [ 1.056768, 44.138124 ], [ 1.061795, 44.137552 ], [ 1.063097, 44.136683 ], [ 1.063976, 44.128043 ], [ 1.062777, 44.126801 ], [ 1.062273, 44.126065 ], [ 1.057987, 44.119845 ], [ 1.057164, 44.119156 ], [ 1.048716, 44.120097 ], [ 1.047645, 44.122113 ], [ 1.046916, 44.122948 ], [ 1.046558, 44.122979 ], [ 1.046466, 44.122909 ], [ 1.042279, 44.12081 ], [ 1.041372, 44.120522 ], [ 1.040739, 44.1201 ], [ 1.040345, 44.119683 ], [ 1.039994, 44.11918 ], [ 1.042944, 44.117118 ], [ 1.037829, 44.110024 ], [ 1.037114, 44.106496 ], [ 1.033225, 44.098462 ], [ 1.027791, 44.099437 ], [ 1.027278, 44.09975 ], [ 1.025682, 44.100818 ], [ 1.023114, 44.099808 ], [ 1.015591, 44.097415 ], [ 1.008962, 44.09394 ], [ 1.009089, 44.090342 ], [ 1.0109, 44.090406 ], [ 1.013058, 44.090517 ], [ 1.016836, 44.082469 ], [ 1.009665, 44.077523 ], [ 1.003051, 44.081325 ], [ 1.002027, 44.083009 ], [ 1.001003, 44.084692 ], [ 0.997927, 44.082821 ], [ 0.991761, 44.084499 ], [ 0.990245, 44.0877 ], [ 0.987723526485045, 44.090256383156181 ], [ 0.987942, 44.090461 ], [ 0.98837, 44.09078 ], [ 0.988829, 44.091107 ] ] ], [ [ [ 1.062874, 44.160318 ], [ 1.066191, 44.158919 ], [ 1.067344, 44.154227 ], [ 1.067445, 44.153452 ], [ 1.067108, 44.152417 ], [ 1.065392, 44.149292 ], [ 1.065211800135474, 44.148909094043063 ], [ 1.061954, 44.150442 ], [ 1.061191, 44.149515 ], [ 1.05761, 44.147265 ], [ 1.061746, 44.155142 ], [ 1.060661, 44.157165 ], [ 1.062874, 44.160318 ] ] ], [ [ [ 1.086346, 44.135868 ], [ 1.0907, 44.137444 ], [ 1.091478, 44.144746 ], [ 1.090446, 44.146018 ], [ 1.09041, 44.146972 ], [ 1.090493, 44.147338 ], [ 1.095298, 44.15479 ], [ 1.095604, 44.154076 ], [ 1.096915, 44.150121 ], [ 1.093385, 44.143218 ], [ 1.092257, 44.138503 ], [ 1.092293, 44.138391 ], [ 1.090828, 44.131218 ], [ 1.082097, 44.132295 ], [ 1.07919, 44.132663 ], [ 1.078034, 44.132992 ], [ 1.077804, 44.133071 ], [ 1.077003, 44.133276 ], [ 1.085367, 44.135229 ], [ 1.085831, 44.13555 ], [ 1.086346, 44.135868 ] ] ], [ [ [ 1.088492, 44.164159 ], [ 1.08909, 44.165242 ], [ 1.091009, 44.166732 ], [ 1.094857, 44.1639 ], [ 1.098431, 44.161344 ], [ 1.098683, 44.161221 ], [ 1.102111, 44.158655 ], [ 1.108712, 44.160249 ], [ 1.113506, 44.163601 ], [ 1.117037, 44.162901 ], [ 1.11984, 44.154969 ], [ 1.128111, 44.154345 ], [ 1.128739, 44.154594 ], [ 1.133179, 44.158246 ], [ 1.136342, 44.159966 ], [ 1.138906, 44.1568 ], [ 1.137907, 44.153342 ], [ 1.133526, 44.152103 ], [ 1.132631, 44.151789 ], [ 1.131853, 44.151567 ], [ 1.128844292769918, 44.150384365975285 ], [ 1.128863, 44.150518 ], [ 1.12671, 44.153403 ], [ 1.123444, 44.15234 ], [ 1.122418, 44.150277 ], [ 1.121097, 44.148842 ], [ 1.120834, 44.148515 ], [ 1.1178, 44.146357 ], [ 1.110488, 44.151013 ], [ 1.111311, 44.152946 ], [ 1.111368, 44.153081 ], [ 1.110073, 44.155402 ], [ 1.109463, 44.155548 ], [ 1.108056, 44.154491 ], [ 1.099334, 44.155277 ], [ 1.098933, 44.155695 ], [ 1.098832, 44.155759 ], [ 1.096026, 44.157374 ], [ 1.095534, 44.156617 ], [ 1.095232, 44.155731 ], [ 1.095298, 44.15479 ], [ 1.092548, 44.158701 ], [ 1.090381, 44.161881 ], [ 1.088492, 44.164159 ] ] ], [ [ [ 1.127791982195931, 44.142867245768464 ], [ 1.128348632589684, 44.140894135660652 ], [ 1.127643, 44.141803 ], [ 1.127791982195931, 44.142867245768464 ] ] ], [ [ [ 1.145617, 44.135204 ], [ 1.149035, 44.133536 ], [ 1.149569, 44.133242 ], [ 1.150229, 44.132546 ], [ 1.15367342279965, 44.131996069932505 ], [ 1.149482, 44.131103 ], [ 1.147958, 44.131641 ], [ 1.146808, 44.131789 ], [ 1.143642, 44.130475 ], [ 1.137395, 44.132435 ], [ 1.132365, 44.135721 ], [ 1.129047786162687, 44.139993616382576 ], [ 1.131896, 44.138871 ], [ 1.138665, 44.13476 ], [ 1.145617, 44.135204 ] ] ], [ [ [ 1.161446, 44.137774 ], [ 1.164639, 44.138012 ], [ 1.171786, 44.138652 ], [ 1.174104, 44.135897 ], [ 1.178518, 44.130343 ], [ 1.178793, 44.129962 ], [ 1.181252, 44.122401 ], [ 1.186478, 44.117453 ], [ 1.189729, 44.115877 ], [ 1.189857, 44.112279 ], [ 1.194464, 44.104867 ], [ 1.19646, 44.105787 ], [ 1.204464618509327, 44.104597999996152 ], [ 1.203559, 44.103906 ], [ 1.202968, 44.103326 ], [ 1.199974, 44.098812 ], [ 1.199129, 44.09785 ], [ 1.192698, 44.093966 ], [ 1.186059, 44.090674 ], [ 1.182408, 44.091427 ], [ 1.175521, 44.09342 ], [ 1.173923, 44.094249 ], [ 1.170763, 44.098338 ], [ 1.169748, 44.103622 ], [ 1.169619, 44.105107 ], [ 1.169485, 44.10732 ], [ 1.177096, 44.110638 ], [ 1.178981, 44.1079 ], [ 1.179255, 44.107519 ], [ 1.179827, 44.106466 ], [ 1.180244, 44.10565 ], [ 1.180824, 44.104909 ], [ 1.181892, 44.103831 ], [ 1.182338, 44.103784 ], [ 1.183382, 44.103588 ], [ 1.184246, 44.107082 ], [ 1.183543, 44.112934 ], [ 1.183573, 44.114297 ], [ 1.183606, 44.114845 ], [ 1.183484, 44.115894 ], [ 1.183427, 44.116532 ], [ 1.182478, 44.118485 ], [ 1.177526, 44.120893 ], [ 1.177018, 44.120927 ], [ 1.176644, 44.120945 ], [ 1.172137, 44.119884 ], [ 1.168623, 44.125802 ], [ 1.168677, 44.126364 ], [ 1.16799, 44.128199 ], [ 1.16601, 44.129036 ], [ 1.160375, 44.133998 ], [ 1.159148, 44.133504 ], [ 1.158066, 44.132932 ], [ 1.156894539814569, 44.132682396006622 ], [ 1.158863, 44.135266 ], [ 1.159296, 44.137187 ], [ 1.161446, 44.137774 ] ] ], [ [ [ 1.210954, 44.111615 ], [ 1.211251, 44.112102 ], [ 1.219918, 44.111728 ], [ 1.220902, 44.112332 ], [ 1.223442, 44.11478 ], [ 1.223899, 44.114888 ], [ 1.224277, 44.114958 ], [ 1.226276, 44.114237 ], [ 1.230092, 44.11391 ], [ 1.236009, 44.116561 ], [ 1.241063, 44.118217 ], [ 1.24623, 44.122815 ], [ 1.249587, 44.121591 ], [ 1.25046, 44.120849 ], [ 1.251003, 44.12016 ], [ 1.253337, 44.112885 ], [ 1.253432691534555, 44.111369682155335 ], [ 1.252702, 44.112173 ], [ 1.250480883964097, 44.111144730726792 ], [ 1.250093, 44.114019 ], [ 1.250229, 44.114489 ], [ 1.249835, 44.116324 ], [ 1.249113, 44.117401 ], [ 1.249073, 44.117406 ], [ 1.246522, 44.11674 ], [ 1.244423, 44.115967 ], [ 1.242099, 44.112748 ], [ 1.235879, 44.11212 ], [ 1.227503, 44.111349 ], [ 1.222787, 44.110196 ], [ 1.219099, 44.109157 ], [ 1.213497, 44.10758 ], [ 1.209897, 44.107598 ], [ 1.207065, 44.106585 ], [ 1.20649271243663, 44.106147704397536 ], [ 1.210248, 44.110194 ], [ 1.21048, 44.110763 ], [ 1.210954, 44.111615 ] ] ], [ [ [ 1.253713, 44.078908 ], [ 1.253883, 44.075312 ], [ 1.250482795772806, 44.068236105416752 ], [ 1.248989, 44.069051 ], [ 1.247501, 44.076574 ], [ 1.247638, 44.079272 ], [ 1.247795, 44.080558 ], [ 1.245982, 44.087072 ], [ 1.253069, 44.091979 ], [ 1.253074, 44.095579 ], [ 1.252102978196595, 44.098354731724449 ], [ 1.253040568355628, 44.097465277725327 ], [ 1.253706, 44.092093 ], [ 1.256932557552899, 44.088362538025173 ], [ 1.251346, 44.083968 ], [ 1.253713, 44.078908 ] ] ] ] } },
{ "type": "Feature", "properties": { "codgeo": "82033", "value": 1200, "isochrone_group": 20.0, "nb_agences": 1 }, "geometry": { "type": "MultiPolygon", "coordinates": [ [ [ [ 1.047374, 43.934555 ], [ 1.04092, 43.931225 ], [ 1.040163, 43.930998 ], [ 1.038373, 43.93122 ], [ 1.036629, 43.93395 ], [ 1.031433, 43.940638 ], [ 1.03324, 43.943752 ], [ 1.031331, 43.95074 ], [ 1.031034, 43.951181 ], [ 1.031075, 43.952824 ], [ 1.033668, 43.955438 ], [ 1.033297, 43.954249 ], [ 1.036734, 43.953176 ], [ 1.0395, 43.953205 ], [ 1.04002, 43.953179 ], [ 1.045825, 43.947872 ], [ 1.044259, 43.944835 ], [ 1.044023, 43.944395 ], [ 1.04377, 43.943981 ], [ 1.043528, 43.943593 ], [ 1.043265, 43.943208 ], [ 1.042777, 43.942575 ], [ 1.041697, 43.94131 ], [ 1.041216, 43.940673 ], [ 1.039976, 43.938856 ], [ 1.04295, 43.936826 ], [ 1.04419, 43.938643 ], [ 1.044565, 43.939133 ], [ 1.045511, 43.940233 ], [ 1.052047, 43.943458 ], [ 1.056301520669841, 43.942919564811497 ], [ 1.053791, 43.939023 ], [ 1.052396, 43.938869 ], [ 1.050796, 43.938653 ], [ 1.047654, 43.938226 ], [ 1.04814, 43.934659 ], [ 1.048141600228118, 43.934659101361547 ], [ 1.047374, 43.934555 ] ] ], [ [ [ 1.024658, 43.962784 ], [ 1.019831, 43.960157 ], [ 1.019399, 43.959787 ], [ 1.018193, 43.958986 ], [ 1.012859, 43.96149 ], [ 1.010046, 43.963736 ], [ 1.0041, 43.967624 ], [ 0.998623, 43.968826 ], [ 0.994281, 43.966309 ], [ 0.99211, 43.962496 ], [ 0.988799, 43.960009 ], [ 0.986299, 43.962599 ], [ 0.984935, 43.969481 ], [ 0.979749, 43.97208 ], [ 0.974534, 43.967528 ], [ 0.9743, 43.966937 ], [ 0.973747, 43.966288 ], [ 0.97245, 43.964272 ], [ 0.969065, 43.965498 ], [ 0.963015, 43.969213 ], [ 0.960645, 43.971195 ], [ 0.958833, 43.972229 ], [ 0.958160006636943, 43.972016857828919 ], [ 0.958701, 43.972316 ], [ 0.966004, 43.975456 ], [ 0.970108, 43.972556 ], [ 0.973704, 43.972721 ], [ 0.976991, 43.974145 ], [ 0.981912, 43.97496 ], [ 0.984204, 43.975894 ], [ 0.990391, 43.971392 ], [ 0.99163, 43.968499 ], [ 0.991641, 43.968485 ], [ 0.995112, 43.967583 ], [ 0.996615, 43.968942 ], [ 1.004684, 43.970252 ], [ 1.007571, 43.972402 ], [ 1.013026, 43.965649 ], [ 1.012809, 43.965052 ], [ 1.013132, 43.964625 ], [ 1.014661, 43.963799 ], [ 1.016566, 43.965486 ], [ 1.024974, 43.966825 ], [ 1.027288, 43.964063 ], [ 1.028293, 43.964704 ], [ 1.029164, 43.965042 ], [ 1.02762, 43.963556 ], [ 1.027164, 43.962732 ], [ 1.024658, 43.962784 ] ] ], [ [ [ 0.942885, 43.965944 ], [ 0.934862, 43.96322 ], [ 0.933283, 43.964725 ], [ 0.932702, 43.9661 ], [ 0.933307, 43.967151 ], [ 0.933831, 43.967666 ], [ 0.939203, 43.972103 ], [ 0.940082, 43.97297 ], [ 0.940665, 43.973236 ], [ 0.94529, 43.975799 ], [ 0.945588, 43.981647 ], [ 0.944949, 43.983097 ], [ 0.943724, 43.984727 ], [ 0.94093, 43.989425 ], [ 0.942092, 43.992832 ], [ 0.942648, 43.992643 ], [ 0.945389, 43.992391 ], [ 0.945974, 43.992444 ], [ 0.9497, 44.00059 ], [ 0.949682, 44.002398 ], [ 0.949332, 44.004171 ], [ 0.949148, 44.006203 ], [ 0.948352, 44.009713 ], [ 0.940918, 44.01223 ], [ 0.934973, 44.01347 ], [ 0.932157, 44.015714 ], [ 0.924636, 44.015928 ], [ 0.928064, 44.016367 ], [ 0.929387, 44.01664 ], [ 0.937187, 44.015274 ], [ 0.938061, 44.01491 ], [ 0.93854, 44.014697 ], [ 0.939044, 44.014579 ], [ 0.939569, 44.014584 ], [ 0.946484, 44.012265 ], [ 0.953984, 44.008746 ], [ 0.952447, 44.004248 ], [ 0.95105, 44.002715 ], [ 0.951068, 44.002517 ], [ 0.951193, 44.001988 ], [ 0.951438, 44.001497 ], [ 0.953377, 43.998783 ], [ 0.953828, 43.997406 ], [ 0.947934, 43.99161 ], [ 0.946076, 43.988526 ], [ 0.94609, 43.988084 ], [ 0.949485, 43.983732 ], [ 0.949532, 43.975396 ], [ 0.94891, 43.974662 ], [ 0.945746, 43.97245 ], [ 0.943306, 43.971337 ], [ 0.94321, 43.971293 ], [ 0.942973, 43.968259 ], [ 0.943197, 43.968091 ], [ 0.944702, 43.968017 ], [ 0.944799, 43.968061 ], [ 0.947239, 43.969174 ], [ 0.951915610712702, 43.970048488182073 ], [ 0.951416, 43.969891 ], [ 0.946583, 43.96644 ], [ 0.942885, 43.965944 ] ] ], [ [ [ 0.920102, 44.00281 ], [ 0.920096, 44.001663 ], [ 0.913969, 43.996727 ], [ 0.910517, 43.995704 ], [ 0.908633, 44.000569 ], [ 0.909634, 44.004027 ], [ 0.906339, 44.012237 ], [ 0.905574, 44.012981 ], [ 0.904313, 44.015212 ], [ 0.905524, 44.016037 ], [ 0.906776, 44.016374 ], [ 0.907139, 44.016246 ], [ 0.907589, 44.016074 ], [ 0.908153, 44.015754 ], [ 0.913367, 44.014525 ], [ 0.918576, 44.019482 ], [ 0.918362, 44.018564 ], [ 0.915207, 44.013348 ], [ 0.910507, 44.009765 ], [ 0.910334, 44.009533 ], [ 0.909978, 44.008329 ], [ 0.910512, 44.007073 ], [ 0.913764, 44.004922 ], [ 0.915184, 44.004065 ], [ 0.916154, 44.005397 ], [ 0.916326, 44.005683 ], [ 0.916864, 44.006752 ], [ 0.919658, 44.010739 ], [ 0.920313, 44.011413 ], [ 0.91982, 44.003939 ], [ 0.920073, 44.003174 ], [ 0.920102, 44.00281 ] ] ], [ [ [ 0.907692, 44.027323 ], [ 0.907561, 44.02737 ], [ 0.906733, 44.027962 ], [ 0.898116, 44.028319 ], [ 0.896439, 44.025771 ], [ 0.890211, 44.023281 ], [ 0.889823, 44.022945 ], [ 0.889391, 44.022645 ], [ 0.888784, 44.02226 ], [ 0.888379, 44.022056 ], [ 0.886646, 44.021091 ], [ 0.884082, 44.023619 ], [ 0.886651, 44.028245 ], [ 0.883726, 44.036736 ], [ 0.88365, 44.039767 ], [ 0.883692, 44.039794 ], [ 0.886087, 44.043031 ], [ 0.879895, 44.048829 ], [ 0.877154, 44.046991 ], [ 0.87494, 44.043997 ], [ 0.874471, 44.043256 ], [ 0.873783, 44.042795 ], [ 0.873307, 44.042648 ], [ 0.872556, 44.042515 ], [ 0.871466, 44.044467 ], [ 0.871342, 44.044923 ], [ 0.863571, 44.04881 ], [ 0.870139, 44.05234 ], [ 0.873736, 44.049947 ], [ 0.876794, 44.051848 ], [ 0.882265, 44.053894 ], [ 0.88375, 44.053983 ], [ 0.884789, 44.054114 ], [ 0.885775, 44.054285 ], [ 0.886741, 44.054493 ], [ 0.887804, 44.054772 ], [ 0.889341, 44.055226 ], [ 0.891213, 44.055854 ], [ 0.89308, 44.056479 ], [ 0.900385, 44.053236 ], [ 0.898004, 44.047571 ], [ 0.895812, 44.044715 ], [ 0.89058, 44.041189 ], [ 0.890475, 44.041125 ], [ 0.890197, 44.040441 ], [ 0.889796, 44.039501 ], [ 0.889789, 44.039445 ], [ 0.890497, 44.033701 ], [ 0.890659, 44.031571 ], [ 0.892514, 44.030692 ], [ 0.894074, 44.030433 ], [ 0.894226, 44.030888 ], [ 0.90177, 44.03513 ], [ 0.902241, 44.03505 ], [ 0.907125, 44.03287 ], [ 0.910412, 44.032267 ], [ 0.914743, 44.032264 ], [ 0.915314, 44.032105 ], [ 0.915654, 44.03204 ], [ 0.916748, 44.031918 ], [ 0.909621, 44.027672 ], [ 0.908117, 44.027147 ], [ 0.907692, 44.027323 ] ] ], [ [ [ 0.861963, 44.032064 ], [ 0.862281, 44.031038 ], [ 0.860538, 44.028757 ], [ 0.860014, 44.028983 ], [ 0.859595, 44.029201 ], [ 0.85083, 44.028547 ], [ 0.849859, 44.027813 ], [ 0.84881, 44.027087 ], [ 0.845863, 44.023777 ], [ 0.844581, 44.024023 ], [ 0.842689, 44.025477 ], [ 0.843314, 44.026644 ], [ 0.843494, 44.026957 ], [ 0.843748, 44.02732 ], [ 0.844157, 44.027805 ], [ 0.844462, 44.028114 ], [ 0.846649, 44.030971 ], [ 0.845152, 44.037109 ], [ 0.844213, 44.039562 ], [ 0.843824, 44.040455 ], [ 0.84482, 44.041953 ], [ 0.843599, 44.050033 ], [ 0.843113, 44.050772 ], [ 0.842834, 44.051554 ], [ 0.842806, 44.051671 ], [ 0.845009, 44.058201 ], [ 0.846402, 44.06152 ], [ 0.841009, 44.067373 ], [ 0.844392, 44.066942 ], [ 0.849511, 44.060315 ], [ 0.849642, 44.057994 ], [ 0.849199, 44.054123 ], [ 0.852113, 44.05201 ], [ 0.851979, 44.043437 ], [ 0.851453, 44.042888 ], [ 0.85056, 44.040658 ], [ 0.850369, 44.039951 ], [ 0.850265, 44.035234 ], [ 0.852793, 44.032671 ], [ 0.855951, 44.033234 ], [ 0.859408, 44.037965 ], [ 0.859525, 44.038156 ], [ 0.861133, 44.045112 ], [ 0.86148, 44.039627 ], [ 0.861802, 44.038498 ], [ 0.861963, 44.032064 ] ] ], [ [ [ 0.778061, 44.096203 ], [ 0.776596, 44.097228 ], [ 0.770213, 44.100534 ], [ 0.767613, 44.101385 ], [ 0.765844, 44.101845 ], [ 0.764028, 44.102229 ], [ 0.762222, 44.102611 ], [ 0.759933, 44.103081 ], [ 0.757644, 44.103552 ], [ 0.758369, 44.107078 ], [ 0.760658, 44.106607 ], [ 0.762947, 44.106137 ], [ 0.764773, 44.105751 ], [ 0.766589, 44.105367 ], [ 0.768515, 44.10487 ], [ 0.769839, 44.104483 ], [ 0.771416, 44.103927 ], [ 0.773305, 44.103171 ], [ 0.775041, 44.102337 ], [ 0.776759, 44.101384 ], [ 0.778524, 44.100268 ], [ 0.780122, 44.099155 ], [ 0.786371, 44.095342 ], [ 0.782596, 44.097452 ], [ 0.780764552510057, 44.094356623936832 ], [ 0.780668, 44.094414 ], [ 0.779593, 44.095134 ], [ 0.778061, 44.096203 ] ] ], [ [ [ 0.853161, 44.071644 ], [ 0.846069, 44.070312 ], [ 0.844847, 44.070513 ], [ 0.84136, 44.070956 ], [ 0.847983, 44.071299 ], [ 0.84916, 44.071275 ], [ 0.853161, 44.071644 ] ] ], [ [ [ 0.854543, 44.080547 ], [ 0.852494, 44.084805 ], [ 0.849504, 44.089243 ], [ 0.849572, 44.091429 ], [ 0.849675, 44.091542 ], [ 0.85179, 44.092024 ], [ 0.858894, 44.091469 ], [ 0.860038, 44.091516 ], [ 0.864344784181874, 44.089538421465939 ], [ 0.860332, 44.088217 ], [ 0.858777, 44.086885 ], [ 0.858746, 44.086826 ], [ 0.858714, 44.08661 ], [ 0.858685, 44.086164 ], [ 0.858698, 44.085996 ], [ 0.85959, 44.084695 ], [ 0.857935, 44.0763 ], [ 0.856523, 44.074823 ], [ 0.853161, 44.071644 ], [ 0.854886, 44.079856 ], [ 0.854557, 44.080501 ], [ 0.854543, 44.080547 ] ] ], [ [ [ 0.872945, 44.094992 ], [ 0.873426, 44.095537 ], [ 0.875869, 44.099364 ], [ 0.876224, 44.099988 ], [ 0.876593, 44.100533 ], [ 0.880146, 44.099895 ], [ 0.880139, 44.099833 ], [ 0.879941, 44.099178 ], [ 0.879741, 44.098788 ], [ 0.879011, 44.097607 ], [ 0.878353, 44.096211 ], [ 0.877893, 44.095298 ], [ 0.878496, 44.08705 ], [ 0.883877, 44.08285 ], [ 0.88423, 44.082435 ], [ 0.891637, 44.077444 ], [ 0.891746, 44.077418 ], [ 0.894735, 44.075575 ], [ 0.898774089108876, 44.072015576515739 ], [ 0.898603, 44.071984 ], [ 0.897632, 44.07171 ], [ 0.896547, 44.071307 ], [ 0.896165, 44.071083 ], [ 0.896139, 44.071035 ], [ 0.896596, 44.068775 ], [ 0.893231, 44.060573 ], [ 0.891888, 44.059978 ], [ 0.889994, 44.059343 ], [ 0.888188, 44.058736 ], [ 0.880552, 44.06017 ], [ 0.879142, 44.060997 ], [ 0.878814, 44.060875 ], [ 0.877786, 44.060069 ], [ 0.871091, 44.065847 ], [ 0.871182, 44.066424 ], [ 0.871183, 44.067067 ], [ 0.870941, 44.069096 ], [ 0.871097, 44.07126 ], [ 0.871163, 44.071741 ], [ 0.870941, 44.072973 ], [ 0.877841, 44.078676 ], [ 0.879847, 44.077786 ], [ 0.881307, 44.081077 ], [ 0.879302, 44.081967 ], [ 0.877068, 44.083028 ], [ 0.874633, 44.091215 ], [ 0.871699, 44.0933 ], [ 0.871697488301793, 44.093298881287716 ], [ 0.872127, 44.093903 ], [ 0.872481, 44.094399 ], [ 0.872945, 44.094992 ] ] ], [ [ [ 0.924998, 44.067459 ], [ 0.927804, 44.069841 ], [ 0.934168, 44.070922 ], [ 0.936741, 44.067868 ], [ 0.934124, 44.069008 ], [ 0.929353, 44.064832 ], [ 0.92498, 44.066217 ], [ 0.924217, 44.064944 ], [ 0.915766, 44.064209 ], [ 0.924543, 44.065887 ], [ 0.924661, 44.066551 ], [ 0.924998, 44.067459 ] ] ], [ [ [ 0.965743, 44.069749 ], [ 0.970118, 44.071094 ], [ 0.969455, 44.070669 ], [ 0.965743, 44.069749 ] ] ], [ [ [ 0.96933, 44.086314 ], [ 0.969053, 44.086349 ], [ 0.968505, 44.08651 ], [ 0.968273, 44.086621 ], [ 0.967327, 44.087811 ], [ 0.961678, 44.092771 ], [ 0.962117, 44.096344 ], [ 0.968537, 44.098452 ], [ 0.970179, 44.098831 ], [ 0.975606, 44.094934 ], [ 0.978867, 44.095876 ], [ 0.979429, 44.096268 ], [ 0.979653, 44.096395 ], [ 0.98011, 44.096653 ], [ 0.981358, 44.096435 ], [ 0.981441, 44.096387 ], [ 0.981883, 44.093521 ], [ 0.988829, 44.091107 ], [ 0.98837, 44.09078 ], [ 0.987942, 44.090461 ], [ 0.987469, 44.090018 ], [ 0.980457, 44.088291 ], [ 0.977125, 44.090858 ], [ 0.976283, 44.091654 ], [ 0.976082, 44.09171 ], [ 0.972761, 44.091739 ], [ 0.970848, 44.091615 ], [ 0.970844, 44.091597 ], [ 0.972738, 44.087159 ], [ 0.974142, 44.085075 ], [ 0.975078, 44.08424 ], [ 0.975571, 44.083779 ], [ 0.976311, 44.083358 ], [ 0.979053, 44.077474 ], [ 0.977331, 44.074312 ], [ 0.970786, 44.071471 ], [ 0.970118, 44.071094 ], [ 0.974229, 44.077524 ], [ 0.973717, 44.084167 ], [ 0.96933, 44.086314 ] ] ], [ [ [ 1.001422, 44.094465 ], [ 1.007112773726014, 44.09597022041492 ], [ 1.004166, 44.094316 ], [ 1.001422, 44.094465 ] ] ], [ [ [ 1.022952, 44.105669 ], [ 1.023501, 44.11408 ], [ 1.021738, 44.115875 ], [ 1.022306, 44.11987 ], [ 1.024722, 44.122539 ], [ 1.025058, 44.122235 ], [ 1.030909, 44.120024 ], [ 1.036484, 44.125821 ], [ 1.038271, 44.128946 ], [ 1.036315, 44.135742 ], [ 1.028711, 44.138082 ], [ 1.026402, 44.140844 ], [ 1.021433, 44.145925 ], [ 1.021346, 44.149524 ], [ 1.023374, 44.149755 ], [ 1.028929, 44.15475 ], [ 1.029982, 44.162111 ], [ 1.033116, 44.163882 ], [ 1.033876, 44.162771 ], [ 1.034227, 44.162154 ], [ 1.034511, 44.16114 ], [ 1.034655, 44.160122 ], [ 1.041478, 44.154915 ], [ 1.045052, 44.155314 ], [ 1.045582, 44.154125 ], [ 1.045876, 44.153437 ], [ 1.046099, 44.152693 ], [ 1.049348320631421, 44.150092587109093 ], [ 1.042263, 44.15207 ], [ 1.037359, 44.154667 ], [ 1.036979, 44.154899 ], [ 1.035886, 44.155446 ], [ 1.033078, 44.14999 ], [ 1.034511, 44.146687 ], [ 1.036471, 44.142721 ], [ 1.038499, 44.139746 ], [ 1.039669, 44.140332 ], [ 1.046405, 44.135226 ], [ 1.045025, 44.126687 ], [ 1.041097, 44.12632 ], [ 1.040137, 44.122851 ], [ 1.034394, 44.119784 ], [ 1.032484, 44.119908 ], [ 1.031136, 44.120011 ], [ 1.030862, 44.116421 ], [ 1.031824, 44.111836 ], [ 1.031342, 44.108268 ], [ 1.02645, 44.102446 ], [ 1.018811, 44.101349 ], [ 1.014520897495678, 44.100616999960472 ], [ 1.016361, 44.103232 ], [ 1.020645, 44.104868 ], [ 1.022952, 44.105669 ] ] ], [ [ [ 1.057248, 44.159065 ], [ 1.056351, 44.159701 ], [ 1.058434, 44.162638 ], [ 1.062647, 44.167156 ], [ 1.068276, 44.166995 ], [ 1.069138, 44.167016 ], [ 1.076009, 44.168039 ], [ 1.077015, 44.168374 ], [ 1.077997, 44.168648 ], [ 1.080718, 44.168964 ], [ 1.085399, 44.176576 ], [ 1.087279, 44.177641 ], [ 1.089384, 44.177623 ], [ 1.092476, 44.173277 ], [ 1.092339, 44.172762 ], [ 1.09649, 44.165076 ], [ 1.098458, 44.162061 ], [ 1.107215, 44.162634 ], [ 1.108427, 44.164353 ], [ 1.108978, 44.164794 ], [ 1.109425, 44.16499 ], [ 1.114891, 44.168919 ], [ 1.116536, 44.171153 ], [ 1.117985, 44.171948 ], [ 1.11966, 44.169364 ], [ 1.119875, 44.168884 ], [ 1.121439, 44.164114 ], [ 1.122161, 44.163423 ], [ 1.130978, 44.165078 ], [ 1.133212, 44.166759 ], [ 1.134092, 44.167232 ], [ 1.13653, 44.167929 ], [ 1.137518, 44.164467 ], [ 1.140391, 44.156059 ], [ 1.14077, 44.155805 ], [ 1.142104, 44.154997 ], [ 1.14266, 44.154609 ], [ 1.143104, 44.154327 ], [ 1.143384, 44.153187 ], [ 1.143324, 44.152418 ], [ 1.143178, 44.151984 ], [ 1.143003, 44.151623 ], [ 1.142672, 44.150939 ], [ 1.142087, 44.150873 ], [ 1.141317, 44.1511 ], [ 1.140927, 44.151247 ], [ 1.139317, 44.152243 ], [ 1.133526, 44.152103 ], [ 1.137907, 44.153342 ], [ 1.138906, 44.1568 ], [ 1.136342, 44.159966 ], [ 1.133179, 44.158246 ], [ 1.128739, 44.154594 ], [ 1.128111, 44.154345 ], [ 1.11984, 44.154969 ], [ 1.117037, 44.162901 ], [ 1.113506, 44.163601 ], [ 1.108712, 44.160249 ], [ 1.102111, 44.158655 ], [ 1.098683, 44.161221 ], [ 1.098431, 44.161344 ], [ 1.094857, 44.1639 ], [ 1.091009, 44.166732 ], [ 1.08909, 44.165242 ], [ 1.088492, 44.164159 ], [ 1.090381, 44.161881 ], [ 1.092548, 44.158701 ], [ 1.095298, 44.15479 ], [ 1.090493, 44.147338 ], [ 1.09041, 44.146972 ], [ 1.090446, 44.146018 ], [ 1.091478, 44.144746 ], [ 1.0907, 44.137444 ], [ 1.086346, 44.135868 ], [ 1.085831, 44.13555 ], [ 1.085367, 44.135229 ], [ 1.077003, 44.133276 ], [ 1.075981, 44.133461 ], [ 1.069392, 44.136542 ], [ 1.067616, 44.137876 ], [ 1.065705, 44.139302 ], [ 1.064191, 44.14674 ], [ 1.065392, 44.149292 ], [ 1.067108, 44.152417 ], [ 1.067445, 44.153452 ], [ 1.067344, 44.154227 ], [ 1.066191, 44.158919 ], [ 1.062874, 44.160318 ], [ 1.060661, 44.157165 ], [ 1.061746, 44.155142 ], [ 1.059897, 44.157492 ], [ 1.058384, 44.15841 ], [ 1.057248, 44.159065 ] ] ], [ [ [ 1.13731, 44.139498 ], [ 1.137682, 44.139357 ], [ 1.138067, 44.139233 ], [ 1.144426, 44.139842 ], [ 1.145595, 44.138561 ], [ 1.147369, 44.137342 ], [ 1.155083, 44.138802 ], [ 1.157377, 44.141468 ], [ 1.160972, 44.14127 ], [ 1.166639, 44.142885 ], [ 1.173663, 44.145045 ], [ 1.175503, 44.146134 ], [ 1.178927, 44.145023 ], [ 1.178894, 44.144919 ], [ 1.1789, 44.139974 ], [ 1.185265, 44.134222 ], [ 1.186886, 44.134715 ], [ 1.189128, 44.135401 ], [ 1.190182, 44.131959 ], [ 1.187939, 44.131272 ], [ 1.185061, 44.12942 ], [ 1.183353, 44.121771 ], [ 1.18448, 44.120136 ], [ 1.188991, 44.117787 ], [ 1.189299, 44.117723 ], [ 1.191624, 44.117671 ], [ 1.191937, 44.117543 ], [ 1.192633, 44.117248 ], [ 1.192984, 44.117113 ], [ 1.193426, 44.116824 ], [ 1.195713, 44.114953 ], [ 1.202443, 44.109033 ], [ 1.21048, 44.110763 ], [ 1.210248, 44.110194 ], [ 1.204983, 44.104521 ], [ 1.19646, 44.105787 ], [ 1.194464, 44.104867 ], [ 1.189857, 44.112279 ], [ 1.189729, 44.115877 ], [ 1.186478, 44.117453 ], [ 1.181252, 44.122401 ], [ 1.178793, 44.129962 ], [ 1.178518, 44.130343 ], [ 1.174104, 44.135897 ], [ 1.171786, 44.138652 ], [ 1.164639, 44.138012 ], [ 1.161446, 44.137774 ], [ 1.159296, 44.137187 ], [ 1.158863, 44.135266 ], [ 1.156079, 44.131612 ], [ 1.150229, 44.132546 ], [ 1.149569, 44.133242 ], [ 1.149035, 44.133536 ], [ 1.145617, 44.135204 ], [ 1.138665, 44.13476 ], [ 1.131896, 44.138871 ], [ 1.128547, 44.140191 ], [ 1.126171, 44.148613 ], [ 1.128505, 44.150251 ], [ 1.128848965661795, 44.150386202751164 ], [ 1.13194, 44.142153 ], [ 1.133174, 44.141414 ], [ 1.13731, 44.139498 ] ] ], [ [ [ 1.220902, 44.112332 ], [ 1.219918, 44.111728 ], [ 1.213237645272967, 44.112016271912765 ], [ 1.217882, 44.114127 ], [ 1.223051432849706, 44.1144035793764 ], [ 1.220902, 44.112332 ] ] ], [ [ [ 1.234549, 44.125964 ], [ 1.236076, 44.125994 ], [ 1.236417, 44.125994 ], [ 1.242706, 44.126157 ], [ 1.248302, 44.123021 ], [ 1.249513, 44.122342 ], [ 1.250464, 44.121681 ], [ 1.251003, 44.12016 ], [ 1.25046, 44.120849 ], [ 1.249587, 44.121591 ], [ 1.24623, 44.122815 ], [ 1.241063, 44.118217 ], [ 1.236009, 44.116561 ], [ 1.230092, 44.11391 ], [ 1.226276, 44.114237 ], [ 1.225445995118933, 44.114536366442856 ], [ 1.231051, 44.116851 ], [ 1.234448, 44.122366 ], [ 1.234549, 44.125964 ] ] ], [ [ [ 1.258801, 44.111218 ], [ 1.259587, 44.108434 ], [ 1.259471628864544, 44.108225775631539 ], [ 1.257021, 44.111607 ], [ 1.255138885171237, 44.113245553907149 ], [ 1.258496, 44.111865 ], [ 1.258801, 44.111218 ] ] ], [ [ [ 1.250641, 44.099835 ], [ 1.244809, 44.104139 ], [ 1.249790994337111, 44.108701791373058 ], [ 1.249993609901451, 44.108332329595065 ], [ 1.250699, 44.106867 ], [ 1.251097, 44.106173 ], [ 1.25159, 44.105431 ], [ 1.254568, 44.100794 ], [ 1.251317426682962, 44.099099952787824 ], [ 1.250901, 44.099495 ], [ 1.250641, 44.099835 ] ] ], [ [ [ 1.253082352847666, 44.115035954270894 ], [ 1.252478167084289, 44.115561953496922 ], [ 1.251720149361962, 44.117924669405198 ], [ 1.253082352847666, 44.115035954270894 ] ] ], [ [ [ 1.253883, 44.075312 ], [ 1.253713, 44.078908 ], [ 1.251346, 44.083968 ], [ 1.252895393532809, 44.08518679506858 ], [ 1.253246, 44.083188 ], [ 1.25511, 44.075322 ], [ 1.252185, 44.06961 ], [ 1.250521957510586, 44.067793835350805 ], [ 1.250316, 44.067889 ], [ 1.253883, 44.075312 ] ] ] ] } }
]
}
