{
"type": "FeatureCollection",
"name": "SG",
"crs": { "type": "name", "properties": { "name": "urn:ogc:def:crs:OGC:1.3:CRS84" } },
"features": [
{ "type": "Feature", "properties": { "codgeo": "82033", "value": 60, "isochrone_group": 1.0, "nb_agences": 1 }, "geometry": { "type": "Polygon", "coordinates": [ [ [ 1.105302, 44.041405 ], [ 1.106243, 44.039929 ], [ 1.107657, 44.039543 ], [ 1.110777, 44.039572 ], [ 1.11097, 44.039875 ], [ 1.111734, 44.042262 ], [ 1.111572, 44.042499 ], [ 1.111508, 44.042542 ], [ 1.105736, 44.042514 ], [ 1.105458, 44.042287 ], [ 1.105216, 44.042052 ], [ 1.105302, 44.041405 ] ] ] } },
{ "type": "Feature", "properties": { "codgeo": "82033", "value": 120, "isochrone_group": 2.0, "nb_agences": 1 }, "geometry": { "type": "Polygon", "coordinates": [ [ [ 1.100978, 44.045258 ], [ 1.101179, 44.045557 ], [ 1.10273, 44.047673 ], [ 1.103069, 44.047795 ], [ 1.106506, 44.047056 ], [ 1.106527, 44.047047 ], [ 1.109031, 44.044777 ], [ 1.113657, 44.045716 ], [ 1.113791, 44.045814 ], [ 1.113882, 44.04587 ], [ 1.114106, 44.04601 ], [ 1.116571, 44.04707 ], [ 1.117216, 44.047495 ], [ 1.11798, 44.047888 ], [ 1.118228, 44.047628 ], [ 1.118342, 44.047379 ], [ 1.11816, 44.047068 ], [ 1.116469, 44.043243 ], [ 1.116543, 44.03818 ], [ 1.118318, 44.037341 ], [ 1.11821, 44.036998 ], [ 1.117193, 44.037315 ], [ 1.111227, 44.036924 ], [ 1.111016, 44.036846 ], [ 1.109291, 44.036972 ], [ 1.10517, 44.037652 ], [ 1.103815, 44.038299 ], [ 1.10357, 44.038562 ], [ 1.102133, 44.040335 ], [ 1.101972, 44.040533 ], [ 1.10179, 44.040908 ], [ 1.101607, 44.041282 ], [ 1.100978, 44.045258 ] ], [ [ 1.106243, 44.039929 ], [ 1.107657, 44.039543 ], [ 1.110777, 44.039572 ], [ 1.11097, 44.039875 ], [ 1.111734, 44.042262 ], [ 1.111572, 44.042499 ], [ 1.111508, 44.042542 ], [ 1.105736, 44.042514 ], [ 1.105458, 44.042287 ], [ 1.105216, 44.042052 ], [ 1.105302, 44.041405 ], [ 1.106243, 44.039929 ] ] ] } },
{ "type": "Feature", "properties": { "codgeo": "82033", "value": 180, "isochrone_group": 3.0, "nb_agences": 1 }, "geometry": { "type": "Polygon", "coordinates": [ [ [ 1.095593, 44.048799 ], [ 1.095855, 44.049045 ], [ 1.100577, 44.053587 ], [ 1.100911, 44.053723 ], [ 1.108838, 44.05012 ], [ 1.109547, 44.049954 ], [ 1.118021, 44.050852 ], [ 1.120217, 44.051833 ], [ 1.121193, 44.0523 ], [ 1.124722, 44.054488 ], [ 1.12498, 44.054236 ], [ 1.124163, 44.049643 ], [ 1.123985, 44.04933 ], [ 1.122953, 44.045694 ], [ 1.126493, 44.040273 ], [ 1.126676, 44.039962 ], [ 1.12785, 44.034159 ], [ 1.127849, 44.034158 ], [ 1.123003, 44.032519 ], [ 1.117894, 44.032101 ], [ 1.110794, 44.032857 ], [ 1.110434, 44.03288 ], [ 1.106444, 44.033492 ], [ 1.098795, 44.031955 ], [ 1.09864, 44.03228 ], [ 1.098723, 44.039142 ], [ 1.096142, 44.046118 ], [ 1.095969, 44.046434 ], [ 1.095593, 44.048799 ] ], [ [ 1.10179, 44.040908 ], [ 1.101972, 44.040533 ], [ 1.102133, 44.040335 ], [ 1.10357, 44.038562 ], [ 1.103815, 44.038299 ], [ 1.10517, 44.037652 ], [ 1.109291, 44.036972 ], [ 1.111016, 44.036846 ], [ 1.111227, 44.036924 ], [ 1.117193, 44.037315 ], [ 1.11821, 44.036998 ], [ 1.118318, 44.037341 ], [ 1.116543, 44.03818 ], [ 1.116469, 44.043243 ], [ 1.11816, 44.047068 ], [ 1.118342, 44.047379 ], [ 1.118228, 44.047628 ], [ 1.11798, 44.047888 ], [ 1.117216, 44.047495 ], [ 1.116571, 44.04707 ], [ 1.114106, 44.04601 ], [ 1.113882, 44.04587 ], [ 1.113791, 44.045814 ], [ 1.113657, 44.045716 ], [ 1.109031, 44.044777 ], [ 1.106527, 44.047047 ], [ 1.106506, 44.047056 ], [ 1.103069, 44.047795 ], [ 1.10273, 44.047673 ], [ 1.101179, 44.045557 ], [ 1.100978, 44.045258 ], [ 1.101607, 44.041282 ], [ 1.10179, 44.040908 ] ] ] } },
{ "type": "Feature", "properties": { "codgeo": "82033", "value": 240, "isochrone_group": 4.0, "nb_agences": 1 }, "geometry": { "type": "Polygon", "coordinates": [ [ [ 1.089362, 44.050549 ], [ 1.091224, 44.054217 ], [ 1.092255, 44.055514 ], [ 1.099813, 44.058884 ], [ 1.100239, 44.05883 ], [ 1.101985, 44.057643 ], [ 1.108571, 44.055106 ], [ 1.116226, 44.056987 ], [ 1.124747, 44.0567 ], [ 1.12696, 44.05863 ], [ 1.127473, 44.05895 ], [ 1.128589, 44.059341 ], [ 1.12927, 44.059445 ], [ 1.130104, 44.058861 ], [ 1.130469, 44.05827 ], [ 1.130496, 44.058185 ], [ 1.12981, 44.055885 ], [ 1.128111, 44.052435 ], [ 1.132984, 44.045143 ], [ 1.135255, 44.044344 ], [ 1.135534, 44.040755 ], [ 1.137328, 44.033214 ], [ 1.139732, 44.032476 ], [ 1.140393, 44.032273 ], [ 1.140663, 44.029702 ], [ 1.140657, 44.029693 ], [ 1.139338, 44.028832 ], [ 1.133543, 44.027728 ], [ 1.129687, 44.028258 ], [ 1.124548, 44.028505 ], [ 1.117986, 44.026442 ], [ 1.117598, 44.026465 ], [ 1.116151, 44.026666 ], [ 1.108317, 44.026403 ], [ 1.10568, 44.026914 ], [ 1.100921, 44.029279 ], [ 1.093913, 44.026668 ], [ 1.087643, 44.024874 ], [ 1.086101, 44.028127 ], [ 1.088493, 44.02926 ], [ 1.092848, 44.035805 ], [ 1.091904, 44.042058 ], [ 1.090216, 44.045238 ], [ 1.089362, 44.050549 ] ], [ [ 1.096142, 44.046118 ], [ 1.098723, 44.039142 ], [ 1.09864, 44.03228 ], [ 1.098795, 44.031955 ], [ 1.106444, 44.033492 ], [ 1.110434, 44.03288 ], [ 1.110794, 44.032857 ], [ 1.117894, 44.032101 ], [ 1.123003, 44.032519 ], [ 1.127849, 44.034158 ], [ 1.12785, 44.034159 ], [ 1.126676, 44.039962 ], [ 1.126493, 44.040273 ], [ 1.122953, 44.045694 ], [ 1.123985, 44.04933 ], [ 1.124163, 44.049643 ], [ 1.12498, 44.054236 ], [ 1.124722, 44.054488 ], [ 1.121193, 44.0523 ], [ 1.120217, 44.051833 ], [ 1.118021, 44.050852 ], [ 1.109547, 44.049954 ], [ 1.108838, 44.05012 ], [ 1.100911, 44.053723 ], [ 1.100577, 44.053587 ], [ 1.095855, 44.049045 ], [ 1.095593, 44.048799 ], [ 1.095969, 44.046434 ], [ 1.096142, 44.046118 ] ] ] } },
{ "type": "Feature", "properties": { "codgeo": "82033", "value": 300, "isochrone_group": 5.0, "nb_agences": 1 }, "geometry": { "type": "Polygon", "coordinates": [ [ [ 1.093477, 44.024837 ], [ 1.089913, 44.024332 ], [ 1.081566, 44.021801 ], [ 1.079011, 44.020421 ], [ 1.0783, 44.020038 ], [ 1.077719, 44.01979 ], [ 1.077241, 44.019617 ], [ 1.076723, 44.01947 ], [ 1.076352, 44.019391 ], [ 1.075604, 44.022912 ], [ 1.077273, 44.023573 ], [ 1.082513, 44.028735 ], [ 1.082757, 44.028996 ], [ 1.08719, 44.036347 ], [ 1.085685, 44.041213 ], [ 1.083223, 44.047382 ], [ 1.08313, 44.047551 ], [ 1.083164, 44.048147 ], [ 1.085311, 44.055183 ], [ 1.086648, 44.057128 ], [ 1.086912, 44.057241 ], [ 1.087482, 44.057339 ], [ 1.088904, 44.057485 ], [ 1.092298, 44.058685 ], [ 1.094924, 44.064293 ], [ 1.094932, 44.064376 ], [ 1.095059, 44.065148 ], [ 1.09506, 44.06515 ], [ 1.096341, 44.0666 ], [ 1.09636, 44.066603 ], [ 1.098107, 44.065671 ], [ 1.098739, 44.065345 ], [ 1.10092, 44.064175 ], [ 1.102815, 44.063064 ], [ 1.103991, 44.061334 ], [ 1.106862, 44.05881 ], [ 1.111848, 44.056261 ], [ 1.115863, 44.059009 ], [ 1.122048, 44.060895 ], [ 1.129732, 44.062576 ], [ 1.136977, 44.060868 ], [ 1.139363, 44.062058 ], [ 1.139783, 44.062239 ], [ 1.14159, 44.061388 ], [ 1.141667, 44.06124 ], [ 1.141203, 44.058931 ], [ 1.140783, 44.05875 ], [ 1.138521, 44.057616 ], [ 1.13789, 44.057371 ], [ 1.134321, 44.050625 ], [ 1.138339, 44.046994 ], [ 1.144401, 44.043984 ], [ 1.146066, 44.043703 ], [ 1.145468, 44.040153 ], [ 1.148834, 44.032908 ], [ 1.151422, 44.033148 ], [ 1.153934, 44.033279 ], [ 1.153963, 44.033284 ], [ 1.155837, 44.032342 ], [ 1.155862, 44.032295 ], [ 1.154583, 44.029737 ], [ 1.152484, 44.029153 ], [ 1.14823, 44.028626 ], [ 1.144091, 44.024074 ], [ 1.136117, 44.024383 ], [ 1.135418, 44.024613 ], [ 1.135002, 44.024808 ], [ 1.129614, 44.027073 ], [ 1.122127, 44.023636 ], [ 1.11415, 44.020969 ], [ 1.110694, 44.019961 ], [ 1.105999, 44.022435 ], [ 1.1053, 44.023073 ], [ 1.105131, 44.02335 ], [ 1.104945, 44.02371 ], [ 1.10015553979206, 44.028993809274702 ], [ 1.100921, 44.029279 ], [ 1.10568, 44.026914 ], [ 1.108317, 44.026403 ], [ 1.116151, 44.026666 ], [ 1.117598, 44.026465 ], [ 1.117986, 44.026442 ], [ 1.124548, 44.028505 ], [ 1.129687, 44.028258 ], [ 1.133543, 44.027728 ], [ 1.139338, 44.028832 ], [ 1.140657, 44.029693 ], [ 1.140663, 44.029702 ], [ 1.140393, 44.032273 ], [ 1.139732, 44.032476 ], [ 1.137328, 44.033214 ], [ 1.135534, 44.040755 ], [ 1.135255, 44.044344 ], [ 1.132984, 44.045143 ], [ 1.128111, 44.052435 ], [ 1.12981, 44.055885 ], [ 1.130496, 44.058185 ], [ 1.130469, 44.05827 ], [ 1.130104, 44.058861 ], [ 1.12927, 44.059445 ], [ 1.128589, 44.059341 ], [ 1.127473, 44.05895 ], [ 1.12696, 44.05863 ], [ 1.124747, 44.0567 ], [ 1.116226, 44.056987 ], [ 1.108571, 44.055106 ], [ 1.101985, 44.057643 ], [ 1.100239, 44.05883 ], [ 1.099813, 44.058884 ], [ 1.092255, 44.055514 ], [ 1.091224, 44.054217 ], [ 1.089362, 44.050549 ], [ 1.090216, 44.045238 ], [ 1.091904, 44.042058 ], [ 1.092848, 44.035805 ], [ 1.088493, 44.02926 ], [ 1.086101, 44.028127 ], [ 1.087643, 44.024874 ], [ 1.093913, 44.026668 ], [ 1.094957211691215, 44.027057046336431 ], [ 1.093477, 44.024837 ] ] ] } },
{ "type": "Feature", "properties": { "codgeo": "82033", "value": 360, "isochrone_group": 6.0, "nb_agences": 1 }, "geometry": { "type": "MultiPolygon", "coordinates": [ [ [ [ 1.075584, 44.017777 ], [ 1.070346, 44.016873 ], [ 1.069492, 44.017028 ], [ 1.069132, 44.01719 ], [ 1.064634, 44.020428 ], [ 1.064167, 44.023186 ], [ 1.064244, 44.023275 ], [ 1.0661, 44.023716 ], [ 1.072681, 44.024596 ], [ 1.079955, 44.02912 ], [ 1.080936, 44.029849 ], [ 1.083664, 44.034816 ], [ 1.080028, 44.041149 ], [ 1.07551, 44.044651 ], [ 1.07485, 44.04819 ], [ 1.078545, 44.053843 ], [ 1.083477, 44.060632 ], [ 1.083966, 44.060832 ], [ 1.089388, 44.062426 ], [ 1.092773, 44.070613 ], [ 1.095296, 44.071421 ], [ 1.096206, 44.071696 ], [ 1.098398, 44.070595 ], [ 1.099598, 44.069981 ], [ 1.1049, 44.066255 ], [ 1.112956, 44.062457 ], [ 1.118793, 44.062597 ], [ 1.123958, 44.067152 ], [ 1.127555, 44.067003 ], [ 1.134002, 44.066531 ], [ 1.141465, 44.066027 ], [ 1.14954, 44.066554 ], [ 1.150114, 44.063 ], [ 1.145717, 44.059541 ], [ 1.145214, 44.059359 ], [ 1.143651, 44.059281 ], [ 1.139322, 44.052299 ], [ 1.142249, 44.048263 ], [ 1.149925, 44.044362 ], [ 1.1552, 44.044226 ], [ 1.155462, 44.044267 ], [ 1.157269, 44.042265 ], [ 1.163762, 44.036077 ], [ 1.164285, 44.036135 ], [ 1.167609, 44.035971 ], [ 1.170501, 44.03585 ], [ 1.170797, 44.033902 ], [ 1.170574, 44.032251 ], [ 1.166807, 44.030648 ], [ 1.160604, 44.02844 ], [ 1.158164, 44.022087 ], [ 1.158136, 44.019677 ], [ 1.15786, 44.019482 ], [ 1.157544, 44.019292 ], [ 1.156447, 44.018923 ], [ 1.147873, 44.020871 ], [ 1.139131, 44.021805 ], [ 1.139006, 44.022386 ], [ 1.137487250776885, 44.024329901493608 ], [ 1.144091, 44.024074 ], [ 1.14823, 44.028626 ], [ 1.152484, 44.029153 ], [ 1.154583, 44.029737 ], [ 1.155862, 44.032295 ], [ 1.155837, 44.032342 ], [ 1.153963, 44.033284 ], [ 1.153934, 44.033279 ], [ 1.151422, 44.033148 ], [ 1.148834, 44.032908 ], [ 1.145468, 44.040153 ], [ 1.146066, 44.043703 ], [ 1.144401, 44.043984 ], [ 1.138339, 44.046994 ], [ 1.134321, 44.050625 ], [ 1.13789, 44.057371 ], [ 1.138521, 44.057616 ], [ 1.140783, 44.05875 ], [ 1.141203, 44.058931 ], [ 1.141667, 44.06124 ], [ 1.14159, 44.061388 ], [ 1.139783, 44.062239 ], [ 1.139363, 44.062058 ], [ 1.136977, 44.060868 ], [ 1.129732, 44.062576 ], [ 1.122048, 44.060895 ], [ 1.115863, 44.059009 ], [ 1.111848, 44.056261 ], [ 1.106862, 44.05881 ], [ 1.103991, 44.061334 ], [ 1.102815, 44.063064 ], [ 1.10092, 44.064175 ], [ 1.098739, 44.065345 ], [ 1.098107, 44.065671 ], [ 1.09636, 44.066603 ], [ 1.096341, 44.0666 ], [ 1.09506, 44.06515 ], [ 1.095059, 44.065148 ], [ 1.094932, 44.064376 ], [ 1.094924, 44.064293 ], [ 1.092298, 44.058685 ], [ 1.088904, 44.057485 ], [ 1.087482, 44.057339 ], [ 1.086912, 44.057241 ], [ 1.086648, 44.057128 ], [ 1.085311, 44.055183 ], [ 1.083164, 44.048147 ], [ 1.08313, 44.047551 ], [ 1.083223, 44.047382 ], [ 1.085685, 44.041213 ], [ 1.08719, 44.036347 ], [ 1.082757, 44.028996 ], [ 1.082513, 44.028735 ], [ 1.077273, 44.023573 ], [ 1.075604, 44.022912 ], [ 1.076352, 44.019391 ], [ 1.076723, 44.01947 ], [ 1.077241, 44.019617 ], [ 1.077719, 44.01979 ], [ 1.0783, 44.020038 ], [ 1.079011, 44.020421 ], [ 1.075584, 44.017777 ] ] ], [ [ [ 1.129352, 44.022645 ], [ 1.12928, 44.021625 ], [ 1.129087, 44.021099 ], [ 1.128651, 44.020862 ], [ 1.12815, 44.020692 ], [ 1.120985, 44.015738 ], [ 1.114521, 44.015501 ], [ 1.110487, 44.014706 ], [ 1.110153, 44.015321 ], [ 1.103446, 44.021082 ], [ 1.102318, 44.0245 ], [ 1.09346, 44.023456 ], [ 1.093232, 44.022846 ], [ 1.093028, 44.0225 ], [ 1.092574, 44.021967 ], [ 1.091646, 44.021125 ], [ 1.084911719946624, 44.022815498284992 ], [ 1.089913, 44.024332 ], [ 1.093477, 44.024837 ], [ 1.096206, 44.02893 ], [ 1.099006, 44.030262 ], [ 1.104945, 44.02371 ], [ 1.105131, 44.02335 ], [ 1.1053, 44.023073 ], [ 1.105999, 44.022435 ], [ 1.110694, 44.019961 ], [ 1.11415, 44.020969 ], [ 1.122127, 44.023636 ], [ 1.129614, 44.027073 ], [ 1.133933681787638, 44.025257098134929 ], [ 1.129352, 44.022645 ] ] ] ] } },
{ "type": "Feature", "properties": { "codgeo": "82033", "value": 420, "isochrone_group": 7.0, "nb_agences": 1 }, "geometry": { "type": "MultiPolygon", "coordinates": [ [ [ [ 1.060076, 44.020102 ], [ 1.059492, 44.019908 ], [ 1.058537, 44.019741 ], [ 1.057916, 44.023287 ], [ 1.052942, 44.028705 ], [ 1.053882, 44.03218 ], [ 1.050226, 44.039842 ], [ 1.049543, 44.043376 ], [ 1.052456, 44.043939 ], [ 1.058099, 44.045014 ], [ 1.062442, 44.045839 ], [ 1.069659, 44.049111 ], [ 1.073966, 44.05544 ], [ 1.075731, 44.057697 ], [ 1.07737, 44.058101 ], [ 1.0787, 44.058388 ], [ 1.085774, 44.062361 ], [ 1.088546, 44.066212 ], [ 1.091984, 44.072814 ], [ 1.091004, 44.075514 ], [ 1.089872, 44.078732 ], [ 1.08975, 44.079047 ], [ 1.089626, 44.079392 ], [ 1.089715, 44.080551 ], [ 1.090282, 44.08103 ], [ 1.093015, 44.080607 ], [ 1.095594, 44.078093 ], [ 1.096377, 44.077033 ], [ 1.101186, 44.072264 ], [ 1.105214, 44.069077 ], [ 1.108987, 44.067106 ], [ 1.110709, 44.066403 ], [ 1.113606, 44.064381 ], [ 1.119824, 44.066378 ], [ 1.12619, 44.072237 ], [ 1.128222, 44.073793 ], [ 1.129224, 44.074132 ], [ 1.129764, 44.074239 ], [ 1.137358, 44.070073 ], [ 1.138783, 44.069395 ], [ 1.141363, 44.068508 ], [ 1.148318, 44.068431 ], [ 1.151787, 44.069392 ], [ 1.160288, 44.070272 ], [ 1.162283, 44.069834 ], [ 1.16238, 44.069735 ], [ 1.16231, 44.067294 ], [ 1.162006, 44.067087 ], [ 1.161917, 44.067027 ], [ 1.161199, 44.066666 ], [ 1.158337, 44.065154 ], [ 1.155532, 44.062899 ], [ 1.149899, 44.058337 ], [ 1.149434, 44.056686 ], [ 1.149821, 44.049186 ], [ 1.154021, 44.048034 ], [ 1.155234, 44.048315 ], [ 1.160342, 44.045915 ], [ 1.161131, 44.045609 ], [ 1.164878, 44.043994 ], [ 1.167877, 44.043276 ], [ 1.174717, 44.039631 ], [ 1.178314, 44.03978 ], [ 1.181215, 44.037195 ], [ 1.186885, 44.036206 ], [ 1.187439, 44.036195 ], [ 1.188651, 44.0344 ], [ 1.188651, 44.034368 ], [ 1.188229, 44.033654 ], [ 1.187573, 44.032817 ], [ 1.18737, 44.032596 ], [ 1.18067, 44.029758 ], [ 1.179094, 44.02973 ], [ 1.175067, 44.029638 ], [ 1.17271, 44.029129 ], [ 1.164701, 44.026245 ], [ 1.165146, 44.017961 ], [ 1.168076, 44.01607 ], [ 1.168767, 44.015624 ], [ 1.168231, 44.013142 ], [ 1.168057, 44.013032 ], [ 1.167618, 44.012828 ], [ 1.166814, 44.0126 ], [ 1.158268, 44.014955 ], [ 1.154857, 44.015404 ], [ 1.15254, 44.01726 ], [ 1.146861, 44.01948 ], [ 1.143567, 44.018945 ], [ 1.140328, 44.017614 ], [ 1.137033, 44.018722 ], [ 1.128639, 44.016719 ], [ 1.129606, 44.012953 ], [ 1.129239, 44.010539 ], [ 1.128714, 44.010089 ], [ 1.127246, 44.010235 ], [ 1.125358, 44.011599 ], [ 1.124671, 44.01209 ], [ 1.123606, 44.012945 ], [ 1.11552, 44.012042 ], [ 1.112443, 44.010173 ], [ 1.111141, 44.011728 ], [ 1.109557, 44.014962 ], [ 1.109714760289927, 44.015697427459315 ], [ 1.110153, 44.015321 ], [ 1.110487, 44.014706 ], [ 1.114521, 44.015501 ], [ 1.120985, 44.015738 ], [ 1.12815, 44.020692 ], [ 1.128651, 44.020862 ], [ 1.129087, 44.021099 ], [ 1.12928, 44.021625 ], [ 1.129352, 44.022645 ], [ 1.135891, 44.026373 ], [ 1.139006, 44.022386 ], [ 1.139131, 44.021805 ], [ 1.147873, 44.020871 ], [ 1.156447, 44.018923 ], [ 1.157544, 44.019292 ], [ 1.15786, 44.019482 ], [ 1.158136, 44.019677 ], [ 1.158164, 44.022087 ], [ 1.160604, 44.02844 ], [ 1.166807, 44.030648 ], [ 1.170574, 44.032251 ], [ 1.170797, 44.033902 ], [ 1.170501, 44.03585 ], [ 1.167609, 44.035971 ], [ 1.164285, 44.036135 ], [ 1.163762, 44.036077 ], [ 1.157269, 44.042265 ], [ 1.155462, 44.044267 ], [ 1.1552, 44.044226 ], [ 1.149925, 44.044362 ], [ 1.142249, 44.048263 ], [ 1.139322, 44.052299 ], [ 1.143651, 44.059281 ], [ 1.145214, 44.059359 ], [ 1.145717, 44.059541 ], [ 1.150114, 44.063 ], [ 1.14954, 44.066554 ], [ 1.141465, 44.066027 ], [ 1.134002, 44.066531 ], [ 1.127555, 44.067003 ], [ 1.123958, 44.067152 ], [ 1.118793, 44.062597 ], [ 1.112956, 44.062457 ], [ 1.1049, 44.066255 ], [ 1.099598, 44.069981 ], [ 1.098398, 44.070595 ], [ 1.096206, 44.071696 ], [ 1.095296, 44.071421 ], [ 1.092773, 44.070613 ], [ 1.089388, 44.062426 ], [ 1.083966, 44.060832 ], [ 1.083477, 44.060632 ], [ 1.078545, 44.053843 ], [ 1.07485, 44.04819 ], [ 1.07551, 44.044651 ], [ 1.080028, 44.041149 ], [ 1.083664, 44.034816 ], [ 1.080936, 44.029849 ], [ 1.079955, 44.02912 ], [ 1.072681, 44.024596 ], [ 1.0661, 44.023716 ], [ 1.064244, 44.023275 ], [ 1.064167, 44.023186 ], [ 1.064536091440513, 44.0210062265676 ], [ 1.060076, 44.020102 ] ] ], [ [ [ 1.090634, 44.019345 ], [ 1.087521, 44.021153 ], [ 1.079923, 44.018886 ], [ 1.079746, 44.01661 ], [ 1.07816, 44.016179 ], [ 1.073836, 44.014818 ], [ 1.072707, 44.014623 ], [ 1.071897, 44.015604 ], [ 1.071764, 44.01587 ], [ 1.070556424738296, 44.016909316144215 ], [ 1.075584, 44.017777 ], [ 1.079011, 44.020421 ], [ 1.081566, 44.021801 ], [ 1.08387, 44.023077 ], [ 1.091646, 44.021125 ], [ 1.092574, 44.021967 ], [ 1.090634, 44.019345 ] ] ] ] } },
{ "type": "Feature", "properties": { "codgeo": "82033", "value": 480, "isochrone_group": 8.0, "nb_agences": 1 }, "geometry": { "type": "MultiPolygon", "coordinates": [ [ [ [ 1.083253, 44.017381 ], [ 1.083645, 44.011261 ], [ 1.083137, 44.008574 ], [ 1.082561, 44.008284 ], [ 1.082494, 44.008263 ], [ 1.081474, 44.008389 ], [ 1.081104, 44.008669 ], [ 1.080367, 44.009186 ], [ 1.075465, 44.011081 ], [ 1.070906, 44.010726 ], [ 1.065016, 44.012276 ], [ 1.061923, 44.012529 ], [ 1.05607, 44.018389 ], [ 1.055128, 44.018543 ], [ 1.054558, 44.018825 ], [ 1.052887, 44.019888 ], [ 1.049189, 44.026518 ], [ 1.04601, 44.027411 ], [ 1.044045, 44.02777 ], [ 1.043692, 44.0278 ], [ 1.040901, 44.028434 ], [ 1.040184, 44.028605 ], [ 1.038121, 44.029236 ], [ 1.03683, 44.030043 ], [ 1.036827, 44.030049 ], [ 1.034037, 44.038234 ], [ 1.032231, 44.038242 ], [ 1.030292, 44.038287 ], [ 1.028561, 44.038364 ], [ 1.026402, 44.038504 ], [ 1.026636, 44.042097 ], [ 1.028795, 44.041956 ], [ 1.030451, 44.041884 ], [ 1.032314, 44.041841 ], [ 1.034053, 44.041834 ], [ 1.035842, 44.041862 ], [ 1.03847, 44.041981 ], [ 1.041053, 44.042173 ], [ 1.043242, 44.04241 ], [ 1.045403, 44.042686 ], [ 1.047487, 44.04302 ], [ 1.04945, 44.043358 ], [ 1.049543004648356, 44.043375975948329 ], [ 1.050226, 44.039842 ], [ 1.053882, 44.03218 ], [ 1.052942, 44.028705 ], [ 1.057916, 44.023287 ], [ 1.058537, 44.019741 ], [ 1.059492, 44.019908 ], [ 1.060076, 44.020102 ], [ 1.065556, 44.021213 ], [ 1.071764, 44.01587 ], [ 1.071897, 44.015604 ], [ 1.072707, 44.014623 ], [ 1.073836, 44.014818 ], [ 1.07816, 44.016179 ], [ 1.079746, 44.01661 ], [ 1.079923, 44.018886 ], [ 1.084503453151824, 44.020252660607426 ], [ 1.083253, 44.017381 ] ] ], [ [ [ 1.189788, 44.03624 ], [ 1.191703, 44.036279 ], [ 1.19568, 44.037364 ], [ 1.197786, 44.03809 ], [ 1.203858, 44.036531 ], [ 1.205017, 44.035481 ], [ 1.205355, 44.034704 ], [ 1.205354, 44.034602 ], [ 1.203903, 44.032931 ], [ 1.203578, 44.032927 ], [ 1.20138, 44.032876 ], [ 1.199341, 44.03283 ], [ 1.196511, 44.032773 ], [ 1.193689, 44.032718 ], [ 1.188407, 44.025556 ], [ 1.18778, 44.025041 ], [ 1.186343, 44.024622 ], [ 1.186015, 44.024743 ], [ 1.185105, 44.025034 ], [ 1.18475, 44.025172 ], [ 1.183671, 44.025687 ], [ 1.181477, 44.028497 ], [ 1.174336, 44.026817 ], [ 1.173872, 44.026247 ], [ 1.174969, 44.017725 ], [ 1.175383, 44.017199 ], [ 1.1767, 44.015947 ], [ 1.176756, 44.015355 ], [ 1.176213, 44.010149 ], [ 1.175484, 44.00875 ], [ 1.174103, 44.007232 ], [ 1.165319, 44.008113 ], [ 1.16199, 44.007397 ], [ 1.160237, 44.010541 ], [ 1.152519, 44.013683 ], [ 1.151106, 44.012564 ], [ 1.150936, 44.012433 ], [ 1.148738, 44.015284 ], [ 1.140049, 44.016582 ], [ 1.138744, 44.014971 ], [ 1.137438, 44.01336 ], [ 1.133893, 44.006798 ], [ 1.133305, 44.004889 ], [ 1.13168, 44.004081 ], [ 1.125947, 44.007745 ], [ 1.117481, 44.00883 ], [ 1.115368, 44.006966 ], [ 1.114118, 44.00769 ], [ 1.11248105703695, 44.01019611621777 ], [ 1.11552, 44.012042 ], [ 1.123606, 44.012945 ], [ 1.124671, 44.01209 ], [ 1.125358, 44.011599 ], [ 1.127246, 44.010235 ], [ 1.128714, 44.010089 ], [ 1.129239, 44.010539 ], [ 1.129606, 44.012953 ], [ 1.128639, 44.016719 ], [ 1.137033, 44.018722 ], [ 1.140328, 44.017614 ], [ 1.143567, 44.018945 ], [ 1.146861, 44.01948 ], [ 1.15254, 44.01726 ], [ 1.154857, 44.015404 ], [ 1.158268, 44.014955 ], [ 1.166814, 44.0126 ], [ 1.167618, 44.012828 ], [ 1.168057, 44.013032 ], [ 1.168231, 44.013142 ], [ 1.168767, 44.015624 ], [ 1.168076, 44.01607 ], [ 1.165146, 44.017961 ], [ 1.164701, 44.026245 ], [ 1.17271, 44.029129 ], [ 1.175067, 44.029638 ], [ 1.179094, 44.02973 ], [ 1.18067, 44.029758 ], [ 1.18737, 44.032596 ], [ 1.187573, 44.032817 ], [ 1.188229, 44.033654 ], [ 1.188651, 44.034368 ], [ 1.188651, 44.0344 ], [ 1.188046048157637, 44.035295947654326 ], [ 1.189788, 44.03624 ] ] ], [ [ [ 1.089044, 44.074448 ], [ 1.087371, 44.076221 ], [ 1.086577, 44.077089 ], [ 1.086475, 44.077246 ], [ 1.085844, 44.078347 ], [ 1.085507, 44.079125 ], [ 1.085648, 44.085052 ], [ 1.086374, 44.088641 ], [ 1.089772, 44.089832 ], [ 1.094893, 44.084064 ], [ 1.100899, 44.079958 ], [ 1.104769, 44.074313 ], [ 1.112821, 44.070725 ], [ 1.116314, 44.071597 ], [ 1.121354, 44.073834 ], [ 1.12442, 44.077263 ], [ 1.127662, 44.078827 ], [ 1.132963, 44.077154 ], [ 1.133318, 44.076725 ], [ 1.141355, 44.073225 ], [ 1.142421, 44.073564 ], [ 1.150495, 44.074643 ], [ 1.150871, 44.074759 ], [ 1.152822, 44.073688 ], [ 1.156469, 44.071894 ], [ 1.162988, 44.073661 ], [ 1.163291, 44.073839 ], [ 1.168475, 44.074284 ], [ 1.169074, 44.074329 ], [ 1.169878, 44.07435 ], [ 1.170677, 44.074369 ], [ 1.170762, 44.07077 ], [ 1.166413, 44.069695 ], [ 1.16545, 44.069279 ], [ 1.162524, 44.067459 ], [ 1.161624, 44.061109 ], [ 1.160776, 44.060563 ], [ 1.159017, 44.060558 ], [ 1.157189, 44.060734 ], [ 1.152138, 44.054358 ], [ 1.154035, 44.050274 ], [ 1.161254, 44.0471 ], [ 1.163654, 44.046247 ], [ 1.170883, 44.04524 ], [ 1.174909, 44.046504 ], [ 1.177377, 44.04814 ], [ 1.178931, 44.047587 ], [ 1.180245, 44.043371 ], [ 1.181576, 44.040371 ], [ 1.185139587658871, 44.036510446702898 ], [ 1.181215, 44.037195 ], [ 1.178314, 44.03978 ], [ 1.174717, 44.039631 ], [ 1.167877, 44.043276 ], [ 1.164878, 44.043994 ], [ 1.161131, 44.045609 ], [ 1.160342, 44.045915 ], [ 1.155234, 44.048315 ], [ 1.154021, 44.048034 ], [ 1.149821, 44.049186 ], [ 1.149434, 44.056686 ], [ 1.149899, 44.058337 ], [ 1.155532, 44.062899 ], [ 1.158337, 44.065154 ], [ 1.161199, 44.066666 ], [ 1.161917, 44.067027 ], [ 1.162006, 44.067087 ], [ 1.16231, 44.067294 ], [ 1.16238, 44.069735 ], [ 1.162283, 44.069834 ], [ 1.160288, 44.070272 ], [ 1.151787, 44.069392 ], [ 1.148318, 44.068431 ], [ 1.141363, 44.068508 ], [ 1.138783, 44.069395 ], [ 1.137358, 44.070073 ], [ 1.129764, 44.074239 ], [ 1.129224, 44.074132 ], [ 1.128222, 44.073793 ], [ 1.12619, 44.072237 ], [ 1.119824, 44.066378 ], [ 1.113606, 44.064381 ], [ 1.110709, 44.066403 ], [ 1.108987, 44.067106 ], [ 1.105214, 44.069077 ], [ 1.101186, 44.072264 ], [ 1.096377, 44.077033 ], [ 1.095594, 44.078093 ], [ 1.093015, 44.080607 ], [ 1.090282, 44.08103 ], [ 1.089715, 44.080551 ], [ 1.089626, 44.079392 ], [ 1.08975, 44.079047 ], [ 1.089872, 44.078732 ], [ 1.091004, 44.075514 ], [ 1.091984, 44.072814 ], [ 1.089389557133931, 44.067831884874415 ], [ 1.089044, 44.074448 ] ] ], [ [ [ 1.082757, 44.061557 ], [ 1.084508, 44.064703 ], [ 1.088372202521624, 44.065970551915875 ], [ 1.085774, 44.062361 ], [ 1.0787, 44.058388 ], [ 1.07737, 44.058101 ], [ 1.082757, 44.061557 ] ] ], [ [ [ 1.065083, 44.048582 ], [ 1.069033, 44.056306 ], [ 1.069922, 44.05805 ], [ 1.070288, 44.058205 ], [ 1.072116, 44.058165 ], [ 1.07737, 44.058101 ], [ 1.075731, 44.057697 ], [ 1.073966, 44.05544 ], [ 1.069659, 44.049111 ], [ 1.062442, 44.045839 ], [ 1.058099, 44.045014 ], [ 1.065083, 44.048582 ] ] ] ] } },
{ "type": "Feature", "properties": { "codgeo": "82033", "value": 540, "isochrone_group": 9.0, "nb_agences": 1 }, "geometry": { "type": "MultiPolygon", "coordinates": [ [ [ [ 1.073554, 44.007811 ], [ 1.073292, 44.007505 ], [ 1.072783, 44.007143 ], [ 1.065017, 44.007523 ], [ 1.057079, 44.008956 ], [ 1.054026, 44.010865 ], [ 1.054403, 44.012651 ], [ 1.048478, 44.019322 ], [ 1.047297, 44.020124 ], [ 1.0391, 44.023272 ], [ 1.03845, 44.022705 ], [ 1.036248, 44.023151 ], [ 1.028743, 44.025161 ], [ 1.023473, 44.031523 ], [ 1.023968, 44.035089 ], [ 1.01829, 44.039233 ], [ 1.015111, 44.039524 ], [ 1.011899, 44.039818 ], [ 1.009942, 44.040033 ], [ 1.007, 44.040464 ], [ 1.004057, 44.040895 ], [ 1.004578, 44.044457 ], [ 1.007521, 44.044026 ], [ 1.012291, 44.043396 ], [ 1.015439, 44.043109 ], [ 1.018618, 44.042818 ], [ 1.021798, 44.042527 ], [ 1.024977, 44.042236 ], [ 1.026596, 44.042099 ], [ 1.026635961012136, 44.042096401353014 ], [ 1.026402, 44.038504 ], [ 1.028561, 44.038364 ], [ 1.030292, 44.038287 ], [ 1.032231, 44.038242 ], [ 1.034037, 44.038234 ], [ 1.036827, 44.030049 ], [ 1.03683, 44.030043 ], [ 1.038121, 44.029236 ], [ 1.040184, 44.028605 ], [ 1.040901, 44.028434 ], [ 1.043692, 44.0278 ], [ 1.044045, 44.02777 ], [ 1.04601, 44.027411 ], [ 1.049189, 44.026518 ], [ 1.052887, 44.019888 ], [ 1.054558, 44.018825 ], [ 1.055128, 44.018543 ], [ 1.05607, 44.018389 ], [ 1.061923, 44.012529 ], [ 1.065016, 44.012276 ], [ 1.070906, 44.010726 ], [ 1.075465, 44.011081 ], [ 1.080367, 44.009186 ], [ 1.073554, 44.007811 ] ] ], [ [ [ 1.085856, 44.018972 ], [ 1.088608, 44.011494 ], [ 1.089087, 44.011114 ], [ 1.089431, 44.010756 ], [ 1.091569, 44.009247 ], [ 1.091921, 44.008975 ], [ 1.091901, 44.006528 ], [ 1.091271, 44.006213 ], [ 1.085299, 44.003042 ], [ 1.083516, 44.004177 ], [ 1.082436, 44.005226 ], [ 1.082349, 44.005343 ], [ 1.080367, 44.009186 ], [ 1.081104, 44.008669 ], [ 1.081474, 44.008389 ], [ 1.082494, 44.008263 ], [ 1.082561, 44.008284 ], [ 1.083137, 44.008574 ], [ 1.083645, 44.011261 ], [ 1.083253, 44.017381 ], [ 1.086221, 44.024197 ], [ 1.089968, 44.024333 ], [ 1.093232, 44.022846 ], [ 1.085856, 44.018972 ] ] ], [ [ [ 1.1932, 44.024685 ], [ 1.194485, 44.021322 ], [ 1.192155, 44.019651 ], [ 1.186007, 44.018191 ], [ 1.183492, 44.014434 ], [ 1.182275, 44.008998 ], [ 1.183005, 44.004597 ], [ 1.183532, 44.003057 ], [ 1.182213, 44.001799 ], [ 1.180896, 44.000606 ], [ 1.176296, 44.002119 ], [ 1.175351, 44.002485 ], [ 1.1702, 44.00532 ], [ 1.168553, 44.006614 ], [ 1.160653, 44.006652 ], [ 1.158023, 44.005144 ], [ 1.154411, 44.002952 ], [ 1.149072, 44.001993 ], [ 1.148162, 44.005476 ], [ 1.139344, 44.006297 ], [ 1.138759, 44.002745 ], [ 1.132698, 44.000001 ], [ 1.129348, 43.997383 ], [ 1.126489, 43.999571 ], [ 1.126822, 44.00157 ], [ 1.126507, 44.003809 ], [ 1.118876, 44.00803 ], [ 1.115673, 44.006388 ], [ 1.113955, 44.005727 ], [ 1.113699, 44.006006 ], [ 1.113461, 44.006285 ], [ 1.113064, 44.007881 ], [ 1.11293, 44.008363 ], [ 1.111745, 44.011323 ], [ 1.114118, 44.00769 ], [ 1.115368, 44.006966 ], [ 1.117481, 44.00883 ], [ 1.125947, 44.007745 ], [ 1.13168, 44.004081 ], [ 1.133305, 44.004889 ], [ 1.133893, 44.006798 ], [ 1.137438, 44.01336 ], [ 1.138744, 44.014971 ], [ 1.140049, 44.016582 ], [ 1.148738, 44.015284 ], [ 1.150936, 44.012433 ], [ 1.151106, 44.012564 ], [ 1.152519, 44.013683 ], [ 1.160237, 44.010541 ], [ 1.16199, 44.007397 ], [ 1.165319, 44.008113 ], [ 1.174103, 44.007232 ], [ 1.175484, 44.00875 ], [ 1.176213, 44.010149 ], [ 1.176756, 44.015355 ], [ 1.1767, 44.015947 ], [ 1.175383, 44.017199 ], [ 1.174969, 44.017725 ], [ 1.173872, 44.026247 ], [ 1.174336, 44.026817 ], [ 1.181477, 44.028497 ], [ 1.183671, 44.025687 ], [ 1.18475, 44.025172 ], [ 1.185105, 44.025034 ], [ 1.186015, 44.024743 ], [ 1.186343, 44.024622 ], [ 1.18778, 44.025041 ], [ 1.188407, 44.025556 ], [ 1.193689, 44.032718 ], [ 1.196511, 44.032773 ], [ 1.1932, 44.024685 ] ] ], [ [ [ 1.196794, 44.038985 ], [ 1.198476, 44.041393 ], [ 1.199954, 44.041609 ], [ 1.201875, 44.040731 ], [ 1.207693, 44.036597 ], [ 1.21062, 44.036647 ], [ 1.215545, 44.037091 ], [ 1.216096, 44.037155 ], [ 1.216574, 44.037142 ], [ 1.218317, 44.036005 ], [ 1.218162, 44.032939 ], [ 1.218131, 44.032923 ], [ 1.213297, 44.032391 ], [ 1.207545, 44.030091 ], [ 1.207016, 44.030134 ], [ 1.205566, 44.030255 ], [ 1.205005, 44.030386 ], [ 1.204297, 44.030809 ], [ 1.199341, 44.03283 ], [ 1.20138, 44.032876 ], [ 1.203578, 44.032927 ], [ 1.203903, 44.032931 ], [ 1.205354, 44.034602 ], [ 1.205355, 44.034704 ], [ 1.205017, 44.035481 ], [ 1.203858, 44.036531 ], [ 1.197786, 44.03809 ], [ 1.19568, 44.037364 ], [ 1.191703, 44.036279 ], [ 1.196794, 44.038985 ] ] ], [ [ [ 1.111456, 44.077391 ], [ 1.117594, 44.08375 ], [ 1.117734, 44.08397 ], [ 1.118243, 44.084507 ], [ 1.119528, 44.085107 ], [ 1.126296, 44.083544 ], [ 1.127689, 44.082673 ], [ 1.127983, 44.082469 ], [ 1.136197, 44.079274 ], [ 1.13871, 44.079846 ], [ 1.139656, 44.078275 ], [ 1.147197, 44.076302 ], [ 1.149386, 44.077156 ], [ 1.155247, 44.077628 ], [ 1.162705, 44.076589 ], [ 1.163012, 44.076281 ], [ 1.171735, 44.075444 ], [ 1.174366, 44.0782 ], [ 1.174435, 44.078251 ], [ 1.175058, 44.078716 ], [ 1.17995, 44.078286 ], [ 1.181602, 44.075088 ], [ 1.176764, 44.069966 ], [ 1.176548, 44.069614 ], [ 1.17537, 44.068205 ], [ 1.174771, 44.068245 ], [ 1.173458, 44.068542 ], [ 1.16645, 44.06419 ], [ 1.167054, 44.062162 ], [ 1.164048, 44.058606 ], [ 1.161911, 44.058194 ], [ 1.158954, 44.051785 ], [ 1.162081, 44.048711 ], [ 1.170454, 44.051647 ], [ 1.174809, 44.0551 ], [ 1.176034, 44.05576 ], [ 1.176349, 44.055786 ], [ 1.178301, 44.055 ], [ 1.178388, 44.054713 ], [ 1.179264, 44.05173 ], [ 1.184738, 44.044928 ], [ 1.185498, 44.044525 ], [ 1.185809, 44.044367 ], [ 1.186439, 44.044076 ], [ 1.189788, 44.03624 ], [ 1.186856, 44.034651 ], [ 1.181576, 44.040371 ], [ 1.180245, 44.043371 ], [ 1.178931, 44.047587 ], [ 1.177377, 44.04814 ], [ 1.174909, 44.046504 ], [ 1.170883, 44.04524 ], [ 1.163654, 44.046247 ], [ 1.161254, 44.0471 ], [ 1.154035, 44.050274 ], [ 1.152138, 44.054358 ], [ 1.157189, 44.060734 ], [ 1.159017, 44.060558 ], [ 1.160776, 44.060563 ], [ 1.161624, 44.061109 ], [ 1.162524, 44.067459 ], [ 1.16545, 44.069279 ], [ 1.166413, 44.069695 ], [ 1.170762, 44.07077 ], [ 1.170677, 44.074369 ], [ 1.169878, 44.07435 ], [ 1.169074, 44.074329 ], [ 1.168475, 44.074284 ], [ 1.163291, 44.073839 ], [ 1.162988, 44.073661 ], [ 1.156469, 44.071894 ], [ 1.152822, 44.073688 ], [ 1.150871, 44.074759 ], [ 1.150495, 44.074643 ], [ 1.142421, 44.073564 ], [ 1.141355, 44.073225 ], [ 1.133318, 44.076725 ], [ 1.132963, 44.077154 ], [ 1.127662, 44.078827 ], [ 1.12442, 44.077263 ], [ 1.121354, 44.073834 ], [ 1.116314, 44.071597 ], [ 1.112821, 44.070725 ], [ 1.104769, 44.074313 ], [ 1.103455725892143, 44.076228615591447 ], [ 1.111456, 44.077391 ] ] ], [ [ [ 1.084123, 44.081582 ], [ 1.081827, 44.084355 ], [ 1.081167, 44.085726 ], [ 1.082084, 44.089207 ], [ 1.083987, 44.095384 ], [ 1.084836, 44.09717 ], [ 1.08613, 44.097514 ], [ 1.087079, 44.097171 ], [ 1.087418, 44.096972 ], [ 1.087429, 44.096955 ], [ 1.091869, 44.09098 ], [ 1.099443, 44.089026 ], [ 1.100924, 44.089266 ], [ 1.102933, 44.088145 ], [ 1.102784, 44.086078 ], [ 1.102675, 44.085647 ], [ 1.102673, 44.085641 ], [ 1.102019, 44.083009 ], [ 1.102879912635573, 44.077068529243469 ], [ 1.100899, 44.079958 ], [ 1.094893, 44.084064 ], [ 1.089772, 44.089832 ], [ 1.086374, 44.088641 ], [ 1.085648, 44.085052 ], [ 1.085528433106513, 44.080025950512791 ], [ 1.084123, 44.081582 ] ] ], [ [ [ 1.080507, 44.064227 ], [ 1.083652, 44.065978 ], [ 1.089468, 44.06633 ], [ 1.084508, 44.064703 ], [ 1.082757, 44.061557 ], [ 1.07737, 44.058101 ], [ 1.080507, 44.064227 ] ] ], [ [ [ 1.063468, 44.049522 ], [ 1.0643, 44.050601 ], [ 1.067172, 44.059117 ], [ 1.068739, 44.062358 ], [ 1.070334, 44.061587 ], [ 1.071038, 44.061132 ], [ 1.071391, 44.060861 ], [ 1.071918, 44.060228 ], [ 1.07737, 44.058101 ], [ 1.072116, 44.058165 ], [ 1.070288, 44.058205 ], [ 1.069922, 44.05805 ], [ 1.069033, 44.056306 ], [ 1.065083, 44.048582 ], [ 1.058099, 44.045014 ], [ 1.063468, 44.049522 ] ] ] ] } },
{ "type": "Feature", "properties": { "codgeo": "82033", "value": 600, "isochrone_group": 10.0, "nb_agences": 1 }, "geometry": { "type": "MultiPolygon", "coordinates": [ [ [ [ 1.086401, 44.018697 ], [ 1.088297, 44.014435 ], [ 1.091077, 44.012147 ], [ 1.093966, 44.009242 ], [ 1.096047, 44.006361 ], [ 1.099129, 44.003674 ], [ 1.100504, 44.002817 ], [ 1.0986, 43.999762 ], [ 1.097225, 44.000619 ], [ 1.095663, 44.001627 ], [ 1.088148, 44.001848 ], [ 1.085201, 43.999884 ], [ 1.07896, 43.997913 ], [ 1.075906, 43.99982 ], [ 1.068802, 44.003382 ], [ 1.063223, 44.00259 ], [ 1.060173, 44.004503 ], [ 1.05229, 44.005617 ], [ 1.051602, 44.005498 ], [ 1.049541, 44.005139 ], [ 1.048974, 44.00504 ], [ 1.048328, 44.005058 ], [ 1.046553, 44.0053 ], [ 1.046608, 44.0089 ], [ 1.048213, 44.014638 ], [ 1.040499, 44.016771 ], [ 1.036899, 44.016771 ], [ 1.035088, 44.019501 ], [ 1.032133, 44.021935 ], [ 1.023714, 44.023057 ], [ 1.021775, 44.022119 ], [ 1.019801, 44.021166 ], [ 1.018881, 44.020745 ], [ 1.018111, 44.021114 ], [ 1.017662, 44.021661 ], [ 1.017582, 44.021767 ], [ 1.017196, 44.022315 ], [ 1.017386, 44.02402 ], [ 1.015974, 44.032577 ], [ 1.013637, 44.032898 ], [ 1.009703, 44.03374 ], [ 1.008382, 44.03366 ], [ 1.006769, 44.033969 ], [ 1.002608, 44.041166 ], [ 1.001275, 44.041445 ], [ 0.998482, 44.042079 ], [ 0.996217, 44.042692 ], [ 0.995059, 44.043029 ], [ 0.993883, 44.043392 ], [ 0.992438, 44.043867 ], [ 0.990767, 44.044445 ], [ 0.986841, 44.045868 ], [ 0.982953, 44.047278 ], [ 0.981017, 44.047931 ], [ 0.982168, 44.051342 ], [ 0.984104, 44.050689 ], [ 0.988068, 44.049253 ], [ 0.991994, 44.04783 ], [ 0.998178, 44.046909 ], [ 0.998363, 44.046896 ], [ 1.004614038057436, 44.044451722255268 ], [ 1.004578, 44.044457 ], [ 1.004057, 44.040895 ], [ 1.007, 44.040464 ], [ 1.009942, 44.040033 ], [ 1.011899, 44.039818 ], [ 1.015111, 44.039524 ], [ 1.01829, 44.039233 ], [ 1.023968, 44.035089 ], [ 1.023473, 44.031523 ], [ 1.028743, 44.025161 ], [ 1.036248, 44.023151 ], [ 1.03845, 44.022705 ], [ 1.0391, 44.023272 ], [ 1.047297, 44.020124 ], [ 1.048478, 44.019322 ], [ 1.054403, 44.012651 ], [ 1.054026, 44.010865 ], [ 1.057079, 44.008956 ], [ 1.065017, 44.007523 ], [ 1.072783, 44.007143 ], [ 1.073292, 44.007505 ], [ 1.073554, 44.007811 ], [ 1.080367, 44.009186 ], [ 1.082349, 44.005343 ], [ 1.082436, 44.005226 ], [ 1.083516, 44.004177 ], [ 1.085299, 44.003042 ], [ 1.091271, 44.006213 ], [ 1.091901, 44.006528 ], [ 1.091921, 44.008975 ], [ 1.091569, 44.009247 ], [ 1.089431, 44.010756 ], [ 1.089087, 44.011114 ], [ 1.088608, 44.011494 ], [ 1.085856, 44.018972 ], [ 1.093232, 44.022846 ], [ 1.086401, 44.018697 ] ] ], [ [ [ 1.158759, 44.00443 ], [ 1.156619, 44.001535 ], [ 1.153665, 43.998682 ], [ 1.152988, 43.998945 ], [ 1.144314, 44.000082 ], [ 1.135672, 43.999042 ], [ 1.130837, 43.994929 ], [ 1.130103, 43.994095 ], [ 1.125129, 43.992175 ], [ 1.124774, 43.992213 ], [ 1.122863, 43.99246 ], [ 1.122465, 43.992806 ], [ 1.122147, 43.994591 ], [ 1.123355, 43.997024 ], [ 1.118187, 44.003844 ], [ 1.114905, 44.003104 ], [ 1.114346, 44.003552 ], [ 1.113943, 44.00399 ], [ 1.113526, 44.005114 ], [ 1.113461, 44.006285 ], [ 1.113699, 44.006006 ], [ 1.113955, 44.005727 ], [ 1.115673, 44.006388 ], [ 1.118876, 44.00803 ], [ 1.126507, 44.003809 ], [ 1.126822, 44.00157 ], [ 1.126489, 43.999571 ], [ 1.129348, 43.997383 ], [ 1.132698, 44.000001 ], [ 1.138759, 44.002745 ], [ 1.139344, 44.006297 ], [ 1.148162, 44.005476 ], [ 1.149072, 44.001993 ], [ 1.154411, 44.002952 ], [ 1.158023, 44.005144 ], [ 1.160653, 44.006652 ], [ 1.158759, 44.00443 ] ] ], [ [ [ 1.136819, 44.081621 ], [ 1.143692, 44.08158 ], [ 1.148465, 44.080999 ], [ 1.152402, 44.080558 ], [ 1.159498, 44.0815 ], [ 1.165285, 44.081 ], [ 1.170842, 44.084317 ], [ 1.171562, 44.084632 ], [ 1.172807, 44.083988 ], [ 1.181427, 44.081616 ], [ 1.187582, 44.084627 ], [ 1.187783, 44.084797 ], [ 1.188958, 44.084757 ], [ 1.189247, 44.084729 ], [ 1.189634, 44.084424 ], [ 1.19012, 44.083834 ], [ 1.190267, 44.08364 ], [ 1.190102, 44.082043 ], [ 1.188335, 44.073489 ], [ 1.183675, 44.071418 ], [ 1.18032, 44.064159 ], [ 1.179879, 44.056562 ], [ 1.183885, 44.052661 ], [ 1.184764, 44.052299 ], [ 1.187103, 44.043984 ], [ 1.187986, 44.043824 ], [ 1.189497, 44.043521 ], [ 1.190115, 44.043267 ], [ 1.197088, 44.041665 ], [ 1.201783, 44.042809 ], [ 1.206523, 44.040147 ], [ 1.206943, 44.040056 ], [ 1.207528, 44.039872 ], [ 1.214359, 44.041283 ], [ 1.215879, 44.043266 ], [ 1.216051, 44.043289 ], [ 1.217498, 44.043046 ], [ 1.219431, 44.040855 ], [ 1.22034, 44.038551 ], [ 1.227033, 44.033349 ], [ 1.22965, 44.033032 ], [ 1.229217, 44.029458 ], [ 1.221096, 44.026802 ], [ 1.21679, 44.029058 ], [ 1.211658, 44.02875 ], [ 1.207312, 44.026215 ], [ 1.207069, 44.026076 ], [ 1.203521, 44.023866 ], [ 1.199921, 44.021347 ], [ 1.194193, 44.014582 ], [ 1.191797, 44.012032 ], [ 1.191714, 44.011953 ], [ 1.188172, 44.004289 ], [ 1.188233, 44.002325 ], [ 1.1884, 43.997419 ], [ 1.185323, 43.995551 ], [ 1.180219, 43.99824 ], [ 1.17866, 43.999981 ], [ 1.170503, 44.000512 ], [ 1.168153, 44.003231 ], [ 1.160653, 44.006652 ], [ 1.168553, 44.006614 ], [ 1.1702, 44.00532 ], [ 1.175351, 44.002485 ], [ 1.176296, 44.002119 ], [ 1.180896, 44.000606 ], [ 1.182213, 44.001799 ], [ 1.183532, 44.003057 ], [ 1.183005, 44.004597 ], [ 1.182275, 44.008998 ], [ 1.183492, 44.014434 ], [ 1.186007, 44.018191 ], [ 1.192155, 44.019651 ], [ 1.194485, 44.021322 ], [ 1.1932, 44.024685 ], [ 1.196511, 44.032773 ], [ 1.199341, 44.03283 ], [ 1.204297, 44.030809 ], [ 1.205005, 44.030386 ], [ 1.205566, 44.030255 ], [ 1.207016, 44.030134 ], [ 1.207545, 44.030091 ], [ 1.213297, 44.032391 ], [ 1.218131, 44.032923 ], [ 1.218162, 44.032939 ], [ 1.218317, 44.036005 ], [ 1.216574, 44.037142 ], [ 1.216096, 44.037155 ], [ 1.215545, 44.037091 ], [ 1.21062, 44.036647 ], [ 1.207693, 44.036597 ], [ 1.201875, 44.040731 ], [ 1.199954, 44.041609 ], [ 1.198476, 44.041393 ], [ 1.196794, 44.038985 ], [ 1.191703, 44.036279 ], [ 1.189788, 44.03624 ], [ 1.186439, 44.044076 ], [ 1.185809, 44.044367 ], [ 1.185498, 44.044525 ], [ 1.184738, 44.044928 ], [ 1.179264, 44.05173 ], [ 1.178388, 44.054713 ], [ 1.178301, 44.055 ], [ 1.176349, 44.055786 ], [ 1.176034, 44.05576 ], [ 1.174809, 44.0551 ], [ 1.170454, 44.051647 ], [ 1.162081, 44.048711 ], [ 1.158954, 44.051785 ], [ 1.161911, 44.058194 ], [ 1.164048, 44.058606 ], [ 1.167054, 44.062162 ], [ 1.16645, 44.06419 ], [ 1.173458, 44.068542 ], [ 1.174771, 44.068245 ], [ 1.17537, 44.068205 ], [ 1.176548, 44.069614 ], [ 1.176764, 44.069966 ], [ 1.181602, 44.075088 ], [ 1.17995, 44.078286 ], [ 1.175058, 44.078716 ], [ 1.174435, 44.078251 ], [ 1.174366, 44.0782 ], [ 1.171735, 44.075444 ], [ 1.163012, 44.076281 ], [ 1.162705, 44.076589 ], [ 1.155247, 44.077628 ], [ 1.149386, 44.077156 ], [ 1.147197, 44.076302 ], [ 1.139656, 44.078275 ], [ 1.13871, 44.079846 ], [ 1.136197, 44.079274 ], [ 1.13414251430608, 44.080073133405428 ], [ 1.136819, 44.081621 ] ] ], [ [ [ 1.100881, 44.090707 ], [ 1.102866, 44.092186 ], [ 1.105696, 44.091908 ], [ 1.114527, 44.092968 ], [ 1.118362, 44.086715 ], [ 1.120032922377534, 44.084990393369381 ], [ 1.119528, 44.085107 ], [ 1.118243, 44.084507 ], [ 1.117734, 44.08397 ], [ 1.117594, 44.08375 ], [ 1.111456, 44.077391 ], [ 1.103011, 44.076164 ], [ 1.102019, 44.083009 ], [ 1.102673, 44.085641 ], [ 1.102675, 44.085647 ], [ 1.102784, 44.086078 ], [ 1.102933, 44.088145 ], [ 1.100924, 44.089266 ], [ 1.099443, 44.089026 ], [ 1.098448403810386, 44.089282593735739 ], [ 1.100881, 44.090707 ] ] ], [ [ [ 1.077678, 44.066112 ], [ 1.078769, 44.067913 ], [ 1.082346, 44.068318 ], [ 1.081071, 44.077127 ], [ 1.079776, 44.079669 ], [ 1.078309, 44.082685 ], [ 1.079895, 44.088124 ], [ 1.078965, 44.09394 ], [ 1.078656, 44.097527 ], [ 1.080917, 44.099848 ], [ 1.084517, 44.099868 ], [ 1.088048, 44.098535 ], [ 1.08848, 44.098334 ], [ 1.090802920104643, 44.092414645805128 ], [ 1.087429, 44.096955 ], [ 1.087418, 44.096972 ], [ 1.087079, 44.097171 ], [ 1.08613, 44.097514 ], [ 1.084836, 44.09717 ], [ 1.083987, 44.095384 ], [ 1.082084, 44.089207 ], [ 1.081167, 44.085726 ], [ 1.081827, 44.084355 ], [ 1.084123, 44.081582 ], [ 1.088518, 44.076716 ], [ 1.089044, 44.074448 ], [ 1.089468, 44.06633 ], [ 1.083652, 44.065978 ], [ 1.080507, 44.064227 ], [ 1.07737, 44.058101 ], [ 1.071918, 44.060228 ], [ 1.071391, 44.060861 ], [ 1.071038, 44.061132 ], [ 1.070334, 44.061587 ], [ 1.077678, 44.066112 ] ] ], [ [ [ 1.066293, 44.059812 ], [ 1.065887, 44.060668 ], [ 1.064676, 44.063084 ], [ 1.064458, 44.063389 ], [ 1.065249, 44.065906 ], [ 1.065626, 44.066145 ], [ 1.067389, 44.06548 ], [ 1.067607, 44.065174 ], [ 1.068322, 44.064228 ], [ 1.068707, 44.063692 ], [ 1.069025, 44.06313 ], [ 1.070334, 44.061587 ], [ 1.068739, 44.062358 ], [ 1.067172, 44.059117 ], [ 1.066259523463742, 44.056411341858386 ], [ 1.066293, 44.059812 ] ] ], [ [ [ 1.06289, 44.051132 ], [ 1.064734122093744, 44.051888250609451 ], [ 1.0643, 44.050601 ], [ 1.063468, 44.049522 ], [ 1.058099, 44.045014 ], [ 1.06289, 44.051132 ] ] ], [ [ [ 1.032463, 44.047159 ], [ 1.033927, 44.046216 ], [ 1.034266, 44.045987 ], [ 1.034645, 44.045681 ], [ 1.035041, 44.045276 ], [ 1.043242, 44.04241 ], [ 1.041053, 44.042173 ], [ 1.03847, 44.041981 ], [ 1.035842, 44.041862 ], [ 1.034053, 44.041834 ], [ 1.032314, 44.041841 ], [ 1.030451, 44.041884 ], [ 1.028795, 44.041956 ], [ 1.026596, 44.042099 ], [ 1.024977, 44.042236 ], [ 1.032463, 44.047159 ] ] ] ] } },
{ "type": "Feature", "properties": { "codgeo": "82033", "value": 660, "isochrone_group": 11.0, "nb_agences": 1 }, "geometry": { "type": "MultiPolygon", "coordinates": [ [ [ [ 0.979057, 44.048521 ], [ 0.977126, 44.04906 ], [ 0.975036, 44.049584 ], [ 0.972762, 44.050056 ], [ 0.970027, 44.050588 ], [ 0.966045, 44.051244 ], [ 0.962034, 44.051905 ], [ 0.960285, 44.052224 ], [ 0.958477, 44.052623 ], [ 0.959252, 44.056138 ], [ 0.96663, 44.054796 ], [ 0.970612, 44.05414 ], [ 0.973026, 44.053695 ], [ 0.975765, 44.05311 ], [ 0.978, 44.052553 ], [ 0.980024, 44.051988 ], [ 0.982084, 44.05137 ], [ 0.982167903409035, 44.051341713751711 ], [ 0.981017009235907, 44.047931027370716 ], [ 0.979057, 44.048521 ] ] ], [ [ [ 1.018057, 44.017744 ], [ 1.017902, 44.017096 ], [ 1.017744, 44.016746 ], [ 1.017105, 44.015605 ], [ 1.008884, 44.017476 ], [ 1.007835, 44.017368 ], [ 1.007294, 44.017361 ], [ 1.006359, 44.01739 ], [ 1.006472, 44.020989 ], [ 1.004301, 44.027327 ], [ 0.999471, 44.03387 ], [ 0.993774, 44.036626 ], [ 0.991791, 44.037261 ], [ 0.991221, 44.037524 ], [ 0.99071, 44.037847 ], [ 0.990345, 44.038117 ], [ 0.986841, 44.045868 ], [ 0.990767, 44.044445 ], [ 0.992438, 44.043867 ], [ 0.993883, 44.043392 ], [ 0.995059, 44.043029 ], [ 0.996217, 44.042692 ], [ 0.998482, 44.042079 ], [ 1.001275, 44.041445 ], [ 1.002608, 44.041166 ], [ 1.006769, 44.033969 ], [ 1.008382, 44.03366 ], [ 1.009703, 44.03374 ], [ 1.013637, 44.032898 ], [ 1.015974, 44.032577 ], [ 1.017386, 44.02402 ], [ 1.017196, 44.022315 ], [ 1.017582, 44.021767 ], [ 1.017662, 44.021661 ], [ 1.018111, 44.021114 ], [ 1.018881, 44.020745 ], [ 1.019801, 44.021166 ], [ 1.021775, 44.022119 ], [ 1.018057, 44.017744 ] ] ], [ [ [ 1.04788, 44.003778 ], [ 1.04744, 44.003861 ], [ 1.043411, 44.004591 ], [ 1.037776, 44.003477 ], [ 1.036281, 44.005668 ], [ 1.036313, 44.006767 ], [ 1.036208, 44.011603 ], [ 1.030671, 44.018595 ], [ 1.028488, 44.019461 ], [ 1.027471, 44.019984 ], [ 1.021775, 44.022119 ], [ 1.023714, 44.023057 ], [ 1.032133, 44.021935 ], [ 1.035088, 44.019501 ], [ 1.036899, 44.016771 ], [ 1.040499, 44.016771 ], [ 1.048213, 44.014638 ], [ 1.046608, 44.0089 ], [ 1.046553, 44.0053 ], [ 1.048328, 44.005058 ], [ 1.048974, 44.00504 ], [ 1.049541, 44.005139 ], [ 1.051602, 44.005498 ], [ 1.04788, 44.003778 ] ] ], [ [ [ 1.135062, 43.997683 ], [ 1.132095, 43.993832 ], [ 1.131549, 43.988836 ], [ 1.130565, 43.985398 ], [ 1.12755, 43.982948 ], [ 1.123968, 43.982595 ], [ 1.118422, 43.989514 ], [ 1.112007, 43.995219 ], [ 1.10984, 43.995718 ], [ 1.109771, 43.995734 ], [ 1.106942, 43.996388 ], [ 1.100216, 43.996998 ], [ 1.09176, 43.997679 ], [ 1.088891, 43.9969 ], [ 1.086827, 43.996434 ], [ 1.08323, 43.996285 ], [ 1.076365, 43.993346 ], [ 1.075215, 43.991868 ], [ 1.074653, 43.991251 ], [ 1.074358, 43.990944 ], [ 1.071764, 43.993441 ], [ 1.066912, 44.000843 ], [ 1.062133, 43.999181 ], [ 1.060662, 43.998773 ], [ 1.058797, 44.001853 ], [ 1.051602, 44.005498 ], [ 1.05229, 44.005617 ], [ 1.060173, 44.004503 ], [ 1.063223, 44.00259 ], [ 1.068802, 44.003382 ], [ 1.075906, 43.99982 ], [ 1.07896, 43.997913 ], [ 1.085201, 43.999884 ], [ 1.088148, 44.001848 ], [ 1.095663, 44.001627 ], [ 1.097225, 44.000619 ], [ 1.0986, 43.999762 ], [ 1.100504, 44.002817 ], [ 1.099129, 44.003674 ], [ 1.096047, 44.006361 ], [ 1.093966, 44.009242 ], [ 1.091077, 44.012147 ], [ 1.088297, 44.014435 ], [ 1.086401, 44.018697 ], [ 1.093232, 44.022846 ], [ 1.09346, 44.023456 ], [ 1.096206, 44.02893 ], [ 1.099006, 44.030262 ], [ 1.106458, 44.026837 ], [ 1.106703, 44.023638 ], [ 1.109891, 44.016519 ], [ 1.110153, 44.015321 ], [ 1.110557, 44.01458 ], [ 1.111484, 44.012111 ], [ 1.111745, 44.011323 ], [ 1.11293, 44.008363 ], [ 1.113064, 44.007881 ], [ 1.113234, 44.007321 ], [ 1.113461, 44.006285 ], [ 1.113526, 44.005114 ], [ 1.113943, 44.00399 ], [ 1.114346, 44.003552 ], [ 1.114905, 44.003104 ], [ 1.118187, 44.003844 ], [ 1.123355, 43.997024 ], [ 1.122147, 43.994591 ], [ 1.122465, 43.992806 ], [ 1.122863, 43.99246 ], [ 1.124774, 43.992213 ], [ 1.125129, 43.992175 ], [ 1.130103, 43.994095 ], [ 1.130837, 43.994929 ], [ 1.135672, 43.999042 ], [ 1.136088410896422, 43.999092111933876 ], [ 1.135062, 43.997683 ] ] ], [ [ [ 1.134513, 44.084046 ], [ 1.137722, 44.085095 ], [ 1.141213, 44.084213 ], [ 1.150115, 44.083737 ], [ 1.153748, 44.082741 ], [ 1.15732, 44.082294 ], [ 1.162614, 44.08354 ], [ 1.166393, 44.090323 ], [ 1.169676, 44.091801 ], [ 1.172333, 44.088332 ], [ 1.175607, 44.084499 ], [ 1.182556, 44.086756 ], [ 1.184365, 44.087481 ], [ 1.184374, 44.08748 ], [ 1.185977, 44.08714 ], [ 1.193529, 44.088835 ], [ 1.198086, 44.087479 ], [ 1.199957, 44.08671 ], [ 1.199965, 44.086698 ], [ 1.199722, 44.085063 ], [ 1.199681, 44.084934 ], [ 1.199535, 44.084719 ], [ 1.198953, 44.083985 ], [ 1.196372, 44.076524 ], [ 1.197398, 44.074148 ], [ 1.197144, 44.073007 ], [ 1.196959, 44.072534 ], [ 1.194836, 44.071619 ], [ 1.193829, 44.071725 ], [ 1.18682, 44.066816 ], [ 1.187208, 44.064818 ], [ 1.186825, 44.064487 ], [ 1.184552, 44.061473 ], [ 1.183192, 44.059282 ], [ 1.186494, 44.05203 ], [ 1.191918, 44.047169 ], [ 1.19409, 44.046406 ], [ 1.195153, 44.04559 ], [ 1.202617, 44.043341 ], [ 1.20467, 44.044057 ], [ 1.211544, 44.047234 ], [ 1.216338, 44.050751 ], [ 1.219931, 44.050527 ], [ 1.219892, 44.049891 ], [ 1.219831, 44.049486 ], [ 1.225124, 44.042531 ], [ 1.225139, 44.04252 ], [ 1.226886, 44.040321 ], [ 1.228288, 44.037946 ], [ 1.234185, 44.032483 ], [ 1.238714, 44.033297 ], [ 1.241889, 44.030364 ], [ 1.240903, 44.027587 ], [ 1.240387, 44.027092 ], [ 1.239355, 44.027566 ], [ 1.236135, 44.02862 ], [ 1.233752, 44.028909 ], [ 1.231368, 44.029198 ], [ 1.226609, 44.022987 ], [ 1.226106, 44.02051 ], [ 1.226053, 44.020466 ], [ 1.22491, 44.019814 ], [ 1.22406, 44.020269 ], [ 1.222072, 44.022387 ], [ 1.221785, 44.023134 ], [ 1.2185, 44.026638 ], [ 1.211765, 44.026515 ], [ 1.210146, 44.022802 ], [ 1.206753, 44.021598 ], [ 1.205053, 44.020677 ], [ 1.200496, 44.016542 ], [ 1.199687, 44.013035 ], [ 1.194047, 44.008732 ], [ 1.192415, 44.003878 ], [ 1.192666, 43.997029 ], [ 1.192961, 43.99562 ], [ 1.194469, 43.990378 ], [ 1.191742, 43.988027 ], [ 1.190401, 43.989583 ], [ 1.188176, 43.992187 ], [ 1.181335, 43.993856 ], [ 1.173711, 43.995745 ], [ 1.172277, 43.996027 ], [ 1.167861, 43.997993 ], [ 1.16566, 43.999765 ], [ 1.158368, 43.997876 ], [ 1.154629, 43.997139 ], [ 1.152574901188467, 43.998999149567524 ], [ 1.152988, 43.998945 ], [ 1.153665, 43.998682 ], [ 1.156619, 44.001535 ], [ 1.158759, 44.00443 ], [ 1.160653, 44.006652 ], [ 1.168153, 44.003231 ], [ 1.170503, 44.000512 ], [ 1.17866, 43.999981 ], [ 1.180219, 43.99824 ], [ 1.185323, 43.995551 ], [ 1.1884, 43.997419 ], [ 1.188233, 44.002325 ], [ 1.188172, 44.004289 ], [ 1.191714, 44.011953 ], [ 1.191797, 44.012032 ], [ 1.194193, 44.014582 ], [ 1.199921, 44.021347 ], [ 1.203521, 44.023866 ], [ 1.207069, 44.026076 ], [ 1.207312, 44.026215 ], [ 1.211658, 44.02875 ], [ 1.21679, 44.029058 ], [ 1.221096, 44.026802 ], [ 1.229217, 44.029458 ], [ 1.22965, 44.033032 ], [ 1.227033, 44.033349 ], [ 1.22034, 44.038551 ], [ 1.219431, 44.040855 ], [ 1.217498, 44.043046 ], [ 1.216051, 44.043289 ], [ 1.215879, 44.043266 ], [ 1.214359, 44.041283 ], [ 1.207528, 44.039872 ], [ 1.206943, 44.040056 ], [ 1.206523, 44.040147 ], [ 1.201783, 44.042809 ], [ 1.197088, 44.041665 ], [ 1.190115, 44.043267 ], [ 1.189497, 44.043521 ], [ 1.187986, 44.043824 ], [ 1.187103, 44.043984 ], [ 1.184764, 44.052299 ], [ 1.183885, 44.052661 ], [ 1.179879, 44.056562 ], [ 1.18032, 44.064159 ], [ 1.183675, 44.071418 ], [ 1.188335, 44.073489 ], [ 1.190102, 44.082043 ], [ 1.190267, 44.08364 ], [ 1.19012, 44.083834 ], [ 1.189634, 44.084424 ], [ 1.189247, 44.084729 ], [ 1.188958, 44.084757 ], [ 1.187783, 44.084797 ], [ 1.187582, 44.084627 ], [ 1.181427, 44.081616 ], [ 1.172807, 44.083988 ], [ 1.171562, 44.084632 ], [ 1.170842, 44.084317 ], [ 1.165285, 44.081 ], [ 1.159498, 44.0815 ], [ 1.152402, 44.080558 ], [ 1.148465, 44.080999 ], [ 1.143692, 44.08158 ], [ 1.136819, 44.081621 ], [ 1.130186, 44.077785 ], [ 1.12994886036438, 44.077893907878547 ], [ 1.134513, 44.084046 ] ] ], [ [ [ 1.110817, 44.098207 ], [ 1.110917, 44.099517 ], [ 1.111122, 44.101465 ], [ 1.111379, 44.102803 ], [ 1.111603, 44.103801 ], [ 1.115116, 44.103011 ], [ 1.114964, 44.101061 ], [ 1.114807, 44.098876 ], [ 1.117944, 44.09101 ], [ 1.118431, 44.0903 ], [ 1.122837, 44.082842 ], [ 1.120354, 44.084659 ], [ 1.118362, 44.086715 ], [ 1.114527, 44.092968 ], [ 1.105696, 44.091908 ], [ 1.104946068364113, 44.091981668196034 ], [ 1.110817, 44.098207 ] ] ], [ [ [ 1.076857, 44.090883 ], [ 1.071971, 44.093904 ], [ 1.072022, 44.097504 ], [ 1.076628, 44.102097 ], [ 1.077295, 44.10264 ], [ 1.081359, 44.105165 ], [ 1.081544, 44.105237 ], [ 1.082507, 44.104927 ], [ 1.083424, 44.104614 ], [ 1.08505, 44.103977 ], [ 1.087551, 44.101972 ], [ 1.08848, 44.098334 ], [ 1.088048, 44.098535 ], [ 1.084517, 44.099868 ], [ 1.080917, 44.099848 ], [ 1.078656, 44.097527 ], [ 1.078965, 44.09394 ], [ 1.079895, 44.088124 ], [ 1.078309, 44.082685 ], [ 1.076857, 44.090883 ] ] ], [ [ [ 1.067271, 44.067669 ], [ 1.068002, 44.068156 ], [ 1.068523, 44.068354 ], [ 1.070469, 44.068959 ], [ 1.074515, 44.076532 ], [ 1.074518, 44.076958 ], [ 1.074946, 44.07821 ], [ 1.076222, 44.081229 ], [ 1.078309, 44.082685 ], [ 1.079776, 44.079669 ], [ 1.081071, 44.077127 ], [ 1.082346, 44.068318 ], [ 1.078769, 44.067913 ], [ 1.077678, 44.066112 ], [ 1.070334, 44.061587 ], [ 1.069025, 44.06313 ], [ 1.068707, 44.063692 ], [ 1.068322, 44.064228 ], [ 1.067607, 44.065174 ], [ 1.067389, 44.06548 ], [ 1.065626, 44.066145 ], [ 1.065249, 44.065906 ], [ 1.067271, 44.067669 ] ] ], [ [ [ 1.06275, 44.05194 ], [ 1.062346, 44.05338 ], [ 1.065887, 44.060668 ], [ 1.066293, 44.059812 ], [ 1.066221, 44.052498 ], [ 1.06289, 44.051132 ], [ 1.058099, 44.045014 ], [ 1.06275, 44.05194 ] ] ], [ [ [ 1.047095, 44.044018 ], [ 1.047673, 44.044663 ], [ 1.050032, 44.0461 ], [ 1.058099, 44.045014 ], [ 1.052456, 44.043939 ], [ 1.04945, 44.043358 ], [ 1.047487, 44.04302 ], [ 1.045403, 44.042686 ], [ 1.043242, 44.04241 ], [ 1.047095, 44.044018 ] ] ], [ [ [ 1.024469, 44.046096 ], [ 1.024514, 44.051483 ], [ 1.024126, 44.052385 ], [ 1.024007, 44.052743 ], [ 1.023965, 44.052903 ], [ 1.027449, 44.053809 ], [ 1.028315, 44.052176 ], [ 1.029349, 44.050357 ], [ 1.037176, 44.048144 ], [ 1.037378, 44.047891 ], [ 1.037954, 44.046591 ], [ 1.043242, 44.04241 ], [ 1.035041, 44.045276 ], [ 1.034645, 44.045681 ], [ 1.034266, 44.045987 ], [ 1.033927, 44.046216 ], [ 1.032463, 44.047159 ], [ 1.024977, 44.042236 ], [ 1.021798, 44.042527 ], [ 1.018618, 44.042818 ], [ 1.024469, 44.046096 ] ] ], [ [ [ 0.998774, 44.046819 ], [ 0.999132, 44.046688 ], [ 0.999592674780459, 44.046415173188265 ], [ 0.998425231025289, 44.046871666455914 ], [ 0.998774, 44.046819 ] ] ] ] } },
{ "type": "Feature", "properties": { "codgeo": "82033", "value": 720, "isochrone_group": 12.0, "nb_agences": 1 }, "geometry": { "type": "MultiPolygon", "coordinates": [ [ [ [ 0.958427, 44.052634 ], [ 0.956741, 44.053038 ], [ 0.954998, 44.053506 ], [ 0.952356, 44.05426 ], [ 0.950583, 44.054799 ], [ 0.949026, 44.055231 ], [ 0.940666, 44.056299 ], [ 0.938964, 44.056255 ], [ 0.937315, 44.05613 ], [ 0.935124, 44.055909 ], [ 0.932932, 44.055688 ], [ 0.93257, 44.05927 ], [ 0.934762, 44.059491 ], [ 0.936954, 44.059712 ], [ 0.938692, 44.059844 ], [ 0.940567, 44.059898 ], [ 0.941728, 44.059889 ], [ 0.943056, 44.059825 ], [ 0.944412, 44.059723 ], [ 0.945673, 44.059563 ], [ 0.946804, 44.059395 ], [ 0.948208, 44.05912 ], [ 0.949849, 44.058736 ], [ 0.951543, 44.058268 ], [ 0.953401, 44.057705 ], [ 0.955986, 44.056968 ], [ 0.961183588271703, 44.055786659330359 ], [ 0.959252, 44.056138 ], [ 0.958477, 44.052623 ], [ 0.960285, 44.052224 ], [ 0.958427, 44.052634 ] ] ], [ [ [ 1.017088, 44.015588 ], [ 1.016805, 44.014788 ], [ 1.016471, 44.012148 ], [ 1.016512, 44.011679 ], [ 1.016461, 44.010994 ], [ 1.016359, 44.010582 ], [ 1.016216, 44.010198 ], [ 1.014506, 44.00829 ], [ 1.014391, 44.00827 ], [ 1.013195, 44.008606 ], [ 1.012973, 44.008746 ], [ 1.012938, 44.00878 ], [ 1.009863, 44.013061 ], [ 1.002718, 44.014606 ], [ 1.002258, 44.014699 ], [ 0.996868, 44.015644 ], [ 0.996345, 44.019205 ], [ 0.998594, 44.02056 ], [ 0.997739, 44.029085 ], [ 0.989892, 44.032954 ], [ 0.985179, 44.037555 ], [ 0.978634, 44.042546 ], [ 0.976513, 44.043237 ], [ 0.972388803231798, 44.050128592570658 ], [ 0.972762, 44.050056 ], [ 0.975036, 44.049584 ], [ 0.977126, 44.04906 ], [ 0.979057, 44.048521 ], [ 0.981047, 44.047922 ], [ 0.982953, 44.047278 ], [ 0.986841, 44.045868 ], [ 0.990345, 44.038117 ], [ 0.99071, 44.037847 ], [ 0.991221, 44.037524 ], [ 0.991791, 44.037261 ], [ 0.993774, 44.036626 ], [ 0.999471, 44.03387 ], [ 1.004301, 44.027327 ], [ 1.006472, 44.020989 ], [ 1.006359, 44.01739 ], [ 1.007294, 44.017361 ], [ 1.007835, 44.017368 ], [ 1.008884, 44.017476 ], [ 1.01709847202989, 44.015606485686916 ], [ 1.017088, 44.015588 ] ] ], [ [ [ 1.041723, 44.001259 ], [ 1.033938, 44.001289 ], [ 1.03174, 44.000506 ], [ 1.029627, 43.999755 ], [ 1.028641, 43.999347 ], [ 1.027265, 44.002673 ], [ 1.028251, 44.003082 ], [ 1.030532, 44.003897 ], [ 1.032696, 44.004747 ], [ 1.033351, 44.013597 ], [ 1.030098, 44.015139 ], [ 1.028615, 44.015416 ], [ 1.02619, 44.018078 ], [ 1.017744, 44.016746 ], [ 1.017902, 44.017096 ], [ 1.018057, 44.017744 ], [ 1.021775, 44.022119 ], [ 1.027471, 44.019984 ], [ 1.028488, 44.019461 ], [ 1.030671, 44.018595 ], [ 1.036208, 44.011603 ], [ 1.036313, 44.006767 ], [ 1.036281, 44.005668 ], [ 1.037776, 44.003477 ], [ 1.043411, 44.004591 ], [ 1.04653269167701, 44.00402539192747 ], [ 1.041723, 44.001259 ] ] ], [ [ [ 1.095078, 43.995499 ], [ 1.094173, 43.994115 ], [ 1.092852, 43.99267 ], [ 1.086378, 43.99106 ], [ 1.086137, 43.99109 ], [ 1.085481, 43.991283 ], [ 1.079052, 43.991796 ], [ 1.072324, 43.985823 ], [ 1.070274, 43.984143 ], [ 1.067384, 43.98629 ], [ 1.067416, 43.987895 ], [ 1.066668, 43.996389 ], [ 1.058072, 43.997297 ], [ 1.057431, 43.996795 ], [ 1.056185, 43.996014 ], [ 1.054274, 43.999066 ], [ 1.049057985381815, 44.004322367237144 ], [ 1.051602, 44.005498 ], [ 1.058797, 44.001853 ], [ 1.060662, 43.998773 ], [ 1.062133, 43.999181 ], [ 1.066912, 44.000843 ], [ 1.071764, 43.993441 ], [ 1.074358, 43.990944 ], [ 1.074653, 43.991251 ], [ 1.075215, 43.991868 ], [ 1.076365, 43.993346 ], [ 1.08323, 43.996285 ], [ 1.086827, 43.996434 ], [ 1.088891, 43.9969 ], [ 1.09176, 43.997679 ], [ 1.100216, 43.996998 ], [ 1.101631683240472, 43.996869607675201 ], [ 1.095078, 43.995499 ] ] ], [ [ [ 1.112622, 43.989877 ], [ 1.111762, 43.990215 ], [ 1.111161, 43.990489 ], [ 1.109686, 43.991309 ], [ 1.107728, 43.992519 ], [ 1.103976834908754, 43.996656919224748 ], [ 1.106942, 43.996388 ], [ 1.109771, 43.995734 ], [ 1.10984, 43.995718 ], [ 1.112007, 43.995219 ], [ 1.115859784954045, 43.991792633957459 ], [ 1.112622, 43.989877 ] ] ], [ [ [ 1.136217, 43.99609 ], [ 1.138289, 43.988097 ], [ 1.139819, 43.9869 ], [ 1.140537, 43.984067 ], [ 1.139504, 43.983314 ], [ 1.136693, 43.975405 ], [ 1.133434, 43.973875 ], [ 1.129009, 43.97221 ], [ 1.127594, 43.971835 ], [ 1.127091, 43.971712 ], [ 1.126258, 43.971595 ], [ 1.120277, 43.978103 ], [ 1.120182, 43.980877 ], [ 1.120323, 43.980951 ], [ 1.122014518207875, 43.985032097100557 ], [ 1.123968, 43.982595 ], [ 1.12755, 43.982948 ], [ 1.130565, 43.985398 ], [ 1.131549, 43.988836 ], [ 1.132095, 43.993832 ], [ 1.135062, 43.997683 ], [ 1.135178224423898, 43.997842559123256 ], [ 1.136217, 43.99609 ] ] ], [ [ [ 1.198568, 43.989785 ], [ 1.200815, 43.986972 ], [ 1.20014, 43.980596 ], [ 1.198952, 43.978691 ], [ 1.198448, 43.978592 ], [ 1.197204, 43.978514 ], [ 1.190768, 43.982519 ], [ 1.189135, 43.985796 ], [ 1.183966, 43.988686 ], [ 1.177732, 43.993694 ], [ 1.169863, 43.996732 ], [ 1.166653, 43.995887 ], [ 1.164197, 43.99466 ], [ 1.159253, 43.995261 ], [ 1.156184, 43.995644 ], [ 1.153207, 43.995883 ], [ 1.150202, 43.997866 ], [ 1.146682, 44.001501 ], [ 1.152066, 43.99946 ], [ 1.154629, 43.997139 ], [ 1.158368, 43.997876 ], [ 1.16566, 43.999765 ], [ 1.167861, 43.997993 ], [ 1.172277, 43.996027 ], [ 1.173711, 43.995745 ], [ 1.181335, 43.993856 ], [ 1.188176, 43.992187 ], [ 1.190401, 43.989583 ], [ 1.191742, 43.988027 ], [ 1.194469, 43.990378 ], [ 1.192981746676104, 43.995547881912373 ], [ 1.198568, 43.989785 ] ] ], [ [ [ 1.210382, 44.022137 ], [ 1.211523, 44.018836 ], [ 1.214058, 44.01145 ], [ 1.214762, 44.011069 ], [ 1.214851, 44.011016 ], [ 1.21564, 44.010583 ], [ 1.217234, 44.00964 ], [ 1.218811, 44.008636 ], [ 1.220284, 44.007612 ], [ 1.221381, 44.006785 ], [ 1.219213, 44.003911 ], [ 1.218117, 44.004737 ], [ 1.216758, 44.005679 ], [ 1.215303, 44.006601 ], [ 1.214117, 44.007224 ], [ 1.213021, 44.007918 ], [ 1.212347, 44.008282 ], [ 1.211251, 44.008836 ], [ 1.209576, 44.009637 ], [ 1.208078, 44.010281 ], [ 1.200024, 44.007687 ], [ 1.199528, 44.006913 ], [ 1.198239, 44.005652 ], [ 1.194945, 44.004199 ], [ 1.192666, 43.997029 ], [ 1.192415, 44.003878 ], [ 1.194047, 44.008732 ], [ 1.199687, 44.013035 ], [ 1.200496, 44.016542 ], [ 1.205053, 44.020677 ], [ 1.206753, 44.021598 ], [ 1.210146, 44.022802 ], [ 1.211765, 44.026515 ], [ 1.212040559270931, 44.026520032485571 ], [ 1.210382, 44.022137 ] ] ], [ [ [ 1.228988, 44.021134 ], [ 1.229293, 44.020649 ], [ 1.229419, 44.020369 ], [ 1.22988, 44.019075 ], [ 1.230305, 44.017924 ], [ 1.231056, 44.01642 ], [ 1.231145, 44.016293 ], [ 1.228373, 44.013995 ], [ 1.226846, 44.014289 ], [ 1.226423, 44.015161 ], [ 1.226208, 44.015951 ], [ 1.2207, 44.019891 ], [ 1.220282, 44.023467 ], [ 1.218230300387948, 44.026633074528235 ], [ 1.2185, 44.026638 ], [ 1.221785, 44.023134 ], [ 1.222072, 44.022387 ], [ 1.22406, 44.020269 ], [ 1.22491, 44.019814 ], [ 1.226053, 44.020466 ], [ 1.226106, 44.02051 ], [ 1.226609, 44.022987 ], [ 1.228457352841064, 44.025399296595047 ], [ 1.228988, 44.021134 ] ] ], [ [ [ 1.229539639466229, 44.026811795487468 ], [ 1.231368, 44.029198 ], [ 1.233752, 44.028909 ], [ 1.229539639466229, 44.026811795487468 ] ] ], [ [ [ 1.194095, 44.05018 ], [ 1.194396, 44.050643 ], [ 1.194703, 44.051282 ], [ 1.195093, 44.05145 ], [ 1.195952, 44.051083 ], [ 1.204192, 44.048459 ], [ 1.207225, 44.049887 ], [ 1.210598, 44.051424 ], [ 1.212087, 44.05175 ], [ 1.216687, 44.05862 ], [ 1.218142, 44.059769 ], [ 1.218538, 44.060148 ], [ 1.218596, 44.060202 ], [ 1.220212, 44.060654 ], [ 1.22067, 44.060387 ], [ 1.221051, 44.057569 ], [ 1.220137, 44.055138 ], [ 1.219855, 44.054001 ], [ 1.219839, 44.051977 ], [ 1.219936, 44.050968 ], [ 1.2268, 44.04596 ], [ 1.228215, 44.046523 ], [ 1.228951, 44.045993 ], [ 1.231219, 44.043682 ], [ 1.232756, 44.040426 ], [ 1.233987, 44.036375 ], [ 1.24018, 44.033762 ], [ 1.240952, 44.033817 ], [ 1.241292, 44.033856 ], [ 1.242343, 44.034041 ], [ 1.242951, 44.034119 ], [ 1.243512, 44.034145 ], [ 1.243873, 44.034157 ], [ 1.24465, 44.033891 ], [ 1.245484, 44.033559 ], [ 1.249796, 44.026342 ], [ 1.250769, 44.025848 ], [ 1.252494, 44.025013 ], [ 1.253743, 44.024601 ], [ 1.252835, 44.021118 ], [ 1.252339, 44.021247 ], [ 1.251753, 44.021435 ], [ 1.25115, 44.021673 ], [ 1.249207, 44.022604 ], [ 1.248168, 44.023131 ], [ 1.240649, 44.024852 ], [ 1.237752, 44.026127 ], [ 1.235087, 44.028547 ], [ 1.233752, 44.028909 ], [ 1.236135, 44.02862 ], [ 1.239355, 44.027566 ], [ 1.240387, 44.027092 ], [ 1.240903, 44.027587 ], [ 1.241889, 44.030364 ], [ 1.238714, 44.033297 ], [ 1.234185, 44.032483 ], [ 1.228288, 44.037946 ], [ 1.226886, 44.040321 ], [ 1.225139, 44.04252 ], [ 1.225124, 44.042531 ], [ 1.219831, 44.049486 ], [ 1.219892, 44.049891 ], [ 1.219931, 44.050527 ], [ 1.216338, 44.050751 ], [ 1.211544, 44.047234 ], [ 1.20467, 44.044057 ], [ 1.202617, 44.043341 ], [ 1.195153, 44.04559 ], [ 1.19409, 44.046406 ], [ 1.191918, 44.047169 ], [ 1.188545540869854, 44.050191404836227 ], [ 1.194095, 44.05018 ] ] ], [ [ [ 1.181178, 44.087838 ], [ 1.182533, 44.089079 ], [ 1.18504, 44.091662 ], [ 1.193755, 44.090765 ], [ 1.198264, 44.090926 ], [ 1.205625, 44.090793 ], [ 1.208604, 44.09095 ], [ 1.209621, 44.087496 ], [ 1.208925, 44.087291 ], [ 1.206471, 44.086412 ], [ 1.202984, 44.082653 ], [ 1.202989, 44.076796 ], [ 1.20312, 44.076332 ], [ 1.203125, 44.076313 ], [ 1.203192, 44.076066 ], [ 1.205931, 44.070058 ], [ 1.203579, 44.067332 ], [ 1.201415, 44.067015 ], [ 1.199281, 44.068468 ], [ 1.194962, 44.069066 ], [ 1.190763, 44.062802 ], [ 1.18826, 44.057671 ], [ 1.185902123333277, 44.053329905992449 ], [ 1.183192, 44.059282 ], [ 1.184552, 44.061473 ], [ 1.186825, 44.064487 ], [ 1.187208, 44.064818 ], [ 1.18682, 44.066816 ], [ 1.193829, 44.071725 ], [ 1.194836, 44.071619 ], [ 1.196959, 44.072534 ], [ 1.197144, 44.073007 ], [ 1.197398, 44.074148 ], [ 1.196372, 44.076524 ], [ 1.198953, 44.083985 ], [ 1.199535, 44.084719 ], [ 1.199681, 44.084934 ], [ 1.199722, 44.085063 ], [ 1.199965, 44.086698 ], [ 1.199957, 44.08671 ], [ 1.198086, 44.087479 ], [ 1.193529, 44.088835 ], [ 1.185977, 44.08714 ], [ 1.184374, 44.08748 ], [ 1.184365, 44.087481 ], [ 1.182556, 44.086756 ], [ 1.180981327882001, 44.08624455447255 ], [ 1.181178, 44.087838 ] ] ], [ [ [ 1.176461392115951, 44.08477650223135 ], [ 1.175607, 44.084499 ], [ 1.175245746975831, 44.084921933060976 ], [ 1.176461392115951, 44.08477650223135 ] ] ], [ [ [ 1.108037, 44.096707 ], [ 1.104206, 44.102394 ], [ 1.103006, 44.103626 ], [ 1.102828, 44.104029 ], [ 1.103372, 44.105896 ], [ 1.104236, 44.106102 ], [ 1.109942, 44.107838 ], [ 1.113251, 44.110107 ], [ 1.117235, 44.108044 ], [ 1.123203, 44.105983 ], [ 1.122822, 44.102404 ], [ 1.12141, 44.097235 ], [ 1.126136, 44.090111 ], [ 1.12853, 44.089912 ], [ 1.136866, 44.088498 ], [ 1.140266, 44.087588 ], [ 1.146071, 44.086571 ], [ 1.150083, 44.08656 ], [ 1.155559, 44.087694 ], [ 1.162401, 44.088415 ], [ 1.162972, 44.088733 ], [ 1.167583, 44.095142 ], [ 1.167517, 44.096614 ], [ 1.167498, 44.096884 ], [ 1.168736, 44.098451 ], [ 1.168858, 44.098483 ], [ 1.171778, 44.097852 ], [ 1.17463, 44.09595 ], [ 1.173729, 44.094606 ], [ 1.172867, 44.092811 ], [ 1.171954881146099, 44.088825674935713 ], [ 1.169676, 44.091801 ], [ 1.166393, 44.090323 ], [ 1.162614, 44.08354 ], [ 1.15732, 44.082294 ], [ 1.153748, 44.082741 ], [ 1.150115, 44.083737 ], [ 1.141213, 44.084213 ], [ 1.137722, 44.085095 ], [ 1.134513, 44.084046 ], [ 1.129851, 44.077762 ], [ 1.125069, 44.078924 ], [ 1.122837, 44.082842 ], [ 1.118431, 44.0903 ], [ 1.117944, 44.09101 ], [ 1.114807, 44.098876 ], [ 1.114964, 44.101061 ], [ 1.115116, 44.103011 ], [ 1.111603, 44.103801 ], [ 1.111379, 44.102803 ], [ 1.111122, 44.101465 ], [ 1.110917, 44.099517 ], [ 1.110817, 44.098207 ], [ 1.104903, 44.091936 ], [ 1.102866, 44.092186 ], [ 1.108037, 44.096707 ] ] ], [ [ [ 1.070231, 44.070299 ], [ 1.0709, 44.077412 ], [ 1.072242, 44.080753 ], [ 1.073659, 44.08774 ], [ 1.071895, 44.090075 ], [ 1.06791, 44.09322 ], [ 1.066726, 44.095766 ], [ 1.069587, 44.097951 ], [ 1.074606, 44.102656 ], [ 1.077145, 44.104482 ], [ 1.082865, 44.108972 ], [ 1.084803, 44.108642 ], [ 1.085601, 44.108296 ], [ 1.08975, 44.106107 ], [ 1.090376, 44.104409 ], [ 1.091343, 44.102879 ], [ 1.09111, 44.101177 ], [ 1.091389, 44.098668 ], [ 1.091517, 44.090595 ], [ 1.08848, 44.098334 ], [ 1.087551, 44.101972 ], [ 1.08505, 44.103977 ], [ 1.083424, 44.104614 ], [ 1.082507, 44.104927 ], [ 1.081544, 44.105237 ], [ 1.081359, 44.105165 ], [ 1.077295, 44.10264 ], [ 1.076628, 44.102097 ], [ 1.072022, 44.097504 ], [ 1.071971, 44.093904 ], [ 1.076857, 44.090883 ], [ 1.078309, 44.082685 ], [ 1.076222, 44.081229 ], [ 1.074946, 44.07821 ], [ 1.074518, 44.076958 ], [ 1.074515, 44.076532 ], [ 1.070469, 44.068959 ], [ 1.068523, 44.068354 ], [ 1.068070016937265, 44.068181849047185 ], [ 1.070231, 44.070299 ] ] ], [ [ [ 1.062253, 44.054016 ], [ 1.062294, 44.05508 ], [ 1.062329, 44.055726 ], [ 1.065124, 44.062435 ], [ 1.065887, 44.060668 ], [ 1.062385699077722, 44.053461707675346 ], [ 1.062253, 44.054016 ] ] ], [ [ [ 1.043992, 44.046361 ], [ 1.045575, 44.049595 ], [ 1.04739, 44.04908 ], [ 1.048208, 44.048694 ], [ 1.049336, 44.047496 ], [ 1.049889, 44.046832 ], [ 1.058099, 44.045014 ], [ 1.050032, 44.0461 ], [ 1.047673, 44.044663 ], [ 1.047095, 44.044018 ], [ 1.043242, 44.04241 ], [ 1.037954, 44.046591 ], [ 1.037711494237938, 44.047138322032431 ], [ 1.043992, 44.046361 ] ] ], [ [ [ 1.010612, 44.046012 ], [ 1.013217, 44.049132 ], [ 1.014472, 44.051083 ], [ 1.014552, 44.051197 ], [ 1.014772, 44.051424 ], [ 1.014865, 44.051435 ], [ 1.015721, 44.051472 ], [ 1.015945, 44.051445 ], [ 1.019771, 44.051083 ], [ 1.022891, 44.057275 ], [ 1.02234, 44.058938 ], [ 1.02233, 44.059011 ], [ 1.023231, 44.061949 ], [ 1.023248, 44.062031 ], [ 1.024742, 44.061791 ], [ 1.02677, 44.061284 ], [ 1.028315, 44.058401 ], [ 1.028335, 44.055974 ], [ 1.028451, 44.052375 ], [ 1.032371925801982, 44.049502300268344 ], [ 1.029349, 44.050357 ], [ 1.028315, 44.052176 ], [ 1.027449, 44.053809 ], [ 1.023965, 44.052903 ], [ 1.024007, 44.052743 ], [ 1.024126, 44.052385 ], [ 1.024514, 44.051483 ], [ 1.024469, 44.046096 ], [ 1.018618, 44.042818 ], [ 1.015439, 44.043109 ], [ 1.012291, 44.043396 ], [ 1.010463, 44.043595 ], [ 1.007505, 44.044028 ], [ 1.004621, 44.044449 ], [ 1.010612, 44.046012 ] ] ] ] } },
{ "type": "Feature", "properties": { "codgeo": "82033", "value": 780, "isochrone_group": 13.0, "nb_agences": 1 }, "geometry": { "type": "MultiPolygon", "coordinates": [ [ [ [ 0.931432, 44.05557 ], [ 0.928993, 44.055509 ], [ 0.927484, 44.055554 ], [ 0.925996, 44.055659 ], [ 0.924731, 44.055792 ], [ 0.922737, 44.056028 ], [ 0.918705, 44.056508 ], [ 0.917831, 44.056623 ], [ 0.914584, 44.057012 ], [ 0.911338, 44.0574 ], [ 0.911765, 44.060974 ], [ 0.915012, 44.060586 ], [ 0.918259, 44.060198 ], [ 0.919174, 44.060078 ], [ 0.923161, 44.059604 ], [ 0.925155, 44.059367 ], [ 0.93237, 44.059249 ], [ 0.932570073595149, 44.05926927177395 ], [ 0.932931905301243, 44.055688937046817 ], [ 0.932644, 44.05566 ], [ 0.931432, 44.05557 ] ] ], [ [ [ 1.031547, 43.996551 ], [ 1.030669, 43.99534 ], [ 1.030274, 43.995406 ], [ 1.02736, 43.995859 ], [ 1.022231, 43.997952 ], [ 1.021262, 43.99838 ], [ 1.020904, 43.998568 ], [ 1.015029, 44.001751 ], [ 1.014116, 44.003562 ], [ 1.009556, 44.008403 ], [ 1.003372, 44.010355 ], [ 0.999979, 44.011559 ], [ 0.993535, 44.011728 ], [ 0.991247, 44.008948 ], [ 0.990231, 44.009784 ], [ 0.989745, 44.010349 ], [ 0.989404, 44.011027 ], [ 0.989256, 44.011709 ], [ 0.989317, 44.012581 ], [ 0.988871, 44.019687 ], [ 0.991336, 44.022311 ], [ 0.991486, 44.028862 ], [ 0.99088, 44.029882 ], [ 0.990723, 44.030197 ], [ 0.989674, 44.032688 ], [ 0.987266, 44.035364 ], [ 0.981131, 44.035792 ], [ 0.980828, 44.035692 ], [ 0.980161, 44.035505 ], [ 0.979189, 44.038971 ], [ 0.972971, 44.041834 ], [ 0.96962, 44.040013 ], [ 0.965967, 44.040916 ], [ 0.960836, 44.045534 ], [ 0.956741, 44.053038 ], [ 0.958427, 44.052634 ], [ 0.960285, 44.052224 ], [ 0.962034, 44.051905 ], [ 0.966045, 44.051244 ], [ 0.970027, 44.050588 ], [ 0.972373, 44.050155 ], [ 0.976513, 44.043237 ], [ 0.978634, 44.042546 ], [ 0.985179, 44.037555 ], [ 0.989892, 44.032954 ], [ 0.997739, 44.029085 ], [ 0.998594, 44.02056 ], [ 0.996345, 44.019205 ], [ 0.996868, 44.015644 ], [ 1.002258, 44.014699 ], [ 1.002718, 44.014606 ], [ 1.009863, 44.013061 ], [ 1.012938, 44.00878 ], [ 1.012973, 44.008746 ], [ 1.013195, 44.008606 ], [ 1.014391, 44.00827 ], [ 1.014506, 44.00829 ], [ 1.016216, 44.010198 ], [ 1.016359, 44.010582 ], [ 1.016461, 44.010994 ], [ 1.016512, 44.011679 ], [ 1.016471, 44.012148 ], [ 1.016805, 44.014788 ], [ 1.017088, 44.015588 ], [ 1.017744, 44.016746 ], [ 1.02619, 44.018078 ], [ 1.028615, 44.015416 ], [ 1.030098, 44.015139 ], [ 1.033351, 44.013597 ], [ 1.032696, 44.004747 ], [ 1.030532, 44.003897 ], [ 1.028251, 44.003082 ], [ 1.027265, 44.002673 ], [ 1.028641, 43.999347 ], [ 1.029627, 43.999755 ], [ 1.03174, 44.000506 ], [ 1.033938, 44.001289 ], [ 1.034991333566952, 44.00128494091112 ], [ 1.032207, 43.997531 ], [ 1.031547, 43.996551 ] ] ], [ [ [ 1.049572, 43.996356 ], [ 1.042984, 44.000281 ], [ 1.041069014383966, 44.001261520175795 ], [ 1.041723, 44.001259 ], [ 1.048328, 44.005058 ], [ 1.054274, 43.999066 ], [ 1.056079778187922, 43.996182046557031 ], [ 1.053463, 43.994995 ], [ 1.049572, 43.996356 ] ] ], [ [ [ 1.078452, 43.984577 ], [ 1.070524, 43.981982 ], [ 1.06992, 43.978413 ], [ 1.069322, 43.97776 ], [ 1.067839, 43.976763 ], [ 1.066996, 43.976925 ], [ 1.066547, 43.977408 ], [ 1.063963, 43.981766 ], [ 1.063777, 43.984015 ], [ 1.06409, 43.990187 ], [ 1.063338, 43.993182 ], [ 1.057431, 43.996795 ], [ 1.058072, 43.997297 ], [ 1.066668, 43.996389 ], [ 1.067416, 43.987895 ], [ 1.067384, 43.98629 ], [ 1.070274, 43.984143 ], [ 1.072324, 43.985823 ], [ 1.079052, 43.991796 ], [ 1.085481, 43.991283 ], [ 1.086137, 43.99109 ], [ 1.079132, 43.985498 ], [ 1.078452, 43.984577 ] ] ], [ [ [ 1.137666, 43.995442 ], [ 1.138085, 43.995228 ], [ 1.138535, 43.995024 ], [ 1.137571, 43.991556 ], [ 1.139821, 43.986898 ], [ 1.145559, 43.984474 ], [ 1.146535, 43.981008 ], [ 1.148107, 43.977058 ], [ 1.145406, 43.974678 ], [ 1.141991, 43.966943 ], [ 1.140594, 43.965832 ], [ 1.138923, 43.96506 ], [ 1.138067, 43.966454 ], [ 1.129811, 43.964734 ], [ 1.127102, 43.962363 ], [ 1.125273, 43.962763 ], [ 1.122739, 43.96532 ], [ 1.118023, 43.968417 ], [ 1.117191, 43.97192 ], [ 1.115955, 43.976395 ], [ 1.11582, 43.979992 ], [ 1.114631, 43.985699 ], [ 1.109423, 43.989776 ], [ 1.106217, 43.990037 ], [ 1.09737, 43.991031 ], [ 1.096836, 43.990462 ], [ 1.096797, 43.990425 ], [ 1.095563, 43.989222 ], [ 1.089635, 43.989302 ], [ 1.086137, 43.99109 ], [ 1.086378, 43.99106 ], [ 1.092852, 43.99267 ], [ 1.094173, 43.994115 ], [ 1.095078, 43.995499 ], [ 1.103441, 43.997248 ], [ 1.107728, 43.992519 ], [ 1.109686, 43.991309 ], [ 1.111161, 43.990489 ], [ 1.111762, 43.990215 ], [ 1.112622, 43.989877 ], [ 1.118945, 43.993618 ], [ 1.123398, 43.98837 ], [ 1.120323, 43.980951 ], [ 1.120182, 43.980877 ], [ 1.120277, 43.978103 ], [ 1.126258, 43.971595 ], [ 1.127091, 43.971712 ], [ 1.127594, 43.971835 ], [ 1.129009, 43.97221 ], [ 1.133434, 43.973875 ], [ 1.136693, 43.975405 ], [ 1.139504, 43.983314 ], [ 1.140537, 43.984067 ], [ 1.139819, 43.9869 ], [ 1.138289, 43.988097 ], [ 1.136217, 43.99609 ], [ 1.133791, 44.000183 ], [ 1.13683, 43.995833 ], [ 1.137666, 43.995442 ] ] ], [ [ [ 1.166039, 43.993715 ], [ 1.163811, 43.991954 ], [ 1.163308, 43.991791 ], [ 1.162366, 43.991974 ], [ 1.157463, 43.993468 ], [ 1.151854, 43.993888 ], [ 1.150255, 43.994154 ], [ 1.149534, 43.994298 ], [ 1.149208, 43.994411 ], [ 1.146682, 44.001501 ], [ 1.150202, 43.997866 ], [ 1.153207, 43.995883 ], [ 1.156184, 43.995644 ], [ 1.159253, 43.995261 ], [ 1.164197, 43.99466 ], [ 1.166653, 43.995887 ], [ 1.169863, 43.996732 ], [ 1.170275752513349, 43.996572647841475 ], [ 1.167012, 43.994391 ], [ 1.166039, 43.993715 ] ] ], [ [ [ 1.199239, 44.003552 ], [ 1.196742, 44.000958 ], [ 1.196869, 43.994388 ], [ 1.203693, 43.992845 ], [ 1.204765, 43.993499 ], [ 1.206245, 43.994363 ], [ 1.20806, 43.991255 ], [ 1.205421, 43.984119 ], [ 1.204423, 43.978997 ], [ 1.207184, 43.973464 ], [ 1.206339, 43.971738 ], [ 1.2034, 43.96966 ], [ 1.200586, 43.972734 ], [ 1.195786, 43.97622 ], [ 1.192522, 43.979681 ], [ 1.186221, 43.983218 ], [ 1.182429, 43.985116 ], [ 1.182941, 43.98868 ], [ 1.182118376239225, 43.990170263682074 ], [ 1.183966, 43.988686 ], [ 1.189135, 43.985796 ], [ 1.190768, 43.982519 ], [ 1.197204, 43.978514 ], [ 1.198448, 43.978592 ], [ 1.198952, 43.978691 ], [ 1.20014, 43.980596 ], [ 1.200815, 43.986972 ], [ 1.198568, 43.989785 ], [ 1.19297, 43.99556 ], [ 1.192666, 43.997029 ], [ 1.194945, 44.004199 ], [ 1.198239, 44.005652 ], [ 1.199528, 44.006913 ], [ 1.200024, 44.007687 ], [ 1.208078, 44.010281 ], [ 1.200465, 44.007292 ], [ 1.199239, 44.003552 ] ] ], [ [ [ 1.239886, 44.023241 ], [ 1.239292, 44.023365 ], [ 1.232843, 44.017199 ], [ 1.234724, 44.014129 ], [ 1.236963, 44.012057 ], [ 1.238873, 44.010502 ], [ 1.236599, 44.007711 ], [ 1.230657, 44.00835 ], [ 1.228847, 43.999596 ], [ 1.230601, 43.997613 ], [ 1.232104, 43.995992 ], [ 1.233548, 43.994546 ], [ 1.235144, 43.993113 ], [ 1.232739, 43.990434 ], [ 1.231143, 43.991867 ], [ 1.229559, 43.993445 ], [ 1.227963, 43.995163 ], [ 1.226151, 43.997211 ], [ 1.224368, 43.999227 ], [ 1.222563, 44.001068 ], [ 1.221504, 44.002026 ], [ 1.216589, 44.004725 ], [ 1.216305, 44.004847 ], [ 1.215754, 44.005203 ], [ 1.214975, 44.006211 ], [ 1.212947352919648, 44.007957773794125 ], [ 1.213021, 44.007918 ], [ 1.214117, 44.007224 ], [ 1.215303, 44.006601 ], [ 1.216758, 44.005679 ], [ 1.218117, 44.004737 ], [ 1.219213, 44.003911 ], [ 1.221381, 44.006785 ], [ 1.220284, 44.007612 ], [ 1.218811, 44.008636 ], [ 1.217234, 44.00964 ], [ 1.21564, 44.010583 ], [ 1.214851, 44.011016 ], [ 1.214762, 44.011069 ], [ 1.214058, 44.01145 ], [ 1.211523, 44.018836 ], [ 1.210382, 44.022137 ], [ 1.21273, 44.028342 ], [ 1.217327, 44.028027 ], [ 1.220282, 44.023467 ], [ 1.2207, 44.019891 ], [ 1.226208, 44.015951 ], [ 1.226423, 44.015161 ], [ 1.226846, 44.014289 ], [ 1.228373, 44.013995 ], [ 1.231145, 44.016293 ], [ 1.231056, 44.01642 ], [ 1.230305, 44.017924 ], [ 1.22988, 44.019075 ], [ 1.229419, 44.020369 ], [ 1.229293, 44.020649 ], [ 1.228988, 44.021134 ], [ 1.228355, 44.026222 ], [ 1.233752, 44.028909 ], [ 1.235087, 44.028547 ], [ 1.237752, 44.026127 ], [ 1.240649, 44.024852 ], [ 1.244587069177567, 44.023950627868786 ], [ 1.240608, 44.023693 ], [ 1.239886, 44.023241 ] ] ], [ [ [ 1.264678, 44.021509 ], [ 1.257025, 44.017847 ], [ 1.255926, 44.018351 ], [ 1.255661, 44.018488 ], [ 1.249124, 44.019734 ], [ 1.246902296564099, 44.023420702834585 ], [ 1.248168, 44.023131 ], [ 1.249207, 44.022604 ], [ 1.25115, 44.021673 ], [ 1.251166237831055, 44.021666591038475 ], [ 1.251166, 44.021666 ], [ 1.252981, 44.020518 ], [ 1.254145, 44.020527 ], [ 1.254441, 44.02057 ], [ 1.256374, 44.020934 ], [ 1.257233, 44.021051 ], [ 1.259595, 44.021423 ], [ 1.26226, 44.021647 ], [ 1.262706, 44.021626 ], [ 1.263412, 44.021642 ], [ 1.264728, 44.021508 ], [ 1.264730002799485, 44.021507188833823 ], [ 1.264678, 44.021509 ] ] ], [ [ [ 1.252494, 44.025013 ], [ 1.250769, 44.025848 ], [ 1.249796, 44.026342 ], [ 1.253439487857292, 44.025256881986003 ], [ 1.252512871358135, 44.025006775020387 ], [ 1.252494, 44.025013 ] ] ], [ [ [ 1.228032, 44.048604 ], [ 1.230988, 44.049615 ], [ 1.231717, 44.049183 ], [ 1.23195, 44.049028 ], [ 1.232013, 44.048973 ], [ 1.235864, 44.045158 ], [ 1.237621, 44.042016 ], [ 1.240191, 44.037307 ], [ 1.242951, 44.034119 ], [ 1.242343, 44.034041 ], [ 1.241292, 44.033856 ], [ 1.240952, 44.033817 ], [ 1.24018, 44.033762 ], [ 1.233987, 44.036375 ], [ 1.232756, 44.040426 ], [ 1.231219, 44.043682 ], [ 1.228951, 44.045993 ], [ 1.228215, 44.046523 ], [ 1.2268, 44.04596 ], [ 1.219936, 44.050968 ], [ 1.219839, 44.051977 ], [ 1.219855, 44.054001 ], [ 1.220137, 44.055138 ], [ 1.22573, 44.048466 ], [ 1.228032, 44.048604 ] ] ], [ [ [ 1.182594, 44.09241 ], [ 1.184847, 44.093457 ], [ 1.185344, 44.093609 ], [ 1.186582, 44.093821 ], [ 1.188022, 44.09404 ], [ 1.188172, 44.094056 ], [ 1.195003, 44.093992 ], [ 1.198555, 44.093934 ], [ 1.207062, 44.095112 ], [ 1.213504, 44.093927 ], [ 1.219582, 44.09386 ], [ 1.221263, 44.092387 ], [ 1.221283, 44.092251 ], [ 1.220945, 44.090528 ], [ 1.220737, 44.090443 ], [ 1.219892, 44.090229 ], [ 1.214232, 44.087608 ], [ 1.21112, 44.085798 ], [ 1.208541, 44.082979 ], [ 1.206385, 44.074266 ], [ 1.206213, 44.073525 ], [ 1.207118, 44.065588 ], [ 1.20641, 44.063042 ], [ 1.209958, 44.057155 ], [ 1.216837, 44.05982 ], [ 1.217773, 44.061772 ], [ 1.218695, 44.062904 ], [ 1.223053, 44.067743 ], [ 1.223125, 44.067888 ], [ 1.225481, 44.066876 ], [ 1.226659, 44.066344 ], [ 1.226561, 44.062161 ], [ 1.225154, 44.059708 ], [ 1.224874, 44.059471 ], [ 1.224348, 44.059186 ], [ 1.223704, 44.058981 ], [ 1.222822, 44.058587 ], [ 1.220137, 44.055138 ], [ 1.221051, 44.057569 ], [ 1.22067, 44.060387 ], [ 1.220212, 44.060654 ], [ 1.218596, 44.060202 ], [ 1.218538, 44.060148 ], [ 1.218142, 44.059769 ], [ 1.216687, 44.05862 ], [ 1.212087, 44.05175 ], [ 1.210598, 44.051424 ], [ 1.207225, 44.049887 ], [ 1.204192, 44.048459 ], [ 1.195952, 44.051083 ], [ 1.195093, 44.05145 ], [ 1.194703, 44.051282 ], [ 1.194396, 44.050643 ], [ 1.194095, 44.05018 ], [ 1.185823, 44.050197 ], [ 1.185214, 44.052063 ], [ 1.18826, 44.057671 ], [ 1.190763, 44.062802 ], [ 1.194962, 44.069066 ], [ 1.199281, 44.068468 ], [ 1.201415, 44.067015 ], [ 1.203579, 44.067332 ], [ 1.205931, 44.070058 ], [ 1.203192, 44.076066 ], [ 1.203125, 44.076313 ], [ 1.20312, 44.076332 ], [ 1.202989, 44.076796 ], [ 1.202984, 44.082653 ], [ 1.206471, 44.086412 ], [ 1.208925, 44.087291 ], [ 1.209621, 44.087496 ], [ 1.208604, 44.09095 ], [ 1.205625, 44.090793 ], [ 1.198264, 44.090926 ], [ 1.193755, 44.090765 ], [ 1.18504, 44.091662 ], [ 1.182533, 44.089079 ], [ 1.181178, 44.087838 ], [ 1.180737, 44.084265 ], [ 1.172353, 44.085268 ], [ 1.171616, 44.087345 ], [ 1.172867, 44.092811 ], [ 1.173729, 44.094606 ], [ 1.173992833878294, 44.09499955464198 ], [ 1.175521, 44.09342 ], [ 1.182594, 44.09241 ] ] ], [ [ [ 1.156128, 44.090606 ], [ 1.156416, 44.091383 ], [ 1.163288, 44.095833 ], [ 1.163078, 44.098202 ], [ 1.163147, 44.09943 ], [ 1.164698, 44.103486 ], [ 1.16472, 44.103573 ], [ 1.166294, 44.105138 ], [ 1.166683, 44.10521 ], [ 1.168199, 44.104235 ], [ 1.168247, 44.104089 ], [ 1.170763, 44.098338 ], [ 1.171089180228096, 44.098000851121945 ], [ 1.168858, 44.098483 ], [ 1.168736, 44.098451 ], [ 1.167498, 44.096884 ], [ 1.167517, 44.096614 ], [ 1.167583, 44.095142 ], [ 1.162972, 44.088733 ], [ 1.162401, 44.088415 ], [ 1.155559, 44.087694 ], [ 1.150083, 44.08656 ], [ 1.149199976859638, 44.086562421050473 ], [ 1.155947, 44.089857 ], [ 1.156128, 44.090606 ] ] ], [ [ [ 1.128458, 44.107765 ], [ 1.130992, 44.109202 ], [ 1.132464, 44.109606 ], [ 1.13316, 44.109709 ], [ 1.134305, 44.106296 ], [ 1.131468, 44.101773 ], [ 1.128126, 44.099689 ], [ 1.127103, 44.098304 ], [ 1.131047, 44.091026 ], [ 1.133608, 44.090403 ], [ 1.137782, 44.088253 ], [ 1.14345, 44.088618 ], [ 1.144197, 44.088379 ], [ 1.144629, 44.087965 ], [ 1.147105732551388, 44.086568162996485 ], [ 1.146071, 44.086571 ], [ 1.140266, 44.087588 ], [ 1.136866, 44.088498 ], [ 1.12853, 44.089912 ], [ 1.126136, 44.090111 ], [ 1.12141, 44.097235 ], [ 1.122822, 44.102404 ], [ 1.123203, 44.105983 ], [ 1.122776420547396, 44.106130315725849 ], [ 1.127297, 44.107089 ], [ 1.128458, 44.107765 ] ] ], [ [ [ 1.066728, 44.076787 ], [ 1.070177, 44.080494 ], [ 1.067585, 44.087988 ], [ 1.064239, 44.092308 ], [ 1.062148, 44.095239 ], [ 1.066415, 44.100701 ], [ 1.067177, 44.101089 ], [ 1.069522, 44.102029 ], [ 1.07373, 44.109526 ], [ 1.075352, 44.11274 ], [ 1.076801, 44.112215 ], [ 1.081747, 44.110671 ], [ 1.081864, 44.110592 ], [ 1.089566, 44.107174 ], [ 1.09287, 44.108603 ], [ 1.094847, 44.108443 ], [ 1.096766, 44.105397 ], [ 1.104689, 44.108501 ], [ 1.106434, 44.110414 ], [ 1.112869, 44.114723 ], [ 1.112989, 44.114808 ], [ 1.114978, 44.114715 ], [ 1.115118, 44.114589 ], [ 1.116576, 44.112003 ], [ 1.117124, 44.111012 ], [ 1.117744, 44.11002 ], [ 1.122100756973654, 44.106363650616167 ], [ 1.117235, 44.108044 ], [ 1.113251, 44.110107 ], [ 1.109942, 44.107838 ], [ 1.104236, 44.106102 ], [ 1.103372, 44.105896 ], [ 1.102828, 44.104029 ], [ 1.103006, 44.103626 ], [ 1.104206, 44.102394 ], [ 1.108037, 44.096707 ], [ 1.102866, 44.092186 ], [ 1.100881, 44.090707 ], [ 1.098362, 44.089232 ], [ 1.091517, 44.090595 ], [ 1.091389, 44.098668 ], [ 1.09111, 44.101177 ], [ 1.091343, 44.102879 ], [ 1.090376, 44.104409 ], [ 1.08975, 44.106107 ], [ 1.085601, 44.108296 ], [ 1.084803, 44.108642 ], [ 1.082865, 44.108972 ], [ 1.077145, 44.104482 ], [ 1.074606, 44.102656 ], [ 1.069587, 44.097951 ], [ 1.066726, 44.095766 ], [ 1.06791, 44.09322 ], [ 1.071895, 44.090075 ], [ 1.073659, 44.08774 ], [ 1.072242, 44.080753 ], [ 1.0709, 44.077412 ], [ 1.070231, 44.070299 ], [ 1.066632, 44.066773 ], [ 1.065249, 44.065906 ], [ 1.067158, 44.074579 ], [ 1.066728, 44.076787 ] ] ], [ [ [ 1.062019, 44.057443 ], [ 1.061932, 44.057971 ], [ 1.065249, 44.065906 ], [ 1.065124, 44.062435 ], [ 1.062329, 44.055726 ], [ 1.062294, 44.05508 ], [ 1.062207, 44.056488 ], [ 1.062019, 44.057443 ] ] ], [ [ [ 1.042032, 44.053386 ], [ 1.042343, 44.053398 ], [ 1.042997, 44.053254 ], [ 1.043859, 44.053104 ], [ 1.048208, 44.048694 ], [ 1.04739, 44.04908 ], [ 1.045575, 44.049595 ], [ 1.043992, 44.046361 ], [ 1.035169, 44.047453 ], [ 1.041548, 44.053071 ], [ 1.042032, 44.053386 ] ] ], [ [ [ 1.000226, 44.048291 ], [ 1.008296, 44.05189 ], [ 1.008723, 44.052603 ], [ 1.009877, 44.052941 ], [ 1.016663, 44.055564 ], [ 1.017545, 44.061606 ], [ 1.017098, 44.065179 ], [ 1.019862, 44.067663 ], [ 1.021151, 44.067827 ], [ 1.021435, 44.067752 ], [ 1.027214, 44.066755 ], [ 1.028605, 44.066567 ], [ 1.029195, 44.066436 ], [ 1.031368, 44.065796 ], [ 1.030891, 44.062228 ], [ 1.032337, 44.057575 ], [ 1.032343, 44.057398 ], [ 1.030793, 44.055536 ], [ 1.030288847249984, 44.051028485536698 ], [ 1.028451, 44.052375 ], [ 1.028335, 44.055974 ], [ 1.028315, 44.058401 ], [ 1.02677, 44.061284 ], [ 1.024742, 44.061791 ], [ 1.023248, 44.062031 ], [ 1.023231, 44.061949 ], [ 1.02233, 44.059011 ], [ 1.02234, 44.058938 ], [ 1.022891, 44.057275 ], [ 1.019771, 44.051083 ], [ 1.015945, 44.051445 ], [ 1.015721, 44.051472 ], [ 1.014865, 44.051435 ], [ 1.014772, 44.051424 ], [ 1.014552, 44.051197 ], [ 1.014472, 44.051083 ], [ 1.013217, 44.049132 ], [ 1.010612, 44.046012 ], [ 1.004621, 44.044449 ], [ 1.003345, 44.04469 ], [ 0.999647, 44.046383 ], [ 0.999132, 44.046688 ], [ 0.998774, 44.046819 ], [ 0.998178, 44.046909 ], [ 0.991994, 44.04783 ], [ 0.999605, 44.048496 ], [ 1.000226, 44.048291 ] ] ], [ [ [ 0.936954, 44.059712 ], [ 0.934762, 44.059491 ], [ 0.934040136541265, 44.059418220883039 ], [ 0.93464, 44.059479 ], [ 0.936954, 44.059712 ] ] ] ] } },
{ "type": "Feature", "properties": { "codgeo": "82033", "value": 840, "isochrone_group": 14.0, "nb_agences": 1 }, "geometry": { "type": "MultiPolygon", "coordinates": [ [ [ [ 0.907334, 44.05786 ], [ 0.90573, 44.058014 ], [ 0.904909, 44.05807 ], [ 0.902956, 44.058177 ], [ 0.901689, 44.058196 ], [ 0.893032, 44.056564 ], [ 0.891206, 44.055953 ], [ 0.88938, 44.055341 ], [ 0.888236, 44.058754 ], [ 0.890062, 44.059366 ], [ 0.891888, 44.059978 ], [ 0.894572, 44.060866 ], [ 0.895421, 44.061108 ], [ 0.896352, 44.061329 ], [ 0.897282, 44.061497 ], [ 0.898949, 44.061701 ], [ 0.900387, 44.061786 ], [ 0.901666, 44.061796 ], [ 0.903008, 44.061777 ], [ 0.905104, 44.061664 ], [ 0.905972, 44.061606 ], [ 0.907676, 44.061444 ], [ 0.909945, 44.061192 ], [ 0.914109, 44.060694 ], [ 0.918259, 44.060198 ], [ 0.915012, 44.060586 ], [ 0.911765, 44.060974 ], [ 0.911338011853312, 44.057400099212494 ], [ 0.909548, 44.057614 ], [ 0.907334, 44.05786 ] ] ], [ [ [ 0.914584, 44.057012 ], [ 0.917831, 44.056623 ], [ 0.914393944340059, 44.057034717682086 ], [ 0.914584, 44.057012 ] ] ], [ [ [ 1.151368, 43.984491 ], [ 1.151602, 43.980993 ], [ 1.152303, 43.977623 ], [ 1.154802, 43.970234 ], [ 1.153591, 43.968645 ], [ 1.150565, 43.960956 ], [ 1.148871, 43.95778 ], [ 1.146906, 43.958828 ], [ 1.13843, 43.960265 ], [ 1.132454, 43.955369 ], [ 1.130577, 43.954758 ], [ 1.129879, 43.954726 ], [ 1.128881, 43.954928 ], [ 1.12108, 43.959175 ], [ 1.119031, 43.957911 ], [ 1.118174, 43.957138 ], [ 1.116999, 43.956313 ], [ 1.116198, 43.955721 ], [ 1.116089, 43.955643 ], [ 1.112869, 43.957253 ], [ 1.112925, 43.961132 ], [ 1.110877, 43.968869 ], [ 1.111007, 43.975819 ], [ 1.109268, 43.978126 ], [ 1.110345, 43.981562 ], [ 1.108136, 43.987147 ], [ 1.103939, 43.988664 ], [ 1.099453, 43.987494 ], [ 1.096718, 43.987302 ], [ 1.096369, 43.98738 ], [ 1.095939, 43.987524 ], [ 1.094301, 43.988135 ], [ 1.086944, 43.988404 ], [ 1.084975, 43.987879 ], [ 1.07812, 43.983472 ], [ 1.077795, 43.981958 ], [ 1.077604, 43.980167 ], [ 1.074703, 43.97538 ], [ 1.072822, 43.971347 ], [ 1.072544, 43.970795 ], [ 1.071686, 43.970451 ], [ 1.066416, 43.970725 ], [ 1.063859, 43.973259 ], [ 1.058188, 43.975255 ], [ 1.056816, 43.978899 ], [ 1.057494, 43.982435 ], [ 1.058294, 43.990116 ], [ 1.051306, 43.99257 ], [ 1.050472, 43.992948 ], [ 1.049792, 43.993478 ], [ 1.046089, 43.996162 ], [ 1.040375, 43.992507 ], [ 1.04034, 43.992483 ], [ 1.038811, 43.992274 ], [ 1.031915, 43.992666 ], [ 1.028464, 43.991642 ], [ 1.024286, 43.992474 ], [ 1.015553, 43.993739 ], [ 1.01417, 43.994666 ], [ 1.01265, 43.995867 ], [ 1.01187, 43.997513 ], [ 1.009847, 44.000491 ], [ 1.004081, 44.005578 ], [ 1.001129, 44.006709 ], [ 0.993892, 44.004857 ], [ 0.99085, 44.001947 ], [ 0.98776, 44.003793 ], [ 0.988819, 44.00897 ], [ 0.983961, 44.011965 ], [ 0.982234, 44.015124 ], [ 0.982971, 44.022765 ], [ 0.981474, 44.026039 ], [ 0.976668, 44.032977 ], [ 0.969718, 44.033542 ], [ 0.969259, 44.033455 ], [ 0.968019, 44.033139 ], [ 0.96748, 44.033582 ], [ 0.964387, 44.035987 ], [ 0.957642, 44.034895 ], [ 0.95497, 44.037309 ], [ 0.954524, 44.044752 ], [ 0.94886, 44.050063 ], [ 0.947286, 44.050617 ], [ 0.946695, 44.050905 ], [ 0.945374, 44.051768 ], [ 0.938964, 44.056255 ], [ 0.940666, 44.056299 ], [ 0.941695, 44.056289 ], [ 0.942879, 44.056229 ], [ 0.94521, 44.055993 ], [ 0.946275, 44.055834 ], [ 0.947511, 44.055588 ], [ 0.949026, 44.055231 ], [ 0.950583, 44.054799 ], [ 0.952356, 44.05426 ], [ 0.954998, 44.053506 ], [ 0.956741, 44.053038 ], [ 0.960836, 44.045534 ], [ 0.965967, 44.040916 ], [ 0.96962, 44.040013 ], [ 0.972971, 44.041834 ], [ 0.979189, 44.038971 ], [ 0.980161, 44.035505 ], [ 0.980828, 44.035692 ], [ 0.981131, 44.035792 ], [ 0.987266, 44.035364 ], [ 0.989674, 44.032688 ], [ 0.990723, 44.030197 ], [ 0.99088, 44.029882 ], [ 0.991486, 44.028862 ], [ 0.991336, 44.022311 ], [ 0.988871, 44.019687 ], [ 0.989317, 44.012581 ], [ 0.989256, 44.011709 ], [ 0.989404, 44.011027 ], [ 0.989745, 44.010349 ], [ 0.990231, 44.009784 ], [ 0.991247, 44.008948 ], [ 0.993535, 44.011728 ], [ 0.999979, 44.011559 ], [ 1.003372, 44.010355 ], [ 1.009556, 44.008403 ], [ 1.014116, 44.003562 ], [ 1.015029, 44.001751 ], [ 1.020904, 43.998568 ], [ 1.021262, 43.99838 ], [ 1.022231, 43.997952 ], [ 1.02736, 43.995859 ], [ 1.030274, 43.995406 ], [ 1.030669, 43.99534 ], [ 1.031547, 43.996551 ], [ 1.032207, 43.997531 ], [ 1.035383, 44.001813 ], [ 1.040406, 44.001601 ], [ 1.042984, 44.000281 ], [ 1.049572, 43.996356 ], [ 1.053463, 43.994995 ], [ 1.057431, 43.996795 ], [ 1.063338, 43.993182 ], [ 1.06409, 43.990187 ], [ 1.063777, 43.984015 ], [ 1.063963, 43.981766 ], [ 1.066547, 43.977408 ], [ 1.066996, 43.976925 ], [ 1.067839, 43.976763 ], [ 1.069322, 43.97776 ], [ 1.06992, 43.978413 ], [ 1.070524, 43.981982 ], [ 1.078452, 43.984577 ], [ 1.079132, 43.985498 ], [ 1.086137, 43.99109 ], [ 1.089635, 43.989302 ], [ 1.095563, 43.989222 ], [ 1.096797, 43.990425 ], [ 1.096836, 43.990462 ], [ 1.09737, 43.991031 ], [ 1.106217, 43.990037 ], [ 1.109423, 43.989776 ], [ 1.114631, 43.985699 ], [ 1.11582, 43.979992 ], [ 1.115955, 43.976395 ], [ 1.117191, 43.97192 ], [ 1.118023, 43.968417 ], [ 1.122739, 43.96532 ], [ 1.125273, 43.962763 ], [ 1.127102, 43.962363 ], [ 1.129811, 43.964734 ], [ 1.138067, 43.966454 ], [ 1.138923, 43.96506 ], [ 1.140594, 43.965832 ], [ 1.141991, 43.966943 ], [ 1.145406, 43.974678 ], [ 1.148107, 43.977058 ], [ 1.146535, 43.981008 ], [ 1.145559, 43.984474 ], [ 1.139821, 43.986898 ], [ 1.137571, 43.991556 ], [ 1.138535, 43.995024 ], [ 1.138085, 43.995228 ], [ 1.137666, 43.995442 ], [ 1.13683, 43.995833 ], [ 1.133791, 44.000183 ], [ 1.1332, 44.003734 ], [ 1.133893, 44.006798 ], [ 1.13692, 44.012883 ], [ 1.138713, 44.014933 ], [ 1.140049, 44.016582 ], [ 1.148214, 44.01492 ], [ 1.150578, 44.012205 ], [ 1.146425, 44.005091 ], [ 1.144296, 44.003134 ], [ 1.146682, 44.001501 ], [ 1.149208, 43.994411 ], [ 1.149534, 43.994298 ], [ 1.150255, 43.994154 ], [ 1.151854, 43.993888 ], [ 1.157463, 43.993468 ], [ 1.161419475852611, 43.992262416699219 ], [ 1.157411, 43.991046 ], [ 1.151368, 43.984491 ] ] ], [ [ [ 1.21552, 43.995308 ], [ 1.213841, 43.991677 ], [ 1.211071, 43.983492 ], [ 1.211076, 43.980688 ], [ 1.209363, 43.976796 ], [ 1.213288, 43.970582 ], [ 1.212484, 43.967073 ], [ 1.211977, 43.963728 ], [ 1.210263, 43.962314 ], [ 1.209025, 43.961668 ], [ 1.205882, 43.964835 ], [ 1.20436, 43.968302 ], [ 1.196447, 43.971426 ], [ 1.19581, 43.971221 ], [ 1.194549, 43.970879 ], [ 1.193606, 43.974353 ], [ 1.186579, 43.979739 ], [ 1.185977, 43.979684 ], [ 1.182433, 43.984294 ], [ 1.177588, 43.986242 ], [ 1.177192, 43.98982 ], [ 1.178134349347271, 43.995520856900697 ], [ 1.179268, 43.995334 ], [ 1.182941, 43.98868 ], [ 1.182429, 43.985116 ], [ 1.186221, 43.983218 ], [ 1.192522, 43.979681 ], [ 1.195786, 43.97622 ], [ 1.200586, 43.972734 ], [ 1.2034, 43.96966 ], [ 1.206339, 43.971738 ], [ 1.207184, 43.973464 ], [ 1.204423, 43.978997 ], [ 1.205421, 43.984119 ], [ 1.20806, 43.991255 ], [ 1.206245, 43.994363 ], [ 1.204765, 43.993499 ], [ 1.203693, 43.992845 ], [ 1.196869, 43.994388 ], [ 1.196742, 44.000958 ], [ 1.199239, 44.003552 ], [ 1.200465, 44.007292 ], [ 1.208078, 44.010281 ], [ 1.209576, 44.009637 ], [ 1.211251, 44.008836 ], [ 1.212347, 44.008282 ], [ 1.212932, 44.007971 ], [ 1.214975, 44.006211 ], [ 1.215754, 44.005203 ], [ 1.216305, 44.004847 ], [ 1.216589, 44.004725 ], [ 1.221504, 44.002026 ], [ 1.222563, 44.001068 ], [ 1.224368, 43.999227 ], [ 1.216049, 43.998038 ], [ 1.21552, 43.995308 ] ] ], [ [ [ 1.254944, 44.016436 ], [ 1.253783, 44.016317 ], [ 1.246626, 44.019382 ], [ 1.238414, 44.020591 ], [ 1.237795, 44.015869 ], [ 1.241826, 44.00901 ], [ 1.243534, 44.008421 ], [ 1.244239, 44.006908 ], [ 1.244839, 44.005998 ], [ 1.245454, 44.005306 ], [ 1.242761, 44.002917 ], [ 1.234237, 44.001088 ], [ 1.234124, 44.000039 ], [ 1.236801, 43.991793 ], [ 1.238375, 43.990653 ], [ 1.240347, 43.989358 ], [ 1.242025, 43.988354 ], [ 1.243631, 43.987474 ], [ 1.245346, 43.986632 ], [ 1.247086, 43.985818 ], [ 1.249103, 43.984929 ], [ 1.251137, 43.984032 ], [ 1.253213, 43.983093 ], [ 1.251728, 43.979813 ], [ 1.249653, 43.980752 ], [ 1.247652, 43.981635 ], [ 1.245634, 43.982524 ], [ 1.243821, 43.983371 ], [ 1.242045, 43.984243 ], [ 1.240299, 43.985195 ], [ 1.2385, 43.986268 ], [ 1.236401, 43.987642 ], [ 1.234692, 43.988875 ], [ 1.232846, 43.990342 ], [ 1.232740899169765, 43.990436115540895 ], [ 1.235144, 43.993113 ], [ 1.233548, 43.994546 ], [ 1.232104, 43.995992 ], [ 1.230601, 43.997613 ], [ 1.228847, 43.999596 ], [ 1.230657, 44.00835 ], [ 1.236599, 44.007711 ], [ 1.238873, 44.010502 ], [ 1.236963, 44.012057 ], [ 1.234724, 44.014129 ], [ 1.232843, 44.017199 ], [ 1.239292, 44.023365 ], [ 1.239886, 44.023241 ], [ 1.240608, 44.023693 ], [ 1.244392918319544, 44.0239380574234 ], [ 1.247987, 44.019704 ], [ 1.248942, 44.019721 ], [ 1.255661, 44.018488 ], [ 1.257612248866041, 44.016122285384377 ], [ 1.254944, 44.016436 ] ] ], [ [ [ 1.217557, 44.096927 ], [ 1.218139, 44.097229 ], [ 1.22651, 44.097877 ], [ 1.22905, 44.099406 ], [ 1.229797, 44.099025 ], [ 1.230225, 44.098748 ], [ 1.230948, 44.096195 ], [ 1.230703, 44.092111 ], [ 1.230669, 44.092 ], [ 1.2292, 44.090771 ], [ 1.228642, 44.09088 ], [ 1.224637, 44.090849 ], [ 1.222275, 44.090052 ], [ 1.217488, 44.085357 ], [ 1.216629, 44.083459 ], [ 1.213559, 44.081577 ], [ 1.209509, 44.07897 ], [ 1.206877, 44.073867 ], [ 1.207386, 44.070304 ], [ 1.208434, 44.064976 ], [ 1.215401, 44.064862 ], [ 1.217245, 44.06789 ], [ 1.219382, 44.070787 ], [ 1.225099, 44.073403 ], [ 1.228438, 44.076042 ], [ 1.231552, 44.074236 ], [ 1.230792, 44.068039 ], [ 1.23415, 44.063255 ], [ 1.234716, 44.06286 ], [ 1.235139, 44.062491 ], [ 1.235486, 44.06212 ], [ 1.235852, 44.061713 ], [ 1.235232, 44.05948 ], [ 1.235172, 44.052838 ], [ 1.237446, 44.050047 ], [ 1.240252, 44.048328 ], [ 1.242025, 44.045195 ], [ 1.245361, 44.03979 ], [ 1.245624, 44.036994 ], [ 1.246541814453977, 44.029467752138913 ], [ 1.242951, 44.034119 ], [ 1.240191, 44.037307 ], [ 1.237621, 44.042016 ], [ 1.235864, 44.045158 ], [ 1.232013, 44.048973 ], [ 1.23195, 44.049028 ], [ 1.231717, 44.049183 ], [ 1.230988, 44.049615 ], [ 1.228032, 44.048604 ], [ 1.22573, 44.048466 ], [ 1.220137, 44.055138 ], [ 1.222822, 44.058587 ], [ 1.223704, 44.058981 ], [ 1.224348, 44.059186 ], [ 1.224874, 44.059471 ], [ 1.225154, 44.059708 ], [ 1.226561, 44.062161 ], [ 1.226659, 44.066344 ], [ 1.225481, 44.066876 ], [ 1.223125, 44.067888 ], [ 1.223053, 44.067743 ], [ 1.218695, 44.062904 ], [ 1.217773, 44.061772 ], [ 1.216837, 44.05982 ], [ 1.209958, 44.057155 ], [ 1.20641, 44.063042 ], [ 1.207118, 44.065588 ], [ 1.206213, 44.073525 ], [ 1.206385, 44.074266 ], [ 1.208541, 44.082979 ], [ 1.21112, 44.085798 ], [ 1.214232, 44.087608 ], [ 1.219892, 44.090229 ], [ 1.220737, 44.090443 ], [ 1.220945, 44.090528 ], [ 1.221283, 44.092251 ], [ 1.221263, 44.092387 ], [ 1.219582, 44.09386 ], [ 1.213504, 44.093927 ], [ 1.208877654483062, 44.094778012020747 ], [ 1.214971, 44.095081 ], [ 1.217557, 44.096927 ] ] ], [ [ [ 1.200299, 44.098784 ], [ 1.201477, 44.097926 ], [ 1.205980260829357, 44.094962207036211 ], [ 1.198555, 44.093934 ], [ 1.195003, 44.093992 ], [ 1.192769627597351, 44.094012924584064 ], [ 1.19977, 44.098599 ], [ 1.200299, 44.098784 ] ] ], [ [ [ 1.064063, 44.075611 ], [ 1.066861, 44.083613 ], [ 1.064203, 44.086042 ], [ 1.05945, 44.089395 ], [ 1.057458, 44.092394 ], [ 1.058977, 44.098256 ], [ 1.059244, 44.098256 ], [ 1.064193, 44.099289 ], [ 1.068109, 44.10417 ], [ 1.068256, 44.104576 ], [ 1.071549, 44.111786 ], [ 1.071758, 44.114753 ], [ 1.071766, 44.115081 ], [ 1.07198, 44.117589 ], [ 1.075502, 44.118337 ], [ 1.076044, 44.115779 ], [ 1.082183, 44.111904 ], [ 1.089069, 44.110822 ], [ 1.089422, 44.110745 ], [ 1.089948, 44.110602 ], [ 1.0975, 44.110443 ], [ 1.10359, 44.11442 ], [ 1.110594, 44.116422 ], [ 1.11599, 44.119006 ], [ 1.116244, 44.119151 ], [ 1.118115, 44.118765 ], [ 1.118205, 44.118668 ], [ 1.121325, 44.115627 ], [ 1.121821, 44.113607 ], [ 1.130086, 44.11286 ], [ 1.13071, 44.112987 ], [ 1.133547, 44.113325 ], [ 1.137408, 44.112808 ], [ 1.144615, 44.113304 ], [ 1.146436, 44.110199 ], [ 1.143611, 44.108543 ], [ 1.141965, 44.106578 ], [ 1.137329, 44.101998 ], [ 1.136482, 44.100849 ], [ 1.134553, 44.092078 ], [ 1.136312, 44.090522 ], [ 1.14232, 44.090179 ], [ 1.145593, 44.090236 ], [ 1.146259, 44.089608 ], [ 1.146861, 44.088317 ], [ 1.155638, 44.08976 ], [ 1.155477, 44.093357 ], [ 1.156548, 44.099132 ], [ 1.158986, 44.103691 ], [ 1.161221, 44.106159 ], [ 1.164013, 44.11173 ], [ 1.164409, 44.112253 ], [ 1.165788, 44.112224 ], [ 1.167609, 44.11157 ], [ 1.169513, 44.107404 ], [ 1.169619, 44.105107 ], [ 1.169748, 44.103622 ], [ 1.170763, 44.098338 ], [ 1.168247, 44.104089 ], [ 1.168199, 44.104235 ], [ 1.166683, 44.10521 ], [ 1.166294, 44.105138 ], [ 1.16472, 44.103573 ], [ 1.164698, 44.103486 ], [ 1.163147, 44.09943 ], [ 1.163078, 44.098202 ], [ 1.163288, 44.095833 ], [ 1.156416, 44.091383 ], [ 1.156128, 44.090606 ], [ 1.155947, 44.089857 ], [ 1.148083, 44.086017 ], [ 1.144629, 44.087965 ], [ 1.144197, 44.088379 ], [ 1.14345, 44.088618 ], [ 1.137782, 44.088253 ], [ 1.133608, 44.090403 ], [ 1.131047, 44.091026 ], [ 1.127103, 44.098304 ], [ 1.128126, 44.099689 ], [ 1.131468, 44.101773 ], [ 1.134305, 44.106296 ], [ 1.13316, 44.109709 ], [ 1.132464, 44.109606 ], [ 1.130992, 44.109202 ], [ 1.128458, 44.107765 ], [ 1.127297, 44.107089 ], [ 1.122459, 44.106063 ], [ 1.117744, 44.11002 ], [ 1.117124, 44.111012 ], [ 1.116576, 44.112003 ], [ 1.115118, 44.114589 ], [ 1.114978, 44.114715 ], [ 1.112989, 44.114808 ], [ 1.112869, 44.114723 ], [ 1.106434, 44.110414 ], [ 1.104689, 44.108501 ], [ 1.096766, 44.105397 ], [ 1.094847, 44.108443 ], [ 1.09287, 44.108603 ], [ 1.089566, 44.107174 ], [ 1.081864, 44.110592 ], [ 1.081747, 44.110671 ], [ 1.076801, 44.112215 ], [ 1.075352, 44.11274 ], [ 1.07373, 44.109526 ], [ 1.069522, 44.102029 ], [ 1.067177, 44.101089 ], [ 1.066415, 44.100701 ], [ 1.062148, 44.095239 ], [ 1.064239, 44.092308 ], [ 1.067585, 44.087988 ], [ 1.070177, 44.080494 ], [ 1.066728, 44.076787 ], [ 1.067158, 44.074579 ], [ 1.065249, 44.065906 ], [ 1.06354, 44.074499 ], [ 1.064063, 44.075611 ] ] ], [ [ [ 1.061656, 44.059943 ], [ 1.065249, 44.065906 ], [ 1.061938581794652, 44.057986745113233 ], [ 1.06191, 44.05818 ], [ 1.061656, 44.059943 ] ] ], [ [ [ 0.994467, 44.050079 ], [ 1.002489, 44.053785 ], [ 1.00359, 44.054822 ], [ 1.007303, 44.061362 ], [ 1.008047, 44.067791 ], [ 1.009115, 44.071229 ], [ 1.017027, 44.071718 ], [ 1.023016, 44.073427 ], [ 1.024904, 44.073717 ], [ 1.026595, 44.073822 ], [ 1.033207, 44.069648 ], [ 1.039279, 44.065817 ], [ 1.040512, 44.064651 ], [ 1.040609, 44.064126 ], [ 1.039957, 44.062282 ], [ 1.04114, 44.055816 ], [ 1.046144, 44.054559 ], [ 1.047447, 44.052027 ], [ 1.049336, 44.047496 ], [ 1.048208, 44.048694 ], [ 1.043859, 44.053104 ], [ 1.042997, 44.053254 ], [ 1.042343, 44.053398 ], [ 1.042032, 44.053386 ], [ 1.041548, 44.053071 ], [ 1.035169, 44.047453 ], [ 1.030067, 44.049045 ], [ 1.030793, 44.055536 ], [ 1.032343, 44.057398 ], [ 1.032337, 44.057575 ], [ 1.030891, 44.062228 ], [ 1.031368, 44.065796 ], [ 1.029195, 44.066436 ], [ 1.028605, 44.066567 ], [ 1.027214, 44.066755 ], [ 1.021435, 44.067752 ], [ 1.021151, 44.067827 ], [ 1.019862, 44.067663 ], [ 1.017098, 44.065179 ], [ 1.017545, 44.061606 ], [ 1.016663, 44.055564 ], [ 1.009877, 44.052941 ], [ 1.008723, 44.052603 ], [ 1.008296, 44.05189 ], [ 1.000226, 44.048291 ], [ 0.999605, 44.048496 ], [ 0.991994, 44.04783 ], [ 0.988068, 44.049253 ], [ 0.993834, 44.050224 ], [ 0.994467, 44.050079 ] ] ], [ [ [ 0.974769, 44.057412 ], [ 0.976346, 44.057131 ], [ 0.982084, 44.05137 ], [ 0.980024, 44.051988 ], [ 0.978, 44.052553 ], [ 0.975765, 44.05311 ], [ 0.973026, 44.053695 ], [ 0.970612, 44.05414 ], [ 0.96663, 44.054796 ], [ 0.962678, 44.055447 ], [ 0.967287, 44.055029 ], [ 0.974769, 44.057412 ] ] ] ] } },
{ "type": "Feature", "properties": { "codgeo": "82033", "value": 900, "isochrone_group": 15.0, "nb_agences": 1 }, "geometry": { "type": "MultiPolygon", "coordinates": [ [ [ [ 0.887679, 44.054856 ], [ 0.886582, 44.054573 ], [ 0.88564, 44.054374 ], [ 0.884646, 44.054204 ], [ 0.883609, 44.054078 ], [ 0.88212, 44.053982 ], [ 0.880816, 44.053989 ], [ 0.879909, 44.054035 ], [ 0.878982, 44.054118 ], [ 0.878122, 44.054236 ], [ 0.877042, 44.054414 ], [ 0.876432, 44.054549 ], [ 0.875786, 44.054715 ], [ 0.874711, 44.055037 ], [ 0.873929, 44.055298 ], [ 0.873282, 44.055555 ], [ 0.869566, 44.057201 ], [ 0.865851, 44.058848 ], [ 0.867309, 44.062139 ], [ 0.871025, 44.060493 ], [ 0.87474, 44.058846 ], [ 0.8787, 44.057789 ], [ 0.885027, 44.057921 ], [ 0.885833, 44.058094 ], [ 0.886775, 44.05834 ], [ 0.888188, 44.058736 ], [ 0.888236562468231, 44.058752321936993 ], [ 0.889379363287678, 44.055342899562213 ], [ 0.889158, 44.055269 ], [ 0.887679, 44.054856 ] ] ], [ [ [ 0.890979566816574, 44.05587710892209 ], [ 0.891206, 44.055953 ], [ 0.893032, 44.056564 ], [ 0.891138, 44.05593 ], [ 0.890979566816574, 44.05587710892209 ] ] ], [ [ [ 1.081067, 43.978786 ], [ 1.081016, 43.976352 ], [ 1.080057, 43.97533 ], [ 1.078082, 43.966634 ], [ 1.079696, 43.964614 ], [ 1.079987, 43.964342 ], [ 1.079714, 43.961747 ], [ 1.079359, 43.961549 ], [ 1.079099, 43.961424 ], [ 1.077672, 43.961585 ], [ 1.069015, 43.96391 ], [ 1.062808, 43.963039 ], [ 1.057515, 43.964358 ], [ 1.055743, 43.967492 ], [ 1.050968, 43.970744 ], [ 1.050297, 43.974281 ], [ 1.048277, 43.98186 ], [ 1.04373, 43.986786 ], [ 1.043539, 43.986962 ], [ 1.043217, 43.987331 ], [ 1.043015, 43.987637 ], [ 1.042783, 43.988202 ], [ 1.039466, 43.992003 ], [ 1.03216, 43.988584 ], [ 1.030371, 43.986513 ], [ 1.029532, 43.986513 ], [ 1.022337, 43.989711 ], [ 1.015382, 43.989602 ], [ 1.013058, 43.987433 ], [ 1.012729, 43.986947 ], [ 1.012354, 43.986865 ], [ 1.011936, 43.986902 ], [ 1.011361, 43.98704 ], [ 1.009901, 43.988516 ], [ 1.009747, 43.988964 ], [ 1.006964, 43.994627 ], [ 1.005685, 43.997992 ], [ 1.000709, 44.002734 ], [ 0.993279, 44.000309 ], [ 0.989474, 43.997511 ], [ 0.984721, 43.993825 ], [ 0.981971, 43.996148 ], [ 0.983122, 44.001592 ], [ 0.977336, 44.007678 ], [ 0.975463, 44.008025 ], [ 0.975002, 44.008159 ], [ 0.974241, 44.008418 ], [ 0.974273, 44.008829 ], [ 0.974389, 44.009363 ], [ 0.9748, 44.011129 ], [ 0.976418, 44.016037 ], [ 0.977159, 44.019559 ], [ 0.973813, 44.026835 ], [ 0.969728, 44.029145 ], [ 0.9637, 44.030903 ], [ 0.959427, 44.033055 ], [ 0.952224, 44.031773 ], [ 0.951497, 44.031312 ], [ 0.950961, 44.031034 ], [ 0.950037, 44.030556 ], [ 0.947723, 44.029242 ], [ 0.947552, 44.029147 ], [ 0.946251, 44.029394 ], [ 0.945426, 44.029714 ], [ 0.945162, 44.030054 ], [ 0.945978, 44.034844 ], [ 0.94644, 44.034907 ], [ 0.947408, 44.03495 ], [ 0.949328, 44.04364 ], [ 0.946745, 44.047854 ], [ 0.945117, 44.04911 ], [ 0.939549, 44.052092 ], [ 0.931945, 44.054732 ], [ 0.931846, 44.05474 ], [ 0.927484, 44.055554 ], [ 0.928993, 44.055509 ], [ 0.931432, 44.05557 ], [ 0.932644, 44.05566 ], [ 0.935002, 44.055897 ], [ 0.937315, 44.05613 ], [ 0.938964, 44.056255 ], [ 0.945374, 44.051768 ], [ 0.946695, 44.050905 ], [ 0.947286, 44.050617 ], [ 0.94886, 44.050063 ], [ 0.954524, 44.044752 ], [ 0.95497, 44.037309 ], [ 0.957642, 44.034895 ], [ 0.964387, 44.035987 ], [ 0.96748, 44.033582 ], [ 0.968019, 44.033139 ], [ 0.969259, 44.033455 ], [ 0.969718, 44.033542 ], [ 0.976668, 44.032977 ], [ 0.981474, 44.026039 ], [ 0.982971, 44.022765 ], [ 0.982234, 44.015124 ], [ 0.983961, 44.011965 ], [ 0.988819, 44.00897 ], [ 0.98776, 44.003793 ], [ 0.99085, 44.001947 ], [ 0.993892, 44.004857 ], [ 1.001129, 44.006709 ], [ 1.004081, 44.005578 ], [ 1.009847, 44.000491 ], [ 1.01187, 43.997513 ], [ 1.01265, 43.995867 ], [ 1.01417, 43.994666 ], [ 1.015553, 43.993739 ], [ 1.024286, 43.992474 ], [ 1.028464, 43.991642 ], [ 1.031915, 43.992666 ], [ 1.038811, 43.992274 ], [ 1.04034, 43.992483 ], [ 1.040375, 43.992507 ], [ 1.046089, 43.996162 ], [ 1.049792, 43.993478 ], [ 1.050472, 43.992948 ], [ 1.051306, 43.99257 ], [ 1.058294, 43.990116 ], [ 1.057494, 43.982435 ], [ 1.056816, 43.978899 ], [ 1.058188, 43.975255 ], [ 1.063859, 43.973259 ], [ 1.066416, 43.970725 ], [ 1.071686, 43.970451 ], [ 1.072544, 43.970795 ], [ 1.072822, 43.971347 ], [ 1.074703, 43.97538 ], [ 1.077604, 43.980167 ], [ 1.077795, 43.981958 ], [ 1.07812, 43.983472 ], [ 1.084975, 43.987879 ], [ 1.085723216741303, 43.988078499131127 ], [ 1.082925, 43.983256 ], [ 1.081067, 43.978786 ] ] ], [ [ [ 1.115786, 43.9547 ], [ 1.115316, 43.953884 ], [ 1.114753, 43.952453 ], [ 1.114525, 43.950372 ], [ 1.11373, 43.948427 ], [ 1.110845, 43.947271 ], [ 1.107838, 43.949251 ], [ 1.108282, 43.950074 ], [ 1.108512, 43.950425 ], [ 1.109007, 43.950958 ], [ 1.109427, 43.951328 ], [ 1.106106, 43.959592 ], [ 1.102984, 43.961385 ], [ 1.10447, 43.963973 ], [ 1.106061, 43.971161 ], [ 1.103206, 43.979044 ], [ 1.096004, 43.984188 ], [ 1.093572705792363, 43.988161629215995 ], [ 1.094301, 43.988135 ], [ 1.095939, 43.987524 ], [ 1.096369, 43.98738 ], [ 1.096718, 43.987302 ], [ 1.099453, 43.987494 ], [ 1.103939, 43.988664 ], [ 1.108136, 43.987147 ], [ 1.110345, 43.981562 ], [ 1.109268, 43.978126 ], [ 1.111007, 43.975819 ], [ 1.110877, 43.968869 ], [ 1.112925, 43.961132 ], [ 1.112869, 43.957253 ], [ 1.116089, 43.955643 ], [ 1.116198, 43.955721 ], [ 1.116999, 43.956313 ], [ 1.115952, 43.955021 ], [ 1.115786, 43.9547 ] ] ], [ [ [ 1.155915, 43.98269 ], [ 1.156201, 43.982095 ], [ 1.157087, 43.980265 ], [ 1.158795, 43.971541 ], [ 1.160773, 43.964981 ], [ 1.16132, 43.96287 ], [ 1.161562, 43.962168 ], [ 1.160905, 43.960909 ], [ 1.159805, 43.960385 ], [ 1.154412, 43.954262 ], [ 1.151886, 43.952136 ], [ 1.151563, 43.95218 ], [ 1.151455, 43.95229 ], [ 1.151007, 43.953011 ], [ 1.150959, 43.953114 ], [ 1.147744, 43.95772 ], [ 1.139503, 43.959148 ], [ 1.132359, 43.954113 ], [ 1.132116, 43.953616 ], [ 1.131831, 43.953242 ], [ 1.13159, 43.953002 ], [ 1.127842, 43.946625 ], [ 1.127155, 43.945043 ], [ 1.123853, 43.946476 ], [ 1.124594, 43.949766 ], [ 1.124589, 43.949903 ], [ 1.124667, 43.950517 ], [ 1.124836, 43.950982 ], [ 1.121345, 43.957652 ], [ 1.118174, 43.957138 ], [ 1.119031, 43.957911 ], [ 1.12108, 43.959175 ], [ 1.128881, 43.954928 ], [ 1.129879, 43.954726 ], [ 1.130577, 43.954758 ], [ 1.132454, 43.955369 ], [ 1.13843, 43.960265 ], [ 1.146906, 43.958828 ], [ 1.148871, 43.95778 ], [ 1.150565, 43.960956 ], [ 1.153591, 43.968645 ], [ 1.154802, 43.970234 ], [ 1.152303, 43.977623 ], [ 1.151602, 43.980993 ], [ 1.151368, 43.984491 ], [ 1.155760578258539, 43.989255744412496 ], [ 1.15552, 43.983454 ], [ 1.155915, 43.98269 ] ] ], [ [ [ 1.157411, 43.991046 ], [ 1.158938094421693, 43.991509413832119 ], [ 1.156607718700557, 43.990174659785239 ], [ 1.157411, 43.991046 ] ] ], [ [ [ 1.180497, 43.978376 ], [ 1.180185, 43.978924 ], [ 1.178495, 43.981705 ], [ 1.171032, 43.986192 ], [ 1.171155, 43.98979 ], [ 1.164374, 43.993159 ], [ 1.166039, 43.993715 ], [ 1.167012, 43.994391 ], [ 1.170568, 43.996768 ], [ 1.178381, 43.997013 ], [ 1.177192, 43.98982 ], [ 1.177588, 43.986242 ], [ 1.182433, 43.984294 ], [ 1.185977, 43.979684 ], [ 1.186579, 43.979739 ], [ 1.189028689221637, 43.977861381365059 ], [ 1.183414, 43.979349 ], [ 1.180497, 43.978376 ] ] ], [ [ [ 1.214438, 43.970183 ], [ 1.215774, 43.969545 ], [ 1.217111, 43.968928 ], [ 1.21918, 43.967654 ], [ 1.220385, 43.966813 ], [ 1.221144, 43.966355 ], [ 1.220292, 43.964437 ], [ 1.219285, 43.963272 ], [ 1.21682, 43.955492 ], [ 1.21588, 43.95339 ], [ 1.215578, 43.953334 ], [ 1.214883, 43.953336 ], [ 1.213693, 43.953833 ], [ 1.208577, 43.957651 ], [ 1.201728, 43.962328 ], [ 1.200175, 43.963144 ], [ 1.199955, 43.963457 ], [ 1.200708, 43.96578 ], [ 1.192591, 43.968853 ], [ 1.192454, 43.968694 ], [ 1.191738, 43.968326 ], [ 1.190771, 43.969034 ], [ 1.190026, 43.970407 ], [ 1.189742, 43.971061 ], [ 1.189050126960292, 43.977844949934806 ], [ 1.193606, 43.974353 ], [ 1.194549, 43.970879 ], [ 1.19581, 43.971221 ], [ 1.196447, 43.971426 ], [ 1.20436, 43.968302 ], [ 1.205882, 43.964835 ], [ 1.209025, 43.961668 ], [ 1.210263, 43.962314 ], [ 1.211977, 43.963728 ], [ 1.212484, 43.967073 ], [ 1.213284094316158, 43.970564953924608 ], [ 1.213804, 43.970441 ], [ 1.214438, 43.970183 ] ] ], [ [ [ 1.217402, 43.983948 ], [ 1.216306, 43.98125 ], [ 1.215971, 43.980754 ], [ 1.215802, 43.980564 ], [ 1.209462817905397, 43.977022790010388 ], [ 1.211076, 43.980688 ], [ 1.211071, 43.983492 ], [ 1.213841, 43.991677 ], [ 1.21552, 43.995308 ], [ 1.216049, 43.998038 ], [ 1.224368, 43.999227 ], [ 1.226151, 43.997211 ], [ 1.227963, 43.995163 ], [ 1.220079, 43.992491 ], [ 1.217402, 43.983948 ] ] ], [ [ [ 1.255491, 43.981968 ], [ 1.257643, 43.980777 ], [ 1.259767, 43.979493 ], [ 1.261729, 43.978132 ], [ 1.26355, 43.976752 ], [ 1.263575823983941, 43.976730302851266 ], [ 1.264276, 43.974064 ], [ 1.262186743272503, 43.973199025101096 ], [ 1.261237, 43.973994 ], [ 1.259558, 43.975261 ], [ 1.257718, 43.976534 ], [ 1.255786, 43.977693 ], [ 1.25375, 43.978818 ], [ 1.252367, 43.979511 ], [ 1.249653, 43.980752 ], [ 1.251728, 43.979813 ], [ 1.253208279142097, 43.983082572785236 ], [ 1.253984, 43.982727 ], [ 1.255491, 43.981968 ] ] ], [ [ [ 1.252478, 44.000576 ], [ 1.250365, 43.997661 ], [ 1.249899, 43.997999 ], [ 1.249318, 43.998515 ], [ 1.248591, 43.999292 ], [ 1.248464, 43.999433 ], [ 1.244953, 44.001548 ], [ 1.238879, 44.000975 ], [ 1.238028, 44.000812 ], [ 1.235776073109067, 43.994950096429832 ], [ 1.234124, 44.000039 ], [ 1.234237, 44.001088 ], [ 1.242761, 44.002917 ], [ 1.245454, 44.005306 ], [ 1.244839, 44.005998 ], [ 1.244239, 44.006908 ], [ 1.243534, 44.008421 ], [ 1.241826, 44.00901 ], [ 1.237795, 44.015869 ], [ 1.238414, 44.020591 ], [ 1.245126836687156, 44.01960271218281 ], [ 1.245939, 44.018938 ], [ 1.252008, 44.012388 ], [ 1.251273, 44.01003 ], [ 1.251315, 44.009953 ], [ 1.253469, 44.009098 ], [ 1.253881710166738, 44.008932192786595 ], [ 1.252478, 44.000576 ] ] ], [ [ [ 1.201256, 44.099915 ], [ 1.202897, 44.101503 ], [ 1.206463, 44.101007 ], [ 1.213233, 44.098675 ], [ 1.216604, 44.099939 ], [ 1.223968, 44.102075 ], [ 1.23061, 44.103779 ], [ 1.23845, 44.105562 ], [ 1.240032, 44.102329 ], [ 1.239168, 44.101906 ], [ 1.238164, 44.093247 ], [ 1.238385, 44.093032 ], [ 1.240054, 44.090374 ], [ 1.23888, 44.088182 ], [ 1.236174, 44.080493 ], [ 1.235231, 44.073444 ], [ 1.236612, 44.068416 ], [ 1.237935, 44.061228 ], [ 1.240472, 44.058673 ], [ 1.242363, 44.057166 ], [ 1.243285, 44.056497 ], [ 1.245771, 44.049578 ], [ 1.248812, 44.043289 ], [ 1.250952, 44.040394 ], [ 1.25084, 44.034811 ], [ 1.253609799845337, 44.032307602402867 ], [ 1.246701338930891, 44.028159621995677 ], [ 1.245624, 44.036994 ], [ 1.245361, 44.03979 ], [ 1.242025, 44.045195 ], [ 1.240252, 44.048328 ], [ 1.237446, 44.050047 ], [ 1.235172, 44.052838 ], [ 1.235232, 44.05948 ], [ 1.235852, 44.061713 ], [ 1.235486, 44.06212 ], [ 1.235139, 44.062491 ], [ 1.234716, 44.06286 ], [ 1.23415, 44.063255 ], [ 1.230792, 44.068039 ], [ 1.231552, 44.074236 ], [ 1.228438, 44.076042 ], [ 1.225099, 44.073403 ], [ 1.219382, 44.070787 ], [ 1.217245, 44.06789 ], [ 1.215401, 44.064862 ], [ 1.208434, 44.064976 ], [ 1.207386, 44.070304 ], [ 1.206877, 44.073867 ], [ 1.209509, 44.07897 ], [ 1.213559, 44.081577 ], [ 1.216629, 44.083459 ], [ 1.217488, 44.085357 ], [ 1.222275, 44.090052 ], [ 1.224637, 44.090849 ], [ 1.228642, 44.09088 ], [ 1.2292, 44.090771 ], [ 1.230669, 44.092 ], [ 1.230703, 44.092111 ], [ 1.230948, 44.096195 ], [ 1.230225, 44.098748 ], [ 1.229797, 44.099025 ], [ 1.22905, 44.099406 ], [ 1.22651, 44.097877 ], [ 1.218139, 44.097229 ], [ 1.217557, 44.096927 ], [ 1.214971, 44.095081 ], [ 1.206444, 44.094657 ], [ 1.201477, 44.097926 ], [ 1.200299, 44.098784 ], [ 1.19977, 44.098599 ], [ 1.192698, 44.093966 ], [ 1.199974, 44.098812 ], [ 1.201256, 44.099915 ] ] ], [ [ [ 1.096984, 44.111317 ], [ 1.101384, 44.1162 ], [ 1.10167, 44.119793 ], [ 1.104785, 44.121597 ], [ 1.110366, 44.118362 ], [ 1.115504, 44.121197 ], [ 1.116183, 44.121673 ], [ 1.118426, 44.123346 ], [ 1.119985, 44.124421 ], [ 1.120738, 44.124371 ], [ 1.129066, 44.123661 ], [ 1.130405, 44.123678 ], [ 1.130786, 44.121242 ], [ 1.138425, 44.118284 ], [ 1.144295, 44.11663 ], [ 1.149743, 44.116921 ], [ 1.150309, 44.117009 ], [ 1.151374, 44.117107 ], [ 1.154809, 44.117125 ], [ 1.16301, 44.116626 ], [ 1.164657, 44.117151 ], [ 1.16517, 44.117321 ], [ 1.16603, 44.117378 ], [ 1.17089, 44.111326 ], [ 1.170559, 44.110499 ], [ 1.169748, 44.103622 ], [ 1.169619, 44.105107 ], [ 1.169513, 44.107404 ], [ 1.167609, 44.11157 ], [ 1.165788, 44.112224 ], [ 1.164409, 44.112253 ], [ 1.164013, 44.11173 ], [ 1.161221, 44.106159 ], [ 1.158986, 44.103691 ], [ 1.156548, 44.099132 ], [ 1.155477, 44.093357 ], [ 1.155638, 44.08976 ], [ 1.146861, 44.088317 ], [ 1.146259, 44.089608 ], [ 1.145593, 44.090236 ], [ 1.14232, 44.090179 ], [ 1.136312, 44.090522 ], [ 1.134553, 44.092078 ], [ 1.136482, 44.100849 ], [ 1.137329, 44.101998 ], [ 1.141965, 44.106578 ], [ 1.143611, 44.108543 ], [ 1.146436, 44.110199 ], [ 1.144615, 44.113304 ], [ 1.137408, 44.112808 ], [ 1.133547, 44.113325 ], [ 1.13071, 44.112987 ], [ 1.130086, 44.11286 ], [ 1.121821, 44.113607 ], [ 1.121325, 44.115627 ], [ 1.118205, 44.118668 ], [ 1.118115, 44.118765 ], [ 1.116244, 44.119151 ], [ 1.11599, 44.119006 ], [ 1.110594, 44.116422 ], [ 1.10359, 44.11442 ], [ 1.0975, 44.110443 ], [ 1.089948, 44.110602 ], [ 1.096443, 44.111038 ], [ 1.096984, 44.111317 ] ] ], [ [ [ 1.054451, 44.086934 ], [ 1.053136, 44.090286 ], [ 1.05102, 44.094843 ], [ 1.0508, 44.095668 ], [ 1.050799, 44.095886 ], [ 1.052552, 44.10049 ], [ 1.055755, 44.102132 ], [ 1.056084, 44.101492 ], [ 1.064624, 44.103946 ], [ 1.066421, 44.111367 ], [ 1.067549, 44.116412 ], [ 1.067661, 44.119205 ], [ 1.068439, 44.125294 ], [ 1.070131, 44.127611 ], [ 1.071076, 44.127745 ], [ 1.077537, 44.123617 ], [ 1.080968, 44.116872 ], [ 1.086729, 44.112615 ], [ 1.089948, 44.110602 ], [ 1.089422, 44.110745 ], [ 1.089069, 44.110822 ], [ 1.082183, 44.111904 ], [ 1.076044, 44.115779 ], [ 1.075502, 44.118337 ], [ 1.07198, 44.117589 ], [ 1.071766, 44.115081 ], [ 1.071758, 44.114753 ], [ 1.071549, 44.111786 ], [ 1.068256, 44.104576 ], [ 1.068109, 44.10417 ], [ 1.064193, 44.099289 ], [ 1.059244, 44.098256 ], [ 1.058977, 44.098256 ], [ 1.057458, 44.092394 ], [ 1.05945, 44.089395 ], [ 1.064203, 44.086042 ], [ 1.066861, 44.083613 ], [ 1.064063, 44.075611 ], [ 1.06354, 44.074499 ], [ 1.060772, 44.081181 ], [ 1.054451, 44.086934 ] ] ], [ [ [ 1.062253, 44.054016 ], [ 1.06275, 44.05194 ], [ 1.058099, 44.045014 ], [ 1.059894, 44.048327 ], [ 1.062253, 44.054016 ] ] ], [ [ [ 0.970025, 44.06119 ], [ 0.970093, 44.061186 ], [ 0.974542, 44.061086 ], [ 0.97573, 44.061051 ], [ 0.979191, 44.060564 ], [ 0.980483, 44.06039 ], [ 0.981804, 44.054461 ], [ 0.989249, 44.052536 ], [ 0.992766, 44.053305 ], [ 0.99764, 44.056106 ], [ 0.999217, 44.0619 ], [ 0.999251, 44.0655 ], [ 0.999054, 44.073182 ], [ 1.000753, 44.076357 ], [ 1.00549, 44.075186 ], [ 1.011588, 44.075332 ], [ 1.017758, 44.075185 ], [ 1.02097, 44.079846 ], [ 1.024061, 44.082877 ], [ 1.025976, 44.084055 ], [ 1.026009, 44.084053 ], [ 1.027659, 44.082761 ], [ 1.027641, 44.082202 ], [ 1.027645, 44.07832 ], [ 1.034146, 44.074505 ], [ 1.034832, 44.07387 ], [ 1.041431, 44.070688 ], [ 1.044424, 44.067525 ], [ 1.045884, 44.064234 ], [ 1.047464, 44.055753 ], [ 1.049149, 44.055488 ], [ 1.050257, 44.052063 ], [ 1.049889, 44.046832 ], [ 1.049336, 44.047496 ], [ 1.047447, 44.052027 ], [ 1.046144, 44.054559 ], [ 1.04114, 44.055816 ], [ 1.039957, 44.062282 ], [ 1.040609, 44.064126 ], [ 1.040512, 44.064651 ], [ 1.039279, 44.065817 ], [ 1.033207, 44.069648 ], [ 1.026595, 44.073822 ], [ 1.024904, 44.073717 ], [ 1.023016, 44.073427 ], [ 1.017027, 44.071718 ], [ 1.009115, 44.071229 ], [ 1.008047, 44.067791 ], [ 1.007303, 44.061362 ], [ 1.00359, 44.054822 ], [ 1.002489, 44.053785 ], [ 0.994467, 44.050079 ], [ 0.993834, 44.050224 ], [ 0.988068, 44.049253 ], [ 0.984104, 44.050689 ], [ 0.982084, 44.05137 ], [ 0.976346, 44.057131 ], [ 0.974769, 44.057412 ], [ 0.967287, 44.055029 ], [ 0.962678, 44.055447 ], [ 0.96106, 44.05574 ], [ 0.967645, 44.061117 ], [ 0.970025, 44.06119 ] ] ] ] } },
{ "type": "Feature", "properties": { "codgeo": "82033", "value": 960, "isochrone_group": 16.0, "nb_agences": 1 }, "geometry": { "type": "MultiPolygon", "coordinates": [ [ [ [ 0.862897, 44.06016 ], [ 0.858955, 44.061928 ], [ 0.855587, 44.063412 ], [ 0.852305, 44.064861 ], [ 0.845482, 44.06676 ], [ 0.846151, 44.070297 ], [ 0.847688, 44.070007 ], [ 0.849271, 44.069643 ], [ 0.850774, 44.069222 ], [ 0.85219, 44.068754 ], [ 0.853585, 44.068226 ], [ 0.857039, 44.066707 ], [ 0.864815, 44.06557 ], [ 0.86676, 44.065952 ], [ 0.867201, 44.066039 ], [ 0.868799, 44.064815 ], [ 0.87474, 44.058846 ], [ 0.871025, 44.060493 ], [ 0.867309, 44.062139 ], [ 0.865851031237441, 44.0588480705092 ], [ 0.865436, 44.059032 ], [ 0.862897, 44.06016 ] ] ], [ [ [ 0.945336, 44.046361 ], [ 0.943114, 44.047238 ], [ 0.942678, 44.047415 ], [ 0.942592, 44.047516 ], [ 0.936674, 44.050855 ], [ 0.93659, 44.050869 ], [ 0.936321, 44.050936 ], [ 0.929856, 44.053095 ], [ 0.921149, 44.051967 ], [ 0.920839, 44.051773 ], [ 0.91992, 44.051238 ], [ 0.919259, 44.05228 ], [ 0.913682, 44.05712 ], [ 0.917831, 44.056623 ], [ 0.918705, 44.056508 ], [ 0.922737, 44.056028 ], [ 0.924731, 44.055792 ], [ 0.925996, 44.055659 ], [ 0.927484, 44.055554 ], [ 0.931846, 44.05474 ], [ 0.931945, 44.054732 ], [ 0.939549, 44.052092 ], [ 0.945117, 44.04911 ], [ 0.946745, 44.047854 ], [ 0.947461084694414, 44.046685753425365 ], [ 0.946275, 44.046615 ], [ 0.945336, 44.046361 ] ] ], [ [ [ 1.061854, 43.961239 ], [ 1.0609, 43.958555 ], [ 1.060659, 43.957907 ], [ 1.059973, 43.955436 ], [ 1.056381, 43.955677 ], [ 1.052666, 43.958632 ], [ 1.050042, 43.961096 ], [ 1.044939, 43.967975 ], [ 1.043957, 43.967729 ], [ 1.042953, 43.967279 ], [ 1.041517, 43.967705 ], [ 1.041383, 43.967844 ], [ 1.041022, 43.968383 ], [ 1.041137, 43.970387 ], [ 1.041729, 43.970733 ], [ 1.043909, 43.978998 ], [ 1.043435, 43.98047 ], [ 1.043345, 43.980931 ], [ 1.040228, 43.986285 ], [ 1.032516, 43.983668 ], [ 1.030781, 43.982077 ], [ 1.030436, 43.982053 ], [ 1.028963, 43.983086 ], [ 1.022008, 43.985321 ], [ 1.02134, 43.985359 ], [ 1.015723, 43.984914 ], [ 1.012526, 43.983258 ], [ 1.010263, 43.983364 ], [ 1.006781, 43.984432 ], [ 1.003841, 43.985837 ], [ 1.003256, 43.989389 ], [ 1.001812, 43.993067 ], [ 0.99344, 43.996063 ], [ 0.992391, 43.994126 ], [ 0.992158, 43.992699 ], [ 0.991913, 43.992633 ], [ 0.991304, 43.993024 ], [ 0.988599, 43.994038 ], [ 0.9826, 43.989987 ], [ 0.979051, 43.987107 ], [ 0.977705, 43.98551 ], [ 0.974952, 43.98783 ], [ 0.977002, 43.991792 ], [ 0.979436, 43.993147 ], [ 0.980529, 44.001698 ], [ 0.972588, 44.003494 ], [ 0.971792, 44.003001 ], [ 0.971246, 44.002762 ], [ 0.969585, 44.001893 ], [ 0.967532, 44.00485 ], [ 0.970747, 44.008809 ], [ 0.971974, 44.013533 ], [ 0.970422, 44.017992 ], [ 0.97042, 44.018886 ], [ 0.970437, 44.018955 ], [ 0.969035, 44.025946 ], [ 0.965912, 44.027736 ], [ 0.958867, 44.029332 ], [ 0.951326, 44.0275 ], [ 0.94961, 44.026565 ], [ 0.941364, 44.025473 ], [ 0.94019, 44.024632 ], [ 0.93985, 44.024417 ], [ 0.939357, 44.02416 ], [ 0.938432, 44.02379 ], [ 0.937527, 44.023442 ], [ 0.93657, 44.024143 ], [ 0.935716, 44.024925 ], [ 0.936513, 44.030971 ], [ 0.937894, 44.034295 ], [ 0.941029, 44.036167 ], [ 0.9435, 44.036991 ], [ 0.946381, 44.03678 ], [ 0.9471, 44.03693 ], [ 0.947830139717786, 44.036860621951853 ], [ 0.947408, 44.03495 ], [ 0.94644, 44.034907 ], [ 0.945978, 44.034844 ], [ 0.945162, 44.030054 ], [ 0.945426, 44.029714 ], [ 0.946251, 44.029394 ], [ 0.947552, 44.029147 ], [ 0.947723, 44.029242 ], [ 0.950037, 44.030556 ], [ 0.950961, 44.031034 ], [ 0.951497, 44.031312 ], [ 0.952224, 44.031773 ], [ 0.959427, 44.033055 ], [ 0.9637, 44.030903 ], [ 0.969728, 44.029145 ], [ 0.973813, 44.026835 ], [ 0.977159, 44.019559 ], [ 0.976418, 44.016037 ], [ 0.9748, 44.011129 ], [ 0.974389, 44.009363 ], [ 0.974273, 44.008829 ], [ 0.974241, 44.008418 ], [ 0.975002, 44.008159 ], [ 0.975463, 44.008025 ], [ 0.977336, 44.007678 ], [ 0.983122, 44.001592 ], [ 0.981971, 43.996148 ], [ 0.984721, 43.993825 ], [ 0.989474, 43.997511 ], [ 0.993279, 44.000309 ], [ 1.000709, 44.002734 ], [ 1.005685, 43.997992 ], [ 1.006964, 43.994627 ], [ 1.009747, 43.988964 ], [ 1.009901, 43.988516 ], [ 1.011361, 43.98704 ], [ 1.011936, 43.986902 ], [ 1.012354, 43.986865 ], [ 1.012729, 43.986947 ], [ 1.013058, 43.987433 ], [ 1.015382, 43.989602 ], [ 1.022337, 43.989711 ], [ 1.029532, 43.986513 ], [ 1.030371, 43.986513 ], [ 1.03216, 43.988584 ], [ 1.039466, 43.992003 ], [ 1.042783, 43.988202 ], [ 1.043015, 43.987637 ], [ 1.043217, 43.987331 ], [ 1.043539, 43.986962 ], [ 1.04373, 43.986786 ], [ 1.048277, 43.98186 ], [ 1.050297, 43.974281 ], [ 1.050968, 43.970744 ], [ 1.055743, 43.967492 ], [ 1.057515, 43.964358 ], [ 1.062808, 43.963039 ], [ 1.063430595326886, 43.963126365962609 ], [ 1.062131, 43.961689 ], [ 1.061854, 43.961239 ] ] ], [ [ [ 1.133321, 43.944512 ], [ 1.125326, 43.940958 ], [ 1.125057, 43.940665 ], [ 1.122481, 43.937287 ], [ 1.121445, 43.936052 ], [ 1.120976, 43.935807 ], [ 1.120134, 43.935939 ], [ 1.119671, 43.936288 ], [ 1.11899, 43.93741 ], [ 1.113733, 43.944161 ], [ 1.107564, 43.942379 ], [ 1.105174, 43.939688 ], [ 1.101344, 43.939885 ], [ 1.099224, 43.942794 ], [ 1.101205, 43.947581 ], [ 1.101143, 43.950547 ], [ 1.100857, 43.951966 ], [ 1.10086, 43.954126 ], [ 1.100811, 43.954731 ], [ 1.091905, 43.95588 ], [ 1.090138, 43.956622 ], [ 1.087082, 43.957498 ], [ 1.086495, 43.957604 ], [ 1.084838, 43.958242 ], [ 1.084354, 43.958393 ], [ 1.083915, 43.958574 ], [ 1.075314, 43.957509 ], [ 1.074676, 43.957076 ], [ 1.074093, 43.956862 ], [ 1.073782, 43.956797 ], [ 1.073145, 43.956699 ], [ 1.072598, 43.960257 ], [ 1.06730585423203, 43.963670163369763 ], [ 1.069015, 43.96391 ], [ 1.077672, 43.961585 ], [ 1.079099, 43.961424 ], [ 1.079359, 43.961549 ], [ 1.079714, 43.961747 ], [ 1.079987, 43.964342 ], [ 1.079696, 43.964614 ], [ 1.078082, 43.966634 ], [ 1.080057, 43.97533 ], [ 1.081016, 43.976352 ], [ 1.081067, 43.978786 ], [ 1.082925, 43.983256 ], [ 1.087336, 43.990858 ], [ 1.088754, 43.990259 ], [ 1.092596, 43.98909 ], [ 1.093362, 43.988506 ], [ 1.096004, 43.984188 ], [ 1.103206, 43.979044 ], [ 1.106061, 43.971161 ], [ 1.10447, 43.963973 ], [ 1.102984, 43.961385 ], [ 1.106106, 43.959592 ], [ 1.109427, 43.951328 ], [ 1.109007, 43.950958 ], [ 1.108512, 43.950425 ], [ 1.108282, 43.950074 ], [ 1.107838, 43.949251 ], [ 1.110845, 43.947271 ], [ 1.11373, 43.948427 ], [ 1.114525, 43.950372 ], [ 1.114753, 43.952453 ], [ 1.115316, 43.953884 ], [ 1.115786, 43.9547 ], [ 1.115952, 43.955021 ], [ 1.116999, 43.956313 ], [ 1.118174, 43.957138 ], [ 1.121345, 43.957652 ], [ 1.124836, 43.950982 ], [ 1.124667, 43.950517 ], [ 1.124589, 43.949903 ], [ 1.124594, 43.949766 ], [ 1.123853, 43.946476 ], [ 1.127155, 43.945043 ], [ 1.127842, 43.946625 ], [ 1.13159, 43.953002 ], [ 1.131831, 43.953242 ], [ 1.132116, 43.953616 ], [ 1.132359, 43.954113 ], [ 1.134269, 43.947984 ], [ 1.133321, 43.944512 ] ] ], [ [ [ 1.165344, 43.958769 ], [ 1.164214, 43.955351 ], [ 1.162566, 43.952502 ], [ 1.159269, 43.947788 ], [ 1.159119, 43.947714 ], [ 1.157774, 43.947674 ], [ 1.152035, 43.948493 ], [ 1.148831, 43.950134 ], [ 1.145719, 43.954615 ], [ 1.138001, 43.957295 ], [ 1.132359, 43.954113 ], [ 1.139503, 43.959148 ], [ 1.147744, 43.95772 ], [ 1.150959, 43.953114 ], [ 1.151007, 43.953011 ], [ 1.151455, 43.95229 ], [ 1.151563, 43.95218 ], [ 1.151886, 43.952136 ], [ 1.154412, 43.954262 ], [ 1.159805, 43.960385 ], [ 1.160905, 43.960909 ], [ 1.161562, 43.962168 ], [ 1.16132, 43.96287 ], [ 1.160773, 43.964981 ], [ 1.159366855849489, 43.969644450772179 ], [ 1.161559, 43.964868 ], [ 1.165344, 43.958769 ] ] ], [ [ [ 1.224545, 43.968594 ], [ 1.224861, 43.968319 ], [ 1.224999, 43.968097 ], [ 1.226699, 43.963856 ], [ 1.226785, 43.963607 ], [ 1.22716, 43.960615 ], [ 1.226281, 43.958361 ], [ 1.221317, 43.953849 ], [ 1.219404, 43.945842 ], [ 1.215921, 43.944931 ], [ 1.214196, 43.946492 ], [ 1.210252, 43.950481 ], [ 1.203779, 43.952571 ], [ 1.20107, 43.952386 ], [ 1.198361, 43.952201 ], [ 1.198116, 43.955793 ], [ 1.195608, 43.961792 ], [ 1.189257, 43.967251 ], [ 1.18765, 43.966918 ], [ 1.186644, 43.969117 ], [ 1.182802, 43.974473 ], [ 1.177582, 43.976802 ], [ 1.174456, 43.977141 ], [ 1.174362, 43.97753 ], [ 1.174312, 43.978195 ], [ 1.170246, 43.985185 ], [ 1.168184, 43.98568 ], [ 1.166531, 43.985792 ], [ 1.164449, 43.985488 ], [ 1.163928, 43.98905 ], [ 1.155779, 43.9897 ], [ 1.161558, 43.99301 ], [ 1.164374, 43.993159 ], [ 1.171155, 43.98979 ], [ 1.171032, 43.986192 ], [ 1.178495, 43.981705 ], [ 1.180185, 43.978924 ], [ 1.180497, 43.978376 ], [ 1.183414, 43.979349 ], [ 1.189049, 43.977856 ], [ 1.189742, 43.971061 ], [ 1.190026, 43.970407 ], [ 1.190771, 43.969034 ], [ 1.191738, 43.968326 ], [ 1.192454, 43.968694 ], [ 1.192591, 43.968853 ], [ 1.200708, 43.96578 ], [ 1.199955, 43.963457 ], [ 1.200175, 43.963144 ], [ 1.201728, 43.962328 ], [ 1.208577, 43.957651 ], [ 1.213693, 43.953833 ], [ 1.214883, 43.953336 ], [ 1.215578, 43.953334 ], [ 1.21588, 43.95339 ], [ 1.21682, 43.955492 ], [ 1.219285, 43.963272 ], [ 1.220292, 43.964437 ], [ 1.221144, 43.966355 ], [ 1.220385, 43.966813 ], [ 1.21918, 43.967654 ], [ 1.217111, 43.968928 ], [ 1.215774, 43.969545 ], [ 1.222515, 43.968729 ], [ 1.224545, 43.968594 ] ] ], [ [ [ 1.23023, 43.988491 ], [ 1.22391, 43.982189 ], [ 1.221279, 43.980244 ], [ 1.217189, 43.977082 ], [ 1.215774, 43.969545 ], [ 1.214438, 43.970183 ], [ 1.213804, 43.970441 ], [ 1.21143, 43.971007 ], [ 1.208339, 43.976395 ], [ 1.215802, 43.980564 ], [ 1.215971, 43.980754 ], [ 1.216306, 43.98125 ], [ 1.217402, 43.983948 ], [ 1.220079, 43.992491 ], [ 1.227963, 43.995163 ], [ 1.229559, 43.993445 ], [ 1.231143, 43.991867 ], [ 1.232846, 43.990342 ], [ 1.234692, 43.988875 ], [ 1.236401, 43.987642 ], [ 1.23383, 43.988448 ], [ 1.23023, 43.988491 ] ] ], [ [ [ 1.20406, 44.104183 ], [ 1.204983, 44.104521 ], [ 1.207174, 44.105368 ], [ 1.209362, 44.10387 ], [ 1.216501, 44.10307 ], [ 1.221993, 44.105351 ], [ 1.225402, 44.107191 ], [ 1.229411, 44.109354 ], [ 1.231497, 44.108162 ], [ 1.232134, 44.107806 ], [ 1.240445, 44.109536 ], [ 1.243455, 44.11117 ], [ 1.244344, 44.111566 ], [ 1.24534, 44.111013 ], [ 1.246452, 44.109175 ], [ 1.246355, 44.102402 ], [ 1.245517, 44.101169 ], [ 1.244863, 44.100472 ], [ 1.243692, 44.100332 ], [ 1.242777, 44.091525 ], [ 1.244319, 44.090594 ], [ 1.244871, 44.084391 ], [ 1.244974, 44.083688 ], [ 1.24504, 44.08292 ], [ 1.239196, 44.078372 ], [ 1.240438, 44.074993 ], [ 1.239912, 44.071632 ], [ 1.241642, 44.064166 ], [ 1.247744, 44.061171 ], [ 1.250221, 44.058558 ], [ 1.250455, 44.051242 ], [ 1.251691091591325, 44.048287179236922 ], [ 1.249834, 44.045571 ], [ 1.250786, 44.044569 ], [ 1.251921, 44.04317 ], [ 1.252945, 44.041688 ], [ 1.252831, 44.035328 ], [ 1.250844651564925, 44.035042872205175 ], [ 1.250952, 44.040394 ], [ 1.248812, 44.043289 ], [ 1.245771, 44.049578 ], [ 1.243285, 44.056497 ], [ 1.242363, 44.057166 ], [ 1.240472, 44.058673 ], [ 1.237935, 44.061228 ], [ 1.236612, 44.068416 ], [ 1.235231, 44.073444 ], [ 1.236174, 44.080493 ], [ 1.23888, 44.088182 ], [ 1.240054, 44.090374 ], [ 1.238385, 44.093032 ], [ 1.238164, 44.093247 ], [ 1.239168, 44.101906 ], [ 1.240032, 44.102329 ], [ 1.23845, 44.105562 ], [ 1.23061, 44.103779 ], [ 1.223968, 44.102075 ], [ 1.216604, 44.099939 ], [ 1.213233, 44.098675 ], [ 1.206463, 44.101007 ], [ 1.202897, 44.101503 ], [ 1.201256, 44.099915 ], [ 1.199974, 44.098812 ], [ 1.199424733390091, 44.098446174547618 ], [ 1.201893, 44.103422 ], [ 1.20406, 44.104183 ] ] ], [ [ [ 1.249103, 43.984929 ], [ 1.247086, 43.985818 ], [ 1.245346, 43.986632 ], [ 1.243631, 43.987474 ], [ 1.242025, 43.988354 ], [ 1.240347, 43.989358 ], [ 1.238375, 43.990653 ], [ 1.236801, 43.991793 ], [ 1.235088, 43.993159 ], [ 1.238028, 44.000812 ], [ 1.238879, 44.000975 ], [ 1.244953, 44.001548 ], [ 1.248464, 43.999433 ], [ 1.248591, 43.999292 ], [ 1.249318, 43.998515 ], [ 1.249899, 43.997999 ], [ 1.250365, 43.997661 ], [ 1.252478, 44.000576 ], [ 1.253321263848628, 44.005595893319907 ], [ 1.255866, 44.004704 ], [ 1.251903, 43.996652 ], [ 1.250697, 43.994733 ], [ 1.252247, 43.991484 ], [ 1.24975, 43.98539 ], [ 1.249153498370696, 43.984906730069575 ], [ 1.249103, 43.984929 ] ] ], [ [ [ 1.078839, 44.123696 ], [ 1.07993, 44.123791 ], [ 1.081093, 44.123804 ], [ 1.082119, 44.123682 ], [ 1.084591, 44.12323 ], [ 1.086339, 44.122989 ], [ 1.086846, 44.122952 ], [ 1.093546, 44.122002 ], [ 1.094742, 44.122253 ], [ 1.099007, 44.123654 ], [ 1.102003, 44.129538 ], [ 1.101976, 44.130505 ], [ 1.105575, 44.130606 ], [ 1.105602, 44.129639 ], [ 1.105565, 44.127034 ], [ 1.10663, 44.122859 ], [ 1.11434, 44.125022 ], [ 1.119081, 44.129341 ], [ 1.122091, 44.131317 ], [ 1.122262, 44.131055 ], [ 1.12482, 44.128352 ], [ 1.131635, 44.126791 ], [ 1.133349, 44.126554 ], [ 1.133517, 44.126536 ], [ 1.136324, 44.125646 ], [ 1.144866, 44.123848 ], [ 1.14523, 44.12387 ], [ 1.147811, 44.119909 ], [ 1.155654, 44.12115 ], [ 1.158761, 44.119903 ], [ 1.162618, 44.118351 ], [ 1.170877, 44.116511 ], [ 1.171187, 44.116476 ], [ 1.171836, 44.116359 ], [ 1.172045, 44.113599 ], [ 1.170878095394456, 44.111296256468925 ], [ 1.17089, 44.111326 ], [ 1.16603, 44.117378 ], [ 1.16517, 44.117321 ], [ 1.164657, 44.117151 ], [ 1.16301, 44.116626 ], [ 1.154809, 44.117125 ], [ 1.151374, 44.117107 ], [ 1.150309, 44.117009 ], [ 1.149743, 44.116921 ], [ 1.144295, 44.11663 ], [ 1.138425, 44.118284 ], [ 1.130786, 44.121242 ], [ 1.130405, 44.123678 ], [ 1.129066, 44.123661 ], [ 1.120738, 44.124371 ], [ 1.119985, 44.124421 ], [ 1.118426, 44.123346 ], [ 1.116183, 44.121673 ], [ 1.115504, 44.121197 ], [ 1.110366, 44.118362 ], [ 1.104785, 44.121597 ], [ 1.10167, 44.119793 ], [ 1.101384, 44.1162 ], [ 1.096984, 44.111317 ], [ 1.096443, 44.111038 ], [ 1.089948, 44.110602 ], [ 1.086729, 44.112615 ], [ 1.080968, 44.116872 ], [ 1.077537, 44.123617 ], [ 1.075591064618113, 44.124860278324789 ], [ 1.078193, 44.123637 ], [ 1.078839, 44.123696 ] ] ], [ [ [ 1.05006, 44.0845 ], [ 1.049044, 44.084755 ], [ 1.047262, 44.085294 ], [ 1.041754, 44.089354 ], [ 1.041192, 44.089442 ], [ 1.039944, 44.089708 ], [ 1.040464, 44.09327 ], [ 1.046934, 44.099267 ], [ 1.046981, 44.099789 ], [ 1.049315, 44.107416 ], [ 1.049674, 44.108907 ], [ 1.04982, 44.109092 ], [ 1.053084, 44.107986 ], [ 1.060818, 44.111137 ], [ 1.061516, 44.114668 ], [ 1.061395, 44.116519 ], [ 1.061749, 44.121252 ], [ 1.062953, 44.126562 ], [ 1.063481, 44.128512 ], [ 1.068756, 44.133345 ], [ 1.069996, 44.134272 ], [ 1.070587, 44.134203 ], [ 1.07148, 44.133114 ], [ 1.071522, 44.132962 ], [ 1.072196213525395, 44.127029283944786 ], [ 1.071076, 44.127745 ], [ 1.070131, 44.127611 ], [ 1.068439, 44.125294 ], [ 1.067661, 44.119205 ], [ 1.067549, 44.116412 ], [ 1.066421, 44.111367 ], [ 1.064624, 44.103946 ], [ 1.056084, 44.101492 ], [ 1.055755, 44.102132 ], [ 1.052552, 44.10049 ], [ 1.050799, 44.095886 ], [ 1.0508, 44.095668 ], [ 1.05102, 44.094843 ], [ 1.053136, 44.090286 ], [ 1.054450784860495, 44.086934548401231 ], [ 1.052792, 44.086283 ], [ 1.05006, 44.0845 ] ] ], [ [ [ 1.046839, 44.073411 ], [ 1.048392, 44.070163 ], [ 1.050034, 44.065457 ], [ 1.047734, 44.062687 ], [ 1.052987, 44.056739 ], [ 1.05417, 44.05424 ], [ 1.06191, 44.05818 ], [ 1.062019, 44.057443 ], [ 1.062207, 44.056488 ], [ 1.062294, 44.05508 ], [ 1.062253, 44.054016 ], [ 1.059894, 44.048327 ], [ 1.058099, 44.045014 ], [ 1.049889, 44.046832 ], [ 1.050257, 44.052063 ], [ 1.049149, 44.055488 ], [ 1.047464, 44.055753 ], [ 1.045884, 44.064234 ], [ 1.044424, 44.067525 ], [ 1.041431, 44.070688 ], [ 1.036604248473424, 44.073015431937797 ], [ 1.041224, 44.073677 ], [ 1.046839, 44.073411 ] ] ], [ [ [ 0.942703, 44.060779 ], [ 0.943597, 44.060822 ], [ 0.9479, 44.061016 ], [ 0.955039, 44.058271 ], [ 0.956941, 44.058743 ], [ 0.960872, 44.060679 ], [ 0.962364, 44.061574 ], [ 0.964245, 44.062808 ], [ 0.967099, 44.065093 ], [ 0.973249, 44.064819 ], [ 0.976998, 44.064501 ], [ 0.980528, 44.063795 ], [ 0.985203, 44.059576 ], [ 0.991116, 44.062764 ], [ 0.992618, 44.066529 ], [ 0.993019, 44.074979 ], [ 0.992103, 44.077699 ], [ 0.994985, 44.079857 ], [ 1.001301, 44.078124 ], [ 1.001912, 44.078016 ], [ 1.009818, 44.078104 ], [ 1.0167, 44.081594 ], [ 1.02256, 44.085999 ], [ 1.02685, 44.091912 ], [ 1.028436, 44.091059 ], [ 1.030071, 44.090306 ], [ 1.029887, 44.086251 ], [ 1.029536, 44.084731 ], [ 1.030139, 44.080488 ], [ 1.030777769257558, 44.076481588260648 ], [ 1.027645, 44.07832 ], [ 1.027641, 44.082202 ], [ 1.027659, 44.082761 ], [ 1.026009, 44.084053 ], [ 1.025976, 44.084055 ], [ 1.024061, 44.082877 ], [ 1.02097, 44.079846 ], [ 1.017758, 44.075185 ], [ 1.011588, 44.075332 ], [ 1.00549, 44.075186 ], [ 1.000753, 44.076357 ], [ 0.999054, 44.073182 ], [ 0.999251, 44.0655 ], [ 0.999217, 44.0619 ], [ 0.99764, 44.056106 ], [ 0.992766, 44.053305 ], [ 0.989249, 44.052536 ], [ 0.981804, 44.054461 ], [ 0.980483, 44.06039 ], [ 0.979191, 44.060564 ], [ 0.97573, 44.061051 ], [ 0.974542, 44.061086 ], [ 0.970093, 44.061186 ], [ 0.970025, 44.06119 ], [ 0.967645, 44.061117 ], [ 0.96106, 44.05574 ], [ 0.959264, 44.056135 ], [ 0.957675, 44.056515 ], [ 0.955986, 44.056968 ], [ 0.953401, 44.057705 ], [ 0.951543, 44.058268 ], [ 0.949849, 44.058736 ], [ 0.948208, 44.05912 ], [ 0.946804, 44.059395 ], [ 0.945673, 44.059563 ], [ 0.944412, 44.059723 ], [ 0.943056, 44.059825 ], [ 0.941728, 44.059889 ], [ 0.940567, 44.059898 ], [ 0.938692, 44.059844 ], [ 0.936954, 44.059712 ], [ 0.94123, 44.060588 ], [ 0.942703, 44.060779 ] ] ], [ [ [ 0.927103, 44.060597 ], [ 0.927734, 44.060448 ], [ 0.93464, 44.059479 ], [ 0.93237, 44.059249 ], [ 0.925155, 44.059367 ], [ 0.923161, 44.059604 ], [ 0.919174, 44.060078 ], [ 0.918259, 44.060198 ], [ 0.926789, 44.060572 ], [ 0.927103, 44.060597 ] ] ] ] } },
{ "type": "Feature", "properties": { "codgeo": "82033", "value": 1020, "isochrone_group": 17.0, "nb_agences": 1 }, "geometry": { "type": "MultiPolygon", "coordinates": [ [ [ [ 0.841009, 44.067373 ], [ 0.838525, 44.067618 ], [ 0.836015, 44.067782 ], [ 0.833887, 44.067867 ], [ 0.831804, 44.067952 ], [ 0.829178, 44.067994 ], [ 0.826461, 44.068001 ], [ 0.824887, 44.068035 ], [ 0.823295, 44.0681 ], [ 0.821589, 44.068217 ], [ 0.821835, 44.071808 ], [ 0.829188, 44.071593 ], [ 0.83186, 44.071552 ], [ 0.834033, 44.071465 ], [ 0.83616, 44.071379 ], [ 0.838759, 44.07121 ], [ 0.84136, 44.070956 ], [ 0.844847, 44.070513 ], [ 0.846069, 44.070312 ], [ 0.846150918214442, 44.070296567600124 ], [ 0.845482213813419, 44.066761130430592 ], [ 0.844392, 44.066942 ], [ 0.841009, 44.067373 ] ] ], [ [ [ 0.863066, 44.057226 ], [ 0.860843, 44.059725 ], [ 0.855587, 44.063412 ], [ 0.858955, 44.061928 ], [ 0.862897, 44.06016 ], [ 0.865436, 44.059032 ], [ 0.86936, 44.057293 ], [ 0.873282, 44.055555 ], [ 0.873929, 44.055298 ], [ 0.874711, 44.055037 ], [ 0.866389, 44.055842 ], [ 0.863066, 44.057226 ] ] ], [ [ [ 0.976518, 43.98422 ], [ 0.976109, 43.983949 ], [ 0.97569, 43.983741 ], [ 0.975341, 43.983606 ], [ 0.973565, 43.983004 ], [ 0.971277, 43.982228 ], [ 0.96938, 43.981585 ], [ 0.967483, 43.980942 ], [ 0.967221, 43.980853 ], [ 0.965451, 43.981586 ], [ 0.965386, 43.981675 ], [ 0.966065, 43.984263 ], [ 0.966327, 43.984352 ], [ 0.969183, 43.986044 ], [ 0.970461, 43.992537 ], [ 0.963621, 43.997136 ], [ 0.960497, 43.998926 ], [ 0.960724, 43.999322 ], [ 0.961447, 44.000461 ], [ 0.961759, 44.000882 ], [ 0.963571, 44.004163 ], [ 0.967488, 44.009582 ], [ 0.967054, 44.013156 ], [ 0.967128, 44.021899 ], [ 0.966356, 44.023018 ], [ 0.966016, 44.023864 ], [ 0.958762, 44.02711 ], [ 0.956723, 44.025936 ], [ 0.949498, 44.02225 ], [ 0.94316, 44.022963 ], [ 0.935415, 44.022103 ], [ 0.933463, 44.020813 ], [ 0.932532, 44.020163 ], [ 0.931919, 44.019857 ], [ 0.930166, 44.018833 ], [ 0.929808, 44.018596 ], [ 0.929442, 44.018396 ], [ 0.927715, 44.021555 ], [ 0.930485, 44.025643 ], [ 0.927985, 44.031732 ], [ 0.927883, 44.03533 ], [ 0.929269, 44.035369 ], [ 0.93003, 44.035466 ], [ 0.93022, 44.035502 ], [ 0.931565, 44.035848 ], [ 0.931918, 44.035912 ], [ 0.935392, 44.037833 ], [ 0.935987, 44.038237 ], [ 0.94092, 44.044378 ], [ 0.936183, 44.049967 ], [ 0.928182, 44.048513 ], [ 0.926596, 44.049353 ], [ 0.919016, 44.046581 ], [ 0.912093, 44.044242 ], [ 0.911369, 44.043605 ], [ 0.908992, 44.046309 ], [ 0.909717, 44.046946 ], [ 0.910841, 44.047975 ], [ 0.912645, 44.049475 ], [ 0.909548, 44.057614 ], [ 0.913682, 44.05712 ], [ 0.919259, 44.05228 ], [ 0.91992, 44.051238 ], [ 0.920839, 44.051773 ], [ 0.921149, 44.051967 ], [ 0.929856, 44.053095 ], [ 0.936321, 44.050936 ], [ 0.93659, 44.050869 ], [ 0.936674, 44.050855 ], [ 0.942592, 44.047516 ], [ 0.942678, 44.047415 ], [ 0.943114, 44.047238 ], [ 0.945336, 44.046361 ], [ 0.946275, 44.046615 ], [ 0.948119, 44.046725 ], [ 0.950513, 44.045758 ], [ 0.953439, 44.043661 ], [ 0.952783, 44.03639 ], [ 0.9471, 44.03693 ], [ 0.946381, 44.03678 ], [ 0.9435, 44.036991 ], [ 0.941029, 44.036167 ], [ 0.937894, 44.034295 ], [ 0.936513, 44.030971 ], [ 0.935716, 44.024925 ], [ 0.93657, 44.024143 ], [ 0.937527, 44.023442 ], [ 0.938432, 44.02379 ], [ 0.939357, 44.02416 ], [ 0.93985, 44.024417 ], [ 0.94019, 44.024632 ], [ 0.941364, 44.025473 ], [ 0.94961, 44.026565 ], [ 0.951326, 44.0275 ], [ 0.958867, 44.029332 ], [ 0.965912, 44.027736 ], [ 0.969035, 44.025946 ], [ 0.970437, 44.018955 ], [ 0.97042, 44.018886 ], [ 0.970422, 44.017992 ], [ 0.971974, 44.013533 ], [ 0.970747, 44.008809 ], [ 0.967532, 44.00485 ], [ 0.969585, 44.001893 ], [ 0.971246, 44.002762 ], [ 0.971792, 44.003001 ], [ 0.972588, 44.003494 ], [ 0.980529, 44.001698 ], [ 0.979436, 43.993147 ], [ 0.977002, 43.991792 ], [ 0.974952, 43.98783 ], [ 0.977702774652784, 43.98551187533802 ], [ 0.976946, 43.984617 ], [ 0.976518, 43.98422 ] ] ], [ [ [ 1.064122, 43.952092 ], [ 1.063555, 43.948537 ], [ 1.060007, 43.947054 ], [ 1.059268, 43.946723 ], [ 1.0587, 43.946934 ], [ 1.055959, 43.948357 ], [ 1.054883, 43.949121 ], [ 1.048019, 43.954 ], [ 1.046285, 43.958511 ], [ 1.041022, 43.965699 ], [ 1.039586, 43.965899 ], [ 1.035528, 43.964793 ], [ 1.035015, 43.964506 ], [ 1.031774, 43.966641 ], [ 1.032674, 43.970127 ], [ 1.030399, 43.97773 ], [ 1.026219, 43.980696 ], [ 1.025666, 43.980936 ], [ 1.02536, 43.981134 ], [ 1.022419, 43.982378 ], [ 1.015696, 43.979526 ], [ 1.015269, 43.978959 ], [ 1.014401, 43.978107 ], [ 1.010661, 43.980362 ], [ 1.007286, 43.981614 ], [ 0.998521, 43.982783 ], [ 0.998147, 43.982469 ], [ 0.997107, 43.981658 ], [ 0.995547, 43.983658 ], [ 0.988986, 43.987918 ], [ 0.980956973543835, 43.988653690280714 ], [ 0.9826, 43.989987 ], [ 0.988599, 43.994038 ], [ 0.991304, 43.993024 ], [ 0.991913, 43.992633 ], [ 0.992158, 43.992699 ], [ 0.992391, 43.994126 ], [ 0.99344, 43.996063 ], [ 1.001812, 43.993067 ], [ 1.003256, 43.989389 ], [ 1.003841, 43.985837 ], [ 1.006781, 43.984432 ], [ 1.010263, 43.983364 ], [ 1.012526, 43.983258 ], [ 1.015723, 43.984914 ], [ 1.02134, 43.985359 ], [ 1.022008, 43.985321 ], [ 1.028963, 43.983086 ], [ 1.030436, 43.982053 ], [ 1.030781, 43.982077 ], [ 1.032516, 43.983668 ], [ 1.040228, 43.986285 ], [ 1.043345, 43.980931 ], [ 1.043435, 43.98047 ], [ 1.043909, 43.978998 ], [ 1.041729, 43.970733 ], [ 1.041137, 43.970387 ], [ 1.041022, 43.968383 ], [ 1.041383, 43.967844 ], [ 1.041517, 43.967705 ], [ 1.042953, 43.967279 ], [ 1.043957, 43.967729 ], [ 1.044939, 43.967975 ], [ 1.050042, 43.961096 ], [ 1.052666, 43.958632 ], [ 1.056381, 43.955677 ], [ 1.059973, 43.955436 ], [ 1.060659, 43.957907 ], [ 1.0609, 43.958555 ], [ 1.061854, 43.961239 ], [ 1.062131, 43.961689 ], [ 1.061238, 43.956287 ], [ 1.064122, 43.952092 ] ] ], [ [ [ 1.169217, 43.950961 ], [ 1.164244, 43.94654 ], [ 1.159356, 43.942676 ], [ 1.156739, 43.94317 ], [ 1.156262, 43.943274 ], [ 1.155776, 43.943451 ], [ 1.148276, 43.944243 ], [ 1.146544, 43.943359 ], [ 1.145306, 43.943303 ], [ 1.136971, 43.942643 ], [ 1.13484, 43.93999 ], [ 1.129423, 43.937726 ], [ 1.126784, 43.937417 ], [ 1.121707, 43.932478 ], [ 1.121486, 43.932142 ], [ 1.121355, 43.931981 ], [ 1.114697, 43.931055 ], [ 1.114214, 43.931902 ], [ 1.112867, 43.934155 ], [ 1.107545, 43.938102 ], [ 1.107049, 43.938295 ], [ 1.106549, 43.938572 ], [ 1.099852, 43.938982 ], [ 1.097728, 43.936556 ], [ 1.097464, 43.935944 ], [ 1.096495, 43.933659 ], [ 1.096435, 43.933624 ], [ 1.094506, 43.932304 ], [ 1.093708, 43.931637 ], [ 1.091399, 43.934399 ], [ 1.092198, 43.935066 ], [ 1.094504, 43.938473 ], [ 1.094307, 43.944097 ], [ 1.093471, 43.94827 ], [ 1.093074, 43.951848 ], [ 1.086026, 43.955694 ], [ 1.08433, 43.955839 ], [ 1.07917185381116, 43.957986690304487 ], [ 1.083915, 43.958574 ], [ 1.084354, 43.958393 ], [ 1.084838, 43.958242 ], [ 1.086495, 43.957604 ], [ 1.087082, 43.957498 ], [ 1.090138, 43.956622 ], [ 1.091905, 43.95588 ], [ 1.100811, 43.954731 ], [ 1.10086, 43.954126 ], [ 1.100857, 43.951966 ], [ 1.101143, 43.950547 ], [ 1.101205, 43.947581 ], [ 1.099224, 43.942794 ], [ 1.101344, 43.939885 ], [ 1.105174, 43.939688 ], [ 1.107564, 43.942379 ], [ 1.113733, 43.944161 ], [ 1.11899, 43.93741 ], [ 1.119671, 43.936288 ], [ 1.120134, 43.935939 ], [ 1.120976, 43.935807 ], [ 1.121445, 43.936052 ], [ 1.122481, 43.937287 ], [ 1.125057, 43.940665 ], [ 1.125326, 43.940958 ], [ 1.133321, 43.944512 ], [ 1.134269, 43.947984 ], [ 1.132359, 43.954113 ], [ 1.138001, 43.957295 ], [ 1.145719, 43.954615 ], [ 1.148831, 43.950134 ], [ 1.152035, 43.948493 ], [ 1.157774, 43.947674 ], [ 1.159119, 43.947714 ], [ 1.159269, 43.947788 ], [ 1.162566, 43.952502 ], [ 1.164214, 43.955351 ], [ 1.165157264949449, 43.958204167785141 ], [ 1.169028, 43.954556 ], [ 1.169217, 43.950961 ] ] ], [ [ [ 1.233035, 43.983518 ], [ 1.231786, 43.983664 ], [ 1.226407, 43.977253 ], [ 1.229186, 43.970241 ], [ 1.229377, 43.970094 ], [ 1.229598, 43.968369 ], [ 1.229978, 43.965054 ], [ 1.230149, 43.96262 ], [ 1.230339, 43.956478 ], [ 1.229846, 43.954411 ], [ 1.229435, 43.954275 ], [ 1.22403, 43.947377 ], [ 1.223063, 43.944241 ], [ 1.221883, 43.936247 ], [ 1.220525, 43.935443 ], [ 1.217262, 43.933955 ], [ 1.213923, 43.9353 ], [ 1.21296, 43.941253 ], [ 1.208399, 43.945984 ], [ 1.203214, 43.948561 ], [ 1.197183, 43.952121 ], [ 1.193885, 43.951896 ], [ 1.190577, 43.951671 ], [ 1.188635, 43.951549 ], [ 1.186539, 43.951418 ], [ 1.185679, 43.951378 ], [ 1.184649, 43.952996 ], [ 1.184657, 43.953268 ], [ 1.185513, 43.954974 ], [ 1.186373, 43.955014 ], [ 1.192435, 43.961547 ], [ 1.184815, 43.965611 ], [ 1.182174, 43.966043 ], [ 1.181271, 43.966148 ], [ 1.180542, 43.966369 ], [ 1.181586, 43.969814 ], [ 1.175986, 43.975285 ], [ 1.172786, 43.973482 ], [ 1.170198, 43.975984 ], [ 1.165212, 43.981335 ], [ 1.16059, 43.984861 ], [ 1.154895, 43.982293 ], [ 1.156604, 43.974427 ], [ 1.154665, 43.982315 ], [ 1.154551, 43.983528 ], [ 1.155779, 43.9897 ], [ 1.163928, 43.98905 ], [ 1.164449, 43.985488 ], [ 1.166531, 43.985792 ], [ 1.168184, 43.98568 ], [ 1.170246, 43.985185 ], [ 1.174312, 43.978195 ], [ 1.174362, 43.97753 ], [ 1.174456, 43.977141 ], [ 1.177582, 43.976802 ], [ 1.182802, 43.974473 ], [ 1.186644, 43.969117 ], [ 1.18765, 43.966918 ], [ 1.189257, 43.967251 ], [ 1.195608, 43.961792 ], [ 1.198116, 43.955793 ], [ 1.198361, 43.952201 ], [ 1.20107, 43.952386 ], [ 1.203779, 43.952571 ], [ 1.210252, 43.950481 ], [ 1.214196, 43.946492 ], [ 1.215921, 43.944931 ], [ 1.219404, 43.945842 ], [ 1.221317, 43.953849 ], [ 1.226281, 43.958361 ], [ 1.22716, 43.960615 ], [ 1.226785, 43.963607 ], [ 1.226699, 43.963856 ], [ 1.224999, 43.968097 ], [ 1.224861, 43.968319 ], [ 1.224545, 43.968594 ], [ 1.222515, 43.968729 ], [ 1.215774, 43.969545 ], [ 1.217189, 43.977082 ], [ 1.221279, 43.980244 ], [ 1.22391, 43.982189 ], [ 1.23023, 43.988491 ], [ 1.23383, 43.988448 ], [ 1.236401, 43.987642 ], [ 1.2385, 43.986268 ], [ 1.240299, 43.985195 ], [ 1.242045, 43.984243 ], [ 1.233769, 43.98408 ], [ 1.233035, 43.983518 ] ] ], [ [ [ 1.287193313386899, 43.95133408057368 ], [ 1.287409012981238, 43.951284602949208 ], [ 1.287491611062299, 43.950951450138646 ], [ 1.287193313386899, 43.95133408057368 ] ] ], [ [ [ 1.209897, 44.107711 ], [ 1.21764, 44.108726 ], [ 1.221833, 44.110959 ], [ 1.226434, 44.112464 ], [ 1.23543, 44.112284 ], [ 1.235803, 44.112149 ], [ 1.243742, 44.116134 ], [ 1.246402, 44.116783 ], [ 1.248774, 44.116921 ], [ 1.250833, 44.115805 ], [ 1.250835, 44.115616 ], [ 1.250811, 44.1153 ], [ 1.250779, 44.115113 ], [ 1.250177, 44.114369 ], [ 1.248176, 44.111922 ], [ 1.251319, 44.105297 ], [ 1.250674, 44.104357 ], [ 1.250267, 44.103603 ], [ 1.25349, 44.095578 ], [ 1.253485, 44.091978 ], [ 1.24668, 44.08659 ], [ 1.247942, 44.080658 ], [ 1.247444, 44.076988 ], [ 1.24671, 44.07579 ], [ 1.249263, 44.068041 ], [ 1.254841, 44.064346 ], [ 1.257826, 44.062334 ], [ 1.257566, 44.061948 ], [ 1.25699, 44.061386 ], [ 1.254366, 44.053289 ], [ 1.25466589981514, 44.052718614082551 ], [ 1.254259, 44.052455 ], [ 1.250363954195881, 44.054088543174927 ], [ 1.250221, 44.058558 ], [ 1.247744, 44.061171 ], [ 1.241642, 44.064166 ], [ 1.239912, 44.071632 ], [ 1.240438, 44.074993 ], [ 1.239196, 44.078372 ], [ 1.24504, 44.08292 ], [ 1.244974, 44.083688 ], [ 1.244871, 44.084391 ], [ 1.244319, 44.090594 ], [ 1.242777, 44.091525 ], [ 1.243692, 44.100332 ], [ 1.244863, 44.100472 ], [ 1.245517, 44.101169 ], [ 1.246355, 44.102402 ], [ 1.246452, 44.109175 ], [ 1.24534, 44.111013 ], [ 1.244344, 44.111566 ], [ 1.243455, 44.11117 ], [ 1.240445, 44.109536 ], [ 1.232134, 44.107806 ], [ 1.231497, 44.108162 ], [ 1.229411, 44.109354 ], [ 1.225402, 44.107191 ], [ 1.221993, 44.105351 ], [ 1.216501, 44.10307 ], [ 1.209362, 44.10387 ], [ 1.207174, 44.105368 ], [ 1.204983, 44.104521 ], [ 1.20406, 44.104183 ], [ 1.203778337157245, 44.104084086560526 ], [ 1.206962, 44.106669 ], [ 1.209897, 44.107711 ] ] ], [ [ [ 1.199129, 44.09785 ], [ 1.192698, 44.093966 ], [ 1.199424733390091, 44.098446174547618 ], [ 1.199129, 44.09785 ] ] ], [ [ [ 1.150955, 44.126854 ], [ 1.153133, 44.12678 ], [ 1.153136, 44.126777 ], [ 1.15329, 44.126635 ], [ 1.161892, 44.124153 ], [ 1.163289, 44.123878 ], [ 1.170738, 44.119941 ], [ 1.172137, 44.119884 ], [ 1.173261, 44.119558 ], [ 1.175334, 44.118351 ], [ 1.176146, 44.117694 ], [ 1.17388, 44.114896 ], [ 1.170559, 44.110499 ], [ 1.170843, 44.111227 ], [ 1.172045, 44.113599 ], [ 1.171836, 44.116359 ], [ 1.171187, 44.116476 ], [ 1.170877, 44.116511 ], [ 1.162618, 44.118351 ], [ 1.158761, 44.119903 ], [ 1.155654, 44.12115 ], [ 1.147811, 44.119909 ], [ 1.14523, 44.12387 ], [ 1.144866, 44.123848 ], [ 1.143462574298581, 44.124143406159106 ], [ 1.146362, 44.125779 ], [ 1.150955, 44.126854 ] ] ], [ [ [ 1.117717, 44.132185 ], [ 1.119866, 44.137854 ], [ 1.11987, 44.138048 ], [ 1.119811, 44.139738 ], [ 1.12341, 44.139842 ], [ 1.125295, 44.137349 ], [ 1.125615, 44.136944 ], [ 1.131727, 44.130977 ], [ 1.135397, 44.126083 ], [ 1.137546142767657, 44.125388751967179 ], [ 1.136324, 44.125646 ], [ 1.133517, 44.126536 ], [ 1.133349, 44.126554 ], [ 1.131635, 44.126791 ], [ 1.12482, 44.128352 ], [ 1.122262, 44.131055 ], [ 1.122091, 44.131317 ], [ 1.119081, 44.129341 ], [ 1.115468113951056, 44.126049699674041 ], [ 1.117764, 44.128586 ], [ 1.117717, 44.132185 ] ] ], [ [ [ 1.112980657534373, 44.124640643611777 ], [ 1.10663, 44.122859 ], [ 1.105565, 44.127034 ], [ 1.107522, 44.123427 ], [ 1.112980657534373, 44.124640643611777 ] ] ], [ [ [ 1.095202, 44.128043 ], [ 1.09958, 44.132953 ], [ 1.100378, 44.136573 ], [ 1.10077, 44.141324 ], [ 1.103488, 44.142299 ], [ 1.104218, 44.142216 ], [ 1.104245, 44.142145 ], [ 1.104964, 44.140392 ], [ 1.107779, 44.134562 ], [ 1.107321, 44.133405 ], [ 1.107195, 44.131009 ], [ 1.105565, 44.127034 ], [ 1.105602, 44.129639 ], [ 1.105575, 44.130606 ], [ 1.101976, 44.130505 ], [ 1.102003, 44.129538 ], [ 1.099007, 44.123654 ], [ 1.094742, 44.122253 ], [ 1.093546, 44.122002 ], [ 1.088244285361023, 44.12275373565776 ], [ 1.093495, 44.124873 ], [ 1.095202, 44.128043 ] ] ], [ [ [ 1.028102, 44.096222 ], [ 1.032431, 44.095733 ], [ 1.032891, 44.09575 ], [ 1.033204, 44.095742 ], [ 1.03367, 44.095686 ], [ 1.034081, 44.095593 ], [ 1.036236, 44.09485 ], [ 1.036897, 44.094789 ], [ 1.041527, 44.096481 ], [ 1.042937, 44.101547 ], [ 1.045937, 44.109122 ], [ 1.047079, 44.113064 ], [ 1.048039, 44.115358 ], [ 1.048964, 44.116131 ], [ 1.056699, 44.118562 ], [ 1.057964, 44.124952 ], [ 1.061614, 44.128182 ], [ 1.064581, 44.132072 ], [ 1.061795, 44.137552 ], [ 1.060672, 44.138148 ], [ 1.05759, 44.139671 ], [ 1.059186, 44.142898 ], [ 1.062268, 44.141375 ], [ 1.06348, 44.140733 ], [ 1.065079, 44.139689 ], [ 1.065705, 44.139302 ], [ 1.067616, 44.137876 ], [ 1.069392, 44.136542 ], [ 1.076842, 44.133309 ], [ 1.076215, 44.129764 ], [ 1.082119, 44.123682 ], [ 1.081093, 44.123804 ], [ 1.07993, 44.123791 ], [ 1.078839, 44.123696 ], [ 1.078193, 44.123637 ], [ 1.072265, 44.126424 ], [ 1.071522, 44.132962 ], [ 1.07148, 44.133114 ], [ 1.070587, 44.134203 ], [ 1.069996, 44.134272 ], [ 1.068756, 44.133345 ], [ 1.063481, 44.128512 ], [ 1.062953, 44.126562 ], [ 1.061749, 44.121252 ], [ 1.061395, 44.116519 ], [ 1.061516, 44.114668 ], [ 1.060818, 44.111137 ], [ 1.053084, 44.107986 ], [ 1.04982, 44.109092 ], [ 1.049674, 44.108907 ], [ 1.049315, 44.107416 ], [ 1.046981, 44.099789 ], [ 1.046934, 44.099267 ], [ 1.040464, 44.09327 ], [ 1.039944, 44.089708 ], [ 1.041192, 44.089442 ], [ 1.041754, 44.089354 ], [ 1.047262, 44.085294 ], [ 1.049044, 44.084755 ], [ 1.05006, 44.0845 ], [ 1.052792, 44.086283 ], [ 1.054816, 44.087078 ], [ 1.062438, 44.082585 ], [ 1.06354, 44.074499 ], [ 1.065249, 44.065906 ], [ 1.06191, 44.05818 ], [ 1.05417, 44.05424 ], [ 1.052987, 44.056739 ], [ 1.047734, 44.062687 ], [ 1.050034, 44.065457 ], [ 1.048392, 44.070163 ], [ 1.046839, 44.073411 ], [ 1.041224, 44.073677 ], [ 1.034639, 44.072734 ], [ 1.030841, 44.076085 ], [ 1.030139, 44.080488 ], [ 1.029536, 44.084731 ], [ 1.029887, 44.086251 ], [ 1.030071, 44.090306 ], [ 1.028436, 44.091059 ], [ 1.02685, 44.091912 ], [ 1.0253564418148, 44.089853396375496 ], [ 1.026175, 44.09326 ], [ 1.028102, 44.096222 ] ] ], [ [ [ 0.978497, 44.069767 ], [ 0.982031, 44.067662 ], [ 0.983648, 44.06717 ], [ 0.989271, 44.069921 ], [ 0.987979, 44.076377 ], [ 0.987586, 44.079955 ], [ 0.990903, 44.08357 ], [ 0.991116, 44.083411 ], [ 0.994028, 44.0813 ], [ 1.002649, 44.081986 ], [ 1.00901, 44.081889 ], [ 1.012519, 44.08269 ], [ 1.019108, 44.086613 ], [ 1.025262437223625, 44.089723827809628 ], [ 1.02256, 44.085999 ], [ 1.0167, 44.081594 ], [ 1.009818, 44.078104 ], [ 1.001912, 44.078016 ], [ 1.001301, 44.078124 ], [ 0.994985, 44.079857 ], [ 0.992103, 44.077699 ], [ 0.993019, 44.074979 ], [ 0.992618, 44.066529 ], [ 0.991116, 44.062764 ], [ 0.985203, 44.059576 ], [ 0.980528, 44.063795 ], [ 0.976998, 44.064501 ], [ 0.973501802427205, 44.064797556635945 ], [ 0.976028, 44.068758 ], [ 0.978497, 44.069767 ] ] ], [ [ [ 0.961388, 44.06863 ], [ 0.961678, 44.068772 ], [ 0.963046, 44.068966 ], [ 0.964738, 44.068977 ], [ 0.966673, 44.065942 ], [ 0.96710201549168, 44.065092865651252 ], [ 0.967099, 44.065093 ], [ 0.964245, 44.062808 ], [ 0.962364, 44.061574 ], [ 0.960872, 44.060679 ], [ 0.956941, 44.058743 ], [ 0.960914, 44.066065 ], [ 0.961388, 44.06863 ] ] ], [ [ [ 0.941932, 44.06299 ], [ 0.948384, 44.063929 ], [ 0.950054, 44.06074 ], [ 0.956941, 44.058743 ], [ 0.955039, 44.058271 ], [ 0.9479, 44.061016 ], [ 0.943597, 44.060822 ], [ 0.942703, 44.060779 ], [ 0.94123, 44.060588 ], [ 0.936954, 44.059712 ], [ 0.93464, 44.059479 ], [ 0.933689106079875, 44.059612422561351 ], [ 0.938192, 44.060853 ], [ 0.941932, 44.06299 ] ] ], [ [ [ 0.90975, 44.066496 ], [ 0.910124, 44.066322 ], [ 0.910483, 44.066094 ], [ 0.914449, 44.063693 ], [ 0.920306, 44.06141 ], [ 0.923838, 44.060874 ], [ 0.924805758845626, 44.060485044291703 ], [ 0.918259, 44.060198 ], [ 0.914109, 44.060694 ], [ 0.909945, 44.061192 ], [ 0.907676, 44.061444 ], [ 0.905972, 44.061606 ], [ 0.905104, 44.061664 ], [ 0.903008, 44.061777 ], [ 0.901666, 44.061796 ], [ 0.90893, 44.066881 ], [ 0.90975, 44.066496 ] ] ], [ [ [ 0.867182, 44.070783 ], [ 0.867568, 44.071998 ], [ 0.871167, 44.071925 ], [ 0.871453, 44.06906 ], [ 0.871183, 44.067067 ], [ 0.871182, 44.066424 ], [ 0.871091, 44.065847 ], [ 0.875839, 44.058456 ], [ 0.87474, 44.058846 ], [ 0.868799, 44.064815 ], [ 0.867201, 44.066039 ], [ 0.86676, 44.065952 ], [ 0.864815, 44.06557 ], [ 0.861594819570674, 44.066040851999489 ], [ 0.866886, 44.069684 ], [ 0.867182, 44.070783 ] ] ] ] } },
{ "type": "Feature", "properties": { "codgeo": "82033", "value": 1080, "isochrone_group": 18.0, "nb_agences": 1 }, "geometry": { "type": "MultiPolygon", "coordinates": [ [ [ [ 0.819776, 44.068404 ], [ 0.818059, 44.068634 ], [ 0.816766, 44.068844 ], [ 0.815495, 44.06909 ], [ 0.813744, 44.069472 ], [ 0.812217, 44.069868 ], [ 0.811148, 44.07019 ], [ 0.810026, 44.07056 ], [ 0.808506, 44.071127 ], [ 0.806856, 44.071847 ], [ 0.805312, 44.072627 ], [ 0.803629, 44.073593 ], [ 0.802077, 44.074622 ], [ 0.800611, 44.075715 ], [ 0.7995, 44.076728 ], [ 0.801926, 44.079388 ], [ 0.802545, 44.078868 ], [ 0.809942, 44.074428 ], [ 0.811278, 44.073935 ], [ 0.81227, 44.073611 ], [ 0.813255, 44.073315 ], [ 0.814645, 44.072957 ], [ 0.816259, 44.072608 ], [ 0.817448, 44.072379 ], [ 0.818635, 44.072187 ], [ 0.820252, 44.071972 ], [ 0.821834988413713, 44.07180783086848 ], [ 0.821589049064367, 44.068217716220097 ], [ 0.821469, 44.068226 ], [ 0.819776, 44.068404 ] ] ], [ [ [ 0.863717, 44.04974 ], [ 0.863669, 44.049201 ], [ 0.863571, 44.04881 ], [ 0.863154, 44.0472 ], [ 0.862607, 44.046438 ], [ 0.862465, 44.046243 ], [ 0.861316, 44.04655 ], [ 0.859557, 44.048365 ], [ 0.85947, 44.051235 ], [ 0.860195, 44.053234 ], [ 0.856803, 44.06011 ], [ 0.855999, 44.060992 ], [ 0.85584, 44.061156 ], [ 0.848461, 44.066135 ], [ 0.849799, 44.065756 ], [ 0.851057, 44.065337 ], [ 0.852305, 44.064861 ], [ 0.855587, 44.063412 ], [ 0.860843, 44.059725 ], [ 0.863066, 44.057226 ], [ 0.866389, 44.055842 ], [ 0.870430013364583, 44.055451106493813 ], [ 0.865149, 44.054036 ], [ 0.863717, 44.04974 ] ] ], [ [ [ 0.879055, 44.054011 ], [ 0.87812, 44.054133 ], [ 0.877107, 44.05431 ], [ 0.876486, 44.054443 ], [ 0.875847, 44.054604 ], [ 0.87471, 44.054935 ], [ 0.873067235692857, 44.055196003877342 ], [ 0.874711, 44.055037 ], [ 0.875786, 44.054715 ], [ 0.876432, 44.054549 ], [ 0.877042, 44.054414 ], [ 0.878122, 44.054236 ], [ 0.878982, 44.054118 ], [ 0.879909, 44.054035 ], [ 0.880816, 44.053989 ], [ 0.88212, 44.053982 ], [ 0.879877, 44.053937 ], [ 0.879055, 44.054011 ] ] ], [ [ [ 0.909548, 44.057614 ], [ 0.910159318088783, 44.056007439481881 ], [ 0.907334, 44.05786 ], [ 0.909548, 44.057614 ] ] ], [ [ [ 0.912645, 44.049475 ], [ 0.910841, 44.047975 ], [ 0.911964052944738, 44.051264547330561 ], [ 0.912645, 44.049475 ] ] ], [ [ [ 0.910782, 44.04322 ], [ 0.910131, 44.043016 ], [ 0.90707, 44.04137 ], [ 0.906419, 44.040849 ], [ 0.906012, 44.040623 ], [ 0.90459, 44.039846 ], [ 0.902571, 44.037956 ], [ 0.902225, 44.037629 ], [ 0.901791, 44.037335 ], [ 0.901192, 44.037031 ], [ 0.899563, 44.040241 ], [ 0.901123, 44.041913 ], [ 0.901535, 44.042386 ], [ 0.902086, 44.042757 ], [ 0.903569, 44.043474 ], [ 0.903853, 44.043643 ], [ 0.904758, 44.044129 ], [ 0.907182, 44.045861 ], [ 0.908116, 44.046315 ], [ 0.908553, 44.046465 ], [ 0.910841, 44.047975 ], [ 0.909717, 44.046946 ], [ 0.908992, 44.046309 ], [ 0.911361739087186, 44.043613259784699 ], [ 0.91118, 44.043457 ], [ 0.910782, 44.04322 ] ] ], [ [ [ 1.073343, 43.950361 ], [ 1.074895, 43.946082 ], [ 1.072095, 43.94382 ], [ 1.067843, 43.945936 ], [ 1.05995, 43.945479 ], [ 1.05471, 43.943597 ], [ 1.054607, 43.943656 ], [ 1.049427, 43.946152 ], [ 1.045833, 43.945942 ], [ 1.042327, 43.953228 ], [ 1.040186, 43.955458 ], [ 1.03477, 43.960492 ], [ 1.032254, 43.962127 ], [ 1.031846, 43.962439 ], [ 1.031587, 43.962681 ], [ 1.031208, 43.963269 ], [ 1.02545, 43.967793 ], [ 1.023555, 43.968231 ], [ 1.021374, 43.968504 ], [ 1.021525, 43.971092 ], [ 1.021435, 43.972103 ], [ 1.016348, 43.977373 ], [ 1.012794, 43.975501 ], [ 1.007262, 43.97554 ], [ 0.998363, 43.975936 ], [ 0.995819, 43.977034 ], [ 0.98886, 43.977479 ], [ 0.987531, 43.980825 ], [ 0.983842, 43.985109 ], [ 0.977705, 43.982115 ], [ 0.976187, 43.981528 ], [ 0.973714, 43.980139 ], [ 0.972566, 43.979666 ], [ 0.966153, 43.979009 ], [ 0.963411, 43.976676 ], [ 0.957852, 43.975778 ], [ 0.955727, 43.978684 ], [ 0.956153, 43.980835 ], [ 0.958265, 43.98375 ], [ 0.956116, 43.990913 ], [ 0.954983, 43.993958 ], [ 0.954852, 43.994284 ], [ 0.955816, 43.998353 ], [ 0.956315, 43.999684 ], [ 0.958002, 44.006351 ], [ 0.963418, 44.012 ], [ 0.965946, 44.018782 ], [ 0.964575, 44.02148 ], [ 0.956161, 44.021292 ], [ 0.955846, 44.020949 ], [ 0.95561, 44.020739 ], [ 0.948364, 44.019538 ], [ 0.9474, 44.0189 ], [ 0.944915, 44.018369 ], [ 0.936545, 44.018279 ], [ 0.935044, 44.018106 ], [ 0.931457, 44.017435 ], [ 0.924636, 44.015928 ], [ 0.920931, 44.013338 ], [ 0.918617, 44.016095 ], [ 0.920508, 44.017682 ], [ 0.921775, 44.019281 ], [ 0.923473, 44.024162 ], [ 0.92355, 44.025719 ], [ 0.918292, 44.031669 ], [ 0.91688, 44.031895 ], [ 0.917449, 44.03545 ], [ 0.919179, 44.044173 ], [ 0.912093, 44.044242 ], [ 0.919016, 44.046581 ], [ 0.926596, 44.049353 ], [ 0.928182, 44.048513 ], [ 0.936183, 44.049967 ], [ 0.94092, 44.044378 ], [ 0.935987, 44.038237 ], [ 0.935392, 44.037833 ], [ 0.931918, 44.035912 ], [ 0.931565, 44.035848 ], [ 0.93022, 44.035502 ], [ 0.93003, 44.035466 ], [ 0.929269, 44.035369 ], [ 0.927883, 44.03533 ], [ 0.927985, 44.031732 ], [ 0.930485, 44.025643 ], [ 0.927715, 44.021555 ], [ 0.929442, 44.018396 ], [ 0.929808, 44.018596 ], [ 0.930166, 44.018833 ], [ 0.931919, 44.019857 ], [ 0.932532, 44.020163 ], [ 0.933463, 44.020813 ], [ 0.935415, 44.022103 ], [ 0.94316, 44.022963 ], [ 0.949498, 44.02225 ], [ 0.956723, 44.025936 ], [ 0.958762, 44.02711 ], [ 0.966016, 44.023864 ], [ 0.966356, 44.023018 ], [ 0.967128, 44.021899 ], [ 0.967054, 44.013156 ], [ 0.967488, 44.009582 ], [ 0.963571, 44.004163 ], [ 0.961759, 44.000882 ], [ 0.961447, 44.000461 ], [ 0.960724, 43.999322 ], [ 0.960497, 43.998926 ], [ 0.963621, 43.997136 ], [ 0.970461, 43.992537 ], [ 0.969183, 43.986044 ], [ 0.966327, 43.984352 ], [ 0.966065, 43.984263 ], [ 0.965386, 43.981675 ], [ 0.965451, 43.981586 ], [ 0.967221, 43.980853 ], [ 0.967483, 43.980942 ], [ 0.96938, 43.981585 ], [ 0.971277, 43.982228 ], [ 0.973565, 43.983004 ], [ 0.975341, 43.983606 ], [ 0.97569, 43.983741 ], [ 0.976109, 43.983949 ], [ 0.976518, 43.98422 ], [ 0.976946, 43.984617 ], [ 0.978716, 43.98671 ], [ 0.980397, 43.988705 ], [ 0.988986, 43.987918 ], [ 0.995547, 43.983658 ], [ 0.997107, 43.981658 ], [ 0.998147, 43.982469 ], [ 0.998521, 43.982783 ], [ 1.007286, 43.981614 ], [ 1.010661, 43.980362 ], [ 1.014401, 43.978107 ], [ 1.015269, 43.978959 ], [ 1.015696, 43.979526 ], [ 1.022419, 43.982378 ], [ 1.02536, 43.981134 ], [ 1.025666, 43.980936 ], [ 1.026219, 43.980696 ], [ 1.030399, 43.97773 ], [ 1.032674, 43.970127 ], [ 1.031774, 43.966641 ], [ 1.035015, 43.964506 ], [ 1.035528, 43.964793 ], [ 1.039586, 43.965899 ], [ 1.041022, 43.965699 ], [ 1.046285, 43.958511 ], [ 1.048019, 43.954 ], [ 1.054883, 43.949121 ], [ 1.055959, 43.948357 ], [ 1.0587, 43.946934 ], [ 1.059268, 43.946723 ], [ 1.060007, 43.947054 ], [ 1.063555, 43.948537 ], [ 1.064122, 43.952092 ], [ 1.061238, 43.956287 ], [ 1.062131, 43.961689 ], [ 1.064244, 43.964026 ], [ 1.065461, 43.96486 ], [ 1.065807, 43.965129 ], [ 1.066579, 43.965801 ], [ 1.067538, 43.966578 ], [ 1.074645, 43.961536 ], [ 1.074833, 43.959547 ], [ 1.07706, 43.958866 ], [ 1.071792, 43.952369 ], [ 1.073343, 43.950361 ] ] ], [ [ [ 1.091688, 43.92721 ], [ 1.090138, 43.925969 ], [ 1.088052, 43.926602 ], [ 1.084314, 43.92792 ], [ 1.083834, 43.930761 ], [ 1.084256, 43.931519 ], [ 1.085788, 43.935989 ], [ 1.08641, 43.936804 ], [ 1.086858, 43.937351 ], [ 1.087935, 43.945411 ], [ 1.087438, 43.948977 ], [ 1.082502, 43.954634 ], [ 1.07706, 43.958866 ], [ 1.08433, 43.955839 ], [ 1.086026, 43.955694 ], [ 1.093074, 43.951848 ], [ 1.093471, 43.94827 ], [ 1.094307, 43.944097 ], [ 1.094504, 43.938473 ], [ 1.092198, 43.935066 ], [ 1.091399, 43.934399 ], [ 1.093708, 43.931637 ], [ 1.094506, 43.932304 ], [ 1.092251, 43.928884 ], [ 1.091688, 43.92721 ] ] ], [ [ [ 1.130113, 43.937555 ], [ 1.123837, 43.931729 ], [ 1.123908, 43.930666 ], [ 1.123576, 43.9299 ], [ 1.122639, 43.928474 ], [ 1.120676, 43.926714 ], [ 1.117219, 43.927396 ], [ 1.112821, 43.928088 ], [ 1.106951, 43.926486 ], [ 1.106547, 43.926293 ], [ 1.106076, 43.92613 ], [ 1.105419, 43.926001 ], [ 1.104759, 43.925979 ], [ 1.104057, 43.926064 ], [ 1.103627, 43.926178 ], [ 1.103916, 43.927799 ], [ 1.104548, 43.929658 ], [ 1.106709, 43.937722 ], [ 1.099852, 43.938982 ], [ 1.106549, 43.938572 ], [ 1.107049, 43.938295 ], [ 1.107545, 43.938102 ], [ 1.112867, 43.934155 ], [ 1.114214, 43.931902 ], [ 1.114697, 43.931055 ], [ 1.121355, 43.931981 ], [ 1.121486, 43.932142 ], [ 1.121707, 43.932478 ], [ 1.126784, 43.937417 ], [ 1.129423, 43.937726 ], [ 1.134748230806223, 43.939951645660933 ], [ 1.132759, 43.936615 ], [ 1.130113, 43.937555 ] ] ], [ [ [ 1.146537, 43.94169 ], [ 1.143001, 43.942363 ], [ 1.134822183989306, 43.939982553913936 ], [ 1.13484, 43.93999 ], [ 1.136971, 43.942643 ], [ 1.145306, 43.943303 ], [ 1.146544, 43.943359 ], [ 1.148276, 43.944243 ], [ 1.155776, 43.943451 ], [ 1.156262, 43.943274 ], [ 1.15175, 43.943651 ], [ 1.146537, 43.94169 ] ] ], [ [ [ 1.170369, 43.944279 ], [ 1.170378, 43.944221 ], [ 1.168916, 43.942165 ], [ 1.167549, 43.941337 ], [ 1.167123, 43.941278 ], [ 1.16342, 43.941 ], [ 1.162905, 43.940992 ], [ 1.161946, 43.941011 ], [ 1.156739, 43.94317 ], [ 1.159356, 43.942676 ], [ 1.164244, 43.94654 ], [ 1.167950010642099, 43.949834645696512 ], [ 1.168712, 43.945759 ], [ 1.170369, 43.944279 ] ] ], [ [ [ 1.173637, 43.97152 ], [ 1.170195, 43.970465 ], [ 1.169446, 43.971695 ], [ 1.168932, 43.972674 ], [ 1.168919, 43.973818 ], [ 1.165359, 43.980772 ], [ 1.160605, 43.980276 ], [ 1.158114, 43.973646 ], [ 1.156604, 43.974427 ], [ 1.154895, 43.982293 ], [ 1.16059, 43.984861 ], [ 1.165212, 43.981335 ], [ 1.170198, 43.975984 ], [ 1.172786, 43.973482 ], [ 1.175986, 43.975285 ], [ 1.181586, 43.969814 ], [ 1.180789477051722, 43.967185626861308 ], [ 1.180603, 43.967569 ], [ 1.173637, 43.97152 ] ] ], [ [ [ 1.235371, 43.976952 ], [ 1.235203, 43.976687 ], [ 1.235075, 43.976482 ], [ 1.23415, 43.975895 ], [ 1.233244, 43.967263 ], [ 1.234124, 43.961813 ], [ 1.236031, 43.955636 ], [ 1.235829, 43.95472 ], [ 1.234037, 43.952108 ], [ 1.232755, 43.94981 ], [ 1.228474, 43.946358 ], [ 1.224632, 43.938341 ], [ 1.225099, 43.937163 ], [ 1.223721, 43.928925 ], [ 1.224284, 43.926653 ], [ 1.217612, 43.92406 ], [ 1.214391, 43.927053 ], [ 1.213393, 43.930512 ], [ 1.209692, 43.935182 ], [ 1.208245, 43.939301 ], [ 1.207091, 43.942711 ], [ 1.204898, 43.945537 ], [ 1.198961, 43.947733 ], [ 1.198442, 43.947788 ], [ 1.190304, 43.948634 ], [ 1.188328, 43.948098 ], [ 1.18692, 43.948584 ], [ 1.186045, 43.949221 ], [ 1.180058, 43.950949 ], [ 1.177299, 43.950775 ], [ 1.177073, 43.954368 ], [ 1.180204, 43.956509 ], [ 1.182178, 43.964331 ], [ 1.181295580828113, 43.966145141764194 ], [ 1.182174, 43.966043 ], [ 1.184815, 43.965611 ], [ 1.192435, 43.961547 ], [ 1.186373, 43.955014 ], [ 1.185513, 43.954974 ], [ 1.184657, 43.953268 ], [ 1.184649, 43.952996 ], [ 1.185679, 43.951378 ], [ 1.186539, 43.951418 ], [ 1.188635, 43.951549 ], [ 1.190577, 43.951671 ], [ 1.193885, 43.951896 ], [ 1.197183, 43.952121 ], [ 1.203214, 43.948561 ], [ 1.208399, 43.945984 ], [ 1.21296, 43.941253 ], [ 1.213923, 43.9353 ], [ 1.217262, 43.933955 ], [ 1.220525, 43.935443 ], [ 1.221883, 43.936247 ], [ 1.223063, 43.944241 ], [ 1.22403, 43.947377 ], [ 1.229435, 43.954275 ], [ 1.229846, 43.954411 ], [ 1.230339, 43.956478 ], [ 1.230149, 43.96262 ], [ 1.229978, 43.965054 ], [ 1.229598, 43.968369 ], [ 1.229377, 43.970094 ], [ 1.229186, 43.970241 ], [ 1.226407, 43.977253 ], [ 1.231786, 43.983664 ], [ 1.233035, 43.983518 ], [ 1.233769, 43.98408 ], [ 1.236615042141795, 43.98413605423746 ], [ 1.237518572874117, 43.981823280775188 ], [ 1.235017, 43.980486 ], [ 1.235371, 43.976952 ] ] ], [ [ [ 1.251174, 44.083733 ], [ 1.252825, 44.078818 ], [ 1.253467, 44.077887 ], [ 1.253157, 44.076924 ], [ 1.251833, 44.075357 ], [ 1.250316, 44.067889 ], [ 1.253652549424788, 44.067482579207621 ], [ 1.252582635667647, 44.065841994300463 ], [ 1.249263, 44.068041 ], [ 1.24671, 44.07579 ], [ 1.247444, 44.076988 ], [ 1.247942, 44.080658 ], [ 1.24668, 44.08659 ], [ 1.251782017600372, 44.090629628336629 ], [ 1.256022, 44.088104 ], [ 1.256170629803096, 44.087739101794156 ], [ 1.251174, 44.083733 ] ] ], [ [ [ 1.250267, 44.103603 ], [ 1.250423042867094, 44.103892081871713 ], [ 1.250450410122586, 44.10314632415956 ], [ 1.250267, 44.103603 ] ] ], [ [ [ 1.21048, 44.110763 ], [ 1.210954, 44.111615 ], [ 1.211463, 44.11245 ], [ 1.214536, 44.110576 ], [ 1.221112, 44.112454 ], [ 1.222685, 44.114946 ], [ 1.224277, 44.114958 ], [ 1.226285, 44.114946 ], [ 1.229983, 44.113958 ], [ 1.230038, 44.113934 ], [ 1.230894, 44.113557 ], [ 1.231572, 44.113279 ], [ 1.232302, 44.112999 ], [ 1.233785, 44.11268 ], [ 1.240495, 44.116795 ], [ 1.241096, 44.1183 ], [ 1.246045, 44.122918 ], [ 1.249195, 44.122156 ], [ 1.25046, 44.120849 ], [ 1.251003, 44.12016 ], [ 1.253542, 44.112777 ], [ 1.253548261455887, 44.112672469373749 ], [ 1.253324, 44.112892 ], [ 1.250641, 44.114641 ], [ 1.24834, 44.111873 ], [ 1.250277787190585, 44.107850299056551 ], [ 1.250292048885276, 44.10746166787623 ], [ 1.248176, 44.111922 ], [ 1.250177, 44.114369 ], [ 1.250779, 44.115113 ], [ 1.250811, 44.1153 ], [ 1.250835, 44.115616 ], [ 1.250833, 44.115805 ], [ 1.248774, 44.116921 ], [ 1.246402, 44.116783 ], [ 1.243742, 44.116134 ], [ 1.235803, 44.112149 ], [ 1.23543, 44.112284 ], [ 1.226434, 44.112464 ], [ 1.221833, 44.110959 ], [ 1.21764, 44.108726 ], [ 1.209897, 44.107711 ], [ 1.206962, 44.106669 ], [ 1.204873826017897, 44.104973547542599 ], [ 1.210248, 44.110194 ], [ 1.21048, 44.110763 ] ] ], [ [ [ 1.179491, 44.118817 ], [ 1.180631, 44.118772 ], [ 1.181302, 44.117999 ], [ 1.181672, 44.116477 ], [ 1.181714, 44.112878 ], [ 1.182762, 44.108602 ], [ 1.181622, 44.107366 ], [ 1.180928, 44.107181 ], [ 1.179596, 44.106888 ], [ 1.178981, 44.1079 ], [ 1.176849, 44.109904 ], [ 1.169619, 44.105107 ], [ 1.170559, 44.110499 ], [ 1.17388, 44.114896 ], [ 1.176146, 44.117694 ], [ 1.175334, 44.118351 ], [ 1.173261, 44.119558 ], [ 1.178717, 44.118844 ], [ 1.179491, 44.118817 ] ] ], [ [ [ 1.136609, 44.131368 ], [ 1.144606, 44.129688 ], [ 1.150128, 44.130802 ], [ 1.15673, 44.130767 ], [ 1.157657, 44.1305 ], [ 1.164654, 44.128106 ], [ 1.166312, 44.12491 ], [ 1.173261, 44.119558 ], [ 1.172137, 44.119884 ], [ 1.170738, 44.119941 ], [ 1.163289, 44.123878 ], [ 1.161892, 44.124153 ], [ 1.15329, 44.126635 ], [ 1.153136, 44.126777 ], [ 1.153133, 44.12678 ], [ 1.150955, 44.126854 ], [ 1.146362, 44.125779 ], [ 1.142712, 44.12372 ], [ 1.135397, 44.126083 ], [ 1.131727, 44.130977 ], [ 1.125615, 44.136944 ], [ 1.132832, 44.134318 ], [ 1.136609, 44.131368 ] ] ], [ [ [ 1.077804, 44.133071 ], [ 1.07919, 44.132663 ], [ 1.080921, 44.132008 ], [ 1.08203, 44.128627 ], [ 1.089425, 44.127646 ], [ 1.091623, 44.130496 ], [ 1.095177, 44.137269 ], [ 1.095249, 44.141197 ], [ 1.098085, 44.147435 ], [ 1.096853, 44.15052 ], [ 1.096841, 44.150628 ], [ 1.097027, 44.151697 ], [ 1.098923, 44.152606 ], [ 1.10046, 44.152901 ], [ 1.106464, 44.151454 ], [ 1.107487, 44.150776 ], [ 1.10943, 44.149414 ], [ 1.108475, 44.148025 ], [ 1.106293, 44.143916 ], [ 1.105185, 44.141357 ], [ 1.109916, 44.135466 ], [ 1.116963, 44.139515 ], [ 1.117285, 44.13989 ], [ 1.118954, 44.142678 ], [ 1.119136, 44.146274 ], [ 1.120522, 44.147942 ], [ 1.120834, 44.148515 ], [ 1.121097, 44.148842 ], [ 1.122418, 44.150277 ], [ 1.122725, 44.150555 ], [ 1.12514, 44.147885 ], [ 1.125701, 44.142956 ], [ 1.125615, 44.136944 ], [ 1.125295, 44.137349 ], [ 1.12341, 44.139842 ], [ 1.119811, 44.139738 ], [ 1.11987, 44.138048 ], [ 1.119866, 44.137854 ], [ 1.117717, 44.132185 ], [ 1.117764, 44.128586 ], [ 1.114498, 44.124978 ], [ 1.107522, 44.123427 ], [ 1.105565, 44.127034 ], [ 1.107195, 44.131009 ], [ 1.107321, 44.133405 ], [ 1.107779, 44.134562 ], [ 1.104964, 44.140392 ], [ 1.104245, 44.142145 ], [ 1.104218, 44.142216 ], [ 1.103488, 44.142299 ], [ 1.10077, 44.141324 ], [ 1.100378, 44.136573 ], [ 1.09958, 44.132953 ], [ 1.095202, 44.128043 ], [ 1.093495, 44.124873 ], [ 1.086025, 44.121858 ], [ 1.082119, 44.123682 ], [ 1.076215, 44.129764 ], [ 1.076842, 44.133309 ], [ 1.069392, 44.136542 ], [ 1.077003, 44.133276 ], [ 1.077804, 44.133071 ] ] ], [ [ [ 1.011909, 44.090458 ], [ 1.011725, 44.094053 ], [ 1.017192, 44.096807 ], [ 1.017666, 44.096959 ], [ 1.018289, 44.097111 ], [ 1.024874, 44.099227 ], [ 1.02607, 44.09956 ], [ 1.026438, 44.099515 ], [ 1.03446, 44.097354 ], [ 1.035844, 44.098 ], [ 1.0394, 44.106092 ], [ 1.040519, 44.109514 ], [ 1.043726, 44.113878 ], [ 1.043244, 44.120643 ], [ 1.043694, 44.120943 ], [ 1.044597, 44.121605 ], [ 1.045043, 44.121848 ], [ 1.04641, 44.121896 ], [ 1.053089, 44.12469 ], [ 1.057229, 44.124644 ], [ 1.062397, 44.129811 ], [ 1.062876, 44.133379 ], [ 1.056605, 44.138675 ], [ 1.053152, 44.137655 ], [ 1.052151, 44.137616 ], [ 1.048662, 44.141572 ], [ 1.047029, 44.143956 ], [ 1.048283, 44.147331 ], [ 1.053083, 44.147111 ], [ 1.060303, 44.148283 ], [ 1.061576, 44.144915 ], [ 1.065705, 44.139302 ], [ 1.065079, 44.139689 ], [ 1.06348, 44.140733 ], [ 1.062268, 44.141375 ], [ 1.059186, 44.142898 ], [ 1.05759, 44.139671 ], [ 1.060672, 44.138148 ], [ 1.061795, 44.137552 ], [ 1.064581, 44.132072 ], [ 1.061614, 44.128182 ], [ 1.057964, 44.124952 ], [ 1.056699, 44.118562 ], [ 1.048964, 44.116131 ], [ 1.048039, 44.115358 ], [ 1.047079, 44.113064 ], [ 1.045937, 44.109122 ], [ 1.042937, 44.101547 ], [ 1.041527, 44.096481 ], [ 1.036897, 44.094789 ], [ 1.036236, 44.09485 ], [ 1.034081, 44.095593 ], [ 1.03367, 44.095686 ], [ 1.033204, 44.095742 ], [ 1.032891, 44.09575 ], [ 1.032431, 44.095733 ], [ 1.028102, 44.096222 ], [ 1.026175, 44.09326 ], [ 1.025334, 44.08976 ], [ 1.019108, 44.086613 ], [ 1.016802296842968, 44.085240216044156 ], [ 1.015187, 44.090626 ], [ 1.011909, 44.090458 ] ] ], [ [ [ 0.923555, 44.063897 ], [ 0.927245, 44.062546 ], [ 0.929933, 44.060151 ], [ 0.936475, 44.062739 ], [ 0.937427, 44.06621 ], [ 0.942656, 44.066685 ], [ 0.946252, 44.066508 ], [ 0.950613, 44.065325 ], [ 0.957103, 44.069204 ], [ 0.957969, 44.070656 ], [ 0.96177, 44.069403 ], [ 0.968532, 44.071811 ], [ 0.968537, 44.071815 ], [ 0.970671, 44.071754 ], [ 0.977838, 44.073007 ], [ 0.983922, 44.079531 ], [ 0.983654, 44.084526 ], [ 0.983035, 44.086761 ], [ 0.983451, 44.087215 ], [ 0.983816, 44.087461 ], [ 0.983834, 44.087473 ], [ 0.983953, 44.087551 ], [ 0.985295, 44.088163 ], [ 0.992061, 44.084077 ], [ 0.998342, 44.082139 ], [ 1.001418, 44.08401 ], [ 1.002648984724378, 44.081985998784468 ], [ 0.994028, 44.0813 ], [ 0.991116, 44.083411 ], [ 0.990903, 44.08357 ], [ 0.987586, 44.079955 ], [ 0.987979, 44.076377 ], [ 0.989271, 44.069921 ], [ 0.983648, 44.06717 ], [ 0.982031, 44.067662 ], [ 0.978497, 44.069767 ], [ 0.976028, 44.068758 ], [ 0.972301, 44.062915 ], [ 0.967107, 44.065083 ], [ 0.966673, 44.065942 ], [ 0.964738, 44.068977 ], [ 0.963046, 44.068966 ], [ 0.961678, 44.068772 ], [ 0.961388, 44.06863 ], [ 0.960914, 44.066065 ], [ 0.956941, 44.058743 ], [ 0.950054, 44.06074 ], [ 0.948384, 44.063929 ], [ 0.941932, 44.06299 ], [ 0.938192, 44.060853 ], [ 0.93237, 44.059249 ], [ 0.927235, 44.059681 ], [ 0.92551, 44.060202 ], [ 0.923838, 44.060874 ], [ 0.920306, 44.06141 ], [ 0.914449, 44.063693 ], [ 0.910483, 44.066094 ], [ 0.910124, 44.066322 ], [ 0.915766, 44.064209 ], [ 0.923555, 44.063897 ] ] ], [ [ [ 0.901899, 44.069894 ], [ 0.901984, 44.069981 ], [ 0.903675, 44.070392 ], [ 0.903978, 44.070242 ], [ 0.910124, 44.066322 ], [ 0.90975, 44.066496 ], [ 0.90893, 44.066881 ], [ 0.901666, 44.061796 ], [ 0.900387, 44.061786 ], [ 0.898949, 44.061701 ], [ 0.897282, 44.061497 ], [ 0.896352, 44.061329 ], [ 0.895421, 44.061108 ], [ 0.89991, 44.064066 ], [ 0.901899, 44.069894 ] ] ], [ [ [ 0.863687, 44.071545 ], [ 0.866764, 44.078802 ], [ 0.866746, 44.079204 ], [ 0.866803, 44.079904 ], [ 0.867042, 44.082621 ], [ 0.870642, 44.082608 ], [ 0.870663, 44.081078 ], [ 0.870613, 44.080426 ], [ 0.870582, 44.075551 ], [ 0.870941, 44.072973 ], [ 0.87112970785434, 44.071925756411957 ], [ 0.867568, 44.071998 ], [ 0.867182, 44.070783 ], [ 0.866886, 44.069684 ], [ 0.860407, 44.065223 ], [ 0.857039, 44.066707 ], [ 0.853585, 44.068226 ], [ 0.861939, 44.070614 ], [ 0.863687, 44.071545 ] ] ] ] } },
{ "type": "Feature", "properties": { "codgeo": "82033", "value": 1140, "isochrone_group": 19.0, "nb_agences": 1 }, "geometry": { "type": "MultiPolygon", "coordinates": [ [ [ [ 0.791833, 44.092022 ], [ 0.792736, 44.091292 ], [ 0.794236, 44.089884 ], [ 0.795148, 44.08887 ], [ 0.795854, 44.087965 ], [ 0.801803, 44.08163 ], [ 0.802341, 44.081084 ], [ 0.802588, 44.080687 ], [ 0.80778344983311, 44.07572365536582 ], [ 0.802545, 44.078868 ], [ 0.801926, 44.079388 ], [ 0.799501329646299, 44.076729457897422 ], [ 0.798991, 44.077196 ], [ 0.798182, 44.078022 ], [ 0.797225, 44.07913 ], [ 0.796567, 44.079985 ], [ 0.796088, 44.080672 ], [ 0.795601, 44.081457 ], [ 0.795271816297653, 44.082044565323471 ], [ 0.798252, 44.083772 ], [ 0.797164, 44.085695 ], [ 0.796437, 44.086883 ], [ 0.795768, 44.087844 ], [ 0.795059, 44.088756 ], [ 0.794216, 44.089704 ], [ 0.792716, 44.09114 ], [ 0.791793, 44.091905 ], [ 0.790754, 44.092668 ], [ 0.789724788043043, 44.093360107750748 ], [ 0.789793, 44.093462 ], [ 0.790803, 44.092785 ], [ 0.791833, 44.092022 ] ] ], [ [ [ 0.857324, 44.072496 ], [ 0.859003, 44.07307 ], [ 0.859558, 44.073127 ], [ 0.860874, 44.073092 ], [ 0.866764, 44.078802 ], [ 0.863687, 44.071545 ], [ 0.861939, 44.070614 ], [ 0.853585, 44.068226 ], [ 0.85219, 44.068754 ], [ 0.850774, 44.069222 ], [ 0.849271, 44.069643 ], [ 0.847688, 44.070007 ], [ 0.85522, 44.071573 ], [ 0.857324, 44.072496 ] ] ], [ [ [ 0.862956, 44.084198 ], [ 0.862942, 44.084214 ], [ 0.863174, 44.085544 ], [ 0.863632, 44.087069 ], [ 0.864029, 44.087467 ], [ 0.869486, 44.090209 ], [ 0.870429, 44.090614 ], [ 0.870563, 44.090611 ], [ 0.871148, 44.090505 ], [ 0.871469, 44.090382 ], [ 0.871924, 44.090115 ], [ 0.872004, 44.090052 ], [ 0.876976, 44.083121 ], [ 0.874591, 44.080425 ], [ 0.870941, 44.072973 ], [ 0.870582, 44.075551 ], [ 0.870613, 44.080426 ], [ 0.870663, 44.081078 ], [ 0.870642, 44.082608 ], [ 0.867042, 44.082621 ], [ 0.866803, 44.079904 ], [ 0.866746, 44.079204 ], [ 0.866764, 44.078802 ], [ 0.86337, 44.083927 ], [ 0.862956, 44.084198 ] ] ], [ [ [ 0.897815, 44.068905 ], [ 0.897697, 44.070052 ], [ 0.897796, 44.070258 ], [ 0.898279, 44.071016 ], [ 0.899295, 44.071585 ], [ 0.900999, 44.071986 ], [ 0.901471, 44.071982 ], [ 0.901609, 44.071895 ], [ 0.90334034581682, 44.070310661815917 ], [ 0.901984, 44.069981 ], [ 0.901899, 44.069894 ], [ 0.89991, 44.064066 ], [ 0.895421, 44.061108 ], [ 0.894572, 44.060866 ], [ 0.891888, 44.059978 ], [ 0.89485, 44.061269 ], [ 0.897815, 44.068905 ] ] ], [ [ [ 0.92907, 44.064527 ], [ 0.934515, 44.068838 ], [ 0.936741, 44.067868 ], [ 0.939378939858786, 44.066387313335802 ], [ 0.937427, 44.06621 ], [ 0.936475, 44.062739 ], [ 0.929933, 44.060151 ], [ 0.927245, 44.062546 ], [ 0.923555, 44.063897 ], [ 0.915766, 44.064209 ], [ 0.924183, 44.064892 ], [ 0.92907, 44.064527 ] ] ], [ [ [ 0.951987, 44.070942 ], [ 0.953445, 44.071119 ], [ 0.955595, 44.071397 ], [ 0.959214, 44.071926 ], [ 0.964192965301114, 44.070265836504745 ], [ 0.96177, 44.069403 ], [ 0.957969, 44.070656 ], [ 0.957103, 44.069204 ], [ 0.950613, 44.065325 ], [ 0.946378033040236, 44.066473811261943 ], [ 0.950321, 44.067767 ], [ 0.951987, 44.070942 ] ] ], [ [ [ 0.979401, 44.077317 ], [ 0.975991, 44.083507 ], [ 0.973632, 44.087715 ], [ 0.976464, 44.089937 ], [ 0.977374, 44.088956 ], [ 0.985453, 44.089263 ], [ 0.98602, 44.089557 ], [ 0.988829, 44.091107 ], [ 0.989697, 44.091609 ], [ 0.991524, 44.092533 ], [ 0.99335, 44.093457 ], [ 0.994979, 44.094276 ], [ 0.995265, 44.094396 ], [ 0.999436, 44.094572 ], [ 1.001801, 44.094444 ], [ 1.004166, 44.094316 ], [ 1.011698, 44.09703 ], [ 1.012573, 44.09802 ], [ 1.015052, 44.099479 ], [ 1.017935, 44.099282 ], [ 1.025559, 44.101724 ], [ 1.025936, 44.101861 ], [ 1.026245, 44.10194 ], [ 1.033303, 44.107501 ], [ 1.03484, 44.11612 ], [ 1.035289, 44.119692 ], [ 1.042164, 44.125231 ], [ 1.04288, 44.12537 ], [ 1.04398, 44.125252 ], [ 1.045599, 44.125306 ], [ 1.047386, 44.124722 ], [ 1.049188, 44.123185 ], [ 1.049325406284729, 44.123115590531455 ], [ 1.04641, 44.121896 ], [ 1.045043, 44.121848 ], [ 1.044597, 44.121605 ], [ 1.043694, 44.120943 ], [ 1.043244, 44.120643 ], [ 1.043726, 44.113878 ], [ 1.040519, 44.109514 ], [ 1.0394, 44.106092 ], [ 1.035844, 44.098 ], [ 1.03446, 44.097354 ], [ 1.026438, 44.099515 ], [ 1.02607, 44.09956 ], [ 1.024874, 44.099227 ], [ 1.018289, 44.097111 ], [ 1.017666, 44.096959 ], [ 1.017192, 44.096807 ], [ 1.011725, 44.094053 ], [ 1.011909, 44.090458 ], [ 1.015187, 44.090626 ], [ 1.017398, 44.083254 ], [ 1.016836, 44.082469 ], [ 1.009665, 44.077523 ], [ 1.003051, 44.081325 ], [ 1.001418, 44.08401 ], [ 0.998342, 44.082139 ], [ 0.992061, 44.084077 ], [ 0.985295, 44.088163 ], [ 0.983953, 44.087551 ], [ 0.983834, 44.087473 ], [ 0.983816, 44.087461 ], [ 0.983451, 44.087215 ], [ 0.983035, 44.086761 ], [ 0.983654, 44.084526 ], [ 0.983922, 44.079531 ], [ 0.977838, 44.073007 ], [ 0.972215690088933, 44.072024056743601 ], [ 0.978231, 44.074351 ], [ 0.979401, 44.077317 ] ] ], [ [ [ 1.053308, 44.135395 ], [ 1.049568, 44.136466 ], [ 1.042613, 44.140638 ], [ 1.040933, 44.141098 ], [ 1.037957, 44.147359 ], [ 1.035958, 44.150937 ], [ 1.038693, 44.153278 ], [ 1.041256, 44.151118 ], [ 1.045404, 44.148401 ], [ 1.051391, 44.149031 ], [ 1.056308499244773, 44.147634585195959 ], [ 1.053083, 44.147111 ], [ 1.048283, 44.147331 ], [ 1.047029, 44.143956 ], [ 1.048662, 44.141572 ], [ 1.052151, 44.137616 ], [ 1.053152, 44.137655 ], [ 1.056605, 44.138675 ], [ 1.060104309185394, 44.135719754991882 ], [ 1.056906, 44.13527 ], [ 1.053308, 44.135395 ] ] ], [ [ [ 1.065091, 44.156453 ], [ 1.066446, 44.155459 ], [ 1.066767, 44.155193 ], [ 1.067344, 44.154227 ], [ 1.067445, 44.153452 ], [ 1.067108, 44.152417 ], [ 1.065392, 44.149292 ], [ 1.064191, 44.14674 ], [ 1.065705, 44.139302 ], [ 1.061576, 44.144915 ], [ 1.060303, 44.148283 ], [ 1.057967929396696, 44.14790395529819 ], [ 1.061864, 44.154859 ], [ 1.065091, 44.156453 ] ] ], [ [ [ 1.091192, 44.138065 ], [ 1.092234, 44.144425 ], [ 1.094657, 44.147088 ], [ 1.095298, 44.15479 ], [ 1.092037, 44.160856 ], [ 1.093128, 44.162777 ], [ 1.094506, 44.163475 ], [ 1.097228, 44.162235 ], [ 1.098683, 44.161221 ], [ 1.100087, 44.160048 ], [ 1.101258, 44.158914 ], [ 1.108521, 44.158211 ], [ 1.11054, 44.159806 ], [ 1.11252, 44.161185 ], [ 1.114776, 44.158379 ], [ 1.121697, 44.153039 ], [ 1.128111, 44.154345 ], [ 1.128739, 44.154594 ], [ 1.132243, 44.155466 ], [ 1.135409, 44.156675 ], [ 1.136693, 44.153312 ], [ 1.133526, 44.152103 ], [ 1.132631, 44.151789 ], [ 1.131853, 44.151567 ], [ 1.128505, 44.150251 ], [ 1.126171, 44.148613 ], [ 1.125254016910936, 44.146883236445625 ], [ 1.12514, 44.147885 ], [ 1.122725, 44.150555 ], [ 1.122418, 44.150277 ], [ 1.121097, 44.148842 ], [ 1.120834, 44.148515 ], [ 1.120522, 44.147942 ], [ 1.119136, 44.146274 ], [ 1.118954, 44.142678 ], [ 1.117285, 44.13989 ], [ 1.116963, 44.139515 ], [ 1.109916, 44.135466 ], [ 1.105185, 44.141357 ], [ 1.106293, 44.143916 ], [ 1.108475, 44.148025 ], [ 1.10943, 44.149414 ], [ 1.107487, 44.150776 ], [ 1.106464, 44.151454 ], [ 1.10046, 44.152901 ], [ 1.098923, 44.152606 ], [ 1.097027, 44.151697 ], [ 1.096841, 44.150628 ], [ 1.096853, 44.15052 ], [ 1.098085, 44.147435 ], [ 1.095249, 44.141197 ], [ 1.095177, 44.137269 ], [ 1.091623, 44.130496 ], [ 1.089425, 44.127646 ], [ 1.08203, 44.128627 ], [ 1.080921, 44.132008 ], [ 1.079918635707258, 44.132387288626092 ], [ 1.088588, 44.134305 ], [ 1.091192, 44.138065 ] ] ], [ [ [ 1.131755, 44.138305 ], [ 1.138881, 44.134027 ], [ 1.1457, 44.13184 ], [ 1.148795, 44.133584 ], [ 1.148852, 44.13358 ], [ 1.149035, 44.133536 ], [ 1.149569, 44.133242 ], [ 1.158066, 44.132932 ], [ 1.159903, 44.134721 ], [ 1.162364, 44.136564 ], [ 1.168884, 44.136177 ], [ 1.173282, 44.1298 ], [ 1.176537, 44.125294 ], [ 1.180152, 44.123043 ], [ 1.182333, 44.121299 ], [ 1.187838, 44.116213 ], [ 1.188264, 44.11502 ], [ 1.188173, 44.114501 ], [ 1.188117, 44.114127 ], [ 1.187056, 44.112699 ], [ 1.190334, 44.104558 ], [ 1.191823, 44.104083 ], [ 1.191559, 44.102529 ], [ 1.199129, 44.09785 ], [ 1.192698, 44.093966 ], [ 1.186059, 44.090674 ], [ 1.182408, 44.091427 ], [ 1.175521, 44.09342 ], [ 1.173923, 44.094249 ], [ 1.170763, 44.098338 ], [ 1.169748, 44.103622 ], [ 1.169619, 44.105107 ], [ 1.176849, 44.109904 ], [ 1.178981, 44.1079 ], [ 1.179596, 44.106888 ], [ 1.180928, 44.107181 ], [ 1.181622, 44.107366 ], [ 1.182762, 44.108602 ], [ 1.181714, 44.112878 ], [ 1.181672, 44.116477 ], [ 1.181302, 44.117999 ], [ 1.180631, 44.118772 ], [ 1.179491, 44.118817 ], [ 1.178717, 44.118844 ], [ 1.173261, 44.119558 ], [ 1.166312, 44.12491 ], [ 1.164654, 44.128106 ], [ 1.157657, 44.1305 ], [ 1.15673, 44.130767 ], [ 1.150128, 44.130802 ], [ 1.144606, 44.129688 ], [ 1.136609, 44.131368 ], [ 1.132832, 44.134318 ], [ 1.125615, 44.136944 ], [ 1.125684121601344, 44.141776082177607 ], [ 1.128189, 44.137813 ], [ 1.131755, 44.138305 ] ] ], [ [ [ 1.22232209060359, 44.114371066614197 ], [ 1.221112, 44.112454 ], [ 1.214536, 44.110576 ], [ 1.212620161547765, 44.111744331031389 ], [ 1.217847, 44.114141 ], [ 1.22232209060359, 44.114371066614197 ] ] ], [ [ [ 1.233298, 44.122506 ], [ 1.233852, 44.126064 ], [ 1.242787, 44.12602 ], [ 1.243426, 44.12569 ], [ 1.248302, 44.123021 ], [ 1.249513, 44.122342 ], [ 1.250534, 44.121654 ], [ 1.251003, 44.12016 ], [ 1.25046, 44.120849 ], [ 1.249195, 44.122156 ], [ 1.246045, 44.122918 ], [ 1.241096, 44.1183 ], [ 1.240495, 44.116795 ], [ 1.233785, 44.11268 ], [ 1.232302, 44.112999 ], [ 1.231572, 44.113279 ], [ 1.230894, 44.113557 ], [ 1.230038, 44.113934 ], [ 1.229983, 44.113958 ], [ 1.226285, 44.114946 ], [ 1.226230188324066, 44.114946327559821 ], [ 1.230602, 44.117224 ], [ 1.233298, 44.122506 ] ] ], [ [ [ 1.258582, 44.111892 ], [ 1.258951, 44.111185 ], [ 1.259418208492805, 44.109422938052759 ], [ 1.259273, 44.109548 ], [ 1.25849, 44.111863 ], [ 1.253632, 44.113862 ], [ 1.252813252602194, 44.114896079180006 ], [ 1.251865340363167, 44.117652454154694 ], [ 1.253678, 44.113903 ], [ 1.258582, 44.111892 ] ] ], [ [ [ 1.250901, 44.099495 ], [ 1.250568, 44.099942 ], [ 1.250286557001715, 44.107611321703281 ], [ 1.250699, 44.106867 ], [ 1.251097, 44.106173 ], [ 1.25159, 44.105431 ], [ 1.254568, 44.100794 ], [ 1.251120903006657, 44.099286386879641 ], [ 1.250901, 44.099495 ] ] ], [ [ [ 1.251833, 44.075357 ], [ 1.253157, 44.076924 ], [ 1.253241659747462, 44.07718699140905 ], [ 1.253331, 44.075286 ], [ 1.251148187883339, 44.071985756171912 ], [ 1.251833, 44.075357 ] ] ], [ [ [ 1.252825, 44.078818 ], [ 1.251305745204544, 44.083340796680595 ], [ 1.25143, 44.083178 ], [ 1.253162, 44.078882 ], [ 1.253189874917549, 44.078288874535467 ], [ 1.252825, 44.078818 ] ] ], [ [ [ 1.242486, 43.951492 ], [ 1.238049, 43.945123 ], [ 1.236965, 43.943251 ], [ 1.236596, 43.943055 ], [ 1.236053, 43.942922 ], [ 1.228245, 43.938832 ], [ 1.226635, 43.932459 ], [ 1.224453, 43.925971 ], [ 1.226634, 43.923069 ], [ 1.226911, 43.922234 ], [ 1.227221, 43.919517 ], [ 1.226482, 43.917885 ], [ 1.222974, 43.917074 ], [ 1.216637, 43.919214 ], [ 1.213239, 43.921516 ], [ 1.20828, 43.925875 ], [ 1.206831, 43.92917 ], [ 1.205286, 43.932588 ], [ 1.20416, 43.936007 ], [ 1.20135, 43.94145 ], [ 1.200389, 43.94492 ], [ 1.196282, 43.947388 ], [ 1.190964, 43.944518 ], [ 1.188107, 43.946709 ], [ 1.186045, 43.949221 ], [ 1.18692, 43.948584 ], [ 1.188328, 43.948098 ], [ 1.190304, 43.948634 ], [ 1.198442, 43.947788 ], [ 1.198961, 43.947733 ], [ 1.204898, 43.945537 ], [ 1.207091, 43.942711 ], [ 1.208245, 43.939301 ], [ 1.209692, 43.935182 ], [ 1.213393, 43.930512 ], [ 1.214391, 43.927053 ], [ 1.217612, 43.92406 ], [ 1.224284, 43.926653 ], [ 1.223721, 43.928925 ], [ 1.225099, 43.937163 ], [ 1.224632, 43.938341 ], [ 1.228474, 43.946358 ], [ 1.232755, 43.94981 ], [ 1.234037, 43.952108 ], [ 1.235224281846667, 43.953838569298824 ], [ 1.242072280079063, 43.954514203541251 ], [ 1.242486, 43.951492 ] ] ], [ [ [ 1.174696, 43.94115 ], [ 1.172185, 43.938571 ], [ 1.167654, 43.936438 ], [ 1.16698, 43.936176 ], [ 1.165078, 43.936512 ], [ 1.158283, 43.940031 ], [ 1.156466, 43.940217 ], [ 1.149738, 43.940735 ], [ 1.148714, 43.942232 ], [ 1.148483491771691, 43.942422221439536 ], [ 1.15175, 43.943651 ], [ 1.156262, 43.943274 ], [ 1.156739, 43.94317 ], [ 1.161946, 43.941011 ], [ 1.162905, 43.940992 ], [ 1.16342, 43.941 ], [ 1.167123, 43.941278 ], [ 1.167549, 43.941337 ], [ 1.168916, 43.942165 ], [ 1.170378, 43.944221 ], [ 1.170369, 43.944279 ], [ 1.168712, 43.945759 ], [ 1.167757, 43.950867 ], [ 1.167459, 43.954455 ], [ 1.164012, 43.958956 ], [ 1.163828, 43.959457 ], [ 1.1634, 43.960188 ], [ 1.162908, 43.960904 ], [ 1.162567, 43.961412 ], [ 1.161559, 43.964868 ], [ 1.158574, 43.971372 ], [ 1.158114, 43.973646 ], [ 1.160605, 43.980276 ], [ 1.165359, 43.980772 ], [ 1.168919, 43.973818 ], [ 1.168932, 43.972674 ], [ 1.169446, 43.971695 ], [ 1.170195, 43.970465 ], [ 1.173637, 43.97152 ], [ 1.180603, 43.967569 ], [ 1.182178, 43.964331 ], [ 1.180204, 43.956509 ], [ 1.177073, 43.954368 ], [ 1.177299, 43.950775 ], [ 1.180058, 43.950949 ], [ 1.176324, 43.949988 ], [ 1.174696, 43.94115 ] ] ], [ [ [ 1.123837, 43.931729 ], [ 1.125327929698902, 43.93311302747383 ], [ 1.123908, 43.930666 ], [ 1.123837, 43.931729 ] ] ], [ [ [ 1.120043, 43.92085 ], [ 1.119715, 43.921868 ], [ 1.11495, 43.926791 ], [ 1.108399, 43.926254 ], [ 1.107421, 43.921621 ], [ 1.10742, 43.920667 ], [ 1.107057, 43.919865 ], [ 1.106497, 43.919149 ], [ 1.105288, 43.919569 ], [ 1.098631, 43.920292 ], [ 1.096025, 43.918403 ], [ 1.092756, 43.916558 ], [ 1.087979, 43.91627 ], [ 1.084912, 43.918155 ], [ 1.084316, 43.9228 ], [ 1.079808, 43.927156 ], [ 1.079581, 43.927728 ], [ 1.0784, 43.931129 ], [ 1.078116, 43.936485 ], [ 1.073686, 43.94253 ], [ 1.072988, 43.942982 ], [ 1.072628, 43.943263 ], [ 1.072338, 43.943536 ], [ 1.070243799310416, 43.944741246627288 ], [ 1.072095, 43.94382 ], [ 1.074895, 43.946082 ], [ 1.073343, 43.950361 ], [ 1.071792, 43.952369 ], [ 1.07706, 43.958866 ], [ 1.082502, 43.954634 ], [ 1.087438, 43.948977 ], [ 1.087935, 43.945411 ], [ 1.086858, 43.937351 ], [ 1.08641, 43.936804 ], [ 1.085788, 43.935989 ], [ 1.084256, 43.931519 ], [ 1.083834, 43.930761 ], [ 1.084314, 43.92792 ], [ 1.088052, 43.926602 ], [ 1.090138, 43.925969 ], [ 1.091688, 43.92721 ], [ 1.092251, 43.928884 ], [ 1.094506, 43.932304 ], [ 1.095092, 43.932843 ], [ 1.095569, 43.933333 ], [ 1.096364, 43.934317 ], [ 1.096845, 43.934902 ], [ 1.097464, 43.935944 ], [ 1.097728, 43.936556 ], [ 1.099852, 43.938982 ], [ 1.106709, 43.937722 ], [ 1.104548, 43.929658 ], [ 1.103916, 43.927799 ], [ 1.103627, 43.926178 ], [ 1.104057, 43.926064 ], [ 1.104759, 43.925979 ], [ 1.105419, 43.926001 ], [ 1.106076, 43.92613 ], [ 1.106547, 43.926293 ], [ 1.106951, 43.926486 ], [ 1.112821, 43.928088 ], [ 1.117219, 43.927396 ], [ 1.120676, 43.926714 ], [ 1.122639, 43.928474 ], [ 1.123576, 43.9299 ], [ 1.123908, 43.930666 ], [ 1.123469, 43.921954 ], [ 1.120043, 43.92085 ] ] ], [ [ [ 1.059588, 43.942035 ], [ 1.059217, 43.942078 ], [ 1.056867, 43.942848 ], [ 1.055052, 43.943443 ], [ 1.04649, 43.941547 ], [ 1.04611, 43.941002 ], [ 1.045511, 43.940233 ], [ 1.044503, 43.939057 ], [ 1.041769, 43.941398 ], [ 1.04346, 43.948815 ], [ 1.036751, 43.953679 ], [ 1.036223, 43.953796 ], [ 1.03552, 43.953978 ], [ 1.036421, 43.957464 ], [ 1.03591315295414, 43.95942947563308 ], [ 1.040186, 43.955458 ], [ 1.042327, 43.953228 ], [ 1.045833, 43.945942 ], [ 1.049427, 43.946152 ], [ 1.054607, 43.943656 ], [ 1.05471, 43.943597 ], [ 1.05995, 43.945479 ], [ 1.067843, 43.945936 ], [ 1.068185366126505, 43.945765622125208 ], [ 1.061791, 43.941776 ], [ 1.059588, 43.942035 ] ] ], [ [ [ 1.027594, 43.964489 ], [ 1.025416, 43.967143 ], [ 1.023145602297865, 43.968282245104412 ], [ 1.023555, 43.968231 ], [ 1.02545, 43.967793 ], [ 1.029021677674817, 43.96498677044098 ], [ 1.028293, 43.964704 ], [ 1.027594, 43.964489 ] ] ], [ [ [ 1.016151, 43.966269 ], [ 1.015248, 43.966464 ], [ 1.01412, 43.967037 ], [ 1.013534, 43.96874 ], [ 1.013582, 43.968791 ], [ 1.014458, 43.969846 ], [ 1.014871, 43.970357 ], [ 1.015937, 43.971454 ], [ 1.01496188493323, 43.976642890994668 ], [ 1.016348, 43.977373 ], [ 1.021435, 43.972103 ], [ 1.021525, 43.971092 ], [ 1.021374, 43.968504 ], [ 1.022671848325748, 43.968341545807924 ], [ 1.0162, 43.96632 ], [ 1.016151, 43.966269 ] ] ], [ [ [ 1.006303, 43.974218 ], [ 1.00424, 43.972786 ], [ 1.003173, 43.972439 ], [ 0.995225, 43.969737 ], [ 0.991893, 43.9711 ], [ 0.991747, 43.971866 ], [ 0.984204, 43.975894 ], [ 0.983635, 43.975792 ], [ 0.982944, 43.975751 ], [ 0.982338, 43.975681 ], [ 0.981864, 43.975604 ], [ 0.979812, 43.974987 ], [ 0.973935, 43.973287 ], [ 0.972247, 43.973159 ], [ 0.970961, 43.973606 ], [ 0.969134, 43.974634 ], [ 0.960306, 43.973907 ], [ 0.95995, 43.973758 ], [ 0.959098, 43.973462 ], [ 0.953824, 43.971676 ], [ 0.950434, 43.970506 ], [ 0.948258, 43.969638 ], [ 0.947162, 43.971199 ], [ 0.946765, 43.972914 ], [ 0.948799, 43.974516 ], [ 0.950005, 43.9831 ], [ 0.949485, 43.983732 ], [ 0.948881, 43.984842 ], [ 0.947749, 43.987625 ], [ 0.947922, 43.989987 ], [ 0.948147, 43.990158 ], [ 0.950588, 43.990916 ], [ 0.953377, 43.998783 ], [ 0.953269, 43.999227 ], [ 0.952691, 44.000716 ], [ 0.952546, 44.001056 ], [ 0.952164, 44.002208 ], [ 0.952146, 44.003365 ], [ 0.952378, 44.003912 ], [ 0.952691, 44.004318 ], [ 0.954416, 44.008294 ], [ 0.949055, 44.013912 ], [ 0.945744, 44.015138 ], [ 0.936872, 44.015443 ], [ 0.929387, 44.01664 ], [ 0.927839, 44.01625 ], [ 0.920313, 44.011413 ], [ 0.919658, 44.010739 ], [ 0.916701, 44.007574 ], [ 0.914752, 44.006194 ], [ 0.913749, 44.006297 ], [ 0.913123, 44.007965 ], [ 0.913146, 44.00818 ], [ 0.913257, 44.008935 ], [ 0.913533, 44.009789 ], [ 0.913815, 44.010317 ], [ 0.915694, 44.013247 ], [ 0.918362, 44.018564 ], [ 0.918576, 44.019482 ], [ 0.919143, 44.020163 ], [ 0.9204, 44.022656 ], [ 0.916041, 44.030118 ], [ 0.909251, 44.032819 ], [ 0.902241, 44.03505 ], [ 0.893577, 44.033848 ], [ 0.893454, 44.033814 ], [ 0.890981, 44.034454 ], [ 0.890988, 44.034778 ], [ 0.891048, 44.035225 ], [ 0.891262, 44.035844 ], [ 0.89226, 44.039445 ], [ 0.892281, 44.039501 ], [ 0.892775, 44.040093 ], [ 0.893137, 44.04043 ], [ 0.893195, 44.040454 ], [ 0.897685, 44.043354 ], [ 0.900186, 44.045397 ], [ 0.900289, 44.04535 ], [ 0.907182, 44.045861 ], [ 0.904758, 44.044129 ], [ 0.903853, 44.043643 ], [ 0.903569, 44.043474 ], [ 0.902086, 44.042757 ], [ 0.901535, 44.042386 ], [ 0.901123, 44.041913 ], [ 0.899563, 44.040241 ], [ 0.901192, 44.037031 ], [ 0.901791, 44.037335 ], [ 0.902225, 44.037629 ], [ 0.902571, 44.037956 ], [ 0.90459, 44.039846 ], [ 0.906012, 44.040623 ], [ 0.906419, 44.040849 ], [ 0.90707, 44.04137 ], [ 0.910131, 44.043016 ], [ 0.910782, 44.04322 ], [ 0.91118, 44.043457 ], [ 0.912093, 44.044242 ], [ 0.919179, 44.044173 ], [ 0.917449, 44.03545 ], [ 0.91688, 44.031895 ], [ 0.918292, 44.031669 ], [ 0.92355, 44.025719 ], [ 0.923473, 44.024162 ], [ 0.921775, 44.019281 ], [ 0.920508, 44.017682 ], [ 0.918617, 44.016095 ], [ 0.920931, 44.013338 ], [ 0.924636, 44.015928 ], [ 0.931457, 44.017435 ], [ 0.935044, 44.018106 ], [ 0.936545, 44.018279 ], [ 0.944915, 44.018369 ], [ 0.9474, 44.0189 ], [ 0.948364, 44.019538 ], [ 0.95561, 44.020739 ], [ 0.955846, 44.020949 ], [ 0.956161, 44.021292 ], [ 0.964575, 44.02148 ], [ 0.965946, 44.018782 ], [ 0.963418, 44.012 ], [ 0.958002, 44.006351 ], [ 0.956315, 43.999684 ], [ 0.955816, 43.998353 ], [ 0.954852, 43.994284 ], [ 0.954983, 43.993958 ], [ 0.956116, 43.990913 ], [ 0.958265, 43.98375 ], [ 0.956153, 43.980835 ], [ 0.955727, 43.978684 ], [ 0.957852, 43.975778 ], [ 0.963411, 43.976676 ], [ 0.966153, 43.979009 ], [ 0.972566, 43.979666 ], [ 0.973714, 43.980139 ], [ 0.976187, 43.981528 ], [ 0.977705, 43.982115 ], [ 0.983842, 43.985109 ], [ 0.987531, 43.980825 ], [ 0.98886, 43.977479 ], [ 0.995819, 43.977034 ], [ 0.998363, 43.975936 ], [ 1.007257461320115, 43.97554020196845 ], [ 1.006799, 43.975081 ], [ 1.006303, 43.974218 ] ] ], [ [ [ 0.912957, 44.054173 ], [ 0.910841, 44.047975 ], [ 0.912247850655778, 44.054637989086274 ], [ 0.912957, 44.054173 ] ] ], [ [ [ 0.903965, 44.055005 ], [ 0.902348, 44.054313 ], [ 0.902101, 44.054338 ], [ 0.895699, 44.05735 ], [ 0.89308, 44.056479 ], [ 0.891213, 44.055854 ], [ 0.889341, 44.055226 ], [ 0.887804, 44.054772 ], [ 0.886741, 44.054493 ], [ 0.885775, 44.054285 ], [ 0.884789, 44.054114 ], [ 0.88375, 44.053983 ], [ 0.882265, 44.053894 ], [ 0.880942, 44.053887 ], [ 0.877464, 44.053651 ], [ 0.877052, 44.053596 ], [ 0.871702, 44.052063 ], [ 0.863571, 44.04881 ], [ 0.863669, 44.049201 ], [ 0.863717, 44.04974 ], [ 0.865149, 44.054036 ], [ 0.870814, 44.055554 ], [ 0.87471, 44.054935 ], [ 0.875847, 44.054604 ], [ 0.876486, 44.054443 ], [ 0.877107, 44.05431 ], [ 0.87812, 44.054133 ], [ 0.879055, 44.054011 ], [ 0.879877, 44.053937 ], [ 0.88212, 44.053982 ], [ 0.883609, 44.054078 ], [ 0.884646, 44.054204 ], [ 0.88564, 44.054374 ], [ 0.886582, 44.054573 ], [ 0.887679, 44.054856 ], [ 0.889158, 44.055269 ], [ 0.891138, 44.05593 ], [ 0.893032, 44.056564 ], [ 0.895703, 44.057449 ], [ 0.896399, 44.057643 ], [ 0.897176, 44.057824 ], [ 0.897914, 44.057953 ], [ 0.89938, 44.058127 ], [ 0.90059, 44.058191 ], [ 0.901689, 44.058196 ], [ 0.902956, 44.058177 ], [ 0.904909, 44.05807 ], [ 0.90573, 44.058014 ], [ 0.907334, 44.05786 ], [ 0.910762891422308, 44.055611676565178 ], [ 0.904059, 44.055157 ], [ 0.903965, 44.055005 ] ] ], [ [ [ 0.857089, 44.038636 ], [ 0.855572, 44.03607 ], [ 0.852355, 44.037685 ], [ 0.852415, 44.043786 ], [ 0.853498, 44.044507 ], [ 0.853806, 44.044726 ], [ 0.853956, 44.044837 ], [ 0.855356, 44.046005 ], [ 0.853791, 44.054726 ], [ 0.850719, 44.056133 ], [ 0.850953, 44.058413 ], [ 0.847019, 44.066469 ], [ 0.848461, 44.066135 ], [ 0.85584, 44.061156 ], [ 0.855999, 44.060992 ], [ 0.856803, 44.06011 ], [ 0.860195, 44.053234 ], [ 0.85947, 44.051235 ], [ 0.859557, 44.048365 ], [ 0.861316, 44.04655 ], [ 0.86196645887037, 44.04637620463604 ], [ 0.861133, 44.045112 ], [ 0.857089, 44.038636 ] ] ] ] } },
{ "type": "Feature", "properties": { "codgeo": "82033", "value": 1200, "isochrone_group": 20.0, "nb_agences": 1 }, "geometry": { "type": "MultiPolygon", "coordinates": [ [ [ [ 0.772217190902009, 44.099361909515828 ], [ 0.76969410158683, 44.10059147768802 ], [ 0.770086, 44.100465 ], [ 0.772217190902009, 44.099361909515828 ] ] ], [ [ [ 0.855615, 44.075976 ], [ 0.855584, 44.079001 ], [ 0.852797, 44.087355 ], [ 0.854535, 44.090507 ], [ 0.859174, 44.089685 ], [ 0.863238, 44.08946 ], [ 0.870533, 44.091661 ], [ 0.872127, 44.093903 ], [ 0.872481, 44.094399 ], [ 0.872945, 44.094992 ], [ 0.873426, 44.095537 ], [ 0.875596, 44.098798 ], [ 0.878848, 44.097254 ], [ 0.878353, 44.096211 ], [ 0.877893, 44.095298 ], [ 0.877116, 44.087516 ], [ 0.881481, 44.081751 ], [ 0.885131, 44.079398 ], [ 0.889619, 44.07744 ], [ 0.890305, 44.077142 ], [ 0.896428, 44.074302 ], [ 0.896874, 44.074159 ], [ 0.897342, 44.073916 ], [ 0.897655, 44.073687 ], [ 0.899890081254238, 44.071725039661352 ], [ 0.899295, 44.071585 ], [ 0.898279, 44.071016 ], [ 0.897796, 44.070258 ], [ 0.897697, 44.070052 ], [ 0.897815, 44.068905 ], [ 0.89485, 44.061269 ], [ 0.891888, 44.059978 ], [ 0.889994, 44.059343 ], [ 0.888188, 44.058736 ], [ 0.886775, 44.05834 ], [ 0.885833, 44.058094 ], [ 0.885027, 44.057921 ], [ 0.884201, 44.057777 ], [ 0.883367, 44.05767 ], [ 0.882133, 44.057582 ], [ 0.880995, 44.057585 ], [ 0.880219, 44.057622 ], [ 0.879469, 44.057685 ], [ 0.8787, 44.057789 ], [ 0.877814, 44.057931 ], [ 0.87732, 44.058038 ], [ 0.876817, 44.058164 ], [ 0.875839, 44.058456 ], [ 0.871091, 44.065847 ], [ 0.871182, 44.066424 ], [ 0.871183, 44.067067 ], [ 0.871097, 44.07126 ], [ 0.871163, 44.071741 ], [ 0.870941, 44.072973 ], [ 0.874591, 44.080425 ], [ 0.876976, 44.083121 ], [ 0.872004, 44.090052 ], [ 0.871924, 44.090115 ], [ 0.871469, 44.090382 ], [ 0.871148, 44.090505 ], [ 0.870563, 44.090611 ], [ 0.870429, 44.090614 ], [ 0.869486, 44.090209 ], [ 0.864029, 44.087467 ], [ 0.863632, 44.087069 ], [ 0.863174, 44.085544 ], [ 0.862942, 44.084214 ], [ 0.862956, 44.084198 ], [ 0.86337, 44.083927 ], [ 0.866764, 44.078802 ], [ 0.860874, 44.073092 ], [ 0.859558, 44.073127 ], [ 0.859003, 44.07307 ], [ 0.857324, 44.072496 ], [ 0.85522, 44.071573 ], [ 0.847688, 44.070007 ], [ 0.846069, 44.070312 ], [ 0.844847, 44.070513 ], [ 0.850168, 44.071296 ], [ 0.855615, 44.075976 ] ] ], [ [ [ 0.930157, 44.069665 ], [ 0.933178, 44.069321 ], [ 0.933851, 44.069118 ], [ 0.934509121164557, 44.068833345517056 ], [ 0.92907, 44.064527 ], [ 0.924183, 44.064892 ], [ 0.915766, 44.064209 ], [ 0.924551, 44.066023 ], [ 0.930157, 44.069665 ] ] ], [ [ [ 0.949106, 44.071528 ], [ 0.95094, 44.071893 ], [ 0.955595, 44.071397 ], [ 0.953445, 44.071119 ], [ 0.951987, 44.070942 ], [ 0.950321, 44.067767 ], [ 0.941863, 44.064993 ], [ 0.946905, 44.071314 ], [ 0.949106, 44.071528 ] ] ], [ [ [ 0.975048, 44.083286 ], [ 0.968882, 44.08745 ], [ 0.967952, 44.088064 ], [ 0.964693, 44.092168 ], [ 0.965835, 44.095582 ], [ 0.970923, 44.095673 ], [ 0.977284, 44.094129 ], [ 0.980589, 44.092702 ], [ 0.988829, 44.091107 ], [ 0.98602, 44.089557 ], [ 0.985453, 44.089263 ], [ 0.977374, 44.088956 ], [ 0.976464, 44.089937 ], [ 0.973632, 44.087715 ], [ 0.975991, 44.083507 ], [ 0.979401, 44.077317 ], [ 0.978231, 44.074351 ], [ 0.970786, 44.071471 ], [ 0.970118, 44.071094 ], [ 0.974729, 44.077734 ], [ 0.975048, 44.083286 ] ] ], [ [ [ 1.007954, 44.097457 ], [ 1.011103, 44.098789 ], [ 1.016919, 44.102983 ], [ 1.021367, 44.10447 ], [ 1.023344, 44.105271 ], [ 1.028473, 44.112225 ], [ 1.026329, 44.115988 ], [ 1.023643, 44.118386 ], [ 1.024087, 44.118883 ], [ 1.026096, 44.121179 ], [ 1.030909, 44.120024 ], [ 1.032484, 44.119908 ], [ 1.038835, 44.12563 ], [ 1.040099, 44.128635 ], [ 1.041774, 44.128352 ], [ 1.042742, 44.128361 ], [ 1.04555, 44.127679 ], [ 1.052055, 44.132749 ], [ 1.052434, 44.13398 ], [ 1.051496816246697, 44.135913657165709 ], [ 1.053308, 44.135395 ], [ 1.056906, 44.13527 ], [ 1.063811, 44.136241 ], [ 1.063976, 44.128043 ], [ 1.062777, 44.126801 ], [ 1.062273, 44.126065 ], [ 1.057987, 44.119845 ], [ 1.057164, 44.119156 ], [ 1.049188, 44.123185 ], [ 1.047386, 44.124722 ], [ 1.045599, 44.125306 ], [ 1.04398, 44.125252 ], [ 1.04288, 44.12537 ], [ 1.042164, 44.125231 ], [ 1.035289, 44.119692 ], [ 1.03484, 44.11612 ], [ 1.033303, 44.107501 ], [ 1.026245, 44.10194 ], [ 1.025936, 44.101861 ], [ 1.025559, 44.101724 ], [ 1.017935, 44.099282 ], [ 1.015052, 44.099479 ], [ 1.012573, 44.09802 ], [ 1.011698, 44.09703 ], [ 1.004166, 44.094316 ], [ 1.001801, 44.094444 ], [ 1.001421753763336, 44.094464525800532 ], [ 1.001422, 44.094465 ], [ 1.007954, 44.097457 ] ] ], [ [ [ 1.038007, 44.139144 ], [ 1.034614, 44.137941 ], [ 1.031516, 44.139364 ], [ 1.03097, 44.139527 ], [ 1.030118, 44.139757 ], [ 1.026207, 44.14633 ], [ 1.025712, 44.149896 ], [ 1.030033, 44.157586 ], [ 1.030228, 44.158111 ], [ 1.03109, 44.159751 ], [ 1.034649, 44.159211 ], [ 1.037359, 44.154667 ], [ 1.045399, 44.154476 ], [ 1.045582, 44.154125 ], [ 1.05351, 44.150665 ], [ 1.059567009076724, 44.1507585418262 ], [ 1.05761, 44.147265 ], [ 1.051391, 44.149031 ], [ 1.045404, 44.148401 ], [ 1.041256, 44.151118 ], [ 1.038693, 44.153278 ], [ 1.035958, 44.150937 ], [ 1.037957, 44.147359 ], [ 1.040933, 44.141098 ], [ 1.041990492807369, 44.140808448397991 ], [ 1.040447, 44.140618 ], [ 1.038007, 44.139144 ] ] ], [ [ [ 1.059897, 44.157492 ], [ 1.058381, 44.158411 ], [ 1.060247, 44.16149 ], [ 1.064884, 44.165939 ], [ 1.066331, 44.166599 ], [ 1.067646, 44.166878 ], [ 1.068434, 44.164326 ], [ 1.068393, 44.163356 ], [ 1.06747, 44.16173 ], [ 1.067344, 44.154227 ], [ 1.066767, 44.155193 ], [ 1.066446, 44.155459 ], [ 1.065091, 44.156453 ], [ 1.06187494835082, 44.154864408017104 ], [ 1.061746, 44.155142 ], [ 1.059897, 44.157492 ] ] ], [ [ [ 1.089571, 44.148337 ], [ 1.090217, 44.149723 ], [ 1.091215, 44.158128 ], [ 1.088606, 44.161154 ], [ 1.083533, 44.165644 ], [ 1.080123, 44.165279 ], [ 1.07974, 44.168859 ], [ 1.086873, 44.172828 ], [ 1.090317, 44.171782 ], [ 1.090236, 44.1701 ], [ 1.095724, 44.164544 ], [ 1.098683, 44.161221 ], [ 1.097228, 44.162235 ], [ 1.094506, 44.163475 ], [ 1.093128, 44.162777 ], [ 1.092037, 44.160856 ], [ 1.095298, 44.15479 ], [ 1.094657, 44.147088 ], [ 1.092234, 44.144425 ], [ 1.091486465080461, 44.13986231085579 ], [ 1.090446, 44.146018 ], [ 1.089571, 44.148337 ] ] ], [ [ [ 1.108316, 44.161565 ], [ 1.109076, 44.16231 ], [ 1.109319, 44.162565 ], [ 1.11105, 44.163979 ], [ 1.115553, 44.169158 ], [ 1.116959, 44.16941 ], [ 1.117144, 44.169409 ], [ 1.117231, 44.169392 ], [ 1.118824, 44.167656 ], [ 1.120039, 44.162836 ], [ 1.120719, 44.159301 ], [ 1.128111, 44.154345 ], [ 1.121697, 44.153039 ], [ 1.114776, 44.158379 ], [ 1.11252, 44.161185 ], [ 1.11054, 44.159806 ], [ 1.108521, 44.158211 ], [ 1.101258, 44.158914 ], [ 1.100087, 44.160048 ], [ 1.098683, 44.161221 ], [ 1.105938, 44.158863 ], [ 1.108316, 44.161565 ] ] ], [ [ [ 1.129272, 44.163556 ], [ 1.130997, 44.164419 ], [ 1.134779, 44.16308 ], [ 1.140391, 44.156059 ], [ 1.14077, 44.155805 ], [ 1.142104, 44.154997 ], [ 1.142295, 44.154887 ], [ 1.140488, 44.151773 ], [ 1.139917, 44.152047 ], [ 1.133526, 44.152103 ], [ 1.136693, 44.153312 ], [ 1.135409, 44.156675 ], [ 1.132243, 44.155466 ], [ 1.128739, 44.154594 ], [ 1.128111, 44.154345 ], [ 1.130213, 44.160081 ], [ 1.129272, 44.163556 ] ] ], [ [ [ 1.132997, 44.141437 ], [ 1.135783, 44.138049 ], [ 1.13916, 44.1368 ], [ 1.145816, 44.138409 ], [ 1.147369, 44.137342 ], [ 1.155649, 44.13808 ], [ 1.160532, 44.139998 ], [ 1.167094, 44.13878 ], [ 1.169435, 44.141782 ], [ 1.173952, 44.143093 ], [ 1.177224, 44.14159 ], [ 1.177243, 44.141419 ], [ 1.177269, 44.140963 ], [ 1.177477, 44.138929 ], [ 1.185037, 44.134148 ], [ 1.186148, 44.130724 ], [ 1.185102, 44.130384 ], [ 1.182977, 44.12223 ], [ 1.183353, 44.121771 ], [ 1.187868, 44.117801 ], [ 1.190411, 44.117343 ], [ 1.191037, 44.117292 ], [ 1.1919, 44.117249 ], [ 1.192365, 44.117147 ], [ 1.193627, 44.115058 ], [ 1.194251, 44.113204 ], [ 1.199421, 44.10796 ], [ 1.200396, 44.107098 ], [ 1.200961, 44.106673 ], [ 1.205400231413325, 44.105484895770118 ], [ 1.20406, 44.104183 ], [ 1.203559, 44.103906 ], [ 1.202968, 44.103326 ], [ 1.201256, 44.099915 ], [ 1.199974, 44.098812 ], [ 1.199129, 44.09785 ], [ 1.191559, 44.102529 ], [ 1.191823, 44.104083 ], [ 1.190334, 44.104558 ], [ 1.187056, 44.112699 ], [ 1.188117, 44.114127 ], [ 1.188173, 44.114501 ], [ 1.188264, 44.11502 ], [ 1.187838, 44.116213 ], [ 1.182333, 44.121299 ], [ 1.180152, 44.123043 ], [ 1.176537, 44.125294 ], [ 1.173282, 44.1298 ], [ 1.168884, 44.136177 ], [ 1.162364, 44.136564 ], [ 1.159903, 44.134721 ], [ 1.158066, 44.132932 ], [ 1.149569, 44.133242 ], [ 1.149035, 44.133536 ], [ 1.148852, 44.13358 ], [ 1.148795, 44.133584 ], [ 1.1457, 44.13184 ], [ 1.138881, 44.134027 ], [ 1.131755, 44.138305 ], [ 1.128189, 44.137813 ], [ 1.12419, 44.14414 ], [ 1.124279, 44.145044 ], [ 1.126171, 44.148613 ], [ 1.128505, 44.150251 ], [ 1.128840198885285, 44.150382756790037 ], [ 1.131182, 44.141838 ], [ 1.132997, 44.141437 ] ] ], [ [ [ 1.228269, 44.123898 ], [ 1.226268, 44.126111 ], [ 1.225884, 44.126483 ], [ 1.225567, 44.126775 ], [ 1.22625, 44.129392 ], [ 1.226442, 44.129495 ], [ 1.234376, 44.129354 ], [ 1.241821, 44.129363 ], [ 1.242018, 44.129353 ], [ 1.242054, 44.129338 ], [ 1.243166, 44.128538 ], [ 1.243813, 44.127686 ], [ 1.2465, 44.124773 ], [ 1.253517, 44.121099 ], [ 1.256771, 44.116438 ], [ 1.262064, 44.111301 ], [ 1.262734171804568, 44.110635174019421 ], [ 1.262052, 44.110531 ], [ 1.258756, 44.113434 ], [ 1.256728, 44.116408 ], [ 1.250880159389955, 44.120551308894257 ], [ 1.250534, 44.121654 ], [ 1.249513, 44.122342 ], [ 1.249468473493943, 44.122366965728844 ], [ 1.249458, 44.122383 ], [ 1.248976, 44.122732 ], [ 1.2485, 44.123045 ], [ 1.245606705639655, 44.124496336474103 ], [ 1.243426, 44.12569 ], [ 1.242787, 44.12602 ], [ 1.233852, 44.126064 ], [ 1.233298, 44.122506 ], [ 1.230602, 44.117224 ], [ 1.225433, 44.114531 ], [ 1.229083, 44.122153 ], [ 1.228269, 44.123898 ] ] ], [ [ [ 1.245574, 43.939716 ], [ 1.244146, 43.936411 ], [ 1.241922, 43.937373 ], [ 1.239697, 43.938334 ], [ 1.238913, 43.938733 ], [ 1.238555, 43.938932 ], [ 1.238031, 43.939295 ], [ 1.231308, 43.939766 ], [ 1.228387, 43.934351 ], [ 1.228736, 43.930768 ], [ 1.229057, 43.923469 ], [ 1.229974, 43.920801 ], [ 1.23109, 43.917378 ], [ 1.230847, 43.914583 ], [ 1.229552, 43.912597 ], [ 1.225197, 43.910033 ], [ 1.224712, 43.909985 ], [ 1.223195, 43.909885 ], [ 1.221019, 43.912534 ], [ 1.218397, 43.91535 ], [ 1.218359, 43.915419 ], [ 1.217219, 43.917708 ], [ 1.216492245031473, 43.919312065314166 ], [ 1.216637, 43.919214 ], [ 1.222974, 43.917074 ], [ 1.226482, 43.917885 ], [ 1.227221, 43.919517 ], [ 1.226911, 43.922234 ], [ 1.226634, 43.923069 ], [ 1.224453, 43.925971 ], [ 1.226635, 43.932459 ], [ 1.228245, 43.938832 ], [ 1.236053, 43.942922 ], [ 1.236596, 43.943055 ], [ 1.236965, 43.943251 ], [ 1.238049, 43.945123 ], [ 1.241038872470031, 43.949414750678763 ], [ 1.244155, 43.947223 ], [ 1.248507814609169, 43.94806493513908 ], [ 1.245574, 43.939716 ] ] ], [ [ [ 1.206617, 43.923567 ], [ 1.201961, 43.924871 ], [ 1.199964, 43.931696 ], [ 1.200041, 43.935295 ], [ 1.197177, 43.941971 ], [ 1.19234, 43.941854 ], [ 1.189773, 43.941858 ], [ 1.188518, 43.943004 ], [ 1.187879, 43.943955 ], [ 1.187633, 43.944551 ], [ 1.186045, 43.949221 ], [ 1.188107, 43.946709 ], [ 1.190964, 43.944518 ], [ 1.196282, 43.947388 ], [ 1.200389, 43.94492 ], [ 1.20135, 43.94145 ], [ 1.20416, 43.936007 ], [ 1.205286, 43.932588 ], [ 1.206831, 43.92917 ], [ 1.20828, 43.925875 ], [ 1.212476144593535, 43.92218655590176 ], [ 1.210212, 43.92376 ], [ 1.206617, 43.923567 ] ] ], [ [ [ 1.178183, 43.939507 ], [ 1.179304, 43.933872 ], [ 1.179791, 43.933213 ], [ 1.18006, 43.932718 ], [ 1.176896, 43.931 ], [ 1.168511, 43.931131 ], [ 1.166155, 43.930152 ], [ 1.165057, 43.929553 ], [ 1.164065, 43.930863 ], [ 1.163331, 43.932712 ], [ 1.156445, 43.938241 ], [ 1.153945, 43.938179 ], [ 1.153493, 43.938147 ], [ 1.152302, 43.937966 ], [ 1.151368131818358, 43.940609493418272 ], [ 1.156466, 43.940217 ], [ 1.158283, 43.940031 ], [ 1.165078, 43.936512 ], [ 1.16698, 43.936176 ], [ 1.167654, 43.936438 ], [ 1.172185, 43.938571 ], [ 1.174696, 43.94115 ], [ 1.176324, 43.949988 ], [ 1.180058, 43.950949 ], [ 1.180399530132127, 43.950850425744385 ], [ 1.175813, 43.945742 ], [ 1.178183, 43.939507 ] ] ], [ [ [ 1.123880346103795, 43.930117205595145 ], [ 1.123908, 43.930666 ], [ 1.126384, 43.934933 ], [ 1.132101, 43.939124 ], [ 1.134755, 43.939963 ], [ 1.129468, 43.934105 ], [ 1.123880346103795, 43.930117205595145 ] ] ], [ [ [ 1.125135, 43.917254 ], [ 1.124334, 43.916929 ], [ 1.124, 43.916802 ], [ 1.119117, 43.915366 ], [ 1.118115, 43.915362 ], [ 1.110248, 43.91101 ], [ 1.109529, 43.911241 ], [ 1.109123, 43.911404 ], [ 1.108732, 43.911599 ], [ 1.10802, 43.912004 ], [ 1.10762, 43.912294 ], [ 1.106888, 43.913073 ], [ 1.106553, 43.913526 ], [ 1.098386, 43.91357 ], [ 1.097276, 43.910946 ], [ 1.096989, 43.909904 ], [ 1.096893, 43.909754 ], [ 1.093848, 43.910128 ], [ 1.087924, 43.907458 ], [ 1.084716, 43.909092 ], [ 1.078672, 43.913478 ], [ 1.075489, 43.91419 ], [ 1.073976, 43.914316 ], [ 1.073562, 43.914454 ], [ 1.072971, 43.914737 ], [ 1.072308, 43.915115 ], [ 1.07206, 43.923604 ], [ 1.070653, 43.925348 ], [ 1.070614, 43.925414 ], [ 1.070151, 43.926656 ], [ 1.071032, 43.927208 ], [ 1.071021, 43.935891 ], [ 1.06995, 43.936579 ], [ 1.069825, 43.936653 ], [ 1.063073, 43.941013 ], [ 1.059588, 43.942035 ], [ 1.061791, 43.941776 ], [ 1.068319, 43.945849 ], [ 1.072338, 43.943536 ], [ 1.072628, 43.943263 ], [ 1.072988, 43.942982 ], [ 1.073686, 43.94253 ], [ 1.078116, 43.936485 ], [ 1.0784, 43.931129 ], [ 1.079581, 43.927728 ], [ 1.079808, 43.927156 ], [ 1.084316, 43.9228 ], [ 1.084912, 43.918155 ], [ 1.087979, 43.91627 ], [ 1.092756, 43.916558 ], [ 1.096025, 43.918403 ], [ 1.098631, 43.920292 ], [ 1.105288, 43.919569 ], [ 1.106497, 43.919149 ], [ 1.107057, 43.919865 ], [ 1.10742, 43.920667 ], [ 1.107421, 43.921621 ], [ 1.108399, 43.926254 ], [ 1.11495, 43.926791 ], [ 1.119715, 43.921868 ], [ 1.120043, 43.92085 ], [ 1.123469, 43.921954 ], [ 1.12348768915419, 43.922324888180647 ], [ 1.124115, 43.920706 ], [ 1.125135, 43.917254 ] ] ], [ [ [ 1.055052, 43.943443 ], [ 1.056867, 43.942848 ], [ 1.052909009130298, 43.942968448412884 ], [ 1.055052, 43.943443 ] ] ], [ [ [ 1.047201, 43.934538 ], [ 1.045806, 43.934423 ], [ 1.040678, 43.933327 ], [ 1.03772, 43.935379 ], [ 1.033814, 43.939257 ], [ 1.034763, 43.940887 ], [ 1.035621, 43.94237 ], [ 1.034372, 43.95061 ], [ 1.032055, 43.953365 ], [ 1.03397, 43.956266 ], [ 1.034378, 43.956911 ], [ 1.035348, 43.957468 ], [ 1.033526, 43.966189 ], [ 1.034202, 43.966052 ], [ 1.036421, 43.957464 ], [ 1.03552, 43.953978 ], [ 1.036223, 43.953796 ], [ 1.036751, 43.953679 ], [ 1.04346, 43.948815 ], [ 1.041769, 43.941398 ], [ 1.044503, 43.939057 ], [ 1.045511, 43.940233 ], [ 1.04611, 43.941002 ], [ 1.04649, 43.941547 ], [ 1.052514994912429, 43.942881196490781 ], [ 1.046906, 43.938126 ], [ 1.047201, 43.934538 ] ] ], [ [ [ 1.024916, 43.962625 ], [ 1.019391, 43.962259 ], [ 1.017052, 43.961069 ], [ 1.010173, 43.96362 ], [ 1.003279, 43.969081 ], [ 0.994801, 43.966947 ], [ 0.994281, 43.966309 ], [ 0.99288, 43.964814 ], [ 0.99255, 43.964415 ], [ 0.991242, 43.963055 ], [ 0.990674, 43.962558 ], [ 0.98993, 43.962585 ], [ 0.98962, 43.962662 ], [ 0.988301, 43.965265 ], [ 0.986465, 43.970406 ], [ 0.978819, 43.972658 ], [ 0.974598, 43.968023 ], [ 0.970999, 43.968081 ], [ 0.967389, 43.968575 ], [ 0.960877, 43.971168 ], [ 0.953573, 43.968638 ], [ 0.952889, 43.96839 ], [ 0.945822, 43.966806 ], [ 0.937706, 43.964823 ], [ 0.936211, 43.968098 ], [ 0.938701, 43.969468 ], [ 0.942666, 43.971973 ], [ 0.948389, 43.975312 ], [ 0.948176, 43.983852 ], [ 0.944795, 43.985088 ], [ 0.943641, 43.988492 ], [ 0.943786, 43.992089 ], [ 0.945389, 43.992391 ], [ 0.945974, 43.992444 ], [ 0.946765, 43.992324 ], [ 0.94956, 43.992974 ], [ 0.950304, 44.000663 ], [ 0.949444, 44.006661 ], [ 0.946542, 44.00982 ], [ 0.940949, 44.012293 ], [ 0.935261, 44.013825 ], [ 0.932629893730105, 44.016121396954574 ], [ 0.936872, 44.015443 ], [ 0.945744, 44.015138 ], [ 0.949055, 44.013912 ], [ 0.954416, 44.008294 ], [ 0.952691, 44.004318 ], [ 0.952378, 44.003912 ], [ 0.952146, 44.003365 ], [ 0.952164, 44.002208 ], [ 0.952546, 44.001056 ], [ 0.952691, 44.000716 ], [ 0.953269, 43.999227 ], [ 0.953377, 43.998783 ], [ 0.950588, 43.990916 ], [ 0.948147, 43.990158 ], [ 0.947922, 43.989987 ], [ 0.947749, 43.987625 ], [ 0.948881, 43.984842 ], [ 0.949485, 43.983732 ], [ 0.950005, 43.9831 ], [ 0.948799, 43.974516 ], [ 0.946765, 43.972914 ], [ 0.947162, 43.971199 ], [ 0.948258, 43.969638 ], [ 0.950434, 43.970506 ], [ 0.953824, 43.971676 ], [ 0.959098, 43.973462 ], [ 0.95995, 43.973758 ], [ 0.960306, 43.973907 ], [ 0.969134, 43.974634 ], [ 0.970961, 43.973606 ], [ 0.972247, 43.973159 ], [ 0.973935, 43.973287 ], [ 0.979812, 43.974987 ], [ 0.981864, 43.975604 ], [ 0.982338, 43.975681 ], [ 0.982944, 43.975751 ], [ 0.983635, 43.975792 ], [ 0.984204, 43.975894 ], [ 0.991747, 43.971866 ], [ 0.991893, 43.9711 ], [ 0.995225, 43.969737 ], [ 1.003173, 43.972439 ], [ 1.00424, 43.972786 ], [ 1.006303, 43.974218 ], [ 1.006799, 43.975081 ], [ 1.008656, 43.976941 ], [ 1.014717, 43.977946 ], [ 1.015937, 43.971454 ], [ 1.014871, 43.970357 ], [ 1.014458, 43.969846 ], [ 1.013582, 43.968791 ], [ 1.013534, 43.96874 ], [ 1.01412, 43.967037 ], [ 1.015248, 43.966464 ], [ 1.016151, 43.966269 ], [ 1.0162, 43.96632 ], [ 1.022891, 43.96841 ], [ 1.025416, 43.967143 ], [ 1.027594, 43.964489 ], [ 1.028293, 43.964704 ], [ 1.029164, 43.965042 ], [ 1.027184, 43.963906 ], [ 1.024916, 43.962625 ] ] ], [ [ [ 0.927839, 44.01625 ], [ 0.929387, 44.01664 ], [ 0.932250646630087, 44.016182046090016 ], [ 0.927485932723721, 44.016023081794394 ], [ 0.927839, 44.01625 ] ] ], [ [ [ 0.919395, 44.004334 ], [ 0.919253, 44.003541 ], [ 0.919081, 44.003133 ], [ 0.913444, 43.998272 ], [ 0.910328, 44.000075 ], [ 0.910037, 44.003852 ], [ 0.90711, 44.011564 ], [ 0.909655, 44.014109 ], [ 0.912538, 44.01394 ], [ 0.918576, 44.019482 ], [ 0.918362, 44.018564 ], [ 0.915694, 44.013247 ], [ 0.913815, 44.010317 ], [ 0.913533, 44.009789 ], [ 0.913257, 44.008935 ], [ 0.913146, 44.00818 ], [ 0.913123, 44.007965 ], [ 0.913749, 44.006297 ], [ 0.914752, 44.006194 ], [ 0.916701, 44.007574 ], [ 0.919658, 44.010739 ], [ 0.920313, 44.011413 ], [ 0.919252, 44.005072 ], [ 0.919395, 44.004334 ] ] ], [ [ [ 0.906822, 44.030224 ], [ 0.902834857748357, 44.034860999053272 ], [ 0.909251, 44.032819 ], [ 0.91348805728313, 44.031133537301656 ], [ 0.910402, 44.029842 ], [ 0.906822, 44.030224 ] ] ], [ [ [ 0.897419, 44.029505 ], [ 0.896723, 44.028946 ], [ 0.890805, 44.024071 ], [ 0.890583, 44.023722 ], [ 0.890429, 44.023522 ], [ 0.887571, 44.02571 ], [ 0.887802, 44.029687 ], [ 0.887135, 44.037763 ], [ 0.885629, 44.039628 ], [ 0.885631, 44.039665 ], [ 0.885701, 44.041197 ], [ 0.885793, 44.04135 ], [ 0.885855, 44.041432 ], [ 0.887751, 44.041657 ], [ 0.894847, 44.047 ], [ 0.891754, 44.052923 ], [ 0.885775, 44.054285 ], [ 0.886741, 44.054493 ], [ 0.887804, 44.054772 ], [ 0.889341, 44.055226 ], [ 0.891213, 44.055854 ], [ 0.89308, 44.056479 ], [ 0.895699, 44.05735 ], [ 0.902101, 44.054338 ], [ 0.902348, 44.054313 ], [ 0.903965, 44.055005 ], [ 0.904059, 44.055157 ], [ 0.912478, 44.055728 ], [ 0.910841, 44.047975 ], [ 0.908553, 44.046465 ], [ 0.908116, 44.046315 ], [ 0.907182, 44.045861 ], [ 0.900289, 44.04535 ], [ 0.900186, 44.045397 ], [ 0.897685, 44.043354 ], [ 0.893195, 44.040454 ], [ 0.893137, 44.04043 ], [ 0.892775, 44.040093 ], [ 0.892281, 44.039501 ], [ 0.89226, 44.039445 ], [ 0.891262, 44.035844 ], [ 0.891048, 44.035225 ], [ 0.890988, 44.034778 ], [ 0.890981, 44.034454 ], [ 0.893454, 44.033814 ], [ 0.893577, 44.033848 ], [ 0.902241, 44.03505 ], [ 0.902607667436442, 44.034933304557676 ], [ 0.897806, 44.030428 ], [ 0.897419, 44.029505 ] ] ], [ [ [ 0.87632, 44.047074 ], [ 0.875514, 44.045921 ], [ 0.875212, 44.045354 ], [ 0.872035, 44.047047 ], [ 0.869356, 44.049002 ], [ 0.863571, 44.04881 ], [ 0.871702, 44.052063 ], [ 0.877052, 44.053596 ], [ 0.877464, 44.053651 ], [ 0.880942, 44.053887 ], [ 0.882265, 44.053894 ], [ 0.876905, 44.049442 ], [ 0.87632, 44.047074 ] ] ], [ [ [ 0.861802, 44.038498 ], [ 0.861596, 44.037711 ], [ 0.861112, 44.033613 ], [ 0.859251, 44.031122 ], [ 0.858469, 44.031287 ], [ 0.858299, 44.031364 ], [ 0.850778, 44.030131 ], [ 0.849311, 44.027635 ], [ 0.84881, 44.027087 ], [ 0.847791, 44.026223 ], [ 0.845462, 44.028969 ], [ 0.846649, 44.030971 ], [ 0.845618, 44.039537 ], [ 0.845591, 44.039594 ], [ 0.846647, 44.042004 ], [ 0.845505, 44.050899 ], [ 0.845545, 44.051248 ], [ 0.846333, 44.058613 ], [ 0.846603, 44.059829 ], [ 0.84664, 44.059998 ], [ 0.844392, 44.066942 ], [ 0.845483, 44.066761 ], [ 0.847019, 44.066469 ], [ 0.850953, 44.058413 ], [ 0.850719, 44.056133 ], [ 0.853791, 44.054726 ], [ 0.855356, 44.046005 ], [ 0.853956, 44.044837 ], [ 0.853806, 44.044726 ], [ 0.853498, 44.044507 ], [ 0.852415, 44.043786 ], [ 0.852355, 44.037685 ], [ 0.855572, 44.03607 ], [ 0.857089, 44.038636 ], [ 0.861133, 44.045112 ], [ 0.86148, 44.039627 ], [ 0.861802, 44.038498 ] ] ], [ [ [ 0.773305, 44.103171 ], [ 0.775041, 44.102337 ], [ 0.776759, 44.101384 ], [ 0.778524, 44.100268 ], [ 0.780122, 44.099155 ], [ 0.786371, 44.095342 ], [ 0.788199, 44.094389 ], [ 0.789691, 44.093526 ], [ 0.789791162410909, 44.093459255084078 ], [ 0.789724788043043, 44.093360107750748 ], [ 0.789719, 44.093364 ], [ 0.788242, 44.094231 ], [ 0.786082, 44.09538 ], [ 0.783986, 44.096493 ], [ 0.781462, 44.098056 ], [ 0.780007, 44.099076 ], [ 0.778517, 44.100119 ], [ 0.776768, 44.101235 ], [ 0.775032, 44.102204 ], [ 0.773317, 44.10303 ], [ 0.77145, 44.103797 ], [ 0.769910874736856, 44.104342290093243 ], [ 0.769948, 44.104447 ], [ 0.771416, 44.103927 ], [ 0.773305, 44.103171 ] ] ] ] } }
]
}
